benchmark_id,timestamp,device,run_name,run_dir,experiment_name,model_label,training_label,model_type,seq_len,num_ports,execution_mode,requested_precision_profile,effective_execution_dtype,batch_size,num_threads,status,skip_reason,graph_prep_time_ms,warmup_iters,measure_iters,mean_latency_ms,std_latency_ms,min_latency_ms,p50_latency_ms,p90_latency_ms,p95_latency_ms,p99_latency_ms,max_latency_ms,throughput_samples_per_sec,samples_per_ms,p50_latency_us,latency_per_sample_us,throughput_per_thread,trainable_parameters,macs_per_sample,flops_per_sample_estimate,thread_group,threads_per_physical_core_ratio,threads_per_logical_cpu_ratio,cpu_model_name,cpu_capability,cpu_flag_summary,mkldnn_available,mkldnn_enabled,onednn_version,logical_cpu_count,physical_cpu_count,hostname,python_version,pytorch_version
20260424_010536,2026-04-24T06:14:17.326734,cpu,full_mlp_capacity_search_hd32_depth5,/home/liangyi/SRS_AI/Model_AIIC_refactor/experiments_refactored/20260422_050408_full_mlp_capacity_search_v2/full_mlp_capacity_search_hd32_depth5,full_mlp_capacity_search_v2,full_mlp_capacity_search_hd32_depth5,supervised_nmse_plateau,full_mlp,12,6,eager,fp32,float32,1,1,ok,,0.0,20,50,0.04866782,0.003058490082965776,0.045175,0.046709,0.0524232,0.0528496,0.054955989999999996,0.056646,20547.458258865918,20.547458258865916,46.709,46.709,20547.458258865918,7664,7424,15160,single-thread,0.0078125,0.00390625,Intel(R) Xeon(R) 6760P,AVX512,"avx2,avx512f,avx512bw,avx512vl,avx512_vnni,avx512_bf16,amx_bf16,amx_int8,amx_tile,fma",True,True,,256,128,sh14l07002s1404,3.11.9,2.1.2+cu121
20260424_010536,2026-04-24T06:14:17.326734,cpu,full_mlp_capacity_search_hd32_depth5,/home/liangyi/SRS_AI/Model_AIIC_refactor/experiments_refactored/20260422_050408_full_mlp_capacity_search_v2/full_mlp_capacity_search_hd32_depth5,full_mlp_capacity_search_v2,full_mlp_capacity_search_hd32_depth5,supervised_nmse_plateau,full_mlp,12,6,eager,fp32,float32,1,2,ok,,0.0,20,50,0.049631800000000004,0.0038268949868006568,0.045739,0.0477495,0.053547,0.05675305,0.061131189999999995,0.062586,20148.37261594381,20.14837261594381,47.7495,47.7495,10074.186307971904,7664,7424,15160,sub-physical,0.015625,0.0078125,Intel(R) Xeon(R) 6760P,AVX512,"avx2,avx512f,avx512bw,avx512vl,avx512_vnni,avx512_bf16,amx_bf16,amx_int8,amx_tile,fma",True,True,,256,128,sh14l07002s1404,3.11.9,2.1.2+cu121
20260424_010536,2026-04-24T06:14:17.326734,cpu,full_mlp_capacity_search_hd32_depth5,/home/liangyi/SRS_AI/Model_AIIC_refactor/experiments_refactored/20260422_050408_full_mlp_capacity_search_v2/full_mlp_capacity_search_hd32_depth5,full_mlp_capacity_search_v2,full_mlp_capacity_search_hd32_depth5,supervised_nmse_plateau,full_mlp,12,6,eager,fp32,float32,1,4,ok,,0.0,20,50,0.04942908,0.0036037218363242193,0.044836,0.048215,0.0544629,0.055655949999999996,0.056556,0.057095,20231.005715663734,20.231005715663734,48.215,48.215,5057.7514289159335,7664,7424,15160,sub-physical,0.03125,0.015625,Intel(R) Xeon(R) 6760P,AVX512,"avx2,avx512f,avx512bw,avx512vl,avx512_vnni,avx512_bf16,amx_bf16,amx_int8,amx_tile,fma",True,True,,256,128,sh14l07002s1404,3.11.9,2.1.2+cu121
20260424_010536,2026-04-24T06:14:17.326734,cpu,full_mlp_capacity_search_hd32_depth5,/home/liangyi/SRS_AI/Model_AIIC_refactor/experiments_refactored/20260422_050408_full_mlp_capacity_search_v2/full_mlp_capacity_search_hd32_depth5,full_mlp_capacity_search_v2,full_mlp_capacity_search_hd32_depth5,supervised_nmse_plateau,full_mlp,12,6,eager,fp32,float32,1,8,ok,,0.0,20,50,0.04700316,0.0018398856199231517,0.045234,0.046586,0.0483346,0.05007179999999999,0.054617769999999996,0.054925,21275.165329309773,21.275165329309772,46.586000000000006,46.586000000000006,2659.3956661637217,7664,7424,15160,sub-physical,0.0625,0.03125,Intel(R) Xeon(R) 6760P,AVX512,"avx2,avx512f,avx512bw,avx512vl,avx512_vnni,avx512_bf16,amx_bf16,amx_int8,amx_tile,fma",True,True,,256,128,sh14l07002s1404,3.11.9,2.1.2+cu121
20260424_010536,2026-04-24T06:14:17.326734,cpu,full_mlp_capacity_search_hd32_depth5,/home/liangyi/SRS_AI/Model_AIIC_refactor/experiments_refactored/20260422_050408_full_mlp_capacity_search_v2/full_mlp_capacity_search_hd32_depth5,full_mlp_capacity_search_v2,full_mlp_capacity_search_hd32_depth5,supervised_nmse_plateau,full_mlp,12,6,eager,fp32,float32,1,128,ok,,0.0,20,50,0.04683704,0.002104074418455773,0.045549,0.046213000000000004,0.047605800000000004,0.04896805,0.05640330999999999,0.058207,21350.623352799408,21.35062335279941,46.213,46.213,166.80174494374538,7664,7424,15160,all-physical,1.0,0.5,Intel(R) Xeon(R) 6760P,AVX512,"avx2,avx512f,avx512bw,avx512vl,avx512_vnni,avx512_bf16,amx_bf16,amx_int8,amx_tile,fma",True,True,,256,128,sh14l07002s1404,3.11.9,2.1.2+cu121
20260424_010536,2026-04-24T06:14:17.326734,cpu,full_mlp_capacity_search_hd32_depth5,/home/liangyi/SRS_AI/Model_AIIC_refactor/experiments_refactored/20260422_050408_full_mlp_capacity_search_v2/full_mlp_capacity_search_hd32_depth5,full_mlp_capacity_search_v2,full_mlp_capacity_search_hd32_depth5,supervised_nmse_plateau,full_mlp,12,6,eager,fp32,float32,2,1,ok,,0.0,20,50,0.05308878,0.0064732658876026404,0.048411,0.050048999999999996,0.0585004,0.05899325,0.07601990999999994,0.090642,37672.74365694597,37.67274365694597,50.049,25.0245,37672.74365694597,7664,7424,15160,single-thread,0.0078125,0.00390625,Intel(R) Xeon(R) 6760P,AVX512,"avx2,avx512f,avx512bw,avx512vl,avx512_vnni,avx512_bf16,amx_bf16,amx_int8,amx_tile,fma",True,True,,256,128,sh14l07002s1404,3.11.9,2.1.2+cu121
20260424_010536,2026-04-24T06:14:17.326734,cpu,full_mlp_capacity_search_hd32_depth5,/home/liangyi/SRS_AI/Model_AIIC_refactor/experiments_refactored/20260422_050408_full_mlp_capacity_search_v2/full_mlp_capacity_search_hd32_depth5,full_mlp_capacity_search_v2,full_mlp_capacity_search_hd32_depth5,supervised_nmse_plateau,full_mlp,12,6,eager,fp32,float32,2,2,ok,,0.0,20,50,0.05255822,0.0033590866692599646,0.048954,0.050572,0.057182000000000004,0.0574712,0.05901298,0.059061,38053.03908694016,38.05303908694016,50.571999999999996,25.285999999999998,19026.51954347008,7664,7424,15160,sub-physical,0.015625,0.0078125,Intel(R) Xeon(R) 6760P,AVX512,"avx2,avx512f,avx512bw,avx512vl,avx512_vnni,avx512_bf16,amx_bf16,amx_int8,amx_tile,fma",True,True,,256,128,sh14l07002s1404,3.11.9,2.1.2+cu121
20260424_010536,2026-04-24T06:14:17.326734,cpu,full_mlp_capacity_search_hd32_depth5,/home/liangyi/SRS_AI/Model_AIIC_refactor/experiments_refactored/20260422_050408_full_mlp_capacity_search_v2/full_mlp_capacity_search_hd32_depth5,full_mlp_capacity_search_v2,full_mlp_capacity_search_hd32_depth5,supervised_nmse_plateau,full_mlp,12,6,eager,fp32,float32,2,4,ok,,0.0,20,50,0.05158328,0.003178286324672464,0.048401,0.049483,0.0555593,0.0561625,0.05978003999999999,0.061448,38772.253334801506,38.772253334801505,49.483,24.7415,9693.063333700376,7664,7424,15160,sub-physical,0.03125,0.015625,Intel(R) Xeon(R) 6760P,AVX512,"avx2,avx512f,avx512bw,avx512vl,avx512_vnni,avx512_bf16,amx_bf16,amx_int8,amx_tile,fma",True,True,,256,128,sh14l07002s1404,3.11.9,2.1.2+cu121
20260424_010536,2026-04-24T06:14:17.326734,cpu,full_mlp_capacity_search_hd32_depth5,/home/liangyi/SRS_AI/Model_AIIC_refactor/experiments_refactored/20260422_050408_full_mlp_capacity_search_v2/full_mlp_capacity_search_hd32_depth5,full_mlp_capacity_search_v2,full_mlp_capacity_search_hd32_depth5,supervised_nmse_plateau,full_mlp,12,6,eager,fp32,float32,2,8,ok,,0.0,20,50,0.05242518,0.0033341188682469015,0.048545,0.050654000000000005,0.0559747,0.0578094,0.05992008,0.060365,38149.60673477897,38.14960673477897,50.654,25.327,4768.7008418473715,7664,7424,15160,sub-physical,0.0625,0.03125,Intel(R) Xeon(R) 6760P,AVX512,"avx2,avx512f,avx512bw,avx512vl,avx512_vnni,avx512_bf16,amx_bf16,amx_int8,amx_tile,fma",True,True,,256,128,sh14l07002s1404,3.11.9,2.1.2+cu121
20260424_010536,2026-04-24T06:14:17.326734,cpu,full_mlp_capacity_search_hd32_depth5,/home/liangyi/SRS_AI/Model_AIIC_refactor/experiments_refactored/20260422_050408_full_mlp_capacity_search_v2/full_mlp_capacity_search_hd32_depth5,full_mlp_capacity_search_v2,full_mlp_capacity_search_hd32_depth5,supervised_nmse_plateau,full_mlp,12,6,eager,fp32,float32,2,128,ok,,0.0,20,50,0.0497774,0.00221656668746961,0.047843,0.049034499999999995,0.051614,0.054027849999999995,0.05865453999999999,0.060494,40178.876357543784,40.178876357543786,49.034499999999994,24.517249999999997,313.8974715433108,7664,7424,15160,all-physical,1.0,0.5,Intel(R) Xeon(R) 6760P,AVX512,"avx2,avx512f,avx512bw,avx512vl,avx512_vnni,avx512_bf16,amx_bf16,amx_int8,amx_tile,fma",True,True,,256,128,sh14l07002s1404,3.11.9,2.1.2+cu121
20260424_010536,2026-04-24T06:14:17.326734,cpu,full_mlp_capacity_search_hd32_depth5,/home/liangyi/SRS_AI/Model_AIIC_refactor/experiments_refactored/20260422_050408_full_mlp_capacity_search_v2/full_mlp_capacity_search_hd32_depth5,full_mlp_capacity_search_v2,full_mlp_capacity_search_hd32_depth5,supervised_nmse_plateau,full_mlp,12,6,eager,fp32,float32,4,1,ok,,0.0,20,50,0.05317708,0.006290064692322329,0.048335,0.0506705,0.0580595,0.05879625,0.07469082999999993,0.089848,75220.37689922049,75.22037689922048,50.6705,12.667625,75220.37689922049,7664,7424,15160,single-thread,0.0078125,0.00390625,Intel(R) Xeon(R) 6760P,AVX512,"avx2,avx512f,avx512bw,avx512vl,avx512_vnni,avx512_bf16,amx_bf16,amx_int8,amx_tile,fma",True,True,,256,128,sh14l07002s1404,3.11.9,2.1.2+cu121
20260424_010536,2026-04-24T06:14:17.326734,cpu,full_mlp_capacity_search_hd32_depth5,/home/liangyi/SRS_AI/Model_AIIC_refactor/experiments_refactored/20260422_050408_full_mlp_capacity_search_v2/full_mlp_capacity_search_hd32_depth5,full_mlp_capacity_search_v2,full_mlp_capacity_search_hd32_depth5,supervised_nmse_plateau,full_mlp,12,6,eager,fp32,float32,4,2,ok,,0.0,20,50,0.05263524,0.003347734741941183,0.048971,0.050708500000000004,0.0568961,0.05856155,0.06061000999999999,0.062399,75994.71380770754,75.99471380770754,50.7085,12.677125,37997.35690385377,7664,7424,15160,sub-physical,0.015625,0.0078125,Intel(R) Xeon(R) 6760P,AVX512,"avx2,avx512f,avx512bw,avx512vl,avx512_vnni,avx512_bf16,amx_bf16,amx_int8,amx_tile,fma",True,True,,256,128,sh14l07002s1404,3.11.9,2.1.2+cu121
20260424_010536,2026-04-24T06:14:17.326734,cpu,full_mlp_capacity_search_hd32_depth5,/home/liangyi/SRS_AI/Model_AIIC_refactor/experiments_refactored/20260422_050408_full_mlp_capacity_search_v2/full_mlp_capacity_search_hd32_depth5,full_mlp_capacity_search_v2,full_mlp_capacity_search_hd32_depth5,supervised_nmse_plateau,full_mlp,12,6,eager,fp32,float32,4,4,ok,,0.0,20,50,0.05086266,0.003034170572726589,0.047804,0.049045,0.0550649,0.05654869999999999,0.058074179999999996,0.058181,78643.15393650274,78.64315393650274,49.045,12.26125,19660.788484125685,7664,7424,15160,sub-physical,0.03125,0.015625,Intel(R) Xeon(R) 6760P,AVX512,"avx2,avx512f,avx512bw,avx512vl,avx512_vnni,avx512_bf16,amx_bf16,amx_int8,amx_tile,fma",True,True,,256,128,sh14l07002s1404,3.11.9,2.1.2+cu121
20260424_010536,2026-04-24T06:14:17.326734,cpu,full_mlp_capacity_search_hd32_depth5,/home/liangyi/SRS_AI/Model_AIIC_refactor/experiments_refactored/20260422_050408_full_mlp_capacity_search_v2/full_mlp_capacity_search_hd32_depth5,full_mlp_capacity_search_v2,full_mlp_capacity_search_hd32_depth5,supervised_nmse_plateau,full_mlp,12,6,eager,fp32,float32,4,8,ok,,0.0,20,50,0.05248064,0.003368395022915216,0.048798,0.050581,0.0570945,0.05851184999999999,0.06013684,0.060276,76218.58270021097,76.21858270021097,50.581,12.64525,9527.322837526372,7664,7424,15160,sub-physical,0.0625,0.03125,Intel(R) Xeon(R) 6760P,AVX512,"avx2,avx512f,avx512bw,avx512vl,avx512_vnni,avx512_bf16,amx_bf16,amx_int8,amx_tile,fma",True,True,,256,128,sh14l07002s1404,3.11.9,2.1.2+cu121
20260424_010536,2026-04-24T06:14:17.326734,cpu,full_mlp_capacity_search_hd32_depth5,/home/liangyi/SRS_AI/Model_AIIC_refactor/experiments_refactored/20260422_050408_full_mlp_capacity_search_v2/full_mlp_capacity_search_hd32_depth5,full_mlp_capacity_search_v2,full_mlp_capacity_search_hd32_depth5,supervised_nmse_plateau,full_mlp,12,6,eager,fp32,float32,4,128,ok,,0.0,20,50,0.05061296,0.002401139654080953,0.048584,0.049973500000000004,0.0526771,0.0532268,0.06126384,0.06155,79031.14143096947,79.03114143096947,49.9735,12.493375,617.430792429449,7664,7424,15160,all-physical,1.0,0.5,Intel(R) Xeon(R) 6760P,AVX512,"avx2,avx512f,avx512bw,avx512vl,avx512_vnni,avx512_bf16,amx_bf16,amx_int8,amx_tile,fma",True,True,,256,128,sh14l07002s1404,3.11.9,2.1.2+cu121
20260424_010536,2026-04-24T06:14:17.326734,cpu,full_mlp_capacity_search_hd32_depth5,/home/liangyi/SRS_AI/Model_AIIC_refactor/experiments_refactored/20260422_050408_full_mlp_capacity_search_v2/full_mlp_capacity_search_hd32_depth5,full_mlp_capacity_search_v2,full_mlp_capacity_search_hd32_depth5,supervised_nmse_plateau,full_mlp,12,6,eager,fp32,float32,8,1,ok,,0.0,20,50,0.05270558,0.0033159180393369197,0.048884,0.050611500000000004,0.0570378,0.0573529,0.05935218,0.06039,151786.58502572213,151.78658502572213,50.61150000000001,6.326437500000001,151786.58502572213,7664,7424,15160,single-thread,0.0078125,0.00390625,Intel(R) Xeon(R) 6760P,AVX512,"avx2,avx512f,avx512bw,avx512vl,avx512_vnni,avx512_bf16,amx_bf16,amx_int8,amx_tile,fma",True,True,,256,128,sh14l07002s1404,3.11.9,2.1.2+cu121
20260424_010536,2026-04-24T06:14:17.326734,cpu,full_mlp_capacity_search_hd32_depth5,/home/liangyi/SRS_AI/Model_AIIC_refactor/experiments_refactored/20260422_050408_full_mlp_capacity_search_v2/full_mlp_capacity_search_hd32_depth5,full_mlp_capacity_search_v2,full_mlp_capacity_search_hd32_depth5,supervised_nmse_plateau,full_mlp,12,6,eager,fp32,float32,8,2,ok,,0.0,20,50,0.0525076,0.0031042300430219405,0.049292,0.050767,0.0569631,0.057632499999999996,0.05986361,0.060898,152358.8966168707,152.3588966168707,50.767,6.345875,76179.44830843536,7664,7424,15160,sub-physical,0.015625,0.0078125,Intel(R) Xeon(R) 6760P,AVX512,"avx2,avx512f,avx512bw,avx512vl,avx512_vnni,avx512_bf16,amx_bf16,amx_int8,amx_tile,fma",True,True,,256,128,sh14l07002s1404,3.11.9,2.1.2+cu121
20260424_010536,2026-04-24T06:14:17.326734,cpu,full_mlp_capacity_search_hd32_depth5,/home/liangyi/SRS_AI/Model_AIIC_refactor/experiments_refactored/20260422_050408_full_mlp_capacity_search_v2/full_mlp_capacity_search_hd32_depth5,full_mlp_capacity_search_v2,full_mlp_capacity_search_hd32_depth5,supervised_nmse_plateau,full_mlp,12,6,eager,fp32,float32,8,4,ok,,0.0,20,50,0.05309478,0.0035098148115819444,0.04943,0.0513175,0.0577628,0.0591239,0.062624,0.064584,150673.94572498463,150.67394572498463,51.3175,6.4146875,37668.48643124616,7664,7424,15160,sub-physical,0.03125,0.015625,Intel(R) Xeon(R) 6760P,AVX512,"avx2,avx512f,avx512bw,avx512vl,avx512_vnni,avx512_bf16,amx_bf16,amx_int8,amx_tile,fma",True,True,,256,128,sh14l07002s1404,3.11.9,2.1.2+cu121
20260424_010536,2026-04-24T06:14:17.326734,cpu,full_mlp_capacity_search_hd32_depth5,/home/liangyi/SRS_AI/Model_AIIC_refactor/experiments_refactored/20260422_050408_full_mlp_capacity_search_v2/full_mlp_capacity_search_hd32_depth5,full_mlp_capacity_search_v2,full_mlp_capacity_search_hd32_depth5,supervised_nmse_plateau,full_mlp,12,6,eager,fp32,float32,8,8,ok,,0.0,20,50,0.05144596,0.002375400740590943,0.049208,0.050753,0.0530533,0.0542097,0.061740939999999994,0.06311,155502.97827079133,155.50297827079132,50.753,6.344125,19437.872283848916,7664,7424,15160,sub-physical,0.0625,0.03125,Intel(R) Xeon(R) 6760P,AVX512,"avx2,avx512f,avx512bw,avx512vl,avx512_vnni,avx512_bf16,amx_bf16,amx_int8,amx_tile,fma",True,True,,256,128,sh14l07002s1404,3.11.9,2.1.2+cu121
20260424_010536,2026-04-24T06:14:17.326734,cpu,full_mlp_capacity_search_hd32_depth5,/home/liangyi/SRS_AI/Model_AIIC_refactor/experiments_refactored/20260422_050408_full_mlp_capacity_search_v2/full_mlp_capacity_search_hd32_depth5,full_mlp_capacity_search_v2,full_mlp_capacity_search_hd32_depth5,supervised_nmse_plateau,full_mlp,12,6,eager,fp32,float32,8,128,ok,,0.0,20,50,0.05049766,0.00212845831164249,0.0487,0.049836000000000005,0.0517041,0.05400749999999999,0.05928872999999999,0.061946,158423.1823811242,158.4231823811242,49.836000000000006,6.229500000000001,1237.6811123525329,7664,7424,15160,all-physical,1.0,0.5,Intel(R) Xeon(R) 6760P,AVX512,"avx2,avx512f,avx512bw,avx512vl,avx512_vnni,avx512_bf16,amx_bf16,amx_int8,amx_tile,fma",True,True,,256,128,sh14l07002s1404,3.11.9,2.1.2+cu121
20260424_010536,2026-04-24T06:14:17.326734,cpu,full_mlp_capacity_search_hd32_depth5,/home/liangyi/SRS_AI/Model_AIIC_refactor/experiments_refactored/20260422_050408_full_mlp_capacity_search_v2/full_mlp_capacity_search_hd32_depth5,full_mlp_capacity_search_v2,full_mlp_capacity_search_hd32_depth5,supervised_nmse_plateau,full_mlp,12,6,eager,fp32,float32,16,1,ok,,0.0,20,50,0.0551084,0.0032151047074706605,0.051098,0.054225,0.0592866,0.05979075,0.06110238,0.061464,290336.8633456968,290.3368633456968,54.225,3.3890625,290336.8633456968,7664,7424,15160,single-thread,0.0078125,0.00390625,Intel(R) Xeon(R) 6760P,AVX512,"avx2,avx512f,avx512bw,avx512vl,avx512_vnni,avx512_bf16,amx_bf16,amx_int8,amx_tile,fma",True,True,,256,128,sh14l07002s1404,3.11.9,2.1.2+cu121
20260424_010536,2026-04-24T06:14:17.326734,cpu,full_mlp_capacity_search_hd32_depth5,/home/liangyi/SRS_AI/Model_AIIC_refactor/experiments_refactored/20260422_050408_full_mlp_capacity_search_v2/full_mlp_capacity_search_hd32_depth5,full_mlp_capacity_search_v2,full_mlp_capacity_search_hd32_depth5,supervised_nmse_plateau,full_mlp,12,6,eager,fp32,float32,16,2,ok,,0.0,20,50,0.05971916,0.018253532948292503,0.051593,0.0555015,0.0633894,0.06670155,0.13517066999999983,0.180014,267920.71422304,267.92071422303997,55.5015,3.46884375,133960.35711152,7664,7424,15160,sub-physical,0.015625,0.0078125,Intel(R) Xeon(R) 6760P,AVX512,"avx2,avx512f,avx512bw,avx512vl,avx512_vnni,avx512_bf16,amx_bf16,amx_int8,amx_tile,fma",True,True,,256,128,sh14l07002s1404,3.11.9,2.1.2+cu121
20260424_010536,2026-04-24T06:14:17.326734,cpu,full_mlp_capacity_search_hd32_depth5,/home/liangyi/SRS_AI/Model_AIIC_refactor/experiments_refactored/20260422_050408_full_mlp_capacity_search_v2/full_mlp_capacity_search_hd32_depth5,full_mlp_capacity_search_v2,full_mlp_capacity_search_hd32_depth5,supervised_nmse_plateau,full_mlp,12,6,eager,fp32,float32,16,4,ok,,0.0,20,50,0.0528965,0.002451239957654084,0.051026,0.05199,0.054476100000000006,0.057308549999999986,0.06273729999999998,0.065006,302477.4796064012,302.4774796064012,51.99,3.249375,75619.3699016003,7664,7424,15160,sub-physical,0.03125,0.015625,Intel(R) Xeon(R) 6760P,AVX512,"avx2,avx512f,avx512bw,avx512vl,avx512_vnni,avx512_bf16,amx_bf16,amx_int8,amx_tile,fma",True,True,,256,128,sh14l07002s1404,3.11.9,2.1.2+cu121
20260424_010536,2026-04-24T06:14:17.326734,cpu,full_mlp_capacity_search_hd32_depth5,/home/liangyi/SRS_AI/Model_AIIC_refactor/experiments_refactored/20260422_050408_full_mlp_capacity_search_v2/full_mlp_capacity_search_hd32_depth5,full_mlp_capacity_search_v2,full_mlp_capacity_search_hd32_depth5,supervised_nmse_plateau,full_mlp,12,6,eager,fp32,float32,16,8,ok,,0.0,20,50,0.05392092,0.0035718884744067813,0.050513,0.052015000000000006,0.058885599999999996,0.06083424999999999,0.06336735,0.064585,296730.84212954825,296.73084212954825,52.01500000000001,3.2509375000000005,37091.35526619353,7664,7424,15160,sub-physical,0.0625,0.03125,Intel(R) Xeon(R) 6760P,AVX512,"avx2,avx512f,avx512bw,avx512vl,avx512_vnni,avx512_bf16,amx_bf16,amx_int8,amx_tile,fma",True,True,,256,128,sh14l07002s1404,3.11.9,2.1.2+cu121
20260424_010536,2026-04-24T06:14:17.326734,cpu,full_mlp_capacity_search_hd32_depth5,/home/liangyi/SRS_AI/Model_AIIC_refactor/experiments_refactored/20260422_050408_full_mlp_capacity_search_v2/full_mlp_capacity_search_hd32_depth5,full_mlp_capacity_search_v2,full_mlp_capacity_search_hd32_depth5,supervised_nmse_plateau,full_mlp,12,6,eager,fp32,float32,16,128,ok,,0.0,20,50,0.05221362,0.0010092304373135006,0.050678,0.052018499999999995,0.053477,0.0538827,0.055517369999999996,0.056589,306433.45548536954,306.43345548536956,52.018499999999996,3.2511562499999997,2394.0113709794496,7664,7424,15160,all-physical,1.0,0.5,Intel(R) Xeon(R) 6760P,AVX512,"avx2,avx512f,avx512bw,avx512vl,avx512_vnni,avx512_bf16,amx_bf16,amx_int8,amx_tile,fma",True,True,,256,128,sh14l07002s1404,3.11.9,2.1.2+cu121
20260424_010536,2026-04-24T06:14:17.326734,cpu,full_mlp_capacity_search_hd32_depth5,/home/liangyi/SRS_AI/Model_AIIC_refactor/experiments_refactored/20260422_050408_full_mlp_capacity_search_v2/full_mlp_capacity_search_hd32_depth5,full_mlp_capacity_search_v2,full_mlp_capacity_search_hd32_depth5,supervised_nmse_plateau,full_mlp,12,6,eager,fp32,float32,32,1,ok,,0.0,20,50,0.05768836,0.00340069893263135,0.053854,0.055969000000000005,0.062285400000000005,0.06287495,0.06437894,0.065209,554704.6232550206,554.7046232550206,55.96900000000001,1.7490312500000003,554704.6232550206,7664,7424,15160,single-thread,0.0078125,0.00390625,Intel(R) Xeon(R) 6760P,AVX512,"avx2,avx512f,avx512bw,avx512vl,avx512_vnni,avx512_bf16,amx_bf16,amx_int8,amx_tile,fma",True,True,,256,128,sh14l07002s1404,3.11.9,2.1.2+cu121
20260424_010536,2026-04-24T06:14:17.326734,cpu,full_mlp_capacity_search_hd32_depth5,/home/liangyi/SRS_AI/Model_AIIC_refactor/experiments_refactored/20260422_050408_full_mlp_capacity_search_v2/full_mlp_capacity_search_hd32_depth5,full_mlp_capacity_search_v2,full_mlp_capacity_search_hd32_depth5,supervised_nmse_plateau,full_mlp,12,6,eager,fp32,float32,32,2,ok,,0.0,20,50,0.05749064,0.003676299741642403,0.053451,0.0551715,0.0626538,0.063161,0.06557610999999999,0.067713,556612.345940139,556.612345940139,55.1715,1.724109375,278306.1729700695,7664,7424,15160,sub-physical,0.015625,0.0078125,Intel(R) Xeon(R) 6760P,AVX512,"avx2,avx512f,avx512bw,avx512vl,avx512_vnni,avx512_bf16,amx_bf16,amx_int8,amx_tile,fma",True,True,,256,128,sh14l07002s1404,3.11.9,2.1.2+cu121
20260424_010536,2026-04-24T06:14:17.326734,cpu,full_mlp_capacity_search_hd32_depth5,/home/liangyi/SRS_AI/Model_AIIC_refactor/experiments_refactored/20260422_050408_full_mlp_capacity_search_v2/full_mlp_capacity_search_hd32_depth5,full_mlp_capacity_search_v2,full_mlp_capacity_search_hd32_depth5,supervised_nmse_plateau,full_mlp,12,6,eager,fp32,float32,32,4,ok,,0.0,20,50,0.068385,0.01230739773632103,0.06046,0.064921,0.0714313,0.07887234999999998,0.12357147999999996,0.134179,467938.87548438984,467.9388754843898,64.921,2.02878125,116984.71887109746,7664,7424,15160,sub-physical,0.03125,0.015625,Intel(R) Xeon(R) 6760P,AVX512,"avx2,avx512f,avx512bw,avx512vl,avx512_vnni,avx512_bf16,amx_bf16,amx_int8,amx_tile,fma",True,True,,256,128,sh14l07002s1404,3.11.9,2.1.2+cu121
20260424_010536,2026-04-24T06:14:17.326734,cpu,full_mlp_capacity_search_hd32_depth5,/home/liangyi/SRS_AI/Model_AIIC_refactor/experiments_refactored/20260422_050408_full_mlp_capacity_search_v2/full_mlp_capacity_search_hd32_depth5,full_mlp_capacity_search_v2,full_mlp_capacity_search_hd32_depth5,supervised_nmse_plateau,full_mlp,12,6,eager,fp32,float32,32,8,ok,,0.0,20,50,0.05915962,0.014127383681191643,0.053177,0.055319,0.0619218,0.06362664999999999,0.11315861999999982,0.154741,540909.4919811857,540.9094919811857,55.319,1.72871875,67613.68649764822,7664,7424,15160,sub-physical,0.0625,0.03125,Intel(R) Xeon(R) 6760P,AVX512,"avx2,avx512f,avx512bw,avx512vl,avx512_vnni,avx512_bf16,amx_bf16,amx_int8,amx_tile,fma",True,True,,256,128,sh14l07002s1404,3.11.9,2.1.2+cu121
20260424_010536,2026-04-24T06:14:17.326734,cpu,full_mlp_capacity_search_hd32_depth5,/home/liangyi/SRS_AI/Model_AIIC_refactor/experiments_refactored/20260422_050408_full_mlp_capacity_search_v2/full_mlp_capacity_search_hd32_depth5,full_mlp_capacity_search_v2,full_mlp_capacity_search_hd32_depth5,supervised_nmse_plateau,full_mlp,12,6,eager,fp32,float32,32,128,ok,,0.0,20,50,0.05528476,0.003249423921620569,0.052688,0.054296,0.0566313,0.0592301,0.06871991999999998,0.074694,578821.3605340784,578.8213605340784,54.296,1.69675,4522.041879172488,7664,7424,15160,all-physical,1.0,0.5,Intel(R) Xeon(R) 6760P,AVX512,"avx2,avx512f,avx512bw,avx512vl,avx512_vnni,avx512_bf16,amx_bf16,amx_int8,amx_tile,fma",True,True,,256,128,sh14l07002s1404,3.11.9,2.1.2+cu121
20260424_010536,2026-04-24T06:14:17.326734,cpu,full_mlp_capacity_search_hd32_depth5,/home/liangyi/SRS_AI/Model_AIIC_refactor/experiments_refactored/20260422_050408_full_mlp_capacity_search_v2/full_mlp_capacity_search_hd32_depth5,full_mlp_capacity_search_v2,full_mlp_capacity_search_hd32_depth5,supervised_nmse_plateau,full_mlp,12,6,eager,fp32,float32,64,1,ok,,0.0,20,50,0.06383232,0.0037171739073656486,0.059351,0.063346,0.0687725,0.0699816,0.07114711,0.07152,1002626.8824319717,1002.6268824319717,63.346,0.98978125,1002626.8824319717,7664,7424,15160,single-thread,0.0078125,0.00390625,Intel(R) Xeon(R) 6760P,AVX512,"avx2,avx512f,avx512bw,avx512vl,avx512_vnni,avx512_bf16,amx_bf16,amx_int8,amx_tile,fma",True,True,,256,128,sh14l07002s1404,3.11.9,2.1.2+cu121
20260424_010536,2026-04-24T06:14:17.326734,cpu,full_mlp_capacity_search_hd32_depth5,/home/liangyi/SRS_AI/Model_AIIC_refactor/experiments_refactored/20260422_050408_full_mlp_capacity_search_v2/full_mlp_capacity_search_hd32_depth5,full_mlp_capacity_search_v2,full_mlp_capacity_search_hd32_depth5,supervised_nmse_plateau,full_mlp,12,6,eager,fp32,float32,64,2,ok,,0.0,20,50,0.07885694,0.007428846422991931,0.068519,0.0773125,0.0859547,0.0881931,0.10251586999999995,0.115666,811596.2907006028,811.5962907006028,77.3125,1.2080078125,405798.1453503014,7664,7424,15160,sub-physical,0.015625,0.0078125,Intel(R) Xeon(R) 6760P,AVX512,"avx2,avx512f,avx512bw,avx512vl,avx512_vnni,avx512_bf16,amx_bf16,amx_int8,amx_tile,fma",True,True,,256,128,sh14l07002s1404,3.11.9,2.1.2+cu121
20260424_010536,2026-04-24T06:14:17.326734,cpu,full_mlp_capacity_search_hd32_depth5,/home/liangyi/SRS_AI/Model_AIIC_refactor/experiments_refactored/20260422_050408_full_mlp_capacity_search_v2/full_mlp_capacity_search_hd32_depth5,full_mlp_capacity_search_v2,full_mlp_capacity_search_hd32_depth5,supervised_nmse_plateau,full_mlp,12,6,eager,fp32,float32,64,4,ok,,0.0,20,50,0.07397338,0.004546825019241449,0.068465,0.072106,0.0807055,0.08236605,0.08405694,0.08474,865176.0944274819,865.1760944274819,72.10600000000001,1.1266562500000001,216294.02360687047,7664,7424,15160,sub-physical,0.03125,0.015625,Intel(R) Xeon(R) 6760P,AVX512,"avx2,avx512f,avx512bw,avx512vl,avx512_vnni,avx512_bf16,amx_bf16,amx_int8,amx_tile,fma",True,True,,256,128,sh14l07002s1404,3.11.9,2.1.2+cu121
20260424_010536,2026-04-24T06:14:17.326734,cpu,full_mlp_capacity_search_hd32_depth5,/home/liangyi/SRS_AI/Model_AIIC_refactor/experiments_refactored/20260422_050408_full_mlp_capacity_search_v2/full_mlp_capacity_search_hd32_depth5,full_mlp_capacity_search_v2,full_mlp_capacity_search_hd32_depth5,supervised_nmse_plateau,full_mlp,12,6,eager,fp32,float32,64,8,ok,,0.0,20,50,0.06952688,0.0036793379493599114,0.065536,0.0676455,0.07537769999999999,0.07577385,0.07730792999999998,0.078701,920507.2915683832,920.5072915683833,67.6455,1.0569609375,115063.4114460479,7664,7424,15160,sub-physical,0.0625,0.03125,Intel(R) Xeon(R) 6760P,AVX512,"avx2,avx512f,avx512bw,avx512vl,avx512_vnni,avx512_bf16,amx_bf16,amx_int8,amx_tile,fma",True,True,,256,128,sh14l07002s1404,3.11.9,2.1.2+cu121
20260424_010536,2026-04-24T06:14:17.326734,cpu,full_mlp_capacity_search_hd32_depth5,/home/liangyi/SRS_AI/Model_AIIC_refactor/experiments_refactored/20260422_050408_full_mlp_capacity_search_v2/full_mlp_capacity_search_hd32_depth5,full_mlp_capacity_search_v2,full_mlp_capacity_search_hd32_depth5,supervised_nmse_plateau,full_mlp,12,6,eager,fp32,float32,64,128,ok,,0.0,20,50,4.54254106,2.725132413585427,0.16025,5.9963955,6.0149443,7.033599899999998,9.014549579999997,9.946019,14089.030600859336,14.089030600859337,5996.3955000000005,93.69367968750001,110.07055156921356,7664,7424,15160,all-physical,1.0,0.5,Intel(R) Xeon(R) 6760P,AVX512,"avx2,avx512f,avx512bw,avx512vl,avx512_vnni,avx512_bf16,amx_bf16,amx_int8,amx_tile,fma",True,True,,256,128,sh14l07002s1404,3.11.9,2.1.2+cu121
20260424_010536,2026-04-24T06:14:17.326734,cpu,full_mlp_capacity_search_hd32_depth5,/home/liangyi/SRS_AI/Model_AIIC_refactor/experiments_refactored/20260422_050408_full_mlp_capacity_search_v2/full_mlp_capacity_search_hd32_depth5,full_mlp_capacity_search_v2,full_mlp_capacity_search_hd32_depth5,supervised_nmse_plateau,full_mlp,12,6,eager,fp32,float32,128,1,ok,,0.0,20,50,0.07824452,0.006992130045243723,0.069306,0.078473,0.08633120000000001,0.09168834999999999,0.09451255,0.09525,1635897.3126808114,1635.8973126808114,78.473,0.6130703125,1635897.3126808114,7664,7424,15160,single-thread,0.0078125,0.00390625,Intel(R) Xeon(R) 6760P,AVX512,"avx2,avx512f,avx512bw,avx512vl,avx512_vnni,avx512_bf16,amx_bf16,amx_int8,amx_tile,fma",True,True,,256,128,sh14l07002s1404,3.11.9,2.1.2+cu121
20260424_010536,2026-04-24T06:14:17.326734,cpu,full_mlp_capacity_search_hd32_depth5,/home/liangyi/SRS_AI/Model_AIIC_refactor/experiments_refactored/20260422_050408_full_mlp_capacity_search_v2/full_mlp_capacity_search_hd32_depth5,full_mlp_capacity_search_v2,full_mlp_capacity_search_hd32_depth5,supervised_nmse_plateau,full_mlp,12,6,eager,fp32,float32,128,2,ok,,0.0,20,50,0.09928726,0.008636991978252614,0.086397,0.09971450000000001,0.11257800000000001,0.11431369999999999,0.1161558,0.11693,1289188.5625607958,1289.1885625607958,99.71450000000002,0.7790195312500001,644594.2812803979,7664,7424,15160,sub-physical,0.015625,0.0078125,Intel(R) Xeon(R) 6760P,AVX512,"avx2,avx512f,avx512bw,avx512vl,avx512_vnni,avx512_bf16,amx_bf16,amx_int8,amx_tile,fma",True,True,,256,128,sh14l07002s1404,3.11.9,2.1.2+cu121
20260424_010536,2026-04-24T06:14:17.326734,cpu,full_mlp_capacity_search_hd32_depth5,/home/liangyi/SRS_AI/Model_AIIC_refactor/experiments_refactored/20260422_050408_full_mlp_capacity_search_v2/full_mlp_capacity_search_hd32_depth5,full_mlp_capacity_search_v2,full_mlp_capacity_search_hd32_depth5,supervised_nmse_plateau,full_mlp,12,6,eager,fp32,float32,128,4,ok,,0.0,20,50,0.1168851,0.01272133735776235,0.103298,0.113789,0.1263088,0.13166765,0.16191907999999988,0.188775,1095092.5310411677,1095.0925310411676,113.789,0.8889765625,273773.1327602919,7664,7424,15160,sub-physical,0.03125,0.015625,Intel(R) Xeon(R) 6760P,AVX512,"avx2,avx512f,avx512bw,avx512vl,avx512_vnni,avx512_bf16,amx_bf16,amx_int8,amx_tile,fma",True,True,,256,128,sh14l07002s1404,3.11.9,2.1.2+cu121
20260424_010536,2026-04-24T06:14:17.326734,cpu,full_mlp_capacity_search_hd32_depth5,/home/liangyi/SRS_AI/Model_AIIC_refactor/experiments_refactored/20260422_050408_full_mlp_capacity_search_v2/full_mlp_capacity_search_hd32_depth5,full_mlp_capacity_search_v2,full_mlp_capacity_search_hd32_depth5,supervised_nmse_plateau,full_mlp,12,6,eager,fp32,float32,128,8,ok,,0.0,20,50,0.08880328,0.0031412308290859484,0.084434,0.088324,0.0932969,0.0940331,0.09768423999999999,0.098284,1441388.2009763604,1441.3882009763604,88.324,0.69003125,180173.52512204504,7664,7424,15160,sub-physical,0.0625,0.03125,Intel(R) Xeon(R) 6760P,AVX512,"avx2,avx512f,avx512bw,avx512vl,avx512_vnni,avx512_bf16,amx_bf16,amx_int8,amx_tile,fma",True,True,,256,128,sh14l07002s1404,3.11.9,2.1.2+cu121
20260424_010536,2026-04-24T06:14:17.326734,cpu,full_mlp_capacity_search_hd32_depth5,/home/liangyi/SRS_AI/Model_AIIC_refactor/experiments_refactored/20260422_050408_full_mlp_capacity_search_v2/full_mlp_capacity_search_hd32_depth5,full_mlp_capacity_search_v2,full_mlp_capacity_search_hd32_depth5,supervised_nmse_plateau,full_mlp,12,6,eager,fp32,float32,128,128,ok,,0.0,20,50,0.21312342,0.008915068322991136,0.200667,0.2119585,0.2263397,0.2332271,0.23788256,0.238057,600590.9627388674,600.5909627388673,211.9585,1.65592578125,4692.116896397401,7664,7424,15160,all-physical,1.0,0.5,Intel(R) Xeon(R) 6760P,AVX512,"avx2,avx512f,avx512bw,avx512vl,avx512_vnni,avx512_bf16,amx_bf16,amx_int8,amx_tile,fma",True,True,,256,128,sh14l07002s1404,3.11.9,2.1.2+cu121
20260424_010536,2026-04-24T06:14:17.326734,cpu,full_mlp_capacity_search_hd32_depth5,/home/liangyi/SRS_AI/Model_AIIC_refactor/experiments_refactored/20260422_050408_full_mlp_capacity_search_v2/full_mlp_capacity_search_hd32_depth5,full_mlp_capacity_search_v2,full_mlp_capacity_search_hd32_depth5,supervised_nmse_plateau,full_mlp,12,6,eager,bf16,bfloat16,1,1,ok,,0.0,20,50,0.06360196,0.004482081685824122,0.058049,0.061679,0.0697873,0.07077095,0.07440076999999999,0.076766,15722.785901566554,15.722785901566555,61.678999999999995,61.678999999999995,15722.785901566554,7664,7424,15160,single-thread,0.0078125,0.00390625,Intel(R) Xeon(R) 6760P,AVX512,"avx2,avx512f,avx512bw,avx512vl,avx512_vnni,avx512_bf16,amx_bf16,amx_int8,amx_tile,fma",True,True,,256,128,sh14l07002s1404,3.11.9,2.1.2+cu121
20260424_010536,2026-04-24T06:14:17.326734,cpu,full_mlp_capacity_search_hd32_depth5,/home/liangyi/SRS_AI/Model_AIIC_refactor/experiments_refactored/20260422_050408_full_mlp_capacity_search_v2/full_mlp_capacity_search_hd32_depth5,full_mlp_capacity_search_v2,full_mlp_capacity_search_hd32_depth5,supervised_nmse_plateau,full_mlp,12,6,eager,bf16,bfloat16,1,2,ok,,0.0,20,50,0.06467892,0.004077022280243265,0.060077,0.062503,0.0697264,0.0714233,0.07308250999999999,0.07372,15460.987907652137,15.460987907652138,62.503,62.503,7730.493953826069,7664,7424,15160,sub-physical,0.015625,0.0078125,Intel(R) Xeon(R) 6760P,AVX512,"avx2,avx512f,avx512bw,avx512vl,avx512_vnni,avx512_bf16,amx_bf16,amx_int8,amx_tile,fma",True,True,,256,128,sh14l07002s1404,3.11.9,2.1.2+cu121
20260424_010536,2026-04-24T06:14:17.326734,cpu,full_mlp_capacity_search_hd32_depth5,/home/liangyi/SRS_AI/Model_AIIC_refactor/experiments_refactored/20260422_050408_full_mlp_capacity_search_v2/full_mlp_capacity_search_hd32_depth5,full_mlp_capacity_search_v2,full_mlp_capacity_search_hd32_depth5,supervised_nmse_plateau,full_mlp,12,6,eager,bf16,bfloat16,1,4,ok,,0.0,20,50,0.06587426,0.004009019689699716,0.061024,0.06453700000000001,0.0709094,0.0729311,0.07384578,0.073884,15180.436182508918,15.180436182508918,64.537,64.537,3795.1090456272295,7664,7424,15160,sub-physical,0.03125,0.015625,Intel(R) Xeon(R) 6760P,AVX512,"avx2,avx512f,avx512bw,avx512vl,avx512_vnni,avx512_bf16,amx_bf16,amx_int8,amx_tile,fma",True,True,,256,128,sh14l07002s1404,3.11.9,2.1.2+cu121
20260424_010536,2026-04-24T06:14:17.326734,cpu,full_mlp_capacity_search_hd32_depth5,/home/liangyi/SRS_AI/Model_AIIC_refactor/experiments_refactored/20260422_050408_full_mlp_capacity_search_v2/full_mlp_capacity_search_hd32_depth5,full_mlp_capacity_search_v2,full_mlp_capacity_search_hd32_depth5,supervised_nmse_plateau,full_mlp,12,6,eager,bf16,bfloat16,1,8,ok,,0.0,20,50,0.06883566,0.004857078490656703,0.062888,0.0669075,0.0758953,0.07695740000000001,0.08059431999999998,0.082129,14527.353990649612,14.527353990649612,66.9075,66.9075,1815.9192488312015,7664,7424,15160,sub-physical,0.0625,0.03125,Intel(R) Xeon(R) 6760P,AVX512,"avx2,avx512f,avx512bw,avx512vl,avx512_vnni,avx512_bf16,amx_bf16,amx_int8,amx_tile,fma",True,True,,256,128,sh14l07002s1404,3.11.9,2.1.2+cu121
20260424_010536,2026-04-24T06:14:17.326734,cpu,full_mlp_capacity_search_hd32_depth5,/home/liangyi/SRS_AI/Model_AIIC_refactor/experiments_refactored/20260422_050408_full_mlp_capacity_search_v2/full_mlp_capacity_search_hd32_depth5,full_mlp_capacity_search_v2,full_mlp_capacity_search_hd32_depth5,supervised_nmse_plateau,full_mlp,12,6,eager,bf16,bfloat16,1,128,ok,,0.0,20,50,0.14619728,0.007690927385016713,0.132676,0.145389,0.1567619,0.16006474999999998,0.1672194,0.1716,6840.072537601247,6.840072537601247,145.38899999999998,145.38899999999998,53.43806670000974,7664,7424,15160,all-physical,1.0,0.5,Intel(R) Xeon(R) 6760P,AVX512,"avx2,avx512f,avx512bw,avx512vl,avx512_vnni,avx512_bf16,amx_bf16,amx_int8,amx_tile,fma",True,True,,256,128,sh14l07002s1404,3.11.9,2.1.2+cu121
20260424_010536,2026-04-24T06:14:17.326734,cpu,full_mlp_capacity_search_hd32_depth5,/home/liangyi/SRS_AI/Model_AIIC_refactor/experiments_refactored/20260422_050408_full_mlp_capacity_search_v2/full_mlp_capacity_search_hd32_depth5,full_mlp_capacity_search_v2,full_mlp_capacity_search_hd32_depth5,supervised_nmse_plateau,full_mlp,12,6,eager,bf16,bfloat16,2,1,ok,,0.0,20,50,0.0734318,0.020112521489858003,0.063114,0.06781799999999999,0.0789192,0.08725969999999998,0.1551706899999998,0.204131,27236.15654253334,27.23615654253334,67.81799999999998,33.90899999999999,27236.15654253334,7664,7424,15160,single-thread,0.0078125,0.00390625,Intel(R) Xeon(R) 6760P,AVX512,"avx2,avx512f,avx512bw,avx512vl,avx512_vnni,avx512_bf16,amx_bf16,amx_int8,amx_tile,fma",True,True,,256,128,sh14l07002s1404,3.11.9,2.1.2+cu121
20260424_010536,2026-04-24T06:14:17.326734,cpu,full_mlp_capacity_search_hd32_depth5,/home/liangyi/SRS_AI/Model_AIIC_refactor/experiments_refactored/20260422_050408_full_mlp_capacity_search_v2/full_mlp_capacity_search_hd32_depth5,full_mlp_capacity_search_v2,full_mlp_capacity_search_hd32_depth5,supervised_nmse_plateau,full_mlp,12,6,eager,bf16,bfloat16,2,2,ok,,0.0,20,50,0.07320466,0.010366327240850542,0.066339,0.0699765,0.0782603,0.07870830000000001,0.10998666999999988,0.139444,27320.665105199587,27.320665105199588,69.9765,34.98825,13660.332552599793,7664,7424,15160,sub-physical,0.015625,0.0078125,Intel(R) Xeon(R) 6760P,AVX512,"avx2,avx512f,avx512bw,avx512vl,avx512_vnni,avx512_bf16,amx_bf16,amx_int8,amx_tile,fma",True,True,,256,128,sh14l07002s1404,3.11.9,2.1.2+cu121
20260424_010536,2026-04-24T06:14:17.326734,cpu,full_mlp_capacity_search_hd32_depth5,/home/liangyi/SRS_AI/Model_AIIC_refactor/experiments_refactored/20260422_050408_full_mlp_capacity_search_v2/full_mlp_capacity_search_hd32_depth5,full_mlp_capacity_search_v2,full_mlp_capacity_search_hd32_depth5,supervised_nmse_plateau,full_mlp,12,6,eager,bf16,bfloat16,2,4,ok,,0.0,20,50,0.06876432,0.0036363860985324428,0.065655,0.0675945,0.0752922,0.07735875,0.08074369999999999,0.082542,29084.850980857515,29.084850980857514,67.5945,33.79725,7271.212745214379,7664,7424,15160,sub-physical,0.03125,0.015625,Intel(R) Xeon(R) 6760P,AVX512,"avx2,avx512f,avx512bw,avx512vl,avx512_vnni,avx512_bf16,amx_bf16,amx_int8,amx_tile,fma",True,True,,256,128,sh14l07002s1404,3.11.9,2.1.2+cu121
20260424_010536,2026-04-24T06:14:17.326734,cpu,full_mlp_capacity_search_hd32_depth5,/home/liangyi/SRS_AI/Model_AIIC_refactor/experiments_refactored/20260422_050408_full_mlp_capacity_search_v2/full_mlp_capacity_search_hd32_depth5,full_mlp_capacity_search_v2,full_mlp_capacity_search_hd32_depth5,supervised_nmse_plateau,full_mlp,12,6,eager,bf16,bfloat16,2,8,ok,,0.0,20,50,0.07290752,0.005574765481130125,0.066736,0.07038349999999999,0.0806443,0.08423105,0.08759607999999999,0.087796,27432.012500219455,27.432012500219454,70.38349999999998,35.19174999999999,3429.001562527432,7664,7424,15160,sub-physical,0.0625,0.03125,Intel(R) Xeon(R) 6760P,AVX512,"avx2,avx512f,avx512bw,avx512vl,avx512_vnni,avx512_bf16,amx_bf16,amx_int8,amx_tile,fma",True,True,,256,128,sh14l07002s1404,3.11.9,2.1.2+cu121
20260424_010536,2026-04-24T06:14:17.326734,cpu,full_mlp_capacity_search_hd32_depth5,/home/liangyi/SRS_AI/Model_AIIC_refactor/experiments_refactored/20260422_050408_full_mlp_capacity_search_v2/full_mlp_capacity_search_hd32_depth5,full_mlp_capacity_search_v2,full_mlp_capacity_search_hd32_depth5,supervised_nmse_plateau,full_mlp,12,6,eager,bf16,bfloat16,2,128,ok,,0.0,20,50,0.21025412,0.029634908146063153,0.174902,0.200124,0.2570845,0.2607668,0.26523747,0.26847,9512.29873640526,9.51229873640526,200.124,100.062,74.3148338781661,7664,7424,15160,all-physical,1.0,0.5,Intel(R) Xeon(R) 6760P,AVX512,"avx2,avx512f,avx512bw,avx512vl,avx512_vnni,avx512_bf16,amx_bf16,amx_int8,amx_tile,fma",True,True,,256,128,sh14l07002s1404,3.11.9,2.1.2+cu121
20260424_010536,2026-04-24T06:14:17.326734,cpu,full_mlp_capacity_search_hd32_depth5,/home/liangyi/SRS_AI/Model_AIIC_refactor/experiments_refactored/20260422_050408_full_mlp_capacity_search_v2/full_mlp_capacity_search_hd32_depth5,full_mlp_capacity_search_v2,full_mlp_capacity_search_hd32_depth5,supervised_nmse_plateau,full_mlp,12,6,eager,bf16,bfloat16,4,1,ok,,0.0,20,50,0.07601622,0.020864794069714657,0.06596,0.06988749999999999,0.0815603,0.08632614999999998,0.15656277999999976,0.214274,52620.348657168164,52.620348657168165,69.88749999999999,17.471874999999997,52620.348657168164,7664,7424,15160,single-thread,0.0078125,0.00390625,Intel(R) Xeon(R) 6760P,AVX512,"avx2,avx512f,avx512bw,avx512vl,avx512_vnni,avx512_bf16,amx_bf16,amx_int8,amx_tile,fma",True,True,,256,128,sh14l07002s1404,3.11.9,2.1.2+cu121
20260424_010536,2026-04-24T06:14:17.326734,cpu,full_mlp_capacity_search_hd32_depth5,/home/liangyi/SRS_AI/Model_AIIC_refactor/experiments_refactored/20260422_050408_full_mlp_capacity_search_v2/full_mlp_capacity_search_hd32_depth5,full_mlp_capacity_search_v2,full_mlp_capacity_search_hd32_depth5,supervised_nmse_plateau,full_mlp,12,6,eager,bf16,bfloat16,4,2,ok,,0.0,20,50,0.07586576,0.0066677613951310515,0.069384,0.0715925,0.08575060000000001,0.08796564999999999,0.0896049,0.090727,52724.707430598464,52.724707430598464,71.5925,17.898125,26362.353715299232,7664,7424,15160,sub-physical,0.015625,0.0078125,Intel(R) Xeon(R) 6760P,AVX512,"avx2,avx512f,avx512bw,avx512vl,avx512_vnni,avx512_bf16,amx_bf16,amx_int8,amx_tile,fma",True,True,,256,128,sh14l07002s1404,3.11.9,2.1.2+cu121
20260424_010536,2026-04-24T06:14:17.326734,cpu,full_mlp_capacity_search_hd32_depth5,/home/liangyi/SRS_AI/Model_AIIC_refactor/experiments_refactored/20260422_050408_full_mlp_capacity_search_v2/full_mlp_capacity_search_hd32_depth5,full_mlp_capacity_search_v2,full_mlp_capacity_search_hd32_depth5,supervised_nmse_plateau,full_mlp,12,6,eager,bf16,bfloat16,4,4,ok,,0.0,20,50,0.08252124,0.008110453872774322,0.073992,0.0775565,0.09236710000000001,0.0960393,0.10506378,0.106866,48472.36905310681,48.47236905310681,77.5565,19.389125,12118.092263276703,7664,7424,15160,sub-physical,0.03125,0.015625,Intel(R) Xeon(R) 6760P,AVX512,"avx2,avx512f,avx512bw,avx512vl,avx512_vnni,avx512_bf16,amx_bf16,amx_int8,amx_tile,fma",True,True,,256,128,sh14l07002s1404,3.11.9,2.1.2+cu121
20260424_010536,2026-04-24T06:14:17.326734,cpu,full_mlp_capacity_search_hd32_depth5,/home/liangyi/SRS_AI/Model_AIIC_refactor/experiments_refactored/20260422_050408_full_mlp_capacity_search_v2/full_mlp_capacity_search_hd32_depth5,full_mlp_capacity_search_v2,full_mlp_capacity_search_hd32_depth5,supervised_nmse_plateau,full_mlp,12,6,eager,bf16,bfloat16,4,8,ok,,0.0,20,50,0.07368068,0.002398328630025502,0.070705,0.0729215,0.07711520000000001,0.078633,0.08119439,0.081777,54288.31547157274,54.288315471572744,72.9215,18.230375,6786.039433946593,7664,7424,15160,sub-physical,0.0625,0.03125,Intel(R) Xeon(R) 6760P,AVX512,"avx2,avx512f,avx512bw,avx512vl,avx512_vnni,avx512_bf16,amx_bf16,amx_int8,amx_tile,fma",True,True,,256,128,sh14l07002s1404,3.11.9,2.1.2+cu121
20260424_010536,2026-04-24T06:14:17.326734,cpu,full_mlp_capacity_search_hd32_depth5,/home/liangyi/SRS_AI/Model_AIIC_refactor/experiments_refactored/20260422_050408_full_mlp_capacity_search_v2/full_mlp_capacity_search_hd32_depth5,full_mlp_capacity_search_v2,full_mlp_capacity_search_hd32_depth5,supervised_nmse_plateau,full_mlp,12,6,eager,bf16,bfloat16,4,128,ok,,0.0,20,50,0.13843362,0.004709261780321837,0.128307,0.1384995,0.1433289,0.14604685,0.15173057,0.151832,28894.71502659542,28.894715026595417,138.4995,34.624875,225.7399611452767,7664,7424,15160,all-physical,1.0,0.5,Intel(R) Xeon(R) 6760P,AVX512,"avx2,avx512f,avx512bw,avx512vl,avx512_vnni,avx512_bf16,amx_bf16,amx_int8,amx_tile,fma",True,True,,256,128,sh14l07002s1404,3.11.9,2.1.2+cu121
20260424_010536,2026-04-24T06:14:17.326734,cpu,full_mlp_capacity_search_hd32_depth5,/home/liangyi/SRS_AI/Model_AIIC_refactor/experiments_refactored/20260422_050408_full_mlp_capacity_search_v2/full_mlp_capacity_search_hd32_depth5,full_mlp_capacity_search_v2,full_mlp_capacity_search_hd32_depth5,supervised_nmse_plateau,full_mlp,12,6,eager,bf16,bfloat16,8,1,ok,,0.0,20,50,0.11133488,0.00882282216672194,0.101841,0.107137,0.12258870000000001,0.1262275,0.13165585,0.135054,71855.28919598243,71.85528919598244,107.137,13.392125,71855.28919598243,7664,7424,15160,single-thread,0.0078125,0.00390625,Intel(R) Xeon(R) 6760P,AVX512,"avx2,avx512f,avx512bw,avx512vl,avx512_vnni,avx512_bf16,amx_bf16,amx_int8,amx_tile,fma",True,True,,256,128,sh14l07002s1404,3.11.9,2.1.2+cu121
20260424_010536,2026-04-24T06:14:17.326734,cpu,full_mlp_capacity_search_hd32_depth5,/home/liangyi/SRS_AI/Model_AIIC_refactor/experiments_refactored/20260422_050408_full_mlp_capacity_search_v2/full_mlp_capacity_search_hd32_depth5,full_mlp_capacity_search_v2,full_mlp_capacity_search_hd32_depth5,supervised_nmse_plateau,full_mlp,12,6,eager,bf16,bfloat16,8,2,ok,,0.0,20,50,0.10995107999999999,0.008428389198037784,0.100653,0.105595,0.12227679999999999,0.12307175,0.12546838999999999,0.125659,72759.6309194962,72.75963091949619,105.595,13.199375,36379.8154597481,7664,7424,15160,sub-physical,0.015625,0.0078125,Intel(R) Xeon(R) 6760P,AVX512,"avx2,avx512f,avx512bw,avx512vl,avx512_vnni,avx512_bf16,amx_bf16,amx_int8,amx_tile,fma",True,True,,256,128,sh14l07002s1404,3.11.9,2.1.2+cu121
20260424_010536,2026-04-24T06:14:17.326734,cpu,full_mlp_capacity_search_hd32_depth5,/home/liangyi/SRS_AI/Model_AIIC_refactor/experiments_refactored/20260422_050408_full_mlp_capacity_search_v2/full_mlp_capacity_search_hd32_depth5,full_mlp_capacity_search_v2,full_mlp_capacity_search_hd32_depth5,supervised_nmse_plateau,full_mlp,12,6,eager,bf16,bfloat16,8,4,ok,,0.0,20,50,0.10710142,0.004293638792865557,0.101587,0.105685,0.1141327,0.1146118,0.11776511999999999,0.119388,74695.55492354816,74.69555492354816,105.685,13.210625,18673.88873088704,7664,7424,15160,sub-physical,0.03125,0.015625,Intel(R) Xeon(R) 6760P,AVX512,"avx2,avx512f,avx512bw,avx512vl,avx512_vnni,avx512_bf16,amx_bf16,amx_int8,amx_tile,fma",True,True,,256,128,sh14l07002s1404,3.11.9,2.1.2+cu121
20260424_010536,2026-04-24T06:14:17.326734,cpu,full_mlp_capacity_search_hd32_depth5,/home/liangyi/SRS_AI/Model_AIIC_refactor/experiments_refactored/20260422_050408_full_mlp_capacity_search_v2/full_mlp_capacity_search_hd32_depth5,full_mlp_capacity_search_v2,full_mlp_capacity_search_hd32_depth5,supervised_nmse_plateau,full_mlp,12,6,eager,bf16,bfloat16,8,8,ok,,0.0,20,50,0.10250978,0.003004575412866184,0.098928,0.1016965,0.1053178,0.10813915,0.11212691999999999,0.115651,78041.33420245367,78.04133420245367,101.6965,12.7120625,9755.166775306709,7664,7424,15160,sub-physical,0.0625,0.03125,Intel(R) Xeon(R) 6760P,AVX512,"avx2,avx512f,avx512bw,avx512vl,avx512_vnni,avx512_bf16,amx_bf16,amx_int8,amx_tile,fma",True,True,,256,128,sh14l07002s1404,3.11.9,2.1.2+cu121
20260424_010536,2026-04-24T06:14:17.326734,cpu,full_mlp_capacity_search_hd32_depth5,/home/liangyi/SRS_AI/Model_AIIC_refactor/experiments_refactored/20260422_050408_full_mlp_capacity_search_v2/full_mlp_capacity_search_hd32_depth5,full_mlp_capacity_search_v2,full_mlp_capacity_search_hd32_depth5,supervised_nmse_plateau,full_mlp,12,6,eager,bf16,bfloat16,8,128,ok,,0.0,20,50,0.21513182,0.008363721465209133,0.201268,0.2143215,0.22371349999999998,0.22722024999999998,0.24243289999999998,0.246789,37186.502675429416,37.186502675429416,214.3215,26.7901875,290.5195521517923,7664,7424,15160,all-physical,1.0,0.5,Intel(R) Xeon(R) 6760P,AVX512,"avx2,avx512f,avx512bw,avx512vl,avx512_vnni,avx512_bf16,amx_bf16,amx_int8,amx_tile,fma",True,True,,256,128,sh14l07002s1404,3.11.9,2.1.2+cu121
20260424_010536,2026-04-24T06:14:17.326734,cpu,full_mlp_capacity_search_hd32_depth5,/home/liangyi/SRS_AI/Model_AIIC_refactor/experiments_refactored/20260422_050408_full_mlp_capacity_search_v2/full_mlp_capacity_search_hd32_depth5,full_mlp_capacity_search_v2,full_mlp_capacity_search_hd32_depth5,supervised_nmse_plateau,full_mlp,12,6,eager,bf16,bfloat16,16,1,ok,,0.0,20,50,0.10714692,0.010654927695371751,0.097758,0.1028705,0.1168693,0.11774895,0.14222358999999993,0.160162,149327.67082805553,149.32767082805555,102.8705,6.42940625,149327.67082805553,7664,7424,15160,single-thread,0.0078125,0.00390625,Intel(R) Xeon(R) 6760P,AVX512,"avx2,avx512f,avx512bw,avx512vl,avx512_vnni,avx512_bf16,amx_bf16,amx_int8,amx_tile,fma",True,True,,256,128,sh14l07002s1404,3.11.9,2.1.2+cu121
20260424_010536,2026-04-24T06:14:17.326734,cpu,full_mlp_capacity_search_hd32_depth5,/home/liangyi/SRS_AI/Model_AIIC_refactor/experiments_refactored/20260422_050408_full_mlp_capacity_search_v2/full_mlp_capacity_search_hd32_depth5,full_mlp_capacity_search_v2,full_mlp_capacity_search_hd32_depth5,supervised_nmse_plateau,full_mlp,12,6,eager,bf16,bfloat16,16,2,ok,,0.0,20,50,0.12281434,0.019972291938192773,0.109872,0.117033,0.1373336,0.14607094999999998,0.20045788999999983,0.243597,130277.94637010629,130.2779463701063,117.033,7.3145625,65138.973185053146,7664,7424,15160,sub-physical,0.015625,0.0078125,Intel(R) Xeon(R) 6760P,AVX512,"avx2,avx512f,avx512bw,avx512vl,avx512_vnni,avx512_bf16,amx_bf16,amx_int8,amx_tile,fma",True,True,,256,128,sh14l07002s1404,3.11.9,2.1.2+cu121
20260424_010536,2026-04-24T06:14:17.326734,cpu,full_mlp_capacity_search_hd32_depth5,/home/liangyi/SRS_AI/Model_AIIC_refactor/experiments_refactored/20260422_050408_full_mlp_capacity_search_v2/full_mlp_capacity_search_hd32_depth5,full_mlp_capacity_search_v2,full_mlp_capacity_search_hd32_depth5,supervised_nmse_plateau,full_mlp,12,6,eager,bf16,bfloat16,16,4,ok,,0.0,20,50,0.12018916,0.01563032880570335,0.107964,0.114923,0.1321165,0.13314184999999998,0.17474487999999982,0.214331,133123.48634435917,133.12348634435918,114.923,7.1826875,33280.871586089794,7664,7424,15160,sub-physical,0.03125,0.015625,Intel(R) Xeon(R) 6760P,AVX512,"avx2,avx512f,avx512bw,avx512vl,avx512_vnni,avx512_bf16,amx_bf16,amx_int8,amx_tile,fma",True,True,,256,128,sh14l07002s1404,3.11.9,2.1.2+cu121
20260424_010536,2026-04-24T06:14:17.326734,cpu,full_mlp_capacity_search_hd32_depth5,/home/liangyi/SRS_AI/Model_AIIC_refactor/experiments_refactored/20260422_050408_full_mlp_capacity_search_v2/full_mlp_capacity_search_hd32_depth5,full_mlp_capacity_search_v2,full_mlp_capacity_search_hd32_depth5,supervised_nmse_plateau,full_mlp,12,6,eager,bf16,bfloat16,16,8,ok,,0.0,20,50,0.10794264,0.003719072673449661,0.10425,0.1066415,0.11132790000000001,0.11420575,0.12133622999999999,0.125537,148226.87308741012,148.22687308741013,106.6415,6.66509375,18528.359135926265,7664,7424,15160,sub-physical,0.0625,0.03125,Intel(R) Xeon(R) 6760P,AVX512,"avx2,avx512f,avx512bw,avx512vl,avx512_vnni,avx512_bf16,amx_bf16,amx_int8,amx_tile,fma",True,True,,256,128,sh14l07002s1404,3.11.9,2.1.2+cu121
20260424_010536,2026-04-24T06:14:17.326734,cpu,full_mlp_capacity_search_hd32_depth5,/home/liangyi/SRS_AI/Model_AIIC_refactor/experiments_refactored/20260422_050408_full_mlp_capacity_search_v2/full_mlp_capacity_search_hd32_depth5,full_mlp_capacity_search_v2,full_mlp_capacity_search_hd32_depth5,supervised_nmse_plateau,full_mlp,12,6,eager,bf16,bfloat16,16,128,ok,,0.0,20,50,0.17935744,0.00940852189487807,0.1631,0.178251,0.1885581,0.19894359999999997,0.2065437,0.208244,89207.3392662161,89.20733926621611,178.251,11.1406875,696.9323380173133,7664,7424,15160,all-physical,1.0,0.5,Intel(R) Xeon(R) 6760P,AVX512,"avx2,avx512f,avx512bw,avx512vl,avx512_vnni,avx512_bf16,amx_bf16,amx_int8,amx_tile,fma",True,True,,256,128,sh14l07002s1404,3.11.9,2.1.2+cu121
20260424_010536,2026-04-24T06:14:17.326734,cpu,full_mlp_capacity_search_hd32_depth5,/home/liangyi/SRS_AI/Model_AIIC_refactor/experiments_refactored/20260422_050408_full_mlp_capacity_search_v2/full_mlp_capacity_search_hd32_depth5,full_mlp_capacity_search_v2,full_mlp_capacity_search_hd32_depth5,supervised_nmse_plateau,full_mlp,12,6,eager,bf16,bfloat16,32,1,ok,,0.0,20,50,0.11773844,0.023772632630114827,0.104969,0.110759,0.1269169,0.128882,0.2152748999999998,0.270052,271788.89069704,271.78889069704,110.759,3.46121875,271788.89069704,7664,7424,15160,single-thread,0.0078125,0.00390625,Intel(R) Xeon(R) 6760P,AVX512,"avx2,avx512f,avx512bw,avx512vl,avx512_vnni,avx512_bf16,amx_bf16,amx_int8,amx_tile,fma",True,True,,256,128,sh14l07002s1404,3.11.9,2.1.2+cu121
20260424_010536,2026-04-24T06:14:17.326734,cpu,full_mlp_capacity_search_hd32_depth5,/home/liangyi/SRS_AI/Model_AIIC_refactor/experiments_refactored/20260422_050408_full_mlp_capacity_search_v2/full_mlp_capacity_search_hd32_depth5,full_mlp_capacity_search_v2,full_mlp_capacity_search_hd32_depth5,supervised_nmse_plateau,full_mlp,12,6,eager,bf16,bfloat16,32,2,ok,,0.0,20,50,0.11806144,0.00840783814820433,0.107094,0.1149355,0.1279692,0.13226405,0.13731776,0.140638,271045.3133554868,271.04531335548677,114.93549999999999,3.5917343749999997,135522.6566777434,7664,7424,15160,sub-physical,0.015625,0.0078125,Intel(R) Xeon(R) 6760P,AVX512,"avx2,avx512f,avx512bw,avx512vl,avx512_vnni,avx512_bf16,amx_bf16,amx_int8,amx_tile,fma",True,True,,256,128,sh14l07002s1404,3.11.9,2.1.2+cu121
20260424_010536,2026-04-24T06:14:17.326734,cpu,full_mlp_capacity_search_hd32_depth5,/home/liangyi/SRS_AI/Model_AIIC_refactor/experiments_refactored/20260422_050408_full_mlp_capacity_search_v2/full_mlp_capacity_search_hd32_depth5,full_mlp_capacity_search_v2,full_mlp_capacity_search_hd32_depth5,supervised_nmse_plateau,full_mlp,12,6,eager,bf16,bfloat16,32,4,ok,,0.0,20,50,0.1239997,0.015645821961469457,0.112706,0.11909800000000001,0.13528220000000002,0.13650415,0.18081403999999984,0.220604,258065.14048017855,258.06514048017857,119.09800000000001,3.7218125000000004,64516.28512004464,7664,7424,15160,sub-physical,0.03125,0.015625,Intel(R) Xeon(R) 6760P,AVX512,"avx2,avx512f,avx512bw,avx512vl,avx512_vnni,avx512_bf16,amx_bf16,amx_int8,amx_tile,fma",True,True,,256,128,sh14l07002s1404,3.11.9,2.1.2+cu121
20260424_010536,2026-04-24T06:14:17.326734,cpu,full_mlp_capacity_search_hd32_depth5,/home/liangyi/SRS_AI/Model_AIIC_refactor/experiments_refactored/20260422_050408_full_mlp_capacity_search_v2/full_mlp_capacity_search_hd32_depth5,full_mlp_capacity_search_v2,full_mlp_capacity_search_hd32_depth5,supervised_nmse_plateau,full_mlp,12,6,eager,bf16,bfloat16,32,8,ok,,0.0,20,50,0.121373,0.01711613234115698,0.106919,0.11539150000000001,0.1364428,0.1441157,0.18114718999999985,0.21602,263650.0704440032,263.65007044400323,115.39150000000001,3.6059843750000002,32956.2588055004,7664,7424,15160,sub-physical,0.0625,0.03125,Intel(R) Xeon(R) 6760P,AVX512,"avx2,avx512f,avx512bw,avx512vl,avx512_vnni,avx512_bf16,amx_bf16,amx_int8,amx_tile,fma",True,True,,256,128,sh14l07002s1404,3.11.9,2.1.2+cu121
20260424_010536,2026-04-24T06:14:17.326734,cpu,full_mlp_capacity_search_hd32_depth5,/home/liangyi/SRS_AI/Model_AIIC_refactor/experiments_refactored/20260422_050408_full_mlp_capacity_search_v2/full_mlp_capacity_search_hd32_depth5,full_mlp_capacity_search_v2,full_mlp_capacity_search_hd32_depth5,supervised_nmse_plateau,full_mlp,12,6,eager,bf16,bfloat16,32,128,ok,,0.0,20,50,0.27225274,0.010832908645068503,0.249765,0.27105100000000004,0.2857573,0.2917973,0.29580787000000003,0.296659,117537.84369626547,117.53784369626547,271.05100000000004,8.470343750000001,918.264403877074,7664,7424,15160,all-physical,1.0,0.5,Intel(R) Xeon(R) 6760P,AVX512,"avx2,avx512f,avx512bw,avx512vl,avx512_vnni,avx512_bf16,amx_bf16,amx_int8,amx_tile,fma",True,True,,256,128,sh14l07002s1404,3.11.9,2.1.2+cu121
20260424_010536,2026-04-24T06:14:17.326734,cpu,full_mlp_capacity_search_hd32_depth5,/home/liangyi/SRS_AI/Model_AIIC_refactor/experiments_refactored/20260422_050408_full_mlp_capacity_search_v2/full_mlp_capacity_search_hd32_depth5,full_mlp_capacity_search_v2,full_mlp_capacity_search_hd32_depth5,supervised_nmse_plateau,full_mlp,12,6,eager,bf16,bfloat16,64,1,ok,,0.0,20,50,0.12987794,0.021458087199384756,0.116836,0.1257975,0.13706200000000002,0.1411798,0.21949084999999982,0.26302,492770.36577574303,492.770365775743,125.79750000000001,1.9655859375000002,492770.36577574303,7664,7424,15160,single-thread,0.0078125,0.00390625,Intel(R) Xeon(R) 6760P,AVX512,"avx2,avx512f,avx512bw,avx512vl,avx512_vnni,avx512_bf16,amx_bf16,amx_int8,amx_tile,fma",True,True,,256,128,sh14l07002s1404,3.11.9,2.1.2+cu121
20260424_010536,2026-04-24T06:14:17.326734,cpu,full_mlp_capacity_search_hd32_depth5,/home/liangyi/SRS_AI/Model_AIIC_refactor/experiments_refactored/20260422_050408_full_mlp_capacity_search_v2/full_mlp_capacity_search_hd32_depth5,full_mlp_capacity_search_v2,full_mlp_capacity_search_hd32_depth5,supervised_nmse_plateau,full_mlp,12,6,eager,bf16,bfloat16,64,2,ok,,0.0,20,50,0.14978342,0.007232106664285311,0.137955,0.148741,0.15942520000000002,0.16456189999999998,0.16977371,0.171548,427283.607224351,427.28360722435104,148.741,2.324078125,213641.8036121755,7664,7424,15160,sub-physical,0.015625,0.0078125,Intel(R) Xeon(R) 6760P,AVX512,"avx2,avx512f,avx512bw,avx512vl,avx512_vnni,avx512_bf16,amx_bf16,amx_int8,amx_tile,fma",True,True,,256,128,sh14l07002s1404,3.11.9,2.1.2+cu121
20260424_010536,2026-04-24T06:14:17.326734,cpu,full_mlp_capacity_search_hd32_depth5,/home/liangyi/SRS_AI/Model_AIIC_refactor/experiments_refactored/20260422_050408_full_mlp_capacity_search_v2/full_mlp_capacity_search_hd32_depth5,full_mlp_capacity_search_v2,full_mlp_capacity_search_hd32_depth5,supervised_nmse_plateau,full_mlp,12,6,eager,bf16,bfloat16,64,4,ok,,0.0,20,50,0.15560008,0.018401993742896448,0.13899,0.1498135,0.17302660000000003,0.18239704999999998,0.22064550999999988,0.249507,411310.84251370566,411.31084251370567,149.81349999999998,2.3408359374999996,102827.71062842642,7664,7424,15160,sub-physical,0.03125,0.015625,Intel(R) Xeon(R) 6760P,AVX512,"avx2,avx512f,avx512bw,avx512vl,avx512_vnni,avx512_bf16,amx_bf16,amx_int8,amx_tile,fma",True,True,,256,128,sh14l07002s1404,3.11.9,2.1.2+cu121
20260424_010536,2026-04-24T06:14:17.326734,cpu,full_mlp_capacity_search_hd32_depth5,/home/liangyi/SRS_AI/Model_AIIC_refactor/experiments_refactored/20260422_050408_full_mlp_capacity_search_v2/full_mlp_capacity_search_hd32_depth5,full_mlp_capacity_search_v2,full_mlp_capacity_search_hd32_depth5,supervised_nmse_plateau,full_mlp,12,6,eager,bf16,bfloat16,64,8,ok,,0.0,20,50,0.15514912,0.01262985082356874,0.141561,0.15159250000000002,0.1663071,0.18187055,0.19921362999999997,0.202895,412506.36806705705,412.50636806705705,151.59250000000003,2.3686328125000005,51563.29600838213,7664,7424,15160,sub-physical,0.0625,0.03125,Intel(R) Xeon(R) 6760P,AVX512,"avx2,avx512f,avx512bw,avx512vl,avx512_vnni,avx512_bf16,amx_bf16,amx_int8,amx_tile,fma",True,True,,256,128,sh14l07002s1404,3.11.9,2.1.2+cu121
20260424_010536,2026-04-24T06:14:17.326734,cpu,full_mlp_capacity_search_hd32_depth5,/home/liangyi/SRS_AI/Model_AIIC_refactor/experiments_refactored/20260422_050408_full_mlp_capacity_search_v2/full_mlp_capacity_search_hd32_depth5,full_mlp_capacity_search_v2,full_mlp_capacity_search_hd32_depth5,supervised_nmse_plateau,full_mlp,12,6,eager,bf16,bfloat16,64,128,ok,,0.0,20,50,0.45975526,0.01801615234483768,0.424697,0.4589355,0.4791524,0.486365,0.51071061,0.528356,139204.4976277161,139.2044976277161,458.9355,7.1708671875,1087.535137716532,7664,7424,15160,all-physical,1.0,0.5,Intel(R) Xeon(R) 6760P,AVX512,"avx2,avx512f,avx512bw,avx512vl,avx512_vnni,avx512_bf16,amx_bf16,amx_int8,amx_tile,fma",True,True,,256,128,sh14l07002s1404,3.11.9,2.1.2+cu121
20260424_010536,2026-04-24T06:14:17.326734,cpu,full_mlp_capacity_search_hd32_depth5,/home/liangyi/SRS_AI/Model_AIIC_refactor/experiments_refactored/20260422_050408_full_mlp_capacity_search_v2/full_mlp_capacity_search_hd32_depth5,full_mlp_capacity_search_v2,full_mlp_capacity_search_hd32_depth5,supervised_nmse_plateau,full_mlp,12,6,eager,bf16,bfloat16,128,1,ok,,0.0,20,50,0.14702704,0.02307356980266383,0.130718,0.140256,0.1590943,0.1615121,0.24032924999999983,0.285936,870588.1584775154,870.5881584775154,140.256,1.09575,870588.1584775154,7664,7424,15160,single-thread,0.0078125,0.00390625,Intel(R) Xeon(R) 6760P,AVX512,"avx2,avx512f,avx512bw,avx512vl,avx512_vnni,avx512_bf16,amx_bf16,amx_int8,amx_tile,fma",True,True,,256,128,sh14l07002s1404,3.11.9,2.1.2+cu121
20260424_010536,2026-04-24T06:14:17.326734,cpu,full_mlp_capacity_search_hd32_depth5,/home/liangyi/SRS_AI/Model_AIIC_refactor/experiments_refactored/20260422_050408_full_mlp_capacity_search_v2/full_mlp_capacity_search_hd32_depth5,full_mlp_capacity_search_v2,full_mlp_capacity_search_hd32_depth5,supervised_nmse_plateau,full_mlp,12,6,eager,bf16,bfloat16,128,2,ok,,0.0,20,50,0.18334568,0.010881999013857705,0.167829,0.17962050000000002,0.20032160000000002,0.20150525,0.20973981,0.211764,698134.801976245,698.1348019762451,179.62050000000002,1.4032851562500002,349067.4009881225,7664,7424,15160,sub-physical,0.015625,0.0078125,Intel(R) Xeon(R) 6760P,AVX512,"avx2,avx512f,avx512bw,avx512vl,avx512_vnni,avx512_bf16,amx_bf16,amx_int8,amx_tile,fma",True,True,,256,128,sh14l07002s1404,3.11.9,2.1.2+cu121
20260424_010536,2026-04-24T06:14:17.326734,cpu,full_mlp_capacity_search_hd32_depth5,/home/liangyi/SRS_AI/Model_AIIC_refactor/experiments_refactored/20260422_050408_full_mlp_capacity_search_v2/full_mlp_capacity_search_hd32_depth5,full_mlp_capacity_search_v2,full_mlp_capacity_search_hd32_depth5,supervised_nmse_plateau,full_mlp,12,6,eager,bf16,bfloat16,128,4,ok,,0.0,20,50,0.19742432,0.008640062757735038,0.181848,0.1962605,0.20972580000000002,0.21161215,0.21506626,0.215814,648349.7068648888,648.3497068648887,196.2605,1.53328515625,162087.4267162222,7664,7424,15160,sub-physical,0.03125,0.015625,Intel(R) Xeon(R) 6760P,AVX512,"avx2,avx512f,avx512bw,avx512vl,avx512_vnni,avx512_bf16,amx_bf16,amx_int8,amx_tile,fma",True,True,,256,128,sh14l07002s1404,3.11.9,2.1.2+cu121
20260424_010536,2026-04-24T06:14:17.326734,cpu,full_mlp_capacity_search_hd32_depth5,/home/liangyi/SRS_AI/Model_AIIC_refactor/experiments_refactored/20260422_050408_full_mlp_capacity_search_v2/full_mlp_capacity_search_hd32_depth5,full_mlp_capacity_search_v2,full_mlp_capacity_search_hd32_depth5,supervised_nmse_plateau,full_mlp,12,6,eager,bf16,bfloat16,128,8,ok,,0.0,20,50,0.1873064,0.005652615493733852,0.17693,0.18668200000000001,0.1938698,0.19798159999999998,0.20140221,0.201731,683372.2713158759,683.3722713158759,186.68200000000002,1.4584531250000001,85421.53391448449,7664,7424,15160,sub-physical,0.0625,0.03125,Intel(R) Xeon(R) 6760P,AVX512,"avx2,avx512f,avx512bw,avx512vl,avx512_vnni,avx512_bf16,amx_bf16,amx_int8,amx_tile,fma",True,True,,256,128,sh14l07002s1404,3.11.9,2.1.2+cu121
20260424_010536,2026-04-24T06:14:17.326734,cpu,full_mlp_capacity_search_hd32_depth5,/home/liangyi/SRS_AI/Model_AIIC_refactor/experiments_refactored/20260422_050408_full_mlp_capacity_search_v2/full_mlp_capacity_search_hd32_depth5,full_mlp_capacity_search_v2,full_mlp_capacity_search_hd32_depth5,supervised_nmse_plateau,full_mlp,12,6,eager,bf16,bfloat16,128,128,ok,,0.0,20,50,0.45800426,0.012285243959824325,0.429721,0.45559700000000003,0.47471349999999995,0.47971515,0.48481563,0.484871,279473.38306416624,279.4733830641662,455.59700000000004,3.5593515625000003,2183.3858051887987,7664,7424,15160,all-physical,1.0,0.5,Intel(R) Xeon(R) 6760P,AVX512,"avx2,avx512f,avx512bw,avx512vl,avx512_vnni,avx512_bf16,amx_bf16,amx_int8,amx_tile,fma",True,True,,256,128,sh14l07002s1404,3.11.9,2.1.2+cu121
20260424_010536,2026-04-24T06:14:17.326734,cpu,full_mlp_capacity_search_hd32_depth5,/home/liangyi/SRS_AI/Model_AIIC_refactor/experiments_refactored/20260422_050408_full_mlp_capacity_search_v2/full_mlp_capacity_search_hd32_depth5,full_mlp_capacity_search_v2,full_mlp_capacity_search_hd32_depth5,supervised_nmse_plateau,full_mlp,12,6,jit,fp32,float32,1,1,ok,,53.191951,20,50,0.02315568,0.000893316168889828,0.021765,0.023203500000000002,0.0240481,0.0241342,0.025970149999999997,0.026688,43185.94832887654,43.18594832887654,23.203500000000002,23.203500000000002,43185.94832887654,7664,7424,15160,single-thread,0.0078125,0.00390625,Intel(R) Xeon(R) 6760P,AVX512,"avx2,avx512f,avx512bw,avx512vl,avx512_vnni,avx512_bf16,amx_bf16,amx_int8,amx_tile,fma",True,True,,256,128,sh14l07002s1404,3.11.9,2.1.2+cu121
20260424_010536,2026-04-24T06:14:17.326734,cpu,full_mlp_capacity_search_hd32_depth5,/home/liangyi/SRS_AI/Model_AIIC_refactor/experiments_refactored/20260422_050408_full_mlp_capacity_search_v2/full_mlp_capacity_search_hd32_depth5,full_mlp_capacity_search_v2,full_mlp_capacity_search_hd32_depth5,supervised_nmse_plateau,full_mlp,12,6,jit,fp32,float32,1,2,ok,,53.284428,20,50,0.02373346,0.0009462102981895727,0.02186,0.0233135,0.0248974,0.0253608,0.02631782,0.026407,42134.60658496485,42.13460658496485,23.3135,23.3135,21067.303292482426,7664,7424,15160,sub-physical,0.015625,0.0078125,Intel(R) Xeon(R) 6760P,AVX512,"avx2,avx512f,avx512bw,avx512vl,avx512_vnni,avx512_bf16,amx_bf16,amx_int8,amx_tile,fma",True,True,,256,128,sh14l07002s1404,3.11.9,2.1.2+cu121
20260424_010536,2026-04-24T06:14:17.326734,cpu,full_mlp_capacity_search_hd32_depth5,/home/liangyi/SRS_AI/Model_AIIC_refactor/experiments_refactored/20260422_050408_full_mlp_capacity_search_v2/full_mlp_capacity_search_hd32_depth5,full_mlp_capacity_search_v2,full_mlp_capacity_search_hd32_depth5,supervised_nmse_plateau,full_mlp,12,6,jit,fp32,float32,1,4,ok,,52.412039,20,50,0.02350482,0.0008321948735722901,0.022061,0.023671,0.0241227,0.024787399999999998,0.025773499999999998,0.026092,42544.465347958416,42.544465347958415,23.671,23.671,10636.116336989604,7664,7424,15160,sub-physical,0.03125,0.015625,Intel(R) Xeon(R) 6760P,AVX512,"avx2,avx512f,avx512bw,avx512vl,avx512_vnni,avx512_bf16,amx_bf16,amx_int8,amx_tile,fma",True,True,,256,128,sh14l07002s1404,3.11.9,2.1.2+cu121
20260424_010536,2026-04-24T06:14:17.326734,cpu,full_mlp_capacity_search_hd32_depth5,/home/liangyi/SRS_AI/Model_AIIC_refactor/experiments_refactored/20260422_050408_full_mlp_capacity_search_v2/full_mlp_capacity_search_hd32_depth5,full_mlp_capacity_search_v2,full_mlp_capacity_search_hd32_depth5,supervised_nmse_plateau,full_mlp,12,6,jit,fp32,float32,1,8,ok,,52.839572,20,50,0.02358926,0.0008096322328069701,0.022643,0.0231605,0.0245913,0.0247661,0.02583706,0.026036,42392.17338738053,42.39217338738053,23.1605,23.1605,5299.021673422566,7664,7424,15160,sub-physical,0.0625,0.03125,Intel(R) Xeon(R) 6760P,AVX512,"avx2,avx512f,avx512bw,avx512vl,avx512_vnni,avx512_bf16,amx_bf16,amx_int8,amx_tile,fma",True,True,,256,128,sh14l07002s1404,3.11.9,2.1.2+cu121
20260424_010536,2026-04-24T06:14:17.326734,cpu,full_mlp_capacity_search_hd32_depth5,/home/liangyi/SRS_AI/Model_AIIC_refactor/experiments_refactored/20260422_050408_full_mlp_capacity_search_v2/full_mlp_capacity_search_hd32_depth5,full_mlp_capacity_search_v2,full_mlp_capacity_search_hd32_depth5,supervised_nmse_plateau,full_mlp,12,6,jit,fp32,float32,1,128,ok,,53.98955,20,50,0.02353984,0.0008586509968549506,0.022187,0.02365,0.0242296,0.0243459,0.026381039999999994,0.027706,42481.172344416955,42.481172344416954,23.650000000000002,23.650000000000002,331.88415894075746,7664,7424,15160,all-physical,1.0,0.5,Intel(R) Xeon(R) 6760P,AVX512,"avx2,avx512f,avx512bw,avx512vl,avx512_vnni,avx512_bf16,amx_bf16,amx_int8,amx_tile,fma",True,True,,256,128,sh14l07002s1404,3.11.9,2.1.2+cu121
20260424_010536,2026-04-24T06:14:17.326734,cpu,full_mlp_capacity_search_hd32_depth5,/home/liangyi/SRS_AI/Model_AIIC_refactor/experiments_refactored/20260422_050408_full_mlp_capacity_search_v2/full_mlp_capacity_search_hd32_depth5,full_mlp_capacity_search_v2,full_mlp_capacity_search_hd32_depth5,supervised_nmse_plateau,full_mlp,12,6,jit,fp32,float32,2,1,ok,,53.302131,20,50,0.0245523,0.0010859728035268656,0.023274,0.0245615,0.0251054,0.025641499999999998,0.028746909999999994,0.030384,81458.76353742827,81.45876353742827,24.5615,12.28075,81458.76353742827,7664,7424,15160,single-thread,0.0078125,0.00390625,Intel(R) Xeon(R) 6760P,AVX512,"avx2,avx512f,avx512bw,avx512vl,avx512_vnni,avx512_bf16,amx_bf16,amx_int8,amx_tile,fma",True,True,,256,128,sh14l07002s1404,3.11.9,2.1.2+cu121
20260424_010536,2026-04-24T06:14:17.326734,cpu,full_mlp_capacity_search_hd32_depth5,/home/liangyi/SRS_AI/Model_AIIC_refactor/experiments_refactored/20260422_050408_full_mlp_capacity_search_v2/full_mlp_capacity_search_hd32_depth5,full_mlp_capacity_search_v2,full_mlp_capacity_search_hd32_depth5,supervised_nmse_plateau,full_mlp,12,6,jit,fp32,float32,2,2,ok,,53.400738,20,50,0.02510166,0.0009808059667436777,0.023935,0.024923,0.0252441,0.025372649999999997,0.02974009,0.029818,79676.00549127029,79.67600549127029,24.923000000000002,12.461500000000001,39838.002745635145,7664,7424,15160,sub-physical,0.015625,0.0078125,Intel(R) Xeon(R) 6760P,AVX512,"avx2,avx512f,avx512bw,avx512vl,avx512_vnni,avx512_bf16,amx_bf16,amx_int8,amx_tile,fma",True,True,,256,128,sh14l07002s1404,3.11.9,2.1.2+cu121
20260424_010536,2026-04-24T06:14:17.326734,cpu,full_mlp_capacity_search_hd32_depth5,/home/liangyi/SRS_AI/Model_AIIC_refactor/experiments_refactored/20260422_050408_full_mlp_capacity_search_v2/full_mlp_capacity_search_hd32_depth5,full_mlp_capacity_search_v2,full_mlp_capacity_search_hd32_depth5,supervised_nmse_plateau,full_mlp,12,6,jit,fp32,float32,2,4,ok,,51.704462,20,50,0.02544308,0.001043784380799023,0.024305,0.024886,0.026512400000000002,0.027286249999999998,0.02863257,0.028832,78606.83533597348,78.60683533597347,24.886,12.443,19651.70883399337,7664,7424,15160,sub-physical,0.03125,0.015625,Intel(R) Xeon(R) 6760P,AVX512,"avx2,avx512f,avx512bw,avx512vl,avx512_vnni,avx512_bf16,amx_bf16,amx_int8,amx_tile,fma",True,True,,256,128,sh14l07002s1404,3.11.9,2.1.2+cu121
20260424_010536,2026-04-24T06:14:17.326734,cpu,full_mlp_capacity_search_hd32_depth5,/home/liangyi/SRS_AI/Model_AIIC_refactor/experiments_refactored/20260422_050408_full_mlp_capacity_search_v2/full_mlp_capacity_search_hd32_depth5,full_mlp_capacity_search_v2,full_mlp_capacity_search_hd32_depth5,supervised_nmse_plateau,full_mlp,12,6,jit,fp32,float32,2,8,ok,,51.286033,20,50,0.02541656,0.0011977517966590577,0.023442,0.0249605,0.026448,0.027332099999999998,0.029699779999999995,0.031502,78688.85482535795,78.68885482535795,24.9605,12.48025,9836.106853169744,7664,7424,15160,sub-physical,0.0625,0.03125,Intel(R) Xeon(R) 6760P,AVX512,"avx2,avx512f,avx512bw,avx512vl,avx512_vnni,avx512_bf16,amx_bf16,amx_int8,amx_tile,fma",True,True,,256,128,sh14l07002s1404,3.11.9,2.1.2+cu121
20260424_010536,2026-04-24T06:14:17.326734,cpu,full_mlp_capacity_search_hd32_depth5,/home/liangyi/SRS_AI/Model_AIIC_refactor/experiments_refactored/20260422_050408_full_mlp_capacity_search_v2/full_mlp_capacity_search_hd32_depth5,full_mlp_capacity_search_v2,full_mlp_capacity_search_hd32_depth5,supervised_nmse_plateau,full_mlp,12,6,jit,fp32,float32,2,128,ok,,60.300552,20,50,0.0239483,0.0008047808210935448,0.023341,0.0237375,0.0243397,0.025269499999999997,0.027297299999999997,0.028243,83513.23475987857,83.51323475987857,23.7375,11.86875,652.4471465615513,7664,7424,15160,all-physical,1.0,0.5,Intel(R) Xeon(R) 6760P,AVX512,"avx2,avx512f,avx512bw,avx512vl,avx512_vnni,avx512_bf16,amx_bf16,amx_int8,amx_tile,fma",True,True,,256,128,sh14l07002s1404,3.11.9,2.1.2+cu121
20260424_010536,2026-04-24T06:14:17.326734,cpu,full_mlp_capacity_search_hd32_depth5,/home/liangyi/SRS_AI/Model_AIIC_refactor/experiments_refactored/20260422_050408_full_mlp_capacity_search_v2/full_mlp_capacity_search_hd32_depth5,full_mlp_capacity_search_v2,full_mlp_capacity_search_hd32_depth5,supervised_nmse_plateau,full_mlp,12,6,jit,fp32,float32,4,1,ok,,53.977424,20,50,0.02556866,0.0012489344996435966,0.024966,0.0253605,0.0256418,0.0257422,0.031555,0.032633,156441.51864039805,156.44151864039804,25.360500000000002,6.3401250000000005,156441.51864039805,7664,7424,15160,single-thread,0.0078125,0.00390625,Intel(R) Xeon(R) 6760P,AVX512,"avx2,avx512f,avx512bw,avx512vl,avx512_vnni,avx512_bf16,amx_bf16,amx_int8,amx_tile,fma",True,True,,256,128,sh14l07002s1404,3.11.9,2.1.2+cu121
20260424_010536,2026-04-24T06:14:17.326734,cpu,full_mlp_capacity_search_hd32_depth5,/home/liangyi/SRS_AI/Model_AIIC_refactor/experiments_refactored/20260422_050408_full_mlp_capacity_search_v2/full_mlp_capacity_search_hd32_depth5,full_mlp_capacity_search_v2,full_mlp_capacity_search_hd32_depth5,supervised_nmse_plateau,full_mlp,12,6,jit,fp32,float32,4,2,ok,,52.946474,20,50,0.02509886,0.0013286670916373296,0.023826,0.025158,0.0257822,0.0258906,0.03029654999999999,0.032847,159369.78810989822,159.36978810989822,25.158,6.2895,79684.89405494911,7664,7424,15160,sub-physical,0.015625,0.0078125,Intel(R) Xeon(R) 6760P,AVX512,"avx2,avx512f,avx512bw,avx512vl,avx512_vnni,avx512_bf16,amx_bf16,amx_int8,amx_tile,fma",True,True,,256,128,sh14l07002s1404,3.11.9,2.1.2+cu121
20260424_010536,2026-04-24T06:14:17.326734,cpu,full_mlp_capacity_search_hd32_depth5,/home/liangyi/SRS_AI/Model_AIIC_refactor/experiments_refactored/20260422_050408_full_mlp_capacity_search_v2/full_mlp_capacity_search_hd32_depth5,full_mlp_capacity_search_v2,full_mlp_capacity_search_hd32_depth5,supervised_nmse_plateau,full_mlp,12,6,jit,fp32,float32,4,4,ok,,52.930096,20,50,0.0251406,0.001558799153194535,0.023912,0.024940999999999998,0.0258077,0.0259865,0.03154773999999999,0.034377,159105.1923979539,159.1051923979539,24.941,6.23525,39776.29809948848,7664,7424,15160,sub-physical,0.03125,0.015625,Intel(R) Xeon(R) 6760P,AVX512,"avx2,avx512f,avx512bw,avx512vl,avx512_vnni,avx512_bf16,amx_bf16,amx_int8,amx_tile,fma",True,True,,256,128,sh14l07002s1404,3.11.9,2.1.2+cu121
20260424_010536,2026-04-24T06:14:17.326734,cpu,full_mlp_capacity_search_hd32_depth5,/home/liangyi/SRS_AI/Model_AIIC_refactor/experiments_refactored/20260422_050408_full_mlp_capacity_search_v2/full_mlp_capacity_search_hd32_depth5,full_mlp_capacity_search_v2,full_mlp_capacity_search_hd32_depth5,supervised_nmse_plateau,full_mlp,12,6,jit,fp32,float32,4,8,ok,,50.985201,20,50,0.02566356,0.001356844370736747,0.024595,0.0251825,0.0267791,0.028715149999999995,0.030874249999999995,0.031254,155863.0213423235,155.86302134232352,25.1825,6.295625,19482.87766779044,7664,7424,15160,sub-physical,0.0625,0.03125,Intel(R) Xeon(R) 6760P,AVX512,"avx2,avx512f,avx512bw,avx512vl,avx512_vnni,avx512_bf16,amx_bf16,amx_int8,amx_tile,fma",True,True,,256,128,sh14l07002s1404,3.11.9,2.1.2+cu121
20260424_010536,2026-04-24T06:14:17.326734,cpu,full_mlp_capacity_search_hd32_depth5,/home/liangyi/SRS_AI/Model_AIIC_refactor/experiments_refactored/20260422_050408_full_mlp_capacity_search_v2/full_mlp_capacity_search_hd32_depth5,full_mlp_capacity_search_v2,full_mlp_capacity_search_hd32_depth5,supervised_nmse_plateau,full_mlp,12,6,jit,fp32,float32,4,128,ok,,58.476043,20,50,0.02486574,0.0014897010547086284,0.024069,0.0244425,0.0257182,0.0259995,0.03174903,0.032755,160863.9035073961,160.86390350739612,24.4425,6.110625,1256.7492461515321,7664,7424,15160,all-physical,1.0,0.5,Intel(R) Xeon(R) 6760P,AVX512,"avx2,avx512f,avx512bw,avx512vl,avx512_vnni,avx512_bf16,amx_bf16,amx_int8,amx_tile,fma",True,True,,256,128,sh14l07002s1404,3.11.9,2.1.2+cu121
20260424_010536,2026-04-24T06:14:17.326734,cpu,full_mlp_capacity_search_hd32_depth5,/home/liangyi/SRS_AI/Model_AIIC_refactor/experiments_refactored/20260422_050408_full_mlp_capacity_search_v2/full_mlp_capacity_search_hd32_depth5,full_mlp_capacity_search_v2,full_mlp_capacity_search_hd32_depth5,supervised_nmse_plateau,full_mlp,12,6,jit,fp32,float32,8,1,ok,,52.852448,20,50,0.025775,0.0011325952675161593,0.024055,0.025499,0.025849300000000002,0.02760225,0.030703249999999998,0.031524,310378.27352085355,310.37827352085355,25.499000000000002,3.1873750000000003,310378.27352085355,7664,7424,15160,single-thread,0.0078125,0.00390625,Intel(R) Xeon(R) 6760P,AVX512,"avx2,avx512f,avx512bw,avx512vl,avx512_vnni,avx512_bf16,amx_bf16,amx_int8,amx_tile,fma",True,True,,256,128,sh14l07002s1404,3.11.9,2.1.2+cu121
20260424_010536,2026-04-24T06:14:17.326734,cpu,full_mlp_capacity_search_hd32_depth5,/home/liangyi/SRS_AI/Model_AIIC_refactor/experiments_refactored/20260422_050408_full_mlp_capacity_search_v2/full_mlp_capacity_search_hd32_depth5,full_mlp_capacity_search_v2,full_mlp_capacity_search_hd32_depth5,supervised_nmse_plateau,full_mlp,12,6,jit,fp32,float32,8,2,ok,,51.794395,20,50,0.02576044,0.000626835390194268,0.024058,0.0256745,0.026053200000000002,0.02621735,0.02835391,0.028521,310553.7017224861,310.5537017224861,25.6745,3.2093125,155276.85086124306,7664,7424,15160,sub-physical,0.015625,0.0078125,Intel(R) Xeon(R) 6760P,AVX512,"avx2,avx512f,avx512bw,avx512vl,avx512_vnni,avx512_bf16,amx_bf16,amx_int8,amx_tile,fma",True,True,,256,128,sh14l07002s1404,3.11.9,2.1.2+cu121
20260424_010536,2026-04-24T06:14:17.326734,cpu,full_mlp_capacity_search_hd32_depth5,/home/liangyi/SRS_AI/Model_AIIC_refactor/experiments_refactored/20260422_050408_full_mlp_capacity_search_v2/full_mlp_capacity_search_hd32_depth5,full_mlp_capacity_search_v2,full_mlp_capacity_search_hd32_depth5,supervised_nmse_plateau,full_mlp,12,6,jit,fp32,float32,8,4,ok,,51.489301,20,50,0.02623732,0.0012588016116926448,0.02432,0.025632000000000002,0.0272492,0.027566499999999997,0.030607879999999994,0.03266,304909.19042036304,304.909190420363,25.632,3.204,76227.29760509076,7664,7424,15160,sub-physical,0.03125,0.015625,Intel(R) Xeon(R) 6760P,AVX512,"avx2,avx512f,avx512bw,avx512vl,avx512_vnni,avx512_bf16,amx_bf16,amx_int8,amx_tile,fma",True,True,,256,128,sh14l07002s1404,3.11.9,2.1.2+cu121
20260424_010536,2026-04-24T06:14:17.326734,cpu,full_mlp_capacity_search_hd32_depth5,/home/liangyi/SRS_AI/Model_AIIC_refactor/experiments_refactored/20260422_050408_full_mlp_capacity_search_v2/full_mlp_capacity_search_hd32_depth5,full_mlp_capacity_search_v2,full_mlp_capacity_search_hd32_depth5,supervised_nmse_plateau,full_mlp,12,6,jit,fp32,float32,8,8,ok,,51.290578,20,50,0.02596314,0.0010911728737464106,0.024841,0.025766499999999998,0.026071800000000003,0.02621695,0.03113353,0.03138,308129.14000386704,308.12914000386706,25.766499999999997,3.2208124999999996,38516.14250048338,7664,7424,15160,sub-physical,0.0625,0.03125,Intel(R) Xeon(R) 6760P,AVX512,"avx2,avx512f,avx512bw,avx512vl,avx512_vnni,avx512_bf16,amx_bf16,amx_int8,amx_tile,fma",True,True,,256,128,sh14l07002s1404,3.11.9,2.1.2+cu121
20260424_010536,2026-04-24T06:14:17.326734,cpu,full_mlp_capacity_search_hd32_depth5,/home/liangyi/SRS_AI/Model_AIIC_refactor/experiments_refactored/20260422_050408_full_mlp_capacity_search_v2/full_mlp_capacity_search_hd32_depth5,full_mlp_capacity_search_v2,full_mlp_capacity_search_hd32_depth5,supervised_nmse_plateau,full_mlp,12,6,jit,fp32,float32,8,128,ok,,54.917857,20,50,0.02531126,0.0010693392690816136,0.024104,0.0254575,0.025811,0.026082249999999998,0.029398729999999994,0.030586,316064.86599244765,316.06486599244766,25.4575,3.1821875,2469.2567655659973,7664,7424,15160,all-physical,1.0,0.5,Intel(R) Xeon(R) 6760P,AVX512,"avx2,avx512f,avx512bw,avx512vl,avx512_vnni,avx512_bf16,amx_bf16,amx_int8,amx_tile,fma",True,True,,256,128,sh14l07002s1404,3.11.9,2.1.2+cu121
20260424_010536,2026-04-24T06:14:17.326734,cpu,full_mlp_capacity_search_hd32_depth5,/home/liangyi/SRS_AI/Model_AIIC_refactor/experiments_refactored/20260422_050408_full_mlp_capacity_search_v2/full_mlp_capacity_search_hd32_depth5,full_mlp_capacity_search_v2,full_mlp_capacity_search_hd32_depth5,supervised_nmse_plateau,full_mlp,12,6,jit,fp32,float32,16,1,ok,,53.210715,20,50,0.02739492,0.0006810213165533073,0.026282,0.0276,0.028138100000000003,0.02822785,0.02904996,0.02944,584049.8895415646,584.0498895415647,27.599999999999998,1.7249999999999999,584049.8895415646,7664,7424,15160,single-thread,0.0078125,0.00390625,Intel(R) Xeon(R) 6760P,AVX512,"avx2,avx512f,avx512bw,avx512vl,avx512_vnni,avx512_bf16,amx_bf16,amx_int8,amx_tile,fma",True,True,,256,128,sh14l07002s1404,3.11.9,2.1.2+cu121
20260424_010536,2026-04-24T06:14:17.326734,cpu,full_mlp_capacity_search_hd32_depth5,/home/liangyi/SRS_AI/Model_AIIC_refactor/experiments_refactored/20260422_050408_full_mlp_capacity_search_v2/full_mlp_capacity_search_hd32_depth5,full_mlp_capacity_search_v2,full_mlp_capacity_search_hd32_depth5,supervised_nmse_plateau,full_mlp,12,6,jit,fp32,float32,16,2,ok,,53.284262,20,50,0.02783792,0.001354111219065849,0.026889,0.027391,0.029921600000000003,0.031165999999999996,0.032602759999999995,0.033277,574755.5851873991,574.7555851873991,27.391,1.7119375,287377.79259369953,7664,7424,15160,sub-physical,0.015625,0.0078125,Intel(R) Xeon(R) 6760P,AVX512,"avx2,avx512f,avx512bw,avx512vl,avx512_vnni,avx512_bf16,amx_bf16,amx_int8,amx_tile,fma",True,True,,256,128,sh14l07002s1404,3.11.9,2.1.2+cu121
20260424_010536,2026-04-24T06:14:17.326734,cpu,full_mlp_capacity_search_hd32_depth5,/home/liangyi/SRS_AI/Model_AIIC_refactor/experiments_refactored/20260422_050408_full_mlp_capacity_search_v2/full_mlp_capacity_search_hd32_depth5,full_mlp_capacity_search_v2,full_mlp_capacity_search_hd32_depth5,supervised_nmse_plateau,full_mlp,12,6,jit,fp32,float32,16,4,ok,,52.858402,20,50,0.0275232,0.0009526709400417337,0.026533,0.0272565,0.028355699999999998,0.02851365,0.03102876,0.031556,581327.7525869085,581.3277525869086,27.2565,1.70353125,145331.93814672713,7664,7424,15160,sub-physical,0.03125,0.015625,Intel(R) Xeon(R) 6760P,AVX512,"avx2,avx512f,avx512bw,avx512vl,avx512_vnni,avx512_bf16,amx_bf16,amx_int8,amx_tile,fma",True,True,,256,128,sh14l07002s1404,3.11.9,2.1.2+cu121
20260424_010536,2026-04-24T06:14:17.326734,cpu,full_mlp_capacity_search_hd32_depth5,/home/liangyi/SRS_AI/Model_AIIC_refactor/experiments_refactored/20260422_050408_full_mlp_capacity_search_v2/full_mlp_capacity_search_hd32_depth5,full_mlp_capacity_search_v2,full_mlp_capacity_search_hd32_depth5,supervised_nmse_plateau,full_mlp,12,6,jit,fp32,float32,16,8,ok,,53.141413,20,50,0.02659598,0.00143084359019426,0.025487,0.026099499999999998,0.0272693,0.029205500000000002,0.032535749999999995,0.032891,601594.677090297,601.594677090297,26.0995,1.63121875,75199.33463628712,7664,7424,15160,sub-physical,0.0625,0.03125,Intel(R) Xeon(R) 6760P,AVX512,"avx2,avx512f,avx512bw,avx512vl,avx512_vnni,avx512_bf16,amx_bf16,amx_int8,amx_tile,fma",True,True,,256,128,sh14l07002s1404,3.11.9,2.1.2+cu121
20260424_010536,2026-04-24T06:14:17.326734,cpu,full_mlp_capacity_search_hd32_depth5,/home/liangyi/SRS_AI/Model_AIIC_refactor/experiments_refactored/20260422_050408_full_mlp_capacity_search_v2/full_mlp_capacity_search_hd32_depth5,full_mlp_capacity_search_v2,full_mlp_capacity_search_hd32_depth5,supervised_nmse_plateau,full_mlp,12,6,jit,fp32,float32,16,128,ok,,53.897348,20,50,0.02877646,0.0028171055728176035,0.026596,0.0271345,0.0340509,0.0345273,0.034929339999999996,0.034946,556010.0165204477,556.0100165204477,27.1345,1.69590625,4343.8282540659975,7664,7424,15160,all-physical,1.0,0.5,Intel(R) Xeon(R) 6760P,AVX512,"avx2,avx512f,avx512bw,avx512vl,avx512_vnni,avx512_bf16,amx_bf16,amx_int8,amx_tile,fma",True,True,,256,128,sh14l07002s1404,3.11.9,2.1.2+cu121
20260424_010536,2026-04-24T06:14:17.326734,cpu,full_mlp_capacity_search_hd32_depth5,/home/liangyi/SRS_AI/Model_AIIC_refactor/experiments_refactored/20260422_050408_full_mlp_capacity_search_v2/full_mlp_capacity_search_hd32_depth5,full_mlp_capacity_search_v2,full_mlp_capacity_search_hd32_depth5,supervised_nmse_plateau,full_mlp,12,6,jit,fp32,float32,32,1,ok,,53.139789,20,50,0.0303112,0.0008036268288204417,0.029125,0.0301715,0.0307228,0.0313672,0.03365380999999999,0.034551,1055715.3791337856,1055.7153791337855,30.1715,0.942859375,1055715.3791337856,7664,7424,15160,single-thread,0.0078125,0.00390625,Intel(R) Xeon(R) 6760P,AVX512,"avx2,avx512f,avx512bw,avx512vl,avx512_vnni,avx512_bf16,amx_bf16,amx_int8,amx_tile,fma",True,True,,256,128,sh14l07002s1404,3.11.9,2.1.2+cu121
20260424_010536,2026-04-24T06:14:17.326734,cpu,full_mlp_capacity_search_hd32_depth5,/home/liangyi/SRS_AI/Model_AIIC_refactor/experiments_refactored/20260422_050408_full_mlp_capacity_search_v2/full_mlp_capacity_search_hd32_depth5,full_mlp_capacity_search_v2,full_mlp_capacity_search_hd32_depth5,supervised_nmse_plateau,full_mlp,12,6,jit,fp32,float32,32,2,ok,,52.396539,20,50,0.03032154,0.0012475898558420551,0.028581,0.0300775,0.030643,0.03238325,0.03549975999999999,0.036566,1055355.3678342195,1055.3553678342196,30.0775,0.939921875,527677.6839171097,7664,7424,15160,sub-physical,0.015625,0.0078125,Intel(R) Xeon(R) 6760P,AVX512,"avx2,avx512f,avx512bw,avx512vl,avx512_vnni,avx512_bf16,amx_bf16,amx_int8,amx_tile,fma",True,True,,256,128,sh14l07002s1404,3.11.9,2.1.2+cu121
20260424_010536,2026-04-24T06:14:17.326734,cpu,full_mlp_capacity_search_hd32_depth5,/home/liangyi/SRS_AI/Model_AIIC_refactor/experiments_refactored/20260422_050408_full_mlp_capacity_search_v2/full_mlp_capacity_search_hd32_depth5,full_mlp_capacity_search_v2,full_mlp_capacity_search_hd32_depth5,supervised_nmse_plateau,full_mlp,12,6,jit,fp32,float32,32,4,ok,,52.266005,20,50,0.03570872,0.0011513597533351597,0.034081,0.035469,0.0364475,0.037934749999999996,0.04018973,0.040495,896139.6544037423,896.1396544037423,35.469,1.10840625,224034.91360093557,7664,7424,15160,sub-physical,0.03125,0.015625,Intel(R) Xeon(R) 6760P,AVX512,"avx2,avx512f,avx512bw,avx512vl,avx512_vnni,avx512_bf16,amx_bf16,amx_int8,amx_tile,fma",True,True,,256,128,sh14l07002s1404,3.11.9,2.1.2+cu121
20260424_010536,2026-04-24T06:14:17.326734,cpu,full_mlp_capacity_search_hd32_depth5,/home/liangyi/SRS_AI/Model_AIIC_refactor/experiments_refactored/20260422_050408_full_mlp_capacity_search_v2/full_mlp_capacity_search_hd32_depth5,full_mlp_capacity_search_v2,full_mlp_capacity_search_hd32_depth5,supervised_nmse_plateau,full_mlp,12,6,jit,fp32,float32,32,8,ok,,51.691596,20,50,0.03131364,0.003496017675927855,0.028121,0.029511,0.0372811,0.037747750000000004,0.04116205,0.041385,1021918.882633894,1021.918882633894,29.511,0.92221875,127739.86032923675,7664,7424,15160,sub-physical,0.0625,0.03125,Intel(R) Xeon(R) 6760P,AVX512,"avx2,avx512f,avx512bw,avx512vl,avx512_vnni,avx512_bf16,amx_bf16,amx_int8,amx_tile,fma",True,True,,256,128,sh14l07002s1404,3.11.9,2.1.2+cu121
20260424_010536,2026-04-24T06:14:17.326734,cpu,full_mlp_capacity_search_hd32_depth5,/home/liangyi/SRS_AI/Model_AIIC_refactor/experiments_refactored/20260422_050408_full_mlp_capacity_search_v2/full_mlp_capacity_search_hd32_depth5,full_mlp_capacity_search_v2,full_mlp_capacity_search_hd32_depth5,supervised_nmse_plateau,full_mlp,12,6,jit,fp32,float32,32,128,ok,,59.049358,20,50,0.0309238,0.005629863238125771,0.028988,0.0300505,0.0305239,0.031658349999999995,0.05193326999999992,0.070101,1034801.6737917073,1034.8016737917073,30.0505,0.939078125,8084.388076497713,7664,7424,15160,all-physical,1.0,0.5,Intel(R) Xeon(R) 6760P,AVX512,"avx2,avx512f,avx512bw,avx512vl,avx512_vnni,avx512_bf16,amx_bf16,amx_int8,amx_tile,fma",True,True,,256,128,sh14l07002s1404,3.11.9,2.1.2+cu121
20260424_010536,2026-04-24T06:14:17.326734,cpu,full_mlp_capacity_search_hd32_depth5,/home/liangyi/SRS_AI/Model_AIIC_refactor/experiments_refactored/20260422_050408_full_mlp_capacity_search_v2/full_mlp_capacity_search_hd32_depth5,full_mlp_capacity_search_v2,full_mlp_capacity_search_hd32_depth5,supervised_nmse_plateau,full_mlp,12,6,jit,fp32,float32,64,1,ok,,54.923368,20,50,0.03514708,0.0013316856211583873,0.033295,0.03489250000000001,0.0356876,0.03732055,0.040576869999999994,0.042702,1820919.4049690615,1820.9194049690616,34.892500000000005,0.5451953125000001,1820919.4049690615,7664,7424,15160,single-thread,0.0078125,0.00390625,Intel(R) Xeon(R) 6760P,AVX512,"avx2,avx512f,avx512bw,avx512vl,avx512_vnni,avx512_bf16,amx_bf16,amx_int8,amx_tile,fma",True,True,,256,128,sh14l07002s1404,3.11.9,2.1.2+cu121
20260424_010536,2026-04-24T06:14:17.326734,cpu,full_mlp_capacity_search_hd32_depth5,/home/liangyi/SRS_AI/Model_AIIC_refactor/experiments_refactored/20260422_050408_full_mlp_capacity_search_v2/full_mlp_capacity_search_hd32_depth5,full_mlp_capacity_search_v2,full_mlp_capacity_search_hd32_depth5,supervised_nmse_plateau,full_mlp,12,6,jit,fp32,float32,64,2,ok,,53.763298,20,50,0.04650558,0.0015054165415591795,0.043234,0.046326,0.048094200000000004,0.048619499999999996,0.05113436,0.051887,1376178.9445481596,1376.1789445481595,46.326,0.72384375,688089.4722740798,7664,7424,15160,sub-physical,0.015625,0.0078125,Intel(R) Xeon(R) 6760P,AVX512,"avx2,avx512f,avx512bw,avx512vl,avx512_vnni,avx512_bf16,amx_bf16,amx_int8,amx_tile,fma",True,True,,256,128,sh14l07002s1404,3.11.9,2.1.2+cu121
20260424_010536,2026-04-24T06:14:17.326734,cpu,full_mlp_capacity_search_hd32_depth5,/home/liangyi/SRS_AI/Model_AIIC_refactor/experiments_refactored/20260422_050408_full_mlp_capacity_search_v2/full_mlp_capacity_search_hd32_depth5,full_mlp_capacity_search_v2,full_mlp_capacity_search_hd32_depth5,supervised_nmse_plateau,full_mlp,12,6,jit,fp32,float32,64,4,ok,,52.87324,20,50,0.04369798,0.0013186774964334528,0.040764,0.0435795,0.0449216,0.04554515,0.047862369999999994,0.048934,1464598.5924292153,1464.5985924292154,43.5795,0.6809296875,366149.64810730383,7664,7424,15160,sub-physical,0.03125,0.015625,Intel(R) Xeon(R) 6760P,AVX512,"avx2,avx512f,avx512bw,avx512vl,avx512_vnni,avx512_bf16,amx_bf16,amx_int8,amx_tile,fma",True,True,,256,128,sh14l07002s1404,3.11.9,2.1.2+cu121
20260424_010536,2026-04-24T06:14:17.326734,cpu,full_mlp_capacity_search_hd32_depth5,/home/liangyi/SRS_AI/Model_AIIC_refactor/experiments_refactored/20260422_050408_full_mlp_capacity_search_v2/full_mlp_capacity_search_hd32_depth5,full_mlp_capacity_search_v2,full_mlp_capacity_search_hd32_depth5,supervised_nmse_plateau,full_mlp,12,6,jit,fp32,float32,64,8,ok,,52.926256,20,50,0.04257806,0.0016677438341663867,0.039464,0.0422415,0.0437875,0.04486539999999999,0.04883882,0.049516,1503121.5607286945,1503.1215607286945,42.2415,0.6600234375,187890.19509108682,7664,7424,15160,sub-physical,0.0625,0.03125,Intel(R) Xeon(R) 6760P,AVX512,"avx2,avx512f,avx512bw,avx512vl,avx512_vnni,avx512_bf16,amx_bf16,amx_int8,amx_tile,fma",True,True,,256,128,sh14l07002s1404,3.11.9,2.1.2+cu121
20260424_010536,2026-04-24T06:14:17.326734,cpu,full_mlp_capacity_search_hd32_depth5,/home/liangyi/SRS_AI/Model_AIIC_refactor/experiments_refactored/20260422_050408_full_mlp_capacity_search_v2/full_mlp_capacity_search_hd32_depth5,full_mlp_capacity_search_v2,full_mlp_capacity_search_hd32_depth5,supervised_nmse_plateau,full_mlp,12,6,jit,fp32,float32,64,128,ok,,79.335692,20,50,0.1517986,0.009592425626503443,0.134055,0.150166,0.1647294,0.16802385,0.17302337999999998,0.17608,421611.2665070692,421.61126650706916,150.166,2.34634375,3293.838019586478,7664,7424,15160,all-physical,1.0,0.5,Intel(R) Xeon(R) 6760P,AVX512,"avx2,avx512f,avx512bw,avx512vl,avx512_vnni,avx512_bf16,amx_bf16,amx_int8,amx_tile,fma",True,True,,256,128,sh14l07002s1404,3.11.9,2.1.2+cu121
20260424_010536,2026-04-24T06:14:17.326734,cpu,full_mlp_capacity_search_hd32_depth5,/home/liangyi/SRS_AI/Model_AIIC_refactor/experiments_refactored/20260422_050408_full_mlp_capacity_search_v2/full_mlp_capacity_search_hd32_depth5,full_mlp_capacity_search_v2,full_mlp_capacity_search_hd32_depth5,supervised_nmse_plateau,full_mlp,12,6,jit,fp32,float32,128,1,ok,,52.712458,20,50,0.04412288,0.0013626816890235228,0.042821,0.0438845,0.0445123,0.045251,0.04931548999999999,0.053039,2900989.237329929,2900.989237329929,43.8845,0.34284765625,2900989.237329929,7664,7424,15160,single-thread,0.0078125,0.00390625,Intel(R) Xeon(R) 6760P,AVX512,"avx2,avx512f,avx512bw,avx512vl,avx512_vnni,avx512_bf16,amx_bf16,amx_int8,amx_tile,fma",True,True,,256,128,sh14l07002s1404,3.11.9,2.1.2+cu121
20260424_010536,2026-04-24T06:14:17.326734,cpu,full_mlp_capacity_search_hd32_depth5,/home/liangyi/SRS_AI/Model_AIIC_refactor/experiments_refactored/20260422_050408_full_mlp_capacity_search_v2/full_mlp_capacity_search_hd32_depth5,full_mlp_capacity_search_v2,full_mlp_capacity_search_hd32_depth5,supervised_nmse_plateau,full_mlp,12,6,jit,fp32,float32,128,2,ok,,53.640196,20,50,0.06840108,0.0024087112474516334,0.061606,0.0683685,0.07189040000000001,0.0724507,0.07375554,0.074713,1871315.4821532057,1871.3154821532057,68.3685,0.53412890625,935657.7410766028,7664,7424,15160,sub-physical,0.015625,0.0078125,Intel(R) Xeon(R) 6760P,AVX512,"avx2,avx512f,avx512bw,avx512vl,avx512_vnni,avx512_bf16,amx_bf16,amx_int8,amx_tile,fma",True,True,,256,128,sh14l07002s1404,3.11.9,2.1.2+cu121
20260424_010536,2026-04-24T06:14:17.326734,cpu,full_mlp_capacity_search_hd32_depth5,/home/liangyi/SRS_AI/Model_AIIC_refactor/experiments_refactored/20260422_050408_full_mlp_capacity_search_v2/full_mlp_capacity_search_hd32_depth5,full_mlp_capacity_search_v2,full_mlp_capacity_search_hd32_depth5,supervised_nmse_plateau,full_mlp,12,6,jit,fp32,float32,128,4,ok,,55.135409,20,50,0.08209066,0.0029540721968834825,0.077473,0.08168500000000001,0.0857562,0.0867751,0.09126571,0.091423,1559251.6858799772,1559.2516858799772,81.685,0.6381640625,389812.9214699943,7664,7424,15160,sub-physical,0.03125,0.015625,Intel(R) Xeon(R) 6760P,AVX512,"avx2,avx512f,avx512bw,avx512vl,avx512_vnni,avx512_bf16,amx_bf16,amx_int8,amx_tile,fma",True,True,,256,128,sh14l07002s1404,3.11.9,2.1.2+cu121
20260424_010536,2026-04-24T06:14:17.326734,cpu,full_mlp_capacity_search_hd32_depth5,/home/liangyi/SRS_AI/Model_AIIC_refactor/experiments_refactored/20260422_050408_full_mlp_capacity_search_v2/full_mlp_capacity_search_hd32_depth5,full_mlp_capacity_search_v2,full_mlp_capacity_search_hd32_depth5,supervised_nmse_plateau,full_mlp,12,6,jit,fp32,float32,128,8,ok,,53.370795,20,50,0.05894388,0.0027681781202805573,0.053727,0.058558,0.0624183,0.0630165,0.06563090999999999,0.067121,2171557.081074405,2171.557081074405,58.558,0.457484375,271444.6351343006,7664,7424,15160,sub-physical,0.0625,0.03125,Intel(R) Xeon(R) 6760P,AVX512,"avx2,avx512f,avx512bw,avx512vl,avx512_vnni,avx512_bf16,amx_bf16,amx_int8,amx_tile,fma",True,True,,256,128,sh14l07002s1404,3.11.9,2.1.2+cu121
20260424_010536,2026-04-24T06:14:17.326734,cpu,full_mlp_capacity_search_hd32_depth5,/home/liangyi/SRS_AI/Model_AIIC_refactor/experiments_refactored/20260422_050408_full_mlp_capacity_search_v2/full_mlp_capacity_search_hd32_depth5,full_mlp_capacity_search_v2,full_mlp_capacity_search_hd32_depth5,supervised_nmse_plateau,full_mlp,12,6,jit,fp32,float32,128,128,ok,,92.738635,20,50,0.20139012,0.01019008309807138,0.18574,0.19963150000000002,0.2114174,0.22276735,0.23176100999999996,0.239381,635582.3215160704,635.5823215160704,199.63150000000002,1.5596210937500001,4965.4868868443,7664,7424,15160,all-physical,1.0,0.5,Intel(R) Xeon(R) 6760P,AVX512,"avx2,avx512f,avx512bw,avx512vl,avx512_vnni,avx512_bf16,amx_bf16,amx_int8,amx_tile,fma",True,True,,256,128,sh14l07002s1404,3.11.9,2.1.2+cu121
20260424_010536,2026-04-24T06:14:17.326734,cpu,full_mlp_capacity_search_hd32_depth5,/home/liangyi/SRS_AI/Model_AIIC_refactor/experiments_refactored/20260422_050408_full_mlp_capacity_search_v2/full_mlp_capacity_search_hd32_depth5,full_mlp_capacity_search_v2,full_mlp_capacity_search_hd32_depth5,supervised_nmse_plateau,full_mlp,12,6,jit,bf16,bfloat16,1,1,ok,,55.224447,20,50,0.03216046,0.0011492228541062,0.030343,0.032221,0.0331882,0.034759349999999994,0.03523398,0.035429,31094.082609514913,31.094082609514913,32.221,32.221,31094.082609514913,7664,7424,15160,single-thread,0.0078125,0.00390625,Intel(R) Xeon(R) 6760P,AVX512,"avx2,avx512f,avx512bw,avx512vl,avx512_vnni,avx512_bf16,amx_bf16,amx_int8,amx_tile,fma",True,True,,256,128,sh14l07002s1404,3.11.9,2.1.2+cu121
20260424_010536,2026-04-24T06:14:17.326734,cpu,full_mlp_capacity_search_hd32_depth5,/home/liangyi/SRS_AI/Model_AIIC_refactor/experiments_refactored/20260422_050408_full_mlp_capacity_search_v2/full_mlp_capacity_search_hd32_depth5,full_mlp_capacity_search_v2,full_mlp_capacity_search_hd32_depth5,supervised_nmse_plateau,full_mlp,12,6,jit,bf16,bfloat16,1,2,ok,,52.600229,20,50,0.03470024,0.0009881981898384553,0.032434,0.0345805,0.035379600000000004,0.03646985,0.03814786999999999,0.038852,28818.24448476437,28.81824448476437,34.5805,34.5805,14409.122242382186,7664,7424,15160,sub-physical,0.015625,0.0078125,Intel(R) Xeon(R) 6760P,AVX512,"avx2,avx512f,avx512bw,avx512vl,avx512_vnni,avx512_bf16,amx_bf16,amx_int8,amx_tile,fma",True,True,,256,128,sh14l07002s1404,3.11.9,2.1.2+cu121
20260424_010536,2026-04-24T06:14:17.326734,cpu,full_mlp_capacity_search_hd32_depth5,/home/liangyi/SRS_AI/Model_AIIC_refactor/experiments_refactored/20260422_050408_full_mlp_capacity_search_v2/full_mlp_capacity_search_hd32_depth5,full_mlp_capacity_search_v2,full_mlp_capacity_search_hd32_depth5,supervised_nmse_plateau,full_mlp,12,6,jit,bf16,bfloat16,1,4,ok,,54.473347,20,50,0.0354634,0.001233371817417603,0.034071,0.035152,0.0364009,0.0378188,0.040172959999999994,0.041298,28198.085913928164,28.198085913928164,35.152,35.152,7049.521478482041,7664,7424,15160,sub-physical,0.03125,0.015625,Intel(R) Xeon(R) 6760P,AVX512,"avx2,avx512f,avx512bw,avx512vl,avx512_vnni,avx512_bf16,amx_bf16,amx_int8,amx_tile,fma",True,True,,256,128,sh14l07002s1404,3.11.9,2.1.2+cu121
20260424_010536,2026-04-24T06:14:17.326734,cpu,full_mlp_capacity_search_hd32_depth5,/home/liangyi/SRS_AI/Model_AIIC_refactor/experiments_refactored/20260422_050408_full_mlp_capacity_search_v2/full_mlp_capacity_search_hd32_depth5,full_mlp_capacity_search_v2,full_mlp_capacity_search_hd32_depth5,supervised_nmse_plateau,full_mlp,12,6,jit,bf16,bfloat16,1,8,ok,,53.464397,20,50,0.03622172,0.0010700106362088184,0.034835,0.035954,0.036991500000000004,0.038537749999999996,0.04002028,0.040328,27607.744745417942,27.607744745417943,35.954,35.954,3450.9680931772427,7664,7424,15160,sub-physical,0.0625,0.03125,Intel(R) Xeon(R) 6760P,AVX512,"avx2,avx512f,avx512bw,avx512vl,avx512_vnni,avx512_bf16,amx_bf16,amx_int8,amx_tile,fma",True,True,,256,128,sh14l07002s1404,3.11.9,2.1.2+cu121
20260424_010536,2026-04-24T06:14:17.326734,cpu,full_mlp_capacity_search_hd32_depth5,/home/liangyi/SRS_AI/Model_AIIC_refactor/experiments_refactored/20260422_050408_full_mlp_capacity_search_v2/full_mlp_capacity_search_hd32_depth5,full_mlp_capacity_search_v2,full_mlp_capacity_search_hd32_depth5,supervised_nmse_plateau,full_mlp,12,6,jit,bf16,bfloat16,1,128,ok,,91.837916,20,50,0.11230138,0.009244626912731523,0.095906,0.11072399999999999,0.11697729999999999,0.124855,0.14877803999999997,0.155738,8904.610076919802,8.904610076919802,110.72399999999999,110.72399999999999,69.56726622593595,7664,7424,15160,all-physical,1.0,0.5,Intel(R) Xeon(R) 6760P,AVX512,"avx2,avx512f,avx512bw,avx512vl,avx512_vnni,avx512_bf16,amx_bf16,amx_int8,amx_tile,fma",True,True,,256,128,sh14l07002s1404,3.11.9,2.1.2+cu121
20260424_010536,2026-04-24T06:14:17.326734,cpu,full_mlp_capacity_search_hd32_depth5,/home/liangyi/SRS_AI/Model_AIIC_refactor/experiments_refactored/20260422_050408_full_mlp_capacity_search_v2/full_mlp_capacity_search_hd32_depth5,full_mlp_capacity_search_v2,full_mlp_capacity_search_hd32_depth5,supervised_nmse_plateau,full_mlp,12,6,jit,bf16,bfloat16,2,1,ok,,53.090709,20,50,0.03840222,0.0010480227915460616,0.036372,0.038400500000000004,0.0400879,0.04072465,0.040845309999999996,0.040934,52080.32243969229,52.08032243969229,38.4005,19.20025,52080.32243969229,7664,7424,15160,single-thread,0.0078125,0.00390625,Intel(R) Xeon(R) 6760P,AVX512,"avx2,avx512f,avx512bw,avx512vl,avx512_vnni,avx512_bf16,amx_bf16,amx_int8,amx_tile,fma",True,True,,256,128,sh14l07002s1404,3.11.9,2.1.2+cu121
20260424_010536,2026-04-24T06:14:17.326734,cpu,full_mlp_capacity_search_hd32_depth5,/home/liangyi/SRS_AI/Model_AIIC_refactor/experiments_refactored/20260422_050408_full_mlp_capacity_search_v2/full_mlp_capacity_search_hd32_depth5,full_mlp_capacity_search_v2,full_mlp_capacity_search_hd32_depth5,supervised_nmse_plateau,full_mlp,12,6,jit,bf16,bfloat16,2,2,ok,,54.334806,20,50,0.04269402,0.0018129262256363335,0.040073,0.04223,0.0441352,0.045971649999999996,0.04994966,0.051109,46844.96798380664,46.84496798380664,42.23,21.115,23422.48399190332,7664,7424,15160,sub-physical,0.015625,0.0078125,Intel(R) Xeon(R) 6760P,AVX512,"avx2,avx512f,avx512bw,avx512vl,avx512_vnni,avx512_bf16,amx_bf16,amx_int8,amx_tile,fma",True,True,,256,128,sh14l07002s1404,3.11.9,2.1.2+cu121
20260424_010536,2026-04-24T06:14:17.326734,cpu,full_mlp_capacity_search_hd32_depth5,/home/liangyi/SRS_AI/Model_AIIC_refactor/experiments_refactored/20260422_050408_full_mlp_capacity_search_v2/full_mlp_capacity_search_hd32_depth5,full_mlp_capacity_search_v2,full_mlp_capacity_search_hd32_depth5,supervised_nmse_plateau,full_mlp,12,6,jit,bf16,bfloat16,2,4,ok,,55.634673,20,50,0.04286078,0.002448067795548154,0.040061,0.042422,0.044337800000000004,0.04777504999999999,0.05192499999999999,0.054326,46662.70655830342,46.66270655830342,42.422000000000004,21.211000000000002,11665.676639575855,7664,7424,15160,sub-physical,0.03125,0.015625,Intel(R) Xeon(R) 6760P,AVX512,"avx2,avx512f,avx512bw,avx512vl,avx512_vnni,avx512_bf16,amx_bf16,amx_int8,amx_tile,fma",True,True,,256,128,sh14l07002s1404,3.11.9,2.1.2+cu121
20260424_010536,2026-04-24T06:14:17.326734,cpu,full_mlp_capacity_search_hd32_depth5,/home/liangyi/SRS_AI/Model_AIIC_refactor/experiments_refactored/20260422_050408_full_mlp_capacity_search_v2/full_mlp_capacity_search_hd32_depth5,full_mlp_capacity_search_v2,full_mlp_capacity_search_hd32_depth5,supervised_nmse_plateau,full_mlp,12,6,jit,bf16,bfloat16,2,8,ok,,56.136151,20,50,0.0428415,0.0018360800554442064,0.040453,0.0427405,0.0442913,0.046189799999999996,0.04916862,0.049297,46683.70621943676,46.68370621943676,42.7405,21.37025,5835.463277429595,7664,7424,15160,sub-physical,0.0625,0.03125,Intel(R) Xeon(R) 6760P,AVX512,"avx2,avx512f,avx512bw,avx512vl,avx512_vnni,avx512_bf16,amx_bf16,amx_int8,amx_tile,fma",True,True,,256,128,sh14l07002s1404,3.11.9,2.1.2+cu121
20260424_010536,2026-04-24T06:14:17.326734,cpu,full_mlp_capacity_search_hd32_depth5,/home/liangyi/SRS_AI/Model_AIIC_refactor/experiments_refactored/20260422_050408_full_mlp_capacity_search_v2/full_mlp_capacity_search_hd32_depth5,full_mlp_capacity_search_v2,full_mlp_capacity_search_hd32_depth5,supervised_nmse_plateau,full_mlp,12,6,jit,bf16,bfloat16,2,128,ok,,95.622379,20,50,0.107793,0.012624379750308527,0.089191,0.10467,0.12216300000000002,0.1400235,0.14443799999999998,0.14483,18554.080506155315,18.554080506155316,104.67,52.335,144.9537539543384,7664,7424,15160,all-physical,1.0,0.5,Intel(R) Xeon(R) 6760P,AVX512,"avx2,avx512f,avx512bw,avx512vl,avx512_vnni,avx512_bf16,amx_bf16,amx_int8,amx_tile,fma",True,True,,256,128,sh14l07002s1404,3.11.9,2.1.2+cu121
20260424_010536,2026-04-24T06:14:17.326734,cpu,full_mlp_capacity_search_hd32_depth5,/home/liangyi/SRS_AI/Model_AIIC_refactor/experiments_refactored/20260422_050408_full_mlp_capacity_search_v2/full_mlp_capacity_search_hd32_depth5,full_mlp_capacity_search_v2,full_mlp_capacity_search_hd32_depth5,supervised_nmse_plateau,full_mlp,12,6,jit,bf16,bfloat16,4,1,ok,,53.617644,20,50,0.04256694,0.001068649136246317,0.041371,0.042225,0.0440908,0.04494985,0.04552534,0.04564,93969.63934922266,93.96963934922266,42.225,10.55625,93969.63934922266,7664,7424,15160,single-thread,0.0078125,0.00390625,Intel(R) Xeon(R) 6760P,AVX512,"avx2,avx512f,avx512bw,avx512vl,avx512_vnni,avx512_bf16,amx_bf16,amx_int8,amx_tile,fma",True,True,,256,128,sh14l07002s1404,3.11.9,2.1.2+cu121
20260424_010536,2026-04-24T06:14:17.326734,cpu,full_mlp_capacity_search_hd32_depth5,/home/liangyi/SRS_AI/Model_AIIC_refactor/experiments_refactored/20260422_050408_full_mlp_capacity_search_v2/full_mlp_capacity_search_hd32_depth5,full_mlp_capacity_search_v2,full_mlp_capacity_search_hd32_depth5,supervised_nmse_plateau,full_mlp,12,6,jit,bf16,bfloat16,4,2,ok,,54.424063,20,50,0.04595928,0.0012585536943650832,0.043088,0.0459345,0.0474516,0.0483088,0.04939874,0.049533,87033.5653648186,87.0335653648186,45.9345,11.483625,43516.7826824093,7664,7424,15160,sub-physical,0.015625,0.0078125,Intel(R) Xeon(R) 6760P,AVX512,"avx2,avx512f,avx512bw,avx512vl,avx512_vnni,avx512_bf16,amx_bf16,amx_int8,amx_tile,fma",True,True,,256,128,sh14l07002s1404,3.11.9,2.1.2+cu121
20260424_010536,2026-04-24T06:14:17.326734,cpu,full_mlp_capacity_search_hd32_depth5,/home/liangyi/SRS_AI/Model_AIIC_refactor/experiments_refactored/20260422_050408_full_mlp_capacity_search_v2/full_mlp_capacity_search_hd32_depth5,full_mlp_capacity_search_v2,full_mlp_capacity_search_hd32_depth5,supervised_nmse_plateau,full_mlp,12,6,jit,bf16,bfloat16,4,4,ok,,54.595785,20,50,0.04798176,0.001153795468183161,0.046411,0.047602000000000005,0.049377000000000004,0.0505996,0.05143508,0.051978,83365.01203790774,83.36501203790775,47.602000000000004,11.900500000000001,20841.253009476935,7664,7424,15160,sub-physical,0.03125,0.015625,Intel(R) Xeon(R) 6760P,AVX512,"avx2,avx512f,avx512bw,avx512vl,avx512_vnni,avx512_bf16,amx_bf16,amx_int8,amx_tile,fma",True,True,,256,128,sh14l07002s1404,3.11.9,2.1.2+cu121
20260424_010536,2026-04-24T06:14:17.326734,cpu,full_mlp_capacity_search_hd32_depth5,/home/liangyi/SRS_AI/Model_AIIC_refactor/experiments_refactored/20260422_050408_full_mlp_capacity_search_v2/full_mlp_capacity_search_hd32_depth5,full_mlp_capacity_search_v2,full_mlp_capacity_search_hd32_depth5,supervised_nmse_plateau,full_mlp,12,6,jit,bf16,bfloat16,4,8,ok,,55.521486,20,50,0.04722274,0.0019892582115954684,0.044472,0.047041,0.0484777,0.04945645,0.054387669999999985,0.05861,84704.9535880383,84.70495358803831,47.041,11.76025,10588.119198504788,7664,7424,15160,sub-physical,0.0625,0.03125,Intel(R) Xeon(R) 6760P,AVX512,"avx2,avx512f,avx512bw,avx512vl,avx512_vnni,avx512_bf16,amx_bf16,amx_int8,amx_tile,fma",True,True,,256,128,sh14l07002s1404,3.11.9,2.1.2+cu121
20260424_010536,2026-04-24T06:14:17.326734,cpu,full_mlp_capacity_search_hd32_depth5,/home/liangyi/SRS_AI/Model_AIIC_refactor/experiments_refactored/20260422_050408_full_mlp_capacity_search_v2/full_mlp_capacity_search_hd32_depth5,full_mlp_capacity_search_v2,full_mlp_capacity_search_hd32_depth5,supervised_nmse_plateau,full_mlp,12,6,jit,bf16,bfloat16,4,128,ok,,91.886895,20,50,0.11924172,0.009640150743717652,0.1071,0.1160355,0.1269652,0.14165185,0.15265937999999998,0.1565,33545.30612272282,33.54530612272282,116.0355,29.008875,262.072704083772,7664,7424,15160,all-physical,1.0,0.5,Intel(R) Xeon(R) 6760P,AVX512,"avx2,avx512f,avx512bw,avx512vl,avx512_vnni,avx512_bf16,amx_bf16,amx_int8,amx_tile,fma",True,True,,256,128,sh14l07002s1404,3.11.9,2.1.2+cu121
20260424_010536,2026-04-24T06:14:17.326734,cpu,full_mlp_capacity_search_hd32_depth5,/home/liangyi/SRS_AI/Model_AIIC_refactor/experiments_refactored/20260422_050408_full_mlp_capacity_search_v2/full_mlp_capacity_search_hd32_depth5,full_mlp_capacity_search_v2,full_mlp_capacity_search_hd32_depth5,supervised_nmse_plateau,full_mlp,12,6,jit,bf16,bfloat16,8,1,ok,,52.854333,20,50,0.06578332,0.002614445489506332,0.062863,0.0647685,0.0688113,0.0704246,0.07447820000000001,0.074537,121611.37504157587,121.61137504157587,64.7685,8.0960625,121611.37504157587,7664,7424,15160,single-thread,0.0078125,0.00390625,Intel(R) Xeon(R) 6760P,AVX512,"avx2,avx512f,avx512bw,avx512vl,avx512_vnni,avx512_bf16,amx_bf16,amx_int8,amx_tile,fma",True,True,,256,128,sh14l07002s1404,3.11.9,2.1.2+cu121
20260424_010536,2026-04-24T06:14:17.326734,cpu,full_mlp_capacity_search_hd32_depth5,/home/liangyi/SRS_AI/Model_AIIC_refactor/experiments_refactored/20260422_050408_full_mlp_capacity_search_v2/full_mlp_capacity_search_hd32_depth5,full_mlp_capacity_search_v2,full_mlp_capacity_search_hd32_depth5,supervised_nmse_plateau,full_mlp,12,6,jit,bf16,bfloat16,8,2,ok,,55.128917,20,50,0.06892706,0.002872040455216465,0.062805,0.06824150000000001,0.0721972,0.07397685,0.07887119,0.081796,116064.72117046628,116.06472117046627,68.24150000000002,8.530187500000002,58032.36058523314,7664,7424,15160,sub-physical,0.015625,0.0078125,Intel(R) Xeon(R) 6760P,AVX512,"avx2,avx512f,avx512bw,avx512vl,avx512_vnni,avx512_bf16,amx_bf16,amx_int8,amx_tile,fma",True,True,,256,128,sh14l07002s1404,3.11.9,2.1.2+cu121
20260424_010536,2026-04-24T06:14:17.326734,cpu,full_mlp_capacity_search_hd32_depth5,/home/liangyi/SRS_AI/Model_AIIC_refactor/experiments_refactored/20260422_050408_full_mlp_capacity_search_v2/full_mlp_capacity_search_hd32_depth5,full_mlp_capacity_search_v2,full_mlp_capacity_search_hd32_depth5,supervised_nmse_plateau,full_mlp,12,6,jit,bf16,bfloat16,8,4,ok,,53.854698,20,50,0.07147112,0.003199578026177827,0.066185,0.0704515,0.0756713,0.0771787,0.08112501,0.082963,111933.32355782307,111.93332355782307,70.4515,8.8064375,27983.330889455767,7664,7424,15160,sub-physical,0.03125,0.015625,Intel(R) Xeon(R) 6760P,AVX512,"avx2,avx512f,avx512bw,avx512vl,avx512_vnni,avx512_bf16,amx_bf16,amx_int8,amx_tile,fma",True,True,,256,128,sh14l07002s1404,3.11.9,2.1.2+cu121
20260424_010536,2026-04-24T06:14:17.326734,cpu,full_mlp_capacity_search_hd32_depth5,/home/liangyi/SRS_AI/Model_AIIC_refactor/experiments_refactored/20260422_050408_full_mlp_capacity_search_v2/full_mlp_capacity_search_hd32_depth5,full_mlp_capacity_search_v2,full_mlp_capacity_search_hd32_depth5,supervised_nmse_plateau,full_mlp,12,6,jit,bf16,bfloat16,8,8,ok,,55.372244,20,50,0.0731955,0.003894791528438974,0.066807,0.07202449999999999,0.07729620000000001,0.079892,0.08472721999999999,0.088266,109296.33652342015,109.29633652342015,72.02449999999999,9.003062499999999,13662.042065427519,7664,7424,15160,sub-physical,0.0625,0.03125,Intel(R) Xeon(R) 6760P,AVX512,"avx2,avx512f,avx512bw,avx512vl,avx512_vnni,avx512_bf16,amx_bf16,amx_int8,amx_tile,fma",True,True,,256,128,sh14l07002s1404,3.11.9,2.1.2+cu121
20260424_010536,2026-04-24T06:14:17.326734,cpu,full_mlp_capacity_search_hd32_depth5,/home/liangyi/SRS_AI/Model_AIIC_refactor/experiments_refactored/20260422_050408_full_mlp_capacity_search_v2/full_mlp_capacity_search_hd32_depth5,full_mlp_capacity_search_v2,full_mlp_capacity_search_hd32_depth5,supervised_nmse_plateau,full_mlp,12,6,jit,bf16,bfloat16,8,128,ok,,95.690553,20,50,0.18047792000000001,0.01468758417009414,0.159589,0.1761195,0.2059522,0.2109856,0.21720345,0.21823,44326.75199270913,44.32675199270913,176.11950000000002,22.014937500000002,346.30274994304006,7664,7424,15160,all-physical,1.0,0.5,Intel(R) Xeon(R) 6760P,AVX512,"avx2,avx512f,avx512bw,avx512vl,avx512_vnni,avx512_bf16,amx_bf16,amx_int8,amx_tile,fma",True,True,,256,128,sh14l07002s1404,3.11.9,2.1.2+cu121
20260424_010536,2026-04-24T06:14:17.326734,cpu,full_mlp_capacity_search_hd32_depth5,/home/liangyi/SRS_AI/Model_AIIC_refactor/experiments_refactored/20260422_050408_full_mlp_capacity_search_v2/full_mlp_capacity_search_hd32_depth5,full_mlp_capacity_search_v2,full_mlp_capacity_search_hd32_depth5,supervised_nmse_plateau,full_mlp,12,6,jit,bf16,bfloat16,16,1,ok,,55.407291,20,50,0.0701445,0.005689545961673918,0.064608,0.06821350000000001,0.0805013,0.0817051,0.0834758,0.083662,228100.56383608124,228.10056383608125,68.21350000000001,4.263343750000001,228100.56383608124,7664,7424,15160,single-thread,0.0078125,0.00390625,Intel(R) Xeon(R) 6760P,AVX512,"avx2,avx512f,avx512bw,avx512vl,avx512_vnni,avx512_bf16,amx_bf16,amx_int8,amx_tile,fma",True,True,,256,128,sh14l07002s1404,3.11.9,2.1.2+cu121
20260424_010536,2026-04-24T06:14:17.326734,cpu,full_mlp_capacity_search_hd32_depth5,/home/liangyi/SRS_AI/Model_AIIC_refactor/experiments_refactored/20260422_050408_full_mlp_capacity_search_v2/full_mlp_capacity_search_hd32_depth5,full_mlp_capacity_search_v2,full_mlp_capacity_search_hd32_depth5,supervised_nmse_plateau,full_mlp,12,6,jit,bf16,bfloat16,16,2,ok,,55.415185,20,50,0.07730668,0.005946875890549592,0.069636,0.07612,0.0865252,0.0871341,0.09456946999999997,0.098782,206967.88427597718,206.96788427597718,76.11999999999999,4.757499999999999,103483.94213798859,7664,7424,15160,sub-physical,0.015625,0.0078125,Intel(R) Xeon(R) 6760P,AVX512,"avx2,avx512f,avx512bw,avx512vl,avx512_vnni,avx512_bf16,amx_bf16,amx_int8,amx_tile,fma",True,True,,256,128,sh14l07002s1404,3.11.9,2.1.2+cu121
20260424_010536,2026-04-24T06:14:17.326734,cpu,full_mlp_capacity_search_hd32_depth5,/home/liangyi/SRS_AI/Model_AIIC_refactor/experiments_refactored/20260422_050408_full_mlp_capacity_search_v2/full_mlp_capacity_search_hd32_depth5,full_mlp_capacity_search_v2,full_mlp_capacity_search_hd32_depth5,supervised_nmse_plateau,full_mlp,12,6,jit,bf16,bfloat16,16,4,ok,,54.207569,20,50,0.07813592,0.005640286995676727,0.071489,0.0767745,0.0897855,0.0905793,0.09137888,0.09152,204771.37787588604,204.77137787588603,76.77449999999999,4.798406249999999,51192.84446897151,7664,7424,15160,sub-physical,0.03125,0.015625,Intel(R) Xeon(R) 6760P,AVX512,"avx2,avx512f,avx512bw,avx512vl,avx512_vnni,avx512_bf16,amx_bf16,amx_int8,amx_tile,fma",True,True,,256,128,sh14l07002s1404,3.11.9,2.1.2+cu121
20260424_010536,2026-04-24T06:14:17.326734,cpu,full_mlp_capacity_search_hd32_depth5,/home/liangyi/SRS_AI/Model_AIIC_refactor/experiments_refactored/20260422_050408_full_mlp_capacity_search_v2/full_mlp_capacity_search_hd32_depth5,full_mlp_capacity_search_v2,full_mlp_capacity_search_hd32_depth5,supervised_nmse_plateau,full_mlp,12,6,jit,bf16,bfloat16,16,8,ok,,56.104469,20,50,0.08197668,0.006170579526884004,0.072488,0.080125,0.09087540000000001,0.0925668,0.09600083999999999,0.098051,195177.45778433574,195.17745778433573,80.125,5.0078125,24397.182223041968,7664,7424,15160,sub-physical,0.0625,0.03125,Intel(R) Xeon(R) 6760P,AVX512,"avx2,avx512f,avx512bw,avx512vl,avx512_vnni,avx512_bf16,amx_bf16,amx_int8,amx_tile,fma",True,True,,256,128,sh14l07002s1404,3.11.9,2.1.2+cu121
20260424_010536,2026-04-24T06:14:17.326734,cpu,full_mlp_capacity_search_hd32_depth5,/home/liangyi/SRS_AI/Model_AIIC_refactor/experiments_refactored/20260422_050408_full_mlp_capacity_search_v2/full_mlp_capacity_search_hd32_depth5,full_mlp_capacity_search_v2,full_mlp_capacity_search_hd32_depth5,supervised_nmse_plateau,full_mlp,12,6,jit,bf16,bfloat16,16,128,ok,,91.092579,20,50,0.1887879,0.013288613007007165,0.168696,0.1867295,0.20632380000000003,0.21556314999999998,0.22676092999999997,0.231486,84751.19432972134,84.75119432972134,186.7295,11.67059375,662.118705700948,7664,7424,15160,all-physical,1.0,0.5,Intel(R) Xeon(R) 6760P,AVX512,"avx2,avx512f,avx512bw,avx512vl,avx512_vnni,avx512_bf16,amx_bf16,amx_int8,amx_tile,fma",True,True,,256,128,sh14l07002s1404,3.11.9,2.1.2+cu121
20260424_010536,2026-04-24T06:14:17.326734,cpu,full_mlp_capacity_search_hd32_depth5,/home/liangyi/SRS_AI/Model_AIIC_refactor/experiments_refactored/20260422_050408_full_mlp_capacity_search_v2/full_mlp_capacity_search_hd32_depth5,full_mlp_capacity_search_v2,full_mlp_capacity_search_hd32_depth5,supervised_nmse_plateau,full_mlp,12,6,jit,bf16,bfloat16,32,1,ok,,54.864777,20,50,0.07689292,0.005633094939160887,0.071002,0.074356,0.08650519999999999,0.08792435,0.09037820999999999,0.092275,416163.1526023462,416.1631526023462,74.35600000000001,2.3236250000000003,416163.1526023462,7664,7424,15160,single-thread,0.0078125,0.00390625,Intel(R) Xeon(R) 6760P,AVX512,"avx2,avx512f,avx512bw,avx512vl,avx512_vnni,avx512_bf16,amx_bf16,amx_int8,amx_tile,fma",True,True,,256,128,sh14l07002s1404,3.11.9,2.1.2+cu121
20260424_010536,2026-04-24T06:14:17.326734,cpu,full_mlp_capacity_search_hd32_depth5,/home/liangyi/SRS_AI/Model_AIIC_refactor/experiments_refactored/20260422_050408_full_mlp_capacity_search_v2/full_mlp_capacity_search_hd32_depth5,full_mlp_capacity_search_v2,full_mlp_capacity_search_hd32_depth5,supervised_nmse_plateau,full_mlp,12,6,jit,bf16,bfloat16,32,2,ok,,55.820603,20,50,0.0849045,0.006033115136478004,0.077114,0.0837615,0.09545479999999999,0.09764315,0.0980843,0.098099,376894.0397740992,376.8940397740992,83.7615,2.617546875,188447.0198870496,7664,7424,15160,sub-physical,0.015625,0.0078125,Intel(R) Xeon(R) 6760P,AVX512,"avx2,avx512f,avx512bw,avx512vl,avx512_vnni,avx512_bf16,amx_bf16,amx_int8,amx_tile,fma",True,True,,256,128,sh14l07002s1404,3.11.9,2.1.2+cu121
20260424_010536,2026-04-24T06:14:17.326734,cpu,full_mlp_capacity_search_hd32_depth5,/home/liangyi/SRS_AI/Model_AIIC_refactor/experiments_refactored/20260422_050408_full_mlp_capacity_search_v2/full_mlp_capacity_search_hd32_depth5,full_mlp_capacity_search_v2,full_mlp_capacity_search_hd32_depth5,supervised_nmse_plateau,full_mlp,12,6,jit,bf16,bfloat16,32,4,ok,,54.7305,20,50,0.0880286,0.005679604264383214,0.081057,0.086141,0.0977583,0.10046719999999999,0.10367856999999998,0.105691,363518.22021479387,363.51822021479387,86.14099999999999,2.6919062499999997,90879.55505369847,7664,7424,15160,sub-physical,0.03125,0.015625,Intel(R) Xeon(R) 6760P,AVX512,"avx2,avx512f,avx512bw,avx512vl,avx512_vnni,avx512_bf16,amx_bf16,amx_int8,amx_tile,fma",True,True,,256,128,sh14l07002s1404,3.11.9,2.1.2+cu121
20260424_010536,2026-04-24T06:14:17.326734,cpu,full_mlp_capacity_search_hd32_depth5,/home/liangyi/SRS_AI/Model_AIIC_refactor/experiments_refactored/20260422_050408_full_mlp_capacity_search_v2/full_mlp_capacity_search_hd32_depth5,full_mlp_capacity_search_v2,full_mlp_capacity_search_hd32_depth5,supervised_nmse_plateau,full_mlp,12,6,jit,bf16,bfloat16,32,8,ok,,55.010426,20,50,0.08787888,0.005695164874312245,0.079925,0.086785,0.098149,0.0996216,0.10262266,0.10437,364137.5493178793,364.1375493178793,86.785,2.71203125,45517.193664734914,7664,7424,15160,sub-physical,0.0625,0.03125,Intel(R) Xeon(R) 6760P,AVX512,"avx2,avx512f,avx512bw,avx512vl,avx512_vnni,avx512_bf16,amx_bf16,amx_int8,amx_tile,fma",True,True,,256,128,sh14l07002s1404,3.11.9,2.1.2+cu121
20260424_010536,2026-04-24T06:14:17.326734,cpu,full_mlp_capacity_search_hd32_depth5,/home/liangyi/SRS_AI/Model_AIIC_refactor/experiments_refactored/20260422_050408_full_mlp_capacity_search_v2/full_mlp_capacity_search_hd32_depth5,full_mlp_capacity_search_v2,full_mlp_capacity_search_hd32_depth5,supervised_nmse_plateau,full_mlp,12,6,jit,bf16,bfloat16,32,128,ok,,96.437234,20,50,0.1957683,0.01650970093520776,0.176092,0.189741,0.21998089999999998,0.2365931,0.24394293,0.246218,163458.53746495218,163.45853746495217,189.74099999999999,5.9294062499999995,1277.019823944939,7664,7424,15160,all-physical,1.0,0.5,Intel(R) Xeon(R) 6760P,AVX512,"avx2,avx512f,avx512bw,avx512vl,avx512_vnni,avx512_bf16,amx_bf16,amx_int8,amx_tile,fma",True,True,,256,128,sh14l07002s1404,3.11.9,2.1.2+cu121
20260424_010536,2026-04-24T06:14:17.326734,cpu,full_mlp_capacity_search_hd32_depth5,/home/liangyi/SRS_AI/Model_AIIC_refactor/experiments_refactored/20260422_050408_full_mlp_capacity_search_v2/full_mlp_capacity_search_hd32_depth5,full_mlp_capacity_search_v2,full_mlp_capacity_search_hd32_depth5,supervised_nmse_plateau,full_mlp,12,6,jit,bf16,bfloat16,64,1,ok,,57.804129,20,50,0.08677898,0.004195779901234096,0.082528,0.08637249999999999,0.09005710000000001,0.0976228,0.09997742999999999,0.101493,737505.7876919041,737.5057876919041,86.37249999999999,1.3495703124999998,737505.7876919041,7664,7424,15160,single-thread,0.0078125,0.00390625,Intel(R) Xeon(R) 6760P,AVX512,"avx2,avx512f,avx512bw,avx512vl,avx512_vnni,avx512_bf16,amx_bf16,amx_int8,amx_tile,fma",True,True,,256,128,sh14l07002s1404,3.11.9,2.1.2+cu121
20260424_010536,2026-04-24T06:14:17.326734,cpu,full_mlp_capacity_search_hd32_depth5,/home/liangyi/SRS_AI/Model_AIIC_refactor/experiments_refactored/20260422_050408_full_mlp_capacity_search_v2/full_mlp_capacity_search_hd32_depth5,full_mlp_capacity_search_v2,full_mlp_capacity_search_hd32_depth5,supervised_nmse_plateau,full_mlp,12,6,jit,bf16,bfloat16,64,2,ok,,56.919606,20,50,0.1098968,0.0037986695618334584,0.104633,0.1086055,0.1158052,0.1173738,0.12002999,0.120299,582364.545646461,582.364545646461,108.60549999999999,1.6969609374999999,291182.2728232305,7664,7424,15160,sub-physical,0.015625,0.0078125,Intel(R) Xeon(R) 6760P,AVX512,"avx2,avx512f,avx512bw,avx512vl,avx512_vnni,avx512_bf16,amx_bf16,amx_int8,amx_tile,fma",True,True,,256,128,sh14l07002s1404,3.11.9,2.1.2+cu121
20260424_010536,2026-04-24T06:14:17.326734,cpu,full_mlp_capacity_search_hd32_depth5,/home/liangyi/SRS_AI/Model_AIIC_refactor/experiments_refactored/20260422_050408_full_mlp_capacity_search_v2/full_mlp_capacity_search_hd32_depth5,full_mlp_capacity_search_v2,full_mlp_capacity_search_hd32_depth5,supervised_nmse_plateau,full_mlp,12,6,jit,bf16,bfloat16,64,4,ok,,54.932404,20,50,0.11586566,0.003534941349499309,0.109379,0.115689,0.11930919999999999,0.12375085,0.1251245,0.125198,552363.8323900283,552.3638323900283,115.68900000000001,1.8076406250000001,138090.95809750707,7664,7424,15160,sub-physical,0.03125,0.015625,Intel(R) Xeon(R) 6760P,AVX512,"avx2,avx512f,avx512bw,avx512vl,avx512_vnni,avx512_bf16,amx_bf16,amx_int8,amx_tile,fma",True,True,,256,128,sh14l07002s1404,3.11.9,2.1.2+cu121
20260424_010536,2026-04-24T06:14:17.326734,cpu,full_mlp_capacity_search_hd32_depth5,/home/liangyi/SRS_AI/Model_AIIC_refactor/experiments_refactored/20260422_050408_full_mlp_capacity_search_v2/full_mlp_capacity_search_hd32_depth5,full_mlp_capacity_search_v2,full_mlp_capacity_search_hd32_depth5,supervised_nmse_plateau,full_mlp,12,6,jit,bf16,bfloat16,64,8,ok,,55.60628,20,50,0.11593006,0.0038510178104495954,0.108705,0.11524100000000001,0.1217588,0.12260855,0.12443704,0.125517,552056.9902232433,552.0569902232432,115.24100000000001,1.8006406250000002,69007.1237779054,7664,7424,15160,sub-physical,0.0625,0.03125,Intel(R) Xeon(R) 6760P,AVX512,"avx2,avx512f,avx512bw,avx512vl,avx512_vnni,avx512_bf16,amx_bf16,amx_int8,amx_tile,fma",True,True,,256,128,sh14l07002s1404,3.11.9,2.1.2+cu121
20260424_010536,2026-04-24T06:14:17.326734,cpu,full_mlp_capacity_search_hd32_depth5,/home/liangyi/SRS_AI/Model_AIIC_refactor/experiments_refactored/20260422_050408_full_mlp_capacity_search_v2/full_mlp_capacity_search_hd32_depth5,full_mlp_capacity_search_v2,full_mlp_capacity_search_hd32_depth5,supervised_nmse_plateau,full_mlp,12,6,jit,bf16,bfloat16,64,128,ok,,157.051797,20,50,0.38503828,0.010960093777044065,0.365037,0.382164,0.397902,0.40600815,0.41318887,0.419038,166217.23949109684,166.21723949109685,382.164,5.9713125,1298.572183524194,7664,7424,15160,all-physical,1.0,0.5,Intel(R) Xeon(R) 6760P,AVX512,"avx2,avx512f,avx512bw,avx512vl,avx512_vnni,avx512_bf16,amx_bf16,amx_int8,amx_tile,fma",True,True,,256,128,sh14l07002s1404,3.11.9,2.1.2+cu121
20260424_010536,2026-04-24T06:14:17.326734,cpu,full_mlp_capacity_search_hd32_depth5,/home/liangyi/SRS_AI/Model_AIIC_refactor/experiments_refactored/20260422_050408_full_mlp_capacity_search_v2/full_mlp_capacity_search_hd32_depth5,full_mlp_capacity_search_v2,full_mlp_capacity_search_hd32_depth5,supervised_nmse_plateau,full_mlp,12,6,jit,bf16,bfloat16,128,1,ok,,56.559614,20,50,0.1065825,0.004587487500800411,0.102654,0.1050455,0.11159920000000001,0.119022,0.12228017999999999,0.123318,1200947.6227335632,1200.947622733563,105.0455,0.82066796875,1200947.6227335632,7664,7424,15160,single-thread,0.0078125,0.00390625,Intel(R) Xeon(R) 6760P,AVX512,"avx2,avx512f,avx512bw,avx512vl,avx512_vnni,avx512_bf16,amx_bf16,amx_int8,amx_tile,fma",True,True,,256,128,sh14l07002s1404,3.11.9,2.1.2+cu121
20260424_010536,2026-04-24T06:14:17.326734,cpu,full_mlp_capacity_search_hd32_depth5,/home/liangyi/SRS_AI/Model_AIIC_refactor/experiments_refactored/20260422_050408_full_mlp_capacity_search_v2/full_mlp_capacity_search_hd32_depth5,full_mlp_capacity_search_v2,full_mlp_capacity_search_hd32_depth5,supervised_nmse_plateau,full_mlp,12,6,jit,bf16,bfloat16,128,2,ok,,56.861614,20,50,0.13457848,0.003711065621839635,0.128517,0.133879,0.13825420000000002,0.14051809999999998,0.14729914,0.149609,951117.8904680748,951.1178904680748,133.879,1.0459296875,475558.9452340374,7664,7424,15160,sub-physical,0.015625,0.0078125,Intel(R) Xeon(R) 6760P,AVX512,"avx2,avx512f,avx512bw,avx512vl,avx512_vnni,avx512_bf16,amx_bf16,amx_int8,amx_tile,fma",True,True,,256,128,sh14l07002s1404,3.11.9,2.1.2+cu121
20260424_010536,2026-04-24T06:14:17.326734,cpu,full_mlp_capacity_search_hd32_depth5,/home/liangyi/SRS_AI/Model_AIIC_refactor/experiments_refactored/20260422_050408_full_mlp_capacity_search_v2/full_mlp_capacity_search_hd32_depth5,full_mlp_capacity_search_v2,full_mlp_capacity_search_hd32_depth5,supervised_nmse_plateau,full_mlp,12,6,jit,bf16,bfloat16,128,4,ok,,57.002656,20,50,0.15132114,0.0040740469757232795,0.13887,0.150482,0.1562743,0.160001,0.16144993,0.162402,845883.1330506763,845.8831330506763,150.482,1.175640625,211470.78326266908,7664,7424,15160,sub-physical,0.03125,0.015625,Intel(R) Xeon(R) 6760P,AVX512,"avx2,avx512f,avx512bw,avx512vl,avx512_vnni,avx512_bf16,amx_bf16,amx_int8,amx_tile,fma",True,True,,256,128,sh14l07002s1404,3.11.9,2.1.2+cu121
20260424_010536,2026-04-24T06:14:17.326734,cpu,full_mlp_capacity_search_hd32_depth5,/home/liangyi/SRS_AI/Model_AIIC_refactor/experiments_refactored/20260422_050408_full_mlp_capacity_search_v2/full_mlp_capacity_search_hd32_depth5,full_mlp_capacity_search_v2,full_mlp_capacity_search_hd32_depth5,supervised_nmse_plateau,full_mlp,12,6,jit,bf16,bfloat16,128,8,ok,,58.556768,20,50,0.1502091,0.006716768503529058,0.135685,0.1520695,0.1570145,0.15898535,0.16531405,0.168771,852145.442586368,852.145442586368,152.0695,1.18804296875,106518.180323296,7664,7424,15160,sub-physical,0.0625,0.03125,Intel(R) Xeon(R) 6760P,AVX512,"avx2,avx512f,avx512bw,avx512vl,avx512_vnni,avx512_bf16,amx_bf16,amx_int8,amx_tile,fma",True,True,,256,128,sh14l07002s1404,3.11.9,2.1.2+cu121
20260424_010536,2026-04-24T06:14:17.326734,cpu,full_mlp_capacity_search_hd32_depth5,/home/liangyi/SRS_AI/Model_AIIC_refactor/experiments_refactored/20260422_050408_full_mlp_capacity_search_v2/full_mlp_capacity_search_hd32_depth5,full_mlp_capacity_search_v2,full_mlp_capacity_search_hd32_depth5,supervised_nmse_plateau,full_mlp,12,6,jit,bf16,bfloat16,128,128,ok,,97.88119,20,50,0.45470952,0.021356287374204346,0.42096,0.450019,0.4821732,0.48764635,0.50352321,0.506008,281498.3948433717,281.4983948433717,450.019,3.5157734375,2199.2062097138414,7664,7424,15160,all-physical,1.0,0.5,Intel(R) Xeon(R) 6760P,AVX512,"avx2,avx512f,avx512bw,avx512vl,avx512_vnni,avx512_bf16,amx_bf16,amx_int8,amx_tile,fma",True,True,,256,128,sh14l07002s1404,3.11.9,2.1.2+cu121
20260424_010536,2026-04-24T06:14:17.326734,cpu,full_mlp_capacity_search_hd32_depth5,/home/liangyi/SRS_AI/Model_AIIC_refactor/experiments_refactored/20260422_050408_full_mlp_capacity_search_v2/full_mlp_capacity_search_hd32_depth5,full_mlp_capacity_search_v2,full_mlp_capacity_search_hd32_depth5,supervised_nmse_plateau,full_mlp,12,6,compile,fp32,float32,1,1,ok,,525.823437,20,50,0.0467624,0.0015906815268934258,0.043744,0.0468455,0.0485456,0.049509399999999995,0.050649219999999995,0.051003,21384.702239406015,21.384702239406014,46.8455,46.8455,21384.702239406015,7664,7424,15160,single-thread,0.0078125,0.00390625,Intel(R) Xeon(R) 6760P,AVX512,"avx2,avx512f,avx512bw,avx512vl,avx512_vnni,avx512_bf16,amx_bf16,amx_int8,amx_tile,fma",True,True,,256,128,sh14l07002s1404,3.11.9,2.1.2+cu121
20260424_010536,2026-04-24T06:14:17.326734,cpu,full_mlp_capacity_search_hd32_depth5,/home/liangyi/SRS_AI/Model_AIIC_refactor/experiments_refactored/20260422_050408_full_mlp_capacity_search_v2/full_mlp_capacity_search_hd32_depth5,full_mlp_capacity_search_v2,full_mlp_capacity_search_hd32_depth5,supervised_nmse_plateau,full_mlp,12,6,compile,fp32,float32,1,2,ok,,507.005928,20,50,0.04668062,0.0015298673522890801,0.043468,0.046801499999999996,0.0486233,0.049359799999999995,0.04995974,0.050388,21422.166200877367,21.422166200877367,46.8015,46.8015,10711.083100438684,7664,7424,15160,sub-physical,0.015625,0.0078125,Intel(R) Xeon(R) 6760P,AVX512,"avx2,avx512f,avx512bw,avx512vl,avx512_vnni,avx512_bf16,amx_bf16,amx_int8,amx_tile,fma",True,True,,256,128,sh14l07002s1404,3.11.9,2.1.2+cu121
20260424_010536,2026-04-24T06:14:17.326734,cpu,full_mlp_capacity_search_hd32_depth5,/home/liangyi/SRS_AI/Model_AIIC_refactor/experiments_refactored/20260422_050408_full_mlp_capacity_search_v2/full_mlp_capacity_search_hd32_depth5,full_mlp_capacity_search_v2,full_mlp_capacity_search_hd32_depth5,supervised_nmse_plateau,full_mlp,12,6,compile,fp32,float32,1,4,ok,,507.953024,20,50,0.04534232,0.0011933074111895893,0.043026,0.045260999999999996,0.0468504,0.0470148,0.04833041,0.049208,22054.45155872042,22.05445155872042,45.260999999999996,45.260999999999996,5513.612889680105,7664,7424,15160,sub-physical,0.03125,0.015625,Intel(R) Xeon(R) 6760P,AVX512,"avx2,avx512f,avx512bw,avx512vl,avx512_vnni,avx512_bf16,amx_bf16,amx_int8,amx_tile,fma",True,True,,256,128,sh14l07002s1404,3.11.9,2.1.2+cu121
20260424_010536,2026-04-24T06:14:17.326734,cpu,full_mlp_capacity_search_hd32_depth5,/home/liangyi/SRS_AI/Model_AIIC_refactor/experiments_refactored/20260422_050408_full_mlp_capacity_search_v2/full_mlp_capacity_search_hd32_depth5,full_mlp_capacity_search_v2,full_mlp_capacity_search_hd32_depth5,supervised_nmse_plateau,full_mlp,12,6,compile,fp32,float32,1,8,ok,,540.470487,20,50,0.04668496,0.0014251506862083042,0.043696,0.0467915,0.0488258,0.04918755,0.049731040000000004,0.050027,21420.17472008116,21.42017472008116,46.7915,46.7915,2677.521840010145,7664,7424,15160,sub-physical,0.0625,0.03125,Intel(R) Xeon(R) 6760P,AVX512,"avx2,avx512f,avx512bw,avx512vl,avx512_vnni,avx512_bf16,amx_bf16,amx_int8,amx_tile,fma",True,True,,256,128,sh14l07002s1404,3.11.9,2.1.2+cu121
20260424_010536,2026-04-24T06:14:17.326734,cpu,full_mlp_capacity_search_hd32_depth5,/home/liangyi/SRS_AI/Model_AIIC_refactor/experiments_refactored/20260422_050408_full_mlp_capacity_search_v2/full_mlp_capacity_search_hd32_depth5,full_mlp_capacity_search_v2,full_mlp_capacity_search_hd32_depth5,supervised_nmse_plateau,full_mlp,12,6,compile,fp32,float32,1,128,ok,,691.408913,20,50,0.04309126,0.0011832387892559985,0.040794,0.043001,0.0444314,0.0448817,0.04579642,0.046258,23206.562073144298,23.206562073144298,43.001,43.001,181.30126619643983,7664,7424,15160,all-physical,1.0,0.5,Intel(R) Xeon(R) 6760P,AVX512,"avx2,avx512f,avx512bw,avx512vl,avx512_vnni,avx512_bf16,amx_bf16,amx_int8,amx_tile,fma",True,True,,256,128,sh14l07002s1404,3.11.9,2.1.2+cu121
20260424_010536,2026-04-24T06:14:17.326734,cpu,full_mlp_capacity_search_hd32_depth5,/home/liangyi/SRS_AI/Model_AIIC_refactor/experiments_refactored/20260422_050408_full_mlp_capacity_search_v2/full_mlp_capacity_search_hd32_depth5,full_mlp_capacity_search_v2,full_mlp_capacity_search_hd32_depth5,supervised_nmse_plateau,full_mlp,12,6,compile,fp32,float32,2,1,ok,,492.524415,20,50,0.04648152,0.002435263568815499,0.043558,0.0455535,0.050229300000000005,0.050967149999999996,0.05133236,0.05135,43027.852789667806,43.027852789667804,45.5535,22.77675,43027.852789667806,7664,7424,15160,single-thread,0.0078125,0.00390625,Intel(R) Xeon(R) 6760P,AVX512,"avx2,avx512f,avx512bw,avx512vl,avx512_vnni,avx512_bf16,amx_bf16,amx_int8,amx_tile,fma",True,True,,256,128,sh14l07002s1404,3.11.9,2.1.2+cu121
20260424_010536,2026-04-24T06:14:17.326734,cpu,full_mlp_capacity_search_hd32_depth5,/home/liangyi/SRS_AI/Model_AIIC_refactor/experiments_refactored/20260422_050408_full_mlp_capacity_search_v2/full_mlp_capacity_search_hd32_depth5,full_mlp_capacity_search_v2,full_mlp_capacity_search_hd32_depth5,supervised_nmse_plateau,full_mlp,12,6,compile,fp32,float32,2,2,ok,,516.661264,20,50,0.0485514,0.0021049810735491183,0.045552,0.047929,0.0518118,0.05220235,0.05363994,0.054519,41193.45683131691,41.19345683131691,47.929,23.9645,20596.728415658454,7664,7424,15160,sub-physical,0.015625,0.0078125,Intel(R) Xeon(R) 6760P,AVX512,"avx2,avx512f,avx512bw,avx512vl,avx512_vnni,avx512_bf16,amx_bf16,amx_int8,amx_tile,fma",True,True,,256,128,sh14l07002s1404,3.11.9,2.1.2+cu121
20260424_010536,2026-04-24T06:14:17.326734,cpu,full_mlp_capacity_search_hd32_depth5,/home/liangyi/SRS_AI/Model_AIIC_refactor/experiments_refactored/20260422_050408_full_mlp_capacity_search_v2/full_mlp_capacity_search_hd32_depth5,full_mlp_capacity_search_v2,full_mlp_capacity_search_hd32_depth5,supervised_nmse_plateau,full_mlp,12,6,compile,fp32,float32,2,4,ok,,523.452592,20,50,0.0478537,0.002095088487391404,0.045348,0.0474025,0.0518624,0.0520722,0.052945849999999996,0.053453,41794.05145265674,41.794051452656745,47.4025,23.70125,10448.512863164186,7664,7424,15160,sub-physical,0.03125,0.015625,Intel(R) Xeon(R) 6760P,AVX512,"avx2,avx512f,avx512bw,avx512vl,avx512_vnni,avx512_bf16,amx_bf16,amx_int8,amx_tile,fma",True,True,,256,128,sh14l07002s1404,3.11.9,2.1.2+cu121
20260424_010536,2026-04-24T06:14:17.326734,cpu,full_mlp_capacity_search_hd32_depth5,/home/liangyi/SRS_AI/Model_AIIC_refactor/experiments_refactored/20260422_050408_full_mlp_capacity_search_v2/full_mlp_capacity_search_hd32_depth5,full_mlp_capacity_search_v2,full_mlp_capacity_search_hd32_depth5,supervised_nmse_plateau,full_mlp,12,6,compile,fp32,float32,2,8,ok,,542.575114,20,50,0.04727952,0.0026499151325278325,0.0441,0.0463035,0.0512882,0.051726549999999996,0.05472410999999999,0.057204,42301.613891173176,42.301613891173176,46.3035,23.15175,5287.701736396647,7664,7424,15160,sub-physical,0.0625,0.03125,Intel(R) Xeon(R) 6760P,AVX512,"avx2,avx512f,avx512bw,avx512vl,avx512_vnni,avx512_bf16,amx_bf16,amx_int8,amx_tile,fma",True,True,,256,128,sh14l07002s1404,3.11.9,2.1.2+cu121
20260424_010536,2026-04-24T06:14:17.326734,cpu,full_mlp_capacity_search_hd32_depth5,/home/liangyi/SRS_AI/Model_AIIC_refactor/experiments_refactored/20260422_050408_full_mlp_capacity_search_v2/full_mlp_capacity_search_hd32_depth5,full_mlp_capacity_search_v2,full_mlp_capacity_search_hd32_depth5,supervised_nmse_plateau,full_mlp,12,6,compile,fp32,float32,2,128,ok,,836.680766,20,50,0.0452376,0.0025561009604473765,0.042278,0.0447305,0.0467073,0.05053714999999998,0.05482669,0.055473,44211.0103100076,44.2110103100076,44.7305,22.36525,345.3985180469344,7664,7424,15160,all-physical,1.0,0.5,Intel(R) Xeon(R) 6760P,AVX512,"avx2,avx512f,avx512bw,avx512vl,avx512_vnni,avx512_bf16,amx_bf16,amx_int8,amx_tile,fma",True,True,,256,128,sh14l07002s1404,3.11.9,2.1.2+cu121
20260424_010536,2026-04-24T06:14:17.326734,cpu,full_mlp_capacity_search_hd32_depth5,/home/liangyi/SRS_AI/Model_AIIC_refactor/experiments_refactored/20260422_050408_full_mlp_capacity_search_v2/full_mlp_capacity_search_hd32_depth5,full_mlp_capacity_search_v2,full_mlp_capacity_search_hd32_depth5,supervised_nmse_plateau,full_mlp,12,6,compile,fp32,float32,4,1,ok,,495.29801,20,50,0.04543556,0.002125272868692394,0.042595,0.044931,0.0485055,0.050667,0.05148753,0.052028,88036.77119859423,88.03677119859422,44.931,11.23275,88036.77119859423,7664,7424,15160,single-thread,0.0078125,0.00390625,Intel(R) Xeon(R) 6760P,AVX512,"avx2,avx512f,avx512bw,avx512vl,avx512_vnni,avx512_bf16,amx_bf16,amx_int8,amx_tile,fma",True,True,,256,128,sh14l07002s1404,3.11.9,2.1.2+cu121
20260424_010536,2026-04-24T06:14:17.326734,cpu,full_mlp_capacity_search_hd32_depth5,/home/liangyi/SRS_AI/Model_AIIC_refactor/experiments_refactored/20260422_050408_full_mlp_capacity_search_v2/full_mlp_capacity_search_hd32_depth5,full_mlp_capacity_search_v2,full_mlp_capacity_search_hd32_depth5,supervised_nmse_plateau,full_mlp,12,6,compile,fp32,float32,4,2,ok,,503.891053,20,50,0.04540496,0.0024674531643782017,0.041879,0.044358499999999995,0.0493016,0.04944495,0.051713089999999996,0.052673,88096.1022760509,88.0961022760509,44.35849999999999,11.089624999999998,44048.05113802545,7664,7424,15160,sub-physical,0.015625,0.0078125,Intel(R) Xeon(R) 6760P,AVX512,"avx2,avx512f,avx512bw,avx512vl,avx512_vnni,avx512_bf16,amx_bf16,amx_int8,amx_tile,fma",True,True,,256,128,sh14l07002s1404,3.11.9,2.1.2+cu121
20260424_010536,2026-04-24T06:14:17.326734,cpu,full_mlp_capacity_search_hd32_depth5,/home/liangyi/SRS_AI/Model_AIIC_refactor/experiments_refactored/20260422_050408_full_mlp_capacity_search_v2/full_mlp_capacity_search_hd32_depth5,full_mlp_capacity_search_v2,full_mlp_capacity_search_hd32_depth5,supervised_nmse_plateau,full_mlp,12,6,compile,fp32,float32,4,4,ok,,518.557545,20,50,0.04816182,0.0015997169835942856,0.04548,0.048412,0.0496957,0.050364149999999996,0.052715599999999994,0.054264,83053.33976166183,83.05333976166183,48.412,12.103,20763.334940415458,7664,7424,15160,sub-physical,0.03125,0.015625,Intel(R) Xeon(R) 6760P,AVX512,"avx2,avx512f,avx512bw,avx512vl,avx512_vnni,avx512_bf16,amx_bf16,amx_int8,amx_tile,fma",True,True,,256,128,sh14l07002s1404,3.11.9,2.1.2+cu121
20260424_010536,2026-04-24T06:14:17.326734,cpu,full_mlp_capacity_search_hd32_depth5,/home/liangyi/SRS_AI/Model_AIIC_refactor/experiments_refactored/20260422_050408_full_mlp_capacity_search_v2/full_mlp_capacity_search_hd32_depth5,full_mlp_capacity_search_v2,full_mlp_capacity_search_hd32_depth5,supervised_nmse_plateau,full_mlp,12,6,compile,fp32,float32,4,8,ok,,546.927584,20,50,0.0469717,0.0016153220762436206,0.044653,0.046779,0.0486334,0.048723499999999996,0.052440749999999994,0.055099,85157.6587604877,85.15765876048769,46.779,11.69475,10644.707345060962,7664,7424,15160,sub-physical,0.0625,0.03125,Intel(R) Xeon(R) 6760P,AVX512,"avx2,avx512f,avx512bw,avx512vl,avx512_vnni,avx512_bf16,amx_bf16,amx_int8,amx_tile,fma",True,True,,256,128,sh14l07002s1404,3.11.9,2.1.2+cu121
20260424_010536,2026-04-24T06:14:17.326734,cpu,full_mlp_capacity_search_hd32_depth5,/home/liangyi/SRS_AI/Model_AIIC_refactor/experiments_refactored/20260422_050408_full_mlp_capacity_search_v2/full_mlp_capacity_search_hd32_depth5,full_mlp_capacity_search_v2,full_mlp_capacity_search_hd32_depth5,supervised_nmse_plateau,full_mlp,12,6,compile,fp32,float32,4,128,ok,,806.278157,20,50,0.04796774,0.002595726732997909,0.044926,0.047348,0.0502377,0.05281775,0.057211259999999986,0.06036,83389.37794442681,83.38937794442681,47.348,11.837,651.4795151908345,7664,7424,15160,all-physical,1.0,0.5,Intel(R) Xeon(R) 6760P,AVX512,"avx2,avx512f,avx512bw,avx512vl,avx512_vnni,avx512_bf16,amx_bf16,amx_int8,amx_tile,fma",True,True,,256,128,sh14l07002s1404,3.11.9,2.1.2+cu121
20260424_010536,2026-04-24T06:14:17.326734,cpu,full_mlp_capacity_search_hd32_depth5,/home/liangyi/SRS_AI/Model_AIIC_refactor/experiments_refactored/20260422_050408_full_mlp_capacity_search_v2/full_mlp_capacity_search_hd32_depth5,full_mlp_capacity_search_v2,full_mlp_capacity_search_hd32_depth5,supervised_nmse_plateau,full_mlp,12,6,compile,fp32,float32,8,1,ok,,499.671224,20,50,0.0470972,0.003341714954929579,0.042924,0.0454645,0.0521624,0.05273675,0.05559460999999999,0.057609,169861.47796471976,169.86147796471977,45.4645,5.6830625,169861.47796471976,7664,7424,15160,single-thread,0.0078125,0.00390625,Intel(R) Xeon(R) 6760P,AVX512,"avx2,avx512f,avx512bw,avx512vl,avx512_vnni,avx512_bf16,amx_bf16,amx_int8,amx_tile,fma",True,True,,256,128,sh14l07002s1404,3.11.9,2.1.2+cu121
20260424_010536,2026-04-24T06:14:17.326734,cpu,full_mlp_capacity_search_hd32_depth5,/home/liangyi/SRS_AI/Model_AIIC_refactor/experiments_refactored/20260422_050408_full_mlp_capacity_search_v2/full_mlp_capacity_search_hd32_depth5,full_mlp_capacity_search_v2,full_mlp_capacity_search_hd32_depth5,supervised_nmse_plateau,full_mlp,12,6,compile,fp32,float32,8,2,ok,,510.239565,20,50,0.0468396,0.0015056238441257493,0.044647,0.0466405,0.0487371,0.0495833,0.05051977999999999,0.051097,170795.6515427117,170.7956515427117,46.6405,5.8300625,85397.82577135586,7664,7424,15160,sub-physical,0.015625,0.0078125,Intel(R) Xeon(R) 6760P,AVX512,"avx2,avx512f,avx512bw,avx512vl,avx512_vnni,avx512_bf16,amx_bf16,amx_int8,amx_tile,fma",True,True,,256,128,sh14l07002s1404,3.11.9,2.1.2+cu121
20260424_010536,2026-04-24T06:14:17.326734,cpu,full_mlp_capacity_search_hd32_depth5,/home/liangyi/SRS_AI/Model_AIIC_refactor/experiments_refactored/20260422_050408_full_mlp_capacity_search_v2/full_mlp_capacity_search_hd32_depth5,full_mlp_capacity_search_v2,full_mlp_capacity_search_hd32_depth5,supervised_nmse_plateau,full_mlp,12,6,compile,fp32,float32,8,4,ok,,513.663669,20,50,0.04598104,0.0032404575044891427,0.042704,0.0448225,0.0501199,0.0512688,0.05784139,0.057885,173984.75545572696,173.98475545572697,44.8225,5.6028125,43496.18886393174,7664,7424,15160,sub-physical,0.03125,0.015625,Intel(R) Xeon(R) 6760P,AVX512,"avx2,avx512f,avx512bw,avx512vl,avx512_vnni,avx512_bf16,amx_bf16,amx_int8,amx_tile,fma",True,True,,256,128,sh14l07002s1404,3.11.9,2.1.2+cu121
20260424_010536,2026-04-24T06:14:17.326734,cpu,full_mlp_capacity_search_hd32_depth5,/home/liangyi/SRS_AI/Model_AIIC_refactor/experiments_refactored/20260422_050408_full_mlp_capacity_search_v2/full_mlp_capacity_search_hd32_depth5,full_mlp_capacity_search_v2,full_mlp_capacity_search_hd32_depth5,supervised_nmse_plateau,full_mlp,12,6,compile,fp32,float32,8,8,ok,,545.006888,20,50,0.0474109,0.0018279421900049247,0.044854,0.046968499999999996,0.0492286,0.0495223,0.05337758999999999,0.055195,168737.56878692453,168.73756878692453,46.9685,5.8710625,21092.196098365566,7664,7424,15160,sub-physical,0.0625,0.03125,Intel(R) Xeon(R) 6760P,AVX512,"avx2,avx512f,avx512bw,avx512vl,avx512_vnni,avx512_bf16,amx_bf16,amx_int8,amx_tile,fma",True,True,,256,128,sh14l07002s1404,3.11.9,2.1.2+cu121
20260424_010536,2026-04-24T06:14:17.326734,cpu,full_mlp_capacity_search_hd32_depth5,/home/liangyi/SRS_AI/Model_AIIC_refactor/experiments_refactored/20260422_050408_full_mlp_capacity_search_v2/full_mlp_capacity_search_hd32_depth5,full_mlp_capacity_search_v2,full_mlp_capacity_search_hd32_depth5,supervised_nmse_plateau,full_mlp,12,6,compile,fp32,float32,8,128,ok,,723.461223,20,50,0.04764828,0.0026920817375406716,0.044854,0.046855499999999994,0.0522105,0.05334705,0.05584779,0.055862,167896.9314317327,167.8969314317327,46.85549999999999,5.856937499999999,1311.6947768104117,7664,7424,15160,all-physical,1.0,0.5,Intel(R) Xeon(R) 6760P,AVX512,"avx2,avx512f,avx512bw,avx512vl,avx512_vnni,avx512_bf16,amx_bf16,amx_int8,amx_tile,fma",True,True,,256,128,sh14l07002s1404,3.11.9,2.1.2+cu121
20260424_010536,2026-04-24T06:14:17.326734,cpu,full_mlp_capacity_search_hd32_depth5,/home/liangyi/SRS_AI/Model_AIIC_refactor/experiments_refactored/20260422_050408_full_mlp_capacity_search_v2/full_mlp_capacity_search_hd32_depth5,full_mlp_capacity_search_v2,full_mlp_capacity_search_hd32_depth5,supervised_nmse_plateau,full_mlp,12,6,compile,fp32,float32,16,1,ok,,497.11089,20,50,0.0483032,0.0030020179613053613,0.044405,0.0474635,0.054292,0.0547244,0.05650884,0.057579,331240.99438546516,331.24099438546517,47.463499999999996,2.9664687499999998,331240.99438546516,7664,7424,15160,single-thread,0.0078125,0.00390625,Intel(R) Xeon(R) 6760P,AVX512,"avx2,avx512f,avx512bw,avx512vl,avx512_vnni,avx512_bf16,amx_bf16,amx_int8,amx_tile,fma",True,True,,256,128,sh14l07002s1404,3.11.9,2.1.2+cu121
20260424_010536,2026-04-24T06:14:17.326734,cpu,full_mlp_capacity_search_hd32_depth5,/home/liangyi/SRS_AI/Model_AIIC_refactor/experiments_refactored/20260422_050408_full_mlp_capacity_search_v2/full_mlp_capacity_search_hd32_depth5,full_mlp_capacity_search_v2,full_mlp_capacity_search_hd32_depth5,supervised_nmse_plateau,full_mlp,12,6,compile,fp32,float32,16,2,ok,,520.037931,20,50,0.05030748,0.0033141487548992124,0.045598,0.048983,0.055971099999999996,0.05664455,0.05832091,0.05839,318044.1556603511,318.0441556603511,48.983,3.0614375,159022.07783017555,7664,7424,15160,sub-physical,0.015625,0.0078125,Intel(R) Xeon(R) 6760P,AVX512,"avx2,avx512f,avx512bw,avx512vl,avx512_vnni,avx512_bf16,amx_bf16,amx_int8,amx_tile,fma",True,True,,256,128,sh14l07002s1404,3.11.9,2.1.2+cu121
20260424_010536,2026-04-24T06:14:17.326734,cpu,full_mlp_capacity_search_hd32_depth5,/home/liangyi/SRS_AI/Model_AIIC_refactor/experiments_refactored/20260422_050408_full_mlp_capacity_search_v2/full_mlp_capacity_search_hd32_depth5,full_mlp_capacity_search_v2,full_mlp_capacity_search_hd32_depth5,supervised_nmse_plateau,full_mlp,12,6,compile,fp32,float32,16,4,ok,,513.443718,20,50,0.0478421,0.0019713172677171976,0.04548,0.0473305,0.0494296,0.05168699999999999,0.054823569999999995,0.05517,334433.48013569636,334.43348013569636,47.3305,2.95815625,83608.37003392409,7664,7424,15160,sub-physical,0.03125,0.015625,Intel(R) Xeon(R) 6760P,AVX512,"avx2,avx512f,avx512bw,avx512vl,avx512_vnni,avx512_bf16,amx_bf16,amx_int8,amx_tile,fma",True,True,,256,128,sh14l07002s1404,3.11.9,2.1.2+cu121
20260424_010536,2026-04-24T06:14:17.326734,cpu,full_mlp_capacity_search_hd32_depth5,/home/liangyi/SRS_AI/Model_AIIC_refactor/experiments_refactored/20260422_050408_full_mlp_capacity_search_v2/full_mlp_capacity_search_hd32_depth5,full_mlp_capacity_search_v2,full_mlp_capacity_search_hd32_depth5,supervised_nmse_plateau,full_mlp,12,6,compile,fp32,float32,16,8,ok,,554.528417,20,50,0.04704118,0.0012749360249047794,0.044857,0.0468595,0.049293000000000003,0.049548499999999995,0.05046732,0.050532,340127.52231130254,340.1275223113025,46.8595,2.92871875,42515.94028891282,7664,7424,15160,sub-physical,0.0625,0.03125,Intel(R) Xeon(R) 6760P,AVX512,"avx2,avx512f,avx512bw,avx512vl,avx512_vnni,avx512_bf16,amx_bf16,amx_int8,amx_tile,fma",True,True,,256,128,sh14l07002s1404,3.11.9,2.1.2+cu121
20260424_010536,2026-04-24T06:14:17.326734,cpu,full_mlp_capacity_search_hd32_depth5,/home/liangyi/SRS_AI/Model_AIIC_refactor/experiments_refactored/20260422_050408_full_mlp_capacity_search_v2/full_mlp_capacity_search_hd32_depth5,full_mlp_capacity_search_v2,full_mlp_capacity_search_hd32_depth5,supervised_nmse_plateau,full_mlp,12,6,compile,fp32,float32,16,128,ok,,707.35466,20,50,0.0522209,0.002456699674359892,0.048567,0.051593,0.05621040000000001,0.05776675,0.05871602,0.059109,306390.7362760887,306.3907362760887,51.593,3.2245625,2393.677627156943,7664,7424,15160,all-physical,1.0,0.5,Intel(R) Xeon(R) 6760P,AVX512,"avx2,avx512f,avx512bw,avx512vl,avx512_vnni,avx512_bf16,amx_bf16,amx_int8,amx_tile,fma",True,True,,256,128,sh14l07002s1404,3.11.9,2.1.2+cu121
20260424_010536,2026-04-24T06:14:17.326734,cpu,full_mlp_capacity_search_hd32_depth5,/home/liangyi/SRS_AI/Model_AIIC_refactor/experiments_refactored/20260422_050408_full_mlp_capacity_search_v2/full_mlp_capacity_search_hd32_depth5,full_mlp_capacity_search_v2,full_mlp_capacity_search_hd32_depth5,supervised_nmse_plateau,full_mlp,12,6,compile,fp32,float32,32,1,ok,,496.365981,20,50,0.04889714,0.001207772114432189,0.047137,0.048572500000000005,0.050719900000000005,0.0513541,0.05151819,0.051601,654435.0037650464,654.4350037650464,48.572500000000005,1.5178906250000002,654435.0037650464,7664,7424,15160,single-thread,0.0078125,0.00390625,Intel(R) Xeon(R) 6760P,AVX512,"avx2,avx512f,avx512bw,avx512vl,avx512_vnni,avx512_bf16,amx_bf16,amx_int8,amx_tile,fma",True,True,,256,128,sh14l07002s1404,3.11.9,2.1.2+cu121
20260424_010536,2026-04-24T06:14:17.326734,cpu,full_mlp_capacity_search_hd32_depth5,/home/liangyi/SRS_AI/Model_AIIC_refactor/experiments_refactored/20260422_050408_full_mlp_capacity_search_v2/full_mlp_capacity_search_hd32_depth5,full_mlp_capacity_search_v2,full_mlp_capacity_search_hd32_depth5,supervised_nmse_plateau,full_mlp,12,6,compile,fp32,float32,32,2,ok,,508.633104,20,50,0.0492698,0.001300228272266066,0.046808,0.049173,0.051055,0.0513425,0.05165868,0.05179,649485.0801099254,649.4850801099253,49.173,1.53665625,324742.5400549627,7664,7424,15160,sub-physical,0.015625,0.0078125,Intel(R) Xeon(R) 6760P,AVX512,"avx2,avx512f,avx512bw,avx512vl,avx512_vnni,avx512_bf16,amx_bf16,amx_int8,amx_tile,fma",True,True,,256,128,sh14l07002s1404,3.11.9,2.1.2+cu121
20260424_010536,2026-04-24T06:14:17.326734,cpu,full_mlp_capacity_search_hd32_depth5,/home/liangyi/SRS_AI/Model_AIIC_refactor/experiments_refactored/20260422_050408_full_mlp_capacity_search_v2/full_mlp_capacity_search_hd32_depth5,full_mlp_capacity_search_v2,full_mlp_capacity_search_hd32_depth5,supervised_nmse_plateau,full_mlp,12,6,compile,fp32,float32,32,4,ok,,512.695957,20,50,0.0611768,0.002246663739859617,0.057695,0.060788999999999996,0.06352780000000001,0.0658544,0.06812605999999999,0.069452,523074.1065240418,523.0741065240418,60.788999999999994,1.8996562499999998,130768.52663101045,7664,7424,15160,sub-physical,0.03125,0.015625,Intel(R) Xeon(R) 6760P,AVX512,"avx2,avx512f,avx512bw,avx512vl,avx512_vnni,avx512_bf16,amx_bf16,amx_int8,amx_tile,fma",True,True,,256,128,sh14l07002s1404,3.11.9,2.1.2+cu121
20260424_010536,2026-04-24T06:14:17.326734,cpu,full_mlp_capacity_search_hd32_depth5,/home/liangyi/SRS_AI/Model_AIIC_refactor/experiments_refactored/20260422_050408_full_mlp_capacity_search_v2/full_mlp_capacity_search_hd32_depth5,full_mlp_capacity_search_v2,full_mlp_capacity_search_hd32_depth5,supervised_nmse_plateau,full_mlp,12,6,compile,fp32,float32,32,8,ok,,553.425262,20,50,0.05008702,0.003161818688603127,0.046796,0.049086000000000005,0.0550727,0.0570847,0.060302569999999986,0.062707,638888.0791869829,638.888079186983,49.086000000000006,1.5339375000000002,79861.00989837287,7664,7424,15160,sub-physical,0.0625,0.03125,Intel(R) Xeon(R) 6760P,AVX512,"avx2,avx512f,avx512bw,avx512vl,avx512_vnni,avx512_bf16,amx_bf16,amx_int8,amx_tile,fma",True,True,,256,128,sh14l07002s1404,3.11.9,2.1.2+cu121
20260424_010536,2026-04-24T06:14:17.326734,cpu,full_mlp_capacity_search_hd32_depth5,/home/liangyi/SRS_AI/Model_AIIC_refactor/experiments_refactored/20260422_050408_full_mlp_capacity_search_v2/full_mlp_capacity_search_hd32_depth5,full_mlp_capacity_search_v2,full_mlp_capacity_search_hd32_depth5,supervised_nmse_plateau,full_mlp,12,6,compile,fp32,float32,32,128,ok,,813.730414,20,50,0.05080604,0.0017817047225620747,0.048548,0.050532,0.0522665,0.05341944999999999,0.057319909999999995,0.058712,629846.3725966441,629.8463725966441,50.532000000000004,1.5791250000000001,4920.674785911282,7664,7424,15160,all-physical,1.0,0.5,Intel(R) Xeon(R) 6760P,AVX512,"avx2,avx512f,avx512bw,avx512vl,avx512_vnni,avx512_bf16,amx_bf16,amx_int8,amx_tile,fma",True,True,,256,128,sh14l07002s1404,3.11.9,2.1.2+cu121
20260424_010536,2026-04-24T06:14:17.326734,cpu,full_mlp_capacity_search_hd32_depth5,/home/liangyi/SRS_AI/Model_AIIC_refactor/experiments_refactored/20260422_050408_full_mlp_capacity_search_v2/full_mlp_capacity_search_hd32_depth5,full_mlp_capacity_search_v2,full_mlp_capacity_search_hd32_depth5,supervised_nmse_plateau,full_mlp,12,6,compile,fp32,float32,64,1,ok,,499.122944,20,50,0.0570202,0.002257184582616141,0.053353,0.0566385,0.0595382,0.062087199999999995,0.06374923,0.063932,1122409.251458255,1122.409251458255,56.6385,0.8849765625,1122409.251458255,7664,7424,15160,single-thread,0.0078125,0.00390625,Intel(R) Xeon(R) 6760P,AVX512,"avx2,avx512f,avx512bw,avx512vl,avx512_vnni,avx512_bf16,amx_bf16,amx_int8,amx_tile,fma",True,True,,256,128,sh14l07002s1404,3.11.9,2.1.2+cu121
20260424_010536,2026-04-24T06:14:17.326734,cpu,full_mlp_capacity_search_hd32_depth5,/home/liangyi/SRS_AI/Model_AIIC_refactor/experiments_refactored/20260422_050408_full_mlp_capacity_search_v2/full_mlp_capacity_search_hd32_depth5,full_mlp_capacity_search_v2,full_mlp_capacity_search_hd32_depth5,supervised_nmse_plateau,full_mlp,12,6,compile,fp32,float32,64,2,ok,,517.395573,20,50,0.0835012,0.0021934567786943047,0.080542,0.083217,0.0861649,0.08763850000000001,0.08952686,0.089569,766456.0509310046,766.4560509310046,83.217,1.300265625,383228.0254655023,7664,7424,15160,sub-physical,0.015625,0.0078125,Intel(R) Xeon(R) 6760P,AVX512,"avx2,avx512f,avx512bw,avx512vl,avx512_vnni,avx512_bf16,amx_bf16,amx_int8,amx_tile,fma",True,True,,256,128,sh14l07002s1404,3.11.9,2.1.2+cu121
20260424_010536,2026-04-24T06:14:17.326734,cpu,full_mlp_capacity_search_hd32_depth5,/home/liangyi/SRS_AI/Model_AIIC_refactor/experiments_refactored/20260422_050408_full_mlp_capacity_search_v2/full_mlp_capacity_search_hd32_depth5,full_mlp_capacity_search_v2,full_mlp_capacity_search_hd32_depth5,supervised_nmse_plateau,full_mlp,12,6,compile,fp32,float32,64,4,ok,,515.494897,20,50,0.06843830000000001,0.003077609418038618,0.064854,0.0676365,0.07113130000000001,0.0724099,0.07987948999999998,0.084828,935148.8859308311,935.148885930831,67.6365,1.0568203125,233787.22148270777,7664,7424,15160,sub-physical,0.03125,0.015625,Intel(R) Xeon(R) 6760P,AVX512,"avx2,avx512f,avx512bw,avx512vl,avx512_vnni,avx512_bf16,amx_bf16,amx_int8,amx_tile,fma",True,True,,256,128,sh14l07002s1404,3.11.9,2.1.2+cu121
20260424_010536,2026-04-24T06:14:17.326734,cpu,full_mlp_capacity_search_hd32_depth5,/home/liangyi/SRS_AI/Model_AIIC_refactor/experiments_refactored/20260422_050408_full_mlp_capacity_search_v2/full_mlp_capacity_search_hd32_depth5,full_mlp_capacity_search_v2,full_mlp_capacity_search_hd32_depth5,supervised_nmse_plateau,full_mlp,12,6,compile,fp32,float32,64,8,ok,,533.398039,20,50,0.06409936,0.002600877734611914,0.060918,0.063217,0.0670409,0.06979004999999999,0.07307986999999999,0.074225,998449.9065201276,998.4499065201276,63.217,0.987765625,124806.23831501594,7664,7424,15160,sub-physical,0.0625,0.03125,Intel(R) Xeon(R) 6760P,AVX512,"avx2,avx512f,avx512bw,avx512vl,avx512_vnni,avx512_bf16,amx_bf16,amx_int8,amx_tile,fma",True,True,,256,128,sh14l07002s1404,3.11.9,2.1.2+cu121
20260424_010536,2026-04-24T06:14:17.326734,cpu,full_mlp_capacity_search_hd32_depth5,/home/liangyi/SRS_AI/Model_AIIC_refactor/experiments_refactored/20260422_050408_full_mlp_capacity_search_v2/full_mlp_capacity_search_hd32_depth5,full_mlp_capacity_search_v2,full_mlp_capacity_search_hd32_depth5,supervised_nmse_plateau,full_mlp,12,6,compile,fp32,float32,64,128,ok,,732.14095,20,50,0.27906312,0.8293777627654516,0.123771,0.1364755,0.15539750000000002,0.16537985,3.674141839999991,5.976154,229338.79618345844,229.33879618345844,136.4755,2.1324296875,1791.709345183269,7664,7424,15160,all-physical,1.0,0.5,Intel(R) Xeon(R) 6760P,AVX512,"avx2,avx512f,avx512bw,avx512vl,avx512_vnni,avx512_bf16,amx_bf16,amx_int8,amx_tile,fma",True,True,,256,128,sh14l07002s1404,3.11.9,2.1.2+cu121
20260424_010536,2026-04-24T06:14:17.326734,cpu,full_mlp_capacity_search_hd32_depth5,/home/liangyi/SRS_AI/Model_AIIC_refactor/experiments_refactored/20260422_050408_full_mlp_capacity_search_v2/full_mlp_capacity_search_hd32_depth5,full_mlp_capacity_search_v2,full_mlp_capacity_search_hd32_depth5,supervised_nmse_plateau,full_mlp,12,6,compile,fp32,float32,128,1,ok,,500.266326,20,50,0.06819652,0.0016134442567377406,0.06572,0.068217,0.0701344,0.07023805,0.07232424999999999,0.072655,1876928.617471977,1876.9286174719768,68.217,0.5329453125,1876928.617471977,7664,7424,15160,single-thread,0.0078125,0.00390625,Intel(R) Xeon(R) 6760P,AVX512,"avx2,avx512f,avx512bw,avx512vl,avx512_vnni,avx512_bf16,amx_bf16,amx_int8,amx_tile,fma",True,True,,256,128,sh14l07002s1404,3.11.9,2.1.2+cu121
20260424_010536,2026-04-24T06:14:17.326734,cpu,full_mlp_capacity_search_hd32_depth5,/home/liangyi/SRS_AI/Model_AIIC_refactor/experiments_refactored/20260422_050408_full_mlp_capacity_search_v2/full_mlp_capacity_search_hd32_depth5,full_mlp_capacity_search_v2,full_mlp_capacity_search_hd32_depth5,supervised_nmse_plateau,full_mlp,12,6,compile,fp32,float32,128,2,ok,,508.293479,20,50,0.1162962,0.0026666102902374016,0.111275,0.1158955,0.1199498,0.12077895,0.12298487,0.124473,1100637.8540313442,1100.6378540313442,115.8955,0.90543359375,550318.9270156721,7664,7424,15160,sub-physical,0.015625,0.0078125,Intel(R) Xeon(R) 6760P,AVX512,"avx2,avx512f,avx512bw,avx512vl,avx512_vnni,avx512_bf16,amx_bf16,amx_int8,amx_tile,fma",True,True,,256,128,sh14l07002s1404,3.11.9,2.1.2+cu121
20260424_010536,2026-04-24T06:14:17.326734,cpu,full_mlp_capacity_search_hd32_depth5,/home/liangyi/SRS_AI/Model_AIIC_refactor/experiments_refactored/20260422_050408_full_mlp_capacity_search_v2/full_mlp_capacity_search_hd32_depth5,full_mlp_capacity_search_v2,full_mlp_capacity_search_hd32_depth5,supervised_nmse_plateau,full_mlp,12,6,compile,fp32,float32,128,4,ok,,515.212456,20,50,0.14097546,0.005281818331635423,0.129,0.14067049999999998,0.14742940000000002,0.14811625,0.15508505,0.158983,907959.4420191996,907.9594420191996,140.67049999999998,1.0989882812499998,226989.8605047999,7664,7424,15160,sub-physical,0.03125,0.015625,Intel(R) Xeon(R) 6760P,AVX512,"avx2,avx512f,avx512bw,avx512vl,avx512_vnni,avx512_bf16,amx_bf16,amx_int8,amx_tile,fma",True,True,,256,128,sh14l07002s1404,3.11.9,2.1.2+cu121
20260424_010536,2026-04-24T06:14:17.326734,cpu,full_mlp_capacity_search_hd32_depth5,/home/liangyi/SRS_AI/Model_AIIC_refactor/experiments_refactored/20260422_050408_full_mlp_capacity_search_v2/full_mlp_capacity_search_hd32_depth5,full_mlp_capacity_search_v2,full_mlp_capacity_search_hd32_depth5,supervised_nmse_plateau,full_mlp,12,6,compile,fp32,float32,128,8,ok,,535.079757,20,50,0.08054398,0.0021757703968020158,0.07714,0.080023,0.0838956,0.08467935,0.08700427999999999,0.087753,1589193.8789218015,1589.1938789218016,80.023,0.6251796875,198649.23486522518,7664,7424,15160,sub-physical,0.0625,0.03125,Intel(R) Xeon(R) 6760P,AVX512,"avx2,avx512f,avx512bw,avx512vl,avx512_vnni,avx512_bf16,amx_bf16,amx_int8,amx_tile,fma",True,True,,256,128,sh14l07002s1404,3.11.9,2.1.2+cu121
20260424_010536,2026-04-24T06:14:17.326734,cpu,full_mlp_capacity_search_hd32_depth5,/home/liangyi/SRS_AI/Model_AIIC_refactor/experiments_refactored/20260422_050408_full_mlp_capacity_search_v2/full_mlp_capacity_search_hd32_depth5,full_mlp_capacity_search_v2,full_mlp_capacity_search_hd32_depth5,supervised_nmse_plateau,full_mlp,12,6,compile,fp32,float32,128,128,ok,,747.926068,20,50,1.12878112,2.1449012292905016,0.125461,0.1539105,5.9974041,6.0022309,6.01289349,6.019753,113396.65213394073,113.39665213394073,153.9105,1.20242578125,885.911344796412,7664,7424,15160,all-physical,1.0,0.5,Intel(R) Xeon(R) 6760P,AVX512,"avx2,avx512f,avx512bw,avx512vl,avx512_vnni,avx512_bf16,amx_bf16,amx_int8,amx_tile,fma",True,True,,256,128,sh14l07002s1404,3.11.9,2.1.2+cu121
20260424_010536,2026-04-24T06:14:17.326734,cpu,full_mlp_capacity_search_hd32_depth5,/home/liangyi/SRS_AI/Model_AIIC_refactor/experiments_refactored/20260422_050408_full_mlp_capacity_search_v2/full_mlp_capacity_search_hd32_depth5,full_mlp_capacity_search_v2,full_mlp_capacity_search_hd32_depth5,supervised_nmse_plateau,full_mlp,12,6,compile,bf16,bfloat16,1,1,ok,,503.827894,20,50,0.06644588,0.0021625990533614865,0.062547,0.0662765,0.0688221,0.06915929999999999,0.07309092,0.073381,15049.84206695735,15.04984206695735,66.2765,66.2765,15049.84206695735,7664,7424,15160,single-thread,0.0078125,0.00390625,Intel(R) Xeon(R) 6760P,AVX512,"avx2,avx512f,avx512bw,avx512vl,avx512_vnni,avx512_bf16,amx_bf16,amx_int8,amx_tile,fma",True,True,,256,128,sh14l07002s1404,3.11.9,2.1.2+cu121
20260424_010536,2026-04-24T06:14:17.326734,cpu,full_mlp_capacity_search_hd32_depth5,/home/liangyi/SRS_AI/Model_AIIC_refactor/experiments_refactored/20260422_050408_full_mlp_capacity_search_v2/full_mlp_capacity_search_hd32_depth5,full_mlp_capacity_search_v2,full_mlp_capacity_search_hd32_depth5,supervised_nmse_plateau,full_mlp,12,6,compile,bf16,bfloat16,1,2,ok,,501.062359,20,50,0.0693649,0.002451263733260867,0.065339,0.06859699999999999,0.0736565,0.074825,0.07613664999999999,0.07683,14416.513250938156,14.416513250938156,68.597,68.597,7208.256625469078,7664,7424,15160,sub-physical,0.015625,0.0078125,Intel(R) Xeon(R) 6760P,AVX512,"avx2,avx512f,avx512bw,avx512vl,avx512_vnni,avx512_bf16,amx_bf16,amx_int8,amx_tile,fma",True,True,,256,128,sh14l07002s1404,3.11.9,2.1.2+cu121
20260424_010536,2026-04-24T06:14:17.326734,cpu,full_mlp_capacity_search_hd32_depth5,/home/liangyi/SRS_AI/Model_AIIC_refactor/experiments_refactored/20260422_050408_full_mlp_capacity_search_v2/full_mlp_capacity_search_hd32_depth5,full_mlp_capacity_search_v2,full_mlp_capacity_search_hd32_depth5,supervised_nmse_plateau,full_mlp,12,6,compile,bf16,bfloat16,1,4,ok,,511.380576,20,50,0.0706034,0.002538533560936314,0.067109,0.069829,0.0729051,0.0763024,0.07839022,0.079087,14163.62384814329,14.16362384814329,69.82900000000001,69.82900000000001,3540.9059620358225,7664,7424,15160,sub-physical,0.03125,0.015625,Intel(R) Xeon(R) 6760P,AVX512,"avx2,avx512f,avx512bw,avx512vl,avx512_vnni,avx512_bf16,amx_bf16,amx_int8,amx_tile,fma",True,True,,256,128,sh14l07002s1404,3.11.9,2.1.2+cu121
20260424_010536,2026-04-24T06:14:17.326734,cpu,full_mlp_capacity_search_hd32_depth5,/home/liangyi/SRS_AI/Model_AIIC_refactor/experiments_refactored/20260422_050408_full_mlp_capacity_search_v2/full_mlp_capacity_search_hd32_depth5,full_mlp_capacity_search_v2,full_mlp_capacity_search_hd32_depth5,supervised_nmse_plateau,full_mlp,12,6,compile,bf16,bfloat16,1,8,ok,,502.60065,20,50,0.0631778,0.0032280521433211084,0.059301,0.062300999999999995,0.0690002,0.0700214,0.07102256,0.071344,15828.344766674367,15.828344766674366,62.300999999999995,62.300999999999995,1978.5430958342959,7664,7424,15160,sub-physical,0.0625,0.03125,Intel(R) Xeon(R) 6760P,AVX512,"avx2,avx512f,avx512bw,avx512vl,avx512_vnni,avx512_bf16,amx_bf16,amx_int8,amx_tile,fma",True,True,,256,128,sh14l07002s1404,3.11.9,2.1.2+cu121
20260424_010536,2026-04-24T06:14:17.326734,cpu,full_mlp_capacity_search_hd32_depth5,/home/liangyi/SRS_AI/Model_AIIC_refactor/experiments_refactored/20260422_050408_full_mlp_capacity_search_v2/full_mlp_capacity_search_hd32_depth5,full_mlp_capacity_search_v2,full_mlp_capacity_search_hd32_depth5,supervised_nmse_plateau,full_mlp,12,6,compile,bf16,bfloat16,1,128,ok,,537.716792,20,50,0.14069566,0.01565326862813004,0.12252,0.1375055,0.14885220000000002,0.16792059999999998,0.20475326,0.208735,7107.539777701743,7.107539777701743,137.5055,137.5055,55.52765451329487,7664,7424,15160,all-physical,1.0,0.5,Intel(R) Xeon(R) 6760P,AVX512,"avx2,avx512f,avx512bw,avx512vl,avx512_vnni,avx512_bf16,amx_bf16,amx_int8,amx_tile,fma",True,True,,256,128,sh14l07002s1404,3.11.9,2.1.2+cu121
20260424_010536,2026-04-24T06:14:17.326734,cpu,full_mlp_capacity_search_hd32_depth5,/home/liangyi/SRS_AI/Model_AIIC_refactor/experiments_refactored/20260422_050408_full_mlp_capacity_search_v2/full_mlp_capacity_search_hd32_depth5,full_mlp_capacity_search_v2,full_mlp_capacity_search_hd32_depth5,supervised_nmse_plateau,full_mlp,12,6,compile,bf16,bfloat16,2,1,ok,,530.09368,20,50,0.0633264,0.0027019334484772194,0.05869,0.062617,0.0663904,0.06668695,0.07160025999999999,0.075484,31582.404810631895,31.582404810631896,62.617000000000004,31.308500000000002,31582.404810631895,7664,7424,15160,single-thread,0.0078125,0.00390625,Intel(R) Xeon(R) 6760P,AVX512,"avx2,avx512f,avx512bw,avx512vl,avx512_vnni,avx512_bf16,amx_bf16,amx_int8,amx_tile,fma",True,True,,256,128,sh14l07002s1404,3.11.9,2.1.2+cu121
20260424_010536,2026-04-24T06:14:17.326734,cpu,full_mlp_capacity_search_hd32_depth5,/home/liangyi/SRS_AI/Model_AIIC_refactor/experiments_refactored/20260422_050408_full_mlp_capacity_search_v2/full_mlp_capacity_search_hd32_depth5,full_mlp_capacity_search_v2,full_mlp_capacity_search_hd32_depth5,supervised_nmse_plateau,full_mlp,12,6,compile,bf16,bfloat16,2,2,ok,,507.343972,20,50,0.07434516000000001,0.003835609241619903,0.070061,0.073463,0.07764,0.08358215,0.08772059,0.08797,26901.549475446685,26.901549475446686,73.463,36.7315,13450.774737723343,7664,7424,15160,sub-physical,0.015625,0.0078125,Intel(R) Xeon(R) 6760P,AVX512,"avx2,avx512f,avx512bw,avx512vl,avx512_vnni,avx512_bf16,amx_bf16,amx_int8,amx_tile,fma",True,True,,256,128,sh14l07002s1404,3.11.9,2.1.2+cu121
20260424_010536,2026-04-24T06:14:17.326734,cpu,full_mlp_capacity_search_hd32_depth5,/home/liangyi/SRS_AI/Model_AIIC_refactor/experiments_refactored/20260422_050408_full_mlp_capacity_search_v2/full_mlp_capacity_search_hd32_depth5,full_mlp_capacity_search_v2,full_mlp_capacity_search_hd32_depth5,supervised_nmse_plateau,full_mlp,12,6,compile,bf16,bfloat16,2,4,ok,,508.164735,20,50,0.0763232,0.004138129103834243,0.072486,0.075598,0.0788787,0.08221285,0.09221728999999997,0.099655,26204.35201878328,26.20435201878328,75.598,37.799,6551.08800469582,7664,7424,15160,sub-physical,0.03125,0.015625,Intel(R) Xeon(R) 6760P,AVX512,"avx2,avx512f,avx512bw,avx512vl,avx512_vnni,avx512_bf16,amx_bf16,amx_int8,amx_tile,fma",True,True,,256,128,sh14l07002s1404,3.11.9,2.1.2+cu121
20260424_010536,2026-04-24T06:14:17.326734,cpu,full_mlp_capacity_search_hd32_depth5,/home/liangyi/SRS_AI/Model_AIIC_refactor/experiments_refactored/20260422_050408_full_mlp_capacity_search_v2/full_mlp_capacity_search_hd32_depth5,full_mlp_capacity_search_v2,full_mlp_capacity_search_hd32_depth5,supervised_nmse_plateau,full_mlp,12,6,compile,bf16,bfloat16,2,8,ok,,511.241281,20,50,0.0751568,0.0031561386217972115,0.069598,0.07443,0.0801654,0.0815899,0.08374627,0.084764,26611.031869371767,26.611031869371768,74.42999999999999,37.214999999999996,3326.378983671471,7664,7424,15160,sub-physical,0.0625,0.03125,Intel(R) Xeon(R) 6760P,AVX512,"avx2,avx512f,avx512bw,avx512vl,avx512_vnni,avx512_bf16,amx_bf16,amx_int8,amx_tile,fma",True,True,,256,128,sh14l07002s1404,3.11.9,2.1.2+cu121
20260424_010536,2026-04-24T06:14:17.326734,cpu,full_mlp_capacity_search_hd32_depth5,/home/liangyi/SRS_AI/Model_AIIC_refactor/experiments_refactored/20260422_050408_full_mlp_capacity_search_v2/full_mlp_capacity_search_hd32_depth5,full_mlp_capacity_search_v2,full_mlp_capacity_search_hd32_depth5,supervised_nmse_plateau,full_mlp,12,6,compile,bf16,bfloat16,2,128,ok,,523.040648,20,50,4.41089622,2.55831082042229,0.145028,5.995346,6.0045589,6.007694949999999,6.6477986899999975,7.254673,453.42259265397087,0.4534225926539709,5995.346,2997.673,3.5423640051091474,7664,7424,15160,all-physical,1.0,0.5,Intel(R) Xeon(R) 6760P,AVX512,"avx2,avx512f,avx512bw,avx512vl,avx512_vnni,avx512_bf16,amx_bf16,amx_int8,amx_tile,fma",True,True,,256,128,sh14l07002s1404,3.11.9,2.1.2+cu121
20260424_010536,2026-04-24T06:14:17.326734,cpu,full_mlp_capacity_search_hd32_depth5,/home/liangyi/SRS_AI/Model_AIIC_refactor/experiments_refactored/20260422_050408_full_mlp_capacity_search_v2/full_mlp_capacity_search_hd32_depth5,full_mlp_capacity_search_v2,full_mlp_capacity_search_hd32_depth5,supervised_nmse_plateau,full_mlp,12,6,compile,bf16,bfloat16,4,1,ok,,535.972793,20,50,0.0656174,0.0025972743944373687,0.062015,0.065747,0.0678238,0.06878495,0.07393800999999998,0.077981,60959.440636172716,60.959440636172715,65.747,16.43675,60959.440636172716,7664,7424,15160,single-thread,0.0078125,0.00390625,Intel(R) Xeon(R) 6760P,AVX512,"avx2,avx512f,avx512bw,avx512vl,avx512_vnni,avx512_bf16,amx_bf16,amx_int8,amx_tile,fma",True,True,,256,128,sh14l07002s1404,3.11.9,2.1.2+cu121
20260424_010536,2026-04-24T06:14:17.326734,cpu,full_mlp_capacity_search_hd32_depth5,/home/liangyi/SRS_AI/Model_AIIC_refactor/experiments_refactored/20260422_050408_full_mlp_capacity_search_v2/full_mlp_capacity_search_hd32_depth5,full_mlp_capacity_search_v2,full_mlp_capacity_search_hd32_depth5,supervised_nmse_plateau,full_mlp,12,6,compile,bf16,bfloat16,4,2,ok,,510.419866,20,50,0.0770665,0.002451545596149499,0.074115,0.0764695,0.0790576,0.08177285,0.08628743,0.087313,51903.22643431323,51.903226434313225,76.4695,19.117375,25951.613217156613,7664,7424,15160,sub-physical,0.015625,0.0078125,Intel(R) Xeon(R) 6760P,AVX512,"avx2,avx512f,avx512bw,avx512vl,avx512_vnni,avx512_bf16,amx_bf16,amx_int8,amx_tile,fma",True,True,,256,128,sh14l07002s1404,3.11.9,2.1.2+cu121
20260424_010536,2026-04-24T06:14:17.326734,cpu,full_mlp_capacity_search_hd32_depth5,/home/liangyi/SRS_AI/Model_AIIC_refactor/experiments_refactored/20260422_050408_full_mlp_capacity_search_v2/full_mlp_capacity_search_hd32_depth5,full_mlp_capacity_search_v2,full_mlp_capacity_search_hd32_depth5,supervised_nmse_plateau,full_mlp,12,6,compile,bf16,bfloat16,4,4,ok,,509.533772,20,50,0.07969484,0.002524947424086292,0.076776,0.07904649999999999,0.0825955,0.08554955,0.08752688,0.087864,50191.45530626575,50.19145530626575,79.0465,19.761625,12547.863826566438,7664,7424,15160,sub-physical,0.03125,0.015625,Intel(R) Xeon(R) 6760P,AVX512,"avx2,avx512f,avx512bw,avx512vl,avx512_vnni,avx512_bf16,amx_bf16,amx_int8,amx_tile,fma",True,True,,256,128,sh14l07002s1404,3.11.9,2.1.2+cu121
20260424_010536,2026-04-24T06:14:17.326734,cpu,full_mlp_capacity_search_hd32_depth5,/home/liangyi/SRS_AI/Model_AIIC_refactor/experiments_refactored/20260422_050408_full_mlp_capacity_search_v2/full_mlp_capacity_search_hd32_depth5,full_mlp_capacity_search_v2,full_mlp_capacity_search_hd32_depth5,supervised_nmse_plateau,full_mlp,12,6,compile,bf16,bfloat16,4,8,ok,,499.8495,20,50,0.07154542,0.0027851766700875543,0.068198,0.07073950000000001,0.0743713,0.07640865,0.08177662,0.083032,55908.54033703345,55.90854033703345,70.7395,17.684875,6988.567542129182,7664,7424,15160,sub-physical,0.0625,0.03125,Intel(R) Xeon(R) 6760P,AVX512,"avx2,avx512f,avx512bw,avx512vl,avx512_vnni,avx512_bf16,amx_bf16,amx_int8,amx_tile,fma",True,True,,256,128,sh14l07002s1404,3.11.9,2.1.2+cu121
20260424_010536,2026-04-24T06:14:17.326734,cpu,full_mlp_capacity_search_hd32_depth5,/home/liangyi/SRS_AI/Model_AIIC_refactor/experiments_refactored/20260422_050408_full_mlp_capacity_search_v2/full_mlp_capacity_search_hd32_depth5,full_mlp_capacity_search_v2,full_mlp_capacity_search_hd32_depth5,supervised_nmse_plateau,full_mlp,12,6,compile,bf16,bfloat16,4,128,ok,,530.074532,20,50,0.21064516,0.020458241398869065,0.182223,0.207845,0.2263783,0.24753134999999996,0.2872336099999999,0.304781,18989.28036134322,18.98928036134322,207.845,51.96125,148.3537528229939,7664,7424,15160,all-physical,1.0,0.5,Intel(R) Xeon(R) 6760P,AVX512,"avx2,avx512f,avx512bw,avx512vl,avx512_vnni,avx512_bf16,amx_bf16,amx_int8,amx_tile,fma",True,True,,256,128,sh14l07002s1404,3.11.9,2.1.2+cu121
20260424_010536,2026-04-24T06:14:17.326734,cpu,full_mlp_capacity_search_hd32_depth5,/home/liangyi/SRS_AI/Model_AIIC_refactor/experiments_refactored/20260422_050408_full_mlp_capacity_search_v2/full_mlp_capacity_search_hd32_depth5,full_mlp_capacity_search_v2,full_mlp_capacity_search_hd32_depth5,supervised_nmse_plateau,full_mlp,12,6,compile,bf16,bfloat16,8,1,ok,,513.16102,20,50,0.09517207999999999,0.0023185405223113964,0.091012,0.094732,0.0978217,0.0985124,0.10197350999999999,0.104571,84058.26582754102,84.05826582754102,94.732,11.8415,84058.26582754102,7664,7424,15160,single-thread,0.0078125,0.00390625,Intel(R) Xeon(R) 6760P,AVX512,"avx2,avx512f,avx512bw,avx512vl,avx512_vnni,avx512_bf16,amx_bf16,amx_int8,amx_tile,fma",True,True,,256,128,sh14l07002s1404,3.11.9,2.1.2+cu121
20260424_010536,2026-04-24T06:14:17.326734,cpu,full_mlp_capacity_search_hd32_depth5,/home/liangyi/SRS_AI/Model_AIIC_refactor/experiments_refactored/20260422_050408_full_mlp_capacity_search_v2/full_mlp_capacity_search_hd32_depth5,full_mlp_capacity_search_v2,full_mlp_capacity_search_hd32_depth5,supervised_nmse_plateau,full_mlp,12,6,compile,bf16,bfloat16,8,2,ok,,508.432402,20,50,0.10601546,0.004104340415755008,0.102656,0.1046685,0.1092772,0.114275,0.12123153999999998,0.125668,75460.69224243332,75.46069224243331,104.6685,13.0835625,37730.34612121666,7664,7424,15160,sub-physical,0.015625,0.0078125,Intel(R) Xeon(R) 6760P,AVX512,"avx2,avx512f,avx512bw,avx512vl,avx512_vnni,avx512_bf16,amx_bf16,amx_int8,amx_tile,fma",True,True,,256,128,sh14l07002s1404,3.11.9,2.1.2+cu121
20260424_010536,2026-04-24T06:14:17.326734,cpu,full_mlp_capacity_search_hd32_depth5,/home/liangyi/SRS_AI/Model_AIIC_refactor/experiments_refactored/20260422_050408_full_mlp_capacity_search_v2/full_mlp_capacity_search_hd32_depth5,full_mlp_capacity_search_v2,full_mlp_capacity_search_hd32_depth5,supervised_nmse_plateau,full_mlp,12,6,compile,bf16,bfloat16,8,4,ok,,499.138831,20,50,0.10068164,0.003706265439819443,0.096435,0.0996415,0.1054508,0.1086104,0.11302517999999999,0.11568,79458.37989925472,79.45837989925472,99.6415,12.4551875,19864.59497481368,7664,7424,15160,sub-physical,0.03125,0.015625,Intel(R) Xeon(R) 6760P,AVX512,"avx2,avx512f,avx512bw,avx512vl,avx512_vnni,avx512_bf16,amx_bf16,amx_int8,amx_tile,fma",True,True,,256,128,sh14l07002s1404,3.11.9,2.1.2+cu121
20260424_010536,2026-04-24T06:14:17.326734,cpu,full_mlp_capacity_search_hd32_depth5,/home/liangyi/SRS_AI/Model_AIIC_refactor/experiments_refactored/20260422_050408_full_mlp_capacity_search_v2/full_mlp_capacity_search_hd32_depth5,full_mlp_capacity_search_v2,full_mlp_capacity_search_hd32_depth5,supervised_nmse_plateau,full_mlp,12,6,compile,bf16,bfloat16,8,8,ok,,504.24805,20,50,0.1016831,0.0029077422805331276,0.097335,0.10092799999999999,0.1064078,0.1078643,0.10956115999999999,0.111039,78675.80748423288,78.67580748423288,100.92799999999998,12.615999999999998,9834.47593552911,7664,7424,15160,sub-physical,0.0625,0.03125,Intel(R) Xeon(R) 6760P,AVX512,"avx2,avx512f,avx512bw,avx512vl,avx512_vnni,avx512_bf16,amx_bf16,amx_int8,amx_tile,fma",True,True,,256,128,sh14l07002s1404,3.11.9,2.1.2+cu121
20260424_010536,2026-04-24T06:14:17.326734,cpu,full_mlp_capacity_search_hd32_depth5,/home/liangyi/SRS_AI/Model_AIIC_refactor/experiments_refactored/20260422_050408_full_mlp_capacity_search_v2/full_mlp_capacity_search_hd32_depth5,full_mlp_capacity_search_v2,full_mlp_capacity_search_hd32_depth5,supervised_nmse_plateau,full_mlp,12,6,compile,bf16,bfloat16,8,128,ok,,531.485996,20,50,2.09688456,2.7759240075249982,0.175726,0.193766,6.0028167,6.0049489,7.0452931599999955,8.033582,3815.1837981963113,3.8151837981963115,193.766,24.22075,29.806123423408682,7664,7424,15160,all-physical,1.0,0.5,Intel(R) Xeon(R) 6760P,AVX512,"avx2,avx512f,avx512bw,avx512vl,avx512_vnni,avx512_bf16,amx_bf16,amx_int8,amx_tile,fma",True,True,,256,128,sh14l07002s1404,3.11.9,2.1.2+cu121
20260424_010536,2026-04-24T06:14:17.326734,cpu,full_mlp_capacity_search_hd32_depth5,/home/liangyi/SRS_AI/Model_AIIC_refactor/experiments_refactored/20260422_050408_full_mlp_capacity_search_v2/full_mlp_capacity_search_hd32_depth5,full_mlp_capacity_search_v2,full_mlp_capacity_search_hd32_depth5,supervised_nmse_plateau,full_mlp,12,6,compile,bf16,bfloat16,16,1,ok,,538.423686,20,50,0.1043788,0.0029446829438837725,0.100923,0.1039325,0.1075297,0.1098196,0.11403398,0.114817,153287.83239508406,153.28783239508405,103.93249999999999,6.495781249999999,153287.83239508406,7664,7424,15160,single-thread,0.0078125,0.00390625,Intel(R) Xeon(R) 6760P,AVX512,"avx2,avx512f,avx512bw,avx512vl,avx512_vnni,avx512_bf16,amx_bf16,amx_int8,amx_tile,fma",True,True,,256,128,sh14l07002s1404,3.11.9,2.1.2+cu121
20260424_010536,2026-04-24T06:14:17.326734,cpu,full_mlp_capacity_search_hd32_depth5,/home/liangyi/SRS_AI/Model_AIIC_refactor/experiments_refactored/20260422_050408_full_mlp_capacity_search_v2/full_mlp_capacity_search_hd32_depth5,full_mlp_capacity_search_v2,full_mlp_capacity_search_hd32_depth5,supervised_nmse_plateau,full_mlp,12,6,compile,bf16,bfloat16,16,2,ok,,502.594161,20,50,0.10183524,0.003337890570764716,0.097321,0.10075400000000001,0.1057107,0.10790214999999999,0.11162773,0.113403,157116.53451202158,157.1165345120216,100.754,6.297125,78558.26725601079,7664,7424,15160,sub-physical,0.015625,0.0078125,Intel(R) Xeon(R) 6760P,AVX512,"avx2,avx512f,avx512bw,avx512vl,avx512_vnni,avx512_bf16,amx_bf16,amx_int8,amx_tile,fma",True,True,,256,128,sh14l07002s1404,3.11.9,2.1.2+cu121
20260424_010536,2026-04-24T06:14:17.326734,cpu,full_mlp_capacity_search_hd32_depth5,/home/liangyi/SRS_AI/Model_AIIC_refactor/experiments_refactored/20260422_050408_full_mlp_capacity_search_v2/full_mlp_capacity_search_hd32_depth5,full_mlp_capacity_search_v2,full_mlp_capacity_search_hd32_depth5,supervised_nmse_plateau,full_mlp,12,6,compile,bf16,bfloat16,16,4,ok,,505.252395,20,50,0.11469564,0.004060100105957981,0.108671,0.1140345,0.1210215,0.12294,0.12506966,0.126229,139499.63573157619,139.49963573157618,114.0345,7.12715625,34874.908932894046,7664,7424,15160,sub-physical,0.03125,0.015625,Intel(R) Xeon(R) 6760P,AVX512,"avx2,avx512f,avx512bw,avx512vl,avx512_vnni,avx512_bf16,amx_bf16,amx_int8,amx_tile,fma",True,True,,256,128,sh14l07002s1404,3.11.9,2.1.2+cu121
20260424_010536,2026-04-24T06:14:17.326734,cpu,full_mlp_capacity_search_hd32_depth5,/home/liangyi/SRS_AI/Model_AIIC_refactor/experiments_refactored/20260422_050408_full_mlp_capacity_search_v2/full_mlp_capacity_search_hd32_depth5,full_mlp_capacity_search_v2,full_mlp_capacity_search_hd32_depth5,supervised_nmse_plateau,full_mlp,12,6,compile,bf16,bfloat16,16,8,ok,,495.303575,20,50,0.10763816,0.00459164876426758,0.10191,0.1063935,0.1127371,0.11617249999999998,0.12149364,0.122358,148646.1678646309,148.6461678646309,106.3935,6.64959375,18580.770983078863,7664,7424,15160,sub-physical,0.0625,0.03125,Intel(R) Xeon(R) 6760P,AVX512,"avx2,avx512f,avx512bw,avx512vl,avx512_vnni,avx512_bf16,amx_bf16,amx_int8,amx_tile,fma",True,True,,256,128,sh14l07002s1404,3.11.9,2.1.2+cu121
20260424_010536,2026-04-24T06:14:17.326734,cpu,full_mlp_capacity_search_hd32_depth5,/home/liangyi/SRS_AI/Model_AIIC_refactor/experiments_refactored/20260422_050408_full_mlp_capacity_search_v2/full_mlp_capacity_search_hd32_depth5,full_mlp_capacity_search_v2,full_mlp_capacity_search_hd32_depth5,supervised_nmse_plateau,full_mlp,12,6,compile,bf16,bfloat16,16,128,ok,,523.180301,20,50,0.2010768,0.012701084122231457,0.18435,0.1975315,0.2157212,0.22017155,0.24454665999999997,0.251537,79571.58657786477,79.57158657786478,197.5315,12.34571875,621.6530201395685,7664,7424,15160,all-physical,1.0,0.5,Intel(R) Xeon(R) 6760P,AVX512,"avx2,avx512f,avx512bw,avx512vl,avx512_vnni,avx512_bf16,amx_bf16,amx_int8,amx_tile,fma",True,True,,256,128,sh14l07002s1404,3.11.9,2.1.2+cu121
20260424_010536,2026-04-24T06:14:17.326734,cpu,full_mlp_capacity_search_hd32_depth5,/home/liangyi/SRS_AI/Model_AIIC_refactor/experiments_refactored/20260422_050408_full_mlp_capacity_search_v2/full_mlp_capacity_search_hd32_depth5,full_mlp_capacity_search_v2,full_mlp_capacity_search_hd32_depth5,supervised_nmse_plateau,full_mlp,12,6,compile,bf16,bfloat16,32,1,ok,,497.302118,20,50,0.09628916,0.0034201036613529714,0.092112,0.09494849999999999,0.1004126,0.10306475,0.10663731,0.107118,332332.3206890579,332.3323206890579,94.9485,2.967140625,332332.3206890579,7664,7424,15160,single-thread,0.0078125,0.00390625,Intel(R) Xeon(R) 6760P,AVX512,"avx2,avx512f,avx512bw,avx512vl,avx512_vnni,avx512_bf16,amx_bf16,amx_int8,amx_tile,fma",True,True,,256,128,sh14l07002s1404,3.11.9,2.1.2+cu121
20260424_010536,2026-04-24T06:14:17.326734,cpu,full_mlp_capacity_search_hd32_depth5,/home/liangyi/SRS_AI/Model_AIIC_refactor/experiments_refactored/20260422_050408_full_mlp_capacity_search_v2/full_mlp_capacity_search_hd32_depth5,full_mlp_capacity_search_v2,full_mlp_capacity_search_hd32_depth5,supervised_nmse_plateau,full_mlp,12,6,compile,bf16,bfloat16,32,2,ok,,506.530701,20,50,0.10309436,0.0030831814397469376,0.0986,0.102383,0.1071269,0.10956919999999999,0.11263776,0.1139,310395.2534357845,310.39525343578447,102.383,3.19946875,155197.62671789224,7664,7424,15160,sub-physical,0.015625,0.0078125,Intel(R) Xeon(R) 6760P,AVX512,"avx2,avx512f,avx512bw,avx512vl,avx512_vnni,avx512_bf16,amx_bf16,amx_int8,amx_tile,fma",True,True,,256,128,sh14l07002s1404,3.11.9,2.1.2+cu121
20260424_010536,2026-04-24T06:14:17.326734,cpu,full_mlp_capacity_search_hd32_depth5,/home/liangyi/SRS_AI/Model_AIIC_refactor/experiments_refactored/20260422_050408_full_mlp_capacity_search_v2/full_mlp_capacity_search_hd32_depth5,full_mlp_capacity_search_v2,full_mlp_capacity_search_hd32_depth5,supervised_nmse_plateau,full_mlp,12,6,compile,bf16,bfloat16,32,4,ok,,503.301688,20,50,0.11971264,0.0035950259345935193,0.114362,0.11891650000000001,0.1249813,0.12718125,0.13004186,0.131407,267306.7772960316,267.3067772960316,118.91650000000001,3.7161406250000004,66826.6943240079,7664,7424,15160,sub-physical,0.03125,0.015625,Intel(R) Xeon(R) 6760P,AVX512,"avx2,avx512f,avx512bw,avx512vl,avx512_vnni,avx512_bf16,amx_bf16,amx_int8,amx_tile,fma",True,True,,256,128,sh14l07002s1404,3.11.9,2.1.2+cu121
20260424_010536,2026-04-24T06:14:17.326734,cpu,full_mlp_capacity_search_hd32_depth5,/home/liangyi/SRS_AI/Model_AIIC_refactor/experiments_refactored/20260422_050408_full_mlp_capacity_search_v2/full_mlp_capacity_search_hd32_depth5,full_mlp_capacity_search_v2,full_mlp_capacity_search_hd32_depth5,supervised_nmse_plateau,full_mlp,12,6,compile,bf16,bfloat16,32,8,ok,,512.421133,20,50,0.10898792,0.004083237356999958,0.103198,0.10814199999999999,0.1133886,0.11684925,0.12117351999999999,0.122718,293610.52123941807,293.61052123941806,108.14199999999998,3.3794374999999994,36701.31515492726,7664,7424,15160,sub-physical,0.0625,0.03125,Intel(R) Xeon(R) 6760P,AVX512,"avx2,avx512f,avx512bw,avx512vl,avx512_vnni,avx512_bf16,amx_bf16,amx_int8,amx_tile,fma",True,True,,256,128,sh14l07002s1404,3.11.9,2.1.2+cu121
20260424_010536,2026-04-24T06:14:17.326734,cpu,full_mlp_capacity_search_hd32_depth5,/home/liangyi/SRS_AI/Model_AIIC_refactor/experiments_refactored/20260422_050408_full_mlp_capacity_search_v2/full_mlp_capacity_search_hd32_depth5,full_mlp_capacity_search_v2,full_mlp_capacity_search_hd32_depth5,supervised_nmse_plateau,full_mlp,12,6,compile,bf16,bfloat16,32,128,ok,,529.798866,20,50,0.19202904,0.011581709977304733,0.174549,0.1884645,0.20479250000000002,0.21539475,0.22868275,0.230459,166641.46214551714,166.64146214551715,188.46450000000002,5.8895156250000005,1301.8864230118527,7664,7424,15160,all-physical,1.0,0.5,Intel(R) Xeon(R) 6760P,AVX512,"avx2,avx512f,avx512bw,avx512vl,avx512_vnni,avx512_bf16,amx_bf16,amx_int8,amx_tile,fma",True,True,,256,128,sh14l07002s1404,3.11.9,2.1.2+cu121
20260424_010536,2026-04-24T06:14:17.326734,cpu,full_mlp_capacity_search_hd32_depth5,/home/liangyi/SRS_AI/Model_AIIC_refactor/experiments_refactored/20260422_050408_full_mlp_capacity_search_v2/full_mlp_capacity_search_hd32_depth5,full_mlp_capacity_search_v2,full_mlp_capacity_search_hd32_depth5,supervised_nmse_plateau,full_mlp,12,6,compile,bf16,bfloat16,64,1,ok,,534.92131,20,50,0.10120078,0.0032167836438902766,0.09686,0.099981,0.1060095,0.1076381,0.10940448,0.109575,632406.1929166949,632.4061929166949,99.981,1.562203125,632406.1929166949,7664,7424,15160,single-thread,0.0078125,0.00390625,Intel(R) Xeon(R) 6760P,AVX512,"avx2,avx512f,avx512bw,avx512vl,avx512_vnni,avx512_bf16,amx_bf16,amx_int8,amx_tile,fma",True,True,,256,128,sh14l07002s1404,3.11.9,2.1.2+cu121
20260424_010536,2026-04-24T06:14:17.326734,cpu,full_mlp_capacity_search_hd32_depth5,/home/liangyi/SRS_AI/Model_AIIC_refactor/experiments_refactored/20260422_050408_full_mlp_capacity_search_v2/full_mlp_capacity_search_hd32_depth5,full_mlp_capacity_search_v2,full_mlp_capacity_search_hd32_depth5,supervised_nmse_plateau,full_mlp,12,6,compile,bf16,bfloat16,64,2,ok,,507.550689,20,50,0.13107322,0.006786368131158227,0.119574,0.1312545,0.1376862,0.14050455,0.15323689,0.157323,488276.7051881384,488.2767051881384,131.2545,2.0508515625,244138.3525940692,7664,7424,15160,sub-physical,0.015625,0.0078125,Intel(R) Xeon(R) 6760P,AVX512,"avx2,avx512f,avx512bw,avx512vl,avx512_vnni,avx512_bf16,amx_bf16,amx_int8,amx_tile,fma",True,True,,256,128,sh14l07002s1404,3.11.9,2.1.2+cu121
20260424_010536,2026-04-24T06:14:17.326734,cpu,full_mlp_capacity_search_hd32_depth5,/home/liangyi/SRS_AI/Model_AIIC_refactor/experiments_refactored/20260422_050408_full_mlp_capacity_search_v2/full_mlp_capacity_search_hd32_depth5,full_mlp_capacity_search_v2,full_mlp_capacity_search_hd32_depth5,supervised_nmse_plateau,full_mlp,12,6,compile,bf16,bfloat16,64,4,ok,,501.912174,20,50,0.12939528,0.004810356336239552,0.122303,0.12908799999999998,0.1361546,0.13815395,0.14033392,0.141457,494608.45867020806,494.60845867020805,129.088,2.017,123652.11466755201,7664,7424,15160,sub-physical,0.03125,0.015625,Intel(R) Xeon(R) 6760P,AVX512,"avx2,avx512f,avx512bw,avx512vl,avx512_vnni,avx512_bf16,amx_bf16,amx_int8,amx_tile,fma",True,True,,256,128,sh14l07002s1404,3.11.9,2.1.2+cu121
20260424_010536,2026-04-24T06:14:17.326734,cpu,full_mlp_capacity_search_hd32_depth5,/home/liangyi/SRS_AI/Model_AIIC_refactor/experiments_refactored/20260422_050408_full_mlp_capacity_search_v2/full_mlp_capacity_search_hd32_depth5,full_mlp_capacity_search_v2,full_mlp_capacity_search_hd32_depth5,supervised_nmse_plateau,full_mlp,12,6,compile,bf16,bfloat16,64,8,ok,,499.17137,20,50,0.12848948,0.004980346205797342,0.119847,0.127387,0.1339074,0.13926475,0.14371114999999998,0.146977,498095.2526230163,498.0952526230163,127.387,1.990421875,62261.90657787704,7664,7424,15160,sub-physical,0.0625,0.03125,Intel(R) Xeon(R) 6760P,AVX512,"avx2,avx512f,avx512bw,avx512vl,avx512_vnni,avx512_bf16,amx_bf16,amx_int8,amx_tile,fma",True,True,,256,128,sh14l07002s1404,3.11.9,2.1.2+cu121
20260424_010536,2026-04-24T06:14:17.326734,cpu,full_mlp_capacity_search_hd32_depth5,/home/liangyi/SRS_AI/Model_AIIC_refactor/experiments_refactored/20260422_050408_full_mlp_capacity_search_v2/full_mlp_capacity_search_hd32_depth5,full_mlp_capacity_search_v2,full_mlp_capacity_search_hd32_depth5,supervised_nmse_plateau,full_mlp,12,6,compile,bf16,bfloat16,64,128,ok,,654.45532,20,50,0.42171146,0.01997172763003742,0.389424,0.41841700000000004,0.448891,0.45548855,0.48131225,0.491198,151762.53450641347,151.7625345064135,418.41700000000003,6.5377656250000005,1185.6448008313553,7664,7424,15160,all-physical,1.0,0.5,Intel(R) Xeon(R) 6760P,AVX512,"avx2,avx512f,avx512bw,avx512vl,avx512_vnni,avx512_bf16,amx_bf16,amx_int8,amx_tile,fma",True,True,,256,128,sh14l07002s1404,3.11.9,2.1.2+cu121
20260424_010536,2026-04-24T06:14:17.326734,cpu,full_mlp_capacity_search_hd32_depth5,/home/liangyi/SRS_AI/Model_AIIC_refactor/experiments_refactored/20260422_050408_full_mlp_capacity_search_v2/full_mlp_capacity_search_hd32_depth5,full_mlp_capacity_search_v2,full_mlp_capacity_search_hd32_depth5,supervised_nmse_plateau,full_mlp,12,6,compile,bf16,bfloat16,128,1,ok,,504.233218,20,50,0.11732338,0.002497446446993408,0.113331,0.116977,0.1204606,0.12105215,0.12499495999999999,0.128276,1091001.6400823093,1091.0016400823092,116.977,0.9138828125,1091001.6400823093,7664,7424,15160,single-thread,0.0078125,0.00390625,Intel(R) Xeon(R) 6760P,AVX512,"avx2,avx512f,avx512bw,avx512vl,avx512_vnni,avx512_bf16,amx_bf16,amx_int8,amx_tile,fma",True,True,,256,128,sh14l07002s1404,3.11.9,2.1.2+cu121
20260424_010536,2026-04-24T06:14:17.326734,cpu,full_mlp_capacity_search_hd32_depth5,/home/liangyi/SRS_AI/Model_AIIC_refactor/experiments_refactored/20260422_050408_full_mlp_capacity_search_v2/full_mlp_capacity_search_hd32_depth5,full_mlp_capacity_search_v2,full_mlp_capacity_search_hd32_depth5,supervised_nmse_plateau,full_mlp,12,6,compile,bf16,bfloat16,128,2,ok,,507.223656,20,50,0.14837126,0.009018022780654306,0.129721,0.1504825,0.15716390000000002,0.16191614999999998,0.16537929,0.166447,862700.7683293921,862.7007683293921,150.4825,1.17564453125,431350.38416469604,7664,7424,15160,sub-physical,0.015625,0.0078125,Intel(R) Xeon(R) 6760P,AVX512,"avx2,avx512f,avx512bw,avx512vl,avx512_vnni,avx512_bf16,amx_bf16,amx_int8,amx_tile,fma",True,True,,256,128,sh14l07002s1404,3.11.9,2.1.2+cu121
20260424_010536,2026-04-24T06:14:17.326734,cpu,full_mlp_capacity_search_hd32_depth5,/home/liangyi/SRS_AI/Model_AIIC_refactor/experiments_refactored/20260422_050408_full_mlp_capacity_search_v2/full_mlp_capacity_search_hd32_depth5,full_mlp_capacity_search_v2,full_mlp_capacity_search_hd32_depth5,supervised_nmse_plateau,full_mlp,12,6,compile,bf16,bfloat16,128,4,ok,,502.701407,20,50,0.1696839,0.03710150891392424,0.148302,0.16573149999999998,0.1801185,0.1836069,0.30733263999999955,0.41928,754343.8122296812,754.3438122296811,165.73149999999998,1.2947773437499999,188585.9530574203,7664,7424,15160,sub-physical,0.03125,0.015625,Intel(R) Xeon(R) 6760P,AVX512,"avx2,avx512f,avx512bw,avx512vl,avx512_vnni,avx512_bf16,amx_bf16,amx_int8,amx_tile,fma",True,True,,256,128,sh14l07002s1404,3.11.9,2.1.2+cu121
20260424_010536,2026-04-24T06:14:17.326734,cpu,full_mlp_capacity_search_hd32_depth5,/home/liangyi/SRS_AI/Model_AIIC_refactor/experiments_refactored/20260422_050408_full_mlp_capacity_search_v2/full_mlp_capacity_search_hd32_depth5,full_mlp_capacity_search_v2,full_mlp_capacity_search_hd32_depth5,supervised_nmse_plateau,full_mlp,12,6,compile,bf16,bfloat16,128,8,ok,,510.483183,20,50,0.15335516,0.009030771374273628,0.137398,0.1552625,0.1626008,0.16753044999999997,0.17363919,0.175976,834663.7961187612,834.6637961187612,155.2625,1.21298828125,104332.97451484515,7664,7424,15160,sub-physical,0.0625,0.03125,Intel(R) Xeon(R) 6760P,AVX512,"avx2,avx512f,avx512bw,avx512vl,avx512_vnni,avx512_bf16,amx_bf16,amx_int8,amx_tile,fma",True,True,,256,128,sh14l07002s1404,3.11.9,2.1.2+cu121
20260424_010536,2026-04-24T06:14:17.326734,cpu,full_mlp_capacity_search_hd32_depth5,/home/liangyi/SRS_AI/Model_AIIC_refactor/experiments_refactored/20260422_050408_full_mlp_capacity_search_v2/full_mlp_capacity_search_hd32_depth5,full_mlp_capacity_search_v2,full_mlp_capacity_search_hd32_depth5,supervised_nmse_plateau,full_mlp,12,6,compile,bf16,bfloat16,128,128,ok,,520.331698,20,50,0.60277326,0.024476202201166752,0.556362,0.6059475,0.6329265000000001,0.6467546,0.6628657,0.663145,212351.8219769736,212.35182197697358,605.9475,4.73396484375,1658.9986091951062,7664,7424,15160,all-physical,1.0,0.5,Intel(R) Xeon(R) 6760P,AVX512,"avx2,avx512f,avx512bw,avx512vl,avx512_vnni,avx512_bf16,amx_bf16,amx_int8,amx_tile,fma",True,True,,256,128,sh14l07002s1404,3.11.9,2.1.2+cu121
