benchmark_id,timestamp,device,run_name,run_dir,experiment_name,model_label,training_label,model_type,seq_len,num_ports,execution_mode,requested_precision_profile,effective_execution_dtype,batch_size,num_threads,status,skip_reason,graph_prep_time_ms,warmup_iters,measure_iters,mean_latency_ms,std_latency_ms,min_latency_ms,p50_latency_ms,p90_latency_ms,p95_latency_ms,p99_latency_ms,max_latency_ms,throughput_samples_per_sec,samples_per_ms,p50_latency_us,latency_per_sample_us,throughput_per_thread,trainable_parameters,macs_per_sample,flops_per_sample_estimate,thread_group,threads_per_physical_core_ratio,threads_per_logical_cpu_ratio,cpu_model_name,cpu_capability,cpu_flag_summary,mkldnn_available,mkldnn_enabled,onednn_version,logical_cpu_count,physical_cpu_count,hostname,python_version,pytorch_version
20260424_010536,2026-04-24T06:14:14.586808,cpu,full_mlp_capacity_search_hd256_depth5,/home/liangyi/SRS_AI/Model_AIIC_refactor/experiments_refactored/20260422_050408_full_mlp_capacity_search_v2/full_mlp_capacity_search_hd256_depth5,full_mlp_capacity_search_v2,full_mlp_capacity_search_hd256_depth5,supervised_nmse_plateau,full_mlp,12,6,eager,fp32,float32,1,1,ok,,0.0,20,50,0.06422364,0.015524099276621493,0.057929,0.059537,0.0682633,0.07510694999999998,0.12612217999999983,0.166262,15570.590517759503,15.570590517759504,59.537,59.537,15570.590517759503,174992,174080,349144,single-thread,0.0078125,0.00390625,Intel(R) Xeon(R) 6760P,AVX512,"avx2,avx512f,avx512bw,avx512vl,avx512_vnni,avx512_bf16,amx_bf16,amx_int8,amx_tile,fma",True,True,,256,128,sh14l07002s1404,3.11.9,2.1.2+cu121
20260424_010536,2026-04-24T06:14:14.586808,cpu,full_mlp_capacity_search_hd256_depth5,/home/liangyi/SRS_AI/Model_AIIC_refactor/experiments_refactored/20260422_050408_full_mlp_capacity_search_v2/full_mlp_capacity_search_hd256_depth5,full_mlp_capacity_search_v2,full_mlp_capacity_search_hd256_depth5,supervised_nmse_plateau,full_mlp,12,6,eager,fp32,float32,1,2,ok,,0.0,20,50,0.07066382,0.012181661657902012,0.05746,0.069333,0.0767487,0.0806329,0.11415198999999987,0.145487,14151.51346191021,14.15151346191021,69.33300000000001,69.33300000000001,7075.756730955105,174992,174080,349144,sub-physical,0.015625,0.0078125,Intel(R) Xeon(R) 6760P,AVX512,"avx2,avx512f,avx512bw,avx512vl,avx512_vnni,avx512_bf16,amx_bf16,amx_int8,amx_tile,fma",True,True,,256,128,sh14l07002s1404,3.11.9,2.1.2+cu121
20260424_010536,2026-04-24T06:14:14.586808,cpu,full_mlp_capacity_search_hd256_depth5,/home/liangyi/SRS_AI/Model_AIIC_refactor/experiments_refactored/20260422_050408_full_mlp_capacity_search_v2/full_mlp_capacity_search_hd256_depth5,full_mlp_capacity_search_v2,full_mlp_capacity_search_hd256_depth5,supervised_nmse_plateau,full_mlp,12,6,eager,fp32,float32,1,4,ok,,0.0,20,50,0.06920946,0.012255728899106737,0.061951,0.0659945,0.0753045,0.07834179999999999,0.11635346999999988,0.148349,14448.891813344591,14.448891813344591,65.9945,65.9945,3612.222953336148,174992,174080,349144,sub-physical,0.03125,0.015625,Intel(R) Xeon(R) 6760P,AVX512,"avx2,avx512f,avx512bw,avx512vl,avx512_vnni,avx512_bf16,amx_bf16,amx_int8,amx_tile,fma",True,True,,256,128,sh14l07002s1404,3.11.9,2.1.2+cu121
20260424_010536,2026-04-24T06:14:14.586808,cpu,full_mlp_capacity_search_hd256_depth5,/home/liangyi/SRS_AI/Model_AIIC_refactor/experiments_refactored/20260422_050408_full_mlp_capacity_search_v2/full_mlp_capacity_search_hd256_depth5,full_mlp_capacity_search_v2,full_mlp_capacity_search_hd256_depth5,supervised_nmse_plateau,full_mlp,12,6,eager,fp32,float32,1,8,ok,,0.0,20,50,0.0644652,0.0033614137144957336,0.059509,0.06368950000000001,0.0696707,0.07071235000000001,0.07208657,0.073119,15512.245366492309,15.512245366492309,63.68950000000001,63.68950000000001,1939.0306708115386,174992,174080,349144,sub-physical,0.0625,0.03125,Intel(R) Xeon(R) 6760P,AVX512,"avx2,avx512f,avx512bw,avx512vl,avx512_vnni,avx512_bf16,amx_bf16,amx_int8,amx_tile,fma",True,True,,256,128,sh14l07002s1404,3.11.9,2.1.2+cu121
20260424_010536,2026-04-24T06:14:14.586808,cpu,full_mlp_capacity_search_hd256_depth5,/home/liangyi/SRS_AI/Model_AIIC_refactor/experiments_refactored/20260422_050408_full_mlp_capacity_search_v2/full_mlp_capacity_search_hd256_depth5,full_mlp_capacity_search_v2,full_mlp_capacity_search_hd256_depth5,supervised_nmse_plateau,full_mlp,12,6,eager,fp32,float32,1,128,ok,,0.0,20,50,0.06135634,0.005233707078582063,0.056844,0.058309,0.0690572,0.07030204999999999,0.07584122999999998,0.078915,16298.234216708493,16.298234216708494,58.309,58.309,127.3299548180351,174992,174080,349144,all-physical,1.0,0.5,Intel(R) Xeon(R) 6760P,AVX512,"avx2,avx512f,avx512bw,avx512vl,avx512_vnni,avx512_bf16,amx_bf16,amx_int8,amx_tile,fma",True,True,,256,128,sh14l07002s1404,3.11.9,2.1.2+cu121
20260424_010536,2026-04-24T06:14:14.586808,cpu,full_mlp_capacity_search_hd256_depth5,/home/liangyi/SRS_AI/Model_AIIC_refactor/experiments_refactored/20260422_050408_full_mlp_capacity_search_v2/full_mlp_capacity_search_hd256_depth5,full_mlp_capacity_search_v2,full_mlp_capacity_search_hd256_depth5,supervised_nmse_plateau,full_mlp,12,6,eager,fp32,float32,2,1,ok,,0.0,20,50,0.07049116,0.025322439062902297,0.061421,0.0654085,0.07377439999999999,0.07753989999999998,0.1688354699999997,0.243461,28372.351937462798,28.3723519374628,65.40849999999999,32.704249999999995,28372.351937462798,174992,174080,349144,single-thread,0.0078125,0.00390625,Intel(R) Xeon(R) 6760P,AVX512,"avx2,avx512f,avx512bw,avx512vl,avx512_vnni,avx512_bf16,amx_bf16,amx_int8,amx_tile,fma",True,True,,256,128,sh14l07002s1404,3.11.9,2.1.2+cu121
20260424_010536,2026-04-24T06:14:14.586808,cpu,full_mlp_capacity_search_hd256_depth5,/home/liangyi/SRS_AI/Model_AIIC_refactor/experiments_refactored/20260422_050408_full_mlp_capacity_search_v2/full_mlp_capacity_search_hd256_depth5,full_mlp_capacity_search_v2,full_mlp_capacity_search_hd256_depth5,supervised_nmse_plateau,full_mlp,12,6,eager,fp32,float32,2,2,ok,,0.0,20,50,0.07567834,0.03344127036200031,0.063348,0.070439,0.0792094,0.081881,0.2066707399999996,0.304707,26427.64098683983,26.42764098683983,70.43900000000001,35.219500000000004,13213.820493419915,174992,174080,349144,sub-physical,0.015625,0.0078125,Intel(R) Xeon(R) 6760P,AVX512,"avx2,avx512f,avx512bw,avx512vl,avx512_vnni,avx512_bf16,amx_bf16,amx_int8,amx_tile,fma",True,True,,256,128,sh14l07002s1404,3.11.9,2.1.2+cu121
20260424_010536,2026-04-24T06:14:14.586808,cpu,full_mlp_capacity_search_hd256_depth5,/home/liangyi/SRS_AI/Model_AIIC_refactor/experiments_refactored/20260422_050408_full_mlp_capacity_search_v2/full_mlp_capacity_search_hd256_depth5,full_mlp_capacity_search_v2,full_mlp_capacity_search_hd256_depth5,supervised_nmse_plateau,full_mlp,12,6,eager,fp32,float32,2,4,ok,,0.0,20,50,0.06807286,0.004888744247800247,0.063324,0.0665345,0.07347200000000001,0.07874024999999998,0.08320954,0.084706,29380.284595064757,29.380284595064758,66.5345,33.26725,7345.071148766189,174992,174080,349144,sub-physical,0.03125,0.015625,Intel(R) Xeon(R) 6760P,AVX512,"avx2,avx512f,avx512bw,avx512vl,avx512_vnni,avx512_bf16,amx_bf16,amx_int8,amx_tile,fma",True,True,,256,128,sh14l07002s1404,3.11.9,2.1.2+cu121
20260424_010536,2026-04-24T06:14:14.586808,cpu,full_mlp_capacity_search_hd256_depth5,/home/liangyi/SRS_AI/Model_AIIC_refactor/experiments_refactored/20260422_050408_full_mlp_capacity_search_v2/full_mlp_capacity_search_hd256_depth5,full_mlp_capacity_search_v2,full_mlp_capacity_search_hd256_depth5,supervised_nmse_plateau,full_mlp,12,6,eager,fp32,float32,2,8,ok,,0.0,20,50,0.0620659,0.006130987281833163,0.058804,0.06024500000000001,0.0652165,0.06731694999999999,0.08580377999999994,0.101424,32223.81372057764,32.22381372057764,60.245000000000005,30.122500000000002,4027.976715072205,174992,174080,349144,sub-physical,0.0625,0.03125,Intel(R) Xeon(R) 6760P,AVX512,"avx2,avx512f,avx512bw,avx512vl,avx512_vnni,avx512_bf16,amx_bf16,amx_int8,amx_tile,fma",True,True,,256,128,sh14l07002s1404,3.11.9,2.1.2+cu121
20260424_010536,2026-04-24T06:14:14.586808,cpu,full_mlp_capacity_search_hd256_depth5,/home/liangyi/SRS_AI/Model_AIIC_refactor/experiments_refactored/20260422_050408_full_mlp_capacity_search_v2/full_mlp_capacity_search_hd256_depth5,full_mlp_capacity_search_v2,full_mlp_capacity_search_hd256_depth5,supervised_nmse_plateau,full_mlp,12,6,eager,fp32,float32,2,128,ok,,0.0,20,50,0.0852611,0.01102928944810136,0.06361,0.08689,0.0940007,0.10367249999999997,0.11049870999999999,0.111783,23457.356285574548,23.457356285574548,86.89,43.445,183.26059598105115,174992,174080,349144,all-physical,1.0,0.5,Intel(R) Xeon(R) 6760P,AVX512,"avx2,avx512f,avx512bw,avx512vl,avx512_vnni,avx512_bf16,amx_bf16,amx_int8,amx_tile,fma",True,True,,256,128,sh14l07002s1404,3.11.9,2.1.2+cu121
20260424_010536,2026-04-24T06:14:14.586808,cpu,full_mlp_capacity_search_hd256_depth5,/home/liangyi/SRS_AI/Model_AIIC_refactor/experiments_refactored/20260422_050408_full_mlp_capacity_search_v2/full_mlp_capacity_search_hd256_depth5,full_mlp_capacity_search_v2,full_mlp_capacity_search_hd256_depth5,supervised_nmse_plateau,full_mlp,12,6,eager,fp32,float32,4,1,ok,,0.0,20,50,0.07880668,0.02398874588421829,0.068294,0.072522,0.082333,0.0880696,0.1916863899999999,0.21525,50757.1185589851,50.7571185589851,72.522,18.1305,50757.1185589851,174992,174080,349144,single-thread,0.0078125,0.00390625,Intel(R) Xeon(R) 6760P,AVX512,"avx2,avx512f,avx512bw,avx512vl,avx512_vnni,avx512_bf16,amx_bf16,amx_int8,amx_tile,fma",True,True,,256,128,sh14l07002s1404,3.11.9,2.1.2+cu121
20260424_010536,2026-04-24T06:14:14.586808,cpu,full_mlp_capacity_search_hd256_depth5,/home/liangyi/SRS_AI/Model_AIIC_refactor/experiments_refactored/20260422_050408_full_mlp_capacity_search_v2/full_mlp_capacity_search_hd256_depth5,full_mlp_capacity_search_v2,full_mlp_capacity_search_hd256_depth5,supervised_nmse_plateau,full_mlp,12,6,eager,fp32,float32,4,2,ok,,0.0,20,50,0.0735818,0.004868057974182312,0.069443,0.0711485,0.082083,0.0833346,0.08698091999999999,0.089868,54361.26868328853,54.36126868328853,71.1485,17.787125,27180.634341644265,174992,174080,349144,sub-physical,0.015625,0.0078125,Intel(R) Xeon(R) 6760P,AVX512,"avx2,avx512f,avx512bw,avx512vl,avx512_vnni,avx512_bf16,amx_bf16,amx_int8,amx_tile,fma",True,True,,256,128,sh14l07002s1404,3.11.9,2.1.2+cu121
20260424_010536,2026-04-24T06:14:14.586808,cpu,full_mlp_capacity_search_hd256_depth5,/home/liangyi/SRS_AI/Model_AIIC_refactor/experiments_refactored/20260422_050408_full_mlp_capacity_search_v2/full_mlp_capacity_search_hd256_depth5,full_mlp_capacity_search_v2,full_mlp_capacity_search_hd256_depth5,supervised_nmse_plateau,full_mlp,12,6,eager,fp32,float32,4,4,ok,,0.0,20,50,0.07892792,0.009609727646171873,0.073093,0.07545650000000001,0.0837655,0.085589,0.1137507899999999,0.140274,50679.15130666056,50.679151306660565,75.4565,18.864125,12669.78782666514,174992,174080,349144,sub-physical,0.03125,0.015625,Intel(R) Xeon(R) 6760P,AVX512,"avx2,avx512f,avx512bw,avx512vl,avx512_vnni,avx512_bf16,amx_bf16,amx_int8,amx_tile,fma",True,True,,256,128,sh14l07002s1404,3.11.9,2.1.2+cu121
20260424_010536,2026-04-24T06:14:14.586808,cpu,full_mlp_capacity_search_hd256_depth5,/home/liangyi/SRS_AI/Model_AIIC_refactor/experiments_refactored/20260422_050408_full_mlp_capacity_search_v2/full_mlp_capacity_search_hd256_depth5,full_mlp_capacity_search_v2,full_mlp_capacity_search_hd256_depth5,supervised_nmse_plateau,full_mlp,12,6,eager,fp32,float32,4,8,ok,,0.0,20,50,0.07547082,0.004332655382972434,0.070834,0.073187,0.08070419999999999,0.08186435,0.08777644999999999,0.09091,53000.61666217486,53.00061666217486,73.187,18.29675,6625.077082771858,174992,174080,349144,sub-physical,0.0625,0.03125,Intel(R) Xeon(R) 6760P,AVX512,"avx2,avx512f,avx512bw,avx512vl,avx512_vnni,avx512_bf16,amx_bf16,amx_int8,amx_tile,fma",True,True,,256,128,sh14l07002s1404,3.11.9,2.1.2+cu121
20260424_010536,2026-04-24T06:14:14.586808,cpu,full_mlp_capacity_search_hd256_depth5,/home/liangyi/SRS_AI/Model_AIIC_refactor/experiments_refactored/20260422_050408_full_mlp_capacity_search_v2/full_mlp_capacity_search_hd256_depth5,full_mlp_capacity_search_v2,full_mlp_capacity_search_hd256_depth5,supervised_nmse_plateau,full_mlp,12,6,eager,fp32,float32,4,128,ok,,0.0,20,50,0.1892814,0.00732599018836362,0.180453,0.1866965,0.19761789999999999,0.2048683,0.21137914,0.215649,21132.557134509785,21.132557134509785,186.6965,46.674125,165.0981026133577,174992,174080,349144,all-physical,1.0,0.5,Intel(R) Xeon(R) 6760P,AVX512,"avx2,avx512f,avx512bw,avx512vl,avx512_vnni,avx512_bf16,amx_bf16,amx_int8,amx_tile,fma",True,True,,256,128,sh14l07002s1404,3.11.9,2.1.2+cu121
20260424_010536,2026-04-24T06:14:14.586808,cpu,full_mlp_capacity_search_hd256_depth5,/home/liangyi/SRS_AI/Model_AIIC_refactor/experiments_refactored/20260422_050408_full_mlp_capacity_search_v2/full_mlp_capacity_search_hd256_depth5,full_mlp_capacity_search_v2,full_mlp_capacity_search_hd256_depth5,supervised_nmse_plateau,full_mlp,12,6,eager,fp32,float32,8,1,ok,,0.0,20,50,0.08965974,0.004813106688242014,0.085437,0.0869475,0.0975911,0.09806195,0.10220752,0.105075,89226.2234978598,89.2262234978598,86.94749999999999,10.868437499999999,89226.2234978598,174992,174080,349144,single-thread,0.0078125,0.00390625,Intel(R) Xeon(R) 6760P,AVX512,"avx2,avx512f,avx512bw,avx512vl,avx512_vnni,avx512_bf16,amx_bf16,amx_int8,amx_tile,fma",True,True,,256,128,sh14l07002s1404,3.11.9,2.1.2+cu121
20260424_010536,2026-04-24T06:14:14.586808,cpu,full_mlp_capacity_search_hd256_depth5,/home/liangyi/SRS_AI/Model_AIIC_refactor/experiments_refactored/20260422_050408_full_mlp_capacity_search_v2/full_mlp_capacity_search_hd256_depth5,full_mlp_capacity_search_v2,full_mlp_capacity_search_hd256_depth5,supervised_nmse_plateau,full_mlp,12,6,eager,fp32,float32,8,2,ok,,0.0,20,50,0.09921492,0.0038101353248408383,0.091027,0.097886,0.1046741,0.1063887,0.10710207,0.107375,80633.0338219292,80.6330338219292,97.886,12.23575,40316.5169109646,174992,174080,349144,sub-physical,0.015625,0.0078125,Intel(R) Xeon(R) 6760P,AVX512,"avx2,avx512f,avx512bw,avx512vl,avx512_vnni,avx512_bf16,amx_bf16,amx_int8,amx_tile,fma",True,True,,256,128,sh14l07002s1404,3.11.9,2.1.2+cu121
20260424_010536,2026-04-24T06:14:14.586808,cpu,full_mlp_capacity_search_hd256_depth5,/home/liangyi/SRS_AI/Model_AIIC_refactor/experiments_refactored/20260422_050408_full_mlp_capacity_search_v2/full_mlp_capacity_search_hd256_depth5,full_mlp_capacity_search_v2,full_mlp_capacity_search_hd256_depth5,supervised_nmse_plateau,full_mlp,12,6,eager,fp32,float32,8,4,ok,,0.0,20,50,0.09414312,0.017893856243571427,0.083301,0.08797150000000001,0.1040181,0.11058544999999999,0.1699558499999999,0.19903,84977.0009746862,84.9770009746862,87.9715,10.9964375,21244.25024367155,174992,174080,349144,sub-physical,0.03125,0.015625,Intel(R) Xeon(R) 6760P,AVX512,"avx2,avx512f,avx512bw,avx512vl,avx512_vnni,avx512_bf16,amx_bf16,amx_int8,amx_tile,fma",True,True,,256,128,sh14l07002s1404,3.11.9,2.1.2+cu121
20260424_010536,2026-04-24T06:14:14.586808,cpu,full_mlp_capacity_search_hd256_depth5,/home/liangyi/SRS_AI/Model_AIIC_refactor/experiments_refactored/20260422_050408_full_mlp_capacity_search_v2/full_mlp_capacity_search_hd256_depth5,full_mlp_capacity_search_v2,full_mlp_capacity_search_hd256_depth5,supervised_nmse_plateau,full_mlp,12,6,eager,fp32,float32,8,8,ok,,0.0,20,50,0.095386,0.007507723007676829,0.087792,0.09306249999999999,0.1017664,0.10626154999999998,0.12146885999999996,0.133663,83869.75027781854,83.86975027781854,93.06249999999999,11.632812499999998,10483.718784727318,174992,174080,349144,sub-physical,0.0625,0.03125,Intel(R) Xeon(R) 6760P,AVX512,"avx2,avx512f,avx512bw,avx512vl,avx512_vnni,avx512_bf16,amx_bf16,amx_int8,amx_tile,fma",True,True,,256,128,sh14l07002s1404,3.11.9,2.1.2+cu121
20260424_010536,2026-04-24T06:14:14.586808,cpu,full_mlp_capacity_search_hd256_depth5,/home/liangyi/SRS_AI/Model_AIIC_refactor/experiments_refactored/20260422_050408_full_mlp_capacity_search_v2/full_mlp_capacity_search_hd256_depth5,full_mlp_capacity_search_v2,full_mlp_capacity_search_hd256_depth5,supervised_nmse_plateau,full_mlp,12,6,eager,fp32,float32,8,128,ok,,0.0,20,50,0.39384856,0.012217762612131571,0.362776,0.393099,0.406996,0.41423295,0.42333516,0.4279,20312.37590407846,20.31237590407846,393.099,49.137375,158.69043675061297,174992,174080,349144,all-physical,1.0,0.5,Intel(R) Xeon(R) 6760P,AVX512,"avx2,avx512f,avx512bw,avx512vl,avx512_vnni,avx512_bf16,amx_bf16,amx_int8,amx_tile,fma",True,True,,256,128,sh14l07002s1404,3.11.9,2.1.2+cu121
20260424_010536,2026-04-24T06:14:14.586808,cpu,full_mlp_capacity_search_hd256_depth5,/home/liangyi/SRS_AI/Model_AIIC_refactor/experiments_refactored/20260422_050408_full_mlp_capacity_search_v2/full_mlp_capacity_search_hd256_depth5,full_mlp_capacity_search_v2,full_mlp_capacity_search_hd256_depth5,supervised_nmse_plateau,full_mlp,12,6,eager,fp32,float32,16,1,ok,,0.0,20,50,0.11803154,0.014900719224534094,0.107823,0.113342,0.1279836,0.12857975,0.17150570999999987,0.207776,135556.9875645103,135.55698756451028,113.342,7.083875,135556.9875645103,174992,174080,349144,single-thread,0.0078125,0.00390625,Intel(R) Xeon(R) 6760P,AVX512,"avx2,avx512f,avx512bw,avx512vl,avx512_vnni,avx512_bf16,amx_bf16,amx_int8,amx_tile,fma",True,True,,256,128,sh14l07002s1404,3.11.9,2.1.2+cu121
20260424_010536,2026-04-24T06:14:14.586808,cpu,full_mlp_capacity_search_hd256_depth5,/home/liangyi/SRS_AI/Model_AIIC_refactor/experiments_refactored/20260422_050408_full_mlp_capacity_search_v2/full_mlp_capacity_search_hd256_depth5,full_mlp_capacity_search_v2,full_mlp_capacity_search_hd256_depth5,supervised_nmse_plateau,full_mlp,12,6,eager,fp32,float32,16,2,ok,,0.0,20,50,0.15121894,0.023340404394448695,0.108169,0.1632485,0.16828100000000001,0.17261115,0.17488851,0.175232,105806.8519723786,105.8068519723786,163.24849999999998,10.203031249999999,52903.4259861893,174992,174080,349144,sub-physical,0.015625,0.0078125,Intel(R) Xeon(R) 6760P,AVX512,"avx2,avx512f,avx512bw,avx512vl,avx512_vnni,avx512_bf16,amx_bf16,amx_int8,amx_tile,fma",True,True,,256,128,sh14l07002s1404,3.11.9,2.1.2+cu121
20260424_010536,2026-04-24T06:14:14.586808,cpu,full_mlp_capacity_search_hd256_depth5,/home/liangyi/SRS_AI/Model_AIIC_refactor/experiments_refactored/20260422_050408_full_mlp_capacity_search_v2/full_mlp_capacity_search_hd256_depth5,full_mlp_capacity_search_v2,full_mlp_capacity_search_hd256_depth5,supervised_nmse_plateau,full_mlp,12,6,eager,fp32,float32,16,4,ok,,0.0,20,50,0.11300334,0.010148703240532754,0.10364,0.109556,0.1195565,0.12393744999999999,0.1493813199999999,0.171349,141588.73534180495,141.58873534180495,109.556,6.84725,35397.18383545124,174992,174080,349144,sub-physical,0.03125,0.015625,Intel(R) Xeon(R) 6760P,AVX512,"avx2,avx512f,avx512bw,avx512vl,avx512_vnni,avx512_bf16,amx_bf16,amx_int8,amx_tile,fma",True,True,,256,128,sh14l07002s1404,3.11.9,2.1.2+cu121
20260424_010536,2026-04-24T06:14:14.586808,cpu,full_mlp_capacity_search_hd256_depth5,/home/liangyi/SRS_AI/Model_AIIC_refactor/experiments_refactored/20260422_050408_full_mlp_capacity_search_v2/full_mlp_capacity_search_hd256_depth5,full_mlp_capacity_search_v2,full_mlp_capacity_search_hd256_depth5,supervised_nmse_plateau,full_mlp,12,6,eager,fp32,float32,16,8,ok,,0.0,20,50,0.10753284,0.0037889684472689924,0.101864,0.1062275,0.1129021,0.1145363,0.11509983,0.115312,148791.75515126355,148.79175515126354,106.2275,6.63921875,18598.969393907944,174992,174080,349144,sub-physical,0.0625,0.03125,Intel(R) Xeon(R) 6760P,AVX512,"avx2,avx512f,avx512bw,avx512vl,avx512_vnni,avx512_bf16,amx_bf16,amx_int8,amx_tile,fma",True,True,,256,128,sh14l07002s1404,3.11.9,2.1.2+cu121
20260424_010536,2026-04-24T06:14:14.586808,cpu,full_mlp_capacity_search_hd256_depth5,/home/liangyi/SRS_AI/Model_AIIC_refactor/experiments_refactored/20260422_050408_full_mlp_capacity_search_v2/full_mlp_capacity_search_hd256_depth5,full_mlp_capacity_search_v2,full_mlp_capacity_search_hd256_depth5,supervised_nmse_plateau,full_mlp,12,6,eager,fp32,float32,16,128,ok,,0.0,20,50,0.3262555,0.01757551468520908,0.294842,0.324794,0.35126549999999995,0.35957275,0.36857068,0.3688,49041.31884366701,49.04131884366701,324.79400000000004,20.299625000000002,383.1353034661485,174992,174080,349144,all-physical,1.0,0.5,Intel(R) Xeon(R) 6760P,AVX512,"avx2,avx512f,avx512bw,avx512vl,avx512_vnni,avx512_bf16,amx_bf16,amx_int8,amx_tile,fma",True,True,,256,128,sh14l07002s1404,3.11.9,2.1.2+cu121
20260424_010536,2026-04-24T06:14:14.586808,cpu,full_mlp_capacity_search_hd256_depth5,/home/liangyi/SRS_AI/Model_AIIC_refactor/experiments_refactored/20260422_050408_full_mlp_capacity_search_v2/full_mlp_capacity_search_hd256_depth5,full_mlp_capacity_search_v2,full_mlp_capacity_search_hd256_depth5,supervised_nmse_plateau,full_mlp,12,6,eager,fp32,float32,32,1,ok,,0.0,20,50,0.16401276,0.027765828434649666,0.144833,0.157509,0.1795858,0.18687429999999997,0.2781912099999998,0.326246,195106.7709609911,195.1067709609911,157.50900000000001,4.9221562500000005,195106.7709609911,174992,174080,349144,single-thread,0.0078125,0.00390625,Intel(R) Xeon(R) 6760P,AVX512,"avx2,avx512f,avx512bw,avx512vl,avx512_vnni,avx512_bf16,amx_bf16,amx_int8,amx_tile,fma",True,True,,256,128,sh14l07002s1404,3.11.9,2.1.2+cu121
20260424_010536,2026-04-24T06:14:14.586808,cpu,full_mlp_capacity_search_hd256_depth5,/home/liangyi/SRS_AI/Model_AIIC_refactor/experiments_refactored/20260422_050408_full_mlp_capacity_search_v2/full_mlp_capacity_search_hd256_depth5,full_mlp_capacity_search_v2,full_mlp_capacity_search_hd256_depth5,supervised_nmse_plateau,full_mlp,12,6,eager,fp32,float32,32,2,ok,,0.0,20,50,0.16986298,0.021789106081241606,0.15681,0.164483,0.181319,0.18468104999999999,0.2577116699999998,0.308778,188387.13414777018,188.38713414777018,164.483,5.14009375,94193.56707388509,174992,174080,349144,sub-physical,0.015625,0.0078125,Intel(R) Xeon(R) 6760P,AVX512,"avx2,avx512f,avx512bw,avx512vl,avx512_vnni,avx512_bf16,amx_bf16,amx_int8,amx_tile,fma",True,True,,256,128,sh14l07002s1404,3.11.9,2.1.2+cu121
20260424_010536,2026-04-24T06:14:14.586808,cpu,full_mlp_capacity_search_hd256_depth5,/home/liangyi/SRS_AI/Model_AIIC_refactor/experiments_refactored/20260422_050408_full_mlp_capacity_search_v2/full_mlp_capacity_search_hd256_depth5,full_mlp_capacity_search_v2,full_mlp_capacity_search_hd256_depth5,supervised_nmse_plateau,full_mlp,12,6,eager,fp32,float32,32,4,ok,,0.0,20,50,0.16120072,0.024383742258349106,0.136865,0.15287299999999998,0.1863915,0.1948638,0.2587990199999999,0.284672,198510.2796066916,198.5102796066916,152.873,4.77728125,49627.5699016729,174992,174080,349144,sub-physical,0.03125,0.015625,Intel(R) Xeon(R) 6760P,AVX512,"avx2,avx512f,avx512bw,avx512vl,avx512_vnni,avx512_bf16,amx_bf16,amx_int8,amx_tile,fma",True,True,,256,128,sh14l07002s1404,3.11.9,2.1.2+cu121
20260424_010536,2026-04-24T06:14:14.586808,cpu,full_mlp_capacity_search_hd256_depth5,/home/liangyi/SRS_AI/Model_AIIC_refactor/experiments_refactored/20260422_050408_full_mlp_capacity_search_v2/full_mlp_capacity_search_hd256_depth5,full_mlp_capacity_search_v2,full_mlp_capacity_search_hd256_depth5,supervised_nmse_plateau,full_mlp,12,6,eager,fp32,float32,32,8,ok,,0.0,20,50,0.12599808,0.004096826800537214,0.118895,0.1248205,0.1318183,0.13497625,0.13598597,0.136401,253972.1240196676,253.9721240196676,124.8205,3.900640625,31746.51550245845,174992,174080,349144,sub-physical,0.0625,0.03125,Intel(R) Xeon(R) 6760P,AVX512,"avx2,avx512f,avx512bw,avx512vl,avx512_vnni,avx512_bf16,amx_bf16,amx_int8,amx_tile,fma",True,True,,256,128,sh14l07002s1404,3.11.9,2.1.2+cu121
20260424_010536,2026-04-24T06:14:14.586808,cpu,full_mlp_capacity_search_hd256_depth5,/home/liangyi/SRS_AI/Model_AIIC_refactor/experiments_refactored/20260422_050408_full_mlp_capacity_search_v2/full_mlp_capacity_search_hd256_depth5,full_mlp_capacity_search_v2,full_mlp_capacity_search_hd256_depth5,supervised_nmse_plateau,full_mlp,12,6,eager,fp32,float32,32,128,ok,,0.0,20,50,0.3178854,0.009706709351783433,0.286545,0.317509,0.3261214,0.3338082,0.34306979,0.348719,100665.20827946172,100.66520827946172,317.50899999999996,9.922156249999999,786.4469396832947,174992,174080,349144,all-physical,1.0,0.5,Intel(R) Xeon(R) 6760P,AVX512,"avx2,avx512f,avx512bw,avx512vl,avx512_vnni,avx512_bf16,amx_bf16,amx_int8,amx_tile,fma",True,True,,256,128,sh14l07002s1404,3.11.9,2.1.2+cu121
20260424_010536,2026-04-24T06:14:14.586808,cpu,full_mlp_capacity_search_hd256_depth5,/home/liangyi/SRS_AI/Model_AIIC_refactor/experiments_refactored/20260422_050408_full_mlp_capacity_search_v2/full_mlp_capacity_search_hd256_depth5,full_mlp_capacity_search_v2,full_mlp_capacity_search_hd256_depth5,supervised_nmse_plateau,full_mlp,12,6,eager,fp32,float32,64,1,ok,,0.0,20,50,0.23469044,0.033540196482525264,0.208239,0.22202899999999998,0.2635475,0.2795532499999999,0.3633685299999999,0.391251,272699.6463937773,272.6996463937773,222.02899999999997,3.4692031249999995,272699.6463937773,174992,174080,349144,single-thread,0.0078125,0.00390625,Intel(R) Xeon(R) 6760P,AVX512,"avx2,avx512f,avx512bw,avx512vl,avx512_vnni,avx512_bf16,amx_bf16,amx_int8,amx_tile,fma",True,True,,256,128,sh14l07002s1404,3.11.9,2.1.2+cu121
20260424_010536,2026-04-24T06:14:14.586808,cpu,full_mlp_capacity_search_hd256_depth5,/home/liangyi/SRS_AI/Model_AIIC_refactor/experiments_refactored/20260422_050408_full_mlp_capacity_search_v2/full_mlp_capacity_search_hd256_depth5,full_mlp_capacity_search_v2,full_mlp_capacity_search_hd256_depth5,supervised_nmse_plateau,full_mlp,12,6,eager,fp32,float32,64,2,ok,,0.0,20,50,0.20607384,0.008854003181296017,0.195818,0.202855,0.2220424,0.22500864999999998,0.22732259,0.227964,310568.2895024424,310.5682895024424,202.85500000000002,3.1696093750000003,155284.1447512212,174992,174080,349144,sub-physical,0.015625,0.0078125,Intel(R) Xeon(R) 6760P,AVX512,"avx2,avx512f,avx512bw,avx512vl,avx512_vnni,avx512_bf16,amx_bf16,amx_int8,amx_tile,fma",True,True,,256,128,sh14l07002s1404,3.11.9,2.1.2+cu121
20260424_010536,2026-04-24T06:14:14.586808,cpu,full_mlp_capacity_search_hd256_depth5,/home/liangyi/SRS_AI/Model_AIIC_refactor/experiments_refactored/20260422_050408_full_mlp_capacity_search_v2/full_mlp_capacity_search_hd256_depth5,full_mlp_capacity_search_v2,full_mlp_capacity_search_hd256_depth5,supervised_nmse_plateau,full_mlp,12,6,eager,fp32,float32,64,4,ok,,0.0,20,50,0.20740748,0.01598582042841718,0.189638,0.203489,0.220002,0.2226477,0.26659334999999984,0.30069,308571.32057146635,308.57132057146634,203.489,3.179515625,77142.83014286659,174992,174080,349144,sub-physical,0.03125,0.015625,Intel(R) Xeon(R) 6760P,AVX512,"avx2,avx512f,avx512bw,avx512vl,avx512_vnni,avx512_bf16,amx_bf16,amx_int8,amx_tile,fma",True,True,,256,128,sh14l07002s1404,3.11.9,2.1.2+cu121
20260424_010536,2026-04-24T06:14:14.586808,cpu,full_mlp_capacity_search_hd256_depth5,/home/liangyi/SRS_AI/Model_AIIC_refactor/experiments_refactored/20260422_050408_full_mlp_capacity_search_v2/full_mlp_capacity_search_hd256_depth5,full_mlp_capacity_search_v2,full_mlp_capacity_search_hd256_depth5,supervised_nmse_plateau,full_mlp,12,6,eager,fp32,float32,64,8,ok,,0.0,20,50,0.18215566,0.012018753041160303,0.166368,0.181223,0.18958039999999998,0.19823014999999997,0.22519509999999993,0.245143,351347.85271014913,351.34785271014914,181.22299999999998,2.8316093749999998,43918.48158876864,174992,174080,349144,sub-physical,0.0625,0.03125,Intel(R) Xeon(R) 6760P,AVX512,"avx2,avx512f,avx512bw,avx512vl,avx512_vnni,avx512_bf16,amx_bf16,amx_int8,amx_tile,fma",True,True,,256,128,sh14l07002s1404,3.11.9,2.1.2+cu121
20260424_010536,2026-04-24T06:14:14.586808,cpu,full_mlp_capacity_search_hd256_depth5,/home/liangyi/SRS_AI/Model_AIIC_refactor/experiments_refactored/20260422_050408_full_mlp_capacity_search_v2/full_mlp_capacity_search_hd256_depth5,full_mlp_capacity_search_v2,full_mlp_capacity_search_hd256_depth5,supervised_nmse_plateau,full_mlp,12,6,eager,fp32,float32,64,128,ok,,0.0,20,50,0.4701978,0.01599596262811338,0.4433,0.4680345,0.4921565,0.495949,0.51589526,0.524679,136112.92949477857,136.11292949477857,468.03450000000004,7.313039062500001,1063.3822616779576,174992,174080,349144,all-physical,1.0,0.5,Intel(R) Xeon(R) 6760P,AVX512,"avx2,avx512f,avx512bw,avx512vl,avx512_vnni,avx512_bf16,amx_bf16,amx_int8,amx_tile,fma",True,True,,256,128,sh14l07002s1404,3.11.9,2.1.2+cu121
20260424_010536,2026-04-24T06:14:14.586808,cpu,full_mlp_capacity_search_hd256_depth5,/home/liangyi/SRS_AI/Model_AIIC_refactor/experiments_refactored/20260422_050408_full_mlp_capacity_search_v2/full_mlp_capacity_search_hd256_depth5,full_mlp_capacity_search_v2,full_mlp_capacity_search_hd256_depth5,supervised_nmse_plateau,full_mlp,12,6,eager,fp32,float32,128,1,ok,,0.0,20,50,0.36329786,0.013745261870200948,0.349492,0.359884,0.3727323,0.38707939999999996,0.41610038999999993,0.42908,352327.97682871023,352.32797682871023,359.88399999999996,2.8115937499999997,352327.97682871023,174992,174080,349144,single-thread,0.0078125,0.00390625,Intel(R) Xeon(R) 6760P,AVX512,"avx2,avx512f,avx512bw,avx512vl,avx512_vnni,avx512_bf16,amx_bf16,amx_int8,amx_tile,fma",True,True,,256,128,sh14l07002s1404,3.11.9,2.1.2+cu121
20260424_010536,2026-04-24T06:14:14.586808,cpu,full_mlp_capacity_search_hd256_depth5,/home/liangyi/SRS_AI/Model_AIIC_refactor/experiments_refactored/20260422_050408_full_mlp_capacity_search_v2/full_mlp_capacity_search_hd256_depth5,full_mlp_capacity_search_v2,full_mlp_capacity_search_hd256_depth5,supervised_nmse_plateau,full_mlp,12,6,eager,fp32,float32,128,2,ok,,0.0,20,50,0.31275948,0.012763327698120108,0.299797,0.3076455,0.33252919999999997,0.3436529,0.35186649999999997,0.355909,409260.1765420508,409.2601765420508,307.6455,2.40348046875,204630.0882710254,174992,174080,349144,sub-physical,0.015625,0.0078125,Intel(R) Xeon(R) 6760P,AVX512,"avx2,avx512f,avx512bw,avx512vl,avx512_vnni,avx512_bf16,amx_bf16,amx_int8,amx_tile,fma",True,True,,256,128,sh14l07002s1404,3.11.9,2.1.2+cu121
20260424_010536,2026-04-24T06:14:14.586808,cpu,full_mlp_capacity_search_hd256_depth5,/home/liangyi/SRS_AI/Model_AIIC_refactor/experiments_refactored/20260422_050408_full_mlp_capacity_search_v2/full_mlp_capacity_search_hd256_depth5,full_mlp_capacity_search_v2,full_mlp_capacity_search_hd256_depth5,supervised_nmse_plateau,full_mlp,12,6,eager,fp32,float32,128,4,ok,,0.0,20,50,0.29395294,0.0173261404651007,0.277566,0.2895045,0.3127226,0.3209603,0.35315998999999987,0.376312,435443.8502979423,435.4438502979423,289.5045,2.26175390625,108860.96257448557,174992,174080,349144,sub-physical,0.03125,0.015625,Intel(R) Xeon(R) 6760P,AVX512,"avx2,avx512f,avx512bw,avx512vl,avx512_vnni,avx512_bf16,amx_bf16,amx_int8,amx_tile,fma",True,True,,256,128,sh14l07002s1404,3.11.9,2.1.2+cu121
20260424_010536,2026-04-24T06:14:14.586808,cpu,full_mlp_capacity_search_hd256_depth5,/home/liangyi/SRS_AI/Model_AIIC_refactor/experiments_refactored/20260422_050408_full_mlp_capacity_search_v2/full_mlp_capacity_search_hd256_depth5,full_mlp_capacity_search_v2,full_mlp_capacity_search_hd256_depth5,supervised_nmse_plateau,full_mlp,12,6,eager,fp32,float32,128,8,ok,,0.0,20,50,0.29026078,0.0055935188040803045,0.277017,0.289743,0.2971682,0.29869809999999997,0.30172239,0.302403,440982.7603991142,440.9827603991142,289.743,2.2636171875,55122.84504988928,174992,174080,349144,sub-physical,0.0625,0.03125,Intel(R) Xeon(R) 6760P,AVX512,"avx2,avx512f,avx512bw,avx512vl,avx512_vnni,avx512_bf16,amx_bf16,amx_int8,amx_tile,fma",True,True,,256,128,sh14l07002s1404,3.11.9,2.1.2+cu121
20260424_010536,2026-04-24T06:14:14.586808,cpu,full_mlp_capacity_search_hd256_depth5,/home/liangyi/SRS_AI/Model_AIIC_refactor/experiments_refactored/20260422_050408_full_mlp_capacity_search_v2/full_mlp_capacity_search_hd256_depth5,full_mlp_capacity_search_v2,full_mlp_capacity_search_hd256_depth5,supervised_nmse_plateau,full_mlp,12,6,eager,fp32,float32,128,128,ok,,0.0,20,50,0.8070885,0.01191320145259031,0.778406,0.807444,0.8200327,0.8254079,0.83368051,0.837454,158594.75138104433,158.59475138104435,807.4440000000001,6.308156250000001,1239.0214951644089,174992,174080,349144,all-physical,1.0,0.5,Intel(R) Xeon(R) 6760P,AVX512,"avx2,avx512f,avx512bw,avx512vl,avx512_vnni,avx512_bf16,amx_bf16,amx_int8,amx_tile,fma",True,True,,256,128,sh14l07002s1404,3.11.9,2.1.2+cu121
20260424_010536,2026-04-24T06:14:14.586808,cpu,full_mlp_capacity_search_hd256_depth5,/home/liangyi/SRS_AI/Model_AIIC_refactor/experiments_refactored/20260422_050408_full_mlp_capacity_search_v2/full_mlp_capacity_search_hd256_depth5,full_mlp_capacity_search_v2,full_mlp_capacity_search_hd256_depth5,supervised_nmse_plateau,full_mlp,12,6,eager,bf16,bfloat16,1,1,ok,,0.0,20,50,0.1160225,0.009297667484374777,0.107718,0.1123605,0.12577649999999999,0.1264306,0.14646567999999993,0.164874,8619.017862914521,8.619017862914522,112.3605,112.3605,8619.017862914521,174992,174080,349144,single-thread,0.0078125,0.00390625,Intel(R) Xeon(R) 6760P,AVX512,"avx2,avx512f,avx512bw,avx512vl,avx512_vnni,avx512_bf16,amx_bf16,amx_int8,amx_tile,fma",True,True,,256,128,sh14l07002s1404,3.11.9,2.1.2+cu121
20260424_010536,2026-04-24T06:14:14.586808,cpu,full_mlp_capacity_search_hd256_depth5,/home/liangyi/SRS_AI/Model_AIIC_refactor/experiments_refactored/20260422_050408_full_mlp_capacity_search_v2/full_mlp_capacity_search_hd256_depth5,full_mlp_capacity_search_v2,full_mlp_capacity_search_hd256_depth5,supervised_nmse_plateau,full_mlp,12,6,eager,bf16,bfloat16,1,2,ok,,0.0,20,50,0.12527238,0.020341530491966426,0.11429,0.12039050000000001,0.1319137,0.14257445,0.20627276999999977,0.256364,7982.6055831301355,7.982605583130136,120.39050000000002,120.39050000000002,3991.3027915650678,174992,174080,349144,sub-physical,0.015625,0.0078125,Intel(R) Xeon(R) 6760P,AVX512,"avx2,avx512f,avx512bw,avx512vl,avx512_vnni,avx512_bf16,amx_bf16,amx_int8,amx_tile,fma",True,True,,256,128,sh14l07002s1404,3.11.9,2.1.2+cu121
20260424_010536,2026-04-24T06:14:14.586808,cpu,full_mlp_capacity_search_hd256_depth5,/home/liangyi/SRS_AI/Model_AIIC_refactor/experiments_refactored/20260422_050408_full_mlp_capacity_search_v2/full_mlp_capacity_search_hd256_depth5,full_mlp_capacity_search_v2,full_mlp_capacity_search_hd256_depth5,supervised_nmse_plateau,full_mlp,12,6,eager,bf16,bfloat16,1,4,ok,,0.0,20,50,0.1248503,0.006657345657993132,0.113934,0.12453700000000001,0.1293461,0.1337119,0.14957652999999996,0.157271,8009.592287723778,8.009592287723779,124.537,124.537,2002.3980719309445,174992,174080,349144,sub-physical,0.03125,0.015625,Intel(R) Xeon(R) 6760P,AVX512,"avx2,avx512f,avx512bw,avx512vl,avx512_vnni,avx512_bf16,amx_bf16,amx_int8,amx_tile,fma",True,True,,256,128,sh14l07002s1404,3.11.9,2.1.2+cu121
20260424_010536,2026-04-24T06:14:14.586808,cpu,full_mlp_capacity_search_hd256_depth5,/home/liangyi/SRS_AI/Model_AIIC_refactor/experiments_refactored/20260422_050408_full_mlp_capacity_search_v2/full_mlp_capacity_search_hd256_depth5,full_mlp_capacity_search_v2,full_mlp_capacity_search_hd256_depth5,supervised_nmse_plateau,full_mlp,12,6,eager,bf16,bfloat16,1,8,ok,,0.0,20,50,0.11440996,0.010599303231741226,0.105777,0.112122,0.121003,0.12390725,0.1529788999999999,0.18012,8740.497767851679,8.740497767851679,112.122,112.122,1092.5622209814599,174992,174080,349144,sub-physical,0.0625,0.03125,Intel(R) Xeon(R) 6760P,AVX512,"avx2,avx512f,avx512bw,avx512vl,avx512_vnni,avx512_bf16,amx_bf16,amx_int8,amx_tile,fma",True,True,,256,128,sh14l07002s1404,3.11.9,2.1.2+cu121
20260424_010536,2026-04-24T06:14:14.586808,cpu,full_mlp_capacity_search_hd256_depth5,/home/liangyi/SRS_AI/Model_AIIC_refactor/experiments_refactored/20260422_050408_full_mlp_capacity_search_v2/full_mlp_capacity_search_hd256_depth5,full_mlp_capacity_search_v2,full_mlp_capacity_search_hd256_depth5,supervised_nmse_plateau,full_mlp,12,6,eager,bf16,bfloat16,1,128,ok,,0.0,20,50,0.30288132,0.006392198921936021,0.293614,0.3015685,0.3125736,0.31679755,0.31796151,0.31806,3301.6232232479706,3.3016232232479705,301.56850000000003,301.56850000000003,25.79393143162477,174992,174080,349144,all-physical,1.0,0.5,Intel(R) Xeon(R) 6760P,AVX512,"avx2,avx512f,avx512bw,avx512vl,avx512_vnni,avx512_bf16,amx_bf16,amx_int8,amx_tile,fma",True,True,,256,128,sh14l07002s1404,3.11.9,2.1.2+cu121
20260424_010536,2026-04-24T06:14:14.586808,cpu,full_mlp_capacity_search_hd256_depth5,/home/liangyi/SRS_AI/Model_AIIC_refactor/experiments_refactored/20260422_050408_full_mlp_capacity_search_v2/full_mlp_capacity_search_hd256_depth5,full_mlp_capacity_search_v2,full_mlp_capacity_search_hd256_depth5,supervised_nmse_plateau,full_mlp,12,6,eager,bf16,bfloat16,2,1,ok,,0.0,20,50,0.12632612000000001,0.022410100288610936,0.11241,0.11824899999999999,0.1419053,0.16493619999999995,0.2181176599999999,0.236476,15832.038536448359,15.832038536448358,118.249,59.1245,15832.038536448359,174992,174080,349144,single-thread,0.0078125,0.00390625,Intel(R) Xeon(R) 6760P,AVX512,"avx2,avx512f,avx512bw,avx512vl,avx512_vnni,avx512_bf16,amx_bf16,amx_int8,amx_tile,fma",True,True,,256,128,sh14l07002s1404,3.11.9,2.1.2+cu121
20260424_010536,2026-04-24T06:14:14.586808,cpu,full_mlp_capacity_search_hd256_depth5,/home/liangyi/SRS_AI/Model_AIIC_refactor/experiments_refactored/20260422_050408_full_mlp_capacity_search_v2/full_mlp_capacity_search_hd256_depth5,full_mlp_capacity_search_v2,full_mlp_capacity_search_hd256_depth5,supervised_nmse_plateau,full_mlp,12,6,eager,bf16,bfloat16,2,2,ok,,0.0,20,50,0.1300168,0.011132478687156782,0.117518,0.12909949999999998,0.1465346,0.14925159999999998,0.15931381,0.162367,15382.627475833893,15.382627475833893,129.09949999999998,64.54974999999999,7691.313737916947,174992,174080,349144,sub-physical,0.015625,0.0078125,Intel(R) Xeon(R) 6760P,AVX512,"avx2,avx512f,avx512bw,avx512vl,avx512_vnni,avx512_bf16,amx_bf16,amx_int8,amx_tile,fma",True,True,,256,128,sh14l07002s1404,3.11.9,2.1.2+cu121
20260424_010536,2026-04-24T06:14:14.586808,cpu,full_mlp_capacity_search_hd256_depth5,/home/liangyi/SRS_AI/Model_AIIC_refactor/experiments_refactored/20260422_050408_full_mlp_capacity_search_v2/full_mlp_capacity_search_hd256_depth5,full_mlp_capacity_search_v2,full_mlp_capacity_search_hd256_depth5,supervised_nmse_plateau,full_mlp,12,6,eager,bf16,bfloat16,2,4,ok,,0.0,20,50,0.1401653,0.022794958186625393,0.116983,0.135071,0.1533429,0.18298044999999988,0.22793745999999995,0.23874,14268.866830806197,14.268866830806196,135.071,67.5355,3567.2167077015492,174992,174080,349144,sub-physical,0.03125,0.015625,Intel(R) Xeon(R) 6760P,AVX512,"avx2,avx512f,avx512bw,avx512vl,avx512_vnni,avx512_bf16,amx_bf16,amx_int8,amx_tile,fma",True,True,,256,128,sh14l07002s1404,3.11.9,2.1.2+cu121
20260424_010536,2026-04-24T06:14:14.586808,cpu,full_mlp_capacity_search_hd256_depth5,/home/liangyi/SRS_AI/Model_AIIC_refactor/experiments_refactored/20260422_050408_full_mlp_capacity_search_v2/full_mlp_capacity_search_hd256_depth5,full_mlp_capacity_search_v2,full_mlp_capacity_search_hd256_depth5,supervised_nmse_plateau,full_mlp,12,6,eager,bf16,bfloat16,2,8,ok,,0.0,20,50,0.1315191,0.015833180020766516,0.118086,0.1301825,0.1433638,0.14948185,0.18819016999999988,0.22316,15206.916713998195,15.206916713998195,130.1825,65.09125,1900.8645892497743,174992,174080,349144,sub-physical,0.0625,0.03125,Intel(R) Xeon(R) 6760P,AVX512,"avx2,avx512f,avx512bw,avx512vl,avx512_vnni,avx512_bf16,amx_bf16,amx_int8,amx_tile,fma",True,True,,256,128,sh14l07002s1404,3.11.9,2.1.2+cu121
20260424_010536,2026-04-24T06:14:14.586808,cpu,full_mlp_capacity_search_hd256_depth5,/home/liangyi/SRS_AI/Model_AIIC_refactor/experiments_refactored/20260422_050408_full_mlp_capacity_search_v2/full_mlp_capacity_search_hd256_depth5,full_mlp_capacity_search_v2,full_mlp_capacity_search_hd256_depth5,supervised_nmse_plateau,full_mlp,12,6,eager,bf16,bfloat16,2,128,ok,,0.0,20,50,0.48911378,0.018217907278598164,0.45192,0.4830905,0.5172234,0.52260685,0.53191137,0.533914,4089.028119387681,4.089028119387681,483.09049999999996,241.54524999999998,31.945532182716256,174992,174080,349144,all-physical,1.0,0.5,Intel(R) Xeon(R) 6760P,AVX512,"avx2,avx512f,avx512bw,avx512vl,avx512_vnni,avx512_bf16,amx_bf16,amx_int8,amx_tile,fma",True,True,,256,128,sh14l07002s1404,3.11.9,2.1.2+cu121
20260424_010536,2026-04-24T06:14:14.586808,cpu,full_mlp_capacity_search_hd256_depth5,/home/liangyi/SRS_AI/Model_AIIC_refactor/experiments_refactored/20260422_050408_full_mlp_capacity_search_v2/full_mlp_capacity_search_hd256_depth5,full_mlp_capacity_search_v2,full_mlp_capacity_search_hd256_depth5,supervised_nmse_plateau,full_mlp,12,6,eager,bf16,bfloat16,4,1,ok,,0.0,20,50,0.12790064,0.024152473704165373,0.113395,0.120174,0.13685909999999998,0.1396076,0.23458179999999984,0.268578,31274.276657255192,31.274276657255193,120.174,30.0435,31274.276657255192,174992,174080,349144,single-thread,0.0078125,0.00390625,Intel(R) Xeon(R) 6760P,AVX512,"avx2,avx512f,avx512bw,avx512vl,avx512_vnni,avx512_bf16,amx_bf16,amx_int8,amx_tile,fma",True,True,,256,128,sh14l07002s1404,3.11.9,2.1.2+cu121
20260424_010536,2026-04-24T06:14:14.586808,cpu,full_mlp_capacity_search_hd256_depth5,/home/liangyi/SRS_AI/Model_AIIC_refactor/experiments_refactored/20260422_050408_full_mlp_capacity_search_v2/full_mlp_capacity_search_hd256_depth5,full_mlp_capacity_search_v2,full_mlp_capacity_search_hd256_depth5,supervised_nmse_plateau,full_mlp,12,6,eager,bf16,bfloat16,4,2,ok,,0.0,20,50,0.13861592,0.023590914551869326,0.121953,0.13327050000000001,0.1542497,0.16005745,0.22710524999999976,0.282267,28856.714293711717,28.85671429371172,133.27050000000003,33.31762500000001,14428.357146855858,174992,174080,349144,sub-physical,0.015625,0.0078125,Intel(R) Xeon(R) 6760P,AVX512,"avx2,avx512f,avx512bw,avx512vl,avx512_vnni,avx512_bf16,amx_bf16,amx_int8,amx_tile,fma",True,True,,256,128,sh14l07002s1404,3.11.9,2.1.2+cu121
20260424_010536,2026-04-24T06:14:14.586808,cpu,full_mlp_capacity_search_hd256_depth5,/home/liangyi/SRS_AI/Model_AIIC_refactor/experiments_refactored/20260422_050408_full_mlp_capacity_search_v2/full_mlp_capacity_search_hd256_depth5,full_mlp_capacity_search_v2,full_mlp_capacity_search_hd256_depth5,supervised_nmse_plateau,full_mlp,12,6,eager,bf16,bfloat16,4,4,ok,,0.0,20,50,0.12609852,0.004182388333189542,0.119604,0.1249595,0.1308046,0.13344995,0.13902054,0.140174,31721.228766205983,31.721228766205982,124.9595,31.239875,7930.307191551496,174992,174080,349144,sub-physical,0.03125,0.015625,Intel(R) Xeon(R) 6760P,AVX512,"avx2,avx512f,avx512bw,avx512vl,avx512_vnni,avx512_bf16,amx_bf16,amx_int8,amx_tile,fma",True,True,,256,128,sh14l07002s1404,3.11.9,2.1.2+cu121
20260424_010536,2026-04-24T06:14:14.586808,cpu,full_mlp_capacity_search_hd256_depth5,/home/liangyi/SRS_AI/Model_AIIC_refactor/experiments_refactored/20260422_050408_full_mlp_capacity_search_v2/full_mlp_capacity_search_hd256_depth5,full_mlp_capacity_search_v2,full_mlp_capacity_search_hd256_depth5,supervised_nmse_plateau,full_mlp,12,6,eager,bf16,bfloat16,4,8,ok,,0.0,20,50,0.13287902000000001,0.01080008203022551,0.122622,0.1297195,0.1447861,0.15181515,0.17104254999999993,0.18452,30102.56999186177,30.102569991861767,129.71949999999998,32.429874999999996,3762.821248982721,174992,174080,349144,sub-physical,0.0625,0.03125,Intel(R) Xeon(R) 6760P,AVX512,"avx2,avx512f,avx512bw,avx512vl,avx512_vnni,avx512_bf16,amx_bf16,amx_int8,amx_tile,fma",True,True,,256,128,sh14l07002s1404,3.11.9,2.1.2+cu121
20260424_010536,2026-04-24T06:14:14.586808,cpu,full_mlp_capacity_search_hd256_depth5,/home/liangyi/SRS_AI/Model_AIIC_refactor/experiments_refactored/20260422_050408_full_mlp_capacity_search_v2/full_mlp_capacity_search_hd256_depth5,full_mlp_capacity_search_v2,full_mlp_capacity_search_hd256_depth5,supervised_nmse_plateau,full_mlp,12,6,eager,bf16,bfloat16,4,128,ok,,0.0,20,50,0.58544722,0.020510219829431377,0.536889,0.585632,0.6087878,0.61766785,0.62591732,0.625933,6832.383626315623,6.832383626315623,585.6320000000001,146.40800000000002,53.3779970805908,174992,174080,349144,all-physical,1.0,0.5,Intel(R) Xeon(R) 6760P,AVX512,"avx2,avx512f,avx512bw,avx512vl,avx512_vnni,avx512_bf16,amx_bf16,amx_int8,amx_tile,fma",True,True,,256,128,sh14l07002s1404,3.11.9,2.1.2+cu121
20260424_010536,2026-04-24T06:14:14.586808,cpu,full_mlp_capacity_search_hd256_depth5,/home/liangyi/SRS_AI/Model_AIIC_refactor/experiments_refactored/20260422_050408_full_mlp_capacity_search_v2/full_mlp_capacity_search_hd256_depth5,full_mlp_capacity_search_v2,full_mlp_capacity_search_hd256_depth5,supervised_nmse_plateau,full_mlp,12,6,eager,bf16,bfloat16,8,1,ok,,0.0,20,50,0.12946282,0.016564060186669206,0.117282,0.12275349999999999,0.1409545,0.1468678,0.19203654999999986,0.226731,61793.803039359096,61.7938030393591,122.75349999999999,15.344187499999999,61793.803039359096,174992,174080,349144,single-thread,0.0078125,0.00390625,Intel(R) Xeon(R) 6760P,AVX512,"avx2,avx512f,avx512bw,avx512vl,avx512_vnni,avx512_bf16,amx_bf16,amx_int8,amx_tile,fma",True,True,,256,128,sh14l07002s1404,3.11.9,2.1.2+cu121
20260424_010536,2026-04-24T06:14:14.586808,cpu,full_mlp_capacity_search_hd256_depth5,/home/liangyi/SRS_AI/Model_AIIC_refactor/experiments_refactored/20260422_050408_full_mlp_capacity_search_v2/full_mlp_capacity_search_hd256_depth5,full_mlp_capacity_search_v2,full_mlp_capacity_search_hd256_depth5,supervised_nmse_plateau,full_mlp,12,6,eager,bf16,bfloat16,8,2,ok,,0.0,20,50,0.14279568,0.009331243227866264,0.131269,0.1410545,0.15306180000000003,0.16123645,0.17257231999999997,0.177978,56024.103810423396,56.0241038104234,141.0545,17.6318125,28012.051905211698,174992,174080,349144,sub-physical,0.015625,0.0078125,Intel(R) Xeon(R) 6760P,AVX512,"avx2,avx512f,avx512bw,avx512vl,avx512_vnni,avx512_bf16,amx_bf16,amx_int8,amx_tile,fma",True,True,,256,128,sh14l07002s1404,3.11.9,2.1.2+cu121
20260424_010536,2026-04-24T06:14:14.586808,cpu,full_mlp_capacity_search_hd256_depth5,/home/liangyi/SRS_AI/Model_AIIC_refactor/experiments_refactored/20260422_050408_full_mlp_capacity_search_v2/full_mlp_capacity_search_hd256_depth5,full_mlp_capacity_search_v2,full_mlp_capacity_search_hd256_depth5,supervised_nmse_plateau,full_mlp,12,6,eager,bf16,bfloat16,8,4,ok,,0.0,20,50,0.15501496,0.012727334743708126,0.137387,0.152106,0.1700408,0.18305915,0.18824666999999998,0.191391,51607.92222892551,51.60792222892551,152.106,19.01325,12901.980557231378,174992,174080,349144,sub-physical,0.03125,0.015625,Intel(R) Xeon(R) 6760P,AVX512,"avx2,avx512f,avx512bw,avx512vl,avx512_vnni,avx512_bf16,amx_bf16,amx_int8,amx_tile,fma",True,True,,256,128,sh14l07002s1404,3.11.9,2.1.2+cu121
20260424_010536,2026-04-24T06:14:14.586808,cpu,full_mlp_capacity_search_hd256_depth5,/home/liangyi/SRS_AI/Model_AIIC_refactor/experiments_refactored/20260422_050408_full_mlp_capacity_search_v2/full_mlp_capacity_search_hd256_depth5,full_mlp_capacity_search_v2,full_mlp_capacity_search_hd256_depth5,supervised_nmse_plateau,full_mlp,12,6,eager,bf16,bfloat16,8,8,ok,,0.0,20,50,0.14021068,0.006328063648352472,0.130949,0.13982450000000002,0.14889449999999999,0.15065535,0.15760150999999997,0.162796,57056.994517108105,57.05699451710811,139.82450000000003,17.478062500000004,7132.124314638513,174992,174080,349144,sub-physical,0.0625,0.03125,Intel(R) Xeon(R) 6760P,AVX512,"avx2,avx512f,avx512bw,avx512vl,avx512_vnni,avx512_bf16,amx_bf16,amx_int8,amx_tile,fma",True,True,,256,128,sh14l07002s1404,3.11.9,2.1.2+cu121
20260424_010536,2026-04-24T06:14:14.586808,cpu,full_mlp_capacity_search_hd256_depth5,/home/liangyi/SRS_AI/Model_AIIC_refactor/experiments_refactored/20260422_050408_full_mlp_capacity_search_v2/full_mlp_capacity_search_hd256_depth5,full_mlp_capacity_search_v2,full_mlp_capacity_search_hd256_depth5,supervised_nmse_plateau,full_mlp,12,6,eager,bf16,bfloat16,8,128,ok,,0.0,20,50,0.38750474,0.019814191052687467,0.364622,0.38453899999999996,0.3996112,0.403983,0.4591012099999998,0.507205,20644.90875647095,20.64490875647095,384.539,48.067375,161.2883496599293,174992,174080,349144,all-physical,1.0,0.5,Intel(R) Xeon(R) 6760P,AVX512,"avx2,avx512f,avx512bw,avx512vl,avx512_vnni,avx512_bf16,amx_bf16,amx_int8,amx_tile,fma",True,True,,256,128,sh14l07002s1404,3.11.9,2.1.2+cu121
20260424_010536,2026-04-24T06:14:14.586808,cpu,full_mlp_capacity_search_hd256_depth5,/home/liangyi/SRS_AI/Model_AIIC_refactor/experiments_refactored/20260422_050408_full_mlp_capacity_search_v2/full_mlp_capacity_search_hd256_depth5,full_mlp_capacity_search_v2,full_mlp_capacity_search_hd256_depth5,supervised_nmse_plateau,full_mlp,12,6,eager,bf16,bfloat16,16,1,ok,,0.0,20,50,0.13238706,0.021123493671653844,0.118238,0.124569,0.14673940000000002,0.16127399999999995,0.2198730299999999,0.241116,120857.73337666082,120.85773337666082,124.569,7.7855625,120857.73337666082,174992,174080,349144,single-thread,0.0078125,0.00390625,Intel(R) Xeon(R) 6760P,AVX512,"avx2,avx512f,avx512bw,avx512vl,avx512_vnni,avx512_bf16,amx_bf16,amx_int8,amx_tile,fma",True,True,,256,128,sh14l07002s1404,3.11.9,2.1.2+cu121
20260424_010536,2026-04-24T06:14:14.586808,cpu,full_mlp_capacity_search_hd256_depth5,/home/liangyi/SRS_AI/Model_AIIC_refactor/experiments_refactored/20260422_050408_full_mlp_capacity_search_v2/full_mlp_capacity_search_hd256_depth5,full_mlp_capacity_search_v2,full_mlp_capacity_search_hd256_depth5,supervised_nmse_plateau,full_mlp,12,6,eager,bf16,bfloat16,16,2,ok,,0.0,20,50,0.16509826,0.04379157305090101,0.142508,0.15481899999999998,0.1726666,0.18717734999999994,0.36368409999999973,0.432485,96911.98441461468,96.91198441461468,154.819,9.6761875,48455.99220730734,174992,174080,349144,sub-physical,0.015625,0.0078125,Intel(R) Xeon(R) 6760P,AVX512,"avx2,avx512f,avx512bw,avx512vl,avx512_vnni,avx512_bf16,amx_bf16,amx_int8,amx_tile,fma",True,True,,256,128,sh14l07002s1404,3.11.9,2.1.2+cu121
20260424_010536,2026-04-24T06:14:14.586808,cpu,full_mlp_capacity_search_hd256_depth5,/home/liangyi/SRS_AI/Model_AIIC_refactor/experiments_refactored/20260422_050408_full_mlp_capacity_search_v2/full_mlp_capacity_search_hd256_depth5,full_mlp_capacity_search_v2,full_mlp_capacity_search_hd256_depth5,supervised_nmse_plateau,full_mlp,12,6,eager,bf16,bfloat16,16,4,ok,,0.0,20,50,0.16267476,0.018881956176794817,0.141403,0.1583945,0.1757766,0.18588329999999997,0.23069863999999984,0.270028,98355.7621354413,98.3557621354413,158.3945,9.89965625,24588.940533860325,174992,174080,349144,sub-physical,0.03125,0.015625,Intel(R) Xeon(R) 6760P,AVX512,"avx2,avx512f,avx512bw,avx512vl,avx512_vnni,avx512_bf16,amx_bf16,amx_int8,amx_tile,fma",True,True,,256,128,sh14l07002s1404,3.11.9,2.1.2+cu121
20260424_010536,2026-04-24T06:14:14.586808,cpu,full_mlp_capacity_search_hd256_depth5,/home/liangyi/SRS_AI/Model_AIIC_refactor/experiments_refactored/20260422_050408_full_mlp_capacity_search_v2/full_mlp_capacity_search_hd256_depth5,full_mlp_capacity_search_v2,full_mlp_capacity_search_hd256_depth5,supervised_nmse_plateau,full_mlp,12,6,eager,bf16,bfloat16,16,8,ok,,0.0,20,50,0.15356303999999998,0.015681118803146668,0.141079,0.1485515,0.1685871,0.17934774999999994,0.2111124899999999,0.235612,104191.73780357567,104.19173780357568,148.5515,9.28446875,13023.967225446959,174992,174080,349144,sub-physical,0.0625,0.03125,Intel(R) Xeon(R) 6760P,AVX512,"avx2,avx512f,avx512bw,avx512vl,avx512_vnni,avx512_bf16,amx_bf16,amx_int8,amx_tile,fma",True,True,,256,128,sh14l07002s1404,3.11.9,2.1.2+cu121
20260424_010536,2026-04-24T06:14:14.586808,cpu,full_mlp_capacity_search_hd256_depth5,/home/liangyi/SRS_AI/Model_AIIC_refactor/experiments_refactored/20260422_050408_full_mlp_capacity_search_v2/full_mlp_capacity_search_hd256_depth5,full_mlp_capacity_search_v2,full_mlp_capacity_search_hd256_depth5,supervised_nmse_plateau,full_mlp,12,6,eager,bf16,bfloat16,16,128,ok,,0.0,20,50,0.49133774,0.021002794807177455,0.452277,0.4887935,0.5156738,0.5277729999999999,0.53769861,0.541771,32564.158413721692,32.56415841372169,488.7935,30.54959375,254.40748760720072,174992,174080,349144,all-physical,1.0,0.5,Intel(R) Xeon(R) 6760P,AVX512,"avx2,avx512f,avx512bw,avx512vl,avx512_vnni,avx512_bf16,amx_bf16,amx_int8,amx_tile,fma",True,True,,256,128,sh14l07002s1404,3.11.9,2.1.2+cu121
20260424_010536,2026-04-24T06:14:14.586808,cpu,full_mlp_capacity_search_hd256_depth5,/home/liangyi/SRS_AI/Model_AIIC_refactor/experiments_refactored/20260422_050408_full_mlp_capacity_search_v2/full_mlp_capacity_search_hd256_depth5,full_mlp_capacity_search_v2,full_mlp_capacity_search_hd256_depth5,supervised_nmse_plateau,full_mlp,12,6,eager,bf16,bfloat16,32,1,ok,,0.0,20,50,0.13649782,0.009587706663618783,0.128018,0.13137749999999998,0.1528071,0.155694,0.15916227,0.161503,234435.97853797226,234.43597853797226,131.37749999999997,4.105546874999999,234435.97853797226,174992,174080,349144,single-thread,0.0078125,0.00390625,Intel(R) Xeon(R) 6760P,AVX512,"avx2,avx512f,avx512bw,avx512vl,avx512_vnni,avx512_bf16,amx_bf16,amx_int8,amx_tile,fma",True,True,,256,128,sh14l07002s1404,3.11.9,2.1.2+cu121
20260424_010536,2026-04-24T06:14:14.586808,cpu,full_mlp_capacity_search_hd256_depth5,/home/liangyi/SRS_AI/Model_AIIC_refactor/experiments_refactored/20260422_050408_full_mlp_capacity_search_v2/full_mlp_capacity_search_hd256_depth5,full_mlp_capacity_search_v2,full_mlp_capacity_search_hd256_depth5,supervised_nmse_plateau,full_mlp,12,6,eager,bf16,bfloat16,32,2,ok,,0.0,20,50,0.1821341,0.01778330057582113,0.159569,0.178431,0.2001016,0.20779509999999998,0.2409357199999999,0.262482,175694.72163642067,175.69472163642067,178.431,5.57596875,87847.36081821033,174992,174080,349144,sub-physical,0.015625,0.0078125,Intel(R) Xeon(R) 6760P,AVX512,"avx2,avx512f,avx512bw,avx512vl,avx512_vnni,avx512_bf16,amx_bf16,amx_int8,amx_tile,fma",True,True,,256,128,sh14l07002s1404,3.11.9,2.1.2+cu121
20260424_010536,2026-04-24T06:14:14.586808,cpu,full_mlp_capacity_search_hd256_depth5,/home/liangyi/SRS_AI/Model_AIIC_refactor/experiments_refactored/20260422_050408_full_mlp_capacity_search_v2/full_mlp_capacity_search_hd256_depth5,full_mlp_capacity_search_v2,full_mlp_capacity_search_hd256_depth5,supervised_nmse_plateau,full_mlp,12,6,eager,bf16,bfloat16,32,4,ok,,0.0,20,50,0.18909134,0.011935360169865005,0.176288,0.1857365,0.199387,0.2128845,0.23118966999999996,0.241194,169230.38358076048,169.23038358076047,185.7365,5.804265625,42307.59589519012,174992,174080,349144,sub-physical,0.03125,0.015625,Intel(R) Xeon(R) 6760P,AVX512,"avx2,avx512f,avx512bw,avx512vl,avx512_vnni,avx512_bf16,amx_bf16,amx_int8,amx_tile,fma",True,True,,256,128,sh14l07002s1404,3.11.9,2.1.2+cu121
20260424_010536,2026-04-24T06:14:14.586808,cpu,full_mlp_capacity_search_hd256_depth5,/home/liangyi/SRS_AI/Model_AIIC_refactor/experiments_refactored/20260422_050408_full_mlp_capacity_search_v2/full_mlp_capacity_search_hd256_depth5,full_mlp_capacity_search_v2,full_mlp_capacity_search_hd256_depth5,supervised_nmse_plateau,full_mlp,12,6,eager,bf16,bfloat16,32,8,ok,,0.0,20,50,0.17602198,0.006403302193368669,0.166773,0.174956,0.1860958,0.18843605,0.19303863,0.194172,181795.47804200364,181.79547804200365,174.956,5.467375,22724.434755250455,174992,174080,349144,sub-physical,0.0625,0.03125,Intel(R) Xeon(R) 6760P,AVX512,"avx2,avx512f,avx512bw,avx512vl,avx512_vnni,avx512_bf16,amx_bf16,amx_int8,amx_tile,fma",True,True,,256,128,sh14l07002s1404,3.11.9,2.1.2+cu121
20260424_010536,2026-04-24T06:14:14.586808,cpu,full_mlp_capacity_search_hd256_depth5,/home/liangyi/SRS_AI/Model_AIIC_refactor/experiments_refactored/20260422_050408_full_mlp_capacity_search_v2/full_mlp_capacity_search_hd256_depth5,full_mlp_capacity_search_v2,full_mlp_capacity_search_hd256_depth5,supervised_nmse_plateau,full_mlp,12,6,eager,bf16,bfloat16,32,128,ok,,0.0,20,50,0.43323328,0.012290729748944938,0.398308,0.43187,0.44717049999999997,0.45186555,0.46160311000000004,0.463299,73863.20829277013,73.86320829277012,431.87,13.4959375,577.0563147872666,174992,174080,349144,all-physical,1.0,0.5,Intel(R) Xeon(R) 6760P,AVX512,"avx2,avx512f,avx512bw,avx512vl,avx512_vnni,avx512_bf16,amx_bf16,amx_int8,amx_tile,fma",True,True,,256,128,sh14l07002s1404,3.11.9,2.1.2+cu121
20260424_010536,2026-04-24T06:14:14.586808,cpu,full_mlp_capacity_search_hd256_depth5,/home/liangyi/SRS_AI/Model_AIIC_refactor/experiments_refactored/20260422_050408_full_mlp_capacity_search_v2/full_mlp_capacity_search_hd256_depth5,full_mlp_capacity_search_v2,full_mlp_capacity_search_hd256_depth5,supervised_nmse_plateau,full_mlp,12,6,eager,bf16,bfloat16,64,1,ok,,0.0,20,50,0.17248304,0.011147975857455023,0.159579,0.16924699999999998,0.1868746,0.19758575,0.19965627,0.199792,371050.97405518824,371.05097405518825,169.24699999999999,2.6444843749999998,371050.97405518824,174992,174080,349144,single-thread,0.0078125,0.00390625,Intel(R) Xeon(R) 6760P,AVX512,"avx2,avx512f,avx512bw,avx512vl,avx512_vnni,avx512_bf16,amx_bf16,amx_int8,amx_tile,fma",True,True,,256,128,sh14l07002s1404,3.11.9,2.1.2+cu121
20260424_010536,2026-04-24T06:14:14.586808,cpu,full_mlp_capacity_search_hd256_depth5,/home/liangyi/SRS_AI/Model_AIIC_refactor/experiments_refactored/20260422_050408_full_mlp_capacity_search_v2/full_mlp_capacity_search_hd256_depth5,full_mlp_capacity_search_v2,full_mlp_capacity_search_hd256_depth5,supervised_nmse_plateau,full_mlp,12,6,eager,bf16,bfloat16,64,2,ok,,0.0,20,50,0.22258596,0.010214719373453193,0.197325,0.223921,0.2347126,0.23543975,0.24039515999999997,0.242216,287529.36618284456,287.52936618284457,223.92100000000002,3.4987656250000003,143764.68309142228,174992,174080,349144,sub-physical,0.015625,0.0078125,Intel(R) Xeon(R) 6760P,AVX512,"avx2,avx512f,avx512bw,avx512vl,avx512_vnni,avx512_bf16,amx_bf16,amx_int8,amx_tile,fma",True,True,,256,128,sh14l07002s1404,3.11.9,2.1.2+cu121
20260424_010536,2026-04-24T06:14:14.586808,cpu,full_mlp_capacity_search_hd256_depth5,/home/liangyi/SRS_AI/Model_AIIC_refactor/experiments_refactored/20260422_050408_full_mlp_capacity_search_v2/full_mlp_capacity_search_hd256_depth5,full_mlp_capacity_search_v2,full_mlp_capacity_search_hd256_depth5,supervised_nmse_plateau,full_mlp,12,6,eager,bf16,bfloat16,64,4,ok,,0.0,20,50,0.22867504,0.01204797292653001,0.207555,0.22658450000000002,0.2443347,0.24981119999999998,0.25993684,0.262085,279873.13350858056,279.87313350858057,226.58450000000002,3.5403828125000003,69968.28337714514,174992,174080,349144,sub-physical,0.03125,0.015625,Intel(R) Xeon(R) 6760P,AVX512,"avx2,avx512f,avx512bw,avx512vl,avx512_vnni,avx512_bf16,amx_bf16,amx_int8,amx_tile,fma",True,True,,256,128,sh14l07002s1404,3.11.9,2.1.2+cu121
20260424_010536,2026-04-24T06:14:14.586808,cpu,full_mlp_capacity_search_hd256_depth5,/home/liangyi/SRS_AI/Model_AIIC_refactor/experiments_refactored/20260422_050408_full_mlp_capacity_search_v2/full_mlp_capacity_search_hd256_depth5,full_mlp_capacity_search_v2,full_mlp_capacity_search_hd256_depth5,supervised_nmse_plateau,full_mlp,12,6,eager,bf16,bfloat16,64,8,ok,,0.0,20,50,0.22135756,0.006859616572841372,0.208642,0.219898,0.2311348,0.2341718,0.23865227999999997,0.242439,289124.97951278463,289.12497951278465,219.898,3.43590625,36140.62243909808,174992,174080,349144,sub-physical,0.0625,0.03125,Intel(R) Xeon(R) 6760P,AVX512,"avx2,avx512f,avx512bw,avx512vl,avx512_vnni,avx512_bf16,amx_bf16,amx_int8,amx_tile,fma",True,True,,256,128,sh14l07002s1404,3.11.9,2.1.2+cu121
20260424_010536,2026-04-24T06:14:14.586808,cpu,full_mlp_capacity_search_hd256_depth5,/home/liangyi/SRS_AI/Model_AIIC_refactor/experiments_refactored/20260422_050408_full_mlp_capacity_search_v2/full_mlp_capacity_search_hd256_depth5,full_mlp_capacity_search_v2,full_mlp_capacity_search_hd256_depth5,supervised_nmse_plateau,full_mlp,12,6,eager,bf16,bfloat16,64,128,ok,,0.0,20,50,0.5234677,0.010926057873267926,0.505138,0.5230600000000001,0.5378049,0.54217415,0.54593912,0.54619,122261.60276937812,122.26160276937811,523.0600000000001,8.172812500000001,955.1687716357666,174992,174080,349144,all-physical,1.0,0.5,Intel(R) Xeon(R) 6760P,AVX512,"avx2,avx512f,avx512bw,avx512vl,avx512_vnni,avx512_bf16,amx_bf16,amx_int8,amx_tile,fma",True,True,,256,128,sh14l07002s1404,3.11.9,2.1.2+cu121
20260424_010536,2026-04-24T06:14:14.586808,cpu,full_mlp_capacity_search_hd256_depth5,/home/liangyi/SRS_AI/Model_AIIC_refactor/experiments_refactored/20260422_050408_full_mlp_capacity_search_v2/full_mlp_capacity_search_hd256_depth5,full_mlp_capacity_search_v2,full_mlp_capacity_search_hd256_depth5,supervised_nmse_plateau,full_mlp,12,6,eager,bf16,bfloat16,128,1,ok,,0.0,20,50,0.21414018,0.040230839154902054,0.184504,0.196716,0.247929,0.26494025,0.35914568999999963,0.442749,597739.2939522138,597.7392939522139,196.716,1.53684375,597739.2939522138,174992,174080,349144,single-thread,0.0078125,0.00390625,Intel(R) Xeon(R) 6760P,AVX512,"avx2,avx512f,avx512bw,avx512vl,avx512_vnni,avx512_bf16,amx_bf16,amx_int8,amx_tile,fma",True,True,,256,128,sh14l07002s1404,3.11.9,2.1.2+cu121
20260424_010536,2026-04-24T06:14:14.586808,cpu,full_mlp_capacity_search_hd256_depth5,/home/liangyi/SRS_AI/Model_AIIC_refactor/experiments_refactored/20260422_050408_full_mlp_capacity_search_v2/full_mlp_capacity_search_hd256_depth5,full_mlp_capacity_search_v2,full_mlp_capacity_search_hd256_depth5,supervised_nmse_plateau,full_mlp,12,6,eager,bf16,bfloat16,128,2,ok,,0.0,20,50,0.31755134,0.012633887872875869,0.285438,0.3184115,0.3341075,0.33516535,0.3381646,0.338194,403084.4272299402,403.0844272299402,318.4115,2.48758984375,201542.2136149701,174992,174080,349144,sub-physical,0.015625,0.0078125,Intel(R) Xeon(R) 6760P,AVX512,"avx2,avx512f,avx512bw,avx512vl,avx512_vnni,avx512_bf16,amx_bf16,amx_int8,amx_tile,fma",True,True,,256,128,sh14l07002s1404,3.11.9,2.1.2+cu121
20260424_010536,2026-04-24T06:14:14.586808,cpu,full_mlp_capacity_search_hd256_depth5,/home/liangyi/SRS_AI/Model_AIIC_refactor/experiments_refactored/20260422_050408_full_mlp_capacity_search_v2/full_mlp_capacity_search_hd256_depth5,full_mlp_capacity_search_v2,full_mlp_capacity_search_hd256_depth5,supervised_nmse_plateau,full_mlp,12,6,eager,bf16,bfloat16,128,4,ok,,0.0,20,50,0.33280722,0.011225422087903865,0.308266,0.331258,0.3454201,0.3491783,0.35762521999999997,0.360233,384607.0406765815,384.6070406765815,331.258,2.587953125,96151.76016914537,174992,174080,349144,sub-physical,0.03125,0.015625,Intel(R) Xeon(R) 6760P,AVX512,"avx2,avx512f,avx512bw,avx512vl,avx512_vnni,avx512_bf16,amx_bf16,amx_int8,amx_tile,fma",True,True,,256,128,sh14l07002s1404,3.11.9,2.1.2+cu121
20260424_010536,2026-04-24T06:14:14.586808,cpu,full_mlp_capacity_search_hd256_depth5,/home/liangyi/SRS_AI/Model_AIIC_refactor/experiments_refactored/20260422_050408_full_mlp_capacity_search_v2/full_mlp_capacity_search_hd256_depth5,full_mlp_capacity_search_v2,full_mlp_capacity_search_hd256_depth5,supervised_nmse_plateau,full_mlp,12,6,eager,bf16,bfloat16,128,8,ok,,0.0,20,50,0.32375544,0.010177858171855214,0.292238,0.3234845,0.3360702,0.33809045,0.34459009999999995,0.349691,395360.15209505055,395.3601520950505,323.4845,2.52722265625,49420.01901188132,174992,174080,349144,sub-physical,0.0625,0.03125,Intel(R) Xeon(R) 6760P,AVX512,"avx2,avx512f,avx512bw,avx512vl,avx512_vnni,avx512_bf16,amx_bf16,amx_int8,amx_tile,fma",True,True,,256,128,sh14l07002s1404,3.11.9,2.1.2+cu121
20260424_010536,2026-04-24T06:14:14.586808,cpu,full_mlp_capacity_search_hd256_depth5,/home/liangyi/SRS_AI/Model_AIIC_refactor/experiments_refactored/20260422_050408_full_mlp_capacity_search_v2/full_mlp_capacity_search_hd256_depth5,full_mlp_capacity_search_v2,full_mlp_capacity_search_hd256_depth5,supervised_nmse_plateau,full_mlp,12,6,eager,bf16,bfloat16,128,128,ok,,0.0,20,50,0.5771709,0.016694516708488448,0.539099,0.5763325,0.5982007,0.605471,0.61465262,0.616055,221771.40254299025,221.77140254299024,576.3325,4.50259765625,1732.5890823671114,174992,174080,349144,all-physical,1.0,0.5,Intel(R) Xeon(R) 6760P,AVX512,"avx2,avx512f,avx512bw,avx512vl,avx512_vnni,avx512_bf16,amx_bf16,amx_int8,amx_tile,fma",True,True,,256,128,sh14l07002s1404,3.11.9,2.1.2+cu121
20260424_010536,2026-04-24T06:14:14.586808,cpu,full_mlp_capacity_search_hd256_depth5,/home/liangyi/SRS_AI/Model_AIIC_refactor/experiments_refactored/20260422_050408_full_mlp_capacity_search_v2/full_mlp_capacity_search_hd256_depth5,full_mlp_capacity_search_v2,full_mlp_capacity_search_hd256_depth5,supervised_nmse_plateau,full_mlp,12,6,jit,fp32,float32,1,1,ok,,55.551917,20,50,0.0297805,0.0016041370670862262,0.028333,0.029415999999999998,0.03072,0.03209794999999999,0.035989539999999993,0.037535,33579.019828411205,33.579019828411205,29.415999999999997,29.415999999999997,33579.019828411205,174992,174080,349144,single-thread,0.0078125,0.00390625,Intel(R) Xeon(R) 6760P,AVX512,"avx2,avx512f,avx512bw,avx512vl,avx512_vnni,avx512_bf16,amx_bf16,amx_int8,amx_tile,fma",True,True,,256,128,sh14l07002s1404,3.11.9,2.1.2+cu121
20260424_010536,2026-04-24T06:14:14.586808,cpu,full_mlp_capacity_search_hd256_depth5,/home/liangyi/SRS_AI/Model_AIIC_refactor/experiments_refactored/20260422_050408_full_mlp_capacity_search_v2/full_mlp_capacity_search_hd256_depth5,full_mlp_capacity_search_v2,full_mlp_capacity_search_hd256_depth5,supervised_nmse_plateau,full_mlp,12,6,jit,fp32,float32,1,2,ok,,54.46063,20,50,0.04324692,0.003074721332673906,0.039237,0.043539,0.046369600000000004,0.048906399999999996,0.05057697,0.051384,23123.033964037208,23.12303396403721,43.539,43.539,11561.516982018604,174992,174080,349144,sub-physical,0.015625,0.0078125,Intel(R) Xeon(R) 6760P,AVX512,"avx2,avx512f,avx512bw,avx512vl,avx512_vnni,avx512_bf16,amx_bf16,amx_int8,amx_tile,fma",True,True,,256,128,sh14l07002s1404,3.11.9,2.1.2+cu121
20260424_010536,2026-04-24T06:14:14.586808,cpu,full_mlp_capacity_search_hd256_depth5,/home/liangyi/SRS_AI/Model_AIIC_refactor/experiments_refactored/20260422_050408_full_mlp_capacity_search_v2/full_mlp_capacity_search_hd256_depth5,full_mlp_capacity_search_v2,full_mlp_capacity_search_hd256_depth5,supervised_nmse_plateau,full_mlp,12,6,jit,fp32,float32,1,4,ok,,54.680534,20,50,0.03755058,0.0027048031875905503,0.035023,0.0363705,0.0405887,0.04379615,0.04632192,0.046857,26630.747114958012,26.630747114958012,36.3705,36.3705,6657.686778739503,174992,174080,349144,sub-physical,0.03125,0.015625,Intel(R) Xeon(R) 6760P,AVX512,"avx2,avx512f,avx512bw,avx512vl,avx512_vnni,avx512_bf16,amx_bf16,amx_int8,amx_tile,fma",True,True,,256,128,sh14l07002s1404,3.11.9,2.1.2+cu121
20260424_010536,2026-04-24T06:14:14.586808,cpu,full_mlp_capacity_search_hd256_depth5,/home/liangyi/SRS_AI/Model_AIIC_refactor/experiments_refactored/20260422_050408_full_mlp_capacity_search_v2/full_mlp_capacity_search_hd256_depth5,full_mlp_capacity_search_v2,full_mlp_capacity_search_hd256_depth5,supervised_nmse_plateau,full_mlp,12,6,jit,fp32,float32,1,8,ok,,54.560772,20,50,0.0384153,0.0025727074551919033,0.035294,0.0375395,0.041854499999999996,0.04262875,0.04448935,0.044972,26031.294822635773,26.031294822635772,37.539500000000004,37.539500000000004,3253.9118528294716,174992,174080,349144,sub-physical,0.0625,0.03125,Intel(R) Xeon(R) 6760P,AVX512,"avx2,avx512f,avx512bw,avx512vl,avx512_vnni,avx512_bf16,amx_bf16,amx_int8,amx_tile,fma",True,True,,256,128,sh14l07002s1404,3.11.9,2.1.2+cu121
20260424_010536,2026-04-24T06:14:14.586808,cpu,full_mlp_capacity_search_hd256_depth5,/home/liangyi/SRS_AI/Model_AIIC_refactor/experiments_refactored/20260422_050408_full_mlp_capacity_search_v2/full_mlp_capacity_search_hd256_depth5,full_mlp_capacity_search_v2,full_mlp_capacity_search_hd256_depth5,supervised_nmse_plateau,full_mlp,12,6,jit,fp32,float32,1,128,ok,,61.7334,20,50,0.03435324,0.004900474224235855,0.032422,0.032984,0.0349669,0.04013999999999998,0.05702719999999999,0.058262,29109.335829749976,29.109335829749977,32.984,32.984,227.4166861699217,174992,174080,349144,all-physical,1.0,0.5,Intel(R) Xeon(R) 6760P,AVX512,"avx2,avx512f,avx512bw,avx512vl,avx512_vnni,avx512_bf16,amx_bf16,amx_int8,amx_tile,fma",True,True,,256,128,sh14l07002s1404,3.11.9,2.1.2+cu121
20260424_010536,2026-04-24T06:14:14.586808,cpu,full_mlp_capacity_search_hd256_depth5,/home/liangyi/SRS_AI/Model_AIIC_refactor/experiments_refactored/20260422_050408_full_mlp_capacity_search_v2/full_mlp_capacity_search_hd256_depth5,full_mlp_capacity_search_v2,full_mlp_capacity_search_hd256_depth5,supervised_nmse_plateau,full_mlp,12,6,jit,fp32,float32,2,1,ok,,53.2063,20,50,0.0327282,0.0019144255535277419,0.031271,0.032090999999999995,0.0346178,0.03638135,0.04005869999999999,0.042298,61109.37967868689,61.10937967868689,32.090999999999994,16.045499999999997,61109.37967868689,174992,174080,349144,single-thread,0.0078125,0.00390625,Intel(R) Xeon(R) 6760P,AVX512,"avx2,avx512f,avx512bw,avx512vl,avx512_vnni,avx512_bf16,amx_bf16,amx_int8,amx_tile,fma",True,True,,256,128,sh14l07002s1404,3.11.9,2.1.2+cu121
20260424_010536,2026-04-24T06:14:14.586808,cpu,full_mlp_capacity_search_hd256_depth5,/home/liangyi/SRS_AI/Model_AIIC_refactor/experiments_refactored/20260422_050408_full_mlp_capacity_search_v2/full_mlp_capacity_search_hd256_depth5,full_mlp_capacity_search_v2,full_mlp_capacity_search_hd256_depth5,supervised_nmse_plateau,full_mlp,12,6,jit,fp32,float32,2,2,ok,,53.496437,20,50,0.03566686,0.0024075080395296704,0.03354,0.035006,0.036987200000000005,0.040885899999999996,0.04478084999999999,0.04715,56074.46240011036,56.074462400110356,35.006,17.503,28037.23120005518,174992,174080,349144,sub-physical,0.015625,0.0078125,Intel(R) Xeon(R) 6760P,AVX512,"avx2,avx512f,avx512bw,avx512vl,avx512_vnni,avx512_bf16,amx_bf16,amx_int8,amx_tile,fma",True,True,,256,128,sh14l07002s1404,3.11.9,2.1.2+cu121
20260424_010536,2026-04-24T06:14:14.586808,cpu,full_mlp_capacity_search_hd256_depth5,/home/liangyi/SRS_AI/Model_AIIC_refactor/experiments_refactored/20260422_050408_full_mlp_capacity_search_v2/full_mlp_capacity_search_hd256_depth5,full_mlp_capacity_search_v2,full_mlp_capacity_search_hd256_depth5,supervised_nmse_plateau,full_mlp,12,6,jit,fp32,float32,2,4,ok,,53.418248,20,50,0.03887254,0.002428112346741806,0.035361,0.038794,0.0423911,0.04420685,0.04520378,0.04583,51450.20109311097,51.45020109311097,38.794000000000004,19.397000000000002,12862.550273277742,174992,174080,349144,sub-physical,0.03125,0.015625,Intel(R) Xeon(R) 6760P,AVX512,"avx2,avx512f,avx512bw,avx512vl,avx512_vnni,avx512_bf16,amx_bf16,amx_int8,amx_tile,fma",True,True,,256,128,sh14l07002s1404,3.11.9,2.1.2+cu121
20260424_010536,2026-04-24T06:14:14.586808,cpu,full_mlp_capacity_search_hd256_depth5,/home/liangyi/SRS_AI/Model_AIIC_refactor/experiments_refactored/20260422_050408_full_mlp_capacity_search_v2/full_mlp_capacity_search_hd256_depth5,full_mlp_capacity_search_v2,full_mlp_capacity_search_hd256_depth5,supervised_nmse_plateau,full_mlp,12,6,jit,fp32,float32,2,8,ok,,54.479838,20,50,0.03328252,0.0024868094598501107,0.031712,0.0325125,0.03413170000000001,0.039779199999999994,0.04211751,0.043539,60091.60364058972,60.09160364058972,32.5125,16.25625,7511.450455073715,174992,174080,349144,sub-physical,0.0625,0.03125,Intel(R) Xeon(R) 6760P,AVX512,"avx2,avx512f,avx512bw,avx512vl,avx512_vnni,avx512_bf16,amx_bf16,amx_int8,amx_tile,fma",True,True,,256,128,sh14l07002s1404,3.11.9,2.1.2+cu121
20260424_010536,2026-04-24T06:14:14.586808,cpu,full_mlp_capacity_search_hd256_depth5,/home/liangyi/SRS_AI/Model_AIIC_refactor/experiments_refactored/20260422_050408_full_mlp_capacity_search_v2/full_mlp_capacity_search_hd256_depth5,full_mlp_capacity_search_v2,full_mlp_capacity_search_hd256_depth5,supervised_nmse_plateau,full_mlp,12,6,jit,fp32,float32,2,128,ok,,60.468234,20,50,0.03822524,0.0069129413379834205,0.03482,0.0366315,0.038972400000000004,0.045594499999999975,0.06979273999999998,0.07713,52321.450434320366,52.32145043432037,36.631499999999996,18.315749999999998,408.76133151812786,174992,174080,349144,all-physical,1.0,0.5,Intel(R) Xeon(R) 6760P,AVX512,"avx2,avx512f,avx512bw,avx512vl,avx512_vnni,avx512_bf16,amx_bf16,amx_int8,amx_tile,fma",True,True,,256,128,sh14l07002s1404,3.11.9,2.1.2+cu121
20260424_010536,2026-04-24T06:14:14.586808,cpu,full_mlp_capacity_search_hd256_depth5,/home/liangyi/SRS_AI/Model_AIIC_refactor/experiments_refactored/20260422_050408_full_mlp_capacity_search_v2/full_mlp_capacity_search_hd256_depth5,full_mlp_capacity_search_v2,full_mlp_capacity_search_hd256_depth5,supervised_nmse_plateau,full_mlp,12,6,jit,fp32,float32,4,1,ok,,54.270787,20,50,0.03583456,0.0021475397845907305,0.034104,0.035067,0.0384579,0.0404691,0.04291208,0.044337,111624.0857987373,111.6240857987373,35.067,8.76675,111624.0857987373,174992,174080,349144,single-thread,0.0078125,0.00390625,Intel(R) Xeon(R) 6760P,AVX512,"avx2,avx512f,avx512bw,avx512vl,avx512_vnni,avx512_bf16,amx_bf16,amx_int8,amx_tile,fma",True,True,,256,128,sh14l07002s1404,3.11.9,2.1.2+cu121
20260424_010536,2026-04-24T06:14:14.586808,cpu,full_mlp_capacity_search_hd256_depth5,/home/liangyi/SRS_AI/Model_AIIC_refactor/experiments_refactored/20260422_050408_full_mlp_capacity_search_v2/full_mlp_capacity_search_hd256_depth5,full_mlp_capacity_search_v2,full_mlp_capacity_search_hd256_depth5,supervised_nmse_plateau,full_mlp,12,6,jit,fp32,float32,4,2,ok,,54.998653,20,50,0.04301352,0.00297594519600076,0.039384,0.042166999999999996,0.0450892,0.04683175,0.054186219999999986,0.057235,92994.01676496134,92.99401676496134,42.166999999999994,10.541749999999999,46497.00838248067,174992,174080,349144,sub-physical,0.015625,0.0078125,Intel(R) Xeon(R) 6760P,AVX512,"avx2,avx512f,avx512bw,avx512vl,avx512_vnni,avx512_bf16,amx_bf16,amx_int8,amx_tile,fma",True,True,,256,128,sh14l07002s1404,3.11.9,2.1.2+cu121
20260424_010536,2026-04-24T06:14:14.586808,cpu,full_mlp_capacity_search_hd256_depth5,/home/liangyi/SRS_AI/Model_AIIC_refactor/experiments_refactored/20260422_050408_full_mlp_capacity_search_v2/full_mlp_capacity_search_hd256_depth5,full_mlp_capacity_search_v2,full_mlp_capacity_search_hd256_depth5,supervised_nmse_plateau,full_mlp,12,6,jit,fp32,float32,4,4,ok,,54.802389,20,50,0.046112,0.0026465177044561784,0.043189,0.044685,0.0500119,0.0507053,0.05228397,0.052601,86745.31575294933,86.74531575294934,44.685,11.17125,21686.328938237333,174992,174080,349144,sub-physical,0.03125,0.015625,Intel(R) Xeon(R) 6760P,AVX512,"avx2,avx512f,avx512bw,avx512vl,avx512_vnni,avx512_bf16,amx_bf16,amx_int8,amx_tile,fma",True,True,,256,128,sh14l07002s1404,3.11.9,2.1.2+cu121
20260424_010536,2026-04-24T06:14:14.586808,cpu,full_mlp_capacity_search_hd256_depth5,/home/liangyi/SRS_AI/Model_AIIC_refactor/experiments_refactored/20260422_050408_full_mlp_capacity_search_v2/full_mlp_capacity_search_hd256_depth5,full_mlp_capacity_search_v2,full_mlp_capacity_search_hd256_depth5,supervised_nmse_plateau,full_mlp,12,6,jit,fp32,float32,4,8,ok,,60.956813,20,50,0.066719,0.002946957990878052,0.061046,0.0660905,0.0705237,0.071173,0.07259575,0.073245,59952.93694449857,59.952936944498575,66.09049999999999,16.522624999999998,7494.117118062321,174992,174080,349144,sub-physical,0.0625,0.03125,Intel(R) Xeon(R) 6760P,AVX512,"avx2,avx512f,avx512bw,avx512vl,avx512_vnni,avx512_bf16,amx_bf16,amx_int8,amx_tile,fma",True,True,,256,128,sh14l07002s1404,3.11.9,2.1.2+cu121
20260424_010536,2026-04-24T06:14:14.586808,cpu,full_mlp_capacity_search_hd256_depth5,/home/liangyi/SRS_AI/Model_AIIC_refactor/experiments_refactored/20260422_050408_full_mlp_capacity_search_v2/full_mlp_capacity_search_hd256_depth5,full_mlp_capacity_search_v2,full_mlp_capacity_search_hd256_depth5,supervised_nmse_plateau,full_mlp,12,6,jit,fp32,float32,4,128,ok,,66.879408,20,50,0.17609928,0.0140863078711776,0.155682,0.174034,0.1929668,0.20606494999999994,0.22299834,0.227327,22714.45970704707,22.71445970704707,174.034,43.5085,177.45671646130523,174992,174080,349144,all-physical,1.0,0.5,Intel(R) Xeon(R) 6760P,AVX512,"avx2,avx512f,avx512bw,avx512vl,avx512_vnni,avx512_bf16,amx_bf16,amx_int8,amx_tile,fma",True,True,,256,128,sh14l07002s1404,3.11.9,2.1.2+cu121
20260424_010536,2026-04-24T06:14:14.586808,cpu,full_mlp_capacity_search_hd256_depth5,/home/liangyi/SRS_AI/Model_AIIC_refactor/experiments_refactored/20260422_050408_full_mlp_capacity_search_v2/full_mlp_capacity_search_hd256_depth5,full_mlp_capacity_search_v2,full_mlp_capacity_search_hd256_depth5,supervised_nmse_plateau,full_mlp,12,6,jit,fp32,float32,8,1,ok,,55.433903,20,50,0.04276528,0.0029900194851539006,0.040319,0.042024,0.045242000000000004,0.047854799999999996,0.054319149999999976,0.059888,187067.63991724126,187.06763991724125,42.024,5.253,187067.63991724126,174992,174080,349144,single-thread,0.0078125,0.00390625,Intel(R) Xeon(R) 6760P,AVX512,"avx2,avx512f,avx512bw,avx512vl,avx512_vnni,avx512_bf16,amx_bf16,amx_int8,amx_tile,fma",True,True,,256,128,sh14l07002s1404,3.11.9,2.1.2+cu121
20260424_010536,2026-04-24T06:14:14.586808,cpu,full_mlp_capacity_search_hd256_depth5,/home/liangyi/SRS_AI/Model_AIIC_refactor/experiments_refactored/20260422_050408_full_mlp_capacity_search_v2/full_mlp_capacity_search_hd256_depth5,full_mlp_capacity_search_v2,full_mlp_capacity_search_hd256_depth5,supervised_nmse_plateau,full_mlp,12,6,jit,fp32,float32,8,2,ok,,55.301406,20,50,0.05508136,0.003327994427639565,0.050754,0.0539355,0.059942300000000004,0.061774449999999995,0.06475808999999999,0.065424,145239.6963328429,145.2396963328429,53.9355,6.7419375,72619.84816642145,174992,174080,349144,sub-physical,0.015625,0.0078125,Intel(R) Xeon(R) 6760P,AVX512,"avx2,avx512f,avx512bw,avx512vl,avx512_vnni,avx512_bf16,amx_bf16,amx_int8,amx_tile,fma",True,True,,256,128,sh14l07002s1404,3.11.9,2.1.2+cu121
20260424_010536,2026-04-24T06:14:14.586808,cpu,full_mlp_capacity_search_hd256_depth5,/home/liangyi/SRS_AI/Model_AIIC_refactor/experiments_refactored/20260422_050408_full_mlp_capacity_search_v2/full_mlp_capacity_search_hd256_depth5,full_mlp_capacity_search_v2,full_mlp_capacity_search_hd256_depth5,supervised_nmse_plateau,full_mlp,12,6,jit,fp32,float32,8,4,ok,,54.970381,20,50,0.05281392,0.002471999319093757,0.049351,0.052096500000000004,0.0563812,0.05804644999999999,0.05965335,0.059744,151475.21713972377,151.47521713972378,52.096500000000006,6.512062500000001,37868.80428493094,174992,174080,349144,sub-physical,0.03125,0.015625,Intel(R) Xeon(R) 6760P,AVX512,"avx2,avx512f,avx512bw,avx512vl,avx512_vnni,avx512_bf16,amx_bf16,amx_int8,amx_tile,fma",True,True,,256,128,sh14l07002s1404,3.11.9,2.1.2+cu121
20260424_010536,2026-04-24T06:14:14.586808,cpu,full_mlp_capacity_search_hd256_depth5,/home/liangyi/SRS_AI/Model_AIIC_refactor/experiments_refactored/20260422_050408_full_mlp_capacity_search_v2/full_mlp_capacity_search_hd256_depth5,full_mlp_capacity_search_v2,full_mlp_capacity_search_hd256_depth5,supervised_nmse_plateau,full_mlp,12,6,jit,fp32,float32,8,8,ok,,52.817697,20,50,0.0518238,0.0027984550023182437,0.047929,0.050417000000000003,0.0558919,0.057520299999999996,0.05850293,0.058818,154369.2280380829,154.3692280380829,50.417,6.302125,19296.15350476036,174992,174080,349144,sub-physical,0.0625,0.03125,Intel(R) Xeon(R) 6760P,AVX512,"avx2,avx512f,avx512bw,avx512vl,avx512_vnni,avx512_bf16,amx_bf16,amx_int8,amx_tile,fma",True,True,,256,128,sh14l07002s1404,3.11.9,2.1.2+cu121
20260424_010536,2026-04-24T06:14:14.586808,cpu,full_mlp_capacity_search_hd256_depth5,/home/liangyi/SRS_AI/Model_AIIC_refactor/experiments_refactored/20260422_050408_full_mlp_capacity_search_v2/full_mlp_capacity_search_hd256_depth5,full_mlp_capacity_search_v2,full_mlp_capacity_search_hd256_depth5,supervised_nmse_plateau,full_mlp,12,6,jit,fp32,float32,8,128,ok,,70.531644,20,50,0.27387136,0.014135971012647136,0.249581,0.27041499999999996,0.2918362,0.29583349999999997,0.308735,0.313292,29210.794440134232,29.210794440134233,270.41499999999996,33.801874999999995,228.2093315635487,174992,174080,349144,all-physical,1.0,0.5,Intel(R) Xeon(R) 6760P,AVX512,"avx2,avx512f,avx512bw,avx512vl,avx512_vnni,avx512_bf16,amx_bf16,amx_int8,amx_tile,fma",True,True,,256,128,sh14l07002s1404,3.11.9,2.1.2+cu121
20260424_010536,2026-04-24T06:14:14.586808,cpu,full_mlp_capacity_search_hd256_depth5,/home/liangyi/SRS_AI/Model_AIIC_refactor/experiments_refactored/20260422_050408_full_mlp_capacity_search_v2/full_mlp_capacity_search_hd256_depth5,full_mlp_capacity_search_v2,full_mlp_capacity_search_hd256_depth5,supervised_nmse_plateau,full_mlp,12,6,jit,fp32,float32,16,1,ok,,54.849276,20,50,0.05566586,0.0016348532167751331,0.053894,0.055534,0.0574193,0.059924649999999996,0.06068744,0.060905,287429.31484396366,287.42931484396365,55.534,3.470875,287429.31484396366,174992,174080,349144,single-thread,0.0078125,0.00390625,Intel(R) Xeon(R) 6760P,AVX512,"avx2,avx512f,avx512bw,avx512vl,avx512_vnni,avx512_bf16,amx_bf16,amx_int8,amx_tile,fma",True,True,,256,128,sh14l07002s1404,3.11.9,2.1.2+cu121
20260424_010536,2026-04-24T06:14:14.586808,cpu,full_mlp_capacity_search_hd256_depth5,/home/liangyi/SRS_AI/Model_AIIC_refactor/experiments_refactored/20260422_050408_full_mlp_capacity_search_v2/full_mlp_capacity_search_hd256_depth5,full_mlp_capacity_search_v2,full_mlp_capacity_search_hd256_depth5,supervised_nmse_plateau,full_mlp,12,6,jit,fp32,float32,16,2,ok,,53.672921,20,50,0.0726747,0.002513648744355504,0.068996,0.072494,0.0774415,0.07821995,0.07879607,0.078971,220159.1475437807,220.1591475437807,72.494,4.530875,110079.57377189035,174992,174080,349144,sub-physical,0.015625,0.0078125,Intel(R) Xeon(R) 6760P,AVX512,"avx2,avx512f,avx512bw,avx512vl,avx512_vnni,avx512_bf16,amx_bf16,amx_int8,amx_tile,fma",True,True,,256,128,sh14l07002s1404,3.11.9,2.1.2+cu121
20260424_010536,2026-04-24T06:14:14.586808,cpu,full_mlp_capacity_search_hd256_depth5,/home/liangyi/SRS_AI/Model_AIIC_refactor/experiments_refactored/20260422_050408_full_mlp_capacity_search_v2/full_mlp_capacity_search_hd256_depth5,full_mlp_capacity_search_v2,full_mlp_capacity_search_hd256_depth5,supervised_nmse_plateau,full_mlp,12,6,jit,fp32,float32,16,4,ok,,55.281678,20,50,0.0715519,0.002810709648825364,0.067495,0.07078000000000001,0.07525620000000001,0.07597605,0.07944116,0.082291,223613.9082260569,223.6139082260569,70.78000000000002,4.423750000000001,55903.477056514224,174992,174080,349144,sub-physical,0.03125,0.015625,Intel(R) Xeon(R) 6760P,AVX512,"avx2,avx512f,avx512bw,avx512vl,avx512_vnni,avx512_bf16,amx_bf16,amx_int8,amx_tile,fma",True,True,,256,128,sh14l07002s1404,3.11.9,2.1.2+cu121
20260424_010536,2026-04-24T06:14:14.586808,cpu,full_mlp_capacity_search_hd256_depth5,/home/liangyi/SRS_AI/Model_AIIC_refactor/experiments_refactored/20260422_050408_full_mlp_capacity_search_v2/full_mlp_capacity_search_hd256_depth5,full_mlp_capacity_search_v2,full_mlp_capacity_search_hd256_depth5,supervised_nmse_plateau,full_mlp,12,6,jit,fp32,float32,16,8,ok,,52.771025,20,50,0.0657527,0.0036493360615322892,0.060246,0.0653475,0.0713025,0.07281655,0.07496891,0.075822,243336.01509899975,243.33601509899975,65.3475,4.08421875,30417.00188737497,174992,174080,349144,sub-physical,0.0625,0.03125,Intel(R) Xeon(R) 6760P,AVX512,"avx2,avx512f,avx512bw,avx512vl,avx512_vnni,avx512_bf16,amx_bf16,amx_int8,amx_tile,fma",True,True,,256,128,sh14l07002s1404,3.11.9,2.1.2+cu121
20260424_010536,2026-04-24T06:14:14.586808,cpu,full_mlp_capacity_search_hd256_depth5,/home/liangyi/SRS_AI/Model_AIIC_refactor/experiments_refactored/20260422_050408_full_mlp_capacity_search_v2/full_mlp_capacity_search_hd256_depth5,full_mlp_capacity_search_v2,full_mlp_capacity_search_hd256_depth5,supervised_nmse_plateau,full_mlp,12,6,jit,fp32,float32,16,128,ok,,65.776193,20,50,0.2641606,0.010700684839766095,0.242584,0.2630925,0.27671629999999997,0.2787479,0.29791654999999995,0.308944,60569.21433400741,60.56921433400741,263.09250000000003,16.443281250000002,473.1969869844329,174992,174080,349144,all-physical,1.0,0.5,Intel(R) Xeon(R) 6760P,AVX512,"avx2,avx512f,avx512bw,avx512vl,avx512_vnni,avx512_bf16,amx_bf16,amx_int8,amx_tile,fma",True,True,,256,128,sh14l07002s1404,3.11.9,2.1.2+cu121
20260424_010536,2026-04-24T06:14:14.586808,cpu,full_mlp_capacity_search_hd256_depth5,/home/liangyi/SRS_AI/Model_AIIC_refactor/experiments_refactored/20260422_050408_full_mlp_capacity_search_v2/full_mlp_capacity_search_hd256_depth5,full_mlp_capacity_search_v2,full_mlp_capacity_search_hd256_depth5,supervised_nmse_plateau,full_mlp,12,6,jit,fp32,float32,32,1,ok,,54.722735,20,50,0.08698764,0.0023500259297292874,0.084952,0.0863255,0.0893654,0.0913046,0.09600436999999999,0.097517,367868.3546306119,367.8683546306119,86.3255,2.697671875,367868.3546306119,174992,174080,349144,single-thread,0.0078125,0.00390625,Intel(R) Xeon(R) 6760P,AVX512,"avx2,avx512f,avx512bw,avx512vl,avx512_vnni,avx512_bf16,amx_bf16,amx_int8,amx_tile,fma",True,True,,256,128,sh14l07002s1404,3.11.9,2.1.2+cu121
20260424_010536,2026-04-24T06:14:14.586808,cpu,full_mlp_capacity_search_hd256_depth5,/home/liangyi/SRS_AI/Model_AIIC_refactor/experiments_refactored/20260422_050408_full_mlp_capacity_search_v2/full_mlp_capacity_search_hd256_depth5,full_mlp_capacity_search_v2,full_mlp_capacity_search_hd256_depth5,supervised_nmse_plateau,full_mlp,12,6,jit,fp32,float32,32,2,ok,,53.584499,20,50,0.12042636,0.0025775282327066755,0.116084,0.120374,0.1230475,0.12560025,0.12735164,0.127726,265722.5544307741,265.7225544307741,120.374,3.7616875,132861.27721538706,174992,174080,349144,sub-physical,0.015625,0.0078125,Intel(R) Xeon(R) 6760P,AVX512,"avx2,avx512f,avx512bw,avx512vl,avx512_vnni,avx512_bf16,amx_bf16,amx_int8,amx_tile,fma",True,True,,256,128,sh14l07002s1404,3.11.9,2.1.2+cu121
20260424_010536,2026-04-24T06:14:14.586808,cpu,full_mlp_capacity_search_hd256_depth5,/home/liangyi/SRS_AI/Model_AIIC_refactor/experiments_refactored/20260422_050408_full_mlp_capacity_search_v2/full_mlp_capacity_search_hd256_depth5,full_mlp_capacity_search_v2,full_mlp_capacity_search_hd256_depth5,supervised_nmse_plateau,full_mlp,12,6,jit,fp32,float32,32,4,ok,,53.595008,20,50,0.10952344,0.003699057891734056,0.104515,0.1078035,0.11471869999999999,0.11668719999999999,0.11852726,0.11952,292174.89881618036,292.17489881618036,107.8035,3.368859375,73043.72470404509,174992,174080,349144,sub-physical,0.03125,0.015625,Intel(R) Xeon(R) 6760P,AVX512,"avx2,avx512f,avx512bw,avx512vl,avx512_vnni,avx512_bf16,amx_bf16,amx_int8,amx_tile,fma",True,True,,256,128,sh14l07002s1404,3.11.9,2.1.2+cu121
20260424_010536,2026-04-24T06:14:14.586808,cpu,full_mlp_capacity_search_hd256_depth5,/home/liangyi/SRS_AI/Model_AIIC_refactor/experiments_refactored/20260422_050408_full_mlp_capacity_search_v2/full_mlp_capacity_search_hd256_depth5,full_mlp_capacity_search_v2,full_mlp_capacity_search_hd256_depth5,supervised_nmse_plateau,full_mlp,12,6,jit,fp32,float32,32,8,ok,,53.754574,20,50,0.10273386,0.0043018760047681525,0.094504,0.10166649999999999,0.10825030000000001,0.1108596,0.11347952,0.11473,311484.4511828914,311.4844511828914,101.6665,3.177078125,38935.55639786142,174992,174080,349144,sub-physical,0.0625,0.03125,Intel(R) Xeon(R) 6760P,AVX512,"avx2,avx512f,avx512bw,avx512vl,avx512_vnni,avx512_bf16,amx_bf16,amx_int8,amx_tile,fma",True,True,,256,128,sh14l07002s1404,3.11.9,2.1.2+cu121
20260424_010536,2026-04-24T06:14:14.586808,cpu,full_mlp_capacity_search_hd256_depth5,/home/liangyi/SRS_AI/Model_AIIC_refactor/experiments_refactored/20260422_050408_full_mlp_capacity_search_v2/full_mlp_capacity_search_hd256_depth5,full_mlp_capacity_search_v2,full_mlp_capacity_search_hd256_depth5,supervised_nmse_plateau,full_mlp,12,6,jit,fp32,float32,32,128,ok,,86.979505,20,50,11.29382772,1.9167461966616033,8.290092,11.1975665,12.9300618,14.207850399999998,18.11909754999999,20.48041,2833.406068637994,2.833406068637994,11197.5665,349.923953125,22.135984911234328,174992,174080,349144,all-physical,1.0,0.5,Intel(R) Xeon(R) 6760P,AVX512,"avx2,avx512f,avx512bw,avx512vl,avx512_vnni,avx512_bf16,amx_bf16,amx_int8,amx_tile,fma",True,True,,256,128,sh14l07002s1404,3.11.9,2.1.2+cu121
20260424_010536,2026-04-24T06:14:14.586808,cpu,full_mlp_capacity_search_hd256_depth5,/home/liangyi/SRS_AI/Model_AIIC_refactor/experiments_refactored/20260422_050408_full_mlp_capacity_search_v2/full_mlp_capacity_search_hd256_depth5,full_mlp_capacity_search_v2,full_mlp_capacity_search_hd256_depth5,supervised_nmse_plateau,full_mlp,12,6,jit,fp32,float32,64,1,ok,,55.79058,20,50,0.14761878,0.002979612319010645,0.144334,0.146995,0.15330539999999998,0.15359335,0.15507405,0.156326,433549.1730794686,433.5491730794686,146.99499999999998,2.2967968749999996,433549.1730794686,174992,174080,349144,single-thread,0.0078125,0.00390625,Intel(R) Xeon(R) 6760P,AVX512,"avx2,avx512f,avx512bw,avx512vl,avx512_vnni,avx512_bf16,amx_bf16,amx_int8,amx_tile,fma",True,True,,256,128,sh14l07002s1404,3.11.9,2.1.2+cu121
20260424_010536,2026-04-24T06:14:14.586808,cpu,full_mlp_capacity_search_hd256_depth5,/home/liangyi/SRS_AI/Model_AIIC_refactor/experiments_refactored/20260422_050408_full_mlp_capacity_search_v2/full_mlp_capacity_search_hd256_depth5,full_mlp_capacity_search_v2,full_mlp_capacity_search_hd256_depth5,supervised_nmse_plateau,full_mlp,12,6,jit,fp32,float32,64,2,ok,,55.060944,20,50,0.1776019,0.006087436847311027,0.169131,0.17708000000000002,0.1862708,0.18857885000000002,0.19077476000000002,0.191253,360356.5051950458,360.35650519504577,177.08,2.766875,180178.2525975229,174992,174080,349144,sub-physical,0.015625,0.0078125,Intel(R) Xeon(R) 6760P,AVX512,"avx2,avx512f,avx512bw,avx512vl,avx512_vnni,avx512_bf16,amx_bf16,amx_int8,amx_tile,fma",True,True,,256,128,sh14l07002s1404,3.11.9,2.1.2+cu121
20260424_010536,2026-04-24T06:14:14.586808,cpu,full_mlp_capacity_search_hd256_depth5,/home/liangyi/SRS_AI/Model_AIIC_refactor/experiments_refactored/20260422_050408_full_mlp_capacity_search_v2/full_mlp_capacity_search_hd256_depth5,full_mlp_capacity_search_v2,full_mlp_capacity_search_hd256_depth5,supervised_nmse_plateau,full_mlp,12,6,jit,fp32,float32,64,4,ok,,54.42259,20,50,0.16314682,0.0065196907861953075,0.147101,0.163337,0.1710668,0.1733852,0.1762201,0.178087,392284.6917886601,392.2846917886601,163.33700000000002,2.5521406250000003,98071.17294716502,174992,174080,349144,sub-physical,0.03125,0.015625,Intel(R) Xeon(R) 6760P,AVX512,"avx2,avx512f,avx512bw,avx512vl,avx512_vnni,avx512_bf16,amx_bf16,amx_int8,amx_tile,fma",True,True,,256,128,sh14l07002s1404,3.11.9,2.1.2+cu121
20260424_010536,2026-04-24T06:14:14.586808,cpu,full_mlp_capacity_search_hd256_depth5,/home/liangyi/SRS_AI/Model_AIIC_refactor/experiments_refactored/20260422_050408_full_mlp_capacity_search_v2/full_mlp_capacity_search_hd256_depth5,full_mlp_capacity_search_v2,full_mlp_capacity_search_hd256_depth5,supervised_nmse_plateau,full_mlp,12,6,jit,fp32,float32,64,8,ok,,53.914671,20,50,0.13922824,0.00681921914755641,0.130245,0.1372185,0.1474798,0.15328714999999998,0.15952709999999998,0.160022,459676.8586602833,459.6768586602833,137.2185,2.1440390625,57459.607332535415,174992,174080,349144,sub-physical,0.0625,0.03125,Intel(R) Xeon(R) 6760P,AVX512,"avx2,avx512f,avx512bw,avx512vl,avx512_vnni,avx512_bf16,amx_bf16,amx_int8,amx_tile,fma",True,True,,256,128,sh14l07002s1404,3.11.9,2.1.2+cu121
20260424_010536,2026-04-24T06:14:14.586808,cpu,full_mlp_capacity_search_hd256_depth5,/home/liangyi/SRS_AI/Model_AIIC_refactor/experiments_refactored/20260422_050408_full_mlp_capacity_search_v2/full_mlp_capacity_search_hd256_depth5,full_mlp_capacity_search_v2,full_mlp_capacity_search_hd256_depth5,supervised_nmse_plateau,full_mlp,12,6,jit,fp32,float32,64,128,ok,,78.79901,20,50,35.84218896,9.803093987591947,22.523123,34.118882,48.3359686,53.717337999999984,61.16498072999999,65.136981,1785.6052282806781,1.7856052282806782,34118.882,533.10753125,13.950040845942798,174992,174080,349144,all-physical,1.0,0.5,Intel(R) Xeon(R) 6760P,AVX512,"avx2,avx512f,avx512bw,avx512vl,avx512_vnni,avx512_bf16,amx_bf16,amx_int8,amx_tile,fma",True,True,,256,128,sh14l07002s1404,3.11.9,2.1.2+cu121
20260424_010536,2026-04-24T06:14:14.586808,cpu,full_mlp_capacity_search_hd256_depth5,/home/liangyi/SRS_AI/Model_AIIC_refactor/experiments_refactored/20260422_050408_full_mlp_capacity_search_v2/full_mlp_capacity_search_hd256_depth5,full_mlp_capacity_search_v2,full_mlp_capacity_search_hd256_depth5,supervised_nmse_plateau,full_mlp,12,6,jit,fp32,float32,128,1,ok,,56.905005,20,50,0.270935,0.005848678654191906,0.263769,0.2689705,0.2792523,0.2823064,0.28390841,0.284541,472438.03864395525,472.4380386439553,268.9705,2.10133203125,472438.03864395525,174992,174080,349144,single-thread,0.0078125,0.00390625,Intel(R) Xeon(R) 6760P,AVX512,"avx2,avx512f,avx512bw,avx512vl,avx512_vnni,avx512_bf16,amx_bf16,amx_int8,amx_tile,fma",True,True,,256,128,sh14l07002s1404,3.11.9,2.1.2+cu121
20260424_010536,2026-04-24T06:14:14.586808,cpu,full_mlp_capacity_search_hd256_depth5,/home/liangyi/SRS_AI/Model_AIIC_refactor/experiments_refactored/20260422_050408_full_mlp_capacity_search_v2/full_mlp_capacity_search_hd256_depth5,full_mlp_capacity_search_v2,full_mlp_capacity_search_hd256_depth5,supervised_nmse_plateau,full_mlp,12,6,jit,fp32,float32,128,2,ok,,56.128452,20,50,0.29310836,0.005768183096123079,0.284834,0.29147100000000004,0.2996047,0.30253155,0.30947427,0.314216,436698.56431252934,436.69856431252936,291.47100000000006,2.2771171875000005,218349.28215626467,174992,174080,349144,sub-physical,0.015625,0.0078125,Intel(R) Xeon(R) 6760P,AVX512,"avx2,avx512f,avx512bw,avx512vl,avx512_vnni,avx512_bf16,amx_bf16,amx_int8,amx_tile,fma",True,True,,256,128,sh14l07002s1404,3.11.9,2.1.2+cu121
20260424_010536,2026-04-24T06:14:14.586808,cpu,full_mlp_capacity_search_hd256_depth5,/home/liangyi/SRS_AI/Model_AIIC_refactor/experiments_refactored/20260422_050408_full_mlp_capacity_search_v2/full_mlp_capacity_search_hd256_depth5,full_mlp_capacity_search_v2,full_mlp_capacity_search_hd256_depth5,supervised_nmse_plateau,full_mlp,12,6,jit,fp32,float32,128,4,ok,,55.796727,20,50,0.26170386,0.005166034262410578,0.251455,0.26145,0.26808030000000005,0.27046565,0.27408528,0.274687,489102.4534372554,489.1024534372554,261.45,2.042578125,122275.61335931385,174992,174080,349144,sub-physical,0.03125,0.015625,Intel(R) Xeon(R) 6760P,AVX512,"avx2,avx512f,avx512bw,avx512vl,avx512_vnni,avx512_bf16,amx_bf16,amx_int8,amx_tile,fma",True,True,,256,128,sh14l07002s1404,3.11.9,2.1.2+cu121
20260424_010536,2026-04-24T06:14:14.586808,cpu,full_mlp_capacity_search_hd256_depth5,/home/liangyi/SRS_AI/Model_AIIC_refactor/experiments_refactored/20260422_050408_full_mlp_capacity_search_v2/full_mlp_capacity_search_hd256_depth5,full_mlp_capacity_search_v2,full_mlp_capacity_search_hd256_depth5,supervised_nmse_plateau,full_mlp,12,6,jit,fp32,float32,128,8,ok,,55.128895,20,50,0.23427652,0.004891953909185981,0.225731,0.2339965,0.2406407,0.24370445,0.24845305999999998,0.249877,546362.9048271675,546.3629048271675,233.9965,1.82809765625,68295.36310339594,174992,174080,349144,sub-physical,0.0625,0.03125,Intel(R) Xeon(R) 6760P,AVX512,"avx2,avx512f,avx512bw,avx512vl,avx512_vnni,avx512_bf16,amx_bf16,amx_int8,amx_tile,fma",True,True,,256,128,sh14l07002s1404,3.11.9,2.1.2+cu121
20260424_010536,2026-04-24T06:14:14.586808,cpu,full_mlp_capacity_search_hd256_depth5,/home/liangyi/SRS_AI/Model_AIIC_refactor/experiments_refactored/20260422_050408_full_mlp_capacity_search_v2/full_mlp_capacity_search_hd256_depth5,full_mlp_capacity_search_v2,full_mlp_capacity_search_hd256_depth5,supervised_nmse_plateau,full_mlp,12,6,jit,fp32,float32,128,128,ok,,78.495555,20,50,29.18940562,8.356643426875097,16.83762,27.2525615,39.936941600000004,44.457439149999985,56.24801849999997,64.068296,4385.1526703338195,4.385152670333819,27252.5615,212.91063671875,34.259005236982965,174992,174080,349144,all-physical,1.0,0.5,Intel(R) Xeon(R) 6760P,AVX512,"avx2,avx512f,avx512bw,avx512vl,avx512_vnni,avx512_bf16,amx_bf16,amx_int8,amx_tile,fma",True,True,,256,128,sh14l07002s1404,3.11.9,2.1.2+cu121
20260424_010536,2026-04-24T06:14:14.586808,cpu,full_mlp_capacity_search_hd256_depth5,/home/liangyi/SRS_AI/Model_AIIC_refactor/experiments_refactored/20260422_050408_full_mlp_capacity_search_v2/full_mlp_capacity_search_hd256_depth5,full_mlp_capacity_search_v2,full_mlp_capacity_search_hd256_depth5,supervised_nmse_plateau,full_mlp,12,6,jit,bf16,bfloat16,1,1,ok,,55.49882,20,50,0.07095884,0.004249791549523341,0.066711,0.069132,0.0779025,0.0795887,0.08120666,0.081778,14092.676825043927,14.092676825043927,69.132,69.132,14092.676825043927,174992,174080,349144,single-thread,0.0078125,0.00390625,Intel(R) Xeon(R) 6760P,AVX512,"avx2,avx512f,avx512bw,avx512vl,avx512_vnni,avx512_bf16,amx_bf16,amx_int8,amx_tile,fma",True,True,,256,128,sh14l07002s1404,3.11.9,2.1.2+cu121
20260424_010536,2026-04-24T06:14:14.586808,cpu,full_mlp_capacity_search_hd256_depth5,/home/liangyi/SRS_AI/Model_AIIC_refactor/experiments_refactored/20260422_050408_full_mlp_capacity_search_v2/full_mlp_capacity_search_hd256_depth5,full_mlp_capacity_search_v2,full_mlp_capacity_search_hd256_depth5,supervised_nmse_plateau,full_mlp,12,6,jit,bf16,bfloat16,1,2,ok,,53.581497,20,50,0.07578886,0.0028539729922338088,0.073124,0.0748585,0.0783183,0.07964974999999999,0.08736838,0.0892,13194.55128365831,13.19455128365831,74.85849999999999,74.85849999999999,6597.275641829155,174992,174080,349144,sub-physical,0.015625,0.0078125,Intel(R) Xeon(R) 6760P,AVX512,"avx2,avx512f,avx512bw,avx512vl,avx512_vnni,avx512_bf16,amx_bf16,amx_int8,amx_tile,fma",True,True,,256,128,sh14l07002s1404,3.11.9,2.1.2+cu121
20260424_010536,2026-04-24T06:14:14.586808,cpu,full_mlp_capacity_search_hd256_depth5,/home/liangyi/SRS_AI/Model_AIIC_refactor/experiments_refactored/20260422_050408_full_mlp_capacity_search_v2/full_mlp_capacity_search_hd256_depth5,full_mlp_capacity_search_v2,full_mlp_capacity_search_hd256_depth5,supervised_nmse_plateau,full_mlp,12,6,jit,bf16,bfloat16,1,4,ok,,55.270231,20,50,0.07793386,0.00408951491993855,0.071978,0.07676949999999999,0.0842928,0.08653925,0.08889765,0.09013,12831.393183912616,12.831393183912617,76.7695,76.7695,3207.848295978154,174992,174080,349144,sub-physical,0.03125,0.015625,Intel(R) Xeon(R) 6760P,AVX512,"avx2,avx512f,avx512bw,avx512vl,avx512_vnni,avx512_bf16,amx_bf16,amx_int8,amx_tile,fma",True,True,,256,128,sh14l07002s1404,3.11.9,2.1.2+cu121
20260424_010536,2026-04-24T06:14:14.586808,cpu,full_mlp_capacity_search_hd256_depth5,/home/liangyi/SRS_AI/Model_AIIC_refactor/experiments_refactored/20260422_050408_full_mlp_capacity_search_v2/full_mlp_capacity_search_hd256_depth5,full_mlp_capacity_search_v2,full_mlp_capacity_search_hd256_depth5,supervised_nmse_plateau,full_mlp,12,6,jit,bf16,bfloat16,1,8,ok,,54.248343,20,50,0.0818674,0.004523881567857408,0.075931,0.079953,0.08766560000000001,0.08997474999999999,0.09519644999999999,0.097056,12214.87429672861,12.214874296728611,79.953,79.953,1526.8592870910763,174992,174080,349144,sub-physical,0.0625,0.03125,Intel(R) Xeon(R) 6760P,AVX512,"avx2,avx512f,avx512bw,avx512vl,avx512_vnni,avx512_bf16,amx_bf16,amx_int8,amx_tile,fma",True,True,,256,128,sh14l07002s1404,3.11.9,2.1.2+cu121
20260424_010536,2026-04-24T06:14:14.586808,cpu,full_mlp_capacity_search_hd256_depth5,/home/liangyi/SRS_AI/Model_AIIC_refactor/experiments_refactored/20260422_050408_full_mlp_capacity_search_v2/full_mlp_capacity_search_hd256_depth5,full_mlp_capacity_search_v2,full_mlp_capacity_search_hd256_depth5,supervised_nmse_plateau,full_mlp,12,6,jit,bf16,bfloat16,1,128,ok,,92.684701,20,50,0.52447194,0.02000276118280674,0.487528,0.5204495,0.5510349,0.5583085999999999,0.57219171,0.5772,1906.6796976783928,1.9066796976783928,520.4495000000001,520.4495000000001,14.895935138112444,174992,174080,349144,all-physical,1.0,0.5,Intel(R) Xeon(R) 6760P,AVX512,"avx2,avx512f,avx512bw,avx512vl,avx512_vnni,avx512_bf16,amx_bf16,amx_int8,amx_tile,fma",True,True,,256,128,sh14l07002s1404,3.11.9,2.1.2+cu121
20260424_010536,2026-04-24T06:14:14.586808,cpu,full_mlp_capacity_search_hd256_depth5,/home/liangyi/SRS_AI/Model_AIIC_refactor/experiments_refactored/20260422_050408_full_mlp_capacity_search_v2/full_mlp_capacity_search_hd256_depth5,full_mlp_capacity_search_v2,full_mlp_capacity_search_hd256_depth5,supervised_nmse_plateau,full_mlp,12,6,jit,bf16,bfloat16,2,1,ok,,57.403917,20,50,0.07838802,0.005032139260751833,0.073357,0.076208,0.08371330000000002,0.09096074999999999,0.0931925,0.095226,25514.102792748177,25.514102792748176,76.208,38.104,25514.102792748177,174992,174080,349144,single-thread,0.0078125,0.00390625,Intel(R) Xeon(R) 6760P,AVX512,"avx2,avx512f,avx512bw,avx512vl,avx512_vnni,avx512_bf16,amx_bf16,amx_int8,amx_tile,fma",True,True,,256,128,sh14l07002s1404,3.11.9,2.1.2+cu121
20260424_010536,2026-04-24T06:14:14.586808,cpu,full_mlp_capacity_search_hd256_depth5,/home/liangyi/SRS_AI/Model_AIIC_refactor/experiments_refactored/20260422_050408_full_mlp_capacity_search_v2/full_mlp_capacity_search_hd256_depth5,full_mlp_capacity_search_v2,full_mlp_capacity_search_hd256_depth5,supervised_nmse_plateau,full_mlp,12,6,jit,bf16,bfloat16,2,2,ok,,55.453204,20,50,0.08709516,0.006941851837543063,0.080729,0.0848,0.10138169999999999,0.10214285,0.10792939999999998,0.111918,22963.388551097443,22.96338855109744,84.8,42.4,11481.694275548722,174992,174080,349144,sub-physical,0.015625,0.0078125,Intel(R) Xeon(R) 6760P,AVX512,"avx2,avx512f,avx512bw,avx512vl,avx512_vnni,avx512_bf16,amx_bf16,amx_int8,amx_tile,fma",True,True,,256,128,sh14l07002s1404,3.11.9,2.1.2+cu121
20260424_010536,2026-04-24T06:14:14.586808,cpu,full_mlp_capacity_search_hd256_depth5,/home/liangyi/SRS_AI/Model_AIIC_refactor/experiments_refactored/20260422_050408_full_mlp_capacity_search_v2/full_mlp_capacity_search_hd256_depth5,full_mlp_capacity_search_v2,full_mlp_capacity_search_hd256_depth5,supervised_nmse_plateau,full_mlp,12,6,jit,bf16,bfloat16,2,4,ok,,53.846723,20,50,0.08922392,0.007496652132358816,0.078978,0.086672,0.0991464,0.10041399999999999,0.10789575999999998,0.111118,22415.51368736097,22.41551368736097,86.672,43.336,5603.8784218402425,174992,174080,349144,sub-physical,0.03125,0.015625,Intel(R) Xeon(R) 6760P,AVX512,"avx2,avx512f,avx512bw,avx512vl,avx512_vnni,avx512_bf16,amx_bf16,amx_int8,amx_tile,fma",True,True,,256,128,sh14l07002s1404,3.11.9,2.1.2+cu121
20260424_010536,2026-04-24T06:14:14.586808,cpu,full_mlp_capacity_search_hd256_depth5,/home/liangyi/SRS_AI/Model_AIIC_refactor/experiments_refactored/20260422_050408_full_mlp_capacity_search_v2/full_mlp_capacity_search_hd256_depth5,full_mlp_capacity_search_v2,full_mlp_capacity_search_hd256_depth5,supervised_nmse_plateau,full_mlp,12,6,jit,bf16,bfloat16,2,8,ok,,54.626009,20,50,0.08939102,0.007432083827541237,0.080792,0.0865645,0.10102030000000001,0.10497519999999999,0.10663633,0.107363,22373.612025011014,22.373612025011013,86.56450000000001,43.282250000000005,2796.701503126377,174992,174080,349144,sub-physical,0.0625,0.03125,Intel(R) Xeon(R) 6760P,AVX512,"avx2,avx512f,avx512bw,avx512vl,avx512_vnni,avx512_bf16,amx_bf16,amx_int8,amx_tile,fma",True,True,,256,128,sh14l07002s1404,3.11.9,2.1.2+cu121
20260424_010536,2026-04-24T06:14:14.586808,cpu,full_mlp_capacity_search_hd256_depth5,/home/liangyi/SRS_AI/Model_AIIC_refactor/experiments_refactored/20260422_050408_full_mlp_capacity_search_v2/full_mlp_capacity_search_hd256_depth5,full_mlp_capacity_search_v2,full_mlp_capacity_search_hd256_depth5,supervised_nmse_plateau,full_mlp,12,6,jit,bf16,bfloat16,2,128,ok,,136.753108,20,50,0.34434442,0.015997525093701212,0.320533,0.342047,0.3627512,0.3675997,0.38899096,0.391341,5808.138258781716,5.8081382587817165,342.04699999999997,171.02349999999998,45.37608014673216,174992,174080,349144,all-physical,1.0,0.5,Intel(R) Xeon(R) 6760P,AVX512,"avx2,avx512f,avx512bw,avx512vl,avx512_vnni,avx512_bf16,amx_bf16,amx_int8,amx_tile,fma",True,True,,256,128,sh14l07002s1404,3.11.9,2.1.2+cu121
20260424_010536,2026-04-24T06:14:14.586808,cpu,full_mlp_capacity_search_hd256_depth5,/home/liangyi/SRS_AI/Model_AIIC_refactor/experiments_refactored/20260422_050408_full_mlp_capacity_search_v2/full_mlp_capacity_search_hd256_depth5,full_mlp_capacity_search_v2,full_mlp_capacity_search_hd256_depth5,supervised_nmse_plateau,full_mlp,12,6,jit,bf16,bfloat16,4,1,ok,,55.330118,20,50,0.08280582,0.00605455609831142,0.077471,0.08102100000000001,0.0939394,0.0947559,0.09812293999999999,0.100178,48305.783337451394,48.305783337451395,81.02100000000002,20.255250000000004,48305.783337451394,174992,174080,349144,single-thread,0.0078125,0.00390625,Intel(R) Xeon(R) 6760P,AVX512,"avx2,avx512f,avx512bw,avx512vl,avx512_vnni,avx512_bf16,amx_bf16,amx_int8,amx_tile,fma",True,True,,256,128,sh14l07002s1404,3.11.9,2.1.2+cu121
20260424_010536,2026-04-24T06:14:14.586808,cpu,full_mlp_capacity_search_hd256_depth5,/home/liangyi/SRS_AI/Model_AIIC_refactor/experiments_refactored/20260422_050408_full_mlp_capacity_search_v2/full_mlp_capacity_search_hd256_depth5,full_mlp_capacity_search_v2,full_mlp_capacity_search_hd256_depth5,supervised_nmse_plateau,full_mlp,12,6,jit,bf16,bfloat16,4,2,ok,,54.157752,20,50,0.09232966,0.006595978728316216,0.085806,0.0891955,0.1033438,0.1052574,0.11085430999999998,0.113344,43323.023175867864,43.32302317586787,89.1955,22.298875,21661.511587933932,174992,174080,349144,sub-physical,0.015625,0.0078125,Intel(R) Xeon(R) 6760P,AVX512,"avx2,avx512f,avx512bw,avx512vl,avx512_vnni,avx512_bf16,amx_bf16,amx_int8,amx_tile,fma",True,True,,256,128,sh14l07002s1404,3.11.9,2.1.2+cu121
20260424_010536,2026-04-24T06:14:14.586808,cpu,full_mlp_capacity_search_hd256_depth5,/home/liangyi/SRS_AI/Model_AIIC_refactor/experiments_refactored/20260422_050408_full_mlp_capacity_search_v2/full_mlp_capacity_search_hd256_depth5,full_mlp_capacity_search_v2,full_mlp_capacity_search_hd256_depth5,supervised_nmse_plateau,full_mlp,12,6,jit,bf16,bfloat16,4,4,ok,,55.356746,20,50,0.09371302,0.006459766802261518,0.08471,0.091431,0.102865,0.10431005,0.10884355,0.110414,42683.50331682834,42.68350331682834,91.431,22.85775,10670.875829207085,174992,174080,349144,sub-physical,0.03125,0.015625,Intel(R) Xeon(R) 6760P,AVX512,"avx2,avx512f,avx512bw,avx512vl,avx512_vnni,avx512_bf16,amx_bf16,amx_int8,amx_tile,fma",True,True,,256,128,sh14l07002s1404,3.11.9,2.1.2+cu121
20260424_010536,2026-04-24T06:14:14.586808,cpu,full_mlp_capacity_search_hd256_depth5,/home/liangyi/SRS_AI/Model_AIIC_refactor/experiments_refactored/20260422_050408_full_mlp_capacity_search_v2/full_mlp_capacity_search_hd256_depth5,full_mlp_capacity_search_v2,full_mlp_capacity_search_hd256_depth5,supervised_nmse_plateau,full_mlp,12,6,jit,bf16,bfloat16,4,8,ok,,56.662861,20,50,0.09506314,0.0066046522422001895,0.086453,0.0926765,0.10549499999999999,0.107863,0.1113736,0.111942,42077.29725738073,42.07729725738073,92.67649999999999,23.169124999999998,5259.662157172591,174992,174080,349144,sub-physical,0.0625,0.03125,Intel(R) Xeon(R) 6760P,AVX512,"avx2,avx512f,avx512bw,avx512vl,avx512_vnni,avx512_bf16,amx_bf16,amx_int8,amx_tile,fma",True,True,,256,128,sh14l07002s1404,3.11.9,2.1.2+cu121
20260424_010536,2026-04-24T06:14:14.586808,cpu,full_mlp_capacity_search_hd256_depth5,/home/liangyi/SRS_AI/Model_AIIC_refactor/experiments_refactored/20260422_050408_full_mlp_capacity_search_v2/full_mlp_capacity_search_hd256_depth5,full_mlp_capacity_search_v2,full_mlp_capacity_search_hd256_depth5,supervised_nmse_plateau,full_mlp,12,6,jit,bf16,bfloat16,4,128,ok,,87.492971,20,50,0.34797536,0.012460716096212129,0.319797,0.34570500000000004,0.36206099999999997,0.37228715,0.38442305,0.392927,11495.066777141921,11.495066777141922,345.70500000000004,86.42625000000001,89.80520919642126,174992,174080,349144,all-physical,1.0,0.5,Intel(R) Xeon(R) 6760P,AVX512,"avx2,avx512f,avx512bw,avx512vl,avx512_vnni,avx512_bf16,amx_bf16,amx_int8,amx_tile,fma",True,True,,256,128,sh14l07002s1404,3.11.9,2.1.2+cu121
20260424_010536,2026-04-24T06:14:14.586808,cpu,full_mlp_capacity_search_hd256_depth5,/home/liangyi/SRS_AI/Model_AIIC_refactor/experiments_refactored/20260422_050408_full_mlp_capacity_search_v2/full_mlp_capacity_search_hd256_depth5,full_mlp_capacity_search_v2,full_mlp_capacity_search_hd256_depth5,supervised_nmse_plateau,full_mlp,12,6,jit,bf16,bfloat16,8,1,ok,,55.55991,20,50,0.08526794,0.004561002821354094,0.081204,0.08324699999999999,0.08889290000000001,0.0977497,0.09922162999999999,0.100355,93821.89835945373,93.82189835945373,83.24699999999999,10.405874999999998,93821.89835945373,174992,174080,349144,single-thread,0.0078125,0.00390625,Intel(R) Xeon(R) 6760P,AVX512,"avx2,avx512f,avx512bw,avx512vl,avx512_vnni,avx512_bf16,amx_bf16,amx_int8,amx_tile,fma",True,True,,256,128,sh14l07002s1404,3.11.9,2.1.2+cu121
20260424_010536,2026-04-24T06:14:14.586808,cpu,full_mlp_capacity_search_hd256_depth5,/home/liangyi/SRS_AI/Model_AIIC_refactor/experiments_refactored/20260422_050408_full_mlp_capacity_search_v2/full_mlp_capacity_search_hd256_depth5,full_mlp_capacity_search_v2,full_mlp_capacity_search_hd256_depth5,supervised_nmse_plateau,full_mlp,12,6,jit,bf16,bfloat16,8,2,ok,,54.58452,20,50,0.10431472,0.006519581391592562,0.097501,0.1021,0.1145592,0.11825849999999999,0.12142729000000001,0.121711,76690.99816401751,76.69099816401751,102.1,12.7625,38345.499082008755,174992,174080,349144,sub-physical,0.015625,0.0078125,Intel(R) Xeon(R) 6760P,AVX512,"avx2,avx512f,avx512bw,avx512vl,avx512_vnni,avx512_bf16,amx_bf16,amx_int8,amx_tile,fma",True,True,,256,128,sh14l07002s1404,3.11.9,2.1.2+cu121
20260424_010536,2026-04-24T06:14:14.586808,cpu,full_mlp_capacity_search_hd256_depth5,/home/liangyi/SRS_AI/Model_AIIC_refactor/experiments_refactored/20260422_050408_full_mlp_capacity_search_v2/full_mlp_capacity_search_hd256_depth5,full_mlp_capacity_search_v2,full_mlp_capacity_search_hd256_depth5,supervised_nmse_plateau,full_mlp,12,6,jit,bf16,bfloat16,8,4,ok,,56.111324,20,50,0.10584354,0.007043393248172361,0.096569,0.102998,0.1164699,0.11920444999999999,0.12068269,0.120741,75583.26185991135,75.58326185991135,102.998,12.87475,18895.815464977837,174992,174080,349144,sub-physical,0.03125,0.015625,Intel(R) Xeon(R) 6760P,AVX512,"avx2,avx512f,avx512bw,avx512vl,avx512_vnni,avx512_bf16,amx_bf16,amx_int8,amx_tile,fma",True,True,,256,128,sh14l07002s1404,3.11.9,2.1.2+cu121
20260424_010536,2026-04-24T06:14:14.586808,cpu,full_mlp_capacity_search_hd256_depth5,/home/liangyi/SRS_AI/Model_AIIC_refactor/experiments_refactored/20260422_050408_full_mlp_capacity_search_v2/full_mlp_capacity_search_hd256_depth5,full_mlp_capacity_search_v2,full_mlp_capacity_search_hd256_depth5,supervised_nmse_plateau,full_mlp,12,6,jit,bf16,bfloat16,8,8,ok,,54.653595,20,50,0.10363198,0.006742625590940076,0.092937,0.1014955,0.1130695,0.11625085,0.11951,0.120882,77196.24772198698,77.19624772198698,101.4955,12.6869375,9649.530965248372,174992,174080,349144,sub-physical,0.0625,0.03125,Intel(R) Xeon(R) 6760P,AVX512,"avx2,avx512f,avx512bw,avx512vl,avx512_vnni,avx512_bf16,amx_bf16,amx_int8,amx_tile,fma",True,True,,256,128,sh14l07002s1404,3.11.9,2.1.2+cu121
20260424_010536,2026-04-24T06:14:14.586808,cpu,full_mlp_capacity_search_hd256_depth5,/home/liangyi/SRS_AI/Model_AIIC_refactor/experiments_refactored/20260422_050408_full_mlp_capacity_search_v2/full_mlp_capacity_search_hd256_depth5,full_mlp_capacity_search_v2,full_mlp_capacity_search_hd256_depth5,supervised_nmse_plateau,full_mlp,12,6,jit,bf16,bfloat16,8,128,ok,,76.730909,20,50,0.30505882,0.010493615631782973,0.290594,0.303355,0.3199013,0.32604095,0.3278223,0.328621,26224.450746908416,26.224450746908417,303.35499999999996,37.919374999999995,204.878521460222,174992,174080,349144,all-physical,1.0,0.5,Intel(R) Xeon(R) 6760P,AVX512,"avx2,avx512f,avx512bw,avx512vl,avx512_vnni,avx512_bf16,amx_bf16,amx_int8,amx_tile,fma",True,True,,256,128,sh14l07002s1404,3.11.9,2.1.2+cu121
20260424_010536,2026-04-24T06:14:14.586808,cpu,full_mlp_capacity_search_hd256_depth5,/home/liangyi/SRS_AI/Model_AIIC_refactor/experiments_refactored/20260422_050408_full_mlp_capacity_search_v2/full_mlp_capacity_search_hd256_depth5,full_mlp_capacity_search_v2,full_mlp_capacity_search_hd256_depth5,supervised_nmse_plateau,full_mlp,12,6,jit,bf16,bfloat16,16,1,ok,,54.404908,20,50,0.09080382,0.0046369686938343676,0.08668,0.0885775,0.0981687,0.10216925,0.10449995999999999,0.106115,176204.04075511362,176.20404075511362,88.5775,5.53609375,176204.04075511362,174992,174080,349144,single-thread,0.0078125,0.00390625,Intel(R) Xeon(R) 6760P,AVX512,"avx2,avx512f,avx512bw,avx512vl,avx512_vnni,avx512_bf16,amx_bf16,amx_int8,amx_tile,fma",True,True,,256,128,sh14l07002s1404,3.11.9,2.1.2+cu121
20260424_010536,2026-04-24T06:14:14.586808,cpu,full_mlp_capacity_search_hd256_depth5,/home/liangyi/SRS_AI/Model_AIIC_refactor/experiments_refactored/20260422_050408_full_mlp_capacity_search_v2/full_mlp_capacity_search_hd256_depth5,full_mlp_capacity_search_v2,full_mlp_capacity_search_hd256_depth5,supervised_nmse_plateau,full_mlp,12,6,jit,bf16,bfloat16,16,2,ok,,54.838797,20,50,0.1143617,0.0063267713163982775,0.107896,0.11126749999999999,0.1247165,0.12637015,0.13220185999999998,0.136262,139906.9793471066,139.90697934710659,111.2675,6.95421875,69953.4896735533,174992,174080,349144,sub-physical,0.015625,0.0078125,Intel(R) Xeon(R) 6760P,AVX512,"avx2,avx512f,avx512bw,avx512vl,avx512_vnni,avx512_bf16,amx_bf16,amx_int8,amx_tile,fma",True,True,,256,128,sh14l07002s1404,3.11.9,2.1.2+cu121
20260424_010536,2026-04-24T06:14:14.586808,cpu,full_mlp_capacity_search_hd256_depth5,/home/liangyi/SRS_AI/Model_AIIC_refactor/experiments_refactored/20260422_050408_full_mlp_capacity_search_v2/full_mlp_capacity_search_hd256_depth5,full_mlp_capacity_search_v2,full_mlp_capacity_search_hd256_depth5,supervised_nmse_plateau,full_mlp,12,6,jit,bf16,bfloat16,16,4,ok,,55.842255,20,50,0.11998762,0.00708753826060925,0.109672,0.11797250000000001,0.1309655,0.13417099999999998,0.13568698,0.136323,133347.09030815013,133.34709030815014,117.97250000000001,7.373281250000001,33336.77257703753,174992,174080,349144,sub-physical,0.03125,0.015625,Intel(R) Xeon(R) 6760P,AVX512,"avx2,avx512f,avx512bw,avx512vl,avx512_vnni,avx512_bf16,amx_bf16,amx_int8,amx_tile,fma",True,True,,256,128,sh14l07002s1404,3.11.9,2.1.2+cu121
20260424_010536,2026-04-24T06:14:14.586808,cpu,full_mlp_capacity_search_hd256_depth5,/home/liangyi/SRS_AI/Model_AIIC_refactor/experiments_refactored/20260422_050408_full_mlp_capacity_search_v2/full_mlp_capacity_search_hd256_depth5,full_mlp_capacity_search_v2,full_mlp_capacity_search_hd256_depth5,supervised_nmse_plateau,full_mlp,12,6,jit,bf16,bfloat16,16,8,ok,,54.989935,20,50,0.1198462,0.005984047867455608,0.110716,0.118601,0.1293823,0.1323345,0.13552997,0.136827,133504.441525889,133.504441525889,118.601,7.4125625,16688.055190736126,174992,174080,349144,sub-physical,0.0625,0.03125,Intel(R) Xeon(R) 6760P,AVX512,"avx2,avx512f,avx512bw,avx512vl,avx512_vnni,avx512_bf16,amx_bf16,amx_int8,amx_tile,fma",True,True,,256,128,sh14l07002s1404,3.11.9,2.1.2+cu121
20260424_010536,2026-04-24T06:14:14.586808,cpu,full_mlp_capacity_search_hd256_depth5,/home/liangyi/SRS_AI/Model_AIIC_refactor/experiments_refactored/20260422_050408_full_mlp_capacity_search_v2/full_mlp_capacity_search_hd256_depth5,full_mlp_capacity_search_v2,full_mlp_capacity_search_hd256_depth5,supervised_nmse_plateau,full_mlp,12,6,jit,bf16,bfloat16,16,128,ok,,98.131965,20,50,0.34240596,0.017407982126553322,0.322611,0.3404235,0.3547128,0.35968115,0.40656794999999984,0.442997,46728.15858695917,46.728158586959175,340.4235,21.27646875,365.06373896061854,174992,174080,349144,all-physical,1.0,0.5,Intel(R) Xeon(R) 6760P,AVX512,"avx2,avx512f,avx512bw,avx512vl,avx512_vnni,avx512_bf16,amx_bf16,amx_int8,amx_tile,fma",True,True,,256,128,sh14l07002s1404,3.11.9,2.1.2+cu121
20260424_010536,2026-04-24T06:14:14.586808,cpu,full_mlp_capacity_search_hd256_depth5,/home/liangyi/SRS_AI/Model_AIIC_refactor/experiments_refactored/20260422_050408_full_mlp_capacity_search_v2/full_mlp_capacity_search_hd256_depth5,full_mlp_capacity_search_v2,full_mlp_capacity_search_hd256_depth5,supervised_nmse_plateau,full_mlp,12,6,jit,bf16,bfloat16,32,1,ok,,56.68864,20,50,0.1021846,0.0036184357449041433,0.098534,0.100868,0.1069841,0.10987825,0.11379233,0.115352,313158.7342906857,313.1587342906857,100.868,3.152125,313158.7342906857,174992,174080,349144,single-thread,0.0078125,0.00390625,Intel(R) Xeon(R) 6760P,AVX512,"avx2,avx512f,avx512bw,avx512vl,avx512_vnni,avx512_bf16,amx_bf16,amx_int8,amx_tile,fma",True,True,,256,128,sh14l07002s1404,3.11.9,2.1.2+cu121
20260424_010536,2026-04-24T06:14:14.586808,cpu,full_mlp_capacity_search_hd256_depth5,/home/liangyi/SRS_AI/Model_AIIC_refactor/experiments_refactored/20260422_050408_full_mlp_capacity_search_v2/full_mlp_capacity_search_hd256_depth5,full_mlp_capacity_search_v2,full_mlp_capacity_search_hd256_depth5,supervised_nmse_plateau,full_mlp,12,6,jit,bf16,bfloat16,32,2,ok,,56.847255,20,50,0.14333426,0.006770499375407992,0.128852,0.142732,0.1527489,0.1576299,0.16126509,0.162813,223254.37058802272,223.2543705880227,142.732,4.460375,111627.18529401136,174992,174080,349144,sub-physical,0.015625,0.0078125,Intel(R) Xeon(R) 6760P,AVX512,"avx2,avx512f,avx512bw,avx512vl,avx512_vnni,avx512_bf16,amx_bf16,amx_int8,amx_tile,fma",True,True,,256,128,sh14l07002s1404,3.11.9,2.1.2+cu121
20260424_010536,2026-04-24T06:14:14.586808,cpu,full_mlp_capacity_search_hd256_depth5,/home/liangyi/SRS_AI/Model_AIIC_refactor/experiments_refactored/20260422_050408_full_mlp_capacity_search_v2/full_mlp_capacity_search_hd256_depth5,full_mlp_capacity_search_v2,full_mlp_capacity_search_hd256_depth5,supervised_nmse_plateau,full_mlp,12,6,jit,bf16,bfloat16,32,4,ok,,57.473891,20,50,0.14599562,0.00687755461451234,0.13603,0.1457375,0.1565872,0.15835095,0.16095324,0.161553,219184.6577315128,219.1846577315128,145.73749999999998,4.5542968749999995,54796.1644328782,174992,174080,349144,sub-physical,0.03125,0.015625,Intel(R) Xeon(R) 6760P,AVX512,"avx2,avx512f,avx512bw,avx512vl,avx512_vnni,avx512_bf16,amx_bf16,amx_int8,amx_tile,fma",True,True,,256,128,sh14l07002s1404,3.11.9,2.1.2+cu121
20260424_010536,2026-04-24T06:14:14.586808,cpu,full_mlp_capacity_search_hd256_depth5,/home/liangyi/SRS_AI/Model_AIIC_refactor/experiments_refactored/20260422_050408_full_mlp_capacity_search_v2/full_mlp_capacity_search_hd256_depth5,full_mlp_capacity_search_v2,full_mlp_capacity_search_hd256_depth5,supervised_nmse_plateau,full_mlp,12,6,jit,bf16,bfloat16,32,8,ok,,57.101253,20,50,0.14523892,0.005909099460459269,0.136532,0.143591,0.15467370000000003,0.15705940000000002,0.1582351,0.158877,220326.6176862235,220.3266176862235,143.591,4.48721875,27540.827210777938,174992,174080,349144,sub-physical,0.0625,0.03125,Intel(R) Xeon(R) 6760P,AVX512,"avx2,avx512f,avx512bw,avx512vl,avx512_vnni,avx512_bf16,amx_bf16,amx_int8,amx_tile,fma",True,True,,256,128,sh14l07002s1404,3.11.9,2.1.2+cu121
20260424_010536,2026-04-24T06:14:14.586808,cpu,full_mlp_capacity_search_hd256_depth5,/home/liangyi/SRS_AI/Model_AIIC_refactor/experiments_refactored/20260422_050408_full_mlp_capacity_search_v2/full_mlp_capacity_search_hd256_depth5,full_mlp_capacity_search_v2,full_mlp_capacity_search_hd256_depth5,supervised_nmse_plateau,full_mlp,12,6,jit,bf16,bfloat16,32,128,ok,,80.004448,20,50,0.46642724,0.028738574214849284,0.41323,0.464383,0.4944718,0.5126442,0.55147898,0.573773,68606.62769181319,68.60662769181319,464.383,14.51196875,535.9892788422906,174992,174080,349144,all-physical,1.0,0.5,Intel(R) Xeon(R) 6760P,AVX512,"avx2,avx512f,avx512bw,avx512vl,avx512_vnni,avx512_bf16,amx_bf16,amx_int8,amx_tile,fma",True,True,,256,128,sh14l07002s1404,3.11.9,2.1.2+cu121
20260424_010536,2026-04-24T06:14:14.586808,cpu,full_mlp_capacity_search_hd256_depth5,/home/liangyi/SRS_AI/Model_AIIC_refactor/experiments_refactored/20260422_050408_full_mlp_capacity_search_v2/full_mlp_capacity_search_hd256_depth5,full_mlp_capacity_search_v2,full_mlp_capacity_search_hd256_depth5,supervised_nmse_plateau,full_mlp,12,6,jit,bf16,bfloat16,64,1,ok,,57.888382,20,50,0.12703298,0.0030447313871013308,0.123277,0.1262165,0.1297935,0.13161035000000001,0.13803916,0.142065,503806.17694712034,503.8061769471203,126.21650000000001,1.9721328125000002,503806.17694712034,174992,174080,349144,single-thread,0.0078125,0.00390625,Intel(R) Xeon(R) 6760P,AVX512,"avx2,avx512f,avx512bw,avx512vl,avx512_vnni,avx512_bf16,amx_bf16,amx_int8,amx_tile,fma",True,True,,256,128,sh14l07002s1404,3.11.9,2.1.2+cu121
20260424_010536,2026-04-24T06:14:14.586808,cpu,full_mlp_capacity_search_hd256_depth5,/home/liangyi/SRS_AI/Model_AIIC_refactor/experiments_refactored/20260422_050408_full_mlp_capacity_search_v2/full_mlp_capacity_search_hd256_depth5,full_mlp_capacity_search_v2,full_mlp_capacity_search_hd256_depth5,supervised_nmse_plateau,full_mlp,12,6,jit,bf16,bfloat16,64,2,ok,,58.040843,20,50,0.18556244,0.00760172020837389,0.172101,0.185106,0.1928375,0.19807574999999997,0.21087361999999998,0.216,344897.383328221,344.897383328221,185.106,2.89228125,172448.6916641105,174992,174080,349144,sub-physical,0.015625,0.0078125,Intel(R) Xeon(R) 6760P,AVX512,"avx2,avx512f,avx512bw,avx512vl,avx512_vnni,avx512_bf16,amx_bf16,amx_int8,amx_tile,fma",True,True,,256,128,sh14l07002s1404,3.11.9,2.1.2+cu121
20260424_010536,2026-04-24T06:14:14.586808,cpu,full_mlp_capacity_search_hd256_depth5,/home/liangyi/SRS_AI/Model_AIIC_refactor/experiments_refactored/20260422_050408_full_mlp_capacity_search_v2/full_mlp_capacity_search_hd256_depth5,full_mlp_capacity_search_v2,full_mlp_capacity_search_hd256_depth5,supervised_nmse_plateau,full_mlp,12,6,jit,bf16,bfloat16,64,4,ok,,56.618956,20,50,0.1973365,0.006834120052354947,0.178437,0.1980895,0.2047928,0.20644175,0.20893973999999998,0.210054,324319.1198789884,324.31911987898843,198.08950000000002,3.0951484375000002,81079.7799697471,174992,174080,349144,sub-physical,0.03125,0.015625,Intel(R) Xeon(R) 6760P,AVX512,"avx2,avx512f,avx512bw,avx512vl,avx512_vnni,avx512_bf16,amx_bf16,amx_int8,amx_tile,fma",True,True,,256,128,sh14l07002s1404,3.11.9,2.1.2+cu121
20260424_010536,2026-04-24T06:14:14.586808,cpu,full_mlp_capacity_search_hd256_depth5,/home/liangyi/SRS_AI/Model_AIIC_refactor/experiments_refactored/20260422_050408_full_mlp_capacity_search_v2/full_mlp_capacity_search_hd256_depth5,full_mlp_capacity_search_v2,full_mlp_capacity_search_hd256_depth5,supervised_nmse_plateau,full_mlp,12,6,jit,bf16,bfloat16,64,8,ok,,57.093208,20,50,0.1973999,0.005134402692621604,0.186008,0.1968175,0.2041229,0.20573775,0.20619681999999998,0.206335,324214.9565425312,324.2149565425312,196.8175,3.0752734375,40526.8695678164,174992,174080,349144,sub-physical,0.0625,0.03125,Intel(R) Xeon(R) 6760P,AVX512,"avx2,avx512f,avx512bw,avx512vl,avx512_vnni,avx512_bf16,amx_bf16,amx_int8,amx_tile,fma",True,True,,256,128,sh14l07002s1404,3.11.9,2.1.2+cu121
20260424_010536,2026-04-24T06:14:14.586808,cpu,full_mlp_capacity_search_hd256_depth5,/home/liangyi/SRS_AI/Model_AIIC_refactor/experiments_refactored/20260422_050408_full_mlp_capacity_search_v2/full_mlp_capacity_search_hd256_depth5,full_mlp_capacity_search_v2,full_mlp_capacity_search_hd256_depth5,supervised_nmse_plateau,full_mlp,12,6,jit,bf16,bfloat16,64,128,ok,,91.501364,20,50,0.77554094,0.03105381018645538,0.708673,0.778556,0.8056772,0.8366176999999999,0.85014056,0.85987,82523.04514059568,82.52304514059568,778.556,12.1649375,644.7112901609038,174992,174080,349144,all-physical,1.0,0.5,Intel(R) Xeon(R) 6760P,AVX512,"avx2,avx512f,avx512bw,avx512vl,avx512_vnni,avx512_bf16,amx_bf16,amx_int8,amx_tile,fma",True,True,,256,128,sh14l07002s1404,3.11.9,2.1.2+cu121
20260424_010536,2026-04-24T06:14:14.586808,cpu,full_mlp_capacity_search_hd256_depth5,/home/liangyi/SRS_AI/Model_AIIC_refactor/experiments_refactored/20260422_050408_full_mlp_capacity_search_v2/full_mlp_capacity_search_hd256_depth5,full_mlp_capacity_search_v2,full_mlp_capacity_search_hd256_depth5,supervised_nmse_plateau,full_mlp,12,6,jit,bf16,bfloat16,128,1,ok,,57.855381,20,50,0.17767188,0.0055231496073888855,0.171992,0.175592,0.18475529999999998,0.18947914999999999,0.19268912,0.193822,720429.1416289399,720.4291416289399,175.59199999999998,1.3718124999999999,720429.1416289399,174992,174080,349144,single-thread,0.0078125,0.00390625,Intel(R) Xeon(R) 6760P,AVX512,"avx2,avx512f,avx512bw,avx512vl,avx512_vnni,avx512_bf16,amx_bf16,amx_int8,amx_tile,fma",True,True,,256,128,sh14l07002s1404,3.11.9,2.1.2+cu121
20260424_010536,2026-04-24T06:14:14.586808,cpu,full_mlp_capacity_search_hd256_depth5,/home/liangyi/SRS_AI/Model_AIIC_refactor/experiments_refactored/20260422_050408_full_mlp_capacity_search_v2/full_mlp_capacity_search_hd256_depth5,full_mlp_capacity_search_v2,full_mlp_capacity_search_hd256_depth5,supervised_nmse_plateau,full_mlp,12,6,jit,bf16,bfloat16,128,2,ok,,57.391042,20,50,0.28472172,0.009585862387996188,0.265448,0.2843275,0.2943763,0.2976985,0.31035227,0.317348,449561.7685928561,449.56176859285614,284.3275,2.22130859375,224780.88429642806,174992,174080,349144,sub-physical,0.015625,0.0078125,Intel(R) Xeon(R) 6760P,AVX512,"avx2,avx512f,avx512bw,avx512vl,avx512_vnni,avx512_bf16,amx_bf16,amx_int8,amx_tile,fma",True,True,,256,128,sh14l07002s1404,3.11.9,2.1.2+cu121
20260424_010536,2026-04-24T06:14:14.586808,cpu,full_mlp_capacity_search_hd256_depth5,/home/liangyi/SRS_AI/Model_AIIC_refactor/experiments_refactored/20260422_050408_full_mlp_capacity_search_v2/full_mlp_capacity_search_hd256_depth5,full_mlp_capacity_search_v2,full_mlp_capacity_search_hd256_depth5,supervised_nmse_plateau,full_mlp,12,6,jit,bf16,bfloat16,128,4,ok,,59.194731,20,50,0.30697904,0.013545260927660273,0.280134,0.308802,0.32602760000000003,0.32744295,0.33107315,0.332918,416966.57856510335,416.96657856510336,308.802,2.412515625,104241.64464127584,174992,174080,349144,sub-physical,0.03125,0.015625,Intel(R) Xeon(R) 6760P,AVX512,"avx2,avx512f,avx512bw,avx512vl,avx512_vnni,avx512_bf16,amx_bf16,amx_int8,amx_tile,fma",True,True,,256,128,sh14l07002s1404,3.11.9,2.1.2+cu121
20260424_010536,2026-04-24T06:14:14.586808,cpu,full_mlp_capacity_search_hd256_depth5,/home/liangyi/SRS_AI/Model_AIIC_refactor/experiments_refactored/20260422_050408_full_mlp_capacity_search_v2/full_mlp_capacity_search_hd256_depth5,full_mlp_capacity_search_v2,full_mlp_capacity_search_hd256_depth5,supervised_nmse_plateau,full_mlp,12,6,jit,bf16,bfloat16,128,8,ok,,56.800027,20,50,0.27885504,0.010951872196040274,0.249112,0.2807595,0.2899326,0.2929335,0.29535059,0.296041,459019.85490382387,459.0198549038239,280.7595,2.19343359375,57377.481862977984,174992,174080,349144,sub-physical,0.0625,0.03125,Intel(R) Xeon(R) 6760P,AVX512,"avx2,avx512f,avx512bw,avx512vl,avx512_vnni,avx512_bf16,amx_bf16,amx_int8,amx_tile,fma",True,True,,256,128,sh14l07002s1404,3.11.9,2.1.2+cu121
20260424_010536,2026-04-24T06:14:14.586808,cpu,full_mlp_capacity_search_hd256_depth5,/home/liangyi/SRS_AI/Model_AIIC_refactor/experiments_refactored/20260422_050408_full_mlp_capacity_search_v2/full_mlp_capacity_search_hd256_depth5,full_mlp_capacity_search_v2,full_mlp_capacity_search_hd256_depth5,supervised_nmse_plateau,full_mlp,12,6,jit,bf16,bfloat16,128,128,ok,,83.741872,20,50,0.56365436,0.02250158222504365,0.522925,0.559444,0.5943608,0.6007551999999999,0.61540834,0.616993,227089.52344482884,227.08952344482884,559.4440000000001,4.370656250000001,1774.1369019127253,174992,174080,349144,all-physical,1.0,0.5,Intel(R) Xeon(R) 6760P,AVX512,"avx2,avx512f,avx512bw,avx512vl,avx512_vnni,avx512_bf16,amx_bf16,amx_int8,amx_tile,fma",True,True,,256,128,sh14l07002s1404,3.11.9,2.1.2+cu121
20260424_010536,2026-04-24T06:14:14.586808,cpu,full_mlp_capacity_search_hd256_depth5,/home/liangyi/SRS_AI/Model_AIIC_refactor/experiments_refactored/20260422_050408_full_mlp_capacity_search_v2/full_mlp_capacity_search_hd256_depth5,full_mlp_capacity_search_v2,full_mlp_capacity_search_hd256_depth5,supervised_nmse_plateau,full_mlp,12,6,compile,fp32,float32,1,1,ok,,509.017888,20,50,0.05920922,0.0018429239733640669,0.055973,0.059042,0.0612746,0.06222025,0.06482047,0.064966,16889.26150352935,16.88926150352935,59.041999999999994,59.041999999999994,16889.26150352935,174992,174080,349144,single-thread,0.0078125,0.00390625,Intel(R) Xeon(R) 6760P,AVX512,"avx2,avx512f,avx512bw,avx512vl,avx512_vnni,avx512_bf16,amx_bf16,amx_int8,amx_tile,fma",True,True,,256,128,sh14l07002s1404,3.11.9,2.1.2+cu121
20260424_010536,2026-04-24T06:14:14.586808,cpu,full_mlp_capacity_search_hd256_depth5,/home/liangyi/SRS_AI/Model_AIIC_refactor/experiments_refactored/20260422_050408_full_mlp_capacity_search_v2/full_mlp_capacity_search_hd256_depth5,full_mlp_capacity_search_v2,full_mlp_capacity_search_hd256_depth5,supervised_nmse_plateau,full_mlp,12,6,compile,fp32,float32,1,2,ok,,500.93371,20,50,0.07700865999999999,0.002355613411491792,0.073267,0.0763395,0.0795808,0.08210015,0.08418199999999999,0.085162,12985.552533961765,12.985552533961766,76.3395,76.3395,6492.776266980883,174992,174080,349144,sub-physical,0.015625,0.0078125,Intel(R) Xeon(R) 6760P,AVX512,"avx2,avx512f,avx512bw,avx512vl,avx512_vnni,avx512_bf16,amx_bf16,amx_int8,amx_tile,fma",True,True,,256,128,sh14l07002s1404,3.11.9,2.1.2+cu121
20260424_010536,2026-04-24T06:14:14.586808,cpu,full_mlp_capacity_search_hd256_depth5,/home/liangyi/SRS_AI/Model_AIIC_refactor/experiments_refactored/20260422_050408_full_mlp_capacity_search_v2/full_mlp_capacity_search_hd256_depth5,full_mlp_capacity_search_v2,full_mlp_capacity_search_hd256_depth5,supervised_nmse_plateau,full_mlp,12,6,compile,fp32,float32,1,4,ok,,509.7471,20,50,0.06528422,0.0020793445341260788,0.062786,0.064927,0.0673114,0.07005655,0.07228648,0.073339,15317.637248327388,15.317637248327388,64.92699999999999,64.92699999999999,3829.409312081847,174992,174080,349144,sub-physical,0.03125,0.015625,Intel(R) Xeon(R) 6760P,AVX512,"avx2,avx512f,avx512bw,avx512vl,avx512_vnni,avx512_bf16,amx_bf16,amx_int8,amx_tile,fma",True,True,,256,128,sh14l07002s1404,3.11.9,2.1.2+cu121
20260424_010536,2026-04-24T06:14:14.586808,cpu,full_mlp_capacity_search_hd256_depth5,/home/liangyi/SRS_AI/Model_AIIC_refactor/experiments_refactored/20260422_050408_full_mlp_capacity_search_v2/full_mlp_capacity_search_hd256_depth5,full_mlp_capacity_search_v2,full_mlp_capacity_search_hd256_depth5,supervised_nmse_plateau,full_mlp,12,6,compile,fp32,float32,1,8,ok,,516.204425,20,50,0.070305,0.04206231915574794,0.062271,0.063568,0.0670018,0.0716474,0.22157087999999944,0.364302,14223.739421093804,14.223739421093804,63.568,63.568,1777.9674276367255,174992,174080,349144,sub-physical,0.0625,0.03125,Intel(R) Xeon(R) 6760P,AVX512,"avx2,avx512f,avx512bw,avx512vl,avx512_vnni,avx512_bf16,amx_bf16,amx_int8,amx_tile,fma",True,True,,256,128,sh14l07002s1404,3.11.9,2.1.2+cu121
20260424_010536,2026-04-24T06:14:14.586808,cpu,full_mlp_capacity_search_hd256_depth5,/home/liangyi/SRS_AI/Model_AIIC_refactor/experiments_refactored/20260422_050408_full_mlp_capacity_search_v2/full_mlp_capacity_search_hd256_depth5,full_mlp_capacity_search_v2,full_mlp_capacity_search_hd256_depth5,supervised_nmse_plateau,full_mlp,12,6,compile,fp32,float32,1,128,ok,,644.080118,20,50,0.05663078,0.0018652854611560128,0.053419,0.056406,0.0587989,0.059587799999999996,0.06139976,0.061731,17658.241684115954,17.658241684115954,56.406,56.406,137.9550131571559,174992,174080,349144,all-physical,1.0,0.5,Intel(R) Xeon(R) 6760P,AVX512,"avx2,avx512f,avx512bw,avx512vl,avx512_vnni,avx512_bf16,amx_bf16,amx_int8,amx_tile,fma",True,True,,256,128,sh14l07002s1404,3.11.9,2.1.2+cu121
20260424_010536,2026-04-24T06:14:14.586808,cpu,full_mlp_capacity_search_hd256_depth5,/home/liangyi/SRS_AI/Model_AIIC_refactor/experiments_refactored/20260422_050408_full_mlp_capacity_search_v2/full_mlp_capacity_search_hd256_depth5,full_mlp_capacity_search_v2,full_mlp_capacity_search_hd256_depth5,supervised_nmse_plateau,full_mlp,12,6,compile,fp32,float32,2,1,ok,,503.340361,20,50,0.06094934,0.002160420372149829,0.058038,0.060605,0.062160299999999995,0.0635781,0.06981953,0.070997,32814.137117809645,32.81413711780964,60.605,30.3025,32814.137117809645,174992,174080,349144,single-thread,0.0078125,0.00390625,Intel(R) Xeon(R) 6760P,AVX512,"avx2,avx512f,avx512bw,avx512vl,avx512_vnni,avx512_bf16,amx_bf16,amx_int8,amx_tile,fma",True,True,,256,128,sh14l07002s1404,3.11.9,2.1.2+cu121
20260424_010536,2026-04-24T06:14:14.586808,cpu,full_mlp_capacity_search_hd256_depth5,/home/liangyi/SRS_AI/Model_AIIC_refactor/experiments_refactored/20260422_050408_full_mlp_capacity_search_v2/full_mlp_capacity_search_hd256_depth5,full_mlp_capacity_search_v2,full_mlp_capacity_search_hd256_depth5,supervised_nmse_plateau,full_mlp,12,6,compile,fp32,float32,2,2,ok,,509.178588,20,50,0.05958434,0.002412674429839219,0.056566,0.058827000000000004,0.0622066,0.0634911,0.06725383,0.068397,33565.8664675987,33.5658664675987,58.827000000000005,29.413500000000003,16782.93323379935,174992,174080,349144,sub-physical,0.015625,0.0078125,Intel(R) Xeon(R) 6760P,AVX512,"avx2,avx512f,avx512bw,avx512vl,avx512_vnni,avx512_bf16,amx_bf16,amx_int8,amx_tile,fma",True,True,,256,128,sh14l07002s1404,3.11.9,2.1.2+cu121
20260424_010536,2026-04-24T06:14:14.586808,cpu,full_mlp_capacity_search_hd256_depth5,/home/liangyi/SRS_AI/Model_AIIC_refactor/experiments_refactored/20260422_050408_full_mlp_capacity_search_v2/full_mlp_capacity_search_hd256_depth5,full_mlp_capacity_search_v2,full_mlp_capacity_search_hd256_depth5,supervised_nmse_plateau,full_mlp,12,6,compile,fp32,float32,2,4,ok,,524.667741,20,50,0.06613576,0.002034862821518934,0.063438,0.065481,0.0682661,0.07032064999999998,0.07278448,0.073494,30240.82584066472,30.24082584066472,65.481,32.7405,7560.20646016618,174992,174080,349144,sub-physical,0.03125,0.015625,Intel(R) Xeon(R) 6760P,AVX512,"avx2,avx512f,avx512bw,avx512vl,avx512_vnni,avx512_bf16,amx_bf16,amx_int8,amx_tile,fma",True,True,,256,128,sh14l07002s1404,3.11.9,2.1.2+cu121
20260424_010536,2026-04-24T06:14:14.586808,cpu,full_mlp_capacity_search_hd256_depth5,/home/liangyi/SRS_AI/Model_AIIC_refactor/experiments_refactored/20260422_050408_full_mlp_capacity_search_v2/full_mlp_capacity_search_hd256_depth5,full_mlp_capacity_search_v2,full_mlp_capacity_search_hd256_depth5,supervised_nmse_plateau,full_mlp,12,6,compile,fp32,float32,2,8,ok,,505.318014,20,50,0.05633042,0.0028794377512979855,0.053053,0.0553885,0.058818600000000006,0.06315785,0.06625112999999999,0.066527,35504.79474500634,35.504794745006336,55.3885,27.69425,4438.099343125792,174992,174080,349144,sub-physical,0.0625,0.03125,Intel(R) Xeon(R) 6760P,AVX512,"avx2,avx512f,avx512bw,avx512vl,avx512_vnni,avx512_bf16,amx_bf16,amx_int8,amx_tile,fma",True,True,,256,128,sh14l07002s1404,3.11.9,2.1.2+cu121
20260424_010536,2026-04-24T06:14:14.586808,cpu,full_mlp_capacity_search_hd256_depth5,/home/liangyi/SRS_AI/Model_AIIC_refactor/experiments_refactored/20260422_050408_full_mlp_capacity_search_v2/full_mlp_capacity_search_hd256_depth5,full_mlp_capacity_search_v2,full_mlp_capacity_search_hd256_depth5,supervised_nmse_plateau,full_mlp,12,6,compile,fp32,float32,2,128,ok,,547.859492,20,50,0.05553692,0.002614675879263049,0.052066,0.0548395,0.058145499999999996,0.059016599999999995,0.06443584999999998,0.069353,36012.079892079004,36.012079892079,54.8395,27.41975,281.3443741568672,174992,174080,349144,all-physical,1.0,0.5,Intel(R) Xeon(R) 6760P,AVX512,"avx2,avx512f,avx512bw,avx512vl,avx512_vnni,avx512_bf16,amx_bf16,amx_int8,amx_tile,fma",True,True,,256,128,sh14l07002s1404,3.11.9,2.1.2+cu121
20260424_010536,2026-04-24T06:14:14.586808,cpu,full_mlp_capacity_search_hd256_depth5,/home/liangyi/SRS_AI/Model_AIIC_refactor/experiments_refactored/20260422_050408_full_mlp_capacity_search_v2/full_mlp_capacity_search_hd256_depth5,full_mlp_capacity_search_v2,full_mlp_capacity_search_hd256_depth5,supervised_nmse_plateau,full_mlp,12,6,compile,fp32,float32,4,1,ok,,495.523478,20,50,0.06888284,0.0018163608271486147,0.065785,0.06897900000000001,0.0704833,0.07173479999999999,0.07421114,0.075492,58069.61501587333,58.06961501587333,68.97900000000001,17.244750000000003,58069.61501587333,174992,174080,349144,single-thread,0.0078125,0.00390625,Intel(R) Xeon(R) 6760P,AVX512,"avx2,avx512f,avx512bw,avx512vl,avx512_vnni,avx512_bf16,amx_bf16,amx_int8,amx_tile,fma",True,True,,256,128,sh14l07002s1404,3.11.9,2.1.2+cu121
20260424_010536,2026-04-24T06:14:14.586808,cpu,full_mlp_capacity_search_hd256_depth5,/home/liangyi/SRS_AI/Model_AIIC_refactor/experiments_refactored/20260422_050408_full_mlp_capacity_search_v2/full_mlp_capacity_search_hd256_depth5,full_mlp_capacity_search_v2,full_mlp_capacity_search_hd256_depth5,supervised_nmse_plateau,full_mlp,12,6,compile,fp32,float32,4,2,ok,,509.840165,20,50,0.0889496,0.002487874723534124,0.08508,0.088225,0.092124,0.0933488,0.09605016,0.09645,44969.285977677246,44.969285977677245,88.225,22.05625,22484.642988838623,174992,174080,349144,sub-physical,0.015625,0.0078125,Intel(R) Xeon(R) 6760P,AVX512,"avx2,avx512f,avx512bw,avx512vl,avx512_vnni,avx512_bf16,amx_bf16,amx_int8,amx_tile,fma",True,True,,256,128,sh14l07002s1404,3.11.9,2.1.2+cu121
20260424_010536,2026-04-24T06:14:14.586808,cpu,full_mlp_capacity_search_hd256_depth5,/home/liangyi/SRS_AI/Model_AIIC_refactor/experiments_refactored/20260422_050408_full_mlp_capacity_search_v2/full_mlp_capacity_search_hd256_depth5,full_mlp_capacity_search_v2,full_mlp_capacity_search_hd256_depth5,supervised_nmse_plateau,full_mlp,12,6,compile,fp32,float32,4,4,ok,,504.939396,20,50,0.08149836,0.0026240222541739234,0.078738,0.0808865,0.08444230000000001,0.08745895,0.09026989999999999,0.090706,49080.74223824871,49.08074223824871,80.8865,20.221625,12270.185559562178,174992,174080,349144,sub-physical,0.03125,0.015625,Intel(R) Xeon(R) 6760P,AVX512,"avx2,avx512f,avx512bw,avx512vl,avx512_vnni,avx512_bf16,amx_bf16,amx_int8,amx_tile,fma",True,True,,256,128,sh14l07002s1404,3.11.9,2.1.2+cu121
20260424_010536,2026-04-24T06:14:14.586808,cpu,full_mlp_capacity_search_hd256_depth5,/home/liangyi/SRS_AI/Model_AIIC_refactor/experiments_refactored/20260422_050408_full_mlp_capacity_search_v2/full_mlp_capacity_search_hd256_depth5,full_mlp_capacity_search_v2,full_mlp_capacity_search_hd256_depth5,supervised_nmse_plateau,full_mlp,12,6,compile,fp32,float32,4,8,ok,,498.610609,20,50,0.07554704,0.0027008837439623347,0.071223,0.0751375,0.0777125,0.08088559999999999,0.08488522,0.085337,52947.143925162396,52.94714392516239,75.1375,18.784375,6618.3929906452995,174992,174080,349144,sub-physical,0.0625,0.03125,Intel(R) Xeon(R) 6760P,AVX512,"avx2,avx512f,avx512bw,avx512vl,avx512_vnni,avx512_bf16,amx_bf16,amx_int8,amx_tile,fma",True,True,,256,128,sh14l07002s1404,3.11.9,2.1.2+cu121
20260424_010536,2026-04-24T06:14:14.586808,cpu,full_mlp_capacity_search_hd256_depth5,/home/liangyi/SRS_AI/Model_AIIC_refactor/experiments_refactored/20260422_050408_full_mlp_capacity_search_v2/full_mlp_capacity_search_hd256_depth5,full_mlp_capacity_search_v2,full_mlp_capacity_search_hd256_depth5,supervised_nmse_plateau,full_mlp,12,6,compile,fp32,float32,4,128,ok,,544.498823,20,50,0.23505024,0.030564771496322363,0.204286,0.228232,0.25856250000000003,0.26285175,0.34755136999999975,0.412176,17017.638441892253,17.017638441892252,228.232,57.058,132.95030032728323,174992,174080,349144,all-physical,1.0,0.5,Intel(R) Xeon(R) 6760P,AVX512,"avx2,avx512f,avx512bw,avx512vl,avx512_vnni,avx512_bf16,amx_bf16,amx_int8,amx_tile,fma",True,True,,256,128,sh14l07002s1404,3.11.9,2.1.2+cu121
20260424_010536,2026-04-24T06:14:14.586808,cpu,full_mlp_capacity_search_hd256_depth5,/home/liangyi/SRS_AI/Model_AIIC_refactor/experiments_refactored/20260422_050408_full_mlp_capacity_search_v2/full_mlp_capacity_search_hd256_depth5,full_mlp_capacity_search_v2,full_mlp_capacity_search_hd256_depth5,supervised_nmse_plateau,full_mlp,12,6,compile,fp32,float32,8,1,ok,,497.805015,20,50,0.08455856,0.0026205136302641127,0.081417,0.08425450000000001,0.0874728,0.09072645,0.09208303999999999,0.092673,94608.99050314951,94.60899050314951,84.25450000000001,10.531812500000001,94608.99050314951,174992,174080,349144,single-thread,0.0078125,0.00390625,Intel(R) Xeon(R) 6760P,AVX512,"avx2,avx512f,avx512bw,avx512vl,avx512_vnni,avx512_bf16,amx_bf16,amx_int8,amx_tile,fma",True,True,,256,128,sh14l07002s1404,3.11.9,2.1.2+cu121
20260424_010536,2026-04-24T06:14:14.586808,cpu,full_mlp_capacity_search_hd256_depth5,/home/liangyi/SRS_AI/Model_AIIC_refactor/experiments_refactored/20260422_050408_full_mlp_capacity_search_v2/full_mlp_capacity_search_hd256_depth5,full_mlp_capacity_search_v2,full_mlp_capacity_search_hd256_depth5,supervised_nmse_plateau,full_mlp,12,6,compile,fp32,float32,8,2,ok,,503.727432,20,50,0.13117736,0.002409801973274981,0.127876,0.13061899999999999,0.1348617,0.1362584,0.13773594,0.137978,60986.13358280728,60.98613358280728,130.61899999999997,16.327374999999996,30493.06679140364,174992,174080,349144,sub-physical,0.015625,0.0078125,Intel(R) Xeon(R) 6760P,AVX512,"avx2,avx512f,avx512bw,avx512vl,avx512_vnni,avx512_bf16,amx_bf16,amx_int8,amx_tile,fma",True,True,,256,128,sh14l07002s1404,3.11.9,2.1.2+cu121
20260424_010536,2026-04-24T06:14:14.586808,cpu,full_mlp_capacity_search_hd256_depth5,/home/liangyi/SRS_AI/Model_AIIC_refactor/experiments_refactored/20260422_050408_full_mlp_capacity_search_v2/full_mlp_capacity_search_hd256_depth5,full_mlp_capacity_search_v2,full_mlp_capacity_search_hd256_depth5,supervised_nmse_plateau,full_mlp,12,6,compile,fp32,float32,8,4,ok,,511.571286,20,50,0.10897046,0.005499970360683774,0.104858,0.10781,0.1110838,0.11419384999999999,0.13090269999999996,0.14402,73414.39138643628,73.41439138643628,107.81,13.47625,18353.59784660907,174992,174080,349144,sub-physical,0.03125,0.015625,Intel(R) Xeon(R) 6760P,AVX512,"avx2,avx512f,avx512bw,avx512vl,avx512_vnni,avx512_bf16,amx_bf16,amx_int8,amx_tile,fma",True,True,,256,128,sh14l07002s1404,3.11.9,2.1.2+cu121
20260424_010536,2026-04-24T06:14:14.586808,cpu,full_mlp_capacity_search_hd256_depth5,/home/liangyi/SRS_AI/Model_AIIC_refactor/experiments_refactored/20260422_050408_full_mlp_capacity_search_v2/full_mlp_capacity_search_hd256_depth5,full_mlp_capacity_search_v2,full_mlp_capacity_search_hd256_depth5,supervised_nmse_plateau,full_mlp,12,6,compile,fp32,float32,8,8,ok,,506.914651,20,50,0.0945757,0.0028435019623696415,0.089977,0.093763,0.0980212,0.10023375,0.10277309,0.103978,84588.32448504213,84.58832448504214,93.763,11.720375,10573.540560630267,174992,174080,349144,sub-physical,0.0625,0.03125,Intel(R) Xeon(R) 6760P,AVX512,"avx2,avx512f,avx512bw,avx512vl,avx512_vnni,avx512_bf16,amx_bf16,amx_int8,amx_tile,fma",True,True,,256,128,sh14l07002s1404,3.11.9,2.1.2+cu121
20260424_010536,2026-04-24T06:14:14.586808,cpu,full_mlp_capacity_search_hd256_depth5,/home/liangyi/SRS_AI/Model_AIIC_refactor/experiments_refactored/20260422_050408_full_mlp_capacity_search_v2/full_mlp_capacity_search_hd256_depth5,full_mlp_capacity_search_v2,full_mlp_capacity_search_hd256_depth5,supervised_nmse_plateau,full_mlp,12,6,compile,fp32,float32,8,128,ok,,643.924145,20,50,0.37344056,0.016465537347028793,0.342168,0.37231749999999997,0.3930306,0.39936764999999996,0.42023166999999995,0.433911,21422.418603913833,21.422418603913833,372.3175,46.5396875,167.36264534307682,174992,174080,349144,all-physical,1.0,0.5,Intel(R) Xeon(R) 6760P,AVX512,"avx2,avx512f,avx512bw,avx512vl,avx512_vnni,avx512_bf16,amx_bf16,amx_int8,amx_tile,fma",True,True,,256,128,sh14l07002s1404,3.11.9,2.1.2+cu121
20260424_010536,2026-04-24T06:14:14.586808,cpu,full_mlp_capacity_search_hd256_depth5,/home/liangyi/SRS_AI/Model_AIIC_refactor/experiments_refactored/20260422_050408_full_mlp_capacity_search_v2/full_mlp_capacity_search_hd256_depth5,full_mlp_capacity_search_v2,full_mlp_capacity_search_hd256_depth5,supervised_nmse_plateau,full_mlp,12,6,compile,fp32,float32,16,1,ok,,497.273982,20,50,0.10349683999999999,0.0028814466461137196,0.099475,0.10281599999999999,0.1071433,0.1103784,0.11234873,0.113095,154594.09195488482,154.59409195488482,102.81599999999999,6.425999999999999,154594.09195488482,174992,174080,349144,single-thread,0.0078125,0.00390625,Intel(R) Xeon(R) 6760P,AVX512,"avx2,avx512f,avx512bw,avx512vl,avx512_vnni,avx512_bf16,amx_bf16,amx_int8,amx_tile,fma",True,True,,256,128,sh14l07002s1404,3.11.9,2.1.2+cu121
20260424_010536,2026-04-24T06:14:14.586808,cpu,full_mlp_capacity_search_hd256_depth5,/home/liangyi/SRS_AI/Model_AIIC_refactor/experiments_refactored/20260422_050408_full_mlp_capacity_search_v2/full_mlp_capacity_search_hd256_depth5,full_mlp_capacity_search_v2,full_mlp_capacity_search_hd256_depth5,supervised_nmse_plateau,full_mlp,12,6,compile,fp32,float32,16,2,ok,,506.465599,20,50,0.12827422,0.019246523984647202,0.118751,0.1216325,0.13320050000000005,0.18646479999999999,0.19240881999999998,0.194997,124732.77950939792,124.73277950939793,121.63250000000001,7.6020312500000005,62366.38975469896,174992,174080,349144,sub-physical,0.015625,0.0078125,Intel(R) Xeon(R) 6760P,AVX512,"avx2,avx512f,avx512bw,avx512vl,avx512_vnni,avx512_bf16,amx_bf16,amx_int8,amx_tile,fma",True,True,,256,128,sh14l07002s1404,3.11.9,2.1.2+cu121
20260424_010536,2026-04-24T06:14:14.586808,cpu,full_mlp_capacity_search_hd256_depth5,/home/liangyi/SRS_AI/Model_AIIC_refactor/experiments_refactored/20260422_050408_full_mlp_capacity_search_v2/full_mlp_capacity_search_hd256_depth5,full_mlp_capacity_search_v2,full_mlp_capacity_search_hd256_depth5,supervised_nmse_plateau,full_mlp,12,6,compile,fp32,float32,16,4,ok,,507.948163,20,50,0.1385468,0.006420881612364458,0.132638,0.13771450000000002,0.1408458,0.14199035000000002,0.16252847999999992,0.180535,115484.44280199903,115.48444280199902,137.71450000000002,8.607156250000001,28871.110700499758,174992,174080,349144,sub-physical,0.03125,0.015625,Intel(R) Xeon(R) 6760P,AVX512,"avx2,avx512f,avx512bw,avx512vl,avx512_vnni,avx512_bf16,amx_bf16,amx_int8,amx_tile,fma",True,True,,256,128,sh14l07002s1404,3.11.9,2.1.2+cu121
20260424_010536,2026-04-24T06:14:14.586808,cpu,full_mlp_capacity_search_hd256_depth5,/home/liangyi/SRS_AI/Model_AIIC_refactor/experiments_refactored/20260422_050408_full_mlp_capacity_search_v2/full_mlp_capacity_search_hd256_depth5,full_mlp_capacity_search_v2,full_mlp_capacity_search_hd256_depth5,supervised_nmse_plateau,full_mlp,12,6,compile,fp32,float32,16,8,ok,,519.792362,20,50,0.10869866,0.002671669804523007,0.103194,0.1083085,0.1123534,0.1138923,0.11566533,0.116637,147195.92679431374,147.19592679431375,108.3085,6.76928125,18399.490849289217,174992,174080,349144,sub-physical,0.0625,0.03125,Intel(R) Xeon(R) 6760P,AVX512,"avx2,avx512f,avx512bw,avx512vl,avx512_vnni,avx512_bf16,amx_bf16,amx_int8,amx_tile,fma",True,True,,256,128,sh14l07002s1404,3.11.9,2.1.2+cu121
20260424_010536,2026-04-24T06:14:14.586808,cpu,full_mlp_capacity_search_hd256_depth5,/home/liangyi/SRS_AI/Model_AIIC_refactor/experiments_refactored/20260422_050408_full_mlp_capacity_search_v2/full_mlp_capacity_search_hd256_depth5,full_mlp_capacity_search_v2,full_mlp_capacity_search_hd256_depth5,supervised_nmse_plateau,full_mlp,12,6,compile,fp32,float32,16,128,ok,,543.59473,20,50,0.24390222,0.008721315791301218,0.233146,0.2419675,0.2540463,0.2584106,0.27172574999999993,0.277373,65600.0589088529,65.6000589088529,241.9675,15.12296875,512.5004602254132,174992,174080,349144,all-physical,1.0,0.5,Intel(R) Xeon(R) 6760P,AVX512,"avx2,avx512f,avx512bw,avx512vl,avx512_vnni,avx512_bf16,amx_bf16,amx_int8,amx_tile,fma",True,True,,256,128,sh14l07002s1404,3.11.9,2.1.2+cu121
20260424_010536,2026-04-24T06:14:14.586808,cpu,full_mlp_capacity_search_hd256_depth5,/home/liangyi/SRS_AI/Model_AIIC_refactor/experiments_refactored/20260422_050408_full_mlp_capacity_search_v2/full_mlp_capacity_search_hd256_depth5,full_mlp_capacity_search_v2,full_mlp_capacity_search_hd256_depth5,supervised_nmse_plateau,full_mlp,12,6,compile,fp32,float32,32,1,ok,,496.607112,20,50,0.13842198,0.002436312997051075,0.134667,0.137766,0.1417688,0.14404825,0.14464452,0.14467,231177.15842527323,231.17715842527323,137.766,4.3051875,231177.15842527323,174992,174080,349144,single-thread,0.0078125,0.00390625,Intel(R) Xeon(R) 6760P,AVX512,"avx2,avx512f,avx512bw,avx512vl,avx512_vnni,avx512_bf16,amx_bf16,amx_int8,amx_tile,fma",True,True,,256,128,sh14l07002s1404,3.11.9,2.1.2+cu121
20260424_010536,2026-04-24T06:14:14.586808,cpu,full_mlp_capacity_search_hd256_depth5,/home/liangyi/SRS_AI/Model_AIIC_refactor/experiments_refactored/20260422_050408_full_mlp_capacity_search_v2/full_mlp_capacity_search_hd256_depth5,full_mlp_capacity_search_v2,full_mlp_capacity_search_hd256_depth5,supervised_nmse_plateau,full_mlp,12,6,compile,fp32,float32,32,2,ok,,506.438219,20,50,0.1941481,0.03842851433050724,0.150124,0.20936349999999998,0.22584100000000007,0.27600454999999996,0.27912432,0.27963,164822.6276744403,164.8226276744403,209.3635,6.542609375,82411.31383722015,174992,174080,349144,sub-physical,0.015625,0.0078125,Intel(R) Xeon(R) 6760P,AVX512,"avx2,avx512f,avx512bw,avx512vl,avx512_vnni,avx512_bf16,amx_bf16,amx_int8,amx_tile,fma",True,True,,256,128,sh14l07002s1404,3.11.9,2.1.2+cu121
20260424_010536,2026-04-24T06:14:14.586808,cpu,full_mlp_capacity_search_hd256_depth5,/home/liangyi/SRS_AI/Model_AIIC_refactor/experiments_refactored/20260422_050408_full_mlp_capacity_search_v2/full_mlp_capacity_search_hd256_depth5,full_mlp_capacity_search_v2,full_mlp_capacity_search_hd256_depth5,supervised_nmse_plateau,full_mlp,12,6,compile,fp32,float32,32,4,ok,,503.751928,20,50,0.1707165,0.023775629167069375,0.143076,0.1548195,0.20156749999999998,0.20298785,0.20334976999999999,0.203559,187445.26744632184,187.44526744632185,154.8195,4.838109375,46861.31686158046,174992,174080,349144,sub-physical,0.03125,0.015625,Intel(R) Xeon(R) 6760P,AVX512,"avx2,avx512f,avx512bw,avx512vl,avx512_vnni,avx512_bf16,amx_bf16,amx_int8,amx_tile,fma",True,True,,256,128,sh14l07002s1404,3.11.9,2.1.2+cu121
20260424_010536,2026-04-24T06:14:14.586808,cpu,full_mlp_capacity_search_hd256_depth5,/home/liangyi/SRS_AI/Model_AIIC_refactor/experiments_refactored/20260422_050408_full_mlp_capacity_search_v2/full_mlp_capacity_search_hd256_depth5,full_mlp_capacity_search_v2,full_mlp_capacity_search_hd256_depth5,supervised_nmse_plateau,full_mlp,12,6,compile,fp32,float32,32,8,ok,,503.728069,20,50,0.14197634,0.00593853116725003,0.128195,0.14173249999999998,0.14820870000000003,0.1503547,0.15607194,0.157392,225389.6670388883,225.3896670388883,141.7325,4.429140625,28173.708379861037,174992,174080,349144,sub-physical,0.0625,0.03125,Intel(R) Xeon(R) 6760P,AVX512,"avx2,avx512f,avx512bw,avx512vl,avx512_vnni,avx512_bf16,amx_bf16,amx_int8,amx_tile,fma",True,True,,256,128,sh14l07002s1404,3.11.9,2.1.2+cu121
20260424_010536,2026-04-24T06:14:14.586808,cpu,full_mlp_capacity_search_hd256_depth5,/home/liangyi/SRS_AI/Model_AIIC_refactor/experiments_refactored/20260422_050408_full_mlp_capacity_search_v2/full_mlp_capacity_search_hd256_depth5,full_mlp_capacity_search_v2,full_mlp_capacity_search_hd256_depth5,supervised_nmse_plateau,full_mlp,12,6,compile,fp32,float32,32,128,ok,,661.513509,20,50,0.4450064,0.02535162575062988,0.387162,0.4442715,0.4831178,0.48817584999999997,0.49787148999999997,0.50233,71909.0781615725,71.9090781615725,444.2715,13.883484375,561.7896731372851,174992,174080,349144,all-physical,1.0,0.5,Intel(R) Xeon(R) 6760P,AVX512,"avx2,avx512f,avx512bw,avx512vl,avx512_vnni,avx512_bf16,amx_bf16,amx_int8,amx_tile,fma",True,True,,256,128,sh14l07002s1404,3.11.9,2.1.2+cu121
20260424_010536,2026-04-24T06:14:14.586808,cpu,full_mlp_capacity_search_hd256_depth5,/home/liangyi/SRS_AI/Model_AIIC_refactor/experiments_refactored/20260422_050408_full_mlp_capacity_search_v2/full_mlp_capacity_search_hd256_depth5,full_mlp_capacity_search_v2,full_mlp_capacity_search_hd256_depth5,supervised_nmse_plateau,full_mlp,12,6,compile,fp32,float32,64,1,ok,,493.60752,20,50,0.20810472,0.005009476236254646,0.201478,0.2069515,0.2135128,0.2169791,0.22428764999999998,0.225324,307537.47440231056,307.5374744023106,206.9515,3.2336171875,307537.47440231056,174992,174080,349144,single-thread,0.0078125,0.00390625,Intel(R) Xeon(R) 6760P,AVX512,"avx2,avx512f,avx512bw,avx512vl,avx512_vnni,avx512_bf16,amx_bf16,amx_int8,amx_tile,fma",True,True,,256,128,sh14l07002s1404,3.11.9,2.1.2+cu121
20260424_010536,2026-04-24T06:14:14.586808,cpu,full_mlp_capacity_search_hd256_depth5,/home/liangyi/SRS_AI/Model_AIIC_refactor/experiments_refactored/20260422_050408_full_mlp_capacity_search_v2/full_mlp_capacity_search_hd256_depth5,full_mlp_capacity_search_v2,full_mlp_capacity_search_hd256_depth5,supervised_nmse_plateau,full_mlp,12,6,compile,fp32,float32,64,2,ok,,513.09335,20,50,0.21729404,0.012409916397720011,0.189729,0.220557,0.230757,0.2319864,0.23344916,0.233555,294531.7782300886,294.5317782300886,220.55700000000002,3.4462031250000003,147265.8891150443,174992,174080,349144,sub-physical,0.015625,0.0078125,Intel(R) Xeon(R) 6760P,AVX512,"avx2,avx512f,avx512bw,avx512vl,avx512_vnni,avx512_bf16,amx_bf16,amx_int8,amx_tile,fma",True,True,,256,128,sh14l07002s1404,3.11.9,2.1.2+cu121
20260424_010536,2026-04-24T06:14:14.586808,cpu,full_mlp_capacity_search_hd256_depth5,/home/liangyi/SRS_AI/Model_AIIC_refactor/experiments_refactored/20260422_050408_full_mlp_capacity_search_v2/full_mlp_capacity_search_hd256_depth5,full_mlp_capacity_search_v2,full_mlp_capacity_search_hd256_depth5,supervised_nmse_plateau,full_mlp,12,6,compile,fp32,float32,64,4,ok,,509.997828,20,50,0.23652310000000001,0.04871398872654548,0.186811,0.2055475,0.30844780000000005,0.3125294,0.31759997,0.320857,270586.6784259127,270.5866784259127,205.54749999999999,3.2116796874999998,67646.66960647817,174992,174080,349144,sub-physical,0.03125,0.015625,Intel(R) Xeon(R) 6760P,AVX512,"avx2,avx512f,avx512bw,avx512vl,avx512_vnni,avx512_bf16,amx_bf16,amx_int8,amx_tile,fma",True,True,,256,128,sh14l07002s1404,3.11.9,2.1.2+cu121
20260424_010536,2026-04-24T06:14:14.586808,cpu,full_mlp_capacity_search_hd256_depth5,/home/liangyi/SRS_AI/Model_AIIC_refactor/experiments_refactored/20260422_050408_full_mlp_capacity_search_v2/full_mlp_capacity_search_hd256_depth5,full_mlp_capacity_search_v2,full_mlp_capacity_search_hd256_depth5,supervised_nmse_plateau,full_mlp,12,6,compile,fp32,float32,64,8,ok,,511.584615,20,50,0.20412162,0.0211349127378279,0.162074,0.201146,0.2344743,0.2370851,0.24723774999999998,0.249259,313538.56588047853,313.53856588047853,201.146,3.14290625,39192.32073505982,174992,174080,349144,sub-physical,0.0625,0.03125,Intel(R) Xeon(R) 6760P,AVX512,"avx2,avx512f,avx512bw,avx512vl,avx512_vnni,avx512_bf16,amx_bf16,amx_int8,amx_tile,fma",True,True,,256,128,sh14l07002s1404,3.11.9,2.1.2+cu121
20260424_010536,2026-04-24T06:14:14.586808,cpu,full_mlp_capacity_search_hd256_depth5,/home/liangyi/SRS_AI/Model_AIIC_refactor/experiments_refactored/20260422_050408_full_mlp_capacity_search_v2/full_mlp_capacity_search_hd256_depth5,full_mlp_capacity_search_v2,full_mlp_capacity_search_hd256_depth5,supervised_nmse_plateau,full_mlp,12,6,compile,fp32,float32,64,128,ok,,635.968486,20,50,0.6176883400000001,0.09246655181363907,0.556802,0.6030825,0.6473351,0.6543816499999999,0.970091539999999,1.237609,103612.12257948724,103.61212257948725,603.0825,9.4231640625,809.4697076522441,174992,174080,349144,all-physical,1.0,0.5,Intel(R) Xeon(R) 6760P,AVX512,"avx2,avx512f,avx512bw,avx512vl,avx512_vnni,avx512_bf16,amx_bf16,amx_int8,amx_tile,fma",True,True,,256,128,sh14l07002s1404,3.11.9,2.1.2+cu121
20260424_010536,2026-04-24T06:14:14.586808,cpu,full_mlp_capacity_search_hd256_depth5,/home/liangyi/SRS_AI/Model_AIIC_refactor/experiments_refactored/20260422_050408_full_mlp_capacity_search_v2/full_mlp_capacity_search_hd256_depth5,full_mlp_capacity_search_v2,full_mlp_capacity_search_hd256_depth5,supervised_nmse_plateau,full_mlp,12,6,compile,fp32,float32,128,1,ok,,508.89542,20,50,0.33576368,0.006249578652805323,0.325933,0.334816,0.3437291,0.34712624999999997,0.34916063999999997,0.350809,381220.50604163023,381.22050604163024,334.81600000000003,2.6157500000000002,381220.50604163023,174992,174080,349144,single-thread,0.0078125,0.00390625,Intel(R) Xeon(R) 6760P,AVX512,"avx2,avx512f,avx512bw,avx512vl,avx512_vnni,avx512_bf16,amx_bf16,amx_int8,amx_tile,fma",True,True,,256,128,sh14l07002s1404,3.11.9,2.1.2+cu121
20260424_010536,2026-04-24T06:14:14.586808,cpu,full_mlp_capacity_search_hd256_depth5,/home/liangyi/SRS_AI/Model_AIIC_refactor/experiments_refactored/20260422_050408_full_mlp_capacity_search_v2/full_mlp_capacity_search_hd256_depth5,full_mlp_capacity_search_v2,full_mlp_capacity_search_hd256_depth5,supervised_nmse_plateau,full_mlp,12,6,compile,fp32,float32,128,2,ok,,511.015334,20,50,0.31334572,0.026791671764964574,0.295539,0.3057615,0.32013349999999996,0.3660899499999998,0.42363743,0.425643,408494.4897284699,408.49448972846994,305.7615,2.38876171875,204247.24486423496,174992,174080,349144,sub-physical,0.015625,0.0078125,Intel(R) Xeon(R) 6760P,AVX512,"avx2,avx512f,avx512bw,avx512vl,avx512_vnni,avx512_bf16,amx_bf16,amx_int8,amx_tile,fma",True,True,,256,128,sh14l07002s1404,3.11.9,2.1.2+cu121
20260424_010536,2026-04-24T06:14:14.586808,cpu,full_mlp_capacity_search_hd256_depth5,/home/liangyi/SRS_AI/Model_AIIC_refactor/experiments_refactored/20260422_050408_full_mlp_capacity_search_v2/full_mlp_capacity_search_hd256_depth5,full_mlp_capacity_search_v2,full_mlp_capacity_search_hd256_depth5,supervised_nmse_plateau,full_mlp,12,6,compile,fp32,float32,128,4,ok,,506.372316,20,50,0.28765114,0.02286502345593374,0.266382,0.2760905,0.32856599999999997,0.3290279,0.32993787,0.330642,444983.46156389295,444.98346156389294,276.0905,2.15695703125,111245.86539097324,174992,174080,349144,sub-physical,0.03125,0.015625,Intel(R) Xeon(R) 6760P,AVX512,"avx2,avx512f,avx512bw,avx512vl,avx512_vnni,avx512_bf16,amx_bf16,amx_int8,amx_tile,fma",True,True,,256,128,sh14l07002s1404,3.11.9,2.1.2+cu121
20260424_010536,2026-04-24T06:14:14.586808,cpu,full_mlp_capacity_search_hd256_depth5,/home/liangyi/SRS_AI/Model_AIIC_refactor/experiments_refactored/20260422_050408_full_mlp_capacity_search_v2/full_mlp_capacity_search_hd256_depth5,full_mlp_capacity_search_v2,full_mlp_capacity_search_hd256_depth5,supervised_nmse_plateau,full_mlp,12,6,compile,fp32,float32,128,8,ok,,510.244425,20,50,0.26254212,0.048533722931850175,0.217621,0.23791800000000002,0.348155,0.35020419999999997,0.35570085999999995,0.35638,487540.81821233104,487.54081821233103,237.918,1.858734375,60942.60227654138,174992,174080,349144,sub-physical,0.0625,0.03125,Intel(R) Xeon(R) 6760P,AVX512,"avx2,avx512f,avx512bw,avx512vl,avx512_vnni,avx512_bf16,amx_bf16,amx_int8,amx_tile,fma",True,True,,256,128,sh14l07002s1404,3.11.9,2.1.2+cu121
20260424_010536,2026-04-24T06:14:14.586808,cpu,full_mlp_capacity_search_hd256_depth5,/home/liangyi/SRS_AI/Model_AIIC_refactor/experiments_refactored/20260422_050408_full_mlp_capacity_search_v2/full_mlp_capacity_search_hd256_depth5,full_mlp_capacity_search_v2,full_mlp_capacity_search_hd256_depth5,supervised_nmse_plateau,full_mlp,12,6,compile,fp32,float32,128,128,ok,,550.19928,20,50,0.7893885,0.06951553389775554,0.643429,0.8150455,0.8538278,0.86136145,0.87056465,0.87067,162150.82940782642,162.15082940782642,815.0455,6.36754296875,1266.8033547486439,174992,174080,349144,all-physical,1.0,0.5,Intel(R) Xeon(R) 6760P,AVX512,"avx2,avx512f,avx512bw,avx512vl,avx512_vnni,avx512_bf16,amx_bf16,amx_int8,amx_tile,fma",True,True,,256,128,sh14l07002s1404,3.11.9,2.1.2+cu121
20260424_010536,2026-04-24T06:14:14.586808,cpu,full_mlp_capacity_search_hd256_depth5,/home/liangyi/SRS_AI/Model_AIIC_refactor/experiments_refactored/20260422_050408_full_mlp_capacity_search_v2/full_mlp_capacity_search_hd256_depth5,full_mlp_capacity_search_v2,full_mlp_capacity_search_hd256_depth5,supervised_nmse_plateau,full_mlp,12,6,compile,bf16,bfloat16,1,1,ok,,503.377893,20,50,0.1007279,0.0024715344727516946,0.097562,0.1005515,0.1029818,0.10428675,0.10929527999999998,0.112249,9927.736009586222,9.927736009586223,100.5515,100.5515,9927.736009586222,174992,174080,349144,single-thread,0.0078125,0.00390625,Intel(R) Xeon(R) 6760P,AVX512,"avx2,avx512f,avx512bw,avx512vl,avx512_vnni,avx512_bf16,amx_bf16,amx_int8,amx_tile,fma",True,True,,256,128,sh14l07002s1404,3.11.9,2.1.2+cu121
20260424_010536,2026-04-24T06:14:14.586808,cpu,full_mlp_capacity_search_hd256_depth5,/home/liangyi/SRS_AI/Model_AIIC_refactor/experiments_refactored/20260422_050408_full_mlp_capacity_search_v2/full_mlp_capacity_search_hd256_depth5,full_mlp_capacity_search_v2,full_mlp_capacity_search_hd256_depth5,supervised_nmse_plateau,full_mlp,12,6,compile,bf16,bfloat16,1,2,ok,,508.494097,20,50,0.13842506,0.007505374280900321,0.121978,0.140315,0.145206,0.14821399999999998,0.15304755,0.15354,7224.125458208217,7.224125458208217,140.315,140.315,3612.0627291041087,174992,174080,349144,sub-physical,0.015625,0.0078125,Intel(R) Xeon(R) 6760P,AVX512,"avx2,avx512f,avx512bw,avx512vl,avx512_vnni,avx512_bf16,amx_bf16,amx_int8,amx_tile,fma",True,True,,256,128,sh14l07002s1404,3.11.9,2.1.2+cu121
20260424_010536,2026-04-24T06:14:14.586808,cpu,full_mlp_capacity_search_hd256_depth5,/home/liangyi/SRS_AI/Model_AIIC_refactor/experiments_refactored/20260422_050408_full_mlp_capacity_search_v2/full_mlp_capacity_search_hd256_depth5,full_mlp_capacity_search_v2,full_mlp_capacity_search_hd256_depth5,supervised_nmse_plateau,full_mlp,12,6,compile,bf16,bfloat16,1,4,ok,,503.479715,20,50,0.13124978,0.004814526657066092,0.117621,0.13073800000000002,0.1361967,0.13940424999999998,0.14234632,0.142803,7619.060390044082,7.619060390044082,130.73800000000003,130.73800000000003,1904.7650975110205,174992,174080,349144,sub-physical,0.03125,0.015625,Intel(R) Xeon(R) 6760P,AVX512,"avx2,avx512f,avx512bw,avx512vl,avx512_vnni,avx512_bf16,amx_bf16,amx_int8,amx_tile,fma",True,True,,256,128,sh14l07002s1404,3.11.9,2.1.2+cu121
20260424_010536,2026-04-24T06:14:14.586808,cpu,full_mlp_capacity_search_hd256_depth5,/home/liangyi/SRS_AI/Model_AIIC_refactor/experiments_refactored/20260422_050408_full_mlp_capacity_search_v2/full_mlp_capacity_search_hd256_depth5,full_mlp_capacity_search_v2,full_mlp_capacity_search_hd256_depth5,supervised_nmse_plateau,full_mlp,12,6,compile,bf16,bfloat16,1,8,ok,,511.15436,20,50,0.1201792,0.005106855917293926,0.113738,0.118756,0.1267035,0.12909325,0.13513493999999998,0.140032,8320.907444882308,8.320907444882309,118.756,118.756,1040.1134306102886,174992,174080,349144,sub-physical,0.0625,0.03125,Intel(R) Xeon(R) 6760P,AVX512,"avx2,avx512f,avx512bw,avx512vl,avx512_vnni,avx512_bf16,amx_bf16,amx_int8,amx_tile,fma",True,True,,256,128,sh14l07002s1404,3.11.9,2.1.2+cu121
20260424_010536,2026-04-24T06:14:14.586808,cpu,full_mlp_capacity_search_hd256_depth5,/home/liangyi/SRS_AI/Model_AIIC_refactor/experiments_refactored/20260422_050408_full_mlp_capacity_search_v2/full_mlp_capacity_search_hd256_depth5,full_mlp_capacity_search_v2,full_mlp_capacity_search_hd256_depth5,supervised_nmse_plateau,full_mlp,12,6,compile,bf16,bfloat16,1,128,ok,,608.505703,20,50,0.47776878,0.024062117553773188,0.416691,0.4795595,0.5081557,0.5136094499999999,0.5271873599999999,0.536368,2093.0626735384426,2.0930626735384426,479.5595,479.5595,16.352052137019083,174992,174080,349144,all-physical,1.0,0.5,Intel(R) Xeon(R) 6760P,AVX512,"avx2,avx512f,avx512bw,avx512vl,avx512_vnni,avx512_bf16,amx_bf16,amx_int8,amx_tile,fma",True,True,,256,128,sh14l07002s1404,3.11.9,2.1.2+cu121
20260424_010536,2026-04-24T06:14:14.586808,cpu,full_mlp_capacity_search_hd256_depth5,/home/liangyi/SRS_AI/Model_AIIC_refactor/experiments_refactored/20260422_050408_full_mlp_capacity_search_v2/full_mlp_capacity_search_hd256_depth5,full_mlp_capacity_search_v2,full_mlp_capacity_search_hd256_depth5,supervised_nmse_plateau,full_mlp,12,6,compile,bf16,bfloat16,2,1,ok,,500.155378,20,50,0.12019378,0.0040261512107222204,0.114785,0.119232,0.12421940000000001,0.12907185,0.13217019,0.132694,16639.796169152847,16.63979616915285,119.232,59.616,16639.796169152847,174992,174080,349144,single-thread,0.0078125,0.00390625,Intel(R) Xeon(R) 6760P,AVX512,"avx2,avx512f,avx512bw,avx512vl,avx512_vnni,avx512_bf16,amx_bf16,amx_int8,amx_tile,fma",True,True,,256,128,sh14l07002s1404,3.11.9,2.1.2+cu121
20260424_010536,2026-04-24T06:14:14.586808,cpu,full_mlp_capacity_search_hd256_depth5,/home/liangyi/SRS_AI/Model_AIIC_refactor/experiments_refactored/20260422_050408_full_mlp_capacity_search_v2/full_mlp_capacity_search_hd256_depth5,full_mlp_capacity_search_v2,full_mlp_capacity_search_hd256_depth5,supervised_nmse_plateau,full_mlp,12,6,compile,bf16,bfloat16,2,2,ok,,504.453898,20,50,0.13361686,0.003760691622614118,0.128014,0.1323695,0.1397012,0.14025875000000002,0.14485214,0.147946,14968.170932919691,14.96817093291969,132.3695,66.18475,7484.0854664598455,174992,174080,349144,sub-physical,0.015625,0.0078125,Intel(R) Xeon(R) 6760P,AVX512,"avx2,avx512f,avx512bw,avx512vl,avx512_vnni,avx512_bf16,amx_bf16,amx_int8,amx_tile,fma",True,True,,256,128,sh14l07002s1404,3.11.9,2.1.2+cu121
20260424_010536,2026-04-24T06:14:14.586808,cpu,full_mlp_capacity_search_hd256_depth5,/home/liangyi/SRS_AI/Model_AIIC_refactor/experiments_refactored/20260422_050408_full_mlp_capacity_search_v2/full_mlp_capacity_search_hd256_depth5,full_mlp_capacity_search_v2,full_mlp_capacity_search_hd256_depth5,supervised_nmse_plateau,full_mlp,12,6,compile,bf16,bfloat16,2,4,ok,,508.833684,20,50,0.13780484,0.004082367408061163,0.132009,0.1366015,0.14319810000000002,0.14607225,0.14940891,0.15085,14513.27834348924,14.51327834348924,136.6015,68.30075,3628.31958587231,174992,174080,349144,sub-physical,0.03125,0.015625,Intel(R) Xeon(R) 6760P,AVX512,"avx2,avx512f,avx512bw,avx512vl,avx512_vnni,avx512_bf16,amx_bf16,amx_int8,amx_tile,fma",True,True,,256,128,sh14l07002s1404,3.11.9,2.1.2+cu121
20260424_010536,2026-04-24T06:14:14.586808,cpu,full_mlp_capacity_search_hd256_depth5,/home/liangyi/SRS_AI/Model_AIIC_refactor/experiments_refactored/20260422_050408_full_mlp_capacity_search_v2/full_mlp_capacity_search_hd256_depth5,full_mlp_capacity_search_v2,full_mlp_capacity_search_hd256_depth5,supervised_nmse_plateau,full_mlp,12,6,compile,bf16,bfloat16,2,8,ok,,517.95141,20,50,0.12766356,0.005031368104839876,0.121469,0.125702,0.13565000000000002,0.1366427,0.14091942,0.142312,15666.177568602974,15.666177568602974,125.70200000000001,62.851000000000006,1958.2721960753718,174992,174080,349144,sub-physical,0.0625,0.03125,Intel(R) Xeon(R) 6760P,AVX512,"avx2,avx512f,avx512bw,avx512vl,avx512_vnni,avx512_bf16,amx_bf16,amx_int8,amx_tile,fma",True,True,,256,128,sh14l07002s1404,3.11.9,2.1.2+cu121
20260424_010536,2026-04-24T06:14:14.586808,cpu,full_mlp_capacity_search_hd256_depth5,/home/liangyi/SRS_AI/Model_AIIC_refactor/experiments_refactored/20260422_050408_full_mlp_capacity_search_v2/full_mlp_capacity_search_hd256_depth5,full_mlp_capacity_search_v2,full_mlp_capacity_search_hd256_depth5,supervised_nmse_plateau,full_mlp,12,6,compile,bf16,bfloat16,2,128,ok,,683.744052,20,50,0.45668098,0.02361857113924549,0.400329,0.45452349999999997,0.4917533,0.49457914999999997,0.49961208,0.502066,4379.4247791970665,4.379424779197066,454.52349999999996,227.26174999999998,34.21425608747708,174992,174080,349144,all-physical,1.0,0.5,Intel(R) Xeon(R) 6760P,AVX512,"avx2,avx512f,avx512bw,avx512vl,avx512_vnni,avx512_bf16,amx_bf16,amx_int8,amx_tile,fma",True,True,,256,128,sh14l07002s1404,3.11.9,2.1.2+cu121
20260424_010536,2026-04-24T06:14:14.586808,cpu,full_mlp_capacity_search_hd256_depth5,/home/liangyi/SRS_AI/Model_AIIC_refactor/experiments_refactored/20260422_050408_full_mlp_capacity_search_v2/full_mlp_capacity_search_hd256_depth5,full_mlp_capacity_search_v2,full_mlp_capacity_search_hd256_depth5,supervised_nmse_plateau,full_mlp,12,6,compile,bf16,bfloat16,4,1,ok,,498.519267,20,50,0.123248,0.00254221624571947,0.119049,0.12273600000000001,0.1260616,0.1268094,0.13107396999999998,0.134576,32454.887706088535,32.454887706088535,122.73600000000002,30.684000000000005,32454.887706088535,174992,174080,349144,single-thread,0.0078125,0.00390625,Intel(R) Xeon(R) 6760P,AVX512,"avx2,avx512f,avx512bw,avx512vl,avx512_vnni,avx512_bf16,amx_bf16,amx_int8,amx_tile,fma",True,True,,256,128,sh14l07002s1404,3.11.9,2.1.2+cu121
20260424_010536,2026-04-24T06:14:14.586808,cpu,full_mlp_capacity_search_hd256_depth5,/home/liangyi/SRS_AI/Model_AIIC_refactor/experiments_refactored/20260422_050408_full_mlp_capacity_search_v2/full_mlp_capacity_search_hd256_depth5,full_mlp_capacity_search_v2,full_mlp_capacity_search_hd256_depth5,supervised_nmse_plateau,full_mlp,12,6,compile,bf16,bfloat16,4,2,ok,,507.503299,20,50,0.13040818,0.0074659650540034005,0.117349,0.130979,0.1390134,0.1422679,0.14916245,0.151806,30672.922511455952,30.67292251145595,130.979,32.74475,15336.461255727976,174992,174080,349144,sub-physical,0.015625,0.0078125,Intel(R) Xeon(R) 6760P,AVX512,"avx2,avx512f,avx512bw,avx512vl,avx512_vnni,avx512_bf16,amx_bf16,amx_int8,amx_tile,fma",True,True,,256,128,sh14l07002s1404,3.11.9,2.1.2+cu121
20260424_010536,2026-04-24T06:14:14.586808,cpu,full_mlp_capacity_search_hd256_depth5,/home/liangyi/SRS_AI/Model_AIIC_refactor/experiments_refactored/20260422_050408_full_mlp_capacity_search_v2/full_mlp_capacity_search_hd256_depth5,full_mlp_capacity_search_v2,full_mlp_capacity_search_hd256_depth5,supervised_nmse_plateau,full_mlp,12,6,compile,bf16,bfloat16,4,4,ok,,521.595271,20,50,0.12739862,0.006570342432141571,0.113985,0.1264135,0.1340719,0.13813579999999998,0.14332693999999999,0.144402,31397.51435298122,31.39751435298122,126.41350000000001,31.603375000000003,7849.378588245305,174992,174080,349144,sub-physical,0.03125,0.015625,Intel(R) Xeon(R) 6760P,AVX512,"avx2,avx512f,avx512bw,avx512vl,avx512_vnni,avx512_bf16,amx_bf16,amx_int8,amx_tile,fma",True,True,,256,128,sh14l07002s1404,3.11.9,2.1.2+cu121
20260424_010536,2026-04-24T06:14:14.586808,cpu,full_mlp_capacity_search_hd256_depth5,/home/liangyi/SRS_AI/Model_AIIC_refactor/experiments_refactored/20260422_050408_full_mlp_capacity_search_v2/full_mlp_capacity_search_hd256_depth5,full_mlp_capacity_search_v2,full_mlp_capacity_search_hd256_depth5,supervised_nmse_plateau,full_mlp,12,6,compile,bf16,bfloat16,4,8,ok,,511.852617,20,50,0.14354178,0.006032839823134704,0.128148,0.1436115,0.1503011,0.15379045,0.15650419999999998,0.157347,27866.451147533488,27.86645114753349,143.6115,35.902875,3483.306393441686,174992,174080,349144,sub-physical,0.0625,0.03125,Intel(R) Xeon(R) 6760P,AVX512,"avx2,avx512f,avx512bw,avx512vl,avx512_vnni,avx512_bf16,amx_bf16,amx_int8,amx_tile,fma",True,True,,256,128,sh14l07002s1404,3.11.9,2.1.2+cu121
20260424_010536,2026-04-24T06:14:14.586808,cpu,full_mlp_capacity_search_hd256_depth5,/home/liangyi/SRS_AI/Model_AIIC_refactor/experiments_refactored/20260422_050408_full_mlp_capacity_search_v2/full_mlp_capacity_search_hd256_depth5,full_mlp_capacity_search_v2,full_mlp_capacity_search_hd256_depth5,supervised_nmse_plateau,full_mlp,12,6,compile,bf16,bfloat16,4,128,ok,,665.562436,20,50,0.509156,0.02143715044123169,0.474792,0.509233,0.5360208,0.5469002000000001,0.55233051,0.556153,7856.138393733942,7.856138393733942,509.23300000000006,127.30825000000002,61.376081201046425,174992,174080,349144,all-physical,1.0,0.5,Intel(R) Xeon(R) 6760P,AVX512,"avx2,avx512f,avx512bw,avx512vl,avx512_vnni,avx512_bf16,amx_bf16,amx_int8,amx_tile,fma",True,True,,256,128,sh14l07002s1404,3.11.9,2.1.2+cu121
20260424_010536,2026-04-24T06:14:14.586808,cpu,full_mlp_capacity_search_hd256_depth5,/home/liangyi/SRS_AI/Model_AIIC_refactor/experiments_refactored/20260422_050408_full_mlp_capacity_search_v2/full_mlp_capacity_search_hd256_depth5,full_mlp_capacity_search_v2,full_mlp_capacity_search_hd256_depth5,supervised_nmse_plateau,full_mlp,12,6,compile,bf16,bfloat16,8,1,ok,,500.914591,20,50,0.11294964,0.004219560288750476,0.107571,0.111068,0.1177383,0.11945835,0.12624995,0.127154,70828.02565816056,70.82802565816057,111.068,13.8835,70828.02565816056,174992,174080,349144,single-thread,0.0078125,0.00390625,Intel(R) Xeon(R) 6760P,AVX512,"avx2,avx512f,avx512bw,avx512vl,avx512_vnni,avx512_bf16,amx_bf16,amx_int8,amx_tile,fma",True,True,,256,128,sh14l07002s1404,3.11.9,2.1.2+cu121
20260424_010536,2026-04-24T06:14:14.586808,cpu,full_mlp_capacity_search_hd256_depth5,/home/liangyi/SRS_AI/Model_AIIC_refactor/experiments_refactored/20260422_050408_full_mlp_capacity_search_v2/full_mlp_capacity_search_hd256_depth5,full_mlp_capacity_search_v2,full_mlp_capacity_search_hd256_depth5,supervised_nmse_plateau,full_mlp,12,6,compile,bf16,bfloat16,8,2,ok,,510.055052,20,50,0.12013822,0.003834826104479837,0.114786,0.11909800000000001,0.1263307,0.1274404,0.13018294,0.131454,66589.96612401948,66.58996612401948,119.09800000000001,14.887250000000002,33294.98306200974,174992,174080,349144,sub-physical,0.015625,0.0078125,Intel(R) Xeon(R) 6760P,AVX512,"avx2,avx512f,avx512bw,avx512vl,avx512_vnni,avx512_bf16,amx_bf16,amx_int8,amx_tile,fma",True,True,,256,128,sh14l07002s1404,3.11.9,2.1.2+cu121
20260424_010536,2026-04-24T06:14:14.586808,cpu,full_mlp_capacity_search_hd256_depth5,/home/liangyi/SRS_AI/Model_AIIC_refactor/experiments_refactored/20260422_050408_full_mlp_capacity_search_v2/full_mlp_capacity_search_hd256_depth5,full_mlp_capacity_search_v2,full_mlp_capacity_search_hd256_depth5,supervised_nmse_plateau,full_mlp,12,6,compile,bf16,bfloat16,8,4,ok,,505.746665,20,50,0.12875876,0.008861884067307582,0.116708,0.130309,0.13815329999999998,0.1397283,0.14676873999999998,0.149745,62131.69496195832,62.13169496195832,130.309,16.288625,15532.92374048958,174992,174080,349144,sub-physical,0.03125,0.015625,Intel(R) Xeon(R) 6760P,AVX512,"avx2,avx512f,avx512bw,avx512vl,avx512_vnni,avx512_bf16,amx_bf16,amx_int8,amx_tile,fma",True,True,,256,128,sh14l07002s1404,3.11.9,2.1.2+cu121
20260424_010536,2026-04-24T06:14:14.586808,cpu,full_mlp_capacity_search_hd256_depth5,/home/liangyi/SRS_AI/Model_AIIC_refactor/experiments_refactored/20260422_050408_full_mlp_capacity_search_v2/full_mlp_capacity_search_hd256_depth5,full_mlp_capacity_search_v2,full_mlp_capacity_search_hd256_depth5,supervised_nmse_plateau,full_mlp,12,6,compile,bf16,bfloat16,8,8,ok,,505.658611,20,50,0.14260974,0.004949897004221402,0.13574,0.141743,0.1488906,0.15052645,0.15621666,0.157621,56097.150166601525,56.09715016660152,141.743,17.717875,7012.143770825191,174992,174080,349144,sub-physical,0.0625,0.03125,Intel(R) Xeon(R) 6760P,AVX512,"avx2,avx512f,avx512bw,avx512vl,avx512_vnni,avx512_bf16,amx_bf16,amx_int8,amx_tile,fma",True,True,,256,128,sh14l07002s1404,3.11.9,2.1.2+cu121
20260424_010536,2026-04-24T06:14:14.586808,cpu,full_mlp_capacity_search_hd256_depth5,/home/liangyi/SRS_AI/Model_AIIC_refactor/experiments_refactored/20260422_050408_full_mlp_capacity_search_v2/full_mlp_capacity_search_hd256_depth5,full_mlp_capacity_search_v2,full_mlp_capacity_search_hd256_depth5,supervised_nmse_plateau,full_mlp,12,6,compile,bf16,bfloat16,8,128,ok,,552.707703,20,50,0.47623094,0.025137394339437815,0.433527,0.47489000000000003,0.506257,0.5107022,0.54284142,0.543401,16798.57255809545,16.79857255809545,474.89000000000004,59.361250000000005,131.2388481101207,174992,174080,349144,all-physical,1.0,0.5,Intel(R) Xeon(R) 6760P,AVX512,"avx2,avx512f,avx512bw,avx512vl,avx512_vnni,avx512_bf16,amx_bf16,amx_int8,amx_tile,fma",True,True,,256,128,sh14l07002s1404,3.11.9,2.1.2+cu121
20260424_010536,2026-04-24T06:14:14.586808,cpu,full_mlp_capacity_search_hd256_depth5,/home/liangyi/SRS_AI/Model_AIIC_refactor/experiments_refactored/20260422_050408_full_mlp_capacity_search_v2/full_mlp_capacity_search_hd256_depth5,full_mlp_capacity_search_v2,full_mlp_capacity_search_hd256_depth5,supervised_nmse_plateau,full_mlp,12,6,compile,bf16,bfloat16,16,1,ok,,495.388102,20,50,0.11524908,0.004172033637640042,0.110479,0.1132425,0.12108790000000001,0.1221244,0.12823495999999998,0.130046,138829.74163438007,138.82974163438007,113.24249999999999,7.0776562499999995,138829.74163438007,174992,174080,349144,single-thread,0.0078125,0.00390625,Intel(R) Xeon(R) 6760P,AVX512,"avx2,avx512f,avx512bw,avx512vl,avx512_vnni,avx512_bf16,amx_bf16,amx_int8,amx_tile,fma",True,True,,256,128,sh14l07002s1404,3.11.9,2.1.2+cu121
20260424_010536,2026-04-24T06:14:14.586808,cpu,full_mlp_capacity_search_hd256_depth5,/home/liangyi/SRS_AI/Model_AIIC_refactor/experiments_refactored/20260422_050408_full_mlp_capacity_search_v2/full_mlp_capacity_search_hd256_depth5,full_mlp_capacity_search_v2,full_mlp_capacity_search_hd256_depth5,supervised_nmse_plateau,full_mlp,12,6,compile,bf16,bfloat16,16,2,ok,,505.319456,20,50,0.15770632,0.004528976000996253,0.151221,0.1571755,0.16177729999999999,0.16756195,0.17107877,0.17266,101454.39954467265,101.45439954467265,157.1755,9.82346875,50727.199772336324,174992,174080,349144,sub-physical,0.015625,0.0078125,Intel(R) Xeon(R) 6760P,AVX512,"avx2,avx512f,avx512bw,avx512vl,avx512_vnni,avx512_bf16,amx_bf16,amx_int8,amx_tile,fma",True,True,,256,128,sh14l07002s1404,3.11.9,2.1.2+cu121
20260424_010536,2026-04-24T06:14:14.586808,cpu,full_mlp_capacity_search_hd256_depth5,/home/liangyi/SRS_AI/Model_AIIC_refactor/experiments_refactored/20260422_050408_full_mlp_capacity_search_v2/full_mlp_capacity_search_hd256_depth5,full_mlp_capacity_search_v2,full_mlp_capacity_search_hd256_depth5,supervised_nmse_plateau,full_mlp,12,6,compile,bf16,bfloat16,16,4,ok,,503.592784,20,50,0.15067806,0.004748236411174153,0.143239,0.151051,0.1563764,0.15881825,0.16313077999999998,0.164149,106186.66048660301,106.18666048660302,151.051,9.4406875,26546.665121650753,174992,174080,349144,sub-physical,0.03125,0.015625,Intel(R) Xeon(R) 6760P,AVX512,"avx2,avx512f,avx512bw,avx512vl,avx512_vnni,avx512_bf16,amx_bf16,amx_int8,amx_tile,fma",True,True,,256,128,sh14l07002s1404,3.11.9,2.1.2+cu121
20260424_010536,2026-04-24T06:14:14.586808,cpu,full_mlp_capacity_search_hd256_depth5,/home/liangyi/SRS_AI/Model_AIIC_refactor/experiments_refactored/20260422_050408_full_mlp_capacity_search_v2/full_mlp_capacity_search_hd256_depth5,full_mlp_capacity_search_v2,full_mlp_capacity_search_hd256_depth5,supervised_nmse_plateau,full_mlp,12,6,compile,bf16,bfloat16,16,8,ok,,519.962144,20,50,0.14876656,0.004375379513413667,0.143383,0.147561,0.1563119,0.15739825000000002,0.16182565,0.16345,107551.05179551103,107.55105179551103,147.561,9.2225625,13443.881474438878,174992,174080,349144,sub-physical,0.0625,0.03125,Intel(R) Xeon(R) 6760P,AVX512,"avx2,avx512f,avx512bw,avx512vl,avx512_vnni,avx512_bf16,amx_bf16,amx_int8,amx_tile,fma",True,True,,256,128,sh14l07002s1404,3.11.9,2.1.2+cu121
20260424_010536,2026-04-24T06:14:14.586808,cpu,full_mlp_capacity_search_hd256_depth5,/home/liangyi/SRS_AI/Model_AIIC_refactor/experiments_refactored/20260422_050408_full_mlp_capacity_search_v2/full_mlp_capacity_search_hd256_depth5,full_mlp_capacity_search_v2,full_mlp_capacity_search_hd256_depth5,supervised_nmse_plateau,full_mlp,12,6,compile,bf16,bfloat16,16,128,ok,,651.044522,20,50,0.51344508,0.024464211109978585,0.464761,0.5135715000000001,0.5421801,0.54693825,0.5702002099999999,0.585768,31162.047555310106,31.162047555310107,513.5715,32.09821875,243.4534965258602,174992,174080,349144,all-physical,1.0,0.5,Intel(R) Xeon(R) 6760P,AVX512,"avx2,avx512f,avx512bw,avx512vl,avx512_vnni,avx512_bf16,amx_bf16,amx_int8,amx_tile,fma",True,True,,256,128,sh14l07002s1404,3.11.9,2.1.2+cu121
20260424_010536,2026-04-24T06:14:14.586808,cpu,full_mlp_capacity_search_hd256_depth5,/home/liangyi/SRS_AI/Model_AIIC_refactor/experiments_refactored/20260422_050408_full_mlp_capacity_search_v2/full_mlp_capacity_search_hd256_depth5,full_mlp_capacity_search_v2,full_mlp_capacity_search_hd256_depth5,supervised_nmse_plateau,full_mlp,12,6,compile,bf16,bfloat16,32,1,ok,,497.964606,20,50,0.1196245,0.003472866776886207,0.114646,0.118163,0.1239063,0.12566699999999997,0.13008207,0.132119,267503.73042311566,267.50373042311566,118.16300000000001,3.6925937500000003,267503.73042311566,174992,174080,349144,single-thread,0.0078125,0.00390625,Intel(R) Xeon(R) 6760P,AVX512,"avx2,avx512f,avx512bw,avx512vl,avx512_vnni,avx512_bf16,amx_bf16,amx_int8,amx_tile,fma",True,True,,256,128,sh14l07002s1404,3.11.9,2.1.2+cu121
20260424_010536,2026-04-24T06:14:14.586808,cpu,full_mlp_capacity_search_hd256_depth5,/home/liangyi/SRS_AI/Model_AIIC_refactor/experiments_refactored/20260422_050408_full_mlp_capacity_search_v2/full_mlp_capacity_search_hd256_depth5,full_mlp_capacity_search_v2,full_mlp_capacity_search_hd256_depth5,supervised_nmse_plateau,full_mlp,12,6,compile,bf16,bfloat16,32,2,ok,,500.937611,20,50,0.1748964,0.012302684970363176,0.152689,0.167824,0.1909616,0.1918636,0.19970937,0.199948,182965.45840852067,182.96545840852067,167.824,5.2445,91482.72920426034,174992,174080,349144,sub-physical,0.015625,0.0078125,Intel(R) Xeon(R) 6760P,AVX512,"avx2,avx512f,avx512bw,avx512vl,avx512_vnni,avx512_bf16,amx_bf16,amx_int8,amx_tile,fma",True,True,,256,128,sh14l07002s1404,3.11.9,2.1.2+cu121
20260424_010536,2026-04-24T06:14:14.586808,cpu,full_mlp_capacity_search_hd256_depth5,/home/liangyi/SRS_AI/Model_AIIC_refactor/experiments_refactored/20260422_050408_full_mlp_capacity_search_v2/full_mlp_capacity_search_hd256_depth5,full_mlp_capacity_search_v2,full_mlp_capacity_search_hd256_depth5,supervised_nmse_plateau,full_mlp,12,6,compile,bf16,bfloat16,32,4,ok,,504.647549,20,50,0.18362814,0.012524945521653974,0.162585,0.187561,0.196183,0.2032252,0.21152716,0.21374,174265.22971914872,174.26522971914872,187.561,5.86128125,43566.30742978718,174992,174080,349144,sub-physical,0.03125,0.015625,Intel(R) Xeon(R) 6760P,AVX512,"avx2,avx512f,avx512bw,avx512vl,avx512_vnni,avx512_bf16,amx_bf16,amx_int8,amx_tile,fma",True,True,,256,128,sh14l07002s1404,3.11.9,2.1.2+cu121
20260424_010536,2026-04-24T06:14:14.586808,cpu,full_mlp_capacity_search_hd256_depth5,/home/liangyi/SRS_AI/Model_AIIC_refactor/experiments_refactored/20260422_050408_full_mlp_capacity_search_v2/full_mlp_capacity_search_hd256_depth5,full_mlp_capacity_search_v2,full_mlp_capacity_search_hd256_depth5,supervised_nmse_plateau,full_mlp,12,6,compile,bf16,bfloat16,32,8,ok,,507.186749,20,50,0.1665617,0.008287148605521684,0.151195,0.16850949999999998,0.1768908,0.17840265,0.17975328999999998,0.180478,192120.99780441722,192.12099780441721,168.50949999999997,5.265921874999999,24015.124725552152,174992,174080,349144,sub-physical,0.0625,0.03125,Intel(R) Xeon(R) 6760P,AVX512,"avx2,avx512f,avx512bw,avx512vl,avx512_vnni,avx512_bf16,amx_bf16,amx_int8,amx_tile,fma",True,True,,256,128,sh14l07002s1404,3.11.9,2.1.2+cu121
20260424_010536,2026-04-24T06:14:14.586808,cpu,full_mlp_capacity_search_hd256_depth5,/home/liangyi/SRS_AI/Model_AIIC_refactor/experiments_refactored/20260422_050408_full_mlp_capacity_search_v2/full_mlp_capacity_search_hd256_depth5,full_mlp_capacity_search_v2,full_mlp_capacity_search_hd256_depth5,supervised_nmse_plateau,full_mlp,12,6,compile,bf16,bfloat16,32,128,ok,,557.360018,20,50,0.55387172,0.046414657107874874,0.504081,0.5504469999999999,0.5882039,0.5970713,0.7370950699999997,0.798128,57775.11081446802,57.77511081446802,550.4469999999999,17.201468749999997,451.3680532380314,174992,174080,349144,all-physical,1.0,0.5,Intel(R) Xeon(R) 6760P,AVX512,"avx2,avx512f,avx512bw,avx512vl,avx512_vnni,avx512_bf16,amx_bf16,amx_int8,amx_tile,fma",True,True,,256,128,sh14l07002s1404,3.11.9,2.1.2+cu121
20260424_010536,2026-04-24T06:14:14.586808,cpu,full_mlp_capacity_search_hd256_depth5,/home/liangyi/SRS_AI/Model_AIIC_refactor/experiments_refactored/20260422_050408_full_mlp_capacity_search_v2/full_mlp_capacity_search_hd256_depth5,full_mlp_capacity_search_v2,full_mlp_capacity_search_hd256_depth5,supervised_nmse_plateau,full_mlp,12,6,compile,bf16,bfloat16,64,1,ok,,498.526944,20,50,0.13845276,0.0031449025203334996,0.134795,0.13736700000000002,0.1425051,0.14421294999999998,0.14901961,0.150887,462251.5289691588,462.2515289691588,137.36700000000002,2.1463593750000003,462251.5289691588,174992,174080,349144,single-thread,0.0078125,0.00390625,Intel(R) Xeon(R) 6760P,AVX512,"avx2,avx512f,avx512bw,avx512vl,avx512_vnni,avx512_bf16,amx_bf16,amx_int8,amx_tile,fma",True,True,,256,128,sh14l07002s1404,3.11.9,2.1.2+cu121
20260424_010536,2026-04-24T06:14:14.586808,cpu,full_mlp_capacity_search_hd256_depth5,/home/liangyi/SRS_AI/Model_AIIC_refactor/experiments_refactored/20260422_050408_full_mlp_capacity_search_v2/full_mlp_capacity_search_hd256_depth5,full_mlp_capacity_search_v2,full_mlp_capacity_search_hd256_depth5,supervised_nmse_plateau,full_mlp,12,6,compile,bf16,bfloat16,64,2,ok,,514.285665,20,50,0.20526676,0.019639879615272592,0.175098,0.196495,0.2298126,0.23211075,0.23741517999999998,0.240903,311789.40029062674,311.78940029062676,196.495,3.070234375,155894.70014531337,174992,174080,349144,sub-physical,0.015625,0.0078125,Intel(R) Xeon(R) 6760P,AVX512,"avx2,avx512f,avx512bw,avx512vl,avx512_vnni,avx512_bf16,amx_bf16,amx_int8,amx_tile,fma",True,True,,256,128,sh14l07002s1404,3.11.9,2.1.2+cu121
20260424_010536,2026-04-24T06:14:14.586808,cpu,full_mlp_capacity_search_hd256_depth5,/home/liangyi/SRS_AI/Model_AIIC_refactor/experiments_refactored/20260422_050408_full_mlp_capacity_search_v2/full_mlp_capacity_search_hd256_depth5,full_mlp_capacity_search_v2,full_mlp_capacity_search_hd256_depth5,supervised_nmse_plateau,full_mlp,12,6,compile,bf16,bfloat16,64,4,ok,,499.298076,20,50,0.19777728,0.01803433332955782,0.178995,0.18830999999999998,0.2226495,0.22463265,0.24087063,0.242543,323596.3200626483,323.59632006264826,188.30999999999997,2.9423437499999996,80899.08001566207,174992,174080,349144,sub-physical,0.03125,0.015625,Intel(R) Xeon(R) 6760P,AVX512,"avx2,avx512f,avx512bw,avx512vl,avx512_vnni,avx512_bf16,amx_bf16,amx_int8,amx_tile,fma",True,True,,256,128,sh14l07002s1404,3.11.9,2.1.2+cu121
20260424_010536,2026-04-24T06:14:14.586808,cpu,full_mlp_capacity_search_hd256_depth5,/home/liangyi/SRS_AI/Model_AIIC_refactor/experiments_refactored/20260422_050408_full_mlp_capacity_search_v2/full_mlp_capacity_search_hd256_depth5,full_mlp_capacity_search_v2,full_mlp_capacity_search_hd256_depth5,supervised_nmse_plateau,full_mlp,12,6,compile,bf16,bfloat16,64,8,ok,,513.606449,20,50,0.19354442,0.01206160707383556,0.174999,0.1936405,0.21204409999999999,0.2142543,0.21521191,0.215967,330673.4443700314,330.6734443700314,193.6405,3.0256328125,41334.18054625393,174992,174080,349144,sub-physical,0.0625,0.03125,Intel(R) Xeon(R) 6760P,AVX512,"avx2,avx512f,avx512bw,avx512vl,avx512_vnni,avx512_bf16,amx_bf16,amx_int8,amx_tile,fma",True,True,,256,128,sh14l07002s1404,3.11.9,2.1.2+cu121
20260424_010536,2026-04-24T06:14:14.586808,cpu,full_mlp_capacity_search_hd256_depth5,/home/liangyi/SRS_AI/Model_AIIC_refactor/experiments_refactored/20260422_050408_full_mlp_capacity_search_v2/full_mlp_capacity_search_hd256_depth5,full_mlp_capacity_search_v2,full_mlp_capacity_search_hd256_depth5,supervised_nmse_plateau,full_mlp,12,6,compile,bf16,bfloat16,64,128,ok,,552.162652,20,50,0.43484886,0.0174955394429666,0.404991,0.4361715,0.4529556,0.45822235,0.48189509999999997,0.48729,147177.57337572414,147.17757337572414,436.1715,6.8151796875,1149.8247919978448,174992,174080,349144,all-physical,1.0,0.5,Intel(R) Xeon(R) 6760P,AVX512,"avx2,avx512f,avx512bw,avx512vl,avx512_vnni,avx512_bf16,amx_bf16,amx_int8,amx_tile,fma",True,True,,256,128,sh14l07002s1404,3.11.9,2.1.2+cu121
20260424_010536,2026-04-24T06:14:14.586808,cpu,full_mlp_capacity_search_hd256_depth5,/home/liangyi/SRS_AI/Model_AIIC_refactor/experiments_refactored/20260422_050408_full_mlp_capacity_search_v2/full_mlp_capacity_search_hd256_depth5,full_mlp_capacity_search_v2,full_mlp_capacity_search_hd256_depth5,supervised_nmse_plateau,full_mlp,12,6,compile,bf16,bfloat16,128,1,ok,,504.304511,20,50,0.17247502,0.005507779699624887,0.163983,0.17123,0.1814039,0.1821121,0.18413693,0.184746,742136.4554704791,742.1364554704791,171.23,1.337734375,742136.4554704791,174992,174080,349144,single-thread,0.0078125,0.00390625,Intel(R) Xeon(R) 6760P,AVX512,"avx2,avx512f,avx512bw,avx512vl,avx512_vnni,avx512_bf16,amx_bf16,amx_int8,amx_tile,fma",True,True,,256,128,sh14l07002s1404,3.11.9,2.1.2+cu121
20260424_010536,2026-04-24T06:14:14.586808,cpu,full_mlp_capacity_search_hd256_depth5,/home/liangyi/SRS_AI/Model_AIIC_refactor/experiments_refactored/20260422_050408_full_mlp_capacity_search_v2/full_mlp_capacity_search_hd256_depth5,full_mlp_capacity_search_v2,full_mlp_capacity_search_hd256_depth5,supervised_nmse_plateau,full_mlp,12,6,compile,bf16,bfloat16,128,2,ok,,504.795691,20,50,0.2581249,0.016177638282827318,0.232987,0.256492,0.2790657,0.28292155,0.29501478000000003,0.296964,495883.96934972185,495.88396934972184,256.492,2.00384375,247941.98467486093,174992,174080,349144,sub-physical,0.015625,0.0078125,Intel(R) Xeon(R) 6760P,AVX512,"avx2,avx512f,avx512bw,avx512vl,avx512_vnni,avx512_bf16,amx_bf16,amx_int8,amx_tile,fma",True,True,,256,128,sh14l07002s1404,3.11.9,2.1.2+cu121
20260424_010536,2026-04-24T06:14:14.586808,cpu,full_mlp_capacity_search_hd256_depth5,/home/liangyi/SRS_AI/Model_AIIC_refactor/experiments_refactored/20260422_050408_full_mlp_capacity_search_v2/full_mlp_capacity_search_hd256_depth5,full_mlp_capacity_search_v2,full_mlp_capacity_search_hd256_depth5,supervised_nmse_plateau,full_mlp,12,6,compile,bf16,bfloat16,128,4,ok,,504.906963,20,50,0.28209088,0.01632706921114748,0.266653,0.276009,0.3188046,0.31996415,0.32228555999999997,0.323048,453754.4779895047,453.7544779895047,276.009,2.1563203125,113438.61949737617,174992,174080,349144,sub-physical,0.03125,0.015625,Intel(R) Xeon(R) 6760P,AVX512,"avx2,avx512f,avx512bw,avx512vl,avx512_vnni,avx512_bf16,amx_bf16,amx_int8,amx_tile,fma",True,True,,256,128,sh14l07002s1404,3.11.9,2.1.2+cu121
20260424_010536,2026-04-24T06:14:14.586808,cpu,full_mlp_capacity_search_hd256_depth5,/home/liangyi/SRS_AI/Model_AIIC_refactor/experiments_refactored/20260422_050408_full_mlp_capacity_search_v2/full_mlp_capacity_search_hd256_depth5,full_mlp_capacity_search_v2,full_mlp_capacity_search_hd256_depth5,supervised_nmse_plateau,full_mlp,12,6,compile,bf16,bfloat16,128,8,ok,,511.484709,20,50,0.22699414,0.01596685415353945,0.204901,0.224914,0.2473787,0.258752,0.26614462,0.268037,563891.208821514,563.891208821514,224.91400000000002,1.7571406250000001,70486.40110268925,174992,174080,349144,sub-physical,0.0625,0.03125,Intel(R) Xeon(R) 6760P,AVX512,"avx2,avx512f,avx512bw,avx512vl,avx512_vnni,avx512_bf16,amx_bf16,amx_int8,amx_tile,fma",True,True,,256,128,sh14l07002s1404,3.11.9,2.1.2+cu121
20260424_010536,2026-04-24T06:14:14.586808,cpu,full_mlp_capacity_search_hd256_depth5,/home/liangyi/SRS_AI/Model_AIIC_refactor/experiments_refactored/20260422_050408_full_mlp_capacity_search_v2/full_mlp_capacity_search_hd256_depth5,full_mlp_capacity_search_v2,full_mlp_capacity_search_hd256_depth5,supervised_nmse_plateau,full_mlp,12,6,compile,bf16,bfloat16,128,128,ok,,615.284865,20,50,0.4933227,0.011514144345543004,0.470511,0.4934105,0.507493,0.5130698499999999,0.51768042,0.51775,259465.051983215,259.465051983215,493.41049999999996,3.8547695312499997,2027.0707186188672,174992,174080,349144,all-physical,1.0,0.5,Intel(R) Xeon(R) 6760P,AVX512,"avx2,avx512f,avx512bw,avx512vl,avx512_vnni,avx512_bf16,amx_bf16,amx_int8,amx_tile,fma",True,True,,256,128,sh14l07002s1404,3.11.9,2.1.2+cu121
