benchmark_id,timestamp,device,run_name,run_dir,experiment_name,model_label,training_label,model_type,seq_len,num_ports,execution_mode,requested_precision_profile,effective_execution_dtype,batch_size,num_threads,status,skip_reason,graph_prep_time_ms,warmup_iters,measure_iters,mean_latency_ms,std_latency_ms,min_latency_ms,p50_latency_ms,p90_latency_ms,p95_latency_ms,p99_latency_ms,max_latency_ms,throughput_samples_per_sec,samples_per_ms,p50_latency_us,latency_per_sample_us,throughput_per_thread,trainable_parameters,macs_per_sample,flops_per_sample_estimate,thread_group,threads_per_physical_core_ratio,threads_per_logical_cpu_ratio,cpu_model_name,cpu_capability,cpu_flag_summary,mkldnn_available,mkldnn_enabled,onednn_version,logical_cpu_count,physical_cpu_count,hostname,python_version,pytorch_version
20260423_060055,2026-04-23T11:15:47.017334,cpu,full_mlp_capacity_search_hd512_depth2,/home/liangyi/SRS_AI/Model_AIIC_refactor/experiments_refactored/20260422_050408_full_mlp_capacity_search_v2/full_mlp_capacity_search_hd512_depth2,full_mlp_capacity_search_v2,full_mlp_capacity_search_hd512_depth2,supervised_nmse_plateau,full_mlp,12,6,eager,fp32,float32,1,1,ok,,0.0,20,50,0.02995428,0.00237437024947669,0.027201,0.0290425,0.0329593,0.03388875,0.03607016999999999,0.037916,33384.21087070028,33.38421087070028,29.0425,29.0425,33384.21087070028,3600,3456,7128,single-thread,0.0078125,0.00390625,Intel(R) Xeon(R) 6760P,AVX512,"avx2,avx512f,avx512bw,avx512vl,avx512_vnni,avx512_bf16,amx_bf16,amx_int8,amx_tile,fma",True,True,,256,128,sh14l07002s1404,3.11.9,2.1.2+cu121
20260423_060055,2026-04-23T11:15:47.017334,cpu,full_mlp_capacity_search_hd512_depth2,/home/liangyi/SRS_AI/Model_AIIC_refactor/experiments_refactored/20260422_050408_full_mlp_capacity_search_v2/full_mlp_capacity_search_hd512_depth2,full_mlp_capacity_search_v2,full_mlp_capacity_search_hd512_depth2,supervised_nmse_plateau,full_mlp,12,6,eager,fp32,float32,1,2,ok,,0.0,20,50,0.02932486,0.0019398065471587624,0.027258,0.02836,0.0316281,0.033563199999999994,0.03473107,0.034808,34100.759560318445,34.100759560318444,28.36,28.36,17050.379780159223,3600,3456,7128,sub-physical,0.015625,0.0078125,Intel(R) Xeon(R) 6760P,AVX512,"avx2,avx512f,avx512bw,avx512vl,avx512_vnni,avx512_bf16,amx_bf16,amx_int8,amx_tile,fma",True,True,,256,128,sh14l07002s1404,3.11.9,2.1.2+cu121
20260423_060055,2026-04-23T11:15:47.017334,cpu,full_mlp_capacity_search_hd512_depth2,/home/liangyi/SRS_AI/Model_AIIC_refactor/experiments_refactored/20260422_050408_full_mlp_capacity_search_v2/full_mlp_capacity_search_hd512_depth2,full_mlp_capacity_search_v2,full_mlp_capacity_search_hd512_depth2,supervised_nmse_plateau,full_mlp,12,6,eager,fp32,float32,1,4,ok,,0.0,20,50,0.03086926,0.0029682365795872813,0.027455,0.029994,0.0350193,0.0356583,0.037667809999999996,0.039006,32394.68649394252,32.39468649394252,29.994,29.994,8098.67162348563,3600,3456,7128,sub-physical,0.03125,0.015625,Intel(R) Xeon(R) 6760P,AVX512,"avx2,avx512f,avx512bw,avx512vl,avx512_vnni,avx512_bf16,amx_bf16,amx_int8,amx_tile,fma",True,True,,256,128,sh14l07002s1404,3.11.9,2.1.2+cu121
20260423_060055,2026-04-23T11:15:47.017334,cpu,full_mlp_capacity_search_hd512_depth2,/home/liangyi/SRS_AI/Model_AIIC_refactor/experiments_refactored/20260422_050408_full_mlp_capacity_search_v2/full_mlp_capacity_search_hd512_depth2,full_mlp_capacity_search_v2,full_mlp_capacity_search_hd512_depth2,supervised_nmse_plateau,full_mlp,12,6,eager,fp32,float32,1,8,ok,,0.0,20,50,0.02892258,0.0020909840084515235,0.026905,0.028028499999999998,0.0314827,0.03189305,0.03596803,0.036288,34575.06211409909,34.57506211409909,28.028499999999998,28.028499999999998,4321.882764262386,3600,3456,7128,sub-physical,0.0625,0.03125,Intel(R) Xeon(R) 6760P,AVX512,"avx2,avx512f,avx512bw,avx512vl,avx512_vnni,avx512_bf16,amx_bf16,amx_int8,amx_tile,fma",True,True,,256,128,sh14l07002s1404,3.11.9,2.1.2+cu121
20260423_060055,2026-04-23T11:15:47.017334,cpu,full_mlp_capacity_search_hd512_depth2,/home/liangyi/SRS_AI/Model_AIIC_refactor/experiments_refactored/20260422_050408_full_mlp_capacity_search_v2/full_mlp_capacity_search_hd512_depth2,full_mlp_capacity_search_v2,full_mlp_capacity_search_hd512_depth2,supervised_nmse_plateau,full_mlp,12,6,eager,fp32,float32,1,128,ok,,0.0,20,50,0.02816942,0.001152319089315108,0.026994,0.0279675,0.0291959,0.0298075,0.03280055999999999,0.0342,35499.4884523714,35.4994884523714,27.967499999999998,27.967499999999998,277.33975353415155,3600,3456,7128,all-physical,1.0,0.5,Intel(R) Xeon(R) 6760P,AVX512,"avx2,avx512f,avx512bw,avx512vl,avx512_vnni,avx512_bf16,amx_bf16,amx_int8,amx_tile,fma",True,True,,256,128,sh14l07002s1404,3.11.9,2.1.2+cu121
20260423_060055,2026-04-23T11:15:47.017334,cpu,full_mlp_capacity_search_hd512_depth2,/home/liangyi/SRS_AI/Model_AIIC_refactor/experiments_refactored/20260422_050408_full_mlp_capacity_search_v2/full_mlp_capacity_search_hd512_depth2,full_mlp_capacity_search_v2,full_mlp_capacity_search_hd512_depth2,supervised_nmse_plateau,full_mlp,12,6,eager,fp32,float32,2,1,ok,,0.0,20,50,0.03100904,0.0028469638210556875,0.028074,0.029796999999999997,0.0334083,0.03719564999999999,0.039643489999999997,0.040035,64497.32078129474,64.49732078129473,29.796999999999997,14.898499999999999,64497.32078129474,3600,3456,7128,single-thread,0.0078125,0.00390625,Intel(R) Xeon(R) 6760P,AVX512,"avx2,avx512f,avx512bw,avx512vl,avx512_vnni,avx512_bf16,amx_bf16,amx_int8,amx_tile,fma",True,True,,256,128,sh14l07002s1404,3.11.9,2.1.2+cu121
20260423_060055,2026-04-23T11:15:47.017334,cpu,full_mlp_capacity_search_hd512_depth2,/home/liangyi/SRS_AI/Model_AIIC_refactor/experiments_refactored/20260422_050408_full_mlp_capacity_search_v2/full_mlp_capacity_search_hd512_depth2,full_mlp_capacity_search_v2,full_mlp_capacity_search_hd512_depth2,supervised_nmse_plateau,full_mlp,12,6,eager,fp32,float32,2,2,ok,,0.0,20,50,0.03109886,0.0023419151138331213,0.028116,0.030786,0.0335538,0.034852799999999996,0.037093879999999996,0.038509,64311.03905416469,64.3110390541647,30.786,15.393,32155.519527082346,3600,3456,7128,sub-physical,0.015625,0.0078125,Intel(R) Xeon(R) 6760P,AVX512,"avx2,avx512f,avx512bw,avx512vl,avx512_vnni,avx512_bf16,amx_bf16,amx_int8,amx_tile,fma",True,True,,256,128,sh14l07002s1404,3.11.9,2.1.2+cu121
20260423_060055,2026-04-23T11:15:47.017334,cpu,full_mlp_capacity_search_hd512_depth2,/home/liangyi/SRS_AI/Model_AIIC_refactor/experiments_refactored/20260422_050408_full_mlp_capacity_search_v2/full_mlp_capacity_search_hd512_depth2,full_mlp_capacity_search_v2,full_mlp_capacity_search_hd512_depth2,supervised_nmse_plateau,full_mlp,12,6,eager,fp32,float32,2,4,ok,,0.0,20,50,0.03113212,0.002675227516604896,0.028467,0.0298765,0.0337268,0.0352182,0.03999245,0.040725,64242.3323564216,64.2423323564216,29.8765,14.93825,16060.5830891054,3600,3456,7128,sub-physical,0.03125,0.015625,Intel(R) Xeon(R) 6760P,AVX512,"avx2,avx512f,avx512bw,avx512vl,avx512_vnni,avx512_bf16,amx_bf16,amx_int8,amx_tile,fma",True,True,,256,128,sh14l07002s1404,3.11.9,2.1.2+cu121
20260423_060055,2026-04-23T11:15:47.017334,cpu,full_mlp_capacity_search_hd512_depth2,/home/liangyi/SRS_AI/Model_AIIC_refactor/experiments_refactored/20260422_050408_full_mlp_capacity_search_v2/full_mlp_capacity_search_hd512_depth2,full_mlp_capacity_search_v2,full_mlp_capacity_search_hd512_depth2,supervised_nmse_plateau,full_mlp,12,6,eager,fp32,float32,2,8,ok,,0.0,20,50,0.03169898,0.0029016160703304633,0.028869,0.030368,0.0337328,0.035614599999999996,0.04205037,0.043759,63093.51278810864,63.09351278810864,30.368,15.184,7886.68909851358,3600,3456,7128,sub-physical,0.0625,0.03125,Intel(R) Xeon(R) 6760P,AVX512,"avx2,avx512f,avx512bw,avx512vl,avx512_vnni,avx512_bf16,amx_bf16,amx_int8,amx_tile,fma",True,True,,256,128,sh14l07002s1404,3.11.9,2.1.2+cu121
20260423_060055,2026-04-23T11:15:47.017334,cpu,full_mlp_capacity_search_hd512_depth2,/home/liangyi/SRS_AI/Model_AIIC_refactor/experiments_refactored/20260422_050408_full_mlp_capacity_search_v2/full_mlp_capacity_search_hd512_depth2,full_mlp_capacity_search_v2,full_mlp_capacity_search_hd512_depth2,supervised_nmse_plateau,full_mlp,12,6,eager,fp32,float32,2,128,ok,,0.0,20,50,0.03020908,0.0013924088026150939,0.028985,0.029720499999999997,0.0319615,0.03338549999999999,0.035036319999999996,0.035787,66205.26014032867,66.20526014032866,29.720499999999998,14.860249999999999,517.2285948463177,3600,3456,7128,all-physical,1.0,0.5,Intel(R) Xeon(R) 6760P,AVX512,"avx2,avx512f,avx512bw,avx512vl,avx512_vnni,avx512_bf16,amx_bf16,amx_int8,amx_tile,fma",True,True,,256,128,sh14l07002s1404,3.11.9,2.1.2+cu121
20260423_060055,2026-04-23T11:15:47.017334,cpu,full_mlp_capacity_search_hd512_depth2,/home/liangyi/SRS_AI/Model_AIIC_refactor/experiments_refactored/20260422_050408_full_mlp_capacity_search_v2/full_mlp_capacity_search_hd512_depth2,full_mlp_capacity_search_v2,full_mlp_capacity_search_hd512_depth2,supervised_nmse_plateau,full_mlp,12,6,eager,fp32,float32,4,1,ok,,0.0,20,50,0.03206054,0.005946381613082027,0.0289,0.030275999999999997,0.0334319,0.0357988,0.05407217999999993,0.071231,124763.96217905251,124.76396217905251,30.275999999999996,7.568999999999999,124763.96217905251,3600,3456,7128,single-thread,0.0078125,0.00390625,Intel(R) Xeon(R) 6760P,AVX512,"avx2,avx512f,avx512bw,avx512vl,avx512_vnni,avx512_bf16,amx_bf16,amx_int8,amx_tile,fma",True,True,,256,128,sh14l07002s1404,3.11.9,2.1.2+cu121
20260423_060055,2026-04-23T11:15:47.017334,cpu,full_mlp_capacity_search_hd512_depth2,/home/liangyi/SRS_AI/Model_AIIC_refactor/experiments_refactored/20260422_050408_full_mlp_capacity_search_v2/full_mlp_capacity_search_hd512_depth2,full_mlp_capacity_search_v2,full_mlp_capacity_search_hd512_depth2,supervised_nmse_plateau,full_mlp,12,6,eager,fp32,float32,4,2,ok,,0.0,20,50,0.0313039,0.002990096608807147,0.028279,0.031046499999999998,0.0334605,0.034259599999999994,0.04157615999999998,0.04619,127779.60573602648,127.77960573602648,31.046499999999998,7.7616249999999996,63889.80286801324,3600,3456,7128,sub-physical,0.015625,0.0078125,Intel(R) Xeon(R) 6760P,AVX512,"avx2,avx512f,avx512bw,avx512vl,avx512_vnni,avx512_bf16,amx_bf16,amx_int8,amx_tile,fma",True,True,,256,128,sh14l07002s1404,3.11.9,2.1.2+cu121
20260423_060055,2026-04-23T11:15:47.017334,cpu,full_mlp_capacity_search_hd512_depth2,/home/liangyi/SRS_AI/Model_AIIC_refactor/experiments_refactored/20260422_050408_full_mlp_capacity_search_v2/full_mlp_capacity_search_hd512_depth2,full_mlp_capacity_search_v2,full_mlp_capacity_search_hd512_depth2,supervised_nmse_plateau,full_mlp,12,6,eager,fp32,float32,4,4,ok,,0.0,20,50,0.030025780000000002,0.001990484607225085,0.028272,0.028935,0.032485099999999996,0.034007,0.03569446999999999,0.037212,133218.8539315215,133.2188539315215,28.935,7.23375,33304.713482880376,3600,3456,7128,sub-physical,0.03125,0.015625,Intel(R) Xeon(R) 6760P,AVX512,"avx2,avx512f,avx512bw,avx512vl,avx512_vnni,avx512_bf16,amx_bf16,amx_int8,amx_tile,fma",True,True,,256,128,sh14l07002s1404,3.11.9,2.1.2+cu121
20260423_060055,2026-04-23T11:15:47.017334,cpu,full_mlp_capacity_search_hd512_depth2,/home/liangyi/SRS_AI/Model_AIIC_refactor/experiments_refactored/20260422_050408_full_mlp_capacity_search_v2/full_mlp_capacity_search_hd512_depth2,full_mlp_capacity_search_v2,full_mlp_capacity_search_hd512_depth2,supervised_nmse_plateau,full_mlp,12,6,eager,fp32,float32,4,8,ok,,0.0,20,50,0.03107726,0.0026175965450007757,0.028406,0.029482500000000002,0.0342792,0.0364532,0.037674969999999995,0.038041,128711.47585083112,128.7114758508311,29.4825,7.370625,16088.93448135389,3600,3456,7128,sub-physical,0.0625,0.03125,Intel(R) Xeon(R) 6760P,AVX512,"avx2,avx512f,avx512bw,avx512vl,avx512_vnni,avx512_bf16,amx_bf16,amx_int8,amx_tile,fma",True,True,,256,128,sh14l07002s1404,3.11.9,2.1.2+cu121
20260423_060055,2026-04-23T11:15:47.017334,cpu,full_mlp_capacity_search_hd512_depth2,/home/liangyi/SRS_AI/Model_AIIC_refactor/experiments_refactored/20260422_050408_full_mlp_capacity_search_v2/full_mlp_capacity_search_hd512_depth2,full_mlp_capacity_search_v2,full_mlp_capacity_search_hd512_depth2,supervised_nmse_plateau,full_mlp,12,6,eager,fp32,float32,4,128,ok,,0.0,20,50,0.03532546,0.006768858595686573,0.028655,0.031479,0.0424422,0.0444334,0.05374279999999999,0.056036,113232.77885128742,113.23277885128742,31.479,7.86975,884.631084775683,3600,3456,7128,all-physical,1.0,0.5,Intel(R) Xeon(R) 6760P,AVX512,"avx2,avx512f,avx512bw,avx512vl,avx512_vnni,avx512_bf16,amx_bf16,amx_int8,amx_tile,fma",True,True,,256,128,sh14l07002s1404,3.11.9,2.1.2+cu121
20260423_060055,2026-04-23T11:15:47.017334,cpu,full_mlp_capacity_search_hd512_depth2,/home/liangyi/SRS_AI/Model_AIIC_refactor/experiments_refactored/20260422_050408_full_mlp_capacity_search_v2/full_mlp_capacity_search_hd512_depth2,full_mlp_capacity_search_v2,full_mlp_capacity_search_hd512_depth2,supervised_nmse_plateau,full_mlp,12,6,eager,fp32,float32,8,1,ok,,0.0,20,50,0.0313961,0.0021866509666611175,0.029557,0.0303545,0.0336414,0.0345663,0.03889230999999999,0.040255,254808.71828029593,254.80871828029592,30.354499999999998,3.7943124999999998,254808.71828029593,3600,3456,7128,single-thread,0.0078125,0.00390625,Intel(R) Xeon(R) 6760P,AVX512,"avx2,avx512f,avx512bw,avx512vl,avx512_vnni,avx512_bf16,amx_bf16,amx_int8,amx_tile,fma",True,True,,256,128,sh14l07002s1404,3.11.9,2.1.2+cu121
20260423_060055,2026-04-23T11:15:47.017334,cpu,full_mlp_capacity_search_hd512_depth2,/home/liangyi/SRS_AI/Model_AIIC_refactor/experiments_refactored/20260422_050408_full_mlp_capacity_search_v2/full_mlp_capacity_search_hd512_depth2,full_mlp_capacity_search_v2,full_mlp_capacity_search_hd512_depth2,supervised_nmse_plateau,full_mlp,12,6,eager,fp32,float32,8,2,ok,,0.0,20,50,0.0316312,0.005192612902961283,0.028879,0.030108,0.0336539,0.03519605,0.051002299999999945,0.065668,252914.84357216928,252.91484357216927,30.108,3.7635,126457.42178608464,3600,3456,7128,sub-physical,0.015625,0.0078125,Intel(R) Xeon(R) 6760P,AVX512,"avx2,avx512f,avx512bw,avx512vl,avx512_vnni,avx512_bf16,amx_bf16,amx_int8,amx_tile,fma",True,True,,256,128,sh14l07002s1404,3.11.9,2.1.2+cu121
20260423_060055,2026-04-23T11:15:47.017334,cpu,full_mlp_capacity_search_hd512_depth2,/home/liangyi/SRS_AI/Model_AIIC_refactor/experiments_refactored/20260422_050408_full_mlp_capacity_search_v2/full_mlp_capacity_search_hd512_depth2,full_mlp_capacity_search_v2,full_mlp_capacity_search_hd512_depth2,supervised_nmse_plateau,full_mlp,12,6,eager,fp32,float32,8,4,ok,,0.0,20,50,0.0315568,0.0027448886170480576,0.029143,0.0300525,0.0336286,0.03700894999999999,0.04064519,0.041659,253511.12913856917,253.51112913856917,30.0525,3.7565625,63377.78228464229,3600,3456,7128,sub-physical,0.03125,0.015625,Intel(R) Xeon(R) 6760P,AVX512,"avx2,avx512f,avx512bw,avx512vl,avx512_vnni,avx512_bf16,amx_bf16,amx_int8,amx_tile,fma",True,True,,256,128,sh14l07002s1404,3.11.9,2.1.2+cu121
20260423_060055,2026-04-23T11:15:47.017334,cpu,full_mlp_capacity_search_hd512_depth2,/home/liangyi/SRS_AI/Model_AIIC_refactor/experiments_refactored/20260422_050408_full_mlp_capacity_search_v2/full_mlp_capacity_search_hd512_depth2,full_mlp_capacity_search_v2,full_mlp_capacity_search_hd512_depth2,supervised_nmse_plateau,full_mlp,12,6,eager,fp32,float32,8,8,ok,,0.0,20,50,0.03106644,0.002358572484873,0.028435,0.0304805,0.0337334,0.03502525,0.03685336999999999,0.038366,257512.60846109176,257.51260846109176,30.4805,3.8100625,32189.07605763647,3600,3456,7128,sub-physical,0.0625,0.03125,Intel(R) Xeon(R) 6760P,AVX512,"avx2,avx512f,avx512bw,avx512vl,avx512_vnni,avx512_bf16,amx_bf16,amx_int8,amx_tile,fma",True,True,,256,128,sh14l07002s1404,3.11.9,2.1.2+cu121
20260423_060055,2026-04-23T11:15:47.017334,cpu,full_mlp_capacity_search_hd512_depth2,/home/liangyi/SRS_AI/Model_AIIC_refactor/experiments_refactored/20260422_050408_full_mlp_capacity_search_v2/full_mlp_capacity_search_hd512_depth2,full_mlp_capacity_search_v2,full_mlp_capacity_search_hd512_depth2,supervised_nmse_plateau,full_mlp,12,6,eager,fp32,float32,8,128,ok,,0.0,20,50,0.03082396,0.0009409368301857464,0.029852,0.030527,0.032472999999999995,0.032880349999999996,0.033575020000000004,0.033723,259538.35912063214,259.53835912063215,30.526999999999997,3.8158749999999997,2027.6434306299386,3600,3456,7128,all-physical,1.0,0.5,Intel(R) Xeon(R) 6760P,AVX512,"avx2,avx512f,avx512bw,avx512vl,avx512_vnni,avx512_bf16,amx_bf16,amx_int8,amx_tile,fma",True,True,,256,128,sh14l07002s1404,3.11.9,2.1.2+cu121
20260423_060055,2026-04-23T11:15:47.017334,cpu,full_mlp_capacity_search_hd512_depth2,/home/liangyi/SRS_AI/Model_AIIC_refactor/experiments_refactored/20260422_050408_full_mlp_capacity_search_v2/full_mlp_capacity_search_hd512_depth2,full_mlp_capacity_search_v2,full_mlp_capacity_search_hd512_depth2,supervised_nmse_plateau,full_mlp,12,6,eager,fp32,float32,16,1,ok,,0.0,20,50,0.03179736,0.0031234774003344413,0.02903,0.0304745,0.0341501,0.036902849999999994,0.043072959999999993,0.044786,503186.4280556625,503.1864280556625,30.474500000000003,1.9046562500000002,503186.4280556625,3600,3456,7128,single-thread,0.0078125,0.00390625,Intel(R) Xeon(R) 6760P,AVX512,"avx2,avx512f,avx512bw,avx512vl,avx512_vnni,avx512_bf16,amx_bf16,amx_int8,amx_tile,fma",True,True,,256,128,sh14l07002s1404,3.11.9,2.1.2+cu121
20260423_060055,2026-04-23T11:15:47.017334,cpu,full_mlp_capacity_search_hd512_depth2,/home/liangyi/SRS_AI/Model_AIIC_refactor/experiments_refactored/20260422_050408_full_mlp_capacity_search_v2/full_mlp_capacity_search_hd512_depth2,full_mlp_capacity_search_v2,full_mlp_capacity_search_hd512_depth2,supervised_nmse_plateau,full_mlp,12,6,eager,fp32,float32,16,2,ok,,0.0,20,50,0.03182126,0.0022476991863681402,0.02941,0.030870500000000002,0.0344263,0.03577365,0.03786807,0.038435,502808.49972628366,502.8084997262836,30.870500000000003,1.9294062500000002,251404.24986314183,3600,3456,7128,sub-physical,0.015625,0.0078125,Intel(R) Xeon(R) 6760P,AVX512,"avx2,avx512f,avx512bw,avx512vl,avx512_vnni,avx512_bf16,amx_bf16,amx_int8,amx_tile,fma",True,True,,256,128,sh14l07002s1404,3.11.9,2.1.2+cu121
20260423_060055,2026-04-23T11:15:47.017334,cpu,full_mlp_capacity_search_hd512_depth2,/home/liangyi/SRS_AI/Model_AIIC_refactor/experiments_refactored/20260422_050408_full_mlp_capacity_search_v2/full_mlp_capacity_search_hd512_depth2,full_mlp_capacity_search_v2,full_mlp_capacity_search_hd512_depth2,supervised_nmse_plateau,full_mlp,12,6,eager,fp32,float32,16,4,ok,,0.0,20,50,0.03463856,0.0023369247327203334,0.031334,0.0339485,0.0375961,0.0382071,0.039755439999999996,0.040953,461912.96635887865,461.91296635887863,33.9485,2.12178125,115478.24158971966,3600,3456,7128,sub-physical,0.03125,0.015625,Intel(R) Xeon(R) 6760P,AVX512,"avx2,avx512f,avx512bw,avx512vl,avx512_vnni,avx512_bf16,amx_bf16,amx_int8,amx_tile,fma",True,True,,256,128,sh14l07002s1404,3.11.9,2.1.2+cu121
20260423_060055,2026-04-23T11:15:47.017334,cpu,full_mlp_capacity_search_hd512_depth2,/home/liangyi/SRS_AI/Model_AIIC_refactor/experiments_refactored/20260422_050408_full_mlp_capacity_search_v2/full_mlp_capacity_search_hd512_depth2,full_mlp_capacity_search_v2,full_mlp_capacity_search_hd512_depth2,supervised_nmse_plateau,full_mlp,12,6,eager,fp32,float32,16,8,ok,,0.0,20,50,0.03126584,0.0026402522331019813,0.028939,0.0299695,0.0347084,0.0354651,0.03927167999999999,0.042392,511740.6089201505,511.7406089201505,29.9695,1.87309375,63967.57611501881,3600,3456,7128,sub-physical,0.0625,0.03125,Intel(R) Xeon(R) 6760P,AVX512,"avx2,avx512f,avx512bw,avx512vl,avx512_vnni,avx512_bf16,amx_bf16,amx_int8,amx_tile,fma",True,True,,256,128,sh14l07002s1404,3.11.9,2.1.2+cu121
20260423_060055,2026-04-23T11:15:47.017334,cpu,full_mlp_capacity_search_hd512_depth2,/home/liangyi/SRS_AI/Model_AIIC_refactor/experiments_refactored/20260422_050408_full_mlp_capacity_search_v2/full_mlp_capacity_search_hd512_depth2,full_mlp_capacity_search_v2,full_mlp_capacity_search_hd512_depth2,supervised_nmse_plateau,full_mlp,12,6,eager,fp32,float32,16,128,ok,,0.0,20,50,0.03049442,0.0009947275021833868,0.029466,0.030203,0.031571300000000004,0.032743499999999995,0.034116299999999995,0.034817,524686.1556966815,524.6861556966815,30.203,1.8876875,4099.110591380324,3600,3456,7128,all-physical,1.0,0.5,Intel(R) Xeon(R) 6760P,AVX512,"avx2,avx512f,avx512bw,avx512vl,avx512_vnni,avx512_bf16,amx_bf16,amx_int8,amx_tile,fma",True,True,,256,128,sh14l07002s1404,3.11.9,2.1.2+cu121
20260423_060055,2026-04-23T11:15:47.017334,cpu,full_mlp_capacity_search_hd512_depth2,/home/liangyi/SRS_AI/Model_AIIC_refactor/experiments_refactored/20260422_050408_full_mlp_capacity_search_v2/full_mlp_capacity_search_hd512_depth2,full_mlp_capacity_search_v2,full_mlp_capacity_search_hd512_depth2,supervised_nmse_plateau,full_mlp,12,6,eager,fp32,float32,32,1,ok,,0.0,20,50,0.03620362,0.0023236264320238742,0.031688,0.035819000000000004,0.037782300000000005,0.04135465,0.04457086999999999,0.0465,883889.511601326,883.889511601326,35.819,1.11934375,883889.511601326,3600,3456,7128,single-thread,0.0078125,0.00390625,Intel(R) Xeon(R) 6760P,AVX512,"avx2,avx512f,avx512bw,avx512vl,avx512_vnni,avx512_bf16,amx_bf16,amx_int8,amx_tile,fma",True,True,,256,128,sh14l07002s1404,3.11.9,2.1.2+cu121
20260423_060055,2026-04-23T11:15:47.017334,cpu,full_mlp_capacity_search_hd512_depth2,/home/liangyi/SRS_AI/Model_AIIC_refactor/experiments_refactored/20260422_050408_full_mlp_capacity_search_v2/full_mlp_capacity_search_hd512_depth2,full_mlp_capacity_search_v2,full_mlp_capacity_search_hd512_depth2,supervised_nmse_plateau,full_mlp,12,6,eager,fp32,float32,32,2,ok,,0.0,20,50,0.03335398,0.0024121384246348714,0.030912,0.032092,0.0366388,0.037685249999999997,0.04005999,0.04077,959405.7440821156,959.4057440821156,32.092000000000006,1.0028750000000002,479702.8720410578,3600,3456,7128,sub-physical,0.015625,0.0078125,Intel(R) Xeon(R) 6760P,AVX512,"avx2,avx512f,avx512bw,avx512vl,avx512_vnni,avx512_bf16,amx_bf16,amx_int8,amx_tile,fma",True,True,,256,128,sh14l07002s1404,3.11.9,2.1.2+cu121
20260423_060055,2026-04-23T11:15:47.017334,cpu,full_mlp_capacity_search_hd512_depth2,/home/liangyi/SRS_AI/Model_AIIC_refactor/experiments_refactored/20260422_050408_full_mlp_capacity_search_v2/full_mlp_capacity_search_hd512_depth2,full_mlp_capacity_search_v2,full_mlp_capacity_search_hd512_depth2,supervised_nmse_plateau,full_mlp,12,6,eager,fp32,float32,32,4,ok,,0.0,20,50,0.03662656,0.0032120645644818533,0.031265,0.035876,0.0398348,0.041463599999999996,0.04578091999999999,0.048864,873682.9229935871,873.6829229935871,35.876,1.121125,218420.73074839677,3600,3456,7128,sub-physical,0.03125,0.015625,Intel(R) Xeon(R) 6760P,AVX512,"avx2,avx512f,avx512bw,avx512vl,avx512_vnni,avx512_bf16,amx_bf16,amx_int8,amx_tile,fma",True,True,,256,128,sh14l07002s1404,3.11.9,2.1.2+cu121
20260423_060055,2026-04-23T11:15:47.017334,cpu,full_mlp_capacity_search_hd512_depth2,/home/liangyi/SRS_AI/Model_AIIC_refactor/experiments_refactored/20260422_050408_full_mlp_capacity_search_v2/full_mlp_capacity_search_hd512_depth2,full_mlp_capacity_search_v2,full_mlp_capacity_search_hd512_depth2,supervised_nmse_plateau,full_mlp,12,6,eager,fp32,float32,32,8,ok,,0.0,20,50,0.03574374,0.015510197833438488,0.03128,0.032206,0.037423099999999994,0.038331649999999995,0.0920243299999998,0.143123,895261.6598039264,895.2616598039264,32.205999999999996,1.0064374999999999,111907.7074754908,3600,3456,7128,sub-physical,0.0625,0.03125,Intel(R) Xeon(R) 6760P,AVX512,"avx2,avx512f,avx512bw,avx512vl,avx512_vnni,avx512_bf16,amx_bf16,amx_int8,amx_tile,fma",True,True,,256,128,sh14l07002s1404,3.11.9,2.1.2+cu121
20260423_060055,2026-04-23T11:15:47.017334,cpu,full_mlp_capacity_search_hd512_depth2,/home/liangyi/SRS_AI/Model_AIIC_refactor/experiments_refactored/20260422_050408_full_mlp_capacity_search_v2/full_mlp_capacity_search_hd512_depth2,full_mlp_capacity_search_v2,full_mlp_capacity_search_hd512_depth2,supervised_nmse_plateau,full_mlp,12,6,eager,fp32,float32,32,128,ok,,0.0,20,50,0.03341556,0.0013697997979266899,0.031317,0.033492,0.034506800000000004,0.03585185,0.03778288999999999,0.038929,957637.6993233094,957.6376993233093,33.492000000000004,1.0466250000000001,7481.544525963354,3600,3456,7128,all-physical,1.0,0.5,Intel(R) Xeon(R) 6760P,AVX512,"avx2,avx512f,avx512bw,avx512vl,avx512_vnni,avx512_bf16,amx_bf16,amx_int8,amx_tile,fma",True,True,,256,128,sh14l07002s1404,3.11.9,2.1.2+cu121
20260423_060055,2026-04-23T11:15:47.017334,cpu,full_mlp_capacity_search_hd512_depth2,/home/liangyi/SRS_AI/Model_AIIC_refactor/experiments_refactored/20260422_050408_full_mlp_capacity_search_v2/full_mlp_capacity_search_hd512_depth2,full_mlp_capacity_search_v2,full_mlp_capacity_search_hd512_depth2,supervised_nmse_plateau,full_mlp,12,6,eager,fp32,float32,64,1,ok,,0.0,20,50,0.03822536,0.0022142025540586837,0.034982,0.0388115,0.0405284,0.0413519,0.04404931999999999,0.04529,1674281.1578491346,1674.2811578491346,38.811499999999995,0.6064296874999999,1674281.1578491346,3600,3456,7128,single-thread,0.0078125,0.00390625,Intel(R) Xeon(R) 6760P,AVX512,"avx2,avx512f,avx512bw,avx512vl,avx512_vnni,avx512_bf16,amx_bf16,amx_int8,amx_tile,fma",True,True,,256,128,sh14l07002s1404,3.11.9,2.1.2+cu121
20260423_060055,2026-04-23T11:15:47.017334,cpu,full_mlp_capacity_search_hd512_depth2,/home/liangyi/SRS_AI/Model_AIIC_refactor/experiments_refactored/20260422_050408_full_mlp_capacity_search_v2/full_mlp_capacity_search_hd512_depth2,full_mlp_capacity_search_v2,full_mlp_capacity_search_hd512_depth2,supervised_nmse_plateau,full_mlp,12,6,eager,fp32,float32,64,2,ok,,0.0,20,50,0.05371194,0.003153770603008405,0.0499,0.052845500000000004,0.0581657,0.05967665,0.06294891999999999,0.064415,1191541.3965684352,1191.5413965684352,52.8455,0.8257109375,595770.6982842176,3600,3456,7128,sub-physical,0.015625,0.0078125,Intel(R) Xeon(R) 6760P,AVX512,"avx2,avx512f,avx512bw,avx512vl,avx512_vnni,avx512_bf16,amx_bf16,amx_int8,amx_tile,fma",True,True,,256,128,sh14l07002s1404,3.11.9,2.1.2+cu121
20260423_060055,2026-04-23T11:15:47.017334,cpu,full_mlp_capacity_search_hd512_depth2,/home/liangyi/SRS_AI/Model_AIIC_refactor/experiments_refactored/20260422_050408_full_mlp_capacity_search_v2/full_mlp_capacity_search_hd512_depth2,full_mlp_capacity_search_v2,full_mlp_capacity_search_hd512_depth2,supervised_nmse_plateau,full_mlp,12,6,eager,fp32,float32,64,4,ok,,0.0,20,50,0.04973224,0.010855028498460978,0.043953,0.046966999999999995,0.0542326,0.055367299999999994,0.09170252999999988,0.12228,1286891.5616911687,1286.8915616911686,46.96699999999999,0.7338593749999999,321722.8904227922,3600,3456,7128,sub-physical,0.03125,0.015625,Intel(R) Xeon(R) 6760P,AVX512,"avx2,avx512f,avx512bw,avx512vl,avx512_vnni,avx512_bf16,amx_bf16,amx_int8,amx_tile,fma",True,True,,256,128,sh14l07002s1404,3.11.9,2.1.2+cu121
20260423_060055,2026-04-23T11:15:47.017334,cpu,full_mlp_capacity_search_hd512_depth2,/home/liangyi/SRS_AI/Model_AIIC_refactor/experiments_refactored/20260422_050408_full_mlp_capacity_search_v2/full_mlp_capacity_search_hd512_depth2,full_mlp_capacity_search_v2,full_mlp_capacity_search_hd512_depth2,supervised_nmse_plateau,full_mlp,12,6,eager,fp32,float32,64,8,ok,,0.0,20,50,0.03724616,0.00280379866153046,0.034133,0.0361275,0.0406868,0.04109515,0.04613932999999999,0.047895,1718297.9399755572,1718.2979399755573,36.1275,0.5644921875,214787.24249694464,3600,3456,7128,sub-physical,0.0625,0.03125,Intel(R) Xeon(R) 6760P,AVX512,"avx2,avx512f,avx512bw,avx512vl,avx512_vnni,avx512_bf16,amx_bf16,amx_int8,amx_tile,fma",True,True,,256,128,sh14l07002s1404,3.11.9,2.1.2+cu121
20260423_060055,2026-04-23T11:15:47.017334,cpu,full_mlp_capacity_search_hd512_depth2,/home/liangyi/SRS_AI/Model_AIIC_refactor/experiments_refactored/20260422_050408_full_mlp_capacity_search_v2/full_mlp_capacity_search_hd512_depth2,full_mlp_capacity_search_v2,full_mlp_capacity_search_hd512_depth2,supervised_nmse_plateau,full_mlp,12,6,eager,fp32,float32,64,128,ok,,0.0,20,50,0.03515162,0.0018237381927239445,0.033767,0.034578,0.036839000000000004,0.0394727,0.04182585999999999,0.042946,1820684.2245108476,1820.6842245108476,34.577999999999996,0.5402812499999999,14224.095503990997,3600,3456,7128,all-physical,1.0,0.5,Intel(R) Xeon(R) 6760P,AVX512,"avx2,avx512f,avx512bw,avx512vl,avx512_vnni,avx512_bf16,amx_bf16,amx_int8,amx_tile,fma",True,True,,256,128,sh14l07002s1404,3.11.9,2.1.2+cu121
20260423_060055,2026-04-23T11:15:47.017334,cpu,full_mlp_capacity_search_hd512_depth2,/home/liangyi/SRS_AI/Model_AIIC_refactor/experiments_refactored/20260422_050408_full_mlp_capacity_search_v2/full_mlp_capacity_search_hd512_depth2,full_mlp_capacity_search_v2,full_mlp_capacity_search_hd512_depth2,supervised_nmse_plateau,full_mlp,12,6,eager,fp32,float32,128,1,ok,,0.0,20,50,0.04309792,0.005355359154491881,0.039423,0.040705000000000005,0.0458014,0.0469358,0.06361400999999994,0.07486,2969980.9178726026,2969.9809178726027,40.705000000000005,0.31800781250000004,2969980.9178726026,3600,3456,7128,single-thread,0.0078125,0.00390625,Intel(R) Xeon(R) 6760P,AVX512,"avx2,avx512f,avx512bw,avx512vl,avx512_vnni,avx512_bf16,amx_bf16,amx_int8,amx_tile,fma",True,True,,256,128,sh14l07002s1404,3.11.9,2.1.2+cu121
20260423_060055,2026-04-23T11:15:47.017334,cpu,full_mlp_capacity_search_hd512_depth2,/home/liangyi/SRS_AI/Model_AIIC_refactor/experiments_refactored/20260422_050408_full_mlp_capacity_search_v2/full_mlp_capacity_search_hd512_depth2,full_mlp_capacity_search_v2,full_mlp_capacity_search_hd512_depth2,supervised_nmse_plateau,full_mlp,12,6,eager,fp32,float32,128,2,ok,,0.0,20,50,0.07562372,0.004115310267962793,0.070784,0.0736305,0.08071650000000001,0.08361244999999999,0.08732474999999999,0.088317,1692590.6316166408,1692.5906316166408,73.6305,0.57523828125,846295.3158083204,3600,3456,7128,sub-physical,0.015625,0.0078125,Intel(R) Xeon(R) 6760P,AVX512,"avx2,avx512f,avx512bw,avx512vl,avx512_vnni,avx512_bf16,amx_bf16,amx_int8,amx_tile,fma",True,True,,256,128,sh14l07002s1404,3.11.9,2.1.2+cu121
20260423_060055,2026-04-23T11:15:47.017334,cpu,full_mlp_capacity_search_hd512_depth2,/home/liangyi/SRS_AI/Model_AIIC_refactor/experiments_refactored/20260422_050408_full_mlp_capacity_search_v2/full_mlp_capacity_search_hd512_depth2,full_mlp_capacity_search_v2,full_mlp_capacity_search_hd512_depth2,supervised_nmse_plateau,full_mlp,12,6,eager,fp32,float32,128,4,ok,,0.0,20,50,0.07323826,0.012856819569100283,0.063156,0.072021,0.0755007,0.07900019999999999,0.12117315999999984,0.159744,1747720.3854925008,1747.7203854925008,72.021,0.5626640625,436930.0963731252,3600,3456,7128,sub-physical,0.03125,0.015625,Intel(R) Xeon(R) 6760P,AVX512,"avx2,avx512f,avx512bw,avx512vl,avx512_vnni,avx512_bf16,amx_bf16,amx_int8,amx_tile,fma",True,True,,256,128,sh14l07002s1404,3.11.9,2.1.2+cu121
20260423_060055,2026-04-23T11:15:47.017334,cpu,full_mlp_capacity_search_hd512_depth2,/home/liangyi/SRS_AI/Model_AIIC_refactor/experiments_refactored/20260422_050408_full_mlp_capacity_search_v2/full_mlp_capacity_search_hd512_depth2,full_mlp_capacity_search_v2,full_mlp_capacity_search_hd512_depth2,supervised_nmse_plateau,full_mlp,12,6,eager,fp32,float32,128,8,ok,,0.0,20,50,0.061620680000000004,0.0022478117664964745,0.057491,0.061413499999999996,0.0641977,0.06422565000000001,0.06831461999999999,0.070697,2077224.7239076232,2077.2247239076232,61.4135,0.47979296875,259653.0904884529,3600,3456,7128,sub-physical,0.0625,0.03125,Intel(R) Xeon(R) 6760P,AVX512,"avx2,avx512f,avx512bw,avx512vl,avx512_vnni,avx512_bf16,amx_bf16,amx_int8,amx_tile,fma",True,True,,256,128,sh14l07002s1404,3.11.9,2.1.2+cu121
20260423_060055,2026-04-23T11:15:47.017334,cpu,full_mlp_capacity_search_hd512_depth2,/home/liangyi/SRS_AI/Model_AIIC_refactor/experiments_refactored/20260422_050408_full_mlp_capacity_search_v2/full_mlp_capacity_search_hd512_depth2,full_mlp_capacity_search_v2,full_mlp_capacity_search_hd512_depth2,supervised_nmse_plateau,full_mlp,12,6,eager,fp32,float32,128,128,ok,,0.0,20,50,0.26832132,0.011803417656661985,0.247012,0.27010500000000004,0.2847112,0.28523295,0.29143536,0.295618,477039.9907096462,477.0399907096462,270.105,2.1101953125,3726.874927419111,3600,3456,7128,all-physical,1.0,0.5,Intel(R) Xeon(R) 6760P,AVX512,"avx2,avx512f,avx512bw,avx512vl,avx512_vnni,avx512_bf16,amx_bf16,amx_int8,amx_tile,fma",True,True,,256,128,sh14l07002s1404,3.11.9,2.1.2+cu121
20260423_060055,2026-04-23T11:15:47.017334,cpu,full_mlp_capacity_search_hd512_depth2,/home/liangyi/SRS_AI/Model_AIIC_refactor/experiments_refactored/20260422_050408_full_mlp_capacity_search_v2/full_mlp_capacity_search_hd512_depth2,full_mlp_capacity_search_v2,full_mlp_capacity_search_hd512_depth2,supervised_nmse_plateau,full_mlp,12,6,eager,bf16,bfloat16,1,1,ok,,0.0,20,50,0.03684402,0.0026114185760999714,0.033884,0.0354545,0.0402434,0.041676899999999996,0.04260667,0.042909,27141.446563105765,27.141446563105763,35.4545,35.4545,27141.446563105765,3600,3456,7128,single-thread,0.0078125,0.00390625,Intel(R) Xeon(R) 6760P,AVX512,"avx2,avx512f,avx512bw,avx512vl,avx512_vnni,avx512_bf16,amx_bf16,amx_int8,amx_tile,fma",True,True,,256,128,sh14l07002s1404,3.11.9,2.1.2+cu121
20260423_060055,2026-04-23T11:15:47.017334,cpu,full_mlp_capacity_search_hd512_depth2,/home/liangyi/SRS_AI/Model_AIIC_refactor/experiments_refactored/20260422_050408_full_mlp_capacity_search_v2/full_mlp_capacity_search_hd512_depth2,full_mlp_capacity_search_v2,full_mlp_capacity_search_hd512_depth2,supervised_nmse_plateau,full_mlp,12,6,eager,bf16,bfloat16,1,2,ok,,0.0,20,50,0.0376235,0.002964672981966139,0.034352,0.036606,0.0413691,0.0421159,0.046106909999999994,0.04647,26579.132722899256,26.579132722899256,36.606,36.606,13289.566361449628,3600,3456,7128,sub-physical,0.015625,0.0078125,Intel(R) Xeon(R) 6760P,AVX512,"avx2,avx512f,avx512bw,avx512vl,avx512_vnni,avx512_bf16,amx_bf16,amx_int8,amx_tile,fma",True,True,,256,128,sh14l07002s1404,3.11.9,2.1.2+cu121
20260423_060055,2026-04-23T11:15:47.017334,cpu,full_mlp_capacity_search_hd512_depth2,/home/liangyi/SRS_AI/Model_AIIC_refactor/experiments_refactored/20260422_050408_full_mlp_capacity_search_v2/full_mlp_capacity_search_hd512_depth2,full_mlp_capacity_search_v2,full_mlp_capacity_search_hd512_depth2,supervised_nmse_plateau,full_mlp,12,6,eager,bf16,bfloat16,1,4,ok,,0.0,20,50,0.03801454,0.013278610391467927,0.033613,0.035145,0.0395427,0.04112025,0.08696906999999984,0.129725,26305.724072946825,26.305724072946823,35.145,35.145,6576.431018236706,3600,3456,7128,sub-physical,0.03125,0.015625,Intel(R) Xeon(R) 6760P,AVX512,"avx2,avx512f,avx512bw,avx512vl,avx512_vnni,avx512_bf16,amx_bf16,amx_int8,amx_tile,fma",True,True,,256,128,sh14l07002s1404,3.11.9,2.1.2+cu121
20260423_060055,2026-04-23T11:15:47.017334,cpu,full_mlp_capacity_search_hd512_depth2,/home/liangyi/SRS_AI/Model_AIIC_refactor/experiments_refactored/20260422_050408_full_mlp_capacity_search_v2/full_mlp_capacity_search_hd512_depth2,full_mlp_capacity_search_v2,full_mlp_capacity_search_hd512_depth2,supervised_nmse_plateau,full_mlp,12,6,eager,bf16,bfloat16,1,8,ok,,0.0,20,50,0.03645472,0.0025686308106849455,0.033496,0.0350805,0.0394873,0.041836649999999996,0.04276298,0.042909,27431.29010454613,27.43129010454613,35.0805,35.0805,3428.911263068266,3600,3456,7128,sub-physical,0.0625,0.03125,Intel(R) Xeon(R) 6760P,AVX512,"avx2,avx512f,avx512bw,avx512vl,avx512_vnni,avx512_bf16,amx_bf16,amx_int8,amx_tile,fma",True,True,,256,128,sh14l07002s1404,3.11.9,2.1.2+cu121
20260423_060055,2026-04-23T11:15:47.017334,cpu,full_mlp_capacity_search_hd512_depth2,/home/liangyi/SRS_AI/Model_AIIC_refactor/experiments_refactored/20260422_050408_full_mlp_capacity_search_v2/full_mlp_capacity_search_hd512_depth2,full_mlp_capacity_search_v2,full_mlp_capacity_search_hd512_depth2,supervised_nmse_plateau,full_mlp,12,6,eager,bf16,bfloat16,1,128,ok,,0.0,20,50,0.03621566,0.002910105534924807,0.034117,0.0354195,0.0381315,0.0390652,0.04905544999999999,0.051258,27612.364374969282,27.61236437496928,35.4195,35.4195,215.72159667944752,3600,3456,7128,all-physical,1.0,0.5,Intel(R) Xeon(R) 6760P,AVX512,"avx2,avx512f,avx512bw,avx512vl,avx512_vnni,avx512_bf16,amx_bf16,amx_int8,amx_tile,fma",True,True,,256,128,sh14l07002s1404,3.11.9,2.1.2+cu121
20260423_060055,2026-04-23T11:15:47.017334,cpu,full_mlp_capacity_search_hd512_depth2,/home/liangyi/SRS_AI/Model_AIIC_refactor/experiments_refactored/20260422_050408_full_mlp_capacity_search_v2/full_mlp_capacity_search_hd512_depth2,full_mlp_capacity_search_v2,full_mlp_capacity_search_hd512_depth2,supervised_nmse_plateau,full_mlp,12,6,eager,bf16,bfloat16,2,1,ok,,0.0,20,50,0.06067502,0.008104583400743064,0.05449,0.057776999999999995,0.0666784,0.06808145,0.09036887999999993,0.107758,32962.49428512755,32.96249428512755,57.776999999999994,28.888499999999997,32962.49428512755,3600,3456,7128,single-thread,0.0078125,0.00390625,Intel(R) Xeon(R) 6760P,AVX512,"avx2,avx512f,avx512bw,avx512vl,avx512_vnni,avx512_bf16,amx_bf16,amx_int8,amx_tile,fma",True,True,,256,128,sh14l07002s1404,3.11.9,2.1.2+cu121
20260423_060055,2026-04-23T11:15:47.017334,cpu,full_mlp_capacity_search_hd512_depth2,/home/liangyi/SRS_AI/Model_AIIC_refactor/experiments_refactored/20260422_050408_full_mlp_capacity_search_v2/full_mlp_capacity_search_hd512_depth2,full_mlp_capacity_search_v2,full_mlp_capacity_search_hd512_depth2,supervised_nmse_plateau,full_mlp,12,6,eager,bf16,bfloat16,2,2,ok,,0.0,20,50,0.0652108,0.0049771647953428255,0.060309,0.0625445,0.0722047,0.07427375,0.07919991999999998,0.082087,30669.766357719887,30.669766357719887,62.5445,31.27225,15334.883178859944,3600,3456,7128,sub-physical,0.015625,0.0078125,Intel(R) Xeon(R) 6760P,AVX512,"avx2,avx512f,avx512bw,avx512vl,avx512_vnni,avx512_bf16,amx_bf16,amx_int8,amx_tile,fma",True,True,,256,128,sh14l07002s1404,3.11.9,2.1.2+cu121
20260423_060055,2026-04-23T11:15:47.017334,cpu,full_mlp_capacity_search_hd512_depth2,/home/liangyi/SRS_AI/Model_AIIC_refactor/experiments_refactored/20260422_050408_full_mlp_capacity_search_v2/full_mlp_capacity_search_hd512_depth2,full_mlp_capacity_search_v2,full_mlp_capacity_search_hd512_depth2,supervised_nmse_plateau,full_mlp,12,6,eager,bf16,bfloat16,2,4,ok,,0.0,20,50,0.06756222,0.015028417056084117,0.05964,0.063805,0.0744161,0.07590125,0.12295618999999983,0.166747,29602.342847822347,29.602342847822346,63.805,31.9025,7400.585711955587,3600,3456,7128,sub-physical,0.03125,0.015625,Intel(R) Xeon(R) 6760P,AVX512,"avx2,avx512f,avx512bw,avx512vl,avx512_vnni,avx512_bf16,amx_bf16,amx_int8,amx_tile,fma",True,True,,256,128,sh14l07002s1404,3.11.9,2.1.2+cu121
20260423_060055,2026-04-23T11:15:47.017334,cpu,full_mlp_capacity_search_hd512_depth2,/home/liangyi/SRS_AI/Model_AIIC_refactor/experiments_refactored/20260422_050408_full_mlp_capacity_search_v2/full_mlp_capacity_search_hd512_depth2,full_mlp_capacity_search_v2,full_mlp_capacity_search_hd512_depth2,supervised_nmse_plateau,full_mlp,12,6,eager,bf16,bfloat16,2,8,ok,,0.0,20,50,0.06845442,0.01516082077341461,0.060011,0.063611,0.0764124,0.08036514999999998,0.12586733999999983,0.165329,29216.52100770118,29.21652100770118,63.611000000000004,31.805500000000002,3652.0651259626475,3600,3456,7128,sub-physical,0.0625,0.03125,Intel(R) Xeon(R) 6760P,AVX512,"avx2,avx512f,avx512bw,avx512vl,avx512_vnni,avx512_bf16,amx_bf16,amx_int8,amx_tile,fma",True,True,,256,128,sh14l07002s1404,3.11.9,2.1.2+cu121
20260423_060055,2026-04-23T11:15:47.017334,cpu,full_mlp_capacity_search_hd512_depth2,/home/liangyi/SRS_AI/Model_AIIC_refactor/experiments_refactored/20260422_050408_full_mlp_capacity_search_v2/full_mlp_capacity_search_hd512_depth2,full_mlp_capacity_search_v2,full_mlp_capacity_search_hd512_depth2,supervised_nmse_plateau,full_mlp,12,6,eager,bf16,bfloat16,2,128,ok,,0.0,20,50,0.1437273,0.015621139036894846,0.127988,0.13837850000000002,0.1595614,0.18218845,0.19773420999999994,0.209137,13915.240876298378,13.915240876298379,138.3785,69.18925,108.71281934608108,3600,3456,7128,all-physical,1.0,0.5,Intel(R) Xeon(R) 6760P,AVX512,"avx2,avx512f,avx512bw,avx512vl,avx512_vnni,avx512_bf16,amx_bf16,amx_int8,amx_tile,fma",True,True,,256,128,sh14l07002s1404,3.11.9,2.1.2+cu121
20260423_060055,2026-04-23T11:15:47.017334,cpu,full_mlp_capacity_search_hd512_depth2,/home/liangyi/SRS_AI/Model_AIIC_refactor/experiments_refactored/20260422_050408_full_mlp_capacity_search_v2/full_mlp_capacity_search_hd512_depth2,full_mlp_capacity_search_v2,full_mlp_capacity_search_hd512_depth2,supervised_nmse_plateau,full_mlp,12,6,eager,bf16,bfloat16,4,1,ok,,0.0,20,50,0.0550819,0.004899722495203173,0.049211,0.0551865,0.061090900000000004,0.0625559,0.06653627,0.067995,72619.13623168408,72.61913623168408,55.1865,13.796625,72619.13623168408,3600,3456,7128,single-thread,0.0078125,0.00390625,Intel(R) Xeon(R) 6760P,AVX512,"avx2,avx512f,avx512bw,avx512vl,avx512_vnni,avx512_bf16,amx_bf16,amx_int8,amx_tile,fma",True,True,,256,128,sh14l07002s1404,3.11.9,2.1.2+cu121
20260423_060055,2026-04-23T11:15:47.017334,cpu,full_mlp_capacity_search_hd512_depth2,/home/liangyi/SRS_AI/Model_AIIC_refactor/experiments_refactored/20260422_050408_full_mlp_capacity_search_v2/full_mlp_capacity_search_hd512_depth2,full_mlp_capacity_search_v2,full_mlp_capacity_search_hd512_depth2,supervised_nmse_plateau,full_mlp,12,6,eager,bf16,bfloat16,4,2,ok,,0.0,20,50,0.06047612,0.004670217410956368,0.053975,0.058693999999999996,0.067178,0.06834544999999999,0.06954853,0.070383,66141.80936210854,66.14180936210855,58.693999999999996,14.673499999999999,33070.90468105427,3600,3456,7128,sub-physical,0.015625,0.0078125,Intel(R) Xeon(R) 6760P,AVX512,"avx2,avx512f,avx512bw,avx512vl,avx512_vnni,avx512_bf16,amx_bf16,amx_int8,amx_tile,fma",True,True,,256,128,sh14l07002s1404,3.11.9,2.1.2+cu121
20260423_060055,2026-04-23T11:15:47.017334,cpu,full_mlp_capacity_search_hd512_depth2,/home/liangyi/SRS_AI/Model_AIIC_refactor/experiments_refactored/20260422_050408_full_mlp_capacity_search_v2/full_mlp_capacity_search_hd512_depth2,full_mlp_capacity_search_v2,full_mlp_capacity_search_hd512_depth2,supervised_nmse_plateau,full_mlp,12,6,eager,bf16,bfloat16,4,4,ok,,0.0,20,50,0.05824942,0.004342988745506947,0.053516,0.0563895,0.0637076,0.0664114,0.06833766,0.069742,68670.21165189284,68.67021165189284,56.389500000000005,14.097375000000001,17167.55291297321,3600,3456,7128,sub-physical,0.03125,0.015625,Intel(R) Xeon(R) 6760P,AVX512,"avx2,avx512f,avx512bw,avx512vl,avx512_vnni,avx512_bf16,amx_bf16,amx_int8,amx_tile,fma",True,True,,256,128,sh14l07002s1404,3.11.9,2.1.2+cu121
20260423_060055,2026-04-23T11:15:47.017334,cpu,full_mlp_capacity_search_hd512_depth2,/home/liangyi/SRS_AI/Model_AIIC_refactor/experiments_refactored/20260422_050408_full_mlp_capacity_search_v2/full_mlp_capacity_search_hd512_depth2,full_mlp_capacity_search_v2,full_mlp_capacity_search_hd512_depth2,supervised_nmse_plateau,full_mlp,12,6,eager,bf16,bfloat16,4,8,ok,,0.0,20,50,0.06274462,0.004910902315827509,0.05735,0.0602715,0.0686385,0.07134565,0.07609867,0.078263,63750.48569901292,63.75048569901292,60.271499999999996,15.067874999999999,7968.810712376615,3600,3456,7128,sub-physical,0.0625,0.03125,Intel(R) Xeon(R) 6760P,AVX512,"avx2,avx512f,avx512bw,avx512vl,avx512_vnni,avx512_bf16,amx_bf16,amx_int8,amx_tile,fma",True,True,,256,128,sh14l07002s1404,3.11.9,2.1.2+cu121
20260423_060055,2026-04-23T11:15:47.017334,cpu,full_mlp_capacity_search_hd512_depth2,/home/liangyi/SRS_AI/Model_AIIC_refactor/experiments_refactored/20260422_050408_full_mlp_capacity_search_v2/full_mlp_capacity_search_hd512_depth2,full_mlp_capacity_search_v2,full_mlp_capacity_search_hd512_depth2,supervised_nmse_plateau,full_mlp,12,6,eager,bf16,bfloat16,4,128,ok,,0.0,20,50,0.15489678,0.024787945388264836,0.134701,0.1498065,0.1697447,0.20439554999999995,0.25173906999999984,0.28347,25823.648496760226,25.823648496760228,149.8065,37.451625,201.74725388093927,3600,3456,7128,all-physical,1.0,0.5,Intel(R) Xeon(R) 6760P,AVX512,"avx2,avx512f,avx512bw,avx512vl,avx512_vnni,avx512_bf16,amx_bf16,amx_int8,amx_tile,fma",True,True,,256,128,sh14l07002s1404,3.11.9,2.1.2+cu121
20260423_060055,2026-04-23T11:15:47.017334,cpu,full_mlp_capacity_search_hd512_depth2,/home/liangyi/SRS_AI/Model_AIIC_refactor/experiments_refactored/20260422_050408_full_mlp_capacity_search_v2/full_mlp_capacity_search_hd512_depth2,full_mlp_capacity_search_v2,full_mlp_capacity_search_hd512_depth2,supervised_nmse_plateau,full_mlp,12,6,eager,bf16,bfloat16,8,1,ok,,0.0,20,50,0.0558225,0.0053248379402569615,0.05075,0.052833500000000005,0.0636855,0.0650587,0.06830487,0.068617,143311.38877692688,143.3113887769269,52.83350000000001,6.604187500000001,143311.38877692688,3600,3456,7128,single-thread,0.0078125,0.00390625,Intel(R) Xeon(R) 6760P,AVX512,"avx2,avx512f,avx512bw,avx512vl,avx512_vnni,avx512_bf16,amx_bf16,amx_int8,amx_tile,fma",True,True,,256,128,sh14l07002s1404,3.11.9,2.1.2+cu121
20260423_060055,2026-04-23T11:15:47.017334,cpu,full_mlp_capacity_search_hd512_depth2,/home/liangyi/SRS_AI/Model_AIIC_refactor/experiments_refactored/20260422_050408_full_mlp_capacity_search_v2/full_mlp_capacity_search_hd512_depth2,full_mlp_capacity_search_v2,full_mlp_capacity_search_hd512_depth2,supervised_nmse_plateau,full_mlp,12,6,eager,bf16,bfloat16,8,2,ok,,0.0,20,50,0.06065022,0.008298620319764003,0.05361,0.0578085,0.06742780000000001,0.07120389999999999,0.09011330999999993,0.106323,131903.89086799684,131.90389086799684,57.8085,7.2260625,65951.94543399842,3600,3456,7128,sub-physical,0.015625,0.0078125,Intel(R) Xeon(R) 6760P,AVX512,"avx2,avx512f,avx512bw,avx512vl,avx512_vnni,avx512_bf16,amx_bf16,amx_int8,amx_tile,fma",True,True,,256,128,sh14l07002s1404,3.11.9,2.1.2+cu121
20260423_060055,2026-04-23T11:15:47.017334,cpu,full_mlp_capacity_search_hd512_depth2,/home/liangyi/SRS_AI/Model_AIIC_refactor/experiments_refactored/20260422_050408_full_mlp_capacity_search_v2/full_mlp_capacity_search_hd512_depth2,full_mlp_capacity_search_v2,full_mlp_capacity_search_hd512_depth2,supervised_nmse_plateau,full_mlp,12,6,eager,bf16,bfloat16,8,4,ok,,0.0,20,50,0.06131276,0.004716154211049507,0.055816,0.0589,0.0686355,0.06926475,0.06976104000000001,0.069763,130478.54965263349,130.4785496526335,58.9,7.3625,32619.637413158373,3600,3456,7128,sub-physical,0.03125,0.015625,Intel(R) Xeon(R) 6760P,AVX512,"avx2,avx512f,avx512bw,avx512vl,avx512_vnni,avx512_bf16,amx_bf16,amx_int8,amx_tile,fma",True,True,,256,128,sh14l07002s1404,3.11.9,2.1.2+cu121
20260423_060055,2026-04-23T11:15:47.017334,cpu,full_mlp_capacity_search_hd512_depth2,/home/liangyi/SRS_AI/Model_AIIC_refactor/experiments_refactored/20260422_050408_full_mlp_capacity_search_v2/full_mlp_capacity_search_hd512_depth2,full_mlp_capacity_search_v2,full_mlp_capacity_search_hd512_depth2,supervised_nmse_plateau,full_mlp,12,6,eager,bf16,bfloat16,8,8,ok,,0.0,20,50,0.0662128,0.00804352566229511,0.058402,0.0642065,0.07502009999999999,0.07574085,0.09238976999999994,0.106074,120822.55998840104,120.82255998840104,64.2065,8.0258125,15102.81999855013,3600,3456,7128,sub-physical,0.0625,0.03125,Intel(R) Xeon(R) 6760P,AVX512,"avx2,avx512f,avx512bw,avx512vl,avx512_vnni,avx512_bf16,amx_bf16,amx_int8,amx_tile,fma",True,True,,256,128,sh14l07002s1404,3.11.9,2.1.2+cu121
20260423_060055,2026-04-23T11:15:47.017334,cpu,full_mlp_capacity_search_hd512_depth2,/home/liangyi/SRS_AI/Model_AIIC_refactor/experiments_refactored/20260422_050408_full_mlp_capacity_search_v2/full_mlp_capacity_search_hd512_depth2,full_mlp_capacity_search_v2,full_mlp_capacity_search_hd512_depth2,supervised_nmse_plateau,full_mlp,12,6,eager,bf16,bfloat16,8,128,ok,,0.0,20,50,0.1782799,0.03630823450417274,0.13278,0.1648355,0.22530820000000001,0.23273454999999998,0.2618185999999999,0.282183,44873.258286548284,44.873258286548285,164.8355,20.6044375,350.57233036365847,3600,3456,7128,all-physical,1.0,0.5,Intel(R) Xeon(R) 6760P,AVX512,"avx2,avx512f,avx512bw,avx512vl,avx512_vnni,avx512_bf16,amx_bf16,amx_int8,amx_tile,fma",True,True,,256,128,sh14l07002s1404,3.11.9,2.1.2+cu121
20260423_060055,2026-04-23T11:15:47.017334,cpu,full_mlp_capacity_search_hd512_depth2,/home/liangyi/SRS_AI/Model_AIIC_refactor/experiments_refactored/20260422_050408_full_mlp_capacity_search_v2/full_mlp_capacity_search_hd512_depth2,full_mlp_capacity_search_v2,full_mlp_capacity_search_hd512_depth2,supervised_nmse_plateau,full_mlp,12,6,eager,bf16,bfloat16,16,1,ok,,0.0,20,50,0.05941116,0.005441288914806859,0.052431,0.0574385,0.0655261,0.06583425,0.07570182999999998,0.079638,269309.6717855703,269.3096717855703,57.438500000000005,3.5899062500000003,269309.6717855703,3600,3456,7128,single-thread,0.0078125,0.00390625,Intel(R) Xeon(R) 6760P,AVX512,"avx2,avx512f,avx512bw,avx512vl,avx512_vnni,avx512_bf16,amx_bf16,amx_int8,amx_tile,fma",True,True,,256,128,sh14l07002s1404,3.11.9,2.1.2+cu121
20260423_060055,2026-04-23T11:15:47.017334,cpu,full_mlp_capacity_search_hd512_depth2,/home/liangyi/SRS_AI/Model_AIIC_refactor/experiments_refactored/20260422_050408_full_mlp_capacity_search_v2/full_mlp_capacity_search_hd512_depth2,full_mlp_capacity_search_v2,full_mlp_capacity_search_hd512_depth2,supervised_nmse_plateau,full_mlp,12,6,eager,bf16,bfloat16,16,2,ok,,0.0,20,50,0.06161092,0.004793333119406579,0.056228,0.0600225,0.0685688,0.07052594999999999,0.07147364,0.071554,259694.223037085,259.694223037085,60.0225,3.75140625,129847.1115185425,3600,3456,7128,sub-physical,0.015625,0.0078125,Intel(R) Xeon(R) 6760P,AVX512,"avx2,avx512f,avx512bw,avx512vl,avx512_vnni,avx512_bf16,amx_bf16,amx_int8,amx_tile,fma",True,True,,256,128,sh14l07002s1404,3.11.9,2.1.2+cu121
20260423_060055,2026-04-23T11:15:47.017334,cpu,full_mlp_capacity_search_hd512_depth2,/home/liangyi/SRS_AI/Model_AIIC_refactor/experiments_refactored/20260422_050408_full_mlp_capacity_search_v2/full_mlp_capacity_search_hd512_depth2,full_mlp_capacity_search_v2,full_mlp_capacity_search_hd512_depth2,supervised_nmse_plateau,full_mlp,12,6,eager,bf16,bfloat16,16,4,ok,,0.0,20,50,0.06203774,0.009151146941908429,0.054251,0.060627,0.0676381,0.0701682,0.09591357999999992,0.116963,257907.52532248918,257.90752532248916,60.627,3.7891875,64476.881330622295,3600,3456,7128,sub-physical,0.03125,0.015625,Intel(R) Xeon(R) 6760P,AVX512,"avx2,avx512f,avx512bw,avx512vl,avx512_vnni,avx512_bf16,amx_bf16,amx_int8,amx_tile,fma",True,True,,256,128,sh14l07002s1404,3.11.9,2.1.2+cu121
20260423_060055,2026-04-23T11:15:47.017334,cpu,full_mlp_capacity_search_hd512_depth2,/home/liangyi/SRS_AI/Model_AIIC_refactor/experiments_refactored/20260422_050408_full_mlp_capacity_search_v2/full_mlp_capacity_search_hd512_depth2,full_mlp_capacity_search_v2,full_mlp_capacity_search_hd512_depth2,supervised_nmse_plateau,full_mlp,12,6,eager,bf16,bfloat16,16,8,ok,,0.0,20,50,0.06177994,0.010377108307057415,0.055983,0.0594615,0.0662497,0.06751785,0.10021454999999987,0.130744,258983.7413244493,258.9837413244493,59.4615,3.71634375,32372.967665556163,3600,3456,7128,sub-physical,0.0625,0.03125,Intel(R) Xeon(R) 6760P,AVX512,"avx2,avx512f,avx512bw,avx512vl,avx512_vnni,avx512_bf16,amx_bf16,amx_int8,amx_tile,fma",True,True,,256,128,sh14l07002s1404,3.11.9,2.1.2+cu121
20260423_060055,2026-04-23T11:15:47.017334,cpu,full_mlp_capacity_search_hd512_depth2,/home/liangyi/SRS_AI/Model_AIIC_refactor/experiments_refactored/20260422_050408_full_mlp_capacity_search_v2/full_mlp_capacity_search_hd512_depth2,full_mlp_capacity_search_v2,full_mlp_capacity_search_hd512_depth2,supervised_nmse_plateau,full_mlp,12,6,eager,bf16,bfloat16,16,128,ok,,0.0,20,50,0.13915072,0.011157611660279274,0.115352,0.1368275,0.1526181,0.15926505,0.16801345999999995,0.175141,114983.23544427221,114.98323544427221,136.8275,8.55171875,898.3065269083767,3600,3456,7128,all-physical,1.0,0.5,Intel(R) Xeon(R) 6760P,AVX512,"avx2,avx512f,avx512bw,avx512vl,avx512_vnni,avx512_bf16,amx_bf16,amx_int8,amx_tile,fma",True,True,,256,128,sh14l07002s1404,3.11.9,2.1.2+cu121
20260423_060055,2026-04-23T11:15:47.017334,cpu,full_mlp_capacity_search_hd512_depth2,/home/liangyi/SRS_AI/Model_AIIC_refactor/experiments_refactored/20260422_050408_full_mlp_capacity_search_v2/full_mlp_capacity_search_hd512_depth2,full_mlp_capacity_search_v2,full_mlp_capacity_search_hd512_depth2,supervised_nmse_plateau,full_mlp,12,6,eager,bf16,bfloat16,32,1,ok,,0.0,20,50,0.06329802,0.005035563910784969,0.058212,0.060428499999999996,0.0694012,0.07037715,0.07615434999999998,0.078891,505545.03916552215,505.54503916552216,60.4285,1.888390625,505545.03916552215,3600,3456,7128,single-thread,0.0078125,0.00390625,Intel(R) Xeon(R) 6760P,AVX512,"avx2,avx512f,avx512bw,avx512vl,avx512_vnni,avx512_bf16,amx_bf16,amx_int8,amx_tile,fma",True,True,,256,128,sh14l07002s1404,3.11.9,2.1.2+cu121
20260423_060055,2026-04-23T11:15:47.017334,cpu,full_mlp_capacity_search_hd512_depth2,/home/liangyi/SRS_AI/Model_AIIC_refactor/experiments_refactored/20260422_050408_full_mlp_capacity_search_v2/full_mlp_capacity_search_hd512_depth2,full_mlp_capacity_search_v2,full_mlp_capacity_search_hd512_depth2,supervised_nmse_plateau,full_mlp,12,6,eager,bf16,bfloat16,32,2,ok,,0.0,20,50,0.0624786,0.004860611146759222,0.055252,0.0607865,0.0691851,0.0705377,0.072725,0.073019,512175.3688462929,512.1753688462929,60.786500000000004,1.8995781250000001,256087.68442314645,3600,3456,7128,sub-physical,0.015625,0.0078125,Intel(R) Xeon(R) 6760P,AVX512,"avx2,avx512f,avx512bw,avx512vl,avx512_vnni,avx512_bf16,amx_bf16,amx_int8,amx_tile,fma",True,True,,256,128,sh14l07002s1404,3.11.9,2.1.2+cu121
20260423_060055,2026-04-23T11:15:47.017334,cpu,full_mlp_capacity_search_hd512_depth2,/home/liangyi/SRS_AI/Model_AIIC_refactor/experiments_refactored/20260422_050408_full_mlp_capacity_search_v2/full_mlp_capacity_search_hd512_depth2,full_mlp_capacity_search_v2,full_mlp_capacity_search_hd512_depth2,supervised_nmse_plateau,full_mlp,12,6,eager,bf16,bfloat16,32,4,ok,,0.0,20,50,0.07469818,0.014589533128500035,0.06608,0.069845,0.0823844,0.08400715,0.12925766999999982,0.168858,428390.62477827433,428.39062477827434,69.845,2.18265625,107097.65619456858,3600,3456,7128,sub-physical,0.03125,0.015625,Intel(R) Xeon(R) 6760P,AVX512,"avx2,avx512f,avx512bw,avx512vl,avx512_vnni,avx512_bf16,amx_bf16,amx_int8,amx_tile,fma",True,True,,256,128,sh14l07002s1404,3.11.9,2.1.2+cu121
20260423_060055,2026-04-23T11:15:47.017334,cpu,full_mlp_capacity_search_hd512_depth2,/home/liangyi/SRS_AI/Model_AIIC_refactor/experiments_refactored/20260422_050408_full_mlp_capacity_search_v2/full_mlp_capacity_search_hd512_depth2,full_mlp_capacity_search_v2,full_mlp_capacity_search_hd512_depth2,supervised_nmse_plateau,full_mlp,12,6,eager,bf16,bfloat16,32,8,ok,,0.0,20,50,0.06427084,0.005114055061729392,0.058327,0.0619115,0.07138309999999999,0.07427905,0.07551025,0.075645,497892.9791488644,497.8929791488644,61.911500000000004,1.9347343750000001,62236.62239360805,3600,3456,7128,sub-physical,0.0625,0.03125,Intel(R) Xeon(R) 6760P,AVX512,"avx2,avx512f,avx512bw,avx512vl,avx512_vnni,avx512_bf16,amx_bf16,amx_int8,amx_tile,fma",True,True,,256,128,sh14l07002s1404,3.11.9,2.1.2+cu121
20260423_060055,2026-04-23T11:15:47.017334,cpu,full_mlp_capacity_search_hd512_depth2,/home/liangyi/SRS_AI/Model_AIIC_refactor/experiments_refactored/20260422_050408_full_mlp_capacity_search_v2/full_mlp_capacity_search_hd512_depth2,full_mlp_capacity_search_v2,full_mlp_capacity_search_hd512_depth2,supervised_nmse_plateau,full_mlp,12,6,eager,bf16,bfloat16,32,128,ok,,0.0,20,50,0.14088732,0.010088860439990237,0.124845,0.139037,0.1504595,0.1664968,0.17182672,0.174312,227131.86679965234,227.13186679965236,139.037,4.34490625,1774.467709372284,3600,3456,7128,all-physical,1.0,0.5,Intel(R) Xeon(R) 6760P,AVX512,"avx2,avx512f,avx512bw,avx512vl,avx512_vnni,avx512_bf16,amx_bf16,amx_int8,amx_tile,fma",True,True,,256,128,sh14l07002s1404,3.11.9,2.1.2+cu121
20260423_060055,2026-04-23T11:15:47.017334,cpu,full_mlp_capacity_search_hd512_depth2,/home/liangyi/SRS_AI/Model_AIIC_refactor/experiments_refactored/20260422_050408_full_mlp_capacity_search_v2/full_mlp_capacity_search_hd512_depth2,full_mlp_capacity_search_v2,full_mlp_capacity_search_hd512_depth2,supervised_nmse_plateau,full_mlp,12,6,eager,bf16,bfloat16,64,1,ok,,0.0,20,50,0.06913752,0.008707431823999544,0.060406,0.0654155,0.07515630000000001,0.07851015,0.10224515999999995,0.116708,925691.2888978373,925.6912888978372,65.4155,1.0221171875,925691.2888978373,3600,3456,7128,single-thread,0.0078125,0.00390625,Intel(R) Xeon(R) 6760P,AVX512,"avx2,avx512f,avx512bw,avx512vl,avx512_vnni,avx512_bf16,amx_bf16,amx_int8,amx_tile,fma",True,True,,256,128,sh14l07002s1404,3.11.9,2.1.2+cu121
20260423_060055,2026-04-23T11:15:47.017334,cpu,full_mlp_capacity_search_hd512_depth2,/home/liangyi/SRS_AI/Model_AIIC_refactor/experiments_refactored/20260422_050408_full_mlp_capacity_search_v2/full_mlp_capacity_search_hd512_depth2,full_mlp_capacity_search_v2,full_mlp_capacity_search_hd512_depth2,supervised_nmse_plateau,full_mlp,12,6,eager,bf16,bfloat16,64,2,ok,,0.0,20,50,0.06802498,0.00480696377556561,0.061189,0.0672355,0.0746373,0.07696194999999999,0.07978877999999999,0.081591,940830.8536070132,940.8308536070133,67.2355,1.0505546875,470415.4268035066,3600,3456,7128,sub-physical,0.015625,0.0078125,Intel(R) Xeon(R) 6760P,AVX512,"avx2,avx512f,avx512bw,avx512vl,avx512_vnni,avx512_bf16,amx_bf16,amx_int8,amx_tile,fma",True,True,,256,128,sh14l07002s1404,3.11.9,2.1.2+cu121
20260423_060055,2026-04-23T11:15:47.017334,cpu,full_mlp_capacity_search_hd512_depth2,/home/liangyi/SRS_AI/Model_AIIC_refactor/experiments_refactored/20260422_050408_full_mlp_capacity_search_v2/full_mlp_capacity_search_hd512_depth2,full_mlp_capacity_search_v2,full_mlp_capacity_search_hd512_depth2,supervised_nmse_plateau,full_mlp,12,6,eager,bf16,bfloat16,64,4,ok,,0.0,20,50,0.07170706,0.005729817715809116,0.062962,0.0707095,0.0804977,0.08171534999999999,0.08389466,0.084711,892520.2065180193,892.5202065180193,70.70949999999999,1.1048359374999999,223130.05162950483,3600,3456,7128,sub-physical,0.03125,0.015625,Intel(R) Xeon(R) 6760P,AVX512,"avx2,avx512f,avx512bw,avx512vl,avx512_vnni,avx512_bf16,amx_bf16,amx_int8,amx_tile,fma",True,True,,256,128,sh14l07002s1404,3.11.9,2.1.2+cu121
20260423_060055,2026-04-23T11:15:47.017334,cpu,full_mlp_capacity_search_hd512_depth2,/home/liangyi/SRS_AI/Model_AIIC_refactor/experiments_refactored/20260422_050408_full_mlp_capacity_search_v2/full_mlp_capacity_search_hd512_depth2,full_mlp_capacity_search_v2,full_mlp_capacity_search_hd512_depth2,supervised_nmse_plateau,full_mlp,12,6,eager,bf16,bfloat16,64,8,ok,,0.0,20,50,0.07691934,0.00504210557053301,0.067581,0.0755845,0.0833586,0.08572855,0.09073047999999999,0.095066,832040.420523629,832.0404205236291,75.5845,1.1810078125,104005.05256545363,3600,3456,7128,sub-physical,0.0625,0.03125,Intel(R) Xeon(R) 6760P,AVX512,"avx2,avx512f,avx512bw,avx512vl,avx512_vnni,avx512_bf16,amx_bf16,amx_int8,amx_tile,fma",True,True,,256,128,sh14l07002s1404,3.11.9,2.1.2+cu121
20260423_060055,2026-04-23T11:15:47.017334,cpu,full_mlp_capacity_search_hd512_depth2,/home/liangyi/SRS_AI/Model_AIIC_refactor/experiments_refactored/20260422_050408_full_mlp_capacity_search_v2/full_mlp_capacity_search_hd512_depth2,full_mlp_capacity_search_v2,full_mlp_capacity_search_hd512_depth2,supervised_nmse_plateau,full_mlp,12,6,eager,bf16,bfloat16,64,128,ok,,0.0,20,50,0.1675499,0.016092217566575463,0.148237,0.161675,0.18478750000000002,0.1950015,0.22405087999999992,0.236834,381975.7576698046,381.97575766980464,161.675,2.526171875,2984.1856067953486,3600,3456,7128,all-physical,1.0,0.5,Intel(R) Xeon(R) 6760P,AVX512,"avx2,avx512f,avx512bw,avx512vl,avx512_vnni,avx512_bf16,amx_bf16,amx_int8,amx_tile,fma",True,True,,256,128,sh14l07002s1404,3.11.9,2.1.2+cu121
20260423_060055,2026-04-23T11:15:47.017334,cpu,full_mlp_capacity_search_hd512_depth2,/home/liangyi/SRS_AI/Model_AIIC_refactor/experiments_refactored/20260422_050408_full_mlp_capacity_search_v2/full_mlp_capacity_search_hd512_depth2,full_mlp_capacity_search_v2,full_mlp_capacity_search_hd512_depth2,supervised_nmse_plateau,full_mlp,12,6,eager,bf16,bfloat16,128,1,ok,,0.0,20,50,0.0737396,0.02122971624115593,0.060073,0.069452,0.07782,0.08697169999999999,0.16938048999999988,0.19829,1735838.0029183775,1735.8380029183775,69.452,0.54259375,1735838.0029183775,3600,3456,7128,single-thread,0.0078125,0.00390625,Intel(R) Xeon(R) 6760P,AVX512,"avx2,avx512f,avx512bw,avx512vl,avx512_vnni,avx512_bf16,amx_bf16,amx_int8,amx_tile,fma",True,True,,256,128,sh14l07002s1404,3.11.9,2.1.2+cu121
20260423_060055,2026-04-23T11:15:47.017334,cpu,full_mlp_capacity_search_hd512_depth2,/home/liangyi/SRS_AI/Model_AIIC_refactor/experiments_refactored/20260422_050408_full_mlp_capacity_search_v2/full_mlp_capacity_search_hd512_depth2,full_mlp_capacity_search_v2,full_mlp_capacity_search_hd512_depth2,supervised_nmse_plateau,full_mlp,12,6,eager,bf16,bfloat16,128,2,ok,,0.0,20,50,0.08139978,0.012488965883995359,0.07038,0.07806550000000001,0.0904364,0.09553969999999999,0.13114095999999995,0.14481,1572485.8224432545,1572.4858224432546,78.06550000000001,0.6098867187500001,786242.9112216273,3600,3456,7128,sub-physical,0.015625,0.0078125,Intel(R) Xeon(R) 6760P,AVX512,"avx2,avx512f,avx512bw,avx512vl,avx512_vnni,avx512_bf16,amx_bf16,amx_int8,amx_tile,fma",True,True,,256,128,sh14l07002s1404,3.11.9,2.1.2+cu121
20260423_060055,2026-04-23T11:15:47.017334,cpu,full_mlp_capacity_search_hd512_depth2,/home/liangyi/SRS_AI/Model_AIIC_refactor/experiments_refactored/20260422_050408_full_mlp_capacity_search_v2/full_mlp_capacity_search_hd512_depth2,full_mlp_capacity_search_v2,full_mlp_capacity_search_hd512_depth2,supervised_nmse_plateau,full_mlp,12,6,eager,bf16,bfloat16,128,4,ok,,0.0,20,50,0.09386902,0.015045551105213795,0.080517,0.09060299999999999,0.10366800000000001,0.10749544999999998,0.14938732999999985,0.185982,1363602.1767351998,1363.6021767351997,90.603,0.7078359375,340900.54418379994,3600,3456,7128,sub-physical,0.03125,0.015625,Intel(R) Xeon(R) 6760P,AVX512,"avx2,avx512f,avx512bw,avx512vl,avx512_vnni,avx512_bf16,amx_bf16,amx_int8,amx_tile,fma",True,True,,256,128,sh14l07002s1404,3.11.9,2.1.2+cu121
20260423_060055,2026-04-23T11:15:47.017334,cpu,full_mlp_capacity_search_hd512_depth2,/home/liangyi/SRS_AI/Model_AIIC_refactor/experiments_refactored/20260422_050408_full_mlp_capacity_search_v2/full_mlp_capacity_search_hd512_depth2,full_mlp_capacity_search_v2,full_mlp_capacity_search_hd512_depth2,supervised_nmse_plateau,full_mlp,12,6,eager,bf16,bfloat16,128,8,ok,,0.0,20,50,0.09012168,0.014178759162126986,0.077694,0.0862185,0.0979764,0.1012918,0.14259812999999988,0.174283,1420301.9739534373,1420.3019739534373,86.2185,0.67358203125,177537.74674417966,3600,3456,7128,sub-physical,0.0625,0.03125,Intel(R) Xeon(R) 6760P,AVX512,"avx2,avx512f,avx512bw,avx512vl,avx512_vnni,avx512_bf16,amx_bf16,amx_int8,amx_tile,fma",True,True,,256,128,sh14l07002s1404,3.11.9,2.1.2+cu121
20260423_060055,2026-04-23T11:15:47.017334,cpu,full_mlp_capacity_search_hd512_depth2,/home/liangyi/SRS_AI/Model_AIIC_refactor/experiments_refactored/20260422_050408_full_mlp_capacity_search_v2/full_mlp_capacity_search_hd512_depth2,full_mlp_capacity_search_v2,full_mlp_capacity_search_hd512_depth2,supervised_nmse_plateau,full_mlp,12,6,eager,bf16,bfloat16,128,128,ok,,0.0,20,50,0.20288824,0.007608348079734524,0.19338,0.20081749999999998,0.2118067,0.2167013,0.22439417,0.226289,630889.2028438909,630.8892028438909,200.8175,1.56888671875,4928.8218972178975,3600,3456,7128,all-physical,1.0,0.5,Intel(R) Xeon(R) 6760P,AVX512,"avx2,avx512f,avx512bw,avx512vl,avx512_vnni,avx512_bf16,amx_bf16,amx_int8,amx_tile,fma",True,True,,256,128,sh14l07002s1404,3.11.9,2.1.2+cu121
20260423_060055,2026-04-23T11:15:47.017334,cpu,full_mlp_capacity_search_hd512_depth2,/home/liangyi/SRS_AI/Model_AIIC_refactor/experiments_refactored/20260422_050408_full_mlp_capacity_search_v2/full_mlp_capacity_search_hd512_depth2,full_mlp_capacity_search_v2,full_mlp_capacity_search_hd512_depth2,supervised_nmse_plateau,full_mlp,12,6,jit,fp32,float32,1,1,ok,,41.789413,20,50,0.01881824,0.001539864819521506,0.016322,0.018186,0.0197413,0.021477699999999995,0.024663949999999997,0.025911,53139.93232098219,53.13993232098219,18.186,18.186,53139.93232098219,3600,3456,7128,single-thread,0.0078125,0.00390625,Intel(R) Xeon(R) 6760P,AVX512,"avx2,avx512f,avx512bw,avx512vl,avx512_vnni,avx512_bf16,amx_bf16,amx_int8,amx_tile,fma",True,True,,256,128,sh14l07002s1404,3.11.9,2.1.2+cu121
20260423_060055,2026-04-23T11:15:47.017334,cpu,full_mlp_capacity_search_hd512_depth2,/home/liangyi/SRS_AI/Model_AIIC_refactor/experiments_refactored/20260422_050408_full_mlp_capacity_search_v2/full_mlp_capacity_search_hd512_depth2,full_mlp_capacity_search_v2,full_mlp_capacity_search_hd512_depth2,supervised_nmse_plateau,full_mlp,12,6,jit,fp32,float32,1,2,ok,,41.455216,20,50,0.0181718,0.0014695411120482476,0.017114,0.0179105,0.0183207,0.018517950000000002,0.024362179999999987,0.027997,55030.32170726071,55.03032170726071,17.9105,17.9105,27515.160853630354,3600,3456,7128,sub-physical,0.015625,0.0078125,Intel(R) Xeon(R) 6760P,AVX512,"avx2,avx512f,avx512bw,avx512vl,avx512_vnni,avx512_bf16,amx_bf16,amx_int8,amx_tile,fma",True,True,,256,128,sh14l07002s1404,3.11.9,2.1.2+cu121
20260423_060055,2026-04-23T11:15:47.017334,cpu,full_mlp_capacity_search_hd512_depth2,/home/liangyi/SRS_AI/Model_AIIC_refactor/experiments_refactored/20260422_050408_full_mlp_capacity_search_v2/full_mlp_capacity_search_hd512_depth2,full_mlp_capacity_search_v2,full_mlp_capacity_search_hd512_depth2,supervised_nmse_plateau,full_mlp,12,6,jit,fp32,float32,1,4,ok,,40.461664,20,50,0.0186788,0.001686816504543396,0.017197,0.018786,0.0195069,0.021448449999999994,0.025285949999999995,0.026582,53536.62976208322,53.53662976208322,18.786,18.786,13384.157440520805,3600,3456,7128,sub-physical,0.03125,0.015625,Intel(R) Xeon(R) 6760P,AVX512,"avx2,avx512f,avx512bw,avx512vl,avx512_vnni,avx512_bf16,amx_bf16,amx_int8,amx_tile,fma",True,True,,256,128,sh14l07002s1404,3.11.9,2.1.2+cu121
20260423_060055,2026-04-23T11:15:47.017334,cpu,full_mlp_capacity_search_hd512_depth2,/home/liangyi/SRS_AI/Model_AIIC_refactor/experiments_refactored/20260422_050408_full_mlp_capacity_search_v2/full_mlp_capacity_search_hd512_depth2,full_mlp_capacity_search_v2,full_mlp_capacity_search_hd512_depth2,supervised_nmse_plateau,full_mlp,12,6,jit,fp32,float32,1,8,ok,,42.216813,20,50,0.0185651,0.0014407194487477428,0.017178,0.0178535,0.0198783,0.0207802,0.023428409999999993,0.024845,53864.5092135243,53.8645092135243,17.8535,17.8535,6733.063651690538,3600,3456,7128,sub-physical,0.0625,0.03125,Intel(R) Xeon(R) 6760P,AVX512,"avx2,avx512f,avx512bw,avx512vl,avx512_vnni,avx512_bf16,amx_bf16,amx_int8,amx_tile,fma",True,True,,256,128,sh14l07002s1404,3.11.9,2.1.2+cu121
20260423_060055,2026-04-23T11:15:47.017334,cpu,full_mlp_capacity_search_hd512_depth2,/home/liangyi/SRS_AI/Model_AIIC_refactor/experiments_refactored/20260422_050408_full_mlp_capacity_search_v2/full_mlp_capacity_search_hd512_depth2,full_mlp_capacity_search_v2,full_mlp_capacity_search_hd512_depth2,supervised_nmse_plateau,full_mlp,12,6,jit,fp32,float32,1,128,ok,,47.434588,20,50,0.0179548,0.0006932677404870359,0.016248,0.0178655,0.0182877,0.019435499999999998,0.02046899,0.020689,55695.41292579143,55.69541292579143,17.8655,17.8655,435.12041348274556,3600,3456,7128,all-physical,1.0,0.5,Intel(R) Xeon(R) 6760P,AVX512,"avx2,avx512f,avx512bw,avx512vl,avx512_vnni,avx512_bf16,amx_bf16,amx_int8,amx_tile,fma",True,True,,256,128,sh14l07002s1404,3.11.9,2.1.2+cu121
20260423_060055,2026-04-23T11:15:47.017334,cpu,full_mlp_capacity_search_hd512_depth2,/home/liangyi/SRS_AI/Model_AIIC_refactor/experiments_refactored/20260422_050408_full_mlp_capacity_search_v2/full_mlp_capacity_search_hd512_depth2,full_mlp_capacity_search_v2,full_mlp_capacity_search_hd512_depth2,supervised_nmse_plateau,full_mlp,12,6,jit,fp32,float32,2,1,ok,,43.259501,20,50,0.01905942,0.0006609283195627196,0.017796,0.0190925,0.0195592,0.01972885,0.021077419999999996,0.022225,104934.98752847673,104.93498752847674,19.092499999999998,9.546249999999999,104934.98752847673,3600,3456,7128,single-thread,0.0078125,0.00390625,Intel(R) Xeon(R) 6760P,AVX512,"avx2,avx512f,avx512bw,avx512vl,avx512_vnni,avx512_bf16,amx_bf16,amx_int8,amx_tile,fma",True,True,,256,128,sh14l07002s1404,3.11.9,2.1.2+cu121
20260423_060055,2026-04-23T11:15:47.017334,cpu,full_mlp_capacity_search_hd512_depth2,/home/liangyi/SRS_AI/Model_AIIC_refactor/experiments_refactored/20260422_050408_full_mlp_capacity_search_v2/full_mlp_capacity_search_hd512_depth2,full_mlp_capacity_search_v2,full_mlp_capacity_search_hd512_depth2,supervised_nmse_plateau,full_mlp,12,6,jit,fp32,float32,2,2,ok,,42.636074,20,50,0.01931956,0.0012781689271766858,0.018031,0.0191075,0.0193736,0.019411349999999997,0.025400729999999996,0.026441,103522.0263815532,103.52202638155319,19.107499999999998,9.553749999999999,51761.0131907766,3600,3456,7128,sub-physical,0.015625,0.0078125,Intel(R) Xeon(R) 6760P,AVX512,"avx2,avx512f,avx512bw,avx512vl,avx512_vnni,avx512_bf16,amx_bf16,amx_int8,amx_tile,fma",True,True,,256,128,sh14l07002s1404,3.11.9,2.1.2+cu121
20260423_060055,2026-04-23T11:15:47.017334,cpu,full_mlp_capacity_search_hd512_depth2,/home/liangyi/SRS_AI/Model_AIIC_refactor/experiments_refactored/20260422_050408_full_mlp_capacity_search_v2/full_mlp_capacity_search_hd512_depth2,full_mlp_capacity_search_v2,full_mlp_capacity_search_hd512_depth2,supervised_nmse_plateau,full_mlp,12,6,jit,fp32,float32,2,4,ok,,42.511295,20,50,0.0195386,0.0009451241399943186,0.018362,0.01943,0.019849699999999998,0.0199046,0.023479499999999993,0.025513,102361.47932809925,102.36147932809925,19.43,9.715,25590.36983202481,3600,3456,7128,sub-physical,0.03125,0.015625,Intel(R) Xeon(R) 6760P,AVX512,"avx2,avx512f,avx512bw,avx512vl,avx512_vnni,avx512_bf16,amx_bf16,amx_int8,amx_tile,fma",True,True,,256,128,sh14l07002s1404,3.11.9,2.1.2+cu121
20260423_060055,2026-04-23T11:15:47.017334,cpu,full_mlp_capacity_search_hd512_depth2,/home/liangyi/SRS_AI/Model_AIIC_refactor/experiments_refactored/20260422_050408_full_mlp_capacity_search_v2/full_mlp_capacity_search_hd512_depth2,full_mlp_capacity_search_v2,full_mlp_capacity_search_hd512_depth2,supervised_nmse_plateau,full_mlp,12,6,jit,fp32,float32,2,8,ok,,40.961809,20,50,0.01905464,0.00028790594019575196,0.018686,0.0190245,0.0192924,0.01938815,0.020073779999999996,0.020553,104961.3112606693,104.9613112606693,19.0245,9.51225,13120.163907583663,3600,3456,7128,sub-physical,0.0625,0.03125,Intel(R) Xeon(R) 6760P,AVX512,"avx2,avx512f,avx512bw,avx512vl,avx512_vnni,avx512_bf16,amx_bf16,amx_int8,amx_tile,fma",True,True,,256,128,sh14l07002s1404,3.11.9,2.1.2+cu121
20260423_060055,2026-04-23T11:15:47.017334,cpu,full_mlp_capacity_search_hd512_depth2,/home/liangyi/SRS_AI/Model_AIIC_refactor/experiments_refactored/20260422_050408_full_mlp_capacity_search_v2/full_mlp_capacity_search_hd512_depth2,full_mlp_capacity_search_v2,full_mlp_capacity_search_hd512_depth2,supervised_nmse_plateau,full_mlp,12,6,jit,fp32,float32,2,128,ok,,43.267717,20,50,0.01914928,0.00045764641547815045,0.018291,0.0191,0.0194135,0.01962065,0.020715229999999994,0.021731,104442.56912009223,104.44256912009223,19.099999999999998,9.549999999999999,815.9575712507205,3600,3456,7128,all-physical,1.0,0.5,Intel(R) Xeon(R) 6760P,AVX512,"avx2,avx512f,avx512bw,avx512vl,avx512_vnni,avx512_bf16,amx_bf16,amx_int8,amx_tile,fma",True,True,,256,128,sh14l07002s1404,3.11.9,2.1.2+cu121
20260423_060055,2026-04-23T11:15:47.017334,cpu,full_mlp_capacity_search_hd512_depth2,/home/liangyi/SRS_AI/Model_AIIC_refactor/experiments_refactored/20260422_050408_full_mlp_capacity_search_v2/full_mlp_capacity_search_hd512_depth2,full_mlp_capacity_search_v2,full_mlp_capacity_search_hd512_depth2,supervised_nmse_plateau,full_mlp,12,6,jit,fp32,float32,4,1,ok,,41.230082,20,50,0.01920836,0.0008245135719926024,0.01824,0.019056,0.0193492,0.01967125,0.023010649999999997,0.0239,208242.6610080194,208.2426610080194,19.056,4.764,208242.6610080194,3600,3456,7128,single-thread,0.0078125,0.00390625,Intel(R) Xeon(R) 6760P,AVX512,"avx2,avx512f,avx512bw,avx512vl,avx512_vnni,avx512_bf16,amx_bf16,amx_int8,amx_tile,fma",True,True,,256,128,sh14l07002s1404,3.11.9,2.1.2+cu121
20260423_060055,2026-04-23T11:15:47.017334,cpu,full_mlp_capacity_search_hd512_depth2,/home/liangyi/SRS_AI/Model_AIIC_refactor/experiments_refactored/20260422_050408_full_mlp_capacity_search_v2/full_mlp_capacity_search_hd512_depth2,full_mlp_capacity_search_v2,full_mlp_capacity_search_hd512_depth2,supervised_nmse_plateau,full_mlp,12,6,jit,fp32,float32,4,2,ok,,42.784888,20,50,0.01919108,0.0013689188849599525,0.017844,0.019174999999999998,0.019677800000000002,0.0200723,0.025171579999999995,0.025886,208430.16651486006,208.43016651486005,19.174999999999997,4.793749999999999,104215.08325743003,3600,3456,7128,sub-physical,0.015625,0.0078125,Intel(R) Xeon(R) 6760P,AVX512,"avx2,avx512f,avx512bw,avx512vl,avx512_vnni,avx512_bf16,amx_bf16,amx_int8,amx_tile,fma",True,True,,256,128,sh14l07002s1404,3.11.9,2.1.2+cu121
20260423_060055,2026-04-23T11:15:47.017334,cpu,full_mlp_capacity_search_hd512_depth2,/home/liangyi/SRS_AI/Model_AIIC_refactor/experiments_refactored/20260422_050408_full_mlp_capacity_search_v2/full_mlp_capacity_search_hd512_depth2,full_mlp_capacity_search_v2,full_mlp_capacity_search_hd512_depth2,supervised_nmse_plateau,full_mlp,12,6,jit,fp32,float32,4,4,ok,,42.65664,20,50,0.01932692,0.0005449628185482016,0.017728,0.0194865,0.0198562,0.019931900000000002,0.020066360000000002,0.020133,206965.20707903794,206.96520707903792,19.4865,4.871625,51741.301769759484,3600,3456,7128,sub-physical,0.03125,0.015625,Intel(R) Xeon(R) 6760P,AVX512,"avx2,avx512f,avx512bw,avx512vl,avx512_vnni,avx512_bf16,amx_bf16,amx_int8,amx_tile,fma",True,True,,256,128,sh14l07002s1404,3.11.9,2.1.2+cu121
20260423_060055,2026-04-23T11:15:47.017334,cpu,full_mlp_capacity_search_hd512_depth2,/home/liangyi/SRS_AI/Model_AIIC_refactor/experiments_refactored/20260422_050408_full_mlp_capacity_search_v2/full_mlp_capacity_search_hd512_depth2,full_mlp_capacity_search_v2,full_mlp_capacity_search_hd512_depth2,supervised_nmse_plateau,full_mlp,12,6,jit,fp32,float32,4,8,ok,,41.129025,20,50,0.01948628,0.0012758464960958274,0.018049,0.0193525,0.0197344,0.01992535,0.02482419999999999,0.027431,205272.63284731613,205.27263284731612,19.352500000000003,4.838125000000001,25659.079105914516,3600,3456,7128,sub-physical,0.0625,0.03125,Intel(R) Xeon(R) 6760P,AVX512,"avx2,avx512f,avx512bw,avx512vl,avx512_vnni,avx512_bf16,amx_bf16,amx_int8,amx_tile,fma",True,True,,256,128,sh14l07002s1404,3.11.9,2.1.2+cu121
20260423_060055,2026-04-23T11:15:47.017334,cpu,full_mlp_capacity_search_hd512_depth2,/home/liangyi/SRS_AI/Model_AIIC_refactor/experiments_refactored/20260422_050408_full_mlp_capacity_search_v2/full_mlp_capacity_search_hd512_depth2,full_mlp_capacity_search_v2,full_mlp_capacity_search_hd512_depth2,supervised_nmse_plateau,full_mlp,12,6,jit,fp32,float32,4,128,ok,,45.273475,20,50,0.01874704,0.0006651864388274916,0.017831,0.0185055,0.0195586,0.01982115,0.020423729999999998,0.020582,213367.01687306372,213.36701687306373,18.5055,4.626375,1666.9298193208103,3600,3456,7128,all-physical,1.0,0.5,Intel(R) Xeon(R) 6760P,AVX512,"avx2,avx512f,avx512bw,avx512vl,avx512_vnni,avx512_bf16,amx_bf16,amx_int8,amx_tile,fma",True,True,,256,128,sh14l07002s1404,3.11.9,2.1.2+cu121
20260423_060055,2026-04-23T11:15:47.017334,cpu,full_mlp_capacity_search_hd512_depth2,/home/liangyi/SRS_AI/Model_AIIC_refactor/experiments_refactored/20260422_050408_full_mlp_capacity_search_v2/full_mlp_capacity_search_hd512_depth2,full_mlp_capacity_search_v2,full_mlp_capacity_search_hd512_depth2,supervised_nmse_plateau,full_mlp,12,6,jit,fp32,float32,8,1,ok,,41.192698,20,50,0.0198428,0.0007920454784922392,0.018794,0.019785499999999998,0.0200201,0.0200841,0.02267960999999999,0.025135,403168.90761384484,403.16890761384485,19.7855,2.4731875,403168.90761384484,3600,3456,7128,single-thread,0.0078125,0.00390625,Intel(R) Xeon(R) 6760P,AVX512,"avx2,avx512f,avx512bw,avx512vl,avx512_vnni,avx512_bf16,amx_bf16,amx_int8,amx_tile,fma",True,True,,256,128,sh14l07002s1404,3.11.9,2.1.2+cu121
20260423_060055,2026-04-23T11:15:47.017334,cpu,full_mlp_capacity_search_hd512_depth2,/home/liangyi/SRS_AI/Model_AIIC_refactor/experiments_refactored/20260422_050408_full_mlp_capacity_search_v2/full_mlp_capacity_search_hd512_depth2,full_mlp_capacity_search_v2,full_mlp_capacity_search_hd512_depth2,supervised_nmse_plateau,full_mlp,12,6,jit,fp32,float32,8,2,ok,,42.748373,20,50,0.019667959999999998,0.0011871256034640984,0.018782,0.0194135,0.0197325,0.0201313,0.025300029999999994,0.026257,406752.91184240766,406.7529118424077,19.4135,2.4266875,203376.45592120383,3600,3456,7128,sub-physical,0.015625,0.0078125,Intel(R) Xeon(R) 6760P,AVX512,"avx2,avx512f,avx512bw,avx512vl,avx512_vnni,avx512_bf16,amx_bf16,amx_int8,amx_tile,fma",True,True,,256,128,sh14l07002s1404,3.11.9,2.1.2+cu121
20260423_060055,2026-04-23T11:15:47.017334,cpu,full_mlp_capacity_search_hd512_depth2,/home/liangyi/SRS_AI/Model_AIIC_refactor/experiments_refactored/20260422_050408_full_mlp_capacity_search_v2/full_mlp_capacity_search_hd512_depth2,full_mlp_capacity_search_v2,full_mlp_capacity_search_hd512_depth2,supervised_nmse_plateau,full_mlp,12,6,jit,fp32,float32,8,4,ok,,42.830041,20,50,0.0194965,0.001361658536491436,0.018773,0.019118,0.0198234,0.022213049999999998,0.025178329999999992,0.026787,410330.0592414023,410.3300592414023,19.118,2.38975,102582.51481035058,3600,3456,7128,sub-physical,0.03125,0.015625,Intel(R) Xeon(R) 6760P,AVX512,"avx2,avx512f,avx512bw,avx512vl,avx512_vnni,avx512_bf16,amx_bf16,amx_int8,amx_tile,fma",True,True,,256,128,sh14l07002s1404,3.11.9,2.1.2+cu121
20260423_060055,2026-04-23T11:15:47.017334,cpu,full_mlp_capacity_search_hd512_depth2,/home/liangyi/SRS_AI/Model_AIIC_refactor/experiments_refactored/20260422_050408_full_mlp_capacity_search_v2/full_mlp_capacity_search_hd512_depth2,full_mlp_capacity_search_v2,full_mlp_capacity_search_hd512_depth2,supervised_nmse_plateau,full_mlp,12,6,jit,fp32,float32,8,8,ok,,42.349868,20,50,0.019322,0.0010172834216677278,0.01807,0.019398,0.0198567,0.019963849999999998,0.022708409999999988,0.025252,414035.8140979195,414.0358140979195,19.398,2.42475,51754.47676223994,3600,3456,7128,sub-physical,0.0625,0.03125,Intel(R) Xeon(R) 6760P,AVX512,"avx2,avx512f,avx512bw,avx512vl,avx512_vnni,avx512_bf16,amx_bf16,amx_int8,amx_tile,fma",True,True,,256,128,sh14l07002s1404,3.11.9,2.1.2+cu121
20260423_060055,2026-04-23T11:15:47.017334,cpu,full_mlp_capacity_search_hd512_depth2,/home/liangyi/SRS_AI/Model_AIIC_refactor/experiments_refactored/20260422_050408_full_mlp_capacity_search_v2/full_mlp_capacity_search_hd512_depth2,full_mlp_capacity_search_v2,full_mlp_capacity_search_hd512_depth2,supervised_nmse_plateau,full_mlp,12,6,jit,fp32,float32,8,128,ok,,43.638191,20,50,0.01983222,0.0005481466697882969,0.01926,0.019819999999999997,0.0200045,0.0200727,0.021776289999999993,0.023383,403383.98827766126,403.3839882776613,19.819999999999997,2.4774999999999996,3151.4374084192286,3600,3456,7128,all-physical,1.0,0.5,Intel(R) Xeon(R) 6760P,AVX512,"avx2,avx512f,avx512bw,avx512vl,avx512_vnni,avx512_bf16,amx_bf16,amx_int8,amx_tile,fma",True,True,,256,128,sh14l07002s1404,3.11.9,2.1.2+cu121
20260423_060055,2026-04-23T11:15:47.017334,cpu,full_mlp_capacity_search_hd512_depth2,/home/liangyi/SRS_AI/Model_AIIC_refactor/experiments_refactored/20260422_050408_full_mlp_capacity_search_v2/full_mlp_capacity_search_hd512_depth2,full_mlp_capacity_search_v2,full_mlp_capacity_search_hd512_depth2,supervised_nmse_plateau,full_mlp,12,6,jit,fp32,float32,16,1,ok,,42.661938,20,50,0.02032378,0.0008547904840368782,0.01926,0.020225,0.0205599,0.02065275,0.02346667999999999,0.026048,787255.1267529958,787.2551267529958,20.225,1.2640625,787255.1267529958,3600,3456,7128,single-thread,0.0078125,0.00390625,Intel(R) Xeon(R) 6760P,AVX512,"avx2,avx512f,avx512bw,avx512vl,avx512_vnni,avx512_bf16,amx_bf16,amx_int8,amx_tile,fma",True,True,,256,128,sh14l07002s1404,3.11.9,2.1.2+cu121
20260423_060055,2026-04-23T11:15:47.017334,cpu,full_mlp_capacity_search_hd512_depth2,/home/liangyi/SRS_AI/Model_AIIC_refactor/experiments_refactored/20260422_050408_full_mlp_capacity_search_v2/full_mlp_capacity_search_hd512_depth2,full_mlp_capacity_search_v2,full_mlp_capacity_search_hd512_depth2,supervised_nmse_plateau,full_mlp,12,6,jit,fp32,float32,16,2,ok,,41.649795,20,50,0.0203371,0.0008395985052392601,0.019189,0.020417,0.0207991,0.02095085,0.023080159999999992,0.024901,786739.5056325631,786.7395056325631,20.417,1.2760625,393369.7528162816,3600,3456,7128,sub-physical,0.015625,0.0078125,Intel(R) Xeon(R) 6760P,AVX512,"avx2,avx512f,avx512bw,avx512vl,avx512_vnni,avx512_bf16,amx_bf16,amx_int8,amx_tile,fma",True,True,,256,128,sh14l07002s1404,3.11.9,2.1.2+cu121
20260423_060055,2026-04-23T11:15:47.017334,cpu,full_mlp_capacity_search_hd512_depth2,/home/liangyi/SRS_AI/Model_AIIC_refactor/experiments_refactored/20260422_050408_full_mlp_capacity_search_v2/full_mlp_capacity_search_hd512_depth2,full_mlp_capacity_search_v2,full_mlp_capacity_search_hd512_depth2,supervised_nmse_plateau,full_mlp,12,6,jit,fp32,float32,16,4,ok,,42.10972,20,50,0.02017534,0.0007647180293415344,0.019308,0.0200255,0.0204189,0.020522949999999998,0.02306272999999999,0.025181,793047.3538488075,793.0473538488075,20.0255,1.25159375,198261.83846220188,3600,3456,7128,sub-physical,0.03125,0.015625,Intel(R) Xeon(R) 6760P,AVX512,"avx2,avx512f,avx512bw,avx512vl,avx512_vnni,avx512_bf16,amx_bf16,amx_int8,amx_tile,fma",True,True,,256,128,sh14l07002s1404,3.11.9,2.1.2+cu121
20260423_060055,2026-04-23T11:15:47.017334,cpu,full_mlp_capacity_search_hd512_depth2,/home/liangyi/SRS_AI/Model_AIIC_refactor/experiments_refactored/20260422_050408_full_mlp_capacity_search_v2/full_mlp_capacity_search_hd512_depth2,full_mlp_capacity_search_v2,full_mlp_capacity_search_hd512_depth2,supervised_nmse_plateau,full_mlp,12,6,jit,fp32,float32,16,8,ok,,41.63318,20,50,0.02012062,0.001213685393996319,0.018652,0.0200505,0.0204111,0.020648,0.02512939999999999,0.027305,795204.1239285867,795.2041239285867,20.0505,1.25315625,99400.51549107334,3600,3456,7128,sub-physical,0.0625,0.03125,Intel(R) Xeon(R) 6760P,AVX512,"avx2,avx512f,avx512bw,avx512vl,avx512_vnni,avx512_bf16,amx_bf16,amx_int8,amx_tile,fma",True,True,,256,128,sh14l07002s1404,3.11.9,2.1.2+cu121
20260423_060055,2026-04-23T11:15:47.017334,cpu,full_mlp_capacity_search_hd512_depth2,/home/liangyi/SRS_AI/Model_AIIC_refactor/experiments_refactored/20260422_050408_full_mlp_capacity_search_v2/full_mlp_capacity_search_hd512_depth2,full_mlp_capacity_search_v2,full_mlp_capacity_search_hd512_depth2,supervised_nmse_plateau,full_mlp,12,6,jit,fp32,float32,16,128,ok,,46.394959,20,50,0.02106748,0.001500405455068729,0.019433,0.02001,0.0229742,0.02311075,0.02377829,0.023915,759464.3497940903,759.4643497940903,20.01,1.250625,5933.31523276633,3600,3456,7128,all-physical,1.0,0.5,Intel(R) Xeon(R) 6760P,AVX512,"avx2,avx512f,avx512bw,avx512vl,avx512_vnni,avx512_bf16,amx_bf16,amx_int8,amx_tile,fma",True,True,,256,128,sh14l07002s1404,3.11.9,2.1.2+cu121
20260423_060055,2026-04-23T11:15:47.017334,cpu,full_mlp_capacity_search_hd512_depth2,/home/liangyi/SRS_AI/Model_AIIC_refactor/experiments_refactored/20260422_050408_full_mlp_capacity_search_v2/full_mlp_capacity_search_hd512_depth2,full_mlp_capacity_search_v2,full_mlp_capacity_search_hd512_depth2,supervised_nmse_plateau,full_mlp,12,6,jit,fp32,float32,32,1,ok,,42.994776,20,50,0.02192552,0.0005054939857208987,0.02073,0.0219145,0.0222825,0.02253025,0.0233963,0.023901,1459486.4796821238,1459.4864796821237,21.9145,0.684828125,1459486.4796821238,3600,3456,7128,single-thread,0.0078125,0.00390625,Intel(R) Xeon(R) 6760P,AVX512,"avx2,avx512f,avx512bw,avx512vl,avx512_vnni,avx512_bf16,amx_bf16,amx_int8,amx_tile,fma",True,True,,256,128,sh14l07002s1404,3.11.9,2.1.2+cu121
20260423_060055,2026-04-23T11:15:47.017334,cpu,full_mlp_capacity_search_hd512_depth2,/home/liangyi/SRS_AI/Model_AIIC_refactor/experiments_refactored/20260422_050408_full_mlp_capacity_search_v2/full_mlp_capacity_search_hd512_depth2,full_mlp_capacity_search_v2,full_mlp_capacity_search_hd512_depth2,supervised_nmse_plateau,full_mlp,12,6,jit,fp32,float32,32,2,ok,,43.316858,20,50,0.02184476,0.00046242632105017575,0.021093,0.0217935,0.022019,0.0220968,0.023534939999999994,0.024806,1464882.1960049,1464.8821960049,21.7935,0.681046875,732441.09800245,3600,3456,7128,sub-physical,0.015625,0.0078125,Intel(R) Xeon(R) 6760P,AVX512,"avx2,avx512f,avx512bw,avx512vl,avx512_vnni,avx512_bf16,amx_bf16,amx_int8,amx_tile,fma",True,True,,256,128,sh14l07002s1404,3.11.9,2.1.2+cu121
20260423_060055,2026-04-23T11:15:47.017334,cpu,full_mlp_capacity_search_hd512_depth2,/home/liangyi/SRS_AI/Model_AIIC_refactor/experiments_refactored/20260422_050408_full_mlp_capacity_search_v2/full_mlp_capacity_search_hd512_depth2,full_mlp_capacity_search_v2,full_mlp_capacity_search_hd512_depth2,supervised_nmse_plateau,full_mlp,12,6,jit,fp32,float32,32,4,ok,,41.695525,20,50,0.021986640000000002,0.0005777150079407667,0.020934,0.0219705,0.022341399999999997,0.02249675,0.023889019999999997,0.025066,1455429.297064035,1455.429297064035,21.9705,0.686578125,363857.32426600874,3600,3456,7128,sub-physical,0.03125,0.015625,Intel(R) Xeon(R) 6760P,AVX512,"avx2,avx512f,avx512bw,avx512vl,avx512_vnni,avx512_bf16,amx_bf16,amx_int8,amx_tile,fma",True,True,,256,128,sh14l07002s1404,3.11.9,2.1.2+cu121
20260423_060055,2026-04-23T11:15:47.017334,cpu,full_mlp_capacity_search_hd512_depth2,/home/liangyi/SRS_AI/Model_AIIC_refactor/experiments_refactored/20260422_050408_full_mlp_capacity_search_v2/full_mlp_capacity_search_hd512_depth2,full_mlp_capacity_search_v2,full_mlp_capacity_search_hd512_depth2,supervised_nmse_plateau,full_mlp,12,6,jit,fp32,float32,32,8,ok,,41.816454,20,50,0.02279318,0.0016045784579134797,0.020493,0.021697,0.0247184,0.02495945,0.026335539999999998,0.027146,1403928.7190291132,1403.9287190291132,21.697000000000003,0.6780312500000001,175491.08987863915,3600,3456,7128,sub-physical,0.0625,0.03125,Intel(R) Xeon(R) 6760P,AVX512,"avx2,avx512f,avx512bw,avx512vl,avx512_vnni,avx512_bf16,amx_bf16,amx_int8,amx_tile,fma",True,True,,256,128,sh14l07002s1404,3.11.9,2.1.2+cu121
20260423_060055,2026-04-23T11:15:47.017334,cpu,full_mlp_capacity_search_hd512_depth2,/home/liangyi/SRS_AI/Model_AIIC_refactor/experiments_refactored/20260422_050408_full_mlp_capacity_search_v2/full_mlp_capacity_search_hd512_depth2,full_mlp_capacity_search_v2,full_mlp_capacity_search_hd512_depth2,supervised_nmse_plateau,full_mlp,12,6,jit,fp32,float32,32,128,ok,,46.067596,20,50,0.02186352,0.0008993551743332551,0.020203,0.0217865,0.0221231,0.022314999999999998,0.025181199999999987,0.027641,1463625.253390122,1463.625253390122,21.7865,0.680828125,11434.572292110328,3600,3456,7128,all-physical,1.0,0.5,Intel(R) Xeon(R) 6760P,AVX512,"avx2,avx512f,avx512bw,avx512vl,avx512_vnni,avx512_bf16,amx_bf16,amx_int8,amx_tile,fma",True,True,,256,128,sh14l07002s1404,3.11.9,2.1.2+cu121
20260423_060055,2026-04-23T11:15:47.017334,cpu,full_mlp_capacity_search_hd512_depth2,/home/liangyi/SRS_AI/Model_AIIC_refactor/experiments_refactored/20260422_050408_full_mlp_capacity_search_v2/full_mlp_capacity_search_hd512_depth2,full_mlp_capacity_search_v2,full_mlp_capacity_search_hd512_depth2,supervised_nmse_plateau,full_mlp,12,6,jit,fp32,float32,64,1,ok,,43.195101,20,50,0.02457266,0.0005406937621241805,0.02322,0.024703,0.0250383,0.025182200000000002,0.025835229999999997,0.026361,2604520.6339077656,2604.520633907766,24.703,0.385984375,2604520.6339077656,3600,3456,7128,single-thread,0.0078125,0.00390625,Intel(R) Xeon(R) 6760P,AVX512,"avx2,avx512f,avx512bw,avx512vl,avx512_vnni,avx512_bf16,amx_bf16,amx_int8,amx_tile,fma",True,True,,256,128,sh14l07002s1404,3.11.9,2.1.2+cu121
20260423_060055,2026-04-23T11:15:47.017334,cpu,full_mlp_capacity_search_hd512_depth2,/home/liangyi/SRS_AI/Model_AIIC_refactor/experiments_refactored/20260422_050408_full_mlp_capacity_search_v2/full_mlp_capacity_search_hd512_depth2,full_mlp_capacity_search_v2,full_mlp_capacity_search_hd512_depth2,supervised_nmse_plateau,full_mlp,12,6,jit,fp32,float32,64,2,ok,,43.087698,20,50,0.03647588,0.0014799534538626547,0.034085,0.0361645,0.0382361,0.0390767,0.04140057,0.041747,1754584.1251808044,1754.5841251808044,36.164500000000004,0.5650703125000001,877292.0625904022,3600,3456,7128,sub-physical,0.015625,0.0078125,Intel(R) Xeon(R) 6760P,AVX512,"avx2,avx512f,avx512bw,avx512vl,avx512_vnni,avx512_bf16,amx_bf16,amx_int8,amx_tile,fma",True,True,,256,128,sh14l07002s1404,3.11.9,2.1.2+cu121
20260423_060055,2026-04-23T11:15:47.017334,cpu,full_mlp_capacity_search_hd512_depth2,/home/liangyi/SRS_AI/Model_AIIC_refactor/experiments_refactored/20260422_050408_full_mlp_capacity_search_v2/full_mlp_capacity_search_hd512_depth2,full_mlp_capacity_search_v2,full_mlp_capacity_search_hd512_depth2,supervised_nmse_plateau,full_mlp,12,6,jit,fp32,float32,64,4,ok,,42.36921,20,50,0.03416234,0.0016026385320464496,0.032216,0.0338355,0.0360756,0.0361983,0.04034114999999999,0.041059,1873407.9691262366,1873.4079691262366,33.835499999999996,0.5286796874999999,468351.99228155916,3600,3456,7128,sub-physical,0.03125,0.015625,Intel(R) Xeon(R) 6760P,AVX512,"avx2,avx512f,avx512bw,avx512vl,avx512_vnni,avx512_bf16,amx_bf16,amx_int8,amx_tile,fma",True,True,,256,128,sh14l07002s1404,3.11.9,2.1.2+cu121
20260423_060055,2026-04-23T11:15:47.017334,cpu,full_mlp_capacity_search_hd512_depth2,/home/liangyi/SRS_AI/Model_AIIC_refactor/experiments_refactored/20260422_050408_full_mlp_capacity_search_v2/full_mlp_capacity_search_hd512_depth2,full_mlp_capacity_search_v2,full_mlp_capacity_search_hd512_depth2,supervised_nmse_plateau,full_mlp,12,6,jit,fp32,float32,64,8,ok,,43.174155,20,50,0.02499358,0.0005268342088361384,0.023266,0.0249775,0.025241,0.025490449999999998,0.02694762,0.02737,2560657.5768657387,2560.6575768657385,24.9775,0.3902734375,320082.19710821734,3600,3456,7128,sub-physical,0.0625,0.03125,Intel(R) Xeon(R) 6760P,AVX512,"avx2,avx512f,avx512bw,avx512vl,avx512_vnni,avx512_bf16,amx_bf16,amx_int8,amx_tile,fma",True,True,,256,128,sh14l07002s1404,3.11.9,2.1.2+cu121
20260423_060055,2026-04-23T11:15:47.017334,cpu,full_mlp_capacity_search_hd512_depth2,/home/liangyi/SRS_AI/Model_AIIC_refactor/experiments_refactored/20260422_050408_full_mlp_capacity_search_v2/full_mlp_capacity_search_hd512_depth2,full_mlp_capacity_search_v2,full_mlp_capacity_search_hd512_depth2,supervised_nmse_plateau,full_mlp,12,6,jit,fp32,float32,64,128,ok,,47.966945,20,50,0.02548152,0.0014080804840633221,0.024303,0.0247805,0.027798200000000002,0.0280615,0.029085969999999996,0.029942,2511624.110335647,2511.624110335647,24.7805,0.3871953125,19622.063361997243,3600,3456,7128,all-physical,1.0,0.5,Intel(R) Xeon(R) 6760P,AVX512,"avx2,avx512f,avx512bw,avx512vl,avx512_vnni,avx512_bf16,amx_bf16,amx_int8,amx_tile,fma",True,True,,256,128,sh14l07002s1404,3.11.9,2.1.2+cu121
20260423_060055,2026-04-23T11:15:47.017334,cpu,full_mlp_capacity_search_hd512_depth2,/home/liangyi/SRS_AI/Model_AIIC_refactor/experiments_refactored/20260422_050408_full_mlp_capacity_search_v2/full_mlp_capacity_search_hd512_depth2,full_mlp_capacity_search_v2,full_mlp_capacity_search_hd512_depth2,supervised_nmse_plateau,full_mlp,12,6,jit,fp32,float32,128,1,ok,,45.394802,20,50,0.0310145,0.001866897246770695,0.029063,0.030604,0.031232199999999998,0.03173355,0.039657399999999995,0.041882,4127101.839462187,4127.101839462187,30.604,0.23909375,4127101.839462187,3600,3456,7128,single-thread,0.0078125,0.00390625,Intel(R) Xeon(R) 6760P,AVX512,"avx2,avx512f,avx512bw,avx512vl,avx512_vnni,avx512_bf16,amx_bf16,amx_int8,amx_tile,fma",True,True,,256,128,sh14l07002s1404,3.11.9,2.1.2+cu121
20260423_060055,2026-04-23T11:15:47.017334,cpu,full_mlp_capacity_search_hd512_depth2,/home/liangyi/SRS_AI/Model_AIIC_refactor/experiments_refactored/20260422_050408_full_mlp_capacity_search_v2/full_mlp_capacity_search_hd512_depth2,full_mlp_capacity_search_v2,full_mlp_capacity_search_hd512_depth2,supervised_nmse_plateau,full_mlp,12,6,jit,fp32,float32,128,2,ok,,45.274936,20,50,0.05365856,0.0019368341917675863,0.049182,0.053420499999999996,0.0561032,0.05691085,0.0578529,0.057946,2385453.50452938,2385.4535045293796,53.4205,0.41734765625,1192726.75226469,3600,3456,7128,sub-physical,0.015625,0.0078125,Intel(R) Xeon(R) 6760P,AVX512,"avx2,avx512f,avx512bw,avx512vl,avx512_vnni,avx512_bf16,amx_bf16,amx_int8,amx_tile,fma",True,True,,256,128,sh14l07002s1404,3.11.9,2.1.2+cu121
20260423_060055,2026-04-23T11:15:47.017334,cpu,full_mlp_capacity_search_hd512_depth2,/home/liangyi/SRS_AI/Model_AIIC_refactor/experiments_refactored/20260422_050408_full_mlp_capacity_search_v2/full_mlp_capacity_search_hd512_depth2,full_mlp_capacity_search_v2,full_mlp_capacity_search_hd512_depth2,supervised_nmse_plateau,full_mlp,12,6,jit,fp32,float32,128,4,ok,,44.960257,20,50,0.05216852,0.0018883552551360668,0.048167,0.052105,0.0532818,0.05515735,0.05831859999999999,0.0607,2453586.9524379834,2453.586952437983,52.105,0.4070703125,613396.7381094958,3600,3456,7128,sub-physical,0.03125,0.015625,Intel(R) Xeon(R) 6760P,AVX512,"avx2,avx512f,avx512bw,avx512vl,avx512_vnni,avx512_bf16,amx_bf16,amx_int8,amx_tile,fma",True,True,,256,128,sh14l07002s1404,3.11.9,2.1.2+cu121
20260423_060055,2026-04-23T11:15:47.017334,cpu,full_mlp_capacity_search_hd512_depth2,/home/liangyi/SRS_AI/Model_AIIC_refactor/experiments_refactored/20260422_050408_full_mlp_capacity_search_v2/full_mlp_capacity_search_hd512_depth2,full_mlp_capacity_search_v2,full_mlp_capacity_search_hd512_depth2,supervised_nmse_plateau,full_mlp,12,6,jit,fp32,float32,128,8,ok,,49.653329,20,50,0.0797397,0.004882580421252682,0.06494,0.080275,0.0852859,0.0864738,0.08918268,0.08951,1605222.9943177614,1605.2229943177613,80.275,0.6271484375,200652.87428972017,3600,3456,7128,sub-physical,0.0625,0.03125,Intel(R) Xeon(R) 6760P,AVX512,"avx2,avx512f,avx512bw,avx512vl,avx512_vnni,avx512_bf16,amx_bf16,amx_int8,amx_tile,fma",True,True,,256,128,sh14l07002s1404,3.11.9,2.1.2+cu121
20260423_060055,2026-04-23T11:15:47.017334,cpu,full_mlp_capacity_search_hd512_depth2,/home/liangyi/SRS_AI/Model_AIIC_refactor/experiments_refactored/20260422_050408_full_mlp_capacity_search_v2/full_mlp_capacity_search_hd512_depth2,full_mlp_capacity_search_v2,full_mlp_capacity_search_hd512_depth2,supervised_nmse_plateau,full_mlp,12,6,jit,fp32,float32,128,128,ok,,135.416784,20,50,0.18510068,0.006513511174289946,0.167806,0.185549,0.1931509,0.19531325,0.20271733,0.205845,691515.5579115107,691.5155579115107,185.54899999999998,1.4496015624999998,5402.465296183677,3600,3456,7128,all-physical,1.0,0.5,Intel(R) Xeon(R) 6760P,AVX512,"avx2,avx512f,avx512bw,avx512vl,avx512_vnni,avx512_bf16,amx_bf16,amx_int8,amx_tile,fma",True,True,,256,128,sh14l07002s1404,3.11.9,2.1.2+cu121
20260423_060055,2026-04-23T11:15:47.017334,cpu,full_mlp_capacity_search_hd512_depth2,/home/liangyi/SRS_AI/Model_AIIC_refactor/experiments_refactored/20260422_050408_full_mlp_capacity_search_v2/full_mlp_capacity_search_hd512_depth2,full_mlp_capacity_search_v2,full_mlp_capacity_search_hd512_depth2,supervised_nmse_plateau,full_mlp,12,6,jit,bf16,bfloat16,1,1,ok,,41.058655,20,50,0.0229195,0.0013886079108229217,0.022204,0.022641500000000002,0.0233329,0.023916049999999998,0.028544739999999985,0.03206,43630.96926198216,43.63096926198216,22.6415,22.6415,43630.96926198216,3600,3456,7128,single-thread,0.0078125,0.00390625,Intel(R) Xeon(R) 6760P,AVX512,"avx2,avx512f,avx512bw,avx512vl,avx512_vnni,avx512_bf16,amx_bf16,amx_int8,amx_tile,fma",True,True,,256,128,sh14l07002s1404,3.11.9,2.1.2+cu121
20260423_060055,2026-04-23T11:15:47.017334,cpu,full_mlp_capacity_search_hd512_depth2,/home/liangyi/SRS_AI/Model_AIIC_refactor/experiments_refactored/20260422_050408_full_mlp_capacity_search_v2/full_mlp_capacity_search_hd512_depth2,full_mlp_capacity_search_v2,full_mlp_capacity_search_hd512_depth2,supervised_nmse_plateau,full_mlp,12,6,jit,bf16,bfloat16,1,2,ok,,42.661621,20,50,0.0229065,0.0003737838546539963,0.022255,0.0228465,0.0232545,0.02359795,0.0241187,0.0243,43655.7309060747,43.6557309060747,22.8465,22.8465,21827.86545303735,3600,3456,7128,sub-physical,0.015625,0.0078125,Intel(R) Xeon(R) 6760P,AVX512,"avx2,avx512f,avx512bw,avx512vl,avx512_vnni,avx512_bf16,amx_bf16,amx_int8,amx_tile,fma",True,True,,256,128,sh14l07002s1404,3.11.9,2.1.2+cu121
20260423_060055,2026-04-23T11:15:47.017334,cpu,full_mlp_capacity_search_hd512_depth2,/home/liangyi/SRS_AI/Model_AIIC_refactor/experiments_refactored/20260422_050408_full_mlp_capacity_search_v2/full_mlp_capacity_search_hd512_depth2,full_mlp_capacity_search_v2,full_mlp_capacity_search_hd512_depth2,supervised_nmse_plateau,full_mlp,12,6,jit,bf16,bfloat16,1,4,ok,,41.38061,20,50,0.02362524,0.0010528529158434238,0.022961,0.0234305,0.0237208,0.0242971,0.028418729999999993,0.029851,42327.61233325038,42.32761233325038,23.4305,23.4305,10581.903083312594,3600,3456,7128,sub-physical,0.03125,0.015625,Intel(R) Xeon(R) 6760P,AVX512,"avx2,avx512f,avx512bw,avx512vl,avx512_vnni,avx512_bf16,amx_bf16,amx_int8,amx_tile,fma",True,True,,256,128,sh14l07002s1404,3.11.9,2.1.2+cu121
20260423_060055,2026-04-23T11:15:47.017334,cpu,full_mlp_capacity_search_hd512_depth2,/home/liangyi/SRS_AI/Model_AIIC_refactor/experiments_refactored/20260422_050408_full_mlp_capacity_search_v2/full_mlp_capacity_search_hd512_depth2,full_mlp_capacity_search_v2,full_mlp_capacity_search_hd512_depth2,supervised_nmse_plateau,full_mlp,12,6,jit,bf16,bfloat16,1,8,ok,,42.437431,20,50,0.02322026,0.0006016032848979465,0.022508,0.023041,0.0238006,0.024395149999999997,0.02545728,0.025765,43065.839917382495,43.0658399173825,23.041,23.041,5383.229989672812,3600,3456,7128,sub-physical,0.0625,0.03125,Intel(R) Xeon(R) 6760P,AVX512,"avx2,avx512f,avx512bw,avx512vl,avx512_vnni,avx512_bf16,amx_bf16,amx_int8,amx_tile,fma",True,True,,256,128,sh14l07002s1404,3.11.9,2.1.2+cu121
20260423_060055,2026-04-23T11:15:47.017334,cpu,full_mlp_capacity_search_hd512_depth2,/home/liangyi/SRS_AI/Model_AIIC_refactor/experiments_refactored/20260422_050408_full_mlp_capacity_search_v2/full_mlp_capacity_search_hd512_depth2,full_mlp_capacity_search_v2,full_mlp_capacity_search_hd512_depth2,supervised_nmse_plateau,full_mlp,12,6,jit,bf16,bfloat16,1,128,ok,,47.499512,20,50,0.02289114,0.00036886338988845196,0.022364,0.022818,0.0232442,0.0235088,0.02416605,0.024438,43685.02398744667,43.68502398744667,22.818,22.818,341.2892499019271,3600,3456,7128,all-physical,1.0,0.5,Intel(R) Xeon(R) 6760P,AVX512,"avx2,avx512f,avx512bw,avx512vl,avx512_vnni,avx512_bf16,amx_bf16,amx_int8,amx_tile,fma",True,True,,256,128,sh14l07002s1404,3.11.9,2.1.2+cu121
20260423_060055,2026-04-23T11:15:47.017334,cpu,full_mlp_capacity_search_hd512_depth2,/home/liangyi/SRS_AI/Model_AIIC_refactor/experiments_refactored/20260422_050408_full_mlp_capacity_search_v2/full_mlp_capacity_search_hd512_depth2,full_mlp_capacity_search_v2,full_mlp_capacity_search_hd512_depth2,supervised_nmse_plateau,full_mlp,12,6,jit,bf16,bfloat16,2,1,ok,,44.016802,20,50,0.03899868,0.0028451918419677784,0.03693,0.038303000000000004,0.0404373,0.04153675,0.05120859999999998,0.055501,51283.78704099728,51.28378704099728,38.303000000000004,19.151500000000002,51283.78704099728,3600,3456,7128,single-thread,0.0078125,0.00390625,Intel(R) Xeon(R) 6760P,AVX512,"avx2,avx512f,avx512bw,avx512vl,avx512_vnni,avx512_bf16,amx_bf16,amx_int8,amx_tile,fma",True,True,,256,128,sh14l07002s1404,3.11.9,2.1.2+cu121
20260423_060055,2026-04-23T11:15:47.017334,cpu,full_mlp_capacity_search_hd512_depth2,/home/liangyi/SRS_AI/Model_AIIC_refactor/experiments_refactored/20260422_050408_full_mlp_capacity_search_v2/full_mlp_capacity_search_hd512_depth2,full_mlp_capacity_search_v2,full_mlp_capacity_search_hd512_depth2,supervised_nmse_plateau,full_mlp,12,6,jit,bf16,bfloat16,2,2,ok,,43.12011,20,50,0.04044118,0.0025243259036027816,0.037537,0.039793499999999996,0.0416895,0.043416699999999996,0.049972589999999976,0.055416,49454.54113851277,49.454541138512774,39.793499999999995,19.896749999999997,24727.270569256387,3600,3456,7128,sub-physical,0.015625,0.0078125,Intel(R) Xeon(R) 6760P,AVX512,"avx2,avx512f,avx512bw,avx512vl,avx512_vnni,avx512_bf16,amx_bf16,amx_int8,amx_tile,fma",True,True,,256,128,sh14l07002s1404,3.11.9,2.1.2+cu121
20260423_060055,2026-04-23T11:15:47.017334,cpu,full_mlp_capacity_search_hd512_depth2,/home/liangyi/SRS_AI/Model_AIIC_refactor/experiments_refactored/20260422_050408_full_mlp_capacity_search_v2/full_mlp_capacity_search_hd512_depth2,full_mlp_capacity_search_v2,full_mlp_capacity_search_hd512_depth2,supervised_nmse_plateau,full_mlp,12,6,jit,bf16,bfloat16,2,4,ok,,42.616863,20,50,0.04214108,0.002162864663727252,0.039165,0.041841,0.0443239,0.04463145,0.049686979999999985,0.05243,47459.62846704451,47.45962846704451,41.841,20.9205,11864.907116761127,3600,3456,7128,sub-physical,0.03125,0.015625,Intel(R) Xeon(R) 6760P,AVX512,"avx2,avx512f,avx512bw,avx512vl,avx512_vnni,avx512_bf16,amx_bf16,amx_int8,amx_tile,fma",True,True,,256,128,sh14l07002s1404,3.11.9,2.1.2+cu121
20260423_060055,2026-04-23T11:15:47.017334,cpu,full_mlp_capacity_search_hd512_depth2,/home/liangyi/SRS_AI/Model_AIIC_refactor/experiments_refactored/20260422_050408_full_mlp_capacity_search_v2/full_mlp_capacity_search_hd512_depth2,full_mlp_capacity_search_v2,full_mlp_capacity_search_hd512_depth2,supervised_nmse_plateau,full_mlp,12,6,jit,bf16,bfloat16,2,8,ok,,41.415,20,50,0.0406305,0.0019467474129943,0.038735,0.0400695,0.0420534,0.042893799999999996,0.047757489999999986,0.051628,49224.10504424017,49.22410504424017,40.0695,20.03475,6153.013130530021,3600,3456,7128,sub-physical,0.0625,0.03125,Intel(R) Xeon(R) 6760P,AVX512,"avx2,avx512f,avx512bw,avx512vl,avx512_vnni,avx512_bf16,amx_bf16,amx_int8,amx_tile,fma",True,True,,256,128,sh14l07002s1404,3.11.9,2.1.2+cu121
20260423_060055,2026-04-23T11:15:47.017334,cpu,full_mlp_capacity_search_hd512_depth2,/home/liangyi/SRS_AI/Model_AIIC_refactor/experiments_refactored/20260422_050408_full_mlp_capacity_search_v2/full_mlp_capacity_search_hd512_depth2,full_mlp_capacity_search_v2,full_mlp_capacity_search_hd512_depth2,supervised_nmse_plateau,full_mlp,12,6,jit,bf16,bfloat16,2,128,ok,,44.372989,20,50,0.1037342,0.005710330477301642,0.094571,0.102543,0.11064280000000001,0.1143033,0.11677675,0.117573,19280.04457546306,19.28004457546306,102.54299999999999,51.271499999999996,150.62534824580516,3600,3456,7128,all-physical,1.0,0.5,Intel(R) Xeon(R) 6760P,AVX512,"avx2,avx512f,avx512bw,avx512vl,avx512_vnni,avx512_bf16,amx_bf16,amx_int8,amx_tile,fma",True,True,,256,128,sh14l07002s1404,3.11.9,2.1.2+cu121
20260423_060055,2026-04-23T11:15:47.017334,cpu,full_mlp_capacity_search_hd512_depth2,/home/liangyi/SRS_AI/Model_AIIC_refactor/experiments_refactored/20260422_050408_full_mlp_capacity_search_v2/full_mlp_capacity_search_hd512_depth2,full_mlp_capacity_search_v2,full_mlp_capacity_search_hd512_depth2,supervised_nmse_plateau,full_mlp,12,6,jit,bf16,bfloat16,4,1,ok,,42.765744,20,50,0.04080896,0.0023122519322945753,0.037358,0.0406245,0.042744199999999996,0.0440591,0.04968406999999999,0.050986,98017.6902327332,98.0176902327332,40.6245,10.156125,98017.6902327332,3600,3456,7128,single-thread,0.0078125,0.00390625,Intel(R) Xeon(R) 6760P,AVX512,"avx2,avx512f,avx512bw,avx512vl,avx512_vnni,avx512_bf16,amx_bf16,amx_int8,amx_tile,fma",True,True,,256,128,sh14l07002s1404,3.11.9,2.1.2+cu121
20260423_060055,2026-04-23T11:15:47.017334,cpu,full_mlp_capacity_search_hd512_depth2,/home/liangyi/SRS_AI/Model_AIIC_refactor/experiments_refactored/20260422_050408_full_mlp_capacity_search_v2/full_mlp_capacity_search_hd512_depth2,full_mlp_capacity_search_v2,full_mlp_capacity_search_hd512_depth2,supervised_nmse_plateau,full_mlp,12,6,jit,bf16,bfloat16,4,2,ok,,42.526706,20,50,0.0421242,0.002300611692572217,0.039781,0.0413825,0.0452272,0.04599885,0.05021871999999999,0.053684,94957.29295749238,94.95729295749237,41.3825,10.345625,47478.64647874619,3600,3456,7128,sub-physical,0.015625,0.0078125,Intel(R) Xeon(R) 6760P,AVX512,"avx2,avx512f,avx512bw,avx512vl,avx512_vnni,avx512_bf16,amx_bf16,amx_int8,amx_tile,fma",True,True,,256,128,sh14l07002s1404,3.11.9,2.1.2+cu121
20260423_060055,2026-04-23T11:15:47.017334,cpu,full_mlp_capacity_search_hd512_depth2,/home/liangyi/SRS_AI/Model_AIIC_refactor/experiments_refactored/20260422_050408_full_mlp_capacity_search_v2/full_mlp_capacity_search_hd512_depth2,full_mlp_capacity_search_v2,full_mlp_capacity_search_hd512_depth2,supervised_nmse_plateau,full_mlp,12,6,jit,bf16,bfloat16,4,4,ok,,42.991235,20,50,0.0411863,0.002445469601119588,0.037835,0.040745,0.04308,0.04415025,0.05138983,0.051896,97119.67328941905,97.11967328941905,40.745000000000005,10.186250000000001,24279.918322354762,3600,3456,7128,sub-physical,0.03125,0.015625,Intel(R) Xeon(R) 6760P,AVX512,"avx2,avx512f,avx512bw,avx512vl,avx512_vnni,avx512_bf16,amx_bf16,amx_int8,amx_tile,fma",True,True,,256,128,sh14l07002s1404,3.11.9,2.1.2+cu121
20260423_060055,2026-04-23T11:15:47.017334,cpu,full_mlp_capacity_search_hd512_depth2,/home/liangyi/SRS_AI/Model_AIIC_refactor/experiments_refactored/20260422_050408_full_mlp_capacity_search_v2/full_mlp_capacity_search_hd512_depth2,full_mlp_capacity_search_v2,full_mlp_capacity_search_hd512_depth2,supervised_nmse_plateau,full_mlp,12,6,jit,bf16,bfloat16,4,8,ok,,42.278044,20,50,0.04167286,0.0025576369015949075,0.038272,0.041236499999999995,0.0429967,0.04453859999999999,0.05160643999999998,0.055352,95985.73268069435,95.98573268069434,41.23649999999999,10.309124999999998,11998.216585086793,3600,3456,7128,sub-physical,0.0625,0.03125,Intel(R) Xeon(R) 6760P,AVX512,"avx2,avx512f,avx512bw,avx512vl,avx512_vnni,avx512_bf16,amx_bf16,amx_int8,amx_tile,fma",True,True,,256,128,sh14l07002s1404,3.11.9,2.1.2+cu121
20260423_060055,2026-04-23T11:15:47.017334,cpu,full_mlp_capacity_search_hd512_depth2,/home/liangyi/SRS_AI/Model_AIIC_refactor/experiments_refactored/20260422_050408_full_mlp_capacity_search_v2/full_mlp_capacity_search_hd512_depth2,full_mlp_capacity_search_v2,full_mlp_capacity_search_hd512_depth2,supervised_nmse_plateau,full_mlp,12,6,jit,bf16,bfloat16,4,128,ok,,43.851461,20,50,0.13906642,0.008022214173381313,0.124757,0.1389865,0.147818,0.15214435,0.16052196999999999,0.166474,28763.234143799775,28.763234143799775,138.9865,34.746625,224.71276674843574,3600,3456,7128,all-physical,1.0,0.5,Intel(R) Xeon(R) 6760P,AVX512,"avx2,avx512f,avx512bw,avx512vl,avx512_vnni,avx512_bf16,amx_bf16,amx_int8,amx_tile,fma",True,True,,256,128,sh14l07002s1404,3.11.9,2.1.2+cu121
20260423_060055,2026-04-23T11:15:47.017334,cpu,full_mlp_capacity_search_hd512_depth2,/home/liangyi/SRS_AI/Model_AIIC_refactor/experiments_refactored/20260422_050408_full_mlp_capacity_search_v2/full_mlp_capacity_search_hd512_depth2,full_mlp_capacity_search_v2,full_mlp_capacity_search_hd512_depth2,supervised_nmse_plateau,full_mlp,12,6,jit,bf16,bfloat16,8,1,ok,,41.105543,20,50,0.03844868,0.0011840617287962648,0.036539,0.038258,0.0398556,0.04016505,0.04268287999999999,0.043216,208069.5618159063,208.0695618159063,38.258,4.78225,208069.5618159063,3600,3456,7128,single-thread,0.0078125,0.00390625,Intel(R) Xeon(R) 6760P,AVX512,"avx2,avx512f,avx512bw,avx512vl,avx512_vnni,avx512_bf16,amx_bf16,amx_int8,amx_tile,fma",True,True,,256,128,sh14l07002s1404,3.11.9,2.1.2+cu121
20260423_060055,2026-04-23T11:15:47.017334,cpu,full_mlp_capacity_search_hd512_depth2,/home/liangyi/SRS_AI/Model_AIIC_refactor/experiments_refactored/20260422_050408_full_mlp_capacity_search_v2/full_mlp_capacity_search_hd512_depth2,full_mlp_capacity_search_v2,full_mlp_capacity_search_hd512_depth2,supervised_nmse_plateau,full_mlp,12,6,jit,bf16,bfloat16,8,2,ok,,41.327996,20,50,0.04147524,0.0021362694639019673,0.03969,0.041111499999999995,0.0427539,0.0446113,0.050169669999999986,0.053069,192886.16533623438,192.88616533623437,41.11149999999999,5.138937499999999,96443.08266811719,3600,3456,7128,sub-physical,0.015625,0.0078125,Intel(R) Xeon(R) 6760P,AVX512,"avx2,avx512f,avx512bw,avx512vl,avx512_vnni,avx512_bf16,amx_bf16,amx_int8,amx_tile,fma",True,True,,256,128,sh14l07002s1404,3.11.9,2.1.2+cu121
20260423_060055,2026-04-23T11:15:47.017334,cpu,full_mlp_capacity_search_hd512_depth2,/home/liangyi/SRS_AI/Model_AIIC_refactor/experiments_refactored/20260422_050408_full_mlp_capacity_search_v2/full_mlp_capacity_search_hd512_depth2,full_mlp_capacity_search_v2,full_mlp_capacity_search_hd512_depth2,supervised_nmse_plateau,full_mlp,12,6,jit,bf16,bfloat16,8,4,ok,,42.825135,20,50,0.04275996,0.0029864451038651286,0.03959,0.0421785,0.044531,0.04665379999999999,0.054158199999999976,0.060146,187090.9140233059,187.0909140233059,42.1785,5.2723125,46772.728505826475,3600,3456,7128,sub-physical,0.03125,0.015625,Intel(R) Xeon(R) 6760P,AVX512,"avx2,avx512f,avx512bw,avx512vl,avx512_vnni,avx512_bf16,amx_bf16,amx_int8,amx_tile,fma",True,True,,256,128,sh14l07002s1404,3.11.9,2.1.2+cu121
20260423_060055,2026-04-23T11:15:47.017334,cpu,full_mlp_capacity_search_hd512_depth2,/home/liangyi/SRS_AI/Model_AIIC_refactor/experiments_refactored/20260422_050408_full_mlp_capacity_search_v2/full_mlp_capacity_search_hd512_depth2,full_mlp_capacity_search_v2,full_mlp_capacity_search_hd512_depth2,supervised_nmse_plateau,full_mlp,12,6,jit,bf16,bfloat16,8,8,ok,,42.665427,20,50,0.04428456,0.0019035705624956488,0.041656,0.044164999999999996,0.045673899999999996,0.04631915,0.051423859999999995,0.052691,180649.86984176876,180.64986984176875,44.165,5.520625,22581.233730221094,3600,3456,7128,sub-physical,0.0625,0.03125,Intel(R) Xeon(R) 6760P,AVX512,"avx2,avx512f,avx512bw,avx512vl,avx512_vnni,avx512_bf16,amx_bf16,amx_int8,amx_tile,fma",True,True,,256,128,sh14l07002s1404,3.11.9,2.1.2+cu121
20260423_060055,2026-04-23T11:15:47.017334,cpu,full_mlp_capacity_search_hd512_depth2,/home/liangyi/SRS_AI/Model_AIIC_refactor/experiments_refactored/20260422_050408_full_mlp_capacity_search_v2/full_mlp_capacity_search_hd512_depth2,full_mlp_capacity_search_v2,full_mlp_capacity_search_hd512_depth2,supervised_nmse_plateau,full_mlp,12,6,jit,bf16,bfloat16,8,128,ok,,47.165441,20,50,0.11542052,0.0072088212885048,0.101931,0.1147965,0.1239856,0.12592145,0.13677295999999997,0.140544,69311.76536026696,69.31176536026696,114.7965,14.3495625,541.4981668770856,3600,3456,7128,all-physical,1.0,0.5,Intel(R) Xeon(R) 6760P,AVX512,"avx2,avx512f,avx512bw,avx512vl,avx512_vnni,avx512_bf16,amx_bf16,amx_int8,amx_tile,fma",True,True,,256,128,sh14l07002s1404,3.11.9,2.1.2+cu121
20260423_060055,2026-04-23T11:15:47.017334,cpu,full_mlp_capacity_search_hd512_depth2,/home/liangyi/SRS_AI/Model_AIIC_refactor/experiments_refactored/20260422_050408_full_mlp_capacity_search_v2/full_mlp_capacity_search_hd512_depth2,full_mlp_capacity_search_v2,full_mlp_capacity_search_hd512_depth2,supervised_nmse_plateau,full_mlp,12,6,jit,bf16,bfloat16,16,1,ok,,44.167989,20,50,0.03973372,0.00231213583545604,0.035175,0.039097,0.0413014,0.04358489999999999,0.048304889999999996,0.049157,402680.6450541253,402.6806450541253,39.097,2.4435625,402680.6450541253,3600,3456,7128,single-thread,0.0078125,0.00390625,Intel(R) Xeon(R) 6760P,AVX512,"avx2,avx512f,avx512bw,avx512vl,avx512_vnni,avx512_bf16,amx_bf16,amx_int8,amx_tile,fma",True,True,,256,128,sh14l07002s1404,3.11.9,2.1.2+cu121
20260423_060055,2026-04-23T11:15:47.017334,cpu,full_mlp_capacity_search_hd512_depth2,/home/liangyi/SRS_AI/Model_AIIC_refactor/experiments_refactored/20260422_050408_full_mlp_capacity_search_v2/full_mlp_capacity_search_hd512_depth2,full_mlp_capacity_search_v2,full_mlp_capacity_search_hd512_depth2,supervised_nmse_plateau,full_mlp,12,6,jit,bf16,bfloat16,16,2,ok,,41.538421,20,50,0.04526096,0.002150775571369547,0.043,0.045044,0.0465592,0.04777595,0.05405218999999999,0.056144,353505.5376642475,353.5055376642475,45.044000000000004,2.8152500000000003,176752.76883212375,3600,3456,7128,sub-physical,0.015625,0.0078125,Intel(R) Xeon(R) 6760P,AVX512,"avx2,avx512f,avx512bw,avx512vl,avx512_vnni,avx512_bf16,amx_bf16,amx_int8,amx_tile,fma",True,True,,256,128,sh14l07002s1404,3.11.9,2.1.2+cu121
20260423_060055,2026-04-23T11:15:47.017334,cpu,full_mlp_capacity_search_hd512_depth2,/home/liangyi/SRS_AI/Model_AIIC_refactor/experiments_refactored/20260422_050408_full_mlp_capacity_search_v2/full_mlp_capacity_search_hd512_depth2,full_mlp_capacity_search_v2,full_mlp_capacity_search_hd512_depth2,supervised_nmse_plateau,full_mlp,12,6,jit,bf16,bfloat16,16,4,ok,,41.402113,20,50,0.05160328,0.002477798353700317,0.046818,0.051338999999999996,0.0533796,0.05589149999999999,0.06032531999999999,0.063477,310057.81027872645,310.05781027872644,51.339,3.2086875,77514.45256968161,3600,3456,7128,sub-physical,0.03125,0.015625,Intel(R) Xeon(R) 6760P,AVX512,"avx2,avx512f,avx512bw,avx512vl,avx512_vnni,avx512_bf16,amx_bf16,amx_int8,amx_tile,fma",True,True,,256,128,sh14l07002s1404,3.11.9,2.1.2+cu121
20260423_060055,2026-04-23T11:15:47.017334,cpu,full_mlp_capacity_search_hd512_depth2,/home/liangyi/SRS_AI/Model_AIIC_refactor/experiments_refactored/20260422_050408_full_mlp_capacity_search_v2/full_mlp_capacity_search_hd512_depth2,full_mlp_capacity_search_v2,full_mlp_capacity_search_hd512_depth2,supervised_nmse_plateau,full_mlp,12,6,jit,bf16,bfloat16,16,8,ok,,42.297909,20,50,0.04801696,0.0033810517473709272,0.043203,0.047658000000000006,0.0494337,0.05451679999999999,0.06088153999999999,0.063358,333215.5971556717,333.2155971556717,47.65800000000001,2.9786250000000005,41651.94964445896,3600,3456,7128,sub-physical,0.0625,0.03125,Intel(R) Xeon(R) 6760P,AVX512,"avx2,avx512f,avx512bw,avx512vl,avx512_vnni,avx512_bf16,amx_bf16,amx_int8,amx_tile,fma",True,True,,256,128,sh14l07002s1404,3.11.9,2.1.2+cu121
20260423_060055,2026-04-23T11:15:47.017334,cpu,full_mlp_capacity_search_hd512_depth2,/home/liangyi/SRS_AI/Model_AIIC_refactor/experiments_refactored/20260422_050408_full_mlp_capacity_search_v2/full_mlp_capacity_search_hd512_depth2,full_mlp_capacity_search_v2,full_mlp_capacity_search_hd512_depth2,supervised_nmse_plateau,full_mlp,12,6,jit,bf16,bfloat16,16,128,ok,,48.407355,20,50,0.11868658,0.008002620805936016,0.10498,0.11890400000000001,0.12966750000000002,0.1367365,0.13774495,0.138306,134808.83853928559,134.80883853928557,118.90400000000001,7.431500000000001,1053.1940510881686,3600,3456,7128,all-physical,1.0,0.5,Intel(R) Xeon(R) 6760P,AVX512,"avx2,avx512f,avx512bw,avx512vl,avx512_vnni,avx512_bf16,amx_bf16,amx_int8,amx_tile,fma",True,True,,256,128,sh14l07002s1404,3.11.9,2.1.2+cu121
20260423_060055,2026-04-23T11:15:47.017334,cpu,full_mlp_capacity_search_hd512_depth2,/home/liangyi/SRS_AI/Model_AIIC_refactor/experiments_refactored/20260422_050408_full_mlp_capacity_search_v2/full_mlp_capacity_search_hd512_depth2,full_mlp_capacity_search_v2,full_mlp_capacity_search_hd512_depth2,supervised_nmse_plateau,full_mlp,12,6,jit,bf16,bfloat16,32,1,ok,,43.141278,20,50,0.0407026,0.0021162060674707463,0.038524,0.04043,0.0413964,0.0430996,0.04934373999999998,0.053545,786190.5627650323,786.1905627650323,40.43,1.2634375,786190.5627650323,3600,3456,7128,single-thread,0.0078125,0.00390625,Intel(R) Xeon(R) 6760P,AVX512,"avx2,avx512f,avx512bw,avx512vl,avx512_vnni,avx512_bf16,amx_bf16,amx_int8,amx_tile,fma",True,True,,256,128,sh14l07002s1404,3.11.9,2.1.2+cu121
20260423_060055,2026-04-23T11:15:47.017334,cpu,full_mlp_capacity_search_hd512_depth2,/home/liangyi/SRS_AI/Model_AIIC_refactor/experiments_refactored/20260422_050408_full_mlp_capacity_search_v2/full_mlp_capacity_search_hd512_depth2,full_mlp_capacity_search_v2,full_mlp_capacity_search_hd512_depth2,supervised_nmse_plateau,full_mlp,12,6,jit,bf16,bfloat16,32,2,ok,,42.664729,20,50,0.04908868,0.002944923261750635,0.046455,0.0483205,0.0508185,0.0537143,0.060349969999999975,0.066302,651881.4520985286,651.8814520985286,48.3205,1.510015625,325940.7260492643,3600,3456,7128,sub-physical,0.015625,0.0078125,Intel(R) Xeon(R) 6760P,AVX512,"avx2,avx512f,avx512bw,avx512vl,avx512_vnni,avx512_bf16,amx_bf16,amx_int8,amx_tile,fma",True,True,,256,128,sh14l07002s1404,3.11.9,2.1.2+cu121
20260423_060055,2026-04-23T11:15:47.017334,cpu,full_mlp_capacity_search_hd512_depth2,/home/liangyi/SRS_AI/Model_AIIC_refactor/experiments_refactored/20260422_050408_full_mlp_capacity_search_v2/full_mlp_capacity_search_hd512_depth2,full_mlp_capacity_search_v2,full_mlp_capacity_search_hd512_depth2,supervised_nmse_plateau,full_mlp,12,6,jit,bf16,bfloat16,32,4,ok,,42.737468,20,50,0.05304878,0.002649915064978499,0.048422,0.053290500000000005,0.0557225,0.05705995,0.059683169999999994,0.061088,603218.3963514336,603.2183963514336,53.2905,1.665328125,150804.5990878584,3600,3456,7128,sub-physical,0.03125,0.015625,Intel(R) Xeon(R) 6760P,AVX512,"avx2,avx512f,avx512bw,avx512vl,avx512_vnni,avx512_bf16,amx_bf16,amx_int8,amx_tile,fma",True,True,,256,128,sh14l07002s1404,3.11.9,2.1.2+cu121
20260423_060055,2026-04-23T11:15:47.017334,cpu,full_mlp_capacity_search_hd512_depth2,/home/liangyi/SRS_AI/Model_AIIC_refactor/experiments_refactored/20260422_050408_full_mlp_capacity_search_v2/full_mlp_capacity_search_hd512_depth2,full_mlp_capacity_search_v2,full_mlp_capacity_search_hd512_depth2,supervised_nmse_plateau,full_mlp,12,6,jit,bf16,bfloat16,32,8,ok,,41.307893,20,50,0.05449298,0.004737218650178605,0.048524,0.0537955,0.0584724,0.06333989999999999,0.07076459,0.071651,587231.603043181,587.231603043181,53.795500000000004,1.6811093750000001,73403.95038039763,3600,3456,7128,sub-physical,0.0625,0.03125,Intel(R) Xeon(R) 6760P,AVX512,"avx2,avx512f,avx512bw,avx512vl,avx512_vnni,avx512_bf16,amx_bf16,amx_int8,amx_tile,fma",True,True,,256,128,sh14l07002s1404,3.11.9,2.1.2+cu121
20260423_060055,2026-04-23T11:15:47.017334,cpu,full_mlp_capacity_search_hd512_depth2,/home/liangyi/SRS_AI/Model_AIIC_refactor/experiments_refactored/20260422_050408_full_mlp_capacity_search_v2/full_mlp_capacity_search_hd512_depth2,full_mlp_capacity_search_v2,full_mlp_capacity_search_hd512_depth2,supervised_nmse_plateau,full_mlp,12,6,jit,bf16,bfloat16,32,128,ok,,45.35038,20,50,0.11748664,0.009884440119217679,0.103862,0.1161285,0.12888480000000002,0.1354194,0.15111694999999994,0.160596,272371.3947390103,272.3713947390103,116.1285,3.629015625,2127.901521398518,3600,3456,7128,all-physical,1.0,0.5,Intel(R) Xeon(R) 6760P,AVX512,"avx2,avx512f,avx512bw,avx512vl,avx512_vnni,avx512_bf16,amx_bf16,amx_int8,amx_tile,fma",True,True,,256,128,sh14l07002s1404,3.11.9,2.1.2+cu121
20260423_060055,2026-04-23T11:15:47.017334,cpu,full_mlp_capacity_search_hd512_depth2,/home/liangyi/SRS_AI/Model_AIIC_refactor/experiments_refactored/20260422_050408_full_mlp_capacity_search_v2/full_mlp_capacity_search_hd512_depth2,full_mlp_capacity_search_v2,full_mlp_capacity_search_hd512_depth2,supervised_nmse_plateau,full_mlp,12,6,jit,bf16,bfloat16,64,1,ok,,42.134733,20,50,0.04269836,0.00200438696623182,0.039659,0.042258,0.0449973,0.04566475,0.049742489999999986,0.052633,1498886.6082912788,1498.886608291279,42.257999999999996,0.6602812499999999,1498886.6082912788,3600,3456,7128,single-thread,0.0078125,0.00390625,Intel(R) Xeon(R) 6760P,AVX512,"avx2,avx512f,avx512bw,avx512vl,avx512_vnni,avx512_bf16,amx_bf16,amx_int8,amx_tile,fma",True,True,,256,128,sh14l07002s1404,3.11.9,2.1.2+cu121
20260423_060055,2026-04-23T11:15:47.017334,cpu,full_mlp_capacity_search_hd512_depth2,/home/liangyi/SRS_AI/Model_AIIC_refactor/experiments_refactored/20260422_050408_full_mlp_capacity_search_v2/full_mlp_capacity_search_hd512_depth2,full_mlp_capacity_search_v2,full_mlp_capacity_search_hd512_depth2,supervised_nmse_plateau,full_mlp,12,6,jit,bf16,bfloat16,64,2,ok,,42.836523,20,50,0.04967554,0.003467005504524041,0.046148,0.048944,0.0524412,0.05564025,0.06229322999999998,0.068258,1288360.428492574,1288.360428492574,48.944,0.76475,644180.214246287,3600,3456,7128,sub-physical,0.015625,0.0078125,Intel(R) Xeon(R) 6760P,AVX512,"avx2,avx512f,avx512bw,avx512vl,avx512_vnni,avx512_bf16,amx_bf16,amx_int8,amx_tile,fma",True,True,,256,128,sh14l07002s1404,3.11.9,2.1.2+cu121
20260423_060055,2026-04-23T11:15:47.017334,cpu,full_mlp_capacity_search_hd512_depth2,/home/liangyi/SRS_AI/Model_AIIC_refactor/experiments_refactored/20260422_050408_full_mlp_capacity_search_v2/full_mlp_capacity_search_hd512_depth2,full_mlp_capacity_search_v2,full_mlp_capacity_search_hd512_depth2,supervised_nmse_plateau,full_mlp,12,6,jit,bf16,bfloat16,64,4,ok,,42.153693,20,50,0.05457794,0.0029396269655179038,0.049577,0.0546235,0.0577218,0.05829785,0.06256350999999999,0.06472,1172634.951044323,1172.6349510443229,54.6235,0.8534921875,293158.73776108073,3600,3456,7128,sub-physical,0.03125,0.015625,Intel(R) Xeon(R) 6760P,AVX512,"avx2,avx512f,avx512bw,avx512vl,avx512_vnni,avx512_bf16,amx_bf16,amx_int8,amx_tile,fma",True,True,,256,128,sh14l07002s1404,3.11.9,2.1.2+cu121
20260423_060055,2026-04-23T11:15:47.017334,cpu,full_mlp_capacity_search_hd512_depth2,/home/liangyi/SRS_AI/Model_AIIC_refactor/experiments_refactored/20260422_050408_full_mlp_capacity_search_v2/full_mlp_capacity_search_hd512_depth2,full_mlp_capacity_search_v2,full_mlp_capacity_search_hd512_depth2,supervised_nmse_plateau,full_mlp,12,6,jit,bf16,bfloat16,64,8,ok,,41.609742,20,50,0.06181908,0.0032649860816854944,0.056439,0.0616275,0.06452530000000001,0.06615669999999998,0.07397535,0.074556,1035279.0756510772,1035.2790756510772,61.627500000000005,0.9629296875000001,129409.88445638465,3600,3456,7128,sub-physical,0.0625,0.03125,Intel(R) Xeon(R) 6760P,AVX512,"avx2,avx512f,avx512bw,avx512vl,avx512_vnni,avx512_bf16,amx_bf16,amx_int8,amx_tile,fma",True,True,,256,128,sh14l07002s1404,3.11.9,2.1.2+cu121
20260423_060055,2026-04-23T11:15:47.017334,cpu,full_mlp_capacity_search_hd512_depth2,/home/liangyi/SRS_AI/Model_AIIC_refactor/experiments_refactored/20260422_050408_full_mlp_capacity_search_v2/full_mlp_capacity_search_hd512_depth2,full_mlp_capacity_search_v2,full_mlp_capacity_search_hd512_depth2,supervised_nmse_plateau,full_mlp,12,6,jit,bf16,bfloat16,64,128,ok,,47.675822,20,50,0.18220196,0.050575784827508116,0.111153,0.165277,0.2687178,0.27867585,0.28586919,0.287373,351258.5704346979,351.2585704346979,165.27700000000002,2.5824531250000002,2744.2075815210774,3600,3456,7128,all-physical,1.0,0.5,Intel(R) Xeon(R) 6760P,AVX512,"avx2,avx512f,avx512bw,avx512vl,avx512_vnni,avx512_bf16,amx_bf16,amx_int8,amx_tile,fma",True,True,,256,128,sh14l07002s1404,3.11.9,2.1.2+cu121
20260423_060055,2026-04-23T11:15:47.017334,cpu,full_mlp_capacity_search_hd512_depth2,/home/liangyi/SRS_AI/Model_AIIC_refactor/experiments_refactored/20260422_050408_full_mlp_capacity_search_v2/full_mlp_capacity_search_hd512_depth2,full_mlp_capacity_search_v2,full_mlp_capacity_search_hd512_depth2,supervised_nmse_plateau,full_mlp,12,6,jit,bf16,bfloat16,128,1,ok,,43.950022,20,50,0.04811182,0.002226787647621569,0.045232,0.047652,0.05041470000000001,0.0511383,0.055821149999999986,0.059332,2660468.88269868,2660.46888269868,47.652,0.37228125,2660468.88269868,3600,3456,7128,single-thread,0.0078125,0.00390625,Intel(R) Xeon(R) 6760P,AVX512,"avx2,avx512f,avx512bw,avx512vl,avx512_vnni,avx512_bf16,amx_bf16,amx_int8,amx_tile,fma",True,True,,256,128,sh14l07002s1404,3.11.9,2.1.2+cu121
20260423_060055,2026-04-23T11:15:47.017334,cpu,full_mlp_capacity_search_hd512_depth2,/home/liangyi/SRS_AI/Model_AIIC_refactor/experiments_refactored/20260422_050408_full_mlp_capacity_search_v2/full_mlp_capacity_search_hd512_depth2,full_mlp_capacity_search_v2,full_mlp_capacity_search_hd512_depth2,supervised_nmse_plateau,full_mlp,12,6,jit,bf16,bfloat16,128,2,ok,,44.833749,20,50,0.0603448,0.0034579903643590453,0.054671,0.059842,0.06463260000000001,0.06563645,0.07010732999999998,0.073284,2121143.8268086067,2121.1438268086067,59.842,0.467515625,1060571.9134043034,3600,3456,7128,sub-physical,0.015625,0.0078125,Intel(R) Xeon(R) 6760P,AVX512,"avx2,avx512f,avx512bw,avx512vl,avx512_vnni,avx512_bf16,amx_bf16,amx_int8,amx_tile,fma",True,True,,256,128,sh14l07002s1404,3.11.9,2.1.2+cu121
20260423_060055,2026-04-23T11:15:47.017334,cpu,full_mlp_capacity_search_hd512_depth2,/home/liangyi/SRS_AI/Model_AIIC_refactor/experiments_refactored/20260422_050408_full_mlp_capacity_search_v2/full_mlp_capacity_search_hd512_depth2,full_mlp_capacity_search_v2,full_mlp_capacity_search_hd512_depth2,supervised_nmse_plateau,full_mlp,12,6,jit,bf16,bfloat16,128,4,ok,,45.328234,20,50,0.06325714,0.0041455370653752455,0.056857,0.062388,0.0691001,0.0716807,0.07316419,0.073786,2023486.9929307583,2023.4869929307583,62.388,0.48740625,505871.74823268957,3600,3456,7128,sub-physical,0.03125,0.015625,Intel(R) Xeon(R) 6760P,AVX512,"avx2,avx512f,avx512bw,avx512vl,avx512_vnni,avx512_bf16,amx_bf16,amx_int8,amx_tile,fma",True,True,,256,128,sh14l07002s1404,3.11.9,2.1.2+cu121
20260423_060055,2026-04-23T11:15:47.017334,cpu,full_mlp_capacity_search_hd512_depth2,/home/liangyi/SRS_AI/Model_AIIC_refactor/experiments_refactored/20260422_050408_full_mlp_capacity_search_v2/full_mlp_capacity_search_hd512_depth2,full_mlp_capacity_search_v2,full_mlp_capacity_search_hd512_depth2,supervised_nmse_plateau,full_mlp,12,6,jit,bf16,bfloat16,128,8,ok,,43.365666,20,50,0.06600384,0.0028819705644575902,0.060041,0.06511449999999999,0.070025,0.07121965,0.07335356999999999,0.073504,1939281.108493082,1939.281108493082,65.11449999999999,0.5087070312499999,242410.13856163525,3600,3456,7128,sub-physical,0.0625,0.03125,Intel(R) Xeon(R) 6760P,AVX512,"avx2,avx512f,avx512bw,avx512vl,avx512_vnni,avx512_bf16,amx_bf16,amx_int8,amx_tile,fma",True,True,,256,128,sh14l07002s1404,3.11.9,2.1.2+cu121
20260423_060055,2026-04-23T11:15:47.017334,cpu,full_mlp_capacity_search_hd512_depth2,/home/liangyi/SRS_AI/Model_AIIC_refactor/experiments_refactored/20260422_050408_full_mlp_capacity_search_v2/full_mlp_capacity_search_hd512_depth2,full_mlp_capacity_search_v2,full_mlp_capacity_search_hd512_depth2,supervised_nmse_plateau,full_mlp,12,6,jit,bf16,bfloat16,128,128,ok,,73.325773,20,50,0.16874572,0.0081384961633953,0.155968,0.16632249999999998,0.1794105,0.18486775,0.19487027999999998,0.198755,758537.7572835626,758.5377572835625,166.3225,1.29939453125,5926.0762287778325,3600,3456,7128,all-physical,1.0,0.5,Intel(R) Xeon(R) 6760P,AVX512,"avx2,avx512f,avx512bw,avx512vl,avx512_vnni,avx512_bf16,amx_bf16,amx_int8,amx_tile,fma",True,True,,256,128,sh14l07002s1404,3.11.9,2.1.2+cu121
20260423_060055,2026-04-23T11:15:47.017334,cpu,full_mlp_capacity_search_hd512_depth2,/home/liangyi/SRS_AI/Model_AIIC_refactor/experiments_refactored/20260422_050408_full_mlp_capacity_search_v2/full_mlp_capacity_search_hd512_depth2,full_mlp_capacity_search_v2,full_mlp_capacity_search_hd512_depth2,supervised_nmse_plateau,full_mlp,12,6,compile,fp32,float32,1,1,ok,,499.47818,20,50,0.03079142,0.0022211934007645533,0.026839,0.0306895,0.0334377,0.0344054,0.037364999999999995,0.037855,32476.579514682988,32.47657951468299,30.689500000000002,30.689500000000002,32476.579514682988,3600,3456,7128,single-thread,0.0078125,0.00390625,Intel(R) Xeon(R) 6760P,AVX512,"avx2,avx512f,avx512bw,avx512vl,avx512_vnni,avx512_bf16,amx_bf16,amx_int8,amx_tile,fma",True,True,,256,128,sh14l07002s1404,3.11.9,2.1.2+cu121
20260423_060055,2026-04-23T11:15:47.017334,cpu,full_mlp_capacity_search_hd512_depth2,/home/liangyi/SRS_AI/Model_AIIC_refactor/experiments_refactored/20260422_050408_full_mlp_capacity_search_v2/full_mlp_capacity_search_hd512_depth2,full_mlp_capacity_search_v2,full_mlp_capacity_search_hd512_depth2,supervised_nmse_plateau,full_mlp,12,6,compile,fp32,float32,1,2,ok,,506.922983,20,50,0.03007668,0.0027766503736696845,0.02669,0.0293245,0.0326575,0.03307735,0.03944462999999998,0.044253,33248.35054932925,33.248350549329245,29.3245,29.3245,16624.175274664623,3600,3456,7128,sub-physical,0.015625,0.0078125,Intel(R) Xeon(R) 6760P,AVX512,"avx2,avx512f,avx512bw,avx512vl,avx512_vnni,avx512_bf16,amx_bf16,amx_int8,amx_tile,fma",True,True,,256,128,sh14l07002s1404,3.11.9,2.1.2+cu121
20260423_060055,2026-04-23T11:15:47.017334,cpu,full_mlp_capacity_search_hd512_depth2,/home/liangyi/SRS_AI/Model_AIIC_refactor/experiments_refactored/20260422_050408_full_mlp_capacity_search_v2/full_mlp_capacity_search_hd512_depth2,full_mlp_capacity_search_v2,full_mlp_capacity_search_hd512_depth2,supervised_nmse_plateau,full_mlp,12,6,compile,fp32,float32,1,4,ok,,516.968093,20,50,0.02939138,0.0018838613631581283,0.02642,0.028857,0.031327900000000006,0.03231725,0.03504617999999999,0.037456,34023.58106356353,34.023581063563526,28.857,28.857,8505.895265890882,3600,3456,7128,sub-physical,0.03125,0.015625,Intel(R) Xeon(R) 6760P,AVX512,"avx2,avx512f,avx512bw,avx512vl,avx512_vnni,avx512_bf16,amx_bf16,amx_int8,amx_tile,fma",True,True,,256,128,sh14l07002s1404,3.11.9,2.1.2+cu121
20260423_060055,2026-04-23T11:15:47.017334,cpu,full_mlp_capacity_search_hd512_depth2,/home/liangyi/SRS_AI/Model_AIIC_refactor/experiments_refactored/20260422_050408_full_mlp_capacity_search_v2/full_mlp_capacity_search_hd512_depth2,full_mlp_capacity_search_v2,full_mlp_capacity_search_hd512_depth2,supervised_nmse_plateau,full_mlp,12,6,compile,fp32,float32,1,8,ok,,528.990338,20,50,0.027761,0.002199111320511083,0.024555,0.0269315,0.0301536,0.03201585,0.034390659999999997,0.034864,36021.757141313356,36.02175714131336,26.9315,26.9315,4502.719642664169,3600,3456,7128,sub-physical,0.0625,0.03125,Intel(R) Xeon(R) 6760P,AVX512,"avx2,avx512f,avx512bw,avx512vl,avx512_vnni,avx512_bf16,amx_bf16,amx_int8,amx_tile,fma",True,True,,256,128,sh14l07002s1404,3.11.9,2.1.2+cu121
20260423_060055,2026-04-23T11:15:47.017334,cpu,full_mlp_capacity_search_hd512_depth2,/home/liangyi/SRS_AI/Model_AIIC_refactor/experiments_refactored/20260422_050408_full_mlp_capacity_search_v2/full_mlp_capacity_search_hd512_depth2,full_mlp_capacity_search_v2,full_mlp_capacity_search_hd512_depth2,supervised_nmse_plateau,full_mlp,12,6,compile,fp32,float32,1,128,ok,,691.059483,20,50,0.02758286,0.0018495495128273804,0.025647,0.026857,0.030339500000000002,0.03128545,0.03328365,0.034173,36254.39856490589,36.25439856490589,26.857,26.857,283.23748878832725,3600,3456,7128,all-physical,1.0,0.5,Intel(R) Xeon(R) 6760P,AVX512,"avx2,avx512f,avx512bw,avx512vl,avx512_vnni,avx512_bf16,amx_bf16,amx_int8,amx_tile,fma",True,True,,256,128,sh14l07002s1404,3.11.9,2.1.2+cu121
20260423_060055,2026-04-23T11:15:47.017334,cpu,full_mlp_capacity_search_hd512_depth2,/home/liangyi/SRS_AI/Model_AIIC_refactor/experiments_refactored/20260422_050408_full_mlp_capacity_search_v2/full_mlp_capacity_search_hd512_depth2,full_mlp_capacity_search_v2,full_mlp_capacity_search_hd512_depth2,supervised_nmse_plateau,full_mlp,12,6,compile,fp32,float32,2,1,ok,,497.953604,20,50,0.0278549,0.0014846220832252224,0.024723,0.027763000000000003,0.0289537,0.029793299999999998,0.033483549999999994,0.034466,71800.65266793275,71.80065266793275,27.763,13.8815,71800.65266793275,3600,3456,7128,single-thread,0.0078125,0.00390625,Intel(R) Xeon(R) 6760P,AVX512,"avx2,avx512f,avx512bw,avx512vl,avx512_vnni,avx512_bf16,amx_bf16,amx_int8,amx_tile,fma",True,True,,256,128,sh14l07002s1404,3.11.9,2.1.2+cu121
20260423_060055,2026-04-23T11:15:47.017334,cpu,full_mlp_capacity_search_hd512_depth2,/home/liangyi/SRS_AI/Model_AIIC_refactor/experiments_refactored/20260422_050408_full_mlp_capacity_search_v2/full_mlp_capacity_search_hd512_depth2,full_mlp_capacity_search_v2,full_mlp_capacity_search_hd512_depth2,supervised_nmse_plateau,full_mlp,12,6,compile,fp32,float32,2,2,ok,,509.247264,20,50,0.02815274,0.001616059266363706,0.025968,0.0281065,0.029460899999999998,0.029764899999999997,0.033587819999999984,0.037058,71041.04254150752,71.04104254150751,28.1065,14.05325,35520.52127075376,3600,3456,7128,sub-physical,0.015625,0.0078125,Intel(R) Xeon(R) 6760P,AVX512,"avx2,avx512f,avx512bw,avx512vl,avx512_vnni,avx512_bf16,amx_bf16,amx_int8,amx_tile,fma",True,True,,256,128,sh14l07002s1404,3.11.9,2.1.2+cu121
20260423_060055,2026-04-23T11:15:47.017334,cpu,full_mlp_capacity_search_hd512_depth2,/home/liangyi/SRS_AI/Model_AIIC_refactor/experiments_refactored/20260422_050408_full_mlp_capacity_search_v2/full_mlp_capacity_search_hd512_depth2,full_mlp_capacity_search_v2,full_mlp_capacity_search_hd512_depth2,supervised_nmse_plateau,full_mlp,12,6,compile,fp32,float32,2,4,ok,,509.419938,20,50,0.028706100000000002,0.0021861355607555536,0.026054,0.0283085,0.0300987,0.030975049999999997,0.037540929999999986,0.040551,69671.60289973211,69.67160289973211,28.3085,14.15425,17417.900724933028,3600,3456,7128,sub-physical,0.03125,0.015625,Intel(R) Xeon(R) 6760P,AVX512,"avx2,avx512f,avx512bw,avx512vl,avx512_vnni,avx512_bf16,amx_bf16,amx_int8,amx_tile,fma",True,True,,256,128,sh14l07002s1404,3.11.9,2.1.2+cu121
20260423_060055,2026-04-23T11:15:47.017334,cpu,full_mlp_capacity_search_hd512_depth2,/home/liangyi/SRS_AI/Model_AIIC_refactor/experiments_refactored/20260422_050408_full_mlp_capacity_search_v2/full_mlp_capacity_search_hd512_depth2,full_mlp_capacity_search_v2,full_mlp_capacity_search_hd512_depth2,supervised_nmse_plateau,full_mlp,12,6,compile,fp32,float32,2,8,ok,,540.391624,20,50,0.02801248,0.0016013372941388708,0.025846,0.0276715,0.030098,0.03096655,0.033216079999999995,0.034935,71396.74887764311,71.39674887764312,27.6715,13.83575,8924.59360970539,3600,3456,7128,sub-physical,0.0625,0.03125,Intel(R) Xeon(R) 6760P,AVX512,"avx2,avx512f,avx512bw,avx512vl,avx512_vnni,avx512_bf16,amx_bf16,amx_int8,amx_tile,fma",True,True,,256,128,sh14l07002s1404,3.11.9,2.1.2+cu121
20260423_060055,2026-04-23T11:15:47.017334,cpu,full_mlp_capacity_search_hd512_depth2,/home/liangyi/SRS_AI/Model_AIIC_refactor/experiments_refactored/20260422_050408_full_mlp_capacity_search_v2/full_mlp_capacity_search_hd512_depth2,full_mlp_capacity_search_v2,full_mlp_capacity_search_hd512_depth2,supervised_nmse_plateau,full_mlp,12,6,compile,fp32,float32,2,128,ok,,833.842085,20,50,0.027467619999999998,0.00130355308123605,0.025627,0.0273415,0.0289011,0.0298859,0.03144585,0.032247,72813.00673301873,72.81300673301872,27.3415,13.67075,568.8516151017088,3600,3456,7128,all-physical,1.0,0.5,Intel(R) Xeon(R) 6760P,AVX512,"avx2,avx512f,avx512bw,avx512vl,avx512_vnni,avx512_bf16,amx_bf16,amx_int8,amx_tile,fma",True,True,,256,128,sh14l07002s1404,3.11.9,2.1.2+cu121
20260423_060055,2026-04-23T11:15:47.017334,cpu,full_mlp_capacity_search_hd512_depth2,/home/liangyi/SRS_AI/Model_AIIC_refactor/experiments_refactored/20260422_050408_full_mlp_capacity_search_v2/full_mlp_capacity_search_hd512_depth2,full_mlp_capacity_search_v2,full_mlp_capacity_search_hd512_depth2,supervised_nmse_plateau,full_mlp,12,6,compile,fp32,float32,4,1,ok,,497.724185,20,50,0.02971286,0.001686447354766819,0.026826,0.029332999999999998,0.032729,0.03319415,0.03369758,0.033922,134621.84387500898,134.62184387500898,29.333,7.33325,134621.84387500898,3600,3456,7128,single-thread,0.0078125,0.00390625,Intel(R) Xeon(R) 6760P,AVX512,"avx2,avx512f,avx512bw,avx512vl,avx512_vnni,avx512_bf16,amx_bf16,amx_int8,amx_tile,fma",True,True,,256,128,sh14l07002s1404,3.11.9,2.1.2+cu121
20260423_060055,2026-04-23T11:15:47.017334,cpu,full_mlp_capacity_search_hd512_depth2,/home/liangyi/SRS_AI/Model_AIIC_refactor/experiments_refactored/20260422_050408_full_mlp_capacity_search_v2/full_mlp_capacity_search_hd512_depth2,full_mlp_capacity_search_v2,full_mlp_capacity_search_hd512_depth2,supervised_nmse_plateau,full_mlp,12,6,compile,fp32,float32,4,2,ok,,510.667011,20,50,0.029674,0.001887766129582793,0.027634,0.0292005,0.031934,0.03335455,0.03587403999999999,0.038081,134798.13978567097,134.79813978567097,29.2005,7.300125,67399.06989283548,3600,3456,7128,sub-physical,0.015625,0.0078125,Intel(R) Xeon(R) 6760P,AVX512,"avx2,avx512f,avx512bw,avx512vl,avx512_vnni,avx512_bf16,amx_bf16,amx_int8,amx_tile,fma",True,True,,256,128,sh14l07002s1404,3.11.9,2.1.2+cu121
20260423_060055,2026-04-23T11:15:47.017334,cpu,full_mlp_capacity_search_hd512_depth2,/home/liangyi/SRS_AI/Model_AIIC_refactor/experiments_refactored/20260422_050408_full_mlp_capacity_search_v2/full_mlp_capacity_search_hd512_depth2,full_mlp_capacity_search_v2,full_mlp_capacity_search_hd512_depth2,supervised_nmse_plateau,full_mlp,12,6,compile,fp32,float32,4,4,ok,,508.093204,20,50,0.03078426,0.001397892582568489,0.028726,0.030538,0.0319036,0.033567099999999996,0.03535886,0.036234,129936.53250070004,129.93653250070003,30.538,7.6345,32484.13312517501,3600,3456,7128,sub-physical,0.03125,0.015625,Intel(R) Xeon(R) 6760P,AVX512,"avx2,avx512f,avx512bw,avx512vl,avx512_vnni,avx512_bf16,amx_bf16,amx_int8,amx_tile,fma",True,True,,256,128,sh14l07002s1404,3.11.9,2.1.2+cu121
20260423_060055,2026-04-23T11:15:47.017334,cpu,full_mlp_capacity_search_hd512_depth2,/home/liangyi/SRS_AI/Model_AIIC_refactor/experiments_refactored/20260422_050408_full_mlp_capacity_search_v2/full_mlp_capacity_search_hd512_depth2,full_mlp_capacity_search_v2,full_mlp_capacity_search_hd512_depth2,supervised_nmse_plateau,full_mlp,12,6,compile,fp32,float32,4,8,ok,,540.338659,20,50,0.0283735,0.0021038254514098836,0.025678,0.027840999999999998,0.0300254,0.03213819999999999,0.035910649999999995,0.0368,140976.6155039033,140.9766155039033,27.840999999999998,6.960249999999999,17622.076937987913,3600,3456,7128,sub-physical,0.0625,0.03125,Intel(R) Xeon(R) 6760P,AVX512,"avx2,avx512f,avx512bw,avx512vl,avx512_vnni,avx512_bf16,amx_bf16,amx_int8,amx_tile,fma",True,True,,256,128,sh14l07002s1404,3.11.9,2.1.2+cu121
20260423_060055,2026-04-23T11:15:47.017334,cpu,full_mlp_capacity_search_hd512_depth2,/home/liangyi/SRS_AI/Model_AIIC_refactor/experiments_refactored/20260422_050408_full_mlp_capacity_search_v2/full_mlp_capacity_search_hd512_depth2,full_mlp_capacity_search_v2,full_mlp_capacity_search_hd512_depth2,supervised_nmse_plateau,full_mlp,12,6,compile,fp32,float32,4,128,ok,,745.944295,20,50,0.02796888,0.0012098079953447157,0.026065,0.027932,0.0296782,0.02977815,0.031224039999999995,0.032304,143016.09503133481,143.01609503133483,27.932,6.983,1117.3132424323032,3600,3456,7128,all-physical,1.0,0.5,Intel(R) Xeon(R) 6760P,AVX512,"avx2,avx512f,avx512bw,avx512vl,avx512_vnni,avx512_bf16,amx_bf16,amx_int8,amx_tile,fma",True,True,,256,128,sh14l07002s1404,3.11.9,2.1.2+cu121
20260423_060055,2026-04-23T11:15:47.017334,cpu,full_mlp_capacity_search_hd512_depth2,/home/liangyi/SRS_AI/Model_AIIC_refactor/experiments_refactored/20260422_050408_full_mlp_capacity_search_v2/full_mlp_capacity_search_hd512_depth2,full_mlp_capacity_search_v2,full_mlp_capacity_search_hd512_depth2,supervised_nmse_plateau,full_mlp,12,6,compile,fp32,float32,8,1,ok,,498.355516,20,50,0.03038742,0.001415867706955703,0.027725,0.030122,0.0324599,0.032764800000000004,0.032924260000000004,0.032986,263266.8387115458,263.2668387115458,30.122,3.76525,263266.8387115458,3600,3456,7128,single-thread,0.0078125,0.00390625,Intel(R) Xeon(R) 6760P,AVX512,"avx2,avx512f,avx512bw,avx512vl,avx512_vnni,avx512_bf16,amx_bf16,amx_int8,amx_tile,fma",True,True,,256,128,sh14l07002s1404,3.11.9,2.1.2+cu121
20260423_060055,2026-04-23T11:15:47.017334,cpu,full_mlp_capacity_search_hd512_depth2,/home/liangyi/SRS_AI/Model_AIIC_refactor/experiments_refactored/20260422_050408_full_mlp_capacity_search_v2/full_mlp_capacity_search_hd512_depth2,full_mlp_capacity_search_v2,full_mlp_capacity_search_hd512_depth2,supervised_nmse_plateau,full_mlp,12,6,compile,fp32,float32,8,2,ok,,509.987456,20,50,0.03106522,0.0014781607935539357,0.028251,0.0313345,0.032665599999999996,0.033447,0.03420588,0.034543,257522.72155162587,257.52272155162586,31.334500000000002,3.9168125000000003,128761.36077581294,3600,3456,7128,sub-physical,0.015625,0.0078125,Intel(R) Xeon(R) 6760P,AVX512,"avx2,avx512f,avx512bw,avx512vl,avx512_vnni,avx512_bf16,amx_bf16,amx_int8,amx_tile,fma",True,True,,256,128,sh14l07002s1404,3.11.9,2.1.2+cu121
20260423_060055,2026-04-23T11:15:47.017334,cpu,full_mlp_capacity_search_hd512_depth2,/home/liangyi/SRS_AI/Model_AIIC_refactor/experiments_refactored/20260422_050408_full_mlp_capacity_search_v2/full_mlp_capacity_search_hd512_depth2,full_mlp_capacity_search_v2,full_mlp_capacity_search_hd512_depth2,supervised_nmse_plateau,full_mlp,12,6,compile,fp32,float32,8,4,ok,,515.836189,20,50,0.02854234,0.0019776090372973115,0.025538,0.0285175,0.030503,0.030927649999999998,0.03455014999999999,0.037522,280285.3585235128,280.2853585235128,28.517500000000002,3.5646875000000002,70071.3396308782,3600,3456,7128,sub-physical,0.03125,0.015625,Intel(R) Xeon(R) 6760P,AVX512,"avx2,avx512f,avx512bw,avx512vl,avx512_vnni,avx512_bf16,amx_bf16,amx_int8,amx_tile,fma",True,True,,256,128,sh14l07002s1404,3.11.9,2.1.2+cu121
20260423_060055,2026-04-23T11:15:47.017334,cpu,full_mlp_capacity_search_hd512_depth2,/home/liangyi/SRS_AI/Model_AIIC_refactor/experiments_refactored/20260422_050408_full_mlp_capacity_search_v2/full_mlp_capacity_search_hd512_depth2,full_mlp_capacity_search_v2,full_mlp_capacity_search_hd512_depth2,supervised_nmse_plateau,full_mlp,12,6,compile,fp32,float32,8,8,ok,,536.904911,20,50,0.02856756,0.0017216630815580615,0.025702,0.0284825,0.030204599999999998,0.03108315,0.03389564999999999,0.036157,280037.91713397997,280.03791713398,28.4825,3.5603125,35004.739641747496,3600,3456,7128,sub-physical,0.0625,0.03125,Intel(R) Xeon(R) 6760P,AVX512,"avx2,avx512f,avx512bw,avx512vl,avx512_vnni,avx512_bf16,amx_bf16,amx_int8,amx_tile,fma",True,True,,256,128,sh14l07002s1404,3.11.9,2.1.2+cu121
20260423_060055,2026-04-23T11:15:47.017334,cpu,full_mlp_capacity_search_hd512_depth2,/home/liangyi/SRS_AI/Model_AIIC_refactor/experiments_refactored/20260422_050408_full_mlp_capacity_search_v2/full_mlp_capacity_search_hd512_depth2,full_mlp_capacity_search_v2,full_mlp_capacity_search_hd512_depth2,supervised_nmse_plateau,full_mlp,12,6,compile,fp32,float32,8,128,ok,,833.286087,20,50,0.02903796,0.001795427859425157,0.026407,0.0289935,0.0301059,0.032521749999999995,0.03533568,0.035761,275501.4470713507,275.5014470713507,28.993499999999997,3.6241874999999997,2152.3550552449274,3600,3456,7128,all-physical,1.0,0.5,Intel(R) Xeon(R) 6760P,AVX512,"avx2,avx512f,avx512bw,avx512vl,avx512_vnni,avx512_bf16,amx_bf16,amx_int8,amx_tile,fma",True,True,,256,128,sh14l07002s1404,3.11.9,2.1.2+cu121
20260423_060055,2026-04-23T11:15:47.017334,cpu,full_mlp_capacity_search_hd512_depth2,/home/liangyi/SRS_AI/Model_AIIC_refactor/experiments_refactored/20260422_050408_full_mlp_capacity_search_v2/full_mlp_capacity_search_hd512_depth2,full_mlp_capacity_search_v2,full_mlp_capacity_search_hd512_depth2,supervised_nmse_plateau,full_mlp,12,6,compile,fp32,float32,16,1,ok,,501.348606,20,50,0.0289628,0.001672221396825193,0.026819,0.0282185,0.031712699999999996,0.03199075,0.032056589999999996,0.032061,552432.7758365904,552.4327758365904,28.2185,1.76365625,552432.7758365904,3600,3456,7128,single-thread,0.0078125,0.00390625,Intel(R) Xeon(R) 6760P,AVX512,"avx2,avx512f,avx512bw,avx512vl,avx512_vnni,avx512_bf16,amx_bf16,amx_int8,amx_tile,fma",True,True,,256,128,sh14l07002s1404,3.11.9,2.1.2+cu121
20260423_060055,2026-04-23T11:15:47.017334,cpu,full_mlp_capacity_search_hd512_depth2,/home/liangyi/SRS_AI/Model_AIIC_refactor/experiments_refactored/20260422_050408_full_mlp_capacity_search_v2/full_mlp_capacity_search_hd512_depth2,full_mlp_capacity_search_v2,full_mlp_capacity_search_hd512_depth2,supervised_nmse_plateau,full_mlp,12,6,compile,fp32,float32,16,2,ok,,502.326114,20,50,0.0292894,0.002533006111323066,0.02635,0.0282945,0.032288700000000004,0.032864449999999996,0.03765296,0.03917,546272.712995145,546.272712995145,28.2945,1.76840625,273136.3564975725,3600,3456,7128,sub-physical,0.015625,0.0078125,Intel(R) Xeon(R) 6760P,AVX512,"avx2,avx512f,avx512bw,avx512vl,avx512_vnni,avx512_bf16,amx_bf16,amx_int8,amx_tile,fma",True,True,,256,128,sh14l07002s1404,3.11.9,2.1.2+cu121
20260423_060055,2026-04-23T11:15:47.017334,cpu,full_mlp_capacity_search_hd512_depth2,/home/liangyi/SRS_AI/Model_AIIC_refactor/experiments_refactored/20260422_050408_full_mlp_capacity_search_v2/full_mlp_capacity_search_hd512_depth2,full_mlp_capacity_search_v2,full_mlp_capacity_search_hd512_depth2,supervised_nmse_plateau,full_mlp,12,6,compile,fp32,float32,16,4,ok,,514.552106,20,50,0.03025332,0.0018311944237573465,0.026978,0.0305665,0.032068599999999996,0.03283755,0.03522193,0.036076,528867.5755255952,528.8675755255953,30.5665,1.91040625,132216.8938813988,3600,3456,7128,sub-physical,0.03125,0.015625,Intel(R) Xeon(R) 6760P,AVX512,"avx2,avx512f,avx512bw,avx512vl,avx512_vnni,avx512_bf16,amx_bf16,amx_int8,amx_tile,fma",True,True,,256,128,sh14l07002s1404,3.11.9,2.1.2+cu121
20260423_060055,2026-04-23T11:15:47.017334,cpu,full_mlp_capacity_search_hd512_depth2,/home/liangyi/SRS_AI/Model_AIIC_refactor/experiments_refactored/20260422_050408_full_mlp_capacity_search_v2/full_mlp_capacity_search_hd512_depth2,full_mlp_capacity_search_v2,full_mlp_capacity_search_hd512_depth2,supervised_nmse_plateau,full_mlp,12,6,compile,fp32,float32,16,8,ok,,539.272607,20,50,0.03051174,0.001716210183048685,0.027729,0.0307685,0.0319172,0.0323597,0.03550745999999999,0.037588,524388.3174148705,524.3883174148705,30.7685,1.92303125,65548.53967685881,3600,3456,7128,sub-physical,0.0625,0.03125,Intel(R) Xeon(R) 6760P,AVX512,"avx2,avx512f,avx512bw,avx512vl,avx512_vnni,avx512_bf16,amx_bf16,amx_int8,amx_tile,fma",True,True,,256,128,sh14l07002s1404,3.11.9,2.1.2+cu121
20260423_060055,2026-04-23T11:15:47.017334,cpu,full_mlp_capacity_search_hd512_depth2,/home/liangyi/SRS_AI/Model_AIIC_refactor/experiments_refactored/20260422_050408_full_mlp_capacity_search_v2/full_mlp_capacity_search_hd512_depth2,full_mlp_capacity_search_v2,full_mlp_capacity_search_hd512_depth2,supervised_nmse_plateau,full_mlp,12,6,compile,fp32,float32,16,128,ok,,759.252471,20,50,0.03174496,0.002040868373609626,0.028238,0.031395000000000006,0.0342183,0.034712849999999996,0.035750439999999994,0.036409,504017.01561444707,504.0170156144471,31.395000000000007,1.9621875000000004,3937.6329344878677,3600,3456,7128,all-physical,1.0,0.5,Intel(R) Xeon(R) 6760P,AVX512,"avx2,avx512f,avx512bw,avx512vl,avx512_vnni,avx512_bf16,amx_bf16,amx_int8,amx_tile,fma",True,True,,256,128,sh14l07002s1404,3.11.9,2.1.2+cu121
20260423_060055,2026-04-23T11:15:47.017334,cpu,full_mlp_capacity_search_hd512_depth2,/home/liangyi/SRS_AI/Model_AIIC_refactor/experiments_refactored/20260422_050408_full_mlp_capacity_search_v2/full_mlp_capacity_search_hd512_depth2,full_mlp_capacity_search_v2,full_mlp_capacity_search_hd512_depth2,supervised_nmse_plateau,full_mlp,12,6,compile,fp32,float32,32,1,ok,,498.159074,20,50,0.03104,0.001748656730178911,0.028402,0.0304805,0.033804100000000004,0.034530200000000004,0.035853199999999995,0.0365,1030927.8350515463,1030.9278350515463,30.4805,0.952515625,1030927.8350515463,3600,3456,7128,single-thread,0.0078125,0.00390625,Intel(R) Xeon(R) 6760P,AVX512,"avx2,avx512f,avx512bw,avx512vl,avx512_vnni,avx512_bf16,amx_bf16,amx_int8,amx_tile,fma",True,True,,256,128,sh14l07002s1404,3.11.9,2.1.2+cu121
20260423_060055,2026-04-23T11:15:47.017334,cpu,full_mlp_capacity_search_hd512_depth2,/home/liangyi/SRS_AI/Model_AIIC_refactor/experiments_refactored/20260422_050408_full_mlp_capacity_search_v2/full_mlp_capacity_search_hd512_depth2,full_mlp_capacity_search_v2,full_mlp_capacity_search_hd512_depth2,supervised_nmse_plateau,full_mlp,12,6,compile,fp32,float32,32,2,ok,,504.76119,20,50,0.03264084,0.0023444457968569035,0.029477,0.031767000000000004,0.0360756,0.037053749999999996,0.03860963,0.039106,980366.92683154,980.3669268315399,31.767000000000003,0.9927187500000001,490183.46341577,3600,3456,7128,sub-physical,0.015625,0.0078125,Intel(R) Xeon(R) 6760P,AVX512,"avx2,avx512f,avx512bw,avx512vl,avx512_vnni,avx512_bf16,amx_bf16,amx_int8,amx_tile,fma",True,True,,256,128,sh14l07002s1404,3.11.9,2.1.2+cu121
20260423_060055,2026-04-23T11:15:47.017334,cpu,full_mlp_capacity_search_hd512_depth2,/home/liangyi/SRS_AI/Model_AIIC_refactor/experiments_refactored/20260422_050408_full_mlp_capacity_search_v2/full_mlp_capacity_search_hd512_depth2,full_mlp_capacity_search_v2,full_mlp_capacity_search_hd512_depth2,supervised_nmse_plateau,full_mlp,12,6,compile,fp32,float32,32,4,ok,,510.346952,20,50,0.03108816,0.0017341569520663348,0.02813,0.0307195,0.0337494,0.0341649,0.03439451,0.034493,1029330.7805929974,1029.3307805929974,30.7195,0.959984375,257332.69514824936,3600,3456,7128,sub-physical,0.03125,0.015625,Intel(R) Xeon(R) 6760P,AVX512,"avx2,avx512f,avx512bw,avx512vl,avx512_vnni,avx512_bf16,amx_bf16,amx_int8,amx_tile,fma",True,True,,256,128,sh14l07002s1404,3.11.9,2.1.2+cu121
20260423_060055,2026-04-23T11:15:47.017334,cpu,full_mlp_capacity_search_hd512_depth2,/home/liangyi/SRS_AI/Model_AIIC_refactor/experiments_refactored/20260422_050408_full_mlp_capacity_search_v2/full_mlp_capacity_search_hd512_depth2,full_mlp_capacity_search_v2,full_mlp_capacity_search_hd512_depth2,supervised_nmse_plateau,full_mlp,12,6,compile,fp32,float32,32,8,ok,,535.080167,20,50,0.03070138,0.0017099954606957296,0.028485,0.030196,0.0328742,0.0334285,0.03548224999999999,0.036499,1042298.4243705005,1042.2984243705005,30.196,0.943625,130287.30304631256,3600,3456,7128,sub-physical,0.0625,0.03125,Intel(R) Xeon(R) 6760P,AVX512,"avx2,avx512f,avx512bw,avx512vl,avx512_vnni,avx512_bf16,amx_bf16,amx_int8,amx_tile,fma",True,True,,256,128,sh14l07002s1404,3.11.9,2.1.2+cu121
20260423_060055,2026-04-23T11:15:47.017334,cpu,full_mlp_capacity_search_hd512_depth2,/home/liangyi/SRS_AI/Model_AIIC_refactor/experiments_refactored/20260422_050408_full_mlp_capacity_search_v2/full_mlp_capacity_search_hd512_depth2,full_mlp_capacity_search_v2,full_mlp_capacity_search_hd512_depth2,supervised_nmse_plateau,full_mlp,12,6,compile,fp32,float32,32,128,ok,,707.391634,20,50,0.032500799999999996,0.0016961495452936927,0.029483,0.031961500000000004,0.035017,0.0355446,0.03689105,0.037163,984591.1485255748,984.5911485255748,31.961500000000004,0.9987968750000001,7692.118347856053,3600,3456,7128,all-physical,1.0,0.5,Intel(R) Xeon(R) 6760P,AVX512,"avx2,avx512f,avx512bw,avx512vl,avx512_vnni,avx512_bf16,amx_bf16,amx_int8,amx_tile,fma",True,True,,256,128,sh14l07002s1404,3.11.9,2.1.2+cu121
20260423_060055,2026-04-23T11:15:47.017334,cpu,full_mlp_capacity_search_hd512_depth2,/home/liangyi/SRS_AI/Model_AIIC_refactor/experiments_refactored/20260422_050408_full_mlp_capacity_search_v2/full_mlp_capacity_search_hd512_depth2,full_mlp_capacity_search_v2,full_mlp_capacity_search_hd512_depth2,supervised_nmse_plateau,full_mlp,12,6,compile,fp32,float32,64,1,ok,,495.10525,20,50,0.03619214,0.0019914941828687318,0.033477,0.035528000000000004,0.0386803,0.039469449999999996,0.04115878,0.041638,1768339.755538081,1768.3397555380811,35.528000000000006,0.5551250000000001,1768339.755538081,3600,3456,7128,single-thread,0.0078125,0.00390625,Intel(R) Xeon(R) 6760P,AVX512,"avx2,avx512f,avx512bw,avx512vl,avx512_vnni,avx512_bf16,amx_bf16,amx_int8,amx_tile,fma",True,True,,256,128,sh14l07002s1404,3.11.9,2.1.2+cu121
20260423_060055,2026-04-23T11:15:47.017334,cpu,full_mlp_capacity_search_hd512_depth2,/home/liangyi/SRS_AI/Model_AIIC_refactor/experiments_refactored/20260422_050408_full_mlp_capacity_search_v2/full_mlp_capacity_search_hd512_depth2,full_mlp_capacity_search_v2,full_mlp_capacity_search_hd512_depth2,supervised_nmse_plateau,full_mlp,12,6,compile,fp32,float32,64,2,ok,,511.139865,20,50,0.05889154,0.0020375832862486874,0.055057,0.058947,0.0608386,0.062158649999999996,0.06455033,0.065865,1086743.528866795,1086.7435288667948,58.947,0.921046875,543371.7644333974,3600,3456,7128,sub-physical,0.015625,0.0078125,Intel(R) Xeon(R) 6760P,AVX512,"avx2,avx512f,avx512bw,avx512vl,avx512_vnni,avx512_bf16,amx_bf16,amx_int8,amx_tile,fma",True,True,,256,128,sh14l07002s1404,3.11.9,2.1.2+cu121
20260423_060055,2026-04-23T11:15:47.017334,cpu,full_mlp_capacity_search_hd512_depth2,/home/liangyi/SRS_AI/Model_AIIC_refactor/experiments_refactored/20260422_050408_full_mlp_capacity_search_v2/full_mlp_capacity_search_hd512_depth2,full_mlp_capacity_search_v2,full_mlp_capacity_search_hd512_depth2,supervised_nmse_plateau,full_mlp,12,6,compile,fp32,float32,64,4,ok,,519.200775,20,50,0.04579148,0.002521213622365229,0.041225,0.0453325,0.048964099999999997,0.0505558,0.053746989999999994,0.055388,1397639.9103064586,1397.6399103064587,45.332499999999996,0.7083203124999999,349409.97757661465,3600,3456,7128,sub-physical,0.03125,0.015625,Intel(R) Xeon(R) 6760P,AVX512,"avx2,avx512f,avx512bw,avx512vl,avx512_vnni,avx512_bf16,amx_bf16,amx_int8,amx_tile,fma",True,True,,256,128,sh14l07002s1404,3.11.9,2.1.2+cu121
20260423_060055,2026-04-23T11:15:47.017334,cpu,full_mlp_capacity_search_hd512_depth2,/home/liangyi/SRS_AI/Model_AIIC_refactor/experiments_refactored/20260422_050408_full_mlp_capacity_search_v2/full_mlp_capacity_search_hd512_depth2,full_mlp_capacity_search_v2,full_mlp_capacity_search_hd512_depth2,supervised_nmse_plateau,full_mlp,12,6,compile,fp32,float32,64,8,ok,,536.602847,20,50,0.03307582,0.0014287508206821794,0.030134,0.032850500000000005,0.0345328,0.03621395,0.03707616,0.037133,1934948.2492044037,1934.9482492044037,32.850500000000004,0.5132890625000001,241868.53115055047,3600,3456,7128,sub-physical,0.0625,0.03125,Intel(R) Xeon(R) 6760P,AVX512,"avx2,avx512f,avx512bw,avx512vl,avx512_vnni,avx512_bf16,amx_bf16,amx_int8,amx_tile,fma",True,True,,256,128,sh14l07002s1404,3.11.9,2.1.2+cu121
20260423_060055,2026-04-23T11:15:47.017334,cpu,full_mlp_capacity_search_hd512_depth2,/home/liangyi/SRS_AI/Model_AIIC_refactor/experiments_refactored/20260422_050408_full_mlp_capacity_search_v2/full_mlp_capacity_search_hd512_depth2,full_mlp_capacity_search_v2,full_mlp_capacity_search_hd512_depth2,supervised_nmse_plateau,full_mlp,12,6,compile,fp32,float32,64,128,ok,,806.074461,20,50,0.03467684,0.0016332484729519876,0.031798,0.0345515,0.0368957,0.03717695,0.03762401,0.037698,1845612.2299494417,1845.6122299494418,34.5515,0.5398671875,14418.845546480014,3600,3456,7128,all-physical,1.0,0.5,Intel(R) Xeon(R) 6760P,AVX512,"avx2,avx512f,avx512bw,avx512vl,avx512_vnni,avx512_bf16,amx_bf16,amx_int8,amx_tile,fma",True,True,,256,128,sh14l07002s1404,3.11.9,2.1.2+cu121
20260423_060055,2026-04-23T11:15:47.017334,cpu,full_mlp_capacity_search_hd512_depth2,/home/liangyi/SRS_AI/Model_AIIC_refactor/experiments_refactored/20260422_050408_full_mlp_capacity_search_v2/full_mlp_capacity_search_hd512_depth2,full_mlp_capacity_search_v2,full_mlp_capacity_search_hd512_depth2,supervised_nmse_plateau,full_mlp,12,6,compile,fp32,float32,128,1,ok,,499.882116,20,50,0.04250262,0.002593713206119751,0.039157,0.0424005,0.0447936,0.04531639999999999,0.05204615,0.053009,3011579.050891451,3011.579050891451,42.4005,0.33125390625,3011579.050891451,3600,3456,7128,single-thread,0.0078125,0.00390625,Intel(R) Xeon(R) 6760P,AVX512,"avx2,avx512f,avx512bw,avx512vl,avx512_vnni,avx512_bf16,amx_bf16,amx_int8,amx_tile,fma",True,True,,256,128,sh14l07002s1404,3.11.9,2.1.2+cu121
20260423_060055,2026-04-23T11:15:47.017334,cpu,full_mlp_capacity_search_hd512_depth2,/home/liangyi/SRS_AI/Model_AIIC_refactor/experiments_refactored/20260422_050408_full_mlp_capacity_search_v2/full_mlp_capacity_search_hd512_depth2,full_mlp_capacity_search_v2,full_mlp_capacity_search_hd512_depth2,supervised_nmse_plateau,full_mlp,12,6,compile,fp32,float32,128,2,ok,,508.403688,20,50,0.08415414,0.002560410310946276,0.078732,0.083847,0.0866433,0.08778005,0.09092122999999999,0.092868,1521018.4549447002,1521.0184549447001,83.84700000000001,0.6550546875000001,760509.2274723501,3600,3456,7128,sub-physical,0.015625,0.0078125,Intel(R) Xeon(R) 6760P,AVX512,"avx2,avx512f,avx512bw,avx512vl,avx512_vnni,avx512_bf16,amx_bf16,amx_int8,amx_tile,fma",True,True,,256,128,sh14l07002s1404,3.11.9,2.1.2+cu121
20260423_060055,2026-04-23T11:15:47.017334,cpu,full_mlp_capacity_search_hd512_depth2,/home/liangyi/SRS_AI/Model_AIIC_refactor/experiments_refactored/20260422_050408_full_mlp_capacity_search_v2/full_mlp_capacity_search_hd512_depth2,full_mlp_capacity_search_v2,full_mlp_capacity_search_hd512_depth2,supervised_nmse_plateau,full_mlp,12,6,compile,fp32,float32,128,4,ok,,510.174952,20,50,0.0904322,0.004805236431227915,0.081155,0.0901895,0.09600829999999999,0.0965691,0.10261042,0.104346,1415425.0366572968,1415.425036657297,90.18950000000001,0.7046054687500001,353856.2591643242,3600,3456,7128,sub-physical,0.03125,0.015625,Intel(R) Xeon(R) 6760P,AVX512,"avx2,avx512f,avx512bw,avx512vl,avx512_vnni,avx512_bf16,amx_bf16,amx_int8,amx_tile,fma",True,True,,256,128,sh14l07002s1404,3.11.9,2.1.2+cu121
20260423_060055,2026-04-23T11:15:47.017334,cpu,full_mlp_capacity_search_hd512_depth2,/home/liangyi/SRS_AI/Model_AIIC_refactor/experiments_refactored/20260422_050408_full_mlp_capacity_search_v2/full_mlp_capacity_search_hd512_depth2,full_mlp_capacity_search_v2,full_mlp_capacity_search_hd512_depth2,supervised_nmse_plateau,full_mlp,12,6,compile,fp32,float32,128,8,ok,,538.615843,20,50,0.05725816,0.002583666637629553,0.052931,0.056919,0.0598631,0.0606381,0.06580214,0.065907,2235489.229832045,2235.4892298320447,56.919,0.4446796875,279436.1537290056,3600,3456,7128,sub-physical,0.0625,0.03125,Intel(R) Xeon(R) 6760P,AVX512,"avx2,avx512f,avx512bw,avx512vl,avx512_vnni,avx512_bf16,amx_bf16,amx_int8,amx_tile,fma",True,True,,256,128,sh14l07002s1404,3.11.9,2.1.2+cu121
20260423_060055,2026-04-23T11:15:47.017334,cpu,full_mlp_capacity_search_hd512_depth2,/home/liangyi/SRS_AI/Model_AIIC_refactor/experiments_refactored/20260422_050408_full_mlp_capacity_search_v2/full_mlp_capacity_search_hd512_depth2,full_mlp_capacity_search_v2,full_mlp_capacity_search_hd512_depth2,supervised_nmse_plateau,full_mlp,12,6,compile,fp32,float32,128,128,ok,,712.48648,20,50,3.1640251,3.116654762072997,0.125203,2.4140080000000004,6.073207300000001,7.4001507499999954,9.122334919999997,10.008349,40454.79917336939,40.454799173369395,2414.0080000000003,18.859437500000002,316.0531185419484,3600,3456,7128,all-physical,1.0,0.5,Intel(R) Xeon(R) 6760P,AVX512,"avx2,avx512f,avx512bw,avx512vl,avx512_vnni,avx512_bf16,amx_bf16,amx_int8,amx_tile,fma",True,True,,256,128,sh14l07002s1404,3.11.9,2.1.2+cu121
20260423_060055,2026-04-23T11:15:47.017334,cpu,full_mlp_capacity_search_hd512_depth2,/home/liangyi/SRS_AI/Model_AIIC_refactor/experiments_refactored/20260422_050408_full_mlp_capacity_search_v2/full_mlp_capacity_search_hd512_depth2,full_mlp_capacity_search_v2,full_mlp_capacity_search_hd512_depth2,supervised_nmse_plateau,full_mlp,12,6,compile,bf16,bfloat16,1,1,ok,,541.237056,20,50,0.03275156,0.0013375322524709452,0.030612,0.032642000000000004,0.0342711,0.03508045,0.036515799999999994,0.037633,30532.896753620287,30.53289675362029,32.642,32.642,30532.896753620287,3600,3456,7128,single-thread,0.0078125,0.00390625,Intel(R) Xeon(R) 6760P,AVX512,"avx2,avx512f,avx512bw,avx512vl,avx512_vnni,avx512_bf16,amx_bf16,amx_int8,amx_tile,fma",True,True,,256,128,sh14l07002s1404,3.11.9,2.1.2+cu121
20260423_060055,2026-04-23T11:15:47.017334,cpu,full_mlp_capacity_search_hd512_depth2,/home/liangyi/SRS_AI/Model_AIIC_refactor/experiments_refactored/20260422_050408_full_mlp_capacity_search_v2/full_mlp_capacity_search_hd512_depth2,full_mlp_capacity_search_v2,full_mlp_capacity_search_hd512_depth2,supervised_nmse_plateau,full_mlp,12,6,compile,bf16,bfloat16,1,2,ok,,509.444063,20,50,0.03367196,0.0016652748597153569,0.030665,0.033530000000000004,0.0349387,0.03584255,0.039743469999999996,0.040918,29698.30090080886,29.69830090080886,33.53,33.53,14849.15045040443,3600,3456,7128,sub-physical,0.015625,0.0078125,Intel(R) Xeon(R) 6760P,AVX512,"avx2,avx512f,avx512bw,avx512vl,avx512_vnni,avx512_bf16,amx_bf16,amx_int8,amx_tile,fma",True,True,,256,128,sh14l07002s1404,3.11.9,2.1.2+cu121
20260423_060055,2026-04-23T11:15:47.017334,cpu,full_mlp_capacity_search_hd512_depth2,/home/liangyi/SRS_AI/Model_AIIC_refactor/experiments_refactored/20260422_050408_full_mlp_capacity_search_v2/full_mlp_capacity_search_hd512_depth2,full_mlp_capacity_search_v2,full_mlp_capacity_search_hd512_depth2,supervised_nmse_plateau,full_mlp,12,6,compile,bf16,bfloat16,1,4,ok,,510.457977,20,50,0.03763022,0.0018114272305560608,0.035479,0.03726,0.0393662,0.0406659,0.044060249999999995,0.045224,26574.386224688562,26.574386224688563,37.26,37.26,6643.5965561721405,3600,3456,7128,sub-physical,0.03125,0.015625,Intel(R) Xeon(R) 6760P,AVX512,"avx2,avx512f,avx512bw,avx512vl,avx512_vnni,avx512_bf16,amx_bf16,amx_int8,amx_tile,fma",True,True,,256,128,sh14l07002s1404,3.11.9,2.1.2+cu121
20260423_060055,2026-04-23T11:15:47.017334,cpu,full_mlp_capacity_search_hd512_depth2,/home/liangyi/SRS_AI/Model_AIIC_refactor/experiments_refactored/20260422_050408_full_mlp_capacity_search_v2/full_mlp_capacity_search_hd512_depth2,full_mlp_capacity_search_v2,full_mlp_capacity_search_hd512_depth2,supervised_nmse_plateau,full_mlp,12,6,compile,bf16,bfloat16,1,8,ok,,545.940577,20,50,0.03354034,0.0013204552034809813,0.030875,0.0332475,0.0352032,0.035699299999999996,0.03621935,0.036261,29814.843856681233,29.814843856681232,33.2475,33.2475,3726.855482085154,3600,3456,7128,sub-physical,0.0625,0.03125,Intel(R) Xeon(R) 6760P,AVX512,"avx2,avx512f,avx512bw,avx512vl,avx512_vnni,avx512_bf16,amx_bf16,amx_int8,amx_tile,fma",True,True,,256,128,sh14l07002s1404,3.11.9,2.1.2+cu121
20260423_060055,2026-04-23T11:15:47.017334,cpu,full_mlp_capacity_search_hd512_depth2,/home/liangyi/SRS_AI/Model_AIIC_refactor/experiments_refactored/20260422_050408_full_mlp_capacity_search_v2/full_mlp_capacity_search_hd512_depth2,full_mlp_capacity_search_v2,full_mlp_capacity_search_hd512_depth2,supervised_nmse_plateau,full_mlp,12,6,compile,bf16,bfloat16,1,128,ok,,716.369706,20,50,0.0364651,0.0020424282924989073,0.033675,0.036167000000000005,0.037599400000000005,0.04049084999999999,0.04396989,0.044332,27423.481630380833,27.423481630380834,36.167,36.167,214.24595023735026,3600,3456,7128,all-physical,1.0,0.5,Intel(R) Xeon(R) 6760P,AVX512,"avx2,avx512f,avx512bw,avx512vl,avx512_vnni,avx512_bf16,amx_bf16,amx_int8,amx_tile,fma",True,True,,256,128,sh14l07002s1404,3.11.9,2.1.2+cu121
20260423_060055,2026-04-23T11:15:47.017334,cpu,full_mlp_capacity_search_hd512_depth2,/home/liangyi/SRS_AI/Model_AIIC_refactor/experiments_refactored/20260422_050408_full_mlp_capacity_search_v2/full_mlp_capacity_search_hd512_depth2,full_mlp_capacity_search_v2,full_mlp_capacity_search_hd512_depth2,supervised_nmse_plateau,full_mlp,12,6,compile,bf16,bfloat16,2,1,ok,,496.868149,20,50,0.05862974,0.002253974647683509,0.053202,0.058193,0.0612107,0.063536,0.06469609999999999,0.064946,34112.380508595124,34.11238050859512,58.193000000000005,29.096500000000002,34112.380508595124,3600,3456,7128,single-thread,0.0078125,0.00390625,Intel(R) Xeon(R) 6760P,AVX512,"avx2,avx512f,avx512bw,avx512vl,avx512_vnni,avx512_bf16,amx_bf16,amx_int8,amx_tile,fma",True,True,,256,128,sh14l07002s1404,3.11.9,2.1.2+cu121
20260423_060055,2026-04-23T11:15:47.017334,cpu,full_mlp_capacity_search_hd512_depth2,/home/liangyi/SRS_AI/Model_AIIC_refactor/experiments_refactored/20260422_050408_full_mlp_capacity_search_v2/full_mlp_capacity_search_hd512_depth2,full_mlp_capacity_search_v2,full_mlp_capacity_search_hd512_depth2,supervised_nmse_plateau,full_mlp,12,6,compile,bf16,bfloat16,2,2,ok,,513.164053,20,50,0.06135714,0.0027188611440086457,0.057395,0.061108499999999996,0.0638576,0.06784965,0.0695456,0.069722,32596.04342705674,32.59604342705674,61.1085,30.55425,16298.02171352837,3600,3456,7128,sub-physical,0.015625,0.0078125,Intel(R) Xeon(R) 6760P,AVX512,"avx2,avx512f,avx512bw,avx512vl,avx512_vnni,avx512_bf16,amx_bf16,amx_int8,amx_tile,fma",True,True,,256,128,sh14l07002s1404,3.11.9,2.1.2+cu121
20260423_060055,2026-04-23T11:15:47.017334,cpu,full_mlp_capacity_search_hd512_depth2,/home/liangyi/SRS_AI/Model_AIIC_refactor/experiments_refactored/20260422_050408_full_mlp_capacity_search_v2/full_mlp_capacity_search_hd512_depth2,full_mlp_capacity_search_v2,full_mlp_capacity_search_hd512_depth2,supervised_nmse_plateau,full_mlp,12,6,compile,bf16,bfloat16,2,4,ok,,513.870302,20,50,0.06332882,0.0027468784297088947,0.059763,0.062359,0.0688051,0.06974335,0.07053703,0.071004,31581.197944316667,31.581197944316667,62.358999999999995,31.179499999999997,7895.299486079167,3600,3456,7128,sub-physical,0.03125,0.015625,Intel(R) Xeon(R) 6760P,AVX512,"avx2,avx512f,avx512bw,avx512vl,avx512_vnni,avx512_bf16,amx_bf16,amx_int8,amx_tile,fma",True,True,,256,128,sh14l07002s1404,3.11.9,2.1.2+cu121
20260423_060055,2026-04-23T11:15:47.017334,cpu,full_mlp_capacity_search_hd512_depth2,/home/liangyi/SRS_AI/Model_AIIC_refactor/experiments_refactored/20260422_050408_full_mlp_capacity_search_v2/full_mlp_capacity_search_hd512_depth2,full_mlp_capacity_search_v2,full_mlp_capacity_search_hd512_depth2,supervised_nmse_plateau,full_mlp,12,6,compile,bf16,bfloat16,2,8,ok,,538.674675,20,50,0.05424094,0.0035305703188578466,0.050067,0.0534455,0.057735299999999996,0.061753299999999976,0.06609309,0.067298,36872.517327317706,36.87251732731771,53.4455,26.72275,4609.064665914713,3600,3456,7128,sub-physical,0.0625,0.03125,Intel(R) Xeon(R) 6760P,AVX512,"avx2,avx512f,avx512bw,avx512vl,avx512_vnni,avx512_bf16,amx_bf16,amx_int8,amx_tile,fma",True,True,,256,128,sh14l07002s1404,3.11.9,2.1.2+cu121
20260423_060055,2026-04-23T11:15:47.017334,cpu,full_mlp_capacity_search_hd512_depth2,/home/liangyi/SRS_AI/Model_AIIC_refactor/experiments_refactored/20260422_050408_full_mlp_capacity_search_v2/full_mlp_capacity_search_hd512_depth2,full_mlp_capacity_search_v2,full_mlp_capacity_search_hd512_depth2,supervised_nmse_plateau,full_mlp,12,6,compile,bf16,bfloat16,2,128,ok,,742.788538,20,50,0.13164498,0.013551571958248975,0.115383,0.12754,0.1567637,0.16374895,0.17087869999999997,0.175372,15192.375736621329,15.192375736621328,127.53999999999999,63.769999999999996,118.69043544235413,3600,3456,7128,all-physical,1.0,0.5,Intel(R) Xeon(R) 6760P,AVX512,"avx2,avx512f,avx512bw,avx512vl,avx512_vnni,avx512_bf16,amx_bf16,amx_int8,amx_tile,fma",True,True,,256,128,sh14l07002s1404,3.11.9,2.1.2+cu121
20260423_060055,2026-04-23T11:15:47.017334,cpu,full_mlp_capacity_search_hd512_depth2,/home/liangyi/SRS_AI/Model_AIIC_refactor/experiments_refactored/20260422_050408_full_mlp_capacity_search_v2/full_mlp_capacity_search_hd512_depth2,full_mlp_capacity_search_v2,full_mlp_capacity_search_hd512_depth2,supervised_nmse_plateau,full_mlp,12,6,compile,bf16,bfloat16,4,1,ok,,500.785304,20,50,0.05002644,0.0024401427922152424,0.046184,0.0492345,0.0532801,0.053864449999999994,0.055357189999999994,0.056518,79957.71835853202,79.95771835853202,49.2345,12.308625,79957.71835853202,3600,3456,7128,single-thread,0.0078125,0.00390625,Intel(R) Xeon(R) 6760P,AVX512,"avx2,avx512f,avx512bw,avx512vl,avx512_vnni,avx512_bf16,amx_bf16,amx_int8,amx_tile,fma",True,True,,256,128,sh14l07002s1404,3.11.9,2.1.2+cu121
20260423_060055,2026-04-23T11:15:47.017334,cpu,full_mlp_capacity_search_hd512_depth2,/home/liangyi/SRS_AI/Model_AIIC_refactor/experiments_refactored/20260422_050408_full_mlp_capacity_search_v2/full_mlp_capacity_search_hd512_depth2,full_mlp_capacity_search_v2,full_mlp_capacity_search_hd512_depth2,supervised_nmse_plateau,full_mlp,12,6,compile,bf16,bfloat16,4,2,ok,,511.02367,20,50,0.06168976,0.0025164530399751158,0.058207,0.061121,0.06492540000000001,0.0667068,0.06931667,0.069864,64840.58294277689,64.84058294277689,61.121,15.28025,32420.291471388446,3600,3456,7128,sub-physical,0.015625,0.0078125,Intel(R) Xeon(R) 6760P,AVX512,"avx2,avx512f,avx512bw,avx512vl,avx512_vnni,avx512_bf16,amx_bf16,amx_int8,amx_tile,fma",True,True,,256,128,sh14l07002s1404,3.11.9,2.1.2+cu121
20260423_060055,2026-04-23T11:15:47.017334,cpu,full_mlp_capacity_search_hd512_depth2,/home/liangyi/SRS_AI/Model_AIIC_refactor/experiments_refactored/20260422_050408_full_mlp_capacity_search_v2/full_mlp_capacity_search_hd512_depth2,full_mlp_capacity_search_v2,full_mlp_capacity_search_hd512_depth2,supervised_nmse_plateau,full_mlp,12,6,compile,bf16,bfloat16,4,4,ok,,511.269846,20,50,0.054256,0.0033233155011223353,0.049085,0.053336,0.0594822,0.061202799999999995,0.06394912,0.065033,73724.56502506636,73.72456502506635,53.336,13.334,18431.14125626659,3600,3456,7128,sub-physical,0.03125,0.015625,Intel(R) Xeon(R) 6760P,AVX512,"avx2,avx512f,avx512bw,avx512vl,avx512_vnni,avx512_bf16,amx_bf16,amx_int8,amx_tile,fma",True,True,,256,128,sh14l07002s1404,3.11.9,2.1.2+cu121
20260423_060055,2026-04-23T11:15:47.017334,cpu,full_mlp_capacity_search_hd512_depth2,/home/liangyi/SRS_AI/Model_AIIC_refactor/experiments_refactored/20260422_050408_full_mlp_capacity_search_v2/full_mlp_capacity_search_hd512_depth2,full_mlp_capacity_search_v2,full_mlp_capacity_search_hd512_depth2,supervised_nmse_plateau,full_mlp,12,6,compile,bf16,bfloat16,4,8,ok,,539.470571,20,50,0.06007598,0.003345791311423952,0.056047,0.059498999999999996,0.065568,0.0677896,0.07016905,0.07147,66582.35121591025,66.58235121591025,59.498999999999995,14.874749999999999,8322.793901988782,3600,3456,7128,sub-physical,0.0625,0.03125,Intel(R) Xeon(R) 6760P,AVX512,"avx2,avx512f,avx512bw,avx512vl,avx512_vnni,avx512_bf16,amx_bf16,amx_int8,amx_tile,fma",True,True,,256,128,sh14l07002s1404,3.11.9,2.1.2+cu121
20260423_060055,2026-04-23T11:15:47.017334,cpu,full_mlp_capacity_search_hd512_depth2,/home/liangyi/SRS_AI/Model_AIIC_refactor/experiments_refactored/20260422_050408_full_mlp_capacity_search_v2/full_mlp_capacity_search_hd512_depth2,full_mlp_capacity_search_v2,full_mlp_capacity_search_hd512_depth2,supervised_nmse_plateau,full_mlp,12,6,compile,bf16,bfloat16,4,128,ok,,847.814261,20,50,0.14260896,0.0215230031723828,0.116623,0.1371075,0.1699632,0.17355974999999998,0.20265533,0.207939,28048.728495039864,28.048728495039864,137.1075,34.276875,219.13069136749894,3600,3456,7128,all-physical,1.0,0.5,Intel(R) Xeon(R) 6760P,AVX512,"avx2,avx512f,avx512bw,avx512vl,avx512_vnni,avx512_bf16,amx_bf16,amx_int8,amx_tile,fma",True,True,,256,128,sh14l07002s1404,3.11.9,2.1.2+cu121
20260423_060055,2026-04-23T11:15:47.017334,cpu,full_mlp_capacity_search_hd512_depth2,/home/liangyi/SRS_AI/Model_AIIC_refactor/experiments_refactored/20260422_050408_full_mlp_capacity_search_v2/full_mlp_capacity_search_hd512_depth2,full_mlp_capacity_search_v2,full_mlp_capacity_search_hd512_depth2,supervised_nmse_plateau,full_mlp,12,6,compile,bf16,bfloat16,8,1,ok,,497.559039,20,50,0.05424554,0.0020669713612916844,0.050878,0.0541075,0.0567114,0.05779705,0.05980335999999999,0.061585,147477.5622106444,147.47756221064438,54.1075,6.7634375,147477.5622106444,3600,3456,7128,single-thread,0.0078125,0.00390625,Intel(R) Xeon(R) 6760P,AVX512,"avx2,avx512f,avx512bw,avx512vl,avx512_vnni,avx512_bf16,amx_bf16,amx_int8,amx_tile,fma",True,True,,256,128,sh14l07002s1404,3.11.9,2.1.2+cu121
20260423_060055,2026-04-23T11:15:47.017334,cpu,full_mlp_capacity_search_hd512_depth2,/home/liangyi/SRS_AI/Model_AIIC_refactor/experiments_refactored/20260422_050408_full_mlp_capacity_search_v2/full_mlp_capacity_search_hd512_depth2,full_mlp_capacity_search_v2,full_mlp_capacity_search_hd512_depth2,supervised_nmse_plateau,full_mlp,12,6,compile,bf16,bfloat16,8,2,ok,,514.59129,20,50,0.05412878,0.0026050875170711635,0.050338,0.0535575,0.0579069,0.0594845,0.06089084,0.060981,147795.68281420716,147.79568281420717,53.5575,6.6946875,73897.84140710358,3600,3456,7128,sub-physical,0.015625,0.0078125,Intel(R) Xeon(R) 6760P,AVX512,"avx2,avx512f,avx512bw,avx512vl,avx512_vnni,avx512_bf16,amx_bf16,amx_int8,amx_tile,fma",True,True,,256,128,sh14l07002s1404,3.11.9,2.1.2+cu121
20260423_060055,2026-04-23T11:15:47.017334,cpu,full_mlp_capacity_search_hd512_depth2,/home/liangyi/SRS_AI/Model_AIIC_refactor/experiments_refactored/20260422_050408_full_mlp_capacity_search_v2/full_mlp_capacity_search_hd512_depth2,full_mlp_capacity_search_v2,full_mlp_capacity_search_hd512_depth2,supervised_nmse_plateau,full_mlp,12,6,compile,bf16,bfloat16,8,4,ok,,515.581161,20,50,0.0545714,0.0025435893064722536,0.050538,0.054666,0.0567638,0.05867454999999999,0.06272708,0.064005,146596.93539106566,146.59693539106567,54.666,6.83325,36649.233847766416,3600,3456,7128,sub-physical,0.03125,0.015625,Intel(R) Xeon(R) 6760P,AVX512,"avx2,avx512f,avx512bw,avx512vl,avx512_vnni,avx512_bf16,amx_bf16,amx_int8,amx_tile,fma",True,True,,256,128,sh14l07002s1404,3.11.9,2.1.2+cu121
20260423_060055,2026-04-23T11:15:47.017334,cpu,full_mlp_capacity_search_hd512_depth2,/home/liangyi/SRS_AI/Model_AIIC_refactor/experiments_refactored/20260422_050408_full_mlp_capacity_search_v2/full_mlp_capacity_search_hd512_depth2,full_mlp_capacity_search_v2,full_mlp_capacity_search_hd512_depth2,supervised_nmse_plateau,full_mlp,12,6,compile,bf16,bfloat16,8,8,ok,,534.301308,20,50,0.0594592,0.0034784184049651075,0.055012,0.0586685,0.063374,0.06692305,0.07067104999999999,0.073981,134546.04165545452,134.54604165545453,58.6685,7.3335625,16818.255206931815,3600,3456,7128,sub-physical,0.0625,0.03125,Intel(R) Xeon(R) 6760P,AVX512,"avx2,avx512f,avx512bw,avx512vl,avx512_vnni,avx512_bf16,amx_bf16,amx_int8,amx_tile,fma",True,True,,256,128,sh14l07002s1404,3.11.9,2.1.2+cu121
20260423_060055,2026-04-23T11:15:47.017334,cpu,full_mlp_capacity_search_hd512_depth2,/home/liangyi/SRS_AI/Model_AIIC_refactor/experiments_refactored/20260422_050408_full_mlp_capacity_search_v2/full_mlp_capacity_search_hd512_depth2,full_mlp_capacity_search_v2,full_mlp_capacity_search_hd512_depth2,supervised_nmse_plateau,full_mlp,12,6,compile,bf16,bfloat16,8,128,ok,,747.715852,20,50,0.18355924,0.017202709526769323,0.146944,0.184123,0.1943187,0.20479529999999999,0.24668521,0.246867,43582.66028994236,43.58266028994236,184.12300000000002,23.015375000000002,340.4895335151747,3600,3456,7128,all-physical,1.0,0.5,Intel(R) Xeon(R) 6760P,AVX512,"avx2,avx512f,avx512bw,avx512vl,avx512_vnni,avx512_bf16,amx_bf16,amx_int8,amx_tile,fma",True,True,,256,128,sh14l07002s1404,3.11.9,2.1.2+cu121
20260423_060055,2026-04-23T11:15:47.017334,cpu,full_mlp_capacity_search_hd512_depth2,/home/liangyi/SRS_AI/Model_AIIC_refactor/experiments_refactored/20260422_050408_full_mlp_capacity_search_v2/full_mlp_capacity_search_hd512_depth2,full_mlp_capacity_search_v2,full_mlp_capacity_search_hd512_depth2,supervised_nmse_plateau,full_mlp,12,6,compile,bf16,bfloat16,16,1,ok,,495.44694,20,50,0.055449319999999996,0.00240037764895443,0.051478,0.054970000000000005,0.0585522,0.059135,0.061939419999999995,0.062597,288551.78025627724,288.55178025627725,54.970000000000006,3.4356250000000004,288551.78025627724,3600,3456,7128,single-thread,0.0078125,0.00390625,Intel(R) Xeon(R) 6760P,AVX512,"avx2,avx512f,avx512bw,avx512vl,avx512_vnni,avx512_bf16,amx_bf16,amx_int8,amx_tile,fma",True,True,,256,128,sh14l07002s1404,3.11.9,2.1.2+cu121
20260423_060055,2026-04-23T11:15:47.017334,cpu,full_mlp_capacity_search_hd512_depth2,/home/liangyi/SRS_AI/Model_AIIC_refactor/experiments_refactored/20260422_050408_full_mlp_capacity_search_v2/full_mlp_capacity_search_hd512_depth2,full_mlp_capacity_search_v2,full_mlp_capacity_search_hd512_depth2,supervised_nmse_plateau,full_mlp,12,6,compile,bf16,bfloat16,16,2,ok,,512.702051,20,50,0.05502858,0.003154568262631196,0.049211,0.0548245,0.058756300000000004,0.060594749999999996,0.06328468999999999,0.06496,290758.00247798505,290.75800247798503,54.8245,3.42653125,145379.00123899253,3600,3456,7128,sub-physical,0.015625,0.0078125,Intel(R) Xeon(R) 6760P,AVX512,"avx2,avx512f,avx512bw,avx512vl,avx512_vnni,avx512_bf16,amx_bf16,amx_int8,amx_tile,fma",True,True,,256,128,sh14l07002s1404,3.11.9,2.1.2+cu121
20260423_060055,2026-04-23T11:15:47.017334,cpu,full_mlp_capacity_search_hd512_depth2,/home/liangyi/SRS_AI/Model_AIIC_refactor/experiments_refactored/20260422_050408_full_mlp_capacity_search_v2/full_mlp_capacity_search_hd512_depth2,full_mlp_capacity_search_v2,full_mlp_capacity_search_hd512_depth2,supervised_nmse_plateau,full_mlp,12,6,compile,bf16,bfloat16,16,4,ok,,513.275623,20,50,0.06086468,0.0030136018478890015,0.056298,0.060517,0.0654075,0.06712945,0.06814641,0.068583,262878.2407136618,262.87824071366185,60.517,3.7823125,65719.56017841546,3600,3456,7128,sub-physical,0.03125,0.015625,Intel(R) Xeon(R) 6760P,AVX512,"avx2,avx512f,avx512bw,avx512vl,avx512_vnni,avx512_bf16,amx_bf16,amx_int8,amx_tile,fma",True,True,,256,128,sh14l07002s1404,3.11.9,2.1.2+cu121
20260423_060055,2026-04-23T11:15:47.017334,cpu,full_mlp_capacity_search_hd512_depth2,/home/liangyi/SRS_AI/Model_AIIC_refactor/experiments_refactored/20260422_050408_full_mlp_capacity_search_v2/full_mlp_capacity_search_hd512_depth2,full_mlp_capacity_search_v2,full_mlp_capacity_search_hd512_depth2,supervised_nmse_plateau,full_mlp,12,6,compile,bf16,bfloat16,16,8,ok,,536.679233,20,50,0.0572403,0.0033182230621222565,0.052978,0.056393,0.0613565,0.06476695,0.06717788,0.068201,279523.34281965677,279.52334281965676,56.393,3.5245625,34940.417852457096,3600,3456,7128,sub-physical,0.0625,0.03125,Intel(R) Xeon(R) 6760P,AVX512,"avx2,avx512f,avx512bw,avx512vl,avx512_vnni,avx512_bf16,amx_bf16,amx_int8,amx_tile,fma",True,True,,256,128,sh14l07002s1404,3.11.9,2.1.2+cu121
20260423_060055,2026-04-23T11:15:47.017334,cpu,full_mlp_capacity_search_hd512_depth2,/home/liangyi/SRS_AI/Model_AIIC_refactor/experiments_refactored/20260422_050408_full_mlp_capacity_search_v2/full_mlp_capacity_search_hd512_depth2,full_mlp_capacity_search_v2,full_mlp_capacity_search_hd512_depth2,supervised_nmse_plateau,full_mlp,12,6,compile,bf16,bfloat16,16,128,ok,,681.85575,20,50,0.12804954,0.010537938238972557,0.114255,0.12593349999999998,0.1368037,0.141923,0.16658467999999996,0.176957,124951.63981065454,124.95163981065454,125.93349999999998,7.870843749999999,976.1846860207386,3600,3456,7128,all-physical,1.0,0.5,Intel(R) Xeon(R) 6760P,AVX512,"avx2,avx512f,avx512bw,avx512vl,avx512_vnni,avx512_bf16,amx_bf16,amx_int8,amx_tile,fma",True,True,,256,128,sh14l07002s1404,3.11.9,2.1.2+cu121
20260423_060055,2026-04-23T11:15:47.017334,cpu,full_mlp_capacity_search_hd512_depth2,/home/liangyi/SRS_AI/Model_AIIC_refactor/experiments_refactored/20260422_050408_full_mlp_capacity_search_v2/full_mlp_capacity_search_hd512_depth2,full_mlp_capacity_search_v2,full_mlp_capacity_search_hd512_depth2,supervised_nmse_plateau,full_mlp,12,6,compile,bf16,bfloat16,32,1,ok,,534.350325,20,50,0.052272439999999996,0.0027678753018154562,0.048024,0.051558,0.0561679,0.05702595,0.05832411,0.058942,612177.2773568635,612.1772773568634,51.558,1.6111875,612177.2773568635,3600,3456,7128,single-thread,0.0078125,0.00390625,Intel(R) Xeon(R) 6760P,AVX512,"avx2,avx512f,avx512bw,avx512vl,avx512_vnni,avx512_bf16,amx_bf16,amx_int8,amx_tile,fma",True,True,,256,128,sh14l07002s1404,3.11.9,2.1.2+cu121
20260423_060055,2026-04-23T11:15:47.017334,cpu,full_mlp_capacity_search_hd512_depth2,/home/liangyi/SRS_AI/Model_AIIC_refactor/experiments_refactored/20260422_050408_full_mlp_capacity_search_v2/full_mlp_capacity_search_hd512_depth2,full_mlp_capacity_search_v2,full_mlp_capacity_search_hd512_depth2,supervised_nmse_plateau,full_mlp,12,6,compile,bf16,bfloat16,32,2,ok,,508.410424,20,50,0.06729036,0.0038556190567015313,0.061445,0.066532,0.0726397,0.07498125,0.07862693999999999,0.079947,475551.02989492106,475.55102989492104,66.532,2.079125,237775.51494746053,3600,3456,7128,sub-physical,0.015625,0.0078125,Intel(R) Xeon(R) 6760P,AVX512,"avx2,avx512f,avx512bw,avx512vl,avx512_vnni,avx512_bf16,amx_bf16,amx_int8,amx_tile,fma",True,True,,256,128,sh14l07002s1404,3.11.9,2.1.2+cu121
20260423_060055,2026-04-23T11:15:47.017334,cpu,full_mlp_capacity_search_hd512_depth2,/home/liangyi/SRS_AI/Model_AIIC_refactor/experiments_refactored/20260422_050408_full_mlp_capacity_search_v2/full_mlp_capacity_search_hd512_depth2,full_mlp_capacity_search_v2,full_mlp_capacity_search_hd512_depth2,supervised_nmse_plateau,full_mlp,12,6,compile,bf16,bfloat16,32,4,ok,,512.412624,20,50,0.05998116,0.003221013625304929,0.055362,0.0596055,0.0644296,0.06563954999999999,0.06780139,0.068825,533500.85260105,533.50085260105,59.6055,1.862671875,133375.2131502625,3600,3456,7128,sub-physical,0.03125,0.015625,Intel(R) Xeon(R) 6760P,AVX512,"avx2,avx512f,avx512bw,avx512vl,avx512_vnni,avx512_bf16,amx_bf16,amx_int8,amx_tile,fma",True,True,,256,128,sh14l07002s1404,3.11.9,2.1.2+cu121
20260423_060055,2026-04-23T11:15:47.017334,cpu,full_mlp_capacity_search_hd512_depth2,/home/liangyi/SRS_AI/Model_AIIC_refactor/experiments_refactored/20260422_050408_full_mlp_capacity_search_v2/full_mlp_capacity_search_hd512_depth2,full_mlp_capacity_search_v2,full_mlp_capacity_search_hd512_depth2,supervised_nmse_plateau,full_mlp,12,6,compile,bf16,bfloat16,32,8,ok,,544.681631,20,50,0.06258172,0.003279307170973771,0.057682,0.061671500000000004,0.0670269,0.06843669999999999,0.07209768999999999,0.073185,511331.4239365745,511.3314239365745,61.6715,1.927234375,63916.42799207181,3600,3456,7128,sub-physical,0.0625,0.03125,Intel(R) Xeon(R) 6760P,AVX512,"avx2,avx512f,avx512bw,avx512vl,avx512_vnni,avx512_bf16,amx_bf16,amx_int8,amx_tile,fma",True,True,,256,128,sh14l07002s1404,3.11.9,2.1.2+cu121
20260423_060055,2026-04-23T11:15:47.017334,cpu,full_mlp_capacity_search_hd512_depth2,/home/liangyi/SRS_AI/Model_AIIC_refactor/experiments_refactored/20260422_050408_full_mlp_capacity_search_v2/full_mlp_capacity_search_hd512_depth2,full_mlp_capacity_search_v2,full_mlp_capacity_search_hd512_depth2,supervised_nmse_plateau,full_mlp,12,6,compile,bf16,bfloat16,32,128,ok,,760.19505,20,50,1.2217232,2.2086773804790414,0.120396,0.1338375,5.9954875,6.00011175,6.00255692,6.0027,26192.51234649551,26.192512346495512,133.8375,4.182421875,204.62900270699618,3600,3456,7128,all-physical,1.0,0.5,Intel(R) Xeon(R) 6760P,AVX512,"avx2,avx512f,avx512bw,avx512vl,avx512_vnni,avx512_bf16,amx_bf16,amx_int8,amx_tile,fma",True,True,,256,128,sh14l07002s1404,3.11.9,2.1.2+cu121
20260423_060055,2026-04-23T11:15:47.017334,cpu,full_mlp_capacity_search_hd512_depth2,/home/liangyi/SRS_AI/Model_AIIC_refactor/experiments_refactored/20260422_050408_full_mlp_capacity_search_v2/full_mlp_capacity_search_hd512_depth2,full_mlp_capacity_search_v2,full_mlp_capacity_search_hd512_depth2,supervised_nmse_plateau,full_mlp,12,6,compile,bf16,bfloat16,64,1,ok,,498.518033,20,50,0.05539756,0.002938714488751842,0.051479,0.05437,0.059378900000000005,0.05993655,0.06142565,0.062805,1155285.539651927,1155.2855396519271,54.370000000000005,0.8495312500000001,1155285.539651927,3600,3456,7128,single-thread,0.0078125,0.00390625,Intel(R) Xeon(R) 6760P,AVX512,"avx2,avx512f,avx512bw,avx512vl,avx512_vnni,avx512_bf16,amx_bf16,amx_int8,amx_tile,fma",True,True,,256,128,sh14l07002s1404,3.11.9,2.1.2+cu121
20260423_060055,2026-04-23T11:15:47.017334,cpu,full_mlp_capacity_search_hd512_depth2,/home/liangyi/SRS_AI/Model_AIIC_refactor/experiments_refactored/20260422_050408_full_mlp_capacity_search_v2/full_mlp_capacity_search_hd512_depth2,full_mlp_capacity_search_v2,full_mlp_capacity_search_hd512_depth2,supervised_nmse_plateau,full_mlp,12,6,compile,bf16,bfloat16,64,2,ok,,505.529622,20,50,0.07075068,0.0038755338648501065,0.062034,0.070862,0.07522920000000001,0.0767455,0.0804761,0.082637,904584.9453319743,904.5849453319743,70.862,1.10721875,452292.47266598715,3600,3456,7128,sub-physical,0.015625,0.0078125,Intel(R) Xeon(R) 6760P,AVX512,"avx2,avx512f,avx512bw,avx512vl,avx512_vnni,avx512_bf16,amx_bf16,amx_int8,amx_tile,fma",True,True,,256,128,sh14l07002s1404,3.11.9,2.1.2+cu121
20260423_060055,2026-04-23T11:15:47.017334,cpu,full_mlp_capacity_search_hd512_depth2,/home/liangyi/SRS_AI/Model_AIIC_refactor/experiments_refactored/20260422_050408_full_mlp_capacity_search_v2/full_mlp_capacity_search_hd512_depth2,full_mlp_capacity_search_v2,full_mlp_capacity_search_hd512_depth2,supervised_nmse_plateau,full_mlp,12,6,compile,bf16,bfloat16,64,4,ok,,514.068834,20,50,0.07813884,0.00318116927785995,0.069877,0.0779765,0.08113970000000001,0.08185314999999999,0.08720411999999998,0.090052,819054.9027858616,819.0549027858616,77.9765,1.2183828125,204763.7256964654,3600,3456,7128,sub-physical,0.03125,0.015625,Intel(R) Xeon(R) 6760P,AVX512,"avx2,avx512f,avx512bw,avx512vl,avx512_vnni,avx512_bf16,amx_bf16,amx_int8,amx_tile,fma",True,True,,256,128,sh14l07002s1404,3.11.9,2.1.2+cu121
20260423_060055,2026-04-23T11:15:47.017334,cpu,full_mlp_capacity_search_hd512_depth2,/home/liangyi/SRS_AI/Model_AIIC_refactor/experiments_refactored/20260422_050408_full_mlp_capacity_search_v2/full_mlp_capacity_search_hd512_depth2,full_mlp_capacity_search_v2,full_mlp_capacity_search_hd512_depth2,supervised_nmse_plateau,full_mlp,12,6,compile,bf16,bfloat16,64,8,ok,,541.137597,20,50,0.0723441,0.003772499968190854,0.067835,0.07106100000000001,0.07717,0.08037885,0.08239091999999999,0.082828,884660.9467807327,884.6609467807327,71.061,1.110328125,110582.61834759159,3600,3456,7128,sub-physical,0.0625,0.03125,Intel(R) Xeon(R) 6760P,AVX512,"avx2,avx512f,avx512bw,avx512vl,avx512_vnni,avx512_bf16,amx_bf16,amx_int8,amx_tile,fma",True,True,,256,128,sh14l07002s1404,3.11.9,2.1.2+cu121
20260423_060055,2026-04-23T11:15:47.017334,cpu,full_mlp_capacity_search_hd512_depth2,/home/liangyi/SRS_AI/Model_AIIC_refactor/experiments_refactored/20260422_050408_full_mlp_capacity_search_v2/full_mlp_capacity_search_hd512_depth2,full_mlp_capacity_search_v2,full_mlp_capacity_search_hd512_depth2,supervised_nmse_plateau,full_mlp,12,6,compile,bf16,bfloat16,64,128,ok,,845.435815,20,50,0.12292368,0.0080183756096606,0.10939,0.121991,0.1317507,0.13739624999999997,0.14571975,0.145977,520648.2591474646,520.6482591474646,121.991,1.906109375,4067.564524589567,3600,3456,7128,all-physical,1.0,0.5,Intel(R) Xeon(R) 6760P,AVX512,"avx2,avx512f,avx512bw,avx512vl,avx512_vnni,avx512_bf16,amx_bf16,amx_int8,amx_tile,fma",True,True,,256,128,sh14l07002s1404,3.11.9,2.1.2+cu121
20260423_060055,2026-04-23T11:15:47.017334,cpu,full_mlp_capacity_search_hd512_depth2,/home/liangyi/SRS_AI/Model_AIIC_refactor/experiments_refactored/20260422_050408_full_mlp_capacity_search_v2/full_mlp_capacity_search_hd512_depth2,full_mlp_capacity_search_v2,full_mlp_capacity_search_hd512_depth2,supervised_nmse_plateau,full_mlp,12,6,compile,bf16,bfloat16,128,1,ok,,499.22142,20,50,0.0677352,0.002831669401607468,0.062964,0.0675915,0.0709694,0.07189095,0.07501519,0.075931,1889711.7008586377,1889.7117008586376,67.5915,0.52805859375,1889711.7008586377,3600,3456,7128,single-thread,0.0078125,0.00390625,Intel(R) Xeon(R) 6760P,AVX512,"avx2,avx512f,avx512bw,avx512vl,avx512_vnni,avx512_bf16,amx_bf16,amx_int8,amx_tile,fma",True,True,,256,128,sh14l07002s1404,3.11.9,2.1.2+cu121
20260423_060055,2026-04-23T11:15:47.017334,cpu,full_mlp_capacity_search_hd512_depth2,/home/liangyi/SRS_AI/Model_AIIC_refactor/experiments_refactored/20260422_050408_full_mlp_capacity_search_v2/full_mlp_capacity_search_hd512_depth2,full_mlp_capacity_search_v2,full_mlp_capacity_search_hd512_depth2,supervised_nmse_plateau,full_mlp,12,6,compile,bf16,bfloat16,128,2,ok,,501.265773,20,50,0.08207758,0.0059452488664142565,0.069246,0.0817435,0.0885257,0.09355274999999999,0.09535848999999999,0.095603,1559500.1704484953,1559.5001704484953,81.7435,0.63862109375,779750.0852242477,3600,3456,7128,sub-physical,0.015625,0.0078125,Intel(R) Xeon(R) 6760P,AVX512,"avx2,avx512f,avx512bw,avx512vl,avx512_vnni,avx512_bf16,amx_bf16,amx_int8,amx_tile,fma",True,True,,256,128,sh14l07002s1404,3.11.9,2.1.2+cu121
20260423_060055,2026-04-23T11:15:47.017334,cpu,full_mlp_capacity_search_hd512_depth2,/home/liangyi/SRS_AI/Model_AIIC_refactor/experiments_refactored/20260422_050408_full_mlp_capacity_search_v2/full_mlp_capacity_search_hd512_depth2,full_mlp_capacity_search_v2,full_mlp_capacity_search_hd512_depth2,supervised_nmse_plateau,full_mlp,12,6,compile,bf16,bfloat16,128,4,ok,,508.594695,20,50,0.08911572,0.00618492028094138,0.078145,0.08829,0.0979148,0.10013725,0.10244763999999999,0.103459,1436334.689323051,1436.334689323051,88.28999999999999,0.6897656249999999,359083.6723307627,3600,3456,7128,sub-physical,0.03125,0.015625,Intel(R) Xeon(R) 6760P,AVX512,"avx2,avx512f,avx512bw,avx512vl,avx512_vnni,avx512_bf16,amx_bf16,amx_int8,amx_tile,fma",True,True,,256,128,sh14l07002s1404,3.11.9,2.1.2+cu121
20260423_060055,2026-04-23T11:15:47.017334,cpu,full_mlp_capacity_search_hd512_depth2,/home/liangyi/SRS_AI/Model_AIIC_refactor/experiments_refactored/20260422_050408_full_mlp_capacity_search_v2/full_mlp_capacity_search_hd512_depth2,full_mlp_capacity_search_v2,full_mlp_capacity_search_hd512_depth2,supervised_nmse_plateau,full_mlp,12,6,compile,bf16,bfloat16,128,8,ok,,539.372171,20,50,0.08212742,0.008799551877431032,0.070509,0.0835125,0.09383670000000001,0.09598005,0.09917532,0.100857,1558553.769252705,1558.553769252705,83.5125,0.65244140625,194819.22115658812,3600,3456,7128,sub-physical,0.0625,0.03125,Intel(R) Xeon(R) 6760P,AVX512,"avx2,avx512f,avx512bw,avx512vl,avx512_vnni,avx512_bf16,amx_bf16,amx_int8,amx_tile,fma",True,True,,256,128,sh14l07002s1404,3.11.9,2.1.2+cu121
20260423_060055,2026-04-23T11:15:47.017334,cpu,full_mlp_capacity_search_hd512_depth2,/home/liangyi/SRS_AI/Model_AIIC_refactor/experiments_refactored/20260422_050408_full_mlp_capacity_search_v2/full_mlp_capacity_search_hd512_depth2,full_mlp_capacity_search_v2,full_mlp_capacity_search_hd512_depth2,supervised_nmse_plateau,full_mlp,12,6,compile,bf16,bfloat16,128,128,ok,,714.300917,20,50,0.16528272,0.012802400125039054,0.152173,0.161387,0.17693240000000002,0.1945563499999999,0.20971795999999998,0.210549,774430.6240845989,774.4306240845989,161.387,1.2608359375,6050.2392506609285,3600,3456,7128,all-physical,1.0,0.5,Intel(R) Xeon(R) 6760P,AVX512,"avx2,avx512f,avx512bw,avx512vl,avx512_vnni,avx512_bf16,amx_bf16,amx_int8,amx_tile,fma",True,True,,256,128,sh14l07002s1404,3.11.9,2.1.2+cu121
