benchmark_id,timestamp,device,runtime_backend,run_name,run_dir,experiment_name,model_label,training_label,model_type,seq_len,num_ports,execution_mode,requested_precision_profile,effective_execution_dtype,batch_size,num_threads,status,skip_reason,graph_prep_time_ms,warmup_iters,measure_iters,mean_latency_ms,std_latency_ms,min_latency_ms,p50_latency_ms,p90_latency_ms,p95_latency_ms,p99_latency_ms,max_latency_ms,throughput_samples_per_sec,samples_per_ms,p50_latency_us,latency_per_sample_us,throughput_per_thread,trainable_parameters,macs_per_sample,flops_per_sample_estimate,thread_group,threads_per_physical_core_ratio,threads_per_logical_cpu_ratio,cpu_model_name,cpu_capability,cpu_flag_summary,mkldnn_available,mkldnn_enabled,onednn_version,onnxruntime_version,onnxruntime_providers,openvino_version,openvino_device,logical_cpu_count,physical_cpu_count,hostname,python_version,pytorch_version
20260428_010731,2026-04-28T07:06:32.003248,cpu,pytorch,separator1_grid_search_6ports_masked_hd16_depth3_stages2_share0,/home/liangyi/SRS_AI/Model_AIIC_refactor/experiments_refactored/20260427_072855_default_6port_separator1_masked_v2/separator1_grid_search_6ports_masked_hd16_depth3_stages2_share0,default_6port_separator1_masked_v2,separator1_grid_search_6ports_masked_hd16_depth3_stages2_share0,supervised_nmse_plateau,separator1,12,6,eager,fp32,float32,1,1,ok,,0.0,20,50,0.53616886,0.02513868848847131,0.522776,0.5286105,0.5466818,0.6006611499999999,0.63307705,0.633937,1865.08407071608,1.86508407071608,528.6105,528.6105,1865.08407071608,21024,19968,41496,single-thread,0.0078125,0.00390625,Intel(R) Xeon(R) 6760P,AVX512,"avx2,avx512f,avx512bw,avx512vl,avx512_vnni,avx512_bf16,amx_bf16,amx_int8,amx_tile,fma",True,True,,,,,,256,128,sh14l07002s1404,3.11.9,2.1.2+cu121
20260428_010731,2026-04-28T07:06:32.003248,cpu,pytorch,separator1_grid_search_6ports_masked_hd16_depth3_stages2_share0,/home/liangyi/SRS_AI/Model_AIIC_refactor/experiments_refactored/20260427_072855_default_6port_separator1_masked_v2/separator1_grid_search_6ports_masked_hd16_depth3_stages2_share0,default_6port_separator1_masked_v2,separator1_grid_search_6ports_masked_hd16_depth3_stages2_share0,supervised_nmse_plateau,separator1,12,6,eager,fp32,float32,1,2,ok,,0.0,20,50,0.56102116,0.03331757932224968,0.538256,0.5459620000000001,0.6337562,0.6401357,0.6474309,0.648651,1782.4639626783419,1.7824639626783418,545.9620000000001,545.9620000000001,891.2319813391709,21024,19968,41496,sub-physical,0.015625,0.0078125,Intel(R) Xeon(R) 6760P,AVX512,"avx2,avx512f,avx512bw,avx512vl,avx512_vnni,avx512_bf16,amx_bf16,amx_int8,amx_tile,fma",True,True,,,,,,256,128,sh14l07002s1404,3.11.9,2.1.2+cu121
20260428_010731,2026-04-28T07:06:32.003248,cpu,pytorch,separator1_grid_search_6ports_masked_hd16_depth3_stages2_share0,/home/liangyi/SRS_AI/Model_AIIC_refactor/experiments_refactored/20260427_072855_default_6port_separator1_masked_v2/separator1_grid_search_6ports_masked_hd16_depth3_stages2_share0,default_6port_separator1_masked_v2,separator1_grid_search_6ports_masked_hd16_depth3_stages2_share0,supervised_nmse_plateau,separator1,12,6,eager,fp32,float32,1,4,ok,,0.0,20,50,0.53636916,0.016436489637827168,0.526862,0.533631,0.5387174,0.5492695,0.6108966699999999,0.633543,1864.3875796289258,1.8643875796289258,533.631,533.631,466.09689490723144,21024,19968,41496,sub-physical,0.03125,0.015625,Intel(R) Xeon(R) 6760P,AVX512,"avx2,avx512f,avx512bw,avx512vl,avx512_vnni,avx512_bf16,amx_bf16,amx_int8,amx_tile,fma",True,True,,,,,,256,128,sh14l07002s1404,3.11.9,2.1.2+cu121
20260428_010731,2026-04-28T07:06:32.003248,cpu,pytorch,separator1_grid_search_6ports_masked_hd16_depth3_stages2_share0,/home/liangyi/SRS_AI/Model_AIIC_refactor/experiments_refactored/20260427_072855_default_6port_separator1_masked_v2/separator1_grid_search_6ports_masked_hd16_depth3_stages2_share0,default_6port_separator1_masked_v2,separator1_grid_search_6ports_masked_hd16_depth3_stages2_share0,supervised_nmse_plateau,separator1,12,6,eager,fp32,float32,1,8,ok,,0.0,20,50,0.5473889,0.030227979767261985,0.530638,0.535839,0.5953573,0.6328367,0.63922791,0.641943,1826.8547279639758,1.8268547279639757,535.8389999999999,535.8389999999999,228.35684099549698,21024,19968,41496,sub-physical,0.0625,0.03125,Intel(R) Xeon(R) 6760P,AVX512,"avx2,avx512f,avx512bw,avx512vl,avx512_vnni,avx512_bf16,amx_bf16,amx_int8,amx_tile,fma",True,True,,,,,,256,128,sh14l07002s1404,3.11.9,2.1.2+cu121
20260428_010731,2026-04-28T07:06:32.003248,cpu,pytorch,separator1_grid_search_6ports_masked_hd16_depth3_stages2_share0,/home/liangyi/SRS_AI/Model_AIIC_refactor/experiments_refactored/20260427_072855_default_6port_separator1_masked_v2/separator1_grid_search_6ports_masked_hd16_depth3_stages2_share0,default_6port_separator1_masked_v2,separator1_grid_search_6ports_masked_hd16_depth3_stages2_share0,supervised_nmse_plateau,separator1,12,6,eager,fp32,float32,2,1,ok,,0.0,20,50,0.57681218,0.027227594836628517,0.561074,0.5662985,0.5967626000000001,0.6547864,0.66211467,0.664377,3467.3331620701906,3.4673331620701906,566.2985,283.14925,3467.3331620701906,21024,19968,41496,single-thread,0.0078125,0.00390625,Intel(R) Xeon(R) 6760P,AVX512,"avx2,avx512f,avx512bw,avx512vl,avx512_vnni,avx512_bf16,amx_bf16,amx_int8,amx_tile,fma",True,True,,,,,,256,128,sh14l07002s1404,3.11.9,2.1.2+cu121
20260428_010731,2026-04-28T07:06:32.003248,cpu,pytorch,separator1_grid_search_6ports_masked_hd16_depth3_stages2_share0,/home/liangyi/SRS_AI/Model_AIIC_refactor/experiments_refactored/20260427_072855_default_6port_separator1_masked_v2/separator1_grid_search_6ports_masked_hd16_depth3_stages2_share0,default_6port_separator1_masked_v2,separator1_grid_search_6ports_masked_hd16_depth3_stages2_share0,supervised_nmse_plateau,separator1,12,6,eager,fp32,float32,2,2,ok,,0.0,20,50,0.57426472,0.004163194009603685,0.567833,0.5738175,0.5786802,0.5817045,0.58703644,0.590537,3482.7143830113755,3.4827143830113756,573.8175,286.90875,1741.3571915056878,21024,19968,41496,sub-physical,0.015625,0.0078125,Intel(R) Xeon(R) 6760P,AVX512,"avx2,avx512f,avx512bw,avx512vl,avx512_vnni,avx512_bf16,amx_bf16,amx_int8,amx_tile,fma",True,True,,,,,,256,128,sh14l07002s1404,3.11.9,2.1.2+cu121
20260428_010731,2026-04-28T07:06:32.003248,cpu,pytorch,separator1_grid_search_6ports_masked_hd16_depth3_stages2_share0,/home/liangyi/SRS_AI/Model_AIIC_refactor/experiments_refactored/20260427_072855_default_6port_separator1_masked_v2/separator1_grid_search_6ports_masked_hd16_depth3_stages2_share0,default_6port_separator1_masked_v2,separator1_grid_search_6ports_masked_hd16_depth3_stages2_share0,supervised_nmse_plateau,separator1,12,6,eager,fp32,float32,2,4,ok,,0.0,20,50,0.59369538,0.027731858349479572,0.573554,0.5839025,0.6628461,0.66744865,0.6719879999999999,0.67238,3368.7309475104894,3.3687309475104894,583.9025,291.95125,842.1827368776223,21024,19968,41496,sub-physical,0.03125,0.015625,Intel(R) Xeon(R) 6760P,AVX512,"avx2,avx512f,avx512bw,avx512vl,avx512_vnni,avx512_bf16,amx_bf16,amx_int8,amx_tile,fma",True,True,,,,,,256,128,sh14l07002s1404,3.11.9,2.1.2+cu121
20260428_010731,2026-04-28T07:06:32.003248,cpu,pytorch,separator1_grid_search_6ports_masked_hd16_depth3_stages2_share0,/home/liangyi/SRS_AI/Model_AIIC_refactor/experiments_refactored/20260427_072855_default_6port_separator1_masked_v2/separator1_grid_search_6ports_masked_hd16_depth3_stages2_share0,default_6port_separator1_masked_v2,separator1_grid_search_6ports_masked_hd16_depth3_stages2_share0,supervised_nmse_plateau,separator1,12,6,eager,fp32,float32,2,8,ok,,0.0,20,50,0.57802794,0.021295249614324788,0.565539,0.572274,0.5797344000000001,0.6267799999999999,0.66377293,0.664921,3460.040357218719,3.460040357218719,572.274,286.137,432.50504465233985,21024,19968,41496,sub-physical,0.0625,0.03125,Intel(R) Xeon(R) 6760P,AVX512,"avx2,avx512f,avx512bw,avx512vl,avx512_vnni,avx512_bf16,amx_bf16,amx_int8,amx_tile,fma",True,True,,,,,,256,128,sh14l07002s1404,3.11.9,2.1.2+cu121
20260428_010731,2026-04-28T07:06:32.003248,cpu,pytorch,separator1_grid_search_6ports_masked_hd16_depth3_stages2_share0,/home/liangyi/SRS_AI/Model_AIIC_refactor/experiments_refactored/20260427_072855_default_6port_separator1_masked_v2/separator1_grid_search_6ports_masked_hd16_depth3_stages2_share0,default_6port_separator1_masked_v2,separator1_grid_search_6ports_masked_hd16_depth3_stages2_share0,supervised_nmse_plateau,separator1,12,6,eager,fp32,float32,4,1,ok,,0.0,20,50,0.5977993,0.02698070092288189,0.581103,0.5884054999999999,0.6123814000000001,0.6755742499999999,0.68039115,0.684539,6691.208905731405,6.691208905731405,588.4055,147.101375,6691.208905731405,21024,19968,41496,single-thread,0.0078125,0.00390625,Intel(R) Xeon(R) 6760P,AVX512,"avx2,avx512f,avx512bw,avx512vl,avx512_vnni,avx512_bf16,amx_bf16,amx_int8,amx_tile,fma",True,True,,,,,,256,128,sh14l07002s1404,3.11.9,2.1.2+cu121
20260428_010731,2026-04-28T07:06:32.003248,cpu,pytorch,separator1_grid_search_6ports_masked_hd16_depth3_stages2_share0,/home/liangyi/SRS_AI/Model_AIIC_refactor/experiments_refactored/20260427_072855_default_6port_separator1_masked_v2/separator1_grid_search_6ports_masked_hd16_depth3_stages2_share0,default_6port_separator1_masked_v2,separator1_grid_search_6ports_masked_hd16_depth3_stages2_share0,supervised_nmse_plateau,separator1,12,6,eager,fp32,float32,4,2,ok,,0.0,20,50,0.5833082,0.027713534139116938,0.564721,0.5729470000000001,0.6323205000000001,0.6574064000000001,0.66540641,0.670253,6857.4383147708195,6.857438314770819,572.9470000000001,143.23675000000003,3428.7191573854097,21024,19968,41496,sub-physical,0.015625,0.0078125,Intel(R) Xeon(R) 6760P,AVX512,"avx2,avx512f,avx512bw,avx512vl,avx512_vnni,avx512_bf16,amx_bf16,amx_int8,amx_tile,fma",True,True,,,,,,256,128,sh14l07002s1404,3.11.9,2.1.2+cu121
20260428_010731,2026-04-28T07:06:32.003248,cpu,pytorch,separator1_grid_search_6ports_masked_hd16_depth3_stages2_share0,/home/liangyi/SRS_AI/Model_AIIC_refactor/experiments_refactored/20260427_072855_default_6port_separator1_masked_v2/separator1_grid_search_6ports_masked_hd16_depth3_stages2_share0,default_6port_separator1_masked_v2,separator1_grid_search_6ports_masked_hd16_depth3_stages2_share0,supervised_nmse_plateau,separator1,12,6,eager,fp32,float32,4,4,ok,,0.0,20,50,0.58622854,0.030926347208947907,0.565684,0.572917,0.6570564,0.6654579,0.67252697,0.673236,6823.277488332451,6.823277488332451,572.917,143.22925,1705.8193720831127,21024,19968,41496,sub-physical,0.03125,0.015625,Intel(R) Xeon(R) 6760P,AVX512,"avx2,avx512f,avx512bw,avx512vl,avx512_vnni,avx512_bf16,amx_bf16,amx_int8,amx_tile,fma",True,True,,,,,,256,128,sh14l07002s1404,3.11.9,2.1.2+cu121
20260428_010731,2026-04-28T07:06:32.003248,cpu,pytorch,separator1_grid_search_6ports_masked_hd16_depth3_stages2_share0,/home/liangyi/SRS_AI/Model_AIIC_refactor/experiments_refactored/20260427_072855_default_6port_separator1_masked_v2/separator1_grid_search_6ports_masked_hd16_depth3_stages2_share0,default_6port_separator1_masked_v2,separator1_grid_search_6ports_masked_hd16_depth3_stages2_share0,supervised_nmse_plateau,separator1,12,6,eager,fp32,float32,4,8,ok,,0.0,20,50,0.59520128,0.023297514791960103,0.582487,0.5867255,0.607162,0.6557353499999999,0.68057369,0.681906,6720.415655020096,6.720415655020096,586.7255,146.681375,840.051956877512,21024,19968,41496,sub-physical,0.0625,0.03125,Intel(R) Xeon(R) 6760P,AVX512,"avx2,avx512f,avx512bw,avx512vl,avx512_vnni,avx512_bf16,amx_bf16,amx_int8,amx_tile,fma",True,True,,,,,,256,128,sh14l07002s1404,3.11.9,2.1.2+cu121
20260428_010731,2026-04-28T07:06:32.003248,cpu,pytorch,separator1_grid_search_6ports_masked_hd16_depth3_stages2_share0,/home/liangyi/SRS_AI/Model_AIIC_refactor/experiments_refactored/20260427_072855_default_6port_separator1_masked_v2/separator1_grid_search_6ports_masked_hd16_depth3_stages2_share0,default_6port_separator1_masked_v2,separator1_grid_search_6ports_masked_hd16_depth3_stages2_share0,supervised_nmse_plateau,separator1,12,6,eager,fp32,float32,8,1,ok,,0.0,20,50,0.58966738,0.02950295912608767,0.571302,0.578651,0.6291112000000001,0.67289615,0.67958218,0.681159,13566.970586027668,13.566970586027669,578.6510000000001,72.33137500000001,13566.970586027668,21024,19968,41496,single-thread,0.0078125,0.00390625,Intel(R) Xeon(R) 6760P,AVX512,"avx2,avx512f,avx512bw,avx512vl,avx512_vnni,avx512_bf16,amx_bf16,amx_int8,amx_tile,fma",True,True,,,,,,256,128,sh14l07002s1404,3.11.9,2.1.2+cu121
20260428_010731,2026-04-28T07:06:32.003248,cpu,pytorch,separator1_grid_search_6ports_masked_hd16_depth3_stages2_share0,/home/liangyi/SRS_AI/Model_AIIC_refactor/experiments_refactored/20260427_072855_default_6port_separator1_masked_v2/separator1_grid_search_6ports_masked_hd16_depth3_stages2_share0,default_6port_separator1_masked_v2,separator1_grid_search_6ports_masked_hd16_depth3_stages2_share0,supervised_nmse_plateau,separator1,12,6,eager,fp32,float32,8,2,ok,,0.0,20,50,0.58158846,0.02207532303474629,0.570014,0.575319,0.5852084,0.6328208499999999,0.67107726,0.673883,13755.431117047956,13.755431117047955,575.3190000000001,71.91487500000001,6877.715558523978,21024,19968,41496,sub-physical,0.015625,0.0078125,Intel(R) Xeon(R) 6760P,AVX512,"avx2,avx512f,avx512bw,avx512vl,avx512_vnni,avx512_bf16,amx_bf16,amx_int8,amx_tile,fma",True,True,,,,,,256,128,sh14l07002s1404,3.11.9,2.1.2+cu121
20260428_010731,2026-04-28T07:06:32.003248,cpu,pytorch,separator1_grid_search_6ports_masked_hd16_depth3_stages2_share0,/home/liangyi/SRS_AI/Model_AIIC_refactor/experiments_refactored/20260427_072855_default_6port_separator1_masked_v2/separator1_grid_search_6ports_masked_hd16_depth3_stages2_share0,default_6port_separator1_masked_v2,separator1_grid_search_6ports_masked_hd16_depth3_stages2_share0,supervised_nmse_plateau,separator1,12,6,eager,fp32,float32,8,4,ok,,0.0,20,50,0.60027314,0.028644519866117504,0.57764,0.5887575,0.6492717,0.67500325,0.68110238,0.681709,13327.266317463413,13.327266317463412,588.7575,73.5946875,3331.816579365853,21024,19968,41496,sub-physical,0.03125,0.015625,Intel(R) Xeon(R) 6760P,AVX512,"avx2,avx512f,avx512bw,avx512vl,avx512_vnni,avx512_bf16,amx_bf16,amx_int8,amx_tile,fma",True,True,,,,,,256,128,sh14l07002s1404,3.11.9,2.1.2+cu121
20260428_010731,2026-04-28T07:06:32.003248,cpu,pytorch,separator1_grid_search_6ports_masked_hd16_depth3_stages2_share0,/home/liangyi/SRS_AI/Model_AIIC_refactor/experiments_refactored/20260427_072855_default_6port_separator1_masked_v2/separator1_grid_search_6ports_masked_hd16_depth3_stages2_share0,default_6port_separator1_masked_v2,separator1_grid_search_6ports_masked_hd16_depth3_stages2_share0,supervised_nmse_plateau,separator1,12,6,eager,fp32,float32,8,8,ok,,0.0,20,50,0.58240756,0.028062539374162122,0.564203,0.572065,0.6338720999999999,0.65888715,0.6684127599999999,0.672125,13736.085431308618,13.736085431308618,572.065,71.508125,1717.0106789135773,21024,19968,41496,sub-physical,0.0625,0.03125,Intel(R) Xeon(R) 6760P,AVX512,"avx2,avx512f,avx512bw,avx512vl,avx512_vnni,avx512_bf16,amx_bf16,amx_int8,amx_tile,fma",True,True,,,,,,256,128,sh14l07002s1404,3.11.9,2.1.2+cu121
20260428_010731,2026-04-28T07:06:32.003248,cpu,pytorch,separator1_grid_search_6ports_masked_hd16_depth3_stages2_share0,/home/liangyi/SRS_AI/Model_AIIC_refactor/experiments_refactored/20260427_072855_default_6port_separator1_masked_v2/separator1_grid_search_6ports_masked_hd16_depth3_stages2_share0,default_6port_separator1_masked_v2,separator1_grid_search_6ports_masked_hd16_depth3_stages2_share0,supervised_nmse_plateau,separator1,12,6,eager,fp32,float32,16,1,ok,,0.0,20,50,0.58684186,0.02384658312044725,0.574482,0.5803305000000001,0.5915619000000001,0.6381900499999998,0.6830915399999999,0.683167,27264.585385916398,27.264585385916398,580.3305,36.27065625,27264.585385916398,21024,19968,41496,single-thread,0.0078125,0.00390625,Intel(R) Xeon(R) 6760P,AVX512,"avx2,avx512f,avx512bw,avx512vl,avx512_vnni,avx512_bf16,amx_bf16,amx_int8,amx_tile,fma",True,True,,,,,,256,128,sh14l07002s1404,3.11.9,2.1.2+cu121
20260428_010731,2026-04-28T07:06:32.003248,cpu,pytorch,separator1_grid_search_6ports_masked_hd16_depth3_stages2_share0,/home/liangyi/SRS_AI/Model_AIIC_refactor/experiments_refactored/20260427_072855_default_6port_separator1_masked_v2/separator1_grid_search_6ports_masked_hd16_depth3_stages2_share0,default_6port_separator1_masked_v2,separator1_grid_search_6ports_masked_hd16_depth3_stages2_share0,supervised_nmse_plateau,separator1,12,6,eager,fp32,float32,16,2,ok,,0.0,20,50,0.58971504,0.022340313681736886,0.577458,0.5838760000000001,0.5921757999999999,0.6258277999999999,0.68848776,0.689848,27131.748242337522,27.131748242337522,583.8760000000001,36.492250000000006,13565.874121168761,21024,19968,41496,sub-physical,0.015625,0.0078125,Intel(R) Xeon(R) 6760P,AVX512,"avx2,avx512f,avx512bw,avx512vl,avx512_vnni,avx512_bf16,amx_bf16,amx_int8,amx_tile,fma",True,True,,,,,,256,128,sh14l07002s1404,3.11.9,2.1.2+cu121
20260428_010731,2026-04-28T07:06:32.003248,cpu,pytorch,separator1_grid_search_6ports_masked_hd16_depth3_stages2_share0,/home/liangyi/SRS_AI/Model_AIIC_refactor/experiments_refactored/20260427_072855_default_6port_separator1_masked_v2/separator1_grid_search_6ports_masked_hd16_depth3_stages2_share0,default_6port_separator1_masked_v2,separator1_grid_search_6ports_masked_hd16_depth3_stages2_share0,supervised_nmse_plateau,separator1,12,6,eager,fp32,float32,16,4,ok,,0.0,20,50,0.59194456,0.019058229646176483,0.579473,0.5883575,0.5935425,0.60899105,0.68139905,0.683582,27029.558308636202,27.0295583086362,588.3575,36.77234375,6757.3895771590505,21024,19968,41496,sub-physical,0.03125,0.015625,Intel(R) Xeon(R) 6760P,AVX512,"avx2,avx512f,avx512bw,avx512vl,avx512_vnni,avx512_bf16,amx_bf16,amx_int8,amx_tile,fma",True,True,,,,,,256,128,sh14l07002s1404,3.11.9,2.1.2+cu121
20260428_010731,2026-04-28T07:06:32.003248,cpu,pytorch,separator1_grid_search_6ports_masked_hd16_depth3_stages2_share0,/home/liangyi/SRS_AI/Model_AIIC_refactor/experiments_refactored/20260427_072855_default_6port_separator1_masked_v2/separator1_grid_search_6ports_masked_hd16_depth3_stages2_share0,default_6port_separator1_masked_v2,separator1_grid_search_6ports_masked_hd16_depth3_stages2_share0,supervised_nmse_plateau,separator1,12,6,eager,fp32,float32,16,8,ok,,0.0,20,50,0.60706392,0.030696916187682444,0.588092,0.59711,0.6303007,0.69013215,0.70919946,0.724755,26356.367876384422,26.35636787638442,597.11,37.319375,3294.5459845480527,21024,19968,41496,sub-physical,0.0625,0.03125,Intel(R) Xeon(R) 6760P,AVX512,"avx2,avx512f,avx512bw,avx512vl,avx512_vnni,avx512_bf16,amx_bf16,amx_int8,amx_tile,fma",True,True,,,,,,256,128,sh14l07002s1404,3.11.9,2.1.2+cu121
20260428_010731,2026-04-28T07:06:32.003248,cpu,pytorch,separator1_grid_search_6ports_masked_hd16_depth3_stages2_share0,/home/liangyi/SRS_AI/Model_AIIC_refactor/experiments_refactored/20260427_072855_default_6port_separator1_masked_v2/separator1_grid_search_6ports_masked_hd16_depth3_stages2_share0,default_6port_separator1_masked_v2,separator1_grid_search_6ports_masked_hd16_depth3_stages2_share0,supervised_nmse_plateau,separator1,12,6,eager,fp32,float32,32,1,ok,,0.0,20,50,0.63575582,0.006961411097442815,0.625742,0.634681,0.6487198000000001,0.6496779500000001,0.6525954599999999,0.654627,50333.7901019923,50.3337901019923,634.681,19.83378125,50333.7901019923,21024,19968,41496,single-thread,0.0078125,0.00390625,Intel(R) Xeon(R) 6760P,AVX512,"avx2,avx512f,avx512bw,avx512vl,avx512_vnni,avx512_bf16,amx_bf16,amx_int8,amx_tile,fma",True,True,,,,,,256,128,sh14l07002s1404,3.11.9,2.1.2+cu121
20260428_010731,2026-04-28T07:06:32.003248,cpu,pytorch,separator1_grid_search_6ports_masked_hd16_depth3_stages2_share0,/home/liangyi/SRS_AI/Model_AIIC_refactor/experiments_refactored/20260427_072855_default_6port_separator1_masked_v2/separator1_grid_search_6ports_masked_hd16_depth3_stages2_share0,default_6port_separator1_masked_v2,separator1_grid_search_6ports_masked_hd16_depth3_stages2_share0,supervised_nmse_plateau,separator1,12,6,eager,fp32,float32,32,2,ok,,0.0,20,50,0.62087598,0.015410055702027818,0.606944,0.6176254999999999,0.6333118,0.63787155,0.6866655,0.692864,51540.0837378183,51.5400837378183,617.6255,19.300796875,25770.04186890915,21024,19968,41496,sub-physical,0.015625,0.0078125,Intel(R) Xeon(R) 6760P,AVX512,"avx2,avx512f,avx512bw,avx512vl,avx512_vnni,avx512_bf16,amx_bf16,amx_int8,amx_tile,fma",True,True,,,,,,256,128,sh14l07002s1404,3.11.9,2.1.2+cu121
20260428_010731,2026-04-28T07:06:32.003248,cpu,pytorch,separator1_grid_search_6ports_masked_hd16_depth3_stages2_share0,/home/liangyi/SRS_AI/Model_AIIC_refactor/experiments_refactored/20260427_072855_default_6port_separator1_masked_v2/separator1_grid_search_6ports_masked_hd16_depth3_stages2_share0,default_6port_separator1_masked_v2,separator1_grid_search_6ports_masked_hd16_depth3_stages2_share0,supervised_nmse_plateau,separator1,12,6,eager,fp32,float32,32,4,ok,,0.0,20,50,0.62291288,0.031084055722920074,0.60448,0.614088,0.6336980000000001,0.6857953999999999,0.7515234699999999,0.780971,51371.54974223682,51.37154974223682,614.088,19.19025,12842.887435559205,21024,19968,41496,sub-physical,0.03125,0.015625,Intel(R) Xeon(R) 6760P,AVX512,"avx2,avx512f,avx512bw,avx512vl,avx512_vnni,avx512_bf16,amx_bf16,amx_int8,amx_tile,fma",True,True,,,,,,256,128,sh14l07002s1404,3.11.9,2.1.2+cu121
20260428_010731,2026-04-28T07:06:32.003248,cpu,pytorch,separator1_grid_search_6ports_masked_hd16_depth3_stages2_share0,/home/liangyi/SRS_AI/Model_AIIC_refactor/experiments_refactored/20260427_072855_default_6port_separator1_masked_v2/separator1_grid_search_6ports_masked_hd16_depth3_stages2_share0,default_6port_separator1_masked_v2,separator1_grid_search_6ports_masked_hd16_depth3_stages2_share0,supervised_nmse_plateau,separator1,12,6,eager,fp32,float32,32,8,ok,,0.0,20,50,0.61804714,0.021036036753162415,0.603962,0.6125864999999999,0.6251377,0.65457875,0.7099150999999999,0.715653,51775.98589000832,51.77598589000832,612.5864999999999,19.143328124999996,6471.99823625104,21024,19968,41496,sub-physical,0.0625,0.03125,Intel(R) Xeon(R) 6760P,AVX512,"avx2,avx512f,avx512bw,avx512vl,avx512_vnni,avx512_bf16,amx_bf16,amx_int8,amx_tile,fma",True,True,,,,,,256,128,sh14l07002s1404,3.11.9,2.1.2+cu121
20260428_010731,2026-04-28T07:06:32.003248,cpu,pytorch,separator1_grid_search_6ports_masked_hd16_depth3_stages2_share0,/home/liangyi/SRS_AI/Model_AIIC_refactor/experiments_refactored/20260427_072855_default_6port_separator1_masked_v2/separator1_grid_search_6ports_masked_hd16_depth3_stages2_share0,default_6port_separator1_masked_v2,separator1_grid_search_6ports_masked_hd16_depth3_stages2_share0,supervised_nmse_plateau,separator1,12,6,eager,fp32,float32,64,1,ok,,0.0,20,50,0.66043312,0.007560217199631237,0.648399,0.6590625,0.6714847,0.67488055,0.67919743,0.681448,96906.10307369201,96.90610307369201,659.0625,10.2978515625,96906.10307369201,21024,19968,41496,single-thread,0.0078125,0.00390625,Intel(R) Xeon(R) 6760P,AVX512,"avx2,avx512f,avx512bw,avx512vl,avx512_vnni,avx512_bf16,amx_bf16,amx_int8,amx_tile,fma",True,True,,,,,,256,128,sh14l07002s1404,3.11.9,2.1.2+cu121
20260428_010731,2026-04-28T07:06:32.003248,cpu,pytorch,separator1_grid_search_6ports_masked_hd16_depth3_stages2_share0,/home/liangyi/SRS_AI/Model_AIIC_refactor/experiments_refactored/20260427_072855_default_6port_separator1_masked_v2/separator1_grid_search_6ports_masked_hd16_depth3_stages2_share0,default_6port_separator1_masked_v2,separator1_grid_search_6ports_masked_hd16_depth3_stages2_share0,supervised_nmse_plateau,separator1,12,6,eager,fp32,float32,64,2,ok,,0.0,20,50,0.65448384,0.007759142757702041,0.641727,0.652937,0.6665854999999999,0.66813995,0.66879496,0.66894,97786.98279242462,97.78698279242462,652.937,10.202140625,48893.49139621231,21024,19968,41496,sub-physical,0.015625,0.0078125,Intel(R) Xeon(R) 6760P,AVX512,"avx2,avx512f,avx512bw,avx512vl,avx512_vnni,avx512_bf16,amx_bf16,amx_int8,amx_tile,fma",True,True,,,,,,256,128,sh14l07002s1404,3.11.9,2.1.2+cu121
20260428_010731,2026-04-28T07:06:32.003248,cpu,pytorch,separator1_grid_search_6ports_masked_hd16_depth3_stages2_share0,/home/liangyi/SRS_AI/Model_AIIC_refactor/experiments_refactored/20260427_072855_default_6port_separator1_masked_v2/separator1_grid_search_6ports_masked_hd16_depth3_stages2_share0,default_6port_separator1_masked_v2,separator1_grid_search_6ports_masked_hd16_depth3_stages2_share0,supervised_nmse_plateau,separator1,12,6,eager,fp32,float32,64,4,ok,,0.0,20,50,0.66781956,0.011756948471708134,0.653744,0.663685,0.6832052000000001,0.68424275,0.70995771,0.727902,95834.26996358119,95.83426996358119,663.685,10.370078125,23958.567490895297,21024,19968,41496,sub-physical,0.03125,0.015625,Intel(R) Xeon(R) 6760P,AVX512,"avx2,avx512f,avx512bw,avx512vl,avx512_vnni,avx512_bf16,amx_bf16,amx_int8,amx_tile,fma",True,True,,,,,,256,128,sh14l07002s1404,3.11.9,2.1.2+cu121
20260428_010731,2026-04-28T07:06:32.003248,cpu,pytorch,separator1_grid_search_6ports_masked_hd16_depth3_stages2_share0,/home/liangyi/SRS_AI/Model_AIIC_refactor/experiments_refactored/20260427_072855_default_6port_separator1_masked_v2/separator1_grid_search_6ports_masked_hd16_depth3_stages2_share0,default_6port_separator1_masked_v2,separator1_grid_search_6ports_masked_hd16_depth3_stages2_share0,supervised_nmse_plateau,separator1,12,6,eager,fp32,float32,64,8,ok,,0.0,20,50,0.66982136,0.011596747217664101,0.660847,0.666886,0.6804055999999999,0.68462285,0.7134628599999999,0.737662,95547.863687118,95.54786368711801,666.886,10.42009375,11943.48296088975,21024,19968,41496,sub-physical,0.0625,0.03125,Intel(R) Xeon(R) 6760P,AVX512,"avx2,avx512f,avx512bw,avx512vl,avx512_vnni,avx512_bf16,amx_bf16,amx_int8,amx_tile,fma",True,True,,,,,,256,128,sh14l07002s1404,3.11.9,2.1.2+cu121
20260428_010731,2026-04-28T07:06:32.003248,cpu,pytorch,separator1_grid_search_6ports_masked_hd16_depth3_stages2_share0,/home/liangyi/SRS_AI/Model_AIIC_refactor/experiments_refactored/20260427_072855_default_6port_separator1_masked_v2/separator1_grid_search_6ports_masked_hd16_depth3_stages2_share0,default_6port_separator1_masked_v2,separator1_grid_search_6ports_masked_hd16_depth3_stages2_share0,supervised_nmse_plateau,separator1,12,6,eager,fp32,float32,128,1,ok,,0.0,20,50,0.7672441799999999,0.009767793207659541,0.750509,0.764135,0.7831654,0.78661185,0.7917219,0.792893,166830.85168531354,166.83085168531355,764.135,5.9698046875,166830.85168531354,21024,19968,41496,single-thread,0.0078125,0.00390625,Intel(R) Xeon(R) 6760P,AVX512,"avx2,avx512f,avx512bw,avx512vl,avx512_vnni,avx512_bf16,amx_bf16,amx_int8,amx_tile,fma",True,True,,,,,,256,128,sh14l07002s1404,3.11.9,2.1.2+cu121
20260428_010731,2026-04-28T07:06:32.003248,cpu,pytorch,separator1_grid_search_6ports_masked_hd16_depth3_stages2_share0,/home/liangyi/SRS_AI/Model_AIIC_refactor/experiments_refactored/20260427_072855_default_6port_separator1_masked_v2/separator1_grid_search_6ports_masked_hd16_depth3_stages2_share0,default_6port_separator1_masked_v2,separator1_grid_search_6ports_masked_hd16_depth3_stages2_share0,supervised_nmse_plateau,separator1,12,6,eager,fp32,float32,128,2,ok,,0.0,20,50,0.76015618,0.02405669317316077,0.741025,0.7530645,0.7786576,0.8110683999999999,0.85371764,0.855121,168386.44921626503,168.38644921626502,753.0645000000001,5.8833164062500005,84193.22460813251,21024,19968,41496,sub-physical,0.015625,0.0078125,Intel(R) Xeon(R) 6760P,AVX512,"avx2,avx512f,avx512bw,avx512vl,avx512_vnni,avx512_bf16,amx_bf16,amx_int8,amx_tile,fma",True,True,,,,,,256,128,sh14l07002s1404,3.11.9,2.1.2+cu121
20260428_010731,2026-04-28T07:06:32.003248,cpu,pytorch,separator1_grid_search_6ports_masked_hd16_depth3_stages2_share0,/home/liangyi/SRS_AI/Model_AIIC_refactor/experiments_refactored/20260427_072855_default_6port_separator1_masked_v2/separator1_grid_search_6ports_masked_hd16_depth3_stages2_share0,default_6port_separator1_masked_v2,separator1_grid_search_6ports_masked_hd16_depth3_stages2_share0,supervised_nmse_plateau,separator1,12,6,eager,fp32,float32,128,4,ok,,0.0,20,50,0.78375096,0.011556478283560271,0.760937,0.782558,0.7920667,0.8072306499999999,0.8214099499999999,0.825499,163317.1843260007,163.3171843260007,782.558,6.113734375,40829.29608150017,21024,19968,41496,sub-physical,0.03125,0.015625,Intel(R) Xeon(R) 6760P,AVX512,"avx2,avx512f,avx512bw,avx512vl,avx512_vnni,avx512_bf16,amx_bf16,amx_int8,amx_tile,fma",True,True,,,,,,256,128,sh14l07002s1404,3.11.9,2.1.2+cu121
20260428_010731,2026-04-28T07:06:32.003248,cpu,pytorch,separator1_grid_search_6ports_masked_hd16_depth3_stages2_share0,/home/liangyi/SRS_AI/Model_AIIC_refactor/experiments_refactored/20260427_072855_default_6port_separator1_masked_v2/separator1_grid_search_6ports_masked_hd16_depth3_stages2_share0,default_6port_separator1_masked_v2,separator1_grid_search_6ports_masked_hd16_depth3_stages2_share0,supervised_nmse_plateau,separator1,12,6,eager,fp32,float32,128,8,ok,,0.0,20,50,0.75610088,0.009801855490956801,0.738047,0.7545010000000001,0.7704997,0.77605355,0.77895455,0.779153,169289.57945400092,169.28957945400091,754.5010000000001,5.894539062500001,21161.197431750115,21024,19968,41496,sub-physical,0.0625,0.03125,Intel(R) Xeon(R) 6760P,AVX512,"avx2,avx512f,avx512bw,avx512vl,avx512_vnni,avx512_bf16,amx_bf16,amx_int8,amx_tile,fma",True,True,,,,,,256,128,sh14l07002s1404,3.11.9,2.1.2+cu121
20260428_010731,2026-04-28T07:06:32.003248,cpu,pytorch,separator1_grid_search_6ports_masked_hd16_depth3_stages2_share0,/home/liangyi/SRS_AI/Model_AIIC_refactor/experiments_refactored/20260427_072855_default_6port_separator1_masked_v2/separator1_grid_search_6ports_masked_hd16_depth3_stages2_share0,default_6port_separator1_masked_v2,separator1_grid_search_6ports_masked_hd16_depth3_stages2_share0,supervised_nmse_plateau,separator1,12,6,eager,bf16,bfloat16,1,1,ok,,0.0,20,50,0.50498256,0.0033960330102046988,0.498844,0.5052385,0.5086277,0.5109300999999999,0.51248797,0.513197,1980.2664076161363,1.9802664076161363,505.23850000000004,505.23850000000004,1980.2664076161363,21024,19968,41496,single-thread,0.0078125,0.00390625,Intel(R) Xeon(R) 6760P,AVX512,"avx2,avx512f,avx512bw,avx512vl,avx512_vnni,avx512_bf16,amx_bf16,amx_int8,amx_tile,fma",True,True,,,,,,256,128,sh14l07002s1404,3.11.9,2.1.2+cu121
20260428_010731,2026-04-28T07:06:32.003248,cpu,pytorch,separator1_grid_search_6ports_masked_hd16_depth3_stages2_share0,/home/liangyi/SRS_AI/Model_AIIC_refactor/experiments_refactored/20260427_072855_default_6port_separator1_masked_v2/separator1_grid_search_6ports_masked_hd16_depth3_stages2_share0,default_6port_separator1_masked_v2,separator1_grid_search_6ports_masked_hd16_depth3_stages2_share0,supervised_nmse_plateau,separator1,12,6,eager,bf16,bfloat16,1,2,ok,,0.0,20,50,0.51090088,0.0033699136050646737,0.504281,0.5107675,0.5160588,0.51711255,0.5182447699999999,0.518797,1957.326830206282,1.957326830206282,510.76750000000004,510.76750000000004,978.663415103141,21024,19968,41496,sub-physical,0.015625,0.0078125,Intel(R) Xeon(R) 6760P,AVX512,"avx2,avx512f,avx512bw,avx512vl,avx512_vnni,avx512_bf16,amx_bf16,amx_int8,amx_tile,fma",True,True,,,,,,256,128,sh14l07002s1404,3.11.9,2.1.2+cu121
20260428_010731,2026-04-28T07:06:32.003248,cpu,pytorch,separator1_grid_search_6ports_masked_hd16_depth3_stages2_share0,/home/liangyi/SRS_AI/Model_AIIC_refactor/experiments_refactored/20260427_072855_default_6port_separator1_masked_v2/separator1_grid_search_6ports_masked_hd16_depth3_stages2_share0,default_6port_separator1_masked_v2,separator1_grid_search_6ports_masked_hd16_depth3_stages2_share0,supervised_nmse_plateau,separator1,12,6,eager,bf16,bfloat16,1,4,ok,,0.0,20,50,0.51276628,0.0039553812157110705,0.504192,0.5117835,0.5183654,0.5191928,0.52111548,0.521825,1950.2062421109283,1.9502062421109283,511.78349999999995,511.78349999999995,487.5515605277321,21024,19968,41496,sub-physical,0.03125,0.015625,Intel(R) Xeon(R) 6760P,AVX512,"avx2,avx512f,avx512bw,avx512vl,avx512_vnni,avx512_bf16,amx_bf16,amx_int8,amx_tile,fma",True,True,,,,,,256,128,sh14l07002s1404,3.11.9,2.1.2+cu121
20260428_010731,2026-04-28T07:06:32.003248,cpu,pytorch,separator1_grid_search_6ports_masked_hd16_depth3_stages2_share0,/home/liangyi/SRS_AI/Model_AIIC_refactor/experiments_refactored/20260427_072855_default_6port_separator1_masked_v2/separator1_grid_search_6ports_masked_hd16_depth3_stages2_share0,default_6port_separator1_masked_v2,separator1_grid_search_6ports_masked_hd16_depth3_stages2_share0,supervised_nmse_plateau,separator1,12,6,eager,bf16,bfloat16,1,8,ok,,0.0,20,50,0.50844602,0.0038272571300606464,0.501749,0.5077395,0.5137807999999999,0.51433185,0.5171527,0.519343,1966.7771221810326,1.9667771221810326,507.7395,507.7395,245.84714027262908,21024,19968,41496,sub-physical,0.0625,0.03125,Intel(R) Xeon(R) 6760P,AVX512,"avx2,avx512f,avx512bw,avx512vl,avx512_vnni,avx512_bf16,amx_bf16,amx_int8,amx_tile,fma",True,True,,,,,,256,128,sh14l07002s1404,3.11.9,2.1.2+cu121
20260428_010731,2026-04-28T07:06:32.003248,cpu,pytorch,separator1_grid_search_6ports_masked_hd16_depth3_stages2_share0,/home/liangyi/SRS_AI/Model_AIIC_refactor/experiments_refactored/20260427_072855_default_6port_separator1_masked_v2/separator1_grid_search_6ports_masked_hd16_depth3_stages2_share0,default_6port_separator1_masked_v2,separator1_grid_search_6ports_masked_hd16_depth3_stages2_share0,supervised_nmse_plateau,separator1,12,6,eager,bf16,bfloat16,2,1,ok,,0.0,20,50,0.5409864,0.004519881715266446,0.531417,0.540619,0.5469157,0.5492045,0.55070515,0.550884,3696.950607261107,3.696950607261107,540.6189999999999,270.30949999999996,3696.950607261107,21024,19968,41496,single-thread,0.0078125,0.00390625,Intel(R) Xeon(R) 6760P,AVX512,"avx2,avx512f,avx512bw,avx512vl,avx512_vnni,avx512_bf16,amx_bf16,amx_int8,amx_tile,fma",True,True,,,,,,256,128,sh14l07002s1404,3.11.9,2.1.2+cu121
20260428_010731,2026-04-28T07:06:32.003248,cpu,pytorch,separator1_grid_search_6ports_masked_hd16_depth3_stages2_share0,/home/liangyi/SRS_AI/Model_AIIC_refactor/experiments_refactored/20260427_072855_default_6port_separator1_masked_v2/separator1_grid_search_6ports_masked_hd16_depth3_stages2_share0,default_6port_separator1_masked_v2,separator1_grid_search_6ports_masked_hd16_depth3_stages2_share0,supervised_nmse_plateau,separator1,12,6,eager,bf16,bfloat16,2,2,ok,,0.0,20,50,0.54546562,0.0034160435002499566,0.535891,0.5455265,0.5494989,0.5500855499999999,0.5529763200000001,0.55456,3666.5922226225734,3.6665922226225733,545.5265,272.76325,1833.2961113112867,21024,19968,41496,sub-physical,0.015625,0.0078125,Intel(R) Xeon(R) 6760P,AVX512,"avx2,avx512f,avx512bw,avx512vl,avx512_vnni,avx512_bf16,amx_bf16,amx_int8,amx_tile,fma",True,True,,,,,,256,128,sh14l07002s1404,3.11.9,2.1.2+cu121
20260428_010731,2026-04-28T07:06:32.003248,cpu,pytorch,separator1_grid_search_6ports_masked_hd16_depth3_stages2_share0,/home/liangyi/SRS_AI/Model_AIIC_refactor/experiments_refactored/20260427_072855_default_6port_separator1_masked_v2/separator1_grid_search_6ports_masked_hd16_depth3_stages2_share0,default_6port_separator1_masked_v2,separator1_grid_search_6ports_masked_hd16_depth3_stages2_share0,supervised_nmse_plateau,separator1,12,6,eager,bf16,bfloat16,2,4,ok,,0.0,20,50,0.53244942,0.004426441388248576,0.525292,0.5315995,0.5384462,0.53908745,0.5463445299999999,0.548943,3756.2253331030015,3.7562253331030013,531.5995,265.79975,939.0563332757504,21024,19968,41496,sub-physical,0.03125,0.015625,Intel(R) Xeon(R) 6760P,AVX512,"avx2,avx512f,avx512bw,avx512vl,avx512_vnni,avx512_bf16,amx_bf16,amx_int8,amx_tile,fma",True,True,,,,,,256,128,sh14l07002s1404,3.11.9,2.1.2+cu121
20260428_010731,2026-04-28T07:06:32.003248,cpu,pytorch,separator1_grid_search_6ports_masked_hd16_depth3_stages2_share0,/home/liangyi/SRS_AI/Model_AIIC_refactor/experiments_refactored/20260427_072855_default_6port_separator1_masked_v2/separator1_grid_search_6ports_masked_hd16_depth3_stages2_share0,default_6port_separator1_masked_v2,separator1_grid_search_6ports_masked_hd16_depth3_stages2_share0,supervised_nmse_plateau,separator1,12,6,eager,bf16,bfloat16,2,8,ok,,0.0,20,50,0.5499709,0.01032909279123777,0.541533,0.5491275,0.5531079,0.5560551499999999,0.5876131399999999,0.617118,3636.5560432379234,3.6365560432379236,549.1274999999999,274.56374999999997,454.5695054047404,21024,19968,41496,sub-physical,0.0625,0.03125,Intel(R) Xeon(R) 6760P,AVX512,"avx2,avx512f,avx512bw,avx512vl,avx512_vnni,avx512_bf16,amx_bf16,amx_int8,amx_tile,fma",True,True,,,,,,256,128,sh14l07002s1404,3.11.9,2.1.2+cu121
20260428_010731,2026-04-28T07:06:32.003248,cpu,pytorch,separator1_grid_search_6ports_masked_hd16_depth3_stages2_share0,/home/liangyi/SRS_AI/Model_AIIC_refactor/experiments_refactored/20260427_072855_default_6port_separator1_masked_v2/separator1_grid_search_6ports_masked_hd16_depth3_stages2_share0,default_6port_separator1_masked_v2,separator1_grid_search_6ports_masked_hd16_depth3_stages2_share0,supervised_nmse_plateau,separator1,12,6,eager,bf16,bfloat16,4,1,ok,,0.0,20,50,0.5675331,0.003217410239618183,0.561405,0.567159,0.5721857,0.57363855,0.57569713,0.57661,7048.0470654486935,7.048047065448693,567.159,141.78975,7048.0470654486935,21024,19968,41496,single-thread,0.0078125,0.00390625,Intel(R) Xeon(R) 6760P,AVX512,"avx2,avx512f,avx512bw,avx512vl,avx512_vnni,avx512_bf16,amx_bf16,amx_int8,amx_tile,fma",True,True,,,,,,256,128,sh14l07002s1404,3.11.9,2.1.2+cu121
20260428_010731,2026-04-28T07:06:32.003248,cpu,pytorch,separator1_grid_search_6ports_masked_hd16_depth3_stages2_share0,/home/liangyi/SRS_AI/Model_AIIC_refactor/experiments_refactored/20260427_072855_default_6port_separator1_masked_v2/separator1_grid_search_6ports_masked_hd16_depth3_stages2_share0,default_6port_separator1_masked_v2,separator1_grid_search_6ports_masked_hd16_depth3_stages2_share0,supervised_nmse_plateau,separator1,12,6,eager,bf16,bfloat16,4,2,ok,,0.0,20,50,0.56212142,0.003325831908500487,0.555328,0.5624885,0.5661566,0.56730305,0.56848985,0.568997,7115.900333419068,7.115900333419068,562.4884999999999,140.62212499999998,3557.950166709534,21024,19968,41496,sub-physical,0.015625,0.0078125,Intel(R) Xeon(R) 6760P,AVX512,"avx2,avx512f,avx512bw,avx512vl,avx512_vnni,avx512_bf16,amx_bf16,amx_int8,amx_tile,fma",True,True,,,,,,256,128,sh14l07002s1404,3.11.9,2.1.2+cu121
20260428_010731,2026-04-28T07:06:32.003248,cpu,pytorch,separator1_grid_search_6ports_masked_hd16_depth3_stages2_share0,/home/liangyi/SRS_AI/Model_AIIC_refactor/experiments_refactored/20260427_072855_default_6port_separator1_masked_v2/separator1_grid_search_6ports_masked_hd16_depth3_stages2_share0,default_6port_separator1_masked_v2,separator1_grid_search_6ports_masked_hd16_depth3_stages2_share0,supervised_nmse_plateau,separator1,12,6,eager,bf16,bfloat16,4,4,ok,,0.0,20,50,0.56817042,0.003721785002334233,0.560887,0.5680855,0.5728905000000001,0.5736333,0.57519716,0.575303,7040.141230865204,7.0401412308652045,568.0855,142.021375,1760.035307716301,21024,19968,41496,sub-physical,0.03125,0.015625,Intel(R) Xeon(R) 6760P,AVX512,"avx2,avx512f,avx512bw,avx512vl,avx512_vnni,avx512_bf16,amx_bf16,amx_int8,amx_tile,fma",True,True,,,,,,256,128,sh14l07002s1404,3.11.9,2.1.2+cu121
20260428_010731,2026-04-28T07:06:32.003248,cpu,pytorch,separator1_grid_search_6ports_masked_hd16_depth3_stages2_share0,/home/liangyi/SRS_AI/Model_AIIC_refactor/experiments_refactored/20260427_072855_default_6port_separator1_masked_v2/separator1_grid_search_6ports_masked_hd16_depth3_stages2_share0,default_6port_separator1_masked_v2,separator1_grid_search_6ports_masked_hd16_depth3_stages2_share0,supervised_nmse_plateau,separator1,12,6,eager,bf16,bfloat16,4,8,ok,,0.0,20,50,0.56874532,0.027239808197885684,0.558068,0.5627085000000001,0.568477,0.57593185,0.7002757399999999,0.714914,7033.024904714821,7.033024904714821,562.7085000000001,140.67712500000002,879.1281130893526,21024,19968,41496,sub-physical,0.0625,0.03125,Intel(R) Xeon(R) 6760P,AVX512,"avx2,avx512f,avx512bw,avx512vl,avx512_vnni,avx512_bf16,amx_bf16,amx_int8,amx_tile,fma",True,True,,,,,,256,128,sh14l07002s1404,3.11.9,2.1.2+cu121
20260428_010731,2026-04-28T07:06:32.003248,cpu,pytorch,separator1_grid_search_6ports_masked_hd16_depth3_stages2_share0,/home/liangyi/SRS_AI/Model_AIIC_refactor/experiments_refactored/20260427_072855_default_6port_separator1_masked_v2/separator1_grid_search_6ports_masked_hd16_depth3_stages2_share0,default_6port_separator1_masked_v2,separator1_grid_search_6ports_masked_hd16_depth3_stages2_share0,supervised_nmse_plateau,separator1,12,6,eager,bf16,bfloat16,8,1,ok,,0.0,20,50,0.61158356,0.0039023959930278764,0.603796,0.612124,0.6168743,0.617677,0.61828624,0.618641,13080.796351033374,13.080796351033374,612.124,76.5155,13080.796351033374,21024,19968,41496,single-thread,0.0078125,0.00390625,Intel(R) Xeon(R) 6760P,AVX512,"avx2,avx512f,avx512bw,avx512vl,avx512_vnni,avx512_bf16,amx_bf16,amx_int8,amx_tile,fma",True,True,,,,,,256,128,sh14l07002s1404,3.11.9,2.1.2+cu121
20260428_010731,2026-04-28T07:06:32.003248,cpu,pytorch,separator1_grid_search_6ports_masked_hd16_depth3_stages2_share0,/home/liangyi/SRS_AI/Model_AIIC_refactor/experiments_refactored/20260427_072855_default_6port_separator1_masked_v2/separator1_grid_search_6ports_masked_hd16_depth3_stages2_share0,default_6port_separator1_masked_v2,separator1_grid_search_6ports_masked_hd16_depth3_stages2_share0,supervised_nmse_plateau,separator1,12,6,eager,bf16,bfloat16,8,2,ok,,0.0,20,50,0.61660114,0.0042771176509888075,0.608589,0.616419,0.6219673,0.6234552,0.62542849,0.625526,12974.351620563011,12.974351620563011,616.4190000000001,77.05237500000001,6487.175810281506,21024,19968,41496,sub-physical,0.015625,0.0078125,Intel(R) Xeon(R) 6760P,AVX512,"avx2,avx512f,avx512bw,avx512vl,avx512_vnni,avx512_bf16,amx_bf16,amx_int8,amx_tile,fma",True,True,,,,,,256,128,sh14l07002s1404,3.11.9,2.1.2+cu121
20260428_010731,2026-04-28T07:06:32.003248,cpu,pytorch,separator1_grid_search_6ports_masked_hd16_depth3_stages2_share0,/home/liangyi/SRS_AI/Model_AIIC_refactor/experiments_refactored/20260427_072855_default_6port_separator1_masked_v2/separator1_grid_search_6ports_masked_hd16_depth3_stages2_share0,default_6port_separator1_masked_v2,separator1_grid_search_6ports_masked_hd16_depth3_stages2_share0,supervised_nmse_plateau,separator1,12,6,eager,bf16,bfloat16,8,4,ok,,0.0,20,50,0.60926904,0.010514123132168466,0.601825,0.608071,0.6121757,0.61553745,0.6499958099999998,0.678578,13130.488297911872,13.130488297911873,608.071,76.008875,3282.622074477968,21024,19968,41496,sub-physical,0.03125,0.015625,Intel(R) Xeon(R) 6760P,AVX512,"avx2,avx512f,avx512bw,avx512vl,avx512_vnni,avx512_bf16,amx_bf16,amx_int8,amx_tile,fma",True,True,,,,,,256,128,sh14l07002s1404,3.11.9,2.1.2+cu121
20260428_010731,2026-04-28T07:06:32.003248,cpu,pytorch,separator1_grid_search_6ports_masked_hd16_depth3_stages2_share0,/home/liangyi/SRS_AI/Model_AIIC_refactor/experiments_refactored/20260427_072855_default_6port_separator1_masked_v2/separator1_grid_search_6ports_masked_hd16_depth3_stages2_share0,default_6port_separator1_masked_v2,separator1_grid_search_6ports_masked_hd16_depth3_stages2_share0,supervised_nmse_plateau,separator1,12,6,eager,bf16,bfloat16,8,8,ok,,0.0,20,50,0.60081522,0.0026626451531512802,0.595579,0.6005465,0.6040903999999999,0.6056629,0.60686263,0.6078,13315.241914144586,13.315241914144586,600.5465,75.0683125,1664.4052392680733,21024,19968,41496,sub-physical,0.0625,0.03125,Intel(R) Xeon(R) 6760P,AVX512,"avx2,avx512f,avx512bw,avx512vl,avx512_vnni,avx512_bf16,amx_bf16,amx_int8,amx_tile,fma",True,True,,,,,,256,128,sh14l07002s1404,3.11.9,2.1.2+cu121
20260428_010731,2026-04-28T07:06:32.003248,cpu,pytorch,separator1_grid_search_6ports_masked_hd16_depth3_stages2_share0,/home/liangyi/SRS_AI/Model_AIIC_refactor/experiments_refactored/20260427_072855_default_6port_separator1_masked_v2/separator1_grid_search_6ports_masked_hd16_depth3_stages2_share0,default_6port_separator1_masked_v2,separator1_grid_search_6ports_masked_hd16_depth3_stages2_share0,supervised_nmse_plateau,separator1,12,6,eager,bf16,bfloat16,16,1,ok,,0.0,20,50,1.0349394,0.010537551565710138,1.022732,1.03416,1.0422952,1.0446932,1.0719174,1.097711,15459.842383041943,15.459842383041943,1034.1599999999999,64.63499999999999,15459.842383041943,21024,19968,41496,single-thread,0.0078125,0.00390625,Intel(R) Xeon(R) 6760P,AVX512,"avx2,avx512f,avx512bw,avx512vl,avx512_vnni,avx512_bf16,amx_bf16,amx_int8,amx_tile,fma",True,True,,,,,,256,128,sh14l07002s1404,3.11.9,2.1.2+cu121
20260428_010731,2026-04-28T07:06:32.003248,cpu,pytorch,separator1_grid_search_6ports_masked_hd16_depth3_stages2_share0,/home/liangyi/SRS_AI/Model_AIIC_refactor/experiments_refactored/20260427_072855_default_6port_separator1_masked_v2/separator1_grid_search_6ports_masked_hd16_depth3_stages2_share0,default_6port_separator1_masked_v2,separator1_grid_search_6ports_masked_hd16_depth3_stages2_share0,supervised_nmse_plateau,separator1,12,6,eager,bf16,bfloat16,16,2,ok,,0.0,20,50,1.1380592,0.01672818350568881,1.116255,1.1329365,1.1623318,1.173089,1.1815208499999998,1.182567,14059.022588631591,14.05902258863159,1132.9365,70.80853125,7029.511294315796,21024,19968,41496,sub-physical,0.015625,0.0078125,Intel(R) Xeon(R) 6760P,AVX512,"avx2,avx512f,avx512bw,avx512vl,avx512_vnni,avx512_bf16,amx_bf16,amx_int8,amx_tile,fma",True,True,,,,,,256,128,sh14l07002s1404,3.11.9,2.1.2+cu121
20260428_010731,2026-04-28T07:06:32.003248,cpu,pytorch,separator1_grid_search_6ports_masked_hd16_depth3_stages2_share0,/home/liangyi/SRS_AI/Model_AIIC_refactor/experiments_refactored/20260427_072855_default_6port_separator1_masked_v2/separator1_grid_search_6ports_masked_hd16_depth3_stages2_share0,default_6port_separator1_masked_v2,separator1_grid_search_6ports_masked_hd16_depth3_stages2_share0,supervised_nmse_plateau,separator1,12,6,eager,bf16,bfloat16,16,4,ok,,0.0,20,50,1.17795442,0.02129890805190726,1.150838,1.1697585,1.2110234000000002,1.21210905,1.23373317,1.235138,13582.868512009149,13.58286851200915,1169.7585,73.10990625,3395.717128002287,21024,19968,41496,sub-physical,0.03125,0.015625,Intel(R) Xeon(R) 6760P,AVX512,"avx2,avx512f,avx512bw,avx512vl,avx512_vnni,avx512_bf16,amx_bf16,amx_int8,amx_tile,fma",True,True,,,,,,256,128,sh14l07002s1404,3.11.9,2.1.2+cu121
20260428_010731,2026-04-28T07:06:32.003248,cpu,pytorch,separator1_grid_search_6ports_masked_hd16_depth3_stages2_share0,/home/liangyi/SRS_AI/Model_AIIC_refactor/experiments_refactored/20260427_072855_default_6port_separator1_masked_v2/separator1_grid_search_6ports_masked_hd16_depth3_stages2_share0,default_6port_separator1_masked_v2,separator1_grid_search_6ports_masked_hd16_depth3_stages2_share0,supervised_nmse_plateau,separator1,12,6,eager,bf16,bfloat16,16,8,ok,,0.0,20,50,1.1955168,0.01810277908720094,1.159106,1.1915205,1.2140851,1.2348356999999999,1.24760305,1.250325,13383.333467166667,13.383333467166667,1191.5205,74.47003125,1672.9166833958334,21024,19968,41496,sub-physical,0.0625,0.03125,Intel(R) Xeon(R) 6760P,AVX512,"avx2,avx512f,avx512bw,avx512vl,avx512_vnni,avx512_bf16,amx_bf16,amx_int8,amx_tile,fma",True,True,,,,,,256,128,sh14l07002s1404,3.11.9,2.1.2+cu121
20260428_010731,2026-04-28T07:06:32.003248,cpu,pytorch,separator1_grid_search_6ports_masked_hd16_depth3_stages2_share0,/home/liangyi/SRS_AI/Model_AIIC_refactor/experiments_refactored/20260427_072855_default_6port_separator1_masked_v2/separator1_grid_search_6ports_masked_hd16_depth3_stages2_share0,default_6port_separator1_masked_v2,separator1_grid_search_6ports_masked_hd16_depth3_stages2_share0,supervised_nmse_plateau,separator1,12,6,eager,bf16,bfloat16,32,1,ok,,0.0,20,50,1.57889756,0.017152509297662537,1.541625,1.5792175,1.5969815,1.60629105,1.61874327,1.620104,20267.306005590384,20.267306005590385,1579.2175,49.350546875,20267.306005590384,21024,19968,41496,single-thread,0.0078125,0.00390625,Intel(R) Xeon(R) 6760P,AVX512,"avx2,avx512f,avx512bw,avx512vl,avx512_vnni,avx512_bf16,amx_bf16,amx_int8,amx_tile,fma",True,True,,,,,,256,128,sh14l07002s1404,3.11.9,2.1.2+cu121
20260428_010731,2026-04-28T07:06:32.003248,cpu,pytorch,separator1_grid_search_6ports_masked_hd16_depth3_stages2_share0,/home/liangyi/SRS_AI/Model_AIIC_refactor/experiments_refactored/20260427_072855_default_6port_separator1_masked_v2/separator1_grid_search_6ports_masked_hd16_depth3_stages2_share0,default_6port_separator1_masked_v2,separator1_grid_search_6ports_masked_hd16_depth3_stages2_share0,supervised_nmse_plateau,separator1,12,6,eager,bf16,bfloat16,32,2,ok,,0.0,20,50,1.86087538,0.02777919976017307,1.821113,1.8571035,1.9093413,1.9121252,1.9255335,1.925852,17196.207948110958,17.196207948110956,1857.1035,58.034484375,8598.103974055479,21024,19968,41496,sub-physical,0.015625,0.0078125,Intel(R) Xeon(R) 6760P,AVX512,"avx2,avx512f,avx512bw,avx512vl,avx512_vnni,avx512_bf16,amx_bf16,amx_int8,amx_tile,fma",True,True,,,,,,256,128,sh14l07002s1404,3.11.9,2.1.2+cu121
20260428_010731,2026-04-28T07:06:32.003248,cpu,pytorch,separator1_grid_search_6ports_masked_hd16_depth3_stages2_share0,/home/liangyi/SRS_AI/Model_AIIC_refactor/experiments_refactored/20260427_072855_default_6port_separator1_masked_v2/separator1_grid_search_6ports_masked_hd16_depth3_stages2_share0,default_6port_separator1_masked_v2,separator1_grid_search_6ports_masked_hd16_depth3_stages2_share0,supervised_nmse_plateau,separator1,12,6,eager,bf16,bfloat16,32,4,ok,,0.0,20,50,1.87151622,0.026071704157028166,1.804163,1.870705,1.8968838,1.9122506499999998,1.9415618799999999,1.966301,17098.435834021253,17.098435834021252,1870.7050000000002,58.459531250000005,4274.608958505313,21024,19968,41496,sub-physical,0.03125,0.015625,Intel(R) Xeon(R) 6760P,AVX512,"avx2,avx512f,avx512bw,avx512vl,avx512_vnni,avx512_bf16,amx_bf16,amx_int8,amx_tile,fma",True,True,,,,,,256,128,sh14l07002s1404,3.11.9,2.1.2+cu121
20260428_010731,2026-04-28T07:06:32.003248,cpu,pytorch,separator1_grid_search_6ports_masked_hd16_depth3_stages2_share0,/home/liangyi/SRS_AI/Model_AIIC_refactor/experiments_refactored/20260427_072855_default_6port_separator1_masked_v2/separator1_grid_search_6ports_masked_hd16_depth3_stages2_share0,default_6port_separator1_masked_v2,separator1_grid_search_6ports_masked_hd16_depth3_stages2_share0,supervised_nmse_plateau,separator1,12,6,eager,bf16,bfloat16,32,8,ok,,0.0,20,50,2.004906,0.022023801301319448,1.942556,2.0058415,2.0309691,2.0373465,2.04469592,2.047142,15960.848039758474,15.960848039758474,2005.8414999999998,62.68254687499999,1995.1060049698092,21024,19968,41496,sub-physical,0.0625,0.03125,Intel(R) Xeon(R) 6760P,AVX512,"avx2,avx512f,avx512bw,avx512vl,avx512_vnni,avx512_bf16,amx_bf16,amx_int8,amx_tile,fma",True,True,,,,,,256,128,sh14l07002s1404,3.11.9,2.1.2+cu121
20260428_010731,2026-04-28T07:06:32.003248,cpu,pytorch,separator1_grid_search_6ports_masked_hd16_depth3_stages2_share0,/home/liangyi/SRS_AI/Model_AIIC_refactor/experiments_refactored/20260427_072855_default_6port_separator1_masked_v2/separator1_grid_search_6ports_masked_hd16_depth3_stages2_share0,default_6port_separator1_masked_v2,separator1_grid_search_6ports_masked_hd16_depth3_stages2_share0,supervised_nmse_plateau,separator1,12,6,eager,bf16,bfloat16,64,1,ok,,0.0,20,50,1.60676146,0.054671813960105634,1.560007,1.599593,1.62616,1.6418371999999999,1.8265353699999995,1.952655,39831.67482745074,39.83167482745074,1599.593,24.993640625,39831.67482745074,21024,19968,41496,single-thread,0.0078125,0.00390625,Intel(R) Xeon(R) 6760P,AVX512,"avx2,avx512f,avx512bw,avx512vl,avx512_vnni,avx512_bf16,amx_bf16,amx_int8,amx_tile,fma",True,True,,,,,,256,128,sh14l07002s1404,3.11.9,2.1.2+cu121
20260428_010731,2026-04-28T07:06:32.003248,cpu,pytorch,separator1_grid_search_6ports_masked_hd16_depth3_stages2_share0,/home/liangyi/SRS_AI/Model_AIIC_refactor/experiments_refactored/20260427_072855_default_6port_separator1_masked_v2/separator1_grid_search_6ports_masked_hd16_depth3_stages2_share0,default_6port_separator1_masked_v2,separator1_grid_search_6ports_masked_hd16_depth3_stages2_share0,supervised_nmse_plateau,separator1,12,6,eager,bf16,bfloat16,64,2,ok,,0.0,20,50,1.99693014,0.02449782694608647,1.950797,1.9964,2.0278915,2.0354503,2.05256586,2.066083,32049.193268223196,32.0491932682232,1996.3999999999999,31.193749999999998,16024.596634111598,21024,19968,41496,sub-physical,0.015625,0.0078125,Intel(R) Xeon(R) 6760P,AVX512,"avx2,avx512f,avx512bw,avx512vl,avx512_vnni,avx512_bf16,amx_bf16,amx_int8,amx_tile,fma",True,True,,,,,,256,128,sh14l07002s1404,3.11.9,2.1.2+cu121
20260428_010731,2026-04-28T07:06:32.003248,cpu,pytorch,separator1_grid_search_6ports_masked_hd16_depth3_stages2_share0,/home/liangyi/SRS_AI/Model_AIIC_refactor/experiments_refactored/20260427_072855_default_6port_separator1_masked_v2/separator1_grid_search_6ports_masked_hd16_depth3_stages2_share0,default_6port_separator1_masked_v2,separator1_grid_search_6ports_masked_hd16_depth3_stages2_share0,supervised_nmse_plateau,separator1,12,6,eager,bf16,bfloat16,64,4,ok,,0.0,20,50,1.97217844,0.022431945959421353,1.921689,1.9720145,1.999954,2.0025017,2.0233155,2.038775,32451.424628696375,32.45142462869637,1972.0145,30.8127265625,8112.856157174094,21024,19968,41496,sub-physical,0.03125,0.015625,Intel(R) Xeon(R) 6760P,AVX512,"avx2,avx512f,avx512bw,avx512vl,avx512_vnni,avx512_bf16,amx_bf16,amx_int8,amx_tile,fma",True,True,,,,,,256,128,sh14l07002s1404,3.11.9,2.1.2+cu121
20260428_010731,2026-04-28T07:06:32.003248,cpu,pytorch,separator1_grid_search_6ports_masked_hd16_depth3_stages2_share0,/home/liangyi/SRS_AI/Model_AIIC_refactor/experiments_refactored/20260427_072855_default_6port_separator1_masked_v2/separator1_grid_search_6ports_masked_hd16_depth3_stages2_share0,default_6port_separator1_masked_v2,separator1_grid_search_6ports_masked_hd16_depth3_stages2_share0,supervised_nmse_plateau,separator1,12,6,eager,bf16,bfloat16,64,8,ok,,0.0,20,50,2.06785592,0.02847486098989073,2.022888,2.0644995,2.0874596,2.09821295,2.1661883399999997,2.221477,30949.931946902765,30.949931946902765,2064.4995000000004,32.257804687500006,3868.7414933628456,21024,19968,41496,sub-physical,0.0625,0.03125,Intel(R) Xeon(R) 6760P,AVX512,"avx2,avx512f,avx512bw,avx512vl,avx512_vnni,avx512_bf16,amx_bf16,amx_int8,amx_tile,fma",True,True,,,,,,256,128,sh14l07002s1404,3.11.9,2.1.2+cu121
20260428_010731,2026-04-28T07:06:32.003248,cpu,pytorch,separator1_grid_search_6ports_masked_hd16_depth3_stages2_share0,/home/liangyi/SRS_AI/Model_AIIC_refactor/experiments_refactored/20260427_072855_default_6port_separator1_masked_v2/separator1_grid_search_6ports_masked_hd16_depth3_stages2_share0,default_6port_separator1_masked_v2,separator1_grid_search_6ports_masked_hd16_depth3_stages2_share0,supervised_nmse_plateau,separator1,12,6,eager,bf16,bfloat16,128,1,ok,,0.0,20,50,1.8306678,0.03483830836478717,1.789156,1.823055,1.8842646,1.89733785,1.9233541699999999,1.942497,69919.84018072531,69.91984018072532,1823.055,14.2426171875,69919.84018072531,21024,19968,41496,single-thread,0.0078125,0.00390625,Intel(R) Xeon(R) 6760P,AVX512,"avx2,avx512f,avx512bw,avx512vl,avx512_vnni,avx512_bf16,amx_bf16,amx_int8,amx_tile,fma",True,True,,,,,,256,128,sh14l07002s1404,3.11.9,2.1.2+cu121
20260428_010731,2026-04-28T07:06:32.003248,cpu,pytorch,separator1_grid_search_6ports_masked_hd16_depth3_stages2_share0,/home/liangyi/SRS_AI/Model_AIIC_refactor/experiments_refactored/20260427_072855_default_6port_separator1_masked_v2/separator1_grid_search_6ports_masked_hd16_depth3_stages2_share0,default_6port_separator1_masked_v2,separator1_grid_search_6ports_masked_hd16_depth3_stages2_share0,supervised_nmse_plateau,separator1,12,6,eager,bf16,bfloat16,128,2,ok,,0.0,20,50,2.05258984,0.020914655373072702,2.005358,2.052087,2.0780802,2.08147625,2.10220073,2.108631,62360.24241452934,62.36024241452934,2052.0870000000004,16.031929687500003,31180.12120726467,21024,19968,41496,sub-physical,0.015625,0.0078125,Intel(R) Xeon(R) 6760P,AVX512,"avx2,avx512f,avx512bw,avx512vl,avx512_vnni,avx512_bf16,amx_bf16,amx_int8,amx_tile,fma",True,True,,,,,,256,128,sh14l07002s1404,3.11.9,2.1.2+cu121
20260428_010731,2026-04-28T07:06:32.003248,cpu,pytorch,separator1_grid_search_6ports_masked_hd16_depth3_stages2_share0,/home/liangyi/SRS_AI/Model_AIIC_refactor/experiments_refactored/20260427_072855_default_6port_separator1_masked_v2/separator1_grid_search_6ports_masked_hd16_depth3_stages2_share0,default_6port_separator1_masked_v2,separator1_grid_search_6ports_masked_hd16_depth3_stages2_share0,supervised_nmse_plateau,separator1,12,6,eager,bf16,bfloat16,128,4,ok,,0.0,20,50,2.14035382,0.014782504431509544,2.112242,2.13891,2.1581064,2.1617317,2.17834448,2.18415,59803.19646403135,59.80319646403135,2138.9100000000003,16.710234375000002,14950.799116007838,21024,19968,41496,sub-physical,0.03125,0.015625,Intel(R) Xeon(R) 6760P,AVX512,"avx2,avx512f,avx512bw,avx512vl,avx512_vnni,avx512_bf16,amx_bf16,amx_int8,amx_tile,fma",True,True,,,,,,256,128,sh14l07002s1404,3.11.9,2.1.2+cu121
20260428_010731,2026-04-28T07:06:32.003248,cpu,pytorch,separator1_grid_search_6ports_masked_hd16_depth3_stages2_share0,/home/liangyi/SRS_AI/Model_AIIC_refactor/experiments_refactored/20260427_072855_default_6port_separator1_masked_v2/separator1_grid_search_6ports_masked_hd16_depth3_stages2_share0,default_6port_separator1_masked_v2,separator1_grid_search_6ports_masked_hd16_depth3_stages2_share0,supervised_nmse_plateau,separator1,12,6,eager,bf16,bfloat16,128,8,ok,,0.0,20,50,2.3702941,0.11771956066113225,2.290122,2.3307135,2.5886361,2.6431226,2.7748146499999993,2.878163,54001.737590284676,54.00173759028468,2330.7135,18.20869921875,6750.2171987855845,21024,19968,41496,sub-physical,0.0625,0.03125,Intel(R) Xeon(R) 6760P,AVX512,"avx2,avx512f,avx512bw,avx512vl,avx512_vnni,avx512_bf16,amx_bf16,amx_int8,amx_tile,fma",True,True,,,,,,256,128,sh14l07002s1404,3.11.9,2.1.2+cu121
20260428_010731,2026-04-28T07:06:32.003248,cpu,pytorch,separator1_grid_search_6ports_masked_hd16_depth3_stages2_share0,/home/liangyi/SRS_AI/Model_AIIC_refactor/experiments_refactored/20260427_072855_default_6port_separator1_masked_v2/separator1_grid_search_6ports_masked_hd16_depth3_stages2_share0,default_6port_separator1_masked_v2,separator1_grid_search_6ports_masked_hd16_depth3_stages2_share0,supervised_nmse_plateau,separator1,12,6,jit,fp32,float32,1,1,ok,,314.48596,20,50,0.15191914,0.003736049459040927,0.149087,0.15087,0.1550675,0.15669895,0.16641334999999996,0.17356,6582.449058097616,6.582449058097616,150.87,150.87,6582.449058097616,21024,19968,41496,single-thread,0.0078125,0.00390625,Intel(R) Xeon(R) 6760P,AVX512,"avx2,avx512f,avx512bw,avx512vl,avx512_vnni,avx512_bf16,amx_bf16,amx_int8,amx_tile,fma",True,True,,,,,,256,128,sh14l07002s1404,3.11.9,2.1.2+cu121
20260428_010731,2026-04-28T07:06:32.003248,cpu,pytorch,separator1_grid_search_6ports_masked_hd16_depth3_stages2_share0,/home/liangyi/SRS_AI/Model_AIIC_refactor/experiments_refactored/20260427_072855_default_6port_separator1_masked_v2/separator1_grid_search_6ports_masked_hd16_depth3_stages2_share0,default_6port_separator1_masked_v2,separator1_grid_search_6ports_masked_hd16_depth3_stages2_share0,supervised_nmse_plateau,separator1,12,6,jit,fp32,float32,1,2,ok,,316.210873,20,50,0.1541564,0.0014336324075578085,0.152411,0.153717,0.1560888,0.1573492,0.15835628000000002,0.15837,6486.918480192843,6.486918480192843,153.71699999999998,153.71699999999998,3243.4592400964216,21024,19968,41496,sub-physical,0.015625,0.0078125,Intel(R) Xeon(R) 6760P,AVX512,"avx2,avx512f,avx512bw,avx512vl,avx512_vnni,avx512_bf16,amx_bf16,amx_int8,amx_tile,fma",True,True,,,,,,256,128,sh14l07002s1404,3.11.9,2.1.2+cu121
20260428_010731,2026-04-28T07:06:32.003248,cpu,pytorch,separator1_grid_search_6ports_masked_hd16_depth3_stages2_share0,/home/liangyi/SRS_AI/Model_AIIC_refactor/experiments_refactored/20260427_072855_default_6port_separator1_masked_v2/separator1_grid_search_6ports_masked_hd16_depth3_stages2_share0,default_6port_separator1_masked_v2,separator1_grid_search_6ports_masked_hd16_depth3_stages2_share0,supervised_nmse_plateau,separator1,12,6,jit,fp32,float32,1,4,ok,,312.909214,20,50,0.14908688,0.0010608105889365926,0.147138,0.1489175,0.1505685,0.1506689,0.15182943999999998,0.152047,6707.498339223412,6.707498339223411,148.91750000000002,148.91750000000002,1676.874584805853,21024,19968,41496,sub-physical,0.03125,0.015625,Intel(R) Xeon(R) 6760P,AVX512,"avx2,avx512f,avx512bw,avx512vl,avx512_vnni,avx512_bf16,amx_bf16,amx_int8,amx_tile,fma",True,True,,,,,,256,128,sh14l07002s1404,3.11.9,2.1.2+cu121
20260428_010731,2026-04-28T07:06:32.003248,cpu,pytorch,separator1_grid_search_6ports_masked_hd16_depth3_stages2_share0,/home/liangyi/SRS_AI/Model_AIIC_refactor/experiments_refactored/20260427_072855_default_6port_separator1_masked_v2/separator1_grid_search_6ports_masked_hd16_depth3_stages2_share0,default_6port_separator1_masked_v2,separator1_grid_search_6ports_masked_hd16_depth3_stages2_share0,supervised_nmse_plateau,separator1,12,6,jit,fp32,float32,1,8,ok,,310.796569,20,50,0.15148502,0.001598324891753864,0.149801,0.1510015,0.1541107,0.15509175,0.15660167,0.156757,6601.312789871896,6.601312789871896,151.00150000000002,151.00150000000002,825.164098733987,21024,19968,41496,sub-physical,0.0625,0.03125,Intel(R) Xeon(R) 6760P,AVX512,"avx2,avx512f,avx512bw,avx512vl,avx512_vnni,avx512_bf16,amx_bf16,amx_int8,amx_tile,fma",True,True,,,,,,256,128,sh14l07002s1404,3.11.9,2.1.2+cu121
20260428_010731,2026-04-28T07:06:32.003248,cpu,pytorch,separator1_grid_search_6ports_masked_hd16_depth3_stages2_share0,/home/liangyi/SRS_AI/Model_AIIC_refactor/experiments_refactored/20260427_072855_default_6port_separator1_masked_v2/separator1_grid_search_6ports_masked_hd16_depth3_stages2_share0,default_6port_separator1_masked_v2,separator1_grid_search_6ports_masked_hd16_depth3_stages2_share0,supervised_nmse_plateau,separator1,12,6,jit,fp32,float32,2,1,ok,,313.538943,20,50,0.16698384,0.0012856194982964423,0.164953,0.166676,0.16789110000000002,0.1689182,0.17161669,0.173586,11977.206896188278,11.977206896188278,166.676,83.338,11977.206896188278,21024,19968,41496,single-thread,0.0078125,0.00390625,Intel(R) Xeon(R) 6760P,AVX512,"avx2,avx512f,avx512bw,avx512vl,avx512_vnni,avx512_bf16,amx_bf16,amx_int8,amx_tile,fma",True,True,,,,,,256,128,sh14l07002s1404,3.11.9,2.1.2+cu121
20260428_010731,2026-04-28T07:06:32.003248,cpu,pytorch,separator1_grid_search_6ports_masked_hd16_depth3_stages2_share0,/home/liangyi/SRS_AI/Model_AIIC_refactor/experiments_refactored/20260427_072855_default_6port_separator1_masked_v2/separator1_grid_search_6ports_masked_hd16_depth3_stages2_share0,default_6port_separator1_masked_v2,separator1_grid_search_6ports_masked_hd16_depth3_stages2_share0,supervised_nmse_plateau,separator1,12,6,jit,fp32,float32,2,2,ok,,312.22727,20,50,0.16649424000000002,0.0008548695470070272,0.164724,0.166425,0.1678077,0.16799895,0.16825191,0.168272,12012.427577074137,12.012427577074137,166.42499999999998,83.21249999999999,6006.2137885370685,21024,19968,41496,sub-physical,0.015625,0.0078125,Intel(R) Xeon(R) 6760P,AVX512,"avx2,avx512f,avx512bw,avx512vl,avx512_vnni,avx512_bf16,amx_bf16,amx_int8,amx_tile,fma",True,True,,,,,,256,128,sh14l07002s1404,3.11.9,2.1.2+cu121
20260428_010731,2026-04-28T07:06:32.003248,cpu,pytorch,separator1_grid_search_6ports_masked_hd16_depth3_stages2_share0,/home/liangyi/SRS_AI/Model_AIIC_refactor/experiments_refactored/20260427_072855_default_6port_separator1_masked_v2/separator1_grid_search_6ports_masked_hd16_depth3_stages2_share0,default_6port_separator1_masked_v2,separator1_grid_search_6ports_masked_hd16_depth3_stages2_share0,supervised_nmse_plateau,separator1,12,6,jit,fp32,float32,2,4,ok,,312.073858,20,50,0.1733087,0.0018233411227743415,0.170997,0.172991,0.1750766,0.1781241,0.17890102,0.179343,11540.101564433868,11.540101564433868,172.991,86.4955,2885.025391108467,21024,19968,41496,sub-physical,0.03125,0.015625,Intel(R) Xeon(R) 6760P,AVX512,"avx2,avx512f,avx512bw,avx512vl,avx512_vnni,avx512_bf16,amx_bf16,amx_int8,amx_tile,fma",True,True,,,,,,256,128,sh14l07002s1404,3.11.9,2.1.2+cu121
20260428_010731,2026-04-28T07:06:32.003248,cpu,pytorch,separator1_grid_search_6ports_masked_hd16_depth3_stages2_share0,/home/liangyi/SRS_AI/Model_AIIC_refactor/experiments_refactored/20260427_072855_default_6port_separator1_masked_v2/separator1_grid_search_6ports_masked_hd16_depth3_stages2_share0,default_6port_separator1_masked_v2,separator1_grid_search_6ports_masked_hd16_depth3_stages2_share0,supervised_nmse_plateau,separator1,12,6,jit,fp32,float32,2,8,ok,,311.740794,20,50,0.16972308,0.0008474289312974869,0.168432,0.169555,0.1709988,0.17125975000000002,0.17190736,0.17217,11783.901164178733,11.783901164178733,169.555,84.7775,1472.9876455223416,21024,19968,41496,sub-physical,0.0625,0.03125,Intel(R) Xeon(R) 6760P,AVX512,"avx2,avx512f,avx512bw,avx512vl,avx512_vnni,avx512_bf16,amx_bf16,amx_int8,amx_tile,fma",True,True,,,,,,256,128,sh14l07002s1404,3.11.9,2.1.2+cu121
20260428_010731,2026-04-28T07:06:32.003248,cpu,pytorch,separator1_grid_search_6ports_masked_hd16_depth3_stages2_share0,/home/liangyi/SRS_AI/Model_AIIC_refactor/experiments_refactored/20260427_072855_default_6port_separator1_masked_v2/separator1_grid_search_6ports_masked_hd16_depth3_stages2_share0,default_6port_separator1_masked_v2,separator1_grid_search_6ports_masked_hd16_depth3_stages2_share0,supervised_nmse_plateau,separator1,12,6,jit,fp32,float32,4,1,ok,,312.777187,20,50,0.17293888,0.0012200374361469402,0.170952,0.172658,0.1741949,0.1746964,0.17673533,0.177462,23129.558836046588,23.129558836046588,172.65800000000002,43.164500000000004,23129.558836046588,21024,19968,41496,single-thread,0.0078125,0.00390625,Intel(R) Xeon(R) 6760P,AVX512,"avx2,avx512f,avx512bw,avx512vl,avx512_vnni,avx512_bf16,amx_bf16,amx_int8,amx_tile,fma",True,True,,,,,,256,128,sh14l07002s1404,3.11.9,2.1.2+cu121
20260428_010731,2026-04-28T07:06:32.003248,cpu,pytorch,separator1_grid_search_6ports_masked_hd16_depth3_stages2_share0,/home/liangyi/SRS_AI/Model_AIIC_refactor/experiments_refactored/20260427_072855_default_6port_separator1_masked_v2/separator1_grid_search_6ports_masked_hd16_depth3_stages2_share0,default_6port_separator1_masked_v2,separator1_grid_search_6ports_masked_hd16_depth3_stages2_share0,supervised_nmse_plateau,separator1,12,6,jit,fp32,float32,4,2,ok,,313.593363,20,50,0.17072878,0.0010827475105489733,0.168219,0.1707785,0.1723818,0.17261565,0.17317346,0.173245,23428.97313505081,23.428973135050807,170.7785,42.694625,11714.486567525404,21024,19968,41496,sub-physical,0.015625,0.0078125,Intel(R) Xeon(R) 6760P,AVX512,"avx2,avx512f,avx512bw,avx512vl,avx512_vnni,avx512_bf16,amx_bf16,amx_int8,amx_tile,fma",True,True,,,,,,256,128,sh14l07002s1404,3.11.9,2.1.2+cu121
20260428_010731,2026-04-28T07:06:32.003248,cpu,pytorch,separator1_grid_search_6ports_masked_hd16_depth3_stages2_share0,/home/liangyi/SRS_AI/Model_AIIC_refactor/experiments_refactored/20260427_072855_default_6port_separator1_masked_v2/separator1_grid_search_6ports_masked_hd16_depth3_stages2_share0,default_6port_separator1_masked_v2,separator1_grid_search_6ports_masked_hd16_depth3_stages2_share0,supervised_nmse_plateau,separator1,12,6,jit,fp32,float32,4,4,ok,,318.902589,20,50,0.1767979,0.0022691387198670782,0.174717,0.1762065,0.1798977,0.1811007,0.18508944,0.187316,22624.70312147373,22.62470312147373,176.20649999999998,44.051624999999994,5656.175780368432,21024,19968,41496,sub-physical,0.03125,0.015625,Intel(R) Xeon(R) 6760P,AVX512,"avx2,avx512f,avx512bw,avx512vl,avx512_vnni,avx512_bf16,amx_bf16,amx_int8,amx_tile,fma",True,True,,,,,,256,128,sh14l07002s1404,3.11.9,2.1.2+cu121
20260428_010731,2026-04-28T07:06:32.003248,cpu,pytorch,separator1_grid_search_6ports_masked_hd16_depth3_stages2_share0,/home/liangyi/SRS_AI/Model_AIIC_refactor/experiments_refactored/20260427_072855_default_6port_separator1_masked_v2/separator1_grid_search_6ports_masked_hd16_depth3_stages2_share0,default_6port_separator1_masked_v2,separator1_grid_search_6ports_masked_hd16_depth3_stages2_share0,supervised_nmse_plateau,separator1,12,6,jit,fp32,float32,4,8,ok,,315.263727,20,50,0.18083814,0.001421047585550884,0.178358,0.180748,0.18213020000000002,0.1825068,0.18589182999999998,0.1863,22119.227724859367,22.119227724859368,180.748,45.187,2764.903465607421,21024,19968,41496,sub-physical,0.0625,0.03125,Intel(R) Xeon(R) 6760P,AVX512,"avx2,avx512f,avx512bw,avx512vl,avx512_vnni,avx512_bf16,amx_bf16,amx_int8,amx_tile,fma",True,True,,,,,,256,128,sh14l07002s1404,3.11.9,2.1.2+cu121
20260428_010731,2026-04-28T07:06:32.003248,cpu,pytorch,separator1_grid_search_6ports_masked_hd16_depth3_stages2_share0,/home/liangyi/SRS_AI/Model_AIIC_refactor/experiments_refactored/20260427_072855_default_6port_separator1_masked_v2/separator1_grid_search_6ports_masked_hd16_depth3_stages2_share0,default_6port_separator1_masked_v2,separator1_grid_search_6ports_masked_hd16_depth3_stages2_share0,supervised_nmse_plateau,separator1,12,6,jit,fp32,float32,8,1,ok,,313.495624,20,50,0.18088544,0.001170552487674088,0.17901,0.1807645,0.1817683,0.18256109999999998,0.18521121,0.186275,44226.88747087659,44.226887470876584,180.7645,22.5955625,44226.88747087659,21024,19968,41496,single-thread,0.0078125,0.00390625,Intel(R) Xeon(R) 6760P,AVX512,"avx2,avx512f,avx512bw,avx512vl,avx512_vnni,avx512_bf16,amx_bf16,amx_int8,amx_tile,fma",True,True,,,,,,256,128,sh14l07002s1404,3.11.9,2.1.2+cu121
20260428_010731,2026-04-28T07:06:32.003248,cpu,pytorch,separator1_grid_search_6ports_masked_hd16_depth3_stages2_share0,/home/liangyi/SRS_AI/Model_AIIC_refactor/experiments_refactored/20260427_072855_default_6port_separator1_masked_v2/separator1_grid_search_6ports_masked_hd16_depth3_stages2_share0,default_6port_separator1_masked_v2,separator1_grid_search_6ports_masked_hd16_depth3_stages2_share0,supervised_nmse_plateau,separator1,12,6,jit,fp32,float32,8,2,ok,,319.280654,20,50,0.18154966,0.008691207429603784,0.176153,0.17980000000000002,0.1830175,0.19018189999999996,0.21761755999999993,0.236657,44065.078392325275,44.065078392325276,179.8,22.475,22032.539196162637,21024,19968,41496,sub-physical,0.015625,0.0078125,Intel(R) Xeon(R) 6760P,AVX512,"avx2,avx512f,avx512bw,avx512vl,avx512_vnni,avx512_bf16,amx_bf16,amx_int8,amx_tile,fma",True,True,,,,,,256,128,sh14l07002s1404,3.11.9,2.1.2+cu121
20260428_010731,2026-04-28T07:06:32.003248,cpu,pytorch,separator1_grid_search_6ports_masked_hd16_depth3_stages2_share0,/home/liangyi/SRS_AI/Model_AIIC_refactor/experiments_refactored/20260427_072855_default_6port_separator1_masked_v2/separator1_grid_search_6ports_masked_hd16_depth3_stages2_share0,default_6port_separator1_masked_v2,separator1_grid_search_6ports_masked_hd16_depth3_stages2_share0,supervised_nmse_plateau,separator1,12,6,jit,fp32,float32,8,4,ok,,312.904701,20,50,0.18202536,0.0021701855290274137,0.179338,0.181163,0.18486429999999998,0.1868583,0.18916143,0.189991,43949.91994522082,43.94991994522082,181.16299999999998,22.645374999999998,10987.479986305205,21024,19968,41496,sub-physical,0.03125,0.015625,Intel(R) Xeon(R) 6760P,AVX512,"avx2,avx512f,avx512bw,avx512vl,avx512_vnni,avx512_bf16,amx_bf16,amx_int8,amx_tile,fma",True,True,,,,,,256,128,sh14l07002s1404,3.11.9,2.1.2+cu121
20260428_010731,2026-04-28T07:06:32.003248,cpu,pytorch,separator1_grid_search_6ports_masked_hd16_depth3_stages2_share0,/home/liangyi/SRS_AI/Model_AIIC_refactor/experiments_refactored/20260427_072855_default_6port_separator1_masked_v2/separator1_grid_search_6ports_masked_hd16_depth3_stages2_share0,default_6port_separator1_masked_v2,separator1_grid_search_6ports_masked_hd16_depth3_stages2_share0,supervised_nmse_plateau,separator1,12,6,jit,fp32,float32,8,8,ok,,315.596737,20,50,0.18029798,0.001432768864681252,0.178031,0.17985299999999999,0.18226540000000002,0.1829734,0.18422829,0.184855,44370.99073433879,44.37099073433879,179.85299999999998,22.481624999999998,5546.373841792349,21024,19968,41496,sub-physical,0.0625,0.03125,Intel(R) Xeon(R) 6760P,AVX512,"avx2,avx512f,avx512bw,avx512vl,avx512_vnni,avx512_bf16,amx_bf16,amx_int8,amx_tile,fma",True,True,,,,,,256,128,sh14l07002s1404,3.11.9,2.1.2+cu121
20260428_010731,2026-04-28T07:06:32.003248,cpu,pytorch,separator1_grid_search_6ports_masked_hd16_depth3_stages2_share0,/home/liangyi/SRS_AI/Model_AIIC_refactor/experiments_refactored/20260427_072855_default_6port_separator1_masked_v2/separator1_grid_search_6ports_masked_hd16_depth3_stages2_share0,default_6port_separator1_masked_v2,separator1_grid_search_6ports_masked_hd16_depth3_stages2_share0,supervised_nmse_plateau,separator1,12,6,jit,fp32,float32,16,1,ok,,317.688623,20,50,0.19171474,0.0020788084164732453,0.189208,0.1911775,0.1940867,0.19620855,0.19764310999999998,0.198506,83457.32832019072,83.45732832019071,191.1775,11.94859375,83457.32832019072,21024,19968,41496,single-thread,0.0078125,0.00390625,Intel(R) Xeon(R) 6760P,AVX512,"avx2,avx512f,avx512bw,avx512vl,avx512_vnni,avx512_bf16,amx_bf16,amx_int8,amx_tile,fma",True,True,,,,,,256,128,sh14l07002s1404,3.11.9,2.1.2+cu121
20260428_010731,2026-04-28T07:06:32.003248,cpu,pytorch,separator1_grid_search_6ports_masked_hd16_depth3_stages2_share0,/home/liangyi/SRS_AI/Model_AIIC_refactor/experiments_refactored/20260427_072855_default_6port_separator1_masked_v2/separator1_grid_search_6ports_masked_hd16_depth3_stages2_share0,default_6port_separator1_masked_v2,separator1_grid_search_6ports_masked_hd16_depth3_stages2_share0,supervised_nmse_plateau,separator1,12,6,jit,fp32,float32,16,2,ok,,313.0087,20,50,0.18625758,0.0016554240796847195,0.183312,0.18582700000000002,0.1879249,0.1894687,0.19126119,0.192079,85902.54420786526,85.90254420786526,185.82700000000003,11.614187500000002,42951.27210393263,21024,19968,41496,sub-physical,0.015625,0.0078125,Intel(R) Xeon(R) 6760P,AVX512,"avx2,avx512f,avx512bw,avx512vl,avx512_vnni,avx512_bf16,amx_bf16,amx_int8,amx_tile,fma",True,True,,,,,,256,128,sh14l07002s1404,3.11.9,2.1.2+cu121
20260428_010731,2026-04-28T07:06:32.003248,cpu,pytorch,separator1_grid_search_6ports_masked_hd16_depth3_stages2_share0,/home/liangyi/SRS_AI/Model_AIIC_refactor/experiments_refactored/20260427_072855_default_6port_separator1_masked_v2/separator1_grid_search_6ports_masked_hd16_depth3_stages2_share0,default_6port_separator1_masked_v2,separator1_grid_search_6ports_masked_hd16_depth3_stages2_share0,supervised_nmse_plateau,separator1,12,6,jit,fp32,float32,16,4,ok,,312.822505,20,50,0.18797626,0.0024548171810544277,0.184151,0.1876335,0.1899254,0.19298875000000001,0.19597409,0.198502,85117.13128030104,85.11713128030104,187.6335,11.72709375,21279.28282007526,21024,19968,41496,sub-physical,0.03125,0.015625,Intel(R) Xeon(R) 6760P,AVX512,"avx2,avx512f,avx512bw,avx512vl,avx512_vnni,avx512_bf16,amx_bf16,amx_int8,amx_tile,fma",True,True,,,,,,256,128,sh14l07002s1404,3.11.9,2.1.2+cu121
20260428_010731,2026-04-28T07:06:32.003248,cpu,pytorch,separator1_grid_search_6ports_masked_hd16_depth3_stages2_share0,/home/liangyi/SRS_AI/Model_AIIC_refactor/experiments_refactored/20260427_072855_default_6port_separator1_masked_v2/separator1_grid_search_6ports_masked_hd16_depth3_stages2_share0,default_6port_separator1_masked_v2,separator1_grid_search_6ports_masked_hd16_depth3_stages2_share0,supervised_nmse_plateau,separator1,12,6,jit,fp32,float32,16,8,ok,,311.117126,20,50,0.18863552,0.005012846374027435,0.184209,0.18726500000000001,0.1937053,0.20345865,0.20518607,0.205655,84819.65644646353,84.81965644646353,187.26500000000001,11.704062500000001,10602.457055807941,21024,19968,41496,sub-physical,0.0625,0.03125,Intel(R) Xeon(R) 6760P,AVX512,"avx2,avx512f,avx512bw,avx512vl,avx512_vnni,avx512_bf16,amx_bf16,amx_int8,amx_tile,fma",True,True,,,,,,256,128,sh14l07002s1404,3.11.9,2.1.2+cu121
20260428_010731,2026-04-28T07:06:32.003248,cpu,pytorch,separator1_grid_search_6ports_masked_hd16_depth3_stages2_share0,/home/liangyi/SRS_AI/Model_AIIC_refactor/experiments_refactored/20260427_072855_default_6port_separator1_masked_v2/separator1_grid_search_6ports_masked_hd16_depth3_stages2_share0,default_6port_separator1_masked_v2,separator1_grid_search_6ports_masked_hd16_depth3_stages2_share0,supervised_nmse_plateau,separator1,12,6,jit,fp32,float32,32,1,ok,,313.439814,20,50,0.22556742,0.002514275037381551,0.222426,0.225071,0.22922700000000001,0.2310849,0.23216507,0.232781,141864.45897195616,141.86445897195617,225.071,7.03346875,141864.45897195616,21024,19968,41496,single-thread,0.0078125,0.00390625,Intel(R) Xeon(R) 6760P,AVX512,"avx2,avx512f,avx512bw,avx512vl,avx512_vnni,avx512_bf16,amx_bf16,amx_int8,amx_tile,fma",True,True,,,,,,256,128,sh14l07002s1404,3.11.9,2.1.2+cu121
20260428_010731,2026-04-28T07:06:32.003248,cpu,pytorch,separator1_grid_search_6ports_masked_hd16_depth3_stages2_share0,/home/liangyi/SRS_AI/Model_AIIC_refactor/experiments_refactored/20260427_072855_default_6port_separator1_masked_v2/separator1_grid_search_6ports_masked_hd16_depth3_stages2_share0,default_6port_separator1_masked_v2,separator1_grid_search_6ports_masked_hd16_depth3_stages2_share0,supervised_nmse_plateau,separator1,12,6,jit,fp32,float32,32,2,ok,,316.946604,20,50,0.22245952,0.0016129942125128645,0.219146,0.22221200000000002,0.22451700000000002,0.22514275,0.22624866,0.226575,143846.39506549327,143.84639506549328,222.21200000000002,6.9441250000000005,71923.19753274664,21024,19968,41496,sub-physical,0.015625,0.0078125,Intel(R) Xeon(R) 6760P,AVX512,"avx2,avx512f,avx512bw,avx512vl,avx512_vnni,avx512_bf16,amx_bf16,amx_int8,amx_tile,fma",True,True,,,,,,256,128,sh14l07002s1404,3.11.9,2.1.2+cu121
20260428_010731,2026-04-28T07:06:32.003248,cpu,pytorch,separator1_grid_search_6ports_masked_hd16_depth3_stages2_share0,/home/liangyi/SRS_AI/Model_AIIC_refactor/experiments_refactored/20260427_072855_default_6port_separator1_masked_v2/separator1_grid_search_6ports_masked_hd16_depth3_stages2_share0,default_6port_separator1_masked_v2,separator1_grid_search_6ports_masked_hd16_depth3_stages2_share0,supervised_nmse_plateau,separator1,12,6,jit,fp32,float32,32,4,ok,,313.512234,20,50,0.2217716,0.0017106932395961596,0.21872,0.221743,0.2241504,0.22428775,0.22631582,0.228218,144292.5965272379,144.29259652723792,221.743,6.92946875,36073.14913180948,21024,19968,41496,sub-physical,0.03125,0.015625,Intel(R) Xeon(R) 6760P,AVX512,"avx2,avx512f,avx512bw,avx512vl,avx512_vnni,avx512_bf16,amx_bf16,amx_int8,amx_tile,fma",True,True,,,,,,256,128,sh14l07002s1404,3.11.9,2.1.2+cu121
20260428_010731,2026-04-28T07:06:32.003248,cpu,pytorch,separator1_grid_search_6ports_masked_hd16_depth3_stages2_share0,/home/liangyi/SRS_AI/Model_AIIC_refactor/experiments_refactored/20260427_072855_default_6port_separator1_masked_v2/separator1_grid_search_6ports_masked_hd16_depth3_stages2_share0,default_6port_separator1_masked_v2,separator1_grid_search_6ports_masked_hd16_depth3_stages2_share0,supervised_nmse_plateau,separator1,12,6,jit,fp32,float32,32,8,ok,,312.765356,20,50,0.22422096,0.0022316455808214703,0.220662,0.2237515,0.2272575,0.229152,0.22966923,0.230048,142716.36335871543,142.71636335871543,223.7515,6.992234375,17839.54541983943,21024,19968,41496,sub-physical,0.0625,0.03125,Intel(R) Xeon(R) 6760P,AVX512,"avx2,avx512f,avx512bw,avx512vl,avx512_vnni,avx512_bf16,amx_bf16,amx_int8,amx_tile,fma",True,True,,,,,,256,128,sh14l07002s1404,3.11.9,2.1.2+cu121
20260428_010731,2026-04-28T07:06:32.003248,cpu,pytorch,separator1_grid_search_6ports_masked_hd16_depth3_stages2_share0,/home/liangyi/SRS_AI/Model_AIIC_refactor/experiments_refactored/20260427_072855_default_6port_separator1_masked_v2/separator1_grid_search_6ports_masked_hd16_depth3_stages2_share0,default_6port_separator1_masked_v2,separator1_grid_search_6ports_masked_hd16_depth3_stages2_share0,supervised_nmse_plateau,separator1,12,6,jit,fp32,float32,64,1,ok,,314.458923,20,50,0.25668796,0.0016885012165823278,0.253773,0.25646800000000003,0.2590804,0.25941285,0.2614124,0.261481,249329.96467773558,249.32996467773557,256.468,4.0073125,249329.96467773558,21024,19968,41496,single-thread,0.0078125,0.00390625,Intel(R) Xeon(R) 6760P,AVX512,"avx2,avx512f,avx512bw,avx512vl,avx512_vnni,avx512_bf16,amx_bf16,amx_int8,amx_tile,fma",True,True,,,,,,256,128,sh14l07002s1404,3.11.9,2.1.2+cu121
20260428_010731,2026-04-28T07:06:32.003248,cpu,pytorch,separator1_grid_search_6ports_masked_hd16_depth3_stages2_share0,/home/liangyi/SRS_AI/Model_AIIC_refactor/experiments_refactored/20260427_072855_default_6port_separator1_masked_v2/separator1_grid_search_6ports_masked_hd16_depth3_stages2_share0,default_6port_separator1_masked_v2,separator1_grid_search_6ports_masked_hd16_depth3_stages2_share0,supervised_nmse_plateau,separator1,12,6,jit,fp32,float32,64,2,ok,,313.611352,20,50,0.26673399999999997,0.002676319569857087,0.262142,0.2664205,0.270366,0.27096585,0.27358444,0.275321,239939.41529763737,239.93941529763737,266.4205,4.1628203125,119969.70764881869,21024,19968,41496,sub-physical,0.015625,0.0078125,Intel(R) Xeon(R) 6760P,AVX512,"avx2,avx512f,avx512bw,avx512vl,avx512_vnni,avx512_bf16,amx_bf16,amx_int8,amx_tile,fma",True,True,,,,,,256,128,sh14l07002s1404,3.11.9,2.1.2+cu121
20260428_010731,2026-04-28T07:06:32.003248,cpu,pytorch,separator1_grid_search_6ports_masked_hd16_depth3_stages2_share0,/home/liangyi/SRS_AI/Model_AIIC_refactor/experiments_refactored/20260427_072855_default_6port_separator1_masked_v2/separator1_grid_search_6ports_masked_hd16_depth3_stages2_share0,default_6port_separator1_masked_v2,separator1_grid_search_6ports_masked_hd16_depth3_stages2_share0,supervised_nmse_plateau,separator1,12,6,jit,fp32,float32,64,4,ok,,319.252481,20,50,0.25702376,0.006518780976716428,0.25257,0.2554795,0.2611044,0.26233075,0.2815107699999999,0.298184,249004.21657515244,249.00421657515244,255.47950000000003,3.9918671875000005,62251.05414378811,21024,19968,41496,sub-physical,0.03125,0.015625,Intel(R) Xeon(R) 6760P,AVX512,"avx2,avx512f,avx512bw,avx512vl,avx512_vnni,avx512_bf16,amx_bf16,amx_int8,amx_tile,fma",True,True,,,,,,256,128,sh14l07002s1404,3.11.9,2.1.2+cu121
20260428_010731,2026-04-28T07:06:32.003248,cpu,pytorch,separator1_grid_search_6ports_masked_hd16_depth3_stages2_share0,/home/liangyi/SRS_AI/Model_AIIC_refactor/experiments_refactored/20260427_072855_default_6port_separator1_masked_v2/separator1_grid_search_6ports_masked_hd16_depth3_stages2_share0,default_6port_separator1_masked_v2,separator1_grid_search_6ports_masked_hd16_depth3_stages2_share0,supervised_nmse_plateau,separator1,12,6,jit,fp32,float32,64,8,ok,,313.673078,20,50,0.26442416,0.002682050166272065,0.25994,0.2639395,0.267713,0.26913395,0.27237474,0.274224,242035.3722594788,242.0353722594788,263.9395,4.1240546875,30254.42153243485,21024,19968,41496,sub-physical,0.0625,0.03125,Intel(R) Xeon(R) 6760P,AVX512,"avx2,avx512f,avx512bw,avx512vl,avx512_vnni,avx512_bf16,amx_bf16,amx_int8,amx_tile,fma",True,True,,,,,,256,128,sh14l07002s1404,3.11.9,2.1.2+cu121
20260428_010731,2026-04-28T07:06:32.003248,cpu,pytorch,separator1_grid_search_6ports_masked_hd16_depth3_stages2_share0,/home/liangyi/SRS_AI/Model_AIIC_refactor/experiments_refactored/20260427_072855_default_6port_separator1_masked_v2/separator1_grid_search_6ports_masked_hd16_depth3_stages2_share0,default_6port_separator1_masked_v2,separator1_grid_search_6ports_masked_hd16_depth3_stages2_share0,supervised_nmse_plateau,separator1,12,6,jit,fp32,float32,128,1,ok,,316.655107,20,50,0.32133214,0.0026031536029208855,0.317655,0.320579,0.3247587,0.325567,0.32900356,0.329717,398341.72828152205,398.3417282815221,320.579,2.5045234375,398341.72828152205,21024,19968,41496,single-thread,0.0078125,0.00390625,Intel(R) Xeon(R) 6760P,AVX512,"avx2,avx512f,avx512bw,avx512vl,avx512_vnni,avx512_bf16,amx_bf16,amx_int8,amx_tile,fma",True,True,,,,,,256,128,sh14l07002s1404,3.11.9,2.1.2+cu121
20260428_010731,2026-04-28T07:06:32.003248,cpu,pytorch,separator1_grid_search_6ports_masked_hd16_depth3_stages2_share0,/home/liangyi/SRS_AI/Model_AIIC_refactor/experiments_refactored/20260427_072855_default_6port_separator1_masked_v2/separator1_grid_search_6ports_masked_hd16_depth3_stages2_share0,default_6port_separator1_masked_v2,separator1_grid_search_6ports_masked_hd16_depth3_stages2_share0,supervised_nmse_plateau,separator1,12,6,jit,fp32,float32,128,2,ok,,316.485354,20,50,0.32384352,0.003838101688282893,0.317635,0.3236165,0.3293374,0.3302944,0.33290475999999997,0.334706,395252.6207719086,395.2526207719086,323.6165,2.52825390625,197626.3103859543,21024,19968,41496,sub-physical,0.015625,0.0078125,Intel(R) Xeon(R) 6760P,AVX512,"avx2,avx512f,avx512bw,avx512vl,avx512_vnni,avx512_bf16,amx_bf16,amx_int8,amx_tile,fma",True,True,,,,,,256,128,sh14l07002s1404,3.11.9,2.1.2+cu121
20260428_010731,2026-04-28T07:06:32.003248,cpu,pytorch,separator1_grid_search_6ports_masked_hd16_depth3_stages2_share0,/home/liangyi/SRS_AI/Model_AIIC_refactor/experiments_refactored/20260427_072855_default_6port_separator1_masked_v2/separator1_grid_search_6ports_masked_hd16_depth3_stages2_share0,default_6port_separator1_masked_v2,separator1_grid_search_6ports_masked_hd16_depth3_stages2_share0,supervised_nmse_plateau,separator1,12,6,jit,fp32,float32,128,4,ok,,320.527133,20,50,0.32815086,0.003509610166442992,0.322759,0.32793249999999996,0.3315729,0.33382235,0.33852249,0.341805,390064.4965550296,390.06449655502956,327.93249999999995,2.5619726562499996,97516.1241387574,21024,19968,41496,sub-physical,0.03125,0.015625,Intel(R) Xeon(R) 6760P,AVX512,"avx2,avx512f,avx512bw,avx512vl,avx512_vnni,avx512_bf16,amx_bf16,amx_int8,amx_tile,fma",True,True,,,,,,256,128,sh14l07002s1404,3.11.9,2.1.2+cu121
20260428_010731,2026-04-28T07:06:32.003248,cpu,pytorch,separator1_grid_search_6ports_masked_hd16_depth3_stages2_share0,/home/liangyi/SRS_AI/Model_AIIC_refactor/experiments_refactored/20260427_072855_default_6port_separator1_masked_v2/separator1_grid_search_6ports_masked_hd16_depth3_stages2_share0,default_6port_separator1_masked_v2,separator1_grid_search_6ports_masked_hd16_depth3_stages2_share0,supervised_nmse_plateau,separator1,12,6,jit,fp32,float32,128,8,ok,,317.15922,20,50,0.32849836,0.003323719752085002,0.322537,0.3271405,0.3336859,0.33417485,0.33547136,0.33642,389651.86919045803,389.65186919045806,327.1405,2.55578515625,48706.483648807254,21024,19968,41496,sub-physical,0.0625,0.03125,Intel(R) Xeon(R) 6760P,AVX512,"avx2,avx512f,avx512bw,avx512vl,avx512_vnni,avx512_bf16,amx_bf16,amx_int8,amx_tile,fma",True,True,,,,,,256,128,sh14l07002s1404,3.11.9,2.1.2+cu121
20260428_010731,2026-04-28T07:06:32.003248,cpu,pytorch,separator1_grid_search_6ports_masked_hd16_depth3_stages2_share0,/home/liangyi/SRS_AI/Model_AIIC_refactor/experiments_refactored/20260427_072855_default_6port_separator1_masked_v2/separator1_grid_search_6ports_masked_hd16_depth3_stages2_share0,default_6port_separator1_masked_v2,separator1_grid_search_6ports_masked_hd16_depth3_stages2_share0,supervised_nmse_plateau,separator1,12,6,jit,bf16,bfloat16,1,1,ok,,311.521616,20,50,0.15226694,0.0011577894352601441,0.150975,0.151893,0.15379230000000002,0.154442,0.15605513,0.156821,6567.413780036561,6.567413780036561,151.893,151.893,6567.413780036561,21024,19968,41496,single-thread,0.0078125,0.00390625,Intel(R) Xeon(R) 6760P,AVX512,"avx2,avx512f,avx512bw,avx512vl,avx512_vnni,avx512_bf16,amx_bf16,amx_int8,amx_tile,fma",True,True,,,,,,256,128,sh14l07002s1404,3.11.9,2.1.2+cu121
20260428_010731,2026-04-28T07:06:32.003248,cpu,pytorch,separator1_grid_search_6ports_masked_hd16_depth3_stages2_share0,/home/liangyi/SRS_AI/Model_AIIC_refactor/experiments_refactored/20260427_072855_default_6port_separator1_masked_v2/separator1_grid_search_6ports_masked_hd16_depth3_stages2_share0,default_6port_separator1_masked_v2,separator1_grid_search_6ports_masked_hd16_depth3_stages2_share0,supervised_nmse_plateau,separator1,12,6,jit,bf16,bfloat16,1,2,ok,,316.773472,20,50,0.15554016,0.003545882741208456,0.153522,0.154661,0.1563142,0.15850495,0.17013738999999997,0.178364,6429.207736445687,6.429207736445687,154.661,154.661,3214.6038682228436,21024,19968,41496,sub-physical,0.015625,0.0078125,Intel(R) Xeon(R) 6760P,AVX512,"avx2,avx512f,avx512bw,avx512vl,avx512_vnni,avx512_bf16,amx_bf16,amx_int8,amx_tile,fma",True,True,,,,,,256,128,sh14l07002s1404,3.11.9,2.1.2+cu121
20260428_010731,2026-04-28T07:06:32.003248,cpu,pytorch,separator1_grid_search_6ports_masked_hd16_depth3_stages2_share0,/home/liangyi/SRS_AI/Model_AIIC_refactor/experiments_refactored/20260427_072855_default_6port_separator1_masked_v2/separator1_grid_search_6ports_masked_hd16_depth3_stages2_share0,default_6port_separator1_masked_v2,separator1_grid_search_6ports_masked_hd16_depth3_stages2_share0,supervised_nmse_plateau,separator1,12,6,jit,bf16,bfloat16,1,4,ok,,312.870172,20,50,0.1520741,0.002284065789332697,0.150009,0.15141900000000003,0.15372470000000002,0.1572674,0.16043314,0.16093,6575.74169434506,6.5757416943450595,151.41900000000004,151.41900000000004,1643.935423586265,21024,19968,41496,sub-physical,0.03125,0.015625,Intel(R) Xeon(R) 6760P,AVX512,"avx2,avx512f,avx512bw,avx512vl,avx512_vnni,avx512_bf16,amx_bf16,amx_int8,amx_tile,fma",True,True,,,,,,256,128,sh14l07002s1404,3.11.9,2.1.2+cu121
20260428_010731,2026-04-28T07:06:32.003248,cpu,pytorch,separator1_grid_search_6ports_masked_hd16_depth3_stages2_share0,/home/liangyi/SRS_AI/Model_AIIC_refactor/experiments_refactored/20260427_072855_default_6port_separator1_masked_v2/separator1_grid_search_6ports_masked_hd16_depth3_stages2_share0,default_6port_separator1_masked_v2,separator1_grid_search_6ports_masked_hd16_depth3_stages2_share0,supervised_nmse_plateau,separator1,12,6,jit,bf16,bfloat16,1,8,ok,,315.166792,20,50,0.15683692,0.003843409802974436,0.154301,0.156049,0.1581491,0.15895320000000002,0.17202565999999994,0.181858,6376.049720945808,6.376049720945808,156.049,156.049,797.006215118226,21024,19968,41496,sub-physical,0.0625,0.03125,Intel(R) Xeon(R) 6760P,AVX512,"avx2,avx512f,avx512bw,avx512vl,avx512_vnni,avx512_bf16,amx_bf16,amx_int8,amx_tile,fma",True,True,,,,,,256,128,sh14l07002s1404,3.11.9,2.1.2+cu121
20260428_010731,2026-04-28T07:06:32.003248,cpu,pytorch,separator1_grid_search_6ports_masked_hd16_depth3_stages2_share0,/home/liangyi/SRS_AI/Model_AIIC_refactor/experiments_refactored/20260427_072855_default_6port_separator1_masked_v2/separator1_grid_search_6ports_masked_hd16_depth3_stages2_share0,default_6port_separator1_masked_v2,separator1_grid_search_6ports_masked_hd16_depth3_stages2_share0,supervised_nmse_plateau,separator1,12,6,jit,bf16,bfloat16,2,1,ok,,316.722853,20,50,0.16760968,0.001189353747881599,0.165895,0.1671255,0.16886520000000002,0.16916530000000002,0.17157785,0.172428,11932.485045016492,11.932485045016492,167.12550000000002,83.56275000000001,11932.485045016492,21024,19968,41496,single-thread,0.0078125,0.00390625,Intel(R) Xeon(R) 6760P,AVX512,"avx2,avx512f,avx512bw,avx512vl,avx512_vnni,avx512_bf16,amx_bf16,amx_int8,amx_tile,fma",True,True,,,,,,256,128,sh14l07002s1404,3.11.9,2.1.2+cu121
20260428_010731,2026-04-28T07:06:32.003248,cpu,pytorch,separator1_grid_search_6ports_masked_hd16_depth3_stages2_share0,/home/liangyi/SRS_AI/Model_AIIC_refactor/experiments_refactored/20260427_072855_default_6port_separator1_masked_v2/separator1_grid_search_6ports_masked_hd16_depth3_stages2_share0,default_6port_separator1_masked_v2,separator1_grid_search_6ports_masked_hd16_depth3_stages2_share0,supervised_nmse_plateau,separator1,12,6,jit,bf16,bfloat16,2,2,ok,,311.654377,20,50,0.16789914,0.0024387395515716704,0.16564,0.16756949999999998,0.1690805,0.16950384999999998,0.17678860999999996,0.183213,11911.913307000857,11.911913307000857,167.56949999999998,83.78474999999999,5955.956653500429,21024,19968,41496,sub-physical,0.015625,0.0078125,Intel(R) Xeon(R) 6760P,AVX512,"avx2,avx512f,avx512bw,avx512vl,avx512_vnni,avx512_bf16,amx_bf16,amx_int8,amx_tile,fma",True,True,,,,,,256,128,sh14l07002s1404,3.11.9,2.1.2+cu121
20260428_010731,2026-04-28T07:06:32.003248,cpu,pytorch,separator1_grid_search_6ports_masked_hd16_depth3_stages2_share0,/home/liangyi/SRS_AI/Model_AIIC_refactor/experiments_refactored/20260427_072855_default_6port_separator1_masked_v2/separator1_grid_search_6ports_masked_hd16_depth3_stages2_share0,default_6port_separator1_masked_v2,separator1_grid_search_6ports_masked_hd16_depth3_stages2_share0,supervised_nmse_plateau,separator1,12,6,jit,bf16,bfloat16,2,4,ok,,311.740128,20,50,0.1751866,0.0011602029132871533,0.173152,0.175006,0.17659160000000002,0.1772854,0.17816939999999998,0.178336,11416.39828617029,11.41639828617029,175.006,87.503,2854.0995715425724,21024,19968,41496,sub-physical,0.03125,0.015625,Intel(R) Xeon(R) 6760P,AVX512,"avx2,avx512f,avx512bw,avx512vl,avx512_vnni,avx512_bf16,amx_bf16,amx_int8,amx_tile,fma",True,True,,,,,,256,128,sh14l07002s1404,3.11.9,2.1.2+cu121
20260428_010731,2026-04-28T07:06:32.003248,cpu,pytorch,separator1_grid_search_6ports_masked_hd16_depth3_stages2_share0,/home/liangyi/SRS_AI/Model_AIIC_refactor/experiments_refactored/20260427_072855_default_6port_separator1_masked_v2/separator1_grid_search_6ports_masked_hd16_depth3_stages2_share0,default_6port_separator1_masked_v2,separator1_grid_search_6ports_masked_hd16_depth3_stages2_share0,supervised_nmse_plateau,separator1,12,6,jit,bf16,bfloat16,2,8,ok,,314.223907,20,50,0.17296814,0.0036521760308616024,0.17037,0.172335,0.1745298,0.1757561,0.18694074999999996,0.196949,11562.82307250341,11.56282307250341,172.33499999999998,86.16749999999999,1445.3528840629263,21024,19968,41496,sub-physical,0.0625,0.03125,Intel(R) Xeon(R) 6760P,AVX512,"avx2,avx512f,avx512bw,avx512vl,avx512_vnni,avx512_bf16,amx_bf16,amx_int8,amx_tile,fma",True,True,,,,,,256,128,sh14l07002s1404,3.11.9,2.1.2+cu121
20260428_010731,2026-04-28T07:06:32.003248,cpu,pytorch,separator1_grid_search_6ports_masked_hd16_depth3_stages2_share0,/home/liangyi/SRS_AI/Model_AIIC_refactor/experiments_refactored/20260427_072855_default_6port_separator1_masked_v2/separator1_grid_search_6ports_masked_hd16_depth3_stages2_share0,default_6port_separator1_masked_v2,separator1_grid_search_6ports_masked_hd16_depth3_stages2_share0,supervised_nmse_plateau,separator1,12,6,jit,bf16,bfloat16,4,1,ok,,313.657491,20,50,0.19625906,0.0023003688261667935,0.19395,0.1953925,0.2000248,0.2007458,0.20291685999999998,0.204086,20381.224693524975,20.381224693524974,195.39249999999998,48.848124999999996,20381.224693524975,21024,19968,41496,single-thread,0.0078125,0.00390625,Intel(R) Xeon(R) 6760P,AVX512,"avx2,avx512f,avx512bw,avx512vl,avx512_vnni,avx512_bf16,amx_bf16,amx_int8,amx_tile,fma",True,True,,,,,,256,128,sh14l07002s1404,3.11.9,2.1.2+cu121
20260428_010731,2026-04-28T07:06:32.003248,cpu,pytorch,separator1_grid_search_6ports_masked_hd16_depth3_stages2_share0,/home/liangyi/SRS_AI/Model_AIIC_refactor/experiments_refactored/20260427_072855_default_6port_separator1_masked_v2/separator1_grid_search_6ports_masked_hd16_depth3_stages2_share0,default_6port_separator1_masked_v2,separator1_grid_search_6ports_masked_hd16_depth3_stages2_share0,supervised_nmse_plateau,separator1,12,6,jit,bf16,bfloat16,4,2,ok,,313.933826,20,50,0.19749784,0.003004448617367256,0.194939,0.19627050000000001,0.2025531,0.203085,0.20858854000000002,0.208713,20253.386062348833,20.25338606234883,196.27050000000003,49.06762500000001,10126.693031174416,21024,19968,41496,sub-physical,0.015625,0.0078125,Intel(R) Xeon(R) 6760P,AVX512,"avx2,avx512f,avx512bw,avx512vl,avx512_vnni,avx512_bf16,amx_bf16,amx_int8,amx_tile,fma",True,True,,,,,,256,128,sh14l07002s1404,3.11.9,2.1.2+cu121
20260428_010731,2026-04-28T07:06:32.003248,cpu,pytorch,separator1_grid_search_6ports_masked_hd16_depth3_stages2_share0,/home/liangyi/SRS_AI/Model_AIIC_refactor/experiments_refactored/20260427_072855_default_6port_separator1_masked_v2/separator1_grid_search_6ports_masked_hd16_depth3_stages2_share0,default_6port_separator1_masked_v2,separator1_grid_search_6ports_masked_hd16_depth3_stages2_share0,supervised_nmse_plateau,separator1,12,6,jit,bf16,bfloat16,4,4,ok,,316.076305,20,50,0.19727186,0.0026652834071445378,0.194332,0.1963355,0.201824,0.20274375,0.20443695,0.205341,20276.58683808223,20.276586838082228,196.3355,49.083875,5069.146709520557,21024,19968,41496,sub-physical,0.03125,0.015625,Intel(R) Xeon(R) 6760P,AVX512,"avx2,avx512f,avx512bw,avx512vl,avx512_vnni,avx512_bf16,amx_bf16,amx_int8,amx_tile,fma",True,True,,,,,,256,128,sh14l07002s1404,3.11.9,2.1.2+cu121
20260428_010731,2026-04-28T07:06:32.003248,cpu,pytorch,separator1_grid_search_6ports_masked_hd16_depth3_stages2_share0,/home/liangyi/SRS_AI/Model_AIIC_refactor/experiments_refactored/20260427_072855_default_6port_separator1_masked_v2/separator1_grid_search_6ports_masked_hd16_depth3_stages2_share0,default_6port_separator1_masked_v2,separator1_grid_search_6ports_masked_hd16_depth3_stages2_share0,supervised_nmse_plateau,separator1,12,6,jit,bf16,bfloat16,4,8,ok,,309.862646,20,50,0.1971213,0.002066802353879055,0.195019,0.19663049999999999,0.2014532,0.20199185,0.20263363,0.202885,20292.073966638818,20.292073966638817,196.63049999999998,49.157624999999996,2536.5092458298523,21024,19968,41496,sub-physical,0.0625,0.03125,Intel(R) Xeon(R) 6760P,AVX512,"avx2,avx512f,avx512bw,avx512vl,avx512_vnni,avx512_bf16,amx_bf16,amx_int8,amx_tile,fma",True,True,,,,,,256,128,sh14l07002s1404,3.11.9,2.1.2+cu121
20260428_010731,2026-04-28T07:06:32.003248,cpu,pytorch,separator1_grid_search_6ports_masked_hd16_depth3_stages2_share0,/home/liangyi/SRS_AI/Model_AIIC_refactor/experiments_refactored/20260427_072855_default_6port_separator1_masked_v2/separator1_grid_search_6ports_masked_hd16_depth3_stages2_share0,default_6port_separator1_masked_v2,separator1_grid_search_6ports_masked_hd16_depth3_stages2_share0,supervised_nmse_plateau,separator1,12,6,jit,bf16,bfloat16,8,1,ok,,312.114025,20,50,0.25307808,0.0014245582591105228,0.251316,0.25267300000000004,0.2553957,0.2561929,0.2568833,0.256996,31610.79774273616,31.610797742736157,252.67300000000003,31.584125000000004,31610.79774273616,21024,19968,41496,single-thread,0.0078125,0.00390625,Intel(R) Xeon(R) 6760P,AVX512,"avx2,avx512f,avx512bw,avx512vl,avx512_vnni,avx512_bf16,amx_bf16,amx_int8,amx_tile,fma",True,True,,,,,,256,128,sh14l07002s1404,3.11.9,2.1.2+cu121
20260428_010731,2026-04-28T07:06:32.003248,cpu,pytorch,separator1_grid_search_6ports_masked_hd16_depth3_stages2_share0,/home/liangyi/SRS_AI/Model_AIIC_refactor/experiments_refactored/20260427_072855_default_6port_separator1_masked_v2/separator1_grid_search_6ports_masked_hd16_depth3_stages2_share0,default_6port_separator1_masked_v2,separator1_grid_search_6ports_masked_hd16_depth3_stages2_share0,supervised_nmse_plateau,separator1,12,6,jit,bf16,bfloat16,8,2,ok,,313.360697,20,50,0.25269482,0.0014933685906700982,0.251173,0.25221550000000004,0.2538445,0.2552958,0.25832032,0.259708,31658.741560274168,31.65874156027417,252.21550000000005,31.526937500000006,15829.370780137084,21024,19968,41496,sub-physical,0.015625,0.0078125,Intel(R) Xeon(R) 6760P,AVX512,"avx2,avx512f,avx512bw,avx512vl,avx512_vnni,avx512_bf16,amx_bf16,amx_int8,amx_tile,fma",True,True,,,,,,256,128,sh14l07002s1404,3.11.9,2.1.2+cu121
20260428_010731,2026-04-28T07:06:32.003248,cpu,pytorch,separator1_grid_search_6ports_masked_hd16_depth3_stages2_share0,/home/liangyi/SRS_AI/Model_AIIC_refactor/experiments_refactored/20260427_072855_default_6port_separator1_masked_v2/separator1_grid_search_6ports_masked_hd16_depth3_stages2_share0,default_6port_separator1_masked_v2,separator1_grid_search_6ports_masked_hd16_depth3_stages2_share0,supervised_nmse_plateau,separator1,12,6,jit,bf16,bfloat16,8,4,ok,,310.963697,20,50,0.25339868,0.001469030951886307,0.251044,0.253236,0.25485620000000003,0.2557502,0.25819873,0.25821,31570.803762671534,31.570803762671535,253.23600000000002,31.654500000000002,7892.7009406678835,21024,19968,41496,sub-physical,0.03125,0.015625,Intel(R) Xeon(R) 6760P,AVX512,"avx2,avx512f,avx512bw,avx512vl,avx512_vnni,avx512_bf16,amx_bf16,amx_int8,amx_tile,fma",True,True,,,,,,256,128,sh14l07002s1404,3.11.9,2.1.2+cu121
20260428_010731,2026-04-28T07:06:32.003248,cpu,pytorch,separator1_grid_search_6ports_masked_hd16_depth3_stages2_share0,/home/liangyi/SRS_AI/Model_AIIC_refactor/experiments_refactored/20260427_072855_default_6port_separator1_masked_v2/separator1_grid_search_6ports_masked_hd16_depth3_stages2_share0,default_6port_separator1_masked_v2,separator1_grid_search_6ports_masked_hd16_depth3_stages2_share0,supervised_nmse_plateau,separator1,12,6,jit,bf16,bfloat16,8,8,ok,,312.304132,20,50,0.2556991,0.002138421158238011,0.253054,0.25506949999999995,0.25998550000000004,0.2605583,0.26118842999999997,0.261283,31286.77418105891,31.28677418105891,255.06949999999995,31.883687499999994,3910.846772632364,21024,19968,41496,sub-physical,0.0625,0.03125,Intel(R) Xeon(R) 6760P,AVX512,"avx2,avx512f,avx512bw,avx512vl,avx512_vnni,avx512_bf16,amx_bf16,amx_int8,amx_tile,fma",True,True,,,,,,256,128,sh14l07002s1404,3.11.9,2.1.2+cu121
20260428_010731,2026-04-28T07:06:32.003248,cpu,pytorch,separator1_grid_search_6ports_masked_hd16_depth3_stages2_share0,/home/liangyi/SRS_AI/Model_AIIC_refactor/experiments_refactored/20260427_072855_default_6port_separator1_masked_v2/separator1_grid_search_6ports_masked_hd16_depth3_stages2_share0,default_6port_separator1_masked_v2,separator1_grid_search_6ports_masked_hd16_depth3_stages2_share0,supervised_nmse_plateau,separator1,12,6,jit,bf16,bfloat16,16,1,ok,,319.024547,20,50,0.5631392,0.005626715692124495,0.555776,0.5624505,0.5680276,0.5686303,0.5821902899999999,0.594773,28412.158130707292,28.412158130707294,562.4504999999999,35.153156249999995,28412.158130707292,21024,19968,41496,single-thread,0.0078125,0.00390625,Intel(R) Xeon(R) 6760P,AVX512,"avx2,avx512f,avx512bw,avx512vl,avx512_vnni,avx512_bf16,amx_bf16,amx_int8,amx_tile,fma",True,True,,,,,,256,128,sh14l07002s1404,3.11.9,2.1.2+cu121
20260428_010731,2026-04-28T07:06:32.003248,cpu,pytorch,separator1_grid_search_6ports_masked_hd16_depth3_stages2_share0,/home/liangyi/SRS_AI/Model_AIIC_refactor/experiments_refactored/20260427_072855_default_6port_separator1_masked_v2/separator1_grid_search_6ports_masked_hd16_depth3_stages2_share0,default_6port_separator1_masked_v2,separator1_grid_search_6ports_masked_hd16_depth3_stages2_share0,supervised_nmse_plateau,separator1,12,6,jit,bf16,bfloat16,16,2,ok,,326.361287,20,50,0.6614056,0.10864522515950711,0.617404,0.6308925000000001,0.7033977,0.71080055,1.0753166699999988,1.384172,24190.904945467653,24.190904945467654,630.8925,39.43078125,12095.452472733827,21024,19968,41496,sub-physical,0.015625,0.0078125,Intel(R) Xeon(R) 6760P,AVX512,"avx2,avx512f,avx512bw,avx512vl,avx512_vnni,avx512_bf16,amx_bf16,amx_int8,amx_tile,fma",True,True,,,,,,256,128,sh14l07002s1404,3.11.9,2.1.2+cu121
20260428_010731,2026-04-28T07:06:32.003248,cpu,pytorch,separator1_grid_search_6ports_masked_hd16_depth3_stages2_share0,/home/liangyi/SRS_AI/Model_AIIC_refactor/experiments_refactored/20260427_072855_default_6port_separator1_masked_v2/separator1_grid_search_6ports_masked_hd16_depth3_stages2_share0,default_6port_separator1_masked_v2,separator1_grid_search_6ports_masked_hd16_depth3_stages2_share0,supervised_nmse_plateau,separator1,12,6,jit,bf16,bfloat16,16,4,ok,,320.638503,20,50,0.62884264,0.02742618313200727,0.609879,0.620305,0.6711954,0.688596,0.72709505,0.749221,25443.567249192896,25.443567249192895,620.305,38.7690625,6360.891812298224,21024,19968,41496,sub-physical,0.03125,0.015625,Intel(R) Xeon(R) 6760P,AVX512,"avx2,avx512f,avx512bw,avx512vl,avx512_vnni,avx512_bf16,amx_bf16,amx_int8,amx_tile,fma",True,True,,,,,,256,128,sh14l07002s1404,3.11.9,2.1.2+cu121
20260428_010731,2026-04-28T07:06:32.003248,cpu,pytorch,separator1_grid_search_6ports_masked_hd16_depth3_stages2_share0,/home/liangyi/SRS_AI/Model_AIIC_refactor/experiments_refactored/20260427_072855_default_6port_separator1_masked_v2/separator1_grid_search_6ports_masked_hd16_depth3_stages2_share0,default_6port_separator1_masked_v2,separator1_grid_search_6ports_masked_hd16_depth3_stages2_share0,supervised_nmse_plateau,separator1,12,6,jit,bf16,bfloat16,16,8,ok,,327.949372,20,50,0.77727994,0.035022771409704286,0.720084,0.7739579999999999,0.8049301,0.8254526,0.8934654099999998,0.937267,20584.60430613969,20.58460430613969,773.958,48.372375,2573.075538267461,21024,19968,41496,sub-physical,0.0625,0.03125,Intel(R) Xeon(R) 6760P,AVX512,"avx2,avx512f,avx512bw,avx512vl,avx512_vnni,avx512_bf16,amx_bf16,amx_int8,amx_tile,fma",True,True,,,,,,256,128,sh14l07002s1404,3.11.9,2.1.2+cu121
20260428_010731,2026-04-28T07:06:32.003248,cpu,pytorch,separator1_grid_search_6ports_masked_hd16_depth3_stages2_share0,/home/liangyi/SRS_AI/Model_AIIC_refactor/experiments_refactored/20260427_072855_default_6port_separator1_masked_v2/separator1_grid_search_6ports_masked_hd16_depth3_stages2_share0,default_6port_separator1_masked_v2,separator1_grid_search_6ports_masked_hd16_depth3_stages2_share0,supervised_nmse_plateau,separator1,12,6,jit,bf16,bfloat16,32,1,ok,,327.75026,20,50,0.93011122,0.021391334514975924,0.904715,0.9221075,0.958605,0.9770987,0.98325397,0.988716,34404.48766976491,34.40448766976491,922.1075,28.815859375,34404.48766976491,21024,19968,41496,single-thread,0.0078125,0.00390625,Intel(R) Xeon(R) 6760P,AVX512,"avx2,avx512f,avx512bw,avx512vl,avx512_vnni,avx512_bf16,amx_bf16,amx_int8,amx_tile,fma",True,True,,,,,,256,128,sh14l07002s1404,3.11.9,2.1.2+cu121
20260428_010731,2026-04-28T07:06:32.003248,cpu,pytorch,separator1_grid_search_6ports_masked_hd16_depth3_stages2_share0,/home/liangyi/SRS_AI/Model_AIIC_refactor/experiments_refactored/20260427_072855_default_6port_separator1_masked_v2/separator1_grid_search_6ports_masked_hd16_depth3_stages2_share0,default_6port_separator1_masked_v2,separator1_grid_search_6ports_masked_hd16_depth3_stages2_share0,supervised_nmse_plateau,separator1,12,6,jit,bf16,bfloat16,32,2,ok,,325.754071,20,50,1.05684596,0.005889122827586458,1.046421,1.056843,1.0637513,1.06633395,1.06727178,1.067751,30278.774023037382,30.278774023037382,1056.843,33.02634375,15139.387011518691,21024,19968,41496,sub-physical,0.015625,0.0078125,Intel(R) Xeon(R) 6760P,AVX512,"avx2,avx512f,avx512bw,avx512vl,avx512_vnni,avx512_bf16,amx_bf16,amx_int8,amx_tile,fma",True,True,,,,,,256,128,sh14l07002s1404,3.11.9,2.1.2+cu121
20260428_010731,2026-04-28T07:06:32.003248,cpu,pytorch,separator1_grid_search_6ports_masked_hd16_depth3_stages2_share0,/home/liangyi/SRS_AI/Model_AIIC_refactor/experiments_refactored/20260427_072855_default_6port_separator1_masked_v2/separator1_grid_search_6ports_masked_hd16_depth3_stages2_share0,default_6port_separator1_masked_v2,separator1_grid_search_6ports_masked_hd16_depth3_stages2_share0,supervised_nmse_plateau,separator1,12,6,jit,bf16,bfloat16,32,4,ok,,333.113532,20,50,1.12348574,0.0074023156939163216,1.106837,1.12211,1.1320164,1.135557,1.14228614,1.146556,28482.782522900554,28.482782522900553,1122.11,35.0659375,7120.6956307251385,21024,19968,41496,sub-physical,0.03125,0.015625,Intel(R) Xeon(R) 6760P,AVX512,"avx2,avx512f,avx512bw,avx512vl,avx512_vnni,avx512_bf16,amx_bf16,amx_int8,amx_tile,fma",True,True,,,,,,256,128,sh14l07002s1404,3.11.9,2.1.2+cu121
20260428_010731,2026-04-28T07:06:32.003248,cpu,pytorch,separator1_grid_search_6ports_masked_hd16_depth3_stages2_share0,/home/liangyi/SRS_AI/Model_AIIC_refactor/experiments_refactored/20260427_072855_default_6port_separator1_masked_v2/separator1_grid_search_6ports_masked_hd16_depth3_stages2_share0,default_6port_separator1_masked_v2,separator1_grid_search_6ports_masked_hd16_depth3_stages2_share0,supervised_nmse_plateau,separator1,12,6,jit,bf16,bfloat16,32,8,ok,,334.527856,20,50,1.26664348,0.026968715534292705,1.237954,1.257221,1.3060338,1.3312145,1.35970955,1.365102,25263.62035195571,25.26362035195571,1257.221,39.28815625,3157.9525439944637,21024,19968,41496,sub-physical,0.0625,0.03125,Intel(R) Xeon(R) 6760P,AVX512,"avx2,avx512f,avx512bw,avx512vl,avx512_vnni,avx512_bf16,amx_bf16,amx_int8,amx_tile,fma",True,True,,,,,,256,128,sh14l07002s1404,3.11.9,2.1.2+cu121
20260428_010731,2026-04-28T07:06:32.003248,cpu,pytorch,separator1_grid_search_6ports_masked_hd16_depth3_stages2_share0,/home/liangyi/SRS_AI/Model_AIIC_refactor/experiments_refactored/20260427_072855_default_6port_separator1_masked_v2/separator1_grid_search_6ports_masked_hd16_depth3_stages2_share0,default_6port_separator1_masked_v2,separator1_grid_search_6ports_masked_hd16_depth3_stages2_share0,supervised_nmse_plateau,separator1,12,6,jit,bf16,bfloat16,64,1,ok,,322.921919,20,50,1.03336998,0.028329959184926472,1.000516,1.020872,1.0771656,1.08241905,1.1095886899999998,1.129492,61933.287436896506,61.93328743689651,1020.872,15.951125,61933.287436896506,21024,19968,41496,single-thread,0.0078125,0.00390625,Intel(R) Xeon(R) 6760P,AVX512,"avx2,avx512f,avx512bw,avx512vl,avx512_vnni,avx512_bf16,amx_bf16,amx_int8,amx_tile,fma",True,True,,,,,,256,128,sh14l07002s1404,3.11.9,2.1.2+cu121
20260428_010731,2026-04-28T07:06:32.003248,cpu,pytorch,separator1_grid_search_6ports_masked_hd16_depth3_stages2_share0,/home/liangyi/SRS_AI/Model_AIIC_refactor/experiments_refactored/20260427_072855_default_6port_separator1_masked_v2/separator1_grid_search_6ports_masked_hd16_depth3_stages2_share0,default_6port_separator1_masked_v2,separator1_grid_search_6ports_masked_hd16_depth3_stages2_share0,supervised_nmse_plateau,separator1,12,6,jit,bf16,bfloat16,64,2,ok,,325.533516,20,50,1.30350758,0.03264945231950453,1.254607,1.303746,1.3398478999999999,1.3505635,1.39065932,1.400034,49098.29523200778,49.09829523200778,1303.746,20.37103125,24549.14761600389,21024,19968,41496,sub-physical,0.015625,0.0078125,Intel(R) Xeon(R) 6760P,AVX512,"avx2,avx512f,avx512bw,avx512vl,avx512_vnni,avx512_bf16,amx_bf16,amx_int8,amx_tile,fma",True,True,,,,,,256,128,sh14l07002s1404,3.11.9,2.1.2+cu121
20260428_010731,2026-04-28T07:06:32.003248,cpu,pytorch,separator1_grid_search_6ports_masked_hd16_depth3_stages2_share0,/home/liangyi/SRS_AI/Model_AIIC_refactor/experiments_refactored/20260427_072855_default_6port_separator1_masked_v2/separator1_grid_search_6ports_masked_hd16_depth3_stages2_share0,default_6port_separator1_masked_v2,separator1_grid_search_6ports_masked_hd16_depth3_stages2_share0,supervised_nmse_plateau,separator1,12,6,jit,bf16,bfloat16,64,4,ok,,327.501357,20,50,1.30080528,0.03986581510569677,1.24938,1.2925015000000002,1.3679007,1.3845074499999999,1.39026325,1.390643,49200.29229893655,49.200292298936546,1292.5015000000003,20.195335937500005,12300.073074734137,21024,19968,41496,sub-physical,0.03125,0.015625,Intel(R) Xeon(R) 6760P,AVX512,"avx2,avx512f,avx512bw,avx512vl,avx512_vnni,avx512_bf16,amx_bf16,amx_int8,amx_tile,fma",True,True,,,,,,256,128,sh14l07002s1404,3.11.9,2.1.2+cu121
20260428_010731,2026-04-28T07:06:32.003248,cpu,pytorch,separator1_grid_search_6ports_masked_hd16_depth3_stages2_share0,/home/liangyi/SRS_AI/Model_AIIC_refactor/experiments_refactored/20260427_072855_default_6port_separator1_masked_v2/separator1_grid_search_6ports_masked_hd16_depth3_stages2_share0,default_6port_separator1_masked_v2,separator1_grid_search_6ports_masked_hd16_depth3_stages2_share0,supervised_nmse_plateau,separator1,12,6,jit,bf16,bfloat16,64,8,ok,,329.757526,20,50,1.37892484,0.023699484029286375,1.325445,1.3804405000000002,1.410095,1.4131443,1.41508433,1.415615,46412.97200795948,46.412972007959475,1380.4405000000002,21.569382812500002,5801.621500994935,21024,19968,41496,sub-physical,0.0625,0.03125,Intel(R) Xeon(R) 6760P,AVX512,"avx2,avx512f,avx512bw,avx512vl,avx512_vnni,avx512_bf16,amx_bf16,amx_int8,amx_tile,fma",True,True,,,,,,256,128,sh14l07002s1404,3.11.9,2.1.2+cu121
20260428_010731,2026-04-28T07:06:32.003248,cpu,pytorch,separator1_grid_search_6ports_masked_hd16_depth3_stages2_share0,/home/liangyi/SRS_AI/Model_AIIC_refactor/experiments_refactored/20260427_072855_default_6port_separator1_masked_v2/separator1_grid_search_6ports_masked_hd16_depth3_stages2_share0,default_6port_separator1_masked_v2,separator1_grid_search_6ports_masked_hd16_depth3_stages2_share0,supervised_nmse_plateau,separator1,12,6,jit,bf16,bfloat16,128,1,ok,,330.064599,20,50,1.14831524,0.016599217068958415,1.125611,1.1436975,1.1715128000000001,1.1763842,1.18555406,1.187272,111467.64890101083,111.46764890101083,1143.6975,8.93513671875,111467.64890101083,21024,19968,41496,single-thread,0.0078125,0.00390625,Intel(R) Xeon(R) 6760P,AVX512,"avx2,avx512f,avx512bw,avx512vl,avx512_vnni,avx512_bf16,amx_bf16,amx_int8,amx_tile,fma",True,True,,,,,,256,128,sh14l07002s1404,3.11.9,2.1.2+cu121
20260428_010731,2026-04-28T07:06:32.003248,cpu,pytorch,separator1_grid_search_6ports_masked_hd16_depth3_stages2_share0,/home/liangyi/SRS_AI/Model_AIIC_refactor/experiments_refactored/20260427_072855_default_6port_separator1_masked_v2/separator1_grid_search_6ports_masked_hd16_depth3_stages2_share0,default_6port_separator1_masked_v2,separator1_grid_search_6ports_masked_hd16_depth3_stages2_share0,supervised_nmse_plateau,separator1,12,6,jit,bf16,bfloat16,128,2,ok,,328.908147,20,50,1.488542,0.01849048037234294,1.456817,1.4868115,1.5089505,1.5160566,1.53964999,1.546926,85990.18368309393,85.99018368309393,1486.8115,11.61571484375,42995.091841546964,21024,19968,41496,sub-physical,0.015625,0.0078125,Intel(R) Xeon(R) 6760P,AVX512,"avx2,avx512f,avx512bw,avx512vl,avx512_vnni,avx512_bf16,amx_bf16,amx_int8,amx_tile,fma",True,True,,,,,,256,128,sh14l07002s1404,3.11.9,2.1.2+cu121
20260428_010731,2026-04-28T07:06:32.003248,cpu,pytorch,separator1_grid_search_6ports_masked_hd16_depth3_stages2_share0,/home/liangyi/SRS_AI/Model_AIIC_refactor/experiments_refactored/20260427_072855_default_6port_separator1_masked_v2/separator1_grid_search_6ports_masked_hd16_depth3_stages2_share0,default_6port_separator1_masked_v2,separator1_grid_search_6ports_masked_hd16_depth3_stages2_share0,supervised_nmse_plateau,separator1,12,6,jit,bf16,bfloat16,128,4,ok,,330.837199,20,50,1.54473898,0.016939448899524444,1.516733,1.5406005,1.5674311,1.5712392499999999,1.58350531,1.584378,82861.89554173095,82.86189554173095,1540.6005,12.03594140625,20715.473885432737,21024,19968,41496,sub-physical,0.03125,0.015625,Intel(R) Xeon(R) 6760P,AVX512,"avx2,avx512f,avx512bw,avx512vl,avx512_vnni,avx512_bf16,amx_bf16,amx_int8,amx_tile,fma",True,True,,,,,,256,128,sh14l07002s1404,3.11.9,2.1.2+cu121
20260428_010731,2026-04-28T07:06:32.003248,cpu,pytorch,separator1_grid_search_6ports_masked_hd16_depth3_stages2_share0,/home/liangyi/SRS_AI/Model_AIIC_refactor/experiments_refactored/20260427_072855_default_6port_separator1_masked_v2/separator1_grid_search_6ports_masked_hd16_depth3_stages2_share0,default_6port_separator1_masked_v2,separator1_grid_search_6ports_masked_hd16_depth3_stages2_share0,supervised_nmse_plateau,separator1,12,6,jit,bf16,bfloat16,128,8,ok,,331.739505,20,50,1.5245353,0.015873471619340235,1.486297,1.52349,1.547563,1.5497659,1.55728016,1.561404,83960.0106340601,83.96001063406011,1523.49,11.902265625,10495.001329257513,21024,19968,41496,sub-physical,0.0625,0.03125,Intel(R) Xeon(R) 6760P,AVX512,"avx2,avx512f,avx512bw,avx512vl,avx512_vnni,avx512_bf16,amx_bf16,amx_int8,amx_tile,fma",True,True,,,,,,256,128,sh14l07002s1404,3.11.9,2.1.2+cu121
20260428_010731,2026-04-28T07:06:32.003248,cpu,pytorch,separator1_grid_search_6ports_masked_hd16_depth3_stages2_share0,/home/liangyi/SRS_AI/Model_AIIC_refactor/experiments_refactored/20260427_072855_default_6port_separator1_masked_v2/separator1_grid_search_6ports_masked_hd16_depth3_stages2_share0,default_6port_separator1_masked_v2,separator1_grid_search_6ports_masked_hd16_depth3_stages2_share0,supervised_nmse_plateau,separator1,12,6,compile,fp32,float32,1,1,ok,,492.284937,20,50,0.47549978,0.020442830885462022,0.461874,0.4684405,0.4943979,0.5209692499999999,0.5523910399999999,0.569641,2103.0503946815707,2.1030503946815706,468.4405,468.4405,2103.0503946815707,21024,19968,41496,single-thread,0.0078125,0.00390625,Intel(R) Xeon(R) 6760P,AVX512,"avx2,avx512f,avx512bw,avx512vl,avx512_vnni,avx512_bf16,amx_bf16,amx_int8,amx_tile,fma",True,True,,,,,,256,128,sh14l07002s1404,3.11.9,2.1.2+cu121
20260428_010731,2026-04-28T07:06:32.003248,cpu,pytorch,separator1_grid_search_6ports_masked_hd16_depth3_stages2_share0,/home/liangyi/SRS_AI/Model_AIIC_refactor/experiments_refactored/20260427_072855_default_6port_separator1_masked_v2/separator1_grid_search_6ports_masked_hd16_depth3_stages2_share0,default_6port_separator1_masked_v2,separator1_grid_search_6ports_masked_hd16_depth3_stages2_share0,supervised_nmse_plateau,separator1,12,6,compile,fp32,float32,1,2,ok,,505.010802,20,50,0.47016098,0.015630235426876967,0.459227,0.4664975,0.4721483,0.50643595,0.5317213199999999,0.550406,2126.931077946962,2.126931077946962,466.4975,466.4975,1063.465538973481,21024,19968,41496,sub-physical,0.015625,0.0078125,Intel(R) Xeon(R) 6760P,AVX512,"avx2,avx512f,avx512bw,avx512vl,avx512_vnni,avx512_bf16,amx_bf16,amx_int8,amx_tile,fma",True,True,,,,,,256,128,sh14l07002s1404,3.11.9,2.1.2+cu121
20260428_010731,2026-04-28T07:06:32.003248,cpu,pytorch,separator1_grid_search_6ports_masked_hd16_depth3_stages2_share0,/home/liangyi/SRS_AI/Model_AIIC_refactor/experiments_refactored/20260427_072855_default_6port_separator1_masked_v2/separator1_grid_search_6ports_masked_hd16_depth3_stages2_share0,default_6port_separator1_masked_v2,separator1_grid_search_6ports_masked_hd16_depth3_stages2_share0,supervised_nmse_plateau,separator1,12,6,compile,fp32,float32,1,4,ok,,513.126224,20,50,0.48003288,0.019702359866411938,0.468504,0.4745525,0.4821808,0.5247276,0.5608324499999999,0.570826,2083.1906347748513,2.0831906347748514,474.5525,474.5525,520.7976586937128,21024,19968,41496,sub-physical,0.03125,0.015625,Intel(R) Xeon(R) 6760P,AVX512,"avx2,avx512f,avx512bw,avx512vl,avx512_vnni,avx512_bf16,amx_bf16,amx_int8,amx_tile,fma",True,True,,,,,,256,128,sh14l07002s1404,3.11.9,2.1.2+cu121
20260428_010731,2026-04-28T07:06:32.003248,cpu,pytorch,separator1_grid_search_6ports_masked_hd16_depth3_stages2_share0,/home/liangyi/SRS_AI/Model_AIIC_refactor/experiments_refactored/20260427_072855_default_6port_separator1_masked_v2/separator1_grid_search_6ports_masked_hd16_depth3_stages2_share0,default_6port_separator1_masked_v2,separator1_grid_search_6ports_masked_hd16_depth3_stages2_share0,supervised_nmse_plateau,separator1,12,6,compile,fp32,float32,1,8,ok,,544.80283,20,50,0.47582914,0.021409342052487276,0.462261,0.469584,0.4793349,0.5304812999999999,0.55969154,0.573781,2101.594702669954,2.101594702669954,469.584,469.584,262.69933783374427,21024,19968,41496,sub-physical,0.0625,0.03125,Intel(R) Xeon(R) 6760P,AVX512,"avx2,avx512f,avx512bw,avx512vl,avx512_vnni,avx512_bf16,amx_bf16,amx_int8,amx_tile,fma",True,True,,,,,,256,128,sh14l07002s1404,3.11.9,2.1.2+cu121
20260428_010731,2026-04-28T07:06:32.003248,cpu,pytorch,separator1_grid_search_6ports_masked_hd16_depth3_stages2_share0,/home/liangyi/SRS_AI/Model_AIIC_refactor/experiments_refactored/20260427_072855_default_6port_separator1_masked_v2/separator1_grid_search_6ports_masked_hd16_depth3_stages2_share0,default_6port_separator1_masked_v2,separator1_grid_search_6ports_masked_hd16_depth3_stages2_share0,supervised_nmse_plateau,separator1,12,6,compile,fp32,float32,2,1,ok,,494.877962,20,50,0.48999234,0.016062785381881932,0.479047,0.4860135,0.4945577,0.5052841499999999,0.56475327,0.569446,4081.6964608058975,4.081696460805897,486.01349999999996,243.00674999999998,4081.6964608058975,21024,19968,41496,single-thread,0.0078125,0.00390625,Intel(R) Xeon(R) 6760P,AVX512,"avx2,avx512f,avx512bw,avx512vl,avx512_vnni,avx512_bf16,amx_bf16,amx_int8,amx_tile,fma",True,True,,,,,,256,128,sh14l07002s1404,3.11.9,2.1.2+cu121
20260428_010731,2026-04-28T07:06:32.003248,cpu,pytorch,separator1_grid_search_6ports_masked_hd16_depth3_stages2_share0,/home/liangyi/SRS_AI/Model_AIIC_refactor/experiments_refactored/20260427_072855_default_6port_separator1_masked_v2/separator1_grid_search_6ports_masked_hd16_depth3_stages2_share0,default_6port_separator1_masked_v2,separator1_grid_search_6ports_masked_hd16_depth3_stages2_share0,supervised_nmse_plateau,separator1,12,6,compile,fp32,float32,2,2,ok,,513.287573,20,50,0.48814638,0.018715331167671066,0.475085,0.48324049999999996,0.49039459999999996,0.5219467999999998,0.56763907,0.577271,4097.131684147694,4.097131684147694,483.24049999999994,241.62024999999997,2048.565842073847,21024,19968,41496,sub-physical,0.015625,0.0078125,Intel(R) Xeon(R) 6760P,AVX512,"avx2,avx512f,avx512bw,avx512vl,avx512_vnni,avx512_bf16,amx_bf16,amx_int8,amx_tile,fma",True,True,,,,,,256,128,sh14l07002s1404,3.11.9,2.1.2+cu121
20260428_010731,2026-04-28T07:06:32.003248,cpu,pytorch,separator1_grid_search_6ports_masked_hd16_depth3_stages2_share0,/home/liangyi/SRS_AI/Model_AIIC_refactor/experiments_refactored/20260427_072855_default_6port_separator1_masked_v2/separator1_grid_search_6ports_masked_hd16_depth3_stages2_share0,default_6port_separator1_masked_v2,separator1_grid_search_6ports_masked_hd16_depth3_stages2_share0,supervised_nmse_plateau,separator1,12,6,compile,fp32,float32,2,4,ok,,514.654219,20,50,0.481303,0.018912972557480215,0.470112,0.47663449999999996,0.4823151,0.5174611999999998,0.5590972499999999,0.574128,4155.386523665965,4.155386523665965,476.63449999999995,238.31724999999997,1038.8466309164912,21024,19968,41496,sub-physical,0.03125,0.015625,Intel(R) Xeon(R) 6760P,AVX512,"avx2,avx512f,avx512bw,avx512vl,avx512_vnni,avx512_bf16,amx_bf16,amx_int8,amx_tile,fma",True,True,,,,,,256,128,sh14l07002s1404,3.11.9,2.1.2+cu121
20260428_010731,2026-04-28T07:06:32.003248,cpu,pytorch,separator1_grid_search_6ports_masked_hd16_depth3_stages2_share0,/home/liangyi/SRS_AI/Model_AIIC_refactor/experiments_refactored/20260427_072855_default_6port_separator1_masked_v2/separator1_grid_search_6ports_masked_hd16_depth3_stages2_share0,default_6port_separator1_masked_v2,separator1_grid_search_6ports_masked_hd16_depth3_stages2_share0,supervised_nmse_plateau,separator1,12,6,compile,fp32,float32,2,8,ok,,547.606464,20,50,0.48456548,0.011011570246318188,0.476128,0.4818825,0.4897576,0.4993122,0.53130888,0.545905,4127.409158407239,4.127409158407239,481.8825,240.94125,515.9261448009049,21024,19968,41496,sub-physical,0.0625,0.03125,Intel(R) Xeon(R) 6760P,AVX512,"avx2,avx512f,avx512bw,avx512vl,avx512_vnni,avx512_bf16,amx_bf16,amx_int8,amx_tile,fma",True,True,,,,,,256,128,sh14l07002s1404,3.11.9,2.1.2+cu121
20260428_010731,2026-04-28T07:06:32.003248,cpu,pytorch,separator1_grid_search_6ports_masked_hd16_depth3_stages2_share0,/home/liangyi/SRS_AI/Model_AIIC_refactor/experiments_refactored/20260427_072855_default_6port_separator1_masked_v2/separator1_grid_search_6ports_masked_hd16_depth3_stages2_share0,default_6port_separator1_masked_v2,separator1_grid_search_6ports_masked_hd16_depth3_stages2_share0,supervised_nmse_plateau,separator1,12,6,compile,fp32,float32,4,1,ok,,496.797097,20,50,0.48930752,0.01730565413411466,0.477531,0.485898,0.4915699,0.5114936499999999,0.56674847,0.577086,8174.8181593448635,8.174818159344863,485.898,121.4745,8174.8181593448635,21024,19968,41496,single-thread,0.0078125,0.00390625,Intel(R) Xeon(R) 6760P,AVX512,"avx2,avx512f,avx512bw,avx512vl,avx512_vnni,avx512_bf16,amx_bf16,amx_int8,amx_tile,fma",True,True,,,,,,256,128,sh14l07002s1404,3.11.9,2.1.2+cu121
20260428_010731,2026-04-28T07:06:32.003248,cpu,pytorch,separator1_grid_search_6ports_masked_hd16_depth3_stages2_share0,/home/liangyi/SRS_AI/Model_AIIC_refactor/experiments_refactored/20260427_072855_default_6port_separator1_masked_v2/separator1_grid_search_6ports_masked_hd16_depth3_stages2_share0,default_6port_separator1_masked_v2,separator1_grid_search_6ports_masked_hd16_depth3_stages2_share0,supervised_nmse_plateau,separator1,12,6,compile,fp32,float32,4,2,ok,,501.069781,20,50,0.48802524,0.011859269723823642,0.477302,0.485893,0.4899211,0.50182045,0.5399832999999999,0.554698,8196.297388225248,8.196297388225249,485.89300000000003,121.47325000000001,4098.148694112624,21024,19968,41496,sub-physical,0.015625,0.0078125,Intel(R) Xeon(R) 6760P,AVX512,"avx2,avx512f,avx512bw,avx512vl,avx512_vnni,avx512_bf16,amx_bf16,amx_int8,amx_tile,fma",True,True,,,,,,256,128,sh14l07002s1404,3.11.9,2.1.2+cu121
20260428_010731,2026-04-28T07:06:32.003248,cpu,pytorch,separator1_grid_search_6ports_masked_hd16_depth3_stages2_share0,/home/liangyi/SRS_AI/Model_AIIC_refactor/experiments_refactored/20260427_072855_default_6port_separator1_masked_v2/separator1_grid_search_6ports_masked_hd16_depth3_stages2_share0,default_6port_separator1_masked_v2,separator1_grid_search_6ports_masked_hd16_depth3_stages2_share0,supervised_nmse_plateau,separator1,12,6,compile,fp32,float32,4,4,ok,,504.948825,20,50,0.48407796000000003,0.003935862004491519,0.476218,0.48386399999999996,0.4883189,0.4886106,0.49440469,0.499069,8263.13183107944,8.26313183107944,483.864,120.966,2065.78295776986,21024,19968,41496,sub-physical,0.03125,0.015625,Intel(R) Xeon(R) 6760P,AVX512,"avx2,avx512f,avx512bw,avx512vl,avx512_vnni,avx512_bf16,amx_bf16,amx_int8,amx_tile,fma",True,True,,,,,,256,128,sh14l07002s1404,3.11.9,2.1.2+cu121
20260428_010731,2026-04-28T07:06:32.003248,cpu,pytorch,separator1_grid_search_6ports_masked_hd16_depth3_stages2_share0,/home/liangyi/SRS_AI/Model_AIIC_refactor/experiments_refactored/20260427_072855_default_6port_separator1_masked_v2/separator1_grid_search_6ports_masked_hd16_depth3_stages2_share0,default_6port_separator1_masked_v2,separator1_grid_search_6ports_masked_hd16_depth3_stages2_share0,supervised_nmse_plateau,separator1,12,6,compile,fp32,float32,4,8,ok,,534.459079,20,50,0.49267524,0.019695809687910786,0.482305,0.4875935,0.4954911,0.5299110999999999,0.5735385199999999,0.588558,8118.938552706646,8.118938552706647,487.5935,121.898375,1014.8673190883308,21024,19968,41496,sub-physical,0.0625,0.03125,Intel(R) Xeon(R) 6760P,AVX512,"avx2,avx512f,avx512bw,avx512vl,avx512_vnni,avx512_bf16,amx_bf16,amx_int8,amx_tile,fma",True,True,,,,,,256,128,sh14l07002s1404,3.11.9,2.1.2+cu121
20260428_010731,2026-04-28T07:06:32.003248,cpu,pytorch,separator1_grid_search_6ports_masked_hd16_depth3_stages2_share0,/home/liangyi/SRS_AI/Model_AIIC_refactor/experiments_refactored/20260427_072855_default_6port_separator1_masked_v2/separator1_grid_search_6ports_masked_hd16_depth3_stages2_share0,default_6port_separator1_masked_v2,separator1_grid_search_6ports_masked_hd16_depth3_stages2_share0,supervised_nmse_plateau,separator1,12,6,compile,fp32,float32,8,1,ok,,494.629824,20,50,0.48593806,0.017401325135069458,0.473527,0.48108949999999995,0.4925732,0.50096875,0.56580798,0.56811,16463.00353588274,16.46300353588274,481.08949999999993,60.13618749999999,16463.00353588274,21024,19968,41496,single-thread,0.0078125,0.00390625,Intel(R) Xeon(R) 6760P,AVX512,"avx2,avx512f,avx512bw,avx512vl,avx512_vnni,avx512_bf16,amx_bf16,amx_int8,amx_tile,fma",True,True,,,,,,256,128,sh14l07002s1404,3.11.9,2.1.2+cu121
20260428_010731,2026-04-28T07:06:32.003248,cpu,pytorch,separator1_grid_search_6ports_masked_hd16_depth3_stages2_share0,/home/liangyi/SRS_AI/Model_AIIC_refactor/experiments_refactored/20260427_072855_default_6port_separator1_masked_v2/separator1_grid_search_6ports_masked_hd16_depth3_stages2_share0,default_6port_separator1_masked_v2,separator1_grid_search_6ports_masked_hd16_depth3_stages2_share0,supervised_nmse_plateau,separator1,12,6,compile,fp32,float32,8,2,ok,,509.838236,20,50,0.4971966,0.03177708770167588,0.47979,0.4885695,0.5061282,0.54600785,0.6263577099999997,0.688304,16090.214615305093,16.090214615305094,488.5695,61.0711875,8045.107307652546,21024,19968,41496,sub-physical,0.015625,0.0078125,Intel(R) Xeon(R) 6760P,AVX512,"avx2,avx512f,avx512bw,avx512vl,avx512_vnni,avx512_bf16,amx_bf16,amx_int8,amx_tile,fma",True,True,,,,,,256,128,sh14l07002s1404,3.11.9,2.1.2+cu121
20260428_010731,2026-04-28T07:06:32.003248,cpu,pytorch,separator1_grid_search_6ports_masked_hd16_depth3_stages2_share0,/home/liangyi/SRS_AI/Model_AIIC_refactor/experiments_refactored/20260427_072855_default_6port_separator1_masked_v2/separator1_grid_search_6ports_masked_hd16_depth3_stages2_share0,default_6port_separator1_masked_v2,separator1_grid_search_6ports_masked_hd16_depth3_stages2_share0,supervised_nmse_plateau,separator1,12,6,compile,fp32,float32,8,4,ok,,512.581043,20,50,0.48562704,0.012330632689298626,0.473806,0.4831305,0.4903379,0.49268755,0.5412563499999999,0.557615,16473.547271997046,16.473547271997045,483.13050000000004,60.391312500000005,4118.386817999261,21024,19968,41496,sub-physical,0.03125,0.015625,Intel(R) Xeon(R) 6760P,AVX512,"avx2,avx512f,avx512bw,avx512vl,avx512_vnni,avx512_bf16,amx_bf16,amx_int8,amx_tile,fma",True,True,,,,,,256,128,sh14l07002s1404,3.11.9,2.1.2+cu121
20260428_010731,2026-04-28T07:06:32.003248,cpu,pytorch,separator1_grid_search_6ports_masked_hd16_depth3_stages2_share0,/home/liangyi/SRS_AI/Model_AIIC_refactor/experiments_refactored/20260427_072855_default_6port_separator1_masked_v2/separator1_grid_search_6ports_masked_hd16_depth3_stages2_share0,default_6port_separator1_masked_v2,separator1_grid_search_6ports_masked_hd16_depth3_stages2_share0,supervised_nmse_plateau,separator1,12,6,compile,fp32,float32,8,8,ok,,550.326297,20,50,0.4886051,0.019506549840758617,0.475701,0.48444750000000003,0.4921065,0.5256854999999998,0.5684636599999999,0.580991,16373.14059963762,16.37314059963762,484.44750000000005,60.555937500000006,2046.6425749547025,21024,19968,41496,sub-physical,0.0625,0.03125,Intel(R) Xeon(R) 6760P,AVX512,"avx2,avx512f,avx512bw,avx512vl,avx512_vnni,avx512_bf16,amx_bf16,amx_int8,amx_tile,fma",True,True,,,,,,256,128,sh14l07002s1404,3.11.9,2.1.2+cu121
20260428_010731,2026-04-28T07:06:32.003248,cpu,pytorch,separator1_grid_search_6ports_masked_hd16_depth3_stages2_share0,/home/liangyi/SRS_AI/Model_AIIC_refactor/experiments_refactored/20260427_072855_default_6port_separator1_masked_v2/separator1_grid_search_6ports_masked_hd16_depth3_stages2_share0,default_6port_separator1_masked_v2,separator1_grid_search_6ports_masked_hd16_depth3_stages2_share0,supervised_nmse_plateau,separator1,12,6,compile,fp32,float32,16,1,ok,,492.256753,20,50,0.49364392,0.017002851737093993,0.480975,0.4894925,0.4959719,0.51022295,0.5719291,0.580509,32412.026871514998,32.412026871514996,489.4925,30.59328125,32412.026871514998,21024,19968,41496,single-thread,0.0078125,0.00390625,Intel(R) Xeon(R) 6760P,AVX512,"avx2,avx512f,avx512bw,avx512vl,avx512_vnni,avx512_bf16,amx_bf16,amx_int8,amx_tile,fma",True,True,,,,,,256,128,sh14l07002s1404,3.11.9,2.1.2+cu121
20260428_010731,2026-04-28T07:06:32.003248,cpu,pytorch,separator1_grid_search_6ports_masked_hd16_depth3_stages2_share0,/home/liangyi/SRS_AI/Model_AIIC_refactor/experiments_refactored/20260427_072855_default_6port_separator1_masked_v2/separator1_grid_search_6ports_masked_hd16_depth3_stages2_share0,default_6port_separator1_masked_v2,separator1_grid_search_6ports_masked_hd16_depth3_stages2_share0,supervised_nmse_plateau,separator1,12,6,compile,fp32,float32,16,2,ok,,502.281464,20,50,0.48614924,0.02027152925120352,0.473093,0.4806495,0.4896754,0.5195297999999998,0.5741619299999999,0.5807,32911.704233045806,32.9117042330458,480.6495,30.04059375,16455.852116522903,21024,19968,41496,sub-physical,0.015625,0.0078125,Intel(R) Xeon(R) 6760P,AVX512,"avx2,avx512f,avx512bw,avx512vl,avx512_vnni,avx512_bf16,amx_bf16,amx_int8,amx_tile,fma",True,True,,,,,,256,128,sh14l07002s1404,3.11.9,2.1.2+cu121
20260428_010731,2026-04-28T07:06:32.003248,cpu,pytorch,separator1_grid_search_6ports_masked_hd16_depth3_stages2_share0,/home/liangyi/SRS_AI/Model_AIIC_refactor/experiments_refactored/20260427_072855_default_6port_separator1_masked_v2/separator1_grid_search_6ports_masked_hd16_depth3_stages2_share0,default_6port_separator1_masked_v2,separator1_grid_search_6ports_masked_hd16_depth3_stages2_share0,supervised_nmse_plateau,separator1,12,6,compile,fp32,float32,16,4,ok,,512.910946,20,50,0.49433174,0.018201225298105615,0.483322,0.4899345,0.499065,0.5182910499999999,0.57612751,0.583576,32366.92833035564,32.36692833035564,489.9345,30.62090625,8091.73208258891,21024,19968,41496,sub-physical,0.03125,0.015625,Intel(R) Xeon(R) 6760P,AVX512,"avx2,avx512f,avx512bw,avx512vl,avx512_vnni,avx512_bf16,amx_bf16,amx_int8,amx_tile,fma",True,True,,,,,,256,128,sh14l07002s1404,3.11.9,2.1.2+cu121
20260428_010731,2026-04-28T07:06:32.003248,cpu,pytorch,separator1_grid_search_6ports_masked_hd16_depth3_stages2_share0,/home/liangyi/SRS_AI/Model_AIIC_refactor/experiments_refactored/20260427_072855_default_6port_separator1_masked_v2/separator1_grid_search_6ports_masked_hd16_depth3_stages2_share0,default_6port_separator1_masked_v2,separator1_grid_search_6ports_masked_hd16_depth3_stages2_share0,supervised_nmse_plateau,separator1,12,6,compile,fp32,float32,16,8,ok,,534.568972,20,50,0.49372102,0.021532963949712082,0.480277,0.487852,0.4952734,0.5410997999999999,0.5832337400000001,0.585671,32406.965374899366,32.406965374899364,487.85200000000003,30.490750000000002,4050.8706718624207,21024,19968,41496,sub-physical,0.0625,0.03125,Intel(R) Xeon(R) 6760P,AVX512,"avx2,avx512f,avx512bw,avx512vl,avx512_vnni,avx512_bf16,amx_bf16,amx_int8,amx_tile,fma",True,True,,,,,,256,128,sh14l07002s1404,3.11.9,2.1.2+cu121
20260428_010731,2026-04-28T07:06:32.003248,cpu,pytorch,separator1_grid_search_6ports_masked_hd16_depth3_stages2_share0,/home/liangyi/SRS_AI/Model_AIIC_refactor/experiments_refactored/20260427_072855_default_6port_separator1_masked_v2/separator1_grid_search_6ports_masked_hd16_depth3_stages2_share0,default_6port_separator1_masked_v2,separator1_grid_search_6ports_masked_hd16_depth3_stages2_share0,supervised_nmse_plateau,separator1,12,6,compile,fp32,float32,32,1,ok,,497.378999,20,50,0.51192184,0.029159610385161187,0.493679,0.499393,0.5711017,0.5817007999999999,0.59616251,0.605669,62509.542472343055,62.50954247234306,499.393,15.60603125,62509.542472343055,21024,19968,41496,single-thread,0.0078125,0.00390625,Intel(R) Xeon(R) 6760P,AVX512,"avx2,avx512f,avx512bw,avx512vl,avx512_vnni,avx512_bf16,amx_bf16,amx_int8,amx_tile,fma",True,True,,,,,,256,128,sh14l07002s1404,3.11.9,2.1.2+cu121
20260428_010731,2026-04-28T07:06:32.003248,cpu,pytorch,separator1_grid_search_6ports_masked_hd16_depth3_stages2_share0,/home/liangyi/SRS_AI/Model_AIIC_refactor/experiments_refactored/20260427_072855_default_6port_separator1_masked_v2/separator1_grid_search_6ports_masked_hd16_depth3_stages2_share0,default_6port_separator1_masked_v2,separator1_grid_search_6ports_masked_hd16_depth3_stages2_share0,supervised_nmse_plateau,separator1,12,6,compile,fp32,float32,32,2,ok,,514.67626,20,50,0.5127868,0.027120134786538217,0.494318,0.502712,0.55015,0.58440055,0.59601667,0.60411,62404.102445694785,62.40410244569478,502.71200000000005,15.709750000000001,31202.051222847393,21024,19968,41496,sub-physical,0.015625,0.0078125,Intel(R) Xeon(R) 6760P,AVX512,"avx2,avx512f,avx512bw,avx512vl,avx512_vnni,avx512_bf16,amx_bf16,amx_int8,amx_tile,fma",True,True,,,,,,256,128,sh14l07002s1404,3.11.9,2.1.2+cu121
20260428_010731,2026-04-28T07:06:32.003248,cpu,pytorch,separator1_grid_search_6ports_masked_hd16_depth3_stages2_share0,/home/liangyi/SRS_AI/Model_AIIC_refactor/experiments_refactored/20260427_072855_default_6port_separator1_masked_v2/separator1_grid_search_6ports_masked_hd16_depth3_stages2_share0,default_6port_separator1_masked_v2,separator1_grid_search_6ports_masked_hd16_depth3_stages2_share0,supervised_nmse_plateau,separator1,12,6,compile,fp32,float32,32,4,ok,,503.519647,20,50,0.49903924,0.015700141344026173,0.486701,0.49393149999999997,0.5029339,0.5323183499999999,0.5620882599999999,0.579643,64123.21403823876,64.12321403823876,493.93149999999997,15.435359374999999,16030.80350955969,21024,19968,41496,sub-physical,0.03125,0.015625,Intel(R) Xeon(R) 6760P,AVX512,"avx2,avx512f,avx512bw,avx512vl,avx512_vnni,avx512_bf16,amx_bf16,amx_int8,amx_tile,fma",True,True,,,,,,256,128,sh14l07002s1404,3.11.9,2.1.2+cu121
20260428_010731,2026-04-28T07:06:32.003248,cpu,pytorch,separator1_grid_search_6ports_masked_hd16_depth3_stages2_share0,/home/liangyi/SRS_AI/Model_AIIC_refactor/experiments_refactored/20260427_072855_default_6port_separator1_masked_v2/separator1_grid_search_6ports_masked_hd16_depth3_stages2_share0,default_6port_separator1_masked_v2,separator1_grid_search_6ports_masked_hd16_depth3_stages2_share0,supervised_nmse_plateau,separator1,12,6,compile,fp32,float32,32,8,ok,,540.843,20,50,0.5037504,0.01910040435592923,0.490259,0.4973975,0.5215159,0.5498666499999999,0.57771645,0.580605,63523.522760478205,63.52352276047821,497.3975,15.543671875,7940.440345059776,21024,19968,41496,sub-physical,0.0625,0.03125,Intel(R) Xeon(R) 6760P,AVX512,"avx2,avx512f,avx512bw,avx512vl,avx512_vnni,avx512_bf16,amx_bf16,amx_int8,amx_tile,fma",True,True,,,,,,256,128,sh14l07002s1404,3.11.9,2.1.2+cu121
20260428_010731,2026-04-28T07:06:32.003248,cpu,pytorch,separator1_grid_search_6ports_masked_hd16_depth3_stages2_share0,/home/liangyi/SRS_AI/Model_AIIC_refactor/experiments_refactored/20260427_072855_default_6port_separator1_masked_v2/separator1_grid_search_6ports_masked_hd16_depth3_stages2_share0,default_6port_separator1_masked_v2,separator1_grid_search_6ports_masked_hd16_depth3_stages2_share0,supervised_nmse_plateau,separator1,12,6,compile,fp32,float32,64,1,ok,,496.174075,20,50,0.53246868,0.01559803026851788,0.521465,0.5297765000000001,0.5373903,0.5399527,0.6010869399999998,0.628328,120194.86291663202,120.19486291663202,529.7765,8.2777578125,120194.86291663202,21024,19968,41496,single-thread,0.0078125,0.00390625,Intel(R) Xeon(R) 6760P,AVX512,"avx2,avx512f,avx512bw,avx512vl,avx512_vnni,avx512_bf16,amx_bf16,amx_int8,amx_tile,fma",True,True,,,,,,256,128,sh14l07002s1404,3.11.9,2.1.2+cu121
20260428_010731,2026-04-28T07:06:32.003248,cpu,pytorch,separator1_grid_search_6ports_masked_hd16_depth3_stages2_share0,/home/liangyi/SRS_AI/Model_AIIC_refactor/experiments_refactored/20260427_072855_default_6port_separator1_masked_v2/separator1_grid_search_6ports_masked_hd16_depth3_stages2_share0,default_6port_separator1_masked_v2,separator1_grid_search_6ports_masked_hd16_depth3_stages2_share0,supervised_nmse_plateau,separator1,12,6,compile,fp32,float32,64,2,ok,,511.169455,20,50,0.53536064,0.008980241234532617,0.522753,0.5345409999999999,0.5414547000000001,0.5452232499999999,0.5679439299999999,0.584282,119545.58332865112,119.54558332865112,534.5409999999999,8.352203124999999,59772.79166432556,21024,19968,41496,sub-physical,0.015625,0.0078125,Intel(R) Xeon(R) 6760P,AVX512,"avx2,avx512f,avx512bw,avx512vl,avx512_vnni,avx512_bf16,amx_bf16,amx_int8,amx_tile,fma",True,True,,,,,,256,128,sh14l07002s1404,3.11.9,2.1.2+cu121
20260428_010731,2026-04-28T07:06:32.003248,cpu,pytorch,separator1_grid_search_6ports_masked_hd16_depth3_stages2_share0,/home/liangyi/SRS_AI/Model_AIIC_refactor/experiments_refactored/20260427_072855_default_6port_separator1_masked_v2/separator1_grid_search_6ports_masked_hd16_depth3_stages2_share0,default_6port_separator1_masked_v2,separator1_grid_search_6ports_masked_hd16_depth3_stages2_share0,supervised_nmse_plateau,separator1,12,6,compile,fp32,float32,64,4,ok,,508.046857,20,50,0.53437236,0.029888019016160974,0.51413,0.5228625,0.5809148,0.6095187,0.63157767,0.646188,119766.67356073583,119.76667356073582,522.8625,8.1697265625,29941.668390183957,21024,19968,41496,sub-physical,0.03125,0.015625,Intel(R) Xeon(R) 6760P,AVX512,"avx2,avx512f,avx512bw,avx512vl,avx512_vnni,avx512_bf16,amx_bf16,amx_int8,amx_tile,fma",True,True,,,,,,256,128,sh14l07002s1404,3.11.9,2.1.2+cu121
20260428_010731,2026-04-28T07:06:32.003248,cpu,pytorch,separator1_grid_search_6ports_masked_hd16_depth3_stages2_share0,/home/liangyi/SRS_AI/Model_AIIC_refactor/experiments_refactored/20260427_072855_default_6port_separator1_masked_v2/separator1_grid_search_6ports_masked_hd16_depth3_stages2_share0,default_6port_separator1_masked_v2,separator1_grid_search_6ports_masked_hd16_depth3_stages2_share0,supervised_nmse_plateau,separator1,12,6,compile,fp32,float32,64,8,ok,,542.313344,20,50,0.52514786,0.022474524766508405,0.508434,0.5191429999999999,0.5337936,0.5760285499999999,0.6155322999999999,0.616037,121870.4385465838,121.8704385465838,519.1429999999999,8.111609374999999,15233.804818322975,21024,19968,41496,sub-physical,0.0625,0.03125,Intel(R) Xeon(R) 6760P,AVX512,"avx2,avx512f,avx512bw,avx512vl,avx512_vnni,avx512_bf16,amx_bf16,amx_int8,amx_tile,fma",True,True,,,,,,256,128,sh14l07002s1404,3.11.9,2.1.2+cu121
20260428_010731,2026-04-28T07:06:32.003248,cpu,pytorch,separator1_grid_search_6ports_masked_hd16_depth3_stages2_share0,/home/liangyi/SRS_AI/Model_AIIC_refactor/experiments_refactored/20260427_072855_default_6port_separator1_masked_v2/separator1_grid_search_6ports_masked_hd16_depth3_stages2_share0,default_6port_separator1_masked_v2,separator1_grid_search_6ports_masked_hd16_depth3_stages2_share0,supervised_nmse_plateau,separator1,12,6,compile,fp32,float32,128,1,ok,,491.518584,20,50,0.57759472,0.033970766539505697,0.557876,0.5643735000000001,0.6260881,0.6658908499999999,0.6900976600000001,0.690326,221608.67398510844,221.60867398510845,564.3735,4.40916796875,221608.67398510844,21024,19968,41496,single-thread,0.0078125,0.00390625,Intel(R) Xeon(R) 6760P,AVX512,"avx2,avx512f,avx512bw,avx512vl,avx512_vnni,avx512_bf16,amx_bf16,amx_int8,amx_tile,fma",True,True,,,,,,256,128,sh14l07002s1404,3.11.9,2.1.2+cu121
20260428_010731,2026-04-28T07:06:32.003248,cpu,pytorch,separator1_grid_search_6ports_masked_hd16_depth3_stages2_share0,/home/liangyi/SRS_AI/Model_AIIC_refactor/experiments_refactored/20260427_072855_default_6port_separator1_masked_v2/separator1_grid_search_6ports_masked_hd16_depth3_stages2_share0,default_6port_separator1_masked_v2,separator1_grid_search_6ports_masked_hd16_depth3_stages2_share0,supervised_nmse_plateau,separator1,12,6,compile,fp32,float32,128,2,ok,,506.931665,20,50,0.57479036,0.019478845885483053,0.559163,0.5714965,0.580825,0.5840205,0.6611743199999999,0.689071,222689.8864483392,222.68988644833922,571.4965,4.46481640625,111344.9432241696,21024,19968,41496,sub-physical,0.015625,0.0078125,Intel(R) Xeon(R) 6760P,AVX512,"avx2,avx512f,avx512bw,avx512vl,avx512_vnni,avx512_bf16,amx_bf16,amx_int8,amx_tile,fma",True,True,,,,,,256,128,sh14l07002s1404,3.11.9,2.1.2+cu121
20260428_010731,2026-04-28T07:06:32.003248,cpu,pytorch,separator1_grid_search_6ports_masked_hd16_depth3_stages2_share0,/home/liangyi/SRS_AI/Model_AIIC_refactor/experiments_refactored/20260427_072855_default_6port_separator1_masked_v2/separator1_grid_search_6ports_masked_hd16_depth3_stages2_share0,default_6port_separator1_masked_v2,separator1_grid_search_6ports_masked_hd16_depth3_stages2_share0,supervised_nmse_plateau,separator1,12,6,compile,fp32,float32,128,4,ok,,510.378449,20,50,0.57556808,0.019199383059713138,0.561441,0.57245,0.5810907,0.591139,0.6499432499999998,0.700989,222388.98307216758,222.38898307216758,572.45,4.472265625,55597.245768041896,21024,19968,41496,sub-physical,0.03125,0.015625,Intel(R) Xeon(R) 6760P,AVX512,"avx2,avx512f,avx512bw,avx512vl,avx512_vnni,avx512_bf16,amx_bf16,amx_int8,amx_tile,fma",True,True,,,,,,256,128,sh14l07002s1404,3.11.9,2.1.2+cu121
20260428_010731,2026-04-28T07:06:32.003248,cpu,pytorch,separator1_grid_search_6ports_masked_hd16_depth3_stages2_share0,/home/liangyi/SRS_AI/Model_AIIC_refactor/experiments_refactored/20260427_072855_default_6port_separator1_masked_v2/separator1_grid_search_6ports_masked_hd16_depth3_stages2_share0,default_6port_separator1_masked_v2,separator1_grid_search_6ports_masked_hd16_depth3_stages2_share0,supervised_nmse_plateau,separator1,12,6,compile,fp32,float32,128,8,ok,,542.084356,20,50,0.57327348,0.03185585737552201,0.552569,0.5623855,0.6067795,0.6555704499999998,0.68854248,0.691016,223279.12325544868,223.27912325544867,562.3855,4.39363671875,27909.890406931085,21024,19968,41496,sub-physical,0.0625,0.03125,Intel(R) Xeon(R) 6760P,AVX512,"avx2,avx512f,avx512bw,avx512vl,avx512_vnni,avx512_bf16,amx_bf16,amx_int8,amx_tile,fma",True,True,,,,,,256,128,sh14l07002s1404,3.11.9,2.1.2+cu121
20260428_010731,2026-04-28T07:06:32.003248,cpu,pytorch,separator1_grid_search_6ports_masked_hd16_depth3_stages2_share0,/home/liangyi/SRS_AI/Model_AIIC_refactor/experiments_refactored/20260427_072855_default_6port_separator1_masked_v2/separator1_grid_search_6ports_masked_hd16_depth3_stages2_share0,default_6port_separator1_masked_v2,separator1_grid_search_6ports_masked_hd16_depth3_stages2_share0,supervised_nmse_plateau,separator1,12,6,compile,bf16,bfloat16,1,1,ok,,488.908034,20,50,0.47481604,0.015355961963953934,0.462672,0.470372,0.4897675,0.51548225,0.5291553,0.533041,2106.0788089635726,2.1060788089635727,470.372,470.372,2106.0788089635726,21024,19968,41496,single-thread,0.0078125,0.00390625,Intel(R) Xeon(R) 6760P,AVX512,"avx2,avx512f,avx512bw,avx512vl,avx512_vnni,avx512_bf16,amx_bf16,amx_int8,amx_tile,fma",True,True,,,,,,256,128,sh14l07002s1404,3.11.9,2.1.2+cu121
20260428_010731,2026-04-28T07:06:32.003248,cpu,pytorch,separator1_grid_search_6ports_masked_hd16_depth3_stages2_share0,/home/liangyi/SRS_AI/Model_AIIC_refactor/experiments_refactored/20260427_072855_default_6port_separator1_masked_v2/separator1_grid_search_6ports_masked_hd16_depth3_stages2_share0,default_6port_separator1_masked_v2,separator1_grid_search_6ports_masked_hd16_depth3_stages2_share0,supervised_nmse_plateau,separator1,12,6,compile,bf16,bfloat16,1,2,ok,,512.742136,20,50,0.47519882,0.003716219276038486,0.467954,0.475387,0.4798816,0.48163039999999996,0.48370678,0.48448,2104.382329905617,2.1043823299056172,475.387,475.387,1052.1911649528085,21024,19968,41496,sub-physical,0.015625,0.0078125,Intel(R) Xeon(R) 6760P,AVX512,"avx2,avx512f,avx512bw,avx512vl,avx512_vnni,avx512_bf16,amx_bf16,amx_int8,amx_tile,fma",True,True,,,,,,256,128,sh14l07002s1404,3.11.9,2.1.2+cu121
20260428_010731,2026-04-28T07:06:32.003248,cpu,pytorch,separator1_grid_search_6ports_masked_hd16_depth3_stages2_share0,/home/liangyi/SRS_AI/Model_AIIC_refactor/experiments_refactored/20260427_072855_default_6port_separator1_masked_v2/separator1_grid_search_6ports_masked_hd16_depth3_stages2_share0,default_6port_separator1_masked_v2,separator1_grid_search_6ports_masked_hd16_depth3_stages2_share0,supervised_nmse_plateau,separator1,12,6,compile,bf16,bfloat16,1,4,ok,,508.0282,20,50,0.48085226,0.01264257876670737,0.470438,0.4775625,0.4883427,0.51179115,0.52720407,0.534582,2079.640844362466,2.079640844362466,477.5625,477.5625,519.9102110906165,21024,19968,41496,sub-physical,0.03125,0.015625,Intel(R) Xeon(R) 6760P,AVX512,"avx2,avx512f,avx512bw,avx512vl,avx512_vnni,avx512_bf16,amx_bf16,amx_int8,amx_tile,fma",True,True,,,,,,256,128,sh14l07002s1404,3.11.9,2.1.2+cu121
20260428_010731,2026-04-28T07:06:32.003248,cpu,pytorch,separator1_grid_search_6ports_masked_hd16_depth3_stages2_share0,/home/liangyi/SRS_AI/Model_AIIC_refactor/experiments_refactored/20260427_072855_default_6port_separator1_masked_v2/separator1_grid_search_6ports_masked_hd16_depth3_stages2_share0,default_6port_separator1_masked_v2,separator1_grid_search_6ports_masked_hd16_depth3_stages2_share0,supervised_nmse_plateau,separator1,12,6,compile,bf16,bfloat16,1,8,ok,,523.329222,20,50,0.48625816,0.011770610832679834,0.476629,0.4824075,0.4906496,0.51730435,0.52783585,0.533488,2056.5207584382747,2.0565207584382748,482.40749999999997,482.40749999999997,257.06509480478434,21024,19968,41496,sub-physical,0.0625,0.03125,Intel(R) Xeon(R) 6760P,AVX512,"avx2,avx512f,avx512bw,avx512vl,avx512_vnni,avx512_bf16,amx_bf16,amx_int8,amx_tile,fma",True,True,,,,,,256,128,sh14l07002s1404,3.11.9,2.1.2+cu121
20260428_010731,2026-04-28T07:06:32.003248,cpu,pytorch,separator1_grid_search_6ports_masked_hd16_depth3_stages2_share0,/home/liangyi/SRS_AI/Model_AIIC_refactor/experiments_refactored/20260427_072855_default_6port_separator1_masked_v2/separator1_grid_search_6ports_masked_hd16_depth3_stages2_share0,default_6port_separator1_masked_v2,separator1_grid_search_6ports_masked_hd16_depth3_stages2_share0,supervised_nmse_plateau,separator1,12,6,compile,bf16,bfloat16,2,1,ok,,494.062724,20,50,0.49293208,0.018725312283473402,0.477133,0.48515050000000004,0.5245277,0.52764765,0.55413777,0.565372,4057.3541085011148,4.057354108501115,485.1505,242.57525,4057.3541085011148,21024,19968,41496,single-thread,0.0078125,0.00390625,Intel(R) Xeon(R) 6760P,AVX512,"avx2,avx512f,avx512bw,avx512vl,avx512_vnni,avx512_bf16,amx_bf16,amx_int8,amx_tile,fma",True,True,,,,,,256,128,sh14l07002s1404,3.11.9,2.1.2+cu121
20260428_010731,2026-04-28T07:06:32.003248,cpu,pytorch,separator1_grid_search_6ports_masked_hd16_depth3_stages2_share0,/home/liangyi/SRS_AI/Model_AIIC_refactor/experiments_refactored/20260427_072855_default_6port_separator1_masked_v2/separator1_grid_search_6ports_masked_hd16_depth3_stages2_share0,default_6port_separator1_masked_v2,separator1_grid_search_6ports_masked_hd16_depth3_stages2_share0,supervised_nmse_plateau,separator1,12,6,compile,bf16,bfloat16,2,2,ok,,505.369091,20,50,0.49248202,0.015065893279178632,0.480458,0.487891,0.5026855,0.5296764,0.5463921399999999,0.546742,4061.06196526728,4.06106196526728,487.891,243.9455,2030.53098263364,21024,19968,41496,sub-physical,0.015625,0.0078125,Intel(R) Xeon(R) 6760P,AVX512,"avx2,avx512f,avx512bw,avx512vl,avx512_vnni,avx512_bf16,amx_bf16,amx_int8,amx_tile,fma",True,True,,,,,,256,128,sh14l07002s1404,3.11.9,2.1.2+cu121
20260428_010731,2026-04-28T07:06:32.003248,cpu,pytorch,separator1_grid_search_6ports_masked_hd16_depth3_stages2_share0,/home/liangyi/SRS_AI/Model_AIIC_refactor/experiments_refactored/20260427_072855_default_6port_separator1_masked_v2/separator1_grid_search_6ports_masked_hd16_depth3_stages2_share0,default_6port_separator1_masked_v2,separator1_grid_search_6ports_masked_hd16_depth3_stages2_share0,supervised_nmse_plateau,separator1,12,6,compile,bf16,bfloat16,2,4,ok,,506.496039,20,50,0.49113234,0.003903668395804131,0.484006,0.490934,0.49658389999999997,0.49764359999999996,0.49950189,0.500893,4072.2221631750012,4.0722221631750015,490.93399999999997,245.46699999999998,1018.0555407937503,21024,19968,41496,sub-physical,0.03125,0.015625,Intel(R) Xeon(R) 6760P,AVX512,"avx2,avx512f,avx512bw,avx512vl,avx512_vnni,avx512_bf16,amx_bf16,amx_int8,amx_tile,fma",True,True,,,,,,256,128,sh14l07002s1404,3.11.9,2.1.2+cu121
20260428_010731,2026-04-28T07:06:32.003248,cpu,pytorch,separator1_grid_search_6ports_masked_hd16_depth3_stages2_share0,/home/liangyi/SRS_AI/Model_AIIC_refactor/experiments_refactored/20260427_072855_default_6port_separator1_masked_v2/separator1_grid_search_6ports_masked_hd16_depth3_stages2_share0,default_6port_separator1_masked_v2,separator1_grid_search_6ports_masked_hd16_depth3_stages2_share0,supervised_nmse_plateau,separator1,12,6,compile,bf16,bfloat16,2,8,ok,,510.797967,20,50,0.48735356,0.014215685375190322,0.476432,0.48334049999999995,0.4963582,0.52343925,0.53876952,0.54198,4103.796841044928,4.103796841044929,483.34049999999996,241.67024999999998,512.974605130616,21024,19968,41496,sub-physical,0.0625,0.03125,Intel(R) Xeon(R) 6760P,AVX512,"avx2,avx512f,avx512bw,avx512vl,avx512_vnni,avx512_bf16,amx_bf16,amx_int8,amx_tile,fma",True,True,,,,,,256,128,sh14l07002s1404,3.11.9,2.1.2+cu121
20260428_010731,2026-04-28T07:06:32.003248,cpu,pytorch,separator1_grid_search_6ports_masked_hd16_depth3_stages2_share0,/home/liangyi/SRS_AI/Model_AIIC_refactor/experiments_refactored/20260427_072855_default_6port_separator1_masked_v2/separator1_grid_search_6ports_masked_hd16_depth3_stages2_share0,default_6port_separator1_masked_v2,separator1_grid_search_6ports_masked_hd16_depth3_stages2_share0,supervised_nmse_plateau,separator1,12,6,compile,bf16,bfloat16,4,1,ok,,490.199031,20,50,0.51251556,0.004446838639573069,0.504336,0.5125725,0.5170188,0.5181738,0.5232397400000001,0.526559,7804.641092262643,7.804641092262643,512.5725,128.143125,7804.641092262643,21024,19968,41496,single-thread,0.0078125,0.00390625,Intel(R) Xeon(R) 6760P,AVX512,"avx2,avx512f,avx512bw,avx512vl,avx512_vnni,avx512_bf16,amx_bf16,amx_int8,amx_tile,fma",True,True,,,,,,256,128,sh14l07002s1404,3.11.9,2.1.2+cu121
20260428_010731,2026-04-28T07:06:32.003248,cpu,pytorch,separator1_grid_search_6ports_masked_hd16_depth3_stages2_share0,/home/liangyi/SRS_AI/Model_AIIC_refactor/experiments_refactored/20260427_072855_default_6port_separator1_masked_v2/separator1_grid_search_6ports_masked_hd16_depth3_stages2_share0,default_6port_separator1_masked_v2,separator1_grid_search_6ports_masked_hd16_depth3_stages2_share0,supervised_nmse_plateau,separator1,12,6,compile,bf16,bfloat16,4,2,ok,,499.959658,20,50,0.5148651,0.0038255618842204012,0.506755,0.515201,0.5189919,0.51984305,0.5237019799999999,0.525955,7769.025323332266,7.769025323332267,515.201,128.80025,3884.512661666133,21024,19968,41496,sub-physical,0.015625,0.0078125,Intel(R) Xeon(R) 6760P,AVX512,"avx2,avx512f,avx512bw,avx512vl,avx512_vnni,avx512_bf16,amx_bf16,amx_int8,amx_tile,fma",True,True,,,,,,256,128,sh14l07002s1404,3.11.9,2.1.2+cu121
20260428_010731,2026-04-28T07:06:32.003248,cpu,pytorch,separator1_grid_search_6ports_masked_hd16_depth3_stages2_share0,/home/liangyi/SRS_AI/Model_AIIC_refactor/experiments_refactored/20260427_072855_default_6port_separator1_masked_v2/separator1_grid_search_6ports_masked_hd16_depth3_stages2_share0,default_6port_separator1_masked_v2,separator1_grid_search_6ports_masked_hd16_depth3_stages2_share0,supervised_nmse_plateau,separator1,12,6,compile,bf16,bfloat16,4,4,ok,,499.066485,20,50,0.51443538,0.013655481089862781,0.503698,0.5111355,0.5207481,0.5448712,0.56945785,0.570063,7775.514973328623,7.775514973328622,511.1355,127.783875,1943.8787433321556,21024,19968,41496,sub-physical,0.03125,0.015625,Intel(R) Xeon(R) 6760P,AVX512,"avx2,avx512f,avx512bw,avx512vl,avx512_vnni,avx512_bf16,amx_bf16,amx_int8,amx_tile,fma",True,True,,,,,,256,128,sh14l07002s1404,3.11.9,2.1.2+cu121
20260428_010731,2026-04-28T07:06:32.003248,cpu,pytorch,separator1_grid_search_6ports_masked_hd16_depth3_stages2_share0,/home/liangyi/SRS_AI/Model_AIIC_refactor/experiments_refactored/20260427_072855_default_6port_separator1_masked_v2/separator1_grid_search_6ports_masked_hd16_depth3_stages2_share0,default_6port_separator1_masked_v2,separator1_grid_search_6ports_masked_hd16_depth3_stages2_share0,supervised_nmse_plateau,separator1,12,6,compile,bf16,bfloat16,4,8,ok,,505.597583,20,50,0.51581054,0.025214435778902533,0.500284,0.5071589999999999,0.5404707,0.5545062,0.6138868199999998,0.652833,7754.785313227604,7.754785313227604,507.15899999999993,126.78974999999998,969.3481641534505,21024,19968,41496,sub-physical,0.0625,0.03125,Intel(R) Xeon(R) 6760P,AVX512,"avx2,avx512f,avx512bw,avx512vl,avx512_vnni,avx512_bf16,amx_bf16,amx_int8,amx_tile,fma",True,True,,,,,,256,128,sh14l07002s1404,3.11.9,2.1.2+cu121
20260428_010731,2026-04-28T07:06:32.003248,cpu,pytorch,separator1_grid_search_6ports_masked_hd16_depth3_stages2_share0,/home/liangyi/SRS_AI/Model_AIIC_refactor/experiments_refactored/20260427_072855_default_6port_separator1_masked_v2/separator1_grid_search_6ports_masked_hd16_depth3_stages2_share0,default_6port_separator1_masked_v2,separator1_grid_search_6ports_masked_hd16_depth3_stages2_share0,supervised_nmse_plateau,separator1,12,6,compile,bf16,bfloat16,8,1,ok,,492.230202,20,50,0.56362252,0.003882659976047338,0.557127,0.5627675000000001,0.5681139,0.57111075,0.57313819,0.574201,14193.897007521984,14.193897007521985,562.7675,70.3459375,14193.897007521984,21024,19968,41496,single-thread,0.0078125,0.00390625,Intel(R) Xeon(R) 6760P,AVX512,"avx2,avx512f,avx512bw,avx512vl,avx512_vnni,avx512_bf16,amx_bf16,amx_int8,amx_tile,fma",True,True,,,,,,256,128,sh14l07002s1404,3.11.9,2.1.2+cu121
20260428_010731,2026-04-28T07:06:32.003248,cpu,pytorch,separator1_grid_search_6ports_masked_hd16_depth3_stages2_share0,/home/liangyi/SRS_AI/Model_AIIC_refactor/experiments_refactored/20260427_072855_default_6port_separator1_masked_v2/separator1_grid_search_6ports_masked_hd16_depth3_stages2_share0,default_6port_separator1_masked_v2,separator1_grid_search_6ports_masked_hd16_depth3_stages2_share0,supervised_nmse_plateau,separator1,12,6,compile,bf16,bfloat16,8,2,ok,,508.52919,20,50,0.55604512,0.002826512222793314,0.551205,0.556095,0.5590525,0.56172415,0.56373578,0.563921,14387.32166195434,14.38732166195434,556.095,69.511875,7193.66083097717,21024,19968,41496,sub-physical,0.015625,0.0078125,Intel(R) Xeon(R) 6760P,AVX512,"avx2,avx512f,avx512bw,avx512vl,avx512_vnni,avx512_bf16,amx_bf16,amx_int8,amx_tile,fma",True,True,,,,,,256,128,sh14l07002s1404,3.11.9,2.1.2+cu121
20260428_010731,2026-04-28T07:06:32.003248,cpu,pytorch,separator1_grid_search_6ports_masked_hd16_depth3_stages2_share0,/home/liangyi/SRS_AI/Model_AIIC_refactor/experiments_refactored/20260427_072855_default_6port_separator1_masked_v2/separator1_grid_search_6ports_masked_hd16_depth3_stages2_share0,default_6port_separator1_masked_v2,separator1_grid_search_6ports_masked_hd16_depth3_stages2_share0,supervised_nmse_plateau,separator1,12,6,compile,bf16,bfloat16,8,4,ok,,505.461705,20,50,0.56266196,0.003859505170148111,0.556883,0.562664,0.5674314,0.57058085,0.57231481,0.572575,14218.128412306385,14.218128412306385,562.6640000000001,70.33300000000001,3554.5321030765963,21024,19968,41496,sub-physical,0.03125,0.015625,Intel(R) Xeon(R) 6760P,AVX512,"avx2,avx512f,avx512bw,avx512vl,avx512_vnni,avx512_bf16,amx_bf16,amx_int8,amx_tile,fma",True,True,,,,,,256,128,sh14l07002s1404,3.11.9,2.1.2+cu121
20260428_010731,2026-04-28T07:06:32.003248,cpu,pytorch,separator1_grid_search_6ports_masked_hd16_depth3_stages2_share0,/home/liangyi/SRS_AI/Model_AIIC_refactor/experiments_refactored/20260427_072855_default_6port_separator1_masked_v2/separator1_grid_search_6ports_masked_hd16_depth3_stages2_share0,default_6port_separator1_masked_v2,separator1_grid_search_6ports_masked_hd16_depth3_stages2_share0,supervised_nmse_plateau,separator1,12,6,compile,bf16,bfloat16,8,8,ok,,506.458334,20,50,0.5540469,0.0057394259965609755,0.544917,0.553142,0.5580456,0.55849755,0.5756741299999999,0.58673,14439.210832151575,14.439210832151575,553.142,69.14275,1804.901354018947,21024,19968,41496,sub-physical,0.0625,0.03125,Intel(R) Xeon(R) 6760P,AVX512,"avx2,avx512f,avx512bw,avx512vl,avx512_vnni,avx512_bf16,amx_bf16,amx_int8,amx_tile,fma",True,True,,,,,,256,128,sh14l07002s1404,3.11.9,2.1.2+cu121
20260428_010731,2026-04-28T07:06:32.003248,cpu,pytorch,separator1_grid_search_6ports_masked_hd16_depth3_stages2_share0,/home/liangyi/SRS_AI/Model_AIIC_refactor/experiments_refactored/20260427_072855_default_6port_separator1_masked_v2/separator1_grid_search_6ports_masked_hd16_depth3_stages2_share0,default_6port_separator1_masked_v2,separator1_grid_search_6ports_masked_hd16_depth3_stages2_share0,supervised_nmse_plateau,separator1,12,6,compile,bf16,bfloat16,16,1,ok,,496.938568,20,50,0.90896202,0.01979789512396709,0.886789,0.9058470000000001,0.9391703,0.9449995,0.9688494399999998,0.986756,17602.495646627787,17.602495646627787,905.8470000000001,56.615437500000006,17602.495646627787,21024,19968,41496,single-thread,0.0078125,0.00390625,Intel(R) Xeon(R) 6760P,AVX512,"avx2,avx512f,avx512bw,avx512vl,avx512_vnni,avx512_bf16,amx_bf16,amx_int8,amx_tile,fma",True,True,,,,,,256,128,sh14l07002s1404,3.11.9,2.1.2+cu121
20260428_010731,2026-04-28T07:06:32.003248,cpu,pytorch,separator1_grid_search_6ports_masked_hd16_depth3_stages2_share0,/home/liangyi/SRS_AI/Model_AIIC_refactor/experiments_refactored/20260427_072855_default_6port_separator1_masked_v2/separator1_grid_search_6ports_masked_hd16_depth3_stages2_share0,default_6port_separator1_masked_v2,separator1_grid_search_6ports_masked_hd16_depth3_stages2_share0,supervised_nmse_plateau,separator1,12,6,compile,bf16,bfloat16,16,2,ok,,515.889434,20,50,0.9797939,0.02100185092819202,0.94896,0.972585,1.0093228,1.016822,1.0457538899999999,1.062776,16329.964903843555,16.329964903843553,972.585,60.7865625,8164.982451921777,21024,19968,41496,sub-physical,0.015625,0.0078125,Intel(R) Xeon(R) 6760P,AVX512,"avx2,avx512f,avx512bw,avx512vl,avx512_vnni,avx512_bf16,amx_bf16,amx_int8,amx_tile,fma",True,True,,,,,,256,128,sh14l07002s1404,3.11.9,2.1.2+cu121
20260428_010731,2026-04-28T07:06:32.003248,cpu,pytorch,separator1_grid_search_6ports_masked_hd16_depth3_stages2_share0,/home/liangyi/SRS_AI/Model_AIIC_refactor/experiments_refactored/20260427_072855_default_6port_separator1_masked_v2/separator1_grid_search_6ports_masked_hd16_depth3_stages2_share0,default_6port_separator1_masked_v2,separator1_grid_search_6ports_masked_hd16_depth3_stages2_share0,supervised_nmse_plateau,separator1,12,6,compile,bf16,bfloat16,16,4,ok,,512.311876,20,50,0.96992072,0.014727717443025598,0.948151,0.967441,0.9900223,0.9970677,1.0218880300000002,1.022061,16496.193627042012,16.49619362704201,967.441,60.4650625,4124.048406760503,21024,19968,41496,sub-physical,0.03125,0.015625,Intel(R) Xeon(R) 6760P,AVX512,"avx2,avx512f,avx512bw,avx512vl,avx512_vnni,avx512_bf16,amx_bf16,amx_int8,amx_tile,fma",True,True,,,,,,256,128,sh14l07002s1404,3.11.9,2.1.2+cu121
20260428_010731,2026-04-28T07:06:32.003248,cpu,pytorch,separator1_grid_search_6ports_masked_hd16_depth3_stages2_share0,/home/liangyi/SRS_AI/Model_AIIC_refactor/experiments_refactored/20260427_072855_default_6port_separator1_masked_v2/separator1_grid_search_6ports_masked_hd16_depth3_stages2_share0,default_6port_separator1_masked_v2,separator1_grid_search_6ports_masked_hd16_depth3_stages2_share0,supervised_nmse_plateau,separator1,12,6,compile,bf16,bfloat16,16,8,ok,,511.29394,20,50,1.0045181,0.016859134023134166,0.98138,1.0027995,1.0279726999999999,1.03522785,1.05026337,1.060596,15928.03554261491,15.92803554261491,1002.7995000000001,62.674968750000005,1991.0044428268639,21024,19968,41496,sub-physical,0.0625,0.03125,Intel(R) Xeon(R) 6760P,AVX512,"avx2,avx512f,avx512bw,avx512vl,avx512_vnni,avx512_bf16,amx_bf16,amx_int8,amx_tile,fma",True,True,,,,,,256,128,sh14l07002s1404,3.11.9,2.1.2+cu121
20260428_010731,2026-04-28T07:06:32.003248,cpu,pytorch,separator1_grid_search_6ports_masked_hd16_depth3_stages2_share0,/home/liangyi/SRS_AI/Model_AIIC_refactor/experiments_refactored/20260427_072855_default_6port_separator1_masked_v2/separator1_grid_search_6ports_masked_hd16_depth3_stages2_share0,default_6port_separator1_masked_v2,separator1_grid_search_6ports_masked_hd16_depth3_stages2_share0,supervised_nmse_plateau,separator1,12,6,compile,bf16,bfloat16,32,1,ok,,492.632393,20,50,1.43438042,0.026150754271408682,1.402457,1.424276,1.4634991,1.4857961499999999,1.51032951,1.525079,22309.28389276256,22.30928389276256,1424.276,44.508625,22309.28389276256,21024,19968,41496,single-thread,0.0078125,0.00390625,Intel(R) Xeon(R) 6760P,AVX512,"avx2,avx512f,avx512bw,avx512vl,avx512_vnni,avx512_bf16,amx_bf16,amx_int8,amx_tile,fma",True,True,,,,,,256,128,sh14l07002s1404,3.11.9,2.1.2+cu121
20260428_010731,2026-04-28T07:06:32.003248,cpu,pytorch,separator1_grid_search_6ports_masked_hd16_depth3_stages2_share0,/home/liangyi/SRS_AI/Model_AIIC_refactor/experiments_refactored/20260427_072855_default_6port_separator1_masked_v2/separator1_grid_search_6ports_masked_hd16_depth3_stages2_share0,default_6port_separator1_masked_v2,separator1_grid_search_6ports_masked_hd16_depth3_stages2_share0,supervised_nmse_plateau,separator1,12,6,compile,bf16,bfloat16,32,2,ok,,513.291413,20,50,1.6182232,0.014261628811604943,1.595611,1.6160765000000001,1.6299658000000001,1.6352065,1.66475966,1.690174,19774.775197883704,19.774775197883706,1616.0765000000001,50.502390625000004,9887.387598941852,21024,19968,41496,sub-physical,0.015625,0.0078125,Intel(R) Xeon(R) 6760P,AVX512,"avx2,avx512f,avx512bw,avx512vl,avx512_vnni,avx512_bf16,amx_bf16,amx_int8,amx_tile,fma",True,True,,,,,,256,128,sh14l07002s1404,3.11.9,2.1.2+cu121
20260428_010731,2026-04-28T07:06:32.003248,cpu,pytorch,separator1_grid_search_6ports_masked_hd16_depth3_stages2_share0,/home/liangyi/SRS_AI/Model_AIIC_refactor/experiments_refactored/20260427_072855_default_6port_separator1_masked_v2/separator1_grid_search_6ports_masked_hd16_depth3_stages2_share0,default_6port_separator1_masked_v2,separator1_grid_search_6ports_masked_hd16_depth3_stages2_share0,supervised_nmse_plateau,separator1,12,6,compile,bf16,bfloat16,32,4,ok,,508.526851,20,50,1.66774502,0.049849643426403766,1.623847,1.654989,1.7140299,1.7423065999999998,1.8612616899999999,1.902921,19187.585401993885,19.187585401993886,1654.989,51.71840625,4796.896350498471,21024,19968,41496,sub-physical,0.03125,0.015625,Intel(R) Xeon(R) 6760P,AVX512,"avx2,avx512f,avx512bw,avx512vl,avx512_vnni,avx512_bf16,amx_bf16,amx_int8,amx_tile,fma",True,True,,,,,,256,128,sh14l07002s1404,3.11.9,2.1.2+cu121
20260428_010731,2026-04-28T07:06:32.003248,cpu,pytorch,separator1_grid_search_6ports_masked_hd16_depth3_stages2_share0,/home/liangyi/SRS_AI/Model_AIIC_refactor/experiments_refactored/20260427_072855_default_6port_separator1_masked_v2/separator1_grid_search_6ports_masked_hd16_depth3_stages2_share0,default_6port_separator1_masked_v2,separator1_grid_search_6ports_masked_hd16_depth3_stages2_share0,supervised_nmse_plateau,separator1,12,6,compile,bf16,bfloat16,32,8,ok,,508.60491,20,50,1.81573674,0.0388886344881432,1.764996,1.8075320000000001,1.8654725,1.87940375,1.9278642499999998,1.961956,17623.70022870166,17.623700228701658,1807.5320000000002,56.485375000000005,2202.9625285877073,21024,19968,41496,sub-physical,0.0625,0.03125,Intel(R) Xeon(R) 6760P,AVX512,"avx2,avx512f,avx512bw,avx512vl,avx512_vnni,avx512_bf16,amx_bf16,amx_int8,amx_tile,fma",True,True,,,,,,256,128,sh14l07002s1404,3.11.9,2.1.2+cu121
20260428_010731,2026-04-28T07:06:32.003248,cpu,pytorch,separator1_grid_search_6ports_masked_hd16_depth3_stages2_share0,/home/liangyi/SRS_AI/Model_AIIC_refactor/experiments_refactored/20260427_072855_default_6port_separator1_masked_v2/separator1_grid_search_6ports_masked_hd16_depth3_stages2_share0,default_6port_separator1_masked_v2,separator1_grid_search_6ports_masked_hd16_depth3_stages2_share0,supervised_nmse_plateau,separator1,12,6,compile,bf16,bfloat16,64,1,ok,,492.258326,20,50,1.52307418,0.028996627718195084,1.493436,1.514938,1.5502647,1.5554044,1.6194141999999998,1.674108,42020.2776991466,42.020277699146604,1514.9379999999999,23.670906249999998,42020.2776991466,21024,19968,41496,single-thread,0.0078125,0.00390625,Intel(R) Xeon(R) 6760P,AVX512,"avx2,avx512f,avx512bw,avx512vl,avx512_vnni,avx512_bf16,amx_bf16,amx_int8,amx_tile,fma",True,True,,,,,,256,128,sh14l07002s1404,3.11.9,2.1.2+cu121
20260428_010731,2026-04-28T07:06:32.003248,cpu,pytorch,separator1_grid_search_6ports_masked_hd16_depth3_stages2_share0,/home/liangyi/SRS_AI/Model_AIIC_refactor/experiments_refactored/20260427_072855_default_6port_separator1_masked_v2/separator1_grid_search_6ports_masked_hd16_depth3_stages2_share0,default_6port_separator1_masked_v2,separator1_grid_search_6ports_masked_hd16_depth3_stages2_share0,supervised_nmse_plateau,separator1,12,6,compile,bf16,bfloat16,64,2,ok,,508.494873,20,50,1.7520953,0.06133601156588191,1.709717,1.7268755,1.8304498,1.9146416499999999,1.94885986,1.95096,36527.69344224598,36.52769344224598,1726.8755,26.9824296875,18263.84672112299,21024,19968,41496,sub-physical,0.015625,0.0078125,Intel(R) Xeon(R) 6760P,AVX512,"avx2,avx512f,avx512bw,avx512vl,avx512_vnni,avx512_bf16,amx_bf16,amx_int8,amx_tile,fma",True,True,,,,,,256,128,sh14l07002s1404,3.11.9,2.1.2+cu121
20260428_010731,2026-04-28T07:06:32.003248,cpu,pytorch,separator1_grid_search_6ports_masked_hd16_depth3_stages2_share0,/home/liangyi/SRS_AI/Model_AIIC_refactor/experiments_refactored/20260427_072855_default_6port_separator1_masked_v2/separator1_grid_search_6ports_masked_hd16_depth3_stages2_share0,default_6port_separator1_masked_v2,separator1_grid_search_6ports_masked_hd16_depth3_stages2_share0,supervised_nmse_plateau,separator1,12,6,compile,bf16,bfloat16,64,4,ok,,512.097445,20,50,1.82480636,0.056314709378548704,1.762034,1.8018105000000002,1.9027186,1.9530210000000001,1.97899794,1.994969,35072.21445677119,35.072214456771185,1801.8105000000003,28.153289062500004,8768.053614192797,21024,19968,41496,sub-physical,0.03125,0.015625,Intel(R) Xeon(R) 6760P,AVX512,"avx2,avx512f,avx512bw,avx512vl,avx512_vnni,avx512_bf16,amx_bf16,amx_int8,amx_tile,fma",True,True,,,,,,256,128,sh14l07002s1404,3.11.9,2.1.2+cu121
20260428_010731,2026-04-28T07:06:32.003248,cpu,pytorch,separator1_grid_search_6ports_masked_hd16_depth3_stages2_share0,/home/liangyi/SRS_AI/Model_AIIC_refactor/experiments_refactored/20260427_072855_default_6port_separator1_masked_v2/separator1_grid_search_6ports_masked_hd16_depth3_stages2_share0,default_6port_separator1_masked_v2,separator1_grid_search_6ports_masked_hd16_depth3_stages2_share0,supervised_nmse_plateau,separator1,12,6,compile,bf16,bfloat16,64,8,ok,,514.429855,20,50,1.89577024,0.04495070940065798,1.837878,1.8822695,1.9555554000000002,1.9697077,2.04237601,2.060041,33759.36526991794,33.759365269917936,1882.2695,29.4104609375,4219.920658739742,21024,19968,41496,sub-physical,0.0625,0.03125,Intel(R) Xeon(R) 6760P,AVX512,"avx2,avx512f,avx512bw,avx512vl,avx512_vnni,avx512_bf16,amx_bf16,amx_int8,amx_tile,fma",True,True,,,,,,256,128,sh14l07002s1404,3.11.9,2.1.2+cu121
20260428_010731,2026-04-28T07:06:32.003248,cpu,pytorch,separator1_grid_search_6ports_masked_hd16_depth3_stages2_share0,/home/liangyi/SRS_AI/Model_AIIC_refactor/experiments_refactored/20260427_072855_default_6port_separator1_masked_v2/separator1_grid_search_6ports_masked_hd16_depth3_stages2_share0,default_6port_separator1_masked_v2,separator1_grid_search_6ports_masked_hd16_depth3_stages2_share0,supervised_nmse_plateau,separator1,12,6,compile,bf16,bfloat16,128,1,ok,,496.907865,20,50,1.5455323,0.026567134365791122,1.512279,1.5388805,1.5803989999999999,1.5849307,1.62600208,1.629338,82819.36262347929,82.8193626234793,1538.8805,12.02250390625,82819.36262347929,21024,19968,41496,single-thread,0.0078125,0.00390625,Intel(R) Xeon(R) 6760P,AVX512,"avx2,avx512f,avx512bw,avx512vl,avx512_vnni,avx512_bf16,amx_bf16,amx_int8,amx_tile,fma",True,True,,,,,,256,128,sh14l07002s1404,3.11.9,2.1.2+cu121
20260428_010731,2026-04-28T07:06:32.003248,cpu,pytorch,separator1_grid_search_6ports_masked_hd16_depth3_stages2_share0,/home/liangyi/SRS_AI/Model_AIIC_refactor/experiments_refactored/20260427_072855_default_6port_separator1_masked_v2/separator1_grid_search_6ports_masked_hd16_depth3_stages2_share0,default_6port_separator1_masked_v2,separator1_grid_search_6ports_masked_hd16_depth3_stages2_share0,supervised_nmse_plateau,separator1,12,6,compile,bf16,bfloat16,128,2,ok,,512.339159,20,50,1.87417678,0.037968397474894826,1.816155,1.872377,1.9220752,1.92699195,1.93171194,1.933081,68296.6523574153,68.2966523574153,1872.377,14.6279453125,34148.32617870765,21024,19968,41496,sub-physical,0.015625,0.0078125,Intel(R) Xeon(R) 6760P,AVX512,"avx2,avx512f,avx512bw,avx512vl,avx512_vnni,avx512_bf16,amx_bf16,amx_int8,amx_tile,fma",True,True,,,,,,256,128,sh14l07002s1404,3.11.9,2.1.2+cu121
20260428_010731,2026-04-28T07:06:32.003248,cpu,pytorch,separator1_grid_search_6ports_masked_hd16_depth3_stages2_share0,/home/liangyi/SRS_AI/Model_AIIC_refactor/experiments_refactored/20260427_072855_default_6port_separator1_masked_v2/separator1_grid_search_6ports_masked_hd16_depth3_stages2_share0,default_6port_separator1_masked_v2,separator1_grid_search_6ports_masked_hd16_depth3_stages2_share0,supervised_nmse_plateau,separator1,12,6,compile,bf16,bfloat16,128,4,ok,,508.11032,20,50,1.9722671,0.031133457197201862,1.913389,1.9729325,2.0129921,2.02836105,2.04898798,2.057954,64899.93165732977,64.89993165732977,1972.9325,15.41353515625,16224.982914332442,21024,19968,41496,sub-physical,0.03125,0.015625,Intel(R) Xeon(R) 6760P,AVX512,"avx2,avx512f,avx512bw,avx512vl,avx512_vnni,avx512_bf16,amx_bf16,amx_int8,amx_tile,fma",True,True,,,,,,256,128,sh14l07002s1404,3.11.9,2.1.2+cu121
20260428_010731,2026-04-28T07:06:32.003248,cpu,pytorch,separator1_grid_search_6ports_masked_hd16_depth3_stages2_share0,/home/liangyi/SRS_AI/Model_AIIC_refactor/experiments_refactored/20260427_072855_default_6port_separator1_masked_v2/separator1_grid_search_6ports_masked_hd16_depth3_stages2_share0,default_6port_separator1_masked_v2,separator1_grid_search_6ports_masked_hd16_depth3_stages2_share0,supervised_nmse_plateau,separator1,12,6,compile,bf16,bfloat16,128,8,ok,,516.160193,20,50,2.0223767,0.041202430079911576,1.955767,2.0136269999999996,2.0794478,2.0873653500000002,2.11500484,2.132931,63291.868423919244,63.29186842391925,2013.6269999999995,15.731460937499996,7911.483552989906,21024,19968,41496,sub-physical,0.0625,0.03125,Intel(R) Xeon(R) 6760P,AVX512,"avx2,avx512f,avx512bw,avx512vl,avx512_vnni,avx512_bf16,amx_bf16,amx_int8,amx_tile,fma",True,True,,,,,,256,128,sh14l07002s1404,3.11.9,2.1.2+cu121
20260428_010731,2026-04-28T07:06:32.003248,cpu,onnxruntime,separator1_grid_search_6ports_masked_hd16_depth3_stages2_share0,/home/liangyi/SRS_AI/Model_AIIC_refactor/experiments_refactored/20260427_072855_default_6port_separator1_masked_v2/separator1_grid_search_6ports_masked_hd16_depth3_stages2_share0,default_6port_separator1_masked_v2,separator1_grid_search_6ports_masked_hd16_depth3_stages2_share0,supervised_nmse_plateau,separator1,12,6,onnxruntime,fp32,float32,1,1,ok,,13.005707,20,50,0.05145174,0.001479434538058376,0.049557,0.051275,0.0536533,0.054329300000000004,0.05610704,0.057481,19435.688666700094,19.435688666700095,51.275,51.275,19435.688666700094,21024,19968,41496,single-thread,0.0078125,0.00390625,Intel(R) Xeon(R) 6760P,AVX512,"avx2,avx512f,avx512bw,avx512vl,avx512_vnni,avx512_bf16,amx_bf16,amx_int8,amx_tile,fma",True,True,,1.23.2,CPUExecutionProvider,,,256,128,sh14l07002s1404,3.11.9,2.1.2+cu121
20260428_010731,2026-04-28T07:06:32.003248,cpu,onnxruntime,separator1_grid_search_6ports_masked_hd16_depth3_stages2_share0,/home/liangyi/SRS_AI/Model_AIIC_refactor/experiments_refactored/20260427_072855_default_6port_separator1_masked_v2/separator1_grid_search_6ports_masked_hd16_depth3_stages2_share0,default_6port_separator1_masked_v2,separator1_grid_search_6ports_masked_hd16_depth3_stages2_share0,supervised_nmse_plateau,separator1,12,6,onnxruntime,fp32,float32,1,2,ok,,13.447225,20,50,0.0557171,0.003056781747197533,0.053256,0.054837,0.0570941,0.059011999999999995,0.06822223999999998,0.074065,17947.81135414442,17.94781135414442,54.836999999999996,54.836999999999996,8973.90567707221,21024,19968,41496,sub-physical,0.015625,0.0078125,Intel(R) Xeon(R) 6760P,AVX512,"avx2,avx512f,avx512bw,avx512vl,avx512_vnni,avx512_bf16,amx_bf16,amx_int8,amx_tile,fma",True,True,,1.23.2,CPUExecutionProvider,,,256,128,sh14l07002s1404,3.11.9,2.1.2+cu121
20260428_010731,2026-04-28T07:06:32.003248,cpu,onnxruntime,separator1_grid_search_6ports_masked_hd16_depth3_stages2_share0,/home/liangyi/SRS_AI/Model_AIIC_refactor/experiments_refactored/20260427_072855_default_6port_separator1_masked_v2/separator1_grid_search_6ports_masked_hd16_depth3_stages2_share0,default_6port_separator1_masked_v2,separator1_grid_search_6ports_masked_hd16_depth3_stages2_share0,supervised_nmse_plateau,separator1,12,6,onnxruntime,fp32,float32,1,4,ok,,14.121223,20,50,0.05376604,0.0019447620724397112,0.051467,0.053315,0.0558218,0.058694649999999994,0.06021944,0.06029,18599.100845068744,18.599100845068744,53.315,53.315,4649.775211267186,21024,19968,41496,sub-physical,0.03125,0.015625,Intel(R) Xeon(R) 6760P,AVX512,"avx2,avx512f,avx512bw,avx512vl,avx512_vnni,avx512_bf16,amx_bf16,amx_int8,amx_tile,fma",True,True,,1.23.2,CPUExecutionProvider,,,256,128,sh14l07002s1404,3.11.9,2.1.2+cu121
20260428_010731,2026-04-28T07:06:32.003248,cpu,onnxruntime,separator1_grid_search_6ports_masked_hd16_depth3_stages2_share0,/home/liangyi/SRS_AI/Model_AIIC_refactor/experiments_refactored/20260427_072855_default_6port_separator1_masked_v2/separator1_grid_search_6ports_masked_hd16_depth3_stages2_share0,default_6port_separator1_masked_v2,separator1_grid_search_6ports_masked_hd16_depth3_stages2_share0,supervised_nmse_plateau,separator1,12,6,onnxruntime,fp32,float32,1,8,ok,,14.385231,20,50,0.05571722,0.002621035568549194,0.053988,0.05519,0.0567579,0.05798999999999999,0.06596490999999997,0.072404,17947.772699355784,17.947772699355784,55.190000000000005,55.190000000000005,2243.471587419473,21024,19968,41496,sub-physical,0.0625,0.03125,Intel(R) Xeon(R) 6760P,AVX512,"avx2,avx512f,avx512bw,avx512vl,avx512_vnni,avx512_bf16,amx_bf16,amx_int8,amx_tile,fma",True,True,,1.23.2,CPUExecutionProvider,,,256,128,sh14l07002s1404,3.11.9,2.1.2+cu121
20260428_010731,2026-04-28T07:06:32.003248,cpu,onnxruntime,separator1_grid_search_6ports_masked_hd16_depth3_stages2_share0,/home/liangyi/SRS_AI/Model_AIIC_refactor/experiments_refactored/20260427_072855_default_6port_separator1_masked_v2/separator1_grid_search_6ports_masked_hd16_depth3_stages2_share0,default_6port_separator1_masked_v2,separator1_grid_search_6ports_masked_hd16_depth3_stages2_share0,supervised_nmse_plateau,separator1,12,6,onnxruntime,fp32,float32,2,1,ok,,13.382379,20,50,0.053828799999999996,0.0012302128108583488,0.052007,0.053702,0.054644000000000005,0.0552326,0.05825346999999999,0.060506,37154.831614303126,37.15483161430313,53.702,26.851,37154.831614303126,21024,19968,41496,single-thread,0.0078125,0.00390625,Intel(R) Xeon(R) 6760P,AVX512,"avx2,avx512f,avx512bw,avx512vl,avx512_vnni,avx512_bf16,amx_bf16,amx_int8,amx_tile,fma",True,True,,1.23.2,CPUExecutionProvider,,,256,128,sh14l07002s1404,3.11.9,2.1.2+cu121
20260428_010731,2026-04-28T07:06:32.003248,cpu,onnxruntime,separator1_grid_search_6ports_masked_hd16_depth3_stages2_share0,/home/liangyi/SRS_AI/Model_AIIC_refactor/experiments_refactored/20260427_072855_default_6port_separator1_masked_v2/separator1_grid_search_6ports_masked_hd16_depth3_stages2_share0,default_6port_separator1_masked_v2,separator1_grid_search_6ports_masked_hd16_depth3_stages2_share0,supervised_nmse_plateau,separator1,12,6,onnxruntime,fp32,float32,2,2,ok,,13.296832,20,50,0.05557676,0.0016510355242695413,0.053399,0.0549575,0.0571859,0.05910745,0.06105139,0.062369,35986.26476246546,35.98626476246546,54.957499999999996,27.478749999999998,17993.13238123273,21024,19968,41496,sub-physical,0.015625,0.0078125,Intel(R) Xeon(R) 6760P,AVX512,"avx2,avx512f,avx512bw,avx512vl,avx512_vnni,avx512_bf16,amx_bf16,amx_int8,amx_tile,fma",True,True,,1.23.2,CPUExecutionProvider,,,256,128,sh14l07002s1404,3.11.9,2.1.2+cu121
20260428_010731,2026-04-28T07:06:32.003248,cpu,onnxruntime,separator1_grid_search_6ports_masked_hd16_depth3_stages2_share0,/home/liangyi/SRS_AI/Model_AIIC_refactor/experiments_refactored/20260427_072855_default_6port_separator1_masked_v2/separator1_grid_search_6ports_masked_hd16_depth3_stages2_share0,default_6port_separator1_masked_v2,separator1_grid_search_6ports_masked_hd16_depth3_stages2_share0,supervised_nmse_plateau,separator1,12,6,onnxruntime,fp32,float32,2,4,ok,,13.993943,20,50,0.05517128,0.001675444908554143,0.053086,0.054709,0.0576918,0.058802799999999995,0.0601798,0.060366,36250.744952808775,36.25074495280877,54.709,27.3545,9062.686238202194,21024,19968,41496,sub-physical,0.03125,0.015625,Intel(R) Xeon(R) 6760P,AVX512,"avx2,avx512f,avx512bw,avx512vl,avx512_vnni,avx512_bf16,amx_bf16,amx_int8,amx_tile,fma",True,True,,1.23.2,CPUExecutionProvider,,,256,128,sh14l07002s1404,3.11.9,2.1.2+cu121
20260428_010731,2026-04-28T07:06:32.003248,cpu,onnxruntime,separator1_grid_search_6ports_masked_hd16_depth3_stages2_share0,/home/liangyi/SRS_AI/Model_AIIC_refactor/experiments_refactored/20260427_072855_default_6port_separator1_masked_v2/separator1_grid_search_6ports_masked_hd16_depth3_stages2_share0,default_6port_separator1_masked_v2,separator1_grid_search_6ports_masked_hd16_depth3_stages2_share0,supervised_nmse_plateau,separator1,12,6,onnxruntime,fp32,float32,2,8,ok,,14.400322,20,50,0.05582232,0.0022736577177754794,0.054079,0.0550205,0.0577539,0.06097185,0.06412619,0.064503,35827.96272172134,35.82796272172134,55.0205,27.51025,4478.495340215168,21024,19968,41496,sub-physical,0.0625,0.03125,Intel(R) Xeon(R) 6760P,AVX512,"avx2,avx512f,avx512bw,avx512vl,avx512_vnni,avx512_bf16,amx_bf16,amx_int8,amx_tile,fma",True,True,,1.23.2,CPUExecutionProvider,,,256,128,sh14l07002s1404,3.11.9,2.1.2+cu121
20260428_010731,2026-04-28T07:06:32.003248,cpu,onnxruntime,separator1_grid_search_6ports_masked_hd16_depth3_stages2_share0,/home/liangyi/SRS_AI/Model_AIIC_refactor/experiments_refactored/20260427_072855_default_6port_separator1_masked_v2/separator1_grid_search_6ports_masked_hd16_depth3_stages2_share0,default_6port_separator1_masked_v2,separator1_grid_search_6ports_masked_hd16_depth3_stages2_share0,supervised_nmse_plateau,separator1,12,6,onnxruntime,fp32,float32,4,1,ok,,13.276309,20,50,0.05453496,0.0012049335078750196,0.053152,0.054182,0.055483899999999996,0.0570206,0.058329139999999995,0.059218,73347.44538182479,73.34744538182478,54.182,13.5455,73347.44538182479,21024,19968,41496,single-thread,0.0078125,0.00390625,Intel(R) Xeon(R) 6760P,AVX512,"avx2,avx512f,avx512bw,avx512vl,avx512_vnni,avx512_bf16,amx_bf16,amx_int8,amx_tile,fma",True,True,,1.23.2,CPUExecutionProvider,,,256,128,sh14l07002s1404,3.11.9,2.1.2+cu121
20260428_010731,2026-04-28T07:06:32.003248,cpu,onnxruntime,separator1_grid_search_6ports_masked_hd16_depth3_stages2_share0,/home/liangyi/SRS_AI/Model_AIIC_refactor/experiments_refactored/20260427_072855_default_6port_separator1_masked_v2/separator1_grid_search_6ports_masked_hd16_depth3_stages2_share0,default_6port_separator1_masked_v2,separator1_grid_search_6ports_masked_hd16_depth3_stages2_share0,supervised_nmse_plateau,separator1,12,6,onnxruntime,fp32,float32,4,2,ok,,13.449085,20,50,0.0576932,0.002493912652840913,0.055513,0.0569295,0.0586766,0.06169469999999999,0.06807635999999999,0.070397,69332.26099436329,69.33226099436328,56.929500000000004,14.232375000000001,34666.13049718164,21024,19968,41496,sub-physical,0.015625,0.0078125,Intel(R) Xeon(R) 6760P,AVX512,"avx2,avx512f,avx512bw,avx512vl,avx512_vnni,avx512_bf16,amx_bf16,amx_int8,amx_tile,fma",True,True,,1.23.2,CPUExecutionProvider,,,256,128,sh14l07002s1404,3.11.9,2.1.2+cu121
20260428_010731,2026-04-28T07:06:32.003248,cpu,onnxruntime,separator1_grid_search_6ports_masked_hd16_depth3_stages2_share0,/home/liangyi/SRS_AI/Model_AIIC_refactor/experiments_refactored/20260427_072855_default_6port_separator1_masked_v2/separator1_grid_search_6ports_masked_hd16_depth3_stages2_share0,default_6port_separator1_masked_v2,separator1_grid_search_6ports_masked_hd16_depth3_stages2_share0,supervised_nmse_plateau,separator1,12,6,onnxruntime,fp32,float32,4,4,ok,,14.233468,20,50,0.0572201,0.001598797438701977,0.055575,0.056898500000000005,0.0581558,0.059751849999999995,0.06354673,0.064685,69905.50523330088,69.90550523330089,56.898500000000006,14.224625000000001,17476.37630832522,21024,19968,41496,sub-physical,0.03125,0.015625,Intel(R) Xeon(R) 6760P,AVX512,"avx2,avx512f,avx512bw,avx512vl,avx512_vnni,avx512_bf16,amx_bf16,amx_int8,amx_tile,fma",True,True,,1.23.2,CPUExecutionProvider,,,256,128,sh14l07002s1404,3.11.9,2.1.2+cu121
20260428_010731,2026-04-28T07:06:32.003248,cpu,onnxruntime,separator1_grid_search_6ports_masked_hd16_depth3_stages2_share0,/home/liangyi/SRS_AI/Model_AIIC_refactor/experiments_refactored/20260427_072855_default_6port_separator1_masked_v2/separator1_grid_search_6ports_masked_hd16_depth3_stages2_share0,default_6port_separator1_masked_v2,separator1_grid_search_6ports_masked_hd16_depth3_stages2_share0,supervised_nmse_plateau,separator1,12,6,onnxruntime,fp32,float32,4,8,ok,,15.468385,20,50,0.0576855,0.0014679223991751066,0.056165,0.057258,0.058662700000000005,0.06022684999999999,0.06332629000000001,0.06361,69341.51563217792,69.34151563217792,57.258,14.3145,8667.68945402224,21024,19968,41496,sub-physical,0.0625,0.03125,Intel(R) Xeon(R) 6760P,AVX512,"avx2,avx512f,avx512bw,avx512vl,avx512_vnni,avx512_bf16,amx_bf16,amx_int8,amx_tile,fma",True,True,,1.23.2,CPUExecutionProvider,,,256,128,sh14l07002s1404,3.11.9,2.1.2+cu121
20260428_010731,2026-04-28T07:06:32.003248,cpu,onnxruntime,separator1_grid_search_6ports_masked_hd16_depth3_stages2_share0,/home/liangyi/SRS_AI/Model_AIIC_refactor/experiments_refactored/20260427_072855_default_6port_separator1_masked_v2/separator1_grid_search_6ports_masked_hd16_depth3_stages2_share0,default_6port_separator1_masked_v2,separator1_grid_search_6ports_masked_hd16_depth3_stages2_share0,supervised_nmse_plateau,separator1,12,6,onnxruntime,fp32,float32,8,1,ok,,13.268547,20,50,0.05986786,0.0014590014257703796,0.05832,0.0595185,0.061237,0.0616846,0.06515766999999999,0.067567,133627.625908125,133.627625908125,59.5185,7.4398125,133627.625908125,21024,19968,41496,single-thread,0.0078125,0.00390625,Intel(R) Xeon(R) 6760P,AVX512,"avx2,avx512f,avx512bw,avx512vl,avx512_vnni,avx512_bf16,amx_bf16,amx_int8,amx_tile,fma",True,True,,1.23.2,CPUExecutionProvider,,,256,128,sh14l07002s1404,3.11.9,2.1.2+cu121
20260428_010731,2026-04-28T07:06:32.003248,cpu,onnxruntime,separator1_grid_search_6ports_masked_hd16_depth3_stages2_share0,/home/liangyi/SRS_AI/Model_AIIC_refactor/experiments_refactored/20260427_072855_default_6port_separator1_masked_v2/separator1_grid_search_6ports_masked_hd16_depth3_stages2_share0,default_6port_separator1_masked_v2,separator1_grid_search_6ports_masked_hd16_depth3_stages2_share0,supervised_nmse_plateau,separator1,12,6,onnxruntime,fp32,float32,8,2,ok,,13.578437,20,50,0.06376044,0.0020362188503203673,0.061883,0.0633525,0.0649392,0.0685963,0.07127014,0.072208,125469.64857833477,125.46964857833477,63.352500000000006,7.919062500000001,62734.82428916739,21024,19968,41496,sub-physical,0.015625,0.0078125,Intel(R) Xeon(R) 6760P,AVX512,"avx2,avx512f,avx512bw,avx512vl,avx512_vnni,avx512_bf16,amx_bf16,amx_int8,amx_tile,fma",True,True,,1.23.2,CPUExecutionProvider,,,256,128,sh14l07002s1404,3.11.9,2.1.2+cu121
20260428_010731,2026-04-28T07:06:32.003248,cpu,onnxruntime,separator1_grid_search_6ports_masked_hd16_depth3_stages2_share0,/home/liangyi/SRS_AI/Model_AIIC_refactor/experiments_refactored/20260427_072855_default_6port_separator1_masked_v2/separator1_grid_search_6ports_masked_hd16_depth3_stages2_share0,default_6port_separator1_masked_v2,separator1_grid_search_6ports_masked_hd16_depth3_stages2_share0,supervised_nmse_plateau,separator1,12,6,onnxruntime,fp32,float32,8,4,ok,,13.674978,20,50,0.063644,0.0017136594527501663,0.061722,0.06320100000000001,0.06482489999999999,0.0677487,0.0693148,0.07004,125699.2018100685,125.6992018100685,63.20100000000001,7.900125000000001,31424.800452517124,21024,19968,41496,sub-physical,0.03125,0.015625,Intel(R) Xeon(R) 6760P,AVX512,"avx2,avx512f,avx512bw,avx512vl,avx512_vnni,avx512_bf16,amx_bf16,amx_int8,amx_tile,fma",True,True,,1.23.2,CPUExecutionProvider,,,256,128,sh14l07002s1404,3.11.9,2.1.2+cu121
20260428_010731,2026-04-28T07:06:32.003248,cpu,onnxruntime,separator1_grid_search_6ports_masked_hd16_depth3_stages2_share0,/home/liangyi/SRS_AI/Model_AIIC_refactor/experiments_refactored/20260427_072855_default_6port_separator1_masked_v2/separator1_grid_search_6ports_masked_hd16_depth3_stages2_share0,default_6port_separator1_masked_v2,separator1_grid_search_6ports_masked_hd16_depth3_stages2_share0,supervised_nmse_plateau,separator1,12,6,onnxruntime,fp32,float32,8,8,ok,,14.702229,20,50,0.06348854,0.002108109999122437,0.060908,0.063291,0.0652887,0.0684953,0.07049743,0.070592,126006.99275806312,126.00699275806312,63.291,7.911375,15750.87409475789,21024,19968,41496,sub-physical,0.0625,0.03125,Intel(R) Xeon(R) 6760P,AVX512,"avx2,avx512f,avx512bw,avx512vl,avx512_vnni,avx512_bf16,amx_bf16,amx_int8,amx_tile,fma",True,True,,1.23.2,CPUExecutionProvider,,,256,128,sh14l07002s1404,3.11.9,2.1.2+cu121
20260428_010731,2026-04-28T07:06:32.003248,cpu,onnxruntime,separator1_grid_search_6ports_masked_hd16_depth3_stages2_share0,/home/liangyi/SRS_AI/Model_AIIC_refactor/experiments_refactored/20260427_072855_default_6port_separator1_masked_v2/separator1_grid_search_6ports_masked_hd16_depth3_stages2_share0,default_6port_separator1_masked_v2,separator1_grid_search_6ports_masked_hd16_depth3_stages2_share0,supervised_nmse_plateau,separator1,12,6,onnxruntime,fp32,float32,16,1,ok,,13.337187,20,50,0.06755164,0.001160375728115682,0.065462,0.06762699999999999,0.0686905,0.06928134999999999,0.07086166999999999,0.071409,236855.83355193154,236.85583355193154,67.627,4.2266875,236855.83355193154,21024,19968,41496,single-thread,0.0078125,0.00390625,Intel(R) Xeon(R) 6760P,AVX512,"avx2,avx512f,avx512bw,avx512vl,avx512_vnni,avx512_bf16,amx_bf16,amx_int8,amx_tile,fma",True,True,,1.23.2,CPUExecutionProvider,,,256,128,sh14l07002s1404,3.11.9,2.1.2+cu121
20260428_010731,2026-04-28T07:06:32.003248,cpu,onnxruntime,separator1_grid_search_6ports_masked_hd16_depth3_stages2_share0,/home/liangyi/SRS_AI/Model_AIIC_refactor/experiments_refactored/20260427_072855_default_6port_separator1_masked_v2/separator1_grid_search_6ports_masked_hd16_depth3_stages2_share0,default_6port_separator1_masked_v2,separator1_grid_search_6ports_masked_hd16_depth3_stages2_share0,supervised_nmse_plateau,separator1,12,6,onnxruntime,fp32,float32,16,2,ok,,13.49065,20,50,0.0721542,0.0021921314741593398,0.069928,0.07159750000000001,0.0736034,0.07732699999999999,0.07963149,0.079729,221747.3133927062,221.7473133927062,71.59750000000001,4.474843750000001,110873.6566963531,21024,19968,41496,sub-physical,0.015625,0.0078125,Intel(R) Xeon(R) 6760P,AVX512,"avx2,avx512f,avx512bw,avx512vl,avx512_vnni,avx512_bf16,amx_bf16,amx_int8,amx_tile,fma",True,True,,1.23.2,CPUExecutionProvider,,,256,128,sh14l07002s1404,3.11.9,2.1.2+cu121
20260428_010731,2026-04-28T07:06:32.003248,cpu,onnxruntime,separator1_grid_search_6ports_masked_hd16_depth3_stages2_share0,/home/liangyi/SRS_AI/Model_AIIC_refactor/experiments_refactored/20260427_072855_default_6port_separator1_masked_v2/separator1_grid_search_6ports_masked_hd16_depth3_stages2_share0,default_6port_separator1_masked_v2,separator1_grid_search_6ports_masked_hd16_depth3_stages2_share0,supervised_nmse_plateau,separator1,12,6,onnxruntime,fp32,float32,16,4,ok,,14.017154,20,50,0.0714577,0.0026733216734990935,0.068899,0.0710195,0.0727136,0.07503789999999999,0.08169185999999998,0.086389,223908.69003620325,223.90869003620324,71.0195,4.43871875,55977.17250905081,21024,19968,41496,sub-physical,0.03125,0.015625,Intel(R) Xeon(R) 6760P,AVX512,"avx2,avx512f,avx512bw,avx512vl,avx512_vnni,avx512_bf16,amx_bf16,amx_int8,amx_tile,fma",True,True,,1.23.2,CPUExecutionProvider,,,256,128,sh14l07002s1404,3.11.9,2.1.2+cu121
20260428_010731,2026-04-28T07:06:32.003248,cpu,onnxruntime,separator1_grid_search_6ports_masked_hd16_depth3_stages2_share0,/home/liangyi/SRS_AI/Model_AIIC_refactor/experiments_refactored/20260427_072855_default_6port_separator1_masked_v2/separator1_grid_search_6ports_masked_hd16_depth3_stages2_share0,default_6port_separator1_masked_v2,separator1_grid_search_6ports_masked_hd16_depth3_stages2_share0,supervised_nmse_plateau,separator1,12,6,onnxruntime,fp32,float32,16,8,ok,,14.36057,20,50,0.0705913,0.0019075401778206398,0.06824,0.070488,0.0722032,0.0740919,0.07728690999999999,0.078287,226656.82598280525,226.65682598280526,70.488,4.4055,28332.103247850657,21024,19968,41496,sub-physical,0.0625,0.03125,Intel(R) Xeon(R) 6760P,AVX512,"avx2,avx512f,avx512bw,avx512vl,avx512_vnni,avx512_bf16,amx_bf16,amx_int8,amx_tile,fma",True,True,,1.23.2,CPUExecutionProvider,,,256,128,sh14l07002s1404,3.11.9,2.1.2+cu121
20260428_010731,2026-04-28T07:06:32.003248,cpu,onnxruntime,separator1_grid_search_6ports_masked_hd16_depth3_stages2_share0,/home/liangyi/SRS_AI/Model_AIIC_refactor/experiments_refactored/20260427_072855_default_6port_separator1_masked_v2/separator1_grid_search_6ports_masked_hd16_depth3_stages2_share0,default_6port_separator1_masked_v2,separator1_grid_search_6ports_masked_hd16_depth3_stages2_share0,supervised_nmse_plateau,separator1,12,6,onnxruntime,fp32,float32,32,1,ok,,13.469339,20,50,0.0864294,0.00153846553422558,0.084253,0.086173,0.0881856,0.08876125,0.09122322,0.091332,370244.3844340004,370.24438443400044,86.173,2.69290625,370244.3844340004,21024,19968,41496,single-thread,0.0078125,0.00390625,Intel(R) Xeon(R) 6760P,AVX512,"avx2,avx512f,avx512bw,avx512vl,avx512_vnni,avx512_bf16,amx_bf16,amx_int8,amx_tile,fma",True,True,,1.23.2,CPUExecutionProvider,,,256,128,sh14l07002s1404,3.11.9,2.1.2+cu121
20260428_010731,2026-04-28T07:06:32.003248,cpu,onnxruntime,separator1_grid_search_6ports_masked_hd16_depth3_stages2_share0,/home/liangyi/SRS_AI/Model_AIIC_refactor/experiments_refactored/20260427_072855_default_6port_separator1_masked_v2/separator1_grid_search_6ports_masked_hd16_depth3_stages2_share0,default_6port_separator1_masked_v2,separator1_grid_search_6ports_masked_hd16_depth3_stages2_share0,supervised_nmse_plateau,separator1,12,6,onnxruntime,fp32,float32,32,2,ok,,13.57353,20,50,0.08999216,0.0027013414546110236,0.086875,0.089452,0.0937906,0.0954348,0.09823643,0.099801,355586.53109337523,355.58653109337524,89.452,2.795375,177793.26554668762,21024,19968,41496,sub-physical,0.015625,0.0078125,Intel(R) Xeon(R) 6760P,AVX512,"avx2,avx512f,avx512bw,avx512vl,avx512_vnni,avx512_bf16,amx_bf16,amx_int8,amx_tile,fma",True,True,,1.23.2,CPUExecutionProvider,,,256,128,sh14l07002s1404,3.11.9,2.1.2+cu121
20260428_010731,2026-04-28T07:06:32.003248,cpu,onnxruntime,separator1_grid_search_6ports_masked_hd16_depth3_stages2_share0,/home/liangyi/SRS_AI/Model_AIIC_refactor/experiments_refactored/20260427_072855_default_6port_separator1_masked_v2/separator1_grid_search_6ports_masked_hd16_depth3_stages2_share0,default_6port_separator1_masked_v2,separator1_grid_search_6ports_masked_hd16_depth3_stages2_share0,supervised_nmse_plateau,separator1,12,6,onnxruntime,fp32,float32,32,4,ok,,14.178127,20,50,0.08907754,0.0028349625126974786,0.08625,0.08808350000000001,0.0934745,0.0954212,0.09780395,0.099737,359237.58110069047,359.2375811006905,88.08350000000002,2.7526093750000005,89809.39527517262,21024,19968,41496,sub-physical,0.03125,0.015625,Intel(R) Xeon(R) 6760P,AVX512,"avx2,avx512f,avx512bw,avx512vl,avx512_vnni,avx512_bf16,amx_bf16,amx_int8,amx_tile,fma",True,True,,1.23.2,CPUExecutionProvider,,,256,128,sh14l07002s1404,3.11.9,2.1.2+cu121
20260428_010731,2026-04-28T07:06:32.003248,cpu,onnxruntime,separator1_grid_search_6ports_masked_hd16_depth3_stages2_share0,/home/liangyi/SRS_AI/Model_AIIC_refactor/experiments_refactored/20260427_072855_default_6port_separator1_masked_v2/separator1_grid_search_6ports_masked_hd16_depth3_stages2_share0,default_6port_separator1_masked_v2,separator1_grid_search_6ports_masked_hd16_depth3_stages2_share0,supervised_nmse_plateau,separator1,12,6,onnxruntime,fp32,float32,32,8,ok,,14.603239,20,50,0.0899196,0.0026301904950022156,0.08749,0.088806,0.0931637,0.09569995,0.09862322999999999,0.099443,355873.46918803017,355.8734691880302,88.806,2.7751875,44484.18364850377,21024,19968,41496,sub-physical,0.0625,0.03125,Intel(R) Xeon(R) 6760P,AVX512,"avx2,avx512f,avx512bw,avx512vl,avx512_vnni,avx512_bf16,amx_bf16,amx_int8,amx_tile,fma",True,True,,1.23.2,CPUExecutionProvider,,,256,128,sh14l07002s1404,3.11.9,2.1.2+cu121
20260428_010731,2026-04-28T07:06:32.003248,cpu,onnxruntime,separator1_grid_search_6ports_masked_hd16_depth3_stages2_share0,/home/liangyi/SRS_AI/Model_AIIC_refactor/experiments_refactored/20260427_072855_default_6port_separator1_masked_v2/separator1_grid_search_6ports_masked_hd16_depth3_stages2_share0,default_6port_separator1_masked_v2,separator1_grid_search_6ports_masked_hd16_depth3_stages2_share0,supervised_nmse_plateau,separator1,12,6,onnxruntime,fp32,float32,64,1,ok,,13.122395,20,50,0.12052818,0.002659789282556045,0.118046,0.1199385,0.1226009,0.1230961,0.13084137999999998,0.134682,530996.1537625475,530.9961537625476,119.9385,1.8740390625,530996.1537625475,21024,19968,41496,single-thread,0.0078125,0.00390625,Intel(R) Xeon(R) 6760P,AVX512,"avx2,avx512f,avx512bw,avx512vl,avx512_vnni,avx512_bf16,amx_bf16,amx_int8,amx_tile,fma",True,True,,1.23.2,CPUExecutionProvider,,,256,128,sh14l07002s1404,3.11.9,2.1.2+cu121
20260428_010731,2026-04-28T07:06:32.003248,cpu,onnxruntime,separator1_grid_search_6ports_masked_hd16_depth3_stages2_share0,/home/liangyi/SRS_AI/Model_AIIC_refactor/experiments_refactored/20260427_072855_default_6port_separator1_masked_v2/separator1_grid_search_6ports_masked_hd16_depth3_stages2_share0,default_6port_separator1_masked_v2,separator1_grid_search_6ports_masked_hd16_depth3_stages2_share0,supervised_nmse_plateau,separator1,12,6,onnxruntime,fp32,float32,64,2,ok,,13.400851,20,50,0.14797742,0.022050994453847204,0.135415,0.1446295,0.1509238,0.15310925,0.22950158999999973,0.298841,432498.41766399227,432.49841766399226,144.6295,2.2598359375,216249.20883199613,21024,19968,41496,sub-physical,0.015625,0.0078125,Intel(R) Xeon(R) 6760P,AVX512,"avx2,avx512f,avx512bw,avx512vl,avx512_vnni,avx512_bf16,amx_bf16,amx_int8,amx_tile,fma",True,True,,1.23.2,CPUExecutionProvider,,,256,128,sh14l07002s1404,3.11.9,2.1.2+cu121
20260428_010731,2026-04-28T07:06:32.003248,cpu,onnxruntime,separator1_grid_search_6ports_masked_hd16_depth3_stages2_share0,/home/liangyi/SRS_AI/Model_AIIC_refactor/experiments_refactored/20260427_072855_default_6port_separator1_masked_v2/separator1_grid_search_6ports_masked_hd16_depth3_stages2_share0,default_6port_separator1_masked_v2,separator1_grid_search_6ports_masked_hd16_depth3_stages2_share0,supervised_nmse_plateau,separator1,12,6,onnxruntime,fp32,float32,64,4,ok,,13.646839,20,50,0.1508603,0.00467459586809384,0.135757,0.151247,0.1565648,0.15732854999999998,0.16141292,0.162732,424233.54586992075,424.23354586992076,151.24699999999999,2.3632343749999998,106058.38646748019,21024,19968,41496,sub-physical,0.03125,0.015625,Intel(R) Xeon(R) 6760P,AVX512,"avx2,avx512f,avx512bw,avx512vl,avx512_vnni,avx512_bf16,amx_bf16,amx_int8,amx_tile,fma",True,True,,1.23.2,CPUExecutionProvider,,,256,128,sh14l07002s1404,3.11.9,2.1.2+cu121
20260428_010731,2026-04-28T07:06:32.003248,cpu,onnxruntime,separator1_grid_search_6ports_masked_hd16_depth3_stages2_share0,/home/liangyi/SRS_AI/Model_AIIC_refactor/experiments_refactored/20260427_072855_default_6port_separator1_masked_v2/separator1_grid_search_6ports_masked_hd16_depth3_stages2_share0,default_6port_separator1_masked_v2,separator1_grid_search_6ports_masked_hd16_depth3_stages2_share0,supervised_nmse_plateau,separator1,12,6,onnxruntime,fp32,float32,64,8,ok,,14.465318,20,50,0.15056476,0.011849025675657892,0.136751,0.14948899999999998,0.1551547,0.15588915,0.19286922999999986,0.226813,425066.26384553727,425.06626384553726,149.48899999999998,2.3357656249999996,53133.28298069216,21024,19968,41496,sub-physical,0.0625,0.03125,Intel(R) Xeon(R) 6760P,AVX512,"avx2,avx512f,avx512bw,avx512vl,avx512_vnni,avx512_bf16,amx_bf16,amx_int8,amx_tile,fma",True,True,,1.23.2,CPUExecutionProvider,,,256,128,sh14l07002s1404,3.11.9,2.1.2+cu121
20260428_010731,2026-04-28T07:06:32.003248,cpu,onnxruntime,separator1_grid_search_6ports_masked_hd16_depth3_stages2_share0,/home/liangyi/SRS_AI/Model_AIIC_refactor/experiments_refactored/20260427_072855_default_6port_separator1_masked_v2/separator1_grid_search_6ports_masked_hd16_depth3_stages2_share0,default_6port_separator1_masked_v2,separator1_grid_search_6ports_masked_hd16_depth3_stages2_share0,supervised_nmse_plateau,separator1,12,6,onnxruntime,fp32,float32,128,1,ok,,13.30202,20,50,0.18267288,0.0030484718115147465,0.178998,0.1819875,0.1859432,0.1880654,0.19292582,0.193407,700706.0927708589,700.7060927708588,181.98749999999998,1.4217773437499999,700706.0927708589,21024,19968,41496,single-thread,0.0078125,0.00390625,Intel(R) Xeon(R) 6760P,AVX512,"avx2,avx512f,avx512bw,avx512vl,avx512_vnni,avx512_bf16,amx_bf16,amx_int8,amx_tile,fma",True,True,,1.23.2,CPUExecutionProvider,,,256,128,sh14l07002s1404,3.11.9,2.1.2+cu121
20260428_010731,2026-04-28T07:06:32.003248,cpu,onnxruntime,separator1_grid_search_6ports_masked_hd16_depth3_stages2_share0,/home/liangyi/SRS_AI/Model_AIIC_refactor/experiments_refactored/20260427_072855_default_6port_separator1_masked_v2/separator1_grid_search_6ports_masked_hd16_depth3_stages2_share0,default_6port_separator1_masked_v2,separator1_grid_search_6ports_masked_hd16_depth3_stages2_share0,supervised_nmse_plateau,separator1,12,6,onnxruntime,fp32,float32,128,2,ok,,13.664493,20,50,0.20481232,0.0073300538945904065,0.193162,0.203913,0.21478819999999998,0.21623525000000002,0.21867617999999997,0.220351,624962.404605348,624.962404605348,203.913,1.5930703125,312481.202302674,21024,19968,41496,sub-physical,0.015625,0.0078125,Intel(R) Xeon(R) 6760P,AVX512,"avx2,avx512f,avx512bw,avx512vl,avx512_vnni,avx512_bf16,amx_bf16,amx_int8,amx_tile,fma",True,True,,1.23.2,CPUExecutionProvider,,,256,128,sh14l07002s1404,3.11.9,2.1.2+cu121
20260428_010731,2026-04-28T07:06:32.003248,cpu,onnxruntime,separator1_grid_search_6ports_masked_hd16_depth3_stages2_share0,/home/liangyi/SRS_AI/Model_AIIC_refactor/experiments_refactored/20260427_072855_default_6port_separator1_masked_v2/separator1_grid_search_6ports_masked_hd16_depth3_stages2_share0,default_6port_separator1_masked_v2,separator1_grid_search_6ports_masked_hd16_depth3_stages2_share0,supervised_nmse_plateau,separator1,12,6,onnxruntime,fp32,float32,128,4,ok,,13.807372,20,50,0.23095946,0.004844860052509256,0.21326,0.230804,0.23808010000000002,0.23852695000000002,0.2393825,0.239897,554209.8167358029,554.2098167358029,230.804,1.80315625,138552.45418395073,21024,19968,41496,sub-physical,0.03125,0.015625,Intel(R) Xeon(R) 6760P,AVX512,"avx2,avx512f,avx512bw,avx512vl,avx512_vnni,avx512_bf16,amx_bf16,amx_int8,amx_tile,fma",True,True,,1.23.2,CPUExecutionProvider,,,256,128,sh14l07002s1404,3.11.9,2.1.2+cu121
20260428_010731,2026-04-28T07:06:32.003248,cpu,onnxruntime,separator1_grid_search_6ports_masked_hd16_depth3_stages2_share0,/home/liangyi/SRS_AI/Model_AIIC_refactor/experiments_refactored/20260427_072855_default_6port_separator1_masked_v2/separator1_grid_search_6ports_masked_hd16_depth3_stages2_share0,default_6port_separator1_masked_v2,separator1_grid_search_6ports_masked_hd16_depth3_stages2_share0,supervised_nmse_plateau,separator1,12,6,onnxruntime,fp32,float32,128,8,ok,,14.58322,20,50,0.2420049,0.005559304982639466,0.214916,0.2417925,0.2477888,0.2488438,0.25112234,0.253001,528914.9104005746,528.9149104005745,241.7925,1.88900390625,66114.36380007182,21024,19968,41496,sub-physical,0.0625,0.03125,Intel(R) Xeon(R) 6760P,AVX512,"avx2,avx512f,avx512bw,avx512vl,avx512_vnni,avx512_bf16,amx_bf16,amx_int8,amx_tile,fma",True,True,,1.23.2,CPUExecutionProvider,,,256,128,sh14l07002s1404,3.11.9,2.1.2+cu121
20260428_010731,2026-04-28T07:06:32.003248,cpu,onnxruntime,separator1_grid_search_6ports_masked_hd16_depth3_stages2_share0,/home/liangyi/SRS_AI/Model_AIIC_refactor/experiments_refactored/20260427_072855_default_6port_separator1_masked_v2/separator1_grid_search_6ports_masked_hd16_depth3_stages2_share0,,,,,,,onnxruntime,bf16,,1,1,skipped,ONNX Runtime benchmark currently supports precision profile fp32 only,0.0,,,,,,,,,,,,,,,,21024,19968,41496,single-thread,0.0078125,0.00390625,Intel(R) Xeon(R) 6760P,AVX512,"avx2,avx512f,avx512bw,avx512vl,avx512_vnni,avx512_bf16,amx_bf16,amx_int8,amx_tile,fma",True,True,,1.23.2,,,,256,128,sh14l07002s1404,3.11.9,2.1.2+cu121
20260428_010731,2026-04-28T07:06:32.003248,cpu,onnxruntime,separator1_grid_search_6ports_masked_hd16_depth3_stages2_share0,/home/liangyi/SRS_AI/Model_AIIC_refactor/experiments_refactored/20260427_072855_default_6port_separator1_masked_v2/separator1_grid_search_6ports_masked_hd16_depth3_stages2_share0,,,,,,,onnxruntime,bf16,,1,2,skipped,ONNX Runtime benchmark currently supports precision profile fp32 only,0.0,,,,,,,,,,,,,,,,21024,19968,41496,sub-physical,0.015625,0.0078125,Intel(R) Xeon(R) 6760P,AVX512,"avx2,avx512f,avx512bw,avx512vl,avx512_vnni,avx512_bf16,amx_bf16,amx_int8,amx_tile,fma",True,True,,1.23.2,,,,256,128,sh14l07002s1404,3.11.9,2.1.2+cu121
20260428_010731,2026-04-28T07:06:32.003248,cpu,onnxruntime,separator1_grid_search_6ports_masked_hd16_depth3_stages2_share0,/home/liangyi/SRS_AI/Model_AIIC_refactor/experiments_refactored/20260427_072855_default_6port_separator1_masked_v2/separator1_grid_search_6ports_masked_hd16_depth3_stages2_share0,,,,,,,onnxruntime,bf16,,1,4,skipped,ONNX Runtime benchmark currently supports precision profile fp32 only,0.0,,,,,,,,,,,,,,,,21024,19968,41496,sub-physical,0.03125,0.015625,Intel(R) Xeon(R) 6760P,AVX512,"avx2,avx512f,avx512bw,avx512vl,avx512_vnni,avx512_bf16,amx_bf16,amx_int8,amx_tile,fma",True,True,,1.23.2,,,,256,128,sh14l07002s1404,3.11.9,2.1.2+cu121
20260428_010731,2026-04-28T07:06:32.003248,cpu,onnxruntime,separator1_grid_search_6ports_masked_hd16_depth3_stages2_share0,/home/liangyi/SRS_AI/Model_AIIC_refactor/experiments_refactored/20260427_072855_default_6port_separator1_masked_v2/separator1_grid_search_6ports_masked_hd16_depth3_stages2_share0,,,,,,,onnxruntime,bf16,,1,8,skipped,ONNX Runtime benchmark currently supports precision profile fp32 only,0.0,,,,,,,,,,,,,,,,21024,19968,41496,sub-physical,0.0625,0.03125,Intel(R) Xeon(R) 6760P,AVX512,"avx2,avx512f,avx512bw,avx512vl,avx512_vnni,avx512_bf16,amx_bf16,amx_int8,amx_tile,fma",True,True,,1.23.2,,,,256,128,sh14l07002s1404,3.11.9,2.1.2+cu121
20260428_010731,2026-04-28T07:06:32.003248,cpu,onnxruntime,separator1_grid_search_6ports_masked_hd16_depth3_stages2_share0,/home/liangyi/SRS_AI/Model_AIIC_refactor/experiments_refactored/20260427_072855_default_6port_separator1_masked_v2/separator1_grid_search_6ports_masked_hd16_depth3_stages2_share0,,,,,,,onnxruntime,bf16,,2,1,skipped,ONNX Runtime benchmark currently supports precision profile fp32 only,0.0,,,,,,,,,,,,,,,,21024,19968,41496,single-thread,0.0078125,0.00390625,Intel(R) Xeon(R) 6760P,AVX512,"avx2,avx512f,avx512bw,avx512vl,avx512_vnni,avx512_bf16,amx_bf16,amx_int8,amx_tile,fma",True,True,,1.23.2,,,,256,128,sh14l07002s1404,3.11.9,2.1.2+cu121
20260428_010731,2026-04-28T07:06:32.003248,cpu,onnxruntime,separator1_grid_search_6ports_masked_hd16_depth3_stages2_share0,/home/liangyi/SRS_AI/Model_AIIC_refactor/experiments_refactored/20260427_072855_default_6port_separator1_masked_v2/separator1_grid_search_6ports_masked_hd16_depth3_stages2_share0,,,,,,,onnxruntime,bf16,,2,2,skipped,ONNX Runtime benchmark currently supports precision profile fp32 only,0.0,,,,,,,,,,,,,,,,21024,19968,41496,sub-physical,0.015625,0.0078125,Intel(R) Xeon(R) 6760P,AVX512,"avx2,avx512f,avx512bw,avx512vl,avx512_vnni,avx512_bf16,amx_bf16,amx_int8,amx_tile,fma",True,True,,1.23.2,,,,256,128,sh14l07002s1404,3.11.9,2.1.2+cu121
20260428_010731,2026-04-28T07:06:32.003248,cpu,onnxruntime,separator1_grid_search_6ports_masked_hd16_depth3_stages2_share0,/home/liangyi/SRS_AI/Model_AIIC_refactor/experiments_refactored/20260427_072855_default_6port_separator1_masked_v2/separator1_grid_search_6ports_masked_hd16_depth3_stages2_share0,,,,,,,onnxruntime,bf16,,2,4,skipped,ONNX Runtime benchmark currently supports precision profile fp32 only,0.0,,,,,,,,,,,,,,,,21024,19968,41496,sub-physical,0.03125,0.015625,Intel(R) Xeon(R) 6760P,AVX512,"avx2,avx512f,avx512bw,avx512vl,avx512_vnni,avx512_bf16,amx_bf16,amx_int8,amx_tile,fma",True,True,,1.23.2,,,,256,128,sh14l07002s1404,3.11.9,2.1.2+cu121
20260428_010731,2026-04-28T07:06:32.003248,cpu,onnxruntime,separator1_grid_search_6ports_masked_hd16_depth3_stages2_share0,/home/liangyi/SRS_AI/Model_AIIC_refactor/experiments_refactored/20260427_072855_default_6port_separator1_masked_v2/separator1_grid_search_6ports_masked_hd16_depth3_stages2_share0,,,,,,,onnxruntime,bf16,,2,8,skipped,ONNX Runtime benchmark currently supports precision profile fp32 only,0.0,,,,,,,,,,,,,,,,21024,19968,41496,sub-physical,0.0625,0.03125,Intel(R) Xeon(R) 6760P,AVX512,"avx2,avx512f,avx512bw,avx512vl,avx512_vnni,avx512_bf16,amx_bf16,amx_int8,amx_tile,fma",True,True,,1.23.2,,,,256,128,sh14l07002s1404,3.11.9,2.1.2+cu121
20260428_010731,2026-04-28T07:06:32.003248,cpu,onnxruntime,separator1_grid_search_6ports_masked_hd16_depth3_stages2_share0,/home/liangyi/SRS_AI/Model_AIIC_refactor/experiments_refactored/20260427_072855_default_6port_separator1_masked_v2/separator1_grid_search_6ports_masked_hd16_depth3_stages2_share0,,,,,,,onnxruntime,bf16,,4,1,skipped,ONNX Runtime benchmark currently supports precision profile fp32 only,0.0,,,,,,,,,,,,,,,,21024,19968,41496,single-thread,0.0078125,0.00390625,Intel(R) Xeon(R) 6760P,AVX512,"avx2,avx512f,avx512bw,avx512vl,avx512_vnni,avx512_bf16,amx_bf16,amx_int8,amx_tile,fma",True,True,,1.23.2,,,,256,128,sh14l07002s1404,3.11.9,2.1.2+cu121
20260428_010731,2026-04-28T07:06:32.003248,cpu,onnxruntime,separator1_grid_search_6ports_masked_hd16_depth3_stages2_share0,/home/liangyi/SRS_AI/Model_AIIC_refactor/experiments_refactored/20260427_072855_default_6port_separator1_masked_v2/separator1_grid_search_6ports_masked_hd16_depth3_stages2_share0,,,,,,,onnxruntime,bf16,,4,2,skipped,ONNX Runtime benchmark currently supports precision profile fp32 only,0.0,,,,,,,,,,,,,,,,21024,19968,41496,sub-physical,0.015625,0.0078125,Intel(R) Xeon(R) 6760P,AVX512,"avx2,avx512f,avx512bw,avx512vl,avx512_vnni,avx512_bf16,amx_bf16,amx_int8,amx_tile,fma",True,True,,1.23.2,,,,256,128,sh14l07002s1404,3.11.9,2.1.2+cu121
20260428_010731,2026-04-28T07:06:32.003248,cpu,onnxruntime,separator1_grid_search_6ports_masked_hd16_depth3_stages2_share0,/home/liangyi/SRS_AI/Model_AIIC_refactor/experiments_refactored/20260427_072855_default_6port_separator1_masked_v2/separator1_grid_search_6ports_masked_hd16_depth3_stages2_share0,,,,,,,onnxruntime,bf16,,4,4,skipped,ONNX Runtime benchmark currently supports precision profile fp32 only,0.0,,,,,,,,,,,,,,,,21024,19968,41496,sub-physical,0.03125,0.015625,Intel(R) Xeon(R) 6760P,AVX512,"avx2,avx512f,avx512bw,avx512vl,avx512_vnni,avx512_bf16,amx_bf16,amx_int8,amx_tile,fma",True,True,,1.23.2,,,,256,128,sh14l07002s1404,3.11.9,2.1.2+cu121
20260428_010731,2026-04-28T07:06:32.003248,cpu,onnxruntime,separator1_grid_search_6ports_masked_hd16_depth3_stages2_share0,/home/liangyi/SRS_AI/Model_AIIC_refactor/experiments_refactored/20260427_072855_default_6port_separator1_masked_v2/separator1_grid_search_6ports_masked_hd16_depth3_stages2_share0,,,,,,,onnxruntime,bf16,,4,8,skipped,ONNX Runtime benchmark currently supports precision profile fp32 only,0.0,,,,,,,,,,,,,,,,21024,19968,41496,sub-physical,0.0625,0.03125,Intel(R) Xeon(R) 6760P,AVX512,"avx2,avx512f,avx512bw,avx512vl,avx512_vnni,avx512_bf16,amx_bf16,amx_int8,amx_tile,fma",True,True,,1.23.2,,,,256,128,sh14l07002s1404,3.11.9,2.1.2+cu121
20260428_010731,2026-04-28T07:06:32.003248,cpu,onnxruntime,separator1_grid_search_6ports_masked_hd16_depth3_stages2_share0,/home/liangyi/SRS_AI/Model_AIIC_refactor/experiments_refactored/20260427_072855_default_6port_separator1_masked_v2/separator1_grid_search_6ports_masked_hd16_depth3_stages2_share0,,,,,,,onnxruntime,bf16,,8,1,skipped,ONNX Runtime benchmark currently supports precision profile fp32 only,0.0,,,,,,,,,,,,,,,,21024,19968,41496,single-thread,0.0078125,0.00390625,Intel(R) Xeon(R) 6760P,AVX512,"avx2,avx512f,avx512bw,avx512vl,avx512_vnni,avx512_bf16,amx_bf16,amx_int8,amx_tile,fma",True,True,,1.23.2,,,,256,128,sh14l07002s1404,3.11.9,2.1.2+cu121
20260428_010731,2026-04-28T07:06:32.003248,cpu,onnxruntime,separator1_grid_search_6ports_masked_hd16_depth3_stages2_share0,/home/liangyi/SRS_AI/Model_AIIC_refactor/experiments_refactored/20260427_072855_default_6port_separator1_masked_v2/separator1_grid_search_6ports_masked_hd16_depth3_stages2_share0,,,,,,,onnxruntime,bf16,,8,2,skipped,ONNX Runtime benchmark currently supports precision profile fp32 only,0.0,,,,,,,,,,,,,,,,21024,19968,41496,sub-physical,0.015625,0.0078125,Intel(R) Xeon(R) 6760P,AVX512,"avx2,avx512f,avx512bw,avx512vl,avx512_vnni,avx512_bf16,amx_bf16,amx_int8,amx_tile,fma",True,True,,1.23.2,,,,256,128,sh14l07002s1404,3.11.9,2.1.2+cu121
20260428_010731,2026-04-28T07:06:32.003248,cpu,onnxruntime,separator1_grid_search_6ports_masked_hd16_depth3_stages2_share0,/home/liangyi/SRS_AI/Model_AIIC_refactor/experiments_refactored/20260427_072855_default_6port_separator1_masked_v2/separator1_grid_search_6ports_masked_hd16_depth3_stages2_share0,,,,,,,onnxruntime,bf16,,8,4,skipped,ONNX Runtime benchmark currently supports precision profile fp32 only,0.0,,,,,,,,,,,,,,,,21024,19968,41496,sub-physical,0.03125,0.015625,Intel(R) Xeon(R) 6760P,AVX512,"avx2,avx512f,avx512bw,avx512vl,avx512_vnni,avx512_bf16,amx_bf16,amx_int8,amx_tile,fma",True,True,,1.23.2,,,,256,128,sh14l07002s1404,3.11.9,2.1.2+cu121
20260428_010731,2026-04-28T07:06:32.003248,cpu,onnxruntime,separator1_grid_search_6ports_masked_hd16_depth3_stages2_share0,/home/liangyi/SRS_AI/Model_AIIC_refactor/experiments_refactored/20260427_072855_default_6port_separator1_masked_v2/separator1_grid_search_6ports_masked_hd16_depth3_stages2_share0,,,,,,,onnxruntime,bf16,,8,8,skipped,ONNX Runtime benchmark currently supports precision profile fp32 only,0.0,,,,,,,,,,,,,,,,21024,19968,41496,sub-physical,0.0625,0.03125,Intel(R) Xeon(R) 6760P,AVX512,"avx2,avx512f,avx512bw,avx512vl,avx512_vnni,avx512_bf16,amx_bf16,amx_int8,amx_tile,fma",True,True,,1.23.2,,,,256,128,sh14l07002s1404,3.11.9,2.1.2+cu121
20260428_010731,2026-04-28T07:06:32.003248,cpu,onnxruntime,separator1_grid_search_6ports_masked_hd16_depth3_stages2_share0,/home/liangyi/SRS_AI/Model_AIIC_refactor/experiments_refactored/20260427_072855_default_6port_separator1_masked_v2/separator1_grid_search_6ports_masked_hd16_depth3_stages2_share0,,,,,,,onnxruntime,bf16,,16,1,skipped,ONNX Runtime benchmark currently supports precision profile fp32 only,0.0,,,,,,,,,,,,,,,,21024,19968,41496,single-thread,0.0078125,0.00390625,Intel(R) Xeon(R) 6760P,AVX512,"avx2,avx512f,avx512bw,avx512vl,avx512_vnni,avx512_bf16,amx_bf16,amx_int8,amx_tile,fma",True,True,,1.23.2,,,,256,128,sh14l07002s1404,3.11.9,2.1.2+cu121
20260428_010731,2026-04-28T07:06:32.003248,cpu,onnxruntime,separator1_grid_search_6ports_masked_hd16_depth3_stages2_share0,/home/liangyi/SRS_AI/Model_AIIC_refactor/experiments_refactored/20260427_072855_default_6port_separator1_masked_v2/separator1_grid_search_6ports_masked_hd16_depth3_stages2_share0,,,,,,,onnxruntime,bf16,,16,2,skipped,ONNX Runtime benchmark currently supports precision profile fp32 only,0.0,,,,,,,,,,,,,,,,21024,19968,41496,sub-physical,0.015625,0.0078125,Intel(R) Xeon(R) 6760P,AVX512,"avx2,avx512f,avx512bw,avx512vl,avx512_vnni,avx512_bf16,amx_bf16,amx_int8,amx_tile,fma",True,True,,1.23.2,,,,256,128,sh14l07002s1404,3.11.9,2.1.2+cu121
20260428_010731,2026-04-28T07:06:32.003248,cpu,onnxruntime,separator1_grid_search_6ports_masked_hd16_depth3_stages2_share0,/home/liangyi/SRS_AI/Model_AIIC_refactor/experiments_refactored/20260427_072855_default_6port_separator1_masked_v2/separator1_grid_search_6ports_masked_hd16_depth3_stages2_share0,,,,,,,onnxruntime,bf16,,16,4,skipped,ONNX Runtime benchmark currently supports precision profile fp32 only,0.0,,,,,,,,,,,,,,,,21024,19968,41496,sub-physical,0.03125,0.015625,Intel(R) Xeon(R) 6760P,AVX512,"avx2,avx512f,avx512bw,avx512vl,avx512_vnni,avx512_bf16,amx_bf16,amx_int8,amx_tile,fma",True,True,,1.23.2,,,,256,128,sh14l07002s1404,3.11.9,2.1.2+cu121
20260428_010731,2026-04-28T07:06:32.003248,cpu,onnxruntime,separator1_grid_search_6ports_masked_hd16_depth3_stages2_share0,/home/liangyi/SRS_AI/Model_AIIC_refactor/experiments_refactored/20260427_072855_default_6port_separator1_masked_v2/separator1_grid_search_6ports_masked_hd16_depth3_stages2_share0,,,,,,,onnxruntime,bf16,,16,8,skipped,ONNX Runtime benchmark currently supports precision profile fp32 only,0.0,,,,,,,,,,,,,,,,21024,19968,41496,sub-physical,0.0625,0.03125,Intel(R) Xeon(R) 6760P,AVX512,"avx2,avx512f,avx512bw,avx512vl,avx512_vnni,avx512_bf16,amx_bf16,amx_int8,amx_tile,fma",True,True,,1.23.2,,,,256,128,sh14l07002s1404,3.11.9,2.1.2+cu121
20260428_010731,2026-04-28T07:06:32.003248,cpu,onnxruntime,separator1_grid_search_6ports_masked_hd16_depth3_stages2_share0,/home/liangyi/SRS_AI/Model_AIIC_refactor/experiments_refactored/20260427_072855_default_6port_separator1_masked_v2/separator1_grid_search_6ports_masked_hd16_depth3_stages2_share0,,,,,,,onnxruntime,bf16,,32,1,skipped,ONNX Runtime benchmark currently supports precision profile fp32 only,0.0,,,,,,,,,,,,,,,,21024,19968,41496,single-thread,0.0078125,0.00390625,Intel(R) Xeon(R) 6760P,AVX512,"avx2,avx512f,avx512bw,avx512vl,avx512_vnni,avx512_bf16,amx_bf16,amx_int8,amx_tile,fma",True,True,,1.23.2,,,,256,128,sh14l07002s1404,3.11.9,2.1.2+cu121
20260428_010731,2026-04-28T07:06:32.003248,cpu,onnxruntime,separator1_grid_search_6ports_masked_hd16_depth3_stages2_share0,/home/liangyi/SRS_AI/Model_AIIC_refactor/experiments_refactored/20260427_072855_default_6port_separator1_masked_v2/separator1_grid_search_6ports_masked_hd16_depth3_stages2_share0,,,,,,,onnxruntime,bf16,,32,2,skipped,ONNX Runtime benchmark currently supports precision profile fp32 only,0.0,,,,,,,,,,,,,,,,21024,19968,41496,sub-physical,0.015625,0.0078125,Intel(R) Xeon(R) 6760P,AVX512,"avx2,avx512f,avx512bw,avx512vl,avx512_vnni,avx512_bf16,amx_bf16,amx_int8,amx_tile,fma",True,True,,1.23.2,,,,256,128,sh14l07002s1404,3.11.9,2.1.2+cu121
20260428_010731,2026-04-28T07:06:32.003248,cpu,onnxruntime,separator1_grid_search_6ports_masked_hd16_depth3_stages2_share0,/home/liangyi/SRS_AI/Model_AIIC_refactor/experiments_refactored/20260427_072855_default_6port_separator1_masked_v2/separator1_grid_search_6ports_masked_hd16_depth3_stages2_share0,,,,,,,onnxruntime,bf16,,32,4,skipped,ONNX Runtime benchmark currently supports precision profile fp32 only,0.0,,,,,,,,,,,,,,,,21024,19968,41496,sub-physical,0.03125,0.015625,Intel(R) Xeon(R) 6760P,AVX512,"avx2,avx512f,avx512bw,avx512vl,avx512_vnni,avx512_bf16,amx_bf16,amx_int8,amx_tile,fma",True,True,,1.23.2,,,,256,128,sh14l07002s1404,3.11.9,2.1.2+cu121
20260428_010731,2026-04-28T07:06:32.003248,cpu,onnxruntime,separator1_grid_search_6ports_masked_hd16_depth3_stages2_share0,/home/liangyi/SRS_AI/Model_AIIC_refactor/experiments_refactored/20260427_072855_default_6port_separator1_masked_v2/separator1_grid_search_6ports_masked_hd16_depth3_stages2_share0,,,,,,,onnxruntime,bf16,,32,8,skipped,ONNX Runtime benchmark currently supports precision profile fp32 only,0.0,,,,,,,,,,,,,,,,21024,19968,41496,sub-physical,0.0625,0.03125,Intel(R) Xeon(R) 6760P,AVX512,"avx2,avx512f,avx512bw,avx512vl,avx512_vnni,avx512_bf16,amx_bf16,amx_int8,amx_tile,fma",True,True,,1.23.2,,,,256,128,sh14l07002s1404,3.11.9,2.1.2+cu121
20260428_010731,2026-04-28T07:06:32.003248,cpu,onnxruntime,separator1_grid_search_6ports_masked_hd16_depth3_stages2_share0,/home/liangyi/SRS_AI/Model_AIIC_refactor/experiments_refactored/20260427_072855_default_6port_separator1_masked_v2/separator1_grid_search_6ports_masked_hd16_depth3_stages2_share0,,,,,,,onnxruntime,bf16,,64,1,skipped,ONNX Runtime benchmark currently supports precision profile fp32 only,0.0,,,,,,,,,,,,,,,,21024,19968,41496,single-thread,0.0078125,0.00390625,Intel(R) Xeon(R) 6760P,AVX512,"avx2,avx512f,avx512bw,avx512vl,avx512_vnni,avx512_bf16,amx_bf16,amx_int8,amx_tile,fma",True,True,,1.23.2,,,,256,128,sh14l07002s1404,3.11.9,2.1.2+cu121
20260428_010731,2026-04-28T07:06:32.003248,cpu,onnxruntime,separator1_grid_search_6ports_masked_hd16_depth3_stages2_share0,/home/liangyi/SRS_AI/Model_AIIC_refactor/experiments_refactored/20260427_072855_default_6port_separator1_masked_v2/separator1_grid_search_6ports_masked_hd16_depth3_stages2_share0,,,,,,,onnxruntime,bf16,,64,2,skipped,ONNX Runtime benchmark currently supports precision profile fp32 only,0.0,,,,,,,,,,,,,,,,21024,19968,41496,sub-physical,0.015625,0.0078125,Intel(R) Xeon(R) 6760P,AVX512,"avx2,avx512f,avx512bw,avx512vl,avx512_vnni,avx512_bf16,amx_bf16,amx_int8,amx_tile,fma",True,True,,1.23.2,,,,256,128,sh14l07002s1404,3.11.9,2.1.2+cu121
20260428_010731,2026-04-28T07:06:32.003248,cpu,onnxruntime,separator1_grid_search_6ports_masked_hd16_depth3_stages2_share0,/home/liangyi/SRS_AI/Model_AIIC_refactor/experiments_refactored/20260427_072855_default_6port_separator1_masked_v2/separator1_grid_search_6ports_masked_hd16_depth3_stages2_share0,,,,,,,onnxruntime,bf16,,64,4,skipped,ONNX Runtime benchmark currently supports precision profile fp32 only,0.0,,,,,,,,,,,,,,,,21024,19968,41496,sub-physical,0.03125,0.015625,Intel(R) Xeon(R) 6760P,AVX512,"avx2,avx512f,avx512bw,avx512vl,avx512_vnni,avx512_bf16,amx_bf16,amx_int8,amx_tile,fma",True,True,,1.23.2,,,,256,128,sh14l07002s1404,3.11.9,2.1.2+cu121
20260428_010731,2026-04-28T07:06:32.003248,cpu,onnxruntime,separator1_grid_search_6ports_masked_hd16_depth3_stages2_share0,/home/liangyi/SRS_AI/Model_AIIC_refactor/experiments_refactored/20260427_072855_default_6port_separator1_masked_v2/separator1_grid_search_6ports_masked_hd16_depth3_stages2_share0,,,,,,,onnxruntime,bf16,,64,8,skipped,ONNX Runtime benchmark currently supports precision profile fp32 only,0.0,,,,,,,,,,,,,,,,21024,19968,41496,sub-physical,0.0625,0.03125,Intel(R) Xeon(R) 6760P,AVX512,"avx2,avx512f,avx512bw,avx512vl,avx512_vnni,avx512_bf16,amx_bf16,amx_int8,amx_tile,fma",True,True,,1.23.2,,,,256,128,sh14l07002s1404,3.11.9,2.1.2+cu121
20260428_010731,2026-04-28T07:06:32.003248,cpu,onnxruntime,separator1_grid_search_6ports_masked_hd16_depth3_stages2_share0,/home/liangyi/SRS_AI/Model_AIIC_refactor/experiments_refactored/20260427_072855_default_6port_separator1_masked_v2/separator1_grid_search_6ports_masked_hd16_depth3_stages2_share0,,,,,,,onnxruntime,bf16,,128,1,skipped,ONNX Runtime benchmark currently supports precision profile fp32 only,0.0,,,,,,,,,,,,,,,,21024,19968,41496,single-thread,0.0078125,0.00390625,Intel(R) Xeon(R) 6760P,AVX512,"avx2,avx512f,avx512bw,avx512vl,avx512_vnni,avx512_bf16,amx_bf16,amx_int8,amx_tile,fma",True,True,,1.23.2,,,,256,128,sh14l07002s1404,3.11.9,2.1.2+cu121
20260428_010731,2026-04-28T07:06:32.003248,cpu,onnxruntime,separator1_grid_search_6ports_masked_hd16_depth3_stages2_share0,/home/liangyi/SRS_AI/Model_AIIC_refactor/experiments_refactored/20260427_072855_default_6port_separator1_masked_v2/separator1_grid_search_6ports_masked_hd16_depth3_stages2_share0,,,,,,,onnxruntime,bf16,,128,2,skipped,ONNX Runtime benchmark currently supports precision profile fp32 only,0.0,,,,,,,,,,,,,,,,21024,19968,41496,sub-physical,0.015625,0.0078125,Intel(R) Xeon(R) 6760P,AVX512,"avx2,avx512f,avx512bw,avx512vl,avx512_vnni,avx512_bf16,amx_bf16,amx_int8,amx_tile,fma",True,True,,1.23.2,,,,256,128,sh14l07002s1404,3.11.9,2.1.2+cu121
20260428_010731,2026-04-28T07:06:32.003248,cpu,onnxruntime,separator1_grid_search_6ports_masked_hd16_depth3_stages2_share0,/home/liangyi/SRS_AI/Model_AIIC_refactor/experiments_refactored/20260427_072855_default_6port_separator1_masked_v2/separator1_grid_search_6ports_masked_hd16_depth3_stages2_share0,,,,,,,onnxruntime,bf16,,128,4,skipped,ONNX Runtime benchmark currently supports precision profile fp32 only,0.0,,,,,,,,,,,,,,,,21024,19968,41496,sub-physical,0.03125,0.015625,Intel(R) Xeon(R) 6760P,AVX512,"avx2,avx512f,avx512bw,avx512vl,avx512_vnni,avx512_bf16,amx_bf16,amx_int8,amx_tile,fma",True,True,,1.23.2,,,,256,128,sh14l07002s1404,3.11.9,2.1.2+cu121
20260428_010731,2026-04-28T07:06:32.003248,cpu,onnxruntime,separator1_grid_search_6ports_masked_hd16_depth3_stages2_share0,/home/liangyi/SRS_AI/Model_AIIC_refactor/experiments_refactored/20260427_072855_default_6port_separator1_masked_v2/separator1_grid_search_6ports_masked_hd16_depth3_stages2_share0,,,,,,,onnxruntime,bf16,,128,8,skipped,ONNX Runtime benchmark currently supports precision profile fp32 only,0.0,,,,,,,,,,,,,,,,21024,19968,41496,sub-physical,0.0625,0.03125,Intel(R) Xeon(R) 6760P,AVX512,"avx2,avx512f,avx512bw,avx512vl,avx512_vnni,avx512_bf16,amx_bf16,amx_int8,amx_tile,fma",True,True,,1.23.2,,,,256,128,sh14l07002s1404,3.11.9,2.1.2+cu121
20260428_010731,2026-04-28T07:06:32.003248,cpu,openvino,separator1_grid_search_6ports_masked_hd16_depth3_stages2_share0,/home/liangyi/SRS_AI/Model_AIIC_refactor/experiments_refactored/20260427_072855_default_6port_separator1_masked_v2/separator1_grid_search_6ports_masked_hd16_depth3_stages2_share0,default_6port_separator1_masked_v2,separator1_grid_search_6ports_masked_hd16_depth3_stages2_share0,supervised_nmse_plateau,separator1,12,6,openvino,fp32,float32,1,1,ok,,308.586923,20,50,0.6530042,0.0865714062487147,0.538744,0.6362805,0.6904265,0.7326125499999999,0.9789427499999992,1.178434,1531.3837185120706,1.5313837185120707,636.2805000000001,636.2805000000001,1531.3837185120706,21024,19968,41496,single-thread,0.0078125,0.00390625,Intel(R) Xeon(R) 6760P,AVX512,"avx2,avx512f,avx512bw,avx512vl,avx512_vnni,avx512_bf16,amx_bf16,amx_int8,amx_tile,fma",True,True,,,,2026.1.0,CPU,256,128,sh14l07002s1404,3.11.9,2.1.2+cu121
20260428_010731,2026-04-28T07:06:32.003248,cpu,openvino,separator1_grid_search_6ports_masked_hd16_depth3_stages2_share0,/home/liangyi/SRS_AI/Model_AIIC_refactor/experiments_refactored/20260427_072855_default_6port_separator1_masked_v2/separator1_grid_search_6ports_masked_hd16_depth3_stages2_share0,default_6port_separator1_masked_v2,separator1_grid_search_6ports_masked_hd16_depth3_stages2_share0,supervised_nmse_plateau,separator1,12,6,openvino,fp32,float32,1,2,ok,,299.018129,20,50,0.72553738,0.34490790185386533,0.437145,0.645792,0.8045000000000002,1.1217356999999992,2.2787802199999994,2.44103,1378.2887382039503,1.3782887382039504,645.792,645.792,689.1443691019751,21024,19968,41496,sub-physical,0.015625,0.0078125,Intel(R) Xeon(R) 6760P,AVX512,"avx2,avx512f,avx512bw,avx512vl,avx512_vnni,avx512_bf16,amx_bf16,amx_int8,amx_tile,fma",True,True,,,,2026.1.0,CPU,256,128,sh14l07002s1404,3.11.9,2.1.2+cu121
20260428_010731,2026-04-28T07:06:32.003248,cpu,openvino,separator1_grid_search_6ports_masked_hd16_depth3_stages2_share0,/home/liangyi/SRS_AI/Model_AIIC_refactor/experiments_refactored/20260427_072855_default_6port_separator1_masked_v2/separator1_grid_search_6ports_masked_hd16_depth3_stages2_share0,default_6port_separator1_masked_v2,separator1_grid_search_6ports_masked_hd16_depth3_stages2_share0,supervised_nmse_plateau,separator1,12,6,openvino,fp32,float32,1,4,ok,,301.44546,20,50,0.7119373,0.22523436124306168,0.536378,0.651714,0.8503819000000001,1.0752643,1.6870370099999996,1.75282,1404.6180752153314,1.4046180752153314,651.714,651.714,351.15451880383284,21024,19968,41496,sub-physical,0.03125,0.015625,Intel(R) Xeon(R) 6760P,AVX512,"avx2,avx512f,avx512bw,avx512vl,avx512_vnni,avx512_bf16,amx_bf16,amx_int8,amx_tile,fma",True,True,,,,2026.1.0,CPU,256,128,sh14l07002s1404,3.11.9,2.1.2+cu121
20260428_010731,2026-04-28T07:06:32.003248,cpu,openvino,separator1_grid_search_6ports_masked_hd16_depth3_stages2_share0,/home/liangyi/SRS_AI/Model_AIIC_refactor/experiments_refactored/20260427_072855_default_6port_separator1_masked_v2/separator1_grid_search_6ports_masked_hd16_depth3_stages2_share0,default_6port_separator1_masked_v2,separator1_grid_search_6ports_masked_hd16_depth3_stages2_share0,supervised_nmse_plateau,separator1,12,6,openvino,fp32,float32,1,8,ok,,303.090793,20,50,0.68704868,0.34836198074281527,0.346937,0.6095550000000001,0.9138904999999999,1.4570745999999986,2.025149699999999,2.252446,1455.500940632038,1.455500940632038,609.5550000000001,609.5550000000001,181.93761757900475,21024,19968,41496,sub-physical,0.0625,0.03125,Intel(R) Xeon(R) 6760P,AVX512,"avx2,avx512f,avx512bw,avx512vl,avx512_vnni,avx512_bf16,amx_bf16,amx_int8,amx_tile,fma",True,True,,,,2026.1.0,CPU,256,128,sh14l07002s1404,3.11.9,2.1.2+cu121
20260428_010731,2026-04-28T07:06:32.003248,cpu,openvino,separator1_grid_search_6ports_masked_hd16_depth3_stages2_share0,/home/liangyi/SRS_AI/Model_AIIC_refactor/experiments_refactored/20260427_072855_default_6port_separator1_masked_v2/separator1_grid_search_6ports_masked_hd16_depth3_stages2_share0,default_6port_separator1_masked_v2,separator1_grid_search_6ports_masked_hd16_depth3_stages2_share0,supervised_nmse_plateau,separator1,12,6,openvino,fp32,float32,2,1,ok,,299.232947,20,50,0.78593258,0.24929045585269322,0.454638,0.7812975,0.9791837,1.07584145,1.588165909999998,2.058537,2544.747540558759,2.5447475405587587,781.2975,390.64875,2544.747540558759,21024,19968,41496,single-thread,0.0078125,0.00390625,Intel(R) Xeon(R) 6760P,AVX512,"avx2,avx512f,avx512bw,avx512vl,avx512_vnni,avx512_bf16,amx_bf16,amx_int8,amx_tile,fma",True,True,,,,2026.1.0,CPU,256,128,sh14l07002s1404,3.11.9,2.1.2+cu121
20260428_010731,2026-04-28T07:06:32.003248,cpu,openvino,separator1_grid_search_6ports_masked_hd16_depth3_stages2_share0,/home/liangyi/SRS_AI/Model_AIIC_refactor/experiments_refactored/20260427_072855_default_6port_separator1_masked_v2/separator1_grid_search_6ports_masked_hd16_depth3_stages2_share0,default_6port_separator1_masked_v2,separator1_grid_search_6ports_masked_hd16_depth3_stages2_share0,supervised_nmse_plateau,separator1,12,6,openvino,fp32,float32,2,2,ok,,297.418456,20,50,0.97519424,0.05970482570565298,0.827684,0.98115,1.0450493,1.06294925,1.06920891,1.069278,2050.8734752165888,2.050873475216589,981.15,490.575,1025.4367376082944,21024,19968,41496,sub-physical,0.015625,0.0078125,Intel(R) Xeon(R) 6760P,AVX512,"avx2,avx512f,avx512bw,avx512vl,avx512_vnni,avx512_bf16,amx_bf16,amx_int8,amx_tile,fma",True,True,,,,2026.1.0,CPU,256,128,sh14l07002s1404,3.11.9,2.1.2+cu121
20260428_010731,2026-04-28T07:06:32.003248,cpu,openvino,separator1_grid_search_6ports_masked_hd16_depth3_stages2_share0,/home/liangyi/SRS_AI/Model_AIIC_refactor/experiments_refactored/20260427_072855_default_6port_separator1_masked_v2/separator1_grid_search_6ports_masked_hd16_depth3_stages2_share0,default_6port_separator1_masked_v2,separator1_grid_search_6ports_masked_hd16_depth3_stages2_share0,supervised_nmse_plateau,separator1,12,6,openvino,fp32,float32,2,4,ok,,296.776861,20,50,0.95917618,0.09445855926186679,0.74405,0.948374,1.0650819,1.0973812,1.2399384699999998,1.264633,2085.1226726668715,2.0851226726668717,948.374,474.187,521.2806681667179,21024,19968,41496,sub-physical,0.03125,0.015625,Intel(R) Xeon(R) 6760P,AVX512,"avx2,avx512f,avx512bw,avx512vl,avx512_vnni,avx512_bf16,amx_bf16,amx_int8,amx_tile,fma",True,True,,,,2026.1.0,CPU,256,128,sh14l07002s1404,3.11.9,2.1.2+cu121
20260428_010731,2026-04-28T07:06:32.003248,cpu,openvino,separator1_grid_search_6ports_masked_hd16_depth3_stages2_share0,/home/liangyi/SRS_AI/Model_AIIC_refactor/experiments_refactored/20260427_072855_default_6port_separator1_masked_v2/separator1_grid_search_6ports_masked_hd16_depth3_stages2_share0,default_6port_separator1_masked_v2,separator1_grid_search_6ports_masked_hd16_depth3_stages2_share0,supervised_nmse_plateau,separator1,12,6,openvino,fp32,float32,2,8,ok,,301.163257,20,50,0.97050766,0.062314646970230037,0.855711,0.950413,1.0724462000000001,1.0794795,1.10099536,1.105766,2060.777140079451,2.060777140079451,950.4129999999999,475.20649999999995,257.59714250993136,21024,19968,41496,sub-physical,0.0625,0.03125,Intel(R) Xeon(R) 6760P,AVX512,"avx2,avx512f,avx512bw,avx512vl,avx512_vnni,avx512_bf16,amx_bf16,amx_int8,amx_tile,fma",True,True,,,,2026.1.0,CPU,256,128,sh14l07002s1404,3.11.9,2.1.2+cu121
20260428_010731,2026-04-28T07:06:32.003248,cpu,openvino,separator1_grid_search_6ports_masked_hd16_depth3_stages2_share0,/home/liangyi/SRS_AI/Model_AIIC_refactor/experiments_refactored/20260427_072855_default_6port_separator1_masked_v2/separator1_grid_search_6ports_masked_hd16_depth3_stages2_share0,default_6port_separator1_masked_v2,separator1_grid_search_6ports_masked_hd16_depth3_stages2_share0,supervised_nmse_plateau,separator1,12,6,openvino,fp32,float32,4,1,ok,,294.433491,20,50,1.10400418,0.07277538175940818,0.971907,1.1009315,1.1865726,1.2204126999999998,1.2921486299999998,1.346643,3623.174687617578,3.623174687617578,1100.9315,275.232875,3623.174687617578,21024,19968,41496,single-thread,0.0078125,0.00390625,Intel(R) Xeon(R) 6760P,AVX512,"avx2,avx512f,avx512bw,avx512vl,avx512_vnni,avx512_bf16,amx_bf16,amx_int8,amx_tile,fma",True,True,,,,2026.1.0,CPU,256,128,sh14l07002s1404,3.11.9,2.1.2+cu121
20260428_010731,2026-04-28T07:06:32.003248,cpu,openvino,separator1_grid_search_6ports_masked_hd16_depth3_stages2_share0,/home/liangyi/SRS_AI/Model_AIIC_refactor/experiments_refactored/20260427_072855_default_6port_separator1_masked_v2/separator1_grid_search_6ports_masked_hd16_depth3_stages2_share0,default_6port_separator1_masked_v2,separator1_grid_search_6ports_masked_hd16_depth3_stages2_share0,supervised_nmse_plateau,separator1,12,6,openvino,fp32,float32,4,2,ok,,306.812213,20,50,1.07570676,0.07390937251460332,0.98206,1.0519075,1.1629604,1.1908716499999998,1.3097342299999997,1.388513,3718.4855099358115,3.7184855099358116,1051.9075,262.976875,1859.2427549679057,21024,19968,41496,sub-physical,0.015625,0.0078125,Intel(R) Xeon(R) 6760P,AVX512,"avx2,avx512f,avx512bw,avx512vl,avx512_vnni,avx512_bf16,amx_bf16,amx_int8,amx_tile,fma",True,True,,,,2026.1.0,CPU,256,128,sh14l07002s1404,3.11.9,2.1.2+cu121
20260428_010731,2026-04-28T07:06:32.003248,cpu,openvino,separator1_grid_search_6ports_masked_hd16_depth3_stages2_share0,/home/liangyi/SRS_AI/Model_AIIC_refactor/experiments_refactored/20260427_072855_default_6port_separator1_masked_v2/separator1_grid_search_6ports_masked_hd16_depth3_stages2_share0,default_6port_separator1_masked_v2,separator1_grid_search_6ports_masked_hd16_depth3_stages2_share0,supervised_nmse_plateau,separator1,12,6,openvino,fp32,float32,4,4,ok,,294.156931,20,50,1.08632042,0.09069301479917624,0.885488,1.094299,1.1940703000000001,1.23263705,1.28215386,1.285626,3682.154847093825,3.682154847093825,1094.299,273.57475,920.5387117734563,21024,19968,41496,sub-physical,0.03125,0.015625,Intel(R) Xeon(R) 6760P,AVX512,"avx2,avx512f,avx512bw,avx512vl,avx512_vnni,avx512_bf16,amx_bf16,amx_int8,amx_tile,fma",True,True,,,,2026.1.0,CPU,256,128,sh14l07002s1404,3.11.9,2.1.2+cu121
20260428_010731,2026-04-28T07:06:32.003248,cpu,openvino,separator1_grid_search_6ports_masked_hd16_depth3_stages2_share0,/home/liangyi/SRS_AI/Model_AIIC_refactor/experiments_refactored/20260427_072855_default_6port_separator1_masked_v2/separator1_grid_search_6ports_masked_hd16_depth3_stages2_share0,default_6port_separator1_masked_v2,separator1_grid_search_6ports_masked_hd16_depth3_stages2_share0,supervised_nmse_plateau,separator1,12,6,openvino,fp32,float32,4,8,ok,,297.959109,20,50,1.07957058,0.062155054071922414,0.910496,1.0779655,1.149375,1.172296,1.21516761,1.221004,3705.1769232170072,3.705176923217007,1077.9655,269.491375,463.1471154021259,21024,19968,41496,sub-physical,0.0625,0.03125,Intel(R) Xeon(R) 6760P,AVX512,"avx2,avx512f,avx512bw,avx512vl,avx512_vnni,avx512_bf16,amx_bf16,amx_int8,amx_tile,fma",True,True,,,,2026.1.0,CPU,256,128,sh14l07002s1404,3.11.9,2.1.2+cu121
20260428_010731,2026-04-28T07:06:32.003248,cpu,openvino,separator1_grid_search_6ports_masked_hd16_depth3_stages2_share0,/home/liangyi/SRS_AI/Model_AIIC_refactor/experiments_refactored/20260427_072855_default_6port_separator1_masked_v2/separator1_grid_search_6ports_masked_hd16_depth3_stages2_share0,default_6port_separator1_masked_v2,separator1_grid_search_6ports_masked_hd16_depth3_stages2_share0,supervised_nmse_plateau,separator1,12,6,openvino,fp32,float32,8,1,ok,,299.199077,20,50,1.21535354,0.09362437764561321,0.946843,1.2230634999999999,1.3216384,1.3422414999999999,1.38127008,1.412242,6582.446783345034,6.582446783345034,1223.0634999999997,152.88293749999997,6582.446783345034,21024,19968,41496,single-thread,0.0078125,0.00390625,Intel(R) Xeon(R) 6760P,AVX512,"avx2,avx512f,avx512bw,avx512vl,avx512_vnni,avx512_bf16,amx_bf16,amx_int8,amx_tile,fma",True,True,,,,2026.1.0,CPU,256,128,sh14l07002s1404,3.11.9,2.1.2+cu121
20260428_010731,2026-04-28T07:06:32.003248,cpu,openvino,separator1_grid_search_6ports_masked_hd16_depth3_stages2_share0,/home/liangyi/SRS_AI/Model_AIIC_refactor/experiments_refactored/20260427_072855_default_6port_separator1_masked_v2/separator1_grid_search_6ports_masked_hd16_depth3_stages2_share0,default_6port_separator1_masked_v2,separator1_grid_search_6ports_masked_hd16_depth3_stages2_share0,supervised_nmse_plateau,separator1,12,6,openvino,fp32,float32,8,2,ok,,298.759967,20,50,1.29256576,0.23115742759284724,1.037026,1.2432555,1.4046083,1.4727146999999998,2.3139174199999997,2.415074,6189.240228675097,6.1892402286750965,1243.2555,155.4069375,3094.6201143375483,21024,19968,41496,sub-physical,0.015625,0.0078125,Intel(R) Xeon(R) 6760P,AVX512,"avx2,avx512f,avx512bw,avx512vl,avx512_vnni,avx512_bf16,amx_bf16,amx_int8,amx_tile,fma",True,True,,,,2026.1.0,CPU,256,128,sh14l07002s1404,3.11.9,2.1.2+cu121
20260428_010731,2026-04-28T07:06:32.003248,cpu,openvino,separator1_grid_search_6ports_masked_hd16_depth3_stages2_share0,/home/liangyi/SRS_AI/Model_AIIC_refactor/experiments_refactored/20260427_072855_default_6port_separator1_masked_v2/separator1_grid_search_6ports_masked_hd16_depth3_stages2_share0,default_6port_separator1_masked_v2,separator1_grid_search_6ports_masked_hd16_depth3_stages2_share0,supervised_nmse_plateau,separator1,12,6,openvino,fp32,float32,8,4,ok,,300.350172,20,50,1.28057354,0.6078843671019748,0.597045,1.237141,1.3428152,1.4460241499999997,3.7990872999999947,5.132098,6247.200765994275,6.2472007659942745,1237.141,154.642625,1561.8001914985687,21024,19968,41496,sub-physical,0.03125,0.015625,Intel(R) Xeon(R) 6760P,AVX512,"avx2,avx512f,avx512bw,avx512vl,avx512_vnni,avx512_bf16,amx_bf16,amx_int8,amx_tile,fma",True,True,,,,2026.1.0,CPU,256,128,sh14l07002s1404,3.11.9,2.1.2+cu121
20260428_010731,2026-04-28T07:06:32.003248,cpu,openvino,separator1_grid_search_6ports_masked_hd16_depth3_stages2_share0,/home/liangyi/SRS_AI/Model_AIIC_refactor/experiments_refactored/20260427_072855_default_6port_separator1_masked_v2/separator1_grid_search_6ports_masked_hd16_depth3_stages2_share0,default_6port_separator1_masked_v2,separator1_grid_search_6ports_masked_hd16_depth3_stages2_share0,supervised_nmse_plateau,separator1,12,6,openvino,fp32,float32,8,8,ok,,299.625913,20,50,1.2186282,0.09637901669284657,1.007675,1.2153429999999998,1.318875,1.3622655499999998,1.4354702099999999,1.47103,6564.758635981016,6.564758635981016,1215.3429999999998,151.91787499999998,820.594829497627,21024,19968,41496,sub-physical,0.0625,0.03125,Intel(R) Xeon(R) 6760P,AVX512,"avx2,avx512f,avx512bw,avx512vl,avx512_vnni,avx512_bf16,amx_bf16,amx_int8,amx_tile,fma",True,True,,,,2026.1.0,CPU,256,128,sh14l07002s1404,3.11.9,2.1.2+cu121
20260428_010731,2026-04-28T07:06:32.003248,cpu,openvino,separator1_grid_search_6ports_masked_hd16_depth3_stages2_share0,/home/liangyi/SRS_AI/Model_AIIC_refactor/experiments_refactored/20260427_072855_default_6port_separator1_masked_v2/separator1_grid_search_6ports_masked_hd16_depth3_stages2_share0,default_6port_separator1_masked_v2,separator1_grid_search_6ports_masked_hd16_depth3_stages2_share0,supervised_nmse_plateau,separator1,12,6,openvino,fp32,float32,16,1,ok,,300.100713,20,50,1.51722788,0.12375447265430692,1.204619,1.5117175,1.6719825000000001,1.7599151,1.80319399,1.803512,10545.54837207447,10.545548372074471,1511.7175,94.48234375,10545.54837207447,21024,19968,41496,single-thread,0.0078125,0.00390625,Intel(R) Xeon(R) 6760P,AVX512,"avx2,avx512f,avx512bw,avx512vl,avx512_vnni,avx512_bf16,amx_bf16,amx_int8,amx_tile,fma",True,True,,,,2026.1.0,CPU,256,128,sh14l07002s1404,3.11.9,2.1.2+cu121
20260428_010731,2026-04-28T07:06:32.003248,cpu,openvino,separator1_grid_search_6ports_masked_hd16_depth3_stages2_share0,/home/liangyi/SRS_AI/Model_AIIC_refactor/experiments_refactored/20260427_072855_default_6port_separator1_masked_v2/separator1_grid_search_6ports_masked_hd16_depth3_stages2_share0,default_6port_separator1_masked_v2,separator1_grid_search_6ports_masked_hd16_depth3_stages2_share0,supervised_nmse_plateau,separator1,12,6,openvino,fp32,float32,16,2,ok,,298.500282,20,50,2.20908368,3.4558380956200794,1.304358,1.5138539999999998,1.6909917,4.3679960999999885,16.203656489999965,25.458776,7242.822055523039,7.242822055523039,1513.8539999999998,94.61587499999999,3621.4110277615196,21024,19968,41496,sub-physical,0.015625,0.0078125,Intel(R) Xeon(R) 6760P,AVX512,"avx2,avx512f,avx512bw,avx512vl,avx512_vnni,avx512_bf16,amx_bf16,amx_int8,amx_tile,fma",True,True,,,,2026.1.0,CPU,256,128,sh14l07002s1404,3.11.9,2.1.2+cu121
20260428_010731,2026-04-28T07:06:32.003248,cpu,openvino,separator1_grid_search_6ports_masked_hd16_depth3_stages2_share0,/home/liangyi/SRS_AI/Model_AIIC_refactor/experiments_refactored/20260427_072855_default_6port_separator1_masked_v2/separator1_grid_search_6ports_masked_hd16_depth3_stages2_share0,default_6port_separator1_masked_v2,separator1_grid_search_6ports_masked_hd16_depth3_stages2_share0,supervised_nmse_plateau,separator1,12,6,openvino,fp32,float32,16,4,ok,,298.826848,20,50,2.31853068,3.185840215306728,1.189819,1.5211845,2.525067500000004,6.019433049999999,15.35366361999997,22.639014,6900.922268580893,6.900922268580893,1521.1844999999998,95.07403124999999,1725.2305671452232,21024,19968,41496,sub-physical,0.03125,0.015625,Intel(R) Xeon(R) 6760P,AVX512,"avx2,avx512f,avx512bw,avx512vl,avx512_vnni,avx512_bf16,amx_bf16,amx_int8,amx_tile,fma",True,True,,,,2026.1.0,CPU,256,128,sh14l07002s1404,3.11.9,2.1.2+cu121
20260428_010731,2026-04-28T07:06:32.003248,cpu,openvino,separator1_grid_search_6ports_masked_hd16_depth3_stages2_share0,/home/liangyi/SRS_AI/Model_AIIC_refactor/experiments_refactored/20260427_072855_default_6port_separator1_masked_v2/separator1_grid_search_6ports_masked_hd16_depth3_stages2_share0,default_6port_separator1_masked_v2,separator1_grid_search_6ports_masked_hd16_depth3_stages2_share0,supervised_nmse_plateau,separator1,12,6,openvino,fp32,float32,16,8,ok,,296.950786,20,50,1.55499976,0.10163894242908277,1.291178,1.5524365,1.6886373000000001,1.7070865,1.7824513499999999,1.788422,10289.390655597272,10.289390655597272,1552.4365,97.02728125,1286.173831949659,21024,19968,41496,sub-physical,0.0625,0.03125,Intel(R) Xeon(R) 6760P,AVX512,"avx2,avx512f,avx512bw,avx512vl,avx512_vnni,avx512_bf16,amx_bf16,amx_int8,amx_tile,fma",True,True,,,,2026.1.0,CPU,256,128,sh14l07002s1404,3.11.9,2.1.2+cu121
20260428_010731,2026-04-28T07:06:32.003248,cpu,openvino,separator1_grid_search_6ports_masked_hd16_depth3_stages2_share0,/home/liangyi/SRS_AI/Model_AIIC_refactor/experiments_refactored/20260427_072855_default_6port_separator1_masked_v2/separator1_grid_search_6ports_masked_hd16_depth3_stages2_share0,default_6port_separator1_masked_v2,separator1_grid_search_6ports_masked_hd16_depth3_stages2_share0,supervised_nmse_plateau,separator1,12,6,openvino,fp32,float32,32,1,ok,,302.967424,20,50,1.35259844,0.11972481782189688,1.009368,1.3560915,1.4918362,1.52931985,1.5881469199999998,1.607057,23658.16716452815,23.658167164528148,1356.0915,42.377859375,23658.16716452815,21024,19968,41496,single-thread,0.0078125,0.00390625,Intel(R) Xeon(R) 6760P,AVX512,"avx2,avx512f,avx512bw,avx512vl,avx512_vnni,avx512_bf16,amx_bf16,amx_int8,amx_tile,fma",True,True,,,,2026.1.0,CPU,256,128,sh14l07002s1404,3.11.9,2.1.2+cu121
20260428_010731,2026-04-28T07:06:32.003248,cpu,openvino,separator1_grid_search_6ports_masked_hd16_depth3_stages2_share0,/home/liangyi/SRS_AI/Model_AIIC_refactor/experiments_refactored/20260427_072855_default_6port_separator1_masked_v2/separator1_grid_search_6ports_masked_hd16_depth3_stages2_share0,default_6port_separator1_masked_v2,separator1_grid_search_6ports_masked_hd16_depth3_stages2_share0,supervised_nmse_plateau,separator1,12,6,openvino,fp32,float32,32,2,ok,,297.874041,20,50,1.32185716,0.09936487411059503,1.081734,1.3477375,1.4050664,1.4344808,1.5218209799999998,1.568566,24208.3645406891,24.2083645406891,1347.7375,42.116796875,12104.18227034455,21024,19968,41496,sub-physical,0.015625,0.0078125,Intel(R) Xeon(R) 6760P,AVX512,"avx2,avx512f,avx512bw,avx512vl,avx512_vnni,avx512_bf16,amx_bf16,amx_int8,amx_tile,fma",True,True,,,,2026.1.0,CPU,256,128,sh14l07002s1404,3.11.9,2.1.2+cu121
20260428_010731,2026-04-28T07:06:32.003248,cpu,openvino,separator1_grid_search_6ports_masked_hd16_depth3_stages2_share0,/home/liangyi/SRS_AI/Model_AIIC_refactor/experiments_refactored/20260427_072855_default_6port_separator1_masked_v2/separator1_grid_search_6ports_masked_hd16_depth3_stages2_share0,default_6port_separator1_masked_v2,separator1_grid_search_6ports_masked_hd16_depth3_stages2_share0,supervised_nmse_plateau,separator1,12,6,openvino,fp32,float32,32,4,ok,,299.864927,20,50,1.37297708,0.13285490998632155,1.010196,1.3823555,1.5276746,1.5575901,1.66504367,1.684015,23307.01689499434,23.30701689499434,1382.3555000000001,43.198609375000004,5826.754223748585,21024,19968,41496,sub-physical,0.03125,0.015625,Intel(R) Xeon(R) 6760P,AVX512,"avx2,avx512f,avx512bw,avx512vl,avx512_vnni,avx512_bf16,amx_bf16,amx_int8,amx_tile,fma",True,True,,,,2026.1.0,CPU,256,128,sh14l07002s1404,3.11.9,2.1.2+cu121
20260428_010731,2026-04-28T07:06:32.003248,cpu,openvino,separator1_grid_search_6ports_masked_hd16_depth3_stages2_share0,/home/liangyi/SRS_AI/Model_AIIC_refactor/experiments_refactored/20260427_072855_default_6port_separator1_masked_v2/separator1_grid_search_6ports_masked_hd16_depth3_stages2_share0,default_6port_separator1_masked_v2,separator1_grid_search_6ports_masked_hd16_depth3_stages2_share0,supervised_nmse_plateau,separator1,12,6,openvino,fp32,float32,32,8,ok,,297.954696,20,50,1.39376428,0.07511698020661907,1.200576,1.3818665,1.4864588,1.53243915,1.5804304599999999,1.619555,22959.40601950281,22.95940601950281,1381.8665,43.183328125,2869.9257524378513,21024,19968,41496,sub-physical,0.0625,0.03125,Intel(R) Xeon(R) 6760P,AVX512,"avx2,avx512f,avx512bw,avx512vl,avx512_vnni,avx512_bf16,amx_bf16,amx_int8,amx_tile,fma",True,True,,,,2026.1.0,CPU,256,128,sh14l07002s1404,3.11.9,2.1.2+cu121
20260428_010731,2026-04-28T07:06:32.003248,cpu,openvino,separator1_grid_search_6ports_masked_hd16_depth3_stages2_share0,/home/liangyi/SRS_AI/Model_AIIC_refactor/experiments_refactored/20260427_072855_default_6port_separator1_masked_v2/separator1_grid_search_6ports_masked_hd16_depth3_stages2_share0,default_6port_separator1_masked_v2,separator1_grid_search_6ports_masked_hd16_depth3_stages2_share0,supervised_nmse_plateau,separator1,12,6,openvino,fp32,float32,64,1,ok,,297.331521,20,50,2.8497751,0.1396272339799439,2.572727,2.8766555,3.0394935,3.06808525,3.10694399,3.141121,22457.912555976785,22.457912555976787,2876.6555,44.9477421875,22457.912555976785,21024,19968,41496,single-thread,0.0078125,0.00390625,Intel(R) Xeon(R) 6760P,AVX512,"avx2,avx512f,avx512bw,avx512vl,avx512_vnni,avx512_bf16,amx_bf16,amx_int8,amx_tile,fma",True,True,,,,2026.1.0,CPU,256,128,sh14l07002s1404,3.11.9,2.1.2+cu121
20260428_010731,2026-04-28T07:06:32.003248,cpu,openvino,separator1_grid_search_6ports_masked_hd16_depth3_stages2_share0,/home/liangyi/SRS_AI/Model_AIIC_refactor/experiments_refactored/20260427_072855_default_6port_separator1_masked_v2/separator1_grid_search_6ports_masked_hd16_depth3_stages2_share0,default_6port_separator1_masked_v2,separator1_grid_search_6ports_masked_hd16_depth3_stages2_share0,supervised_nmse_plateau,separator1,12,6,openvino,fp32,float32,64,2,ok,,302.790947,20,50,3.17470126,0.21119702917870886,2.349388,3.176481,3.4136341000000003,3.4854531499999997,3.54591106,3.557919,20159.377137740514,20.159377137740513,3176.4809999999998,49.632515624999996,10079.688568870257,21024,19968,41496,sub-physical,0.015625,0.0078125,Intel(R) Xeon(R) 6760P,AVX512,"avx2,avx512f,avx512bw,avx512vl,avx512_vnni,avx512_bf16,amx_bf16,amx_int8,amx_tile,fma",True,True,,,,2026.1.0,CPU,256,128,sh14l07002s1404,3.11.9,2.1.2+cu121
20260428_010731,2026-04-28T07:06:32.003248,cpu,openvino,separator1_grid_search_6ports_masked_hd16_depth3_stages2_share0,/home/liangyi/SRS_AI/Model_AIIC_refactor/experiments_refactored/20260427_072855_default_6port_separator1_masked_v2/separator1_grid_search_6ports_masked_hd16_depth3_stages2_share0,default_6port_separator1_masked_v2,separator1_grid_search_6ports_masked_hd16_depth3_stages2_share0,supervised_nmse_plateau,separator1,12,6,openvino,fp32,float32,64,4,ok,,297.792609,20,50,3.05259698,0.16118975368707406,2.547479,3.03538,3.2510591,3.3012495,3.47347821,3.478021,20965.754870136836,20.965754870136838,3035.38,47.4278125,5241.438717534209,21024,19968,41496,sub-physical,0.03125,0.015625,Intel(R) Xeon(R) 6760P,AVX512,"avx2,avx512f,avx512bw,avx512vl,avx512_vnni,avx512_bf16,amx_bf16,amx_int8,amx_tile,fma",True,True,,,,2026.1.0,CPU,256,128,sh14l07002s1404,3.11.9,2.1.2+cu121
20260428_010731,2026-04-28T07:06:32.003248,cpu,openvino,separator1_grid_search_6ports_masked_hd16_depth3_stages2_share0,/home/liangyi/SRS_AI/Model_AIIC_refactor/experiments_refactored/20260427_072855_default_6port_separator1_masked_v2/separator1_grid_search_6ports_masked_hd16_depth3_stages2_share0,default_6port_separator1_masked_v2,separator1_grid_search_6ports_masked_hd16_depth3_stages2_share0,supervised_nmse_plateau,separator1,12,6,openvino,fp32,float32,64,8,ok,,300.211453,20,50,2.97753962,0.1859111543486178,2.445318,2.957343,3.1727190999999997,3.2418035499999998,3.3822509,3.396603,21494.256388769732,21.49425638876973,2957.343,46.208484375,2686.7820485962166,21024,19968,41496,sub-physical,0.0625,0.03125,Intel(R) Xeon(R) 6760P,AVX512,"avx2,avx512f,avx512bw,avx512vl,avx512_vnni,avx512_bf16,amx_bf16,amx_int8,amx_tile,fma",True,True,,,,2026.1.0,CPU,256,128,sh14l07002s1404,3.11.9,2.1.2+cu121
20260428_010731,2026-04-28T07:06:32.003248,cpu,openvino,separator1_grid_search_6ports_masked_hd16_depth3_stages2_share0,/home/liangyi/SRS_AI/Model_AIIC_refactor/experiments_refactored/20260427_072855_default_6port_separator1_masked_v2/separator1_grid_search_6ports_masked_hd16_depth3_stages2_share0,default_6port_separator1_masked_v2,separator1_grid_search_6ports_masked_hd16_depth3_stages2_share0,supervised_nmse_plateau,separator1,12,6,openvino,fp32,float32,128,1,ok,,303.324125,20,50,4.19214446,3.5237696392160385,3.054708,3.3239885,3.6421726000000003,9.165177449999979,19.56528988999998,24.308019,30533.29894075263,30.53329894075263,3323.9885,25.96866015625,30533.29894075263,21024,19968,41496,single-thread,0.0078125,0.00390625,Intel(R) Xeon(R) 6760P,AVX512,"avx2,avx512f,avx512bw,avx512vl,avx512_vnni,avx512_bf16,amx_bf16,amx_int8,amx_tile,fma",True,True,,,,2026.1.0,CPU,256,128,sh14l07002s1404,3.11.9,2.1.2+cu121
20260428_010731,2026-04-28T07:06:32.003248,cpu,openvino,separator1_grid_search_6ports_masked_hd16_depth3_stages2_share0,/home/liangyi/SRS_AI/Model_AIIC_refactor/experiments_refactored/20260427_072855_default_6port_separator1_masked_v2/separator1_grid_search_6ports_masked_hd16_depth3_stages2_share0,default_6port_separator1_masked_v2,separator1_grid_search_6ports_masked_hd16_depth3_stages2_share0,supervised_nmse_plateau,separator1,12,6,openvino,fp32,float32,128,2,ok,,304.525709,20,50,3.11746892,0.17692215529128513,2.838646,3.058287,3.3741528,3.4346961,3.5340795000000003,3.554831,41058.94983549668,41.058949835496676,3058.287,23.8928671875,20529.47491774834,21024,19968,41496,sub-physical,0.015625,0.0078125,Intel(R) Xeon(R) 6760P,AVX512,"avx2,avx512f,avx512bw,avx512vl,avx512_vnni,avx512_bf16,amx_bf16,amx_int8,amx_tile,fma",True,True,,,,2026.1.0,CPU,256,128,sh14l07002s1404,3.11.9,2.1.2+cu121
20260428_010731,2026-04-28T07:06:32.003248,cpu,openvino,separator1_grid_search_6ports_masked_hd16_depth3_stages2_share0,/home/liangyi/SRS_AI/Model_AIIC_refactor/experiments_refactored/20260427_072855_default_6port_separator1_masked_v2/separator1_grid_search_6ports_masked_hd16_depth3_stages2_share0,default_6port_separator1_masked_v2,separator1_grid_search_6ports_masked_hd16_depth3_stages2_share0,supervised_nmse_plateau,separator1,12,6,openvino,fp32,float32,128,4,ok,,300.138176,20,50,3.26187376,0.20096187984785174,2.572607,3.266914,3.4967228,3.57469885,3.7020710799999996,3.759699,39241.24887040386,39.241248870403865,3266.9139999999998,25.522765624999998,9810.312217600966,21024,19968,41496,sub-physical,0.03125,0.015625,Intel(R) Xeon(R) 6760P,AVX512,"avx2,avx512f,avx512bw,avx512vl,avx512_vnni,avx512_bf16,amx_bf16,amx_int8,amx_tile,fma",True,True,,,,2026.1.0,CPU,256,128,sh14l07002s1404,3.11.9,2.1.2+cu121
20260428_010731,2026-04-28T07:06:32.003248,cpu,openvino,separator1_grid_search_6ports_masked_hd16_depth3_stages2_share0,/home/liangyi/SRS_AI/Model_AIIC_refactor/experiments_refactored/20260427_072855_default_6port_separator1_masked_v2/separator1_grid_search_6ports_masked_hd16_depth3_stages2_share0,default_6port_separator1_masked_v2,separator1_grid_search_6ports_masked_hd16_depth3_stages2_share0,supervised_nmse_plateau,separator1,12,6,openvino,fp32,float32,128,8,ok,,304.840781,20,50,3.14427524,0.17370520742471252,2.640002,3.158142,3.3790911,3.4145453999999997,3.5320599799999997,3.609675,40708.904351516,40.708904351516004,3158.142,24.672984375,5088.6130439395,21024,19968,41496,sub-physical,0.0625,0.03125,Intel(R) Xeon(R) 6760P,AVX512,"avx2,avx512f,avx512bw,avx512vl,avx512_vnni,avx512_bf16,amx_bf16,amx_int8,amx_tile,fma",True,True,,,,2026.1.0,CPU,256,128,sh14l07002s1404,3.11.9,2.1.2+cu121
20260428_010731,2026-04-28T07:06:32.003248,cpu,openvino,separator1_grid_search_6ports_masked_hd16_depth3_stages2_share0,/home/liangyi/SRS_AI/Model_AIIC_refactor/experiments_refactored/20260427_072855_default_6port_separator1_masked_v2/separator1_grid_search_6ports_masked_hd16_depth3_stages2_share0,,,,,,,openvino,bf16,,1,1,skipped,OpenVINO benchmark currently supports precision profile fp32 only,0.0,,,,,,,,,,,,,,,,21024,19968,41496,single-thread,0.0078125,0.00390625,Intel(R) Xeon(R) 6760P,AVX512,"avx2,avx512f,avx512bw,avx512vl,avx512_vnni,avx512_bf16,amx_bf16,amx_int8,amx_tile,fma",True,True,,,,2026.1.0,,256,128,sh14l07002s1404,3.11.9,2.1.2+cu121
20260428_010731,2026-04-28T07:06:32.003248,cpu,openvino,separator1_grid_search_6ports_masked_hd16_depth3_stages2_share0,/home/liangyi/SRS_AI/Model_AIIC_refactor/experiments_refactored/20260427_072855_default_6port_separator1_masked_v2/separator1_grid_search_6ports_masked_hd16_depth3_stages2_share0,,,,,,,openvino,bf16,,1,2,skipped,OpenVINO benchmark currently supports precision profile fp32 only,0.0,,,,,,,,,,,,,,,,21024,19968,41496,sub-physical,0.015625,0.0078125,Intel(R) Xeon(R) 6760P,AVX512,"avx2,avx512f,avx512bw,avx512vl,avx512_vnni,avx512_bf16,amx_bf16,amx_int8,amx_tile,fma",True,True,,,,2026.1.0,,256,128,sh14l07002s1404,3.11.9,2.1.2+cu121
20260428_010731,2026-04-28T07:06:32.003248,cpu,openvino,separator1_grid_search_6ports_masked_hd16_depth3_stages2_share0,/home/liangyi/SRS_AI/Model_AIIC_refactor/experiments_refactored/20260427_072855_default_6port_separator1_masked_v2/separator1_grid_search_6ports_masked_hd16_depth3_stages2_share0,,,,,,,openvino,bf16,,1,4,skipped,OpenVINO benchmark currently supports precision profile fp32 only,0.0,,,,,,,,,,,,,,,,21024,19968,41496,sub-physical,0.03125,0.015625,Intel(R) Xeon(R) 6760P,AVX512,"avx2,avx512f,avx512bw,avx512vl,avx512_vnni,avx512_bf16,amx_bf16,amx_int8,amx_tile,fma",True,True,,,,2026.1.0,,256,128,sh14l07002s1404,3.11.9,2.1.2+cu121
20260428_010731,2026-04-28T07:06:32.003248,cpu,openvino,separator1_grid_search_6ports_masked_hd16_depth3_stages2_share0,/home/liangyi/SRS_AI/Model_AIIC_refactor/experiments_refactored/20260427_072855_default_6port_separator1_masked_v2/separator1_grid_search_6ports_masked_hd16_depth3_stages2_share0,,,,,,,openvino,bf16,,1,8,skipped,OpenVINO benchmark currently supports precision profile fp32 only,0.0,,,,,,,,,,,,,,,,21024,19968,41496,sub-physical,0.0625,0.03125,Intel(R) Xeon(R) 6760P,AVX512,"avx2,avx512f,avx512bw,avx512vl,avx512_vnni,avx512_bf16,amx_bf16,amx_int8,amx_tile,fma",True,True,,,,2026.1.0,,256,128,sh14l07002s1404,3.11.9,2.1.2+cu121
20260428_010731,2026-04-28T07:06:32.003248,cpu,openvino,separator1_grid_search_6ports_masked_hd16_depth3_stages2_share0,/home/liangyi/SRS_AI/Model_AIIC_refactor/experiments_refactored/20260427_072855_default_6port_separator1_masked_v2/separator1_grid_search_6ports_masked_hd16_depth3_stages2_share0,,,,,,,openvino,bf16,,2,1,skipped,OpenVINO benchmark currently supports precision profile fp32 only,0.0,,,,,,,,,,,,,,,,21024,19968,41496,single-thread,0.0078125,0.00390625,Intel(R) Xeon(R) 6760P,AVX512,"avx2,avx512f,avx512bw,avx512vl,avx512_vnni,avx512_bf16,amx_bf16,amx_int8,amx_tile,fma",True,True,,,,2026.1.0,,256,128,sh14l07002s1404,3.11.9,2.1.2+cu121
20260428_010731,2026-04-28T07:06:32.003248,cpu,openvino,separator1_grid_search_6ports_masked_hd16_depth3_stages2_share0,/home/liangyi/SRS_AI/Model_AIIC_refactor/experiments_refactored/20260427_072855_default_6port_separator1_masked_v2/separator1_grid_search_6ports_masked_hd16_depth3_stages2_share0,,,,,,,openvino,bf16,,2,2,skipped,OpenVINO benchmark currently supports precision profile fp32 only,0.0,,,,,,,,,,,,,,,,21024,19968,41496,sub-physical,0.015625,0.0078125,Intel(R) Xeon(R) 6760P,AVX512,"avx2,avx512f,avx512bw,avx512vl,avx512_vnni,avx512_bf16,amx_bf16,amx_int8,amx_tile,fma",True,True,,,,2026.1.0,,256,128,sh14l07002s1404,3.11.9,2.1.2+cu121
20260428_010731,2026-04-28T07:06:32.003248,cpu,openvino,separator1_grid_search_6ports_masked_hd16_depth3_stages2_share0,/home/liangyi/SRS_AI/Model_AIIC_refactor/experiments_refactored/20260427_072855_default_6port_separator1_masked_v2/separator1_grid_search_6ports_masked_hd16_depth3_stages2_share0,,,,,,,openvino,bf16,,2,4,skipped,OpenVINO benchmark currently supports precision profile fp32 only,0.0,,,,,,,,,,,,,,,,21024,19968,41496,sub-physical,0.03125,0.015625,Intel(R) Xeon(R) 6760P,AVX512,"avx2,avx512f,avx512bw,avx512vl,avx512_vnni,avx512_bf16,amx_bf16,amx_int8,amx_tile,fma",True,True,,,,2026.1.0,,256,128,sh14l07002s1404,3.11.9,2.1.2+cu121
20260428_010731,2026-04-28T07:06:32.003248,cpu,openvino,separator1_grid_search_6ports_masked_hd16_depth3_stages2_share0,/home/liangyi/SRS_AI/Model_AIIC_refactor/experiments_refactored/20260427_072855_default_6port_separator1_masked_v2/separator1_grid_search_6ports_masked_hd16_depth3_stages2_share0,,,,,,,openvino,bf16,,2,8,skipped,OpenVINO benchmark currently supports precision profile fp32 only,0.0,,,,,,,,,,,,,,,,21024,19968,41496,sub-physical,0.0625,0.03125,Intel(R) Xeon(R) 6760P,AVX512,"avx2,avx512f,avx512bw,avx512vl,avx512_vnni,avx512_bf16,amx_bf16,amx_int8,amx_tile,fma",True,True,,,,2026.1.0,,256,128,sh14l07002s1404,3.11.9,2.1.2+cu121
20260428_010731,2026-04-28T07:06:32.003248,cpu,openvino,separator1_grid_search_6ports_masked_hd16_depth3_stages2_share0,/home/liangyi/SRS_AI/Model_AIIC_refactor/experiments_refactored/20260427_072855_default_6port_separator1_masked_v2/separator1_grid_search_6ports_masked_hd16_depth3_stages2_share0,,,,,,,openvino,bf16,,4,1,skipped,OpenVINO benchmark currently supports precision profile fp32 only,0.0,,,,,,,,,,,,,,,,21024,19968,41496,single-thread,0.0078125,0.00390625,Intel(R) Xeon(R) 6760P,AVX512,"avx2,avx512f,avx512bw,avx512vl,avx512_vnni,avx512_bf16,amx_bf16,amx_int8,amx_tile,fma",True,True,,,,2026.1.0,,256,128,sh14l07002s1404,3.11.9,2.1.2+cu121
20260428_010731,2026-04-28T07:06:32.003248,cpu,openvino,separator1_grid_search_6ports_masked_hd16_depth3_stages2_share0,/home/liangyi/SRS_AI/Model_AIIC_refactor/experiments_refactored/20260427_072855_default_6port_separator1_masked_v2/separator1_grid_search_6ports_masked_hd16_depth3_stages2_share0,,,,,,,openvino,bf16,,4,2,skipped,OpenVINO benchmark currently supports precision profile fp32 only,0.0,,,,,,,,,,,,,,,,21024,19968,41496,sub-physical,0.015625,0.0078125,Intel(R) Xeon(R) 6760P,AVX512,"avx2,avx512f,avx512bw,avx512vl,avx512_vnni,avx512_bf16,amx_bf16,amx_int8,amx_tile,fma",True,True,,,,2026.1.0,,256,128,sh14l07002s1404,3.11.9,2.1.2+cu121
20260428_010731,2026-04-28T07:06:32.003248,cpu,openvino,separator1_grid_search_6ports_masked_hd16_depth3_stages2_share0,/home/liangyi/SRS_AI/Model_AIIC_refactor/experiments_refactored/20260427_072855_default_6port_separator1_masked_v2/separator1_grid_search_6ports_masked_hd16_depth3_stages2_share0,,,,,,,openvino,bf16,,4,4,skipped,OpenVINO benchmark currently supports precision profile fp32 only,0.0,,,,,,,,,,,,,,,,21024,19968,41496,sub-physical,0.03125,0.015625,Intel(R) Xeon(R) 6760P,AVX512,"avx2,avx512f,avx512bw,avx512vl,avx512_vnni,avx512_bf16,amx_bf16,amx_int8,amx_tile,fma",True,True,,,,2026.1.0,,256,128,sh14l07002s1404,3.11.9,2.1.2+cu121
20260428_010731,2026-04-28T07:06:32.003248,cpu,openvino,separator1_grid_search_6ports_masked_hd16_depth3_stages2_share0,/home/liangyi/SRS_AI/Model_AIIC_refactor/experiments_refactored/20260427_072855_default_6port_separator1_masked_v2/separator1_grid_search_6ports_masked_hd16_depth3_stages2_share0,,,,,,,openvino,bf16,,4,8,skipped,OpenVINO benchmark currently supports precision profile fp32 only,0.0,,,,,,,,,,,,,,,,21024,19968,41496,sub-physical,0.0625,0.03125,Intel(R) Xeon(R) 6760P,AVX512,"avx2,avx512f,avx512bw,avx512vl,avx512_vnni,avx512_bf16,amx_bf16,amx_int8,amx_tile,fma",True,True,,,,2026.1.0,,256,128,sh14l07002s1404,3.11.9,2.1.2+cu121
20260428_010731,2026-04-28T07:06:32.003248,cpu,openvino,separator1_grid_search_6ports_masked_hd16_depth3_stages2_share0,/home/liangyi/SRS_AI/Model_AIIC_refactor/experiments_refactored/20260427_072855_default_6port_separator1_masked_v2/separator1_grid_search_6ports_masked_hd16_depth3_stages2_share0,,,,,,,openvino,bf16,,8,1,skipped,OpenVINO benchmark currently supports precision profile fp32 only,0.0,,,,,,,,,,,,,,,,21024,19968,41496,single-thread,0.0078125,0.00390625,Intel(R) Xeon(R) 6760P,AVX512,"avx2,avx512f,avx512bw,avx512vl,avx512_vnni,avx512_bf16,amx_bf16,amx_int8,amx_tile,fma",True,True,,,,2026.1.0,,256,128,sh14l07002s1404,3.11.9,2.1.2+cu121
20260428_010731,2026-04-28T07:06:32.003248,cpu,openvino,separator1_grid_search_6ports_masked_hd16_depth3_stages2_share0,/home/liangyi/SRS_AI/Model_AIIC_refactor/experiments_refactored/20260427_072855_default_6port_separator1_masked_v2/separator1_grid_search_6ports_masked_hd16_depth3_stages2_share0,,,,,,,openvino,bf16,,8,2,skipped,OpenVINO benchmark currently supports precision profile fp32 only,0.0,,,,,,,,,,,,,,,,21024,19968,41496,sub-physical,0.015625,0.0078125,Intel(R) Xeon(R) 6760P,AVX512,"avx2,avx512f,avx512bw,avx512vl,avx512_vnni,avx512_bf16,amx_bf16,amx_int8,amx_tile,fma",True,True,,,,2026.1.0,,256,128,sh14l07002s1404,3.11.9,2.1.2+cu121
20260428_010731,2026-04-28T07:06:32.003248,cpu,openvino,separator1_grid_search_6ports_masked_hd16_depth3_stages2_share0,/home/liangyi/SRS_AI/Model_AIIC_refactor/experiments_refactored/20260427_072855_default_6port_separator1_masked_v2/separator1_grid_search_6ports_masked_hd16_depth3_stages2_share0,,,,,,,openvino,bf16,,8,4,skipped,OpenVINO benchmark currently supports precision profile fp32 only,0.0,,,,,,,,,,,,,,,,21024,19968,41496,sub-physical,0.03125,0.015625,Intel(R) Xeon(R) 6760P,AVX512,"avx2,avx512f,avx512bw,avx512vl,avx512_vnni,avx512_bf16,amx_bf16,amx_int8,amx_tile,fma",True,True,,,,2026.1.0,,256,128,sh14l07002s1404,3.11.9,2.1.2+cu121
20260428_010731,2026-04-28T07:06:32.003248,cpu,openvino,separator1_grid_search_6ports_masked_hd16_depth3_stages2_share0,/home/liangyi/SRS_AI/Model_AIIC_refactor/experiments_refactored/20260427_072855_default_6port_separator1_masked_v2/separator1_grid_search_6ports_masked_hd16_depth3_stages2_share0,,,,,,,openvino,bf16,,8,8,skipped,OpenVINO benchmark currently supports precision profile fp32 only,0.0,,,,,,,,,,,,,,,,21024,19968,41496,sub-physical,0.0625,0.03125,Intel(R) Xeon(R) 6760P,AVX512,"avx2,avx512f,avx512bw,avx512vl,avx512_vnni,avx512_bf16,amx_bf16,amx_int8,amx_tile,fma",True,True,,,,2026.1.0,,256,128,sh14l07002s1404,3.11.9,2.1.2+cu121
20260428_010731,2026-04-28T07:06:32.003248,cpu,openvino,separator1_grid_search_6ports_masked_hd16_depth3_stages2_share0,/home/liangyi/SRS_AI/Model_AIIC_refactor/experiments_refactored/20260427_072855_default_6port_separator1_masked_v2/separator1_grid_search_6ports_masked_hd16_depth3_stages2_share0,,,,,,,openvino,bf16,,16,1,skipped,OpenVINO benchmark currently supports precision profile fp32 only,0.0,,,,,,,,,,,,,,,,21024,19968,41496,single-thread,0.0078125,0.00390625,Intel(R) Xeon(R) 6760P,AVX512,"avx2,avx512f,avx512bw,avx512vl,avx512_vnni,avx512_bf16,amx_bf16,amx_int8,amx_tile,fma",True,True,,,,2026.1.0,,256,128,sh14l07002s1404,3.11.9,2.1.2+cu121
20260428_010731,2026-04-28T07:06:32.003248,cpu,openvino,separator1_grid_search_6ports_masked_hd16_depth3_stages2_share0,/home/liangyi/SRS_AI/Model_AIIC_refactor/experiments_refactored/20260427_072855_default_6port_separator1_masked_v2/separator1_grid_search_6ports_masked_hd16_depth3_stages2_share0,,,,,,,openvino,bf16,,16,2,skipped,OpenVINO benchmark currently supports precision profile fp32 only,0.0,,,,,,,,,,,,,,,,21024,19968,41496,sub-physical,0.015625,0.0078125,Intel(R) Xeon(R) 6760P,AVX512,"avx2,avx512f,avx512bw,avx512vl,avx512_vnni,avx512_bf16,amx_bf16,amx_int8,amx_tile,fma",True,True,,,,2026.1.0,,256,128,sh14l07002s1404,3.11.9,2.1.2+cu121
20260428_010731,2026-04-28T07:06:32.003248,cpu,openvino,separator1_grid_search_6ports_masked_hd16_depth3_stages2_share0,/home/liangyi/SRS_AI/Model_AIIC_refactor/experiments_refactored/20260427_072855_default_6port_separator1_masked_v2/separator1_grid_search_6ports_masked_hd16_depth3_stages2_share0,,,,,,,openvino,bf16,,16,4,skipped,OpenVINO benchmark currently supports precision profile fp32 only,0.0,,,,,,,,,,,,,,,,21024,19968,41496,sub-physical,0.03125,0.015625,Intel(R) Xeon(R) 6760P,AVX512,"avx2,avx512f,avx512bw,avx512vl,avx512_vnni,avx512_bf16,amx_bf16,amx_int8,amx_tile,fma",True,True,,,,2026.1.0,,256,128,sh14l07002s1404,3.11.9,2.1.2+cu121
20260428_010731,2026-04-28T07:06:32.003248,cpu,openvino,separator1_grid_search_6ports_masked_hd16_depth3_stages2_share0,/home/liangyi/SRS_AI/Model_AIIC_refactor/experiments_refactored/20260427_072855_default_6port_separator1_masked_v2/separator1_grid_search_6ports_masked_hd16_depth3_stages2_share0,,,,,,,openvino,bf16,,16,8,skipped,OpenVINO benchmark currently supports precision profile fp32 only,0.0,,,,,,,,,,,,,,,,21024,19968,41496,sub-physical,0.0625,0.03125,Intel(R) Xeon(R) 6760P,AVX512,"avx2,avx512f,avx512bw,avx512vl,avx512_vnni,avx512_bf16,amx_bf16,amx_int8,amx_tile,fma",True,True,,,,2026.1.0,,256,128,sh14l07002s1404,3.11.9,2.1.2+cu121
20260428_010731,2026-04-28T07:06:32.003248,cpu,openvino,separator1_grid_search_6ports_masked_hd16_depth3_stages2_share0,/home/liangyi/SRS_AI/Model_AIIC_refactor/experiments_refactored/20260427_072855_default_6port_separator1_masked_v2/separator1_grid_search_6ports_masked_hd16_depth3_stages2_share0,,,,,,,openvino,bf16,,32,1,skipped,OpenVINO benchmark currently supports precision profile fp32 only,0.0,,,,,,,,,,,,,,,,21024,19968,41496,single-thread,0.0078125,0.00390625,Intel(R) Xeon(R) 6760P,AVX512,"avx2,avx512f,avx512bw,avx512vl,avx512_vnni,avx512_bf16,amx_bf16,amx_int8,amx_tile,fma",True,True,,,,2026.1.0,,256,128,sh14l07002s1404,3.11.9,2.1.2+cu121
20260428_010731,2026-04-28T07:06:32.003248,cpu,openvino,separator1_grid_search_6ports_masked_hd16_depth3_stages2_share0,/home/liangyi/SRS_AI/Model_AIIC_refactor/experiments_refactored/20260427_072855_default_6port_separator1_masked_v2/separator1_grid_search_6ports_masked_hd16_depth3_stages2_share0,,,,,,,openvino,bf16,,32,2,skipped,OpenVINO benchmark currently supports precision profile fp32 only,0.0,,,,,,,,,,,,,,,,21024,19968,41496,sub-physical,0.015625,0.0078125,Intel(R) Xeon(R) 6760P,AVX512,"avx2,avx512f,avx512bw,avx512vl,avx512_vnni,avx512_bf16,amx_bf16,amx_int8,amx_tile,fma",True,True,,,,2026.1.0,,256,128,sh14l07002s1404,3.11.9,2.1.2+cu121
20260428_010731,2026-04-28T07:06:32.003248,cpu,openvino,separator1_grid_search_6ports_masked_hd16_depth3_stages2_share0,/home/liangyi/SRS_AI/Model_AIIC_refactor/experiments_refactored/20260427_072855_default_6port_separator1_masked_v2/separator1_grid_search_6ports_masked_hd16_depth3_stages2_share0,,,,,,,openvino,bf16,,32,4,skipped,OpenVINO benchmark currently supports precision profile fp32 only,0.0,,,,,,,,,,,,,,,,21024,19968,41496,sub-physical,0.03125,0.015625,Intel(R) Xeon(R) 6760P,AVX512,"avx2,avx512f,avx512bw,avx512vl,avx512_vnni,avx512_bf16,amx_bf16,amx_int8,amx_tile,fma",True,True,,,,2026.1.0,,256,128,sh14l07002s1404,3.11.9,2.1.2+cu121
20260428_010731,2026-04-28T07:06:32.003248,cpu,openvino,separator1_grid_search_6ports_masked_hd16_depth3_stages2_share0,/home/liangyi/SRS_AI/Model_AIIC_refactor/experiments_refactored/20260427_072855_default_6port_separator1_masked_v2/separator1_grid_search_6ports_masked_hd16_depth3_stages2_share0,,,,,,,openvino,bf16,,32,8,skipped,OpenVINO benchmark currently supports precision profile fp32 only,0.0,,,,,,,,,,,,,,,,21024,19968,41496,sub-physical,0.0625,0.03125,Intel(R) Xeon(R) 6760P,AVX512,"avx2,avx512f,avx512bw,avx512vl,avx512_vnni,avx512_bf16,amx_bf16,amx_int8,amx_tile,fma",True,True,,,,2026.1.0,,256,128,sh14l07002s1404,3.11.9,2.1.2+cu121
20260428_010731,2026-04-28T07:06:32.003248,cpu,openvino,separator1_grid_search_6ports_masked_hd16_depth3_stages2_share0,/home/liangyi/SRS_AI/Model_AIIC_refactor/experiments_refactored/20260427_072855_default_6port_separator1_masked_v2/separator1_grid_search_6ports_masked_hd16_depth3_stages2_share0,,,,,,,openvino,bf16,,64,1,skipped,OpenVINO benchmark currently supports precision profile fp32 only,0.0,,,,,,,,,,,,,,,,21024,19968,41496,single-thread,0.0078125,0.00390625,Intel(R) Xeon(R) 6760P,AVX512,"avx2,avx512f,avx512bw,avx512vl,avx512_vnni,avx512_bf16,amx_bf16,amx_int8,amx_tile,fma",True,True,,,,2026.1.0,,256,128,sh14l07002s1404,3.11.9,2.1.2+cu121
20260428_010731,2026-04-28T07:06:32.003248,cpu,openvino,separator1_grid_search_6ports_masked_hd16_depth3_stages2_share0,/home/liangyi/SRS_AI/Model_AIIC_refactor/experiments_refactored/20260427_072855_default_6port_separator1_masked_v2/separator1_grid_search_6ports_masked_hd16_depth3_stages2_share0,,,,,,,openvino,bf16,,64,2,skipped,OpenVINO benchmark currently supports precision profile fp32 only,0.0,,,,,,,,,,,,,,,,21024,19968,41496,sub-physical,0.015625,0.0078125,Intel(R) Xeon(R) 6760P,AVX512,"avx2,avx512f,avx512bw,avx512vl,avx512_vnni,avx512_bf16,amx_bf16,amx_int8,amx_tile,fma",True,True,,,,2026.1.0,,256,128,sh14l07002s1404,3.11.9,2.1.2+cu121
20260428_010731,2026-04-28T07:06:32.003248,cpu,openvino,separator1_grid_search_6ports_masked_hd16_depth3_stages2_share0,/home/liangyi/SRS_AI/Model_AIIC_refactor/experiments_refactored/20260427_072855_default_6port_separator1_masked_v2/separator1_grid_search_6ports_masked_hd16_depth3_stages2_share0,,,,,,,openvino,bf16,,64,4,skipped,OpenVINO benchmark currently supports precision profile fp32 only,0.0,,,,,,,,,,,,,,,,21024,19968,41496,sub-physical,0.03125,0.015625,Intel(R) Xeon(R) 6760P,AVX512,"avx2,avx512f,avx512bw,avx512vl,avx512_vnni,avx512_bf16,amx_bf16,amx_int8,amx_tile,fma",True,True,,,,2026.1.0,,256,128,sh14l07002s1404,3.11.9,2.1.2+cu121
20260428_010731,2026-04-28T07:06:32.003248,cpu,openvino,separator1_grid_search_6ports_masked_hd16_depth3_stages2_share0,/home/liangyi/SRS_AI/Model_AIIC_refactor/experiments_refactored/20260427_072855_default_6port_separator1_masked_v2/separator1_grid_search_6ports_masked_hd16_depth3_stages2_share0,,,,,,,openvino,bf16,,64,8,skipped,OpenVINO benchmark currently supports precision profile fp32 only,0.0,,,,,,,,,,,,,,,,21024,19968,41496,sub-physical,0.0625,0.03125,Intel(R) Xeon(R) 6760P,AVX512,"avx2,avx512f,avx512bw,avx512vl,avx512_vnni,avx512_bf16,amx_bf16,amx_int8,amx_tile,fma",True,True,,,,2026.1.0,,256,128,sh14l07002s1404,3.11.9,2.1.2+cu121
20260428_010731,2026-04-28T07:06:32.003248,cpu,openvino,separator1_grid_search_6ports_masked_hd16_depth3_stages2_share0,/home/liangyi/SRS_AI/Model_AIIC_refactor/experiments_refactored/20260427_072855_default_6port_separator1_masked_v2/separator1_grid_search_6ports_masked_hd16_depth3_stages2_share0,,,,,,,openvino,bf16,,128,1,skipped,OpenVINO benchmark currently supports precision profile fp32 only,0.0,,,,,,,,,,,,,,,,21024,19968,41496,single-thread,0.0078125,0.00390625,Intel(R) Xeon(R) 6760P,AVX512,"avx2,avx512f,avx512bw,avx512vl,avx512_vnni,avx512_bf16,amx_bf16,amx_int8,amx_tile,fma",True,True,,,,2026.1.0,,256,128,sh14l07002s1404,3.11.9,2.1.2+cu121
20260428_010731,2026-04-28T07:06:32.003248,cpu,openvino,separator1_grid_search_6ports_masked_hd16_depth3_stages2_share0,/home/liangyi/SRS_AI/Model_AIIC_refactor/experiments_refactored/20260427_072855_default_6port_separator1_masked_v2/separator1_grid_search_6ports_masked_hd16_depth3_stages2_share0,,,,,,,openvino,bf16,,128,2,skipped,OpenVINO benchmark currently supports precision profile fp32 only,0.0,,,,,,,,,,,,,,,,21024,19968,41496,sub-physical,0.015625,0.0078125,Intel(R) Xeon(R) 6760P,AVX512,"avx2,avx512f,avx512bw,avx512vl,avx512_vnni,avx512_bf16,amx_bf16,amx_int8,amx_tile,fma",True,True,,,,2026.1.0,,256,128,sh14l07002s1404,3.11.9,2.1.2+cu121
20260428_010731,2026-04-28T07:06:32.003248,cpu,openvino,separator1_grid_search_6ports_masked_hd16_depth3_stages2_share0,/home/liangyi/SRS_AI/Model_AIIC_refactor/experiments_refactored/20260427_072855_default_6port_separator1_masked_v2/separator1_grid_search_6ports_masked_hd16_depth3_stages2_share0,,,,,,,openvino,bf16,,128,4,skipped,OpenVINO benchmark currently supports precision profile fp32 only,0.0,,,,,,,,,,,,,,,,21024,19968,41496,sub-physical,0.03125,0.015625,Intel(R) Xeon(R) 6760P,AVX512,"avx2,avx512f,avx512bw,avx512vl,avx512_vnni,avx512_bf16,amx_bf16,amx_int8,amx_tile,fma",True,True,,,,2026.1.0,,256,128,sh14l07002s1404,3.11.9,2.1.2+cu121
20260428_010731,2026-04-28T07:06:32.003248,cpu,openvino,separator1_grid_search_6ports_masked_hd16_depth3_stages2_share0,/home/liangyi/SRS_AI/Model_AIIC_refactor/experiments_refactored/20260427_072855_default_6port_separator1_masked_v2/separator1_grid_search_6ports_masked_hd16_depth3_stages2_share0,,,,,,,openvino,bf16,,128,8,skipped,OpenVINO benchmark currently supports precision profile fp32 only,0.0,,,,,,,,,,,,,,,,21024,19968,41496,sub-physical,0.0625,0.03125,Intel(R) Xeon(R) 6760P,AVX512,"avx2,avx512f,avx512bw,avx512vl,avx512_vnni,avx512_bf16,amx_bf16,amx_int8,amx_tile,fma",True,True,,,,2026.1.0,,256,128,sh14l07002s1404,3.11.9,2.1.2+cu121
