{
  "hyperparameters": {
    "num_stages": 2,
    "share_weights": true,
    "num_ports": 6,
    "pos_values": [
      0,
      2,
      4,
      6,
      8,
      10
    ],
    "batch_size": 4096,
    "max_batches": 100000,
    "snr_db": "(0.0, 30.0)",
    "tdl_configs": [
      "A-30",
      "B-100",
      "C-300"
    ],
    "early_stop_loss": 0.001,
    "validation_interval": 100,
    "patience": 5
  },
  "results": {
    "final_train_loss": 0.037807635962963104,
    "final_train_loss_db": -14.224204773673737,
    "best_val_loss": 0.018729526177048685,
    "best_val_loss_db": -17.274732093463882,
    "test_nmse": 0.018740959465503693,
    "test_nmse_db": -17.27208137512207,
    "port_wise_nmse": [
      0.021678457036614418,
      0.016635673120617867,
      0.01525601465255022,
      0.022167382761836052,
      0.020251939073204994,
      0.01868194155395031
    ],
    "port_wise_nmse_db": [
      -16.63971710205078,
      -17.789596557617188,
      -18.165590286254883,
      -16.542856216430664,
      -16.935333251953125,
      -17.28577995300293
    ],
    "num_batches_trained": 100000,
    "stopped_early": false
  },
  "timestamp": "2025-12-03T20:04:31.361266"
}