{
  "hyperparameters": {
    "num_stages": 2,
    "share_weights": true,
    "num_ports": 4,
    "pos_values": [
      0,
      3,
      6,
      9
    ],
    "batch_size": 128,
    "max_batches": 10000,
    "snr_db": "(0.0, 30.0)",
    "tdl_configs": [
      "A-30",
      "B-100",
      "C-300"
    ],
    "loss_type": "nmse",
    "early_stop_loss": null,
    "validation_interval": 100,
    "patience": 5
  },
  "results": {
    "final_train_loss": 0.2681353725357035,
    "final_train_loss_db": -5.716458899196377,
    "best_val_loss": null,
    "best_val_loss_db": null,
    "test_nmse": 0.021034078672528267,
    "test_nmse_db": -16.77076530456543,
    "port_wise_nmse": [
      0.02546481043100357,
      0.019285481423139572,
      0.019489919766783714,
      0.02041098102927208
    ],
    "port_wise_nmse_db": [
      -15.940595626831055,
      -17.147695541381836,
      -17.101900100708008,
      -16.9013614654541
    ],
    "num_batches_trained": 10000,
    "stopped_early": false
  },
  "timestamp": "2025-12-08T14:50:23.486035"
}