benchmark_id,timestamp,device,run_name,run_dir,experiment_name,model_label,training_label,model_type,seq_len,num_ports,execution_mode,requested_precision_profile,effective_execution_dtype,batch_size,num_threads,status,skip_reason,graph_prep_time_ms,warmup_iters,measure_iters,mean_latency_ms,std_latency_ms,min_latency_ms,p50_latency_ms,p90_latency_ms,p95_latency_ms,p99_latency_ms,max_latency_ms,throughput_samples_per_sec,samples_per_ms,p50_latency_us,latency_per_sample_us,throughput_per_thread,trainable_parameters,macs_per_sample,flops_per_sample_estimate,thread_group,threads_per_physical_core_ratio,threads_per_logical_cpu_ratio,cpu_model_name,cpu_capability,cpu_flag_summary,mkldnn_available,mkldnn_enabled,onednn_version,logical_cpu_count,physical_cpu_count,hostname,python_version,pytorch_version
20260424_010536,2026-04-24T06:14:10.545834,cpu,full_mlp_capacity_search_hd128_depth3,/home/liangyi/SRS_AI/Model_AIIC_refactor/experiments_refactored/20260422_050408_full_mlp_capacity_search_v2/full_mlp_capacity_search_hd128_depth3,full_mlp_capacity_search_v2,full_mlp_capacity_search_hd128_depth3,supervised_nmse_plateau,full_mlp,12,6,eager,fp32,float32,1,1,ok,,0.0,20,50,0.03595182,0.001649390829245755,0.034784,0.035568,0.036285500000000005,0.037186449999999996,0.04327379999999999,0.045959,27815.003524160944,27.815003524160943,35.568000000000005,35.568000000000005,27815.003524160944,21776,21504,43352,single-thread,0.0078125,0.00390625,Intel(R) Xeon(R) 6760P,AVX512,"avx2,avx512f,avx512bw,avx512vl,avx512_vnni,avx512_bf16,amx_bf16,amx_int8,amx_tile,fma",True,True,,256,128,sh14l07002s1404,3.11.9,2.1.2+cu121
20260424_010536,2026-04-24T06:14:10.545834,cpu,full_mlp_capacity_search_hd128_depth3,/home/liangyi/SRS_AI/Model_AIIC_refactor/experiments_refactored/20260422_050408_full_mlp_capacity_search_v2/full_mlp_capacity_search_hd128_depth3,full_mlp_capacity_search_v2,full_mlp_capacity_search_hd128_depth3,supervised_nmse_plateau,full_mlp,12,6,eager,fp32,float32,1,2,ok,,0.0,20,50,0.03789442,0.0017100778940153571,0.036515,0.037384,0.0391135,0.0405374,0.04509575,0.045549,26389.109531165806,26.389109531165808,37.384,37.384,13194.554765582903,21776,21504,43352,sub-physical,0.015625,0.0078125,Intel(R) Xeon(R) 6760P,AVX512,"avx2,avx512f,avx512bw,avx512vl,avx512_vnni,avx512_bf16,amx_bf16,amx_int8,amx_tile,fma",True,True,,256,128,sh14l07002s1404,3.11.9,2.1.2+cu121
20260424_010536,2026-04-24T06:14:10.545834,cpu,full_mlp_capacity_search_hd128_depth3,/home/liangyi/SRS_AI/Model_AIIC_refactor/experiments_refactored/20260422_050408_full_mlp_capacity_search_v2/full_mlp_capacity_search_hd128_depth3,full_mlp_capacity_search_v2,full_mlp_capacity_search_hd128_depth3,supervised_nmse_plateau,full_mlp,12,6,eager,fp32,float32,1,4,ok,,0.0,20,50,0.04085176,0.0023724553994543284,0.038167,0.040358,0.0435609,0.045032699999999995,0.049213079999999985,0.051716,24478.749507977136,24.478749507977135,40.358,40.358,6119.687376994284,21776,21504,43352,sub-physical,0.03125,0.015625,Intel(R) Xeon(R) 6760P,AVX512,"avx2,avx512f,avx512bw,avx512vl,avx512_vnni,avx512_bf16,amx_bf16,amx_int8,amx_tile,fma",True,True,,256,128,sh14l07002s1404,3.11.9,2.1.2+cu121
20260424_010536,2026-04-24T06:14:10.545834,cpu,full_mlp_capacity_search_hd128_depth3,/home/liangyi/SRS_AI/Model_AIIC_refactor/experiments_refactored/20260422_050408_full_mlp_capacity_search_v2/full_mlp_capacity_search_hd128_depth3,full_mlp_capacity_search_v2,full_mlp_capacity_search_hd128_depth3,supervised_nmse_plateau,full_mlp,12,6,eager,fp32,float32,1,8,ok,,0.0,20,50,0.04640922,0.0023274909090262846,0.043519,0.045954999999999996,0.0476752,0.049809299999999994,0.056118549999999996,0.056807,21547.442512500747,21.547442512500748,45.955,45.955,2693.4303140625934,21776,21504,43352,sub-physical,0.0625,0.03125,Intel(R) Xeon(R) 6760P,AVX512,"avx2,avx512f,avx512bw,avx512vl,avx512_vnni,avx512_bf16,amx_bf16,amx_int8,amx_tile,fma",True,True,,256,128,sh14l07002s1404,3.11.9,2.1.2+cu121
20260424_010536,2026-04-24T06:14:10.545834,cpu,full_mlp_capacity_search_hd128_depth3,/home/liangyi/SRS_AI/Model_AIIC_refactor/experiments_refactored/20260422_050408_full_mlp_capacity_search_v2/full_mlp_capacity_search_hd128_depth3,full_mlp_capacity_search_v2,full_mlp_capacity_search_hd128_depth3,supervised_nmse_plateau,full_mlp,12,6,eager,fp32,float32,1,128,ok,,0.0,20,50,0.03544484,0.002234174284696697,0.034171,0.0349055,0.0361526,0.036683850000000004,0.045955899999999994,0.046735,28212.851292317868,28.21285129231787,34.905499999999996,34.905499999999996,220.41290072123334,21776,21504,43352,all-physical,1.0,0.5,Intel(R) Xeon(R) 6760P,AVX512,"avx2,avx512f,avx512bw,avx512vl,avx512_vnni,avx512_bf16,amx_bf16,amx_int8,amx_tile,fma",True,True,,256,128,sh14l07002s1404,3.11.9,2.1.2+cu121
20260424_010536,2026-04-24T06:14:10.545834,cpu,full_mlp_capacity_search_hd128_depth3,/home/liangyi/SRS_AI/Model_AIIC_refactor/experiments_refactored/20260422_050408_full_mlp_capacity_search_v2/full_mlp_capacity_search_hd128_depth3,full_mlp_capacity_search_v2,full_mlp_capacity_search_hd128_depth3,supervised_nmse_plateau,full_mlp,12,6,eager,fp32,float32,2,1,ok,,0.0,20,50,0.0378237,0.0015820779911243314,0.036148,0.0372695,0.0394262,0.0396733,0.043314119999999984,0.046652,52876.89993311072,52.87689993311072,37.269499999999994,18.634749999999997,52876.89993311072,21776,21504,43352,single-thread,0.0078125,0.00390625,Intel(R) Xeon(R) 6760P,AVX512,"avx2,avx512f,avx512bw,avx512vl,avx512_vnni,avx512_bf16,amx_bf16,amx_int8,amx_tile,fma",True,True,,256,128,sh14l07002s1404,3.11.9,2.1.2+cu121
20260424_010536,2026-04-24T06:14:10.545834,cpu,full_mlp_capacity_search_hd128_depth3,/home/liangyi/SRS_AI/Model_AIIC_refactor/experiments_refactored/20260422_050408_full_mlp_capacity_search_v2/full_mlp_capacity_search_hd128_depth3,full_mlp_capacity_search_v2,full_mlp_capacity_search_hd128_depth3,supervised_nmse_plateau,full_mlp,12,6,eager,fp32,float32,2,2,ok,,0.0,20,50,0.03866956,0.006836191229507847,0.036418,0.0374265,0.0390176,0.04005295,0.06600007999999992,0.085555,51720.26782823492,51.720267828234924,37.426500000000004,18.713250000000002,25860.13391411746,21776,21504,43352,sub-physical,0.015625,0.0078125,Intel(R) Xeon(R) 6760P,AVX512,"avx2,avx512f,avx512bw,avx512vl,avx512_vnni,avx512_bf16,amx_bf16,amx_int8,amx_tile,fma",True,True,,256,128,sh14l07002s1404,3.11.9,2.1.2+cu121
20260424_010536,2026-04-24T06:14:10.545834,cpu,full_mlp_capacity_search_hd128_depth3,/home/liangyi/SRS_AI/Model_AIIC_refactor/experiments_refactored/20260422_050408_full_mlp_capacity_search_v2/full_mlp_capacity_search_hd128_depth3,full_mlp_capacity_search_v2,full_mlp_capacity_search_hd128_depth3,supervised_nmse_plateau,full_mlp,12,6,eager,fp32,float32,2,4,ok,,0.0,20,50,0.0385596,0.011510574364470264,0.035963,0.0367065,0.0374992,0.03851755,0.08269317999999987,0.118619,51867.75796429423,51.86775796429423,36.706500000000005,18.353250000000003,12966.939491073557,21776,21504,43352,sub-physical,0.03125,0.015625,Intel(R) Xeon(R) 6760P,AVX512,"avx2,avx512f,avx512bw,avx512vl,avx512_vnni,avx512_bf16,amx_bf16,amx_int8,amx_tile,fma",True,True,,256,128,sh14l07002s1404,3.11.9,2.1.2+cu121
20260424_010536,2026-04-24T06:14:10.545834,cpu,full_mlp_capacity_search_hd128_depth3,/home/liangyi/SRS_AI/Model_AIIC_refactor/experiments_refactored/20260422_050408_full_mlp_capacity_search_v2/full_mlp_capacity_search_hd128_depth3,full_mlp_capacity_search_v2,full_mlp_capacity_search_hd128_depth3,supervised_nmse_plateau,full_mlp,12,6,eager,fp32,float32,2,8,ok,,0.0,20,50,0.03805396,0.001524062386649575,0.036504,0.037419,0.0399674,0.0403585,0.04361233,0.044437,52556.94808109327,52.556948081093275,37.419000000000004,18.709500000000002,6569.618510136659,21776,21504,43352,sub-physical,0.0625,0.03125,Intel(R) Xeon(R) 6760P,AVX512,"avx2,avx512f,avx512bw,avx512vl,avx512_vnni,avx512_bf16,amx_bf16,amx_int8,amx_tile,fma",True,True,,256,128,sh14l07002s1404,3.11.9,2.1.2+cu121
20260424_010536,2026-04-24T06:14:10.545834,cpu,full_mlp_capacity_search_hd128_depth3,/home/liangyi/SRS_AI/Model_AIIC_refactor/experiments_refactored/20260422_050408_full_mlp_capacity_search_v2/full_mlp_capacity_search_hd128_depth3,full_mlp_capacity_search_v2,full_mlp_capacity_search_hd128_depth3,supervised_nmse_plateau,full_mlp,12,6,eager,fp32,float32,2,128,ok,,0.0,20,50,0.03794988,0.00346764397618902,0.036057,0.0369665,0.038939900000000006,0.04072919999999999,0.054149039999999996,0.055033,52701.08890989906,52.701088909899056,36.966499999999996,18.483249999999998,411.7272571085864,21776,21504,43352,all-physical,1.0,0.5,Intel(R) Xeon(R) 6760P,AVX512,"avx2,avx512f,avx512bw,avx512vl,avx512_vnni,avx512_bf16,amx_bf16,amx_int8,amx_tile,fma",True,True,,256,128,sh14l07002s1404,3.11.9,2.1.2+cu121
20260424_010536,2026-04-24T06:14:10.545834,cpu,full_mlp_capacity_search_hd128_depth3,/home/liangyi/SRS_AI/Model_AIIC_refactor/experiments_refactored/20260422_050408_full_mlp_capacity_search_v2/full_mlp_capacity_search_hd128_depth3,full_mlp_capacity_search_v2,full_mlp_capacity_search_hd128_depth3,supervised_nmse_plateau,full_mlp,12,6,eager,fp32,float32,4,1,ok,,0.0,20,50,0.04056346,0.0051548267913092876,0.037865,0.039209499999999994,0.0417336,0.042582999999999996,0.060930139999999945,0.074755,98610.91731326666,98.61091731326667,39.20949999999999,9.802374999999998,98610.91731326666,21776,21504,43352,single-thread,0.0078125,0.00390625,Intel(R) Xeon(R) 6760P,AVX512,"avx2,avx512f,avx512bw,avx512vl,avx512_vnni,avx512_bf16,amx_bf16,amx_int8,amx_tile,fma",True,True,,256,128,sh14l07002s1404,3.11.9,2.1.2+cu121
20260424_010536,2026-04-24T06:14:10.545834,cpu,full_mlp_capacity_search_hd128_depth3,/home/liangyi/SRS_AI/Model_AIIC_refactor/experiments_refactored/20260422_050408_full_mlp_capacity_search_v2/full_mlp_capacity_search_hd128_depth3,full_mlp_capacity_search_v2,full_mlp_capacity_search_hd128_depth3,supervised_nmse_plateau,full_mlp,12,6,eager,fp32,float32,4,2,ok,,0.0,20,50,0.03887482,0.0014385501964130417,0.037687,0.038571999999999995,0.0399647,0.0405331,0.0450671,0.046052,102894.36709932034,102.89436709932035,38.571999999999996,9.642999999999999,51447.18354966017,21776,21504,43352,sub-physical,0.015625,0.0078125,Intel(R) Xeon(R) 6760P,AVX512,"avx2,avx512f,avx512bw,avx512vl,avx512_vnni,avx512_bf16,amx_bf16,amx_int8,amx_tile,fma",True,True,,256,128,sh14l07002s1404,3.11.9,2.1.2+cu121
20260424_010536,2026-04-24T06:14:10.545834,cpu,full_mlp_capacity_search_hd128_depth3,/home/liangyi/SRS_AI/Model_AIIC_refactor/experiments_refactored/20260422_050408_full_mlp_capacity_search_v2/full_mlp_capacity_search_hd128_depth3,full_mlp_capacity_search_v2,full_mlp_capacity_search_hd128_depth3,supervised_nmse_plateau,full_mlp,12,6,eager,fp32,float32,4,4,ok,,0.0,20,50,0.03930138,0.0014395380493755622,0.037747,0.038747,0.0408362,0.041793649999999995,0.044410429999999994,0.044603,101777.59661365581,101.77759661365582,38.747,9.68675,25444.399153413953,21776,21504,43352,sub-physical,0.03125,0.015625,Intel(R) Xeon(R) 6760P,AVX512,"avx2,avx512f,avx512bw,avx512vl,avx512_vnni,avx512_bf16,amx_bf16,amx_int8,amx_tile,fma",True,True,,256,128,sh14l07002s1404,3.11.9,2.1.2+cu121
20260424_010536,2026-04-24T06:14:10.545834,cpu,full_mlp_capacity_search_hd128_depth3,/home/liangyi/SRS_AI/Model_AIIC_refactor/experiments_refactored/20260422_050408_full_mlp_capacity_search_v2/full_mlp_capacity_search_hd128_depth3,full_mlp_capacity_search_v2,full_mlp_capacity_search_hd128_depth3,supervised_nmse_plateau,full_mlp,12,6,eager,fp32,float32,4,8,ok,,0.0,20,50,0.04131128,0.01551861511609847,0.037902,0.038753499999999996,0.0406255,0.04144585,0.09866118999999979,0.149606,96825.85482705935,96.82585482705935,38.753499999999995,9.688374999999999,12103.231853382418,21776,21504,43352,sub-physical,0.0625,0.03125,Intel(R) Xeon(R) 6760P,AVX512,"avx2,avx512f,avx512bw,avx512vl,avx512_vnni,avx512_bf16,amx_bf16,amx_int8,amx_tile,fma",True,True,,256,128,sh14l07002s1404,3.11.9,2.1.2+cu121
20260424_010536,2026-04-24T06:14:10.545834,cpu,full_mlp_capacity_search_hd128_depth3,/home/liangyi/SRS_AI/Model_AIIC_refactor/experiments_refactored/20260422_050408_full_mlp_capacity_search_v2/full_mlp_capacity_search_hd128_depth3,full_mlp_capacity_search_v2,full_mlp_capacity_search_hd128_depth3,supervised_nmse_plateau,full_mlp,12,6,eager,fp32,float32,4,128,ok,,0.0,20,50,0.04158466,0.01637480610524595,0.037558,0.0389115,0.0404546,0.04117415,0.1038303499999998,0.155567,96189.31596410791,96.1893159641079,38.911500000000004,9.727875000000001,751.479030969593,21776,21504,43352,all-physical,1.0,0.5,Intel(R) Xeon(R) 6760P,AVX512,"avx2,avx512f,avx512bw,avx512vl,avx512_vnni,avx512_bf16,amx_bf16,amx_int8,amx_tile,fma",True,True,,256,128,sh14l07002s1404,3.11.9,2.1.2+cu121
20260424_010536,2026-04-24T06:14:10.545834,cpu,full_mlp_capacity_search_hd128_depth3,/home/liangyi/SRS_AI/Model_AIIC_refactor/experiments_refactored/20260422_050408_full_mlp_capacity_search_v2/full_mlp_capacity_search_hd128_depth3,full_mlp_capacity_search_v2,full_mlp_capacity_search_hd128_depth3,supervised_nmse_plateau,full_mlp,12,6,eager,fp32,float32,8,1,ok,,0.0,20,50,0.04312836,0.015075951974930139,0.039674,0.0404895,0.0426873,0.04517909999999999,0.0992750199999998,0.14808,185492.79406868244,185.49279406868246,40.4895,5.0611875,185492.79406868244,21776,21504,43352,single-thread,0.0078125,0.00390625,Intel(R) Xeon(R) 6760P,AVX512,"avx2,avx512f,avx512bw,avx512vl,avx512_vnni,avx512_bf16,amx_bf16,amx_int8,amx_tile,fma",True,True,,256,128,sh14l07002s1404,3.11.9,2.1.2+cu121
20260424_010536,2026-04-24T06:14:10.545834,cpu,full_mlp_capacity_search_hd128_depth3,/home/liangyi/SRS_AI/Model_AIIC_refactor/experiments_refactored/20260422_050408_full_mlp_capacity_search_v2/full_mlp_capacity_search_hd128_depth3,full_mlp_capacity_search_v2,full_mlp_capacity_search_hd128_depth3,supervised_nmse_plateau,full_mlp,12,6,eager,fp32,float32,8,2,ok,,0.0,20,50,0.04319102,0.006646628075919398,0.040248,0.041557,0.0445339,0.0453893,0.06913489999999993,0.087995,185223.68770174915,185.22368770174916,41.556999999999995,5.194624999999999,92611.84385087457,21776,21504,43352,sub-physical,0.015625,0.0078125,Intel(R) Xeon(R) 6760P,AVX512,"avx2,avx512f,avx512bw,avx512vl,avx512_vnni,avx512_bf16,amx_bf16,amx_int8,amx_tile,fma",True,True,,256,128,sh14l07002s1404,3.11.9,2.1.2+cu121
20260424_010536,2026-04-24T06:14:10.545834,cpu,full_mlp_capacity_search_hd128_depth3,/home/liangyi/SRS_AI/Model_AIIC_refactor/experiments_refactored/20260422_050408_full_mlp_capacity_search_v2/full_mlp_capacity_search_hd128_depth3,full_mlp_capacity_search_v2,full_mlp_capacity_search_hd128_depth3,supervised_nmse_plateau,full_mlp,12,6,eager,fp32,float32,8,4,ok,,0.0,20,50,0.0644289,0.016269648587784555,0.057206,0.061897999999999995,0.0685673,0.07164464999999999,0.1257145199999998,0.175671,124167.8811837545,124.1678811837545,61.897999999999996,7.7372499999999995,31041.970295938627,21776,21504,43352,sub-physical,0.03125,0.015625,Intel(R) Xeon(R) 6760P,AVX512,"avx2,avx512f,avx512bw,avx512vl,avx512_vnni,avx512_bf16,amx_bf16,amx_int8,amx_tile,fma",True,True,,256,128,sh14l07002s1404,3.11.9,2.1.2+cu121
20260424_010536,2026-04-24T06:14:10.545834,cpu,full_mlp_capacity_search_hd128_depth3,/home/liangyi/SRS_AI/Model_AIIC_refactor/experiments_refactored/20260422_050408_full_mlp_capacity_search_v2/full_mlp_capacity_search_hd128_depth3,full_mlp_capacity_search_v2,full_mlp_capacity_search_hd128_depth3,supervised_nmse_plateau,full_mlp,12,6,eager,fp32,float32,8,8,ok,,0.0,20,50,0.04252632,0.011676188534688877,0.038997,0.040095,0.0440331,0.048345149999999976,0.08763291999999986,0.122321,188118.79325556502,188.118793255565,40.095,5.011875,23514.849156945627,21776,21504,43352,sub-physical,0.0625,0.03125,Intel(R) Xeon(R) 6760P,AVX512,"avx2,avx512f,avx512bw,avx512vl,avx512_vnni,avx512_bf16,amx_bf16,amx_int8,amx_tile,fma",True,True,,256,128,sh14l07002s1404,3.11.9,2.1.2+cu121
20260424_010536,2026-04-24T06:14:10.545834,cpu,full_mlp_capacity_search_hd128_depth3,/home/liangyi/SRS_AI/Model_AIIC_refactor/experiments_refactored/20260422_050408_full_mlp_capacity_search_v2/full_mlp_capacity_search_hd128_depth3,full_mlp_capacity_search_v2,full_mlp_capacity_search_hd128_depth3,supervised_nmse_plateau,full_mlp,12,6,eager,fp32,float32,8,128,ok,,0.0,20,50,0.04139184,0.004465359064442635,0.039387,0.040397,0.0419623,0.04310135,0.06146655999999997,0.069579,193274.80972094982,193.27480972094983,40.397000000000006,5.049625000000001,1509.9594509449205,21776,21504,43352,all-physical,1.0,0.5,Intel(R) Xeon(R) 6760P,AVX512,"avx2,avx512f,avx512bw,avx512vl,avx512_vnni,avx512_bf16,amx_bf16,amx_int8,amx_tile,fma",True,True,,256,128,sh14l07002s1404,3.11.9,2.1.2+cu121
20260424_010536,2026-04-24T06:14:10.545834,cpu,full_mlp_capacity_search_hd128_depth3,/home/liangyi/SRS_AI/Model_AIIC_refactor/experiments_refactored/20260422_050408_full_mlp_capacity_search_v2/full_mlp_capacity_search_hd128_depth3,full_mlp_capacity_search_v2,full_mlp_capacity_search_hd128_depth3,supervised_nmse_plateau,full_mlp,12,6,eager,fp32,float32,16,1,ok,,0.0,20,50,0.04366948,0.0015317800526185217,0.042546,0.0432725,0.0445846,0.0448805,0.050594959999999994,0.051769,366388.60824539245,366.38860824539245,43.2725,2.70453125,366388.60824539245,21776,21504,43352,single-thread,0.0078125,0.00390625,Intel(R) Xeon(R) 6760P,AVX512,"avx2,avx512f,avx512bw,avx512vl,avx512_vnni,avx512_bf16,amx_bf16,amx_int8,amx_tile,fma",True,True,,256,128,sh14l07002s1404,3.11.9,2.1.2+cu121
20260424_010536,2026-04-24T06:14:10.545834,cpu,full_mlp_capacity_search_hd128_depth3,/home/liangyi/SRS_AI/Model_AIIC_refactor/experiments_refactored/20260422_050408_full_mlp_capacity_search_v2/full_mlp_capacity_search_hd128_depth3,full_mlp_capacity_search_v2,full_mlp_capacity_search_hd128_depth3,supervised_nmse_plateau,full_mlp,12,6,eager,fp32,float32,16,2,ok,,0.0,20,50,0.0512286,0.0019998594750631855,0.049341,0.0506515,0.0529648,0.055668249999999996,0.05863212999999999,0.059937,312325.5369071183,312.3255369071183,50.6515,3.16571875,156162.76845355914,21776,21504,43352,sub-physical,0.015625,0.0078125,Intel(R) Xeon(R) 6760P,AVX512,"avx2,avx512f,avx512bw,avx512vl,avx512_vnni,avx512_bf16,amx_bf16,amx_int8,amx_tile,fma",True,True,,256,128,sh14l07002s1404,3.11.9,2.1.2+cu121
20260424_010536,2026-04-24T06:14:10.545834,cpu,full_mlp_capacity_search_hd128_depth3,/home/liangyi/SRS_AI/Model_AIIC_refactor/experiments_refactored/20260422_050408_full_mlp_capacity_search_v2/full_mlp_capacity_search_hd128_depth3,full_mlp_capacity_search_v2,full_mlp_capacity_search_hd128_depth3,supervised_nmse_plateau,full_mlp,12,6,eager,fp32,float32,16,4,ok,,0.0,20,50,0.05750032,0.0072369348357989235,0.054238,0.056018,0.0590533,0.06265799999999999,0.08591015999999992,0.105959,278259.3209916049,278.25932099160485,56.018,3.501125,69564.83024790122,21776,21504,43352,sub-physical,0.03125,0.015625,Intel(R) Xeon(R) 6760P,AVX512,"avx2,avx512f,avx512bw,avx512vl,avx512_vnni,avx512_bf16,amx_bf16,amx_int8,amx_tile,fma",True,True,,256,128,sh14l07002s1404,3.11.9,2.1.2+cu121
20260424_010536,2026-04-24T06:14:10.545834,cpu,full_mlp_capacity_search_hd128_depth3,/home/liangyi/SRS_AI/Model_AIIC_refactor/experiments_refactored/20260422_050408_full_mlp_capacity_search_v2/full_mlp_capacity_search_hd128_depth3,full_mlp_capacity_search_v2,full_mlp_capacity_search_hd128_depth3,supervised_nmse_plateau,full_mlp,12,6,eager,fp32,float32,16,8,ok,,0.0,20,50,0.06465344,0.003473308999556475,0.056902,0.064196,0.0657916,0.07157139999999998,0.07700949,0.078087,247473.29763118556,247.47329763118557,64.196,4.01225,30934.162203898195,21776,21504,43352,sub-physical,0.0625,0.03125,Intel(R) Xeon(R) 6760P,AVX512,"avx2,avx512f,avx512bw,avx512vl,avx512_vnni,avx512_bf16,amx_bf16,amx_int8,amx_tile,fma",True,True,,256,128,sh14l07002s1404,3.11.9,2.1.2+cu121
20260424_010536,2026-04-24T06:14:10.545834,cpu,full_mlp_capacity_search_hd128_depth3,/home/liangyi/SRS_AI/Model_AIIC_refactor/experiments_refactored/20260422_050408_full_mlp_capacity_search_v2/full_mlp_capacity_search_hd128_depth3,full_mlp_capacity_search_v2,full_mlp_capacity_search_hd128_depth3,supervised_nmse_plateau,full_mlp,12,6,eager,fp32,float32,16,128,ok,,0.0,20,50,0.12885786,0.018202606042003987,0.113264,0.12479599999999999,0.13601880000000002,0.15948834999999995,0.20239050999999988,0.229635,124167.82336754623,124.16782336754622,124.79599999999999,7.7997499999999995,970.0611200589549,21776,21504,43352,all-physical,1.0,0.5,Intel(R) Xeon(R) 6760P,AVX512,"avx2,avx512f,avx512bw,avx512vl,avx512_vnni,avx512_bf16,amx_bf16,amx_int8,amx_tile,fma",True,True,,256,128,sh14l07002s1404,3.11.9,2.1.2+cu121
20260424_010536,2026-04-24T06:14:10.545834,cpu,full_mlp_capacity_search_hd128_depth3,/home/liangyi/SRS_AI/Model_AIIC_refactor/experiments_refactored/20260422_050408_full_mlp_capacity_search_v2/full_mlp_capacity_search_hd128_depth3,full_mlp_capacity_search_v2,full_mlp_capacity_search_hd128_depth3,supervised_nmse_plateau,full_mlp,12,6,eager,fp32,float32,32,1,ok,,0.0,20,50,0.0488518,0.002237441565717416,0.047514,0.0481705,0.050012600000000004,0.05407235,0.05752054999999999,0.060169,655042.3935249059,655.042393524906,48.1705,1.505328125,655042.3935249059,21776,21504,43352,single-thread,0.0078125,0.00390625,Intel(R) Xeon(R) 6760P,AVX512,"avx2,avx512f,avx512bw,avx512vl,avx512_vnni,avx512_bf16,amx_bf16,amx_int8,amx_tile,fma",True,True,,256,128,sh14l07002s1404,3.11.9,2.1.2+cu121
20260424_010536,2026-04-24T06:14:10.545834,cpu,full_mlp_capacity_search_hd128_depth3,/home/liangyi/SRS_AI/Model_AIIC_refactor/experiments_refactored/20260422_050408_full_mlp_capacity_search_v2/full_mlp_capacity_search_hd128_depth3,full_mlp_capacity_search_v2,full_mlp_capacity_search_hd128_depth3,supervised_nmse_plateau,full_mlp,12,6,eager,fp32,float32,32,2,ok,,0.0,20,50,0.06135402,0.0029727034866599117,0.057736,0.0604665,0.06372570000000001,0.06813539999999998,0.07225423999999998,0.075304,521563.21623261203,521.563216232612,60.466499999999996,1.8895781249999999,260781.60811630602,21776,21504,43352,sub-physical,0.015625,0.0078125,Intel(R) Xeon(R) 6760P,AVX512,"avx2,avx512f,avx512bw,avx512vl,avx512_vnni,avx512_bf16,amx_bf16,amx_int8,amx_tile,fma",True,True,,256,128,sh14l07002s1404,3.11.9,2.1.2+cu121
20260424_010536,2026-04-24T06:14:10.545834,cpu,full_mlp_capacity_search_hd128_depth3,/home/liangyi/SRS_AI/Model_AIIC_refactor/experiments_refactored/20260422_050408_full_mlp_capacity_search_v2/full_mlp_capacity_search_hd128_depth3,full_mlp_capacity_search_v2,full_mlp_capacity_search_hd128_depth3,supervised_nmse_plateau,full_mlp,12,6,eager,fp32,float32,32,4,ok,,0.0,20,50,0.0654802,0.0016309719433515706,0.061279,0.06548799999999999,0.0669549,0.06805155,0.07060899,0.071907,488697.3466788434,488.69734667884336,65.48799999999999,2.0464999999999995,122174.33666971084,21776,21504,43352,sub-physical,0.03125,0.015625,Intel(R) Xeon(R) 6760P,AVX512,"avx2,avx512f,avx512bw,avx512vl,avx512_vnni,avx512_bf16,amx_bf16,amx_int8,amx_tile,fma",True,True,,256,128,sh14l07002s1404,3.11.9,2.1.2+cu121
20260424_010536,2026-04-24T06:14:10.545834,cpu,full_mlp_capacity_search_hd128_depth3,/home/liangyi/SRS_AI/Model_AIIC_refactor/experiments_refactored/20260422_050408_full_mlp_capacity_search_v2/full_mlp_capacity_search_hd128_depth3,full_mlp_capacity_search_v2,full_mlp_capacity_search_hd128_depth3,supervised_nmse_plateau,full_mlp,12,6,eager,fp32,float32,32,8,ok,,0.0,20,50,0.07775438,0.0024331117926638724,0.069388,0.0776655,0.0795728,0.08135479999999999,0.08463706,0.085375,411552.37814255606,411.55237814255605,77.6655,2.427046875,51444.04726781951,21776,21504,43352,sub-physical,0.0625,0.03125,Intel(R) Xeon(R) 6760P,AVX512,"avx2,avx512f,avx512bw,avx512vl,avx512_vnni,avx512_bf16,amx_bf16,amx_int8,amx_tile,fma",True,True,,256,128,sh14l07002s1404,3.11.9,2.1.2+cu121
20260424_010536,2026-04-24T06:14:10.545834,cpu,full_mlp_capacity_search_hd128_depth3,/home/liangyi/SRS_AI/Model_AIIC_refactor/experiments_refactored/20260422_050408_full_mlp_capacity_search_v2/full_mlp_capacity_search_hd128_depth3,full_mlp_capacity_search_v2,full_mlp_capacity_search_hd128_depth3,supervised_nmse_plateau,full_mlp,12,6,eager,fp32,float32,32,128,ok,,0.0,20,50,0.13803456,0.016912763086095663,0.121258,0.1326135,0.1558733,0.1772472,0.19714999999999996,0.205431,231826.00067693193,231.82600067693193,132.6135,4.144171875,1811.1406302885307,21776,21504,43352,all-physical,1.0,0.5,Intel(R) Xeon(R) 6760P,AVX512,"avx2,avx512f,avx512bw,avx512vl,avx512_vnni,avx512_bf16,amx_bf16,amx_int8,amx_tile,fma",True,True,,256,128,sh14l07002s1404,3.11.9,2.1.2+cu121
20260424_010536,2026-04-24T06:14:10.545834,cpu,full_mlp_capacity_search_hd128_depth3,/home/liangyi/SRS_AI/Model_AIIC_refactor/experiments_refactored/20260422_050408_full_mlp_capacity_search_v2/full_mlp_capacity_search_hd128_depth3,full_mlp_capacity_search_v2,full_mlp_capacity_search_hd128_depth3,supervised_nmse_plateau,full_mlp,12,6,eager,fp32,float32,64,1,ok,,0.0,20,50,0.0590141,0.002706700953190063,0.057222,0.058267,0.059813399999999996,0.06387534999999998,0.07031586,0.072906,1084486.5887982703,1084.4865887982703,58.266999999999996,0.9104218749999999,1084486.5887982703,21776,21504,43352,single-thread,0.0078125,0.00390625,Intel(R) Xeon(R) 6760P,AVX512,"avx2,avx512f,avx512bw,avx512vl,avx512_vnni,avx512_bf16,amx_bf16,amx_int8,amx_tile,fma",True,True,,256,128,sh14l07002s1404,3.11.9,2.1.2+cu121
20260424_010536,2026-04-24T06:14:10.545834,cpu,full_mlp_capacity_search_hd128_depth3,/home/liangyi/SRS_AI/Model_AIIC_refactor/experiments_refactored/20260422_050408_full_mlp_capacity_search_v2/full_mlp_capacity_search_hd128_depth3,full_mlp_capacity_search_v2,full_mlp_capacity_search_hd128_depth3,supervised_nmse_plateau,full_mlp,12,6,eager,fp32,float32,64,2,ok,,0.0,20,50,0.0913362,0.0030596709561650577,0.079749,0.091026,0.0946741,0.09631945,0.09880343,0.099192,700707.9339845537,700.7079339845536,91.026,1.42228125,350353.96699227684,21776,21504,43352,sub-physical,0.015625,0.0078125,Intel(R) Xeon(R) 6760P,AVX512,"avx2,avx512f,avx512bw,avx512vl,avx512_vnni,avx512_bf16,amx_bf16,amx_int8,amx_tile,fma",True,True,,256,128,sh14l07002s1404,3.11.9,2.1.2+cu121
20260424_010536,2026-04-24T06:14:10.545834,cpu,full_mlp_capacity_search_hd128_depth3,/home/liangyi/SRS_AI/Model_AIIC_refactor/experiments_refactored/20260422_050408_full_mlp_capacity_search_v2/full_mlp_capacity_search_hd128_depth3,full_mlp_capacity_search_v2,full_mlp_capacity_search_hd128_depth3,supervised_nmse_plateau,full_mlp,12,6,eager,fp32,float32,64,4,ok,,0.0,20,50,0.09661118,0.009587569743558583,0.089109,0.094588,0.10094399999999999,0.1025466,0.1340669399999999,0.158858,662449.2113645646,662.4492113645646,94.58800000000001,1.4779375000000001,165612.30284114115,21776,21504,43352,sub-physical,0.03125,0.015625,Intel(R) Xeon(R) 6760P,AVX512,"avx2,avx512f,avx512bw,avx512vl,avx512_vnni,avx512_bf16,amx_bf16,amx_int8,amx_tile,fma",True,True,,256,128,sh14l07002s1404,3.11.9,2.1.2+cu121
20260424_010536,2026-04-24T06:14:10.545834,cpu,full_mlp_capacity_search_hd128_depth3,/home/liangyi/SRS_AI/Model_AIIC_refactor/experiments_refactored/20260422_050408_full_mlp_capacity_search_v2/full_mlp_capacity_search_hd128_depth3,full_mlp_capacity_search_v2,full_mlp_capacity_search_hd128_depth3,supervised_nmse_plateau,full_mlp,12,6,eager,fp32,float32,64,8,ok,,0.0,20,50,0.10741888,0.016104122372411357,0.092303,0.1056125,0.11071610000000001,0.1183132,0.16880344999999983,0.213489,595798.42947534,595.79842947534,105.6125,1.6501953125,74474.8036844175,21776,21504,43352,sub-physical,0.0625,0.03125,Intel(R) Xeon(R) 6760P,AVX512,"avx2,avx512f,avx512bw,avx512vl,avx512_vnni,avx512_bf16,amx_bf16,amx_int8,amx_tile,fma",True,True,,256,128,sh14l07002s1404,3.11.9,2.1.2+cu121
20260424_010536,2026-04-24T06:14:10.545834,cpu,full_mlp_capacity_search_hd128_depth3,/home/liangyi/SRS_AI/Model_AIIC_refactor/experiments_refactored/20260422_050408_full_mlp_capacity_search_v2/full_mlp_capacity_search_hd128_depth3,full_mlp_capacity_search_v2,full_mlp_capacity_search_hd128_depth3,supervised_nmse_plateau,full_mlp,12,6,eager,fp32,float32,64,128,ok,,0.0,20,50,0.1529695,0.017270495029674166,0.129874,0.1483165,0.1669753,0.17868489999999998,0.2191232899999999,0.248954,418384.0569525297,418.3840569525297,148.3165,2.3174453125,3268.6254449416383,21776,21504,43352,all-physical,1.0,0.5,Intel(R) Xeon(R) 6760P,AVX512,"avx2,avx512f,avx512bw,avx512vl,avx512_vnni,avx512_bf16,amx_bf16,amx_int8,amx_tile,fma",True,True,,256,128,sh14l07002s1404,3.11.9,2.1.2+cu121
20260424_010536,2026-04-24T06:14:10.545834,cpu,full_mlp_capacity_search_hd128_depth3,/home/liangyi/SRS_AI/Model_AIIC_refactor/experiments_refactored/20260422_050408_full_mlp_capacity_search_v2/full_mlp_capacity_search_hd128_depth3,full_mlp_capacity_search_v2,full_mlp_capacity_search_hd128_depth3,supervised_nmse_plateau,full_mlp,12,6,eager,fp32,float32,128,1,ok,,0.0,20,50,0.07890948,0.0032675325567773617,0.076184,0.0778855,0.0836098,0.0842323,0.09004713999999998,0.094072,1622111.8172366614,1622.1118172366614,77.8855,0.60848046875,1622111.8172366614,21776,21504,43352,single-thread,0.0078125,0.00390625,Intel(R) Xeon(R) 6760P,AVX512,"avx2,avx512f,avx512bw,avx512vl,avx512_vnni,avx512_bf16,amx_bf16,amx_int8,amx_tile,fma",True,True,,256,128,sh14l07002s1404,3.11.9,2.1.2+cu121
20260424_010536,2026-04-24T06:14:10.545834,cpu,full_mlp_capacity_search_hd128_depth3,/home/liangyi/SRS_AI/Model_AIIC_refactor/experiments_refactored/20260422_050408_full_mlp_capacity_search_v2/full_mlp_capacity_search_hd128_depth3,full_mlp_capacity_search_v2,full_mlp_capacity_search_hd128_depth3,supervised_nmse_plateau,full_mlp,12,6,eager,fp32,float32,128,2,ok,,0.0,20,50,0.11742528,0.013878756904045837,0.102505,0.119871,0.12945600000000002,0.1317765,0.15109518999999993,0.167103,1090054.8842634226,1090.0548842634225,119.87100000000001,0.9364921875000001,545027.4421317113,21776,21504,43352,sub-physical,0.015625,0.0078125,Intel(R) Xeon(R) 6760P,AVX512,"avx2,avx512f,avx512bw,avx512vl,avx512_vnni,avx512_bf16,amx_bf16,amx_int8,amx_tile,fma",True,True,,256,128,sh14l07002s1404,3.11.9,2.1.2+cu121
20260424_010536,2026-04-24T06:14:10.545834,cpu,full_mlp_capacity_search_hd128_depth3,/home/liangyi/SRS_AI/Model_AIIC_refactor/experiments_refactored/20260422_050408_full_mlp_capacity_search_v2/full_mlp_capacity_search_hd128_depth3,full_mlp_capacity_search_v2,full_mlp_capacity_search_hd128_depth3,supervised_nmse_plateau,full_mlp,12,6,eager,fp32,float32,128,4,ok,,0.0,20,50,0.13758674,0.015358677151122097,0.110053,0.135841,0.1540705,0.15775775,0.16343475999999998,0.167098,930322.2098292321,930.3222098292321,135.84099999999998,1.0612578124999998,232580.55245730802,21776,21504,43352,sub-physical,0.03125,0.015625,Intel(R) Xeon(R) 6760P,AVX512,"avx2,avx512f,avx512bw,avx512vl,avx512_vnni,avx512_bf16,amx_bf16,amx_int8,amx_tile,fma",True,True,,256,128,sh14l07002s1404,3.11.9,2.1.2+cu121
20260424_010536,2026-04-24T06:14:10.545834,cpu,full_mlp_capacity_search_hd128_depth3,/home/liangyi/SRS_AI/Model_AIIC_refactor/experiments_refactored/20260422_050408_full_mlp_capacity_search_v2/full_mlp_capacity_search_hd128_depth3,full_mlp_capacity_search_v2,full_mlp_capacity_search_hd128_depth3,supervised_nmse_plateau,full_mlp,12,6,eager,fp32,float32,128,8,ok,,0.0,20,50,0.16871906,0.006202745312875583,0.15205,0.168765,0.17549330000000002,0.17764035,0.17974945,0.180874,758657.6169876716,758.6576169876715,168.765,1.3184765625,94832.20212345895,21776,21504,43352,sub-physical,0.0625,0.03125,Intel(R) Xeon(R) 6760P,AVX512,"avx2,avx512f,avx512bw,avx512vl,avx512_vnni,avx512_bf16,amx_bf16,amx_int8,amx_tile,fma",True,True,,256,128,sh14l07002s1404,3.11.9,2.1.2+cu121
20260424_010536,2026-04-24T06:14:10.545834,cpu,full_mlp_capacity_search_hd128_depth3,/home/liangyi/SRS_AI/Model_AIIC_refactor/experiments_refactored/20260422_050408_full_mlp_capacity_search_v2/full_mlp_capacity_search_hd128_depth3,full_mlp_capacity_search_v2,full_mlp_capacity_search_hd128_depth3,supervised_nmse_plateau,full_mlp,12,6,eager,fp32,float32,128,128,ok,,0.0,20,50,0.33719764,0.01066176820374557,0.312996,0.335646,0.35239929999999997,0.35709105,0.35942599,0.36092,379599.335274114,379.59933527411397,335.646,2.622234375,2965.6198068290155,21776,21504,43352,all-physical,1.0,0.5,Intel(R) Xeon(R) 6760P,AVX512,"avx2,avx512f,avx512bw,avx512vl,avx512_vnni,avx512_bf16,amx_bf16,amx_int8,amx_tile,fma",True,True,,256,128,sh14l07002s1404,3.11.9,2.1.2+cu121
20260424_010536,2026-04-24T06:14:10.545834,cpu,full_mlp_capacity_search_hd128_depth3,/home/liangyi/SRS_AI/Model_AIIC_refactor/experiments_refactored/20260422_050408_full_mlp_capacity_search_v2/full_mlp_capacity_search_hd128_depth3,full_mlp_capacity_search_v2,full_mlp_capacity_search_hd128_depth3,supervised_nmse_plateau,full_mlp,12,6,eager,bf16,bfloat16,1,1,ok,,0.0,20,50,0.04933066,0.002257030248889013,0.046653,0.049463999999999994,0.050954200000000005,0.0525524,0.05706188999999999,0.058845,20271.368759307094,20.271368759307094,49.46399999999999,49.46399999999999,20271.368759307094,21776,21504,43352,single-thread,0.0078125,0.00390625,Intel(R) Xeon(R) 6760P,AVX512,"avx2,avx512f,avx512bw,avx512vl,avx512_vnni,avx512_bf16,amx_bf16,amx_int8,amx_tile,fma",True,True,,256,128,sh14l07002s1404,3.11.9,2.1.2+cu121
20260424_010536,2026-04-24T06:14:10.545834,cpu,full_mlp_capacity_search_hd128_depth3,/home/liangyi/SRS_AI/Model_AIIC_refactor/experiments_refactored/20260422_050408_full_mlp_capacity_search_v2/full_mlp_capacity_search_hd128_depth3,full_mlp_capacity_search_v2,full_mlp_capacity_search_hd128_depth3,supervised_nmse_plateau,full_mlp,12,6,eager,bf16,bfloat16,1,2,ok,,0.0,20,50,0.05468034,0.01817168451036942,0.049868,0.051465,0.0539131,0.056393549999999994,0.12773158999999978,0.179725,18288.108669404763,18.288108669404764,51.464999999999996,51.464999999999996,9144.054334702381,21776,21504,43352,sub-physical,0.015625,0.0078125,Intel(R) Xeon(R) 6760P,AVX512,"avx2,avx512f,avx512bw,avx512vl,avx512_vnni,avx512_bf16,amx_bf16,amx_int8,amx_tile,fma",True,True,,256,128,sh14l07002s1404,3.11.9,2.1.2+cu121
20260424_010536,2026-04-24T06:14:10.545834,cpu,full_mlp_capacity_search_hd128_depth3,/home/liangyi/SRS_AI/Model_AIIC_refactor/experiments_refactored/20260422_050408_full_mlp_capacity_search_v2/full_mlp_capacity_search_hd128_depth3,full_mlp_capacity_search_v2,full_mlp_capacity_search_hd128_depth3,supervised_nmse_plateau,full_mlp,12,6,eager,bf16,bfloat16,1,4,ok,,0.0,20,50,0.05594982,0.009299226001533677,0.050914,0.053864999999999996,0.0563476,0.06016639999999999,0.09916333999999995,0.111822,17873.158483798517,17.873158483798516,53.864999999999995,53.864999999999995,4468.289620949629,21776,21504,43352,sub-physical,0.03125,0.015625,Intel(R) Xeon(R) 6760P,AVX512,"avx2,avx512f,avx512bw,avx512vl,avx512_vnni,avx512_bf16,amx_bf16,amx_int8,amx_tile,fma",True,True,,256,128,sh14l07002s1404,3.11.9,2.1.2+cu121
20260424_010536,2026-04-24T06:14:10.545834,cpu,full_mlp_capacity_search_hd128_depth3,/home/liangyi/SRS_AI/Model_AIIC_refactor/experiments_refactored/20260422_050408_full_mlp_capacity_search_v2/full_mlp_capacity_search_hd128_depth3,full_mlp_capacity_search_v2,full_mlp_capacity_search_hd128_depth3,supervised_nmse_plateau,full_mlp,12,6,eager,bf16,bfloat16,1,8,ok,,0.0,20,50,0.06125194,0.002441699960355489,0.058164,0.060561000000000004,0.0644009,0.06630305,0.06933935,0.069822,16326.013510755742,16.326013510755743,60.56100000000001,60.56100000000001,2040.7516888444677,21776,21504,43352,sub-physical,0.0625,0.03125,Intel(R) Xeon(R) 6760P,AVX512,"avx2,avx512f,avx512bw,avx512vl,avx512_vnni,avx512_bf16,amx_bf16,amx_int8,amx_tile,fma",True,True,,256,128,sh14l07002s1404,3.11.9,2.1.2+cu121
20260424_010536,2026-04-24T06:14:10.545834,cpu,full_mlp_capacity_search_hd128_depth3,/home/liangyi/SRS_AI/Model_AIIC_refactor/experiments_refactored/20260422_050408_full_mlp_capacity_search_v2/full_mlp_capacity_search_hd128_depth3,full_mlp_capacity_search_v2,full_mlp_capacity_search_hd128_depth3,supervised_nmse_plateau,full_mlp,12,6,eager,bf16,bfloat16,1,128,ok,,0.0,20,50,0.13277276,0.01272359139796622,0.118433,0.129633,0.1457773,0.15564154999999996,0.18081516999999997,0.189815,7531.665380760331,7.531665380760331,129.633,129.633,58.84113578719008,21776,21504,43352,all-physical,1.0,0.5,Intel(R) Xeon(R) 6760P,AVX512,"avx2,avx512f,avx512bw,avx512vl,avx512_vnni,avx512_bf16,amx_bf16,amx_int8,amx_tile,fma",True,True,,256,128,sh14l07002s1404,3.11.9,2.1.2+cu121
20260424_010536,2026-04-24T06:14:10.545834,cpu,full_mlp_capacity_search_hd128_depth3,/home/liangyi/SRS_AI/Model_AIIC_refactor/experiments_refactored/20260422_050408_full_mlp_capacity_search_v2/full_mlp_capacity_search_hd128_depth3,full_mlp_capacity_search_v2,full_mlp_capacity_search_hd128_depth3,supervised_nmse_plateau,full_mlp,12,6,eager,bf16,bfloat16,2,1,ok,,0.0,20,50,0.06306188,0.002958823601636299,0.059924,0.061785999999999994,0.0668778,0.0700644,0.07055441999999999,0.070673,31714.88068544737,31.71488068544737,61.785999999999994,30.892999999999997,31714.88068544737,21776,21504,43352,single-thread,0.0078125,0.00390625,Intel(R) Xeon(R) 6760P,AVX512,"avx2,avx512f,avx512bw,avx512vl,avx512_vnni,avx512_bf16,amx_bf16,amx_int8,amx_tile,fma",True,True,,256,128,sh14l07002s1404,3.11.9,2.1.2+cu121
20260424_010536,2026-04-24T06:14:10.545834,cpu,full_mlp_capacity_search_hd128_depth3,/home/liangyi/SRS_AI/Model_AIIC_refactor/experiments_refactored/20260422_050408_full_mlp_capacity_search_v2/full_mlp_capacity_search_hd128_depth3,full_mlp_capacity_search_v2,full_mlp_capacity_search_hd128_depth3,supervised_nmse_plateau,full_mlp,12,6,eager,bf16,bfloat16,2,2,ok,,0.0,20,50,0.0735041,0.005043062693443341,0.068832,0.072309,0.0755355,0.08203774999999999,0.09450471999999999,0.098411,27209.366552341977,27.209366552341976,72.309,36.1545,13604.683276170988,21776,21504,43352,sub-physical,0.015625,0.0078125,Intel(R) Xeon(R) 6760P,AVX512,"avx2,avx512f,avx512bw,avx512vl,avx512_vnni,avx512_bf16,amx_bf16,amx_int8,amx_tile,fma",True,True,,256,128,sh14l07002s1404,3.11.9,2.1.2+cu121
20260424_010536,2026-04-24T06:14:10.545834,cpu,full_mlp_capacity_search_hd128_depth3,/home/liangyi/SRS_AI/Model_AIIC_refactor/experiments_refactored/20260422_050408_full_mlp_capacity_search_v2/full_mlp_capacity_search_hd128_depth3,full_mlp_capacity_search_v2,full_mlp_capacity_search_hd128_depth3,supervised_nmse_plateau,full_mlp,12,6,eager,bf16,bfloat16,2,4,ok,,0.0,20,50,0.07661094,0.003267516815014117,0.072316,0.075832,0.08177870000000001,0.0828545,0.08495775,0.085068,26105.932129275534,26.105932129275534,75.832,37.916,6526.4830323188835,21776,21504,43352,sub-physical,0.03125,0.015625,Intel(R) Xeon(R) 6760P,AVX512,"avx2,avx512f,avx512bw,avx512vl,avx512_vnni,avx512_bf16,amx_bf16,amx_int8,amx_tile,fma",True,True,,256,128,sh14l07002s1404,3.11.9,2.1.2+cu121
20260424_010536,2026-04-24T06:14:10.545834,cpu,full_mlp_capacity_search_hd128_depth3,/home/liangyi/SRS_AI/Model_AIIC_refactor/experiments_refactored/20260422_050408_full_mlp_capacity_search_v2/full_mlp_capacity_search_hd128_depth3,full_mlp_capacity_search_v2,full_mlp_capacity_search_hd128_depth3,supervised_nmse_plateau,full_mlp,12,6,eager,bf16,bfloat16,2,8,ok,,0.0,20,50,0.09780368,0.004821735996256951,0.092617,0.0961225,0.1037088,0.10945459999999999,0.11254126,0.112946,20449.128294559057,20.449128294559056,96.1225,48.06125,2556.141036819882,21776,21504,43352,sub-physical,0.0625,0.03125,Intel(R) Xeon(R) 6760P,AVX512,"avx2,avx512f,avx512bw,avx512vl,avx512_vnni,avx512_bf16,amx_bf16,amx_int8,amx_tile,fma",True,True,,256,128,sh14l07002s1404,3.11.9,2.1.2+cu121
20260424_010536,2026-04-24T06:14:10.545834,cpu,full_mlp_capacity_search_hd128_depth3,/home/liangyi/SRS_AI/Model_AIIC_refactor/experiments_refactored/20260422_050408_full_mlp_capacity_search_v2/full_mlp_capacity_search_hd128_depth3,full_mlp_capacity_search_v2,full_mlp_capacity_search_hd128_depth3,supervised_nmse_plateau,full_mlp,12,6,eager,bf16,bfloat16,2,128,ok,,0.0,20,50,0.22850552,0.013672059043523766,0.205211,0.22626200000000002,0.2424792,0.25658254999999996,0.26830940999999997,0.273303,8752.523790234914,8.752523790234914,226.26200000000003,113.13100000000001,68.37909211121027,21776,21504,43352,all-physical,1.0,0.5,Intel(R) Xeon(R) 6760P,AVX512,"avx2,avx512f,avx512bw,avx512vl,avx512_vnni,avx512_bf16,amx_bf16,amx_int8,amx_tile,fma",True,True,,256,128,sh14l07002s1404,3.11.9,2.1.2+cu121
20260424_010536,2026-04-24T06:14:10.545834,cpu,full_mlp_capacity_search_hd128_depth3,/home/liangyi/SRS_AI/Model_AIIC_refactor/experiments_refactored/20260422_050408_full_mlp_capacity_search_v2/full_mlp_capacity_search_hd128_depth3,full_mlp_capacity_search_v2,full_mlp_capacity_search_hd128_depth3,supervised_nmse_plateau,full_mlp,12,6,eager,bf16,bfloat16,4,1,ok,,0.0,20,50,0.06674044,0.01645379162765835,0.061375,0.0631405,0.0693884,0.0705748,0.1289331999999998,0.180148,59933.67739259736,59.93367739259736,63.1405,15.785125,59933.67739259736,21776,21504,43352,single-thread,0.0078125,0.00390625,Intel(R) Xeon(R) 6760P,AVX512,"avx2,avx512f,avx512bw,avx512vl,avx512_vnni,avx512_bf16,amx_bf16,amx_int8,amx_tile,fma",True,True,,256,128,sh14l07002s1404,3.11.9,2.1.2+cu121
20260424_010536,2026-04-24T06:14:10.545834,cpu,full_mlp_capacity_search_hd128_depth3,/home/liangyi/SRS_AI/Model_AIIC_refactor/experiments_refactored/20260422_050408_full_mlp_capacity_search_v2/full_mlp_capacity_search_hd128_depth3,full_mlp_capacity_search_v2,full_mlp_capacity_search_hd128_depth3,supervised_nmse_plateau,full_mlp,12,6,eager,bf16,bfloat16,4,2,ok,,0.0,20,50,0.07770526,0.00270812844459047,0.073751,0.07690649999999999,0.0811605,0.08317085,0.08576698999999999,0.087653,51476.56670861149,51.47656670861149,76.9065,19.226625,25738.283354305746,21776,21504,43352,sub-physical,0.015625,0.0078125,Intel(R) Xeon(R) 6760P,AVX512,"avx2,avx512f,avx512bw,avx512vl,avx512_vnni,avx512_bf16,amx_bf16,amx_int8,amx_tile,fma",True,True,,256,128,sh14l07002s1404,3.11.9,2.1.2+cu121
20260424_010536,2026-04-24T06:14:10.545834,cpu,full_mlp_capacity_search_hd128_depth3,/home/liangyi/SRS_AI/Model_AIIC_refactor/experiments_refactored/20260422_050408_full_mlp_capacity_search_v2/full_mlp_capacity_search_hd128_depth3,full_mlp_capacity_search_v2,full_mlp_capacity_search_hd128_depth3,supervised_nmse_plateau,full_mlp,12,6,eager,bf16,bfloat16,4,4,ok,,0.0,20,50,0.08242372,0.004951033569023745,0.077545,0.0809755,0.08702209999999999,0.0912896,0.09942948999999998,0.105897,48529.71935748593,48.529719357485924,80.97550000000001,20.243875000000003,12132.429839371482,21776,21504,43352,sub-physical,0.03125,0.015625,Intel(R) Xeon(R) 6760P,AVX512,"avx2,avx512f,avx512bw,avx512vl,avx512_vnni,avx512_bf16,amx_bf16,amx_int8,amx_tile,fma",True,True,,256,128,sh14l07002s1404,3.11.9,2.1.2+cu121
20260424_010536,2026-04-24T06:14:10.545834,cpu,full_mlp_capacity_search_hd128_depth3,/home/liangyi/SRS_AI/Model_AIIC_refactor/experiments_refactored/20260422_050408_full_mlp_capacity_search_v2/full_mlp_capacity_search_hd128_depth3,full_mlp_capacity_search_v2,full_mlp_capacity_search_hd128_depth3,supervised_nmse_plateau,full_mlp,12,6,eager,bf16,bfloat16,4,8,ok,,0.0,20,50,0.09577688,0.019209143308997412,0.087583,0.091924,0.0996296,0.1050932,0.16774921999999975,0.227001,41763.732541715704,41.763732541715704,91.924,22.981,5220.466567714463,21776,21504,43352,sub-physical,0.0625,0.03125,Intel(R) Xeon(R) 6760P,AVX512,"avx2,avx512f,avx512bw,avx512vl,avx512_vnni,avx512_bf16,amx_bf16,amx_int8,amx_tile,fma",True,True,,256,128,sh14l07002s1404,3.11.9,2.1.2+cu121
20260424_010536,2026-04-24T06:14:10.545834,cpu,full_mlp_capacity_search_hd128_depth3,/home/liangyi/SRS_AI/Model_AIIC_refactor/experiments_refactored/20260422_050408_full_mlp_capacity_search_v2/full_mlp_capacity_search_hd128_depth3,full_mlp_capacity_search_v2,full_mlp_capacity_search_hd128_depth3,supervised_nmse_plateau,full_mlp,12,6,eager,bf16,bfloat16,4,128,ok,,0.0,20,50,0.24231144,0.020545608011601896,0.220063,0.23715950000000002,0.26110289999999997,0.26579795,0.31531299999999984,0.357306,16507.681189134117,16.507681189134118,237.15950000000004,59.28987500000001,128.9662592901103,21776,21504,43352,all-physical,1.0,0.5,Intel(R) Xeon(R) 6760P,AVX512,"avx2,avx512f,avx512bw,avx512vl,avx512_vnni,avx512_bf16,amx_bf16,amx_int8,amx_tile,fma",True,True,,256,128,sh14l07002s1404,3.11.9,2.1.2+cu121
20260424_010536,2026-04-24T06:14:10.545834,cpu,full_mlp_capacity_search_hd128_depth3,/home/liangyi/SRS_AI/Model_AIIC_refactor/experiments_refactored/20260422_050408_full_mlp_capacity_search_v2/full_mlp_capacity_search_hd128_depth3,full_mlp_capacity_search_v2,full_mlp_capacity_search_hd128_depth3,supervised_nmse_plateau,full_mlp,12,6,eager,bf16,bfloat16,8,1,ok,,0.0,20,50,0.06744194,0.007187129080265637,0.063217,0.064918,0.0703738,0.07208995,0.09615417999999992,0.112921,118620.54976473095,118.62054976473095,64.918,8.11475,118620.54976473095,21776,21504,43352,single-thread,0.0078125,0.00390625,Intel(R) Xeon(R) 6760P,AVX512,"avx2,avx512f,avx512bw,avx512vl,avx512_vnni,avx512_bf16,amx_bf16,amx_int8,amx_tile,fma",True,True,,256,128,sh14l07002s1404,3.11.9,2.1.2+cu121
20260424_010536,2026-04-24T06:14:10.545834,cpu,full_mlp_capacity_search_hd128_depth3,/home/liangyi/SRS_AI/Model_AIIC_refactor/experiments_refactored/20260422_050408_full_mlp_capacity_search_v2/full_mlp_capacity_search_hd128_depth3,full_mlp_capacity_search_v2,full_mlp_capacity_search_hd128_depth3,supervised_nmse_plateau,full_mlp,12,6,eager,bf16,bfloat16,8,2,ok,,0.0,20,50,0.10596416,0.004307413378629916,0.097612,0.10619,0.1114666,0.11303565,0.1149606,0.115823,75497.22472201922,75.49722472201923,106.19000000000001,13.273750000000001,37748.61236100961,21776,21504,43352,sub-physical,0.015625,0.0078125,Intel(R) Xeon(R) 6760P,AVX512,"avx2,avx512f,avx512bw,avx512vl,avx512_vnni,avx512_bf16,amx_bf16,amx_int8,amx_tile,fma",True,True,,256,128,sh14l07002s1404,3.11.9,2.1.2+cu121
20260424_010536,2026-04-24T06:14:10.545834,cpu,full_mlp_capacity_search_hd128_depth3,/home/liangyi/SRS_AI/Model_AIIC_refactor/experiments_refactored/20260422_050408_full_mlp_capacity_search_v2/full_mlp_capacity_search_hd128_depth3,full_mlp_capacity_search_v2,full_mlp_capacity_search_hd128_depth3,supervised_nmse_plateau,full_mlp,12,6,eager,bf16,bfloat16,8,4,ok,,0.0,20,50,0.08403274,0.004499864063769039,0.078133,0.0826315,0.0899403,0.0927567,0.09795082999999999,0.099829,95200.98951908507,95.20098951908507,82.6315,10.3289375,23800.247379771266,21776,21504,43352,sub-physical,0.03125,0.015625,Intel(R) Xeon(R) 6760P,AVX512,"avx2,avx512f,avx512bw,avx512vl,avx512_vnni,avx512_bf16,amx_bf16,amx_int8,amx_tile,fma",True,True,,256,128,sh14l07002s1404,3.11.9,2.1.2+cu121
20260424_010536,2026-04-24T06:14:10.545834,cpu,full_mlp_capacity_search_hd128_depth3,/home/liangyi/SRS_AI/Model_AIIC_refactor/experiments_refactored/20260422_050408_full_mlp_capacity_search_v2/full_mlp_capacity_search_hd128_depth3,full_mlp_capacity_search_v2,full_mlp_capacity_search_hd128_depth3,supervised_nmse_plateau,full_mlp,12,6,eager,bf16,bfloat16,8,8,ok,,0.0,20,50,0.08933272,0.002784701341544548,0.085482,0.0885105,0.0939729,0.09494375,0.09657348,0.096989,89552.85364645786,89.55285364645786,88.51050000000001,11.063812500000001,11194.106705807233,21776,21504,43352,sub-physical,0.0625,0.03125,Intel(R) Xeon(R) 6760P,AVX512,"avx2,avx512f,avx512bw,avx512vl,avx512_vnni,avx512_bf16,amx_bf16,amx_int8,amx_tile,fma",True,True,,256,128,sh14l07002s1404,3.11.9,2.1.2+cu121
20260424_010536,2026-04-24T06:14:10.545834,cpu,full_mlp_capacity_search_hd128_depth3,/home/liangyi/SRS_AI/Model_AIIC_refactor/experiments_refactored/20260422_050408_full_mlp_capacity_search_v2/full_mlp_capacity_search_hd128_depth3,full_mlp_capacity_search_v2,full_mlp_capacity_search_hd128_depth3,supervised_nmse_plateau,full_mlp,12,6,eager,bf16,bfloat16,8,128,ok,,0.0,20,50,0.23809202,0.021929799579102405,0.215922,0.23251,0.258305,0.2650859,0.31697371999999985,0.35812,33600.45414373821,33.600454143738204,232.51,29.06375,262.50354799795474,21776,21504,43352,all-physical,1.0,0.5,Intel(R) Xeon(R) 6760P,AVX512,"avx2,avx512f,avx512bw,avx512vl,avx512_vnni,avx512_bf16,amx_bf16,amx_int8,amx_tile,fma",True,True,,256,128,sh14l07002s1404,3.11.9,2.1.2+cu121
20260424_010536,2026-04-24T06:14:10.545834,cpu,full_mlp_capacity_search_hd128_depth3,/home/liangyi/SRS_AI/Model_AIIC_refactor/experiments_refactored/20260422_050408_full_mlp_capacity_search_v2/full_mlp_capacity_search_hd128_depth3,full_mlp_capacity_search_v2,full_mlp_capacity_search_hd128_depth3,supervised_nmse_plateau,full_mlp,12,6,eager,bf16,bfloat16,16,1,ok,,0.0,20,50,0.06755328,0.002986193671147269,0.064922,0.06624,0.0714451,0.07391249999999999,0.07744076999999999,0.077601,236850.08337122938,236.85008337122937,66.24,4.14,236850.08337122938,21776,21504,43352,single-thread,0.0078125,0.00390625,Intel(R) Xeon(R) 6760P,AVX512,"avx2,avx512f,avx512bw,avx512vl,avx512_vnni,avx512_bf16,amx_bf16,amx_int8,amx_tile,fma",True,True,,256,128,sh14l07002s1404,3.11.9,2.1.2+cu121
20260424_010536,2026-04-24T06:14:10.545834,cpu,full_mlp_capacity_search_hd128_depth3,/home/liangyi/SRS_AI/Model_AIIC_refactor/experiments_refactored/20260422_050408_full_mlp_capacity_search_v2/full_mlp_capacity_search_hd128_depth3,full_mlp_capacity_search_v2,full_mlp_capacity_search_hd128_depth3,supervised_nmse_plateau,full_mlp,12,6,eager,bf16,bfloat16,16,2,ok,,0.0,20,50,0.0813827,0.002522762931787289,0.077743,0.08128450000000001,0.08494410000000001,0.08649675,0.08793709,0.088113,196601.98051920126,196.60198051920125,81.28450000000001,5.0802812500000005,98300.99025960063,21776,21504,43352,sub-physical,0.015625,0.0078125,Intel(R) Xeon(R) 6760P,AVX512,"avx2,avx512f,avx512bw,avx512vl,avx512_vnni,avx512_bf16,amx_bf16,amx_int8,amx_tile,fma",True,True,,256,128,sh14l07002s1404,3.11.9,2.1.2+cu121
20260424_010536,2026-04-24T06:14:10.545834,cpu,full_mlp_capacity_search_hd128_depth3,/home/liangyi/SRS_AI/Model_AIIC_refactor/experiments_refactored/20260422_050408_full_mlp_capacity_search_v2/full_mlp_capacity_search_hd128_depth3,full_mlp_capacity_search_v2,full_mlp_capacity_search_hd128_depth3,supervised_nmse_plateau,full_mlp,12,6,eager,bf16,bfloat16,16,4,ok,,0.0,20,50,0.10929008,0.007835241121599258,0.097532,0.107433,0.1195015,0.12115949999999999,0.13141099999999997,0.140035,146399.380437822,146.399380437822,107.433,6.7145625,36599.8451094555,21776,21504,43352,sub-physical,0.03125,0.015625,Intel(R) Xeon(R) 6760P,AVX512,"avx2,avx512f,avx512bw,avx512vl,avx512_vnni,avx512_bf16,amx_bf16,amx_int8,amx_tile,fma",True,True,,256,128,sh14l07002s1404,3.11.9,2.1.2+cu121
20260424_010536,2026-04-24T06:14:10.545834,cpu,full_mlp_capacity_search_hd128_depth3,/home/liangyi/SRS_AI/Model_AIIC_refactor/experiments_refactored/20260422_050408_full_mlp_capacity_search_v2/full_mlp_capacity_search_hd128_depth3,full_mlp_capacity_search_v2,full_mlp_capacity_search_hd128_depth3,supervised_nmse_plateau,full_mlp,12,6,eager,bf16,bfloat16,16,8,ok,,0.0,20,50,0.09588054,0.004421338951991806,0.090369,0.095272,0.1019734,0.10297125,0.10796855999999999,0.111475,166874.32089973628,166.8743208997363,95.27199999999999,5.9544999999999995,20859.290112467035,21776,21504,43352,sub-physical,0.0625,0.03125,Intel(R) Xeon(R) 6760P,AVX512,"avx2,avx512f,avx512bw,avx512vl,avx512_vnni,avx512_bf16,amx_bf16,amx_int8,amx_tile,fma",True,True,,256,128,sh14l07002s1404,3.11.9,2.1.2+cu121
20260424_010536,2026-04-24T06:14:10.545834,cpu,full_mlp_capacity_search_hd128_depth3,/home/liangyi/SRS_AI/Model_AIIC_refactor/experiments_refactored/20260422_050408_full_mlp_capacity_search_v2/full_mlp_capacity_search_hd128_depth3,full_mlp_capacity_search_v2,full_mlp_capacity_search_hd128_depth3,supervised_nmse_plateau,full_mlp,12,6,eager,bf16,bfloat16,16,128,ok,,0.0,20,50,0.28339118,0.015516318381226909,0.259468,0.28050600000000003,0.30256,0.31063805,0.32953503,0.330149,56459.06128765193,56.45906128765193,280.50600000000003,17.531625000000002,441.0864163097807,21776,21504,43352,all-physical,1.0,0.5,Intel(R) Xeon(R) 6760P,AVX512,"avx2,avx512f,avx512bw,avx512vl,avx512_vnni,avx512_bf16,amx_bf16,amx_int8,amx_tile,fma",True,True,,256,128,sh14l07002s1404,3.11.9,2.1.2+cu121
20260424_010536,2026-04-24T06:14:10.545834,cpu,full_mlp_capacity_search_hd128_depth3,/home/liangyi/SRS_AI/Model_AIIC_refactor/experiments_refactored/20260422_050408_full_mlp_capacity_search_v2/full_mlp_capacity_search_hd128_depth3,full_mlp_capacity_search_v2,full_mlp_capacity_search_hd128_depth3,supervised_nmse_plateau,full_mlp,12,6,eager,bf16,bfloat16,32,1,ok,,0.0,20,50,0.07109792,0.003307373821266656,0.067382,0.069954,0.0748755,0.08026844999999999,0.08174199,0.081766,450083.4904874854,450.08349048748545,69.95400000000001,2.1860625000000002,450083.4904874854,21776,21504,43352,single-thread,0.0078125,0.00390625,Intel(R) Xeon(R) 6760P,AVX512,"avx2,avx512f,avx512bw,avx512vl,avx512_vnni,avx512_bf16,amx_bf16,amx_int8,amx_tile,fma",True,True,,256,128,sh14l07002s1404,3.11.9,2.1.2+cu121
20260424_010536,2026-04-24T06:14:10.545834,cpu,full_mlp_capacity_search_hd128_depth3,/home/liangyi/SRS_AI/Model_AIIC_refactor/experiments_refactored/20260422_050408_full_mlp_capacity_search_v2/full_mlp_capacity_search_hd128_depth3,full_mlp_capacity_search_v2,full_mlp_capacity_search_hd128_depth3,supervised_nmse_plateau,full_mlp,12,6,eager,bf16,bfloat16,32,2,ok,,0.0,20,50,0.09080848,0.003485648291150443,0.08414,0.0908515,0.0956324,0.097221,0.09833546,0.098456,352389.99705754354,352.38999705754355,90.8515,2.839109375,176194.99852877177,21776,21504,43352,sub-physical,0.015625,0.0078125,Intel(R) Xeon(R) 6760P,AVX512,"avx2,avx512f,avx512bw,avx512vl,avx512_vnni,avx512_bf16,amx_bf16,amx_int8,amx_tile,fma",True,True,,256,128,sh14l07002s1404,3.11.9,2.1.2+cu121
20260424_010536,2026-04-24T06:14:10.545834,cpu,full_mlp_capacity_search_hd128_depth3,/home/liangyi/SRS_AI/Model_AIIC_refactor/experiments_refactored/20260422_050408_full_mlp_capacity_search_v2/full_mlp_capacity_search_hd128_depth3,full_mlp_capacity_search_v2,full_mlp_capacity_search_hd128_depth3,supervised_nmse_plateau,full_mlp,12,6,eager,bf16,bfloat16,32,4,ok,,0.0,20,50,0.09912912,0.009547742521957742,0.09183,0.09749,0.1029003,0.10397575,0.1350561099999999,0.16135,322811.299041089,322.811299041089,97.49,3.0465625,80702.82476027225,21776,21504,43352,sub-physical,0.03125,0.015625,Intel(R) Xeon(R) 6760P,AVX512,"avx2,avx512f,avx512bw,avx512vl,avx512_vnni,avx512_bf16,amx_bf16,amx_int8,amx_tile,fma",True,True,,256,128,sh14l07002s1404,3.11.9,2.1.2+cu121
20260424_010536,2026-04-24T06:14:10.545834,cpu,full_mlp_capacity_search_hd128_depth3,/home/liangyi/SRS_AI/Model_AIIC_refactor/experiments_refactored/20260422_050408_full_mlp_capacity_search_v2/full_mlp_capacity_search_hd128_depth3,full_mlp_capacity_search_v2,full_mlp_capacity_search_hd128_depth3,supervised_nmse_plateau,full_mlp,12,6,eager,bf16,bfloat16,32,8,ok,,0.0,20,50,0.1037406,0.005540183885034864,0.095165,0.1032185,0.1092817,0.1099333,0.12432758,0.125875,308461.6823114576,308.4616823114576,103.2185,3.225578125,38557.7102889322,21776,21504,43352,sub-physical,0.0625,0.03125,Intel(R) Xeon(R) 6760P,AVX512,"avx2,avx512f,avx512bw,avx512vl,avx512_vnni,avx512_bf16,amx_bf16,amx_int8,amx_tile,fma",True,True,,256,128,sh14l07002s1404,3.11.9,2.1.2+cu121
20260424_010536,2026-04-24T06:14:10.545834,cpu,full_mlp_capacity_search_hd128_depth3,/home/liangyi/SRS_AI/Model_AIIC_refactor/experiments_refactored/20260422_050408_full_mlp_capacity_search_v2/full_mlp_capacity_search_hd128_depth3,full_mlp_capacity_search_v2,full_mlp_capacity_search_hd128_depth3,supervised_nmse_plateau,full_mlp,12,6,eager,bf16,bfloat16,32,128,ok,,0.0,20,50,0.26397194,0.01619682401510864,0.228878,0.261381,0.28401570000000004,0.2856943,0.31249172,0.318995,121225.00596086083,121.22500596086083,261.381,8.16815625,947.0703590692252,21776,21504,43352,all-physical,1.0,0.5,Intel(R) Xeon(R) 6760P,AVX512,"avx2,avx512f,avx512bw,avx512vl,avx512_vnni,avx512_bf16,amx_bf16,amx_int8,amx_tile,fma",True,True,,256,128,sh14l07002s1404,3.11.9,2.1.2+cu121
20260424_010536,2026-04-24T06:14:10.545834,cpu,full_mlp_capacity_search_hd128_depth3,/home/liangyi/SRS_AI/Model_AIIC_refactor/experiments_refactored/20260422_050408_full_mlp_capacity_search_v2/full_mlp_capacity_search_hd128_depth3,full_mlp_capacity_search_v2,full_mlp_capacity_search_hd128_depth3,supervised_nmse_plateau,full_mlp,12,6,eager,bf16,bfloat16,64,1,ok,,0.0,20,50,0.08490948,0.0032882277186350693,0.08158,0.083864,0.0887812,0.0927472,0.0951812,0.09573,753743.8693535752,753.7438693535752,83.86399999999999,1.3103749999999998,753743.8693535752,21776,21504,43352,single-thread,0.0078125,0.00390625,Intel(R) Xeon(R) 6760P,AVX512,"avx2,avx512f,avx512bw,avx512vl,avx512_vnni,avx512_bf16,amx_bf16,amx_int8,amx_tile,fma",True,True,,256,128,sh14l07002s1404,3.11.9,2.1.2+cu121
20260424_010536,2026-04-24T06:14:10.545834,cpu,full_mlp_capacity_search_hd128_depth3,/home/liangyi/SRS_AI/Model_AIIC_refactor/experiments_refactored/20260422_050408_full_mlp_capacity_search_v2/full_mlp_capacity_search_hd128_depth3,full_mlp_capacity_search_v2,full_mlp_capacity_search_hd128_depth3,supervised_nmse_plateau,full_mlp,12,6,eager,bf16,bfloat16,64,2,ok,,0.0,20,50,0.11256606,0.004726415878485514,0.101871,0.1121365,0.11860169999999999,0.12035509999999999,0.12241842,0.123076,568555.0333732921,568.5550333732921,112.1365,1.7521328125,284277.51668664603,21776,21504,43352,sub-physical,0.015625,0.0078125,Intel(R) Xeon(R) 6760P,AVX512,"avx2,avx512f,avx512bw,avx512vl,avx512_vnni,avx512_bf16,amx_bf16,amx_int8,amx_tile,fma",True,True,,256,128,sh14l07002s1404,3.11.9,2.1.2+cu121
20260424_010536,2026-04-24T06:14:10.545834,cpu,full_mlp_capacity_search_hd128_depth3,/home/liangyi/SRS_AI/Model_AIIC_refactor/experiments_refactored/20260422_050408_full_mlp_capacity_search_v2/full_mlp_capacity_search_hd128_depth3,full_mlp_capacity_search_v2,full_mlp_capacity_search_hd128_depth3,supervised_nmse_plateau,full_mlp,12,6,eager,bf16,bfloat16,64,4,ok,,0.0,20,50,0.12629242,0.008598457136230895,0.110707,0.1242405,0.1392563,0.1424763,0.14496741,0.147266,506760.42156766023,506.7604215676602,124.2405,1.9412578125,126690.10539191506,21776,21504,43352,sub-physical,0.03125,0.015625,Intel(R) Xeon(R) 6760P,AVX512,"avx2,avx512f,avx512bw,avx512vl,avx512_vnni,avx512_bf16,amx_bf16,amx_int8,amx_tile,fma",True,True,,256,128,sh14l07002s1404,3.11.9,2.1.2+cu121
20260424_010536,2026-04-24T06:14:10.545834,cpu,full_mlp_capacity_search_hd128_depth3,/home/liangyi/SRS_AI/Model_AIIC_refactor/experiments_refactored/20260422_050408_full_mlp_capacity_search_v2/full_mlp_capacity_search_hd128_depth3,full_mlp_capacity_search_v2,full_mlp_capacity_search_hd128_depth3,supervised_nmse_plateau,full_mlp,12,6,eager,bf16,bfloat16,64,8,ok,,0.0,20,50,0.1516324,0.011671600102813668,0.128818,0.1495455,0.1675097,0.1734858,0.17989083,0.182406,422073.3827335055,422.0733827335055,149.5455,2.3366484375,52759.17284168819,21776,21504,43352,sub-physical,0.0625,0.03125,Intel(R) Xeon(R) 6760P,AVX512,"avx2,avx512f,avx512bw,avx512vl,avx512_vnni,avx512_bf16,amx_bf16,amx_int8,amx_tile,fma",True,True,,256,128,sh14l07002s1404,3.11.9,2.1.2+cu121
20260424_010536,2026-04-24T06:14:10.545834,cpu,full_mlp_capacity_search_hd128_depth3,/home/liangyi/SRS_AI/Model_AIIC_refactor/experiments_refactored/20260422_050408_full_mlp_capacity_search_v2/full_mlp_capacity_search_hd128_depth3,full_mlp_capacity_search_v2,full_mlp_capacity_search_hd128_depth3,supervised_nmse_plateau,full_mlp,12,6,eager,bf16,bfloat16,64,128,ok,,0.0,20,50,0.2909242,0.015480111915616115,0.256585,0.2902975,0.3057907,0.3157044,0.33513476999999997,0.347741,219988.57434342,219.98857434342,290.2975,4.5358984375,1718.6607370579688,21776,21504,43352,all-physical,1.0,0.5,Intel(R) Xeon(R) 6760P,AVX512,"avx2,avx512f,avx512bw,avx512vl,avx512_vnni,avx512_bf16,amx_bf16,amx_int8,amx_tile,fma",True,True,,256,128,sh14l07002s1404,3.11.9,2.1.2+cu121
20260424_010536,2026-04-24T06:14:10.545834,cpu,full_mlp_capacity_search_hd128_depth3,/home/liangyi/SRS_AI/Model_AIIC_refactor/experiments_refactored/20260422_050408_full_mlp_capacity_search_v2/full_mlp_capacity_search_hd128_depth3,full_mlp_capacity_search_v2,full_mlp_capacity_search_hd128_depth3,supervised_nmse_plateau,full_mlp,12,6,eager,bf16,bfloat16,128,1,ok,,0.0,20,50,0.10148952,0.003514724974958922,0.098143,0.1005125,0.1047548,0.1084022,0.11429734,0.116519,1261213.965737546,1261.213965737546,100.5125,0.78525390625,1261213.965737546,21776,21504,43352,single-thread,0.0078125,0.00390625,Intel(R) Xeon(R) 6760P,AVX512,"avx2,avx512f,avx512bw,avx512vl,avx512_vnni,avx512_bf16,amx_bf16,amx_int8,amx_tile,fma",True,True,,256,128,sh14l07002s1404,3.11.9,2.1.2+cu121
20260424_010536,2026-04-24T06:14:10.545834,cpu,full_mlp_capacity_search_hd128_depth3,/home/liangyi/SRS_AI/Model_AIIC_refactor/experiments_refactored/20260422_050408_full_mlp_capacity_search_v2/full_mlp_capacity_search_hd128_depth3,full_mlp_capacity_search_v2,full_mlp_capacity_search_hd128_depth3,supervised_nmse_plateau,full_mlp,12,6,eager,bf16,bfloat16,128,2,ok,,0.0,20,50,0.15086924,0.006662239532049264,0.138531,0.1507615,0.1600799,0.1617373,0.16653585999999998,0.168979,848416.8144546894,848.4168144546894,150.76149999999998,1.1778242187499999,424208.4072273447,21776,21504,43352,sub-physical,0.015625,0.0078125,Intel(R) Xeon(R) 6760P,AVX512,"avx2,avx512f,avx512bw,avx512vl,avx512_vnni,avx512_bf16,amx_bf16,amx_int8,amx_tile,fma",True,True,,256,128,sh14l07002s1404,3.11.9,2.1.2+cu121
20260424_010536,2026-04-24T06:14:10.545834,cpu,full_mlp_capacity_search_hd128_depth3,/home/liangyi/SRS_AI/Model_AIIC_refactor/experiments_refactored/20260422_050408_full_mlp_capacity_search_v2/full_mlp_capacity_search_hd128_depth3,full_mlp_capacity_search_v2,full_mlp_capacity_search_hd128_depth3,supervised_nmse_plateau,full_mlp,12,6,eager,bf16,bfloat16,128,4,ok,,0.0,20,50,0.1680265,0.010900631727106463,0.143388,0.169979,0.1800777,0.1836381,0.1880126,0.189953,761784.5994530624,761.7845994530624,169.97899999999998,1.3279609374999999,190446.1498632656,21776,21504,43352,sub-physical,0.03125,0.015625,Intel(R) Xeon(R) 6760P,AVX512,"avx2,avx512f,avx512bw,avx512vl,avx512_vnni,avx512_bf16,amx_bf16,amx_int8,amx_tile,fma",True,True,,256,128,sh14l07002s1404,3.11.9,2.1.2+cu121
20260424_010536,2026-04-24T06:14:10.545834,cpu,full_mlp_capacity_search_hd128_depth3,/home/liangyi/SRS_AI/Model_AIIC_refactor/experiments_refactored/20260422_050408_full_mlp_capacity_search_v2/full_mlp_capacity_search_hd128_depth3,full_mlp_capacity_search_v2,full_mlp_capacity_search_hd128_depth3,supervised_nmse_plateau,full_mlp,12,6,eager,bf16,bfloat16,128,8,ok,,0.0,20,50,0.23708996,0.0203098829144434,0.196432,0.236114,0.2665466,0.27084385,0.272015,0.27226,539879.461787416,539.8794617874161,236.114,1.844640625,67484.932723427,21776,21504,43352,sub-physical,0.0625,0.03125,Intel(R) Xeon(R) 6760P,AVX512,"avx2,avx512f,avx512bw,avx512vl,avx512_vnni,avx512_bf16,amx_bf16,amx_int8,amx_tile,fma",True,True,,256,128,sh14l07002s1404,3.11.9,2.1.2+cu121
20260424_010536,2026-04-24T06:14:10.545834,cpu,full_mlp_capacity_search_hd128_depth3,/home/liangyi/SRS_AI/Model_AIIC_refactor/experiments_refactored/20260422_050408_full_mlp_capacity_search_v2/full_mlp_capacity_search_hd128_depth3,full_mlp_capacity_search_v2,full_mlp_capacity_search_hd128_depth3,supervised_nmse_plateau,full_mlp,12,6,eager,bf16,bfloat16,128,128,ok,,0.0,20,50,0.29133586,0.013766494038803053,0.265753,0.2893015,0.3148355,0.31833245,0.32507642999999997,0.326053,439355.45730621694,439.3554573062169,289.3015,2.26016796875,3432.46451020482,21776,21504,43352,all-physical,1.0,0.5,Intel(R) Xeon(R) 6760P,AVX512,"avx2,avx512f,avx512bw,avx512vl,avx512_vnni,avx512_bf16,amx_bf16,amx_int8,amx_tile,fma",True,True,,256,128,sh14l07002s1404,3.11.9,2.1.2+cu121
20260424_010536,2026-04-24T06:14:10.545834,cpu,full_mlp_capacity_search_hd128_depth3,/home/liangyi/SRS_AI/Model_AIIC_refactor/experiments_refactored/20260422_050408_full_mlp_capacity_search_v2/full_mlp_capacity_search_hd128_depth3,full_mlp_capacity_search_v2,full_mlp_capacity_search_hd128_depth3,supervised_nmse_plateau,full_mlp,12,6,jit,fp32,float32,1,1,ok,,46.962182,20,50,0.02117512,0.0011562065670112757,0.018876,0.020574000000000002,0.022384400000000002,0.0227119,0.024581979999999996,0.025463,47225.234142710884,47.22523414271088,20.574,20.574,47225.234142710884,21776,21504,43352,single-thread,0.0078125,0.00390625,Intel(R) Xeon(R) 6760P,AVX512,"avx2,avx512f,avx512bw,avx512vl,avx512_vnni,avx512_bf16,amx_bf16,amx_int8,amx_tile,fma",True,True,,256,128,sh14l07002s1404,3.11.9,2.1.2+cu121
20260424_010536,2026-04-24T06:14:10.545834,cpu,full_mlp_capacity_search_hd128_depth3,/home/liangyi/SRS_AI/Model_AIIC_refactor/experiments_refactored/20260422_050408_full_mlp_capacity_search_v2/full_mlp_capacity_search_hd128_depth3,full_mlp_capacity_search_v2,full_mlp_capacity_search_hd128_depth3,supervised_nmse_plateau,full_mlp,12,6,jit,fp32,float32,1,2,ok,,45.072412,20,50,0.0233281,0.0017743727821402128,0.021442,0.02307,0.0238047,0.0243361,0.030534449999999984,0.034697,42866.75725841367,42.86675725841367,23.07,23.07,21433.378629206836,21776,21504,43352,sub-physical,0.015625,0.0078125,Intel(R) Xeon(R) 6760P,AVX512,"avx2,avx512f,avx512bw,avx512vl,avx512_vnni,avx512_bf16,amx_bf16,amx_int8,amx_tile,fma",True,True,,256,128,sh14l07002s1404,3.11.9,2.1.2+cu121
20260424_010536,2026-04-24T06:14:10.545834,cpu,full_mlp_capacity_search_hd128_depth3,/home/liangyi/SRS_AI/Model_AIIC_refactor/experiments_refactored/20260422_050408_full_mlp_capacity_search_v2/full_mlp_capacity_search_hd128_depth3,full_mlp_capacity_search_v2,full_mlp_capacity_search_hd128_depth3,supervised_nmse_plateau,full_mlp,12,6,jit,fp32,float32,1,4,ok,,46.951266,20,50,0.0245926,0.0016771293808171153,0.023201,0.023986,0.026482600000000002,0.02707465,0.03074559999999999,0.03298,40662.638354627,40.662638354627,23.986,23.986,10165.65958865675,21776,21504,43352,sub-physical,0.03125,0.015625,Intel(R) Xeon(R) 6760P,AVX512,"avx2,avx512f,avx512bw,avx512vl,avx512_vnni,avx512_bf16,amx_bf16,amx_int8,amx_tile,fma",True,True,,256,128,sh14l07002s1404,3.11.9,2.1.2+cu121
20260424_010536,2026-04-24T06:14:10.545834,cpu,full_mlp_capacity_search_hd128_depth3,/home/liangyi/SRS_AI/Model_AIIC_refactor/experiments_refactored/20260422_050408_full_mlp_capacity_search_v2/full_mlp_capacity_search_hd128_depth3,full_mlp_capacity_search_v2,full_mlp_capacity_search_hd128_depth3,supervised_nmse_plateau,full_mlp,12,6,jit,fp32,float32,1,8,ok,,48.098268,20,50,0.03098202,0.00189582703314411,0.02895,0.0306525,0.0332662,0.0351354,0.03763485,0.037799,32276.785051458883,32.27678505145888,30.6525,30.6525,4034.5981314323603,21776,21504,43352,sub-physical,0.0625,0.03125,Intel(R) Xeon(R) 6760P,AVX512,"avx2,avx512f,avx512bw,avx512vl,avx512_vnni,avx512_bf16,amx_bf16,amx_int8,amx_tile,fma",True,True,,256,128,sh14l07002s1404,3.11.9,2.1.2+cu121
20260424_010536,2026-04-24T06:14:10.545834,cpu,full_mlp_capacity_search_hd128_depth3,/home/liangyi/SRS_AI/Model_AIIC_refactor/experiments_refactored/20260422_050408_full_mlp_capacity_search_v2/full_mlp_capacity_search_hd128_depth3,full_mlp_capacity_search_v2,full_mlp_capacity_search_hd128_depth3,supervised_nmse_plateau,full_mlp,12,6,jit,fp32,float32,1,128,ok,,47.802788,20,50,0.02108306,0.002095327243272516,0.019953,0.0203145,0.0221774,0.023394449999999997,0.029818219999999986,0.03321,47431.444961025576,47.431444961025576,20.3145,20.3145,370.5581637580123,21776,21504,43352,all-physical,1.0,0.5,Intel(R) Xeon(R) 6760P,AVX512,"avx2,avx512f,avx512bw,avx512vl,avx512_vnni,avx512_bf16,amx_bf16,amx_int8,amx_tile,fma",True,True,,256,128,sh14l07002s1404,3.11.9,2.1.2+cu121
20260424_010536,2026-04-24T06:14:10.545834,cpu,full_mlp_capacity_search_hd128_depth3,/home/liangyi/SRS_AI/Model_AIIC_refactor/experiments_refactored/20260422_050408_full_mlp_capacity_search_v2/full_mlp_capacity_search_hd128_depth3,full_mlp_capacity_search_v2,full_mlp_capacity_search_hd128_depth3,supervised_nmse_plateau,full_mlp,12,6,jit,fp32,float32,2,1,ok,,46.350001,20,50,0.02162312,0.0007822909852478169,0.020341,0.021742499999999998,0.022254299999999998,0.0224418,0.023914579999999998,0.024972,92493.59019419955,92.49359019419956,21.7425,10.87125,92493.59019419955,21776,21504,43352,single-thread,0.0078125,0.00390625,Intel(R) Xeon(R) 6760P,AVX512,"avx2,avx512f,avx512bw,avx512vl,avx512_vnni,avx512_bf16,amx_bf16,amx_int8,amx_tile,fma",True,True,,256,128,sh14l07002s1404,3.11.9,2.1.2+cu121
20260424_010536,2026-04-24T06:14:10.545834,cpu,full_mlp_capacity_search_hd128_depth3,/home/liangyi/SRS_AI/Model_AIIC_refactor/experiments_refactored/20260422_050408_full_mlp_capacity_search_v2/full_mlp_capacity_search_hd128_depth3,full_mlp_capacity_search_v2,full_mlp_capacity_search_hd128_depth3,supervised_nmse_plateau,full_mlp,12,6,jit,fp32,float32,2,2,ok,,44.802619,20,50,0.0228265,0.0014936478868863305,0.021184,0.0228625,0.0249737,0.025796049999999997,0.027730789999999998,0.028431,87617.46216020854,87.61746216020853,22.8625,11.43125,43808.73108010427,21776,21504,43352,sub-physical,0.015625,0.0078125,Intel(R) Xeon(R) 6760P,AVX512,"avx2,avx512f,avx512bw,avx512vl,avx512_vnni,avx512_bf16,amx_bf16,amx_int8,amx_tile,fma",True,True,,256,128,sh14l07002s1404,3.11.9,2.1.2+cu121
20260424_010536,2026-04-24T06:14:10.545834,cpu,full_mlp_capacity_search_hd128_depth3,/home/liangyi/SRS_AI/Model_AIIC_refactor/experiments_refactored/20260422_050408_full_mlp_capacity_search_v2/full_mlp_capacity_search_hd128_depth3,full_mlp_capacity_search_v2,full_mlp_capacity_search_hd128_depth3,supervised_nmse_plateau,full_mlp,12,6,jit,fp32,float32,2,4,ok,,46.347802,20,50,0.02271408,0.0012841240725101294,0.020261,0.0222175,0.024557100000000002,0.02522315,0.026368199999999994,0.027358,88051.11190944118,88.05111190944119,22.2175,11.10875,22012.777977360296,21776,21504,43352,sub-physical,0.03125,0.015625,Intel(R) Xeon(R) 6760P,AVX512,"avx2,avx512f,avx512bw,avx512vl,avx512_vnni,avx512_bf16,amx_bf16,amx_int8,amx_tile,fma",True,True,,256,128,sh14l07002s1404,3.11.9,2.1.2+cu121
20260424_010536,2026-04-24T06:14:10.545834,cpu,full_mlp_capacity_search_hd128_depth3,/home/liangyi/SRS_AI/Model_AIIC_refactor/experiments_refactored/20260422_050408_full_mlp_capacity_search_v2/full_mlp_capacity_search_hd128_depth3,full_mlp_capacity_search_v2,full_mlp_capacity_search_hd128_depth3,supervised_nmse_plateau,full_mlp,12,6,jit,fp32,float32,2,8,ok,,45.129562,20,50,0.02211952,0.0015511128036348619,0.020698,0.02189,0.0222189,0.022397149999999998,0.028201109999999984,0.032641,90417.87525226588,90.41787525226587,21.89,10.945,11302.234406533235,21776,21504,43352,sub-physical,0.0625,0.03125,Intel(R) Xeon(R) 6760P,AVX512,"avx2,avx512f,avx512bw,avx512vl,avx512_vnni,avx512_bf16,amx_bf16,amx_int8,amx_tile,fma",True,True,,256,128,sh14l07002s1404,3.11.9,2.1.2+cu121
20260424_010536,2026-04-24T06:14:10.545834,cpu,full_mlp_capacity_search_hd128_depth3,/home/liangyi/SRS_AI/Model_AIIC_refactor/experiments_refactored/20260422_050408_full_mlp_capacity_search_v2/full_mlp_capacity_search_hd128_depth3,full_mlp_capacity_search_v2,full_mlp_capacity_search_hd128_depth3,supervised_nmse_plateau,full_mlp,12,6,jit,fp32,float32,2,128,ok,,49.102561,20,50,0.0221429,0.0006306180856905389,0.020871,0.0223385,0.0228334,0.0231059,0.023351709999999998,0.023509,90322.40582760161,90.32240582760161,22.3385,11.16925,705.6437955281376,21776,21504,43352,all-physical,1.0,0.5,Intel(R) Xeon(R) 6760P,AVX512,"avx2,avx512f,avx512bw,avx512vl,avx512_vnni,avx512_bf16,amx_bf16,amx_int8,amx_tile,fma",True,True,,256,128,sh14l07002s1404,3.11.9,2.1.2+cu121
20260424_010536,2026-04-24T06:14:10.545834,cpu,full_mlp_capacity_search_hd128_depth3,/home/liangyi/SRS_AI/Model_AIIC_refactor/experiments_refactored/20260422_050408_full_mlp_capacity_search_v2/full_mlp_capacity_search_hd128_depth3,full_mlp_capacity_search_v2,full_mlp_capacity_search_hd128_depth3,supervised_nmse_plateau,full_mlp,12,6,jit,fp32,float32,4,1,ok,,46.264218,20,50,0.02268208,0.0007929025120404147,0.021362,0.022751,0.023092599999999998,0.0232578,0.025235209999999994,0.026887,176350.66977984383,176.35066977984383,22.751,5.68775,176350.66977984383,21776,21504,43352,single-thread,0.0078125,0.00390625,Intel(R) Xeon(R) 6760P,AVX512,"avx2,avx512f,avx512bw,avx512vl,avx512_vnni,avx512_bf16,amx_bf16,amx_int8,amx_tile,fma",True,True,,256,128,sh14l07002s1404,3.11.9,2.1.2+cu121
20260424_010536,2026-04-24T06:14:10.545834,cpu,full_mlp_capacity_search_hd128_depth3,/home/liangyi/SRS_AI/Model_AIIC_refactor/experiments_refactored/20260422_050408_full_mlp_capacity_search_v2/full_mlp_capacity_search_hd128_depth3,full_mlp_capacity_search_v2,full_mlp_capacity_search_hd128_depth3,supervised_nmse_plateau,full_mlp,12,6,jit,fp32,float32,4,2,ok,,44.962761,20,50,0.02377374,0.00247299129646669,0.021418,0.0225605,0.0276969,0.0282373,0.030429249999999998,0.031103,168252.8706042886,168.2528706042886,22.5605,5.640125,84126.4353021443,21776,21504,43352,sub-physical,0.015625,0.0078125,Intel(R) Xeon(R) 6760P,AVX512,"avx2,avx512f,avx512bw,avx512vl,avx512_vnni,avx512_bf16,amx_bf16,amx_int8,amx_tile,fma",True,True,,256,128,sh14l07002s1404,3.11.9,2.1.2+cu121
20260424_010536,2026-04-24T06:14:10.545834,cpu,full_mlp_capacity_search_hd128_depth3,/home/liangyi/SRS_AI/Model_AIIC_refactor/experiments_refactored/20260422_050408_full_mlp_capacity_search_v2/full_mlp_capacity_search_hd128_depth3,full_mlp_capacity_search_v2,full_mlp_capacity_search_hd128_depth3,supervised_nmse_plateau,full_mlp,12,6,jit,fp32,float32,4,4,ok,,44.453081,20,50,0.02208502,0.0008217970671643944,0.020949,0.022283999999999998,0.0225748,0.0226198,0.024561189999999993,0.026163,181118.2421387891,181.1182421387891,22.284,5.571,45279.56053469727,21776,21504,43352,sub-physical,0.03125,0.015625,Intel(R) Xeon(R) 6760P,AVX512,"avx2,avx512f,avx512bw,avx512vl,avx512_vnni,avx512_bf16,amx_bf16,amx_int8,amx_tile,fma",True,True,,256,128,sh14l07002s1404,3.11.9,2.1.2+cu121
20260424_010536,2026-04-24T06:14:10.545834,cpu,full_mlp_capacity_search_hd128_depth3,/home/liangyi/SRS_AI/Model_AIIC_refactor/experiments_refactored/20260422_050408_full_mlp_capacity_search_v2/full_mlp_capacity_search_hd128_depth3,full_mlp_capacity_search_v2,full_mlp_capacity_search_hd128_depth3,supervised_nmse_plateau,full_mlp,12,6,jit,fp32,float32,4,8,ok,,46.110358,20,50,0.02368814,0.002436277931681851,0.021685,0.022266,0.0274248,0.02795795,0.029281959999999996,0.030015,168860.87299382727,168.8608729938273,22.266000000000002,5.5665000000000004,21107.60912422841,21776,21504,43352,sub-physical,0.0625,0.03125,Intel(R) Xeon(R) 6760P,AVX512,"avx2,avx512f,avx512bw,avx512vl,avx512_vnni,avx512_bf16,amx_bf16,amx_int8,amx_tile,fma",True,True,,256,128,sh14l07002s1404,3.11.9,2.1.2+cu121
20260424_010536,2026-04-24T06:14:10.545834,cpu,full_mlp_capacity_search_hd128_depth3,/home/liangyi/SRS_AI/Model_AIIC_refactor/experiments_refactored/20260422_050408_full_mlp_capacity_search_v2/full_mlp_capacity_search_hd128_depth3,full_mlp_capacity_search_v2,full_mlp_capacity_search_hd128_depth3,supervised_nmse_plateau,full_mlp,12,6,jit,fp32,float32,4,128,ok,,49.214453,20,50,0.02226076,0.001030837980673976,0.02108,0.022308500000000002,0.0228723,0.02308205,0.025765809999999993,0.027986,179688.384403767,179.688384403767,22.308500000000002,5.5771250000000006,1403.8155031544297,21776,21504,43352,all-physical,1.0,0.5,Intel(R) Xeon(R) 6760P,AVX512,"avx2,avx512f,avx512bw,avx512vl,avx512_vnni,avx512_bf16,amx_bf16,amx_int8,amx_tile,fma",True,True,,256,128,sh14l07002s1404,3.11.9,2.1.2+cu121
20260424_010536,2026-04-24T06:14:10.545834,cpu,full_mlp_capacity_search_hd128_depth3,/home/liangyi/SRS_AI/Model_AIIC_refactor/experiments_refactored/20260422_050408_full_mlp_capacity_search_v2/full_mlp_capacity_search_hd128_depth3,full_mlp_capacity_search_v2,full_mlp_capacity_search_hd128_depth3,supervised_nmse_plateau,full_mlp,12,6,jit,fp32,float32,8,1,ok,,46.647695,20,50,0.02331,0.0006671127041212753,0.022359,0.0234875,0.024025300000000003,0.02412575,0.024788759999999996,0.025022,343200.3432003432,343.2003432003432,23.4875,2.9359375,343200.3432003432,21776,21504,43352,single-thread,0.0078125,0.00390625,Intel(R) Xeon(R) 6760P,AVX512,"avx2,avx512f,avx512bw,avx512vl,avx512_vnni,avx512_bf16,amx_bf16,amx_int8,amx_tile,fma",True,True,,256,128,sh14l07002s1404,3.11.9,2.1.2+cu121
20260424_010536,2026-04-24T06:14:10.545834,cpu,full_mlp_capacity_search_hd128_depth3,/home/liangyi/SRS_AI/Model_AIIC_refactor/experiments_refactored/20260422_050408_full_mlp_capacity_search_v2/full_mlp_capacity_search_hd128_depth3,full_mlp_capacity_search_v2,full_mlp_capacity_search_hd128_depth3,supervised_nmse_plateau,full_mlp,12,6,jit,fp32,float32,8,2,ok,,46.601125,20,50,0.02350118,0.0013582256026154127,0.022078,0.023431,0.023994300000000003,0.02434455,0.028447189999999987,0.03196,340408.43906561285,340.40843906561287,23.431,2.928875,170204.21953280643,21776,21504,43352,sub-physical,0.015625,0.0078125,Intel(R) Xeon(R) 6760P,AVX512,"avx2,avx512f,avx512bw,avx512vl,avx512_vnni,avx512_bf16,amx_bf16,amx_int8,amx_tile,fma",True,True,,256,128,sh14l07002s1404,3.11.9,2.1.2+cu121
20260424_010536,2026-04-24T06:14:10.545834,cpu,full_mlp_capacity_search_hd128_depth3,/home/liangyi/SRS_AI/Model_AIIC_refactor/experiments_refactored/20260422_050408_full_mlp_capacity_search_v2/full_mlp_capacity_search_hd128_depth3,full_mlp_capacity_search_v2,full_mlp_capacity_search_hd128_depth3,supervised_nmse_plateau,full_mlp,12,6,jit,fp32,float32,8,4,ok,,45.23147,20,50,0.02956218,0.001185736761511593,0.027636,0.0293,0.0303151,0.03086635,0.03398719999999999,0.036741,270616.0371122833,270.61603711228327,29.3,3.6625,67654.00927807082,21776,21504,43352,sub-physical,0.03125,0.015625,Intel(R) Xeon(R) 6760P,AVX512,"avx2,avx512f,avx512bw,avx512vl,avx512_vnni,avx512_bf16,amx_bf16,amx_int8,amx_tile,fma",True,True,,256,128,sh14l07002s1404,3.11.9,2.1.2+cu121
20260424_010536,2026-04-24T06:14:10.545834,cpu,full_mlp_capacity_search_hd128_depth3,/home/liangyi/SRS_AI/Model_AIIC_refactor/experiments_refactored/20260422_050408_full_mlp_capacity_search_v2/full_mlp_capacity_search_hd128_depth3,full_mlp_capacity_search_v2,full_mlp_capacity_search_hd128_depth3,supervised_nmse_plateau,full_mlp,12,6,jit,fp32,float32,8,8,ok,,45.066799,20,50,0.02335088,0.0012953329863784062,0.021889,0.0234605,0.0238034,0.02417285,0.028273469999999988,0.030918,342599.50802710647,342.5995080271065,23.4605,2.9325625,42824.93850338831,21776,21504,43352,sub-physical,0.0625,0.03125,Intel(R) Xeon(R) 6760P,AVX512,"avx2,avx512f,avx512bw,avx512vl,avx512_vnni,avx512_bf16,amx_bf16,amx_int8,amx_tile,fma",True,True,,256,128,sh14l07002s1404,3.11.9,2.1.2+cu121
20260424_010536,2026-04-24T06:14:10.545834,cpu,full_mlp_capacity_search_hd128_depth3,/home/liangyi/SRS_AI/Model_AIIC_refactor/experiments_refactored/20260422_050408_full_mlp_capacity_search_v2/full_mlp_capacity_search_hd128_depth3,full_mlp_capacity_search_v2,full_mlp_capacity_search_hd128_depth3,supervised_nmse_plateau,full_mlp,12,6,jit,fp32,float32,8,128,ok,,48.946785,20,50,0.02300696,0.0011717860207392814,0.021941,0.023095,0.0237369,0.0239129,0.027006259999999987,0.02991,347720.8635995368,347.7208635995368,23.095000000000002,2.8868750000000003,2716.5692468713814,21776,21504,43352,all-physical,1.0,0.5,Intel(R) Xeon(R) 6760P,AVX512,"avx2,avx512f,avx512bw,avx512vl,avx512_vnni,avx512_bf16,amx_bf16,amx_int8,amx_tile,fma",True,True,,256,128,sh14l07002s1404,3.11.9,2.1.2+cu121
20260424_010536,2026-04-24T06:14:10.545834,cpu,full_mlp_capacity_search_hd128_depth3,/home/liangyi/SRS_AI/Model_AIIC_refactor/experiments_refactored/20260422_050408_full_mlp_capacity_search_v2/full_mlp_capacity_search_hd128_depth3,full_mlp_capacity_search_v2,full_mlp_capacity_search_hd128_depth3,supervised_nmse_plateau,full_mlp,12,6,jit,fp32,float32,16,1,ok,,46.624912,20,50,0.02604072,0.0013558546388164183,0.024973,0.025592,0.026746100000000002,0.02707045,0.030942769999999988,0.034239,614422.3354807394,614.4223354807393,25.592,1.5995,614422.3354807394,21776,21504,43352,single-thread,0.0078125,0.00390625,Intel(R) Xeon(R) 6760P,AVX512,"avx2,avx512f,avx512bw,avx512vl,avx512_vnni,avx512_bf16,amx_bf16,amx_int8,amx_tile,fma",True,True,,256,128,sh14l07002s1404,3.11.9,2.1.2+cu121
20260424_010536,2026-04-24T06:14:10.545834,cpu,full_mlp_capacity_search_hd128_depth3,/home/liangyi/SRS_AI/Model_AIIC_refactor/experiments_refactored/20260422_050408_full_mlp_capacity_search_v2/full_mlp_capacity_search_hd128_depth3,full_mlp_capacity_search_v2,full_mlp_capacity_search_hd128_depth3,supervised_nmse_plateau,full_mlp,12,6,jit,fp32,float32,16,2,ok,,45.784512,20,50,0.0330261,0.0014650899255677105,0.030959,0.032875,0.0343872,0.0347656,0.038419489999999994,0.039693,484465.3168251776,484.4653168251776,32.875,2.0546875,242232.6584125888,21776,21504,43352,sub-physical,0.015625,0.0078125,Intel(R) Xeon(R) 6760P,AVX512,"avx2,avx512f,avx512bw,avx512vl,avx512_vnni,avx512_bf16,amx_bf16,amx_int8,amx_tile,fma",True,True,,256,128,sh14l07002s1404,3.11.9,2.1.2+cu121
20260424_010536,2026-04-24T06:14:10.545834,cpu,full_mlp_capacity_search_hd128_depth3,/home/liangyi/SRS_AI/Model_AIIC_refactor/experiments_refactored/20260422_050408_full_mlp_capacity_search_v2/full_mlp_capacity_search_hd128_depth3,full_mlp_capacity_search_v2,full_mlp_capacity_search_hd128_depth3,supervised_nmse_plateau,full_mlp,12,6,jit,fp32,float32,16,4,ok,,47.152025,20,50,0.03696464,0.002178968955813735,0.034838,0.03639100000000001,0.038083399999999996,0.040161949999999995,0.045739019999999984,0.048337,432846.09291474236,432.84609291474237,36.391000000000005,2.2744375000000003,108211.52322868559,21776,21504,43352,sub-physical,0.03125,0.015625,Intel(R) Xeon(R) 6760P,AVX512,"avx2,avx512f,avx512bw,avx512vl,avx512_vnni,avx512_bf16,amx_bf16,amx_int8,amx_tile,fma",True,True,,256,128,sh14l07002s1404,3.11.9,2.1.2+cu121
20260424_010536,2026-04-24T06:14:10.545834,cpu,full_mlp_capacity_search_hd128_depth3,/home/liangyi/SRS_AI/Model_AIIC_refactor/experiments_refactored/20260422_050408_full_mlp_capacity_search_v2/full_mlp_capacity_search_hd128_depth3,full_mlp_capacity_search_v2,full_mlp_capacity_search_hd128_depth3,supervised_nmse_plateau,full_mlp,12,6,jit,fp32,float32,16,8,ok,,46.174499,20,50,0.0475597,0.0019232478701405084,0.042904,0.0475285,0.0487367,0.04897525,0.054936139999999994,0.056217,336419.2793478512,336.41927934785116,47.5285,2.97053125,42052.4099184814,21776,21504,43352,sub-physical,0.0625,0.03125,Intel(R) Xeon(R) 6760P,AVX512,"avx2,avx512f,avx512bw,avx512vl,avx512_vnni,avx512_bf16,amx_bf16,amx_int8,amx_tile,fma",True,True,,256,128,sh14l07002s1404,3.11.9,2.1.2+cu121
20260424_010536,2026-04-24T06:14:10.545834,cpu,full_mlp_capacity_search_hd128_depth3,/home/liangyi/SRS_AI/Model_AIIC_refactor/experiments_refactored/20260422_050408_full_mlp_capacity_search_v2/full_mlp_capacity_search_hd128_depth3,full_mlp_capacity_search_v2,full_mlp_capacity_search_hd128_depth3,supervised_nmse_plateau,full_mlp,12,6,jit,fp32,float32,16,128,ok,,64.947863,20,50,0.1148644,0.016138800303616124,0.094343,0.11223,0.12703340000000005,0.15152994999999997,0.16763210999999997,0.172366,139294.68138082817,139.29468138082817,112.22999999999999,7.014374999999999,1088.23969828772,21776,21504,43352,all-physical,1.0,0.5,Intel(R) Xeon(R) 6760P,AVX512,"avx2,avx512f,avx512bw,avx512vl,avx512_vnni,avx512_bf16,amx_bf16,amx_int8,amx_tile,fma",True,True,,256,128,sh14l07002s1404,3.11.9,2.1.2+cu121
20260424_010536,2026-04-24T06:14:10.545834,cpu,full_mlp_capacity_search_hd128_depth3,/home/liangyi/SRS_AI/Model_AIIC_refactor/experiments_refactored/20260422_050408_full_mlp_capacity_search_v2/full_mlp_capacity_search_hd128_depth3,full_mlp_capacity_search_v2,full_mlp_capacity_search_hd128_depth3,supervised_nmse_plateau,full_mlp,12,6,jit,fp32,float32,32,1,ok,,46.769652,20,50,0.03020998,0.001902828426211885,0.028774,0.029455000000000002,0.0309658,0.033290749999999994,0.03816384,0.038842,1059252.6046028498,1059.2526046028497,29.455000000000002,0.9204687500000001,1059252.6046028498,21776,21504,43352,single-thread,0.0078125,0.00390625,Intel(R) Xeon(R) 6760P,AVX512,"avx2,avx512f,avx512bw,avx512vl,avx512_vnni,avx512_bf16,amx_bf16,amx_int8,amx_tile,fma",True,True,,256,128,sh14l07002s1404,3.11.9,2.1.2+cu121
20260424_010536,2026-04-24T06:14:10.545834,cpu,full_mlp_capacity_search_hd128_depth3,/home/liangyi/SRS_AI/Model_AIIC_refactor/experiments_refactored/20260422_050408_full_mlp_capacity_search_v2/full_mlp_capacity_search_hd128_depth3,full_mlp_capacity_search_v2,full_mlp_capacity_search_hd128_depth3,supervised_nmse_plateau,full_mlp,12,6,jit,fp32,float32,32,2,ok,,47.005429,20,50,0.04337966,0.0015884376299999954,0.040511,0.043303499999999995,0.0444873,0.0460501,0.04878974,0.049708,737672.9093773442,737.6729093773442,43.30349999999999,1.3532343749999998,368836.4546886721,21776,21504,43352,sub-physical,0.015625,0.0078125,Intel(R) Xeon(R) 6760P,AVX512,"avx2,avx512f,avx512bw,avx512vl,avx512_vnni,avx512_bf16,amx_bf16,amx_int8,amx_tile,fma",True,True,,256,128,sh14l07002s1404,3.11.9,2.1.2+cu121
20260424_010536,2026-04-24T06:14:10.545834,cpu,full_mlp_capacity_search_hd128_depth3,/home/liangyi/SRS_AI/Model_AIIC_refactor/experiments_refactored/20260422_050408_full_mlp_capacity_search_v2/full_mlp_capacity_search_hd128_depth3,full_mlp_capacity_search_v2,full_mlp_capacity_search_hd128_depth3,supervised_nmse_plateau,full_mlp,12,6,jit,fp32,float32,32,4,ok,,45.7613,20,50,0.03956526,0.0014796449548455878,0.037076,0.0394205,0.0402886,0.04303035,0.044638109999999995,0.045893,808790.3377862297,808.7903377862297,39.4205,1.231890625,202197.58444655742,21776,21504,43352,sub-physical,0.03125,0.015625,Intel(R) Xeon(R) 6760P,AVX512,"avx2,avx512f,avx512bw,avx512vl,avx512_vnni,avx512_bf16,amx_bf16,amx_int8,amx_tile,fma",True,True,,256,128,sh14l07002s1404,3.11.9,2.1.2+cu121
20260424_010536,2026-04-24T06:14:10.545834,cpu,full_mlp_capacity_search_hd128_depth3,/home/liangyi/SRS_AI/Model_AIIC_refactor/experiments_refactored/20260422_050408_full_mlp_capacity_search_v2/full_mlp_capacity_search_hd128_depth3,full_mlp_capacity_search_v2,full_mlp_capacity_search_hd128_depth3,supervised_nmse_plateau,full_mlp,12,6,jit,fp32,float32,32,8,ok,,46.494122,20,50,0.06364486,0.0032448234159041696,0.054272,0.06364049999999999,0.06801700000000001,0.06956145,0.07016402000000001,0.070165,502790.0132076652,502.7900132076652,63.64049999999999,1.9887656249999996,62848.75165095815,21776,21504,43352,sub-physical,0.0625,0.03125,Intel(R) Xeon(R) 6760P,AVX512,"avx2,avx512f,avx512bw,avx512vl,avx512_vnni,avx512_bf16,amx_bf16,amx_int8,amx_tile,fma",True,True,,256,128,sh14l07002s1404,3.11.9,2.1.2+cu121
20260424_010536,2026-04-24T06:14:10.545834,cpu,full_mlp_capacity_search_hd128_depth3,/home/liangyi/SRS_AI/Model_AIIC_refactor/experiments_refactored/20260422_050408_full_mlp_capacity_search_v2/full_mlp_capacity_search_hd128_depth3,full_mlp_capacity_search_v2,full_mlp_capacity_search_hd128_depth3,supervised_nmse_plateau,full_mlp,12,6,jit,fp32,float32,32,128,ok,,64.748924,20,50,0.11779858,0.011892948194774919,0.103368,0.1157375,0.12899,0.14702695,0.15928826999999998,0.164716,271650.1336433767,271.6501336433767,115.7375,3.616796875,2122.2666690888805,21776,21504,43352,all-physical,1.0,0.5,Intel(R) Xeon(R) 6760P,AVX512,"avx2,avx512f,avx512bw,avx512vl,avx512_vnni,avx512_bf16,amx_bf16,amx_int8,amx_tile,fma",True,True,,256,128,sh14l07002s1404,3.11.9,2.1.2+cu121
20260424_010536,2026-04-24T06:14:10.545834,cpu,full_mlp_capacity_search_hd128_depth3,/home/liangyi/SRS_AI/Model_AIIC_refactor/experiments_refactored/20260422_050408_full_mlp_capacity_search_v2/full_mlp_capacity_search_hd128_depth3,full_mlp_capacity_search_v2,full_mlp_capacity_search_hd128_depth3,supervised_nmse_plateau,full_mlp,12,6,jit,fp32,float32,64,1,ok,,46.614893,20,50,0.03875048,0.001237872226685775,0.038041,0.038374000000000005,0.039912100000000006,0.0401766,0.04410702999999999,0.045554,1651592.4447903612,1651.5924447903612,38.374,0.59959375,1651592.4447903612,21776,21504,43352,single-thread,0.0078125,0.00390625,Intel(R) Xeon(R) 6760P,AVX512,"avx2,avx512f,avx512bw,avx512vl,avx512_vnni,avx512_bf16,amx_bf16,amx_int8,amx_tile,fma",True,True,,256,128,sh14l07002s1404,3.11.9,2.1.2+cu121
20260424_010536,2026-04-24T06:14:10.545834,cpu,full_mlp_capacity_search_hd128_depth3,/home/liangyi/SRS_AI/Model_AIIC_refactor/experiments_refactored/20260422_050408_full_mlp_capacity_search_v2/full_mlp_capacity_search_hd128_depth3,full_mlp_capacity_search_v2,full_mlp_capacity_search_hd128_depth3,supervised_nmse_plateau,full_mlp,12,6,jit,fp32,float32,64,2,ok,,46.360803,20,50,0.06535216,0.0024020304191246207,0.05798,0.065297,0.06703719999999999,0.0676207,0.07324912999999998,0.077053,979309.6356723327,979.3096356723328,65.297,1.020265625,489654.81783616636,21776,21504,43352,sub-physical,0.015625,0.0078125,Intel(R) Xeon(R) 6760P,AVX512,"avx2,avx512f,avx512bw,avx512vl,avx512_vnni,avx512_bf16,amx_bf16,amx_int8,amx_tile,fma",True,True,,256,128,sh14l07002s1404,3.11.9,2.1.2+cu121
20260424_010536,2026-04-24T06:14:10.545834,cpu,full_mlp_capacity_search_hd128_depth3,/home/liangyi/SRS_AI/Model_AIIC_refactor/experiments_refactored/20260422_050408_full_mlp_capacity_search_v2/full_mlp_capacity_search_hd128_depth3,full_mlp_capacity_search_v2,full_mlp_capacity_search_hd128_depth3,supervised_nmse_plateau,full_mlp,12,6,jit,fp32,float32,64,4,ok,,46.285848,20,50,0.06727469999999999,0.001972725670233954,0.062283,0.06699949999999999,0.06908539999999999,0.07011545000000001,0.07360668,0.076188,951323.4544338364,951.3234544338364,66.99949999999998,1.0468671874999997,237830.8636084591,21776,21504,43352,sub-physical,0.03125,0.015625,Intel(R) Xeon(R) 6760P,AVX512,"avx2,avx512f,avx512bw,avx512vl,avx512_vnni,avx512_bf16,amx_bf16,amx_int8,amx_tile,fma",True,True,,256,128,sh14l07002s1404,3.11.9,2.1.2+cu121
20260424_010536,2026-04-24T06:14:10.545834,cpu,full_mlp_capacity_search_hd128_depth3,/home/liangyi/SRS_AI/Model_AIIC_refactor/experiments_refactored/20260422_050408_full_mlp_capacity_search_v2/full_mlp_capacity_search_hd128_depth3,full_mlp_capacity_search_v2,full_mlp_capacity_search_hd128_depth3,supervised_nmse_plateau,full_mlp,12,6,jit,fp32,float32,64,8,ok,,48.094057,20,50,0.09518258,0.006049563703574003,0.07802,0.096442,0.10011590000000001,0.10186029999999999,0.10546532,0.107147,672391.9439880701,672.3919439880701,96.442,1.50690625,84048.99299850877,21776,21504,43352,sub-physical,0.0625,0.03125,Intel(R) Xeon(R) 6760P,AVX512,"avx2,avx512f,avx512bw,avx512vl,avx512_vnni,avx512_bf16,amx_bf16,amx_int8,amx_tile,fma",True,True,,256,128,sh14l07002s1404,3.11.9,2.1.2+cu121
20260424_010536,2026-04-24T06:14:10.545834,cpu,full_mlp_capacity_search_hd128_depth3,/home/liangyi/SRS_AI/Model_AIIC_refactor/experiments_refactored/20260422_050408_full_mlp_capacity_search_v2/full_mlp_capacity_search_hd128_depth3,full_mlp_capacity_search_v2,full_mlp_capacity_search_hd128_depth3,supervised_nmse_plateau,full_mlp,12,6,jit,fp32,float32,64,128,ok,,65.402062,20,50,0.13900144,0.01236006045480361,0.125,0.135236,0.15251510000000001,0.1695508,0.18030114,0.184816,460426.8847862295,460.42688478622955,135.236,2.1130625,3597.085037392418,21776,21504,43352,all-physical,1.0,0.5,Intel(R) Xeon(R) 6760P,AVX512,"avx2,avx512f,avx512bw,avx512vl,avx512_vnni,avx512_bf16,amx_bf16,amx_int8,amx_tile,fma",True,True,,256,128,sh14l07002s1404,3.11.9,2.1.2+cu121
20260424_010536,2026-04-24T06:14:10.545834,cpu,full_mlp_capacity_search_hd128_depth3,/home/liangyi/SRS_AI/Model_AIIC_refactor/experiments_refactored/20260422_050408_full_mlp_capacity_search_v2/full_mlp_capacity_search_hd128_depth3,full_mlp_capacity_search_v2,full_mlp_capacity_search_hd128_depth3,supervised_nmse_plateau,full_mlp,12,6,jit,fp32,float32,128,1,ok,,46.785832,20,50,0.05706696,0.001845179871557242,0.055573,0.056292499999999995,0.0580989,0.061567399999999994,0.06368969,0.063846,2242979.1248736572,2242.9791248736574,56.2925,0.43978515625,2242979.1248736572,21776,21504,43352,single-thread,0.0078125,0.00390625,Intel(R) Xeon(R) 6760P,AVX512,"avx2,avx512f,avx512bw,avx512vl,avx512_vnni,avx512_bf16,amx_bf16,amx_int8,amx_tile,fma",True,True,,256,128,sh14l07002s1404,3.11.9,2.1.2+cu121
20260424_010536,2026-04-24T06:14:10.545834,cpu,full_mlp_capacity_search_hd128_depth3,/home/liangyi/SRS_AI/Model_AIIC_refactor/experiments_refactored/20260422_050408_full_mlp_capacity_search_v2/full_mlp_capacity_search_hd128_depth3,full_mlp_capacity_search_v2,full_mlp_capacity_search_hd128_depth3,supervised_nmse_plateau,full_mlp,12,6,jit,fp32,float32,128,2,ok,,47.519719,20,50,0.09858898,0.004639862413865307,0.088758,0.0987925,0.10417470000000001,0.10455025,0.10566281,0.106021,1298319.5484931478,1298.3195484931477,98.7925,0.77181640625,649159.7742465739,21776,21504,43352,sub-physical,0.015625,0.0078125,Intel(R) Xeon(R) 6760P,AVX512,"avx2,avx512f,avx512bw,avx512vl,avx512_vnni,avx512_bf16,amx_bf16,amx_int8,amx_tile,fma",True,True,,256,128,sh14l07002s1404,3.11.9,2.1.2+cu121
20260424_010536,2026-04-24T06:14:10.545834,cpu,full_mlp_capacity_search_hd128_depth3,/home/liangyi/SRS_AI/Model_AIIC_refactor/experiments_refactored/20260422_050408_full_mlp_capacity_search_v2/full_mlp_capacity_search_hd128_depth3,full_mlp_capacity_search_v2,full_mlp_capacity_search_hd128_depth3,supervised_nmse_plateau,full_mlp,12,6,jit,fp32,float32,128,4,ok,,49.442368,20,50,0.10709092,0.006035593150105464,0.096166,0.1079955,0.1148612,0.11661375,0.11814814,0.118449,1195246.05820923,1195.24605820923,107.99549999999999,0.8437148437499999,298811.5145523075,21776,21504,43352,sub-physical,0.03125,0.015625,Intel(R) Xeon(R) 6760P,AVX512,"avx2,avx512f,avx512bw,avx512vl,avx512_vnni,avx512_bf16,amx_bf16,amx_int8,amx_tile,fma",True,True,,256,128,sh14l07002s1404,3.11.9,2.1.2+cu121
20260424_010536,2026-04-24T06:14:10.545834,cpu,full_mlp_capacity_search_hd128_depth3,/home/liangyi/SRS_AI/Model_AIIC_refactor/experiments_refactored/20260422_050408_full_mlp_capacity_search_v2/full_mlp_capacity_search_hd128_depth3,full_mlp_capacity_search_v2,full_mlp_capacity_search_hd128_depth3,supervised_nmse_plateau,full_mlp,12,6,jit,fp32,float32,128,8,ok,,49.113711,20,50,0.15709328,0.008988606383728236,0.136151,0.1555895,0.1716823,0.173179,0.17882494999999998,0.179533,814802.5173323773,814.8025173323773,155.5895,1.21554296875,101850.31466654716,21776,21504,43352,sub-physical,0.0625,0.03125,Intel(R) Xeon(R) 6760P,AVX512,"avx2,avx512f,avx512bw,avx512vl,avx512_vnni,avx512_bf16,amx_bf16,amx_int8,amx_tile,fma",True,True,,256,128,sh14l07002s1404,3.11.9,2.1.2+cu121
20260424_010536,2026-04-24T06:14:10.545834,cpu,full_mlp_capacity_search_hd128_depth3,/home/liangyi/SRS_AI/Model_AIIC_refactor/experiments_refactored/20260422_050408_full_mlp_capacity_search_v2/full_mlp_capacity_search_hd128_depth3,full_mlp_capacity_search_v2,full_mlp_capacity_search_hd128_depth3,supervised_nmse_plateau,full_mlp,12,6,jit,fp32,float32,128,128,ok,,91.406808,20,50,0.33736572,0.016370761857702292,0.312424,0.33355500000000005,0.36002330000000005,0.36845695,0.37914946,0.382014,379410.21393637743,379.41021393637743,333.55500000000006,2.6058984375000005,2964.1422963779487,21776,21504,43352,all-physical,1.0,0.5,Intel(R) Xeon(R) 6760P,AVX512,"avx2,avx512f,avx512bw,avx512vl,avx512_vnni,avx512_bf16,amx_bf16,amx_int8,amx_tile,fma",True,True,,256,128,sh14l07002s1404,3.11.9,2.1.2+cu121
20260424_010536,2026-04-24T06:14:10.545834,cpu,full_mlp_capacity_search_hd128_depth3,/home/liangyi/SRS_AI/Model_AIIC_refactor/experiments_refactored/20260422_050408_full_mlp_capacity_search_v2/full_mlp_capacity_search_hd128_depth3,full_mlp_capacity_search_v2,full_mlp_capacity_search_hd128_depth3,supervised_nmse_plateau,full_mlp,12,6,jit,bf16,bfloat16,1,1,ok,,46.968614,20,50,0.03113522,0.0012446736486324437,0.029149,0.031136999999999998,0.0320893,0.03295735,0.03540952,0.035827,32117.968011788576,32.11796801178858,31.136999999999997,31.136999999999997,32117.968011788576,21776,21504,43352,single-thread,0.0078125,0.00390625,Intel(R) Xeon(R) 6760P,AVX512,"avx2,avx512f,avx512bw,avx512vl,avx512_vnni,avx512_bf16,amx_bf16,amx_int8,amx_tile,fma",True,True,,256,128,sh14l07002s1404,3.11.9,2.1.2+cu121
20260424_010536,2026-04-24T06:14:10.545834,cpu,full_mlp_capacity_search_hd128_depth3,/home/liangyi/SRS_AI/Model_AIIC_refactor/experiments_refactored/20260422_050408_full_mlp_capacity_search_v2/full_mlp_capacity_search_hd128_depth3,full_mlp_capacity_search_v2,full_mlp_capacity_search_hd128_depth3,supervised_nmse_plateau,full_mlp,12,6,jit,bf16,bfloat16,1,2,ok,,47.749555,20,50,0.0344081,0.001582694161864509,0.032692,0.0340225,0.0360916,0.03726685,0.04040704999999999,0.041659,29062.924137049125,29.062924137049126,34.022499999999994,34.022499999999994,14531.462068524563,21776,21504,43352,sub-physical,0.015625,0.0078125,Intel(R) Xeon(R) 6760P,AVX512,"avx2,avx512f,avx512bw,avx512vl,avx512_vnni,avx512_bf16,amx_bf16,amx_int8,amx_tile,fma",True,True,,256,128,sh14l07002s1404,3.11.9,2.1.2+cu121
20260424_010536,2026-04-24T06:14:10.545834,cpu,full_mlp_capacity_search_hd128_depth3,/home/liangyi/SRS_AI/Model_AIIC_refactor/experiments_refactored/20260422_050408_full_mlp_capacity_search_v2/full_mlp_capacity_search_hd128_depth3,full_mlp_capacity_search_v2,full_mlp_capacity_search_hd128_depth3,supervised_nmse_plateau,full_mlp,12,6,jit,bf16,bfloat16,1,4,ok,,46.638272,20,50,0.04133398,0.0016566785504738087,0.039002,0.040928000000000006,0.043895500000000004,0.04452775,0.04587785,0.046385,24193.16988105186,24.193169881051862,40.928000000000004,40.928000000000004,6048.292470262965,21776,21504,43352,sub-physical,0.03125,0.015625,Intel(R) Xeon(R) 6760P,AVX512,"avx2,avx512f,avx512bw,avx512vl,avx512_vnni,avx512_bf16,amx_bf16,amx_int8,amx_tile,fma",True,True,,256,128,sh14l07002s1404,3.11.9,2.1.2+cu121
20260424_010536,2026-04-24T06:14:10.545834,cpu,full_mlp_capacity_search_hd128_depth3,/home/liangyi/SRS_AI/Model_AIIC_refactor/experiments_refactored/20260422_050408_full_mlp_capacity_search_v2/full_mlp_capacity_search_hd128_depth3,full_mlp_capacity_search_v2,full_mlp_capacity_search_hd128_depth3,supervised_nmse_plateau,full_mlp,12,6,jit,bf16,bfloat16,1,8,ok,,48.357041,20,50,0.03931402,0.0014079984444593677,0.036084,0.039203,0.0405138,0.041616299999999995,0.0443538,0.044687,25436.218427929784,25.436218427929784,39.203,39.203,3179.527303491223,21776,21504,43352,sub-physical,0.0625,0.03125,Intel(R) Xeon(R) 6760P,AVX512,"avx2,avx512f,avx512bw,avx512vl,avx512_vnni,avx512_bf16,amx_bf16,amx_int8,amx_tile,fma",True,True,,256,128,sh14l07002s1404,3.11.9,2.1.2+cu121
20260424_010536,2026-04-24T06:14:10.545834,cpu,full_mlp_capacity_search_hd128_depth3,/home/liangyi/SRS_AI/Model_AIIC_refactor/experiments_refactored/20260422_050408_full_mlp_capacity_search_v2/full_mlp_capacity_search_hd128_depth3,full_mlp_capacity_search_v2,full_mlp_capacity_search_hd128_depth3,supervised_nmse_plateau,full_mlp,12,6,jit,bf16,bfloat16,1,128,ok,,77.479866,20,50,0.13048212,0.029154054399098593,0.093693,0.117099,0.16721100000000003,0.18537069999999997,0.20878205999999996,0.220006,7663.8852894174315,7.663885289417432,117.09899999999999,117.09899999999999,59.874103823573684,21776,21504,43352,all-physical,1.0,0.5,Intel(R) Xeon(R) 6760P,AVX512,"avx2,avx512f,avx512bw,avx512vl,avx512_vnni,avx512_bf16,amx_bf16,amx_int8,amx_tile,fma",True,True,,256,128,sh14l07002s1404,3.11.9,2.1.2+cu121
20260424_010536,2026-04-24T06:14:10.545834,cpu,full_mlp_capacity_search_hd128_depth3,/home/liangyi/SRS_AI/Model_AIIC_refactor/experiments_refactored/20260422_050408_full_mlp_capacity_search_v2/full_mlp_capacity_search_hd128_depth3,full_mlp_capacity_search_v2,full_mlp_capacity_search_hd128_depth3,supervised_nmse_plateau,full_mlp,12,6,jit,bf16,bfloat16,2,1,ok,,47.485681,20,50,0.04432784,0.0021266947910784,0.041217,0.04383,0.0469418,0.049390149999999994,0.050956219999999997,0.0518,45118.37256225433,45.11837256225433,43.83,21.915,45118.37256225433,21776,21504,43352,single-thread,0.0078125,0.00390625,Intel(R) Xeon(R) 6760P,AVX512,"avx2,avx512f,avx512bw,avx512vl,avx512_vnni,avx512_bf16,amx_bf16,amx_int8,amx_tile,fma",True,True,,256,128,sh14l07002s1404,3.11.9,2.1.2+cu121
20260424_010536,2026-04-24T06:14:10.545834,cpu,full_mlp_capacity_search_hd128_depth3,/home/liangyi/SRS_AI/Model_AIIC_refactor/experiments_refactored/20260422_050408_full_mlp_capacity_search_v2/full_mlp_capacity_search_hd128_depth3,full_mlp_capacity_search_v2,full_mlp_capacity_search_hd128_depth3,supervised_nmse_plateau,full_mlp,12,6,jit,bf16,bfloat16,2,2,ok,,47.57604,20,50,0.04868342,0.0020485325195368515,0.045742,0.048622,0.050416,0.0528837,0.05514314,0.055199,41081.748159845796,41.081748159845795,48.622,24.311,20540.874079922898,21776,21504,43352,sub-physical,0.015625,0.0078125,Intel(R) Xeon(R) 6760P,AVX512,"avx2,avx512f,avx512bw,avx512vl,avx512_vnni,avx512_bf16,amx_bf16,amx_int8,amx_tile,fma",True,True,,256,128,sh14l07002s1404,3.11.9,2.1.2+cu121
20260424_010536,2026-04-24T06:14:10.545834,cpu,full_mlp_capacity_search_hd128_depth3,/home/liangyi/SRS_AI/Model_AIIC_refactor/experiments_refactored/20260422_050408_full_mlp_capacity_search_v2/full_mlp_capacity_search_hd128_depth3,full_mlp_capacity_search_v2,full_mlp_capacity_search_hd128_depth3,supervised_nmse_plateau,full_mlp,12,6,jit,bf16,bfloat16,2,4,ok,,46.809852,20,50,0.05304728,0.002085102971462081,0.049366,0.0528055,0.0543939,0.05726505,0.05993805999999999,0.062146,37702.21583462903,37.70221583462903,52.805499999999995,26.402749999999997,9425.553958657258,21776,21504,43352,sub-physical,0.03125,0.015625,Intel(R) Xeon(R) 6760P,AVX512,"avx2,avx512f,avx512bw,avx512vl,avx512_vnni,avx512_bf16,amx_bf16,amx_int8,amx_tile,fma",True,True,,256,128,sh14l07002s1404,3.11.9,2.1.2+cu121
20260424_010536,2026-04-24T06:14:10.545834,cpu,full_mlp_capacity_search_hd128_depth3,/home/liangyi/SRS_AI/Model_AIIC_refactor/experiments_refactored/20260422_050408_full_mlp_capacity_search_v2/full_mlp_capacity_search_hd128_depth3,full_mlp_capacity_search_v2,full_mlp_capacity_search_hd128_depth3,supervised_nmse_plateau,full_mlp,12,6,jit,bf16,bfloat16,2,8,ok,,49.341708,20,50,0.06178498,0.0043973497358750085,0.055959,0.060761,0.0675245,0.0686901,0.07760800999999999,0.081406,32370.326898220246,32.37032689822025,60.761,30.3805,4046.290862277531,21776,21504,43352,sub-physical,0.0625,0.03125,Intel(R) Xeon(R) 6760P,AVX512,"avx2,avx512f,avx512bw,avx512vl,avx512_vnni,avx512_bf16,amx_bf16,amx_int8,amx_tile,fma",True,True,,256,128,sh14l07002s1404,3.11.9,2.1.2+cu121
20260424_010536,2026-04-24T06:14:10.545834,cpu,full_mlp_capacity_search_hd128_depth3,/home/liangyi/SRS_AI/Model_AIIC_refactor/experiments_refactored/20260422_050408_full_mlp_capacity_search_v2/full_mlp_capacity_search_hd128_depth3,full_mlp_capacity_search_v2,full_mlp_capacity_search_hd128_depth3,supervised_nmse_plateau,full_mlp,12,6,jit,bf16,bfloat16,2,128,ok,,72.634972,20,50,0.1929354,0.01161987642963556,0.169883,0.1901655,0.20760730000000002,0.21914475,0.22515458,0.227976,10366.164011373754,10.366164011373755,190.16549999999998,95.08274999999999,80.98565633885745,21776,21504,43352,all-physical,1.0,0.5,Intel(R) Xeon(R) 6760P,AVX512,"avx2,avx512f,avx512bw,avx512vl,avx512_vnni,avx512_bf16,amx_bf16,amx_int8,amx_tile,fma",True,True,,256,128,sh14l07002s1404,3.11.9,2.1.2+cu121
20260424_010536,2026-04-24T06:14:10.545834,cpu,full_mlp_capacity_search_hd128_depth3,/home/liangyi/SRS_AI/Model_AIIC_refactor/experiments_refactored/20260422_050408_full_mlp_capacity_search_v2/full_mlp_capacity_search_hd128_depth3,full_mlp_capacity_search_v2,full_mlp_capacity_search_hd128_depth3,supervised_nmse_plateau,full_mlp,12,6,jit,bf16,bfloat16,4,1,ok,,48.219255,20,50,0.04420494,0.0027461080270812363,0.041245,0.044006500000000004,0.046723299999999995,0.05056039999999999,0.05181437,0.051857,90487.6242338526,90.4876242338526,44.0065,11.001625,90487.6242338526,21776,21504,43352,single-thread,0.0078125,0.00390625,Intel(R) Xeon(R) 6760P,AVX512,"avx2,avx512f,avx512bw,avx512vl,avx512_vnni,avx512_bf16,amx_bf16,amx_int8,amx_tile,fma",True,True,,256,128,sh14l07002s1404,3.11.9,2.1.2+cu121
20260424_010536,2026-04-24T06:14:10.545834,cpu,full_mlp_capacity_search_hd128_depth3,/home/liangyi/SRS_AI/Model_AIIC_refactor/experiments_refactored/20260422_050408_full_mlp_capacity_search_v2/full_mlp_capacity_search_hd128_depth3,full_mlp_capacity_search_v2,full_mlp_capacity_search_hd128_depth3,supervised_nmse_plateau,full_mlp,12,6,jit,bf16,bfloat16,4,2,ok,,46.466269,20,50,0.05444226,0.0026861860978718505,0.048487,0.0548955,0.0569421,0.05834054999999999,0.06204716999999999,0.063305,73472.33564514038,73.47233564514038,54.8955,13.723875,36736.16782257019,21776,21504,43352,sub-physical,0.015625,0.0078125,Intel(R) Xeon(R) 6760P,AVX512,"avx2,avx512f,avx512bw,avx512vl,avx512_vnni,avx512_bf16,amx_bf16,amx_int8,amx_tile,fma",True,True,,256,128,sh14l07002s1404,3.11.9,2.1.2+cu121
20260424_010536,2026-04-24T06:14:10.545834,cpu,full_mlp_capacity_search_hd128_depth3,/home/liangyi/SRS_AI/Model_AIIC_refactor/experiments_refactored/20260422_050408_full_mlp_capacity_search_v2/full_mlp_capacity_search_hd128_depth3,full_mlp_capacity_search_v2,full_mlp_capacity_search_hd128_depth3,supervised_nmse_plateau,full_mlp,12,6,jit,bf16,bfloat16,4,4,ok,,48.520296,20,50,0.05773988,0.002766113458555162,0.050291,0.0582325,0.0606997,0.0611256,0.0627025,0.063805,69276.20909499639,69.27620909499639,58.2325,14.558125,17319.052273749097,21776,21504,43352,sub-physical,0.03125,0.015625,Intel(R) Xeon(R) 6760P,AVX512,"avx2,avx512f,avx512bw,avx512vl,avx512_vnni,avx512_bf16,amx_bf16,amx_int8,amx_tile,fma",True,True,,256,128,sh14l07002s1404,3.11.9,2.1.2+cu121
20260424_010536,2026-04-24T06:14:10.545834,cpu,full_mlp_capacity_search_hd128_depth3,/home/liangyi/SRS_AI/Model_AIIC_refactor/experiments_refactored/20260422_050408_full_mlp_capacity_search_v2/full_mlp_capacity_search_hd128_depth3,full_mlp_capacity_search_v2,full_mlp_capacity_search_hd128_depth3,supervised_nmse_plateau,full_mlp,12,6,jit,bf16,bfloat16,4,8,ok,,48.486652,20,50,0.06443892,0.004806494709619475,0.058633,0.0633045,0.0703044,0.07114965,0.08003729999999998,0.085099,62074.286781963456,62.07428678196346,63.3045,15.826125,7759.285847745432,21776,21504,43352,sub-physical,0.0625,0.03125,Intel(R) Xeon(R) 6760P,AVX512,"avx2,avx512f,avx512bw,avx512vl,avx512_vnni,avx512_bf16,amx_bf16,amx_int8,amx_tile,fma",True,True,,256,128,sh14l07002s1404,3.11.9,2.1.2+cu121
20260424_010536,2026-04-24T06:14:10.545834,cpu,full_mlp_capacity_search_hd128_depth3,/home/liangyi/SRS_AI/Model_AIIC_refactor/experiments_refactored/20260422_050408_full_mlp_capacity_search_v2/full_mlp_capacity_search_hd128_depth3,full_mlp_capacity_search_v2,full_mlp_capacity_search_hd128_depth3,supervised_nmse_plateau,full_mlp,12,6,jit,bf16,bfloat16,4,128,ok,,84.585312,20,50,0.19927876,0.013737967789393015,0.169991,0.198633,0.21205200000000002,0.22537309999999994,0.23964336,0.240396,20072.385034912902,20.0723850349129,198.633,49.65825,156.81550808525705,21776,21504,43352,all-physical,1.0,0.5,Intel(R) Xeon(R) 6760P,AVX512,"avx2,avx512f,avx512bw,avx512vl,avx512_vnni,avx512_bf16,amx_bf16,amx_int8,amx_tile,fma",True,True,,256,128,sh14l07002s1404,3.11.9,2.1.2+cu121
20260424_010536,2026-04-24T06:14:10.545834,cpu,full_mlp_capacity_search_hd128_depth3,/home/liangyi/SRS_AI/Model_AIIC_refactor/experiments_refactored/20260422_050408_full_mlp_capacity_search_v2/full_mlp_capacity_search_hd128_depth3,full_mlp_capacity_search_v2,full_mlp_capacity_search_hd128_depth3,supervised_nmse_plateau,full_mlp,12,6,jit,bf16,bfloat16,8,1,ok,,46.142285,20,50,0.04989494,0.0021903744466186597,0.04624,0.049909999999999996,0.0527113,0.05450554999999999,0.055953409999999995,0.056782,160336.8998940574,160.33689989405738,49.91,6.23875,160336.8998940574,21776,21504,43352,single-thread,0.0078125,0.00390625,Intel(R) Xeon(R) 6760P,AVX512,"avx2,avx512f,avx512bw,avx512vl,avx512_vnni,avx512_bf16,amx_bf16,amx_int8,amx_tile,fma",True,True,,256,128,sh14l07002s1404,3.11.9,2.1.2+cu121
20260424_010536,2026-04-24T06:14:10.545834,cpu,full_mlp_capacity_search_hd128_depth3,/home/liangyi/SRS_AI/Model_AIIC_refactor/experiments_refactored/20260422_050408_full_mlp_capacity_search_v2/full_mlp_capacity_search_hd128_depth3,full_mlp_capacity_search_v2,full_mlp_capacity_search_hd128_depth3,supervised_nmse_plateau,full_mlp,12,6,jit,bf16,bfloat16,8,2,ok,,47.004524,20,50,0.05618392,0.0034832106157394504,0.051179,0.055754,0.0601743,0.06093845,0.06646029999999999,0.070052,142389.49507261152,142.3894950726115,55.754,6.96925,71194.74753630576,21776,21504,43352,sub-physical,0.015625,0.0078125,Intel(R) Xeon(R) 6760P,AVX512,"avx2,avx512f,avx512bw,avx512vl,avx512_vnni,avx512_bf16,amx_bf16,amx_int8,amx_tile,fma",True,True,,256,128,sh14l07002s1404,3.11.9,2.1.2+cu121
20260424_010536,2026-04-24T06:14:10.545834,cpu,full_mlp_capacity_search_hd128_depth3,/home/liangyi/SRS_AI/Model_AIIC_refactor/experiments_refactored/20260422_050408_full_mlp_capacity_search_v2/full_mlp_capacity_search_hd128_depth3,full_mlp_capacity_search_v2,full_mlp_capacity_search_hd128_depth3,supervised_nmse_plateau,full_mlp,12,6,jit,bf16,bfloat16,8,4,ok,,48.390101,20,50,0.06138824,0.004168281044075603,0.055001,0.06149,0.06612889999999999,0.06797494999999999,0.07131596999999999,0.072711,130318.119561662,130.318119561662,61.49,7.68625,32579.5298904155,21776,21504,43352,sub-physical,0.03125,0.015625,Intel(R) Xeon(R) 6760P,AVX512,"avx2,avx512f,avx512bw,avx512vl,avx512_vnni,avx512_bf16,amx_bf16,amx_int8,amx_tile,fma",True,True,,256,128,sh14l07002s1404,3.11.9,2.1.2+cu121
20260424_010536,2026-04-24T06:14:10.545834,cpu,full_mlp_capacity_search_hd128_depth3,/home/liangyi/SRS_AI/Model_AIIC_refactor/experiments_refactored/20260422_050408_full_mlp_capacity_search_v2/full_mlp_capacity_search_hd128_depth3,full_mlp_capacity_search_v2,full_mlp_capacity_search_hd128_depth3,supervised_nmse_plateau,full_mlp,12,6,jit,bf16,bfloat16,8,8,ok,,48.094416,20,50,0.07138856,0.004427441184973551,0.064054,0.06997249999999999,0.076883,0.08074959999999999,0.08383117999999999,0.084967,112062.77308297016,112.06277308297017,69.9725,8.7465625,14007.84663537127,21776,21504,43352,sub-physical,0.0625,0.03125,Intel(R) Xeon(R) 6760P,AVX512,"avx2,avx512f,avx512bw,avx512vl,avx512_vnni,avx512_bf16,amx_bf16,amx_int8,amx_tile,fma",True,True,,256,128,sh14l07002s1404,3.11.9,2.1.2+cu121
20260424_010536,2026-04-24T06:14:10.545834,cpu,full_mlp_capacity_search_hd128_depth3,/home/liangyi/SRS_AI/Model_AIIC_refactor/experiments_refactored/20260422_050408_full_mlp_capacity_search_v2/full_mlp_capacity_search_hd128_depth3,full_mlp_capacity_search_v2,full_mlp_capacity_search_hd128_depth3,supervised_nmse_plateau,full_mlp,12,6,jit,bf16,bfloat16,8,128,ok,,81.244091,20,50,0.2360567,0.01590888773641954,0.211655,0.2310035,0.254626,0.26767335,0.2821106,0.284051,33890.162829523586,33.89016282952359,231.0035,28.8754375,264.766897105653,21776,21504,43352,all-physical,1.0,0.5,Intel(R) Xeon(R) 6760P,AVX512,"avx2,avx512f,avx512bw,avx512vl,avx512_vnni,avx512_bf16,amx_bf16,amx_int8,amx_tile,fma",True,True,,256,128,sh14l07002s1404,3.11.9,2.1.2+cu121
20260424_010536,2026-04-24T06:14:10.545834,cpu,full_mlp_capacity_search_hd128_depth3,/home/liangyi/SRS_AI/Model_AIIC_refactor/experiments_refactored/20260422_050408_full_mlp_capacity_search_v2/full_mlp_capacity_search_hd128_depth3,full_mlp_capacity_search_v2,full_mlp_capacity_search_hd128_depth3,supervised_nmse_plateau,full_mlp,12,6,jit,bf16,bfloat16,16,1,ok,,47.819411,20,50,0.05266696,0.0027883556226564786,0.046833,0.052803,0.05635,0.05797455,0.05921355,0.059363,303795.7763273217,303.79577632732173,52.803000000000004,3.3001875000000003,303795.7763273217,21776,21504,43352,single-thread,0.0078125,0.00390625,Intel(R) Xeon(R) 6760P,AVX512,"avx2,avx512f,avx512bw,avx512vl,avx512_vnni,avx512_bf16,amx_bf16,amx_int8,amx_tile,fma",True,True,,256,128,sh14l07002s1404,3.11.9,2.1.2+cu121
20260424_010536,2026-04-24T06:14:10.545834,cpu,full_mlp_capacity_search_hd128_depth3,/home/liangyi/SRS_AI/Model_AIIC_refactor/experiments_refactored/20260422_050408_full_mlp_capacity_search_v2/full_mlp_capacity_search_hd128_depth3,full_mlp_capacity_search_v2,full_mlp_capacity_search_hd128_depth3,supervised_nmse_plateau,full_mlp,12,6,jit,bf16,bfloat16,16,2,ok,,48.655513,20,50,0.05991832,0.0036700220949743615,0.054257,0.0585585,0.0645086,0.06599219999999999,0.06730028,0.067706,267030.183756821,267.030183756821,58.5585,3.65990625,133515.0918784105,21776,21504,43352,sub-physical,0.015625,0.0078125,Intel(R) Xeon(R) 6760P,AVX512,"avx2,avx512f,avx512bw,avx512vl,avx512_vnni,avx512_bf16,amx_bf16,amx_int8,amx_tile,fma",True,True,,256,128,sh14l07002s1404,3.11.9,2.1.2+cu121
20260424_010536,2026-04-24T06:14:10.545834,cpu,full_mlp_capacity_search_hd128_depth3,/home/liangyi/SRS_AI/Model_AIIC_refactor/experiments_refactored/20260422_050408_full_mlp_capacity_search_v2/full_mlp_capacity_search_hd128_depth3,full_mlp_capacity_search_v2,full_mlp_capacity_search_hd128_depth3,supervised_nmse_plateau,full_mlp,12,6,jit,bf16,bfloat16,16,4,ok,,48.741518,20,50,0.06792604000000001,0.0038599630203409985,0.063303,0.0670695,0.0717493,0.07464114999999999,0.07909908,0.079446,235550.3132524728,235.55031325247282,67.0695,4.19184375,58887.5783131182,21776,21504,43352,sub-physical,0.03125,0.015625,Intel(R) Xeon(R) 6760P,AVX512,"avx2,avx512f,avx512bw,avx512vl,avx512_vnni,avx512_bf16,amx_bf16,amx_int8,amx_tile,fma",True,True,,256,128,sh14l07002s1404,3.11.9,2.1.2+cu121
20260424_010536,2026-04-24T06:14:10.545834,cpu,full_mlp_capacity_search_hd128_depth3,/home/liangyi/SRS_AI/Model_AIIC_refactor/experiments_refactored/20260422_050408_full_mlp_capacity_search_v2/full_mlp_capacity_search_hd128_depth3,full_mlp_capacity_search_v2,full_mlp_capacity_search_hd128_depth3,supervised_nmse_plateau,full_mlp,12,6,jit,bf16,bfloat16,16,8,ok,,48.032578,20,50,0.07055484,0.003222856914974663,0.065082,0.0702985,0.0732288,0.07426485,0.07991149999999998,0.083709,226773.95342403158,226.7739534240316,70.2985,4.39365625,28346.744178003948,21776,21504,43352,sub-physical,0.0625,0.03125,Intel(R) Xeon(R) 6760P,AVX512,"avx2,avx512f,avx512bw,avx512vl,avx512_vnni,avx512_bf16,amx_bf16,amx_int8,amx_tile,fma",True,True,,256,128,sh14l07002s1404,3.11.9,2.1.2+cu121
20260424_010536,2026-04-24T06:14:10.545834,cpu,full_mlp_capacity_search_hd128_depth3,/home/liangyi/SRS_AI/Model_AIIC_refactor/experiments_refactored/20260422_050408_full_mlp_capacity_search_v2/full_mlp_capacity_search_hd128_depth3,full_mlp_capacity_search_v2,full_mlp_capacity_search_hd128_depth3,supervised_nmse_plateau,full_mlp,12,6,jit,bf16,bfloat16,16,128,ok,,84.38111,20,50,0.24130594,0.016937248252782977,0.214304,0.2363565,0.26625210000000005,0.27501985,0.28454955,0.289207,66305.86880704222,66.30586880704222,236.3565,14.77228125,518.0146000550174,21776,21504,43352,all-physical,1.0,0.5,Intel(R) Xeon(R) 6760P,AVX512,"avx2,avx512f,avx512bw,avx512vl,avx512_vnni,avx512_bf16,amx_bf16,amx_int8,amx_tile,fma",True,True,,256,128,sh14l07002s1404,3.11.9,2.1.2+cu121
20260424_010536,2026-04-24T06:14:10.545834,cpu,full_mlp_capacity_search_hd128_depth3,/home/liangyi/SRS_AI/Model_AIIC_refactor/experiments_refactored/20260422_050408_full_mlp_capacity_search_v2/full_mlp_capacity_search_hd128_depth3,full_mlp_capacity_search_v2,full_mlp_capacity_search_hd128_depth3,supervised_nmse_plateau,full_mlp,12,6,jit,bf16,bfloat16,32,1,ok,,47.231492,20,50,0.05615066,0.002459725949043917,0.050772,0.0562205,0.0592475,0.0596535,0.06093604,0.061967,569895.3494046197,569.8953494046197,56.2205,1.756890625,569895.3494046197,21776,21504,43352,single-thread,0.0078125,0.00390625,Intel(R) Xeon(R) 6760P,AVX512,"avx2,avx512f,avx512bw,avx512vl,avx512_vnni,avx512_bf16,amx_bf16,amx_int8,amx_tile,fma",True,True,,256,128,sh14l07002s1404,3.11.9,2.1.2+cu121
20260424_010536,2026-04-24T06:14:10.545834,cpu,full_mlp_capacity_search_hd128_depth3,/home/liangyi/SRS_AI/Model_AIIC_refactor/experiments_refactored/20260422_050408_full_mlp_capacity_search_v2/full_mlp_capacity_search_hd128_depth3,full_mlp_capacity_search_v2,full_mlp_capacity_search_hd128_depth3,supervised_nmse_plateau,full_mlp,12,6,jit,bf16,bfloat16,32,2,ok,,47.735919,20,50,0.0695834,0.0032502081779479906,0.062942,0.069635,0.0732091,0.0754112,0.07803513,0.079781,459879.7989175579,459.87979891755793,69.635,2.17609375,229939.89945877896,21776,21504,43352,sub-physical,0.015625,0.0078125,Intel(R) Xeon(R) 6760P,AVX512,"avx2,avx512f,avx512bw,avx512vl,avx512_vnni,avx512_bf16,amx_bf16,amx_int8,amx_tile,fma",True,True,,256,128,sh14l07002s1404,3.11.9,2.1.2+cu121
20260424_010536,2026-04-24T06:14:10.545834,cpu,full_mlp_capacity_search_hd128_depth3,/home/liangyi/SRS_AI/Model_AIIC_refactor/experiments_refactored/20260422_050408_full_mlp_capacity_search_v2/full_mlp_capacity_search_hd128_depth3,full_mlp_capacity_search_v2,full_mlp_capacity_search_hd128_depth3,supervised_nmse_plateau,full_mlp,12,6,jit,bf16,bfloat16,32,4,ok,,49.230462,20,50,0.07948052,0.0037441298013824263,0.073103,0.078455,0.08536650000000001,0.08664575,0.08768986,0.088075,402614.3764535008,402.6143764535008,78.455,2.45171875,100653.5941133752,21776,21504,43352,sub-physical,0.03125,0.015625,Intel(R) Xeon(R) 6760P,AVX512,"avx2,avx512f,avx512bw,avx512vl,avx512_vnni,avx512_bf16,amx_bf16,amx_int8,amx_tile,fma",True,True,,256,128,sh14l07002s1404,3.11.9,2.1.2+cu121
20260424_010536,2026-04-24T06:14:10.545834,cpu,full_mlp_capacity_search_hd128_depth3,/home/liangyi/SRS_AI/Model_AIIC_refactor/experiments_refactored/20260422_050408_full_mlp_capacity_search_v2/full_mlp_capacity_search_hd128_depth3,full_mlp_capacity_search_v2,full_mlp_capacity_search_hd128_depth3,supervised_nmse_plateau,full_mlp,12,6,jit,bf16,bfloat16,32,8,ok,,49.242763,20,50,0.0816556,0.004150270183975978,0.073851,0.08044000000000001,0.0873769,0.08969484999999999,0.09235146999999999,0.093477,391889.8397660418,391.8898397660418,80.44000000000001,2.5137500000000004,48986.22997075522,21776,21504,43352,sub-physical,0.0625,0.03125,Intel(R) Xeon(R) 6760P,AVX512,"avx2,avx512f,avx512bw,avx512vl,avx512_vnni,avx512_bf16,amx_bf16,amx_int8,amx_tile,fma",True,True,,256,128,sh14l07002s1404,3.11.9,2.1.2+cu121
20260424_010536,2026-04-24T06:14:10.545834,cpu,full_mlp_capacity_search_hd128_depth3,/home/liangyi/SRS_AI/Model_AIIC_refactor/experiments_refactored/20260422_050408_full_mlp_capacity_search_v2/full_mlp_capacity_search_hd128_depth3,full_mlp_capacity_search_v2,full_mlp_capacity_search_hd128_depth3,supervised_nmse_plateau,full_mlp,12,6,jit,bf16,bfloat16,32,128,ok,,92.198565,20,50,0.23992512,0.01951268861089112,0.212942,0.23420649999999998,0.2789559,0.28304485,0.29176244999999995,0.295239,133374.9463165841,133.3749463165841,234.20649999999998,7.318953124999999,1041.9917680983133,21776,21504,43352,all-physical,1.0,0.5,Intel(R) Xeon(R) 6760P,AVX512,"avx2,avx512f,avx512bw,avx512vl,avx512_vnni,avx512_bf16,amx_bf16,amx_int8,amx_tile,fma",True,True,,256,128,sh14l07002s1404,3.11.9,2.1.2+cu121
20260424_010536,2026-04-24T06:14:10.545834,cpu,full_mlp_capacity_search_hd128_depth3,/home/liangyi/SRS_AI/Model_AIIC_refactor/experiments_refactored/20260422_050408_full_mlp_capacity_search_v2/full_mlp_capacity_search_hd128_depth3,full_mlp_capacity_search_v2,full_mlp_capacity_search_hd128_depth3,supervised_nmse_plateau,full_mlp,12,6,jit,bf16,bfloat16,64,1,ok,,50.406594,20,50,0.0679888,0.0028727577134175447,0.063157,0.067136,0.0719082,0.07420285,0.07470341999999999,0.074724,941331.5134257406,941.3315134257407,67.136,1.049,941331.5134257406,21776,21504,43352,single-thread,0.0078125,0.00390625,Intel(R) Xeon(R) 6760P,AVX512,"avx2,avx512f,avx512bw,avx512vl,avx512_vnni,avx512_bf16,amx_bf16,amx_int8,amx_tile,fma",True,True,,256,128,sh14l07002s1404,3.11.9,2.1.2+cu121
20260424_010536,2026-04-24T06:14:10.545834,cpu,full_mlp_capacity_search_hd128_depth3,/home/liangyi/SRS_AI/Model_AIIC_refactor/experiments_refactored/20260422_050408_full_mlp_capacity_search_v2/full_mlp_capacity_search_hd128_depth3,full_mlp_capacity_search_v2,full_mlp_capacity_search_hd128_depth3,supervised_nmse_plateau,full_mlp,12,6,jit,bf16,bfloat16,64,2,ok,,49.663424,20,50,0.0900745,0.0041129332562053564,0.08167,0.0908885,0.0949293,0.0956935,0.09651016999999999,0.096592,710522.9559975354,710.5229559975354,90.8885,1.4201328125,355261.4779987677,21776,21504,43352,sub-physical,0.015625,0.0078125,Intel(R) Xeon(R) 6760P,AVX512,"avx2,avx512f,avx512bw,avx512vl,avx512_vnni,avx512_bf16,amx_bf16,amx_int8,amx_tile,fma",True,True,,256,128,sh14l07002s1404,3.11.9,2.1.2+cu121
20260424_010536,2026-04-24T06:14:10.545834,cpu,full_mlp_capacity_search_hd128_depth3,/home/liangyi/SRS_AI/Model_AIIC_refactor/experiments_refactored/20260422_050408_full_mlp_capacity_search_v2/full_mlp_capacity_search_hd128_depth3,full_mlp_capacity_search_v2,full_mlp_capacity_search_hd128_depth3,supervised_nmse_plateau,full_mlp,12,6,jit,bf16,bfloat16,64,4,ok,,48.920621,20,50,0.10190448,0.003695316610197292,0.095168,0.10166900000000001,0.1054787,0.1078171,0.11310110999999999,0.114405,628039.1205568194,628.0391205568194,101.66900000000001,1.5885781250000002,157009.78013920484,21776,21504,43352,sub-physical,0.03125,0.015625,Intel(R) Xeon(R) 6760P,AVX512,"avx2,avx512f,avx512bw,avx512vl,avx512_vnni,avx512_bf16,amx_bf16,amx_int8,amx_tile,fma",True,True,,256,128,sh14l07002s1404,3.11.9,2.1.2+cu121
20260424_010536,2026-04-24T06:14:10.545834,cpu,full_mlp_capacity_search_hd128_depth3,/home/liangyi/SRS_AI/Model_AIIC_refactor/experiments_refactored/20260422_050408_full_mlp_capacity_search_v2/full_mlp_capacity_search_hd128_depth3,full_mlp_capacity_search_v2,full_mlp_capacity_search_hd128_depth3,supervised_nmse_plateau,full_mlp,12,6,jit,bf16,bfloat16,64,8,ok,,49.260709,20,50,0.10778652,0.005038650145584629,0.097775,0.1084695,0.1129913,0.1152753,0.11842769,0.118437,593766.2705874539,593.7662705874538,108.4695,1.6948359375,74220.78382343173,21776,21504,43352,sub-physical,0.0625,0.03125,Intel(R) Xeon(R) 6760P,AVX512,"avx2,avx512f,avx512bw,avx512vl,avx512_vnni,avx512_bf16,amx_bf16,amx_int8,amx_tile,fma",True,True,,256,128,sh14l07002s1404,3.11.9,2.1.2+cu121
20260424_010536,2026-04-24T06:14:10.545834,cpu,full_mlp_capacity_search_hd128_depth3,/home/liangyi/SRS_AI/Model_AIIC_refactor/experiments_refactored/20260422_050408_full_mlp_capacity_search_v2/full_mlp_capacity_search_hd128_depth3,full_mlp_capacity_search_v2,full_mlp_capacity_search_hd128_depth3,supervised_nmse_plateau,full_mlp,12,6,jit,bf16,bfloat16,64,128,ok,,90.031898,20,50,0.2670053,0.021862553535440456,0.231038,0.25968250000000004,0.3036089,0.30822825,0.31870443000000004,0.319093,239695.6165289603,239.6956165289603,259.68250000000006,4.057539062500001,1872.6220041325023,21776,21504,43352,all-physical,1.0,0.5,Intel(R) Xeon(R) 6760P,AVX512,"avx2,avx512f,avx512bw,avx512vl,avx512_vnni,avx512_bf16,amx_bf16,amx_int8,amx_tile,fma",True,True,,256,128,sh14l07002s1404,3.11.9,2.1.2+cu121
20260424_010536,2026-04-24T06:14:10.545834,cpu,full_mlp_capacity_search_hd128_depth3,/home/liangyi/SRS_AI/Model_AIIC_refactor/experiments_refactored/20260422_050408_full_mlp_capacity_search_v2/full_mlp_capacity_search_hd128_depth3,full_mlp_capacity_search_v2,full_mlp_capacity_search_hd128_depth3,supervised_nmse_plateau,full_mlp,12,6,jit,bf16,bfloat16,128,1,ok,,48.555874,20,50,0.08776724,0.0029183112072566904,0.084386,0.0872085,0.09091060000000001,0.09144645,0.09833377999999998,0.103027,1458402.9302960879,1458.4029302960878,87.2085,0.68131640625,1458402.9302960879,21776,21504,43352,single-thread,0.0078125,0.00390625,Intel(R) Xeon(R) 6760P,AVX512,"avx2,avx512f,avx512bw,avx512vl,avx512_vnni,avx512_bf16,amx_bf16,amx_int8,amx_tile,fma",True,True,,256,128,sh14l07002s1404,3.11.9,2.1.2+cu121
20260424_010536,2026-04-24T06:14:10.545834,cpu,full_mlp_capacity_search_hd128_depth3,/home/liangyi/SRS_AI/Model_AIIC_refactor/experiments_refactored/20260422_050408_full_mlp_capacity_search_v2/full_mlp_capacity_search_hd128_depth3,full_mlp_capacity_search_v2,full_mlp_capacity_search_hd128_depth3,supervised_nmse_plateau,full_mlp,12,6,jit,bf16,bfloat16,128,2,ok,,50.384765,20,50,0.1214575,0.004596314916321552,0.111738,0.1216215,0.1267612,0.12876435,0.13095736,0.13269,1053866.5788444518,1053.8665788444519,121.6215,0.95016796875,526933.2894222259,21776,21504,43352,sub-physical,0.015625,0.0078125,Intel(R) Xeon(R) 6760P,AVX512,"avx2,avx512f,avx512bw,avx512vl,avx512_vnni,avx512_bf16,amx_bf16,amx_int8,amx_tile,fma",True,True,,256,128,sh14l07002s1404,3.11.9,2.1.2+cu121
20260424_010536,2026-04-24T06:14:10.545834,cpu,full_mlp_capacity_search_hd128_depth3,/home/liangyi/SRS_AI/Model_AIIC_refactor/experiments_refactored/20260422_050408_full_mlp_capacity_search_v2/full_mlp_capacity_search_hd128_depth3,full_mlp_capacity_search_v2,full_mlp_capacity_search_hd128_depth3,supervised_nmse_plateau,full_mlp,12,6,jit,bf16,bfloat16,128,4,ok,,50.659236,20,50,0.13941422,0.004002339437329124,0.129447,0.13927,0.1438726,0.145414,0.14743885,0.147946,918127.2900282339,918.1272900282339,139.27,1.088046875,229531.82250705847,21776,21504,43352,sub-physical,0.03125,0.015625,Intel(R) Xeon(R) 6760P,AVX512,"avx2,avx512f,avx512bw,avx512vl,avx512_vnni,avx512_bf16,amx_bf16,amx_int8,amx_tile,fma",True,True,,256,128,sh14l07002s1404,3.11.9,2.1.2+cu121
20260424_010536,2026-04-24T06:14:10.545834,cpu,full_mlp_capacity_search_hd128_depth3,/home/liangyi/SRS_AI/Model_AIIC_refactor/experiments_refactored/20260422_050408_full_mlp_capacity_search_v2/full_mlp_capacity_search_hd128_depth3,full_mlp_capacity_search_v2,full_mlp_capacity_search_hd128_depth3,supervised_nmse_plateau,full_mlp,12,6,jit,bf16,bfloat16,128,8,ok,,52.506153,20,50,0.20289846,0.01446328008746287,0.16807,0.2012725,0.22066449999999999,0.22664594999999998,0.23540292,0.238829,630857.4249405343,630.8574249405343,201.27249999999998,1.5724414062499998,78857.17811756679,21776,21504,43352,sub-physical,0.0625,0.03125,Intel(R) Xeon(R) 6760P,AVX512,"avx2,avx512f,avx512bw,avx512vl,avx512_vnni,avx512_bf16,amx_bf16,amx_int8,amx_tile,fma",True,True,,256,128,sh14l07002s1404,3.11.9,2.1.2+cu121
20260424_010536,2026-04-24T06:14:10.545834,cpu,full_mlp_capacity_search_hd128_depth3,/home/liangyi/SRS_AI/Model_AIIC_refactor/experiments_refactored/20260422_050408_full_mlp_capacity_search_v2/full_mlp_capacity_search_hd128_depth3,full_mlp_capacity_search_v2,full_mlp_capacity_search_hd128_depth3,supervised_nmse_plateau,full_mlp,12,6,jit,bf16,bfloat16,128,128,ok,,94.295181,20,50,0.30737648,0.027017432659111044,0.267546,0.2975195,0.34049650000000004,0.3528399,0.3910574699999999,0.414576,416427.4377792341,416.4274377792341,297.5195,2.32437109375,3253.3393576502663,21776,21504,43352,all-physical,1.0,0.5,Intel(R) Xeon(R) 6760P,AVX512,"avx2,avx512f,avx512bw,avx512vl,avx512_vnni,avx512_bf16,amx_bf16,amx_int8,amx_tile,fma",True,True,,256,128,sh14l07002s1404,3.11.9,2.1.2+cu121
20260424_010536,2026-04-24T06:14:10.545834,cpu,full_mlp_capacity_search_hd128_depth3,/home/liangyi/SRS_AI/Model_AIIC_refactor/experiments_refactored/20260422_050408_full_mlp_capacity_search_v2/full_mlp_capacity_search_hd128_depth3,full_mlp_capacity_search_v2,full_mlp_capacity_search_hd128_depth3,supervised_nmse_plateau,full_mlp,12,6,compile,fp32,float32,1,1,ok,,538.129446,20,50,0.0347723,0.002169394102047851,0.03246,0.0340455,0.0381928,0.03932985,0.041437659999999994,0.041911,28758.523307345215,28.758523307345214,34.0455,34.0455,28758.523307345215,21776,21504,43352,single-thread,0.0078125,0.00390625,Intel(R) Xeon(R) 6760P,AVX512,"avx2,avx512f,avx512bw,avx512vl,avx512_vnni,avx512_bf16,amx_bf16,amx_int8,amx_tile,fma",True,True,,256,128,sh14l07002s1404,3.11.9,2.1.2+cu121
20260424_010536,2026-04-24T06:14:10.545834,cpu,full_mlp_capacity_search_hd128_depth3,/home/liangyi/SRS_AI/Model_AIIC_refactor/experiments_refactored/20260422_050408_full_mlp_capacity_search_v2/full_mlp_capacity_search_hd128_depth3,full_mlp_capacity_search_v2,full_mlp_capacity_search_hd128_depth3,supervised_nmse_plateau,full_mlp,12,6,compile,fp32,float32,1,2,ok,,509.724629,20,50,0.03700992,0.001417616024740127,0.034796,0.036879499999999996,0.038240500000000004,0.0394314,0.04149666,0.043097,27019.782804177907,27.019782804177908,36.87949999999999,36.87949999999999,13509.891402088953,21776,21504,43352,sub-physical,0.015625,0.0078125,Intel(R) Xeon(R) 6760P,AVX512,"avx2,avx512f,avx512bw,avx512vl,avx512_vnni,avx512_bf16,amx_bf16,amx_int8,amx_tile,fma",True,True,,256,128,sh14l07002s1404,3.11.9,2.1.2+cu121
20260424_010536,2026-04-24T06:14:10.545834,cpu,full_mlp_capacity_search_hd128_depth3,/home/liangyi/SRS_AI/Model_AIIC_refactor/experiments_refactored/20260422_050408_full_mlp_capacity_search_v2/full_mlp_capacity_search_hd128_depth3,full_mlp_capacity_search_v2,full_mlp_capacity_search_hd128_depth3,supervised_nmse_plateau,full_mlp,12,6,compile,fp32,float32,1,4,ok,,516.827893,20,50,0.03592834,0.0016388339343569864,0.032962,0.035735,0.037471199999999996,0.0380219,0.04123206999999999,0.043759,27833.18127138632,27.83318127138632,35.735,35.735,6958.29531784658,21776,21504,43352,sub-physical,0.03125,0.015625,Intel(R) Xeon(R) 6760P,AVX512,"avx2,avx512f,avx512bw,avx512vl,avx512_vnni,avx512_bf16,amx_bf16,amx_int8,amx_tile,fma",True,True,,256,128,sh14l07002s1404,3.11.9,2.1.2+cu121
20260424_010536,2026-04-24T06:14:10.545834,cpu,full_mlp_capacity_search_hd128_depth3,/home/liangyi/SRS_AI/Model_AIIC_refactor/experiments_refactored/20260422_050408_full_mlp_capacity_search_v2/full_mlp_capacity_search_hd128_depth3,full_mlp_capacity_search_v2,full_mlp_capacity_search_hd128_depth3,supervised_nmse_plateau,full_mlp,12,6,compile,fp32,float32,1,8,ok,,541.292441,20,50,0.04093186,0.0020582698366346432,0.03821,0.040596999999999994,0.0430173,0.04423485,0.04822363,0.048377,24430.8467780355,24.430846778035498,40.596999999999994,40.596999999999994,3053.8558472544373,21776,21504,43352,sub-physical,0.0625,0.03125,Intel(R) Xeon(R) 6760P,AVX512,"avx2,avx512f,avx512bw,avx512vl,avx512_vnni,avx512_bf16,amx_bf16,amx_int8,amx_tile,fma",True,True,,256,128,sh14l07002s1404,3.11.9,2.1.2+cu121
20260424_010536,2026-04-24T06:14:10.545834,cpu,full_mlp_capacity_search_hd128_depth3,/home/liangyi/SRS_AI/Model_AIIC_refactor/experiments_refactored/20260422_050408_full_mlp_capacity_search_v2/full_mlp_capacity_search_hd128_depth3,full_mlp_capacity_search_v2,full_mlp_capacity_search_hd128_depth3,supervised_nmse_plateau,full_mlp,12,6,compile,fp32,float32,1,128,ok,,767.539397,20,50,0.03388174,0.0014027112719301863,0.032053,0.033732,0.035161200000000004,0.03652435,0.03882785,0.04007,29514.422812996025,29.514422812996024,33.732,33.732,230.58142822653144,21776,21504,43352,all-physical,1.0,0.5,Intel(R) Xeon(R) 6760P,AVX512,"avx2,avx512f,avx512bw,avx512vl,avx512_vnni,avx512_bf16,amx_bf16,amx_int8,amx_tile,fma",True,True,,256,128,sh14l07002s1404,3.11.9,2.1.2+cu121
20260424_010536,2026-04-24T06:14:10.545834,cpu,full_mlp_capacity_search_hd128_depth3,/home/liangyi/SRS_AI/Model_AIIC_refactor/experiments_refactored/20260422_050408_full_mlp_capacity_search_v2/full_mlp_capacity_search_hd128_depth3,full_mlp_capacity_search_v2,full_mlp_capacity_search_hd128_depth3,supervised_nmse_plateau,full_mlp,12,6,compile,fp32,float32,2,1,ok,,537.156114,20,50,0.03688684,0.0026850506018323,0.033172,0.036346500000000004,0.039969,0.04075385,0.04106332,0.041226,54219.87895954221,54.219878959542214,36.346500000000006,18.173250000000003,54219.87895954221,21776,21504,43352,single-thread,0.0078125,0.00390625,Intel(R) Xeon(R) 6760P,AVX512,"avx2,avx512f,avx512bw,avx512vl,avx512_vnni,avx512_bf16,amx_bf16,amx_int8,amx_tile,fma",True,True,,256,128,sh14l07002s1404,3.11.9,2.1.2+cu121
20260424_010536,2026-04-24T06:14:10.545834,cpu,full_mlp_capacity_search_hd128_depth3,/home/liangyi/SRS_AI/Model_AIIC_refactor/experiments_refactored/20260422_050408_full_mlp_capacity_search_v2/full_mlp_capacity_search_hd128_depth3,full_mlp_capacity_search_v2,full_mlp_capacity_search_hd128_depth3,supervised_nmse_plateau,full_mlp,12,6,compile,fp32,float32,2,2,ok,,537.805372,20,50,0.03484816,0.0023103996049168634,0.031962,0.034161,0.0392057,0.0398496,0.04030291,0.040519,57391.83933958063,57.39183933958063,34.160999999999994,17.080499999999997,28695.919669790313,21776,21504,43352,sub-physical,0.015625,0.0078125,Intel(R) Xeon(R) 6760P,AVX512,"avx2,avx512f,avx512bw,avx512vl,avx512_vnni,avx512_bf16,amx_bf16,amx_int8,amx_tile,fma",True,True,,256,128,sh14l07002s1404,3.11.9,2.1.2+cu121
20260424_010536,2026-04-24T06:14:10.545834,cpu,full_mlp_capacity_search_hd128_depth3,/home/liangyi/SRS_AI/Model_AIIC_refactor/experiments_refactored/20260422_050408_full_mlp_capacity_search_v2/full_mlp_capacity_search_hd128_depth3,full_mlp_capacity_search_v2,full_mlp_capacity_search_hd128_depth3,supervised_nmse_plateau,full_mlp,12,6,compile,fp32,float32,2,4,ok,,510.517695,20,50,0.03774594,0.002485312031999201,0.033754,0.036852499999999996,0.0413323,0.04190045,0.04334489,0.044295,52985.83105891654,52.98583105891654,36.8525,18.42625,13246.457764729135,21776,21504,43352,sub-physical,0.03125,0.015625,Intel(R) Xeon(R) 6760P,AVX512,"avx2,avx512f,avx512bw,avx512vl,avx512_vnni,avx512_bf16,amx_bf16,amx_int8,amx_tile,fma",True,True,,256,128,sh14l07002s1404,3.11.9,2.1.2+cu121
20260424_010536,2026-04-24T06:14:10.545834,cpu,full_mlp_capacity_search_hd128_depth3,/home/liangyi/SRS_AI/Model_AIIC_refactor/experiments_refactored/20260422_050408_full_mlp_capacity_search_v2/full_mlp_capacity_search_hd128_depth3,full_mlp_capacity_search_v2,full_mlp_capacity_search_hd128_depth3,supervised_nmse_plateau,full_mlp,12,6,compile,fp32,float32,2,8,ok,,541.869714,20,50,0.0381963,0.002805283417054327,0.034084,0.0371045,0.0418189,0.04193105,0.043092269999999995,0.044012,52361.09256655748,52.36109256655748,37.1045,18.55225,6545.136570819685,21776,21504,43352,sub-physical,0.0625,0.03125,Intel(R) Xeon(R) 6760P,AVX512,"avx2,avx512f,avx512bw,avx512vl,avx512_vnni,avx512_bf16,amx_bf16,amx_int8,amx_tile,fma",True,True,,256,128,sh14l07002s1404,3.11.9,2.1.2+cu121
20260424_010536,2026-04-24T06:14:10.545834,cpu,full_mlp_capacity_search_hd128_depth3,/home/liangyi/SRS_AI/Model_AIIC_refactor/experiments_refactored/20260422_050408_full_mlp_capacity_search_v2/full_mlp_capacity_search_hd128_depth3,full_mlp_capacity_search_v2,full_mlp_capacity_search_hd128_depth3,supervised_nmse_plateau,full_mlp,12,6,compile,fp32,float32,2,128,ok,,725.977296,20,50,0.03658708,0.002727772980583245,0.032882,0.0354605,0.0402978,0.0419101,0.04427875999999999,0.045443,54664.10547111166,54.66410547111166,35.460499999999996,17.730249999999998,427.06332399305984,21776,21504,43352,all-physical,1.0,0.5,Intel(R) Xeon(R) 6760P,AVX512,"avx2,avx512f,avx512bw,avx512vl,avx512_vnni,avx512_bf16,amx_bf16,amx_int8,amx_tile,fma",True,True,,256,128,sh14l07002s1404,3.11.9,2.1.2+cu121
20260424_010536,2026-04-24T06:14:10.545834,cpu,full_mlp_capacity_search_hd128_depth3,/home/liangyi/SRS_AI/Model_AIIC_refactor/experiments_refactored/20260422_050408_full_mlp_capacity_search_v2/full_mlp_capacity_search_hd128_depth3,full_mlp_capacity_search_v2,full_mlp_capacity_search_hd128_depth3,supervised_nmse_plateau,full_mlp,12,6,compile,fp32,float32,4,1,ok,,545.896528,20,50,0.03608472,0.001888581923454738,0.034094,0.035517,0.0382601,0.03996899999999999,0.042593179999999994,0.042994,110850.24353798506,110.85024353798507,35.517,8.87925,110850.24353798506,21776,21504,43352,single-thread,0.0078125,0.00390625,Intel(R) Xeon(R) 6760P,AVX512,"avx2,avx512f,avx512bw,avx512vl,avx512_vnni,avx512_bf16,amx_bf16,amx_int8,amx_tile,fma",True,True,,256,128,sh14l07002s1404,3.11.9,2.1.2+cu121
20260424_010536,2026-04-24T06:14:10.545834,cpu,full_mlp_capacity_search_hd128_depth3,/home/liangyi/SRS_AI/Model_AIIC_refactor/experiments_refactored/20260422_050408_full_mlp_capacity_search_v2/full_mlp_capacity_search_hd128_depth3,full_mlp_capacity_search_v2,full_mlp_capacity_search_hd128_depth3,supervised_nmse_plateau,full_mlp,12,6,compile,fp32,float32,4,2,ok,,515.331166,20,50,0.03695976,0.002931666260405505,0.03375,0.0359435,0.0415421,0.041828,0.045974279999999985,0.049516,108225.81099011465,108.22581099011465,35.9435,8.985875,54112.905495057326,21776,21504,43352,sub-physical,0.015625,0.0078125,Intel(R) Xeon(R) 6760P,AVX512,"avx2,avx512f,avx512bw,avx512vl,avx512_vnni,avx512_bf16,amx_bf16,amx_int8,amx_tile,fma",True,True,,256,128,sh14l07002s1404,3.11.9,2.1.2+cu121
20260424_010536,2026-04-24T06:14:10.545834,cpu,full_mlp_capacity_search_hd128_depth3,/home/liangyi/SRS_AI/Model_AIIC_refactor/experiments_refactored/20260422_050408_full_mlp_capacity_search_v2/full_mlp_capacity_search_hd128_depth3,full_mlp_capacity_search_v2,full_mlp_capacity_search_hd128_depth3,supervised_nmse_plateau,full_mlp,12,6,compile,fp32,float32,4,4,ok,,519.177466,20,50,0.03686828,0.0025362044321387027,0.033613,0.0358315,0.0418526,0.04206785,0.042290549999999996,0.042391,108494.3479869416,108.4943479869416,35.831500000000005,8.957875000000001,27123.5869967354,21776,21504,43352,sub-physical,0.03125,0.015625,Intel(R) Xeon(R) 6760P,AVX512,"avx2,avx512f,avx512bw,avx512vl,avx512_vnni,avx512_bf16,amx_bf16,amx_int8,amx_tile,fma",True,True,,256,128,sh14l07002s1404,3.11.9,2.1.2+cu121
20260424_010536,2026-04-24T06:14:10.545834,cpu,full_mlp_capacity_search_hd128_depth3,/home/liangyi/SRS_AI/Model_AIIC_refactor/experiments_refactored/20260422_050408_full_mlp_capacity_search_v2/full_mlp_capacity_search_hd128_depth3,full_mlp_capacity_search_v2,full_mlp_capacity_search_hd128_depth3,supervised_nmse_plateau,full_mlp,12,6,compile,fp32,float32,4,8,ok,,542.871436,20,50,0.03675548,0.002500906797463672,0.033836,0.0358035,0.0409993,0.04181305,0.043616489999999994,0.04489,108827.30956037031,108.82730956037031,35.8035,8.950875,13603.413695046289,21776,21504,43352,sub-physical,0.0625,0.03125,Intel(R) Xeon(R) 6760P,AVX512,"avx2,avx512f,avx512bw,avx512vl,avx512_vnni,avx512_bf16,amx_bf16,amx_int8,amx_tile,fma",True,True,,256,128,sh14l07002s1404,3.11.9,2.1.2+cu121
20260424_010536,2026-04-24T06:14:10.545834,cpu,full_mlp_capacity_search_hd128_depth3,/home/liangyi/SRS_AI/Model_AIIC_refactor/experiments_refactored/20260422_050408_full_mlp_capacity_search_v2/full_mlp_capacity_search_hd128_depth3,full_mlp_capacity_search_v2,full_mlp_capacity_search_hd128_depth3,supervised_nmse_plateau,full_mlp,12,6,compile,fp32,float32,4,128,ok,,667.026809,20,50,0.0377084,0.0028434292535598634,0.033993,0.0363765,0.0420784,0.0423395,0.0427269,0.042967,106077.16052656702,106.07716052656703,36.3765,9.094125,828.7278166138049,21776,21504,43352,all-physical,1.0,0.5,Intel(R) Xeon(R) 6760P,AVX512,"avx2,avx512f,avx512bw,avx512vl,avx512_vnni,avx512_bf16,amx_bf16,amx_int8,amx_tile,fma",True,True,,256,128,sh14l07002s1404,3.11.9,2.1.2+cu121
20260424_010536,2026-04-24T06:14:10.545834,cpu,full_mlp_capacity_search_hd128_depth3,/home/liangyi/SRS_AI/Model_AIIC_refactor/experiments_refactored/20260422_050408_full_mlp_capacity_search_v2/full_mlp_capacity_search_hd128_depth3,full_mlp_capacity_search_v2,full_mlp_capacity_search_hd128_depth3,supervised_nmse_plateau,full_mlp,12,6,compile,fp32,float32,8,1,ok,,532.587525,20,50,0.03740668,0.001739174924382249,0.035563,0.036825,0.0388754,0.041074299999999994,0.04360544,0.043774,213865.5448705953,213.8655448705953,36.824999999999996,4.6031249999999995,213865.5448705953,21776,21504,43352,single-thread,0.0078125,0.00390625,Intel(R) Xeon(R) 6760P,AVX512,"avx2,avx512f,avx512bw,avx512vl,avx512_vnni,avx512_bf16,amx_bf16,amx_int8,amx_tile,fma",True,True,,256,128,sh14l07002s1404,3.11.9,2.1.2+cu121
20260424_010536,2026-04-24T06:14:10.545834,cpu,full_mlp_capacity_search_hd128_depth3,/home/liangyi/SRS_AI/Model_AIIC_refactor/experiments_refactored/20260422_050408_full_mlp_capacity_search_v2/full_mlp_capacity_search_hd128_depth3,full_mlp_capacity_search_v2,full_mlp_capacity_search_hd128_depth3,supervised_nmse_plateau,full_mlp,12,6,compile,fp32,float32,8,2,ok,,509.375385,20,50,0.04176816,0.0025931409939299486,0.037646,0.040786,0.0457057,0.04588005,0.04619315,0.046274,191533.4551486108,191.5334551486108,40.786,5.09825,95766.7275743054,21776,21504,43352,sub-physical,0.015625,0.0078125,Intel(R) Xeon(R) 6760P,AVX512,"avx2,avx512f,avx512bw,avx512vl,avx512_vnni,avx512_bf16,amx_bf16,amx_int8,amx_tile,fma",True,True,,256,128,sh14l07002s1404,3.11.9,2.1.2+cu121
20260424_010536,2026-04-24T06:14:10.545834,cpu,full_mlp_capacity_search_hd128_depth3,/home/liangyi/SRS_AI/Model_AIIC_refactor/experiments_refactored/20260422_050408_full_mlp_capacity_search_v2/full_mlp_capacity_search_hd128_depth3,full_mlp_capacity_search_v2,full_mlp_capacity_search_hd128_depth3,supervised_nmse_plateau,full_mlp,12,6,compile,fp32,float32,8,4,ok,,527.982402,20,50,0.04665122,0.0021778332837019457,0.042839,0.046275,0.0488395,0.0491329,0.05453285999999999,0.057172,171485.33307381885,171.48533307381885,46.275,5.784375,42871.33326845471,21776,21504,43352,sub-physical,0.03125,0.015625,Intel(R) Xeon(R) 6760P,AVX512,"avx2,avx512f,avx512bw,avx512vl,avx512_vnni,avx512_bf16,amx_bf16,amx_int8,amx_tile,fma",True,True,,256,128,sh14l07002s1404,3.11.9,2.1.2+cu121
20260424_010536,2026-04-24T06:14:10.545834,cpu,full_mlp_capacity_search_hd128_depth3,/home/liangyi/SRS_AI/Model_AIIC_refactor/experiments_refactored/20260422_050408_full_mlp_capacity_search_v2/full_mlp_capacity_search_hd128_depth3,full_mlp_capacity_search_v2,full_mlp_capacity_search_hd128_depth3,supervised_nmse_plateau,full_mlp,12,6,compile,fp32,float32,8,8,ok,,538.825705,20,50,0.03913676,0.0021658552819613774,0.036152,0.038898,0.0413255,0.04207395,0.04652785999999999,0.049314,204411.40247685296,204.41140247685297,38.898,4.86225,25551.42530960662,21776,21504,43352,sub-physical,0.0625,0.03125,Intel(R) Xeon(R) 6760P,AVX512,"avx2,avx512f,avx512bw,avx512vl,avx512_vnni,avx512_bf16,amx_bf16,amx_int8,amx_tile,fma",True,True,,256,128,sh14l07002s1404,3.11.9,2.1.2+cu121
20260424_010536,2026-04-24T06:14:10.545834,cpu,full_mlp_capacity_search_hd128_depth3,/home/liangyi/SRS_AI/Model_AIIC_refactor/experiments_refactored/20260422_050408_full_mlp_capacity_search_v2/full_mlp_capacity_search_hd128_depth3,full_mlp_capacity_search_v2,full_mlp_capacity_search_hd128_depth3,supervised_nmse_plateau,full_mlp,12,6,compile,fp32,float32,8,128,ok,,672.174787,20,50,0.03909608,0.003464359795633242,0.035458,0.037594,0.0429541,0.043706049999999996,0.05059437999999999,0.053014,204624.09530571863,204.62409530571864,37.594,4.69925,1598.6257445759268,21776,21504,43352,all-physical,1.0,0.5,Intel(R) Xeon(R) 6760P,AVX512,"avx2,avx512f,avx512bw,avx512vl,avx512_vnni,avx512_bf16,amx_bf16,amx_int8,amx_tile,fma",True,True,,256,128,sh14l07002s1404,3.11.9,2.1.2+cu121
20260424_010536,2026-04-24T06:14:10.545834,cpu,full_mlp_capacity_search_hd128_depth3,/home/liangyi/SRS_AI/Model_AIIC_refactor/experiments_refactored/20260422_050408_full_mlp_capacity_search_v2/full_mlp_capacity_search_hd128_depth3,full_mlp_capacity_search_v2,full_mlp_capacity_search_hd128_depth3,supervised_nmse_plateau,full_mlp,12,6,compile,fp32,float32,16,1,ok,,508.853948,20,50,0.04016442,0.0030250915959025115,0.037528,0.039540000000000006,0.0422816,0.04425225,0.05246530999999999,0.056474,398362.5308170764,398.3625308170764,39.540000000000006,2.4712500000000004,398362.5308170764,21776,21504,43352,single-thread,0.0078125,0.00390625,Intel(R) Xeon(R) 6760P,AVX512,"avx2,avx512f,avx512bw,avx512vl,avx512_vnni,avx512_bf16,amx_bf16,amx_int8,amx_tile,fma",True,True,,256,128,sh14l07002s1404,3.11.9,2.1.2+cu121
20260424_010536,2026-04-24T06:14:10.545834,cpu,full_mlp_capacity_search_hd128_depth3,/home/liangyi/SRS_AI/Model_AIIC_refactor/experiments_refactored/20260422_050408_full_mlp_capacity_search_v2/full_mlp_capacity_search_hd128_depth3,full_mlp_capacity_search_v2,full_mlp_capacity_search_hd128_depth3,supervised_nmse_plateau,full_mlp,12,6,compile,fp32,float32,16,2,ok,,500.616739,20,50,0.05468616,0.002132322174156617,0.050827,0.054107,0.0573073,0.05821385,0.06154435,0.061978,292578.59758300823,292.5785975830082,54.107,3.3816875,146289.29879150412,21776,21504,43352,sub-physical,0.015625,0.0078125,Intel(R) Xeon(R) 6760P,AVX512,"avx2,avx512f,avx512bw,avx512vl,avx512_vnni,avx512_bf16,amx_bf16,amx_int8,amx_tile,fma",True,True,,256,128,sh14l07002s1404,3.11.9,2.1.2+cu121
20260424_010536,2026-04-24T06:14:10.545834,cpu,full_mlp_capacity_search_hd128_depth3,/home/liangyi/SRS_AI/Model_AIIC_refactor/experiments_refactored/20260422_050408_full_mlp_capacity_search_v2/full_mlp_capacity_search_hd128_depth3,full_mlp_capacity_search_v2,full_mlp_capacity_search_hd128_depth3,supervised_nmse_plateau,full_mlp,12,6,compile,fp32,float32,16,4,ok,,518.245867,20,50,0.05239266,0.002515656412231209,0.049549,0.0516215,0.054755700000000004,0.05694629999999999,0.06107668,0.061208,305386.28884275013,305.3862888427501,51.6215,3.22634375,76346.57221068753,21776,21504,43352,sub-physical,0.03125,0.015625,Intel(R) Xeon(R) 6760P,AVX512,"avx2,avx512f,avx512bw,avx512vl,avx512_vnni,avx512_bf16,amx_bf16,amx_int8,amx_tile,fma",True,True,,256,128,sh14l07002s1404,3.11.9,2.1.2+cu121
20260424_010536,2026-04-24T06:14:10.545834,cpu,full_mlp_capacity_search_hd128_depth3,/home/liangyi/SRS_AI/Model_AIIC_refactor/experiments_refactored/20260422_050408_full_mlp_capacity_search_v2/full_mlp_capacity_search_hd128_depth3,full_mlp_capacity_search_v2,full_mlp_capacity_search_hd128_depth3,supervised_nmse_plateau,full_mlp,12,6,compile,fp32,float32,16,8,ok,,544.696999,20,50,0.0469356,0.0029602222686818634,0.04378,0.0459985,0.0490921,0.05169579999999999,0.05903462999999999,0.060707,340892.62734470214,340.89262734470213,45.9985,2.87490625,42611.57841808777,21776,21504,43352,sub-physical,0.0625,0.03125,Intel(R) Xeon(R) 6760P,AVX512,"avx2,avx512f,avx512bw,avx512vl,avx512_vnni,avx512_bf16,amx_bf16,amx_int8,amx_tile,fma",True,True,,256,128,sh14l07002s1404,3.11.9,2.1.2+cu121
20260424_010536,2026-04-24T06:14:10.545834,cpu,full_mlp_capacity_search_hd128_depth3,/home/liangyi/SRS_AI/Model_AIIC_refactor/experiments_refactored/20260422_050408_full_mlp_capacity_search_v2/full_mlp_capacity_search_hd128_depth3,full_mlp_capacity_search_v2,full_mlp_capacity_search_hd128_depth3,supervised_nmse_plateau,full_mlp,12,6,compile,fp32,float32,16,128,ok,,763.333951,20,50,0.1190005,0.009168884536845253,0.10063,0.1194595,0.1300409,0.13320495,0.1395184,0.142723,134453.2165831236,134.4532165831236,119.45949999999999,7.4662187499999995,1050.4157545556532,21776,21504,43352,all-physical,1.0,0.5,Intel(R) Xeon(R) 6760P,AVX512,"avx2,avx512f,avx512bw,avx512vl,avx512_vnni,avx512_bf16,amx_bf16,amx_int8,amx_tile,fma",True,True,,256,128,sh14l07002s1404,3.11.9,2.1.2+cu121
20260424_010536,2026-04-24T06:14:10.545834,cpu,full_mlp_capacity_search_hd128_depth3,/home/liangyi/SRS_AI/Model_AIIC_refactor/experiments_refactored/20260422_050408_full_mlp_capacity_search_v2/full_mlp_capacity_search_hd128_depth3,full_mlp_capacity_search_v2,full_mlp_capacity_search_hd128_depth3,supervised_nmse_plateau,full_mlp,12,6,compile,fp32,float32,32,1,ok,,534.49778,20,50,0.04737808,0.0018901267453797904,0.044357,0.046869,0.0488028,0.04993155,0.05440059,0.054846,675417.8303553035,675.4178303553035,46.869,1.46465625,675417.8303553035,21776,21504,43352,single-thread,0.0078125,0.00390625,Intel(R) Xeon(R) 6760P,AVX512,"avx2,avx512f,avx512bw,avx512vl,avx512_vnni,avx512_bf16,amx_bf16,amx_int8,amx_tile,fma",True,True,,256,128,sh14l07002s1404,3.11.9,2.1.2+cu121
20260424_010536,2026-04-24T06:14:10.545834,cpu,full_mlp_capacity_search_hd128_depth3,/home/liangyi/SRS_AI/Model_AIIC_refactor/experiments_refactored/20260422_050408_full_mlp_capacity_search_v2/full_mlp_capacity_search_hd128_depth3,full_mlp_capacity_search_v2,full_mlp_capacity_search_hd128_depth3,supervised_nmse_plateau,full_mlp,12,6,compile,fp32,float32,32,2,ok,,513.801014,20,50,0.06436802,0.002351212729550434,0.061449,0.06386249999999999,0.066779,0.06896035,0.07209499,0.074324,497141.28227029514,497.14128227029516,63.86249999999999,1.9957031249999997,248570.64113514757,21776,21504,43352,sub-physical,0.015625,0.0078125,Intel(R) Xeon(R) 6760P,AVX512,"avx2,avx512f,avx512bw,avx512vl,avx512_vnni,avx512_bf16,amx_bf16,amx_int8,amx_tile,fma",True,True,,256,128,sh14l07002s1404,3.11.9,2.1.2+cu121
20260424_010536,2026-04-24T06:14:10.545834,cpu,full_mlp_capacity_search_hd128_depth3,/home/liangyi/SRS_AI/Model_AIIC_refactor/experiments_refactored/20260422_050408_full_mlp_capacity_search_v2/full_mlp_capacity_search_hd128_depth3,full_mlp_capacity_search_v2,full_mlp_capacity_search_hd128_depth3,supervised_nmse_plateau,full_mlp,12,6,compile,fp32,float32,32,4,ok,,506.862215,20,50,0.05833718,0.002318572161395888,0.054613,0.0578345,0.0609585,0.0640674,0.06548907,0.065664,548535.2565893654,548.5352565893654,57.8345,1.807328125,137133.81414734136,21776,21504,43352,sub-physical,0.03125,0.015625,Intel(R) Xeon(R) 6760P,AVX512,"avx2,avx512f,avx512bw,avx512vl,avx512_vnni,avx512_bf16,amx_bf16,amx_int8,amx_tile,fma",True,True,,256,128,sh14l07002s1404,3.11.9,2.1.2+cu121
20260424_010536,2026-04-24T06:14:10.545834,cpu,full_mlp_capacity_search_hd128_depth3,/home/liangyi/SRS_AI/Model_AIIC_refactor/experiments_refactored/20260422_050408_full_mlp_capacity_search_v2/full_mlp_capacity_search_hd128_depth3,full_mlp_capacity_search_v2,full_mlp_capacity_search_hd128_depth3,supervised_nmse_plateau,full_mlp,12,6,compile,fp32,float32,32,8,ok,,546.800017,20,50,0.0582191,0.022620632223923364,0.051345,0.0546965,0.0579336,0.0603519,0.1406043599999997,0.215788,549647.7959982206,549.6477959982205,54.6965,1.709265625,68705.97449977757,21776,21504,43352,sub-physical,0.0625,0.03125,Intel(R) Xeon(R) 6760P,AVX512,"avx2,avx512f,avx512bw,avx512vl,avx512_vnni,avx512_bf16,amx_bf16,amx_int8,amx_tile,fma",True,True,,256,128,sh14l07002s1404,3.11.9,2.1.2+cu121
20260424_010536,2026-04-24T06:14:10.545834,cpu,full_mlp_capacity_search_hd128_depth3,/home/liangyi/SRS_AI/Model_AIIC_refactor/experiments_refactored/20260422_050408_full_mlp_capacity_search_v2/full_mlp_capacity_search_hd128_depth3,full_mlp_capacity_search_v2,full_mlp_capacity_search_hd128_depth3,supervised_nmse_plateau,full_mlp,12,6,compile,fp32,float32,32,128,ok,,735.363464,20,50,0.12709644,0.009895007262574394,0.112488,0.12525150000000002,0.1364362,0.1474033,0.15773241,0.162726,251777.31177993657,251.77731177993658,125.25150000000002,3.9141093750000007,1967.0102482807545,21776,21504,43352,all-physical,1.0,0.5,Intel(R) Xeon(R) 6760P,AVX512,"avx2,avx512f,avx512bw,avx512vl,avx512_vnni,avx512_bf16,amx_bf16,amx_int8,amx_tile,fma",True,True,,256,128,sh14l07002s1404,3.11.9,2.1.2+cu121
20260424_010536,2026-04-24T06:14:10.545834,cpu,full_mlp_capacity_search_hd128_depth3,/home/liangyi/SRS_AI/Model_AIIC_refactor/experiments_refactored/20260422_050408_full_mlp_capacity_search_v2/full_mlp_capacity_search_hd128_depth3,full_mlp_capacity_search_v2,full_mlp_capacity_search_hd128_depth3,supervised_nmse_plateau,full_mlp,12,6,compile,fp32,float32,64,1,ok,,500.182153,20,50,0.05492802,0.0018468498313614998,0.052611,0.0544445,0.0565975,0.05713915,0.06120163999999999,0.064516,1165161.2419308033,1165.1612419308033,54.4445,0.8506953125,1165161.2419308033,21776,21504,43352,single-thread,0.0078125,0.00390625,Intel(R) Xeon(R) 6760P,AVX512,"avx2,avx512f,avx512bw,avx512vl,avx512_vnni,avx512_bf16,amx_bf16,amx_int8,amx_tile,fma",True,True,,256,128,sh14l07002s1404,3.11.9,2.1.2+cu121
20260424_010536,2026-04-24T06:14:10.545834,cpu,full_mlp_capacity_search_hd128_depth3,/home/liangyi/SRS_AI/Model_AIIC_refactor/experiments_refactored/20260422_050408_full_mlp_capacity_search_v2/full_mlp_capacity_search_hd128_depth3,full_mlp_capacity_search_v2,full_mlp_capacity_search_hd128_depth3,supervised_nmse_plateau,full_mlp,12,6,compile,fp32,float32,64,2,ok,,508.529822,20,50,0.11672162,0.004957573615751963,0.105743,0.1174635,0.12204820000000001,0.12241769999999999,0.12604573,0.128556,548313.1574081992,548.3131574081991,117.4635,1.8353671875,274156.5787040996,21776,21504,43352,sub-physical,0.015625,0.0078125,Intel(R) Xeon(R) 6760P,AVX512,"avx2,avx512f,avx512bw,avx512vl,avx512_vnni,avx512_bf16,amx_bf16,amx_int8,amx_tile,fma",True,True,,256,128,sh14l07002s1404,3.11.9,2.1.2+cu121
20260424_010536,2026-04-24T06:14:10.545834,cpu,full_mlp_capacity_search_hd128_depth3,/home/liangyi/SRS_AI/Model_AIIC_refactor/experiments_refactored/20260422_050408_full_mlp_capacity_search_v2/full_mlp_capacity_search_hd128_depth3,full_mlp_capacity_search_v2,full_mlp_capacity_search_hd128_depth3,supervised_nmse_plateau,full_mlp,12,6,compile,fp32,float32,64,4,ok,,509.957324,20,50,0.08663332,0.002834528119034983,0.080851,0.0863855,0.090921,0.0913535,0.0933185,0.094764,738745.7851090088,738.7457851090088,86.38550000000001,1.3497734375000001,184686.4462772522,21776,21504,43352,sub-physical,0.03125,0.015625,Intel(R) Xeon(R) 6760P,AVX512,"avx2,avx512f,avx512bw,avx512vl,avx512_vnni,avx512_bf16,amx_bf16,amx_int8,amx_tile,fma",True,True,,256,128,sh14l07002s1404,3.11.9,2.1.2+cu121
20260424_010536,2026-04-24T06:14:10.545834,cpu,full_mlp_capacity_search_hd128_depth3,/home/liangyi/SRS_AI/Model_AIIC_refactor/experiments_refactored/20260422_050408_full_mlp_capacity_search_v2/full_mlp_capacity_search_hd128_depth3,full_mlp_capacity_search_v2,full_mlp_capacity_search_hd128_depth3,supervised_nmse_plateau,full_mlp,12,6,compile,fp32,float32,64,8,ok,,537.182421,20,50,0.07116628,0.00268644861510508,0.067865,0.070412,0.0753712,0.0776868,0.0787426,0.07887,899302.3100266026,899.3023100266026,70.412,1.1001875,112412.78875332532,21776,21504,43352,sub-physical,0.0625,0.03125,Intel(R) Xeon(R) 6760P,AVX512,"avx2,avx512f,avx512bw,avx512vl,avx512_vnni,avx512_bf16,amx_bf16,amx_int8,amx_tile,fma",True,True,,256,128,sh14l07002s1404,3.11.9,2.1.2+cu121
20260424_010536,2026-04-24T06:14:10.545834,cpu,full_mlp_capacity_search_hd128_depth3,/home/liangyi/SRS_AI/Model_AIIC_refactor/experiments_refactored/20260422_050408_full_mlp_capacity_search_v2/full_mlp_capacity_search_hd128_depth3,full_mlp_capacity_search_v2,full_mlp_capacity_search_hd128_depth3,supervised_nmse_plateau,full_mlp,12,6,compile,fp32,float32,64,128,ok,,740.358054,20,50,0.1361796,0.010318667235646277,0.121644,0.13395400000000002,0.1454329,0.15344099999999997,0.17213369999999995,0.185888,469967.6016084641,469.96760160846407,133.954,2.09303125,3671.6218875661257,21776,21504,43352,all-physical,1.0,0.5,Intel(R) Xeon(R) 6760P,AVX512,"avx2,avx512f,avx512bw,avx512vl,avx512_vnni,avx512_bf16,amx_bf16,amx_int8,amx_tile,fma",True,True,,256,128,sh14l07002s1404,3.11.9,2.1.2+cu121
20260424_010536,2026-04-24T06:14:10.545834,cpu,full_mlp_capacity_search_hd128_depth3,/home/liangyi/SRS_AI/Model_AIIC_refactor/experiments_refactored/20260422_050408_full_mlp_capacity_search_v2/full_mlp_capacity_search_hd128_depth3,full_mlp_capacity_search_v2,full_mlp_capacity_search_hd128_depth3,supervised_nmse_plateau,full_mlp,12,6,compile,fp32,float32,128,1,ok,,548.244239,20,50,0.07703102,0.0019174012672364647,0.074143,0.07681199999999999,0.0792122,0.0794281,0.0811892,0.08164,1661668.2474151321,1661.668247415132,76.812,0.60009375,1661668.2474151321,21776,21504,43352,single-thread,0.0078125,0.00390625,Intel(R) Xeon(R) 6760P,AVX512,"avx2,avx512f,avx512bw,avx512vl,avx512_vnni,avx512_bf16,amx_bf16,amx_int8,amx_tile,fma",True,True,,256,128,sh14l07002s1404,3.11.9,2.1.2+cu121
20260424_010536,2026-04-24T06:14:10.545834,cpu,full_mlp_capacity_search_hd128_depth3,/home/liangyi/SRS_AI/Model_AIIC_refactor/experiments_refactored/20260422_050408_full_mlp_capacity_search_v2/full_mlp_capacity_search_hd128_depth3,full_mlp_capacity_search_v2,full_mlp_capacity_search_hd128_depth3,supervised_nmse_plateau,full_mlp,12,6,compile,fp32,float32,128,2,ok,,535.621329,20,50,0.15031528,0.024632219184669495,0.116663,0.16746250000000001,0.1736777,0.1764792,0.17855857,0.178856,851543.5024303583,851.5435024303583,167.4625,1.30830078125,425771.75121517916,21776,21504,43352,sub-physical,0.015625,0.0078125,Intel(R) Xeon(R) 6760P,AVX512,"avx2,avx512f,avx512bw,avx512vl,avx512_vnni,avx512_bf16,amx_bf16,amx_int8,amx_tile,fma",True,True,,256,128,sh14l07002s1404,3.11.9,2.1.2+cu121
20260424_010536,2026-04-24T06:14:10.545834,cpu,full_mlp_capacity_search_hd128_depth3,/home/liangyi/SRS_AI/Model_AIIC_refactor/experiments_refactored/20260422_050408_full_mlp_capacity_search_v2/full_mlp_capacity_search_hd128_depth3,full_mlp_capacity_search_v2,full_mlp_capacity_search_hd128_depth3,supervised_nmse_plateau,full_mlp,12,6,compile,fp32,float32,128,4,ok,,516.312017,20,50,0.14305652,0.004622874842519533,0.135693,0.142205,0.1491044,0.15121084999999998,0.15587373999999998,0.157135,894751.2493663344,894.7512493663344,142.20499999999998,1.1109765624999999,223687.8123415836,21776,21504,43352,sub-physical,0.03125,0.015625,Intel(R) Xeon(R) 6760P,AVX512,"avx2,avx512f,avx512bw,avx512vl,avx512_vnni,avx512_bf16,amx_bf16,amx_int8,amx_tile,fma",True,True,,256,128,sh14l07002s1404,3.11.9,2.1.2+cu121
20260424_010536,2026-04-24T06:14:10.545834,cpu,full_mlp_capacity_search_hd128_depth3,/home/liangyi/SRS_AI/Model_AIIC_refactor/experiments_refactored/20260422_050408_full_mlp_capacity_search_v2/full_mlp_capacity_search_hd128_depth3,full_mlp_capacity_search_v2,full_mlp_capacity_search_hd128_depth3,supervised_nmse_plateau,full_mlp,12,6,compile,fp32,float32,128,8,ok,,544.906682,20,50,0.10123938,0.004403967642433354,0.09488,0.1005595,0.1061414,0.1091065,0.11356053999999999,0.115253,1264330.1450483003,1264.3301450483002,100.5595,0.78562109375,158041.26813103753,21776,21504,43352,sub-physical,0.0625,0.03125,Intel(R) Xeon(R) 6760P,AVX512,"avx2,avx512f,avx512bw,avx512vl,avx512_vnni,avx512_bf16,amx_bf16,amx_int8,amx_tile,fma",True,True,,256,128,sh14l07002s1404,3.11.9,2.1.2+cu121
20260424_010536,2026-04-24T06:14:10.545834,cpu,full_mlp_capacity_search_hd128_depth3,/home/liangyi/SRS_AI/Model_AIIC_refactor/experiments_refactored/20260422_050408_full_mlp_capacity_search_v2/full_mlp_capacity_search_hd128_depth3,full_mlp_capacity_search_v2,full_mlp_capacity_search_hd128_depth3,supervised_nmse_plateau,full_mlp,12,6,compile,fp32,float32,128,128,ok,,668.049755,20,50,0.25815176,0.015717712573475824,0.231147,0.2583385,0.2717574,0.28227974999999994,0.30152350999999994,0.312549,495832.3739493389,495.8323739493389,258.3385,2.01826953125,3873.6904214792103,21776,21504,43352,all-physical,1.0,0.5,Intel(R) Xeon(R) 6760P,AVX512,"avx2,avx512f,avx512bw,avx512vl,avx512_vnni,avx512_bf16,amx_bf16,amx_int8,amx_tile,fma",True,True,,256,128,sh14l07002s1404,3.11.9,2.1.2+cu121
20260424_010536,2026-04-24T06:14:10.545834,cpu,full_mlp_capacity_search_hd128_depth3,/home/liangyi/SRS_AI/Model_AIIC_refactor/experiments_refactored/20260422_050408_full_mlp_capacity_search_v2/full_mlp_capacity_search_hd128_depth3,full_mlp_capacity_search_v2,full_mlp_capacity_search_hd128_depth3,supervised_nmse_plateau,full_mlp,12,6,compile,bf16,bfloat16,1,1,ok,,500.665966,20,50,0.05637038,0.0028298606459682776,0.052189,0.055978,0.0594439,0.060721699999999997,0.06506951999999999,0.065879,17739.813001083196,17.739813001083196,55.978,55.978,17739.813001083196,21776,21504,43352,single-thread,0.0078125,0.00390625,Intel(R) Xeon(R) 6760P,AVX512,"avx2,avx512f,avx512bw,avx512vl,avx512_vnni,avx512_bf16,amx_bf16,amx_int8,amx_tile,fma",True,True,,256,128,sh14l07002s1404,3.11.9,2.1.2+cu121
20260424_010536,2026-04-24T06:14:10.545834,cpu,full_mlp_capacity_search_hd128_depth3,/home/liangyi/SRS_AI/Model_AIIC_refactor/experiments_refactored/20260422_050408_full_mlp_capacity_search_v2/full_mlp_capacity_search_hd128_depth3,full_mlp_capacity_search_v2,full_mlp_capacity_search_hd128_depth3,supervised_nmse_plateau,full_mlp,12,6,compile,bf16,bfloat16,1,2,ok,,512.707979,20,50,0.05204098,0.0031801618731756407,0.048113,0.051442,0.0563725,0.05867445,0.06097233,0.062336,19215.625839482655,19.215625839482655,51.442,51.442,9607.812919741327,21776,21504,43352,sub-physical,0.015625,0.0078125,Intel(R) Xeon(R) 6760P,AVX512,"avx2,avx512f,avx512bw,avx512vl,avx512_vnni,avx512_bf16,amx_bf16,amx_int8,amx_tile,fma",True,True,,256,128,sh14l07002s1404,3.11.9,2.1.2+cu121
20260424_010536,2026-04-24T06:14:10.545834,cpu,full_mlp_capacity_search_hd128_depth3,/home/liangyi/SRS_AI/Model_AIIC_refactor/experiments_refactored/20260422_050408_full_mlp_capacity_search_v2/full_mlp_capacity_search_hd128_depth3,full_mlp_capacity_search_v2,full_mlp_capacity_search_hd128_depth3,supervised_nmse_plateau,full_mlp,12,6,compile,bf16,bfloat16,1,4,ok,,506.870761,20,50,0.06137848,0.002645353808018882,0.057964,0.060782,0.0638676,0.06759045000000001,0.07065768,0.071034,16292.355235906787,16.292355235906786,60.782000000000004,60.782000000000004,4073.088808976697,21776,21504,43352,sub-physical,0.03125,0.015625,Intel(R) Xeon(R) 6760P,AVX512,"avx2,avx512f,avx512bw,avx512vl,avx512_vnni,avx512_bf16,amx_bf16,amx_int8,amx_tile,fma",True,True,,256,128,sh14l07002s1404,3.11.9,2.1.2+cu121
20260424_010536,2026-04-24T06:14:10.545834,cpu,full_mlp_capacity_search_hd128_depth3,/home/liangyi/SRS_AI/Model_AIIC_refactor/experiments_refactored/20260422_050408_full_mlp_capacity_search_v2/full_mlp_capacity_search_hd128_depth3,full_mlp_capacity_search_v2,full_mlp_capacity_search_hd128_depth3,supervised_nmse_plateau,full_mlp,12,6,compile,bf16,bfloat16,1,8,ok,,511.543422,20,50,0.05476596,0.0029778910387050763,0.051022,0.053586,0.0587137,0.0591059,0.06401369999999999,0.065371,18259.517408258707,18.259517408258706,53.586,53.586,2282.4396760323384,21776,21504,43352,sub-physical,0.0625,0.03125,Intel(R) Xeon(R) 6760P,AVX512,"avx2,avx512f,avx512bw,avx512vl,avx512_vnni,avx512_bf16,amx_bf16,amx_int8,amx_tile,fma",True,True,,256,128,sh14l07002s1404,3.11.9,2.1.2+cu121
20260424_010536,2026-04-24T06:14:10.545834,cpu,full_mlp_capacity_search_hd128_depth3,/home/liangyi/SRS_AI/Model_AIIC_refactor/experiments_refactored/20260422_050408_full_mlp_capacity_search_v2/full_mlp_capacity_search_hd128_depth3,full_mlp_capacity_search_v2,full_mlp_capacity_search_hd128_depth3,supervised_nmse_plateau,full_mlp,12,6,compile,bf16,bfloat16,1,128,ok,,530.850469,20,50,0.1462103,0.01647200577373624,0.127845,0.14241199999999998,0.15643610000000002,0.19013204999999997,0.19885948,0.198883,6839.463430414958,6.839463430414957,142.41199999999998,142.41199999999998,53.43330805011686,21776,21504,43352,all-physical,1.0,0.5,Intel(R) Xeon(R) 6760P,AVX512,"avx2,avx512f,avx512bw,avx512vl,avx512_vnni,avx512_bf16,amx_bf16,amx_int8,amx_tile,fma",True,True,,256,128,sh14l07002s1404,3.11.9,2.1.2+cu121
20260424_010536,2026-04-24T06:14:10.545834,cpu,full_mlp_capacity_search_hd128_depth3,/home/liangyi/SRS_AI/Model_AIIC_refactor/experiments_refactored/20260422_050408_full_mlp_capacity_search_v2/full_mlp_capacity_search_hd128_depth3,full_mlp_capacity_search_v2,full_mlp_capacity_search_hd128_depth3,supervised_nmse_plateau,full_mlp,12,6,compile,bf16,bfloat16,2,1,ok,,496.934829,20,50,0.06295966,0.0033302915284401163,0.057857,0.062258499999999994,0.06653360000000001,0.0691821,0.07313093999999999,0.075186,31766.37230887206,31.76637230887206,62.2585,31.12925,31766.37230887206,21776,21504,43352,single-thread,0.0078125,0.00390625,Intel(R) Xeon(R) 6760P,AVX512,"avx2,avx512f,avx512bw,avx512vl,avx512_vnni,avx512_bf16,amx_bf16,amx_int8,amx_tile,fma",True,True,,256,128,sh14l07002s1404,3.11.9,2.1.2+cu121
20260424_010536,2026-04-24T06:14:10.545834,cpu,full_mlp_capacity_search_hd128_depth3,/home/liangyi/SRS_AI/Model_AIIC_refactor/experiments_refactored/20260422_050408_full_mlp_capacity_search_v2/full_mlp_capacity_search_hd128_depth3,full_mlp_capacity_search_v2,full_mlp_capacity_search_hd128_depth3,supervised_nmse_plateau,full_mlp,12,6,compile,bf16,bfloat16,2,2,ok,,542.843378,20,50,0.06779446,0.0036031912145208164,0.062582,0.06685350000000001,0.0732674,0.07540614999999999,0.07832358999999998,0.080092,29500.935622173256,29.500935622173255,66.85350000000001,33.426750000000006,14750.467811086628,21776,21504,43352,sub-physical,0.015625,0.0078125,Intel(R) Xeon(R) 6760P,AVX512,"avx2,avx512f,avx512bw,avx512vl,avx512_vnni,avx512_bf16,amx_bf16,amx_int8,amx_tile,fma",True,True,,256,128,sh14l07002s1404,3.11.9,2.1.2+cu121
20260424_010536,2026-04-24T06:14:10.545834,cpu,full_mlp_capacity_search_hd128_depth3,/home/liangyi/SRS_AI/Model_AIIC_refactor/experiments_refactored/20260422_050408_full_mlp_capacity_search_v2/full_mlp_capacity_search_hd128_depth3,full_mlp_capacity_search_v2,full_mlp_capacity_search_hd128_depth3,supervised_nmse_plateau,full_mlp,12,6,compile,bf16,bfloat16,2,4,ok,,510.906003,20,50,0.07439886,0.003453811662554865,0.069987,0.0736375,0.077266,0.08285824999999998,0.08580821,0.086774,26882.132333748126,26.882132333748125,73.63749999999999,36.818749999999994,6720.533083437032,21776,21504,43352,sub-physical,0.03125,0.015625,Intel(R) Xeon(R) 6760P,AVX512,"avx2,avx512f,avx512bw,avx512vl,avx512_vnni,avx512_bf16,amx_bf16,amx_int8,amx_tile,fma",True,True,,256,128,sh14l07002s1404,3.11.9,2.1.2+cu121
20260424_010536,2026-04-24T06:14:10.545834,cpu,full_mlp_capacity_search_hd128_depth3,/home/liangyi/SRS_AI/Model_AIIC_refactor/experiments_refactored/20260422_050408_full_mlp_capacity_search_v2/full_mlp_capacity_search_hd128_depth3,full_mlp_capacity_search_v2,full_mlp_capacity_search_hd128_depth3,supervised_nmse_plateau,full_mlp,12,6,compile,bf16,bfloat16,2,8,ok,,512.493122,20,50,0.07168154,0.003867936241511744,0.067304,0.070302,0.0778138,0.0798566,0.08309412999999999,0.084546,27901.18627473684,27.90118627473684,70.302,35.151,3487.648284342105,21776,21504,43352,sub-physical,0.0625,0.03125,Intel(R) Xeon(R) 6760P,AVX512,"avx2,avx512f,avx512bw,avx512vl,avx512_vnni,avx512_bf16,amx_bf16,amx_int8,amx_tile,fma",True,True,,256,128,sh14l07002s1404,3.11.9,2.1.2+cu121
20260424_010536,2026-04-24T06:14:10.545834,cpu,full_mlp_capacity_search_hd128_depth3,/home/liangyi/SRS_AI/Model_AIIC_refactor/experiments_refactored/20260422_050408_full_mlp_capacity_search_v2/full_mlp_capacity_search_hd128_depth3,full_mlp_capacity_search_v2,full_mlp_capacity_search_hd128_depth3,supervised_nmse_plateau,full_mlp,12,6,compile,bf16,bfloat16,2,128,ok,,537.907036,20,50,0.231544,0.015917835148034423,0.20566,0.22736499999999998,0.2501384,0.27005769999999996,0.27675141,0.277139,8637.667138859137,8.637667138859136,227.36499999999998,113.68249999999999,67.481774522337,21776,21504,43352,all-physical,1.0,0.5,Intel(R) Xeon(R) 6760P,AVX512,"avx2,avx512f,avx512bw,avx512vl,avx512_vnni,avx512_bf16,amx_bf16,amx_int8,amx_tile,fma",True,True,,256,128,sh14l07002s1404,3.11.9,2.1.2+cu121
20260424_010536,2026-04-24T06:14:10.545834,cpu,full_mlp_capacity_search_hd128_depth3,/home/liangyi/SRS_AI/Model_AIIC_refactor/experiments_refactored/20260422_050408_full_mlp_capacity_search_v2/full_mlp_capacity_search_hd128_depth3,full_mlp_capacity_search_v2,full_mlp_capacity_search_hd128_depth3,supervised_nmse_plateau,full_mlp,12,6,compile,bf16,bfloat16,4,1,ok,,503.345938,20,50,0.0623967,0.004227811676269416,0.057597,0.061171,0.0687668,0.0697424,0.07401719,0.075717,64105.95432130225,64.10595432130225,61.17100000000001,15.292750000000002,64105.95432130225,21776,21504,43352,single-thread,0.0078125,0.00390625,Intel(R) Xeon(R) 6760P,AVX512,"avx2,avx512f,avx512bw,avx512vl,avx512_vnni,avx512_bf16,amx_bf16,amx_int8,amx_tile,fma",True,True,,256,128,sh14l07002s1404,3.11.9,2.1.2+cu121
20260424_010536,2026-04-24T06:14:10.545834,cpu,full_mlp_capacity_search_hd128_depth3,/home/liangyi/SRS_AI/Model_AIIC_refactor/experiments_refactored/20260422_050408_full_mlp_capacity_search_v2/full_mlp_capacity_search_hd128_depth3,full_mlp_capacity_search_v2,full_mlp_capacity_search_hd128_depth3,supervised_nmse_plateau,full_mlp,12,6,compile,bf16,bfloat16,4,2,ok,,523.916407,20,50,0.07444382,0.004981962254734573,0.06802,0.0727865,0.0807821,0.08304439999999999,0.08605576,0.088396,53731.793989077945,53.73179398907794,72.7865,18.196625,26865.896994538973,21776,21504,43352,sub-physical,0.015625,0.0078125,Intel(R) Xeon(R) 6760P,AVX512,"avx2,avx512f,avx512bw,avx512vl,avx512_vnni,avx512_bf16,amx_bf16,amx_int8,amx_tile,fma",True,True,,256,128,sh14l07002s1404,3.11.9,2.1.2+cu121
20260424_010536,2026-04-24T06:14:10.545834,cpu,full_mlp_capacity_search_hd128_depth3,/home/liangyi/SRS_AI/Model_AIIC_refactor/experiments_refactored/20260422_050408_full_mlp_capacity_search_v2/full_mlp_capacity_search_hd128_depth3,full_mlp_capacity_search_v2,full_mlp_capacity_search_hd128_depth3,supervised_nmse_plateau,full_mlp,12,6,compile,bf16,bfloat16,4,4,ok,,506.168069,20,50,0.08214892,0.0029385058913672436,0.077013,0.0819935,0.085424,0.08754894999999999,0.08998848999999999,0.090723,48692.05827660303,48.69205827660303,81.9935,20.498375,12173.014569150757,21776,21504,43352,sub-physical,0.03125,0.015625,Intel(R) Xeon(R) 6760P,AVX512,"avx2,avx512f,avx512bw,avx512vl,avx512_vnni,avx512_bf16,amx_bf16,amx_int8,amx_tile,fma",True,True,,256,128,sh14l07002s1404,3.11.9,2.1.2+cu121
20260424_010536,2026-04-24T06:14:10.545834,cpu,full_mlp_capacity_search_hd128_depth3,/home/liangyi/SRS_AI/Model_AIIC_refactor/experiments_refactored/20260422_050408_full_mlp_capacity_search_v2/full_mlp_capacity_search_hd128_depth3,full_mlp_capacity_search_v2,full_mlp_capacity_search_hd128_depth3,supervised_nmse_plateau,full_mlp,12,6,compile,bf16,bfloat16,4,8,ok,,511.714943,20,50,0.07300138,0.003916371937852685,0.06782,0.0722525,0.0778148,0.0803774,0.08521696,0.088302,54793.48472590518,54.79348472590518,72.2525,18.063125,6849.185590738148,21776,21504,43352,sub-physical,0.0625,0.03125,Intel(R) Xeon(R) 6760P,AVX512,"avx2,avx512f,avx512bw,avx512vl,avx512_vnni,avx512_bf16,amx_bf16,amx_int8,amx_tile,fma",True,True,,256,128,sh14l07002s1404,3.11.9,2.1.2+cu121
20260424_010536,2026-04-24T06:14:10.545834,cpu,full_mlp_capacity_search_hd128_depth3,/home/liangyi/SRS_AI/Model_AIIC_refactor/experiments_refactored/20260422_050408_full_mlp_capacity_search_v2/full_mlp_capacity_search_hd128_depth3,full_mlp_capacity_search_v2,full_mlp_capacity_search_hd128_depth3,supervised_nmse_plateau,full_mlp,12,6,compile,bf16,bfloat16,4,128,ok,,528.518783,20,50,0.21008366,0.01946046073823536,0.186217,0.20268,0.24163410000000002,0.2517068,0.26343831999999995,0.269432,19040.03386079622,19.040033860796218,202.68,50.67,148.75026453747046,21776,21504,43352,all-physical,1.0,0.5,Intel(R) Xeon(R) 6760P,AVX512,"avx2,avx512f,avx512bw,avx512vl,avx512_vnni,avx512_bf16,amx_bf16,amx_int8,amx_tile,fma",True,True,,256,128,sh14l07002s1404,3.11.9,2.1.2+cu121
20260424_010536,2026-04-24T06:14:10.545834,cpu,full_mlp_capacity_search_hd128_depth3,/home/liangyi/SRS_AI/Model_AIIC_refactor/experiments_refactored/20260422_050408_full_mlp_capacity_search_v2/full_mlp_capacity_search_hd128_depth3,full_mlp_capacity_search_v2,full_mlp_capacity_search_hd128_depth3,supervised_nmse_plateau,full_mlp,12,6,compile,bf16,bfloat16,8,1,ok,,496.438504,20,50,0.06376376,0.004499263884503776,0.057992,0.0625405,0.06961540000000001,0.07120585,0.07542287,0.076813,125463.1157259233,125.4631157259233,62.5405,7.8175625,125463.1157259233,21776,21504,43352,single-thread,0.0078125,0.00390625,Intel(R) Xeon(R) 6760P,AVX512,"avx2,avx512f,avx512bw,avx512vl,avx512_vnni,avx512_bf16,amx_bf16,amx_int8,amx_tile,fma",True,True,,256,128,sh14l07002s1404,3.11.9,2.1.2+cu121
20260424_010536,2026-04-24T06:14:10.545834,cpu,full_mlp_capacity_search_hd128_depth3,/home/liangyi/SRS_AI/Model_AIIC_refactor/experiments_refactored/20260422_050408_full_mlp_capacity_search_v2/full_mlp_capacity_search_hd128_depth3,full_mlp_capacity_search_v2,full_mlp_capacity_search_hd128_depth3,supervised_nmse_plateau,full_mlp,12,6,compile,bf16,bfloat16,8,2,ok,,511.320453,20,50,0.08337018,0.004076945825933917,0.077545,0.0820955,0.087999,0.0890297,0.09507441999999997,0.100779,95957.57140022967,95.95757140022967,82.0955,10.2619375,47978.78570011484,21776,21504,43352,sub-physical,0.015625,0.0078125,Intel(R) Xeon(R) 6760P,AVX512,"avx2,avx512f,avx512bw,avx512vl,avx512_vnni,avx512_bf16,amx_bf16,amx_int8,amx_tile,fma",True,True,,256,128,sh14l07002s1404,3.11.9,2.1.2+cu121
20260424_010536,2026-04-24T06:14:10.545834,cpu,full_mlp_capacity_search_hd128_depth3,/home/liangyi/SRS_AI/Model_AIIC_refactor/experiments_refactored/20260422_050408_full_mlp_capacity_search_v2/full_mlp_capacity_search_hd128_depth3,full_mlp_capacity_search_v2,full_mlp_capacity_search_hd128_depth3,supervised_nmse_plateau,full_mlp,12,6,compile,bf16,bfloat16,8,4,ok,,540.542282,20,50,0.08695792,0.005897121771983345,0.07996,0.0850655,0.0950676,0.096722,0.10515687999999997,0.112746,91998.52066378773,91.99852066378773,85.0655,10.6331875,22999.63016594693,21776,21504,43352,sub-physical,0.03125,0.015625,Intel(R) Xeon(R) 6760P,AVX512,"avx2,avx512f,avx512bw,avx512vl,avx512_vnni,avx512_bf16,amx_bf16,amx_int8,amx_tile,fma",True,True,,256,128,sh14l07002s1404,3.11.9,2.1.2+cu121
20260424_010536,2026-04-24T06:14:10.545834,cpu,full_mlp_capacity_search_hd128_depth3,/home/liangyi/SRS_AI/Model_AIIC_refactor/experiments_refactored/20260422_050408_full_mlp_capacity_search_v2/full_mlp_capacity_search_hd128_depth3,full_mlp_capacity_search_v2,full_mlp_capacity_search_hd128_depth3,supervised_nmse_plateau,full_mlp,12,6,compile,bf16,bfloat16,8,8,ok,,503.891578,20,50,0.0745414,0.003880709935050545,0.06888,0.07362450000000001,0.07869340000000001,0.0829239,0.08716729,0.087549,107322.9104900096,107.3229104900096,73.62450000000001,9.203062500000001,13415.3638112512,21776,21504,43352,sub-physical,0.0625,0.03125,Intel(R) Xeon(R) 6760P,AVX512,"avx2,avx512f,avx512bw,avx512vl,avx512_vnni,avx512_bf16,amx_bf16,amx_int8,amx_tile,fma",True,True,,256,128,sh14l07002s1404,3.11.9,2.1.2+cu121
20260424_010536,2026-04-24T06:14:10.545834,cpu,full_mlp_capacity_search_hd128_depth3,/home/liangyi/SRS_AI/Model_AIIC_refactor/experiments_refactored/20260422_050408_full_mlp_capacity_search_v2/full_mlp_capacity_search_hd128_depth3,full_mlp_capacity_search_v2,full_mlp_capacity_search_hd128_depth3,supervised_nmse_plateau,full_mlp,12,6,compile,bf16,bfloat16,8,128,ok,,535.487021,20,50,0.23040154,0.019561368971736104,0.20851,0.22367199999999998,0.2630073,0.27531495,0.27868437,0.279119,34721.99013947563,34.72199013947563,223.67199999999997,27.958999999999996,271.26554796465336,21776,21504,43352,all-physical,1.0,0.5,Intel(R) Xeon(R) 6760P,AVX512,"avx2,avx512f,avx512bw,avx512vl,avx512_vnni,avx512_bf16,amx_bf16,amx_int8,amx_tile,fma",True,True,,256,128,sh14l07002s1404,3.11.9,2.1.2+cu121
20260424_010536,2026-04-24T06:14:10.545834,cpu,full_mlp_capacity_search_hd128_depth3,/home/liangyi/SRS_AI/Model_AIIC_refactor/experiments_refactored/20260422_050408_full_mlp_capacity_search_v2/full_mlp_capacity_search_hd128_depth3,full_mlp_capacity_search_v2,full_mlp_capacity_search_hd128_depth3,supervised_nmse_plateau,full_mlp,12,6,compile,bf16,bfloat16,16,1,ok,,499.334752,20,50,0.07000758,0.004745386302884097,0.062686,0.068435,0.0767695,0.07885245,0.08109201999999999,0.083053,228546.68023091214,228.54668023091213,68.435,4.2771875,228546.68023091214,21776,21504,43352,single-thread,0.0078125,0.00390625,Intel(R) Xeon(R) 6760P,AVX512,"avx2,avx512f,avx512bw,avx512vl,avx512_vnni,avx512_bf16,amx_bf16,amx_int8,amx_tile,fma",True,True,,256,128,sh14l07002s1404,3.11.9,2.1.2+cu121
20260424_010536,2026-04-24T06:14:10.545834,cpu,full_mlp_capacity_search_hd128_depth3,/home/liangyi/SRS_AI/Model_AIIC_refactor/experiments_refactored/20260422_050408_full_mlp_capacity_search_v2/full_mlp_capacity_search_hd128_depth3,full_mlp_capacity_search_v2,full_mlp_capacity_search_hd128_depth3,supervised_nmse_plateau,full_mlp,12,6,compile,bf16,bfloat16,16,2,ok,,516.969202,20,50,0.08981074,0.0041513107993018305,0.084485,0.08895,0.0948625,0.0964625,0.10398575999999998,0.110393,178152.4125065666,178.15241250656658,88.95,5.559375,89076.2062532833,21776,21504,43352,sub-physical,0.015625,0.0078125,Intel(R) Xeon(R) 6760P,AVX512,"avx2,avx512f,avx512bw,avx512vl,avx512_vnni,avx512_bf16,amx_bf16,amx_int8,amx_tile,fma",True,True,,256,128,sh14l07002s1404,3.11.9,2.1.2+cu121
20260424_010536,2026-04-24T06:14:10.545834,cpu,full_mlp_capacity_search_hd128_depth3,/home/liangyi/SRS_AI/Model_AIIC_refactor/experiments_refactored/20260422_050408_full_mlp_capacity_search_v2/full_mlp_capacity_search_hd128_depth3,full_mlp_capacity_search_v2,full_mlp_capacity_search_hd128_depth3,supervised_nmse_plateau,full_mlp,12,6,compile,bf16,bfloat16,16,4,ok,,541.411648,20,50,0.081295,0.004526685096182415,0.076276,0.079597,0.08672300000000001,0.09109195,0.09420051999999998,0.09697,196814.07220616273,196.81407220616273,79.597,4.9748125,49203.51805154068,21776,21504,43352,sub-physical,0.03125,0.015625,Intel(R) Xeon(R) 6760P,AVX512,"avx2,avx512f,avx512bw,avx512vl,avx512_vnni,avx512_bf16,amx_bf16,amx_int8,amx_tile,fma",True,True,,256,128,sh14l07002s1404,3.11.9,2.1.2+cu121
20260424_010536,2026-04-24T06:14:10.545834,cpu,full_mlp_capacity_search_hd128_depth3,/home/liangyi/SRS_AI/Model_AIIC_refactor/experiments_refactored/20260422_050408_full_mlp_capacity_search_v2/full_mlp_capacity_search_hd128_depth3,full_mlp_capacity_search_v2,full_mlp_capacity_search_hd128_depth3,supervised_nmse_plateau,full_mlp,12,6,compile,bf16,bfloat16,16,8,ok,,542.095258,20,50,0.08600966,0.003643634814906675,0.079514,0.0859995,0.0897559,0.09297604999999999,0.09691604,0.09878,186025.61619241373,186.02561619241374,85.99950000000001,5.374968750000001,23253.202024051716,21776,21504,43352,sub-physical,0.0625,0.03125,Intel(R) Xeon(R) 6760P,AVX512,"avx2,avx512f,avx512bw,avx512vl,avx512_vnni,avx512_bf16,amx_bf16,amx_int8,amx_tile,fma",True,True,,256,128,sh14l07002s1404,3.11.9,2.1.2+cu121
20260424_010536,2026-04-24T06:14:10.545834,cpu,full_mlp_capacity_search_hd128_depth3,/home/liangyi/SRS_AI/Model_AIIC_refactor/experiments_refactored/20260422_050408_full_mlp_capacity_search_v2/full_mlp_capacity_search_hd128_depth3,full_mlp_capacity_search_v2,full_mlp_capacity_search_hd128_depth3,supervised_nmse_plateau,full_mlp,12,6,compile,bf16,bfloat16,16,128,ok,,532.429267,20,50,0.23954452,0.01952870309287332,0.211952,0.2337995,0.26768,0.2757369,0.29772695,0.304952,66793.42946355023,66.79342946355023,233.7995,14.61246875,521.8236676839862,21776,21504,43352,all-physical,1.0,0.5,Intel(R) Xeon(R) 6760P,AVX512,"avx2,avx512f,avx512bw,avx512vl,avx512_vnni,avx512_bf16,amx_bf16,amx_int8,amx_tile,fma",True,True,,256,128,sh14l07002s1404,3.11.9,2.1.2+cu121
20260424_010536,2026-04-24T06:14:10.545834,cpu,full_mlp_capacity_search_hd128_depth3,/home/liangyi/SRS_AI/Model_AIIC_refactor/experiments_refactored/20260422_050408_full_mlp_capacity_search_v2/full_mlp_capacity_search_hd128_depth3,full_mlp_capacity_search_v2,full_mlp_capacity_search_hd128_depth3,supervised_nmse_plateau,full_mlp,12,6,compile,bf16,bfloat16,32,1,ok,,501.278447,20,50,0.06642772,0.004673430975375586,0.060002,0.0651945,0.07269540000000001,0.07556295,0.07767104,0.078114,481726.604495834,481.72660449583395,65.1945,2.037328125,481726.604495834,21776,21504,43352,single-thread,0.0078125,0.00390625,Intel(R) Xeon(R) 6760P,AVX512,"avx2,avx512f,avx512bw,avx512vl,avx512_vnni,avx512_bf16,amx_bf16,amx_int8,amx_tile,fma",True,True,,256,128,sh14l07002s1404,3.11.9,2.1.2+cu121
20260424_010536,2026-04-24T06:14:10.545834,cpu,full_mlp_capacity_search_hd128_depth3,/home/liangyi/SRS_AI/Model_AIIC_refactor/experiments_refactored/20260422_050408_full_mlp_capacity_search_v2/full_mlp_capacity_search_hd128_depth3,full_mlp_capacity_search_v2,full_mlp_capacity_search_hd128_depth3,supervised_nmse_plateau,full_mlp,12,6,compile,bf16,bfloat16,32,2,ok,,508.989237,20,50,0.08732244,0.00473898711608293,0.079025,0.086372,0.09521890000000001,0.0962836,0.09749056,0.0984,366457.92307223665,366.45792307223667,86.372,2.699125,183228.96153611832,21776,21504,43352,sub-physical,0.015625,0.0078125,Intel(R) Xeon(R) 6760P,AVX512,"avx2,avx512f,avx512bw,avx512vl,avx512_vnni,avx512_bf16,amx_bf16,amx_int8,amx_tile,fma",True,True,,256,128,sh14l07002s1404,3.11.9,2.1.2+cu121
20260424_010536,2026-04-24T06:14:10.545834,cpu,full_mlp_capacity_search_hd128_depth3,/home/liangyi/SRS_AI/Model_AIIC_refactor/experiments_refactored/20260422_050408_full_mlp_capacity_search_v2/full_mlp_capacity_search_hd128_depth3,full_mlp_capacity_search_v2,full_mlp_capacity_search_hd128_depth3,supervised_nmse_plateau,full_mlp,12,6,compile,bf16,bfloat16,32,4,ok,,508.615361,20,50,0.0945806,0.003499055981261232,0.089224,0.09425,0.0998965,0.10194094999999999,0.10312024,0.103622,338335.76864600135,338.3357686460013,94.25,2.9453125,84583.94216150034,21776,21504,43352,sub-physical,0.03125,0.015625,Intel(R) Xeon(R) 6760P,AVX512,"avx2,avx512f,avx512bw,avx512vl,avx512_vnni,avx512_bf16,amx_bf16,amx_int8,amx_tile,fma",True,True,,256,128,sh14l07002s1404,3.11.9,2.1.2+cu121
20260424_010536,2026-04-24T06:14:10.545834,cpu,full_mlp_capacity_search_hd128_depth3,/home/liangyi/SRS_AI/Model_AIIC_refactor/experiments_refactored/20260422_050408_full_mlp_capacity_search_v2/full_mlp_capacity_search_hd128_depth3,full_mlp_capacity_search_v2,full_mlp_capacity_search_hd128_depth3,supervised_nmse_plateau,full_mlp,12,6,compile,bf16,bfloat16,32,8,ok,,501.42612,20,50,0.09269474,0.004603863389849876,0.087482,0.0916145,0.0978152,0.10321199999999998,0.10645252999999999,0.108414,345219.15698776435,345.21915698776434,91.6145,2.862953125,43152.39462347054,21776,21504,43352,sub-physical,0.0625,0.03125,Intel(R) Xeon(R) 6760P,AVX512,"avx2,avx512f,avx512bw,avx512vl,avx512_vnni,avx512_bf16,amx_bf16,amx_int8,amx_tile,fma",True,True,,256,128,sh14l07002s1404,3.11.9,2.1.2+cu121
20260424_010536,2026-04-24T06:14:10.545834,cpu,full_mlp_capacity_search_hd128_depth3,/home/liangyi/SRS_AI/Model_AIIC_refactor/experiments_refactored/20260422_050408_full_mlp_capacity_search_v2/full_mlp_capacity_search_hd128_depth3,full_mlp_capacity_search_v2,full_mlp_capacity_search_hd128_depth3,supervised_nmse_plateau,full_mlp,12,6,compile,bf16,bfloat16,32,128,ok,,527.590593,20,50,0.24046126,0.025732858337782844,0.213215,0.23153600000000002,0.2772604,0.2845242,0.3272219899999999,0.349688,133077.56933486916,133.07756933486917,231.53600000000003,7.235500000000001,1039.6685104286653,21776,21504,43352,all-physical,1.0,0.5,Intel(R) Xeon(R) 6760P,AVX512,"avx2,avx512f,avx512bw,avx512vl,avx512_vnni,avx512_bf16,amx_bf16,amx_int8,amx_tile,fma",True,True,,256,128,sh14l07002s1404,3.11.9,2.1.2+cu121
20260424_010536,2026-04-24T06:14:10.545834,cpu,full_mlp_capacity_search_hd128_depth3,/home/liangyi/SRS_AI/Model_AIIC_refactor/experiments_refactored/20260422_050408_full_mlp_capacity_search_v2/full_mlp_capacity_search_hd128_depth3,full_mlp_capacity_search_v2,full_mlp_capacity_search_hd128_depth3,supervised_nmse_plateau,full_mlp,12,6,compile,bf16,bfloat16,64,1,ok,,498.20973,20,50,0.07179578,0.0038714410148677197,0.067246,0.0705915,0.0789751,0.0806465,0.08294204,0.084365,891417.2949997897,891.4172949997896,70.5915,1.1029921875,891417.2949997897,21776,21504,43352,single-thread,0.0078125,0.00390625,Intel(R) Xeon(R) 6760P,AVX512,"avx2,avx512f,avx512bw,avx512vl,avx512_vnni,avx512_bf16,amx_bf16,amx_int8,amx_tile,fma",True,True,,256,128,sh14l07002s1404,3.11.9,2.1.2+cu121
20260424_010536,2026-04-24T06:14:10.545834,cpu,full_mlp_capacity_search_hd128_depth3,/home/liangyi/SRS_AI/Model_AIIC_refactor/experiments_refactored/20260422_050408_full_mlp_capacity_search_v2/full_mlp_capacity_search_hd128_depth3,full_mlp_capacity_search_v2,full_mlp_capacity_search_hd128_depth3,supervised_nmse_plateau,full_mlp,12,6,compile,bf16,bfloat16,64,2,ok,,509.659009,20,50,0.1053965,0.004853806783340269,0.096787,0.104477,0.1127153,0.1135855,0.11624619,0.117554,607230.7903962656,607.2307903962655,104.477,1.632453125,303615.3951981328,21776,21504,43352,sub-physical,0.015625,0.0078125,Intel(R) Xeon(R) 6760P,AVX512,"avx2,avx512f,avx512bw,avx512vl,avx512_vnni,avx512_bf16,amx_bf16,amx_int8,amx_tile,fma",True,True,,256,128,sh14l07002s1404,3.11.9,2.1.2+cu121
20260424_010536,2026-04-24T06:14:10.545834,cpu,full_mlp_capacity_search_hd128_depth3,/home/liangyi/SRS_AI/Model_AIIC_refactor/experiments_refactored/20260422_050408_full_mlp_capacity_search_v2/full_mlp_capacity_search_hd128_depth3,full_mlp_capacity_search_v2,full_mlp_capacity_search_hd128_depth3,supervised_nmse_plateau,full_mlp,12,6,compile,bf16,bfloat16,64,4,ok,,510.27286,20,50,0.10056492,0.004143856222602323,0.091772,0.10101850000000001,0.1048855,0.10802375,0.11064920999999998,0.112546,636404.8218802342,636.4048218802342,101.01850000000002,1.5784140625000003,159101.20547005854,21776,21504,43352,sub-physical,0.03125,0.015625,Intel(R) Xeon(R) 6760P,AVX512,"avx2,avx512f,avx512bw,avx512vl,avx512_vnni,avx512_bf16,amx_bf16,amx_int8,amx_tile,fma",True,True,,256,128,sh14l07002s1404,3.11.9,2.1.2+cu121
20260424_010536,2026-04-24T06:14:10.545834,cpu,full_mlp_capacity_search_hd128_depth3,/home/liangyi/SRS_AI/Model_AIIC_refactor/experiments_refactored/20260422_050408_full_mlp_capacity_search_v2/full_mlp_capacity_search_hd128_depth3,full_mlp_capacity_search_v2,full_mlp_capacity_search_hd128_depth3,supervised_nmse_plateau,full_mlp,12,6,compile,bf16,bfloat16,64,8,ok,,513.907159,20,50,0.0985857,0.005528159188192757,0.089225,0.097576,0.1059118,0.10827964999999999,0.11346731,0.114634,649181.3721462646,649.1813721462646,97.576,1.524625,81147.67151828308,21776,21504,43352,sub-physical,0.0625,0.03125,Intel(R) Xeon(R) 6760P,AVX512,"avx2,avx512f,avx512bw,avx512vl,avx512_vnni,avx512_bf16,amx_bf16,amx_int8,amx_tile,fma",True,True,,256,128,sh14l07002s1404,3.11.9,2.1.2+cu121
20260424_010536,2026-04-24T06:14:10.545834,cpu,full_mlp_capacity_search_hd128_depth3,/home/liangyi/SRS_AI/Model_AIIC_refactor/experiments_refactored/20260422_050408_full_mlp_capacity_search_v2/full_mlp_capacity_search_hd128_depth3,full_mlp_capacity_search_v2,full_mlp_capacity_search_hd128_depth3,supervised_nmse_plateau,full_mlp,12,6,compile,bf16,bfloat16,64,128,ok,,526.117047,20,50,0.26432984,0.023028843378129084,0.222467,0.2570485,0.3023936,0.3108122,0.32006715999999996,0.326298,242121.73699344727,242.12173699344726,257.0485,4.0163828125,1891.5760702613068,21776,21504,43352,all-physical,1.0,0.5,Intel(R) Xeon(R) 6760P,AVX512,"avx2,avx512f,avx512bw,avx512vl,avx512_vnni,avx512_bf16,amx_bf16,amx_int8,amx_tile,fma",True,True,,256,128,sh14l07002s1404,3.11.9,2.1.2+cu121
20260424_010536,2026-04-24T06:14:10.545834,cpu,full_mlp_capacity_search_hd128_depth3,/home/liangyi/SRS_AI/Model_AIIC_refactor/experiments_refactored/20260422_050408_full_mlp_capacity_search_v2/full_mlp_capacity_search_hd128_depth3,full_mlp_capacity_search_v2,full_mlp_capacity_search_hd128_depth3,supervised_nmse_plateau,full_mlp,12,6,compile,bf16,bfloat16,128,1,ok,,497.658753,20,50,0.07946534,0.0051618982810977595,0.072588,0.07761499999999999,0.0875588,0.0896763,0.09136998,0.092006,1610765.1461630946,1610.7651461630946,77.615,0.6063671875,1610765.1461630946,21776,21504,43352,single-thread,0.0078125,0.00390625,Intel(R) Xeon(R) 6760P,AVX512,"avx2,avx512f,avx512bw,avx512vl,avx512_vnni,avx512_bf16,amx_bf16,amx_int8,amx_tile,fma",True,True,,256,128,sh14l07002s1404,3.11.9,2.1.2+cu121
20260424_010536,2026-04-24T06:14:10.545834,cpu,full_mlp_capacity_search_hd128_depth3,/home/liangyi/SRS_AI/Model_AIIC_refactor/experiments_refactored/20260422_050408_full_mlp_capacity_search_v2/full_mlp_capacity_search_hd128_depth3,full_mlp_capacity_search_v2,full_mlp_capacity_search_hd128_depth3,supervised_nmse_plateau,full_mlp,12,6,compile,bf16,bfloat16,128,2,ok,,506.808605,20,50,0.20842206,0.01621353533737784,0.180636,0.2061185,0.2299022,0.23451815,0.24478064999999996,0.252677,614138.4458055928,614.1384458055928,206.1185,1.61030078125,307069.2229027964,21776,21504,43352,sub-physical,0.015625,0.0078125,Intel(R) Xeon(R) 6760P,AVX512,"avx2,avx512f,avx512bw,avx512vl,avx512_vnni,avx512_bf16,amx_bf16,amx_int8,amx_tile,fma",True,True,,256,128,sh14l07002s1404,3.11.9,2.1.2+cu121
20260424_010536,2026-04-24T06:14:10.545834,cpu,full_mlp_capacity_search_hd128_depth3,/home/liangyi/SRS_AI/Model_AIIC_refactor/experiments_refactored/20260422_050408_full_mlp_capacity_search_v2/full_mlp_capacity_search_hd128_depth3,full_mlp_capacity_search_v2,full_mlp_capacity_search_hd128_depth3,supervised_nmse_plateau,full_mlp,12,6,compile,bf16,bfloat16,128,4,ok,,506.812636,20,50,0.13302184,0.010911279745950976,0.108661,0.134913,0.1456422,0.1460869,0.14830458,0.149803,962248.003786446,962.2480037864459,134.913,1.0540078125,240562.0009466115,21776,21504,43352,sub-physical,0.03125,0.015625,Intel(R) Xeon(R) 6760P,AVX512,"avx2,avx512f,avx512bw,avx512vl,avx512_vnni,avx512_bf16,amx_bf16,amx_int8,amx_tile,fma",True,True,,256,128,sh14l07002s1404,3.11.9,2.1.2+cu121
20260424_010536,2026-04-24T06:14:10.545834,cpu,full_mlp_capacity_search_hd128_depth3,/home/liangyi/SRS_AI/Model_AIIC_refactor/experiments_refactored/20260422_050408_full_mlp_capacity_search_v2/full_mlp_capacity_search_hd128_depth3,full_mlp_capacity_search_v2,full_mlp_capacity_search_hd128_depth3,supervised_nmse_plateau,full_mlp,12,6,compile,bf16,bfloat16,128,8,ok,,510.191196,20,50,0.13158328,0.036298834207197345,0.107416,0.12666349999999998,0.1389416,0.1450358,0.2640103199999996,0.376481,972767.9686963268,972.7679686963269,126.66349999999998,0.9895585937499999,121595.99608704085,21776,21504,43352,sub-physical,0.0625,0.03125,Intel(R) Xeon(R) 6760P,AVX512,"avx2,avx512f,avx512bw,avx512vl,avx512_vnni,avx512_bf16,amx_bf16,amx_int8,amx_tile,fma",True,True,,256,128,sh14l07002s1404,3.11.9,2.1.2+cu121
20260424_010536,2026-04-24T06:14:10.545834,cpu,full_mlp_capacity_search_hd128_depth3,/home/liangyi/SRS_AI/Model_AIIC_refactor/experiments_refactored/20260422_050408_full_mlp_capacity_search_v2/full_mlp_capacity_search_hd128_depth3,full_mlp_capacity_search_v2,full_mlp_capacity_search_hd128_depth3,supervised_nmse_plateau,full_mlp,12,6,compile,bf16,bfloat16,128,128,ok,,522.395989,20,50,0.2961396,0.020588889255129812,0.256935,0.2918075,0.3225199,0.32831384999999996,0.34930717999999994,0.357156,432228.58408669423,432.22858408669424,291.8075,2.27974609375,3376.7858131772987,21776,21504,43352,all-physical,1.0,0.5,Intel(R) Xeon(R) 6760P,AVX512,"avx2,avx512f,avx512bw,avx512vl,avx512_vnni,avx512_bf16,amx_bf16,amx_int8,amx_tile,fma",True,True,,256,128,sh14l07002s1404,3.11.9,2.1.2+cu121
