benchmark_id,timestamp,device,runtime_backend,run_name,run_dir,experiment_name,model_label,training_label,model_type,seq_len,num_ports,execution_mode,requested_precision_profile,effective_execution_dtype,batch_size,num_threads,status,skip_reason,graph_prep_time_ms,warmup_iters,measure_iters,mean_latency_ms,std_latency_ms,min_latency_ms,p50_latency_ms,p90_latency_ms,p95_latency_ms,p99_latency_ms,max_latency_ms,throughput_samples_per_sec,samples_per_ms,p50_latency_us,latency_per_sample_us,throughput_per_thread,trainable_parameters,macs_per_sample,flops_per_sample_estimate,thread_group,threads_per_physical_core_ratio,threads_per_logical_cpu_ratio,cpu_model_name,cpu_capability,cpu_flag_summary,mkldnn_available,mkldnn_enabled,onednn_version,onnxruntime_version,onnxruntime_providers,openvino_version,openvino_device,logical_cpu_count,physical_cpu_count,hostname,python_version,pytorch_version
20260428_134843,2026-04-28T19:13:52.439004,cpu,pytorch,separator1_grid_search_6ports_learned_dense_hd32_depth3_stages2_share0,/home/liangyi/SRS_AI/Model_AIIC_refactor/experiments_refactored/20260428_054018_default_6port_separator1_learned_dense_v2/separator1_grid_search_6ports_learned_dense_hd32_depth3_stages2_share0,default_6port_separator1_learned_dense_v2,separator1_grid_search_6ports_learned_dense_hd32_depth3_stages2_share0,supervised_nmse_plateau,separator1,12,6,eager,fp32,float32,1,1,ok,,0.0,20,50,0.54104102,0.004193213877159147,0.535277,0.5396595,0.5476257,0.54905165,0.5498403,0.549855,1848.288693526417,1.8482886935264171,539.6595,539.6595,1848.288693526417,54336,52224,106776,single-thread,0.0078125,0.00390625,Intel(R) Xeon(R) 6760P,AVX512,"avx2,avx512f,avx512bw,avx512vl,avx512_vnni,avx512_bf16,amx_bf16,amx_int8,amx_tile,fma",True,True,,,,,,256,128,sh14l07002s1404,3.11.9,2.1.2+cu121
20260428_134843,2026-04-28T19:13:52.439004,cpu,pytorch,separator1_grid_search_6ports_learned_dense_hd32_depth3_stages2_share0,/home/liangyi/SRS_AI/Model_AIIC_refactor/experiments_refactored/20260428_054018_default_6port_separator1_learned_dense_v2/separator1_grid_search_6ports_learned_dense_hd32_depth3_stages2_share0,default_6port_separator1_learned_dense_v2,separator1_grid_search_6ports_learned_dense_hd32_depth3_stages2_share0,supervised_nmse_plateau,separator1,12,6,eager,fp32,float32,1,2,ok,,0.0,20,50,0.55211586,0.027401958100113945,0.533972,0.5446575,0.5695351,0.6188546499999998,0.65806595,0.66093,1811.2140448202304,1.8112140448202303,544.6575,544.6575,905.6070224101152,54336,52224,106776,sub-physical,0.015625,0.0078125,Intel(R) Xeon(R) 6760P,AVX512,"avx2,avx512f,avx512bw,avx512vl,avx512_vnni,avx512_bf16,amx_bf16,amx_int8,amx_tile,fma",True,True,,,,,,256,128,sh14l07002s1404,3.11.9,2.1.2+cu121
20260428_134843,2026-04-28T19:13:52.439004,cpu,pytorch,separator1_grid_search_6ports_learned_dense_hd32_depth3_stages2_share0,/home/liangyi/SRS_AI/Model_AIIC_refactor/experiments_refactored/20260428_054018_default_6port_separator1_learned_dense_v2/separator1_grid_search_6ports_learned_dense_hd32_depth3_stages2_share0,default_6port_separator1_learned_dense_v2,separator1_grid_search_6ports_learned_dense_hd32_depth3_stages2_share0,supervised_nmse_plateau,separator1,12,6,eager,fp32,float32,1,4,ok,,0.0,20,50,0.536744,0.020894883259783954,0.523703,0.531319,0.5395735,0.5575147999999999,0.63360935,0.642716,1863.0855677939576,1.8630855677939575,531.319,531.319,465.7713919484894,54336,52224,106776,sub-physical,0.03125,0.015625,Intel(R) Xeon(R) 6760P,AVX512,"avx2,avx512f,avx512bw,avx512vl,avx512_vnni,avx512_bf16,amx_bf16,amx_int8,amx_tile,fma",True,True,,,,,,256,128,sh14l07002s1404,3.11.9,2.1.2+cu121
20260428_134843,2026-04-28T19:13:52.439004,cpu,pytorch,separator1_grid_search_6ports_learned_dense_hd32_depth3_stages2_share0,/home/liangyi/SRS_AI/Model_AIIC_refactor/experiments_refactored/20260428_054018_default_6port_separator1_learned_dense_v2/separator1_grid_search_6ports_learned_dense_hd32_depth3_stages2_share0,default_6port_separator1_learned_dense_v2,separator1_grid_search_6ports_learned_dense_hd32_depth3_stages2_share0,supervised_nmse_plateau,separator1,12,6,eager,fp32,float32,1,8,ok,,0.0,20,50,0.55837726,0.023773084221286902,0.547302,0.552087,0.5591378,0.6016068999999998,0.66214557,0.663717,1790.9038774250942,1.790903877425094,552.087,552.087,223.86298467813677,54336,52224,106776,sub-physical,0.0625,0.03125,Intel(R) Xeon(R) 6760P,AVX512,"avx2,avx512f,avx512bw,avx512vl,avx512_vnni,avx512_bf16,amx_bf16,amx_int8,amx_tile,fma",True,True,,,,,,256,128,sh14l07002s1404,3.11.9,2.1.2+cu121
20260428_134843,2026-04-28T19:13:52.439004,cpu,pytorch,separator1_grid_search_6ports_learned_dense_hd32_depth3_stages2_share0,/home/liangyi/SRS_AI/Model_AIIC_refactor/experiments_refactored/20260428_054018_default_6port_separator1_learned_dense_v2/separator1_grid_search_6ports_learned_dense_hd32_depth3_stages2_share0,default_6port_separator1_learned_dense_v2,separator1_grid_search_6ports_learned_dense_hd32_depth3_stages2_share0,supervised_nmse_plateau,separator1,12,6,eager,fp32,float32,2,1,ok,,0.0,20,50,0.59879048,0.02073062437095419,0.585489,0.59285,0.6033646,0.6427660499999999,0.68457077,0.690807,3340.066461978487,3.3400664619784872,592.85,296.425,3340.066461978487,54336,52224,106776,single-thread,0.0078125,0.00390625,Intel(R) Xeon(R) 6760P,AVX512,"avx2,avx512f,avx512bw,avx512vl,avx512_vnni,avx512_bf16,amx_bf16,amx_int8,amx_tile,fma",True,True,,,,,,256,128,sh14l07002s1404,3.11.9,2.1.2+cu121
20260428_134843,2026-04-28T19:13:52.439004,cpu,pytorch,separator1_grid_search_6ports_learned_dense_hd32_depth3_stages2_share0,/home/liangyi/SRS_AI/Model_AIIC_refactor/experiments_refactored/20260428_054018_default_6port_separator1_learned_dense_v2/separator1_grid_search_6ports_learned_dense_hd32_depth3_stages2_share0,default_6port_separator1_learned_dense_v2,separator1_grid_search_6ports_learned_dense_hd32_depth3_stages2_share0,supervised_nmse_plateau,separator1,12,6,eager,fp32,float32,2,2,ok,,0.0,20,50,0.60287108,0.016424885422845432,0.58798,0.5991615,0.6132181000000001,0.61540965,0.67626755,0.684845,3317.458850406292,3.3174588504062923,599.1615,299.58075,1658.729425203146,54336,52224,106776,sub-physical,0.015625,0.0078125,Intel(R) Xeon(R) 6760P,AVX512,"avx2,avx512f,avx512bw,avx512vl,avx512_vnni,avx512_bf16,amx_bf16,amx_int8,amx_tile,fma",True,True,,,,,,256,128,sh14l07002s1404,3.11.9,2.1.2+cu121
20260428_134843,2026-04-28T19:13:52.439004,cpu,pytorch,separator1_grid_search_6ports_learned_dense_hd32_depth3_stages2_share0,/home/liangyi/SRS_AI/Model_AIIC_refactor/experiments_refactored/20260428_054018_default_6port_separator1_learned_dense_v2/separator1_grid_search_6ports_learned_dense_hd32_depth3_stages2_share0,default_6port_separator1_learned_dense_v2,separator1_grid_search_6ports_learned_dense_hd32_depth3_stages2_share0,supervised_nmse_plateau,separator1,12,6,eager,fp32,float32,2,4,ok,,0.0,20,50,0.59319368,0.01843312846419728,0.580107,0.5887534999999999,0.6010941,0.6074061,0.67877362,0.679196,3371.580088311123,3.3715800883111227,588.7534999999999,294.37674999999996,842.8950220777807,54336,52224,106776,sub-physical,0.03125,0.015625,Intel(R) Xeon(R) 6760P,AVX512,"avx2,avx512f,avx512bw,avx512vl,avx512_vnni,avx512_bf16,amx_bf16,amx_int8,amx_tile,fma",True,True,,,,,,256,128,sh14l07002s1404,3.11.9,2.1.2+cu121
20260428_134843,2026-04-28T19:13:52.439004,cpu,pytorch,separator1_grid_search_6ports_learned_dense_hd32_depth3_stages2_share0,/home/liangyi/SRS_AI/Model_AIIC_refactor/experiments_refactored/20260428_054018_default_6port_separator1_learned_dense_v2/separator1_grid_search_6ports_learned_dense_hd32_depth3_stages2_share0,default_6port_separator1_learned_dense_v2,separator1_grid_search_6ports_learned_dense_hd32_depth3_stages2_share0,supervised_nmse_plateau,separator1,12,6,eager,fp32,float32,2,8,ok,,0.0,20,50,0.59840742,0.00489378057575123,0.589042,0.5982725,0.6054902,0.6062848,0.60797701,0.608639,3342.204546862069,3.342204546862069,598.2725,299.13625,417.77556835775863,54336,52224,106776,sub-physical,0.0625,0.03125,Intel(R) Xeon(R) 6760P,AVX512,"avx2,avx512f,avx512bw,avx512vl,avx512_vnni,avx512_bf16,amx_bf16,amx_int8,amx_tile,fma",True,True,,,,,,256,128,sh14l07002s1404,3.11.9,2.1.2+cu121
20260428_134843,2026-04-28T19:13:52.439004,cpu,pytorch,separator1_grid_search_6ports_learned_dense_hd32_depth3_stages2_share0,/home/liangyi/SRS_AI/Model_AIIC_refactor/experiments_refactored/20260428_054018_default_6port_separator1_learned_dense_v2/separator1_grid_search_6ports_learned_dense_hd32_depth3_stages2_share0,default_6port_separator1_learned_dense_v2,separator1_grid_search_6ports_learned_dense_hd32_depth3_stages2_share0,supervised_nmse_plateau,separator1,12,6,eager,fp32,float32,4,1,ok,,0.0,20,50,0.59875618,0.017406638293122542,0.58435,0.593872,0.6066956,0.61336865,0.67818749,0.685439,6680.515598185559,6.680515598185559,593.872,148.468,6680.515598185559,54336,52224,106776,single-thread,0.0078125,0.00390625,Intel(R) Xeon(R) 6760P,AVX512,"avx2,avx512f,avx512bw,avx512vl,avx512_vnni,avx512_bf16,amx_bf16,amx_int8,amx_tile,fma",True,True,,,,,,256,128,sh14l07002s1404,3.11.9,2.1.2+cu121
20260428_134843,2026-04-28T19:13:52.439004,cpu,pytorch,separator1_grid_search_6ports_learned_dense_hd32_depth3_stages2_share0,/home/liangyi/SRS_AI/Model_AIIC_refactor/experiments_refactored/20260428_054018_default_6port_separator1_learned_dense_v2/separator1_grid_search_6ports_learned_dense_hd32_depth3_stages2_share0,default_6port_separator1_learned_dense_v2,separator1_grid_search_6ports_learned_dense_hd32_depth3_stages2_share0,supervised_nmse_plateau,separator1,12,6,eager,fp32,float32,4,2,ok,,0.0,20,50,0.59410322,0.021588706663707304,0.583004,0.5893174999999999,0.5949655,0.615068,0.69559646,0.69655,6732.836761935073,6.732836761935073,589.3174999999999,147.32937499999997,3366.4183809675365,54336,52224,106776,sub-physical,0.015625,0.0078125,Intel(R) Xeon(R) 6760P,AVX512,"avx2,avx512f,avx512bw,avx512vl,avx512_vnni,avx512_bf16,amx_bf16,amx_int8,amx_tile,fma",True,True,,,,,,256,128,sh14l07002s1404,3.11.9,2.1.2+cu121
20260428_134843,2026-04-28T19:13:52.439004,cpu,pytorch,separator1_grid_search_6ports_learned_dense_hd32_depth3_stages2_share0,/home/liangyi/SRS_AI/Model_AIIC_refactor/experiments_refactored/20260428_054018_default_6port_separator1_learned_dense_v2/separator1_grid_search_6ports_learned_dense_hd32_depth3_stages2_share0,default_6port_separator1_learned_dense_v2,separator1_grid_search_6ports_learned_dense_hd32_depth3_stages2_share0,supervised_nmse_plateau,separator1,12,6,eager,fp32,float32,4,4,ok,,0.0,20,50,0.59983874,0.00443477050955288,0.592046,0.5998895,0.6039911,0.6051562500000001,0.6143099799999999,0.615632,6668.458926144049,6.668458926144049,599.8895,149.972375,1667.1147315360122,54336,52224,106776,sub-physical,0.03125,0.015625,Intel(R) Xeon(R) 6760P,AVX512,"avx2,avx512f,avx512bw,avx512vl,avx512_vnni,avx512_bf16,amx_bf16,amx_int8,amx_tile,fma",True,True,,,,,,256,128,sh14l07002s1404,3.11.9,2.1.2+cu121
20260428_134843,2026-04-28T19:13:52.439004,cpu,pytorch,separator1_grid_search_6ports_learned_dense_hd32_depth3_stages2_share0,/home/liangyi/SRS_AI/Model_AIIC_refactor/experiments_refactored/20260428_054018_default_6port_separator1_learned_dense_v2/separator1_grid_search_6ports_learned_dense_hd32_depth3_stages2_share0,default_6port_separator1_learned_dense_v2,separator1_grid_search_6ports_learned_dense_hd32_depth3_stages2_share0,supervised_nmse_plateau,separator1,12,6,eager,fp32,float32,4,8,ok,,0.0,20,50,0.59694558,0.0030664221306923823,0.589064,0.596454,0.6009501,0.60198385,0.60403164,0.605092,6700.77831885446,6.70077831885446,596.4540000000001,149.11350000000002,837.5972898568075,54336,52224,106776,sub-physical,0.0625,0.03125,Intel(R) Xeon(R) 6760P,AVX512,"avx2,avx512f,avx512bw,avx512vl,avx512_vnni,avx512_bf16,amx_bf16,amx_int8,amx_tile,fma",True,True,,,,,,256,128,sh14l07002s1404,3.11.9,2.1.2+cu121
20260428_134843,2026-04-28T19:13:52.439004,cpu,pytorch,separator1_grid_search_6ports_learned_dense_hd32_depth3_stages2_share0,/home/liangyi/SRS_AI/Model_AIIC_refactor/experiments_refactored/20260428_054018_default_6port_separator1_learned_dense_v2/separator1_grid_search_6ports_learned_dense_hd32_depth3_stages2_share0,default_6port_separator1_learned_dense_v2,separator1_grid_search_6ports_learned_dense_hd32_depth3_stages2_share0,supervised_nmse_plateau,separator1,12,6,eager,fp32,float32,8,1,ok,,0.0,20,50,0.600429,0.0315559679249425,0.580211,0.5888420000000001,0.6183319,0.69314065,0.69601392,0.696255,13323.806811463137,13.323806811463136,588.8420000000001,73.60525000000001,13323.806811463137,54336,52224,106776,single-thread,0.0078125,0.00390625,Intel(R) Xeon(R) 6760P,AVX512,"avx2,avx512f,avx512bw,avx512vl,avx512_vnni,avx512_bf16,amx_bf16,amx_int8,amx_tile,fma",True,True,,,,,,256,128,sh14l07002s1404,3.11.9,2.1.2+cu121
20260428_134843,2026-04-28T19:13:52.439004,cpu,pytorch,separator1_grid_search_6ports_learned_dense_hd32_depth3_stages2_share0,/home/liangyi/SRS_AI/Model_AIIC_refactor/experiments_refactored/20260428_054018_default_6port_separator1_learned_dense_v2/separator1_grid_search_6ports_learned_dense_hd32_depth3_stages2_share0,default_6port_separator1_learned_dense_v2,separator1_grid_search_6ports_learned_dense_hd32_depth3_stages2_share0,supervised_nmse_plateau,separator1,12,6,eager,fp32,float32,8,2,ok,,0.0,20,50,0.61183898,0.02491654561811488,0.597763,0.6046305000000001,0.6179236,0.6637134999999998,0.7117949899999999,0.721031,13075.335605456192,13.075335605456193,604.6305000000001,75.57881250000001,6537.667802728096,54336,52224,106776,sub-physical,0.015625,0.0078125,Intel(R) Xeon(R) 6760P,AVX512,"avx2,avx512f,avx512bw,avx512vl,avx512_vnni,avx512_bf16,amx_bf16,amx_int8,amx_tile,fma",True,True,,,,,,256,128,sh14l07002s1404,3.11.9,2.1.2+cu121
20260428_134843,2026-04-28T19:13:52.439004,cpu,pytorch,separator1_grid_search_6ports_learned_dense_hd32_depth3_stages2_share0,/home/liangyi/SRS_AI/Model_AIIC_refactor/experiments_refactored/20260428_054018_default_6port_separator1_learned_dense_v2/separator1_grid_search_6ports_learned_dense_hd32_depth3_stages2_share0,default_6port_separator1_learned_dense_v2,separator1_grid_search_6ports_learned_dense_hd32_depth3_stages2_share0,supervised_nmse_plateau,separator1,12,6,eager,fp32,float32,8,4,ok,,0.0,20,50,0.61528924,0.01853129288804211,0.598746,0.61232,0.6228188,0.6284668,0.6992393499999999,0.705308,13002.015117312956,13.002015117312956,612.3199999999999,76.53999999999999,3250.503779328239,54336,52224,106776,sub-physical,0.03125,0.015625,Intel(R) Xeon(R) 6760P,AVX512,"avx2,avx512f,avx512bw,avx512vl,avx512_vnni,avx512_bf16,amx_bf16,amx_int8,amx_tile,fma",True,True,,,,,,256,128,sh14l07002s1404,3.11.9,2.1.2+cu121
20260428_134843,2026-04-28T19:13:52.439004,cpu,pytorch,separator1_grid_search_6ports_learned_dense_hd32_depth3_stages2_share0,/home/liangyi/SRS_AI/Model_AIIC_refactor/experiments_refactored/20260428_054018_default_6port_separator1_learned_dense_v2/separator1_grid_search_6ports_learned_dense_hd32_depth3_stages2_share0,default_6port_separator1_learned_dense_v2,separator1_grid_search_6ports_learned_dense_hd32_depth3_stages2_share0,supervised_nmse_plateau,separator1,12,6,eager,fp32,float32,8,8,ok,,0.0,20,50,0.63084658,0.029324287038623803,0.609517,0.6188515,0.6940552999999999,0.70947795,0.71713603,0.717799,12681.371752859466,12.681371752859466,618.8515,77.3564375,1585.1714691074333,54336,52224,106776,sub-physical,0.0625,0.03125,Intel(R) Xeon(R) 6760P,AVX512,"avx2,avx512f,avx512bw,avx512vl,avx512_vnni,avx512_bf16,amx_bf16,amx_int8,amx_tile,fma",True,True,,,,,,256,128,sh14l07002s1404,3.11.9,2.1.2+cu121
20260428_134843,2026-04-28T19:13:52.439004,cpu,pytorch,separator1_grid_search_6ports_learned_dense_hd32_depth3_stages2_share0,/home/liangyi/SRS_AI/Model_AIIC_refactor/experiments_refactored/20260428_054018_default_6port_separator1_learned_dense_v2/separator1_grid_search_6ports_learned_dense_hd32_depth3_stages2_share0,default_6port_separator1_learned_dense_v2,separator1_grid_search_6ports_learned_dense_hd32_depth3_stages2_share0,supervised_nmse_plateau,separator1,12,6,eager,fp32,float32,16,1,ok,,0.0,20,50,0.62078788,0.02082087797153617,0.606879,0.6154325,0.6228451,0.6596302499999999,0.70911653,0.722495,25773.69906126389,25.77369906126389,615.4325,38.46453125,25773.69906126389,54336,52224,106776,single-thread,0.0078125,0.00390625,Intel(R) Xeon(R) 6760P,AVX512,"avx2,avx512f,avx512bw,avx512vl,avx512_vnni,avx512_bf16,amx_bf16,amx_int8,amx_tile,fma",True,True,,,,,,256,128,sh14l07002s1404,3.11.9,2.1.2+cu121
20260428_134843,2026-04-28T19:13:52.439004,cpu,pytorch,separator1_grid_search_6ports_learned_dense_hd32_depth3_stages2_share0,/home/liangyi/SRS_AI/Model_AIIC_refactor/experiments_refactored/20260428_054018_default_6port_separator1_learned_dense_v2/separator1_grid_search_6ports_learned_dense_hd32_depth3_stages2_share0,default_6port_separator1_learned_dense_v2,separator1_grid_search_6ports_learned_dense_hd32_depth3_stages2_share0,supervised_nmse_plateau,separator1,12,6,eager,fp32,float32,16,2,ok,,0.0,20,50,0.63478406,0.03745263258485844,0.607495,0.6178635,0.7076462,0.7303227,0.73578235,0.738617,25205.42182486435,25.20542182486435,617.8635,38.61646875,12602.710912432174,54336,52224,106776,sub-physical,0.015625,0.0078125,Intel(R) Xeon(R) 6760P,AVX512,"avx2,avx512f,avx512bw,avx512vl,avx512_vnni,avx512_bf16,amx_bf16,amx_int8,amx_tile,fma",True,True,,,,,,256,128,sh14l07002s1404,3.11.9,2.1.2+cu121
20260428_134843,2026-04-28T19:13:52.439004,cpu,pytorch,separator1_grid_search_6ports_learned_dense_hd32_depth3_stages2_share0,/home/liangyi/SRS_AI/Model_AIIC_refactor/experiments_refactored/20260428_054018_default_6port_separator1_learned_dense_v2/separator1_grid_search_6ports_learned_dense_hd32_depth3_stages2_share0,default_6port_separator1_learned_dense_v2,separator1_grid_search_6ports_learned_dense_hd32_depth3_stages2_share0,supervised_nmse_plateau,separator1,12,6,eager,fp32,float32,16,4,ok,,0.0,20,50,0.64317468,0.03839350546508615,0.616171,0.6249205,0.7295888,0.73282435,0.7392063999999999,0.743783,24876.601174660667,24.876601174660667,624.9205,39.05753125,6219.150293665167,54336,52224,106776,sub-physical,0.03125,0.015625,Intel(R) Xeon(R) 6760P,AVX512,"avx2,avx512f,avx512bw,avx512vl,avx512_vnni,avx512_bf16,amx_bf16,amx_int8,amx_tile,fma",True,True,,,,,,256,128,sh14l07002s1404,3.11.9,2.1.2+cu121
20260428_134843,2026-04-28T19:13:52.439004,cpu,pytorch,separator1_grid_search_6ports_learned_dense_hd32_depth3_stages2_share0,/home/liangyi/SRS_AI/Model_AIIC_refactor/experiments_refactored/20260428_054018_default_6port_separator1_learned_dense_v2/separator1_grid_search_6ports_learned_dense_hd32_depth3_stages2_share0,default_6port_separator1_learned_dense_v2,separator1_grid_search_6ports_learned_dense_hd32_depth3_stages2_share0,supervised_nmse_plateau,separator1,12,6,eager,fp32,float32,16,8,ok,,0.0,20,50,0.63603078,0.0061464298199523934,0.62434,0.63476,0.6434639000000001,0.6487217,0.65447713,0.658085,25156.015248192864,25.156015248192862,634.76,39.6725,3144.501906024108,54336,52224,106776,sub-physical,0.0625,0.03125,Intel(R) Xeon(R) 6760P,AVX512,"avx2,avx512f,avx512bw,avx512vl,avx512_vnni,avx512_bf16,amx_bf16,amx_int8,amx_tile,fma",True,True,,,,,,256,128,sh14l07002s1404,3.11.9,2.1.2+cu121
20260428_134843,2026-04-28T19:13:52.439004,cpu,pytorch,separator1_grid_search_6ports_learned_dense_hd32_depth3_stages2_share0,/home/liangyi/SRS_AI/Model_AIIC_refactor/experiments_refactored/20260428_054018_default_6port_separator1_learned_dense_v2/separator1_grid_search_6ports_learned_dense_hd32_depth3_stages2_share0,default_6port_separator1_learned_dense_v2,separator1_grid_search_6ports_learned_dense_hd32_depth3_stages2_share0,supervised_nmse_plateau,separator1,12,6,eager,fp32,float32,32,1,ok,,0.0,20,50,0.6644755999999999,0.006361733760540445,0.654994,0.6643384999999999,0.6723095,0.6771896000000001,0.6790980799999999,0.679298,48158.27699316574,48.158276993165735,664.3385,20.760578125,48158.27699316574,54336,52224,106776,single-thread,0.0078125,0.00390625,Intel(R) Xeon(R) 6760P,AVX512,"avx2,avx512f,avx512bw,avx512vl,avx512_vnni,avx512_bf16,amx_bf16,amx_int8,amx_tile,fma",True,True,,,,,,256,128,sh14l07002s1404,3.11.9,2.1.2+cu121
20260428_134843,2026-04-28T19:13:52.439004,cpu,pytorch,separator1_grid_search_6ports_learned_dense_hd32_depth3_stages2_share0,/home/liangyi/SRS_AI/Model_AIIC_refactor/experiments_refactored/20260428_054018_default_6port_separator1_learned_dense_v2/separator1_grid_search_6ports_learned_dense_hd32_depth3_stages2_share0,default_6port_separator1_learned_dense_v2,separator1_grid_search_6ports_learned_dense_hd32_depth3_stages2_share0,supervised_nmse_plateau,separator1,12,6,eager,fp32,float32,32,2,ok,,0.0,20,50,0.6560524,0.027374854829204112,0.639654,0.649158,0.6684745,0.6969275499999998,0.7764476899999999,0.778809,48776.591625912806,48.77659162591281,649.158,20.2861875,24388.295812956403,54336,52224,106776,sub-physical,0.015625,0.0078125,Intel(R) Xeon(R) 6760P,AVX512,"avx2,avx512f,avx512bw,avx512vl,avx512_vnni,avx512_bf16,amx_bf16,amx_int8,amx_tile,fma",True,True,,,,,,256,128,sh14l07002s1404,3.11.9,2.1.2+cu121
20260428_134843,2026-04-28T19:13:52.439004,cpu,pytorch,separator1_grid_search_6ports_learned_dense_hd32_depth3_stages2_share0,/home/liangyi/SRS_AI/Model_AIIC_refactor/experiments_refactored/20260428_054018_default_6port_separator1_learned_dense_v2/separator1_grid_search_6ports_learned_dense_hd32_depth3_stages2_share0,default_6port_separator1_learned_dense_v2,separator1_grid_search_6ports_learned_dense_hd32_depth3_stages2_share0,supervised_nmse_plateau,separator1,12,6,eager,fp32,float32,32,4,ok,,0.0,20,50,0.6619275,0.007284488842053364,0.652297,0.661123,0.6739029000000001,0.67781275,0.68048638,0.680701,48343.663014453996,48.343663014453995,661.123,20.66009375,12085.915753613499,54336,52224,106776,sub-physical,0.03125,0.015625,Intel(R) Xeon(R) 6760P,AVX512,"avx2,avx512f,avx512bw,avx512vl,avx512_vnni,avx512_bf16,amx_bf16,amx_int8,amx_tile,fma",True,True,,,,,,256,128,sh14l07002s1404,3.11.9,2.1.2+cu121
20260428_134843,2026-04-28T19:13:52.439004,cpu,pytorch,separator1_grid_search_6ports_learned_dense_hd32_depth3_stages2_share0,/home/liangyi/SRS_AI/Model_AIIC_refactor/experiments_refactored/20260428_054018_default_6port_separator1_learned_dense_v2/separator1_grid_search_6ports_learned_dense_hd32_depth3_stages2_share0,default_6port_separator1_learned_dense_v2,separator1_grid_search_6ports_learned_dense_hd32_depth3_stages2_share0,supervised_nmse_plateau,separator1,12,6,eager,fp32,float32,32,8,ok,,0.0,20,50,0.65424798,0.0077360296780454385,0.642005,0.652439,0.6629419,0.67342855,0.6756360499999999,0.676202,48911.117769137025,48.91111776913702,652.439,20.38871875,6113.889721142128,54336,52224,106776,sub-physical,0.0625,0.03125,Intel(R) Xeon(R) 6760P,AVX512,"avx2,avx512f,avx512bw,avx512vl,avx512_vnni,avx512_bf16,amx_bf16,amx_int8,amx_tile,fma",True,True,,,,,,256,128,sh14l07002s1404,3.11.9,2.1.2+cu121
20260428_134843,2026-04-28T19:13:52.439004,cpu,pytorch,separator1_grid_search_6ports_learned_dense_hd32_depth3_stages2_share0,/home/liangyi/SRS_AI/Model_AIIC_refactor/experiments_refactored/20260428_054018_default_6port_separator1_learned_dense_v2/separator1_grid_search_6ports_learned_dense_hd32_depth3_stages2_share0,default_6port_separator1_learned_dense_v2,separator1_grid_search_6ports_learned_dense_hd32_depth3_stages2_share0,supervised_nmse_plateau,separator1,12,6,eager,fp32,float32,64,1,ok,,0.0,20,50,0.72187694,0.009871457378543457,0.707469,0.7194959999999999,0.7414897,0.74521585,0.74610838,0.746127,88657.77039504821,88.6577703950482,719.4959999999999,11.242124999999998,88657.77039504821,54336,52224,106776,single-thread,0.0078125,0.00390625,Intel(R) Xeon(R) 6760P,AVX512,"avx2,avx512f,avx512bw,avx512vl,avx512_vnni,avx512_bf16,amx_bf16,amx_int8,amx_tile,fma",True,True,,,,,,256,128,sh14l07002s1404,3.11.9,2.1.2+cu121
20260428_134843,2026-04-28T19:13:52.439004,cpu,pytorch,separator1_grid_search_6ports_learned_dense_hd32_depth3_stages2_share0,/home/liangyi/SRS_AI/Model_AIIC_refactor/experiments_refactored/20260428_054018_default_6port_separator1_learned_dense_v2/separator1_grid_search_6ports_learned_dense_hd32_depth3_stages2_share0,default_6port_separator1_learned_dense_v2,separator1_grid_search_6ports_learned_dense_hd32_depth3_stages2_share0,supervised_nmse_plateau,separator1,12,6,eager,fp32,float32,64,2,ok,,0.0,20,50,0.7343527,0.010571060390046022,0.71922,0.7318765,0.7530135,0.7585999499999999,0.76080527,0.761137,87151.58261146177,87.15158261146176,731.8765000000001,11.435570312500001,43575.79130573088,54336,52224,106776,sub-physical,0.015625,0.0078125,Intel(R) Xeon(R) 6760P,AVX512,"avx2,avx512f,avx512bw,avx512vl,avx512_vnni,avx512_bf16,amx_bf16,amx_int8,amx_tile,fma",True,True,,,,,,256,128,sh14l07002s1404,3.11.9,2.1.2+cu121
20260428_134843,2026-04-28T19:13:52.439004,cpu,pytorch,separator1_grid_search_6ports_learned_dense_hd32_depth3_stages2_share0,/home/liangyi/SRS_AI/Model_AIIC_refactor/experiments_refactored/20260428_054018_default_6port_separator1_learned_dense_v2/separator1_grid_search_6ports_learned_dense_hd32_depth3_stages2_share0,default_6port_separator1_learned_dense_v2,separator1_grid_search_6ports_learned_dense_hd32_depth3_stages2_share0,supervised_nmse_plateau,separator1,12,6,eager,fp32,float32,64,4,ok,,0.0,20,50,0.71460966,0.009821372461341644,0.699877,0.712805,0.7323303,0.7355613,0.74172165,0.742464,89559.38267053373,89.55938267053372,712.8050000000001,11.137578125000001,22389.84566763343,54336,52224,106776,sub-physical,0.03125,0.015625,Intel(R) Xeon(R) 6760P,AVX512,"avx2,avx512f,avx512bw,avx512vl,avx512_vnni,avx512_bf16,amx_bf16,amx_int8,amx_tile,fma",True,True,,,,,,256,128,sh14l07002s1404,3.11.9,2.1.2+cu121
20260428_134843,2026-04-28T19:13:52.439004,cpu,pytorch,separator1_grid_search_6ports_learned_dense_hd32_depth3_stages2_share0,/home/liangyi/SRS_AI/Model_AIIC_refactor/experiments_refactored/20260428_054018_default_6port_separator1_learned_dense_v2/separator1_grid_search_6ports_learned_dense_hd32_depth3_stages2_share0,default_6port_separator1_learned_dense_v2,separator1_grid_search_6ports_learned_dense_hd32_depth3_stages2_share0,supervised_nmse_plateau,separator1,12,6,eager,fp32,float32,64,8,ok,,0.0,20,50,0.73113808,0.010674839801776881,0.715764,0.7279955,0.7514703,0.7540682999999999,0.75631374,0.756987,87534.7649790037,87.5347649790037,727.9955,11.3749296875,10941.845622375462,54336,52224,106776,sub-physical,0.0625,0.03125,Intel(R) Xeon(R) 6760P,AVX512,"avx2,avx512f,avx512bw,avx512vl,avx512_vnni,avx512_bf16,amx_bf16,amx_int8,amx_tile,fma",True,True,,,,,,256,128,sh14l07002s1404,3.11.9,2.1.2+cu121
20260428_134843,2026-04-28T19:13:52.439004,cpu,pytorch,separator1_grid_search_6ports_learned_dense_hd32_depth3_stages2_share0,/home/liangyi/SRS_AI/Model_AIIC_refactor/experiments_refactored/20260428_054018_default_6port_separator1_learned_dense_v2/separator1_grid_search_6ports_learned_dense_hd32_depth3_stages2_share0,default_6port_separator1_learned_dense_v2,separator1_grid_search_6ports_learned_dense_hd32_depth3_stages2_share0,supervised_nmse_plateau,separator1,12,6,eager,fp32,float32,128,1,ok,,0.0,20,50,0.86678702,0.009811016154282903,0.848161,0.8657969999999999,0.8799463000000001,0.8848789499999999,0.8915243700000001,0.893429,147671.80062294888,147.6718006229489,865.7969999999999,6.764039062499999,147671.80062294888,54336,52224,106776,single-thread,0.0078125,0.00390625,Intel(R) Xeon(R) 6760P,AVX512,"avx2,avx512f,avx512bw,avx512vl,avx512_vnni,avx512_bf16,amx_bf16,amx_int8,amx_tile,fma",True,True,,,,,,256,128,sh14l07002s1404,3.11.9,2.1.2+cu121
20260428_134843,2026-04-28T19:13:52.439004,cpu,pytorch,separator1_grid_search_6ports_learned_dense_hd32_depth3_stages2_share0,/home/liangyi/SRS_AI/Model_AIIC_refactor/experiments_refactored/20260428_054018_default_6port_separator1_learned_dense_v2/separator1_grid_search_6ports_learned_dense_hd32_depth3_stages2_share0,default_6port_separator1_learned_dense_v2,separator1_grid_search_6ports_learned_dense_hd32_depth3_stages2_share0,supervised_nmse_plateau,separator1,12,6,eager,fp32,float32,128,2,ok,,0.0,20,50,0.8541409,0.012490945261668546,0.836317,0.8509009999999999,0.876652,0.8799561,0.88275843,0.882853,149858.17913648675,149.85817913648674,850.901,6.6476640625,74929.08956824338,54336,52224,106776,sub-physical,0.015625,0.0078125,Intel(R) Xeon(R) 6760P,AVX512,"avx2,avx512f,avx512bw,avx512vl,avx512_vnni,avx512_bf16,amx_bf16,amx_int8,amx_tile,fma",True,True,,,,,,256,128,sh14l07002s1404,3.11.9,2.1.2+cu121
20260428_134843,2026-04-28T19:13:52.439004,cpu,pytorch,separator1_grid_search_6ports_learned_dense_hd32_depth3_stages2_share0,/home/liangyi/SRS_AI/Model_AIIC_refactor/experiments_refactored/20260428_054018_default_6port_separator1_learned_dense_v2/separator1_grid_search_6ports_learned_dense_hd32_depth3_stages2_share0,default_6port_separator1_learned_dense_v2,separator1_grid_search_6ports_learned_dense_hd32_depth3_stages2_share0,supervised_nmse_plateau,separator1,12,6,eager,fp32,float32,128,4,ok,,0.0,20,50,1.0260324,0.02499365657681965,0.997456,1.0125095,1.0629418,1.06594135,1.08665958,1.088305,124752.39573331212,124.75239573331213,1012.5095,7.91023046875,31188.09893332803,54336,52224,106776,sub-physical,0.03125,0.015625,Intel(R) Xeon(R) 6760P,AVX512,"avx2,avx512f,avx512bw,avx512vl,avx512_vnni,avx512_bf16,amx_bf16,amx_int8,amx_tile,fma",True,True,,,,,,256,128,sh14l07002s1404,3.11.9,2.1.2+cu121
20260428_134843,2026-04-28T19:13:52.439004,cpu,pytorch,separator1_grid_search_6ports_learned_dense_hd32_depth3_stages2_share0,/home/liangyi/SRS_AI/Model_AIIC_refactor/experiments_refactored/20260428_054018_default_6port_separator1_learned_dense_v2/separator1_grid_search_6ports_learned_dense_hd32_depth3_stages2_share0,default_6port_separator1_learned_dense_v2,separator1_grid_search_6ports_learned_dense_hd32_depth3_stages2_share0,supervised_nmse_plateau,separator1,12,6,eager,fp32,float32,128,8,ok,,0.0,20,50,0.86118892,0.012502107740441214,0.836561,0.8580665,0.8751878,0.88235815,0.8981159999999999,0.90723,148631.73111888155,148.63173111888156,858.0664999999999,6.703644531249999,18578.966389860194,54336,52224,106776,sub-physical,0.0625,0.03125,Intel(R) Xeon(R) 6760P,AVX512,"avx2,avx512f,avx512bw,avx512vl,avx512_vnni,avx512_bf16,amx_bf16,amx_int8,amx_tile,fma",True,True,,,,,,256,128,sh14l07002s1404,3.11.9,2.1.2+cu121
20260428_134843,2026-04-28T19:13:52.439004,cpu,pytorch,separator1_grid_search_6ports_learned_dense_hd32_depth3_stages2_share0,/home/liangyi/SRS_AI/Model_AIIC_refactor/experiments_refactored/20260428_054018_default_6port_separator1_learned_dense_v2/separator1_grid_search_6ports_learned_dense_hd32_depth3_stages2_share0,default_6port_separator1_learned_dense_v2,separator1_grid_search_6ports_learned_dense_hd32_depth3_stages2_share0,supervised_nmse_plateau,separator1,12,6,eager,bf16,bfloat16,1,1,ok,,0.0,20,50,0.54327016,0.005329012761703617,0.53593,0.5420545,0.5480231,0.5501495,0.56146046,0.56996,1840.7048161820635,1.8407048161820634,542.0545,542.0545,1840.7048161820635,54336,52224,106776,single-thread,0.0078125,0.00390625,Intel(R) Xeon(R) 6760P,AVX512,"avx2,avx512f,avx512bw,avx512vl,avx512_vnni,avx512_bf16,amx_bf16,amx_int8,amx_tile,fma",True,True,,,,,,256,128,sh14l07002s1404,3.11.9,2.1.2+cu121
20260428_134843,2026-04-28T19:13:52.439004,cpu,pytorch,separator1_grid_search_6ports_learned_dense_hd32_depth3_stages2_share0,/home/liangyi/SRS_AI/Model_AIIC_refactor/experiments_refactored/20260428_054018_default_6port_separator1_learned_dense_v2/separator1_grid_search_6ports_learned_dense_hd32_depth3_stages2_share0,default_6port_separator1_learned_dense_v2,separator1_grid_search_6ports_learned_dense_hd32_depth3_stages2_share0,supervised_nmse_plateau,separator1,12,6,eager,bf16,bfloat16,1,2,ok,,0.0,20,50,0.53546236,0.004765964556141818,0.52781,0.534521,0.5405038999999999,0.5410783,0.55136433,0.558363,1867.544900821787,1.867544900821787,534.5210000000001,534.5210000000001,933.7724504108935,54336,52224,106776,sub-physical,0.015625,0.0078125,Intel(R) Xeon(R) 6760P,AVX512,"avx2,avx512f,avx512bw,avx512vl,avx512_vnni,avx512_bf16,amx_bf16,amx_int8,amx_tile,fma",True,True,,,,,,256,128,sh14l07002s1404,3.11.9,2.1.2+cu121
20260428_134843,2026-04-28T19:13:52.439004,cpu,pytorch,separator1_grid_search_6ports_learned_dense_hd32_depth3_stages2_share0,/home/liangyi/SRS_AI/Model_AIIC_refactor/experiments_refactored/20260428_054018_default_6port_separator1_learned_dense_v2/separator1_grid_search_6ports_learned_dense_hd32_depth3_stages2_share0,default_6port_separator1_learned_dense_v2,separator1_grid_search_6ports_learned_dense_hd32_depth3_stages2_share0,supervised_nmse_plateau,separator1,12,6,eager,bf16,bfloat16,1,4,ok,,0.0,20,50,0.53552604,0.005021743912068796,0.527151,0.534546,0.540284,0.5412711,0.5531751699999999,0.56144,1867.3228289701842,1.8673228289701842,534.5459999999999,534.5459999999999,466.83070724254605,54336,52224,106776,sub-physical,0.03125,0.015625,Intel(R) Xeon(R) 6760P,AVX512,"avx2,avx512f,avx512bw,avx512vl,avx512_vnni,avx512_bf16,amx_bf16,amx_int8,amx_tile,fma",True,True,,,,,,256,128,sh14l07002s1404,3.11.9,2.1.2+cu121
20260428_134843,2026-04-28T19:13:52.439004,cpu,pytorch,separator1_grid_search_6ports_learned_dense_hd32_depth3_stages2_share0,/home/liangyi/SRS_AI/Model_AIIC_refactor/experiments_refactored/20260428_054018_default_6port_separator1_learned_dense_v2/separator1_grid_search_6ports_learned_dense_hd32_depth3_stages2_share0,default_6port_separator1_learned_dense_v2,separator1_grid_search_6ports_learned_dense_hd32_depth3_stages2_share0,supervised_nmse_plateau,separator1,12,6,eager,bf16,bfloat16,1,8,ok,,0.0,20,50,0.54649676,0.006190934797136865,0.538125,0.5445450000000001,0.5546277,0.55674335,0.56666764,0.567679,1829.8370149532084,1.8298370149532084,544.5450000000001,544.5450000000001,228.72962686915105,54336,52224,106776,sub-physical,0.0625,0.03125,Intel(R) Xeon(R) 6760P,AVX512,"avx2,avx512f,avx512bw,avx512vl,avx512_vnni,avx512_bf16,amx_bf16,amx_int8,amx_tile,fma",True,True,,,,,,256,128,sh14l07002s1404,3.11.9,2.1.2+cu121
20260428_134843,2026-04-28T19:13:52.439004,cpu,pytorch,separator1_grid_search_6ports_learned_dense_hd32_depth3_stages2_share0,/home/liangyi/SRS_AI/Model_AIIC_refactor/experiments_refactored/20260428_054018_default_6port_separator1_learned_dense_v2/separator1_grid_search_6ports_learned_dense_hd32_depth3_stages2_share0,default_6port_separator1_learned_dense_v2,separator1_grid_search_6ports_learned_dense_hd32_depth3_stages2_share0,supervised_nmse_plateau,separator1,12,6,eager,bf16,bfloat16,2,1,ok,,0.0,20,50,0.57444076,0.003055498876190276,0.568612,0.57439,0.5785425000000001,0.5795128,0.58109051,0.581973,3481.6470892490292,3.481647089249029,574.39,287.195,3481.6470892490292,54336,52224,106776,single-thread,0.0078125,0.00390625,Intel(R) Xeon(R) 6760P,AVX512,"avx2,avx512f,avx512bw,avx512vl,avx512_vnni,avx512_bf16,amx_bf16,amx_int8,amx_tile,fma",True,True,,,,,,256,128,sh14l07002s1404,3.11.9,2.1.2+cu121
20260428_134843,2026-04-28T19:13:52.439004,cpu,pytorch,separator1_grid_search_6ports_learned_dense_hd32_depth3_stages2_share0,/home/liangyi/SRS_AI/Model_AIIC_refactor/experiments_refactored/20260428_054018_default_6port_separator1_learned_dense_v2/separator1_grid_search_6ports_learned_dense_hd32_depth3_stages2_share0,default_6port_separator1_learned_dense_v2,separator1_grid_search_6ports_learned_dense_hd32_depth3_stages2_share0,supervised_nmse_plateau,separator1,12,6,eager,bf16,bfloat16,2,2,ok,,0.0,20,50,0.56822668,0.003708143478561747,0.562149,0.568506,0.5723613,0.5749480499999999,0.57764117,0.577821,3519.7220940065677,3.5197220940065677,568.506,284.253,1759.8610470032838,54336,52224,106776,sub-physical,0.015625,0.0078125,Intel(R) Xeon(R) 6760P,AVX512,"avx2,avx512f,avx512bw,avx512vl,avx512_vnni,avx512_bf16,amx_bf16,amx_int8,amx_tile,fma",True,True,,,,,,256,128,sh14l07002s1404,3.11.9,2.1.2+cu121
20260428_134843,2026-04-28T19:13:52.439004,cpu,pytorch,separator1_grid_search_6ports_learned_dense_hd32_depth3_stages2_share0,/home/liangyi/SRS_AI/Model_AIIC_refactor/experiments_refactored/20260428_054018_default_6port_separator1_learned_dense_v2/separator1_grid_search_6ports_learned_dense_hd32_depth3_stages2_share0,default_6port_separator1_learned_dense_v2,separator1_grid_search_6ports_learned_dense_hd32_depth3_stages2_share0,supervised_nmse_plateau,separator1,12,6,eager,bf16,bfloat16,2,4,ok,,0.0,20,50,0.5656567,0.003713955967698066,0.557553,0.5659894999999999,0.5699687,0.5716722,0.57365552,0.573779,3535.7134459823424,3.5357134459823425,565.9894999999999,282.99474999999995,883.9283614955856,54336,52224,106776,sub-physical,0.03125,0.015625,Intel(R) Xeon(R) 6760P,AVX512,"avx2,avx512f,avx512bw,avx512vl,avx512_vnni,avx512_bf16,amx_bf16,amx_int8,amx_tile,fma",True,True,,,,,,256,128,sh14l07002s1404,3.11.9,2.1.2+cu121
20260428_134843,2026-04-28T19:13:52.439004,cpu,pytorch,separator1_grid_search_6ports_learned_dense_hd32_depth3_stages2_share0,/home/liangyi/SRS_AI/Model_AIIC_refactor/experiments_refactored/20260428_054018_default_6port_separator1_learned_dense_v2/separator1_grid_search_6ports_learned_dense_hd32_depth3_stages2_share0,default_6port_separator1_learned_dense_v2,separator1_grid_search_6ports_learned_dense_hd32_depth3_stages2_share0,supervised_nmse_plateau,separator1,12,6,eager,bf16,bfloat16,2,8,ok,,0.0,20,50,0.57851428,0.003364539398134605,0.572125,0.5783705,0.5835643,0.5843466,0.5855787499999999,0.585738,3457.131602697862,3.4571316026978622,578.3705,289.18525,432.14145033723275,54336,52224,106776,sub-physical,0.0625,0.03125,Intel(R) Xeon(R) 6760P,AVX512,"avx2,avx512f,avx512bw,avx512vl,avx512_vnni,avx512_bf16,amx_bf16,amx_int8,amx_tile,fma",True,True,,,,,,256,128,sh14l07002s1404,3.11.9,2.1.2+cu121
20260428_134843,2026-04-28T19:13:52.439004,cpu,pytorch,separator1_grid_search_6ports_learned_dense_hd32_depth3_stages2_share0,/home/liangyi/SRS_AI/Model_AIIC_refactor/experiments_refactored/20260428_054018_default_6port_separator1_learned_dense_v2/separator1_grid_search_6ports_learned_dense_hd32_depth3_stages2_share0,default_6port_separator1_learned_dense_v2,separator1_grid_search_6ports_learned_dense_hd32_depth3_stages2_share0,supervised_nmse_plateau,separator1,12,6,eager,bf16,bfloat16,4,1,ok,,0.0,20,50,0.63176444,0.003527683030885855,0.625031,0.6319170000000001,0.6361290000000001,0.6377286,0.6383753600000001,0.638687,6331.473800583015,6.331473800583015,631.917,157.97925,6331.473800583015,54336,52224,106776,single-thread,0.0078125,0.00390625,Intel(R) Xeon(R) 6760P,AVX512,"avx2,avx512f,avx512bw,avx512vl,avx512_vnni,avx512_bf16,amx_bf16,amx_int8,amx_tile,fma",True,True,,,,,,256,128,sh14l07002s1404,3.11.9,2.1.2+cu121
20260428_134843,2026-04-28T19:13:52.439004,cpu,pytorch,separator1_grid_search_6ports_learned_dense_hd32_depth3_stages2_share0,/home/liangyi/SRS_AI/Model_AIIC_refactor/experiments_refactored/20260428_054018_default_6port_separator1_learned_dense_v2/separator1_grid_search_6ports_learned_dense_hd32_depth3_stages2_share0,default_6port_separator1_learned_dense_v2,separator1_grid_search_6ports_learned_dense_hd32_depth3_stages2_share0,supervised_nmse_plateau,separator1,12,6,eager,bf16,bfloat16,4,2,ok,,0.0,20,50,0.62558842,0.00349686611748291,0.618697,0.6246929999999999,0.630275,0.63208425,0.63431636,0.634873,6393.980246629246,6.393980246629246,624.693,156.17325,3196.990123314623,54336,52224,106776,sub-physical,0.015625,0.0078125,Intel(R) Xeon(R) 6760P,AVX512,"avx2,avx512f,avx512bw,avx512vl,avx512_vnni,avx512_bf16,amx_bf16,amx_int8,amx_tile,fma",True,True,,,,,,256,128,sh14l07002s1404,3.11.9,2.1.2+cu121
20260428_134843,2026-04-28T19:13:52.439004,cpu,pytorch,separator1_grid_search_6ports_learned_dense_hd32_depth3_stages2_share0,/home/liangyi/SRS_AI/Model_AIIC_refactor/experiments_refactored/20260428_054018_default_6port_separator1_learned_dense_v2/separator1_grid_search_6ports_learned_dense_hd32_depth3_stages2_share0,default_6port_separator1_learned_dense_v2,separator1_grid_search_6ports_learned_dense_hd32_depth3_stages2_share0,supervised_nmse_plateau,separator1,12,6,eager,bf16,bfloat16,4,4,ok,,0.0,20,50,0.62826466,0.0040724127865922445,0.61741,0.6282490000000001,0.633104,0.63485365,0.6366332,0.636888,6366.743594968401,6.366743594968401,628.249,157.06225,1591.6858987421003,54336,52224,106776,sub-physical,0.03125,0.015625,Intel(R) Xeon(R) 6760P,AVX512,"avx2,avx512f,avx512bw,avx512vl,avx512_vnni,avx512_bf16,amx_bf16,amx_int8,amx_tile,fma",True,True,,,,,,256,128,sh14l07002s1404,3.11.9,2.1.2+cu121
20260428_134843,2026-04-28T19:13:52.439004,cpu,pytorch,separator1_grid_search_6ports_learned_dense_hd32_depth3_stages2_share0,/home/liangyi/SRS_AI/Model_AIIC_refactor/experiments_refactored/20260428_054018_default_6port_separator1_learned_dense_v2/separator1_grid_search_6ports_learned_dense_hd32_depth3_stages2_share0,default_6port_separator1_learned_dense_v2,separator1_grid_search_6ports_learned_dense_hd32_depth3_stages2_share0,supervised_nmse_plateau,separator1,12,6,eager,bf16,bfloat16,4,8,ok,,0.0,20,50,0.63702966,0.003972166112387544,0.628883,0.6367855,0.6434539,0.6440070999999999,0.64424457,0.644297,6279.14248137206,6.27914248137206,636.7855,159.196375,784.8928101715074,54336,52224,106776,sub-physical,0.0625,0.03125,Intel(R) Xeon(R) 6760P,AVX512,"avx2,avx512f,avx512bw,avx512vl,avx512_vnni,avx512_bf16,amx_bf16,amx_int8,amx_tile,fma",True,True,,,,,,256,128,sh14l07002s1404,3.11.9,2.1.2+cu121
20260428_134843,2026-04-28T19:13:52.439004,cpu,pytorch,separator1_grid_search_6ports_learned_dense_hd32_depth3_stages2_share0,/home/liangyi/SRS_AI/Model_AIIC_refactor/experiments_refactored/20260428_054018_default_6port_separator1_learned_dense_v2/separator1_grid_search_6ports_learned_dense_hd32_depth3_stages2_share0,default_6port_separator1_learned_dense_v2,separator1_grid_search_6ports_learned_dense_hd32_depth3_stages2_share0,supervised_nmse_plateau,separator1,12,6,eager,bf16,bfloat16,8,1,ok,,0.0,20,50,1.3570402799999999,0.031813649324175325,1.317593,1.3437215,1.4110416000000001,1.4236007499999999,1.43055829,1.432851,5895.182418608828,5.895182418608828,1343.7215,167.9651875,5895.182418608828,54336,52224,106776,single-thread,0.0078125,0.00390625,Intel(R) Xeon(R) 6760P,AVX512,"avx2,avx512f,avx512bw,avx512vl,avx512_vnni,avx512_bf16,amx_bf16,amx_int8,amx_tile,fma",True,True,,,,,,256,128,sh14l07002s1404,3.11.9,2.1.2+cu121
20260428_134843,2026-04-28T19:13:52.439004,cpu,pytorch,separator1_grid_search_6ports_learned_dense_hd32_depth3_stages2_share0,/home/liangyi/SRS_AI/Model_AIIC_refactor/experiments_refactored/20260428_054018_default_6port_separator1_learned_dense_v2/separator1_grid_search_6ports_learned_dense_hd32_depth3_stages2_share0,default_6port_separator1_learned_dense_v2,separator1_grid_search_6ports_learned_dense_hd32_depth3_stages2_share0,supervised_nmse_plateau,separator1,12,6,eager,bf16,bfloat16,8,2,ok,,0.0,20,50,1.43475696,0.030886806253777675,1.385326,1.4309805,1.4746966000000001,1.4764254,1.5106255199999998,1.539855,5575.857251809393,5.575857251809393,1430.9805,178.8725625,2787.9286259046967,54336,52224,106776,sub-physical,0.015625,0.0078125,Intel(R) Xeon(R) 6760P,AVX512,"avx2,avx512f,avx512bw,avx512vl,avx512_vnni,avx512_bf16,amx_bf16,amx_int8,amx_tile,fma",True,True,,,,,,256,128,sh14l07002s1404,3.11.9,2.1.2+cu121
20260428_134843,2026-04-28T19:13:52.439004,cpu,pytorch,separator1_grid_search_6ports_learned_dense_hd32_depth3_stages2_share0,/home/liangyi/SRS_AI/Model_AIIC_refactor/experiments_refactored/20260428_054018_default_6port_separator1_learned_dense_v2/separator1_grid_search_6ports_learned_dense_hd32_depth3_stages2_share0,default_6port_separator1_learned_dense_v2,separator1_grid_search_6ports_learned_dense_hd32_depth3_stages2_share0,supervised_nmse_plateau,separator1,12,6,eager,bf16,bfloat16,8,4,ok,,0.0,20,50,1.4561043,0.031446843313916256,1.401429,1.4504135,1.4950142,1.4997778,1.5513128999999999,1.591586,5494.111925910802,5.4941119259108016,1450.4135,181.3016875,1373.5279814777005,54336,52224,106776,sub-physical,0.03125,0.015625,Intel(R) Xeon(R) 6760P,AVX512,"avx2,avx512f,avx512bw,avx512vl,avx512_vnni,avx512_bf16,amx_bf16,amx_int8,amx_tile,fma",True,True,,,,,,256,128,sh14l07002s1404,3.11.9,2.1.2+cu121
20260428_134843,2026-04-28T19:13:52.439004,cpu,pytorch,separator1_grid_search_6ports_learned_dense_hd32_depth3_stages2_share0,/home/liangyi/SRS_AI/Model_AIIC_refactor/experiments_refactored/20260428_054018_default_6port_separator1_learned_dense_v2/separator1_grid_search_6ports_learned_dense_hd32_depth3_stages2_share0,default_6port_separator1_learned_dense_v2,separator1_grid_search_6ports_learned_dense_hd32_depth3_stages2_share0,supervised_nmse_plateau,separator1,12,6,eager,bf16,bfloat16,8,8,ok,,0.0,20,50,1.40496562,0.019326130807681086,1.367986,1.4031685,1.4296653,1.44350505,1.4523613899999999,1.452454,5694.089510887818,5.694089510887817,1403.1685,175.3960625,711.7611888609772,54336,52224,106776,sub-physical,0.0625,0.03125,Intel(R) Xeon(R) 6760P,AVX512,"avx2,avx512f,avx512bw,avx512vl,avx512_vnni,avx512_bf16,amx_bf16,amx_int8,amx_tile,fma",True,True,,,,,,256,128,sh14l07002s1404,3.11.9,2.1.2+cu121
20260428_134843,2026-04-28T19:13:52.439004,cpu,pytorch,separator1_grid_search_6ports_learned_dense_hd32_depth3_stages2_share0,/home/liangyi/SRS_AI/Model_AIIC_refactor/experiments_refactored/20260428_054018_default_6port_separator1_learned_dense_v2/separator1_grid_search_6ports_learned_dense_hd32_depth3_stages2_share0,default_6port_separator1_learned_dense_v2,separator1_grid_search_6ports_learned_dense_hd32_depth3_stages2_share0,supervised_nmse_plateau,separator1,12,6,eager,bf16,bfloat16,16,1,ok,,0.0,20,50,1.64193602,0.03305573754281698,1.585638,1.6400489999999999,1.6882220000000001,1.6997965,1.70976702,1.718441,9744.594067678716,9.744594067678715,1640.049,102.5030625,9744.594067678716,54336,52224,106776,single-thread,0.0078125,0.00390625,Intel(R) Xeon(R) 6760P,AVX512,"avx2,avx512f,avx512bw,avx512vl,avx512_vnni,avx512_bf16,amx_bf16,amx_int8,amx_tile,fma",True,True,,,,,,256,128,sh14l07002s1404,3.11.9,2.1.2+cu121
20260428_134843,2026-04-28T19:13:52.439004,cpu,pytorch,separator1_grid_search_6ports_learned_dense_hd32_depth3_stages2_share0,/home/liangyi/SRS_AI/Model_AIIC_refactor/experiments_refactored/20260428_054018_default_6port_separator1_learned_dense_v2/separator1_grid_search_6ports_learned_dense_hd32_depth3_stages2_share0,default_6port_separator1_learned_dense_v2,separator1_grid_search_6ports_learned_dense_hd32_depth3_stages2_share0,supervised_nmse_plateau,separator1,12,6,eager,bf16,bfloat16,16,2,ok,,0.0,20,50,1.67392528,0.03286604036998677,1.604852,1.667075,1.7182301000000002,1.7361509,1.7394679800000001,1.741035,9558.37168550319,9.558371685503191,1667.075,104.1921875,4779.185842751595,54336,52224,106776,sub-physical,0.015625,0.0078125,Intel(R) Xeon(R) 6760P,AVX512,"avx2,avx512f,avx512bw,avx512vl,avx512_vnni,avx512_bf16,amx_bf16,amx_int8,amx_tile,fma",True,True,,,,,,256,128,sh14l07002s1404,3.11.9,2.1.2+cu121
20260428_134843,2026-04-28T19:13:52.439004,cpu,pytorch,separator1_grid_search_6ports_learned_dense_hd32_depth3_stages2_share0,/home/liangyi/SRS_AI/Model_AIIC_refactor/experiments_refactored/20260428_054018_default_6port_separator1_learned_dense_v2/separator1_grid_search_6ports_learned_dense_hd32_depth3_stages2_share0,default_6port_separator1_learned_dense_v2,separator1_grid_search_6ports_learned_dense_hd32_depth3_stages2_share0,supervised_nmse_plateau,separator1,12,6,eager,bf16,bfloat16,16,4,ok,,0.0,20,50,1.69021994,0.030294452460085834,1.638357,1.682013,1.7352609,1.73866185,1.74461918,1.747911,9466.22366790916,9.46622366790916,1682.013,105.1258125,2366.55591697729,54336,52224,106776,sub-physical,0.03125,0.015625,Intel(R) Xeon(R) 6760P,AVX512,"avx2,avx512f,avx512bw,avx512vl,avx512_vnni,avx512_bf16,amx_bf16,amx_int8,amx_tile,fma",True,True,,,,,,256,128,sh14l07002s1404,3.11.9,2.1.2+cu121
20260428_134843,2026-04-28T19:13:52.439004,cpu,pytorch,separator1_grid_search_6ports_learned_dense_hd32_depth3_stages2_share0,/home/liangyi/SRS_AI/Model_AIIC_refactor/experiments_refactored/20260428_054018_default_6port_separator1_learned_dense_v2/separator1_grid_search_6ports_learned_dense_hd32_depth3_stages2_share0,default_6port_separator1_learned_dense_v2,separator1_grid_search_6ports_learned_dense_hd32_depth3_stages2_share0,supervised_nmse_plateau,separator1,12,6,eager,bf16,bfloat16,16,8,ok,,0.0,20,50,1.80061072,0.03821312323013651,1.740197,1.7897545,1.8563466,1.8670433499999999,1.89147913,1.912629,8885.874010569036,8.885874010569037,1789.7545,111.85965625,1110.7342513211295,54336,52224,106776,sub-physical,0.0625,0.03125,Intel(R) Xeon(R) 6760P,AVX512,"avx2,avx512f,avx512bw,avx512vl,avx512_vnni,avx512_bf16,amx_bf16,amx_int8,amx_tile,fma",True,True,,,,,,256,128,sh14l07002s1404,3.11.9,2.1.2+cu121
20260428_134843,2026-04-28T19:13:52.439004,cpu,pytorch,separator1_grid_search_6ports_learned_dense_hd32_depth3_stages2_share0,/home/liangyi/SRS_AI/Model_AIIC_refactor/experiments_refactored/20260428_054018_default_6port_separator1_learned_dense_v2/separator1_grid_search_6ports_learned_dense_hd32_depth3_stages2_share0,default_6port_separator1_learned_dense_v2,separator1_grid_search_6ports_learned_dense_hd32_depth3_stages2_share0,supervised_nmse_plateau,separator1,12,6,eager,bf16,bfloat16,32,1,ok,,0.0,20,50,1.64361402,0.015197782405982801,1.61529,1.6411595,1.6648417,1.67174275,1.6803869599999999,1.685824,19469.291214734225,19.469291214734223,1641.1595000000002,51.28623437500001,19469.291214734225,54336,52224,106776,single-thread,0.0078125,0.00390625,Intel(R) Xeon(R) 6760P,AVX512,"avx2,avx512f,avx512bw,avx512vl,avx512_vnni,avx512_bf16,amx_bf16,amx_int8,amx_tile,fma",True,True,,,,,,256,128,sh14l07002s1404,3.11.9,2.1.2+cu121
20260428_134843,2026-04-28T19:13:52.439004,cpu,pytorch,separator1_grid_search_6ports_learned_dense_hd32_depth3_stages2_share0,/home/liangyi/SRS_AI/Model_AIIC_refactor/experiments_refactored/20260428_054018_default_6port_separator1_learned_dense_v2/separator1_grid_search_6ports_learned_dense_hd32_depth3_stages2_share0,default_6port_separator1_learned_dense_v2,separator1_grid_search_6ports_learned_dense_hd32_depth3_stages2_share0,supervised_nmse_plateau,separator1,12,6,eager,bf16,bfloat16,32,2,ok,,0.0,20,50,1.81581882,0.04112292921798738,1.748233,1.808267,1.8689564,1.8902830499999999,1.9392272899999998,1.976653,17622.903589026573,17.622903589026574,1808.267,56.50834375,8811.451794513287,54336,52224,106776,sub-physical,0.015625,0.0078125,Intel(R) Xeon(R) 6760P,AVX512,"avx2,avx512f,avx512bw,avx512vl,avx512_vnni,avx512_bf16,amx_bf16,amx_int8,amx_tile,fma",True,True,,,,,,256,128,sh14l07002s1404,3.11.9,2.1.2+cu121
20260428_134843,2026-04-28T19:13:52.439004,cpu,pytorch,separator1_grid_search_6ports_learned_dense_hd32_depth3_stages2_share0,/home/liangyi/SRS_AI/Model_AIIC_refactor/experiments_refactored/20260428_054018_default_6port_separator1_learned_dense_v2/separator1_grid_search_6ports_learned_dense_hd32_depth3_stages2_share0,default_6port_separator1_learned_dense_v2,separator1_grid_search_6ports_learned_dense_hd32_depth3_stages2_share0,supervised_nmse_plateau,separator1,12,6,eager,bf16,bfloat16,32,4,ok,,0.0,20,50,1.7764555,0.026004779141726997,1.728228,1.7750439999999998,1.8111139,1.81738575,1.82849147,1.832704,18013.398027701794,18.013398027701793,1775.0439999999999,55.470124999999996,4503.349506925449,54336,52224,106776,sub-physical,0.03125,0.015625,Intel(R) Xeon(R) 6760P,AVX512,"avx2,avx512f,avx512bw,avx512vl,avx512_vnni,avx512_bf16,amx_bf16,amx_int8,amx_tile,fma",True,True,,,,,,256,128,sh14l07002s1404,3.11.9,2.1.2+cu121
20260428_134843,2026-04-28T19:13:52.439004,cpu,pytorch,separator1_grid_search_6ports_learned_dense_hd32_depth3_stages2_share0,/home/liangyi/SRS_AI/Model_AIIC_refactor/experiments_refactored/20260428_054018_default_6port_separator1_learned_dense_v2/separator1_grid_search_6ports_learned_dense_hd32_depth3_stages2_share0,default_6port_separator1_learned_dense_v2,separator1_grid_search_6ports_learned_dense_hd32_depth3_stages2_share0,supervised_nmse_plateau,separator1,12,6,eager,bf16,bfloat16,32,8,ok,,0.0,20,50,1.86964702,0.02416378340450022,1.825099,1.8642789999999998,1.9085813,1.9152471,1.92144442,1.922739,17115.530181734517,17.115530181734517,1864.2789999999998,58.25871874999999,2139.4412727168146,54336,52224,106776,sub-physical,0.0625,0.03125,Intel(R) Xeon(R) 6760P,AVX512,"avx2,avx512f,avx512bw,avx512vl,avx512_vnni,avx512_bf16,amx_bf16,amx_int8,amx_tile,fma",True,True,,,,,,256,128,sh14l07002s1404,3.11.9,2.1.2+cu121
20260428_134843,2026-04-28T19:13:52.439004,cpu,pytorch,separator1_grid_search_6ports_learned_dense_hd32_depth3_stages2_share0,/home/liangyi/SRS_AI/Model_AIIC_refactor/experiments_refactored/20260428_054018_default_6port_separator1_learned_dense_v2/separator1_grid_search_6ports_learned_dense_hd32_depth3_stages2_share0,default_6port_separator1_learned_dense_v2,separator1_grid_search_6ports_learned_dense_hd32_depth3_stages2_share0,supervised_nmse_plateau,separator1,12,6,eager,bf16,bfloat16,64,1,ok,,0.0,20,50,1.76272752,0.025709187964025628,1.720911,1.761218,1.8072626999999999,1.81402095,1.8187878,1.819415,36307.36984239062,36.307369842390614,1761.2179999999998,27.519031249999998,36307.36984239062,54336,52224,106776,single-thread,0.0078125,0.00390625,Intel(R) Xeon(R) 6760P,AVX512,"avx2,avx512f,avx512bw,avx512vl,avx512_vnni,avx512_bf16,amx_bf16,amx_int8,amx_tile,fma",True,True,,,,,,256,128,sh14l07002s1404,3.11.9,2.1.2+cu121
20260428_134843,2026-04-28T19:13:52.439004,cpu,pytorch,separator1_grid_search_6ports_learned_dense_hd32_depth3_stages2_share0,/home/liangyi/SRS_AI/Model_AIIC_refactor/experiments_refactored/20260428_054018_default_6port_separator1_learned_dense_v2/separator1_grid_search_6ports_learned_dense_hd32_depth3_stages2_share0,default_6port_separator1_learned_dense_v2,separator1_grid_search_6ports_learned_dense_hd32_depth3_stages2_share0,supervised_nmse_plateau,separator1,12,6,eager,bf16,bfloat16,64,2,ok,,0.0,20,50,2.14126406,0.045990072746804826,2.072585,2.1414935,2.1908434,2.22776415,2.26370122,2.264251,29888.88722113049,29.888887221130492,2141.4935,33.4608359375,14944.443610565246,54336,52224,106776,sub-physical,0.015625,0.0078125,Intel(R) Xeon(R) 6760P,AVX512,"avx2,avx512f,avx512bw,avx512vl,avx512_vnni,avx512_bf16,amx_bf16,amx_int8,amx_tile,fma",True,True,,,,,,256,128,sh14l07002s1404,3.11.9,2.1.2+cu121
20260428_134843,2026-04-28T19:13:52.439004,cpu,pytorch,separator1_grid_search_6ports_learned_dense_hd32_depth3_stages2_share0,/home/liangyi/SRS_AI/Model_AIIC_refactor/experiments_refactored/20260428_054018_default_6port_separator1_learned_dense_v2/separator1_grid_search_6ports_learned_dense_hd32_depth3_stages2_share0,default_6port_separator1_learned_dense_v2,separator1_grid_search_6ports_learned_dense_hd32_depth3_stages2_share0,supervised_nmse_plateau,separator1,12,6,eager,bf16,bfloat16,64,4,ok,,0.0,20,50,2.21096686,0.04692581878114008,2.138881,2.1967999999999996,2.2796876999999998,2.2890789999999996,2.33695877,2.372791,28946.612071788357,28.94661207178836,2196.7999999999997,34.324999999999996,7236.653017947089,54336,52224,106776,sub-physical,0.03125,0.015625,Intel(R) Xeon(R) 6760P,AVX512,"avx2,avx512f,avx512bw,avx512vl,avx512_vnni,avx512_bf16,amx_bf16,amx_int8,amx_tile,fma",True,True,,,,,,256,128,sh14l07002s1404,3.11.9,2.1.2+cu121
20260428_134843,2026-04-28T19:13:52.439004,cpu,pytorch,separator1_grid_search_6ports_learned_dense_hd32_depth3_stages2_share0,/home/liangyi/SRS_AI/Model_AIIC_refactor/experiments_refactored/20260428_054018_default_6port_separator1_learned_dense_v2/separator1_grid_search_6ports_learned_dense_hd32_depth3_stages2_share0,default_6port_separator1_learned_dense_v2,separator1_grid_search_6ports_learned_dense_hd32_depth3_stages2_share0,supervised_nmse_plateau,separator1,12,6,eager,bf16,bfloat16,64,8,ok,,0.0,20,50,2.28634328,0.05826515430204916,2.196489,2.2755270000000003,2.36926,2.3806113499999997,2.4322493599999997,2.44633,27992.29693976663,27.992296939766632,2275.5270000000005,35.55510937500001,3499.037117470829,54336,52224,106776,sub-physical,0.0625,0.03125,Intel(R) Xeon(R) 6760P,AVX512,"avx2,avx512f,avx512bw,avx512vl,avx512_vnni,avx512_bf16,amx_bf16,amx_int8,amx_tile,fma",True,True,,,,,,256,128,sh14l07002s1404,3.11.9,2.1.2+cu121
20260428_134843,2026-04-28T19:13:52.439004,cpu,pytorch,separator1_grid_search_6ports_learned_dense_hd32_depth3_stages2_share0,/home/liangyi/SRS_AI/Model_AIIC_refactor/experiments_refactored/20260428_054018_default_6port_separator1_learned_dense_v2/separator1_grid_search_6ports_learned_dense_hd32_depth3_stages2_share0,default_6port_separator1_learned_dense_v2,separator1_grid_search_6ports_learned_dense_hd32_depth3_stages2_share0,supervised_nmse_plateau,separator1,12,6,eager,bf16,bfloat16,128,1,ok,,0.0,20,50,1.9114372,0.052716119835587286,1.855714,1.8865045,1.9773837,2.0032469500000003,2.07402887,2.078016,66965.31803399035,66.96531803399034,1886.5045,14.73831640625,66965.31803399035,54336,52224,106776,single-thread,0.0078125,0.00390625,Intel(R) Xeon(R) 6760P,AVX512,"avx2,avx512f,avx512bw,avx512vl,avx512_vnni,avx512_bf16,amx_bf16,amx_int8,amx_tile,fma",True,True,,,,,,256,128,sh14l07002s1404,3.11.9,2.1.2+cu121
20260428_134843,2026-04-28T19:13:52.439004,cpu,pytorch,separator1_grid_search_6ports_learned_dense_hd32_depth3_stages2_share0,/home/liangyi/SRS_AI/Model_AIIC_refactor/experiments_refactored/20260428_054018_default_6port_separator1_learned_dense_v2/separator1_grid_search_6ports_learned_dense_hd32_depth3_stages2_share0,default_6port_separator1_learned_dense_v2,separator1_grid_search_6ports_learned_dense_hd32_depth3_stages2_share0,supervised_nmse_plateau,separator1,12,6,eager,bf16,bfloat16,128,2,ok,,0.0,20,50,2.38858256,0.06151584804004898,2.299523,2.3717449999999998,2.4688822999999998,2.4786228,2.5459890699999996,2.58899,53588.26700970302,53.58826700970302,2371.745,18.5292578125,26794.13350485151,54336,52224,106776,sub-physical,0.015625,0.0078125,Intel(R) Xeon(R) 6760P,AVX512,"avx2,avx512f,avx512bw,avx512vl,avx512_vnni,avx512_bf16,amx_bf16,amx_int8,amx_tile,fma",True,True,,,,,,256,128,sh14l07002s1404,3.11.9,2.1.2+cu121
20260428_134843,2026-04-28T19:13:52.439004,cpu,pytorch,separator1_grid_search_6ports_learned_dense_hd32_depth3_stages2_share0,/home/liangyi/SRS_AI/Model_AIIC_refactor/experiments_refactored/20260428_054018_default_6port_separator1_learned_dense_v2/separator1_grid_search_6ports_learned_dense_hd32_depth3_stages2_share0,default_6port_separator1_learned_dense_v2,separator1_grid_search_6ports_learned_dense_hd32_depth3_stages2_share0,supervised_nmse_plateau,separator1,12,6,eager,bf16,bfloat16,128,4,ok,,0.0,20,50,2.45893052,0.04544426619552349,2.359026,2.4586705,2.5202352,2.527197,2.54623995,2.54636,52055.15119638273,52.05515119638273,2458.6705,19.20836328125,13013.787799095682,54336,52224,106776,sub-physical,0.03125,0.015625,Intel(R) Xeon(R) 6760P,AVX512,"avx2,avx512f,avx512bw,avx512vl,avx512_vnni,avx512_bf16,amx_bf16,amx_int8,amx_tile,fma",True,True,,,,,,256,128,sh14l07002s1404,3.11.9,2.1.2+cu121
20260428_134843,2026-04-28T19:13:52.439004,cpu,pytorch,separator1_grid_search_6ports_learned_dense_hd32_depth3_stages2_share0,/home/liangyi/SRS_AI/Model_AIIC_refactor/experiments_refactored/20260428_054018_default_6port_separator1_learned_dense_v2/separator1_grid_search_6ports_learned_dense_hd32_depth3_stages2_share0,default_6port_separator1_learned_dense_v2,separator1_grid_search_6ports_learned_dense_hd32_depth3_stages2_share0,supervised_nmse_plateau,separator1,12,6,eager,bf16,bfloat16,128,8,ok,,0.0,20,50,2.51397258,0.11141023806833736,2.301634,2.4881215,2.6943444,2.70593755,2.75944055,2.763461,50915.432021140026,50.91543202114003,2488.1215,19.43844921875,6364.429002642503,54336,52224,106776,sub-physical,0.0625,0.03125,Intel(R) Xeon(R) 6760P,AVX512,"avx2,avx512f,avx512bw,avx512vl,avx512_vnni,avx512_bf16,amx_bf16,amx_int8,amx_tile,fma",True,True,,,,,,256,128,sh14l07002s1404,3.11.9,2.1.2+cu121
20260428_134843,2026-04-28T19:13:52.439004,cpu,pytorch,separator1_grid_search_6ports_learned_dense_hd32_depth3_stages2_share0,/home/liangyi/SRS_AI/Model_AIIC_refactor/experiments_refactored/20260428_054018_default_6port_separator1_learned_dense_v2/separator1_grid_search_6ports_learned_dense_hd32_depth3_stages2_share0,default_6port_separator1_learned_dense_v2,separator1_grid_search_6ports_learned_dense_hd32_depth3_stages2_share0,supervised_nmse_plateau,separator1,12,6,jit,fp32,float32,1,1,ok,,315.948873,20,50,0.15566124,0.0034957746698550253,0.151532,0.15407300000000002,0.16074680000000002,0.1614494,0.16235775,0.163007,6424.206822456251,6.4242068224562505,154.073,154.073,6424.206822456251,54336,52224,106776,single-thread,0.0078125,0.00390625,Intel(R) Xeon(R) 6760P,AVX512,"avx2,avx512f,avx512bw,avx512vl,avx512_vnni,avx512_bf16,amx_bf16,amx_int8,amx_tile,fma",True,True,,,,,,256,128,sh14l07002s1404,3.11.9,2.1.2+cu121
20260428_134843,2026-04-28T19:13:52.439004,cpu,pytorch,separator1_grid_search_6ports_learned_dense_hd32_depth3_stages2_share0,/home/liangyi/SRS_AI/Model_AIIC_refactor/experiments_refactored/20260428_054018_default_6port_separator1_learned_dense_v2/separator1_grid_search_6ports_learned_dense_hd32_depth3_stages2_share0,default_6port_separator1_learned_dense_v2,separator1_grid_search_6ports_learned_dense_hd32_depth3_stages2_share0,supervised_nmse_plateau,separator1,12,6,jit,fp32,float32,1,2,ok,,314.458403,20,50,0.15297438,0.002269774719129634,0.150421,0.15263949999999998,0.15464930000000002,0.1582688,0.16095848000000001,0.163285,6537.042346568099,6.537042346568099,152.63949999999997,152.63949999999997,3268.5211732840494,54336,52224,106776,sub-physical,0.015625,0.0078125,Intel(R) Xeon(R) 6760P,AVX512,"avx2,avx512f,avx512bw,avx512vl,avx512_vnni,avx512_bf16,amx_bf16,amx_int8,amx_tile,fma",True,True,,,,,,256,128,sh14l07002s1404,3.11.9,2.1.2+cu121
20260428_134843,2026-04-28T19:13:52.439004,cpu,pytorch,separator1_grid_search_6ports_learned_dense_hd32_depth3_stages2_share0,/home/liangyi/SRS_AI/Model_AIIC_refactor/experiments_refactored/20260428_054018_default_6port_separator1_learned_dense_v2/separator1_grid_search_6ports_learned_dense_hd32_depth3_stages2_share0,default_6port_separator1_learned_dense_v2,separator1_grid_search_6ports_learned_dense_hd32_depth3_stages2_share0,supervised_nmse_plateau,separator1,12,6,jit,fp32,float32,1,4,ok,,314.999212,20,50,0.15314474,0.001833087153519985,0.151098,0.1526805,0.1546852,0.1569076,0.15982286,0.160747,6529.770464202688,6.529770464202688,152.6805,152.6805,1632.442616050672,54336,52224,106776,sub-physical,0.03125,0.015625,Intel(R) Xeon(R) 6760P,AVX512,"avx2,avx512f,avx512bw,avx512vl,avx512_vnni,avx512_bf16,amx_bf16,amx_int8,amx_tile,fma",True,True,,,,,,256,128,sh14l07002s1404,3.11.9,2.1.2+cu121
20260428_134843,2026-04-28T19:13:52.439004,cpu,pytorch,separator1_grid_search_6ports_learned_dense_hd32_depth3_stages2_share0,/home/liangyi/SRS_AI/Model_AIIC_refactor/experiments_refactored/20260428_054018_default_6port_separator1_learned_dense_v2/separator1_grid_search_6ports_learned_dense_hd32_depth3_stages2_share0,default_6port_separator1_learned_dense_v2,separator1_grid_search_6ports_learned_dense_hd32_depth3_stages2_share0,supervised_nmse_plateau,separator1,12,6,jit,fp32,float32,1,8,ok,,317.306128,20,50,0.15436534,0.001900451447525034,0.152375,0.1536255,0.15781119999999998,0.1587808,0.15907066,0.159201,6478.138162362095,6.478138162362095,153.6255,153.6255,809.7672702952618,54336,52224,106776,sub-physical,0.0625,0.03125,Intel(R) Xeon(R) 6760P,AVX512,"avx2,avx512f,avx512bw,avx512vl,avx512_vnni,avx512_bf16,amx_bf16,amx_int8,amx_tile,fma",True,True,,,,,,256,128,sh14l07002s1404,3.11.9,2.1.2+cu121
20260428_134843,2026-04-28T19:13:52.439004,cpu,pytorch,separator1_grid_search_6ports_learned_dense_hd32_depth3_stages2_share0,/home/liangyi/SRS_AI/Model_AIIC_refactor/experiments_refactored/20260428_054018_default_6port_separator1_learned_dense_v2/separator1_grid_search_6ports_learned_dense_hd32_depth3_stages2_share0,default_6port_separator1_learned_dense_v2,separator1_grid_search_6ports_learned_dense_hd32_depth3_stages2_share0,supervised_nmse_plateau,separator1,12,6,jit,fp32,float32,2,1,ok,,315.243311,20,50,0.16709884,0.0018328837209163047,0.164773,0.166754,0.1685773,0.1707469,0.17350318999999997,0.17486,11968.963997595674,11.968963997595674,166.75400000000002,83.37700000000001,11968.963997595674,54336,52224,106776,single-thread,0.0078125,0.00390625,Intel(R) Xeon(R) 6760P,AVX512,"avx2,avx512f,avx512bw,avx512vl,avx512_vnni,avx512_bf16,amx_bf16,amx_int8,amx_tile,fma",True,True,,,,,,256,128,sh14l07002s1404,3.11.9,2.1.2+cu121
20260428_134843,2026-04-28T19:13:52.439004,cpu,pytorch,separator1_grid_search_6ports_learned_dense_hd32_depth3_stages2_share0,/home/liangyi/SRS_AI/Model_AIIC_refactor/experiments_refactored/20260428_054018_default_6port_separator1_learned_dense_v2/separator1_grid_search_6ports_learned_dense_hd32_depth3_stages2_share0,default_6port_separator1_learned_dense_v2,separator1_grid_search_6ports_learned_dense_hd32_depth3_stages2_share0,supervised_nmse_plateau,separator1,12,6,jit,fp32,float32,2,2,ok,,320.823074,20,50,0.1676706,0.001698370548496411,0.165508,0.167111,0.1692426,0.1719178,0.17273289,0.173144,11928.149598080998,11.928149598080998,167.11100000000002,83.55550000000001,5964.074799040499,54336,52224,106776,sub-physical,0.015625,0.0078125,Intel(R) Xeon(R) 6760P,AVX512,"avx2,avx512f,avx512bw,avx512vl,avx512_vnni,avx512_bf16,amx_bf16,amx_int8,amx_tile,fma",True,True,,,,,,256,128,sh14l07002s1404,3.11.9,2.1.2+cu121
20260428_134843,2026-04-28T19:13:52.439004,cpu,pytorch,separator1_grid_search_6ports_learned_dense_hd32_depth3_stages2_share0,/home/liangyi/SRS_AI/Model_AIIC_refactor/experiments_refactored/20260428_054018_default_6port_separator1_learned_dense_v2/separator1_grid_search_6ports_learned_dense_hd32_depth3_stages2_share0,default_6port_separator1_learned_dense_v2,separator1_grid_search_6ports_learned_dense_hd32_depth3_stages2_share0,supervised_nmse_plateau,separator1,12,6,jit,fp32,float32,2,4,ok,,318.660782,20,50,0.1690601,0.0022912916204621374,0.166458,0.16817,0.17332509999999998,0.17382,0.17456757,0.175012,11830.11248662458,11.830112486624579,168.17,84.085,2957.528121656145,54336,52224,106776,sub-physical,0.03125,0.015625,Intel(R) Xeon(R) 6760P,AVX512,"avx2,avx512f,avx512bw,avx512vl,avx512_vnni,avx512_bf16,amx_bf16,amx_int8,amx_tile,fma",True,True,,,,,,256,128,sh14l07002s1404,3.11.9,2.1.2+cu121
20260428_134843,2026-04-28T19:13:52.439004,cpu,pytorch,separator1_grid_search_6ports_learned_dense_hd32_depth3_stages2_share0,/home/liangyi/SRS_AI/Model_AIIC_refactor/experiments_refactored/20260428_054018_default_6port_separator1_learned_dense_v2/separator1_grid_search_6ports_learned_dense_hd32_depth3_stages2_share0,default_6port_separator1_learned_dense_v2,separator1_grid_search_6ports_learned_dense_hd32_depth3_stages2_share0,supervised_nmse_plateau,separator1,12,6,jit,fp32,float32,2,8,ok,,315.658093,20,50,0.1662688,0.0013571457843577438,0.164639,0.165913,0.167999,0.1681439,0.17053574999999999,0.172361,12028.714948324641,12.028714948324641,165.913,82.9565,1503.5893685405802,54336,52224,106776,sub-physical,0.0625,0.03125,Intel(R) Xeon(R) 6760P,AVX512,"avx2,avx512f,avx512bw,avx512vl,avx512_vnni,avx512_bf16,amx_bf16,amx_int8,amx_tile,fma",True,True,,,,,,256,128,sh14l07002s1404,3.11.9,2.1.2+cu121
20260428_134843,2026-04-28T19:13:52.439004,cpu,pytorch,separator1_grid_search_6ports_learned_dense_hd32_depth3_stages2_share0,/home/liangyi/SRS_AI/Model_AIIC_refactor/experiments_refactored/20260428_054018_default_6port_separator1_learned_dense_v2/separator1_grid_search_6ports_learned_dense_hd32_depth3_stages2_share0,default_6port_separator1_learned_dense_v2,separator1_grid_search_6ports_learned_dense_hd32_depth3_stages2_share0,supervised_nmse_plateau,separator1,12,6,jit,fp32,float32,4,1,ok,,318.920514,20,50,0.1776167,0.0013388103413105223,0.17562,0.17742000000000002,0.1789463,0.17983355,0.18193136999999998,0.183444,22520.4048943596,22.5204048943596,177.42000000000002,44.355000000000004,22520.4048943596,54336,52224,106776,single-thread,0.0078125,0.00390625,Intel(R) Xeon(R) 6760P,AVX512,"avx2,avx512f,avx512bw,avx512vl,avx512_vnni,avx512_bf16,amx_bf16,amx_int8,amx_tile,fma",True,True,,,,,,256,128,sh14l07002s1404,3.11.9,2.1.2+cu121
20260428_134843,2026-04-28T19:13:52.439004,cpu,pytorch,separator1_grid_search_6ports_learned_dense_hd32_depth3_stages2_share0,/home/liangyi/SRS_AI/Model_AIIC_refactor/experiments_refactored/20260428_054018_default_6port_separator1_learned_dense_v2/separator1_grid_search_6ports_learned_dense_hd32_depth3_stages2_share0,default_6port_separator1_learned_dense_v2,separator1_grid_search_6ports_learned_dense_hd32_depth3_stages2_share0,supervised_nmse_plateau,separator1,12,6,jit,fp32,float32,4,2,ok,,312.770884,20,50,0.17658384,0.0011398858076140793,0.174271,0.1762595,0.1783328,0.17855135,0.17890716,0.17916,22652.12943607977,22.65212943607977,176.2595,44.064875,11326.064718039885,54336,52224,106776,sub-physical,0.015625,0.0078125,Intel(R) Xeon(R) 6760P,AVX512,"avx2,avx512f,avx512bw,avx512vl,avx512_vnni,avx512_bf16,amx_bf16,amx_int8,amx_tile,fma",True,True,,,,,,256,128,sh14l07002s1404,3.11.9,2.1.2+cu121
20260428_134843,2026-04-28T19:13:52.439004,cpu,pytorch,separator1_grid_search_6ports_learned_dense_hd32_depth3_stages2_share0,/home/liangyi/SRS_AI/Model_AIIC_refactor/experiments_refactored/20260428_054018_default_6port_separator1_learned_dense_v2/separator1_grid_search_6ports_learned_dense_hd32_depth3_stages2_share0,default_6port_separator1_learned_dense_v2,separator1_grid_search_6ports_learned_dense_hd32_depth3_stages2_share0,supervised_nmse_plateau,separator1,12,6,jit,fp32,float32,4,4,ok,,314.31444,20,50,0.17768444,0.001033687421999513,0.175754,0.17752600000000002,0.1790861,0.17951609999999998,0.17992938,0.179948,22511.819267911134,22.511819267911136,177.526,44.3815,5627.954816977784,54336,52224,106776,sub-physical,0.03125,0.015625,Intel(R) Xeon(R) 6760P,AVX512,"avx2,avx512f,avx512bw,avx512vl,avx512_vnni,avx512_bf16,amx_bf16,amx_int8,amx_tile,fma",True,True,,,,,,256,128,sh14l07002s1404,3.11.9,2.1.2+cu121
20260428_134843,2026-04-28T19:13:52.439004,cpu,pytorch,separator1_grid_search_6ports_learned_dense_hd32_depth3_stages2_share0,/home/liangyi/SRS_AI/Model_AIIC_refactor/experiments_refactored/20260428_054018_default_6port_separator1_learned_dense_v2/separator1_grid_search_6ports_learned_dense_hd32_depth3_stages2_share0,default_6port_separator1_learned_dense_v2,separator1_grid_search_6ports_learned_dense_hd32_depth3_stages2_share0,supervised_nmse_plateau,separator1,12,6,jit,fp32,float32,4,8,ok,,311.122737,20,50,0.17488696,0.0019452109495887587,0.172691,0.17408600000000002,0.17821900000000002,0.1788553,0.18018993,0.180309,22871.91680843443,22.87191680843443,174.086,43.5215,2858.989601054304,54336,52224,106776,sub-physical,0.0625,0.03125,Intel(R) Xeon(R) 6760P,AVX512,"avx2,avx512f,avx512bw,avx512vl,avx512_vnni,avx512_bf16,amx_bf16,amx_int8,amx_tile,fma",True,True,,,,,,256,128,sh14l07002s1404,3.11.9,2.1.2+cu121
20260428_134843,2026-04-28T19:13:52.439004,cpu,pytorch,separator1_grid_search_6ports_learned_dense_hd32_depth3_stages2_share0,/home/liangyi/SRS_AI/Model_AIIC_refactor/experiments_refactored/20260428_054018_default_6port_separator1_learned_dense_v2/separator1_grid_search_6ports_learned_dense_hd32_depth3_stages2_share0,default_6port_separator1_learned_dense_v2,separator1_grid_search_6ports_learned_dense_hd32_depth3_stages2_share0,supervised_nmse_plateau,separator1,12,6,jit,fp32,float32,8,1,ok,,314.340687,20,50,0.18674778,0.0022001070182152507,0.184669,0.185889,0.1903424,0.19139905,0.19289257,0.192896,42838.52798678517,42.838527986785174,185.889,23.236125,42838.52798678517,54336,52224,106776,single-thread,0.0078125,0.00390625,Intel(R) Xeon(R) 6760P,AVX512,"avx2,avx512f,avx512bw,avx512vl,avx512_vnni,avx512_bf16,amx_bf16,amx_int8,amx_tile,fma",True,True,,,,,,256,128,sh14l07002s1404,3.11.9,2.1.2+cu121
20260428_134843,2026-04-28T19:13:52.439004,cpu,pytorch,separator1_grid_search_6ports_learned_dense_hd32_depth3_stages2_share0,/home/liangyi/SRS_AI/Model_AIIC_refactor/experiments_refactored/20260428_054018_default_6port_separator1_learned_dense_v2/separator1_grid_search_6ports_learned_dense_hd32_depth3_stages2_share0,default_6port_separator1_learned_dense_v2,separator1_grid_search_6ports_learned_dense_hd32_depth3_stages2_share0,supervised_nmse_plateau,separator1,12,6,jit,fp32,float32,8,2,ok,,319.340321,20,50,0.18929938,0.0016210812921010475,0.185863,0.1890765,0.19140000000000001,0.1920905,0.19355422,0.19381,42261.0998514628,42.2610998514628,189.0765,23.6345625,21130.5499257314,54336,52224,106776,sub-physical,0.015625,0.0078125,Intel(R) Xeon(R) 6760P,AVX512,"avx2,avx512f,avx512bw,avx512vl,avx512_vnni,avx512_bf16,amx_bf16,amx_int8,amx_tile,fma",True,True,,,,,,256,128,sh14l07002s1404,3.11.9,2.1.2+cu121
20260428_134843,2026-04-28T19:13:52.439004,cpu,pytorch,separator1_grid_search_6ports_learned_dense_hd32_depth3_stages2_share0,/home/liangyi/SRS_AI/Model_AIIC_refactor/experiments_refactored/20260428_054018_default_6port_separator1_learned_dense_v2/separator1_grid_search_6ports_learned_dense_hd32_depth3_stages2_share0,default_6port_separator1_learned_dense_v2,separator1_grid_search_6ports_learned_dense_hd32_depth3_stages2_share0,supervised_nmse_plateau,separator1,12,6,jit,fp32,float32,8,4,ok,,314.111138,20,50,0.18450598,0.0028196068555030843,0.181942,0.1835405,0.1875945,0.18953455,0.19462991,0.196512,43359.02825480236,43.35902825480236,183.5405,22.9425625,10839.75706370059,54336,52224,106776,sub-physical,0.03125,0.015625,Intel(R) Xeon(R) 6760P,AVX512,"avx2,avx512f,avx512bw,avx512vl,avx512_vnni,avx512_bf16,amx_bf16,amx_int8,amx_tile,fma",True,True,,,,,,256,128,sh14l07002s1404,3.11.9,2.1.2+cu121
20260428_134843,2026-04-28T19:13:52.439004,cpu,pytorch,separator1_grid_search_6ports_learned_dense_hd32_depth3_stages2_share0,/home/liangyi/SRS_AI/Model_AIIC_refactor/experiments_refactored/20260428_054018_default_6port_separator1_learned_dense_v2/separator1_grid_search_6ports_learned_dense_hd32_depth3_stages2_share0,default_6port_separator1_learned_dense_v2,separator1_grid_search_6ports_learned_dense_hd32_depth3_stages2_share0,supervised_nmse_plateau,separator1,12,6,jit,fp32,float32,8,8,ok,,315.170671,20,50,0.18528716,0.0017689256667254292,0.182742,0.1847595,0.1878512,0.188281,0.18938367,0.189441,43176.22440756283,43.176224407562835,184.7595,23.0949375,5397.028050945354,54336,52224,106776,sub-physical,0.0625,0.03125,Intel(R) Xeon(R) 6760P,AVX512,"avx2,avx512f,avx512bw,avx512vl,avx512_vnni,avx512_bf16,amx_bf16,amx_int8,amx_tile,fma",True,True,,,,,,256,128,sh14l07002s1404,3.11.9,2.1.2+cu121
20260428_134843,2026-04-28T19:13:52.439004,cpu,pytorch,separator1_grid_search_6ports_learned_dense_hd32_depth3_stages2_share0,/home/liangyi/SRS_AI/Model_AIIC_refactor/experiments_refactored/20260428_054018_default_6port_separator1_learned_dense_v2/separator1_grid_search_6ports_learned_dense_hd32_depth3_stages2_share0,default_6port_separator1_learned_dense_v2,separator1_grid_search_6ports_learned_dense_hd32_depth3_stages2_share0,supervised_nmse_plateau,separator1,12,6,jit,fp32,float32,16,1,ok,,318.901606,20,50,0.21527514,0.0027239990896474257,0.211593,0.2147725,0.2178463,0.2215732,0.22373776,0.225,74323.49132370789,74.32349132370788,214.7725,13.42328125,74323.49132370789,54336,52224,106776,single-thread,0.0078125,0.00390625,Intel(R) Xeon(R) 6760P,AVX512,"avx2,avx512f,avx512bw,avx512vl,avx512_vnni,avx512_bf16,amx_bf16,amx_int8,amx_tile,fma",True,True,,,,,,256,128,sh14l07002s1404,3.11.9,2.1.2+cu121
20260428_134843,2026-04-28T19:13:52.439004,cpu,pytorch,separator1_grid_search_6ports_learned_dense_hd32_depth3_stages2_share0,/home/liangyi/SRS_AI/Model_AIIC_refactor/experiments_refactored/20260428_054018_default_6port_separator1_learned_dense_v2/separator1_grid_search_6ports_learned_dense_hd32_depth3_stages2_share0,default_6port_separator1_learned_dense_v2,separator1_grid_search_6ports_learned_dense_hd32_depth3_stages2_share0,supervised_nmse_plateau,separator1,12,6,jit,fp32,float32,16,2,ok,,320.317,20,50,0.21042716,0.0016499024984525602,0.207894,0.2103805,0.2126353,0.2131911,0.21388849000000001,0.214231,76035.81210714435,76.03581210714435,210.3805,13.14878125,38017.90605357217,54336,52224,106776,sub-physical,0.015625,0.0078125,Intel(R) Xeon(R) 6760P,AVX512,"avx2,avx512f,avx512bw,avx512vl,avx512_vnni,avx512_bf16,amx_bf16,amx_int8,amx_tile,fma",True,True,,,,,,256,128,sh14l07002s1404,3.11.9,2.1.2+cu121
20260428_134843,2026-04-28T19:13:52.439004,cpu,pytorch,separator1_grid_search_6ports_learned_dense_hd32_depth3_stages2_share0,/home/liangyi/SRS_AI/Model_AIIC_refactor/experiments_refactored/20260428_054018_default_6port_separator1_learned_dense_v2/separator1_grid_search_6ports_learned_dense_hd32_depth3_stages2_share0,default_6port_separator1_learned_dense_v2,separator1_grid_search_6ports_learned_dense_hd32_depth3_stages2_share0,supervised_nmse_plateau,separator1,12,6,jit,fp32,float32,16,4,ok,,321.49449,20,50,0.20967484,0.006659881099118809,0.20463,0.2083955,0.21285590000000001,0.2146383,0.23461835999999991,0.252472,76308.63102125176,76.30863102125176,208.3955,13.02471875,19077.15775531294,54336,52224,106776,sub-physical,0.03125,0.015625,Intel(R) Xeon(R) 6760P,AVX512,"avx2,avx512f,avx512bw,avx512vl,avx512_vnni,avx512_bf16,amx_bf16,amx_int8,amx_tile,fma",True,True,,,,,,256,128,sh14l07002s1404,3.11.9,2.1.2+cu121
20260428_134843,2026-04-28T19:13:52.439004,cpu,pytorch,separator1_grid_search_6ports_learned_dense_hd32_depth3_stages2_share0,/home/liangyi/SRS_AI/Model_AIIC_refactor/experiments_refactored/20260428_054018_default_6port_separator1_learned_dense_v2/separator1_grid_search_6ports_learned_dense_hd32_depth3_stages2_share0,default_6port_separator1_learned_dense_v2,separator1_grid_search_6ports_learned_dense_hd32_depth3_stages2_share0,supervised_nmse_plateau,separator1,12,6,jit,fp32,float32,16,8,ok,,314.492055,20,50,0.2157966,0.001772455494504727,0.212986,0.215574,0.21783639999999999,0.219361,0.22067958,0.220904,74143.89290656109,74.14389290656109,215.57399999999998,13.473374999999999,9267.986613320136,54336,52224,106776,sub-physical,0.0625,0.03125,Intel(R) Xeon(R) 6760P,AVX512,"avx2,avx512f,avx512bw,avx512vl,avx512_vnni,avx512_bf16,amx_bf16,amx_int8,amx_tile,fma",True,True,,,,,,256,128,sh14l07002s1404,3.11.9,2.1.2+cu121
20260428_134843,2026-04-28T19:13:52.439004,cpu,pytorch,separator1_grid_search_6ports_learned_dense_hd32_depth3_stages2_share0,/home/liangyi/SRS_AI/Model_AIIC_refactor/experiments_refactored/20260428_054018_default_6port_separator1_learned_dense_v2/separator1_grid_search_6ports_learned_dense_hd32_depth3_stages2_share0,default_6port_separator1_learned_dense_v2,separator1_grid_search_6ports_learned_dense_hd32_depth3_stages2_share0,supervised_nmse_plateau,separator1,12,6,jit,fp32,float32,32,1,ok,,314.814472,20,50,0.24268634,0.0014101309671090854,0.240384,0.2425215,0.2450678,0.2454682,0.24599385000000001,0.246109,131857.4419969414,131.8574419969414,242.5215,7.578796875,131857.4419969414,54336,52224,106776,single-thread,0.0078125,0.00390625,Intel(R) Xeon(R) 6760P,AVX512,"avx2,avx512f,avx512bw,avx512vl,avx512_vnni,avx512_bf16,amx_bf16,amx_int8,amx_tile,fma",True,True,,,,,,256,128,sh14l07002s1404,3.11.9,2.1.2+cu121
20260428_134843,2026-04-28T19:13:52.439004,cpu,pytorch,separator1_grid_search_6ports_learned_dense_hd32_depth3_stages2_share0,/home/liangyi/SRS_AI/Model_AIIC_refactor/experiments_refactored/20260428_054018_default_6port_separator1_learned_dense_v2/separator1_grid_search_6ports_learned_dense_hd32_depth3_stages2_share0,default_6port_separator1_learned_dense_v2,separator1_grid_search_6ports_learned_dense_hd32_depth3_stages2_share0,supervised_nmse_plateau,separator1,12,6,jit,fp32,float32,32,2,ok,,319.468653,20,50,0.24565594,0.0017951854991615792,0.241824,0.24539450000000002,0.2481975,0.24862325000000002,0.2500211,0.2513,130263.48965956208,130.26348965956208,245.39450000000002,7.668578125000001,65131.74482978104,54336,52224,106776,sub-physical,0.015625,0.0078125,Intel(R) Xeon(R) 6760P,AVX512,"avx2,avx512f,avx512bw,avx512vl,avx512_vnni,avx512_bf16,amx_bf16,amx_int8,amx_tile,fma",True,True,,,,,,256,128,sh14l07002s1404,3.11.9,2.1.2+cu121
20260428_134843,2026-04-28T19:13:52.439004,cpu,pytorch,separator1_grid_search_6ports_learned_dense_hd32_depth3_stages2_share0,/home/liangyi/SRS_AI/Model_AIIC_refactor/experiments_refactored/20260428_054018_default_6port_separator1_learned_dense_v2/separator1_grid_search_6ports_learned_dense_hd32_depth3_stages2_share0,default_6port_separator1_learned_dense_v2,separator1_grid_search_6ports_learned_dense_hd32_depth3_stages2_share0,supervised_nmse_plateau,separator1,12,6,jit,fp32,float32,32,4,ok,,316.037182,20,50,0.24247988,0.006025395063031137,0.237944,0.241207,0.2462872,0.2474583,0.26554579999999994,0.280383,131969.7122911806,131.9697122911806,241.207,7.53771875,32992.42807279515,54336,52224,106776,sub-physical,0.03125,0.015625,Intel(R) Xeon(R) 6760P,AVX512,"avx2,avx512f,avx512bw,avx512vl,avx512_vnni,avx512_bf16,amx_bf16,amx_int8,amx_tile,fma",True,True,,,,,,256,128,sh14l07002s1404,3.11.9,2.1.2+cu121
20260428_134843,2026-04-28T19:13:52.439004,cpu,pytorch,separator1_grid_search_6ports_learned_dense_hd32_depth3_stages2_share0,/home/liangyi/SRS_AI/Model_AIIC_refactor/experiments_refactored/20260428_054018_default_6port_separator1_learned_dense_v2/separator1_grid_search_6ports_learned_dense_hd32_depth3_stages2_share0,default_6port_separator1_learned_dense_v2,separator1_grid_search_6ports_learned_dense_hd32_depth3_stages2_share0,supervised_nmse_plateau,separator1,12,6,jit,fp32,float32,32,8,ok,,320.376676,20,50,0.2413603,0.0019467967253927684,0.23789,0.241067,0.2440479,0.2447893,0.24687274,0.247644,132581.87034073126,132.58187034073126,241.067,7.53334375,16572.733792591407,54336,52224,106776,sub-physical,0.0625,0.03125,Intel(R) Xeon(R) 6760P,AVX512,"avx2,avx512f,avx512bw,avx512vl,avx512_vnni,avx512_bf16,amx_bf16,amx_int8,amx_tile,fma",True,True,,,,,,256,128,sh14l07002s1404,3.11.9,2.1.2+cu121
20260428_134843,2026-04-28T19:13:52.439004,cpu,pytorch,separator1_grid_search_6ports_learned_dense_hd32_depth3_stages2_share0,/home/liangyi/SRS_AI/Model_AIIC_refactor/experiments_refactored/20260428_054018_default_6port_separator1_learned_dense_v2/separator1_grid_search_6ports_learned_dense_hd32_depth3_stages2_share0,default_6port_separator1_learned_dense_v2,separator1_grid_search_6ports_learned_dense_hd32_depth3_stages2_share0,supervised_nmse_plateau,separator1,12,6,jit,fp32,float32,64,1,ok,,320.946325,20,50,0.29216962,0.002911292832334116,0.287714,0.291564,0.2961491,0.2964613,0.29973953999999997,0.300109,219050.8376606712,219.05083766067122,291.56399999999996,4.5556874999999994,219050.8376606712,54336,52224,106776,single-thread,0.0078125,0.00390625,Intel(R) Xeon(R) 6760P,AVX512,"avx2,avx512f,avx512bw,avx512vl,avx512_vnni,avx512_bf16,amx_bf16,amx_int8,amx_tile,fma",True,True,,,,,,256,128,sh14l07002s1404,3.11.9,2.1.2+cu121
20260428_134843,2026-04-28T19:13:52.439004,cpu,pytorch,separator1_grid_search_6ports_learned_dense_hd32_depth3_stages2_share0,/home/liangyi/SRS_AI/Model_AIIC_refactor/experiments_refactored/20260428_054018_default_6port_separator1_learned_dense_v2/separator1_grid_search_6ports_learned_dense_hd32_depth3_stages2_share0,default_6port_separator1_learned_dense_v2,separator1_grid_search_6ports_learned_dense_hd32_depth3_stages2_share0,supervised_nmse_plateau,separator1,12,6,jit,fp32,float32,64,2,ok,,315.858522,20,50,0.29198968,0.002451756019182986,0.288458,0.2910935,0.2953561,0.2960632,0.2981363,0.298886,219185.82875942742,219.1858287594274,291.0935,4.5483359375,109592.91437971371,54336,52224,106776,sub-physical,0.015625,0.0078125,Intel(R) Xeon(R) 6760P,AVX512,"avx2,avx512f,avx512bw,avx512vl,avx512_vnni,avx512_bf16,amx_bf16,amx_int8,amx_tile,fma",True,True,,,,,,256,128,sh14l07002s1404,3.11.9,2.1.2+cu121
20260428_134843,2026-04-28T19:13:52.439004,cpu,pytorch,separator1_grid_search_6ports_learned_dense_hd32_depth3_stages2_share0,/home/liangyi/SRS_AI/Model_AIIC_refactor/experiments_refactored/20260428_054018_default_6port_separator1_learned_dense_v2/separator1_grid_search_6ports_learned_dense_hd32_depth3_stages2_share0,default_6port_separator1_learned_dense_v2,separator1_grid_search_6ports_learned_dense_hd32_depth3_stages2_share0,supervised_nmse_plateau,separator1,12,6,jit,fp32,float32,64,4,ok,,319.02959,20,50,0.29237236,0.002463553934948454,0.288593,0.2918475,0.2952558,0.2963795,0.30052573,0.302595,218898.94106269142,218.89894106269142,291.84749999999997,4.5601171874999995,54724.735265672854,54336,52224,106776,sub-physical,0.03125,0.015625,Intel(R) Xeon(R) 6760P,AVX512,"avx2,avx512f,avx512bw,avx512vl,avx512_vnni,avx512_bf16,amx_bf16,amx_int8,amx_tile,fma",True,True,,,,,,256,128,sh14l07002s1404,3.11.9,2.1.2+cu121
20260428_134843,2026-04-28T19:13:52.439004,cpu,pytorch,separator1_grid_search_6ports_learned_dense_hd32_depth3_stages2_share0,/home/liangyi/SRS_AI/Model_AIIC_refactor/experiments_refactored/20260428_054018_default_6port_separator1_learned_dense_v2/separator1_grid_search_6ports_learned_dense_hd32_depth3_stages2_share0,default_6port_separator1_learned_dense_v2,separator1_grid_search_6ports_learned_dense_hd32_depth3_stages2_share0,supervised_nmse_plateau,separator1,12,6,jit,fp32,float32,64,8,ok,,317.796448,20,50,0.29499352,0.008052156129236439,0.288534,0.293262,0.2994563,0.29979025,0.3258590099999999,0.34617,216953.9181742026,216.9539181742026,293.262,4.58221875,27119.239771775327,54336,52224,106776,sub-physical,0.0625,0.03125,Intel(R) Xeon(R) 6760P,AVX512,"avx2,avx512f,avx512bw,avx512vl,avx512_vnni,avx512_bf16,amx_bf16,amx_int8,amx_tile,fma",True,True,,,,,,256,128,sh14l07002s1404,3.11.9,2.1.2+cu121
20260428_134843,2026-04-28T19:13:52.439004,cpu,pytorch,separator1_grid_search_6ports_learned_dense_hd32_depth3_stages2_share0,/home/liangyi/SRS_AI/Model_AIIC_refactor/experiments_refactored/20260428_054018_default_6port_separator1_learned_dense_v2/separator1_grid_search_6ports_learned_dense_hd32_depth3_stages2_share0,default_6port_separator1_learned_dense_v2,separator1_grid_search_6ports_learned_dense_hd32_depth3_stages2_share0,supervised_nmse_plateau,separator1,12,6,jit,fp32,float32,128,1,ok,,316.039339,20,50,0.3899617,0.0036903883494830182,0.382533,0.38935549999999997,0.39379339999999996,0.39609755,0.39994497,0.401928,328237.36279742344,328.23736279742343,389.35549999999995,3.0418398437499996,328237.36279742344,54336,52224,106776,single-thread,0.0078125,0.00390625,Intel(R) Xeon(R) 6760P,AVX512,"avx2,avx512f,avx512bw,avx512vl,avx512_vnni,avx512_bf16,amx_bf16,amx_int8,amx_tile,fma",True,True,,,,,,256,128,sh14l07002s1404,3.11.9,2.1.2+cu121
20260428_134843,2026-04-28T19:13:52.439004,cpu,pytorch,separator1_grid_search_6ports_learned_dense_hd32_depth3_stages2_share0,/home/liangyi/SRS_AI/Model_AIIC_refactor/experiments_refactored/20260428_054018_default_6port_separator1_learned_dense_v2/separator1_grid_search_6ports_learned_dense_hd32_depth3_stages2_share0,default_6port_separator1_learned_dense_v2,separator1_grid_search_6ports_learned_dense_hd32_depth3_stages2_share0,supervised_nmse_plateau,separator1,12,6,jit,fp32,float32,128,2,ok,,321.542633,20,50,0.39171894,0.004939605504126819,0.382512,0.39138,0.39514879999999997,0.39812855,0.40950750999999996,0.410145,326764.8993433914,326.7648993433914,391.38,3.05765625,163382.4496716957,54336,52224,106776,sub-physical,0.015625,0.0078125,Intel(R) Xeon(R) 6760P,AVX512,"avx2,avx512f,avx512bw,avx512vl,avx512_vnni,avx512_bf16,amx_bf16,amx_int8,amx_tile,fma",True,True,,,,,,256,128,sh14l07002s1404,3.11.9,2.1.2+cu121
20260428_134843,2026-04-28T19:13:52.439004,cpu,pytorch,separator1_grid_search_6ports_learned_dense_hd32_depth3_stages2_share0,/home/liangyi/SRS_AI/Model_AIIC_refactor/experiments_refactored/20260428_054018_default_6port_separator1_learned_dense_v2/separator1_grid_search_6ports_learned_dense_hd32_depth3_stages2_share0,default_6port_separator1_learned_dense_v2,separator1_grid_search_6ports_learned_dense_hd32_depth3_stages2_share0,supervised_nmse_plateau,separator1,12,6,jit,fp32,float32,128,4,ok,,325.586651,20,50,0.53007734,0.008734988214325187,0.51773,0.52891,0.5387057000000001,0.54126625,0.5635368599999999,0.565294,241474.19695397659,241.4741969539766,528.91,4.132109375,60368.549238494146,54336,52224,106776,sub-physical,0.03125,0.015625,Intel(R) Xeon(R) 6760P,AVX512,"avx2,avx512f,avx512bw,avx512vl,avx512_vnni,avx512_bf16,amx_bf16,amx_int8,amx_tile,fma",True,True,,,,,,256,128,sh14l07002s1404,3.11.9,2.1.2+cu121
20260428_134843,2026-04-28T19:13:52.439004,cpu,pytorch,separator1_grid_search_6ports_learned_dense_hd32_depth3_stages2_share0,/home/liangyi/SRS_AI/Model_AIIC_refactor/experiments_refactored/20260428_054018_default_6port_separator1_learned_dense_v2/separator1_grid_search_6ports_learned_dense_hd32_depth3_stages2_share0,default_6port_separator1_learned_dense_v2,separator1_grid_search_6ports_learned_dense_hd32_depth3_stages2_share0,supervised_nmse_plateau,separator1,12,6,jit,fp32,float32,128,8,ok,,319.744839,20,50,0.39099024,0.00405119180765364,0.384399,0.390304,0.39552309999999996,0.39649485,0.40180014,0.402199,327373.9006886719,327.37390068867194,390.304,3.04925,40921.73758608399,54336,52224,106776,sub-physical,0.0625,0.03125,Intel(R) Xeon(R) 6760P,AVX512,"avx2,avx512f,avx512bw,avx512vl,avx512_vnni,avx512_bf16,amx_bf16,amx_int8,amx_tile,fma",True,True,,,,,,256,128,sh14l07002s1404,3.11.9,2.1.2+cu121
20260428_134843,2026-04-28T19:13:52.439004,cpu,pytorch,separator1_grid_search_6ports_learned_dense_hd32_depth3_stages2_share0,/home/liangyi/SRS_AI/Model_AIIC_refactor/experiments_refactored/20260428_054018_default_6port_separator1_learned_dense_v2/separator1_grid_search_6ports_learned_dense_hd32_depth3_stages2_share0,default_6port_separator1_learned_dense_v2,separator1_grid_search_6ports_learned_dense_hd32_depth3_stages2_share0,supervised_nmse_plateau,separator1,12,6,jit,bf16,bfloat16,1,1,ok,,311.702336,20,50,0.16983018,0.0023376189825546857,0.167685,0.168843,0.1739714,0.1748671,0.17735723,0.178079,5888.234941516284,5.888234941516284,168.843,168.843,5888.234941516284,54336,52224,106776,single-thread,0.0078125,0.00390625,Intel(R) Xeon(R) 6760P,AVX512,"avx2,avx512f,avx512bw,avx512vl,avx512_vnni,avx512_bf16,amx_bf16,amx_int8,amx_tile,fma",True,True,,,,,,256,128,sh14l07002s1404,3.11.9,2.1.2+cu121
20260428_134843,2026-04-28T19:13:52.439004,cpu,pytorch,separator1_grid_search_6ports_learned_dense_hd32_depth3_stages2_share0,/home/liangyi/SRS_AI/Model_AIIC_refactor/experiments_refactored/20260428_054018_default_6port_separator1_learned_dense_v2/separator1_grid_search_6ports_learned_dense_hd32_depth3_stages2_share0,default_6port_separator1_learned_dense_v2,separator1_grid_search_6ports_learned_dense_hd32_depth3_stages2_share0,supervised_nmse_plateau,separator1,12,6,jit,bf16,bfloat16,1,2,ok,,310.864396,20,50,0.16800516,0.0029255362131411057,0.16547,0.1669185,0.171859,0.1738692,0.17869163,0.180952,5952.1981348668105,5.95219813486681,166.9185,166.9185,2976.0990674334053,54336,52224,106776,sub-physical,0.015625,0.0078125,Intel(R) Xeon(R) 6760P,AVX512,"avx2,avx512f,avx512bw,avx512vl,avx512_vnni,avx512_bf16,amx_bf16,amx_int8,amx_tile,fma",True,True,,,,,,256,128,sh14l07002s1404,3.11.9,2.1.2+cu121
20260428_134843,2026-04-28T19:13:52.439004,cpu,pytorch,separator1_grid_search_6ports_learned_dense_hd32_depth3_stages2_share0,/home/liangyi/SRS_AI/Model_AIIC_refactor/experiments_refactored/20260428_054018_default_6port_separator1_learned_dense_v2/separator1_grid_search_6ports_learned_dense_hd32_depth3_stages2_share0,default_6port_separator1_learned_dense_v2,separator1_grid_search_6ports_learned_dense_hd32_depth3_stages2_share0,supervised_nmse_plateau,separator1,12,6,jit,bf16,bfloat16,1,4,ok,,316.517819,20,50,0.17188438,0.007397899112288569,0.168213,0.169848,0.1749818,0.17599585,0.20359468999999994,0.218402,5817.864310881536,5.817864310881536,169.848,169.848,1454.466077720384,54336,52224,106776,sub-physical,0.03125,0.015625,Intel(R) Xeon(R) 6760P,AVX512,"avx2,avx512f,avx512bw,avx512vl,avx512_vnni,avx512_bf16,amx_bf16,amx_int8,amx_tile,fma",True,True,,,,,,256,128,sh14l07002s1404,3.11.9,2.1.2+cu121
20260428_134843,2026-04-28T19:13:52.439004,cpu,pytorch,separator1_grid_search_6ports_learned_dense_hd32_depth3_stages2_share0,/home/liangyi/SRS_AI/Model_AIIC_refactor/experiments_refactored/20260428_054018_default_6port_separator1_learned_dense_v2/separator1_grid_search_6ports_learned_dense_hd32_depth3_stages2_share0,default_6port_separator1_learned_dense_v2,separator1_grid_search_6ports_learned_dense_hd32_depth3_stages2_share0,supervised_nmse_plateau,separator1,12,6,jit,bf16,bfloat16,1,8,ok,,315.571405,20,50,0.16889074,0.0019829950157274744,0.167171,0.168187,0.1707294,0.17334365,0.17599925,0.176967,5920.987734437068,5.920987734437068,168.187,168.187,740.1234668046335,54336,52224,106776,sub-physical,0.0625,0.03125,Intel(R) Xeon(R) 6760P,AVX512,"avx2,avx512f,avx512bw,avx512vl,avx512_vnni,avx512_bf16,amx_bf16,amx_int8,amx_tile,fma",True,True,,,,,,256,128,sh14l07002s1404,3.11.9,2.1.2+cu121
20260428_134843,2026-04-28T19:13:52.439004,cpu,pytorch,separator1_grid_search_6ports_learned_dense_hd32_depth3_stages2_share0,/home/liangyi/SRS_AI/Model_AIIC_refactor/experiments_refactored/20260428_054018_default_6port_separator1_learned_dense_v2/separator1_grid_search_6ports_learned_dense_hd32_depth3_stages2_share0,default_6port_separator1_learned_dense_v2,separator1_grid_search_6ports_learned_dense_hd32_depth3_stages2_share0,supervised_nmse_plateau,separator1,12,6,jit,bf16,bfloat16,2,1,ok,,316.731298,20,50,0.21011352,0.0022652673682371366,0.207362,0.20951150000000002,0.2129205,0.21443455,0.21725368999999997,0.219664,9518.664006009703,9.518664006009704,209.5115,104.75575,9518.664006009703,54336,52224,106776,single-thread,0.0078125,0.00390625,Intel(R) Xeon(R) 6760P,AVX512,"avx2,avx512f,avx512bw,avx512vl,avx512_vnni,avx512_bf16,amx_bf16,amx_int8,amx_tile,fma",True,True,,,,,,256,128,sh14l07002s1404,3.11.9,2.1.2+cu121
20260428_134843,2026-04-28T19:13:52.439004,cpu,pytorch,separator1_grid_search_6ports_learned_dense_hd32_depth3_stages2_share0,/home/liangyi/SRS_AI/Model_AIIC_refactor/experiments_refactored/20260428_054018_default_6port_separator1_learned_dense_v2/separator1_grid_search_6ports_learned_dense_hd32_depth3_stages2_share0,default_6port_separator1_learned_dense_v2,separator1_grid_search_6ports_learned_dense_hd32_depth3_stages2_share0,supervised_nmse_plateau,separator1,12,6,jit,bf16,bfloat16,2,2,ok,,314.330012,20,50,0.20573568,0.0014897284241095767,0.203787,0.205357,0.2074174,0.20975405,0.21032613,0.210798,9721.211216255731,9.721211216255732,205.357,102.6785,4860.605608127866,54336,52224,106776,sub-physical,0.015625,0.0078125,Intel(R) Xeon(R) 6760P,AVX512,"avx2,avx512f,avx512bw,avx512vl,avx512_vnni,avx512_bf16,amx_bf16,amx_int8,amx_tile,fma",True,True,,,,,,256,128,sh14l07002s1404,3.11.9,2.1.2+cu121
20260428_134843,2026-04-28T19:13:52.439004,cpu,pytorch,separator1_grid_search_6ports_learned_dense_hd32_depth3_stages2_share0,/home/liangyi/SRS_AI/Model_AIIC_refactor/experiments_refactored/20260428_054018_default_6port_separator1_learned_dense_v2/separator1_grid_search_6ports_learned_dense_hd32_depth3_stages2_share0,default_6port_separator1_learned_dense_v2,separator1_grid_search_6ports_learned_dense_hd32_depth3_stages2_share0,supervised_nmse_plateau,separator1,12,6,jit,bf16,bfloat16,2,4,ok,,317.267168,20,50,0.20635424,0.004393541967752215,0.203064,0.205165,0.20833490000000002,0.2129235,0.22504212999999998,0.229385,9692.07126541233,9.69207126541233,205.165,102.5825,2423.0178163530827,54336,52224,106776,sub-physical,0.03125,0.015625,Intel(R) Xeon(R) 6760P,AVX512,"avx2,avx512f,avx512bw,avx512vl,avx512_vnni,avx512_bf16,amx_bf16,amx_int8,amx_tile,fma",True,True,,,,,,256,128,sh14l07002s1404,3.11.9,2.1.2+cu121
20260428_134843,2026-04-28T19:13:52.439004,cpu,pytorch,separator1_grid_search_6ports_learned_dense_hd32_depth3_stages2_share0,/home/liangyi/SRS_AI/Model_AIIC_refactor/experiments_refactored/20260428_054018_default_6port_separator1_learned_dense_v2/separator1_grid_search_6ports_learned_dense_hd32_depth3_stages2_share0,default_6port_separator1_learned_dense_v2,separator1_grid_search_6ports_learned_dense_hd32_depth3_stages2_share0,supervised_nmse_plateau,separator1,12,6,jit,bf16,bfloat16,2,8,ok,,314.004162,20,50,0.20282486,0.0010164976145569664,0.20112,0.2025885,0.2040448,0.2045139,0.20546675,0.206018,9860.72417355545,9.86072417355545,202.5885,101.29425,1232.5905216944313,54336,52224,106776,sub-physical,0.0625,0.03125,Intel(R) Xeon(R) 6760P,AVX512,"avx2,avx512f,avx512bw,avx512vl,avx512_vnni,avx512_bf16,amx_bf16,amx_int8,amx_tile,fma",True,True,,,,,,256,128,sh14l07002s1404,3.11.9,2.1.2+cu121
20260428_134843,2026-04-28T19:13:52.439004,cpu,pytorch,separator1_grid_search_6ports_learned_dense_hd32_depth3_stages2_share0,/home/liangyi/SRS_AI/Model_AIIC_refactor/experiments_refactored/20260428_054018_default_6port_separator1_learned_dense_v2/separator1_grid_search_6ports_learned_dense_hd32_depth3_stages2_share0,default_6port_separator1_learned_dense_v2,separator1_grid_search_6ports_learned_dense_hd32_depth3_stages2_share0,supervised_nmse_plateau,separator1,12,6,jit,bf16,bfloat16,4,1,ok,,312.57267,20,50,0.26159046,0.0018663808208401673,0.259515,0.26111249999999997,0.2639091,0.26607630000000004,0.26682941,0.267413,15291.07751100709,15.29107751100709,261.11249999999995,65.27812499999999,15291.07751100709,54336,52224,106776,single-thread,0.0078125,0.00390625,Intel(R) Xeon(R) 6760P,AVX512,"avx2,avx512f,avx512bw,avx512vl,avx512_vnni,avx512_bf16,amx_bf16,amx_int8,amx_tile,fma",True,True,,,,,,256,128,sh14l07002s1404,3.11.9,2.1.2+cu121
20260428_134843,2026-04-28T19:13:52.439004,cpu,pytorch,separator1_grid_search_6ports_learned_dense_hd32_depth3_stages2_share0,/home/liangyi/SRS_AI/Model_AIIC_refactor/experiments_refactored/20260428_054018_default_6port_separator1_learned_dense_v2/separator1_grid_search_6ports_learned_dense_hd32_depth3_stages2_share0,default_6port_separator1_learned_dense_v2,separator1_grid_search_6ports_learned_dense_hd32_depth3_stages2_share0,supervised_nmse_plateau,separator1,12,6,jit,bf16,bfloat16,4,2,ok,,318.796515,20,50,0.26524226,0.006035317230469335,0.261693,0.26326,0.2683075,0.2701224,0.28735542999999997,0.303424,15080.553151673494,15.080553151673493,263.26,65.815,7540.276575836747,54336,52224,106776,sub-physical,0.015625,0.0078125,Intel(R) Xeon(R) 6760P,AVX512,"avx2,avx512f,avx512bw,avx512vl,avx512_vnni,avx512_bf16,amx_bf16,amx_int8,amx_tile,fma",True,True,,,,,,256,128,sh14l07002s1404,3.11.9,2.1.2+cu121
20260428_134843,2026-04-28T19:13:52.439004,cpu,pytorch,separator1_grid_search_6ports_learned_dense_hd32_depth3_stages2_share0,/home/liangyi/SRS_AI/Model_AIIC_refactor/experiments_refactored/20260428_054018_default_6port_separator1_learned_dense_v2/separator1_grid_search_6ports_learned_dense_hd32_depth3_stages2_share0,default_6port_separator1_learned_dense_v2,separator1_grid_search_6ports_learned_dense_hd32_depth3_stages2_share0,supervised_nmse_plateau,separator1,12,6,jit,bf16,bfloat16,4,4,ok,,314.992384,20,50,0.26365744,0.0017578981899985,0.260936,0.263134,0.2657268,0.2679328,0.26916963,0.269568,15171.200934060498,15.171200934060499,263.13399999999996,65.78349999999999,3792.8002335151245,54336,52224,106776,sub-physical,0.03125,0.015625,Intel(R) Xeon(R) 6760P,AVX512,"avx2,avx512f,avx512bw,avx512vl,avx512_vnni,avx512_bf16,amx_bf16,amx_int8,amx_tile,fma",True,True,,,,,,256,128,sh14l07002s1404,3.11.9,2.1.2+cu121
20260428_134843,2026-04-28T19:13:52.439004,cpu,pytorch,separator1_grid_search_6ports_learned_dense_hd32_depth3_stages2_share0,/home/liangyi/SRS_AI/Model_AIIC_refactor/experiments_refactored/20260428_054018_default_6port_separator1_learned_dense_v2/separator1_grid_search_6ports_learned_dense_hd32_depth3_stages2_share0,default_6port_separator1_learned_dense_v2,separator1_grid_search_6ports_learned_dense_hd32_depth3_stages2_share0,supervised_nmse_plateau,separator1,12,6,jit,bf16,bfloat16,4,8,ok,,318.32972,20,50,0.26300864,0.0012836992445273132,0.261199,0.2628895,0.2646876,0.26563129999999996,0.26704176,0.267275,15208.625845903769,15.20862584590377,262.8895,65.722375,1901.0782307379711,54336,52224,106776,sub-physical,0.0625,0.03125,Intel(R) Xeon(R) 6760P,AVX512,"avx2,avx512f,avx512bw,avx512vl,avx512_vnni,avx512_bf16,amx_bf16,amx_int8,amx_tile,fma",True,True,,,,,,256,128,sh14l07002s1404,3.11.9,2.1.2+cu121
20260428_134843,2026-04-28T19:13:52.439004,cpu,pytorch,separator1_grid_search_6ports_learned_dense_hd32_depth3_stages2_share0,/home/liangyi/SRS_AI/Model_AIIC_refactor/experiments_refactored/20260428_054018_default_6port_separator1_learned_dense_v2/separator1_grid_search_6ports_learned_dense_hd32_depth3_stages2_share0,default_6port_separator1_learned_dense_v2,separator1_grid_search_6ports_learned_dense_hd32_depth3_stages2_share0,supervised_nmse_plateau,separator1,12,6,jit,bf16,bfloat16,8,1,ok,,324.691139,20,50,0.7029267,0.03148399598097421,0.679862,0.6928985000000001,0.7463417,0.79531845,0.80342219,0.806102,11380.987519751348,11.380987519751349,692.8985000000001,86.61231250000002,11380.987519751348,54336,52224,106776,single-thread,0.0078125,0.00390625,Intel(R) Xeon(R) 6760P,AVX512,"avx2,avx512f,avx512bw,avx512vl,avx512_vnni,avx512_bf16,amx_bf16,amx_int8,amx_tile,fma",True,True,,,,,,256,128,sh14l07002s1404,3.11.9,2.1.2+cu121
20260428_134843,2026-04-28T19:13:52.439004,cpu,pytorch,separator1_grid_search_6ports_learned_dense_hd32_depth3_stages2_share0,/home/liangyi/SRS_AI/Model_AIIC_refactor/experiments_refactored/20260428_054018_default_6port_separator1_learned_dense_v2/separator1_grid_search_6ports_learned_dense_hd32_depth3_stages2_share0,default_6port_separator1_learned_dense_v2,separator1_grid_search_6ports_learned_dense_hd32_depth3_stages2_share0,supervised_nmse_plateau,separator1,12,6,jit,bf16,bfloat16,8,2,ok,,328.260357,20,50,0.75203014,0.023221740799526644,0.737546,0.7448885000000001,0.7574417,0.81750455,0.83758685,0.839025,10637.871508713733,10.637871508713733,744.8885,93.1110625,5318.935754356867,54336,52224,106776,sub-physical,0.015625,0.0078125,Intel(R) Xeon(R) 6760P,AVX512,"avx2,avx512f,avx512bw,avx512vl,avx512_vnni,avx512_bf16,amx_bf16,amx_int8,amx_tile,fma",True,True,,,,,,256,128,sh14l07002s1404,3.11.9,2.1.2+cu121
20260428_134843,2026-04-28T19:13:52.439004,cpu,pytorch,separator1_grid_search_6ports_learned_dense_hd32_depth3_stages2_share0,/home/liangyi/SRS_AI/Model_AIIC_refactor/experiments_refactored/20260428_054018_default_6port_separator1_learned_dense_v2/separator1_grid_search_6ports_learned_dense_hd32_depth3_stages2_share0,default_6port_separator1_learned_dense_v2,separator1_grid_search_6ports_learned_dense_hd32_depth3_stages2_share0,supervised_nmse_plateau,separator1,12,6,jit,bf16,bfloat16,8,4,ok,,328.26698,20,50,0.76468064,0.02029475056240898,0.750714,0.7597285,0.7701506,0.8252264999999999,0.8364351299999999,0.838818,10461.883800275105,10.461883800275105,759.7285,94.9660625,2615.4709500687763,54336,52224,106776,sub-physical,0.03125,0.015625,Intel(R) Xeon(R) 6760P,AVX512,"avx2,avx512f,avx512bw,avx512vl,avx512_vnni,avx512_bf16,amx_bf16,amx_int8,amx_tile,fma",True,True,,,,,,256,128,sh14l07002s1404,3.11.9,2.1.2+cu121
20260428_134843,2026-04-28T19:13:52.439004,cpu,pytorch,separator1_grid_search_6ports_learned_dense_hd32_depth3_stages2_share0,/home/liangyi/SRS_AI/Model_AIIC_refactor/experiments_refactored/20260428_054018_default_6port_separator1_learned_dense_v2/separator1_grid_search_6ports_learned_dense_hd32_depth3_stages2_share0,default_6port_separator1_learned_dense_v2,separator1_grid_search_6ports_learned_dense_hd32_depth3_stages2_share0,supervised_nmse_plateau,separator1,12,6,jit,bf16,bfloat16,8,8,ok,,341.110303,20,50,1.07199562,0.01371018808899427,1.046014,1.0702275,1.0924743,1.0991571,1.1052865299999999,1.109551,7462.717058489474,7.462717058489474,1070.2275000000002,133.77843750000002,932.8396323111842,54336,52224,106776,sub-physical,0.0625,0.03125,Intel(R) Xeon(R) 6760P,AVX512,"avx2,avx512f,avx512bw,avx512vl,avx512_vnni,avx512_bf16,amx_bf16,amx_int8,amx_tile,fma",True,True,,,,,,256,128,sh14l07002s1404,3.11.9,2.1.2+cu121
20260428_134843,2026-04-28T19:13:52.439004,cpu,pytorch,separator1_grid_search_6ports_learned_dense_hd32_depth3_stages2_share0,/home/liangyi/SRS_AI/Model_AIIC_refactor/experiments_refactored/20260428_054018_default_6port_separator1_learned_dense_v2/separator1_grid_search_6ports_learned_dense_hd32_depth3_stages2_share0,default_6port_separator1_learned_dense_v2,separator1_grid_search_6ports_learned_dense_hd32_depth3_stages2_share0,supervised_nmse_plateau,separator1,12,6,jit,bf16,bfloat16,16,1,ok,,332.007567,20,50,0.9227251,0.04822969801864822,0.890417,0.9098795,0.9285709000000001,1.0314284999999996,1.1184671800000001,1.119162,17339.94230784445,17.33994230784445,909.8795,56.86746875,17339.94230784445,54336,52224,106776,single-thread,0.0078125,0.00390625,Intel(R) Xeon(R) 6760P,AVX512,"avx2,avx512f,avx512bw,avx512vl,avx512_vnni,avx512_bf16,amx_bf16,amx_int8,amx_tile,fma",True,True,,,,,,256,128,sh14l07002s1404,3.11.9,2.1.2+cu121
20260428_134843,2026-04-28T19:13:52.439004,cpu,pytorch,separator1_grid_search_6ports_learned_dense_hd32_depth3_stages2_share0,/home/liangyi/SRS_AI/Model_AIIC_refactor/experiments_refactored/20260428_054018_default_6port_separator1_learned_dense_v2/separator1_grid_search_6ports_learned_dense_hd32_depth3_stages2_share0,default_6port_separator1_learned_dense_v2,separator1_grid_search_6ports_learned_dense_hd32_depth3_stages2_share0,supervised_nmse_plateau,separator1,12,6,jit,bf16,bfloat16,16,2,ok,,325.298098,20,50,0.97839958,0.038934115149102846,0.952061,0.96896,0.9800475,1.0578893999999999,1.14107252,1.141686,16353.236782869428,16.353236782869427,968.96,60.56,8176.618391434714,54336,52224,106776,sub-physical,0.015625,0.0078125,Intel(R) Xeon(R) 6760P,AVX512,"avx2,avx512f,avx512bw,avx512vl,avx512_vnni,avx512_bf16,amx_bf16,amx_int8,amx_tile,fma",True,True,,,,,,256,128,sh14l07002s1404,3.11.9,2.1.2+cu121
20260428_134843,2026-04-28T19:13:52.439004,cpu,pytorch,separator1_grid_search_6ports_learned_dense_hd32_depth3_stages2_share0,/home/liangyi/SRS_AI/Model_AIIC_refactor/experiments_refactored/20260428_054018_default_6port_separator1_learned_dense_v2/separator1_grid_search_6ports_learned_dense_hd32_depth3_stages2_share0,default_6port_separator1_learned_dense_v2,separator1_grid_search_6ports_learned_dense_hd32_depth3_stages2_share0,supervised_nmse_plateau,separator1,12,6,jit,bf16,bfloat16,16,4,ok,,330.180143,20,50,0.9662555,0.03530081856118919,0.948166,0.9571275,0.9659067,1.0223996499999997,1.1221244799999999,1.126558,16558.767323963486,16.558767323963487,957.1275,59.82046875,4139.6918309908715,54336,52224,106776,sub-physical,0.03125,0.015625,Intel(R) Xeon(R) 6760P,AVX512,"avx2,avx512f,avx512bw,avx512vl,avx512_vnni,avx512_bf16,amx_bf16,amx_int8,amx_tile,fma",True,True,,,,,,256,128,sh14l07002s1404,3.11.9,2.1.2+cu121
20260428_134843,2026-04-28T19:13:52.439004,cpu,pytorch,separator1_grid_search_6ports_learned_dense_hd32_depth3_stages2_share0,/home/liangyi/SRS_AI/Model_AIIC_refactor/experiments_refactored/20260428_054018_default_6port_separator1_learned_dense_v2/separator1_grid_search_6ports_learned_dense_hd32_depth3_stages2_share0,default_6port_separator1_learned_dense_v2,separator1_grid_search_6ports_learned_dense_hd32_depth3_stages2_share0,supervised_nmse_plateau,separator1,12,6,jit,bf16,bfloat16,16,8,ok,,331.457301,20,50,1.0701093,0.032601117299411675,1.039888,1.063027,1.0831471,1.09825105,1.21888709,1.221611,14951.743714403754,14.951743714403754,1063.027,66.4391875,1868.9679643004692,54336,52224,106776,sub-physical,0.0625,0.03125,Intel(R) Xeon(R) 6760P,AVX512,"avx2,avx512f,avx512bw,avx512vl,avx512_vnni,avx512_bf16,amx_bf16,amx_int8,amx_tile,fma",True,True,,,,,,256,128,sh14l07002s1404,3.11.9,2.1.2+cu121
20260428_134843,2026-04-28T19:13:52.439004,cpu,pytorch,separator1_grid_search_6ports_learned_dense_hd32_depth3_stages2_share0,/home/liangyi/SRS_AI/Model_AIIC_refactor/experiments_refactored/20260428_054018_default_6port_separator1_learned_dense_v2/separator1_grid_search_6ports_learned_dense_hd32_depth3_stages2_share0,default_6port_separator1_learned_dense_v2,separator1_grid_search_6ports_learned_dense_hd32_depth3_stages2_share0,supervised_nmse_plateau,separator1,12,6,jit,bf16,bfloat16,32,1,ok,,327.301705,20,50,0.9896539599999999,0.049411512995641005,0.967034,0.9793179999999999,0.9885967,1.0168338499999998,1.2270214799999999,1.236796,32334.534386140385,32.33453438614038,979.3179999999999,30.603687499999996,32334.534386140385,54336,52224,106776,single-thread,0.0078125,0.00390625,Intel(R) Xeon(R) 6760P,AVX512,"avx2,avx512f,avx512bw,avx512vl,avx512_vnni,avx512_bf16,amx_bf16,amx_int8,amx_tile,fma",True,True,,,,,,256,128,sh14l07002s1404,3.11.9,2.1.2+cu121
20260428_134843,2026-04-28T19:13:52.439004,cpu,pytorch,separator1_grid_search_6ports_learned_dense_hd32_depth3_stages2_share0,/home/liangyi/SRS_AI/Model_AIIC_refactor/experiments_refactored/20260428_054018_default_6port_separator1_learned_dense_v2/separator1_grid_search_6ports_learned_dense_hd32_depth3_stages2_share0,default_6port_separator1_learned_dense_v2,separator1_grid_search_6ports_learned_dense_hd32_depth3_stages2_share0,supervised_nmse_plateau,separator1,12,6,jit,bf16,bfloat16,32,2,ok,,326.729038,20,50,1.1484953,0.05767643701972236,1.103849,1.118724,1.2471702,1.2698662,1.3042925699999999,1.311842,27862.543277277673,27.862543277277673,1118.7240000000002,34.960125000000005,13931.271638638837,54336,52224,106776,sub-physical,0.015625,0.0078125,Intel(R) Xeon(R) 6760P,AVX512,"avx2,avx512f,avx512bw,avx512vl,avx512_vnni,avx512_bf16,amx_bf16,amx_int8,amx_tile,fma",True,True,,,,,,256,128,sh14l07002s1404,3.11.9,2.1.2+cu121
20260428_134843,2026-04-28T19:13:52.439004,cpu,pytorch,separator1_grid_search_6ports_learned_dense_hd32_depth3_stages2_share0,/home/liangyi/SRS_AI/Model_AIIC_refactor/experiments_refactored/20260428_054018_default_6port_separator1_learned_dense_v2/separator1_grid_search_6ports_learned_dense_hd32_depth3_stages2_share0,default_6port_separator1_learned_dense_v2,separator1_grid_search_6ports_learned_dense_hd32_depth3_stages2_share0,supervised_nmse_plateau,separator1,12,6,jit,bf16,bfloat16,32,4,ok,,334.040853,20,50,1.12462806,0.06702820392324713,1.068167,1.0867,1.2445783000000001,1.25467465,1.29493389,1.296227,28453.851667190305,28.453851667190307,1086.7,33.959375,7113.462916797576,54336,52224,106776,sub-physical,0.03125,0.015625,Intel(R) Xeon(R) 6760P,AVX512,"avx2,avx512f,avx512bw,avx512vl,avx512_vnni,avx512_bf16,amx_bf16,amx_int8,amx_tile,fma",True,True,,,,,,256,128,sh14l07002s1404,3.11.9,2.1.2+cu121
20260428_134843,2026-04-28T19:13:52.439004,cpu,pytorch,separator1_grid_search_6ports_learned_dense_hd32_depth3_stages2_share0,/home/liangyi/SRS_AI/Model_AIIC_refactor/experiments_refactored/20260428_054018_default_6port_separator1_learned_dense_v2/separator1_grid_search_6ports_learned_dense_hd32_depth3_stages2_share0,default_6port_separator1_learned_dense_v2,separator1_grid_search_6ports_learned_dense_hd32_depth3_stages2_share0,supervised_nmse_plateau,separator1,12,6,jit,bf16,bfloat16,32,8,ok,,336.247897,20,50,1.21748512,0.06183380493278414,1.162435,1.1964480000000002,1.259457,1.3688598,1.4565640199999998,1.467884,26283.688789559907,26.283688789559907,1196.448,37.389,3285.4610986949883,54336,52224,106776,sub-physical,0.0625,0.03125,Intel(R) Xeon(R) 6760P,AVX512,"avx2,avx512f,avx512bw,avx512vl,avx512_vnni,avx512_bf16,amx_bf16,amx_int8,amx_tile,fma",True,True,,,,,,256,128,sh14l07002s1404,3.11.9,2.1.2+cu121
20260428_134843,2026-04-28T19:13:52.439004,cpu,pytorch,separator1_grid_search_6ports_learned_dense_hd32_depth3_stages2_share0,/home/liangyi/SRS_AI/Model_AIIC_refactor/experiments_refactored/20260428_054018_default_6port_separator1_learned_dense_v2/separator1_grid_search_6ports_learned_dense_hd32_depth3_stages2_share0,default_6port_separator1_learned_dense_v2,separator1_grid_search_6ports_learned_dense_hd32_depth3_stages2_share0,supervised_nmse_plateau,separator1,12,6,jit,bf16,bfloat16,64,1,ok,,330.19722,20,50,1.0840524,0.06246914802780649,1.031821,1.0504085,1.1779546,1.2114298,1.2510298999999998,1.265039,59037.736552218325,59.03773655221833,1050.4085,16.4126328125,59037.736552218325,54336,52224,106776,single-thread,0.0078125,0.00390625,Intel(R) Xeon(R) 6760P,AVX512,"avx2,avx512f,avx512bw,avx512vl,avx512_vnni,avx512_bf16,amx_bf16,amx_int8,amx_tile,fma",True,True,,,,,,256,128,sh14l07002s1404,3.11.9,2.1.2+cu121
20260428_134843,2026-04-28T19:13:52.439004,cpu,pytorch,separator1_grid_search_6ports_learned_dense_hd32_depth3_stages2_share0,/home/liangyi/SRS_AI/Model_AIIC_refactor/experiments_refactored/20260428_054018_default_6port_separator1_learned_dense_v2/separator1_grid_search_6ports_learned_dense_hd32_depth3_stages2_share0,default_6port_separator1_learned_dense_v2,separator1_grid_search_6ports_learned_dense_hd32_depth3_stages2_share0,supervised_nmse_plateau,separator1,12,6,jit,bf16,bfloat16,64,2,ok,,330.548001,20,50,1.39410656,0.04767555224563632,1.337476,1.3758210000000002,1.4544175000000001,1.4784192999999999,1.5112847399999998,1.53538,45907.53808661513,45.90753808661513,1375.8210000000001,21.497203125000002,22953.769043307566,54336,52224,106776,sub-physical,0.015625,0.0078125,Intel(R) Xeon(R) 6760P,AVX512,"avx2,avx512f,avx512bw,avx512vl,avx512_vnni,avx512_bf16,amx_bf16,amx_int8,amx_tile,fma",True,True,,,,,,256,128,sh14l07002s1404,3.11.9,2.1.2+cu121
20260428_134843,2026-04-28T19:13:52.439004,cpu,pytorch,separator1_grid_search_6ports_learned_dense_hd32_depth3_stages2_share0,/home/liangyi/SRS_AI/Model_AIIC_refactor/experiments_refactored/20260428_054018_default_6port_separator1_learned_dense_v2/separator1_grid_search_6ports_learned_dense_hd32_depth3_stages2_share0,default_6port_separator1_learned_dense_v2,separator1_grid_search_6ports_learned_dense_hd32_depth3_stages2_share0,supervised_nmse_plateau,separator1,12,6,jit,bf16,bfloat16,64,4,ok,,329.994693,20,50,1.45458902,0.033149002700226145,1.411797,1.4442765,1.5074545,1.51399545,1.5410628100000001,1.54196,43998.68218447022,43.99868218447022,1444.2765,22.5668203125,10999.670546117555,54336,52224,106776,sub-physical,0.03125,0.015625,Intel(R) Xeon(R) 6760P,AVX512,"avx2,avx512f,avx512bw,avx512vl,avx512_vnni,avx512_bf16,amx_bf16,amx_int8,amx_tile,fma",True,True,,,,,,256,128,sh14l07002s1404,3.11.9,2.1.2+cu121
20260428_134843,2026-04-28T19:13:52.439004,cpu,pytorch,separator1_grid_search_6ports_learned_dense_hd32_depth3_stages2_share0,/home/liangyi/SRS_AI/Model_AIIC_refactor/experiments_refactored/20260428_054018_default_6port_separator1_learned_dense_v2/separator1_grid_search_6ports_learned_dense_hd32_depth3_stages2_share0,default_6port_separator1_learned_dense_v2,separator1_grid_search_6ports_learned_dense_hd32_depth3_stages2_share0,supervised_nmse_plateau,separator1,12,6,jit,bf16,bfloat16,64,8,ok,,334.839092,20,50,1.53517142,0.018457373449209932,1.492648,1.534513,1.5561882,1.5595815499999999,1.5785015299999998,1.5909,41689.155469035504,41.689155469035505,1534.513,23.976765625,5211.144433629438,54336,52224,106776,sub-physical,0.0625,0.03125,Intel(R) Xeon(R) 6760P,AVX512,"avx2,avx512f,avx512bw,avx512vl,avx512_vnni,avx512_bf16,amx_bf16,amx_int8,amx_tile,fma",True,True,,,,,,256,128,sh14l07002s1404,3.11.9,2.1.2+cu121
20260428_134843,2026-04-28T19:13:52.439004,cpu,pytorch,separator1_grid_search_6ports_learned_dense_hd32_depth3_stages2_share0,/home/liangyi/SRS_AI/Model_AIIC_refactor/experiments_refactored/20260428_054018_default_6port_separator1_learned_dense_v2/separator1_grid_search_6ports_learned_dense_hd32_depth3_stages2_share0,default_6port_separator1_learned_dense_v2,separator1_grid_search_6ports_learned_dense_hd32_depth3_stages2_share0,supervised_nmse_plateau,separator1,12,6,jit,bf16,bfloat16,128,1,ok,,326.539543,20,50,1.3160597,0.06176205226455804,1.26258,1.2788685,1.4158389,1.4301616,1.4504235699999999,1.453808,97260.02551404013,97.26002551404012,1278.8685,9.99116015625,97260.02551404013,54336,52224,106776,single-thread,0.0078125,0.00390625,Intel(R) Xeon(R) 6760P,AVX512,"avx2,avx512f,avx512bw,avx512vl,avx512_vnni,avx512_bf16,amx_bf16,amx_int8,amx_tile,fma",True,True,,,,,,256,128,sh14l07002s1404,3.11.9,2.1.2+cu121
20260428_134843,2026-04-28T19:13:52.439004,cpu,pytorch,separator1_grid_search_6ports_learned_dense_hd32_depth3_stages2_share0,/home/liangyi/SRS_AI/Model_AIIC_refactor/experiments_refactored/20260428_054018_default_6port_separator1_learned_dense_v2/separator1_grid_search_6ports_learned_dense_hd32_depth3_stages2_share0,default_6port_separator1_learned_dense_v2,separator1_grid_search_6ports_learned_dense_hd32_depth3_stages2_share0,supervised_nmse_plateau,separator1,12,6,jit,bf16,bfloat16,128,2,ok,,333.579359,20,50,1.68007598,0.02803640184580753,1.642636,1.676078,1.7195743000000001,1.73514295,1.75405638,1.759269,76187.03054132112,76.18703054132112,1676.078,13.094359375,38093.51527066056,54336,52224,106776,sub-physical,0.015625,0.0078125,Intel(R) Xeon(R) 6760P,AVX512,"avx2,avx512f,avx512bw,avx512vl,avx512_vnni,avx512_bf16,amx_bf16,amx_int8,amx_tile,fma",True,True,,,,,,256,128,sh14l07002s1404,3.11.9,2.1.2+cu121
20260428_134843,2026-04-28T19:13:52.439004,cpu,pytorch,separator1_grid_search_6ports_learned_dense_hd32_depth3_stages2_share0,/home/liangyi/SRS_AI/Model_AIIC_refactor/experiments_refactored/20260428_054018_default_6port_separator1_learned_dense_v2/separator1_grid_search_6ports_learned_dense_hd32_depth3_stages2_share0,default_6port_separator1_learned_dense_v2,separator1_grid_search_6ports_learned_dense_hd32_depth3_stages2_share0,supervised_nmse_plateau,separator1,12,6,jit,bf16,bfloat16,128,4,ok,,338.054772,20,50,1.7553722,0.028549934362096182,1.697366,1.7573245000000002,1.7857412,1.7965879999999999,1.81890958,1.83158,72919.00828781497,72.91900828781498,1757.3245000000002,13.729097656250001,18229.752071953742,54336,52224,106776,sub-physical,0.03125,0.015625,Intel(R) Xeon(R) 6760P,AVX512,"avx2,avx512f,avx512bw,avx512vl,avx512_vnni,avx512_bf16,amx_bf16,amx_int8,amx_tile,fma",True,True,,,,,,256,128,sh14l07002s1404,3.11.9,2.1.2+cu121
20260428_134843,2026-04-28T19:13:52.439004,cpu,pytorch,separator1_grid_search_6ports_learned_dense_hd32_depth3_stages2_share0,/home/liangyi/SRS_AI/Model_AIIC_refactor/experiments_refactored/20260428_054018_default_6port_separator1_learned_dense_v2/separator1_grid_search_6ports_learned_dense_hd32_depth3_stages2_share0,default_6port_separator1_learned_dense_v2,separator1_grid_search_6ports_learned_dense_hd32_depth3_stages2_share0,supervised_nmse_plateau,separator1,12,6,jit,bf16,bfloat16,128,8,ok,,334.978904,20,50,1.82597286,0.038156701259417065,1.742803,1.8275905,1.872418,1.88679975,1.91471743,1.929561,70099.61801951427,70.09961801951427,1827.5904999999998,14.278050781249998,8762.452252439283,54336,52224,106776,sub-physical,0.0625,0.03125,Intel(R) Xeon(R) 6760P,AVX512,"avx2,avx512f,avx512bw,avx512vl,avx512_vnni,avx512_bf16,amx_bf16,amx_int8,amx_tile,fma",True,True,,,,,,256,128,sh14l07002s1404,3.11.9,2.1.2+cu121
20260428_134843,2026-04-28T19:13:52.439004,cpu,pytorch,separator1_grid_search_6ports_learned_dense_hd32_depth3_stages2_share0,/home/liangyi/SRS_AI/Model_AIIC_refactor/experiments_refactored/20260428_054018_default_6port_separator1_learned_dense_v2/separator1_grid_search_6ports_learned_dense_hd32_depth3_stages2_share0,default_6port_separator1_learned_dense_v2,separator1_grid_search_6ports_learned_dense_hd32_depth3_stages2_share0,supervised_nmse_plateau,separator1,12,6,compile,fp32,float32,1,1,ok,,493.825173,20,50,0.4822122,0.018903744787739804,0.472542,0.47778449999999995,0.4836157,0.5125704499999999,0.5631952599999999,0.58026,2073.7758190273908,2.0737758190273907,477.7844999999999,477.7844999999999,2073.7758190273908,54336,52224,106776,single-thread,0.0078125,0.00390625,Intel(R) Xeon(R) 6760P,AVX512,"avx2,avx512f,avx512bw,avx512vl,avx512_vnni,avx512_bf16,amx_bf16,amx_int8,amx_tile,fma",True,True,,,,,,256,128,sh14l07002s1404,3.11.9,2.1.2+cu121
20260428_134843,2026-04-28T19:13:52.439004,cpu,pytorch,separator1_grid_search_6ports_learned_dense_hd32_depth3_stages2_share0,/home/liangyi/SRS_AI/Model_AIIC_refactor/experiments_refactored/20260428_054018_default_6port_separator1_learned_dense_v2/separator1_grid_search_6ports_learned_dense_hd32_depth3_stages2_share0,default_6port_separator1_learned_dense_v2,separator1_grid_search_6ports_learned_dense_hd32_depth3_stages2_share0,supervised_nmse_plateau,separator1,12,6,compile,fp32,float32,1,2,ok,,511.933587,20,50,0.4884327,0.023340721460357646,0.476052,0.4823,0.4898927,0.5389870499999999,0.5857739799999999,0.596308,2047.364969626317,2.047364969626317,482.3,482.3,1023.6824848131585,54336,52224,106776,sub-physical,0.015625,0.0078125,Intel(R) Xeon(R) 6760P,AVX512,"avx2,avx512f,avx512bw,avx512vl,avx512_vnni,avx512_bf16,amx_bf16,amx_int8,amx_tile,fma",True,True,,,,,,256,128,sh14l07002s1404,3.11.9,2.1.2+cu121
20260428_134843,2026-04-28T19:13:52.439004,cpu,pytorch,separator1_grid_search_6ports_learned_dense_hd32_depth3_stages2_share0,/home/liangyi/SRS_AI/Model_AIIC_refactor/experiments_refactored/20260428_054018_default_6port_separator1_learned_dense_v2/separator1_grid_search_6ports_learned_dense_hd32_depth3_stages2_share0,default_6port_separator1_learned_dense_v2,separator1_grid_search_6ports_learned_dense_hd32_depth3_stages2_share0,supervised_nmse_plateau,separator1,12,6,compile,fp32,float32,1,4,ok,,515.246071,20,50,0.48185756,0.011448965953587244,0.473913,0.4794745,0.4847203,0.49063745,0.5339139199999999,0.545866,2075.3020871977187,2.0753020871977186,479.47450000000003,479.47450000000003,518.8255217994297,54336,52224,106776,sub-physical,0.03125,0.015625,Intel(R) Xeon(R) 6760P,AVX512,"avx2,avx512f,avx512bw,avx512vl,avx512_vnni,avx512_bf16,amx_bf16,amx_int8,amx_tile,fma",True,True,,,,,,256,128,sh14l07002s1404,3.11.9,2.1.2+cu121
20260428_134843,2026-04-28T19:13:52.439004,cpu,pytorch,separator1_grid_search_6ports_learned_dense_hd32_depth3_stages2_share0,/home/liangyi/SRS_AI/Model_AIIC_refactor/experiments_refactored/20260428_054018_default_6port_separator1_learned_dense_v2/separator1_grid_search_6ports_learned_dense_hd32_depth3_stages2_share0,default_6port_separator1_learned_dense_v2,separator1_grid_search_6ports_learned_dense_hd32_depth3_stages2_share0,supervised_nmse_plateau,separator1,12,6,compile,fp32,float32,1,8,ok,,540.670413,20,50,0.4966854,0.03279150793604955,0.475324,0.482726,0.5438831,0.5848444500000001,0.59666538,0.600359,2013.3468791311361,2.013346879131136,482.726,482.726,251.66835989139202,54336,52224,106776,sub-physical,0.0625,0.03125,Intel(R) Xeon(R) 6760P,AVX512,"avx2,avx512f,avx512bw,avx512vl,avx512_vnni,avx512_bf16,amx_bf16,amx_int8,amx_tile,fma",True,True,,,,,,256,128,sh14l07002s1404,3.11.9,2.1.2+cu121
20260428_134843,2026-04-28T19:13:52.439004,cpu,pytorch,separator1_grid_search_6ports_learned_dense_hd32_depth3_stages2_share0,/home/liangyi/SRS_AI/Model_AIIC_refactor/experiments_refactored/20260428_054018_default_6port_separator1_learned_dense_v2/separator1_grid_search_6ports_learned_dense_hd32_depth3_stages2_share0,default_6port_separator1_learned_dense_v2,separator1_grid_search_6ports_learned_dense_hd32_depth3_stages2_share0,supervised_nmse_plateau,separator1,12,6,compile,fp32,float32,2,1,ok,,492.38167,20,50,0.49560932,0.019283392971611607,0.485422,0.4904795,0.49672489999999997,0.5307001999999998,0.5758214999999999,0.590595,4035.4366217326174,4.035436621732617,490.47950000000003,245.23975000000002,4035.4366217326174,54336,52224,106776,single-thread,0.0078125,0.00390625,Intel(R) Xeon(R) 6760P,AVX512,"avx2,avx512f,avx512bw,avx512vl,avx512_vnni,avx512_bf16,amx_bf16,amx_int8,amx_tile,fma",True,True,,,,,,256,128,sh14l07002s1404,3.11.9,2.1.2+cu121
20260428_134843,2026-04-28T19:13:52.439004,cpu,pytorch,separator1_grid_search_6ports_learned_dense_hd32_depth3_stages2_share0,/home/liangyi/SRS_AI/Model_AIIC_refactor/experiments_refactored/20260428_054018_default_6port_separator1_learned_dense_v2/separator1_grid_search_6ports_learned_dense_hd32_depth3_stages2_share0,default_6port_separator1_learned_dense_v2,separator1_grid_search_6ports_learned_dense_hd32_depth3_stages2_share0,supervised_nmse_plateau,separator1,12,6,compile,fp32,float32,2,2,ok,,509.070456,20,50,0.49636282,0.017362803147752383,0.484868,0.4922475,0.49827289999999996,0.5260394999999999,0.57023705,0.580211,4029.310656265512,4.029310656265512,492.2475,246.12375,2014.655328132756,54336,52224,106776,sub-physical,0.015625,0.0078125,Intel(R) Xeon(R) 6760P,AVX512,"avx2,avx512f,avx512bw,avx512vl,avx512_vnni,avx512_bf16,amx_bf16,amx_int8,amx_tile,fma",True,True,,,,,,256,128,sh14l07002s1404,3.11.9,2.1.2+cu121
20260428_134843,2026-04-28T19:13:52.439004,cpu,pytorch,separator1_grid_search_6ports_learned_dense_hd32_depth3_stages2_share0,/home/liangyi/SRS_AI/Model_AIIC_refactor/experiments_refactored/20260428_054018_default_6port_separator1_learned_dense_v2/separator1_grid_search_6ports_learned_dense_hd32_depth3_stages2_share0,default_6port_separator1_learned_dense_v2,separator1_grid_search_6ports_learned_dense_hd32_depth3_stages2_share0,supervised_nmse_plateau,separator1,12,6,compile,fp32,float32,2,4,ok,,506.126582,20,50,0.50466698,0.02557839132196549,0.488916,0.49617,0.5431775,0.57057395,0.59146102,0.591756,3963.009428514622,3.963009428514622,496.17,248.085,990.7523571286555,54336,52224,106776,sub-physical,0.03125,0.015625,Intel(R) Xeon(R) 6760P,AVX512,"avx2,avx512f,avx512bw,avx512vl,avx512_vnni,avx512_bf16,amx_bf16,amx_int8,amx_tile,fma",True,True,,,,,,256,128,sh14l07002s1404,3.11.9,2.1.2+cu121
20260428_134843,2026-04-28T19:13:52.439004,cpu,pytorch,separator1_grid_search_6ports_learned_dense_hd32_depth3_stages2_share0,/home/liangyi/SRS_AI/Model_AIIC_refactor/experiments_refactored/20260428_054018_default_6port_separator1_learned_dense_v2/separator1_grid_search_6ports_learned_dense_hd32_depth3_stages2_share0,default_6port_separator1_learned_dense_v2,separator1_grid_search_6ports_learned_dense_hd32_depth3_stages2_share0,supervised_nmse_plateau,separator1,12,6,compile,fp32,float32,2,8,ok,,533.756695,20,50,0.49240996,0.01959191228845209,0.478907,0.48696150000000005,0.493971,0.5322207999999998,0.5738031,0.583608,4061.6562670665726,4.061656267066573,486.96150000000006,243.48075000000003,507.7070333833216,54336,52224,106776,sub-physical,0.0625,0.03125,Intel(R) Xeon(R) 6760P,AVX512,"avx2,avx512f,avx512bw,avx512vl,avx512_vnni,avx512_bf16,amx_bf16,amx_int8,amx_tile,fma",True,True,,,,,,256,128,sh14l07002s1404,3.11.9,2.1.2+cu121
20260428_134843,2026-04-28T19:13:52.439004,cpu,pytorch,separator1_grid_search_6ports_learned_dense_hd32_depth3_stages2_share0,/home/liangyi/SRS_AI/Model_AIIC_refactor/experiments_refactored/20260428_054018_default_6port_separator1_learned_dense_v2/separator1_grid_search_6ports_learned_dense_hd32_depth3_stages2_share0,default_6port_separator1_learned_dense_v2,separator1_grid_search_6ports_learned_dense_hd32_depth3_stages2_share0,supervised_nmse_plateau,separator1,12,6,compile,fp32,float32,4,1,ok,,490.651771,20,50,0.49746218,0.022481257326662132,0.482453,0.4898435,0.5288089,0.55553,0.5775214599999999,0.592048,8040.81226838189,8.04081226838189,489.8435,122.460875,8040.81226838189,54336,52224,106776,single-thread,0.0078125,0.00390625,Intel(R) Xeon(R) 6760P,AVX512,"avx2,avx512f,avx512bw,avx512vl,avx512_vnni,avx512_bf16,amx_bf16,amx_int8,amx_tile,fma",True,True,,,,,,256,128,sh14l07002s1404,3.11.9,2.1.2+cu121
20260428_134843,2026-04-28T19:13:52.439004,cpu,pytorch,separator1_grid_search_6ports_learned_dense_hd32_depth3_stages2_share0,/home/liangyi/SRS_AI/Model_AIIC_refactor/experiments_refactored/20260428_054018_default_6port_separator1_learned_dense_v2/separator1_grid_search_6ports_learned_dense_hd32_depth3_stages2_share0,default_6port_separator1_learned_dense_v2,separator1_grid_search_6ports_learned_dense_hd32_depth3_stages2_share0,supervised_nmse_plateau,separator1,12,6,compile,fp32,float32,4,2,ok,,508.512901,20,50,0.50100674,0.02100912427666608,0.483621,0.4948885,0.5083379000000001,0.55831515,0.5755868399999999,0.583713,7983.924527642083,7.983924527642083,494.8885,123.722125,3991.9622638210417,54336,52224,106776,sub-physical,0.015625,0.0078125,Intel(R) Xeon(R) 6760P,AVX512,"avx2,avx512f,avx512bw,avx512vl,avx512_vnni,avx512_bf16,amx_bf16,amx_int8,amx_tile,fma",True,True,,,,,,256,128,sh14l07002s1404,3.11.9,2.1.2+cu121
20260428_134843,2026-04-28T19:13:52.439004,cpu,pytorch,separator1_grid_search_6ports_learned_dense_hd32_depth3_stages2_share0,/home/liangyi/SRS_AI/Model_AIIC_refactor/experiments_refactored/20260428_054018_default_6port_separator1_learned_dense_v2/separator1_grid_search_6ports_learned_dense_hd32_depth3_stages2_share0,default_6port_separator1_learned_dense_v2,separator1_grid_search_6ports_learned_dense_hd32_depth3_stages2_share0,supervised_nmse_plateau,separator1,12,6,compile,fp32,float32,4,4,ok,,510.555271,20,50,0.49337906,0.020130663663585447,0.481914,0.4880115,0.4967273,0.5306551499999999,0.5773452499999999,0.588505,8107.356643794328,8.107356643794327,488.0115,122.002875,2026.839160948582,54336,52224,106776,sub-physical,0.03125,0.015625,Intel(R) Xeon(R) 6760P,AVX512,"avx2,avx512f,avx512bw,avx512vl,avx512_vnni,avx512_bf16,amx_bf16,amx_int8,amx_tile,fma",True,True,,,,,,256,128,sh14l07002s1404,3.11.9,2.1.2+cu121
20260428_134843,2026-04-28T19:13:52.439004,cpu,pytorch,separator1_grid_search_6ports_learned_dense_hd32_depth3_stages2_share0,/home/liangyi/SRS_AI/Model_AIIC_refactor/experiments_refactored/20260428_054018_default_6port_separator1_learned_dense_v2/separator1_grid_search_6ports_learned_dense_hd32_depth3_stages2_share0,default_6port_separator1_learned_dense_v2,separator1_grid_search_6ports_learned_dense_hd32_depth3_stages2_share0,supervised_nmse_plateau,separator1,12,6,compile,fp32,float32,4,8,ok,,539.5735,20,50,0.49779144,0.02318758958163613,0.481289,0.4905505,0.5103472000000001,0.5627840000000001,0.5799239,0.58281,8035.493740109311,8.035493740109311,490.5505,122.637625,1004.4367175136639,54336,52224,106776,sub-physical,0.0625,0.03125,Intel(R) Xeon(R) 6760P,AVX512,"avx2,avx512f,avx512bw,avx512vl,avx512_vnni,avx512_bf16,amx_bf16,amx_int8,amx_tile,fma",True,True,,,,,,256,128,sh14l07002s1404,3.11.9,2.1.2+cu121
20260428_134843,2026-04-28T19:13:52.439004,cpu,pytorch,separator1_grid_search_6ports_learned_dense_hd32_depth3_stages2_share0,/home/liangyi/SRS_AI/Model_AIIC_refactor/experiments_refactored/20260428_054018_default_6port_separator1_learned_dense_v2/separator1_grid_search_6ports_learned_dense_hd32_depth3_stages2_share0,default_6port_separator1_learned_dense_v2,separator1_grid_search_6ports_learned_dense_hd32_depth3_stages2_share0,supervised_nmse_plateau,separator1,12,6,compile,fp32,float32,8,1,ok,,495.851543,20,50,0.5017389,0.021032037355662902,0.491004,0.49646999999999997,0.5042029,0.5424202499999998,0.5892422099999999,0.601772,15944.548050788964,15.944548050788963,496.46999999999997,62.058749999999996,15944.548050788964,54336,52224,106776,single-thread,0.0078125,0.00390625,Intel(R) Xeon(R) 6760P,AVX512,"avx2,avx512f,avx512bw,avx512vl,avx512_vnni,avx512_bf16,amx_bf16,amx_int8,amx_tile,fma",True,True,,,,,,256,128,sh14l07002s1404,3.11.9,2.1.2+cu121
20260428_134843,2026-04-28T19:13:52.439004,cpu,pytorch,separator1_grid_search_6ports_learned_dense_hd32_depth3_stages2_share0,/home/liangyi/SRS_AI/Model_AIIC_refactor/experiments_refactored/20260428_054018_default_6port_separator1_learned_dense_v2/separator1_grid_search_6ports_learned_dense_hd32_depth3_stages2_share0,default_6port_separator1_learned_dense_v2,separator1_grid_search_6ports_learned_dense_hd32_depth3_stages2_share0,supervised_nmse_plateau,separator1,12,6,compile,fp32,float32,8,2,ok,,511.529878,20,50,0.5027368,0.019725688574039685,0.490061,0.497162,0.5079866000000001,0.5532444999999998,0.5784442,0.583256,15912.899155184185,15.912899155184185,497.162,62.14525,7956.449577592092,54336,52224,106776,sub-physical,0.015625,0.0078125,Intel(R) Xeon(R) 6760P,AVX512,"avx2,avx512f,avx512bw,avx512vl,avx512_vnni,avx512_bf16,amx_bf16,amx_int8,amx_tile,fma",True,True,,,,,,256,128,sh14l07002s1404,3.11.9,2.1.2+cu121
20260428_134843,2026-04-28T19:13:52.439004,cpu,pytorch,separator1_grid_search_6ports_learned_dense_hd32_depth3_stages2_share0,/home/liangyi/SRS_AI/Model_AIIC_refactor/experiments_refactored/20260428_054018_default_6port_separator1_learned_dense_v2/separator1_grid_search_6ports_learned_dense_hd32_depth3_stages2_share0,default_6port_separator1_learned_dense_v2,separator1_grid_search_6ports_learned_dense_hd32_depth3_stages2_share0,supervised_nmse_plateau,separator1,12,6,compile,fp32,float32,8,4,ok,,515.892619,20,50,0.50300124,0.028071990337387914,0.486027,0.49141999999999997,0.5530830000000001,0.5704148,0.58833642,0.59801,15904.53335661757,15.90453335661757,491.41999999999996,61.427499999999995,3976.1333391543926,54336,52224,106776,sub-physical,0.03125,0.015625,Intel(R) Xeon(R) 6760P,AVX512,"avx2,avx512f,avx512bw,avx512vl,avx512_vnni,avx512_bf16,amx_bf16,amx_int8,amx_tile,fma",True,True,,,,,,256,128,sh14l07002s1404,3.11.9,2.1.2+cu121
20260428_134843,2026-04-28T19:13:52.439004,cpu,pytorch,separator1_grid_search_6ports_learned_dense_hd32_depth3_stages2_share0,/home/liangyi/SRS_AI/Model_AIIC_refactor/experiments_refactored/20260428_054018_default_6port_separator1_learned_dense_v2/separator1_grid_search_6ports_learned_dense_hd32_depth3_stages2_share0,default_6port_separator1_learned_dense_v2,separator1_grid_search_6ports_learned_dense_hd32_depth3_stages2_share0,supervised_nmse_plateau,separator1,12,6,compile,fp32,float32,8,8,ok,,541.125113,20,50,0.50230272,0.022715190748959165,0.487971,0.49483900000000003,0.531898,0.5656013,0.58168862,0.591519,15926.650765498543,15.926650765498543,494.83900000000006,61.85487500000001,1990.831345687318,54336,52224,106776,sub-physical,0.0625,0.03125,Intel(R) Xeon(R) 6760P,AVX512,"avx2,avx512f,avx512bw,avx512vl,avx512_vnni,avx512_bf16,amx_bf16,amx_int8,amx_tile,fma",True,True,,,,,,256,128,sh14l07002s1404,3.11.9,2.1.2+cu121
20260428_134843,2026-04-28T19:13:52.439004,cpu,pytorch,separator1_grid_search_6ports_learned_dense_hd32_depth3_stages2_share0,/home/liangyi/SRS_AI/Model_AIIC_refactor/experiments_refactored/20260428_054018_default_6port_separator1_learned_dense_v2/separator1_grid_search_6ports_learned_dense_hd32_depth3_stages2_share0,default_6port_separator1_learned_dense_v2,separator1_grid_search_6ports_learned_dense_hd32_depth3_stages2_share0,supervised_nmse_plateau,separator1,12,6,compile,fp32,float32,16,1,ok,,494.892753,20,50,0.51838848,0.014266988199672702,0.506984,0.5154605,0.5205582,0.5319411,0.58147752,0.602573,30864.883417162353,30.864883417162353,515.4605,32.21628125,30864.883417162353,54336,52224,106776,single-thread,0.0078125,0.00390625,Intel(R) Xeon(R) 6760P,AVX512,"avx2,avx512f,avx512bw,avx512vl,avx512_vnni,avx512_bf16,amx_bf16,amx_int8,amx_tile,fma",True,True,,,,,,256,128,sh14l07002s1404,3.11.9,2.1.2+cu121
20260428_134843,2026-04-28T19:13:52.439004,cpu,pytorch,separator1_grid_search_6ports_learned_dense_hd32_depth3_stages2_share0,/home/liangyi/SRS_AI/Model_AIIC_refactor/experiments_refactored/20260428_054018_default_6port_separator1_learned_dense_v2/separator1_grid_search_6ports_learned_dense_hd32_depth3_stages2_share0,default_6port_separator1_learned_dense_v2,separator1_grid_search_6ports_learned_dense_hd32_depth3_stages2_share0,supervised_nmse_plateau,separator1,12,6,compile,fp32,float32,16,2,ok,,502.291723,20,50,0.50931216,0.029719047117537263,0.490658,0.49885650000000004,0.5674574,0.58566775,0.6058351,0.616424,31414.918504989157,31.414918504989156,498.85650000000004,31.178531250000002,15707.459252494578,54336,52224,106776,sub-physical,0.015625,0.0078125,Intel(R) Xeon(R) 6760P,AVX512,"avx2,avx512f,avx512bw,avx512vl,avx512_vnni,avx512_bf16,amx_bf16,amx_int8,amx_tile,fma",True,True,,,,,,256,128,sh14l07002s1404,3.11.9,2.1.2+cu121
20260428_134843,2026-04-28T19:13:52.439004,cpu,pytorch,separator1_grid_search_6ports_learned_dense_hd32_depth3_stages2_share0,/home/liangyi/SRS_AI/Model_AIIC_refactor/experiments_refactored/20260428_054018_default_6port_separator1_learned_dense_v2/separator1_grid_search_6ports_learned_dense_hd32_depth3_stages2_share0,default_6port_separator1_learned_dense_v2,separator1_grid_search_6ports_learned_dense_hd32_depth3_stages2_share0,supervised_nmse_plateau,separator1,12,6,compile,fp32,float32,16,4,ok,,510.724799,20,50,0.51125942,0.013635773494877356,0.502865,0.5079345,0.5135347,0.5195591500000001,0.5723858499999999,0.594208,31295.266892099517,31.295266892099516,507.93449999999996,31.745906249999997,7823.816723024879,54336,52224,106776,sub-physical,0.03125,0.015625,Intel(R) Xeon(R) 6760P,AVX512,"avx2,avx512f,avx512bw,avx512vl,avx512_vnni,avx512_bf16,amx_bf16,amx_int8,amx_tile,fma",True,True,,,,,,256,128,sh14l07002s1404,3.11.9,2.1.2+cu121
20260428_134843,2026-04-28T19:13:52.439004,cpu,pytorch,separator1_grid_search_6ports_learned_dense_hd32_depth3_stages2_share0,/home/liangyi/SRS_AI/Model_AIIC_refactor/experiments_refactored/20260428_054018_default_6port_separator1_learned_dense_v2/separator1_grid_search_6ports_learned_dense_hd32_depth3_stages2_share0,default_6port_separator1_learned_dense_v2,separator1_grid_search_6ports_learned_dense_hd32_depth3_stages2_share0,supervised_nmse_plateau,separator1,12,6,compile,fp32,float32,16,8,ok,,542.335386,20,50,0.5078754,0.020949610665594715,0.495146,0.5027980000000001,0.5086881000000001,0.5527879499999998,0.5913406299999999,0.594042,31503.79010284806,31.503790102848058,502.79800000000006,31.424875000000004,3937.9737628560074,54336,52224,106776,sub-physical,0.0625,0.03125,Intel(R) Xeon(R) 6760P,AVX512,"avx2,avx512f,avx512bw,avx512vl,avx512_vnni,avx512_bf16,amx_bf16,amx_int8,amx_tile,fma",True,True,,,,,,256,128,sh14l07002s1404,3.11.9,2.1.2+cu121
20260428_134843,2026-04-28T19:13:52.439004,cpu,pytorch,separator1_grid_search_6ports_learned_dense_hd32_depth3_stages2_share0,/home/liangyi/SRS_AI/Model_AIIC_refactor/experiments_refactored/20260428_054018_default_6port_separator1_learned_dense_v2/separator1_grid_search_6ports_learned_dense_hd32_depth3_stages2_share0,default_6port_separator1_learned_dense_v2,separator1_grid_search_6ports_learned_dense_hd32_depth3_stages2_share0,supervised_nmse_plateau,separator1,12,6,compile,fp32,float32,32,1,ok,,499.408627,20,50,0.53323264,0.033223670374454416,0.51379,0.5233225,0.5429521,0.62369195,0.65636235,0.672917,60011.33013913026,60.01133013913026,523.3225,16.353828125,60011.33013913026,54336,52224,106776,single-thread,0.0078125,0.00390625,Intel(R) Xeon(R) 6760P,AVX512,"avx2,avx512f,avx512bw,avx512vl,avx512_vnni,avx512_bf16,amx_bf16,amx_int8,amx_tile,fma",True,True,,,,,,256,128,sh14l07002s1404,3.11.9,2.1.2+cu121
20260428_134843,2026-04-28T19:13:52.439004,cpu,pytorch,separator1_grid_search_6ports_learned_dense_hd32_depth3_stages2_share0,/home/liangyi/SRS_AI/Model_AIIC_refactor/experiments_refactored/20260428_054018_default_6port_separator1_learned_dense_v2/separator1_grid_search_6ports_learned_dense_hd32_depth3_stages2_share0,default_6port_separator1_learned_dense_v2,separator1_grid_search_6ports_learned_dense_hd32_depth3_stages2_share0,supervised_nmse_plateau,separator1,12,6,compile,fp32,float32,32,2,ok,,509.602556,20,50,0.53480972,0.02462101677838671,0.518438,0.527941,0.540782,0.59010855,0.63590518,0.64738,59834.3650149066,59.8343650149066,527.941,16.49815625,29917.1825074533,54336,52224,106776,sub-physical,0.015625,0.0078125,Intel(R) Xeon(R) 6760P,AVX512,"avx2,avx512f,avx512bw,avx512vl,avx512_vnni,avx512_bf16,amx_bf16,amx_int8,amx_tile,fma",True,True,,,,,,256,128,sh14l07002s1404,3.11.9,2.1.2+cu121
20260428_134843,2026-04-28T19:13:52.439004,cpu,pytorch,separator1_grid_search_6ports_learned_dense_hd32_depth3_stages2_share0,/home/liangyi/SRS_AI/Model_AIIC_refactor/experiments_refactored/20260428_054018_default_6port_separator1_learned_dense_v2/separator1_grid_search_6ports_learned_dense_hd32_depth3_stages2_share0,default_6port_separator1_learned_dense_v2,separator1_grid_search_6ports_learned_dense_hd32_depth3_stages2_share0,supervised_nmse_plateau,separator1,12,6,compile,fp32,float32,32,4,ok,,515.251261,20,50,0.52167686,0.016368125918393955,0.51104,0.518714,0.5245525999999999,0.5317287,0.594833,0.619529,61340.654442675484,61.340654442675486,518.714,16.2098125,15335.163610668871,54336,52224,106776,sub-physical,0.03125,0.015625,Intel(R) Xeon(R) 6760P,AVX512,"avx2,avx512f,avx512bw,avx512vl,avx512_vnni,avx512_bf16,amx_bf16,amx_int8,amx_tile,fma",True,True,,,,,,256,128,sh14l07002s1404,3.11.9,2.1.2+cu121
20260428_134843,2026-04-28T19:13:52.439004,cpu,pytorch,separator1_grid_search_6ports_learned_dense_hd32_depth3_stages2_share0,/home/liangyi/SRS_AI/Model_AIIC_refactor/experiments_refactored/20260428_054018_default_6port_separator1_learned_dense_v2/separator1_grid_search_6ports_learned_dense_hd32_depth3_stages2_share0,default_6port_separator1_learned_dense_v2,separator1_grid_search_6ports_learned_dense_hd32_depth3_stages2_share0,supervised_nmse_plateau,separator1,12,6,compile,fp32,float32,32,8,ok,,539.656734,20,50,0.51876684,0.004087222520783516,0.512571,0.5183475,0.5242202,0.52608055,0.52882893,0.529487,61684.74453764239,61.684744537642395,518.3475,16.198359375,7710.593067205299,54336,52224,106776,sub-physical,0.0625,0.03125,Intel(R) Xeon(R) 6760P,AVX512,"avx2,avx512f,avx512bw,avx512vl,avx512_vnni,avx512_bf16,amx_bf16,amx_int8,amx_tile,fma",True,True,,,,,,256,128,sh14l07002s1404,3.11.9,2.1.2+cu121
20260428_134843,2026-04-28T19:13:52.439004,cpu,pytorch,separator1_grid_search_6ports_learned_dense_hd32_depth3_stages2_share0,/home/liangyi/SRS_AI/Model_AIIC_refactor/experiments_refactored/20260428_054018_default_6port_separator1_learned_dense_v2/separator1_grid_search_6ports_learned_dense_hd32_depth3_stages2_share0,default_6port_separator1_learned_dense_v2,separator1_grid_search_6ports_learned_dense_hd32_depth3_stages2_share0,supervised_nmse_plateau,separator1,12,6,compile,fp32,float32,64,1,ok,,488.319916,20,50,0.57422054,0.03451769889503645,0.550957,0.5612645,0.6285655,0.65556425,0.69205604,0.695292,111455.43487524847,111.45543487524847,561.2645,8.7697578125,111455.43487524847,54336,52224,106776,single-thread,0.0078125,0.00390625,Intel(R) Xeon(R) 6760P,AVX512,"avx2,avx512f,avx512bw,avx512vl,avx512_vnni,avx512_bf16,amx_bf16,amx_int8,amx_tile,fma",True,True,,,,,,256,128,sh14l07002s1404,3.11.9,2.1.2+cu121
20260428_134843,2026-04-28T19:13:52.439004,cpu,pytorch,separator1_grid_search_6ports_learned_dense_hd32_depth3_stages2_share0,/home/liangyi/SRS_AI/Model_AIIC_refactor/experiments_refactored/20260428_054018_default_6port_separator1_learned_dense_v2/separator1_grid_search_6ports_learned_dense_hd32_depth3_stages2_share0,default_6port_separator1_learned_dense_v2,separator1_grid_search_6ports_learned_dense_hd32_depth3_stages2_share0,supervised_nmse_plateau,separator1,12,6,compile,fp32,float32,64,2,ok,,504.550187,20,50,0.5846334,0.03950022654973006,0.560345,0.5701825,0.6359727,0.6916298,0.71741349,0.727997,109470.31079647518,109.47031079647519,570.1825,8.9091015625,54735.15539823759,54336,52224,106776,sub-physical,0.015625,0.0078125,Intel(R) Xeon(R) 6760P,AVX512,"avx2,avx512f,avx512bw,avx512vl,avx512_vnni,avx512_bf16,amx_bf16,amx_int8,amx_tile,fma",True,True,,,,,,256,128,sh14l07002s1404,3.11.9,2.1.2+cu121
20260428_134843,2026-04-28T19:13:52.439004,cpu,pytorch,separator1_grid_search_6ports_learned_dense_hd32_depth3_stages2_share0,/home/liangyi/SRS_AI/Model_AIIC_refactor/experiments_refactored/20260428_054018_default_6port_separator1_learned_dense_v2/separator1_grid_search_6ports_learned_dense_hd32_depth3_stages2_share0,default_6port_separator1_learned_dense_v2,separator1_grid_search_6ports_learned_dense_hd32_depth3_stages2_share0,supervised_nmse_plateau,separator1,12,6,compile,fp32,float32,64,4,ok,,502.235199,20,50,0.5622834800000001,0.021066147756284254,0.549481,0.5582185,0.5662089,0.5695251,0.6570525499999998,0.691747,113821.59049026301,113.82159049026302,558.2185,8.7221640625,28455.397622565753,54336,52224,106776,sub-physical,0.03125,0.015625,Intel(R) Xeon(R) 6760P,AVX512,"avx2,avx512f,avx512bw,avx512vl,avx512_vnni,avx512_bf16,amx_bf16,amx_int8,amx_tile,fma",True,True,,,,,,256,128,sh14l07002s1404,3.11.9,2.1.2+cu121
20260428_134843,2026-04-28T19:13:52.439004,cpu,pytorch,separator1_grid_search_6ports_learned_dense_hd32_depth3_stages2_share0,/home/liangyi/SRS_AI/Model_AIIC_refactor/experiments_refactored/20260428_054018_default_6port_separator1_learned_dense_v2/separator1_grid_search_6ports_learned_dense_hd32_depth3_stages2_share0,default_6port_separator1_learned_dense_v2,separator1_grid_search_6ports_learned_dense_hd32_depth3_stages2_share0,supervised_nmse_plateau,separator1,12,6,compile,fp32,float32,64,8,ok,,549.893202,20,50,0.5718548,0.03299655064154434,0.552592,0.560756,0.6222301,0.6553085499999999,0.69085361,0.692917,111916.52146663805,111.91652146663805,560.7560000000001,8.761812500000001,13989.565183329756,54336,52224,106776,sub-physical,0.0625,0.03125,Intel(R) Xeon(R) 6760P,AVX512,"avx2,avx512f,avx512bw,avx512vl,avx512_vnni,avx512_bf16,amx_bf16,amx_int8,amx_tile,fma",True,True,,,,,,256,128,sh14l07002s1404,3.11.9,2.1.2+cu121
20260428_134843,2026-04-28T19:13:52.439004,cpu,pytorch,separator1_grid_search_6ports_learned_dense_hd32_depth3_stages2_share0,/home/liangyi/SRS_AI/Model_AIIC_refactor/experiments_refactored/20260428_054018_default_6port_separator1_learned_dense_v2/separator1_grid_search_6ports_learned_dense_hd32_depth3_stages2_share0,default_6port_separator1_learned_dense_v2,separator1_grid_search_6ports_learned_dense_hd32_depth3_stages2_share0,supervised_nmse_plateau,separator1,12,6,compile,fp32,float32,128,1,ok,,493.973495,20,50,0.64276808,0.03708660853884593,0.618182,0.628306,0.6976167,0.7223487,0.77975797,0.779781,199138.7002291713,199.13870022917132,628.306,4.908640625,199138.7002291713,54336,52224,106776,single-thread,0.0078125,0.00390625,Intel(R) Xeon(R) 6760P,AVX512,"avx2,avx512f,avx512bw,avx512vl,avx512_vnni,avx512_bf16,amx_bf16,amx_int8,amx_tile,fma",True,True,,,,,,256,128,sh14l07002s1404,3.11.9,2.1.2+cu121
20260428_134843,2026-04-28T19:13:52.439004,cpu,pytorch,separator1_grid_search_6ports_learned_dense_hd32_depth3_stages2_share0,/home/liangyi/SRS_AI/Model_AIIC_refactor/experiments_refactored/20260428_054018_default_6port_separator1_learned_dense_v2/separator1_grid_search_6ports_learned_dense_hd32_depth3_stages2_share0,default_6port_separator1_learned_dense_v2,separator1_grid_search_6ports_learned_dense_hd32_depth3_stages2_share0,supervised_nmse_plateau,separator1,12,6,compile,fp32,float32,128,2,ok,,501.419005,20,50,0.65438346,0.029387918842415494,0.634776,0.6465425,0.6606847,0.7167068999999999,0.7775413299999999,0.782482,195603.9659070845,195.6039659070845,646.5425,5.05111328125,97801.98295354225,54336,52224,106776,sub-physical,0.015625,0.0078125,Intel(R) Xeon(R) 6760P,AVX512,"avx2,avx512f,avx512bw,avx512vl,avx512_vnni,avx512_bf16,amx_bf16,amx_int8,amx_tile,fma",True,True,,,,,,256,128,sh14l07002s1404,3.11.9,2.1.2+cu121
20260428_134843,2026-04-28T19:13:52.439004,cpu,pytorch,separator1_grid_search_6ports_learned_dense_hd32_depth3_stages2_share0,/home/liangyi/SRS_AI/Model_AIIC_refactor/experiments_refactored/20260428_054018_default_6port_separator1_learned_dense_v2/separator1_grid_search_6ports_learned_dense_hd32_depth3_stages2_share0,default_6port_separator1_learned_dense_v2,separator1_grid_search_6ports_learned_dense_hd32_depth3_stages2_share0,supervised_nmse_plateau,separator1,12,6,compile,fp32,float32,128,4,ok,,508.548578,20,50,0.81974098,0.013472319177469038,0.803461,0.814821,0.8447056,0.8478849,0.85395287,0.855882,156146.884348761,156.146884348761,814.821,6.3657890625,39036.72108719025,54336,52224,106776,sub-physical,0.03125,0.015625,Intel(R) Xeon(R) 6760P,AVX512,"avx2,avx512f,avx512bw,avx512vl,avx512_vnni,avx512_bf16,amx_bf16,amx_int8,amx_tile,fma",True,True,,,,,,256,128,sh14l07002s1404,3.11.9,2.1.2+cu121
20260428_134843,2026-04-28T19:13:52.439004,cpu,pytorch,separator1_grid_search_6ports_learned_dense_hd32_depth3_stages2_share0,/home/liangyi/SRS_AI/Model_AIIC_refactor/experiments_refactored/20260428_054018_default_6port_separator1_learned_dense_v2/separator1_grid_search_6ports_learned_dense_hd32_depth3_stages2_share0,default_6port_separator1_learned_dense_v2,separator1_grid_search_6ports_learned_dense_hd32_depth3_stages2_share0,supervised_nmse_plateau,separator1,12,6,compile,fp32,float32,128,8,ok,,534.411819,20,50,0.65254188,0.0605277517876354,0.618214,0.628781,0.7756261,0.8107751499999999,0.83794956,0.839006,196155.99231730535,196.15599231730536,628.7810000000001,4.9123515625000005,24519.49903966317,54336,52224,106776,sub-physical,0.0625,0.03125,Intel(R) Xeon(R) 6760P,AVX512,"avx2,avx512f,avx512bw,avx512vl,avx512_vnni,avx512_bf16,amx_bf16,amx_int8,amx_tile,fma",True,True,,,,,,256,128,sh14l07002s1404,3.11.9,2.1.2+cu121
20260428_134843,2026-04-28T19:13:52.439004,cpu,pytorch,separator1_grid_search_6ports_learned_dense_hd32_depth3_stages2_share0,/home/liangyi/SRS_AI/Model_AIIC_refactor/experiments_refactored/20260428_054018_default_6port_separator1_learned_dense_v2/separator1_grid_search_6ports_learned_dense_hd32_depth3_stages2_share0,default_6port_separator1_learned_dense_v2,separator1_grid_search_6ports_learned_dense_hd32_depth3_stages2_share0,supervised_nmse_plateau,separator1,12,6,compile,bf16,bfloat16,1,1,ok,,491.598168,20,50,0.49425094,0.012881442385711313,0.483616,0.49054949999999997,0.5005737,0.5293230999999999,0.54154329,0.544718,2023.2637291494073,2.023263729149407,490.54949999999997,490.54949999999997,2023.2637291494073,54336,52224,106776,single-thread,0.0078125,0.00390625,Intel(R) Xeon(R) 6760P,AVX512,"avx2,avx512f,avx512bw,avx512vl,avx512_vnni,avx512_bf16,amx_bf16,amx_int8,amx_tile,fma",True,True,,,,,,256,128,sh14l07002s1404,3.11.9,2.1.2+cu121
20260428_134843,2026-04-28T19:13:52.439004,cpu,pytorch,separator1_grid_search_6ports_learned_dense_hd32_depth3_stages2_share0,/home/liangyi/SRS_AI/Model_AIIC_refactor/experiments_refactored/20260428_054018_default_6port_separator1_learned_dense_v2/separator1_grid_search_6ports_learned_dense_hd32_depth3_stages2_share0,default_6port_separator1_learned_dense_v2,separator1_grid_search_6ports_learned_dense_hd32_depth3_stages2_share0,supervised_nmse_plateau,separator1,12,6,compile,bf16,bfloat16,1,2,ok,,503.966975,20,50,0.49540232,0.01410834532954166,0.48543,0.490735,0.513743,0.5337896,0.54490396,0.545833,2018.5613987435502,2.0185613987435502,490.73499999999996,490.73499999999996,1009.2806993717751,54336,52224,106776,sub-physical,0.015625,0.0078125,Intel(R) Xeon(R) 6760P,AVX512,"avx2,avx512f,avx512bw,avx512vl,avx512_vnni,avx512_bf16,amx_bf16,amx_int8,amx_tile,fma",True,True,,,,,,256,128,sh14l07002s1404,3.11.9,2.1.2+cu121
20260428_134843,2026-04-28T19:13:52.439004,cpu,pytorch,separator1_grid_search_6ports_learned_dense_hd32_depth3_stages2_share0,/home/liangyi/SRS_AI/Model_AIIC_refactor/experiments_refactored/20260428_054018_default_6port_separator1_learned_dense_v2/separator1_grid_search_6ports_learned_dense_hd32_depth3_stages2_share0,default_6port_separator1_learned_dense_v2,separator1_grid_search_6ports_learned_dense_hd32_depth3_stages2_share0,supervised_nmse_plateau,separator1,12,6,compile,bf16,bfloat16,1,4,ok,,519.182435,20,50,0.49223086,0.012378893414211145,0.482092,0.488106,0.49947610000000003,0.5244817,0.53783612,0.538087,2031.5670577826022,2.031567057782602,488.106,488.106,507.89176444565055,54336,52224,106776,sub-physical,0.03125,0.015625,Intel(R) Xeon(R) 6760P,AVX512,"avx2,avx512f,avx512bw,avx512vl,avx512_vnni,avx512_bf16,amx_bf16,amx_int8,amx_tile,fma",True,True,,,,,,256,128,sh14l07002s1404,3.11.9,2.1.2+cu121
20260428_134843,2026-04-28T19:13:52.439004,cpu,pytorch,separator1_grid_search_6ports_learned_dense_hd32_depth3_stages2_share0,/home/liangyi/SRS_AI/Model_AIIC_refactor/experiments_refactored/20260428_054018_default_6port_separator1_learned_dense_v2/separator1_grid_search_6ports_learned_dense_hd32_depth3_stages2_share0,default_6port_separator1_learned_dense_v2,separator1_grid_search_6ports_learned_dense_hd32_depth3_stages2_share0,supervised_nmse_plateau,separator1,12,6,compile,bf16,bfloat16,1,8,ok,,502.179807,20,50,0.502879,0.003169980113502289,0.4973,0.5020279999999999,0.5066756,0.5086286,0.51223221,0.514864,1988.5499295059053,1.9885499295059053,502.0279999999999,502.0279999999999,248.56874118823816,54336,52224,106776,sub-physical,0.0625,0.03125,Intel(R) Xeon(R) 6760P,AVX512,"avx2,avx512f,avx512bw,avx512vl,avx512_vnni,avx512_bf16,amx_bf16,amx_int8,amx_tile,fma",True,True,,,,,,256,128,sh14l07002s1404,3.11.9,2.1.2+cu121
20260428_134843,2026-04-28T19:13:52.439004,cpu,pytorch,separator1_grid_search_6ports_learned_dense_hd32_depth3_stages2_share0,/home/liangyi/SRS_AI/Model_AIIC_refactor/experiments_refactored/20260428_054018_default_6port_separator1_learned_dense_v2/separator1_grid_search_6ports_learned_dense_hd32_depth3_stages2_share0,default_6port_separator1_learned_dense_v2,separator1_grid_search_6ports_learned_dense_hd32_depth3_stages2_share0,supervised_nmse_plateau,separator1,12,6,compile,bf16,bfloat16,2,1,ok,,491.314281,20,50,0.5197118,0.004262911315052185,0.511491,0.5193215,0.5250965,0.52798755,0.5298805799999999,0.53035,3848.286685043519,3.848286685043519,519.3215,259.66075,3848.286685043519,54336,52224,106776,single-thread,0.0078125,0.00390625,Intel(R) Xeon(R) 6760P,AVX512,"avx2,avx512f,avx512bw,avx512vl,avx512_vnni,avx512_bf16,amx_bf16,amx_int8,amx_tile,fma",True,True,,,,,,256,128,sh14l07002s1404,3.11.9,2.1.2+cu121
20260428_134843,2026-04-28T19:13:52.439004,cpu,pytorch,separator1_grid_search_6ports_learned_dense_hd32_depth3_stages2_share0,/home/liangyi/SRS_AI/Model_AIIC_refactor/experiments_refactored/20260428_054018_default_6port_separator1_learned_dense_v2/separator1_grid_search_6ports_learned_dense_hd32_depth3_stages2_share0,default_6port_separator1_learned_dense_v2,separator1_grid_search_6ports_learned_dense_hd32_depth3_stages2_share0,supervised_nmse_plateau,separator1,12,6,compile,bf16,bfloat16,2,2,ok,,507.885682,20,50,0.51952874,0.012822995811915407,0.510556,0.5154365000000001,0.5247304,0.5477391,0.5716997,0.572812,3849.6426588450136,3.8496426588450134,515.4365,257.71825,1924.8213294225068,54336,52224,106776,sub-physical,0.015625,0.0078125,Intel(R) Xeon(R) 6760P,AVX512,"avx2,avx512f,avx512bw,avx512vl,avx512_vnni,avx512_bf16,amx_bf16,amx_int8,amx_tile,fma",True,True,,,,,,256,128,sh14l07002s1404,3.11.9,2.1.2+cu121
20260428_134843,2026-04-28T19:13:52.439004,cpu,pytorch,separator1_grid_search_6ports_learned_dense_hd32_depth3_stages2_share0,/home/liangyi/SRS_AI/Model_AIIC_refactor/experiments_refactored/20260428_054018_default_6port_separator1_learned_dense_v2/separator1_grid_search_6ports_learned_dense_hd32_depth3_stages2_share0,default_6port_separator1_learned_dense_v2,separator1_grid_search_6ports_learned_dense_hd32_depth3_stages2_share0,supervised_nmse_plateau,separator1,12,6,compile,bf16,bfloat16,2,4,ok,,504.094597,20,50,0.53167806,0.014625156012036247,0.522542,0.5267839999999999,0.5407371,0.57327495,0.58182029,0.582251,3761.674875205496,3.761674875205496,526.7839999999999,263.39199999999994,940.418718801374,54336,52224,106776,sub-physical,0.03125,0.015625,Intel(R) Xeon(R) 6760P,AVX512,"avx2,avx512f,avx512bw,avx512vl,avx512_vnni,avx512_bf16,amx_bf16,amx_int8,amx_tile,fma",True,True,,,,,,256,128,sh14l07002s1404,3.11.9,2.1.2+cu121
20260428_134843,2026-04-28T19:13:52.439004,cpu,pytorch,separator1_grid_search_6ports_learned_dense_hd32_depth3_stages2_share0,/home/liangyi/SRS_AI/Model_AIIC_refactor/experiments_refactored/20260428_054018_default_6port_separator1_learned_dense_v2/separator1_grid_search_6ports_learned_dense_hd32_depth3_stages2_share0,default_6port_separator1_learned_dense_v2,separator1_grid_search_6ports_learned_dense_hd32_depth3_stages2_share0,supervised_nmse_plateau,separator1,12,6,compile,bf16,bfloat16,2,8,ok,,503.082747,20,50,0.51728674,0.011464250738377984,0.508703,0.516049,0.5204455,0.52107065,0.5600189399999999,0.594022,3866.3276000463493,3.866327600046349,516.049,258.0245,483.29095000579366,54336,52224,106776,sub-physical,0.0625,0.03125,Intel(R) Xeon(R) 6760P,AVX512,"avx2,avx512f,avx512bw,avx512vl,avx512_vnni,avx512_bf16,amx_bf16,amx_int8,amx_tile,fma",True,True,,,,,,256,128,sh14l07002s1404,3.11.9,2.1.2+cu121
20260428_134843,2026-04-28T19:13:52.439004,cpu,pytorch,separator1_grid_search_6ports_learned_dense_hd32_depth3_stages2_share0,/home/liangyi/SRS_AI/Model_AIIC_refactor/experiments_refactored/20260428_054018_default_6port_separator1_learned_dense_v2/separator1_grid_search_6ports_learned_dense_hd32_depth3_stages2_share0,default_6port_separator1_learned_dense_v2,separator1_grid_search_6ports_learned_dense_hd32_depth3_stages2_share0,supervised_nmse_plateau,separator1,12,6,compile,bf16,bfloat16,4,1,ok,,494.126857,20,50,0.59264134,0.022716207423432288,0.575426,0.5842285,0.6228133,0.64869455,0.66212067,0.673007,6749.444782235407,6.749444782235407,584.2285,146.057125,6749.444782235407,54336,52224,106776,single-thread,0.0078125,0.00390625,Intel(R) Xeon(R) 6760P,AVX512,"avx2,avx512f,avx512bw,avx512vl,avx512_vnni,avx512_bf16,amx_bf16,amx_int8,amx_tile,fma",True,True,,,,,,256,128,sh14l07002s1404,3.11.9,2.1.2+cu121
20260428_134843,2026-04-28T19:13:52.439004,cpu,pytorch,separator1_grid_search_6ports_learned_dense_hd32_depth3_stages2_share0,/home/liangyi/SRS_AI/Model_AIIC_refactor/experiments_refactored/20260428_054018_default_6port_separator1_learned_dense_v2/separator1_grid_search_6ports_learned_dense_hd32_depth3_stages2_share0,default_6port_separator1_learned_dense_v2,separator1_grid_search_6ports_learned_dense_hd32_depth3_stages2_share0,supervised_nmse_plateau,separator1,12,6,compile,bf16,bfloat16,4,2,ok,,504.155302,20,50,0.57784516,0.004670218296225564,0.569302,0.5771815,0.584484,0.58601375,0.5897011799999999,0.58971,6922.269626693766,6.922269626693766,577.1815,144.295375,3461.134813346883,54336,52224,106776,sub-physical,0.015625,0.0078125,Intel(R) Xeon(R) 6760P,AVX512,"avx2,avx512f,avx512bw,avx512vl,avx512_vnni,avx512_bf16,amx_bf16,amx_int8,amx_tile,fma",True,True,,,,,,256,128,sh14l07002s1404,3.11.9,2.1.2+cu121
20260428_134843,2026-04-28T19:13:52.439004,cpu,pytorch,separator1_grid_search_6ports_learned_dense_hd32_depth3_stages2_share0,/home/liangyi/SRS_AI/Model_AIIC_refactor/experiments_refactored/20260428_054018_default_6port_separator1_learned_dense_v2/separator1_grid_search_6ports_learned_dense_hd32_depth3_stages2_share0,default_6port_separator1_learned_dense_v2,separator1_grid_search_6ports_learned_dense_hd32_depth3_stages2_share0,supervised_nmse_plateau,separator1,12,6,compile,bf16,bfloat16,4,4,ok,,502.890028,20,50,0.5919497,0.017744371826863867,0.579385,0.585622,0.6185352,0.64097295,0.64784447,0.649117,6757.330901595185,6.757330901595186,585.622,146.4055,1689.3327253987964,54336,52224,106776,sub-physical,0.03125,0.015625,Intel(R) Xeon(R) 6760P,AVX512,"avx2,avx512f,avx512bw,avx512vl,avx512_vnni,avx512_bf16,amx_bf16,amx_int8,amx_tile,fma",True,True,,,,,,256,128,sh14l07002s1404,3.11.9,2.1.2+cu121
20260428_134843,2026-04-28T19:13:52.439004,cpu,pytorch,separator1_grid_search_6ports_learned_dense_hd32_depth3_stages2_share0,/home/liangyi/SRS_AI/Model_AIIC_refactor/experiments_refactored/20260428_054018_default_6port_separator1_learned_dense_v2/separator1_grid_search_6ports_learned_dense_hd32_depth3_stages2_share0,default_6port_separator1_learned_dense_v2,separator1_grid_search_6ports_learned_dense_hd32_depth3_stages2_share0,supervised_nmse_plateau,separator1,12,6,compile,bf16,bfloat16,4,8,ok,,501.792627,20,50,0.58284148,0.004045234629734103,0.57304,0.5823035,0.5887679,0.58917045,0.59138995,0.593372,6862.929522449226,6.862929522449226,582.3035,145.575875,857.8661903061533,54336,52224,106776,sub-physical,0.0625,0.03125,Intel(R) Xeon(R) 6760P,AVX512,"avx2,avx512f,avx512bw,avx512vl,avx512_vnni,avx512_bf16,amx_bf16,amx_int8,amx_tile,fma",True,True,,,,,,256,128,sh14l07002s1404,3.11.9,2.1.2+cu121
20260428_134843,2026-04-28T19:13:52.439004,cpu,pytorch,separator1_grid_search_6ports_learned_dense_hd32_depth3_stages2_share0,/home/liangyi/SRS_AI/Model_AIIC_refactor/experiments_refactored/20260428_054018_default_6port_separator1_learned_dense_v2/separator1_grid_search_6ports_learned_dense_hd32_depth3_stages2_share0,default_6port_separator1_learned_dense_v2,separator1_grid_search_6ports_learned_dense_hd32_depth3_stages2_share0,supervised_nmse_plateau,separator1,12,6,compile,bf16,bfloat16,8,1,ok,,491.228025,20,50,1.11175606,0.015136981220058368,1.08573,1.110088,1.1315245999999999,1.1338814,1.14891806,1.156026,7195.823155666001,7.195823155666001,1110.088,138.761,7195.823155666001,54336,52224,106776,single-thread,0.0078125,0.00390625,Intel(R) Xeon(R) 6760P,AVX512,"avx2,avx512f,avx512bw,avx512vl,avx512_vnni,avx512_bf16,amx_bf16,amx_int8,amx_tile,fma",True,True,,,,,,256,128,sh14l07002s1404,3.11.9,2.1.2+cu121
20260428_134843,2026-04-28T19:13:52.439004,cpu,pytorch,separator1_grid_search_6ports_learned_dense_hd32_depth3_stages2_share0,/home/liangyi/SRS_AI/Model_AIIC_refactor/experiments_refactored/20260428_054018_default_6port_separator1_learned_dense_v2/separator1_grid_search_6ports_learned_dense_hd32_depth3_stages2_share0,default_6port_separator1_learned_dense_v2,separator1_grid_search_6ports_learned_dense_hd32_depth3_stages2_share0,supervised_nmse_plateau,separator1,12,6,compile,bf16,bfloat16,8,2,ok,,506.173557,20,50,1.14542604,0.012087790903155139,1.119688,1.1461169999999998,1.1621439,1.16467145,1.16718855,1.167485,6984.300793441015,6.984300793441015,1146.1169999999997,143.26462499999997,3492.1503967205076,54336,52224,106776,sub-physical,0.015625,0.0078125,Intel(R) Xeon(R) 6760P,AVX512,"avx2,avx512f,avx512bw,avx512vl,avx512_vnni,avx512_bf16,amx_bf16,amx_int8,amx_tile,fma",True,True,,,,,,256,128,sh14l07002s1404,3.11.9,2.1.2+cu121
20260428_134843,2026-04-28T19:13:52.439004,cpu,pytorch,separator1_grid_search_6ports_learned_dense_hd32_depth3_stages2_share0,/home/liangyi/SRS_AI/Model_AIIC_refactor/experiments_refactored/20260428_054018_default_6port_separator1_learned_dense_v2/separator1_grid_search_6ports_learned_dense_hd32_depth3_stages2_share0,default_6port_separator1_learned_dense_v2,separator1_grid_search_6ports_learned_dense_hd32_depth3_stages2_share0,supervised_nmse_plateau,separator1,12,6,compile,bf16,bfloat16,8,4,ok,,504.486264,20,50,1.18415686,0.030333022959810652,1.156723,1.178432,1.2001610999999999,1.2150066499999999,1.3146352399999999,1.356738,6755.8617191982485,6.755861719198249,1178.432,147.304,1688.9654297995621,54336,52224,106776,sub-physical,0.03125,0.015625,Intel(R) Xeon(R) 6760P,AVX512,"avx2,avx512f,avx512bw,avx512vl,avx512_vnni,avx512_bf16,amx_bf16,amx_int8,amx_tile,fma",True,True,,,,,,256,128,sh14l07002s1404,3.11.9,2.1.2+cu121
20260428_134843,2026-04-28T19:13:52.439004,cpu,pytorch,separator1_grid_search_6ports_learned_dense_hd32_depth3_stages2_share0,/home/liangyi/SRS_AI/Model_AIIC_refactor/experiments_refactored/20260428_054018_default_6port_separator1_learned_dense_v2/separator1_grid_search_6ports_learned_dense_hd32_depth3_stages2_share0,default_6port_separator1_learned_dense_v2,separator1_grid_search_6ports_learned_dense_hd32_depth3_stages2_share0,supervised_nmse_plateau,separator1,12,6,compile,bf16,bfloat16,8,8,ok,,507.842922,20,50,1.17833414,0.01029142508112457,1.157934,1.1792445,1.1911518,1.1955296499999999,1.20221472,1.206072,6789.245705806335,6.7892457058063345,1179.2445,147.4055625,848.6557132257918,54336,52224,106776,sub-physical,0.0625,0.03125,Intel(R) Xeon(R) 6760P,AVX512,"avx2,avx512f,avx512bw,avx512vl,avx512_vnni,avx512_bf16,amx_bf16,amx_int8,amx_tile,fma",True,True,,,,,,256,128,sh14l07002s1404,3.11.9,2.1.2+cu121
20260428_134843,2026-04-28T19:13:52.439004,cpu,pytorch,separator1_grid_search_6ports_learned_dense_hd32_depth3_stages2_share0,/home/liangyi/SRS_AI/Model_AIIC_refactor/experiments_refactored/20260428_054018_default_6port_separator1_learned_dense_v2/separator1_grid_search_6ports_learned_dense_hd32_depth3_stages2_share0,default_6port_separator1_learned_dense_v2,separator1_grid_search_6ports_learned_dense_hd32_depth3_stages2_share0,supervised_nmse_plateau,separator1,12,6,compile,bf16,bfloat16,16,1,ok,,488.839005,20,50,1.42640886,0.046728687292073585,1.383509,1.4056760000000001,1.5092448,1.52898215,1.54817585,1.552407,11216.980242256768,11.216980242256769,1405.6760000000002,87.85475000000001,11216.980242256768,54336,52224,106776,single-thread,0.0078125,0.00390625,Intel(R) Xeon(R) 6760P,AVX512,"avx2,avx512f,avx512bw,avx512vl,avx512_vnni,avx512_bf16,amx_bf16,amx_int8,amx_tile,fma",True,True,,,,,,256,128,sh14l07002s1404,3.11.9,2.1.2+cu121
20260428_134843,2026-04-28T19:13:52.439004,cpu,pytorch,separator1_grid_search_6ports_learned_dense_hd32_depth3_stages2_share0,/home/liangyi/SRS_AI/Model_AIIC_refactor/experiments_refactored/20260428_054018_default_6port_separator1_learned_dense_v2/separator1_grid_search_6ports_learned_dense_hd32_depth3_stages2_share0,default_6port_separator1_learned_dense_v2,separator1_grid_search_6ports_learned_dense_hd32_depth3_stages2_share0,supervised_nmse_plateau,separator1,12,6,compile,bf16,bfloat16,16,2,ok,,507.151755,20,50,1.56132762,0.032802841403079715,1.517628,1.551574,1.5962403,1.6136807,1.6805614,1.70121,10247.689078862259,10.247689078862258,1551.574,96.973375,5123.844539431129,54336,52224,106776,sub-physical,0.015625,0.0078125,Intel(R) Xeon(R) 6760P,AVX512,"avx2,avx512f,avx512bw,avx512vl,avx512_vnni,avx512_bf16,amx_bf16,amx_int8,amx_tile,fma",True,True,,,,,,256,128,sh14l07002s1404,3.11.9,2.1.2+cu121
20260428_134843,2026-04-28T19:13:52.439004,cpu,pytorch,separator1_grid_search_6ports_learned_dense_hd32_depth3_stages2_share0,/home/liangyi/SRS_AI/Model_AIIC_refactor/experiments_refactored/20260428_054018_default_6port_separator1_learned_dense_v2/separator1_grid_search_6ports_learned_dense_hd32_depth3_stages2_share0,default_6port_separator1_learned_dense_v2,separator1_grid_search_6ports_learned_dense_hd32_depth3_stages2_share0,supervised_nmse_plateau,separator1,12,6,compile,bf16,bfloat16,16,4,ok,,506.61917,20,50,1.58584822,0.02175200002876977,1.554292,1.5818195,1.6098103,1.6286021,1.65503287,1.656962,10089.237922151213,10.089237922151213,1581.8194999999998,98.86371874999999,2522.309480537803,54336,52224,106776,sub-physical,0.03125,0.015625,Intel(R) Xeon(R) 6760P,AVX512,"avx2,avx512f,avx512bw,avx512vl,avx512_vnni,avx512_bf16,amx_bf16,amx_int8,amx_tile,fma",True,True,,,,,,256,128,sh14l07002s1404,3.11.9,2.1.2+cu121
20260428_134843,2026-04-28T19:13:52.439004,cpu,pytorch,separator1_grid_search_6ports_learned_dense_hd32_depth3_stages2_share0,/home/liangyi/SRS_AI/Model_AIIC_refactor/experiments_refactored/20260428_054018_default_6port_separator1_learned_dense_v2/separator1_grid_search_6ports_learned_dense_hd32_depth3_stages2_share0,default_6port_separator1_learned_dense_v2,separator1_grid_search_6ports_learned_dense_hd32_depth3_stages2_share0,supervised_nmse_plateau,separator1,12,6,compile,bf16,bfloat16,16,8,ok,,503.064105,20,50,1.64413506,0.03278905679668752,1.593863,1.6331485,1.6746101,1.6841672,1.7492769899999998,1.801731,9731.56061765388,9.73156061765388,1633.1484999999998,102.07178124999999,1216.445077206735,54336,52224,106776,sub-physical,0.0625,0.03125,Intel(R) Xeon(R) 6760P,AVX512,"avx2,avx512f,avx512bw,avx512vl,avx512_vnni,avx512_bf16,amx_bf16,amx_int8,amx_tile,fma",True,True,,,,,,256,128,sh14l07002s1404,3.11.9,2.1.2+cu121
20260428_134843,2026-04-28T19:13:52.439004,cpu,pytorch,separator1_grid_search_6ports_learned_dense_hd32_depth3_stages2_share0,/home/liangyi/SRS_AI/Model_AIIC_refactor/experiments_refactored/20260428_054018_default_6port_separator1_learned_dense_v2/separator1_grid_search_6ports_learned_dense_hd32_depth3_stages2_share0,default_6port_separator1_learned_dense_v2,separator1_grid_search_6ports_learned_dense_hd32_depth3_stages2_share0,supervised_nmse_plateau,separator1,12,6,compile,bf16,bfloat16,32,1,ok,,491.692764,20,50,1.44885426,0.05493966534437937,1.404654,1.425229,1.5532474,1.5699297,1.59402669,1.610108,22086.417442704,22.086417442704,1425.229,44.53840625,22086.417442704,54336,52224,106776,single-thread,0.0078125,0.00390625,Intel(R) Xeon(R) 6760P,AVX512,"avx2,avx512f,avx512bw,avx512vl,avx512_vnni,avx512_bf16,amx_bf16,amx_int8,amx_tile,fma",True,True,,,,,,256,128,sh14l07002s1404,3.11.9,2.1.2+cu121
20260428_134843,2026-04-28T19:13:52.439004,cpu,pytorch,separator1_grid_search_6ports_learned_dense_hd32_depth3_stages2_share0,/home/liangyi/SRS_AI/Model_AIIC_refactor/experiments_refactored/20260428_054018_default_6port_separator1_learned_dense_v2/separator1_grid_search_6ports_learned_dense_hd32_depth3_stages2_share0,default_6port_separator1_learned_dense_v2,separator1_grid_search_6ports_learned_dense_hd32_depth3_stages2_share0,supervised_nmse_plateau,separator1,12,6,compile,bf16,bfloat16,32,2,ok,,503.827431,20,50,1.65534982,0.03697902104744797,1.610256,1.6444605,1.6907216999999999,1.6948174,1.7694091699999999,1.815747,19331.26135235874,19.331261352358737,1644.4605000000001,51.389390625000004,9665.63067617937,54336,52224,106776,sub-physical,0.015625,0.0078125,Intel(R) Xeon(R) 6760P,AVX512,"avx2,avx512f,avx512bw,avx512vl,avx512_vnni,avx512_bf16,amx_bf16,amx_int8,amx_tile,fma",True,True,,,,,,256,128,sh14l07002s1404,3.11.9,2.1.2+cu121
20260428_134843,2026-04-28T19:13:52.439004,cpu,pytorch,separator1_grid_search_6ports_learned_dense_hd32_depth3_stages2_share0,/home/liangyi/SRS_AI/Model_AIIC_refactor/experiments_refactored/20260428_054018_default_6port_separator1_learned_dense_v2/separator1_grid_search_6ports_learned_dense_hd32_depth3_stages2_share0,default_6port_separator1_learned_dense_v2,separator1_grid_search_6ports_learned_dense_hd32_depth3_stages2_share0,supervised_nmse_plateau,separator1,12,6,compile,bf16,bfloat16,32,4,ok,,511.830224,20,50,1.61548708,0.022131289608009745,1.585726,1.6109495,1.6426786999999998,1.6585658,1.68230145,1.682348,19808.26736169255,19.80826736169255,1610.9495,50.342171875,4952.066840423137,54336,52224,106776,sub-physical,0.03125,0.015625,Intel(R) Xeon(R) 6760P,AVX512,"avx2,avx512f,avx512bw,avx512vl,avx512_vnni,avx512_bf16,amx_bf16,amx_int8,amx_tile,fma",True,True,,,,,,256,128,sh14l07002s1404,3.11.9,2.1.2+cu121
20260428_134843,2026-04-28T19:13:52.439004,cpu,pytorch,separator1_grid_search_6ports_learned_dense_hd32_depth3_stages2_share0,/home/liangyi/SRS_AI/Model_AIIC_refactor/experiments_refactored/20260428_054018_default_6port_separator1_learned_dense_v2/separator1_grid_search_6ports_learned_dense_hd32_depth3_stages2_share0,default_6port_separator1_learned_dense_v2,separator1_grid_search_6ports_learned_dense_hd32_depth3_stages2_share0,supervised_nmse_plateau,separator1,12,6,compile,bf16,bfloat16,32,8,ok,,502.282626,20,50,1.72595748,0.02778443439715122,1.657006,1.721126,1.7618357,1.7702477,1.78368705,1.784204,18540.43356850251,18.54043356850251,1721.126,53.7851875,2317.554196062814,54336,52224,106776,sub-physical,0.0625,0.03125,Intel(R) Xeon(R) 6760P,AVX512,"avx2,avx512f,avx512bw,avx512vl,avx512_vnni,avx512_bf16,amx_bf16,amx_int8,amx_tile,fma",True,True,,,,,,256,128,sh14l07002s1404,3.11.9,2.1.2+cu121
20260428_134843,2026-04-28T19:13:52.439004,cpu,pytorch,separator1_grid_search_6ports_learned_dense_hd32_depth3_stages2_share0,/home/liangyi/SRS_AI/Model_AIIC_refactor/experiments_refactored/20260428_054018_default_6port_separator1_learned_dense_v2/separator1_grid_search_6ports_learned_dense_hd32_depth3_stages2_share0,default_6port_separator1_learned_dense_v2,separator1_grid_search_6ports_learned_dense_hd32_depth3_stages2_share0,supervised_nmse_plateau,separator1,12,6,compile,bf16,bfloat16,64,1,ok,,489.328803,20,50,1.48692482,0.05116613629411158,1.445656,1.4675055000000001,1.5929323000000002,1.6046425,1.6162563,1.619456,43041.85331979326,43.04185331979326,1467.5055000000002,22.929773437500003,43041.85331979326,54336,52224,106776,single-thread,0.0078125,0.00390625,Intel(R) Xeon(R) 6760P,AVX512,"avx2,avx512f,avx512bw,avx512vl,avx512_vnni,avx512_bf16,amx_bf16,amx_int8,amx_tile,fma",True,True,,,,,,256,128,sh14l07002s1404,3.11.9,2.1.2+cu121
20260428_134843,2026-04-28T19:13:52.439004,cpu,pytorch,separator1_grid_search_6ports_learned_dense_hd32_depth3_stages2_share0,/home/liangyi/SRS_AI/Model_AIIC_refactor/experiments_refactored/20260428_054018_default_6port_separator1_learned_dense_v2/separator1_grid_search_6ports_learned_dense_hd32_depth3_stages2_share0,default_6port_separator1_learned_dense_v2,separator1_grid_search_6ports_learned_dense_hd32_depth3_stages2_share0,supervised_nmse_plateau,separator1,12,6,compile,bf16,bfloat16,64,2,ok,,511.653431,20,50,1.80757692,0.04882623591465557,1.743817,1.7883825,1.8786042,1.8967386,1.91365762,1.921283,35406.5153697581,35.4065153697581,1788.3825,27.9434765625,17703.25768487905,54336,52224,106776,sub-physical,0.015625,0.0078125,Intel(R) Xeon(R) 6760P,AVX512,"avx2,avx512f,avx512bw,avx512vl,avx512_vnni,avx512_bf16,amx_bf16,amx_int8,amx_tile,fma",True,True,,,,,,256,128,sh14l07002s1404,3.11.9,2.1.2+cu121
20260428_134843,2026-04-28T19:13:52.439004,cpu,pytorch,separator1_grid_search_6ports_learned_dense_hd32_depth3_stages2_share0,/home/liangyi/SRS_AI/Model_AIIC_refactor/experiments_refactored/20260428_054018_default_6port_separator1_learned_dense_v2/separator1_grid_search_6ports_learned_dense_hd32_depth3_stages2_share0,default_6port_separator1_learned_dense_v2,separator1_grid_search_6ports_learned_dense_hd32_depth3_stages2_share0,supervised_nmse_plateau,separator1,12,6,compile,bf16,bfloat16,64,4,ok,,510.569817,20,50,1.85935058,0.047926300442279066,1.793044,1.85366,1.920664,1.93463695,1.96123382,1.96343,34420.620128561226,34.420620128561225,1853.66,28.9634375,8605.155032140307,54336,52224,106776,sub-physical,0.03125,0.015625,Intel(R) Xeon(R) 6760P,AVX512,"avx2,avx512f,avx512bw,avx512vl,avx512_vnni,avx512_bf16,amx_bf16,amx_int8,amx_tile,fma",True,True,,,,,,256,128,sh14l07002s1404,3.11.9,2.1.2+cu121
20260428_134843,2026-04-28T19:13:52.439004,cpu,pytorch,separator1_grid_search_6ports_learned_dense_hd32_depth3_stages2_share0,/home/liangyi/SRS_AI/Model_AIIC_refactor/experiments_refactored/20260428_054018_default_6port_separator1_learned_dense_v2/separator1_grid_search_6ports_learned_dense_hd32_depth3_stages2_share0,default_6port_separator1_learned_dense_v2,separator1_grid_search_6ports_learned_dense_hd32_depth3_stages2_share0,supervised_nmse_plateau,separator1,12,6,compile,bf16,bfloat16,64,8,ok,,505.139285,20,50,1.97397614,0.07403250664053189,1.897039,1.960404,2.0297460000000003,2.0524499,2.2524155999999995,2.395476,32421.87111744927,32.42187111744927,1960.404,30.6313125,4052.733889681159,54336,52224,106776,sub-physical,0.0625,0.03125,Intel(R) Xeon(R) 6760P,AVX512,"avx2,avx512f,avx512bw,avx512vl,avx512_vnni,avx512_bf16,amx_bf16,amx_int8,amx_tile,fma",True,True,,,,,,256,128,sh14l07002s1404,3.11.9,2.1.2+cu121
20260428_134843,2026-04-28T19:13:52.439004,cpu,pytorch,separator1_grid_search_6ports_learned_dense_hd32_depth3_stages2_share0,/home/liangyi/SRS_AI/Model_AIIC_refactor/experiments_refactored/20260428_054018_default_6port_separator1_learned_dense_v2/separator1_grid_search_6ports_learned_dense_hd32_depth3_stages2_share0,default_6port_separator1_learned_dense_v2,separator1_grid_search_6ports_learned_dense_hd32_depth3_stages2_share0,supervised_nmse_plateau,separator1,12,6,compile,bf16,bfloat16,128,1,ok,,492.936407,20,50,1.60924672,0.033550750420245454,1.576043,1.5978375,1.6421176,1.6470833,1.73253894,1.77791,79540.32057930806,79.54032057930806,1597.8375,12.48310546875,79540.32057930806,54336,52224,106776,single-thread,0.0078125,0.00390625,Intel(R) Xeon(R) 6760P,AVX512,"avx2,avx512f,avx512bw,avx512vl,avx512_vnni,avx512_bf16,amx_bf16,amx_int8,amx_tile,fma",True,True,,,,,,256,128,sh14l07002s1404,3.11.9,2.1.2+cu121
20260428_134843,2026-04-28T19:13:52.439004,cpu,pytorch,separator1_grid_search_6ports_learned_dense_hd32_depth3_stages2_share0,/home/liangyi/SRS_AI/Model_AIIC_refactor/experiments_refactored/20260428_054018_default_6port_separator1_learned_dense_v2/separator1_grid_search_6ports_learned_dense_hd32_depth3_stages2_share0,default_6port_separator1_learned_dense_v2,separator1_grid_search_6ports_learned_dense_hd32_depth3_stages2_share0,supervised_nmse_plateau,separator1,12,6,compile,bf16,bfloat16,128,2,ok,,514.07739,20,50,1.9689898000000001,0.04830059626588475,1.899098,1.9703135,2.0319096,2.059638,2.07671809,2.087037,65007.95484059896,65.00795484059896,1970.3135,15.39307421875,32503.97742029948,54336,52224,106776,sub-physical,0.015625,0.0078125,Intel(R) Xeon(R) 6760P,AVX512,"avx2,avx512f,avx512bw,avx512vl,avx512_vnni,avx512_bf16,amx_bf16,amx_int8,amx_tile,fma",True,True,,,,,,256,128,sh14l07002s1404,3.11.9,2.1.2+cu121
20260428_134843,2026-04-28T19:13:52.439004,cpu,pytorch,separator1_grid_search_6ports_learned_dense_hd32_depth3_stages2_share0,/home/liangyi/SRS_AI/Model_AIIC_refactor/experiments_refactored/20260428_054018_default_6port_separator1_learned_dense_v2/separator1_grid_search_6ports_learned_dense_hd32_depth3_stages2_share0,default_6port_separator1_learned_dense_v2,separator1_grid_search_6ports_learned_dense_hd32_depth3_stages2_share0,supervised_nmse_plateau,separator1,12,6,compile,bf16,bfloat16,128,4,ok,,507.069354,20,50,2.00326672,0.05633127208861524,1.897946,2.0023305000000002,2.0822061,2.09405895,2.1045553,2.105697,63895.635424922344,63.89563542492235,2002.3305000000003,15.643207031250002,15973.908856230586,54336,52224,106776,sub-physical,0.03125,0.015625,Intel(R) Xeon(R) 6760P,AVX512,"avx2,avx512f,avx512bw,avx512vl,avx512_vnni,avx512_bf16,amx_bf16,amx_int8,amx_tile,fma",True,True,,,,,,256,128,sh14l07002s1404,3.11.9,2.1.2+cu121
20260428_134843,2026-04-28T19:13:52.439004,cpu,pytorch,separator1_grid_search_6ports_learned_dense_hd32_depth3_stages2_share0,/home/liangyi/SRS_AI/Model_AIIC_refactor/experiments_refactored/20260428_054018_default_6port_separator1_learned_dense_v2/separator1_grid_search_6ports_learned_dense_hd32_depth3_stages2_share0,default_6port_separator1_learned_dense_v2,separator1_grid_search_6ports_learned_dense_hd32_depth3_stages2_share0,supervised_nmse_plateau,separator1,12,6,compile,bf16,bfloat16,128,8,ok,,504.093105,20,50,2.16610318,0.044935238233123925,2.079216,2.1609309999999997,2.2151005,2.2349022499999998,2.30509923,2.311211,59092.29125456526,59.09229125456526,2160.9309999999996,16.882273437499997,7386.536406820657,54336,52224,106776,sub-physical,0.0625,0.03125,Intel(R) Xeon(R) 6760P,AVX512,"avx2,avx512f,avx512bw,avx512vl,avx512_vnni,avx512_bf16,amx_bf16,amx_int8,amx_tile,fma",True,True,,,,,,256,128,sh14l07002s1404,3.11.9,2.1.2+cu121
20260428_134843,2026-04-28T19:13:52.439004,cpu,onnxruntime,separator1_grid_search_6ports_learned_dense_hd32_depth3_stages2_share0,/home/liangyi/SRS_AI/Model_AIIC_refactor/experiments_refactored/20260428_054018_default_6port_separator1_learned_dense_v2/separator1_grid_search_6ports_learned_dense_hd32_depth3_stages2_share0,default_6port_separator1_learned_dense_v2,separator1_grid_search_6ports_learned_dense_hd32_depth3_stages2_share0,supervised_nmse_plateau,separator1,12,6,onnxruntime,fp32,float32,1,1,ok,,13.292601,20,50,0.05149672,0.0011775354099134343,0.049996,0.051415,0.0523946,0.05265905,0.055916679999999996,0.057224,19418.71249275682,19.418712492756818,51.415,51.415,19418.71249275682,54336,52224,106776,single-thread,0.0078125,0.00390625,Intel(R) Xeon(R) 6760P,AVX512,"avx2,avx512f,avx512bw,avx512vl,avx512_vnni,avx512_bf16,amx_bf16,amx_int8,amx_tile,fma",True,True,,1.23.2,CPUExecutionProvider,,,256,128,sh14l07002s1404,3.11.9,2.1.2+cu121
20260428_134843,2026-04-28T19:13:52.439004,cpu,onnxruntime,separator1_grid_search_6ports_learned_dense_hd32_depth3_stages2_share0,/home/liangyi/SRS_AI/Model_AIIC_refactor/experiments_refactored/20260428_054018_default_6port_separator1_learned_dense_v2/separator1_grid_search_6ports_learned_dense_hd32_depth3_stages2_share0,default_6port_separator1_learned_dense_v2,separator1_grid_search_6ports_learned_dense_hd32_depth3_stages2_share0,supervised_nmse_plateau,separator1,12,6,onnxruntime,fp32,float32,1,2,ok,,13.711679,20,50,0.0548683,0.001887812789976803,0.053251,0.054132,0.056080399999999996,0.05918014999999999,0.06194016,0.062487,18225.45987391627,18.225459873916268,54.132,54.132,9112.729936958134,54336,52224,106776,sub-physical,0.015625,0.0078125,Intel(R) Xeon(R) 6760P,AVX512,"avx2,avx512f,avx512bw,avx512vl,avx512_vnni,avx512_bf16,amx_bf16,amx_int8,amx_tile,fma",True,True,,1.23.2,CPUExecutionProvider,,,256,128,sh14l07002s1404,3.11.9,2.1.2+cu121
20260428_134843,2026-04-28T19:13:52.439004,cpu,onnxruntime,separator1_grid_search_6ports_learned_dense_hd32_depth3_stages2_share0,/home/liangyi/SRS_AI/Model_AIIC_refactor/experiments_refactored/20260428_054018_default_6port_separator1_learned_dense_v2/separator1_grid_search_6ports_learned_dense_hd32_depth3_stages2_share0,default_6port_separator1_learned_dense_v2,separator1_grid_search_6ports_learned_dense_hd32_depth3_stages2_share0,supervised_nmse_plateau,separator1,12,6,onnxruntime,fp32,float32,1,4,ok,,14.231466,20,50,0.05446404,0.0018859199236446922,0.052797,0.053878499999999996,0.0554682,0.05791529999999999,0.06188571,0.062974,18360.73857172549,18.36073857172549,53.878499999999995,53.878499999999995,4590.184642931373,54336,52224,106776,sub-physical,0.03125,0.015625,Intel(R) Xeon(R) 6760P,AVX512,"avx2,avx512f,avx512bw,avx512vl,avx512_vnni,avx512_bf16,amx_bf16,amx_int8,amx_tile,fma",True,True,,1.23.2,CPUExecutionProvider,,,256,128,sh14l07002s1404,3.11.9,2.1.2+cu121
20260428_134843,2026-04-28T19:13:52.439004,cpu,onnxruntime,separator1_grid_search_6ports_learned_dense_hd32_depth3_stages2_share0,/home/liangyi/SRS_AI/Model_AIIC_refactor/experiments_refactored/20260428_054018_default_6port_separator1_learned_dense_v2/separator1_grid_search_6ports_learned_dense_hd32_depth3_stages2_share0,default_6port_separator1_learned_dense_v2,separator1_grid_search_6ports_learned_dense_hd32_depth3_stages2_share0,supervised_nmse_plateau,separator1,12,6,onnxruntime,fp32,float32,1,8,ok,,22.06867,20,50,0.05531968,0.00137926179443933,0.053766,0.054904499999999995,0.0564846,0.057245,0.060812229999999995,0.061926,18076.74954012749,18.07674954012749,54.90449999999999,54.90449999999999,2259.5936925159363,54336,52224,106776,sub-physical,0.0625,0.03125,Intel(R) Xeon(R) 6760P,AVX512,"avx2,avx512f,avx512bw,avx512vl,avx512_vnni,avx512_bf16,amx_bf16,amx_int8,amx_tile,fma",True,True,,1.23.2,CPUExecutionProvider,,,256,128,sh14l07002s1404,3.11.9,2.1.2+cu121
20260428_134843,2026-04-28T19:13:52.439004,cpu,onnxruntime,separator1_grid_search_6ports_learned_dense_hd32_depth3_stages2_share0,/home/liangyi/SRS_AI/Model_AIIC_refactor/experiments_refactored/20260428_054018_default_6port_separator1_learned_dense_v2/separator1_grid_search_6ports_learned_dense_hd32_depth3_stages2_share0,default_6port_separator1_learned_dense_v2,separator1_grid_search_6ports_learned_dense_hd32_depth3_stages2_share0,supervised_nmse_plateau,separator1,12,6,onnxruntime,fp32,float32,2,1,ok,,13.441992,20,50,0.05444468,0.0018723050332678163,0.052337,0.053923,0.056051300000000005,0.05908384999999999,0.06063865,0.060695,36734.534944461055,36.73453494446105,53.923,26.9615,36734.534944461055,54336,52224,106776,single-thread,0.0078125,0.00390625,Intel(R) Xeon(R) 6760P,AVX512,"avx2,avx512f,avx512bw,avx512vl,avx512_vnni,avx512_bf16,amx_bf16,amx_int8,amx_tile,fma",True,True,,1.23.2,CPUExecutionProvider,,,256,128,sh14l07002s1404,3.11.9,2.1.2+cu121
20260428_134843,2026-04-28T19:13:52.439004,cpu,onnxruntime,separator1_grid_search_6ports_learned_dense_hd32_depth3_stages2_share0,/home/liangyi/SRS_AI/Model_AIIC_refactor/experiments_refactored/20260428_054018_default_6port_separator1_learned_dense_v2/separator1_grid_search_6ports_learned_dense_hd32_depth3_stages2_share0,default_6port_separator1_learned_dense_v2,separator1_grid_search_6ports_learned_dense_hd32_depth3_stages2_share0,supervised_nmse_plateau,separator1,12,6,onnxruntime,fp32,float32,2,2,ok,,13.82026,20,50,0.05730038,0.002672596818751381,0.054767,0.0566915,0.0589686,0.06086195,0.06810669999999998,0.072453,34903.78248800444,34.903782488004445,56.6915,28.34575,17451.89124400222,54336,52224,106776,sub-physical,0.015625,0.0078125,Intel(R) Xeon(R) 6760P,AVX512,"avx2,avx512f,avx512bw,avx512vl,avx512_vnni,avx512_bf16,amx_bf16,amx_int8,amx_tile,fma",True,True,,1.23.2,CPUExecutionProvider,,,256,128,sh14l07002s1404,3.11.9,2.1.2+cu121
20260428_134843,2026-04-28T19:13:52.439004,cpu,onnxruntime,separator1_grid_search_6ports_learned_dense_hd32_depth3_stages2_share0,/home/liangyi/SRS_AI/Model_AIIC_refactor/experiments_refactored/20260428_054018_default_6port_separator1_learned_dense_v2/separator1_grid_search_6ports_learned_dense_hd32_depth3_stages2_share0,default_6port_separator1_learned_dense_v2,separator1_grid_search_6ports_learned_dense_hd32_depth3_stages2_share0,supervised_nmse_plateau,separator1,12,6,onnxruntime,fp32,float32,2,4,ok,,14.390852,20,50,0.05732826,0.0019595234809514283,0.055304,0.0568655,0.059361500000000005,0.0599762,0.06462119,0.066566,34886.808007080625,34.886808007080624,56.8655,28.43275,8721.702001770156,54336,52224,106776,sub-physical,0.03125,0.015625,Intel(R) Xeon(R) 6760P,AVX512,"avx2,avx512f,avx512bw,avx512vl,avx512_vnni,avx512_bf16,amx_bf16,amx_int8,amx_tile,fma",True,True,,1.23.2,CPUExecutionProvider,,,256,128,sh14l07002s1404,3.11.9,2.1.2+cu121
20260428_134843,2026-04-28T19:13:52.439004,cpu,onnxruntime,separator1_grid_search_6ports_learned_dense_hd32_depth3_stages2_share0,/home/liangyi/SRS_AI/Model_AIIC_refactor/experiments_refactored/20260428_054018_default_6port_separator1_learned_dense_v2/separator1_grid_search_6ports_learned_dense_hd32_depth3_stages2_share0,default_6port_separator1_learned_dense_v2,separator1_grid_search_6ports_learned_dense_hd32_depth3_stages2_share0,supervised_nmse_plateau,separator1,12,6,onnxruntime,fp32,float32,2,8,ok,,15.23123,20,50,0.0566078,0.0028457926417783845,0.054538,0.055524000000000004,0.0576162,0.06234535,0.06756645999999998,0.072097,35330.82013432778,35.33082013432778,55.524,27.762,4416.352516790973,54336,52224,106776,sub-physical,0.0625,0.03125,Intel(R) Xeon(R) 6760P,AVX512,"avx2,avx512f,avx512bw,avx512vl,avx512_vnni,avx512_bf16,amx_bf16,amx_int8,amx_tile,fma",True,True,,1.23.2,CPUExecutionProvider,,,256,128,sh14l07002s1404,3.11.9,2.1.2+cu121
20260428_134843,2026-04-28T19:13:52.439004,cpu,onnxruntime,separator1_grid_search_6ports_learned_dense_hd32_depth3_stages2_share0,/home/liangyi/SRS_AI/Model_AIIC_refactor/experiments_refactored/20260428_054018_default_6port_separator1_learned_dense_v2/separator1_grid_search_6ports_learned_dense_hd32_depth3_stages2_share0,default_6port_separator1_learned_dense_v2,separator1_grid_search_6ports_learned_dense_hd32_depth3_stages2_share0,supervised_nmse_plateau,separator1,12,6,onnxruntime,fp32,float32,4,1,ok,,13.548412,20,50,0.0563247,0.0017806902173033916,0.054798,0.055716,0.057541300000000004,0.06050754999999999,0.06299468999999999,0.063445,71016.80079964918,71.01680079964918,55.716,13.929,71016.80079964918,54336,52224,106776,single-thread,0.0078125,0.00390625,Intel(R) Xeon(R) 6760P,AVX512,"avx2,avx512f,avx512bw,avx512vl,avx512_vnni,avx512_bf16,amx_bf16,amx_int8,amx_tile,fma",True,True,,1.23.2,CPUExecutionProvider,,,256,128,sh14l07002s1404,3.11.9,2.1.2+cu121
20260428_134843,2026-04-28T19:13:52.439004,cpu,onnxruntime,separator1_grid_search_6ports_learned_dense_hd32_depth3_stages2_share0,/home/liangyi/SRS_AI/Model_AIIC_refactor/experiments_refactored/20260428_054018_default_6port_separator1_learned_dense_v2/separator1_grid_search_6ports_learned_dense_hd32_depth3_stages2_share0,default_6port_separator1_learned_dense_v2,separator1_grid_search_6ports_learned_dense_hd32_depth3_stages2_share0,supervised_nmse_plateau,separator1,12,6,onnxruntime,fp32,float32,4,2,ok,,13.603508,20,50,0.05942234,0.0024199113670545875,0.057446,0.058537,0.060430700000000004,0.0644092,0.06908148,0.070428,67314.75064765205,67.31475064765205,58.537,14.63425,33657.375323826025,54336,52224,106776,sub-physical,0.015625,0.0078125,Intel(R) Xeon(R) 6760P,AVX512,"avx2,avx512f,avx512bw,avx512vl,avx512_vnni,avx512_bf16,amx_bf16,amx_int8,amx_tile,fma",True,True,,1.23.2,CPUExecutionProvider,,,256,128,sh14l07002s1404,3.11.9,2.1.2+cu121
20260428_134843,2026-04-28T19:13:52.439004,cpu,onnxruntime,separator1_grid_search_6ports_learned_dense_hd32_depth3_stages2_share0,/home/liangyi/SRS_AI/Model_AIIC_refactor/experiments_refactored/20260428_054018_default_6port_separator1_learned_dense_v2/separator1_grid_search_6ports_learned_dense_hd32_depth3_stages2_share0,default_6port_separator1_learned_dense_v2,separator1_grid_search_6ports_learned_dense_hd32_depth3_stages2_share0,supervised_nmse_plateau,separator1,12,6,onnxruntime,fp32,float32,4,4,ok,,14.147851,20,50,0.06008426,0.002103731663592104,0.058168,0.059356,0.0615654,0.06510475,0.06752124,0.069248,66573.17573687351,66.57317573687351,59.356,14.839,16643.293934218378,54336,52224,106776,sub-physical,0.03125,0.015625,Intel(R) Xeon(R) 6760P,AVX512,"avx2,avx512f,avx512bw,avx512vl,avx512_vnni,avx512_bf16,amx_bf16,amx_int8,amx_tile,fma",True,True,,1.23.2,CPUExecutionProvider,,,256,128,sh14l07002s1404,3.11.9,2.1.2+cu121
20260428_134843,2026-04-28T19:13:52.439004,cpu,onnxruntime,separator1_grid_search_6ports_learned_dense_hd32_depth3_stages2_share0,/home/liangyi/SRS_AI/Model_AIIC_refactor/experiments_refactored/20260428_054018_default_6port_separator1_learned_dense_v2/separator1_grid_search_6ports_learned_dense_hd32_depth3_stages2_share0,default_6port_separator1_learned_dense_v2,separator1_grid_search_6ports_learned_dense_hd32_depth3_stages2_share0,supervised_nmse_plateau,separator1,12,6,onnxruntime,fp32,float32,4,8,ok,,14.855587,20,50,0.05970562,0.001961405158451461,0.057368,0.059426,0.061873700000000004,0.06365069999999999,0.0658082,0.066357,66995.36827521429,66.99536827521429,59.426,14.8565,8374.421034401787,54336,52224,106776,sub-physical,0.0625,0.03125,Intel(R) Xeon(R) 6760P,AVX512,"avx2,avx512f,avx512bw,avx512vl,avx512_vnni,avx512_bf16,amx_bf16,amx_int8,amx_tile,fma",True,True,,1.23.2,CPUExecutionProvider,,,256,128,sh14l07002s1404,3.11.9,2.1.2+cu121
20260428_134843,2026-04-28T19:13:52.439004,cpu,onnxruntime,separator1_grid_search_6ports_learned_dense_hd32_depth3_stages2_share0,/home/liangyi/SRS_AI/Model_AIIC_refactor/experiments_refactored/20260428_054018_default_6port_separator1_learned_dense_v2/separator1_grid_search_6ports_learned_dense_hd32_depth3_stages2_share0,default_6port_separator1_learned_dense_v2,separator1_grid_search_6ports_learned_dense_hd32_depth3_stages2_share0,supervised_nmse_plateau,separator1,12,6,onnxruntime,fp32,float32,8,1,ok,,13.623056,20,50,0.06404374,0.0018715426130334295,0.062014,0.063394,0.0653783,0.06745129999999999,0.07124881999999999,0.071779,124914.62865847621,124.91462865847622,63.394000000000005,7.924250000000001,124914.62865847621,54336,52224,106776,single-thread,0.0078125,0.00390625,Intel(R) Xeon(R) 6760P,AVX512,"avx2,avx512f,avx512bw,avx512vl,avx512_vnni,avx512_bf16,amx_bf16,amx_int8,amx_tile,fma",True,True,,1.23.2,CPUExecutionProvider,,,256,128,sh14l07002s1404,3.11.9,2.1.2+cu121
20260428_134843,2026-04-28T19:13:52.439004,cpu,onnxruntime,separator1_grid_search_6ports_learned_dense_hd32_depth3_stages2_share0,/home/liangyi/SRS_AI/Model_AIIC_refactor/experiments_refactored/20260428_054018_default_6port_separator1_learned_dense_v2/separator1_grid_search_6ports_learned_dense_hd32_depth3_stages2_share0,default_6port_separator1_learned_dense_v2,separator1_grid_search_6ports_learned_dense_hd32_depth3_stages2_share0,supervised_nmse_plateau,separator1,12,6,onnxruntime,fp32,float32,8,2,ok,,13.712157,20,50,0.0681215,0.0022358922089403144,0.065857,0.067714,0.0695158,0.0739008,0.07544073999999999,0.076457,117437.22613271874,117.43722613271875,67.714,8.46425,58718.61306635937,54336,52224,106776,sub-physical,0.015625,0.0078125,Intel(R) Xeon(R) 6760P,AVX512,"avx2,avx512f,avx512bw,avx512vl,avx512_vnni,avx512_bf16,amx_bf16,amx_int8,amx_tile,fma",True,True,,1.23.2,CPUExecutionProvider,,,256,128,sh14l07002s1404,3.11.9,2.1.2+cu121
20260428_134843,2026-04-28T19:13:52.439004,cpu,onnxruntime,separator1_grid_search_6ports_learned_dense_hd32_depth3_stages2_share0,/home/liangyi/SRS_AI/Model_AIIC_refactor/experiments_refactored/20260428_054018_default_6port_separator1_learned_dense_v2/separator1_grid_search_6ports_learned_dense_hd32_depth3_stages2_share0,default_6port_separator1_learned_dense_v2,separator1_grid_search_6ports_learned_dense_hd32_depth3_stages2_share0,supervised_nmse_plateau,separator1,12,6,onnxruntime,fp32,float32,8,4,ok,,14.238149,20,50,0.06766956,0.0020775661930249054,0.065874,0.066894,0.0691874,0.0731038,0.07468395,0.074706,118221.54599497913,118.22154599497912,66.89399999999999,8.361749999999999,29555.38649874478,54336,52224,106776,sub-physical,0.03125,0.015625,Intel(R) Xeon(R) 6760P,AVX512,"avx2,avx512f,avx512bw,avx512vl,avx512_vnni,avx512_bf16,amx_bf16,amx_int8,amx_tile,fma",True,True,,1.23.2,CPUExecutionProvider,,,256,128,sh14l07002s1404,3.11.9,2.1.2+cu121
20260428_134843,2026-04-28T19:13:52.439004,cpu,onnxruntime,separator1_grid_search_6ports_learned_dense_hd32_depth3_stages2_share0,/home/liangyi/SRS_AI/Model_AIIC_refactor/experiments_refactored/20260428_054018_default_6port_separator1_learned_dense_v2/separator1_grid_search_6ports_learned_dense_hd32_depth3_stages2_share0,default_6port_separator1_learned_dense_v2,separator1_grid_search_6ports_learned_dense_hd32_depth3_stages2_share0,supervised_nmse_plateau,separator1,12,6,onnxruntime,fp32,float32,8,8,ok,,14.786324,20,50,0.06747158,0.0023769029184213656,0.065226,0.0663965,0.0701504,0.0723494,0.07553038,0.077313,118568.44022327622,118.56844022327623,66.3965,8.2995625,14821.055027909528,54336,52224,106776,sub-physical,0.0625,0.03125,Intel(R) Xeon(R) 6760P,AVX512,"avx2,avx512f,avx512bw,avx512vl,avx512_vnni,avx512_bf16,amx_bf16,amx_int8,amx_tile,fma",True,True,,1.23.2,CPUExecutionProvider,,,256,128,sh14l07002s1404,3.11.9,2.1.2+cu121
20260428_134843,2026-04-28T19:13:52.439004,cpu,onnxruntime,separator1_grid_search_6ports_learned_dense_hd32_depth3_stages2_share0,/home/liangyi/SRS_AI/Model_AIIC_refactor/experiments_refactored/20260428_054018_default_6port_separator1_learned_dense_v2/separator1_grid_search_6ports_learned_dense_hd32_depth3_stages2_share0,default_6port_separator1_learned_dense_v2,separator1_grid_search_6ports_learned_dense_hd32_depth3_stages2_share0,supervised_nmse_plateau,separator1,12,6,onnxruntime,fp32,float32,16,1,ok,,13.434744,20,50,0.07717204,0.0013742156884565108,0.074851,0.0771645,0.0786858,0.07907165000000001,0.07986347,0.080254,207328.975623814,207.32897562381402,77.1645,4.82278125,207328.975623814,54336,52224,106776,single-thread,0.0078125,0.00390625,Intel(R) Xeon(R) 6760P,AVX512,"avx2,avx512f,avx512bw,avx512vl,avx512_vnni,avx512_bf16,amx_bf16,amx_int8,amx_tile,fma",True,True,,1.23.2,CPUExecutionProvider,,,256,128,sh14l07002s1404,3.11.9,2.1.2+cu121
20260428_134843,2026-04-28T19:13:52.439004,cpu,onnxruntime,separator1_grid_search_6ports_learned_dense_hd32_depth3_stages2_share0,/home/liangyi/SRS_AI/Model_AIIC_refactor/experiments_refactored/20260428_054018_default_6port_separator1_learned_dense_v2/separator1_grid_search_6ports_learned_dense_hd32_depth3_stages2_share0,default_6port_separator1_learned_dense_v2,separator1_grid_search_6ports_learned_dense_hd32_depth3_stages2_share0,supervised_nmse_plateau,separator1,12,6,onnxruntime,fp32,float32,16,2,ok,,13.791271,20,50,0.07977928,0.002843266051849526,0.07683,0.0798985,0.08112549999999999,0.08366119999999999,0.09028046999999997,0.095326,200553.32662816715,200.55332662816716,79.8985,4.99365625,100276.66331408358,54336,52224,106776,sub-physical,0.015625,0.0078125,Intel(R) Xeon(R) 6760P,AVX512,"avx2,avx512f,avx512bw,avx512vl,avx512_vnni,avx512_bf16,amx_bf16,amx_int8,amx_tile,fma",True,True,,1.23.2,CPUExecutionProvider,,,256,128,sh14l07002s1404,3.11.9,2.1.2+cu121
20260428_134843,2026-04-28T19:13:52.439004,cpu,onnxruntime,separator1_grid_search_6ports_learned_dense_hd32_depth3_stages2_share0,/home/liangyi/SRS_AI/Model_AIIC_refactor/experiments_refactored/20260428_054018_default_6port_separator1_learned_dense_v2/separator1_grid_search_6ports_learned_dense_hd32_depth3_stages2_share0,default_6port_separator1_learned_dense_v2,separator1_grid_search_6ports_learned_dense_hd32_depth3_stages2_share0,supervised_nmse_plateau,separator1,12,6,onnxruntime,fp32,float32,16,4,ok,,14.187247,20,50,0.07948518,0.001964400719710721,0.076939,0.07974400000000001,0.080676,0.08341064999999999,0.08578052,0.086051,201295.38613361635,201.29538613361635,79.74400000000001,4.984000000000001,50323.84653340409,54336,52224,106776,sub-physical,0.03125,0.015625,Intel(R) Xeon(R) 6760P,AVX512,"avx2,avx512f,avx512bw,avx512vl,avx512_vnni,avx512_bf16,amx_bf16,amx_int8,amx_tile,fma",True,True,,1.23.2,CPUExecutionProvider,,,256,128,sh14l07002s1404,3.11.9,2.1.2+cu121
20260428_134843,2026-04-28T19:13:52.439004,cpu,onnxruntime,separator1_grid_search_6ports_learned_dense_hd32_depth3_stages2_share0,/home/liangyi/SRS_AI/Model_AIIC_refactor/experiments_refactored/20260428_054018_default_6port_separator1_learned_dense_v2/separator1_grid_search_6ports_learned_dense_hd32_depth3_stages2_share0,default_6port_separator1_learned_dense_v2,separator1_grid_search_6ports_learned_dense_hd32_depth3_stages2_share0,supervised_nmse_plateau,separator1,12,6,onnxruntime,fp32,float32,16,8,ok,,15.07833,20,50,0.0796852,0.002402431576549059,0.07677,0.0791935,0.0817605,0.08554025,0.08695668999999999,0.087652,200790.10907922676,200.79010907922677,79.1935,4.94959375,25098.763634903346,54336,52224,106776,sub-physical,0.0625,0.03125,Intel(R) Xeon(R) 6760P,AVX512,"avx2,avx512f,avx512bw,avx512vl,avx512_vnni,avx512_bf16,amx_bf16,amx_int8,amx_tile,fma",True,True,,1.23.2,CPUExecutionProvider,,,256,128,sh14l07002s1404,3.11.9,2.1.2+cu121
20260428_134843,2026-04-28T19:13:52.439004,cpu,onnxruntime,separator1_grid_search_6ports_learned_dense_hd32_depth3_stages2_share0,/home/liangyi/SRS_AI/Model_AIIC_refactor/experiments_refactored/20260428_054018_default_6port_separator1_learned_dense_v2/separator1_grid_search_6ports_learned_dense_hd32_depth3_stages2_share0,default_6port_separator1_learned_dense_v2,separator1_grid_search_6ports_learned_dense_hd32_depth3_stages2_share0,supervised_nmse_plateau,separator1,12,6,onnxruntime,fp32,float32,32,1,ok,,13.579332,20,50,0.10266188,0.0024811740175973147,0.10028,0.1016845,0.1046748,0.10691529999999999,0.11132276999999999,0.114227,311702.8443274174,311.7028443274174,101.6845,3.177640625,311702.8443274174,54336,52224,106776,single-thread,0.0078125,0.00390625,Intel(R) Xeon(R) 6760P,AVX512,"avx2,avx512f,avx512bw,avx512vl,avx512_vnni,avx512_bf16,amx_bf16,amx_int8,amx_tile,fma",True,True,,1.23.2,CPUExecutionProvider,,,256,128,sh14l07002s1404,3.11.9,2.1.2+cu121
20260428_134843,2026-04-28T19:13:52.439004,cpu,onnxruntime,separator1_grid_search_6ports_learned_dense_hd32_depth3_stages2_share0,/home/liangyi/SRS_AI/Model_AIIC_refactor/experiments_refactored/20260428_054018_default_6port_separator1_learned_dense_v2/separator1_grid_search_6ports_learned_dense_hd32_depth3_stages2_share0,default_6port_separator1_learned_dense_v2,separator1_grid_search_6ports_learned_dense_hd32_depth3_stages2_share0,supervised_nmse_plateau,separator1,12,6,onnxruntime,fp32,float32,32,2,ok,,13.725401,20,50,0.1059521,0.0022654229119526445,0.103044,0.105658,0.10828120000000001,0.1101759,0.11285301,0.11327,302023.2727808132,302.0232727808132,105.658,3.3018125,151011.6363904066,54336,52224,106776,sub-physical,0.015625,0.0078125,Intel(R) Xeon(R) 6760P,AVX512,"avx2,avx512f,avx512bw,avx512vl,avx512_vnni,avx512_bf16,amx_bf16,amx_int8,amx_tile,fma",True,True,,1.23.2,CPUExecutionProvider,,,256,128,sh14l07002s1404,3.11.9,2.1.2+cu121
20260428_134843,2026-04-28T19:13:52.439004,cpu,onnxruntime,separator1_grid_search_6ports_learned_dense_hd32_depth3_stages2_share0,/home/liangyi/SRS_AI/Model_AIIC_refactor/experiments_refactored/20260428_054018_default_6port_separator1_learned_dense_v2/separator1_grid_search_6ports_learned_dense_hd32_depth3_stages2_share0,default_6port_separator1_learned_dense_v2,separator1_grid_search_6ports_learned_dense_hd32_depth3_stages2_share0,supervised_nmse_plateau,separator1,12,6,onnxruntime,fp32,float32,32,4,ok,,14.05671,20,50,0.10487074,0.0026741134965442277,0.101786,0.1045065,0.10785960000000001,0.11051155,0.11377523,0.114399,305137.54360844597,305.137543608446,104.5065,3.265828125,76284.38590211149,54336,52224,106776,sub-physical,0.03125,0.015625,Intel(R) Xeon(R) 6760P,AVX512,"avx2,avx512f,avx512bw,avx512vl,avx512_vnni,avx512_bf16,amx_bf16,amx_int8,amx_tile,fma",True,True,,1.23.2,CPUExecutionProvider,,,256,128,sh14l07002s1404,3.11.9,2.1.2+cu121
20260428_134843,2026-04-28T19:13:52.439004,cpu,onnxruntime,separator1_grid_search_6ports_learned_dense_hd32_depth3_stages2_share0,/home/liangyi/SRS_AI/Model_AIIC_refactor/experiments_refactored/20260428_054018_default_6port_separator1_learned_dense_v2/separator1_grid_search_6ports_learned_dense_hd32_depth3_stages2_share0,default_6port_separator1_learned_dense_v2,separator1_grid_search_6ports_learned_dense_hd32_depth3_stages2_share0,supervised_nmse_plateau,separator1,12,6,onnxruntime,fp32,float32,32,8,ok,,14.685453,20,50,0.10652844,0.0034429060699356882,0.10314,0.105754,0.1097279,0.11193985,0.11885428999999997,0.124087,300389.26694129757,300.3892669412976,105.754,3.3048125,37548.658367662196,54336,52224,106776,sub-physical,0.0625,0.03125,Intel(R) Xeon(R) 6760P,AVX512,"avx2,avx512f,avx512bw,avx512vl,avx512_vnni,avx512_bf16,amx_bf16,amx_int8,amx_tile,fma",True,True,,1.23.2,CPUExecutionProvider,,,256,128,sh14l07002s1404,3.11.9,2.1.2+cu121
20260428_134843,2026-04-28T19:13:52.439004,cpu,onnxruntime,separator1_grid_search_6ports_learned_dense_hd32_depth3_stages2_share0,/home/liangyi/SRS_AI/Model_AIIC_refactor/experiments_refactored/20260428_054018_default_6port_separator1_learned_dense_v2/separator1_grid_search_6ports_learned_dense_hd32_depth3_stages2_share0,default_6port_separator1_learned_dense_v2,separator1_grid_search_6ports_learned_dense_hd32_depth3_stages2_share0,supervised_nmse_plateau,separator1,12,6,onnxruntime,fp32,float32,64,1,ok,,13.574831,20,50,0.144902,0.0021338792374452687,0.141792,0.144208,0.14892550000000002,0.1494462,0.14994532,0.150157,441677.82363252406,441.67782363252405,144.208,2.25325,441677.82363252406,54336,52224,106776,single-thread,0.0078125,0.00390625,Intel(R) Xeon(R) 6760P,AVX512,"avx2,avx512f,avx512bw,avx512vl,avx512_vnni,avx512_bf16,amx_bf16,amx_int8,amx_tile,fma",True,True,,1.23.2,CPUExecutionProvider,,,256,128,sh14l07002s1404,3.11.9,2.1.2+cu121
20260428_134843,2026-04-28T19:13:52.439004,cpu,onnxruntime,separator1_grid_search_6ports_learned_dense_hd32_depth3_stages2_share0,/home/liangyi/SRS_AI/Model_AIIC_refactor/experiments_refactored/20260428_054018_default_6port_separator1_learned_dense_v2/separator1_grid_search_6ports_learned_dense_hd32_depth3_stages2_share0,default_6port_separator1_learned_dense_v2,separator1_grid_search_6ports_learned_dense_hd32_depth3_stages2_share0,supervised_nmse_plateau,separator1,12,6,onnxruntime,fp32,float32,64,2,ok,,13.811079,20,50,0.22752916,0.007389106785965406,0.210125,0.22573500000000002,0.2382594,0.24036305,0.24283285,0.24383,281282.6276860513,281.2826276860513,225.735,3.527109375,140641.31384302565,54336,52224,106776,sub-physical,0.015625,0.0078125,Intel(R) Xeon(R) 6760P,AVX512,"avx2,avx512f,avx512bw,avx512vl,avx512_vnni,avx512_bf16,amx_bf16,amx_int8,amx_tile,fma",True,True,,1.23.2,CPUExecutionProvider,,,256,128,sh14l07002s1404,3.11.9,2.1.2+cu121
20260428_134843,2026-04-28T19:13:52.439004,cpu,onnxruntime,separator1_grid_search_6ports_learned_dense_hd32_depth3_stages2_share0,/home/liangyi/SRS_AI/Model_AIIC_refactor/experiments_refactored/20260428_054018_default_6port_separator1_learned_dense_v2/separator1_grid_search_6ports_learned_dense_hd32_depth3_stages2_share0,default_6port_separator1_learned_dense_v2,separator1_grid_search_6ports_learned_dense_hd32_depth3_stages2_share0,supervised_nmse_plateau,separator1,12,6,onnxruntime,fp32,float32,64,4,ok,,14.272712,20,50,0.23070956,0.007104440372499442,0.217308,0.22980899999999999,0.2392391,0.2436107,0.24658799,0.247396,277405.0628851271,277.4050628851271,229.809,3.590765625,69351.26572128177,54336,52224,106776,sub-physical,0.03125,0.015625,Intel(R) Xeon(R) 6760P,AVX512,"avx2,avx512f,avx512bw,avx512vl,avx512_vnni,avx512_bf16,amx_bf16,amx_int8,amx_tile,fma",True,True,,1.23.2,CPUExecutionProvider,,,256,128,sh14l07002s1404,3.11.9,2.1.2+cu121
20260428_134843,2026-04-28T19:13:52.439004,cpu,onnxruntime,separator1_grid_search_6ports_learned_dense_hd32_depth3_stages2_share0,/home/liangyi/SRS_AI/Model_AIIC_refactor/experiments_refactored/20260428_054018_default_6port_separator1_learned_dense_v2/separator1_grid_search_6ports_learned_dense_hd32_depth3_stages2_share0,default_6port_separator1_learned_dense_v2,separator1_grid_search_6ports_learned_dense_hd32_depth3_stages2_share0,supervised_nmse_plateau,separator1,12,6,onnxruntime,fp32,float32,64,8,ok,,14.54861,20,50,0.2287368,0.008118266125226495,0.215635,0.228178,0.2391894,0.244696,0.24671937,0.247938,279797.5664606657,279.79756646066573,228.178,3.56528125,34974.695807583215,54336,52224,106776,sub-physical,0.0625,0.03125,Intel(R) Xeon(R) 6760P,AVX512,"avx2,avx512f,avx512bw,avx512vl,avx512_vnni,avx512_bf16,amx_bf16,amx_int8,amx_tile,fma",True,True,,1.23.2,CPUExecutionProvider,,,256,128,sh14l07002s1404,3.11.9,2.1.2+cu121
20260428_134843,2026-04-28T19:13:52.439004,cpu,onnxruntime,separator1_grid_search_6ports_learned_dense_hd32_depth3_stages2_share0,/home/liangyi/SRS_AI/Model_AIIC_refactor/experiments_refactored/20260428_054018_default_6port_separator1_learned_dense_v2/separator1_grid_search_6ports_learned_dense_hd32_depth3_stages2_share0,default_6port_separator1_learned_dense_v2,separator1_grid_search_6ports_learned_dense_hd32_depth3_stages2_share0,supervised_nmse_plateau,separator1,12,6,onnxruntime,fp32,float32,128,1,ok,,13.642259,20,50,0.2365886,0.002521358927245387,0.232653,0.23613499999999998,0.23988610000000002,0.24146030000000002,0.24395153,0.245374,541023.5319875936,541.0235319875936,236.135,1.8448046875,541023.5319875936,54336,52224,106776,single-thread,0.0078125,0.00390625,Intel(R) Xeon(R) 6760P,AVX512,"avx2,avx512f,avx512bw,avx512vl,avx512_vnni,avx512_bf16,amx_bf16,amx_int8,amx_tile,fma",True,True,,1.23.2,CPUExecutionProvider,,,256,128,sh14l07002s1404,3.11.9,2.1.2+cu121
20260428_134843,2026-04-28T19:13:52.439004,cpu,onnxruntime,separator1_grid_search_6ports_learned_dense_hd32_depth3_stages2_share0,/home/liangyi/SRS_AI/Model_AIIC_refactor/experiments_refactored/20260428_054018_default_6port_separator1_learned_dense_v2/separator1_grid_search_6ports_learned_dense_hd32_depth3_stages2_share0,default_6port_separator1_learned_dense_v2,separator1_grid_search_6ports_learned_dense_hd32_depth3_stages2_share0,supervised_nmse_plateau,separator1,12,6,onnxruntime,fp32,float32,128,2,ok,,13.77366,20,50,0.50196716,0.04262102109023668,0.423973,0.5038525,0.5425155,0.55779315,0.6066919899999998,0.643662,254996.76114270106,254.99676114270105,503.8525,3.93634765625,127498.38057135053,54336,52224,106776,sub-physical,0.015625,0.0078125,Intel(R) Xeon(R) 6760P,AVX512,"avx2,avx512f,avx512bw,avx512vl,avx512_vnni,avx512_bf16,amx_bf16,amx_int8,amx_tile,fma",True,True,,1.23.2,CPUExecutionProvider,,,256,128,sh14l07002s1404,3.11.9,2.1.2+cu121
20260428_134843,2026-04-28T19:13:52.439004,cpu,onnxruntime,separator1_grid_search_6ports_learned_dense_hd32_depth3_stages2_share0,/home/liangyi/SRS_AI/Model_AIIC_refactor/experiments_refactored/20260428_054018_default_6port_separator1_learned_dense_v2/separator1_grid_search_6ports_learned_dense_hd32_depth3_stages2_share0,default_6port_separator1_learned_dense_v2,separator1_grid_search_6ports_learned_dense_hd32_depth3_stages2_share0,supervised_nmse_plateau,separator1,12,6,onnxruntime,fp32,float32,128,4,ok,,14.145309,20,50,0.5055688,0.01799988105516256,0.471336,0.5013449999999999,0.5297593,0.5329144499999999,0.54906648,0.557959,253180.18042252606,253.18018042252606,501.3449999999999,3.9167578124999993,63295.045105631514,54336,52224,106776,sub-physical,0.03125,0.015625,Intel(R) Xeon(R) 6760P,AVX512,"avx2,avx512f,avx512bw,avx512vl,avx512_vnni,avx512_bf16,amx_bf16,amx_int8,amx_tile,fma",True,True,,1.23.2,CPUExecutionProvider,,,256,128,sh14l07002s1404,3.11.9,2.1.2+cu121
20260428_134843,2026-04-28T19:13:52.439004,cpu,onnxruntime,separator1_grid_search_6ports_learned_dense_hd32_depth3_stages2_share0,/home/liangyi/SRS_AI/Model_AIIC_refactor/experiments_refactored/20260428_054018_default_6port_separator1_learned_dense_v2/separator1_grid_search_6ports_learned_dense_hd32_depth3_stages2_share0,default_6port_separator1_learned_dense_v2,separator1_grid_search_6ports_learned_dense_hd32_depth3_stages2_share0,supervised_nmse_plateau,separator1,12,6,onnxruntime,fp32,float32,128,8,ok,,14.829918,20,50,0.4767579,0.023192365081853985,0.425579,0.4788815,0.5027107000000001,0.5078005,0.52162041,0.522694,268480.08181930496,268.480081819305,478.8815,3.74126171875,33560.01022741312,54336,52224,106776,sub-physical,0.0625,0.03125,Intel(R) Xeon(R) 6760P,AVX512,"avx2,avx512f,avx512bw,avx512vl,avx512_vnni,avx512_bf16,amx_bf16,amx_int8,amx_tile,fma",True,True,,1.23.2,CPUExecutionProvider,,,256,128,sh14l07002s1404,3.11.9,2.1.2+cu121
20260428_134843,2026-04-28T19:13:52.439004,cpu,openvino,separator1_grid_search_6ports_learned_dense_hd32_depth3_stages2_share0,/home/liangyi/SRS_AI/Model_AIIC_refactor/experiments_refactored/20260428_054018_default_6port_separator1_learned_dense_v2/separator1_grid_search_6ports_learned_dense_hd32_depth3_stages2_share0,default_6port_separator1_learned_dense_v2,separator1_grid_search_6ports_learned_dense_hd32_depth3_stages2_share0,supervised_nmse_plateau,separator1,12,6,openvino,fp32,float32,1,1,ok,,307.924436,20,50,0.68473088,0.03697004598192434,0.604826,0.683196,0.7314091,0.7459530999999999,0.76926962,0.771064,1460.4277814957024,1.4604277814957025,683.196,683.196,1460.4277814957024,54336,52224,106776,single-thread,0.0078125,0.00390625,Intel(R) Xeon(R) 6760P,AVX512,"avx2,avx512f,avx512bw,avx512vl,avx512_vnni,avx512_bf16,amx_bf16,amx_int8,amx_tile,fma",True,True,,,,2026.1.0,CPU,256,128,sh14l07002s1404,3.11.9,2.1.2+cu121
20260428_134843,2026-04-28T19:13:52.439004,cpu,openvino,separator1_grid_search_6ports_learned_dense_hd32_depth3_stages2_share0,/home/liangyi/SRS_AI/Model_AIIC_refactor/experiments_refactored/20260428_054018_default_6port_separator1_learned_dense_v2/separator1_grid_search_6ports_learned_dense_hd32_depth3_stages2_share0,default_6port_separator1_learned_dense_v2,separator1_grid_search_6ports_learned_dense_hd32_depth3_stages2_share0,supervised_nmse_plateau,separator1,12,6,openvino,fp32,float32,1,2,ok,,301.15981,20,50,0.64896636,0.04006728272431761,0.578016,0.643143,0.7050038000000001,0.7181473,0.7515162799999999,0.762065,1540.9119203035425,1.5409119203035424,643.143,643.143,770.4559601517713,54336,52224,106776,sub-physical,0.015625,0.0078125,Intel(R) Xeon(R) 6760P,AVX512,"avx2,avx512f,avx512bw,avx512vl,avx512_vnni,avx512_bf16,amx_bf16,amx_int8,amx_tile,fma",True,True,,,,2026.1.0,CPU,256,128,sh14l07002s1404,3.11.9,2.1.2+cu121
20260428_134843,2026-04-28T19:13:52.439004,cpu,openvino,separator1_grid_search_6ports_learned_dense_hd32_depth3_stages2_share0,/home/liangyi/SRS_AI/Model_AIIC_refactor/experiments_refactored/20260428_054018_default_6port_separator1_learned_dense_v2/separator1_grid_search_6ports_learned_dense_hd32_depth3_stages2_share0,default_6port_separator1_learned_dense_v2,separator1_grid_search_6ports_learned_dense_hd32_depth3_stages2_share0,supervised_nmse_plateau,separator1,12,6,openvino,fp32,float32,1,4,ok,,298.132125,20,50,0.66704224,0.06849015411591948,0.549342,0.6608620000000001,0.7257732,0.7514160999999998,0.9224509699999996,1.014839,1499.1554357936914,1.4991554357936914,660.8620000000001,660.8620000000001,374.78885894842284,54336,52224,106776,sub-physical,0.03125,0.015625,Intel(R) Xeon(R) 6760P,AVX512,"avx2,avx512f,avx512bw,avx512vl,avx512_vnni,avx512_bf16,amx_bf16,amx_int8,amx_tile,fma",True,True,,,,2026.1.0,CPU,256,128,sh14l07002s1404,3.11.9,2.1.2+cu121
20260428_134843,2026-04-28T19:13:52.439004,cpu,openvino,separator1_grid_search_6ports_learned_dense_hd32_depth3_stages2_share0,/home/liangyi/SRS_AI/Model_AIIC_refactor/experiments_refactored/20260428_054018_default_6port_separator1_learned_dense_v2/separator1_grid_search_6ports_learned_dense_hd32_depth3_stages2_share0,default_6port_separator1_learned_dense_v2,separator1_grid_search_6ports_learned_dense_hd32_depth3_stages2_share0,supervised_nmse_plateau,separator1,12,6,openvino,fp32,float32,1,8,ok,,298.763912,20,50,0.8240447,1.0710019175947958,0.573763,0.671618,0.7439402,0.79432875,4.687112379999984,8.307986,1213.5264021478447,1.2135264021478447,671.618,671.618,151.6908002684806,54336,52224,106776,sub-physical,0.0625,0.03125,Intel(R) Xeon(R) 6760P,AVX512,"avx2,avx512f,avx512bw,avx512vl,avx512_vnni,avx512_bf16,amx_bf16,amx_int8,amx_tile,fma",True,True,,,,2026.1.0,CPU,256,128,sh14l07002s1404,3.11.9,2.1.2+cu121
20260428_134843,2026-04-28T19:13:52.439004,cpu,openvino,separator1_grid_search_6ports_learned_dense_hd32_depth3_stages2_share0,/home/liangyi/SRS_AI/Model_AIIC_refactor/experiments_refactored/20260428_054018_default_6port_separator1_learned_dense_v2/separator1_grid_search_6ports_learned_dense_hd32_depth3_stages2_share0,default_6port_separator1_learned_dense_v2,separator1_grid_search_6ports_learned_dense_hd32_depth3_stages2_share0,supervised_nmse_plateau,separator1,12,6,openvino,fp32,float32,2,1,ok,,298.383121,20,50,0.95128988,0.06208225548758356,0.849615,0.946257,1.0249145,1.0679226999999998,1.12051401,1.121029,2102.4085739249113,2.102408573924911,946.2570000000001,473.12850000000003,2102.4085739249113,54336,52224,106776,single-thread,0.0078125,0.00390625,Intel(R) Xeon(R) 6760P,AVX512,"avx2,avx512f,avx512bw,avx512vl,avx512_vnni,avx512_bf16,amx_bf16,amx_int8,amx_tile,fma",True,True,,,,2026.1.0,CPU,256,128,sh14l07002s1404,3.11.9,2.1.2+cu121
20260428_134843,2026-04-28T19:13:52.439004,cpu,openvino,separator1_grid_search_6ports_learned_dense_hd32_depth3_stages2_share0,/home/liangyi/SRS_AI/Model_AIIC_refactor/experiments_refactored/20260428_054018_default_6port_separator1_learned_dense_v2/separator1_grid_search_6ports_learned_dense_hd32_depth3_stages2_share0,default_6port_separator1_learned_dense_v2,separator1_grid_search_6ports_learned_dense_hd32_depth3_stages2_share0,supervised_nmse_plateau,separator1,12,6,openvino,fp32,float32,2,2,ok,,299.056187,20,50,0.98424698,0.06345154460546726,0.819084,0.9878644999999999,1.0719922,1.088269,1.12529631,1.141898,2032.0102988784379,2.032010298878438,987.8644999999999,493.93224999999995,1016.0051494392189,54336,52224,106776,sub-physical,0.015625,0.0078125,Intel(R) Xeon(R) 6760P,AVX512,"avx2,avx512f,avx512bw,avx512vl,avx512_vnni,avx512_bf16,amx_bf16,amx_int8,amx_tile,fma",True,True,,,,2026.1.0,CPU,256,128,sh14l07002s1404,3.11.9,2.1.2+cu121
20260428_134843,2026-04-28T19:13:52.439004,cpu,openvino,separator1_grid_search_6ports_learned_dense_hd32_depth3_stages2_share0,/home/liangyi/SRS_AI/Model_AIIC_refactor/experiments_refactored/20260428_054018_default_6port_separator1_learned_dense_v2/separator1_grid_search_6ports_learned_dense_hd32_depth3_stages2_share0,default_6port_separator1_learned_dense_v2,separator1_grid_search_6ports_learned_dense_hd32_depth3_stages2_share0,supervised_nmse_plateau,separator1,12,6,openvino,fp32,float32,2,4,ok,,298.652561,20,50,0.9871369,0.1944166172760189,0.413806,0.984468,1.0636451999999998,1.12816075,1.6920009899999997,1.751805,2026.0614307904002,2.0260614307904,984.468,492.234,506.51535769760005,54336,52224,106776,sub-physical,0.03125,0.015625,Intel(R) Xeon(R) 6760P,AVX512,"avx2,avx512f,avx512bw,avx512vl,avx512_vnni,avx512_bf16,amx_bf16,amx_int8,amx_tile,fma",True,True,,,,2026.1.0,CPU,256,128,sh14l07002s1404,3.11.9,2.1.2+cu121
20260428_134843,2026-04-28T19:13:52.439004,cpu,openvino,separator1_grid_search_6ports_learned_dense_hd32_depth3_stages2_share0,/home/liangyi/SRS_AI/Model_AIIC_refactor/experiments_refactored/20260428_054018_default_6port_separator1_learned_dense_v2/separator1_grid_search_6ports_learned_dense_hd32_depth3_stages2_share0,default_6port_separator1_learned_dense_v2,separator1_grid_search_6ports_learned_dense_hd32_depth3_stages2_share0,supervised_nmse_plateau,separator1,12,6,openvino,fp32,float32,2,8,ok,,299.090626,20,50,0.98144024,0.08339147209794535,0.74053,0.9832715,1.0707001,1.125392,1.1662198899999998,1.180302,2037.821477546101,2.037821477546101,983.2715,491.63575,254.72768469326263,54336,52224,106776,sub-physical,0.0625,0.03125,Intel(R) Xeon(R) 6760P,AVX512,"avx2,avx512f,avx512bw,avx512vl,avx512_vnni,avx512_bf16,amx_bf16,amx_int8,amx_tile,fma",True,True,,,,2026.1.0,CPU,256,128,sh14l07002s1404,3.11.9,2.1.2+cu121
20260428_134843,2026-04-28T19:13:52.439004,cpu,openvino,separator1_grid_search_6ports_learned_dense_hd32_depth3_stages2_share0,/home/liangyi/SRS_AI/Model_AIIC_refactor/experiments_refactored/20260428_054018_default_6port_separator1_learned_dense_v2/separator1_grid_search_6ports_learned_dense_hd32_depth3_stages2_share0,default_6port_separator1_learned_dense_v2,separator1_grid_search_6ports_learned_dense_hd32_depth3_stages2_share0,supervised_nmse_plateau,separator1,12,6,openvino,fp32,float32,4,1,ok,,303.870896,20,50,2.16164168,4.539644047178076,0.979284,1.1143334999999999,1.3781313000000002,7.185164999999992,21.362002609999962,31.314839,1850.445444778804,1.850445444778804,1114.3335,278.583375,1850.445444778804,54336,52224,106776,single-thread,0.0078125,0.00390625,Intel(R) Xeon(R) 6760P,AVX512,"avx2,avx512f,avx512bw,avx512vl,avx512_vnni,avx512_bf16,amx_bf16,amx_int8,amx_tile,fma",True,True,,,,2026.1.0,CPU,256,128,sh14l07002s1404,3.11.9,2.1.2+cu121
20260428_134843,2026-04-28T19:13:52.439004,cpu,openvino,separator1_grid_search_6ports_learned_dense_hd32_depth3_stages2_share0,/home/liangyi/SRS_AI/Model_AIIC_refactor/experiments_refactored/20260428_054018_default_6port_separator1_learned_dense_v2/separator1_grid_search_6ports_learned_dense_hd32_depth3_stages2_share0,default_6port_separator1_learned_dense_v2,separator1_grid_search_6ports_learned_dense_hd32_depth3_stages2_share0,supervised_nmse_plateau,separator1,12,6,openvino,fp32,float32,4,2,ok,,295.530779,20,50,1.10331648,0.09221534301367425,0.931536,1.0836700000000001,1.1990587,1.2828533,1.32858343,1.338478,3625.433021720115,3.625433021720115,1083.67,270.9175,1812.7165108600575,54336,52224,106776,sub-physical,0.015625,0.0078125,Intel(R) Xeon(R) 6760P,AVX512,"avx2,avx512f,avx512bw,avx512vl,avx512_vnni,avx512_bf16,amx_bf16,amx_int8,amx_tile,fma",True,True,,,,2026.1.0,CPU,256,128,sh14l07002s1404,3.11.9,2.1.2+cu121
20260428_134843,2026-04-28T19:13:52.439004,cpu,openvino,separator1_grid_search_6ports_learned_dense_hd32_depth3_stages2_share0,/home/liangyi/SRS_AI/Model_AIIC_refactor/experiments_refactored/20260428_054018_default_6port_separator1_learned_dense_v2/separator1_grid_search_6ports_learned_dense_hd32_depth3_stages2_share0,default_6port_separator1_learned_dense_v2,separator1_grid_search_6ports_learned_dense_hd32_depth3_stages2_share0,supervised_nmse_plateau,separator1,12,6,openvino,fp32,float32,4,4,ok,,297.494275,20,50,1.1333670200000001,0.06990204511070902,0.974389,1.1208475,1.2406300000000001,1.2520786499999998,1.320193,1.322153,3529.3068612495886,3.5293068612495886,1120.8475,280.211875,882.3267153123971,54336,52224,106776,sub-physical,0.03125,0.015625,Intel(R) Xeon(R) 6760P,AVX512,"avx2,avx512f,avx512bw,avx512vl,avx512_vnni,avx512_bf16,amx_bf16,amx_int8,amx_tile,fma",True,True,,,,2026.1.0,CPU,256,128,sh14l07002s1404,3.11.9,2.1.2+cu121
20260428_134843,2026-04-28T19:13:52.439004,cpu,openvino,separator1_grid_search_6ports_learned_dense_hd32_depth3_stages2_share0,/home/liangyi/SRS_AI/Model_AIIC_refactor/experiments_refactored/20260428_054018_default_6port_separator1_learned_dense_v2/separator1_grid_search_6ports_learned_dense_hd32_depth3_stages2_share0,default_6port_separator1_learned_dense_v2,separator1_grid_search_6ports_learned_dense_hd32_depth3_stages2_share0,supervised_nmse_plateau,separator1,12,6,openvino,fp32,float32,4,8,ok,,298.885946,20,50,1.05206976,0.4882538301680617,0.487842,1.0497130000000001,1.4139951000000006,1.8555953499999998,2.8302192499999994,2.935312,3802.02924946726,3.80202924946726,1049.7130000000002,262.42825000000005,475.2536561834075,54336,52224,106776,sub-physical,0.0625,0.03125,Intel(R) Xeon(R) 6760P,AVX512,"avx2,avx512f,avx512bw,avx512vl,avx512_vnni,avx512_bf16,amx_bf16,amx_int8,amx_tile,fma",True,True,,,,2026.1.0,CPU,256,128,sh14l07002s1404,3.11.9,2.1.2+cu121
20260428_134843,2026-04-28T19:13:52.439004,cpu,openvino,separator1_grid_search_6ports_learned_dense_hd32_depth3_stages2_share0,/home/liangyi/SRS_AI/Model_AIIC_refactor/experiments_refactored/20260428_054018_default_6port_separator1_learned_dense_v2/separator1_grid_search_6ports_learned_dense_hd32_depth3_stages2_share0,default_6port_separator1_learned_dense_v2,separator1_grid_search_6ports_learned_dense_hd32_depth3_stages2_share0,supervised_nmse_plateau,separator1,12,6,openvino,fp32,float32,8,1,ok,,297.628836,20,50,1.19900662,0.08627645056002015,0.976097,1.184602,1.3289047999999999,1.3486044,1.39193243,1.418193,6672.190016765712,6.672190016765712,1184.6019999999999,148.07524999999998,6672.190016765712,54336,52224,106776,single-thread,0.0078125,0.00390625,Intel(R) Xeon(R) 6760P,AVX512,"avx2,avx512f,avx512bw,avx512vl,avx512_vnni,avx512_bf16,amx_bf16,amx_int8,amx_tile,fma",True,True,,,,2026.1.0,CPU,256,128,sh14l07002s1404,3.11.9,2.1.2+cu121
20260428_134843,2026-04-28T19:13:52.439004,cpu,openvino,separator1_grid_search_6ports_learned_dense_hd32_depth3_stages2_share0,/home/liangyi/SRS_AI/Model_AIIC_refactor/experiments_refactored/20260428_054018_default_6port_separator1_learned_dense_v2/separator1_grid_search_6ports_learned_dense_hd32_depth3_stages2_share0,default_6port_separator1_learned_dense_v2,separator1_grid_search_6ports_learned_dense_hd32_depth3_stages2_share0,supervised_nmse_plateau,separator1,12,6,openvino,fp32,float32,8,2,ok,,296.047984,20,50,1.25459524,0.16027441635626816,0.93686,1.2522075,1.3748063000000001,1.4271884,1.789304649999999,2.065623,6376.558546483884,6.376558546483884,1252.2075,156.5259375,3188.279273241942,54336,52224,106776,sub-physical,0.015625,0.0078125,Intel(R) Xeon(R) 6760P,AVX512,"avx2,avx512f,avx512bw,avx512vl,avx512_vnni,avx512_bf16,amx_bf16,amx_int8,amx_tile,fma",True,True,,,,2026.1.0,CPU,256,128,sh14l07002s1404,3.11.9,2.1.2+cu121
20260428_134843,2026-04-28T19:13:52.439004,cpu,openvino,separator1_grid_search_6ports_learned_dense_hd32_depth3_stages2_share0,/home/liangyi/SRS_AI/Model_AIIC_refactor/experiments_refactored/20260428_054018_default_6port_separator1_learned_dense_v2/separator1_grid_search_6ports_learned_dense_hd32_depth3_stages2_share0,default_6port_separator1_learned_dense_v2,separator1_grid_search_6ports_learned_dense_hd32_depth3_stages2_share0,supervised_nmse_plateau,separator1,12,6,openvino,fp32,float32,8,4,ok,,296.467463,20,50,1.23044366,0.08186110517299654,1.036039,1.2282775,1.3350422,1.3536665,1.3828612599999999,1.398554,6501.719875577238,6.501719875577238,1228.2775,153.5346875,1625.4299688943095,54336,52224,106776,sub-physical,0.03125,0.015625,Intel(R) Xeon(R) 6760P,AVX512,"avx2,avx512f,avx512bw,avx512vl,avx512_vnni,avx512_bf16,amx_bf16,amx_int8,amx_tile,fma",True,True,,,,2026.1.0,CPU,256,128,sh14l07002s1404,3.11.9,2.1.2+cu121
20260428_134843,2026-04-28T19:13:52.439004,cpu,openvino,separator1_grid_search_6ports_learned_dense_hd32_depth3_stages2_share0,/home/liangyi/SRS_AI/Model_AIIC_refactor/experiments_refactored/20260428_054018_default_6port_separator1_learned_dense_v2/separator1_grid_search_6ports_learned_dense_hd32_depth3_stages2_share0,default_6port_separator1_learned_dense_v2,separator1_grid_search_6ports_learned_dense_hd32_depth3_stages2_share0,supervised_nmse_plateau,separator1,12,6,openvino,fp32,float32,8,8,ok,,300.658116,20,50,1.28239776,0.0857828828724146,1.092447,1.2707695,1.4030585999999998,1.4466356999999999,1.48844587,1.507378,6238.3140781531,6.2383140781531,1270.7695,158.8461875,779.7892597691375,54336,52224,106776,sub-physical,0.0625,0.03125,Intel(R) Xeon(R) 6760P,AVX512,"avx2,avx512f,avx512bw,avx512vl,avx512_vnni,avx512_bf16,amx_bf16,amx_int8,amx_tile,fma",True,True,,,,2026.1.0,CPU,256,128,sh14l07002s1404,3.11.9,2.1.2+cu121
20260428_134843,2026-04-28T19:13:52.439004,cpu,openvino,separator1_grid_search_6ports_learned_dense_hd32_depth3_stages2_share0,/home/liangyi/SRS_AI/Model_AIIC_refactor/experiments_refactored/20260428_054018_default_6port_separator1_learned_dense_v2/separator1_grid_search_6ports_learned_dense_hd32_depth3_stages2_share0,default_6port_separator1_learned_dense_v2,separator1_grid_search_6ports_learned_dense_hd32_depth3_stages2_share0,supervised_nmse_plateau,separator1,12,6,openvino,fp32,float32,16,1,ok,,299.610849,20,50,1.55823104,0.12290451930583514,1.173015,1.5862805,1.6736337,1.73127255,1.79389895,1.810434,10268.05370274231,10.26805370274231,1586.2805,99.14253125,10268.05370274231,54336,52224,106776,single-thread,0.0078125,0.00390625,Intel(R) Xeon(R) 6760P,AVX512,"avx2,avx512f,avx512bw,avx512vl,avx512_vnni,avx512_bf16,amx_bf16,amx_int8,amx_tile,fma",True,True,,,,2026.1.0,CPU,256,128,sh14l07002s1404,3.11.9,2.1.2+cu121
20260428_134843,2026-04-28T19:13:52.439004,cpu,openvino,separator1_grid_search_6ports_learned_dense_hd32_depth3_stages2_share0,/home/liangyi/SRS_AI/Model_AIIC_refactor/experiments_refactored/20260428_054018_default_6port_separator1_learned_dense_v2/separator1_grid_search_6ports_learned_dense_hd32_depth3_stages2_share0,default_6port_separator1_learned_dense_v2,separator1_grid_search_6ports_learned_dense_hd32_depth3_stages2_share0,supervised_nmse_plateau,separator1,12,6,openvino,fp32,float32,16,2,ok,,299.375378,20,50,1.47653688,0.08861984542429309,1.322942,1.4860155000000002,1.5905501000000002,1.60256805,1.6496100200000001,1.652992,10836.166855513964,10.836166855513964,1486.0155000000002,92.87596875000001,5418.083427756982,54336,52224,106776,sub-physical,0.015625,0.0078125,Intel(R) Xeon(R) 6760P,AVX512,"avx2,avx512f,avx512bw,avx512vl,avx512_vnni,avx512_bf16,amx_bf16,amx_int8,amx_tile,fma",True,True,,,,2026.1.0,CPU,256,128,sh14l07002s1404,3.11.9,2.1.2+cu121
20260428_134843,2026-04-28T19:13:52.439004,cpu,openvino,separator1_grid_search_6ports_learned_dense_hd32_depth3_stages2_share0,/home/liangyi/SRS_AI/Model_AIIC_refactor/experiments_refactored/20260428_054018_default_6port_separator1_learned_dense_v2/separator1_grid_search_6ports_learned_dense_hd32_depth3_stages2_share0,default_6port_separator1_learned_dense_v2,separator1_grid_search_6ports_learned_dense_hd32_depth3_stages2_share0,supervised_nmse_plateau,separator1,12,6,openvino,fp32,float32,16,4,ok,,295.361463,20,50,1.52107726,0.08990600562894784,1.325437,1.52744,1.6272302,1.6473406499999999,1.7343855799999999,1.79145,10518.860823677029,10.518860823677029,1527.4399999999998,95.46499999999999,2629.715205919257,54336,52224,106776,sub-physical,0.03125,0.015625,Intel(R) Xeon(R) 6760P,AVX512,"avx2,avx512f,avx512bw,avx512vl,avx512_vnni,avx512_bf16,amx_bf16,amx_int8,amx_tile,fma",True,True,,,,2026.1.0,CPU,256,128,sh14l07002s1404,3.11.9,2.1.2+cu121
20260428_134843,2026-04-28T19:13:52.439004,cpu,openvino,separator1_grid_search_6ports_learned_dense_hd32_depth3_stages2_share0,/home/liangyi/SRS_AI/Model_AIIC_refactor/experiments_refactored/20260428_054018_default_6port_separator1_learned_dense_v2/separator1_grid_search_6ports_learned_dense_hd32_depth3_stages2_share0,default_6port_separator1_learned_dense_v2,separator1_grid_search_6ports_learned_dense_hd32_depth3_stages2_share0,supervised_nmse_plateau,separator1,12,6,openvino,fp32,float32,16,8,ok,,299.418994,20,50,1.53034084,0.09377765709130506,1.321355,1.5298375,1.6377171,1.6630097,1.7858669699999996,1.872228,10455.187224827641,10.455187224827641,1529.8374999999999,95.61484374999999,1306.8984031034552,54336,52224,106776,sub-physical,0.0625,0.03125,Intel(R) Xeon(R) 6760P,AVX512,"avx2,avx512f,avx512bw,avx512vl,avx512_vnni,avx512_bf16,amx_bf16,amx_int8,amx_tile,fma",True,True,,,,2026.1.0,CPU,256,128,sh14l07002s1404,3.11.9,2.1.2+cu121
20260428_134843,2026-04-28T19:13:52.439004,cpu,openvino,separator1_grid_search_6ports_learned_dense_hd32_depth3_stages2_share0,/home/liangyi/SRS_AI/Model_AIIC_refactor/experiments_refactored/20260428_054018_default_6port_separator1_learned_dense_v2/separator1_grid_search_6ports_learned_dense_hd32_depth3_stages2_share0,default_6port_separator1_learned_dense_v2,separator1_grid_search_6ports_learned_dense_hd32_depth3_stages2_share0,supervised_nmse_plateau,separator1,12,6,openvino,fp32,float32,32,1,ok,,296.957786,20,50,2.71738028,0.22443852635544015,1.957247,2.707777,2.9997708000000003,3.0301214,3.07169942,3.073337,11776.04777495478,11.776047774954781,2707.777,84.61803125,11776.04777495478,54336,52224,106776,single-thread,0.0078125,0.00390625,Intel(R) Xeon(R) 6760P,AVX512,"avx2,avx512f,avx512bw,avx512vl,avx512_vnni,avx512_bf16,amx_bf16,amx_int8,amx_tile,fma",True,True,,,,2026.1.0,CPU,256,128,sh14l07002s1404,3.11.9,2.1.2+cu121
20260428_134843,2026-04-28T19:13:52.439004,cpu,openvino,separator1_grid_search_6ports_learned_dense_hd32_depth3_stages2_share0,/home/liangyi/SRS_AI/Model_AIIC_refactor/experiments_refactored/20260428_054018_default_6port_separator1_learned_dense_v2/separator1_grid_search_6ports_learned_dense_hd32_depth3_stages2_share0,default_6port_separator1_learned_dense_v2,separator1_grid_search_6ports_learned_dense_hd32_depth3_stages2_share0,supervised_nmse_plateau,separator1,12,6,openvino,fp32,float32,32,2,ok,,298.246438,20,50,2.58471996,0.17643758836868745,2.07256,2.5808340000000003,2.8198166,2.8775308,2.90262535,2.909576,12380.451459043168,12.380451459043169,2580.8340000000003,80.65106250000001,6190.225729521584,54336,52224,106776,sub-physical,0.015625,0.0078125,Intel(R) Xeon(R) 6760P,AVX512,"avx2,avx512f,avx512bw,avx512vl,avx512_vnni,avx512_bf16,amx_bf16,amx_int8,amx_tile,fma",True,True,,,,2026.1.0,CPU,256,128,sh14l07002s1404,3.11.9,2.1.2+cu121
20260428_134843,2026-04-28T19:13:52.439004,cpu,openvino,separator1_grid_search_6ports_learned_dense_hd32_depth3_stages2_share0,/home/liangyi/SRS_AI/Model_AIIC_refactor/experiments_refactored/20260428_054018_default_6port_separator1_learned_dense_v2/separator1_grid_search_6ports_learned_dense_hd32_depth3_stages2_share0,default_6port_separator1_learned_dense_v2,separator1_grid_search_6ports_learned_dense_hd32_depth3_stages2_share0,supervised_nmse_plateau,separator1,12,6,openvino,fp32,float32,32,4,ok,,291.721149,20,50,2.50207808,0.20003097569245024,2.013775,2.521555,2.6968099,2.74505055,3.11129036,3.170255,12789.369067171556,12.789369067171556,2521.5550000000003,78.79859375000001,3197.342266792889,54336,52224,106776,sub-physical,0.03125,0.015625,Intel(R) Xeon(R) 6760P,AVX512,"avx2,avx512f,avx512bw,avx512vl,avx512_vnni,avx512_bf16,amx_bf16,amx_int8,amx_tile,fma",True,True,,,,2026.1.0,CPU,256,128,sh14l07002s1404,3.11.9,2.1.2+cu121
20260428_134843,2026-04-28T19:13:52.439004,cpu,openvino,separator1_grid_search_6ports_learned_dense_hd32_depth3_stages2_share0,/home/liangyi/SRS_AI/Model_AIIC_refactor/experiments_refactored/20260428_054018_default_6port_separator1_learned_dense_v2/separator1_grid_search_6ports_learned_dense_hd32_depth3_stages2_share0,default_6port_separator1_learned_dense_v2,separator1_grid_search_6ports_learned_dense_hd32_depth3_stages2_share0,supervised_nmse_plateau,separator1,12,6,openvino,fp32,float32,32,8,ok,,297.46,20,50,2.44700998,0.1507281283639507,1.910353,2.456932,2.6129146000000003,2.6660996,2.75721845,2.822631,13077.18409877511,13.07718409877511,2456.9320000000002,76.77912500000001,1634.6480123468887,54336,52224,106776,sub-physical,0.0625,0.03125,Intel(R) Xeon(R) 6760P,AVX512,"avx2,avx512f,avx512bw,avx512vl,avx512_vnni,avx512_bf16,amx_bf16,amx_int8,amx_tile,fma",True,True,,,,2026.1.0,CPU,256,128,sh14l07002s1404,3.11.9,2.1.2+cu121
20260428_134843,2026-04-28T19:13:52.439004,cpu,openvino,separator1_grid_search_6ports_learned_dense_hd32_depth3_stages2_share0,/home/liangyi/SRS_AI/Model_AIIC_refactor/experiments_refactored/20260428_054018_default_6port_separator1_learned_dense_v2/separator1_grid_search_6ports_learned_dense_hd32_depth3_stages2_share0,default_6port_separator1_learned_dense_v2,separator1_grid_search_6ports_learned_dense_hd32_depth3_stages2_share0,supervised_nmse_plateau,separator1,12,6,openvino,fp32,float32,64,1,ok,,297.832823,20,50,3.2955031200000002,0.162072237416979,2.943132,3.268385,3.531517,3.56310635,3.68396008,3.704789,19420.403401104955,19.420403401104956,3268.3849999999998,51.068515624999996,19420.403401104955,54336,52224,106776,single-thread,0.0078125,0.00390625,Intel(R) Xeon(R) 6760P,AVX512,"avx2,avx512f,avx512bw,avx512vl,avx512_vnni,avx512_bf16,amx_bf16,amx_int8,amx_tile,fma",True,True,,,,2026.1.0,CPU,256,128,sh14l07002s1404,3.11.9,2.1.2+cu121
20260428_134843,2026-04-28T19:13:52.439004,cpu,openvino,separator1_grid_search_6ports_learned_dense_hd32_depth3_stages2_share0,/home/liangyi/SRS_AI/Model_AIIC_refactor/experiments_refactored/20260428_054018_default_6port_separator1_learned_dense_v2/separator1_grid_search_6ports_learned_dense_hd32_depth3_stages2_share0,default_6port_separator1_learned_dense_v2,separator1_grid_search_6ports_learned_dense_hd32_depth3_stages2_share0,supervised_nmse_plateau,separator1,12,6,openvino,fp32,float32,64,2,ok,,299.183955,20,50,2.9273737,0.14445213333561396,2.427398,2.9333720000000003,3.0542445,3.1885585499999998,3.25165661,3.291597,21862.599913362617,21.86259991336262,2933.3720000000003,45.833937500000005,10931.299956681309,54336,52224,106776,sub-physical,0.015625,0.0078125,Intel(R) Xeon(R) 6760P,AVX512,"avx2,avx512f,avx512bw,avx512vl,avx512_vnni,avx512_bf16,amx_bf16,amx_int8,amx_tile,fma",True,True,,,,2026.1.0,CPU,256,128,sh14l07002s1404,3.11.9,2.1.2+cu121
20260428_134843,2026-04-28T19:13:52.439004,cpu,openvino,separator1_grid_search_6ports_learned_dense_hd32_depth3_stages2_share0,/home/liangyi/SRS_AI/Model_AIIC_refactor/experiments_refactored/20260428_054018_default_6port_separator1_learned_dense_v2/separator1_grid_search_6ports_learned_dense_hd32_depth3_stages2_share0,default_6port_separator1_learned_dense_v2,separator1_grid_search_6ports_learned_dense_hd32_depth3_stages2_share0,supervised_nmse_plateau,separator1,12,6,openvino,fp32,float32,64,4,ok,,298.820271,20,50,3.25141142,0.19217599176037464,2.926852,3.2575705,3.4972781,3.5139762,3.795065109999999,4.009274,19683.75936872363,19.683759368723628,3257.5705,50.8995390625,4920.939842180907,54336,52224,106776,sub-physical,0.03125,0.015625,Intel(R) Xeon(R) 6760P,AVX512,"avx2,avx512f,avx512bw,avx512vl,avx512_vnni,avx512_bf16,amx_bf16,amx_int8,amx_tile,fma",True,True,,,,2026.1.0,CPU,256,128,sh14l07002s1404,3.11.9,2.1.2+cu121
20260428_134843,2026-04-28T19:13:52.439004,cpu,openvino,separator1_grid_search_6ports_learned_dense_hd32_depth3_stages2_share0,/home/liangyi/SRS_AI/Model_AIIC_refactor/experiments_refactored/20260428_054018_default_6port_separator1_learned_dense_v2/separator1_grid_search_6ports_learned_dense_hd32_depth3_stages2_share0,default_6port_separator1_learned_dense_v2,separator1_grid_search_6ports_learned_dense_hd32_depth3_stages2_share0,supervised_nmse_plateau,separator1,12,6,openvino,fp32,float32,64,8,ok,,296.892462,20,50,3.17745106,0.1685027652726696,2.86565,3.150257,3.3708421,3.47614535,3.6231070999999995,3.67466,20141.930997986794,20.141930997986794,3150.257,49.222765625,2517.7413747483492,54336,52224,106776,sub-physical,0.0625,0.03125,Intel(R) Xeon(R) 6760P,AVX512,"avx2,avx512f,avx512bw,avx512vl,avx512_vnni,avx512_bf16,amx_bf16,amx_int8,amx_tile,fma",True,True,,,,2026.1.0,CPU,256,128,sh14l07002s1404,3.11.9,2.1.2+cu121
20260428_134843,2026-04-28T19:13:52.439004,cpu,openvino,separator1_grid_search_6ports_learned_dense_hd32_depth3_stages2_share0,/home/liangyi/SRS_AI/Model_AIIC_refactor/experiments_refactored/20260428_054018_default_6port_separator1_learned_dense_v2/separator1_grid_search_6ports_learned_dense_hd32_depth3_stages2_share0,default_6port_separator1_learned_dense_v2,separator1_grid_search_6ports_learned_dense_hd32_depth3_stages2_share0,supervised_nmse_plateau,separator1,12,6,openvino,fp32,float32,128,1,ok,,296.816429,20,50,3.15195286,0.18943185128251372,2.419299,3.192204,3.3281537,3.37333275,3.43441963,3.445157,40609.744398271236,40.60974439827124,3192.2039999999997,24.939093749999998,40609.744398271236,54336,52224,106776,single-thread,0.0078125,0.00390625,Intel(R) Xeon(R) 6760P,AVX512,"avx2,avx512f,avx512bw,avx512vl,avx512_vnni,avx512_bf16,amx_bf16,amx_int8,amx_tile,fma",True,True,,,,2026.1.0,CPU,256,128,sh14l07002s1404,3.11.9,2.1.2+cu121
20260428_134843,2026-04-28T19:13:52.439004,cpu,openvino,separator1_grid_search_6ports_learned_dense_hd32_depth3_stages2_share0,/home/liangyi/SRS_AI/Model_AIIC_refactor/experiments_refactored/20260428_054018_default_6port_separator1_learned_dense_v2/separator1_grid_search_6ports_learned_dense_hd32_depth3_stages2_share0,default_6port_separator1_learned_dense_v2,separator1_grid_search_6ports_learned_dense_hd32_depth3_stages2_share0,supervised_nmse_plateau,separator1,12,6,openvino,fp32,float32,128,2,ok,,298.948596,20,50,3.29778948,0.1580256617881083,3.003206,3.32675,3.4992766,3.5624244999999997,3.62195778,3.634246,38813.878440779066,38.813878440779064,3326.75,25.990234375,19406.939220389533,54336,52224,106776,sub-physical,0.015625,0.0078125,Intel(R) Xeon(R) 6760P,AVX512,"avx2,avx512f,avx512bw,avx512vl,avx512_vnni,avx512_bf16,amx_bf16,amx_int8,amx_tile,fma",True,True,,,,2026.1.0,CPU,256,128,sh14l07002s1404,3.11.9,2.1.2+cu121
20260428_134843,2026-04-28T19:13:52.439004,cpu,openvino,separator1_grid_search_6ports_learned_dense_hd32_depth3_stages2_share0,/home/liangyi/SRS_AI/Model_AIIC_refactor/experiments_refactored/20260428_054018_default_6port_separator1_learned_dense_v2/separator1_grid_search_6ports_learned_dense_hd32_depth3_stages2_share0,default_6port_separator1_learned_dense_v2,separator1_grid_search_6ports_learned_dense_hd32_depth3_stages2_share0,supervised_nmse_plateau,separator1,12,6,openvino,fp32,float32,128,4,ok,,298.751631,20,50,3.30403906,0.23034212833994655,2.39016,3.333132,3.5451688000000003,3.5905405999999997,3.6731887,3.70522,38740.46210579605,38.74046210579605,3333.132,26.04009375,9685.115526449012,54336,52224,106776,sub-physical,0.03125,0.015625,Intel(R) Xeon(R) 6760P,AVX512,"avx2,avx512f,avx512bw,avx512vl,avx512_vnni,avx512_bf16,amx_bf16,amx_int8,amx_tile,fma",True,True,,,,2026.1.0,CPU,256,128,sh14l07002s1404,3.11.9,2.1.2+cu121
20260428_134843,2026-04-28T19:13:52.439004,cpu,openvino,separator1_grid_search_6ports_learned_dense_hd32_depth3_stages2_share0,/home/liangyi/SRS_AI/Model_AIIC_refactor/experiments_refactored/20260428_054018_default_6port_separator1_learned_dense_v2/separator1_grid_search_6ports_learned_dense_hd32_depth3_stages2_share0,default_6port_separator1_learned_dense_v2,separator1_grid_search_6ports_learned_dense_hd32_depth3_stages2_share0,supervised_nmse_plateau,separator1,12,6,openvino,fp32,float32,128,8,ok,,298.819124,20,50,3.195975,0.17546807458611952,2.898661,3.1859219999999997,3.3683005,3.5101084,3.6774856799999993,3.794727,40050.37586339068,40.05037586339068,3185.9219999999996,24.890015624999997,5006.296982923835,54336,52224,106776,sub-physical,0.0625,0.03125,Intel(R) Xeon(R) 6760P,AVX512,"avx2,avx512f,avx512bw,avx512vl,avx512_vnni,avx512_bf16,amx_bf16,amx_int8,amx_tile,fma",True,True,,,,2026.1.0,CPU,256,128,sh14l07002s1404,3.11.9,2.1.2+cu121
