benchmark_id,timestamp,device,runtime_backend,run_name,run_dir,experiment_name,model_label,training_label,model_type,seq_len,num_ports,execution_mode,requested_precision_profile,effective_execution_dtype,batch_size,num_threads,status,skip_reason,graph_prep_time_ms,warmup_iters,measure_iters,mean_latency_ms,std_latency_ms,min_latency_ms,p50_latency_ms,p90_latency_ms,p95_latency_ms,p99_latency_ms,max_latency_ms,throughput_samples_per_sec,samples_per_ms,p50_latency_us,latency_per_sample_us,throughput_per_thread,trainable_parameters,macs_per_sample,flops_per_sample_estimate,thread_group,threads_per_physical_core_ratio,threads_per_logical_cpu_ratio,cpu_model_name,cpu_capability,cpu_flag_summary,mkldnn_available,mkldnn_enabled,onednn_version,onnxruntime_version,onnxruntime_providers,openvino_version,openvino_device,logical_cpu_count,physical_cpu_count,hostname,python_version,pytorch_version
20260428_134843,2026-04-28T19:13:46.814586,cpu,pytorch,separator1_grid_search_6ports_learned_dense_hd128_depth3_stages2_share1,/home/liangyi/SRS_AI/Model_AIIC_refactor/experiments_refactored/20260428_054018_default_6port_separator1_learned_dense_v2/separator1_grid_search_6ports_learned_dense_hd128_depth3_stages2_share1,default_6port_separator1_learned_dense_v2,separator1_grid_search_6ports_learned_dense_hd128_depth3_stages2_share1,supervised_nmse_plateau,separator1,12,6,eager,fp32,float32,1,1,ok,,0.0,20,50,0.6613726,0.012630816466088008,0.64687,0.659342,0.6767333999999999,0.6903046,0.7016694099999999,0.703772,1512.006998777996,1.5120069987779958,659.342,659.342,1512.006998777996,255264,503808,1014552,single-thread,0.0078125,0.00390625,Intel(R) Xeon(R) 6760P,AVX512,"avx2,avx512f,avx512bw,avx512vl,avx512_vnni,avx512_bf16,amx_bf16,amx_int8,amx_tile,fma",True,True,,,,,,256,128,sh14l07002s1404,3.11.9,2.1.2+cu121
20260428_134843,2026-04-28T19:13:46.814586,cpu,pytorch,separator1_grid_search_6ports_learned_dense_hd128_depth3_stages2_share1,/home/liangyi/SRS_AI/Model_AIIC_refactor/experiments_refactored/20260428_054018_default_6port_separator1_learned_dense_v2/separator1_grid_search_6ports_learned_dense_hd128_depth3_stages2_share1,default_6port_separator1_learned_dense_v2,separator1_grid_search_6ports_learned_dense_hd128_depth3_stages2_share1,supervised_nmse_plateau,separator1,12,6,eager,fp32,float32,1,2,ok,,0.0,20,50,0.64220074,0.023635146243516245,0.622609,0.6363749999999999,0.6505929,0.67592165,0.7445299599999999,0.769714,1557.1455118535052,1.5571455118535051,636.3749999999999,636.3749999999999,778.5727559267526,255264,503808,1014552,sub-physical,0.015625,0.0078125,Intel(R) Xeon(R) 6760P,AVX512,"avx2,avx512f,avx512bw,avx512vl,avx512_vnni,avx512_bf16,amx_bf16,amx_int8,amx_tile,fma",True,True,,,,,,256,128,sh14l07002s1404,3.11.9,2.1.2+cu121
20260428_134843,2026-04-28T19:13:46.814586,cpu,pytorch,separator1_grid_search_6ports_learned_dense_hd128_depth3_stages2_share1,/home/liangyi/SRS_AI/Model_AIIC_refactor/experiments_refactored/20260428_054018_default_6port_separator1_learned_dense_v2/separator1_grid_search_6ports_learned_dense_hd128_depth3_stages2_share1,default_6port_separator1_learned_dense_v2,separator1_grid_search_6ports_learned_dense_hd128_depth3_stages2_share1,supervised_nmse_plateau,separator1,12,6,eager,fp32,float32,1,4,ok,,0.0,20,50,0.6376143,0.006012258358553795,0.627638,0.637557,0.6450714000000001,0.6484212500000001,0.65150014,0.652389,1568.3462557223074,1.5683462557223073,637.557,637.557,392.08656393057686,255264,503808,1014552,sub-physical,0.03125,0.015625,Intel(R) Xeon(R) 6760P,AVX512,"avx2,avx512f,avx512bw,avx512vl,avx512_vnni,avx512_bf16,amx_bf16,amx_int8,amx_tile,fma",True,True,,,,,,256,128,sh14l07002s1404,3.11.9,2.1.2+cu121
20260428_134843,2026-04-28T19:13:46.814586,cpu,pytorch,separator1_grid_search_6ports_learned_dense_hd128_depth3_stages2_share1,/home/liangyi/SRS_AI/Model_AIIC_refactor/experiments_refactored/20260428_054018_default_6port_separator1_learned_dense_v2/separator1_grid_search_6ports_learned_dense_hd128_depth3_stages2_share1,default_6port_separator1_learned_dense_v2,separator1_grid_search_6ports_learned_dense_hd128_depth3_stages2_share1,supervised_nmse_plateau,separator1,12,6,eager,fp32,float32,1,8,ok,,0.0,20,50,0.64878642,0.02736139015700043,0.632039,0.6421589999999999,0.6518569,0.6891252999999999,0.77223645,0.774488,1541.3392900548072,1.541339290054807,642.1589999999999,642.1589999999999,192.6674112568509,255264,503808,1014552,sub-physical,0.0625,0.03125,Intel(R) Xeon(R) 6760P,AVX512,"avx2,avx512f,avx512bw,avx512vl,avx512_vnni,avx512_bf16,amx_bf16,amx_int8,amx_tile,fma",True,True,,,,,,256,128,sh14l07002s1404,3.11.9,2.1.2+cu121
20260428_134843,2026-04-28T19:13:46.814586,cpu,pytorch,separator1_grid_search_6ports_learned_dense_hd128_depth3_stages2_share1,/home/liangyi/SRS_AI/Model_AIIC_refactor/experiments_refactored/20260428_054018_default_6port_separator1_learned_dense_v2/separator1_grid_search_6ports_learned_dense_hd128_depth3_stages2_share1,default_6port_separator1_learned_dense_v2,separator1_grid_search_6ports_learned_dense_hd128_depth3_stages2_share1,supervised_nmse_plateau,separator1,12,6,eager,fp32,float32,2,1,ok,,0.0,20,50,0.6670767400000001,0.008252870981204056,0.646191,0.667092,0.6775922,0.6808528,0.68415388,0.68601,2998.1558043831656,2.9981558043831655,667.092,333.546,2998.1558043831656,255264,503808,1014552,single-thread,0.0078125,0.00390625,Intel(R) Xeon(R) 6760P,AVX512,"avx2,avx512f,avx512bw,avx512vl,avx512_vnni,avx512_bf16,amx_bf16,amx_int8,amx_tile,fma",True,True,,,,,,256,128,sh14l07002s1404,3.11.9,2.1.2+cu121
20260428_134843,2026-04-28T19:13:46.814586,cpu,pytorch,separator1_grid_search_6ports_learned_dense_hd128_depth3_stages2_share1,/home/liangyi/SRS_AI/Model_AIIC_refactor/experiments_refactored/20260428_054018_default_6port_separator1_learned_dense_v2/separator1_grid_search_6ports_learned_dense_hd128_depth3_stages2_share1,default_6port_separator1_learned_dense_v2,separator1_grid_search_6ports_learned_dense_hd128_depth3_stages2_share1,supervised_nmse_plateau,separator1,12,6,eager,fp32,float32,2,2,ok,,0.0,20,50,0.67188702,0.008190703155382936,0.657901,0.6736345,0.6811494,0.68505195,0.68894098,0.689724,2976.690932353478,2.976690932353478,673.6345,336.81725,1488.345466176739,255264,503808,1014552,sub-physical,0.015625,0.0078125,Intel(R) Xeon(R) 6760P,AVX512,"avx2,avx512f,avx512bw,avx512vl,avx512_vnni,avx512_bf16,amx_bf16,amx_int8,amx_tile,fma",True,True,,,,,,256,128,sh14l07002s1404,3.11.9,2.1.2+cu121
20260428_134843,2026-04-28T19:13:46.814586,cpu,pytorch,separator1_grid_search_6ports_learned_dense_hd128_depth3_stages2_share1,/home/liangyi/SRS_AI/Model_AIIC_refactor/experiments_refactored/20260428_054018_default_6port_separator1_learned_dense_v2/separator1_grid_search_6ports_learned_dense_hd128_depth3_stages2_share1,default_6port_separator1_learned_dense_v2,separator1_grid_search_6ports_learned_dense_hd128_depth3_stages2_share1,supervised_nmse_plateau,separator1,12,6,eager,fp32,float32,2,4,ok,,0.0,20,50,0.6759889,0.00878530398392679,0.658031,0.6747245,0.6881048000000001,0.68867805,0.69265028,0.694183,2958.6284626862957,2.9586284626862955,674.7244999999999,337.36224999999996,739.6571156715739,255264,503808,1014552,sub-physical,0.03125,0.015625,Intel(R) Xeon(R) 6760P,AVX512,"avx2,avx512f,avx512bw,avx512vl,avx512_vnni,avx512_bf16,amx_bf16,amx_int8,amx_tile,fma",True,True,,,,,,256,128,sh14l07002s1404,3.11.9,2.1.2+cu121
20260428_134843,2026-04-28T19:13:46.814586,cpu,pytorch,separator1_grid_search_6ports_learned_dense_hd128_depth3_stages2_share1,/home/liangyi/SRS_AI/Model_AIIC_refactor/experiments_refactored/20260428_054018_default_6port_separator1_learned_dense_v2/separator1_grid_search_6ports_learned_dense_hd128_depth3_stages2_share1,default_6port_separator1_learned_dense_v2,separator1_grid_search_6ports_learned_dense_hd128_depth3_stages2_share1,supervised_nmse_plateau,separator1,12,6,eager,fp32,float32,2,8,ok,,0.0,20,50,0.68050128,0.01104272100170967,0.65815,0.680053,0.6939084999999999,0.6980496,0.70894249,0.715116,2939.009901641919,2.939009901641919,680.053,340.0265,367.3762377052399,255264,503808,1014552,sub-physical,0.0625,0.03125,Intel(R) Xeon(R) 6760P,AVX512,"avx2,avx512f,avx512bw,avx512vl,avx512_vnni,avx512_bf16,amx_bf16,amx_int8,amx_tile,fma",True,True,,,,,,256,128,sh14l07002s1404,3.11.9,2.1.2+cu121
20260428_134843,2026-04-28T19:13:46.814586,cpu,pytorch,separator1_grid_search_6ports_learned_dense_hd128_depth3_stages2_share1,/home/liangyi/SRS_AI/Model_AIIC_refactor/experiments_refactored/20260428_054018_default_6port_separator1_learned_dense_v2/separator1_grid_search_6ports_learned_dense_hd128_depth3_stages2_share1,default_6port_separator1_learned_dense_v2,separator1_grid_search_6ports_learned_dense_hd128_depth3_stages2_share1,supervised_nmse_plateau,separator1,12,6,eager,fp32,float32,4,1,ok,,0.0,20,50,0.73965376,0.009562153869416654,0.719121,0.739236,0.7538133,0.7552575,0.76170713,0.762669,5407.935734687538,5.407935734687538,739.236,184.809,5407.935734687538,255264,503808,1014552,single-thread,0.0078125,0.00390625,Intel(R) Xeon(R) 6760P,AVX512,"avx2,avx512f,avx512bw,avx512vl,avx512_vnni,avx512_bf16,amx_bf16,amx_int8,amx_tile,fma",True,True,,,,,,256,128,sh14l07002s1404,3.11.9,2.1.2+cu121
20260428_134843,2026-04-28T19:13:46.814586,cpu,pytorch,separator1_grid_search_6ports_learned_dense_hd128_depth3_stages2_share1,/home/liangyi/SRS_AI/Model_AIIC_refactor/experiments_refactored/20260428_054018_default_6port_separator1_learned_dense_v2/separator1_grid_search_6ports_learned_dense_hd128_depth3_stages2_share1,default_6port_separator1_learned_dense_v2,separator1_grid_search_6ports_learned_dense_hd128_depth3_stages2_share1,supervised_nmse_plateau,separator1,12,6,eager,fp32,float32,4,2,ok,,0.0,20,50,0.73207222,0.008872847473703127,0.714519,0.7322075,0.7420035,0.74815155,0.75484895,0.754969,5463.9417952507465,5.463941795250746,732.2075,183.051875,2731.9708976253733,255264,503808,1014552,sub-physical,0.015625,0.0078125,Intel(R) Xeon(R) 6760P,AVX512,"avx2,avx512f,avx512bw,avx512vl,avx512_vnni,avx512_bf16,amx_bf16,amx_int8,amx_tile,fma",True,True,,,,,,256,128,sh14l07002s1404,3.11.9,2.1.2+cu121
20260428_134843,2026-04-28T19:13:46.814586,cpu,pytorch,separator1_grid_search_6ports_learned_dense_hd128_depth3_stages2_share1,/home/liangyi/SRS_AI/Model_AIIC_refactor/experiments_refactored/20260428_054018_default_6port_separator1_learned_dense_v2/separator1_grid_search_6ports_learned_dense_hd128_depth3_stages2_share1,default_6port_separator1_learned_dense_v2,separator1_grid_search_6ports_learned_dense_hd128_depth3_stages2_share1,supervised_nmse_plateau,separator1,12,6,eager,fp32,float32,4,4,ok,,0.0,20,50,0.72137946,0.009309293318421114,0.702679,0.7214309999999999,0.7330928,0.7377119,0.7389741599999999,0.739031,5544.931928059055,5.544931928059055,721.4309999999999,180.35774999999998,1386.2329820147638,255264,503808,1014552,sub-physical,0.03125,0.015625,Intel(R) Xeon(R) 6760P,AVX512,"avx2,avx512f,avx512bw,avx512vl,avx512_vnni,avx512_bf16,amx_bf16,amx_int8,amx_tile,fma",True,True,,,,,,256,128,sh14l07002s1404,3.11.9,2.1.2+cu121
20260428_134843,2026-04-28T19:13:46.814586,cpu,pytorch,separator1_grid_search_6ports_learned_dense_hd128_depth3_stages2_share1,/home/liangyi/SRS_AI/Model_AIIC_refactor/experiments_refactored/20260428_054018_default_6port_separator1_learned_dense_v2/separator1_grid_search_6ports_learned_dense_hd128_depth3_stages2_share1,default_6port_separator1_learned_dense_v2,separator1_grid_search_6ports_learned_dense_hd128_depth3_stages2_share1,supervised_nmse_plateau,separator1,12,6,eager,fp32,float32,4,8,ok,,0.0,20,50,0.73227136,0.009080282338694104,0.709429,0.732199,0.7429992,0.74660765,0.75245927,0.753575,5462.455885206271,5.462455885206271,732.1990000000001,183.04975000000002,682.8069856507839,255264,503808,1014552,sub-physical,0.0625,0.03125,Intel(R) Xeon(R) 6760P,AVX512,"avx2,avx512f,avx512bw,avx512vl,avx512_vnni,avx512_bf16,amx_bf16,amx_int8,amx_tile,fma",True,True,,,,,,256,128,sh14l07002s1404,3.11.9,2.1.2+cu121
20260428_134843,2026-04-28T19:13:46.814586,cpu,pytorch,separator1_grid_search_6ports_learned_dense_hd128_depth3_stages2_share1,/home/liangyi/SRS_AI/Model_AIIC_refactor/experiments_refactored/20260428_054018_default_6port_separator1_learned_dense_v2/separator1_grid_search_6ports_learned_dense_hd128_depth3_stages2_share1,default_6port_separator1_learned_dense_v2,separator1_grid_search_6ports_learned_dense_hd128_depth3_stages2_share1,supervised_nmse_plateau,separator1,12,6,eager,fp32,float32,8,1,ok,,0.0,20,50,0.78081006,0.009558611109172716,0.765631,0.7793475,0.7959381999999999,0.7979097,0.80690701,0.810558,10245.769630580837,10.245769630580837,779.3475,97.4184375,10245.769630580837,255264,503808,1014552,single-thread,0.0078125,0.00390625,Intel(R) Xeon(R) 6760P,AVX512,"avx2,avx512f,avx512bw,avx512vl,avx512_vnni,avx512_bf16,amx_bf16,amx_int8,amx_tile,fma",True,True,,,,,,256,128,sh14l07002s1404,3.11.9,2.1.2+cu121
20260428_134843,2026-04-28T19:13:46.814586,cpu,pytorch,separator1_grid_search_6ports_learned_dense_hd128_depth3_stages2_share1,/home/liangyi/SRS_AI/Model_AIIC_refactor/experiments_refactored/20260428_054018_default_6port_separator1_learned_dense_v2/separator1_grid_search_6ports_learned_dense_hd128_depth3_stages2_share1,default_6port_separator1_learned_dense_v2,separator1_grid_search_6ports_learned_dense_hd128_depth3_stages2_share1,supervised_nmse_plateau,separator1,12,6,eager,fp32,float32,8,2,ok,,0.0,20,50,0.78427652,0.008805630449297764,0.768506,0.782024,0.7956274999999999,0.7994338,0.80516192,0.809568,10200.483880353831,10.200483880353831,782.024,97.753,5100.241940176916,255264,503808,1014552,sub-physical,0.015625,0.0078125,Intel(R) Xeon(R) 6760P,AVX512,"avx2,avx512f,avx512bw,avx512vl,avx512_vnni,avx512_bf16,amx_bf16,amx_int8,amx_tile,fma",True,True,,,,,,256,128,sh14l07002s1404,3.11.9,2.1.2+cu121
20260428_134843,2026-04-28T19:13:46.814586,cpu,pytorch,separator1_grid_search_6ports_learned_dense_hd128_depth3_stages2_share1,/home/liangyi/SRS_AI/Model_AIIC_refactor/experiments_refactored/20260428_054018_default_6port_separator1_learned_dense_v2/separator1_grid_search_6ports_learned_dense_hd128_depth3_stages2_share1,default_6port_separator1_learned_dense_v2,separator1_grid_search_6ports_learned_dense_hd128_depth3_stages2_share1,supervised_nmse_plateau,separator1,12,6,eager,fp32,float32,8,4,ok,,0.0,20,50,0.75985502,0.007616851442663166,0.748148,0.7580915,0.7675827,0.77445485,0.78472645,0.791535,10528.32420584653,10.528324205846529,758.0915,94.7614375,2632.0810514616323,255264,503808,1014552,sub-physical,0.03125,0.015625,Intel(R) Xeon(R) 6760P,AVX512,"avx2,avx512f,avx512bw,avx512vl,avx512_vnni,avx512_bf16,amx_bf16,amx_int8,amx_tile,fma",True,True,,,,,,256,128,sh14l07002s1404,3.11.9,2.1.2+cu121
20260428_134843,2026-04-28T19:13:46.814586,cpu,pytorch,separator1_grid_search_6ports_learned_dense_hd128_depth3_stages2_share1,/home/liangyi/SRS_AI/Model_AIIC_refactor/experiments_refactored/20260428_054018_default_6port_separator1_learned_dense_v2/separator1_grid_search_6ports_learned_dense_hd128_depth3_stages2_share1,default_6port_separator1_learned_dense_v2,separator1_grid_search_6ports_learned_dense_hd128_depth3_stages2_share1,supervised_nmse_plateau,separator1,12,6,eager,fp32,float32,8,8,ok,,0.0,20,50,0.80213442,0.0074221422031378465,0.789598,0.8007365,0.8128694,0.81634215,0.81930465,0.819606,9973.390744159813,9.973390744159813,800.7365,100.0920625,1246.6738430199766,255264,503808,1014552,sub-physical,0.0625,0.03125,Intel(R) Xeon(R) 6760P,AVX512,"avx2,avx512f,avx512bw,avx512vl,avx512_vnni,avx512_bf16,amx_bf16,amx_int8,amx_tile,fma",True,True,,,,,,256,128,sh14l07002s1404,3.11.9,2.1.2+cu121
20260428_134843,2026-04-28T19:13:46.814586,cpu,pytorch,separator1_grid_search_6ports_learned_dense_hd128_depth3_stages2_share1,/home/liangyi/SRS_AI/Model_AIIC_refactor/experiments_refactored/20260428_054018_default_6port_separator1_learned_dense_v2/separator1_grid_search_6ports_learned_dense_hd128_depth3_stages2_share1,default_6port_separator1_learned_dense_v2,separator1_grid_search_6ports_learned_dense_hd128_depth3_stages2_share1,supervised_nmse_plateau,separator1,12,6,eager,fp32,float32,16,1,ok,,0.0,20,50,0.8403564,0.010487956325233241,0.818497,0.838166,0.8555741,0.85788345,0.8611333999999999,0.861937,19039.54084243304,19.03954084243304,838.1659999999999,52.385374999999996,19039.54084243304,255264,503808,1014552,single-thread,0.0078125,0.00390625,Intel(R) Xeon(R) 6760P,AVX512,"avx2,avx512f,avx512bw,avx512vl,avx512_vnni,avx512_bf16,amx_bf16,amx_int8,amx_tile,fma",True,True,,,,,,256,128,sh14l07002s1404,3.11.9,2.1.2+cu121
20260428_134843,2026-04-28T19:13:46.814586,cpu,pytorch,separator1_grid_search_6ports_learned_dense_hd128_depth3_stages2_share1,/home/liangyi/SRS_AI/Model_AIIC_refactor/experiments_refactored/20260428_054018_default_6port_separator1_learned_dense_v2/separator1_grid_search_6ports_learned_dense_hd128_depth3_stages2_share1,default_6port_separator1_learned_dense_v2,separator1_grid_search_6ports_learned_dense_hd128_depth3_stages2_share1,supervised_nmse_plateau,separator1,12,6,eager,fp32,float32,16,2,ok,,0.0,20,50,0.91957946,0.009474165795910478,0.902394,0.9188345,0.9332711,0.9371678,0.94480029,0.947191,17399.257699818565,17.399257699818566,918.8345,57.42715625,8699.628849909283,255264,503808,1014552,sub-physical,0.015625,0.0078125,Intel(R) Xeon(R) 6760P,AVX512,"avx2,avx512f,avx512bw,avx512vl,avx512_vnni,avx512_bf16,amx_bf16,amx_int8,amx_tile,fma",True,True,,,,,,256,128,sh14l07002s1404,3.11.9,2.1.2+cu121
20260428_134843,2026-04-28T19:13:46.814586,cpu,pytorch,separator1_grid_search_6ports_learned_dense_hd128_depth3_stages2_share1,/home/liangyi/SRS_AI/Model_AIIC_refactor/experiments_refactored/20260428_054018_default_6port_separator1_learned_dense_v2/separator1_grid_search_6ports_learned_dense_hd128_depth3_stages2_share1,default_6port_separator1_learned_dense_v2,separator1_grid_search_6ports_learned_dense_hd128_depth3_stages2_share1,supervised_nmse_plateau,separator1,12,6,eager,fp32,float32,16,4,ok,,0.0,20,50,0.83937362,0.02451103569161451,0.815051,0.831125,0.8732684,0.89469235,0.91652781,0.917817,19061.833275151057,19.061833275151056,831.125,51.9453125,4765.458318787764,255264,503808,1014552,sub-physical,0.03125,0.015625,Intel(R) Xeon(R) 6760P,AVX512,"avx2,avx512f,avx512bw,avx512vl,avx512_vnni,avx512_bf16,amx_bf16,amx_int8,amx_tile,fma",True,True,,,,,,256,128,sh14l07002s1404,3.11.9,2.1.2+cu121
20260428_134843,2026-04-28T19:13:46.814586,cpu,pytorch,separator1_grid_search_6ports_learned_dense_hd128_depth3_stages2_share1,/home/liangyi/SRS_AI/Model_AIIC_refactor/experiments_refactored/20260428_054018_default_6port_separator1_learned_dense_v2/separator1_grid_search_6ports_learned_dense_hd128_depth3_stages2_share1,default_6port_separator1_learned_dense_v2,separator1_grid_search_6ports_learned_dense_hd128_depth3_stages2_share1,supervised_nmse_plateau,separator1,12,6,eager,fp32,float32,16,8,ok,,0.0,20,50,0.86139454,0.023986197585453183,0.831593,0.85919,0.8676669,0.8969762999999998,0.9589915099999999,0.987608,18574.531480081125,18.574531480081124,859.19,53.699375,2321.8164350101406,255264,503808,1014552,sub-physical,0.0625,0.03125,Intel(R) Xeon(R) 6760P,AVX512,"avx2,avx512f,avx512bw,avx512vl,avx512_vnni,avx512_bf16,amx_bf16,amx_int8,amx_tile,fma",True,True,,,,,,256,128,sh14l07002s1404,3.11.9,2.1.2+cu121
20260428_134843,2026-04-28T19:13:46.814586,cpu,pytorch,separator1_grid_search_6ports_learned_dense_hd128_depth3_stages2_share1,/home/liangyi/SRS_AI/Model_AIIC_refactor/experiments_refactored/20260428_054018_default_6port_separator1_learned_dense_v2/separator1_grid_search_6ports_learned_dense_hd128_depth3_stages2_share1,default_6port_separator1_learned_dense_v2,separator1_grid_search_6ports_learned_dense_hd128_depth3_stages2_share1,supervised_nmse_plateau,separator1,12,6,eager,fp32,float32,32,1,ok,,0.0,20,50,1.01210156,0.012357123165462114,0.990183,1.0076960000000001,1.0304426000000002,1.03337455,1.0358792,1.037114,31617.380374356897,31.617380374356898,1007.6960000000001,31.490500000000004,31617.380374356897,255264,503808,1014552,single-thread,0.0078125,0.00390625,Intel(R) Xeon(R) 6760P,AVX512,"avx2,avx512f,avx512bw,avx512vl,avx512_vnni,avx512_bf16,amx_bf16,amx_int8,amx_tile,fma",True,True,,,,,,256,128,sh14l07002s1404,3.11.9,2.1.2+cu121
20260428_134843,2026-04-28T19:13:46.814586,cpu,pytorch,separator1_grid_search_6ports_learned_dense_hd128_depth3_stages2_share1,/home/liangyi/SRS_AI/Model_AIIC_refactor/experiments_refactored/20260428_054018_default_6port_separator1_learned_dense_v2/separator1_grid_search_6ports_learned_dense_hd128_depth3_stages2_share1,default_6port_separator1_learned_dense_v2,separator1_grid_search_6ports_learned_dense_hd128_depth3_stages2_share1,supervised_nmse_plateau,separator1,12,6,eager,fp32,float32,32,2,ok,,0.0,20,50,1.13219362,0.0313498518266929,1.093786,1.1213075,1.1765863,1.18609445,1.2110899,1.220836,28263.716942690422,28.263716942690422,1121.3075,35.040859375,14131.858471345211,255264,503808,1014552,sub-physical,0.015625,0.0078125,Intel(R) Xeon(R) 6760P,AVX512,"avx2,avx512f,avx512bw,avx512vl,avx512_vnni,avx512_bf16,amx_bf16,amx_int8,amx_tile,fma",True,True,,,,,,256,128,sh14l07002s1404,3.11.9,2.1.2+cu121
20260428_134843,2026-04-28T19:13:46.814586,cpu,pytorch,separator1_grid_search_6ports_learned_dense_hd128_depth3_stages2_share1,/home/liangyi/SRS_AI/Model_AIIC_refactor/experiments_refactored/20260428_054018_default_6port_separator1_learned_dense_v2/separator1_grid_search_6ports_learned_dense_hd128_depth3_stages2_share1,default_6port_separator1_learned_dense_v2,separator1_grid_search_6ports_learned_dense_hd128_depth3_stages2_share1,supervised_nmse_plateau,separator1,12,6,eager,fp32,float32,32,4,ok,,0.0,20,50,1.03879284,0.04179264234018232,0.99607,1.023473,1.0895320000000002,1.1228491999999999,1.18382305,1.192719,30804.987065563528,30.804987065563527,1023.4730000000001,31.983531250000002,7701.246766390882,255264,503808,1014552,sub-physical,0.03125,0.015625,Intel(R) Xeon(R) 6760P,AVX512,"avx2,avx512f,avx512bw,avx512vl,avx512_vnni,avx512_bf16,amx_bf16,amx_int8,amx_tile,fma",True,True,,,,,,256,128,sh14l07002s1404,3.11.9,2.1.2+cu121
20260428_134843,2026-04-28T19:13:46.814586,cpu,pytorch,separator1_grid_search_6ports_learned_dense_hd128_depth3_stages2_share1,/home/liangyi/SRS_AI/Model_AIIC_refactor/experiments_refactored/20260428_054018_default_6port_separator1_learned_dense_v2/separator1_grid_search_6ports_learned_dense_hd128_depth3_stages2_share1,default_6port_separator1_learned_dense_v2,separator1_grid_search_6ports_learned_dense_hd128_depth3_stages2_share1,supervised_nmse_plateau,separator1,12,6,eager,fp32,float32,32,8,ok,,0.0,20,50,0.9704306,0.031907994593205015,0.938711,0.9645895,0.9749042,0.9818012500000001,1.12124962,1.14137,32975.05251792349,32.97505251792349,964.5895,30.143421875,4121.881564740436,255264,503808,1014552,sub-physical,0.0625,0.03125,Intel(R) Xeon(R) 6760P,AVX512,"avx2,avx512f,avx512bw,avx512vl,avx512_vnni,avx512_bf16,amx_bf16,amx_int8,amx_tile,fma",True,True,,,,,,256,128,sh14l07002s1404,3.11.9,2.1.2+cu121
20260428_134843,2026-04-28T19:13:46.814586,cpu,pytorch,separator1_grid_search_6ports_learned_dense_hd128_depth3_stages2_share1,/home/liangyi/SRS_AI/Model_AIIC_refactor/experiments_refactored/20260428_054018_default_6port_separator1_learned_dense_v2/separator1_grid_search_6ports_learned_dense_hd128_depth3_stages2_share1,default_6port_separator1_learned_dense_v2,separator1_grid_search_6ports_learned_dense_hd128_depth3_stages2_share1,supervised_nmse_plateau,separator1,12,6,eager,fp32,float32,64,1,ok,,0.0,20,50,1.26308194,0.029666613641876973,1.23284,1.2468815,1.3044429,1.3184168,1.34081088,1.352859,50669.713478762904,50.6697134787629,1246.8815,19.4825234375,50669.713478762904,255264,503808,1014552,single-thread,0.0078125,0.00390625,Intel(R) Xeon(R) 6760P,AVX512,"avx2,avx512f,avx512bw,avx512vl,avx512_vnni,avx512_bf16,amx_bf16,amx_int8,amx_tile,fma",True,True,,,,,,256,128,sh14l07002s1404,3.11.9,2.1.2+cu121
20260428_134843,2026-04-28T19:13:46.814586,cpu,pytorch,separator1_grid_search_6ports_learned_dense_hd128_depth3_stages2_share1,/home/liangyi/SRS_AI/Model_AIIC_refactor/experiments_refactored/20260428_054018_default_6port_separator1_learned_dense_v2/separator1_grid_search_6ports_learned_dense_hd128_depth3_stages2_share1,default_6port_separator1_learned_dense_v2,separator1_grid_search_6ports_learned_dense_hd128_depth3_stages2_share1,supervised_nmse_plateau,separator1,12,6,eager,fp32,float32,64,2,ok,,0.0,20,50,1.4943006,0.029195832142276758,1.467327,1.481652,1.5514919,1.5528031,1.56610403,1.576224,42829.401259693,42.829401259693,1481.652,23.1508125,21414.7006298465,255264,503808,1014552,sub-physical,0.015625,0.0078125,Intel(R) Xeon(R) 6760P,AVX512,"avx2,avx512f,avx512bw,avx512vl,avx512_vnni,avx512_bf16,amx_bf16,amx_int8,amx_tile,fma",True,True,,,,,,256,128,sh14l07002s1404,3.11.9,2.1.2+cu121
20260428_134843,2026-04-28T19:13:46.814586,cpu,pytorch,separator1_grid_search_6ports_learned_dense_hd128_depth3_stages2_share1,/home/liangyi/SRS_AI/Model_AIIC_refactor/experiments_refactored/20260428_054018_default_6port_separator1_learned_dense_v2/separator1_grid_search_6ports_learned_dense_hd128_depth3_stages2_share1,default_6port_separator1_learned_dense_v2,separator1_grid_search_6ports_learned_dense_hd128_depth3_stages2_share1,supervised_nmse_plateau,separator1,12,6,eager,fp32,float32,64,4,ok,,0.0,20,50,1.41407538,0.04626524512369518,1.353884,1.3990945,1.4842925,1.51435715,1.56133229,1.577884,45259.25626397653,45.25925626397653,1399.0945,21.8608515625,11314.814065994133,255264,503808,1014552,sub-physical,0.03125,0.015625,Intel(R) Xeon(R) 6760P,AVX512,"avx2,avx512f,avx512bw,avx512vl,avx512_vnni,avx512_bf16,amx_bf16,amx_int8,amx_tile,fma",True,True,,,,,,256,128,sh14l07002s1404,3.11.9,2.1.2+cu121
20260428_134843,2026-04-28T19:13:46.814586,cpu,pytorch,separator1_grid_search_6ports_learned_dense_hd128_depth3_stages2_share1,/home/liangyi/SRS_AI/Model_AIIC_refactor/experiments_refactored/20260428_054018_default_6port_separator1_learned_dense_v2/separator1_grid_search_6ports_learned_dense_hd128_depth3_stages2_share1,default_6port_separator1_learned_dense_v2,separator1_grid_search_6ports_learned_dense_hd128_depth3_stages2_share1,supervised_nmse_plateau,separator1,12,6,eager,fp32,float32,64,8,ok,,0.0,20,50,1.21814514,0.023172201599338787,1.192767,1.2149665,1.230412,1.2359978999999999,1.3178048199999999,1.322794,52538.895324082645,52.538895324082645,1214.9665,18.9838515625,6567.361915510331,255264,503808,1014552,sub-physical,0.0625,0.03125,Intel(R) Xeon(R) 6760P,AVX512,"avx2,avx512f,avx512bw,avx512vl,avx512_vnni,avx512_bf16,amx_bf16,amx_int8,amx_tile,fma",True,True,,,,,,256,128,sh14l07002s1404,3.11.9,2.1.2+cu121
20260428_134843,2026-04-28T19:13:46.814586,cpu,pytorch,separator1_grid_search_6ports_learned_dense_hd128_depth3_stages2_share1,/home/liangyi/SRS_AI/Model_AIIC_refactor/experiments_refactored/20260428_054018_default_6port_separator1_learned_dense_v2/separator1_grid_search_6ports_learned_dense_hd128_depth3_stages2_share1,default_6port_separator1_learned_dense_v2,separator1_grid_search_6ports_learned_dense_hd128_depth3_stages2_share1,supervised_nmse_plateau,separator1,12,6,eager,fp32,float32,128,1,ok,,0.0,20,50,1.76819304,0.02521364555867318,1.725999,1.7623419999999999,1.8019122,1.8126056,1.8257197600000001,1.826394,72390.2860741947,72.39028607419469,1762.3419999999999,13.768296874999999,72390.2860741947,255264,503808,1014552,single-thread,0.0078125,0.00390625,Intel(R) Xeon(R) 6760P,AVX512,"avx2,avx512f,avx512bw,avx512vl,avx512_vnni,avx512_bf16,amx_bf16,amx_int8,amx_tile,fma",True,True,,,,,,256,128,sh14l07002s1404,3.11.9,2.1.2+cu121
20260428_134843,2026-04-28T19:13:46.814586,cpu,pytorch,separator1_grid_search_6ports_learned_dense_hd128_depth3_stages2_share1,/home/liangyi/SRS_AI/Model_AIIC_refactor/experiments_refactored/20260428_054018_default_6port_separator1_learned_dense_v2/separator1_grid_search_6ports_learned_dense_hd128_depth3_stages2_share1,default_6port_separator1_learned_dense_v2,separator1_grid_search_6ports_learned_dense_hd128_depth3_stages2_share1,supervised_nmse_plateau,separator1,12,6,eager,fp32,float32,128,2,ok,,0.0,20,50,2.1406439600000002,0.03180104385642709,2.091015,2.1348685,2.1797795,2.1892864,2.23333024,2.242015,59795.09081930653,59.79509081930653,2134.8685,16.67866015625,29897.545409653267,255264,503808,1014552,sub-physical,0.015625,0.0078125,Intel(R) Xeon(R) 6760P,AVX512,"avx2,avx512f,avx512bw,avx512vl,avx512_vnni,avx512_bf16,amx_bf16,amx_int8,amx_tile,fma",True,True,,,,,,256,128,sh14l07002s1404,3.11.9,2.1.2+cu121
20260428_134843,2026-04-28T19:13:46.814586,cpu,pytorch,separator1_grid_search_6ports_learned_dense_hd128_depth3_stages2_share1,/home/liangyi/SRS_AI/Model_AIIC_refactor/experiments_refactored/20260428_054018_default_6port_separator1_learned_dense_v2/separator1_grid_search_6ports_learned_dense_hd128_depth3_stages2_share1,default_6port_separator1_learned_dense_v2,separator1_grid_search_6ports_learned_dense_hd128_depth3_stages2_share1,supervised_nmse_plateau,separator1,12,6,eager,fp32,float32,128,4,ok,,0.0,20,50,2.00812048,0.022139941226877735,1.972389,2.005017,2.0388452000000004,2.0474873000000002,2.05576752,2.059958,63741.1954485918,63.7411954485918,2005.017,15.6641953125,15935.29886214795,255264,503808,1014552,sub-physical,0.03125,0.015625,Intel(R) Xeon(R) 6760P,AVX512,"avx2,avx512f,avx512bw,avx512vl,avx512_vnni,avx512_bf16,amx_bf16,amx_int8,amx_tile,fma",True,True,,,,,,256,128,sh14l07002s1404,3.11.9,2.1.2+cu121
20260428_134843,2026-04-28T19:13:46.814586,cpu,pytorch,separator1_grid_search_6ports_learned_dense_hd128_depth3_stages2_share1,/home/liangyi/SRS_AI/Model_AIIC_refactor/experiments_refactored/20260428_054018_default_6port_separator1_learned_dense_v2/separator1_grid_search_6ports_learned_dense_hd128_depth3_stages2_share1,default_6port_separator1_learned_dense_v2,separator1_grid_search_6ports_learned_dense_hd128_depth3_stages2_share1,supervised_nmse_plateau,separator1,12,6,eager,fp32,float32,128,8,ok,,0.0,20,50,1.86665072,0.06320796685135187,1.784371,1.8495115000000002,1.9531866,1.98500215,2.04733946,2.060739,68572.01437235135,68.57201437235135,1849.5115000000003,14.449308593750002,8571.501796543918,255264,503808,1014552,sub-physical,0.0625,0.03125,Intel(R) Xeon(R) 6760P,AVX512,"avx2,avx512f,avx512bw,avx512vl,avx512_vnni,avx512_bf16,amx_bf16,amx_int8,amx_tile,fma",True,True,,,,,,256,128,sh14l07002s1404,3.11.9,2.1.2+cu121
20260428_134843,2026-04-28T19:13:46.814586,cpu,pytorch,separator1_grid_search_6ports_learned_dense_hd128_depth3_stages2_share1,/home/liangyi/SRS_AI/Model_AIIC_refactor/experiments_refactored/20260428_054018_default_6port_separator1_learned_dense_v2/separator1_grid_search_6ports_learned_dense_hd128_depth3_stages2_share1,default_6port_separator1_learned_dense_v2,separator1_grid_search_6ports_learned_dense_hd128_depth3_stages2_share1,supervised_nmse_plateau,separator1,12,6,eager,bf16,bfloat16,1,1,ok,,0.0,20,50,0.93825664,0.012150053360804639,0.921704,0.933889,0.9577472,0.96370385,0.96633304,0.966531,1065.8064727365,1.0658064727365,933.889,933.889,1065.8064727365,255264,503808,1014552,single-thread,0.0078125,0.00390625,Intel(R) Xeon(R) 6760P,AVX512,"avx2,avx512f,avx512bw,avx512vl,avx512_vnni,avx512_bf16,amx_bf16,amx_int8,amx_tile,fma",True,True,,,,,,256,128,sh14l07002s1404,3.11.9,2.1.2+cu121
20260428_134843,2026-04-28T19:13:46.814586,cpu,pytorch,separator1_grid_search_6ports_learned_dense_hd128_depth3_stages2_share1,/home/liangyi/SRS_AI/Model_AIIC_refactor/experiments_refactored/20260428_054018_default_6port_separator1_learned_dense_v2/separator1_grid_search_6ports_learned_dense_hd128_depth3_stages2_share1,default_6port_separator1_learned_dense_v2,separator1_grid_search_6ports_learned_dense_hd128_depth3_stages2_share1,supervised_nmse_plateau,separator1,12,6,eager,bf16,bfloat16,1,2,ok,,0.0,20,50,1.01759212,0.0124495500153861,1.000063,1.0173299999999998,1.030446,1.03653595,1.05264435,1.064152,982.7120123532403,0.9827120123532403,1017.3299999999998,1017.3299999999998,491.35600617662016,255264,503808,1014552,sub-physical,0.015625,0.0078125,Intel(R) Xeon(R) 6760P,AVX512,"avx2,avx512f,avx512bw,avx512vl,avx512_vnni,avx512_bf16,amx_bf16,amx_int8,amx_tile,fma",True,True,,,,,,256,128,sh14l07002s1404,3.11.9,2.1.2+cu121
20260428_134843,2026-04-28T19:13:46.814586,cpu,pytorch,separator1_grid_search_6ports_learned_dense_hd128_depth3_stages2_share1,/home/liangyi/SRS_AI/Model_AIIC_refactor/experiments_refactored/20260428_054018_default_6port_separator1_learned_dense_v2/separator1_grid_search_6ports_learned_dense_hd128_depth3_stages2_share1,default_6port_separator1_learned_dense_v2,separator1_grid_search_6ports_learned_dense_hd128_depth3_stages2_share1,supervised_nmse_plateau,separator1,12,6,eager,bf16,bfloat16,1,4,ok,,0.0,20,50,0.99044068,0.010265218221625884,0.972654,0.989399,1.0048997000000002,1.0093305,1.01879052,1.022932,1009.6515825662574,1.0096515825662573,989.399,989.399,252.41289564156435,255264,503808,1014552,sub-physical,0.03125,0.015625,Intel(R) Xeon(R) 6760P,AVX512,"avx2,avx512f,avx512bw,avx512vl,avx512_vnni,avx512_bf16,amx_bf16,amx_int8,amx_tile,fma",True,True,,,,,,256,128,sh14l07002s1404,3.11.9,2.1.2+cu121
20260428_134843,2026-04-28T19:13:46.814586,cpu,pytorch,separator1_grid_search_6ports_learned_dense_hd128_depth3_stages2_share1,/home/liangyi/SRS_AI/Model_AIIC_refactor/experiments_refactored/20260428_054018_default_6port_separator1_learned_dense_v2/separator1_grid_search_6ports_learned_dense_hd128_depth3_stages2_share1,default_6port_separator1_learned_dense_v2,separator1_grid_search_6ports_learned_dense_hd128_depth3_stages2_share1,supervised_nmse_plateau,separator1,12,6,eager,bf16,bfloat16,1,8,ok,,0.0,20,50,1.02113914,0.005385920834954779,1.011554,1.0212685000000001,1.028574,1.03172565,1.03316014,1.033706,979.298472488284,0.979298472488284,1021.2685000000001,1021.2685000000001,122.4123090610355,255264,503808,1014552,sub-physical,0.0625,0.03125,Intel(R) Xeon(R) 6760P,AVX512,"avx2,avx512f,avx512bw,avx512vl,avx512_vnni,avx512_bf16,amx_bf16,amx_int8,amx_tile,fma",True,True,,,,,,256,128,sh14l07002s1404,3.11.9,2.1.2+cu121
20260428_134843,2026-04-28T19:13:46.814586,cpu,pytorch,separator1_grid_search_6ports_learned_dense_hd128_depth3_stages2_share1,/home/liangyi/SRS_AI/Model_AIIC_refactor/experiments_refactored/20260428_054018_default_6port_separator1_learned_dense_v2/separator1_grid_search_6ports_learned_dense_hd128_depth3_stages2_share1,default_6port_separator1_learned_dense_v2,separator1_grid_search_6ports_learned_dense_hd128_depth3_stages2_share1,supervised_nmse_plateau,separator1,12,6,eager,bf16,bfloat16,2,1,ok,,0.0,20,50,1.3821151,0.032550373149474024,1.333164,1.367865,1.4343972999999999,1.44134905,1.45192204,1.456432,1447.0574845756335,1.4470574845756334,1367.865,683.9325,1447.0574845756335,255264,503808,1014552,single-thread,0.0078125,0.00390625,Intel(R) Xeon(R) 6760P,AVX512,"avx2,avx512f,avx512bw,avx512vl,avx512_vnni,avx512_bf16,amx_bf16,amx_int8,amx_tile,fma",True,True,,,,,,256,128,sh14l07002s1404,3.11.9,2.1.2+cu121
20260428_134843,2026-04-28T19:13:46.814586,cpu,pytorch,separator1_grid_search_6ports_learned_dense_hd128_depth3_stages2_share1,/home/liangyi/SRS_AI/Model_AIIC_refactor/experiments_refactored/20260428_054018_default_6port_separator1_learned_dense_v2/separator1_grid_search_6ports_learned_dense_hd128_depth3_stages2_share1,default_6port_separator1_learned_dense_v2,separator1_grid_search_6ports_learned_dense_hd128_depth3_stages2_share1,supervised_nmse_plateau,separator1,12,6,eager,bf16,bfloat16,2,2,ok,,0.0,20,50,1.45160424,0.022004174869837766,1.416834,1.452507,1.4785552,1.48099985,1.4998376,1.500945,1377.7860004046283,1.3777860004046283,1452.507,726.2535,688.8930002023142,255264,503808,1014552,sub-physical,0.015625,0.0078125,Intel(R) Xeon(R) 6760P,AVX512,"avx2,avx512f,avx512bw,avx512vl,avx512_vnni,avx512_bf16,amx_bf16,amx_int8,amx_tile,fma",True,True,,,,,,256,128,sh14l07002s1404,3.11.9,2.1.2+cu121
20260428_134843,2026-04-28T19:13:46.814586,cpu,pytorch,separator1_grid_search_6ports_learned_dense_hd128_depth3_stages2_share1,/home/liangyi/SRS_AI/Model_AIIC_refactor/experiments_refactored/20260428_054018_default_6port_separator1_learned_dense_v2/separator1_grid_search_6ports_learned_dense_hd128_depth3_stages2_share1,default_6port_separator1_learned_dense_v2,separator1_grid_search_6ports_learned_dense_hd128_depth3_stages2_share1,supervised_nmse_plateau,separator1,12,6,eager,bf16,bfloat16,2,4,ok,,0.0,20,50,1.44498798,0.014621712852453374,1.416586,1.44424,1.4626834000000002,1.4690682,1.4778339999999999,1.481901,1384.0945583505822,1.3840945583505821,1444.24,722.12,346.02363958764556,255264,503808,1014552,sub-physical,0.03125,0.015625,Intel(R) Xeon(R) 6760P,AVX512,"avx2,avx512f,avx512bw,avx512vl,avx512_vnni,avx512_bf16,amx_bf16,amx_int8,amx_tile,fma",True,True,,,,,,256,128,sh14l07002s1404,3.11.9,2.1.2+cu121
20260428_134843,2026-04-28T19:13:46.814586,cpu,pytorch,separator1_grid_search_6ports_learned_dense_hd128_depth3_stages2_share1,/home/liangyi/SRS_AI/Model_AIIC_refactor/experiments_refactored/20260428_054018_default_6port_separator1_learned_dense_v2/separator1_grid_search_6ports_learned_dense_hd128_depth3_stages2_share1,default_6port_separator1_learned_dense_v2,separator1_grid_search_6ports_learned_dense_hd128_depth3_stages2_share1,supervised_nmse_plateau,separator1,12,6,eager,bf16,bfloat16,2,8,ok,,0.0,20,50,1.56536724,0.04438227643398208,1.508477,1.5605435,1.5996095,1.6198494999999997,1.7256050399999998,1.805967,1277.6554593029555,1.2776554593029554,1560.5435,780.27175,159.70693241286943,255264,503808,1014552,sub-physical,0.0625,0.03125,Intel(R) Xeon(R) 6760P,AVX512,"avx2,avx512f,avx512bw,avx512vl,avx512_vnni,avx512_bf16,amx_bf16,amx_int8,amx_tile,fma",True,True,,,,,,256,128,sh14l07002s1404,3.11.9,2.1.2+cu121
20260428_134843,2026-04-28T19:13:46.814586,cpu,pytorch,separator1_grid_search_6ports_learned_dense_hd128_depth3_stages2_share1,/home/liangyi/SRS_AI/Model_AIIC_refactor/experiments_refactored/20260428_054018_default_6port_separator1_learned_dense_v2/separator1_grid_search_6ports_learned_dense_hd128_depth3_stages2_share1,default_6port_separator1_learned_dense_v2,separator1_grid_search_6ports_learned_dense_hd128_depth3_stages2_share1,supervised_nmse_plateau,separator1,12,6,eager,bf16,bfloat16,4,1,ok,,0.0,20,50,1.5531833,0.03153655716545483,1.516327,1.541394,1.6000794,1.6007489000000001,1.64429353,1.684034,2575.356044582761,2.5753560445827612,1541.394,385.3485,2575.356044582761,255264,503808,1014552,single-thread,0.0078125,0.00390625,Intel(R) Xeon(R) 6760P,AVX512,"avx2,avx512f,avx512bw,avx512vl,avx512_vnni,avx512_bf16,amx_bf16,amx_int8,amx_tile,fma",True,True,,,,,,256,128,sh14l07002s1404,3.11.9,2.1.2+cu121
20260428_134843,2026-04-28T19:13:46.814586,cpu,pytorch,separator1_grid_search_6ports_learned_dense_hd128_depth3_stages2_share1,/home/liangyi/SRS_AI/Model_AIIC_refactor/experiments_refactored/20260428_054018_default_6port_separator1_learned_dense_v2/separator1_grid_search_6ports_learned_dense_hd128_depth3_stages2_share1,default_6port_separator1_learned_dense_v2,separator1_grid_search_6ports_learned_dense_hd128_depth3_stages2_share1,supervised_nmse_plateau,separator1,12,6,eager,bf16,bfloat16,4,2,ok,,0.0,20,50,1.74734632,0.039398317035345555,1.68761,1.7379639999999998,1.7979494,1.80489795,1.8309976199999998,1.847835,2289.185580566536,2.289185580566536,1737.964,434.491,1144.592790283268,255264,503808,1014552,sub-physical,0.015625,0.0078125,Intel(R) Xeon(R) 6760P,AVX512,"avx2,avx512f,avx512bw,avx512vl,avx512_vnni,avx512_bf16,amx_bf16,amx_int8,amx_tile,fma",True,True,,,,,,256,128,sh14l07002s1404,3.11.9,2.1.2+cu121
20260428_134843,2026-04-28T19:13:46.814586,cpu,pytorch,separator1_grid_search_6ports_learned_dense_hd128_depth3_stages2_share1,/home/liangyi/SRS_AI/Model_AIIC_refactor/experiments_refactored/20260428_054018_default_6port_separator1_learned_dense_v2/separator1_grid_search_6ports_learned_dense_hd128_depth3_stages2_share1,default_6port_separator1_learned_dense_v2,separator1_grid_search_6ports_learned_dense_hd128_depth3_stages2_share1,supervised_nmse_plateau,separator1,12,6,eager,bf16,bfloat16,4,4,ok,,0.0,20,50,1.8436032,0.026628745799980882,1.795047,1.84077,1.8777909,1.89723305,1.91142405,1.918507,2169.66427482877,2.16966427482877,1840.77,460.1925,542.4160687071925,255264,503808,1014552,sub-physical,0.03125,0.015625,Intel(R) Xeon(R) 6760P,AVX512,"avx2,avx512f,avx512bw,avx512vl,avx512_vnni,avx512_bf16,amx_bf16,amx_int8,amx_tile,fma",True,True,,,,,,256,128,sh14l07002s1404,3.11.9,2.1.2+cu121
20260428_134843,2026-04-28T19:13:46.814586,cpu,pytorch,separator1_grid_search_6ports_learned_dense_hd128_depth3_stages2_share1,/home/liangyi/SRS_AI/Model_AIIC_refactor/experiments_refactored/20260428_054018_default_6port_separator1_learned_dense_v2/separator1_grid_search_6ports_learned_dense_hd128_depth3_stages2_share1,default_6port_separator1_learned_dense_v2,separator1_grid_search_6ports_learned_dense_hd128_depth3_stages2_share1,supervised_nmse_plateau,separator1,12,6,eager,bf16,bfloat16,4,8,ok,,0.0,20,50,1.82595656,0.02870760380189193,1.772193,1.8204695,1.8686530000000001,1.87681455,1.8825803799999998,1.886421,2190.6326183356737,2.1906326183356737,1820.4695,455.117375,273.8290772919592,255264,503808,1014552,sub-physical,0.0625,0.03125,Intel(R) Xeon(R) 6760P,AVX512,"avx2,avx512f,avx512bw,avx512vl,avx512_vnni,avx512_bf16,amx_bf16,amx_int8,amx_tile,fma",True,True,,,,,,256,128,sh14l07002s1404,3.11.9,2.1.2+cu121
20260428_134843,2026-04-28T19:13:46.814586,cpu,pytorch,separator1_grid_search_6ports_learned_dense_hd128_depth3_stages2_share1,/home/liangyi/SRS_AI/Model_AIIC_refactor/experiments_refactored/20260428_054018_default_6port_separator1_learned_dense_v2/separator1_grid_search_6ports_learned_dense_hd128_depth3_stages2_share1,default_6port_separator1_learned_dense_v2,separator1_grid_search_6ports_learned_dense_hd128_depth3_stages2_share1,supervised_nmse_plateau,separator1,12,6,eager,bf16,bfloat16,8,1,ok,,0.0,20,50,1.67733464,0.029426160216215785,1.635072,1.6619275,1.7217200000000001,1.7314304999999999,1.73999354,1.744283,4769.471642223999,4.769471642223999,1661.9275,207.7409375,4769.471642223999,255264,503808,1014552,single-thread,0.0078125,0.00390625,Intel(R) Xeon(R) 6760P,AVX512,"avx2,avx512f,avx512bw,avx512vl,avx512_vnni,avx512_bf16,amx_bf16,amx_int8,amx_tile,fma",True,True,,,,,,256,128,sh14l07002s1404,3.11.9,2.1.2+cu121
20260428_134843,2026-04-28T19:13:46.814586,cpu,pytorch,separator1_grid_search_6ports_learned_dense_hd128_depth3_stages2_share1,/home/liangyi/SRS_AI/Model_AIIC_refactor/experiments_refactored/20260428_054018_default_6port_separator1_learned_dense_v2/separator1_grid_search_6ports_learned_dense_hd128_depth3_stages2_share1,default_6port_separator1_learned_dense_v2,separator1_grid_search_6ports_learned_dense_hd128_depth3_stages2_share1,supervised_nmse_plateau,separator1,12,6,eager,bf16,bfloat16,8,2,ok,,0.0,20,50,1.85879356,0.06977378645341244,1.78037,1.8384425,1.9156297,1.9243054499999999,2.0987517699999994,2.264189,4303.866858673644,4.303866858673644,1838.4424999999999,229.80531249999999,2151.933429336822,255264,503808,1014552,sub-physical,0.015625,0.0078125,Intel(R) Xeon(R) 6760P,AVX512,"avx2,avx512f,avx512bw,avx512vl,avx512_vnni,avx512_bf16,amx_bf16,amx_int8,amx_tile,fma",True,True,,,,,,256,128,sh14l07002s1404,3.11.9,2.1.2+cu121
20260428_134843,2026-04-28T19:13:46.814586,cpu,pytorch,separator1_grid_search_6ports_learned_dense_hd128_depth3_stages2_share1,/home/liangyi/SRS_AI/Model_AIIC_refactor/experiments_refactored/20260428_054018_default_6port_separator1_learned_dense_v2/separator1_grid_search_6ports_learned_dense_hd128_depth3_stages2_share1,default_6port_separator1_learned_dense_v2,separator1_grid_search_6ports_learned_dense_hd128_depth3_stages2_share1,supervised_nmse_plateau,separator1,12,6,eager,bf16,bfloat16,8,4,ok,,0.0,20,50,2.1905225,0.046067079329278095,2.117229,2.1778505,2.2727285,2.28008855,2.31214964,2.330997,3652.096702955573,3.652096702955573,2177.8505,272.2313125,913.0241757388933,255264,503808,1014552,sub-physical,0.03125,0.015625,Intel(R) Xeon(R) 6760P,AVX512,"avx2,avx512f,avx512bw,avx512vl,avx512_vnni,avx512_bf16,amx_bf16,amx_int8,amx_tile,fma",True,True,,,,,,256,128,sh14l07002s1404,3.11.9,2.1.2+cu121
20260428_134843,2026-04-28T19:13:46.814586,cpu,pytorch,separator1_grid_search_6ports_learned_dense_hd128_depth3_stages2_share1,/home/liangyi/SRS_AI/Model_AIIC_refactor/experiments_refactored/20260428_054018_default_6port_separator1_learned_dense_v2/separator1_grid_search_6ports_learned_dense_hd128_depth3_stages2_share1,default_6port_separator1_learned_dense_v2,separator1_grid_search_6ports_learned_dense_hd128_depth3_stages2_share1,supervised_nmse_plateau,separator1,12,6,eager,bf16,bfloat16,8,8,ok,,0.0,20,50,1.87346252,0.030753311458924244,1.825411,1.867766,1.9042656,1.93256995,1.95287995,1.954274,4270.168159008594,4.270168159008594,1867.766,233.47075,533.7710198760742,255264,503808,1014552,sub-physical,0.0625,0.03125,Intel(R) Xeon(R) 6760P,AVX512,"avx2,avx512f,avx512bw,avx512vl,avx512_vnni,avx512_bf16,amx_bf16,amx_int8,amx_tile,fma",True,True,,,,,,256,128,sh14l07002s1404,3.11.9,2.1.2+cu121
20260428_134843,2026-04-28T19:13:46.814586,cpu,pytorch,separator1_grid_search_6ports_learned_dense_hd128_depth3_stages2_share1,/home/liangyi/SRS_AI/Model_AIIC_refactor/experiments_refactored/20260428_054018_default_6port_separator1_learned_dense_v2/separator1_grid_search_6ports_learned_dense_hd128_depth3_stages2_share1,default_6port_separator1_learned_dense_v2,separator1_grid_search_6ports_learned_dense_hd128_depth3_stages2_share1,supervised_nmse_plateau,separator1,12,6,eager,bf16,bfloat16,16,1,ok,,0.0,20,50,1.6365261,0.030949438022846238,1.591579,1.6302935,1.6807942,1.6879814499999999,1.70270382,1.713818,9776.807103779158,9.776807103779158,1630.2935,101.89334375,9776.807103779158,255264,503808,1014552,single-thread,0.0078125,0.00390625,Intel(R) Xeon(R) 6760P,AVX512,"avx2,avx512f,avx512bw,avx512vl,avx512_vnni,avx512_bf16,amx_bf16,amx_int8,amx_tile,fma",True,True,,,,,,256,128,sh14l07002s1404,3.11.9,2.1.2+cu121
20260428_134843,2026-04-28T19:13:46.814586,cpu,pytorch,separator1_grid_search_6ports_learned_dense_hd128_depth3_stages2_share1,/home/liangyi/SRS_AI/Model_AIIC_refactor/experiments_refactored/20260428_054018_default_6port_separator1_learned_dense_v2/separator1_grid_search_6ports_learned_dense_hd128_depth3_stages2_share1,default_6port_separator1_learned_dense_v2,separator1_grid_search_6ports_learned_dense_hd128_depth3_stages2_share1,supervised_nmse_plateau,separator1,12,6,eager,bf16,bfloat16,16,2,ok,,0.0,20,50,1.93962182,0.04633661445107528,1.87691,1.9191985,2.0080879,2.0180433,2.03251635,2.035351,8249.030731155624,8.249030731155624,1919.1985,119.94990625,4124.515365577812,255264,503808,1014552,sub-physical,0.015625,0.0078125,Intel(R) Xeon(R) 6760P,AVX512,"avx2,avx512f,avx512bw,avx512vl,avx512_vnni,avx512_bf16,amx_bf16,amx_int8,amx_tile,fma",True,True,,,,,,256,128,sh14l07002s1404,3.11.9,2.1.2+cu121
20260428_134843,2026-04-28T19:13:46.814586,cpu,pytorch,separator1_grid_search_6ports_learned_dense_hd128_depth3_stages2_share1,/home/liangyi/SRS_AI/Model_AIIC_refactor/experiments_refactored/20260428_054018_default_6port_separator1_learned_dense_v2/separator1_grid_search_6ports_learned_dense_hd128_depth3_stages2_share1,default_6port_separator1_learned_dense_v2,separator1_grid_search_6ports_learned_dense_hd128_depth3_stages2_share1,supervised_nmse_plateau,separator1,12,6,eager,bf16,bfloat16,16,4,ok,,0.0,20,50,1.9162593,0.03902200969722086,1.842498,1.9102964999999998,1.9724346000000001,1.9872965,2.00177565,2.008888,8349.60070382959,8.34960070382959,1910.2965,119.39353125,2087.4001759573976,255264,503808,1014552,sub-physical,0.03125,0.015625,Intel(R) Xeon(R) 6760P,AVX512,"avx2,avx512f,avx512bw,avx512vl,avx512_vnni,avx512_bf16,amx_bf16,amx_int8,amx_tile,fma",True,True,,,,,,256,128,sh14l07002s1404,3.11.9,2.1.2+cu121
20260428_134843,2026-04-28T19:13:46.814586,cpu,pytorch,separator1_grid_search_6ports_learned_dense_hd128_depth3_stages2_share1,/home/liangyi/SRS_AI/Model_AIIC_refactor/experiments_refactored/20260428_054018_default_6port_separator1_learned_dense_v2/separator1_grid_search_6ports_learned_dense_hd128_depth3_stages2_share1,default_6port_separator1_learned_dense_v2,separator1_grid_search_6ports_learned_dense_hd128_depth3_stages2_share1,supervised_nmse_plateau,separator1,12,6,eager,bf16,bfloat16,16,8,ok,,0.0,20,50,1.99923258,0.04411196846802013,1.915767,1.989062,2.0542196,2.0854561,2.1257022500000002,2.155384,8003.070858319046,8.003070858319047,1989.0620000000001,124.31637500000001,1000.3838572898808,255264,503808,1014552,sub-physical,0.0625,0.03125,Intel(R) Xeon(R) 6760P,AVX512,"avx2,avx512f,avx512bw,avx512vl,avx512_vnni,avx512_bf16,amx_bf16,amx_int8,amx_tile,fma",True,True,,,,,,256,128,sh14l07002s1404,3.11.9,2.1.2+cu121
20260428_134843,2026-04-28T19:13:46.814586,cpu,pytorch,separator1_grid_search_6ports_learned_dense_hd128_depth3_stages2_share1,/home/liangyi/SRS_AI/Model_AIIC_refactor/experiments_refactored/20260428_054018_default_6port_separator1_learned_dense_v2/separator1_grid_search_6ports_learned_dense_hd128_depth3_stages2_share1,default_6port_separator1_learned_dense_v2,separator1_grid_search_6ports_learned_dense_hd128_depth3_stages2_share1,supervised_nmse_plateau,separator1,12,6,eager,bf16,bfloat16,32,1,ok,,0.0,20,50,1.7781390400000001,0.031889408930840975,1.736664,1.7667275,1.8177898,1.82718375,1.87124927,1.880303,17996.342963146457,17.996342963146457,1766.7275,55.210234375,17996.342963146457,255264,503808,1014552,single-thread,0.0078125,0.00390625,Intel(R) Xeon(R) 6760P,AVX512,"avx2,avx512f,avx512bw,avx512vl,avx512_vnni,avx512_bf16,amx_bf16,amx_int8,amx_tile,fma",True,True,,,,,,256,128,sh14l07002s1404,3.11.9,2.1.2+cu121
20260428_134843,2026-04-28T19:13:46.814586,cpu,pytorch,separator1_grid_search_6ports_learned_dense_hd128_depth3_stages2_share1,/home/liangyi/SRS_AI/Model_AIIC_refactor/experiments_refactored/20260428_054018_default_6port_separator1_learned_dense_v2/separator1_grid_search_6ports_learned_dense_hd128_depth3_stages2_share1,default_6port_separator1_learned_dense_v2,separator1_grid_search_6ports_learned_dense_hd128_depth3_stages2_share1,supervised_nmse_plateau,separator1,12,6,eager,bf16,bfloat16,32,2,ok,,0.0,20,50,2.15646054,0.055107448455253345,2.068977,2.1410400000000003,2.2217349,2.2595472,2.3012147,2.316488,14839.130791607253,14.839130791607253,2141.0400000000004,66.90750000000001,7419.565395803626,255264,503808,1014552,sub-physical,0.015625,0.0078125,Intel(R) Xeon(R) 6760P,AVX512,"avx2,avx512f,avx512bw,avx512vl,avx512_vnni,avx512_bf16,amx_bf16,amx_int8,amx_tile,fma",True,True,,,,,,256,128,sh14l07002s1404,3.11.9,2.1.2+cu121
20260428_134843,2026-04-28T19:13:46.814586,cpu,pytorch,separator1_grid_search_6ports_learned_dense_hd128_depth3_stages2_share1,/home/liangyi/SRS_AI/Model_AIIC_refactor/experiments_refactored/20260428_054018_default_6port_separator1_learned_dense_v2/separator1_grid_search_6ports_learned_dense_hd128_depth3_stages2_share1,default_6port_separator1_learned_dense_v2,separator1_grid_search_6ports_learned_dense_hd128_depth3_stages2_share1,supervised_nmse_plateau,separator1,12,6,eager,bf16,bfloat16,32,4,ok,,0.0,20,50,2.1509219,0.04953781420460535,2.079977,2.137918,2.1952349,2.2392448,2.3154529999999998,2.361366,14877.341664520687,14.877341664520687,2137.918,66.8099375,3719.335416130172,255264,503808,1014552,sub-physical,0.03125,0.015625,Intel(R) Xeon(R) 6760P,AVX512,"avx2,avx512f,avx512bw,avx512vl,avx512_vnni,avx512_bf16,amx_bf16,amx_int8,amx_tile,fma",True,True,,,,,,256,128,sh14l07002s1404,3.11.9,2.1.2+cu121
20260428_134843,2026-04-28T19:13:46.814586,cpu,pytorch,separator1_grid_search_6ports_learned_dense_hd128_depth3_stages2_share1,/home/liangyi/SRS_AI/Model_AIIC_refactor/experiments_refactored/20260428_054018_default_6port_separator1_learned_dense_v2/separator1_grid_search_6ports_learned_dense_hd128_depth3_stages2_share1,default_6port_separator1_learned_dense_v2,separator1_grid_search_6ports_learned_dense_hd128_depth3_stages2_share1,supervised_nmse_plateau,separator1,12,6,eager,bf16,bfloat16,32,8,ok,,0.0,20,50,2.12189088,0.04573437730094945,2.048112,2.1206845,2.1679828,2.18653585,2.2409557199999997,2.279211,15080.888608183282,15.080888608183283,2120.6845,66.271390625,1885.1110760229103,255264,503808,1014552,sub-physical,0.0625,0.03125,Intel(R) Xeon(R) 6760P,AVX512,"avx2,avx512f,avx512bw,avx512vl,avx512_vnni,avx512_bf16,amx_bf16,amx_int8,amx_tile,fma",True,True,,,,,,256,128,sh14l07002s1404,3.11.9,2.1.2+cu121
20260428_134843,2026-04-28T19:13:46.814586,cpu,pytorch,separator1_grid_search_6ports_learned_dense_hd128_depth3_stages2_share1,/home/liangyi/SRS_AI/Model_AIIC_refactor/experiments_refactored/20260428_054018_default_6port_separator1_learned_dense_v2/separator1_grid_search_6ports_learned_dense_hd128_depth3_stages2_share1,default_6port_separator1_learned_dense_v2,separator1_grid_search_6ports_learned_dense_hd128_depth3_stages2_share1,supervised_nmse_plateau,separator1,12,6,eager,bf16,bfloat16,64,1,ok,,0.0,20,50,2.03033022,0.06138484243240835,1.949971,2.0221765,2.0973066,2.1147222500000002,2.2282181,2.248509,31521.965919415805,31.521965919415806,2022.1765,31.5965078125,31521.965919415805,255264,503808,1014552,single-thread,0.0078125,0.00390625,Intel(R) Xeon(R) 6760P,AVX512,"avx2,avx512f,avx512bw,avx512vl,avx512_vnni,avx512_bf16,amx_bf16,amx_int8,amx_tile,fma",True,True,,,,,,256,128,sh14l07002s1404,3.11.9,2.1.2+cu121
20260428_134843,2026-04-28T19:13:46.814586,cpu,pytorch,separator1_grid_search_6ports_learned_dense_hd128_depth3_stages2_share1,/home/liangyi/SRS_AI/Model_AIIC_refactor/experiments_refactored/20260428_054018_default_6port_separator1_learned_dense_v2/separator1_grid_search_6ports_learned_dense_hd128_depth3_stages2_share1,default_6port_separator1_learned_dense_v2,separator1_grid_search_6ports_learned_dense_hd128_depth3_stages2_share1,supervised_nmse_plateau,separator1,12,6,eager,bf16,bfloat16,64,2,ok,,0.0,20,50,2.43275722,0.05339041400412249,2.340622,2.431873,2.4936922,2.51540125,2.53445834,2.539669,26307.598421185652,26.307598421185652,2431.873,37.998015625,13153.799210592826,255264,503808,1014552,sub-physical,0.015625,0.0078125,Intel(R) Xeon(R) 6760P,AVX512,"avx2,avx512f,avx512bw,avx512vl,avx512_vnni,avx512_bf16,amx_bf16,amx_int8,amx_tile,fma",True,True,,,,,,256,128,sh14l07002s1404,3.11.9,2.1.2+cu121
20260428_134843,2026-04-28T19:13:46.814586,cpu,pytorch,separator1_grid_search_6ports_learned_dense_hd128_depth3_stages2_share1,/home/liangyi/SRS_AI/Model_AIIC_refactor/experiments_refactored/20260428_054018_default_6port_separator1_learned_dense_v2/separator1_grid_search_6ports_learned_dense_hd128_depth3_stages2_share1,default_6port_separator1_learned_dense_v2,separator1_grid_search_6ports_learned_dense_hd128_depth3_stages2_share1,supervised_nmse_plateau,separator1,12,6,eager,bf16,bfloat16,64,4,ok,,0.0,20,50,2.50741244,0.04170925146159302,2.385419,2.5104275,2.5563746,2.56723665,2.59551275,2.606501,25524.321000816282,25.524321000816283,2510.4275000000002,39.225429687500004,6381.080250204071,255264,503808,1014552,sub-physical,0.03125,0.015625,Intel(R) Xeon(R) 6760P,AVX512,"avx2,avx512f,avx512bw,avx512vl,avx512_vnni,avx512_bf16,amx_bf16,amx_int8,amx_tile,fma",True,True,,,,,,256,128,sh14l07002s1404,3.11.9,2.1.2+cu121
20260428_134843,2026-04-28T19:13:46.814586,cpu,pytorch,separator1_grid_search_6ports_learned_dense_hd128_depth3_stages2_share1,/home/liangyi/SRS_AI/Model_AIIC_refactor/experiments_refactored/20260428_054018_default_6port_separator1_learned_dense_v2/separator1_grid_search_6ports_learned_dense_hd128_depth3_stages2_share1,default_6port_separator1_learned_dense_v2,separator1_grid_search_6ports_learned_dense_hd128_depth3_stages2_share1,supervised_nmse_plateau,separator1,12,6,eager,bf16,bfloat16,64,8,ok,,0.0,20,50,2.8064834800000003,0.1655718122583962,2.656641,2.7364835000000003,3.0904576,3.1308267499999998,3.17608872,3.191657,22804.338759193408,22.804338759193406,2736.4835000000003,42.757554687500004,2850.542344899176,255264,503808,1014552,sub-physical,0.0625,0.03125,Intel(R) Xeon(R) 6760P,AVX512,"avx2,avx512f,avx512bw,avx512vl,avx512_vnni,avx512_bf16,amx_bf16,amx_int8,amx_tile,fma",True,True,,,,,,256,128,sh14l07002s1404,3.11.9,2.1.2+cu121
20260428_134843,2026-04-28T19:13:46.814586,cpu,pytorch,separator1_grid_search_6ports_learned_dense_hd128_depth3_stages2_share1,/home/liangyi/SRS_AI/Model_AIIC_refactor/experiments_refactored/20260428_054018_default_6port_separator1_learned_dense_v2/separator1_grid_search_6ports_learned_dense_hd128_depth3_stages2_share1,default_6port_separator1_learned_dense_v2,separator1_grid_search_6ports_learned_dense_hd128_depth3_stages2_share1,supervised_nmse_plateau,separator1,12,6,eager,bf16,bfloat16,128,1,ok,,0.0,20,50,2.26123868,0.06278642174369868,2.188777,2.2352914999999998,2.3327521,2.4050080499999997,2.42046892,2.425169,56606.14296585445,56.60614296585445,2235.2915,17.46321484375,56606.14296585445,255264,503808,1014552,single-thread,0.0078125,0.00390625,Intel(R) Xeon(R) 6760P,AVX512,"avx2,avx512f,avx512bw,avx512vl,avx512_vnni,avx512_bf16,amx_bf16,amx_int8,amx_tile,fma",True,True,,,,,,256,128,sh14l07002s1404,3.11.9,2.1.2+cu121
20260428_134843,2026-04-28T19:13:46.814586,cpu,pytorch,separator1_grid_search_6ports_learned_dense_hd128_depth3_stages2_share1,/home/liangyi/SRS_AI/Model_AIIC_refactor/experiments_refactored/20260428_054018_default_6port_separator1_learned_dense_v2/separator1_grid_search_6ports_learned_dense_hd128_depth3_stages2_share1,default_6port_separator1_learned_dense_v2,separator1_grid_search_6ports_learned_dense_hd128_depth3_stages2_share1,supervised_nmse_plateau,separator1,12,6,eager,bf16,bfloat16,128,2,ok,,0.0,20,50,3.03962234,0.04989423912341385,2.947516,3.0409915,3.0974805,3.1065796,3.15651168,3.162866,42110.4945557151,42.1104945557151,3040.9915,23.75774609375,21055.24727785755,255264,503808,1014552,sub-physical,0.015625,0.0078125,Intel(R) Xeon(R) 6760P,AVX512,"avx2,avx512f,avx512bw,avx512vl,avx512_vnni,avx512_bf16,amx_bf16,amx_int8,amx_tile,fma",True,True,,,,,,256,128,sh14l07002s1404,3.11.9,2.1.2+cu121
20260428_134843,2026-04-28T19:13:46.814586,cpu,pytorch,separator1_grid_search_6ports_learned_dense_hd128_depth3_stages2_share1,/home/liangyi/SRS_AI/Model_AIIC_refactor/experiments_refactored/20260428_054018_default_6port_separator1_learned_dense_v2/separator1_grid_search_6ports_learned_dense_hd128_depth3_stages2_share1,default_6port_separator1_learned_dense_v2,separator1_grid_search_6ports_learned_dense_hd128_depth3_stages2_share1,supervised_nmse_plateau,separator1,12,6,eager,bf16,bfloat16,128,4,ok,,0.0,20,50,3.26497494,0.04507901142723077,3.149414,3.272303,3.3186117,3.33180915,3.3357542099999997,3.336524,39203.97624858952,39.20397624858952,3272.303,25.5648671875,9800.99406214738,255264,503808,1014552,sub-physical,0.03125,0.015625,Intel(R) Xeon(R) 6760P,AVX512,"avx2,avx512f,avx512bw,avx512vl,avx512_vnni,avx512_bf16,amx_bf16,amx_int8,amx_tile,fma",True,True,,,,,,256,128,sh14l07002s1404,3.11.9,2.1.2+cu121
20260428_134843,2026-04-28T19:13:46.814586,cpu,pytorch,separator1_grid_search_6ports_learned_dense_hd128_depth3_stages2_share1,/home/liangyi/SRS_AI/Model_AIIC_refactor/experiments_refactored/20260428_054018_default_6port_separator1_learned_dense_v2/separator1_grid_search_6ports_learned_dense_hd128_depth3_stages2_share1,default_6port_separator1_learned_dense_v2,separator1_grid_search_6ports_learned_dense_hd128_depth3_stages2_share1,supervised_nmse_plateau,separator1,12,6,eager,bf16,bfloat16,128,8,ok,,0.0,20,50,3.37803278,0.31203909783655576,3.025213,3.1596504999999997,3.8061271999999997,3.8107502,3.84233753,3.861547,37891.876229809706,37.891876229809704,3159.6504999999997,24.684769531249998,4736.484528726213,255264,503808,1014552,sub-physical,0.0625,0.03125,Intel(R) Xeon(R) 6760P,AVX512,"avx2,avx512f,avx512bw,avx512vl,avx512_vnni,avx512_bf16,amx_bf16,amx_int8,amx_tile,fma",True,True,,,,,,256,128,sh14l07002s1404,3.11.9,2.1.2+cu121
20260428_134843,2026-04-28T19:13:46.814586,cpu,pytorch,separator1_grid_search_6ports_learned_dense_hd128_depth3_stages2_share1,/home/liangyi/SRS_AI/Model_AIIC_refactor/experiments_refactored/20260428_054018_default_6port_separator1_learned_dense_v2/separator1_grid_search_6ports_learned_dense_hd128_depth3_stages2_share1,default_6port_separator1_learned_dense_v2,separator1_grid_search_6ports_learned_dense_hd128_depth3_stages2_share1,supervised_nmse_plateau,separator1,12,6,jit,fp32,float32,1,1,ok,,221.455702,20,50,0.19110942,0.0028809411038061864,0.186372,0.1908105,0.19554839999999998,0.1963247,0.19798933,0.198471,5232.604441999772,5.232604441999771,190.8105,190.8105,5232.604441999772,255264,503808,1014552,single-thread,0.0078125,0.00390625,Intel(R) Xeon(R) 6760P,AVX512,"avx2,avx512f,avx512bw,avx512vl,avx512_vnni,avx512_bf16,amx_bf16,amx_int8,amx_tile,fma",True,True,,,,,,256,128,sh14l07002s1404,3.11.9,2.1.2+cu121
20260428_134843,2026-04-28T19:13:46.814586,cpu,pytorch,separator1_grid_search_6ports_learned_dense_hd128_depth3_stages2_share1,/home/liangyi/SRS_AI/Model_AIIC_refactor/experiments_refactored/20260428_054018_default_6port_separator1_learned_dense_v2/separator1_grid_search_6ports_learned_dense_hd128_depth3_stages2_share1,default_6port_separator1_learned_dense_v2,separator1_grid_search_6ports_learned_dense_hd128_depth3_stages2_share1,supervised_nmse_plateau,separator1,12,6,jit,fp32,float32,1,2,ok,,221.567828,20,50,0.23322836,0.0038813665879944914,0.229334,0.2319155,0.2393756,0.2409495,0.24326967,0.24465,4287.643235153735,4.287643235153735,231.9155,231.9155,2143.8216175768675,255264,503808,1014552,sub-physical,0.015625,0.0078125,Intel(R) Xeon(R) 6760P,AVX512,"avx2,avx512f,avx512bw,avx512vl,avx512_vnni,avx512_bf16,amx_bf16,amx_int8,amx_tile,fma",True,True,,,,,,256,128,sh14l07002s1404,3.11.9,2.1.2+cu121
20260428_134843,2026-04-28T19:13:46.814586,cpu,pytorch,separator1_grid_search_6ports_learned_dense_hd128_depth3_stages2_share1,/home/liangyi/SRS_AI/Model_AIIC_refactor/experiments_refactored/20260428_054018_default_6port_separator1_learned_dense_v2/separator1_grid_search_6ports_learned_dense_hd128_depth3_stages2_share1,default_6port_separator1_learned_dense_v2,separator1_grid_search_6ports_learned_dense_hd128_depth3_stages2_share1,supervised_nmse_plateau,separator1,12,6,jit,fp32,float32,1,4,ok,,222.442155,20,50,0.2351417,0.002101560479738806,0.231567,0.2346315,0.2377554,0.23903495,0.24095288,0.242221,4252.754828258875,4.252754828258875,234.6315,234.6315,1063.1887070647188,255264,503808,1014552,sub-physical,0.03125,0.015625,Intel(R) Xeon(R) 6760P,AVX512,"avx2,avx512f,avx512bw,avx512vl,avx512_vnni,avx512_bf16,amx_bf16,amx_int8,amx_tile,fma",True,True,,,,,,256,128,sh14l07002s1404,3.11.9,2.1.2+cu121
20260428_134843,2026-04-28T19:13:46.814586,cpu,pytorch,separator1_grid_search_6ports_learned_dense_hd128_depth3_stages2_share1,/home/liangyi/SRS_AI/Model_AIIC_refactor/experiments_refactored/20260428_054018_default_6port_separator1_learned_dense_v2/separator1_grid_search_6ports_learned_dense_hd128_depth3_stages2_share1,default_6port_separator1_learned_dense_v2,separator1_grid_search_6ports_learned_dense_hd128_depth3_stages2_share1,supervised_nmse_plateau,separator1,12,6,jit,fp32,float32,1,8,ok,,222.961238,20,50,0.25398222,0.0028287207022963563,0.249948,0.2532455,0.2582338,0.259304,0.26105069,0.261893,3937.2834838596186,3.9372834838596185,253.24550000000002,253.24550000000002,492.1604354824523,255264,503808,1014552,sub-physical,0.0625,0.03125,Intel(R) Xeon(R) 6760P,AVX512,"avx2,avx512f,avx512bw,avx512vl,avx512_vnni,avx512_bf16,amx_bf16,amx_int8,amx_tile,fma",True,True,,,,,,256,128,sh14l07002s1404,3.11.9,2.1.2+cu121
20260428_134843,2026-04-28T19:13:46.814586,cpu,pytorch,separator1_grid_search_6ports_learned_dense_hd128_depth3_stages2_share1,/home/liangyi/SRS_AI/Model_AIIC_refactor/experiments_refactored/20260428_054018_default_6port_separator1_learned_dense_v2/separator1_grid_search_6ports_learned_dense_hd128_depth3_stages2_share1,default_6port_separator1_learned_dense_v2,separator1_grid_search_6ports_learned_dense_hd128_depth3_stages2_share1,supervised_nmse_plateau,separator1,12,6,jit,fp32,float32,2,1,ok,,221.998436,20,50,0.22869272,0.003157850345029035,0.225115,0.227543,0.233622,0.2348819,0.23624632,0.236654,8745.359275100669,8.74535927510067,227.543,113.7715,8745.359275100669,255264,503808,1014552,single-thread,0.0078125,0.00390625,Intel(R) Xeon(R) 6760P,AVX512,"avx2,avx512f,avx512bw,avx512vl,avx512_vnni,avx512_bf16,amx_bf16,amx_int8,amx_tile,fma",True,True,,,,,,256,128,sh14l07002s1404,3.11.9,2.1.2+cu121
20260428_134843,2026-04-28T19:13:46.814586,cpu,pytorch,separator1_grid_search_6ports_learned_dense_hd128_depth3_stages2_share1,/home/liangyi/SRS_AI/Model_AIIC_refactor/experiments_refactored/20260428_054018_default_6port_separator1_learned_dense_v2/separator1_grid_search_6ports_learned_dense_hd128_depth3_stages2_share1,default_6port_separator1_learned_dense_v2,separator1_grid_search_6ports_learned_dense_hd128_depth3_stages2_share1,supervised_nmse_plateau,separator1,12,6,jit,fp32,float32,2,2,ok,,221.209488,20,50,0.20991312,0.004025918045067485,0.20505,0.20839649999999998,0.216346,0.2180991,0.21997231,0.220698,9527.75129062919,9.52775129062919,208.39649999999997,104.19824999999999,4763.875645314595,255264,503808,1014552,sub-physical,0.015625,0.0078125,Intel(R) Xeon(R) 6760P,AVX512,"avx2,avx512f,avx512bw,avx512vl,avx512_vnni,avx512_bf16,amx_bf16,amx_int8,amx_tile,fma",True,True,,,,,,256,128,sh14l07002s1404,3.11.9,2.1.2+cu121
20260428_134843,2026-04-28T19:13:46.814586,cpu,pytorch,separator1_grid_search_6ports_learned_dense_hd128_depth3_stages2_share1,/home/liangyi/SRS_AI/Model_AIIC_refactor/experiments_refactored/20260428_054018_default_6port_separator1_learned_dense_v2/separator1_grid_search_6ports_learned_dense_hd128_depth3_stages2_share1,default_6port_separator1_learned_dense_v2,separator1_grid_search_6ports_learned_dense_hd128_depth3_stages2_share1,supervised_nmse_plateau,separator1,12,6,jit,fp32,float32,2,4,ok,,222.094809,20,50,0.21475572,0.004417812798387909,0.209839,0.21295799999999998,0.2216378,0.22322815,0.22654201,0.22936,9312.906776126847,9.312906776126846,212.95799999999997,106.47899999999998,2328.2266940317118,255264,503808,1014552,sub-physical,0.03125,0.015625,Intel(R) Xeon(R) 6760P,AVX512,"avx2,avx512f,avx512bw,avx512vl,avx512_vnni,avx512_bf16,amx_bf16,amx_int8,amx_tile,fma",True,True,,,,,,256,128,sh14l07002s1404,3.11.9,2.1.2+cu121
20260428_134843,2026-04-28T19:13:46.814586,cpu,pytorch,separator1_grid_search_6ports_learned_dense_hd128_depth3_stages2_share1,/home/liangyi/SRS_AI/Model_AIIC_refactor/experiments_refactored/20260428_054018_default_6port_separator1_learned_dense_v2/separator1_grid_search_6ports_learned_dense_hd128_depth3_stages2_share1,default_6port_separator1_learned_dense_v2,separator1_grid_search_6ports_learned_dense_hd128_depth3_stages2_share1,supervised_nmse_plateau,separator1,12,6,jit,fp32,float32,2,8,ok,,221.430607,20,50,0.21403496,0.002764347438076481,0.209172,0.2130175,0.21841249999999998,0.2187338,0.21964036,0.219756,9344.267871005746,9.344267871005746,213.0175,106.50875,1168.0334838757183,255264,503808,1014552,sub-physical,0.0625,0.03125,Intel(R) Xeon(R) 6760P,AVX512,"avx2,avx512f,avx512bw,avx512vl,avx512_vnni,avx512_bf16,amx_bf16,amx_int8,amx_tile,fma",True,True,,,,,,256,128,sh14l07002s1404,3.11.9,2.1.2+cu121
20260428_134843,2026-04-28T19:13:46.814586,cpu,pytorch,separator1_grid_search_6ports_learned_dense_hd128_depth3_stages2_share1,/home/liangyi/SRS_AI/Model_AIIC_refactor/experiments_refactored/20260428_054018_default_6port_separator1_learned_dense_v2/separator1_grid_search_6ports_learned_dense_hd128_depth3_stages2_share1,default_6port_separator1_learned_dense_v2,separator1_grid_search_6ports_learned_dense_hd128_depth3_stages2_share1,supervised_nmse_plateau,separator1,12,6,jit,fp32,float32,4,1,ok,,221.279997,20,50,0.24225216,0.004537994192856576,0.234408,0.2414075,0.24886470000000002,0.2504358,0.25261221,0.253627,16511.720679807353,16.511720679807354,241.4075,60.351875,16511.720679807353,255264,503808,1014552,single-thread,0.0078125,0.00390625,Intel(R) Xeon(R) 6760P,AVX512,"avx2,avx512f,avx512bw,avx512vl,avx512_vnni,avx512_bf16,amx_bf16,amx_int8,amx_tile,fma",True,True,,,,,,256,128,sh14l07002s1404,3.11.9,2.1.2+cu121
20260428_134843,2026-04-28T19:13:46.814586,cpu,pytorch,separator1_grid_search_6ports_learned_dense_hd128_depth3_stages2_share1,/home/liangyi/SRS_AI/Model_AIIC_refactor/experiments_refactored/20260428_054018_default_6port_separator1_learned_dense_v2/separator1_grid_search_6ports_learned_dense_hd128_depth3_stages2_share1,default_6port_separator1_learned_dense_v2,separator1_grid_search_6ports_learned_dense_hd128_depth3_stages2_share1,supervised_nmse_plateau,separator1,12,6,jit,fp32,float32,4,2,ok,,225.269171,20,50,0.23188134,0.0030296254264182564,0.228053,0.2312185,0.2359319,0.23729255,0.24020663,0.242908,17250.202193932466,17.250202193932466,231.2185,57.804625,8625.101096966233,255264,503808,1014552,sub-physical,0.015625,0.0078125,Intel(R) Xeon(R) 6760P,AVX512,"avx2,avx512f,avx512bw,avx512vl,avx512_vnni,avx512_bf16,amx_bf16,amx_int8,amx_tile,fma",True,True,,,,,,256,128,sh14l07002s1404,3.11.9,2.1.2+cu121
20260428_134843,2026-04-28T19:13:46.814586,cpu,pytorch,separator1_grid_search_6ports_learned_dense_hd128_depth3_stages2_share1,/home/liangyi/SRS_AI/Model_AIIC_refactor/experiments_refactored/20260428_054018_default_6port_separator1_learned_dense_v2/separator1_grid_search_6ports_learned_dense_hd128_depth3_stages2_share1,default_6port_separator1_learned_dense_v2,separator1_grid_search_6ports_learned_dense_hd128_depth3_stages2_share1,supervised_nmse_plateau,separator1,12,6,jit,fp32,float32,4,4,ok,,225.808265,20,50,0.24796594,0.008185654848355137,0.239172,0.2457885,0.2560797,0.26169185,0.277107,0.283869,16131.247702809507,16.131247702809507,245.7885,61.447125,4032.811925702377,255264,503808,1014552,sub-physical,0.03125,0.015625,Intel(R) Xeon(R) 6760P,AVX512,"avx2,avx512f,avx512bw,avx512vl,avx512_vnni,avx512_bf16,amx_bf16,amx_int8,amx_tile,fma",True,True,,,,,,256,128,sh14l07002s1404,3.11.9,2.1.2+cu121
20260428_134843,2026-04-28T19:13:46.814586,cpu,pytorch,separator1_grid_search_6ports_learned_dense_hd128_depth3_stages2_share1,/home/liangyi/SRS_AI/Model_AIIC_refactor/experiments_refactored/20260428_054018_default_6port_separator1_learned_dense_v2/separator1_grid_search_6ports_learned_dense_hd128_depth3_stages2_share1,default_6port_separator1_learned_dense_v2,separator1_grid_search_6ports_learned_dense_hd128_depth3_stages2_share1,supervised_nmse_plateau,separator1,12,6,jit,fp32,float32,4,8,ok,,223.556343,20,50,0.23410562,0.004368233340333366,0.228428,0.2330575,0.2400317,0.2415854,0.24584253,0.246922,17086.304890929146,17.086304890929146,233.0575,58.264375,2135.7881113661433,255264,503808,1014552,sub-physical,0.0625,0.03125,Intel(R) Xeon(R) 6760P,AVX512,"avx2,avx512f,avx512bw,avx512vl,avx512_vnni,avx512_bf16,amx_bf16,amx_int8,amx_tile,fma",True,True,,,,,,256,128,sh14l07002s1404,3.11.9,2.1.2+cu121
20260428_134843,2026-04-28T19:13:46.814586,cpu,pytorch,separator1_grid_search_6ports_learned_dense_hd128_depth3_stages2_share1,/home/liangyi/SRS_AI/Model_AIIC_refactor/experiments_refactored/20260428_054018_default_6port_separator1_learned_dense_v2/separator1_grid_search_6ports_learned_dense_hd128_depth3_stages2_share1,default_6port_separator1_learned_dense_v2,separator1_grid_search_6ports_learned_dense_hd128_depth3_stages2_share1,supervised_nmse_plateau,separator1,12,6,jit,fp32,float32,8,1,ok,,225.681614,20,50,0.2622934,0.004018777570356437,0.255837,0.2611495,0.2685457,0.2704951,0.27152414999999996,0.272144,30500.195582504173,30.500195582504173,261.1495,32.6436875,30500.195582504173,255264,503808,1014552,single-thread,0.0078125,0.00390625,Intel(R) Xeon(R) 6760P,AVX512,"avx2,avx512f,avx512bw,avx512vl,avx512_vnni,avx512_bf16,amx_bf16,amx_int8,amx_tile,fma",True,True,,,,,,256,128,sh14l07002s1404,3.11.9,2.1.2+cu121
20260428_134843,2026-04-28T19:13:46.814586,cpu,pytorch,separator1_grid_search_6ports_learned_dense_hd128_depth3_stages2_share1,/home/liangyi/SRS_AI/Model_AIIC_refactor/experiments_refactored/20260428_054018_default_6port_separator1_learned_dense_v2/separator1_grid_search_6ports_learned_dense_hd128_depth3_stages2_share1,default_6port_separator1_learned_dense_v2,separator1_grid_search_6ports_learned_dense_hd128_depth3_stages2_share1,supervised_nmse_plateau,separator1,12,6,jit,fp32,float32,8,2,ok,,224.827689,20,50,0.27651938,0.004529732194688776,0.270842,0.2751995,0.2824858,0.28317725,0.29084982,0.292605,28931.064433892483,28.931064433892484,275.1995,34.3999375,14465.532216946242,255264,503808,1014552,sub-physical,0.015625,0.0078125,Intel(R) Xeon(R) 6760P,AVX512,"avx2,avx512f,avx512bw,avx512vl,avx512_vnni,avx512_bf16,amx_bf16,amx_int8,amx_tile,fma",True,True,,,,,,256,128,sh14l07002s1404,3.11.9,2.1.2+cu121
20260428_134843,2026-04-28T19:13:46.814586,cpu,pytorch,separator1_grid_search_6ports_learned_dense_hd128_depth3_stages2_share1,/home/liangyi/SRS_AI/Model_AIIC_refactor/experiments_refactored/20260428_054018_default_6port_separator1_learned_dense_v2/separator1_grid_search_6ports_learned_dense_hd128_depth3_stages2_share1,default_6port_separator1_learned_dense_v2,separator1_grid_search_6ports_learned_dense_hd128_depth3_stages2_share1,supervised_nmse_plateau,separator1,12,6,jit,fp32,float32,8,4,ok,,225.951961,20,50,0.35444402,0.024250267190684724,0.330959,0.3432355,0.3874735,0.41338015,0.42299059,0.425788,22570.559943429147,22.570559943429146,343.2355,42.9044375,5642.639985857287,255264,503808,1014552,sub-physical,0.03125,0.015625,Intel(R) Xeon(R) 6760P,AVX512,"avx2,avx512f,avx512bw,avx512vl,avx512_vnni,avx512_bf16,amx_bf16,amx_int8,amx_tile,fma",True,True,,,,,,256,128,sh14l07002s1404,3.11.9,2.1.2+cu121
20260428_134843,2026-04-28T19:13:46.814586,cpu,pytorch,separator1_grid_search_6ports_learned_dense_hd128_depth3_stages2_share1,/home/liangyi/SRS_AI/Model_AIIC_refactor/experiments_refactored/20260428_054018_default_6port_separator1_learned_dense_v2/separator1_grid_search_6ports_learned_dense_hd128_depth3_stages2_share1,default_6port_separator1_learned_dense_v2,separator1_grid_search_6ports_learned_dense_hd128_depth3_stages2_share1,supervised_nmse_plateau,separator1,12,6,jit,fp32,float32,8,8,ok,,225.842831,20,50,0.26606526,0.004017279446640472,0.261078,0.26485800000000004,0.27211599999999997,0.27409875,0.277188,0.278854,30067.811182865436,30.067811182865437,264.85800000000006,33.10725000000001,3758.4763978581796,255264,503808,1014552,sub-physical,0.0625,0.03125,Intel(R) Xeon(R) 6760P,AVX512,"avx2,avx512f,avx512bw,avx512vl,avx512_vnni,avx512_bf16,amx_bf16,amx_int8,amx_tile,fma",True,True,,,,,,256,128,sh14l07002s1404,3.11.9,2.1.2+cu121
20260428_134843,2026-04-28T19:13:46.814586,cpu,pytorch,separator1_grid_search_6ports_learned_dense_hd128_depth3_stages2_share1,/home/liangyi/SRS_AI/Model_AIIC_refactor/experiments_refactored/20260428_054018_default_6port_separator1_learned_dense_v2/separator1_grid_search_6ports_learned_dense_hd128_depth3_stages2_share1,default_6port_separator1_learned_dense_v2,separator1_grid_search_6ports_learned_dense_hd128_depth3_stages2_share1,supervised_nmse_plateau,separator1,12,6,jit,fp32,float32,16,1,ok,,223.726046,20,50,0.33194888,0.005414043925348223,0.321008,0.3309125,0.3385628,0.34071955,0.34357685,0.345554,48200.192752570816,48.200192752570814,330.9125,20.68203125,48200.192752570816,255264,503808,1014552,single-thread,0.0078125,0.00390625,Intel(R) Xeon(R) 6760P,AVX512,"avx2,avx512f,avx512bw,avx512vl,avx512_vnni,avx512_bf16,amx_bf16,amx_int8,amx_tile,fma",True,True,,,,,,256,128,sh14l07002s1404,3.11.9,2.1.2+cu121
20260428_134843,2026-04-28T19:13:46.814586,cpu,pytorch,separator1_grid_search_6ports_learned_dense_hd128_depth3_stages2_share1,/home/liangyi/SRS_AI/Model_AIIC_refactor/experiments_refactored/20260428_054018_default_6port_separator1_learned_dense_v2/separator1_grid_search_6ports_learned_dense_hd128_depth3_stages2_share1,default_6port_separator1_learned_dense_v2,separator1_grid_search_6ports_learned_dense_hd128_depth3_stages2_share1,supervised_nmse_plateau,separator1,12,6,jit,fp32,float32,16,2,ok,,228.730926,20,50,0.4404234,0.01265242025068722,0.427738,0.4368845,0.45517630000000003,0.46993385,0.48256213,0.489894,36328.678267321855,36.328678267321855,436.8845,27.30528125,18164.339133660927,255264,503808,1014552,sub-physical,0.015625,0.0078125,Intel(R) Xeon(R) 6760P,AVX512,"avx2,avx512f,avx512bw,avx512vl,avx512_vnni,avx512_bf16,amx_bf16,amx_int8,amx_tile,fma",True,True,,,,,,256,128,sh14l07002s1404,3.11.9,2.1.2+cu121
20260428_134843,2026-04-28T19:13:46.814586,cpu,pytorch,separator1_grid_search_6ports_learned_dense_hd128_depth3_stages2_share1,/home/liangyi/SRS_AI/Model_AIIC_refactor/experiments_refactored/20260428_054018_default_6port_separator1_learned_dense_v2/separator1_grid_search_6ports_learned_dense_hd128_depth3_stages2_share1,default_6port_separator1_learned_dense_v2,separator1_grid_search_6ports_learned_dense_hd128_depth3_stages2_share1,supervised_nmse_plateau,separator1,12,6,jit,fp32,float32,16,4,ok,,223.92825,20,50,0.4060037,0.014893389836098427,0.390436,0.40166599999999997,0.42323669999999997,0.44642024999999996,0.45141049,0.45386,39408.507853499854,39.408507853499856,401.66599999999994,25.104124999999996,9852.126963374963,255264,503808,1014552,sub-physical,0.03125,0.015625,Intel(R) Xeon(R) 6760P,AVX512,"avx2,avx512f,avx512bw,avx512vl,avx512_vnni,avx512_bf16,amx_bf16,amx_int8,amx_tile,fma",True,True,,,,,,256,128,sh14l07002s1404,3.11.9,2.1.2+cu121
20260428_134843,2026-04-28T19:13:46.814586,cpu,pytorch,separator1_grid_search_6ports_learned_dense_hd128_depth3_stages2_share1,/home/liangyi/SRS_AI/Model_AIIC_refactor/experiments_refactored/20260428_054018_default_6port_separator1_learned_dense_v2/separator1_grid_search_6ports_learned_dense_hd128_depth3_stages2_share1,default_6port_separator1_learned_dense_v2,separator1_grid_search_6ports_learned_dense_hd128_depth3_stages2_share1,supervised_nmse_plateau,separator1,12,6,jit,fp32,float32,16,8,ok,,227.925558,20,50,0.4109308,0.008571424164046486,0.399668,0.4085885,0.4200646,0.4259624,0.43863229,0.449108,38935.996036315606,38.93599603631561,408.5885,25.53678125,4866.999504539451,255264,503808,1014552,sub-physical,0.0625,0.03125,Intel(R) Xeon(R) 6760P,AVX512,"avx2,avx512f,avx512bw,avx512vl,avx512_vnni,avx512_bf16,amx_bf16,amx_int8,amx_tile,fma",True,True,,,,,,256,128,sh14l07002s1404,3.11.9,2.1.2+cu121
20260428_134843,2026-04-28T19:13:46.814586,cpu,pytorch,separator1_grid_search_6ports_learned_dense_hd128_depth3_stages2_share1,/home/liangyi/SRS_AI/Model_AIIC_refactor/experiments_refactored/20260428_054018_default_6port_separator1_learned_dense_v2/separator1_grid_search_6ports_learned_dense_hd128_depth3_stages2_share1,default_6port_separator1_learned_dense_v2,separator1_grid_search_6ports_learned_dense_hd128_depth3_stages2_share1,supervised_nmse_plateau,separator1,12,6,jit,fp32,float32,32,1,ok,,222.776321,20,50,0.4409357,0.004560931927797213,0.432651,0.4412605,0.4464447,0.44898855000000004,0.45191249,0.454264,72572.93977330482,72.57293977330482,441.2605,13.789390625,72572.93977330482,255264,503808,1014552,single-thread,0.0078125,0.00390625,Intel(R) Xeon(R) 6760P,AVX512,"avx2,avx512f,avx512bw,avx512vl,avx512_vnni,avx512_bf16,amx_bf16,amx_int8,amx_tile,fma",True,True,,,,,,256,128,sh14l07002s1404,3.11.9,2.1.2+cu121
20260428_134843,2026-04-28T19:13:46.814586,cpu,pytorch,separator1_grid_search_6ports_learned_dense_hd128_depth3_stages2_share1,/home/liangyi/SRS_AI/Model_AIIC_refactor/experiments_refactored/20260428_054018_default_6port_separator1_learned_dense_v2/separator1_grid_search_6ports_learned_dense_hd128_depth3_stages2_share1,default_6port_separator1_learned_dense_v2,separator1_grid_search_6ports_learned_dense_hd128_depth3_stages2_share1,supervised_nmse_plateau,separator1,12,6,jit,fp32,float32,32,2,ok,,225.921296,20,50,0.65567106,0.02458932066439413,0.633574,0.6462265,0.6888780000000001,0.71005005,0.7324748999999999,0.749081,48804.96021892441,48.804960218924414,646.2265,20.194578125,24402.480109462205,255264,503808,1014552,sub-physical,0.015625,0.0078125,Intel(R) Xeon(R) 6760P,AVX512,"avx2,avx512f,avx512bw,avx512vl,avx512_vnni,avx512_bf16,amx_bf16,amx_int8,amx_tile,fma",True,True,,,,,,256,128,sh14l07002s1404,3.11.9,2.1.2+cu121
20260428_134843,2026-04-28T19:13:46.814586,cpu,pytorch,separator1_grid_search_6ports_learned_dense_hd128_depth3_stages2_share1,/home/liangyi/SRS_AI/Model_AIIC_refactor/experiments_refactored/20260428_054018_default_6port_separator1_learned_dense_v2/separator1_grid_search_6ports_learned_dense_hd128_depth3_stages2_share1,default_6port_separator1_learned_dense_v2,separator1_grid_search_6ports_learned_dense_hd128_depth3_stages2_share1,supervised_nmse_plateau,separator1,12,6,jit,fp32,float32,32,4,ok,,225.190445,20,50,0.56055138,0.024811928754443897,0.539617,0.5490014999999999,0.6088072,0.6153784,0.62800089,0.628265,57086.64922027307,57.086649220273074,549.0015,17.156296875,14271.662305068268,255264,503808,1014552,sub-physical,0.03125,0.015625,Intel(R) Xeon(R) 6760P,AVX512,"avx2,avx512f,avx512bw,avx512vl,avx512_vnni,avx512_bf16,amx_bf16,amx_int8,amx_tile,fma",True,True,,,,,,256,128,sh14l07002s1404,3.11.9,2.1.2+cu121
20260428_134843,2026-04-28T19:13:46.814586,cpu,pytorch,separator1_grid_search_6ports_learned_dense_hd128_depth3_stages2_share1,/home/liangyi/SRS_AI/Model_AIIC_refactor/experiments_refactored/20260428_054018_default_6port_separator1_learned_dense_v2/separator1_grid_search_6ports_learned_dense_hd128_depth3_stages2_share1,default_6port_separator1_learned_dense_v2,separator1_grid_search_6ports_learned_dense_hd128_depth3_stages2_share1,supervised_nmse_plateau,separator1,12,6,jit,fp32,float32,32,8,ok,,224.381733,20,50,0.57158164,0.020445808543327403,0.552325,0.5624675,0.6139013,0.61783395,0.62073298,0.623329,55985.00329716679,55.98500329716679,562.4675,17.577109375,6998.125412145849,255264,503808,1014552,sub-physical,0.0625,0.03125,Intel(R) Xeon(R) 6760P,AVX512,"avx2,avx512f,avx512bw,avx512vl,avx512_vnni,avx512_bf16,amx_bf16,amx_int8,amx_tile,fma",True,True,,,,,,256,128,sh14l07002s1404,3.11.9,2.1.2+cu121
20260428_134843,2026-04-28T19:13:46.814586,cpu,pytorch,separator1_grid_search_6ports_learned_dense_hd128_depth3_stages2_share1,/home/liangyi/SRS_AI/Model_AIIC_refactor/experiments_refactored/20260428_054018_default_6port_separator1_learned_dense_v2/separator1_grid_search_6ports_learned_dense_hd128_depth3_stages2_share1,default_6port_separator1_learned_dense_v2,separator1_grid_search_6ports_learned_dense_hd128_depth3_stages2_share1,supervised_nmse_plateau,separator1,12,6,jit,fp32,float32,64,1,ok,,228.757967,20,50,0.68607102,0.00852209366409452,0.671407,0.6854089999999999,0.693755,0.69646195,0.71715381,0.722363,93284.8030805907,93.2848030805907,685.4089999999999,10.709515624999998,93284.8030805907,255264,503808,1014552,single-thread,0.0078125,0.00390625,Intel(R) Xeon(R) 6760P,AVX512,"avx2,avx512f,avx512bw,avx512vl,avx512_vnni,avx512_bf16,amx_bf16,amx_int8,amx_tile,fma",True,True,,,,,,256,128,sh14l07002s1404,3.11.9,2.1.2+cu121
20260428_134843,2026-04-28T19:13:46.814586,cpu,pytorch,separator1_grid_search_6ports_learned_dense_hd128_depth3_stages2_share1,/home/liangyi/SRS_AI/Model_AIIC_refactor/experiments_refactored/20260428_054018_default_6port_separator1_learned_dense_v2/separator1_grid_search_6ports_learned_dense_hd128_depth3_stages2_share1,default_6port_separator1_learned_dense_v2,separator1_grid_search_6ports_learned_dense_hd128_depth3_stages2_share1,supervised_nmse_plateau,separator1,12,6,jit,fp32,float32,64,2,ok,,230.173549,20,50,1.12349974,0.028781824651547036,1.065916,1.1145445,1.1657457,1.17863295,1.19174978,1.197913,56964.85519435902,56.96485519435902,1114.5445,17.4147578125,28482.42759717951,255264,503808,1014552,sub-physical,0.015625,0.0078125,Intel(R) Xeon(R) 6760P,AVX512,"avx2,avx512f,avx512bw,avx512vl,avx512_vnni,avx512_bf16,amx_bf16,amx_int8,amx_tile,fma",True,True,,,,,,256,128,sh14l07002s1404,3.11.9,2.1.2+cu121
20260428_134843,2026-04-28T19:13:46.814586,cpu,pytorch,separator1_grid_search_6ports_learned_dense_hd128_depth3_stages2_share1,/home/liangyi/SRS_AI/Model_AIIC_refactor/experiments_refactored/20260428_054018_default_6port_separator1_learned_dense_v2/separator1_grid_search_6ports_learned_dense_hd128_depth3_stages2_share1,default_6port_separator1_learned_dense_v2,separator1_grid_search_6ports_learned_dense_hd128_depth3_stages2_share1,supervised_nmse_plateau,separator1,12,6,jit,fp32,float32,64,4,ok,,231.102971,20,50,1.0176786,0.041477571533058685,0.974095,0.9968795,1.0850682,1.1054217,1.11573264,1.120076,62888.22423896897,62.888224238968974,996.8795,15.5762421875,15722.056059742243,255264,503808,1014552,sub-physical,0.03125,0.015625,Intel(R) Xeon(R) 6760P,AVX512,"avx2,avx512f,avx512bw,avx512vl,avx512_vnni,avx512_bf16,amx_bf16,amx_int8,amx_tile,fma",True,True,,,,,,256,128,sh14l07002s1404,3.11.9,2.1.2+cu121
20260428_134843,2026-04-28T19:13:46.814586,cpu,pytorch,separator1_grid_search_6ports_learned_dense_hd128_depth3_stages2_share1,/home/liangyi/SRS_AI/Model_AIIC_refactor/experiments_refactored/20260428_054018_default_6port_separator1_learned_dense_v2/separator1_grid_search_6ports_learned_dense_hd128_depth3_stages2_share1,default_6port_separator1_learned_dense_v2,separator1_grid_search_6ports_learned_dense_hd128_depth3_stages2_share1,supervised_nmse_plateau,separator1,12,6,jit,fp32,float32,64,8,ok,,229.592701,20,50,0.85512802,0.03191815325202258,0.823286,0.840618,0.9028808,0.9205958,0.94772954,0.952411,74842.59491344934,74.84259491344935,840.6179999999999,13.134656249999999,9355.324364181168,255264,503808,1014552,sub-physical,0.0625,0.03125,Intel(R) Xeon(R) 6760P,AVX512,"avx2,avx512f,avx512bw,avx512vl,avx512_vnni,avx512_bf16,amx_bf16,amx_int8,amx_tile,fma",True,True,,,,,,256,128,sh14l07002s1404,3.11.9,2.1.2+cu121
20260428_134843,2026-04-28T19:13:46.814586,cpu,pytorch,separator1_grid_search_6ports_learned_dense_hd128_depth3_stages2_share1,/home/liangyi/SRS_AI/Model_AIIC_refactor/experiments_refactored/20260428_054018_default_6port_separator1_learned_dense_v2/separator1_grid_search_6ports_learned_dense_hd128_depth3_stages2_share1,default_6port_separator1_learned_dense_v2,separator1_grid_search_6ports_learned_dense_hd128_depth3_stages2_share1,supervised_nmse_plateau,separator1,12,6,jit,fp32,float32,128,1,ok,,229.741483,20,50,1.15415506,0.03455243685033518,1.125179,1.1374355,1.2067497,1.2286894,1.2516577500000001,1.254512,110903.64235807276,110.90364235807276,1137.4355,8.88621484375,110903.64235807276,255264,503808,1014552,single-thread,0.0078125,0.00390625,Intel(R) Xeon(R) 6760P,AVX512,"avx2,avx512f,avx512bw,avx512vl,avx512_vnni,avx512_bf16,amx_bf16,amx_int8,amx_tile,fma",True,True,,,,,,256,128,sh14l07002s1404,3.11.9,2.1.2+cu121
20260428_134843,2026-04-28T19:13:46.814586,cpu,pytorch,separator1_grid_search_6ports_learned_dense_hd128_depth3_stages2_share1,/home/liangyi/SRS_AI/Model_AIIC_refactor/experiments_refactored/20260428_054018_default_6port_separator1_learned_dense_v2/separator1_grid_search_6ports_learned_dense_hd128_depth3_stages2_share1,default_6port_separator1_learned_dense_v2,separator1_grid_search_6ports_learned_dense_hd128_depth3_stages2_share1,supervised_nmse_plateau,separator1,12,6,jit,fp32,float32,128,2,ok,,233.236588,20,50,1.79004014,0.018915152124167542,1.751104,1.788626,1.8127166,1.82392895,1.83844593,1.840574,71506.7763787688,71.5067763787688,1788.626,13.973640625,35753.3881893844,255264,503808,1014552,sub-physical,0.015625,0.0078125,Intel(R) Xeon(R) 6760P,AVX512,"avx2,avx512f,avx512bw,avx512vl,avx512_vnni,avx512_bf16,amx_bf16,amx_int8,amx_tile,fma",True,True,,,,,,256,128,sh14l07002s1404,3.11.9,2.1.2+cu121
20260428_134843,2026-04-28T19:13:46.814586,cpu,pytorch,separator1_grid_search_6ports_learned_dense_hd128_depth3_stages2_share1,/home/liangyi/SRS_AI/Model_AIIC_refactor/experiments_refactored/20260428_054018_default_6port_separator1_learned_dense_v2/separator1_grid_search_6ports_learned_dense_hd128_depth3_stages2_share1,default_6port_separator1_learned_dense_v2,separator1_grid_search_6ports_learned_dense_hd128_depth3_stages2_share1,supervised_nmse_plateau,separator1,12,6,jit,fp32,float32,128,4,ok,,236.365143,20,50,1.60558714,0.02370908899136363,1.55961,1.603908,1.6359655,1.6508296,1.67398044,1.688898,79721.61510959786,79.72161510959786,1603.908,12.53053125,19930.403777399464,255264,503808,1014552,sub-physical,0.03125,0.015625,Intel(R) Xeon(R) 6760P,AVX512,"avx2,avx512f,avx512bw,avx512vl,avx512_vnni,avx512_bf16,amx_bf16,amx_int8,amx_tile,fma",True,True,,,,,,256,128,sh14l07002s1404,3.11.9,2.1.2+cu121
20260428_134843,2026-04-28T19:13:46.814586,cpu,pytorch,separator1_grid_search_6ports_learned_dense_hd128_depth3_stages2_share1,/home/liangyi/SRS_AI/Model_AIIC_refactor/experiments_refactored/20260428_054018_default_6port_separator1_learned_dense_v2/separator1_grid_search_6ports_learned_dense_hd128_depth3_stages2_share1,default_6port_separator1_learned_dense_v2,separator1_grid_search_6ports_learned_dense_hd128_depth3_stages2_share1,supervised_nmse_plateau,separator1,12,6,jit,fp32,float32,128,8,ok,,230.613552,20,50,1.4395630799999999,0.0476155590062072,1.371616,1.4268955,1.5056384,1.55037425,1.5706187299999999,1.574501,88915.86744500283,88.91586744500283,1426.8955,11.14762109375,11114.483430625354,255264,503808,1014552,sub-physical,0.0625,0.03125,Intel(R) Xeon(R) 6760P,AVX512,"avx2,avx512f,avx512bw,avx512vl,avx512_vnni,avx512_bf16,amx_bf16,amx_int8,amx_tile,fma",True,True,,,,,,256,128,sh14l07002s1404,3.11.9,2.1.2+cu121
20260428_134843,2026-04-28T19:13:46.814586,cpu,pytorch,separator1_grid_search_6ports_learned_dense_hd128_depth3_stages2_share1,/home/liangyi/SRS_AI/Model_AIIC_refactor/experiments_refactored/20260428_054018_default_6port_separator1_learned_dense_v2/separator1_grid_search_6ports_learned_dense_hd128_depth3_stages2_share1,default_6port_separator1_learned_dense_v2,separator1_grid_search_6ports_learned_dense_hd128_depth3_stages2_share1,supervised_nmse_plateau,separator1,12,6,jit,bf16,bfloat16,1,1,ok,,225.407547,20,50,0.45817338,0.0032442676454941255,0.452199,0.45786899999999997,0.4617024,0.4644218,0.46698192,0.467566,2182.579878385776,2.1825798783857757,457.86899999999997,457.86899999999997,2182.579878385776,255264,503808,1014552,single-thread,0.0078125,0.00390625,Intel(R) Xeon(R) 6760P,AVX512,"avx2,avx512f,avx512bw,avx512vl,avx512_vnni,avx512_bf16,amx_bf16,amx_int8,amx_tile,fma",True,True,,,,,,256,128,sh14l07002s1404,3.11.9,2.1.2+cu121
20260428_134843,2026-04-28T19:13:46.814586,cpu,pytorch,separator1_grid_search_6ports_learned_dense_hd128_depth3_stages2_share1,/home/liangyi/SRS_AI/Model_AIIC_refactor/experiments_refactored/20260428_054018_default_6port_separator1_learned_dense_v2/separator1_grid_search_6ports_learned_dense_hd128_depth3_stages2_share1,default_6port_separator1_learned_dense_v2,separator1_grid_search_6ports_learned_dense_hd128_depth3_stages2_share1,supervised_nmse_plateau,separator1,12,6,jit,bf16,bfloat16,1,2,ok,,223.750456,20,50,0.5114528,0.003875710417458976,0.504004,0.5107265,0.5164842,0.51758725,0.51973707,0.520255,1955.2146356418418,1.9552146356418418,510.7265,510.7265,977.6073178209209,255264,503808,1014552,sub-physical,0.015625,0.0078125,Intel(R) Xeon(R) 6760P,AVX512,"avx2,avx512f,avx512bw,avx512vl,avx512_vnni,avx512_bf16,amx_bf16,amx_int8,amx_tile,fma",True,True,,,,,,256,128,sh14l07002s1404,3.11.9,2.1.2+cu121
20260428_134843,2026-04-28T19:13:46.814586,cpu,pytorch,separator1_grid_search_6ports_learned_dense_hd128_depth3_stages2_share1,/home/liangyi/SRS_AI/Model_AIIC_refactor/experiments_refactored/20260428_054018_default_6port_separator1_learned_dense_v2/separator1_grid_search_6ports_learned_dense_hd128_depth3_stages2_share1,default_6port_separator1_learned_dense_v2,separator1_grid_search_6ports_learned_dense_hd128_depth3_stages2_share1,supervised_nmse_plateau,separator1,12,6,jit,bf16,bfloat16,1,4,ok,,227.145741,20,50,0.50902906,0.005271934788708984,0.500211,0.5089779999999999,0.5143568,0.5149115,0.5242076,0.526246,1964.5243829497672,1.9645243829497672,508.97799999999995,508.97799999999995,491.1310957374418,255264,503808,1014552,sub-physical,0.03125,0.015625,Intel(R) Xeon(R) 6760P,AVX512,"avx2,avx512f,avx512bw,avx512vl,avx512_vnni,avx512_bf16,amx_bf16,amx_int8,amx_tile,fma",True,True,,,,,,256,128,sh14l07002s1404,3.11.9,2.1.2+cu121
20260428_134843,2026-04-28T19:13:46.814586,cpu,pytorch,separator1_grid_search_6ports_learned_dense_hd128_depth3_stages2_share1,/home/liangyi/SRS_AI/Model_AIIC_refactor/experiments_refactored/20260428_054018_default_6port_separator1_learned_dense_v2/separator1_grid_search_6ports_learned_dense_hd128_depth3_stages2_share1,default_6port_separator1_learned_dense_v2,separator1_grid_search_6ports_learned_dense_hd128_depth3_stages2_share1,supervised_nmse_plateau,separator1,12,6,jit,bf16,bfloat16,1,8,ok,,228.164806,20,50,0.52282046,0.0051973930704152,0.514062,0.5230055,0.5290115,0.5315776,0.5344629,0.535585,1912.7024982916696,1.9127024982916696,523.0055,523.0055,239.0878122864587,255264,503808,1014552,sub-physical,0.0625,0.03125,Intel(R) Xeon(R) 6760P,AVX512,"avx2,avx512f,avx512bw,avx512vl,avx512_vnni,avx512_bf16,amx_bf16,amx_int8,amx_tile,fma",True,True,,,,,,256,128,sh14l07002s1404,3.11.9,2.1.2+cu121
20260428_134843,2026-04-28T19:13:46.814586,cpu,pytorch,separator1_grid_search_6ports_learned_dense_hd128_depth3_stages2_share1,/home/liangyi/SRS_AI/Model_AIIC_refactor/experiments_refactored/20260428_054018_default_6port_separator1_learned_dense_v2/separator1_grid_search_6ports_learned_dense_hd128_depth3_stages2_share1,default_6port_separator1_learned_dense_v2,separator1_grid_search_6ports_learned_dense_hd128_depth3_stages2_share1,supervised_nmse_plateau,separator1,12,6,jit,bf16,bfloat16,2,1,ok,,235.002214,20,50,0.73124268,0.03399964188307871,0.70823,0.7220265,0.7315425,0.8279357499999999,0.86045569,0.868109,2735.070113795874,2.735070113795874,722.0265,361.01325,2735.070113795874,255264,503808,1014552,single-thread,0.0078125,0.00390625,Intel(R) Xeon(R) 6760P,AVX512,"avx2,avx512f,avx512bw,avx512vl,avx512_vnni,avx512_bf16,amx_bf16,amx_int8,amx_tile,fma",True,True,,,,,,256,128,sh14l07002s1404,3.11.9,2.1.2+cu121
20260428_134843,2026-04-28T19:13:46.814586,cpu,pytorch,separator1_grid_search_6ports_learned_dense_hd128_depth3_stages2_share1,/home/liangyi/SRS_AI/Model_AIIC_refactor/experiments_refactored/20260428_054018_default_6port_separator1_learned_dense_v2/separator1_grid_search_6ports_learned_dense_hd128_depth3_stages2_share1,default_6port_separator1_learned_dense_v2,separator1_grid_search_6ports_learned_dense_hd128_depth3_stages2_share1,supervised_nmse_plateau,separator1,12,6,jit,bf16,bfloat16,2,2,ok,,235.942387,20,50,0.78128984,0.004136734216069488,0.773932,0.781456,0.786116,0.78711005,0.79151812,0.792455,2559.8694589449674,2.5598694589449673,781.456,390.728,1279.9347294724837,255264,503808,1014552,sub-physical,0.015625,0.0078125,Intel(R) Xeon(R) 6760P,AVX512,"avx2,avx512f,avx512bw,avx512vl,avx512_vnni,avx512_bf16,amx_bf16,amx_int8,amx_tile,fma",True,True,,,,,,256,128,sh14l07002s1404,3.11.9,2.1.2+cu121
20260428_134843,2026-04-28T19:13:46.814586,cpu,pytorch,separator1_grid_search_6ports_learned_dense_hd128_depth3_stages2_share1,/home/liangyi/SRS_AI/Model_AIIC_refactor/experiments_refactored/20260428_054018_default_6port_separator1_learned_dense_v2/separator1_grid_search_6ports_learned_dense_hd128_depth3_stages2_share1,default_6port_separator1_learned_dense_v2,separator1_grid_search_6ports_learned_dense_hd128_depth3_stages2_share1,supervised_nmse_plateau,separator1,12,6,jit,bf16,bfloat16,2,4,ok,,234.3532,20,50,0.82213226,0.006821997167428311,0.810524,0.8220475,0.8265642,0.83125705,0.84630443,0.852034,2432.698602533855,2.432698602533855,822.0475,411.02375,608.1746506334638,255264,503808,1014552,sub-physical,0.03125,0.015625,Intel(R) Xeon(R) 6760P,AVX512,"avx2,avx512f,avx512bw,avx512vl,avx512_vnni,avx512_bf16,amx_bf16,amx_int8,amx_tile,fma",True,True,,,,,,256,128,sh14l07002s1404,3.11.9,2.1.2+cu121
20260428_134843,2026-04-28T19:13:46.814586,cpu,pytorch,separator1_grid_search_6ports_learned_dense_hd128_depth3_stages2_share1,/home/liangyi/SRS_AI/Model_AIIC_refactor/experiments_refactored/20260428_054018_default_6port_separator1_learned_dense_v2/separator1_grid_search_6ports_learned_dense_hd128_depth3_stages2_share1,default_6port_separator1_learned_dense_v2,separator1_grid_search_6ports_learned_dense_hd128_depth3_stages2_share1,supervised_nmse_plateau,separator1,12,6,jit,bf16,bfloat16,2,8,ok,,237.555191,20,50,0.84031988,0.014537735096829913,0.820931,0.8364735000000001,0.8549867999999999,0.87774375,0.8873295,0.887893,2380.0460367544797,2.3800460367544796,836.4735000000001,418.23675000000003,297.50575459430996,255264,503808,1014552,sub-physical,0.0625,0.03125,Intel(R) Xeon(R) 6760P,AVX512,"avx2,avx512f,avx512bw,avx512vl,avx512_vnni,avx512_bf16,amx_bf16,amx_int8,amx_tile,fma",True,True,,,,,,256,128,sh14l07002s1404,3.11.9,2.1.2+cu121
20260428_134843,2026-04-28T19:13:46.814586,cpu,pytorch,separator1_grid_search_6ports_learned_dense_hd128_depth3_stages2_share1,/home/liangyi/SRS_AI/Model_AIIC_refactor/experiments_refactored/20260428_054018_default_6port_separator1_learned_dense_v2/separator1_grid_search_6ports_learned_dense_hd128_depth3_stages2_share1,default_6port_separator1_learned_dense_v2,separator1_grid_search_6ports_learned_dense_hd128_depth3_stages2_share1,supervised_nmse_plateau,separator1,12,6,jit,bf16,bfloat16,4,1,ok,,233.996917,20,50,0.93030282,0.06687456804905435,0.88089,0.9001995,1.0853595999999999,1.09040875,1.09643219,1.098279,4299.675239079679,4.299675239079679,900.1995000000001,225.04987500000001,4299.675239079679,255264,503808,1014552,single-thread,0.0078125,0.00390625,Intel(R) Xeon(R) 6760P,AVX512,"avx2,avx512f,avx512bw,avx512vl,avx512_vnni,avx512_bf16,amx_bf16,amx_int8,amx_tile,fma",True,True,,,,,,256,128,sh14l07002s1404,3.11.9,2.1.2+cu121
20260428_134843,2026-04-28T19:13:46.814586,cpu,pytorch,separator1_grid_search_6ports_learned_dense_hd128_depth3_stages2_share1,/home/liangyi/SRS_AI/Model_AIIC_refactor/experiments_refactored/20260428_054018_default_6port_separator1_learned_dense_v2/separator1_grid_search_6ports_learned_dense_hd128_depth3_stages2_share1,default_6port_separator1_learned_dense_v2,separator1_grid_search_6ports_learned_dense_hd128_depth3_stages2_share1,supervised_nmse_plateau,separator1,12,6,jit,bf16,bfloat16,4,2,ok,,233.768656,20,50,1.03220462,0.0456695580569333,1.008467,1.0209205,1.0309193,1.1050041999999998,1.23819198,1.243875,3875.200636090934,3.875200636090934,1020.9205,255.230125,1937.600318045467,255264,503808,1014552,sub-physical,0.015625,0.0078125,Intel(R) Xeon(R) 6760P,AVX512,"avx2,avx512f,avx512bw,avx512vl,avx512_vnni,avx512_bf16,amx_bf16,amx_int8,amx_tile,fma",True,True,,,,,,256,128,sh14l07002s1404,3.11.9,2.1.2+cu121
20260428_134843,2026-04-28T19:13:46.814586,cpu,pytorch,separator1_grid_search_6ports_learned_dense_hd128_depth3_stages2_share1,/home/liangyi/SRS_AI/Model_AIIC_refactor/experiments_refactored/20260428_054018_default_6port_separator1_learned_dense_v2/separator1_grid_search_6ports_learned_dense_hd128_depth3_stages2_share1,default_6port_separator1_learned_dense_v2,separator1_grid_search_6ports_learned_dense_hd128_depth3_stages2_share1,supervised_nmse_plateau,separator1,12,6,jit,bf16,bfloat16,4,4,ok,,233.369635,20,50,1.0032073,0.03570001083823367,0.978127,0.9933145,1.0135185,1.0881347499999998,1.14136491,1.153145,3987.2118155440057,3.987211815544006,993.3145,248.328625,996.8029538860014,255264,503808,1014552,sub-physical,0.03125,0.015625,Intel(R) Xeon(R) 6760P,AVX512,"avx2,avx512f,avx512bw,avx512vl,avx512_vnni,avx512_bf16,amx_bf16,amx_int8,amx_tile,fma",True,True,,,,,,256,128,sh14l07002s1404,3.11.9,2.1.2+cu121
20260428_134843,2026-04-28T19:13:46.814586,cpu,pytorch,separator1_grid_search_6ports_learned_dense_hd128_depth3_stages2_share1,/home/liangyi/SRS_AI/Model_AIIC_refactor/experiments_refactored/20260428_054018_default_6port_separator1_learned_dense_v2/separator1_grid_search_6ports_learned_dense_hd128_depth3_stages2_share1,default_6port_separator1_learned_dense_v2,separator1_grid_search_6ports_learned_dense_hd128_depth3_stages2_share1,supervised_nmse_plateau,separator1,12,6,jit,bf16,bfloat16,4,8,ok,,239.154566,20,50,1.09644476,0.014239205562895705,1.078435,1.0933920000000001,1.1166455,1.1231366,1.13546426,1.142288,3648.1546047062143,3.6481546047062143,1093.392,273.348,456.0193255882768,255264,503808,1014552,sub-physical,0.0625,0.03125,Intel(R) Xeon(R) 6760P,AVX512,"avx2,avx512f,avx512bw,avx512vl,avx512_vnni,avx512_bf16,amx_bf16,amx_int8,amx_tile,fma",True,True,,,,,,256,128,sh14l07002s1404,3.11.9,2.1.2+cu121
20260428_134843,2026-04-28T19:13:46.814586,cpu,pytorch,separator1_grid_search_6ports_learned_dense_hd128_depth3_stages2_share1,/home/liangyi/SRS_AI/Model_AIIC_refactor/experiments_refactored/20260428_054018_default_6port_separator1_learned_dense_v2/separator1_grid_search_6ports_learned_dense_hd128_depth3_stages2_share1,default_6port_separator1_learned_dense_v2,separator1_grid_search_6ports_learned_dense_hd128_depth3_stages2_share1,supervised_nmse_plateau,separator1,12,6,jit,bf16,bfloat16,8,1,ok,,231.069748,20,50,0.93163508,0.04765000998733999,0.906257,0.9187745,0.9336317,1.0381070999999997,1.12623735,1.131914,8587.053205424596,8.587053205424596,918.7745000000001,114.84681250000001,8587.053205424596,255264,503808,1014552,single-thread,0.0078125,0.00390625,Intel(R) Xeon(R) 6760P,AVX512,"avx2,avx512f,avx512bw,avx512vl,avx512_vnni,avx512_bf16,amx_bf16,amx_int8,amx_tile,fma",True,True,,,,,,256,128,sh14l07002s1404,3.11.9,2.1.2+cu121
20260428_134843,2026-04-28T19:13:46.814586,cpu,pytorch,separator1_grid_search_6ports_learned_dense_hd128_depth3_stages2_share1,/home/liangyi/SRS_AI/Model_AIIC_refactor/experiments_refactored/20260428_054018_default_6port_separator1_learned_dense_v2/separator1_grid_search_6ports_learned_dense_hd128_depth3_stages2_share1,default_6port_separator1_learned_dense_v2,separator1_grid_search_6ports_learned_dense_hd128_depth3_stages2_share1,supervised_nmse_plateau,separator1,12,6,jit,bf16,bfloat16,8,2,ok,,237.404457,20,50,1.19023424,0.07283547942934404,1.148909,1.1603245,1.3611754999999999,1.38383525,1.3909353500000001,1.392692,6721.366039679718,6.721366039679718,1160.3245,145.0405625,3360.683019839859,255264,503808,1014552,sub-physical,0.015625,0.0078125,Intel(R) Xeon(R) 6760P,AVX512,"avx2,avx512f,avx512bw,avx512vl,avx512_vnni,avx512_bf16,amx_bf16,amx_int8,amx_tile,fma",True,True,,,,,,256,128,sh14l07002s1404,3.11.9,2.1.2+cu121
20260428_134843,2026-04-28T19:13:46.814586,cpu,pytorch,separator1_grid_search_6ports_learned_dense_hd128_depth3_stages2_share1,/home/liangyi/SRS_AI/Model_AIIC_refactor/experiments_refactored/20260428_054018_default_6port_separator1_learned_dense_v2/separator1_grid_search_6ports_learned_dense_hd128_depth3_stages2_share1,default_6port_separator1_learned_dense_v2,separator1_grid_search_6ports_learned_dense_hd128_depth3_stages2_share1,supervised_nmse_plateau,separator1,12,6,jit,bf16,bfloat16,8,4,ok,,235.414456,20,50,1.13256776,0.04391132032702273,1.109269,1.1223990000000001,1.1350926000000001,1.1769177999999998,1.33645695,1.340154,7063.595029404687,7.063595029404687,1122.3990000000001,140.29987500000001,1765.8987573511718,255264,503808,1014552,sub-physical,0.03125,0.015625,Intel(R) Xeon(R) 6760P,AVX512,"avx2,avx512f,avx512bw,avx512vl,avx512_vnni,avx512_bf16,amx_bf16,amx_int8,amx_tile,fma",True,True,,,,,,256,128,sh14l07002s1404,3.11.9,2.1.2+cu121
20260428_134843,2026-04-28T19:13:46.814586,cpu,pytorch,separator1_grid_search_6ports_learned_dense_hd128_depth3_stages2_share1,/home/liangyi/SRS_AI/Model_AIIC_refactor/experiments_refactored/20260428_054018_default_6port_separator1_learned_dense_v2/separator1_grid_search_6ports_learned_dense_hd128_depth3_stages2_share1,default_6port_separator1_learned_dense_v2,separator1_grid_search_6ports_learned_dense_hd128_depth3_stages2_share1,supervised_nmse_plateau,separator1,12,6,jit,bf16,bfloat16,8,8,ok,,240.144813,20,50,1.25981544,0.015481765527432592,1.219967,1.2601559999999998,1.2760811,1.28473235,1.28833788,1.290635,6350.13649300885,6.350136493008851,1260.1559999999997,157.51949999999997,793.7670616261063,255264,503808,1014552,sub-physical,0.0625,0.03125,Intel(R) Xeon(R) 6760P,AVX512,"avx2,avx512f,avx512bw,avx512vl,avx512_vnni,avx512_bf16,amx_bf16,amx_int8,amx_tile,fma",True,True,,,,,,256,128,sh14l07002s1404,3.11.9,2.1.2+cu121
20260428_134843,2026-04-28T19:13:46.814586,cpu,pytorch,separator1_grid_search_6ports_learned_dense_hd128_depth3_stages2_share1,/home/liangyi/SRS_AI/Model_AIIC_refactor/experiments_refactored/20260428_054018_default_6port_separator1_learned_dense_v2/separator1_grid_search_6ports_learned_dense_hd128_depth3_stages2_share1,default_6port_separator1_learned_dense_v2,separator1_grid_search_6ports_learned_dense_hd128_depth3_stages2_share1,supervised_nmse_plateau,separator1,12,6,jit,bf16,bfloat16,16,1,ok,,235.107183,20,50,0.99979058,0.06738132713982117,0.961974,0.9756865,1.0505789,1.2083739500000001,1.2232296599999999,1.224046,16003.351421854764,16.003351421854763,975.6865,60.98040625,16003.351421854764,255264,503808,1014552,single-thread,0.0078125,0.00390625,Intel(R) Xeon(R) 6760P,AVX512,"avx2,avx512f,avx512bw,avx512vl,avx512_vnni,avx512_bf16,amx_bf16,amx_int8,amx_tile,fma",True,True,,,,,,256,128,sh14l07002s1404,3.11.9,2.1.2+cu121
20260428_134843,2026-04-28T19:13:46.814586,cpu,pytorch,separator1_grid_search_6ports_learned_dense_hd128_depth3_stages2_share1,/home/liangyi/SRS_AI/Model_AIIC_refactor/experiments_refactored/20260428_054018_default_6port_separator1_learned_dense_v2/separator1_grid_search_6ports_learned_dense_hd128_depth3_stages2_share1,default_6port_separator1_learned_dense_v2,separator1_grid_search_6ports_learned_dense_hd128_depth3_stages2_share1,supervised_nmse_plateau,separator1,12,6,jit,bf16,bfloat16,16,2,ok,,234.302086,20,50,1.23680686,0.0349193668430629,1.199927,1.2280335,1.2504095,1.3104048499999998,1.3732449999999998,1.384711,12936.538854579121,12.936538854579121,1228.0335,76.75209375,6468.269427289561,255264,503808,1014552,sub-physical,0.015625,0.0078125,Intel(R) Xeon(R) 6760P,AVX512,"avx2,avx512f,avx512bw,avx512vl,avx512_vnni,avx512_bf16,amx_bf16,amx_int8,amx_tile,fma",True,True,,,,,,256,128,sh14l07002s1404,3.11.9,2.1.2+cu121
20260428_134843,2026-04-28T19:13:46.814586,cpu,pytorch,separator1_grid_search_6ports_learned_dense_hd128_depth3_stages2_share1,/home/liangyi/SRS_AI/Model_AIIC_refactor/experiments_refactored/20260428_054018_default_6port_separator1_learned_dense_v2/separator1_grid_search_6ports_learned_dense_hd128_depth3_stages2_share1,default_6port_separator1_learned_dense_v2,separator1_grid_search_6ports_learned_dense_hd128_depth3_stages2_share1,supervised_nmse_plateau,separator1,12,6,jit,bf16,bfloat16,16,4,ok,,240.577204,20,50,1.32153842,0.020334517630954514,1.292204,1.316312,1.3443429,1.36497575,1.37319316,1.373495,12107.101661107969,12.107101661107968,1316.312,82.2695,3026.775415276992,255264,503808,1014552,sub-physical,0.03125,0.015625,Intel(R) Xeon(R) 6760P,AVX512,"avx2,avx512f,avx512bw,avx512vl,avx512_vnni,avx512_bf16,amx_bf16,amx_int8,amx_tile,fma",True,True,,,,,,256,128,sh14l07002s1404,3.11.9,2.1.2+cu121
20260428_134843,2026-04-28T19:13:46.814586,cpu,pytorch,separator1_grid_search_6ports_learned_dense_hd128_depth3_stages2_share1,/home/liangyi/SRS_AI/Model_AIIC_refactor/experiments_refactored/20260428_054018_default_6port_separator1_learned_dense_v2/separator1_grid_search_6ports_learned_dense_hd128_depth3_stages2_share1,default_6port_separator1_learned_dense_v2,separator1_grid_search_6ports_learned_dense_hd128_depth3_stages2_share1,supervised_nmse_plateau,separator1,12,6,jit,bf16,bfloat16,16,8,ok,,239.237165,20,50,1.32754518,0.032802337799425214,1.272718,1.32237,1.3685568,1.3903405,1.41280894,1.418392,12052.320509347937,12.052320509347938,1322.3700000000001,82.64812500000001,1506.5400636684922,255264,503808,1014552,sub-physical,0.0625,0.03125,Intel(R) Xeon(R) 6760P,AVX512,"avx2,avx512f,avx512bw,avx512vl,avx512_vnni,avx512_bf16,amx_bf16,amx_int8,amx_tile,fma",True,True,,,,,,256,128,sh14l07002s1404,3.11.9,2.1.2+cu121
20260428_134843,2026-04-28T19:13:46.814586,cpu,pytorch,separator1_grid_search_6ports_learned_dense_hd128_depth3_stages2_share1,/home/liangyi/SRS_AI/Model_AIIC_refactor/experiments_refactored/20260428_054018_default_6port_separator1_learned_dense_v2/separator1_grid_search_6ports_learned_dense_hd128_depth3_stages2_share1,default_6port_separator1_learned_dense_v2,separator1_grid_search_6ports_learned_dense_hd128_depth3_stages2_share1,supervised_nmse_plateau,separator1,12,6,jit,bf16,bfloat16,32,1,ok,,232.161267,20,50,1.07903288,0.0422213472005051,1.051674,1.0660500000000002,1.1171528,1.1858402499999998,1.23458647,1.253254,29656.186195178783,29.656186195178783,1066.0500000000002,33.314062500000006,29656.186195178783,255264,503808,1014552,single-thread,0.0078125,0.00390625,Intel(R) Xeon(R) 6760P,AVX512,"avx2,avx512f,avx512bw,avx512vl,avx512_vnni,avx512_bf16,amx_bf16,amx_int8,amx_tile,fma",True,True,,,,,,256,128,sh14l07002s1404,3.11.9,2.1.2+cu121
20260428_134843,2026-04-28T19:13:46.814586,cpu,pytorch,separator1_grid_search_6ports_learned_dense_hd128_depth3_stages2_share1,/home/liangyi/SRS_AI/Model_AIIC_refactor/experiments_refactored/20260428_054018_default_6port_separator1_learned_dense_v2/separator1_grid_search_6ports_learned_dense_hd128_depth3_stages2_share1,default_6port_separator1_learned_dense_v2,separator1_grid_search_6ports_learned_dense_hd128_depth3_stages2_share1,supervised_nmse_plateau,separator1,12,6,jit,bf16,bfloat16,32,2,ok,,238.017349,20,50,1.4564323,0.039486769443574384,1.420924,1.4470744999999998,1.4905237,1.551442,1.59669683,1.602593,21971.498434908375,21.971498434908376,1447.0744999999997,45.22107812499999,10985.749217454188,255264,503808,1014552,sub-physical,0.015625,0.0078125,Intel(R) Xeon(R) 6760P,AVX512,"avx2,avx512f,avx512bw,avx512vl,avx512_vnni,avx512_bf16,amx_bf16,amx_int8,amx_tile,fma",True,True,,,,,,256,128,sh14l07002s1404,3.11.9,2.1.2+cu121
20260428_134843,2026-04-28T19:13:46.814586,cpu,pytorch,separator1_grid_search_6ports_learned_dense_hd128_depth3_stages2_share1,/home/liangyi/SRS_AI/Model_AIIC_refactor/experiments_refactored/20260428_054018_default_6port_separator1_learned_dense_v2/separator1_grid_search_6ports_learned_dense_hd128_depth3_stages2_share1,default_6port_separator1_learned_dense_v2,separator1_grid_search_6ports_learned_dense_hd128_depth3_stages2_share1,supervised_nmse_plateau,separator1,12,6,jit,bf16,bfloat16,32,4,ok,,236.708917,20,50,1.47629984,0.03741177653005001,1.423545,1.4710645,1.5187537,1.5375112,1.59410725,1.604189,21675.813498699557,21.675813498699558,1471.0645,45.970765625,5418.953374674889,255264,503808,1014552,sub-physical,0.03125,0.015625,Intel(R) Xeon(R) 6760P,AVX512,"avx2,avx512f,avx512bw,avx512vl,avx512_vnni,avx512_bf16,amx_bf16,amx_int8,amx_tile,fma",True,True,,,,,,256,128,sh14l07002s1404,3.11.9,2.1.2+cu121
20260428_134843,2026-04-28T19:13:46.814586,cpu,pytorch,separator1_grid_search_6ports_learned_dense_hd128_depth3_stages2_share1,/home/liangyi/SRS_AI/Model_AIIC_refactor/experiments_refactored/20260428_054018_default_6port_separator1_learned_dense_v2/separator1_grid_search_6ports_learned_dense_hd128_depth3_stages2_share1,default_6port_separator1_learned_dense_v2,separator1_grid_search_6ports_learned_dense_hd128_depth3_stages2_share1,supervised_nmse_plateau,separator1,12,6,jit,bf16,bfloat16,32,8,ok,,240.414306,20,50,1.5046554,0.05610920760944677,1.424896,1.4887190000000001,1.6001381000000001,1.64351205,1.65895199,1.667551,21267.328053984984,21.267328053984983,1488.719,46.52246875,2658.416006748123,255264,503808,1014552,sub-physical,0.0625,0.03125,Intel(R) Xeon(R) 6760P,AVX512,"avx2,avx512f,avx512bw,avx512vl,avx512_vnni,avx512_bf16,amx_bf16,amx_int8,amx_tile,fma",True,True,,,,,,256,128,sh14l07002s1404,3.11.9,2.1.2+cu121
20260428_134843,2026-04-28T19:13:46.814586,cpu,pytorch,separator1_grid_search_6ports_learned_dense_hd128_depth3_stages2_share1,/home/liangyi/SRS_AI/Model_AIIC_refactor/experiments_refactored/20260428_054018_default_6port_separator1_learned_dense_v2/separator1_grid_search_6ports_learned_dense_hd128_depth3_stages2_share1,default_6port_separator1_learned_dense_v2,separator1_grid_search_6ports_learned_dense_hd128_depth3_stages2_share1,supervised_nmse_plateau,separator1,12,6,jit,bf16,bfloat16,64,1,ok,,238.049705,20,50,1.32521322,0.05595178289359152,1.276885,1.296117,1.4113067,1.4375558,1.45475862,1.455475,48294.11526697568,48.29411526697568,1296.117,20.251828125,48294.11526697568,255264,503808,1014552,single-thread,0.0078125,0.00390625,Intel(R) Xeon(R) 6760P,AVX512,"avx2,avx512f,avx512bw,avx512vl,avx512_vnni,avx512_bf16,amx_bf16,amx_int8,amx_tile,fma",True,True,,,,,,256,128,sh14l07002s1404,3.11.9,2.1.2+cu121
20260428_134843,2026-04-28T19:13:46.814586,cpu,pytorch,separator1_grid_search_6ports_learned_dense_hd128_depth3_stages2_share1,/home/liangyi/SRS_AI/Model_AIIC_refactor/experiments_refactored/20260428_054018_default_6port_separator1_learned_dense_v2/separator1_grid_search_6ports_learned_dense_hd128_depth3_stages2_share1,default_6port_separator1_learned_dense_v2,separator1_grid_search_6ports_learned_dense_hd128_depth3_stages2_share1,supervised_nmse_plateau,separator1,12,6,jit,bf16,bfloat16,64,2,ok,,236.526547,20,50,1.78134856,0.032998821502083976,1.731226,1.7735855,1.8244078000000001,1.84191485,1.87836629,1.905306,35927.83660486974,35.92783660486974,1773.5855000000001,27.712273437500002,17963.91830243487,255264,503808,1014552,sub-physical,0.015625,0.0078125,Intel(R) Xeon(R) 6760P,AVX512,"avx2,avx512f,avx512bw,avx512vl,avx512_vnni,avx512_bf16,amx_bf16,amx_int8,amx_tile,fma",True,True,,,,,,256,128,sh14l07002s1404,3.11.9,2.1.2+cu121
20260428_134843,2026-04-28T19:13:46.814586,cpu,pytorch,separator1_grid_search_6ports_learned_dense_hd128_depth3_stages2_share1,/home/liangyi/SRS_AI/Model_AIIC_refactor/experiments_refactored/20260428_054018_default_6port_separator1_learned_dense_v2/separator1_grid_search_6ports_learned_dense_hd128_depth3_stages2_share1,default_6port_separator1_learned_dense_v2,separator1_grid_search_6ports_learned_dense_hd128_depth3_stages2_share1,supervised_nmse_plateau,separator1,12,6,jit,bf16,bfloat16,64,4,ok,,240.008566,20,50,1.96175322,0.037939760604563666,1.886798,1.955781,2.0115771000000002,2.02054785,2.05851519,2.065801,32623.87916457708,32.62387916457708,1955.781,30.559078125,8155.96979114427,255264,503808,1014552,sub-physical,0.03125,0.015625,Intel(R) Xeon(R) 6760P,AVX512,"avx2,avx512f,avx512bw,avx512vl,avx512_vnni,avx512_bf16,amx_bf16,amx_int8,amx_tile,fma",True,True,,,,,,256,128,sh14l07002s1404,3.11.9,2.1.2+cu121
20260428_134843,2026-04-28T19:13:46.814586,cpu,pytorch,separator1_grid_search_6ports_learned_dense_hd128_depth3_stages2_share1,/home/liangyi/SRS_AI/Model_AIIC_refactor/experiments_refactored/20260428_054018_default_6port_separator1_learned_dense_v2/separator1_grid_search_6ports_learned_dense_hd128_depth3_stages2_share1,default_6port_separator1_learned_dense_v2,separator1_grid_search_6ports_learned_dense_hd128_depth3_stages2_share1,supervised_nmse_plateau,separator1,12,6,jit,bf16,bfloat16,64,8,ok,,244.657472,20,50,2.01244398,0.04561367148585609,1.926354,2.0139385,2.0765111,2.0883655,2.1278182,2.154043,31802.127480835516,31.802127480835516,2013.9385,31.4677890625,3975.2659351044394,255264,503808,1014552,sub-physical,0.0625,0.03125,Intel(R) Xeon(R) 6760P,AVX512,"avx2,avx512f,avx512bw,avx512vl,avx512_vnni,avx512_bf16,amx_bf16,amx_int8,amx_tile,fma",True,True,,,,,,256,128,sh14l07002s1404,3.11.9,2.1.2+cu121
20260428_134843,2026-04-28T19:13:46.814586,cpu,pytorch,separator1_grid_search_6ports_learned_dense_hd128_depth3_stages2_share1,/home/liangyi/SRS_AI/Model_AIIC_refactor/experiments_refactored/20260428_054018_default_6port_separator1_learned_dense_v2/separator1_grid_search_6ports_learned_dense_hd128_depth3_stages2_share1,default_6port_separator1_learned_dense_v2,separator1_grid_search_6ports_learned_dense_hd128_depth3_stages2_share1,supervised_nmse_plateau,separator1,12,6,jit,bf16,bfloat16,128,1,ok,,238.392726,20,50,1.67565624,0.05276264820251537,1.631763,1.645857,1.7643662,1.7781218499999998,1.7994047,1.807524,76387.98277622861,76.38798277622861,1645.857,12.8582578125,76387.98277622861,255264,503808,1014552,single-thread,0.0078125,0.00390625,Intel(R) Xeon(R) 6760P,AVX512,"avx2,avx512f,avx512bw,avx512vl,avx512_vnni,avx512_bf16,amx_bf16,amx_int8,amx_tile,fma",True,True,,,,,,256,128,sh14l07002s1404,3.11.9,2.1.2+cu121
20260428_134843,2026-04-28T19:13:46.814586,cpu,pytorch,separator1_grid_search_6ports_learned_dense_hd128_depth3_stages2_share1,/home/liangyi/SRS_AI/Model_AIIC_refactor/experiments_refactored/20260428_054018_default_6port_separator1_learned_dense_v2/separator1_grid_search_6ports_learned_dense_hd128_depth3_stages2_share1,default_6port_separator1_learned_dense_v2,separator1_grid_search_6ports_learned_dense_hd128_depth3_stages2_share1,supervised_nmse_plateau,separator1,12,6,jit,bf16,bfloat16,128,2,ok,,244.667212,20,50,2.62933278,0.052536371220818015,2.498891,2.6170845,2.7021354,2.71974395,2.74215881,2.760353,48681.55182700001,48.68155182700001,2617.0845,20.44597265625,24340.775913500005,255264,503808,1014552,sub-physical,0.015625,0.0078125,Intel(R) Xeon(R) 6760P,AVX512,"avx2,avx512f,avx512bw,avx512vl,avx512_vnni,avx512_bf16,amx_bf16,amx_int8,amx_tile,fma",True,True,,,,,,256,128,sh14l07002s1404,3.11.9,2.1.2+cu121
20260428_134843,2026-04-28T19:13:46.814586,cpu,pytorch,separator1_grid_search_6ports_learned_dense_hd128_depth3_stages2_share1,/home/liangyi/SRS_AI/Model_AIIC_refactor/experiments_refactored/20260428_054018_default_6port_separator1_learned_dense_v2/separator1_grid_search_6ports_learned_dense_hd128_depth3_stages2_share1,default_6port_separator1_learned_dense_v2,separator1_grid_search_6ports_learned_dense_hd128_depth3_stages2_share1,supervised_nmse_plateau,separator1,12,6,jit,bf16,bfloat16,128,4,ok,,243.993316,20,50,2.75793504,0.02635317672460762,2.706384,2.754987,2.7938061,2.8112235,2.8186728,2.820574,46411.535494324045,46.41153549432404,2754.987,21.5233359375,11602.883873581011,255264,503808,1014552,sub-physical,0.03125,0.015625,Intel(R) Xeon(R) 6760P,AVX512,"avx2,avx512f,avx512bw,avx512vl,avx512_vnni,avx512_bf16,amx_bf16,amx_int8,amx_tile,fma",True,True,,,,,,256,128,sh14l07002s1404,3.11.9,2.1.2+cu121
20260428_134843,2026-04-28T19:13:46.814586,cpu,pytorch,separator1_grid_search_6ports_learned_dense_hd128_depth3_stages2_share1,/home/liangyi/SRS_AI/Model_AIIC_refactor/experiments_refactored/20260428_054018_default_6port_separator1_learned_dense_v2/separator1_grid_search_6ports_learned_dense_hd128_depth3_stages2_share1,default_6port_separator1_learned_dense_v2,separator1_grid_search_6ports_learned_dense_hd128_depth3_stages2_share1,supervised_nmse_plateau,separator1,12,6,jit,bf16,bfloat16,128,8,ok,,244.193521,20,50,2.75106894,0.21298842987020775,2.543247,2.658479,3.1964938,3.2072950000000002,3.22973375,3.234842,46527.369103298435,46.52736910329843,2658.479,20.7693671875,5815.921137912304,255264,503808,1014552,sub-physical,0.0625,0.03125,Intel(R) Xeon(R) 6760P,AVX512,"avx2,avx512f,avx512bw,avx512vl,avx512_vnni,avx512_bf16,amx_bf16,amx_int8,amx_tile,fma",True,True,,,,,,256,128,sh14l07002s1404,3.11.9,2.1.2+cu121
20260428_134843,2026-04-28T19:13:46.814586,cpu,pytorch,separator1_grid_search_6ports_learned_dense_hd128_depth3_stages2_share1,/home/liangyi/SRS_AI/Model_AIIC_refactor/experiments_refactored/20260428_054018_default_6port_separator1_learned_dense_v2/separator1_grid_search_6ports_learned_dense_hd128_depth3_stages2_share1,default_6port_separator1_learned_dense_v2,separator1_grid_search_6ports_learned_dense_hd128_depth3_stages2_share1,supervised_nmse_plateau,separator1,12,6,compile,fp32,float32,1,1,ok,,497.742197,20,50,0.55393184,0.043726844986740114,0.529379,0.544933,0.5606386,0.5664758,0.7429238399999996,0.836702,1805.2762592596232,1.8052762592596232,544.933,544.933,1805.2762592596232,255264,503808,1014552,single-thread,0.0078125,0.00390625,Intel(R) Xeon(R) 6760P,AVX512,"avx2,avx512f,avx512bw,avx512vl,avx512_vnni,avx512_bf16,amx_bf16,amx_int8,amx_tile,fma",True,True,,,,,,256,128,sh14l07002s1404,3.11.9,2.1.2+cu121
20260428_134843,2026-04-28T19:13:46.814586,cpu,pytorch,separator1_grid_search_6ports_learned_dense_hd128_depth3_stages2_share1,/home/liangyi/SRS_AI/Model_AIIC_refactor/experiments_refactored/20260428_054018_default_6port_separator1_learned_dense_v2/separator1_grid_search_6ports_learned_dense_hd128_depth3_stages2_share1,default_6port_separator1_learned_dense_v2,separator1_grid_search_6ports_learned_dense_hd128_depth3_stages2_share1,supervised_nmse_plateau,separator1,12,6,compile,fp32,float32,1,2,ok,,506.225063,20,50,0.56630998,0.007262409232451725,0.554864,0.5656815,0.5756715,0.5804563,0.58632669,0.589276,1765.8173709034759,1.765817370903476,565.6814999999999,565.6814999999999,882.9086854517379,255264,503808,1014552,sub-physical,0.015625,0.0078125,Intel(R) Xeon(R) 6760P,AVX512,"avx2,avx512f,avx512bw,avx512vl,avx512_vnni,avx512_bf16,amx_bf16,amx_int8,amx_tile,fma",True,True,,,,,,256,128,sh14l07002s1404,3.11.9,2.1.2+cu121
20260428_134843,2026-04-28T19:13:46.814586,cpu,pytorch,separator1_grid_search_6ports_learned_dense_hd128_depth3_stages2_share1,/home/liangyi/SRS_AI/Model_AIIC_refactor/experiments_refactored/20260428_054018_default_6port_separator1_learned_dense_v2/separator1_grid_search_6ports_learned_dense_hd128_depth3_stages2_share1,default_6port_separator1_learned_dense_v2,separator1_grid_search_6ports_learned_dense_hd128_depth3_stages2_share1,supervised_nmse_plateau,separator1,12,6,compile,fp32,float32,1,4,ok,,506.206814,20,50,0.56530872,0.016489679201294363,0.552668,0.561546,0.5703501,0.577632,0.6367052799999998,0.666658,1768.944940385848,1.768944940385848,561.5459999999999,561.5459999999999,442.236235096462,255264,503808,1014552,sub-physical,0.03125,0.015625,Intel(R) Xeon(R) 6760P,AVX512,"avx2,avx512f,avx512bw,avx512vl,avx512_vnni,avx512_bf16,amx_bf16,amx_int8,amx_tile,fma",True,True,,,,,,256,128,sh14l07002s1404,3.11.9,2.1.2+cu121
20260428_134843,2026-04-28T19:13:46.814586,cpu,pytorch,separator1_grid_search_6ports_learned_dense_hd128_depth3_stages2_share1,/home/liangyi/SRS_AI/Model_AIIC_refactor/experiments_refactored/20260428_054018_default_6port_separator1_learned_dense_v2/separator1_grid_search_6ports_learned_dense_hd128_depth3_stages2_share1,default_6port_separator1_learned_dense_v2,separator1_grid_search_6ports_learned_dense_hd128_depth3_stages2_share1,supervised_nmse_plateau,separator1,12,6,compile,fp32,float32,1,8,ok,,546.033875,20,50,0.5680606,0.005434722447374844,0.557205,0.5673895,0.5762198,0.57794585,0.58034144,0.580412,1760.3755655646598,1.7603755655646598,567.3895,567.3895,220.04694569558248,255264,503808,1014552,sub-physical,0.0625,0.03125,Intel(R) Xeon(R) 6760P,AVX512,"avx2,avx512f,avx512bw,avx512vl,avx512_vnni,avx512_bf16,amx_bf16,amx_int8,amx_tile,fma",True,True,,,,,,256,128,sh14l07002s1404,3.11.9,2.1.2+cu121
20260428_134843,2026-04-28T19:13:46.814586,cpu,pytorch,separator1_grid_search_6ports_learned_dense_hd128_depth3_stages2_share1,/home/liangyi/SRS_AI/Model_AIIC_refactor/experiments_refactored/20260428_054018_default_6port_separator1_learned_dense_v2/separator1_grid_search_6ports_learned_dense_hd128_depth3_stages2_share1,default_6port_separator1_learned_dense_v2,separator1_grid_search_6ports_learned_dense_hd128_depth3_stages2_share1,supervised_nmse_plateau,separator1,12,6,compile,fp32,float32,2,1,ok,,495.602861,20,50,0.55683202,0.023756400445766178,0.539593,0.547893,0.5815935999999999,0.62149725,0.6347471899999999,0.643111,3591.747471706099,3.591747471706099,547.8929999999999,273.94649999999996,3591.747471706099,255264,503808,1014552,single-thread,0.0078125,0.00390625,Intel(R) Xeon(R) 6760P,AVX512,"avx2,avx512f,avx512bw,avx512vl,avx512_vnni,avx512_bf16,amx_bf16,amx_int8,amx_tile,fma",True,True,,,,,,256,128,sh14l07002s1404,3.11.9,2.1.2+cu121
20260428_134843,2026-04-28T19:13:46.814586,cpu,pytorch,separator1_grid_search_6ports_learned_dense_hd128_depth3_stages2_share1,/home/liangyi/SRS_AI/Model_AIIC_refactor/experiments_refactored/20260428_054018_default_6port_separator1_learned_dense_v2/separator1_grid_search_6ports_learned_dense_hd128_depth3_stages2_share1,default_6port_separator1_learned_dense_v2,separator1_grid_search_6ports_learned_dense_hd128_depth3_stages2_share1,supervised_nmse_plateau,separator1,12,6,compile,fp32,float32,2,2,ok,,505.620489,20,50,0.54935786,0.013927628136922667,0.534735,0.5472915,0.5553622,0.55718925,0.61060763,0.624922,3640.6141526763627,3.6406141526763625,547.2915,273.64575,1820.3070763381813,255264,503808,1014552,sub-physical,0.015625,0.0078125,Intel(R) Xeon(R) 6760P,AVX512,"avx2,avx512f,avx512bw,avx512vl,avx512_vnni,avx512_bf16,amx_bf16,amx_int8,amx_tile,fma",True,True,,,,,,256,128,sh14l07002s1404,3.11.9,2.1.2+cu121
20260428_134843,2026-04-28T19:13:46.814586,cpu,pytorch,separator1_grid_search_6ports_learned_dense_hd128_depth3_stages2_share1,/home/liangyi/SRS_AI/Model_AIIC_refactor/experiments_refactored/20260428_054018_default_6port_separator1_learned_dense_v2/separator1_grid_search_6ports_learned_dense_hd128_depth3_stages2_share1,default_6port_separator1_learned_dense_v2,separator1_grid_search_6ports_learned_dense_hd128_depth3_stages2_share1,supervised_nmse_plateau,separator1,12,6,compile,fp32,float32,2,4,ok,,507.482353,20,50,0.5562254,0.015379270809762079,0.535966,0.5533615000000001,0.5646198,0.5721640499999999,0.6215552799999999,0.62936,3595.6646352360035,3.5956646352360035,553.3615000000001,276.68075000000005,898.9161588090009,255264,503808,1014552,sub-physical,0.03125,0.015625,Intel(R) Xeon(R) 6760P,AVX512,"avx2,avx512f,avx512bw,avx512vl,avx512_vnni,avx512_bf16,amx_bf16,amx_int8,amx_tile,fma",True,True,,,,,,256,128,sh14l07002s1404,3.11.9,2.1.2+cu121
20260428_134843,2026-04-28T19:13:46.814586,cpu,pytorch,separator1_grid_search_6ports_learned_dense_hd128_depth3_stages2_share1,/home/liangyi/SRS_AI/Model_AIIC_refactor/experiments_refactored/20260428_054018_default_6port_separator1_learned_dense_v2/separator1_grid_search_6ports_learned_dense_hd128_depth3_stages2_share1,default_6port_separator1_learned_dense_v2,separator1_grid_search_6ports_learned_dense_hd128_depth3_stages2_share1,supervised_nmse_plateau,separator1,12,6,compile,fp32,float32,2,8,ok,,538.837703,20,50,0.54983208,0.019766065474787844,0.533821,0.5451315,0.5615494,0.56744115,0.6367022699999999,0.65291,3637.4741903018826,3.637474190301883,545.1315,272.56575,454.6842737877353,255264,503808,1014552,sub-physical,0.0625,0.03125,Intel(R) Xeon(R) 6760P,AVX512,"avx2,avx512f,avx512bw,avx512vl,avx512_vnni,avx512_bf16,amx_bf16,amx_int8,amx_tile,fma",True,True,,,,,,256,128,sh14l07002s1404,3.11.9,2.1.2+cu121
20260428_134843,2026-04-28T19:13:46.814586,cpu,pytorch,separator1_grid_search_6ports_learned_dense_hd128_depth3_stages2_share1,/home/liangyi/SRS_AI/Model_AIIC_refactor/experiments_refactored/20260428_054018_default_6port_separator1_learned_dense_v2/separator1_grid_search_6ports_learned_dense_hd128_depth3_stages2_share1,default_6port_separator1_learned_dense_v2,separator1_grid_search_6ports_learned_dense_hd128_depth3_stages2_share1,supervised_nmse_plateau,separator1,12,6,compile,fp32,float32,4,1,ok,,493.082259,20,50,0.57613562,0.026055930081952554,0.553478,0.566988,0.6123232,0.6441344499999999,0.6612138399999999,0.666743,6942.809750245958,6.942809750245957,566.988,141.747,6942.809750245958,255264,503808,1014552,single-thread,0.0078125,0.00390625,Intel(R) Xeon(R) 6760P,AVX512,"avx2,avx512f,avx512bw,avx512vl,avx512_vnni,avx512_bf16,amx_bf16,amx_int8,amx_tile,fma",True,True,,,,,,256,128,sh14l07002s1404,3.11.9,2.1.2+cu121
20260428_134843,2026-04-28T19:13:46.814586,cpu,pytorch,separator1_grid_search_6ports_learned_dense_hd128_depth3_stages2_share1,/home/liangyi/SRS_AI/Model_AIIC_refactor/experiments_refactored/20260428_054018_default_6port_separator1_learned_dense_v2/separator1_grid_search_6ports_learned_dense_hd128_depth3_stages2_share1,default_6port_separator1_learned_dense_v2,separator1_grid_search_6ports_learned_dense_hd128_depth3_stages2_share1,supervised_nmse_plateau,separator1,12,6,compile,fp32,float32,4,2,ok,,521.873066,20,50,0.5851703,0.023294295276097103,0.566024,0.5779265,0.6241538,0.6460454999999999,0.66039443,0.666712,6835.6169135719965,6.835616913571997,577.9265,144.481625,3417.8084567859983,255264,503808,1014552,sub-physical,0.015625,0.0078125,Intel(R) Xeon(R) 6760P,AVX512,"avx2,avx512f,avx512bw,avx512vl,avx512_vnni,avx512_bf16,amx_bf16,amx_int8,amx_tile,fma",True,True,,,,,,256,128,sh14l07002s1404,3.11.9,2.1.2+cu121
20260428_134843,2026-04-28T19:13:46.814586,cpu,pytorch,separator1_grid_search_6ports_learned_dense_hd128_depth3_stages2_share1,/home/liangyi/SRS_AI/Model_AIIC_refactor/experiments_refactored/20260428_054018_default_6port_separator1_learned_dense_v2/separator1_grid_search_6ports_learned_dense_hd128_depth3_stages2_share1,default_6port_separator1_learned_dense_v2,separator1_grid_search_6ports_learned_dense_hd128_depth3_stages2_share1,supervised_nmse_plateau,separator1,12,6,compile,fp32,float32,4,4,ok,,510.059118,20,50,0.58994154,0.020886207543936747,0.568445,0.5842545,0.6022817,0.62645175,0.67275817,0.67627,6780.3328445052375,6.780332844505238,584.2545,146.063625,1695.0832111263094,255264,503808,1014552,sub-physical,0.03125,0.015625,Intel(R) Xeon(R) 6760P,AVX512,"avx2,avx512f,avx512bw,avx512vl,avx512_vnni,avx512_bf16,amx_bf16,amx_int8,amx_tile,fma",True,True,,,,,,256,128,sh14l07002s1404,3.11.9,2.1.2+cu121
20260428_134843,2026-04-28T19:13:46.814586,cpu,pytorch,separator1_grid_search_6ports_learned_dense_hd128_depth3_stages2_share1,/home/liangyi/SRS_AI/Model_AIIC_refactor/experiments_refactored/20260428_054018_default_6port_separator1_learned_dense_v2/separator1_grid_search_6ports_learned_dense_hd128_depth3_stages2_share1,default_6port_separator1_learned_dense_v2,separator1_grid_search_6ports_learned_dense_hd128_depth3_stages2_share1,supervised_nmse_plateau,separator1,12,6,compile,fp32,float32,4,8,ok,,546.789036,20,50,0.57089616,0.023391975974132662,0.553496,0.5636935,0.6025376,0.6315500999999999,0.65457314,0.655021,7006.528122382186,7.006528122382186,563.6935,140.923375,875.8160152977732,255264,503808,1014552,sub-physical,0.0625,0.03125,Intel(R) Xeon(R) 6760P,AVX512,"avx2,avx512f,avx512bw,avx512vl,avx512_vnni,avx512_bf16,amx_bf16,amx_int8,amx_tile,fma",True,True,,,,,,256,128,sh14l07002s1404,3.11.9,2.1.2+cu121
20260428_134843,2026-04-28T19:13:46.814586,cpu,pytorch,separator1_grid_search_6ports_learned_dense_hd128_depth3_stages2_share1,/home/liangyi/SRS_AI/Model_AIIC_refactor/experiments_refactored/20260428_054018_default_6port_separator1_learned_dense_v2/separator1_grid_search_6ports_learned_dense_hd128_depth3_stages2_share1,default_6port_separator1_learned_dense_v2,separator1_grid_search_6ports_learned_dense_hd128_depth3_stages2_share1,supervised_nmse_plateau,separator1,12,6,compile,fp32,float32,8,1,ok,,497.327105,20,50,0.6418089,0.02790175407048812,0.617277,0.6314825,0.6757379,0.7223075999999999,0.73152563,0.733835,12464.769497587211,12.464769497587211,631.4825,78.9353125,12464.769497587211,255264,503808,1014552,single-thread,0.0078125,0.00390625,Intel(R) Xeon(R) 6760P,AVX512,"avx2,avx512f,avx512bw,avx512vl,avx512_vnni,avx512_bf16,amx_bf16,amx_int8,amx_tile,fma",True,True,,,,,,256,128,sh14l07002s1404,3.11.9,2.1.2+cu121
20260428_134843,2026-04-28T19:13:46.814586,cpu,pytorch,separator1_grid_search_6ports_learned_dense_hd128_depth3_stages2_share1,/home/liangyi/SRS_AI/Model_AIIC_refactor/experiments_refactored/20260428_054018_default_6port_separator1_learned_dense_v2/separator1_grid_search_6ports_learned_dense_hd128_depth3_stages2_share1,default_6port_separator1_learned_dense_v2,separator1_grid_search_6ports_learned_dense_hd128_depth3_stages2_share1,supervised_nmse_plateau,separator1,12,6,compile,fp32,float32,8,2,ok,,514.919703,20,50,0.64207746,0.026168956026719897,0.614043,0.636702,0.6520576,0.7000408999999999,0.74199315,0.749914,12459.555892212755,12.459555892212755,636.702,79.58775,6229.777946106377,255264,503808,1014552,sub-physical,0.015625,0.0078125,Intel(R) Xeon(R) 6760P,AVX512,"avx2,avx512f,avx512bw,avx512vl,avx512_vnni,avx512_bf16,amx_bf16,amx_int8,amx_tile,fma",True,True,,,,,,256,128,sh14l07002s1404,3.11.9,2.1.2+cu121
20260428_134843,2026-04-28T19:13:46.814586,cpu,pytorch,separator1_grid_search_6ports_learned_dense_hd128_depth3_stages2_share1,/home/liangyi/SRS_AI/Model_AIIC_refactor/experiments_refactored/20260428_054018_default_6port_separator1_learned_dense_v2/separator1_grid_search_6ports_learned_dense_hd128_depth3_stages2_share1,default_6port_separator1_learned_dense_v2,separator1_grid_search_6ports_learned_dense_hd128_depth3_stages2_share1,supervised_nmse_plateau,separator1,12,6,compile,fp32,float32,8,4,ok,,519.156904,20,50,0.64973094,0.028622040815015272,0.63035,0.6424985000000001,0.6553996000000001,0.7037418499999998,0.7729569,0.774275,12312.789044646697,12.312789044646697,642.4985,80.3123125,3078.1972611616743,255264,503808,1014552,sub-physical,0.03125,0.015625,Intel(R) Xeon(R) 6760P,AVX512,"avx2,avx512f,avx512bw,avx512vl,avx512_vnni,avx512_bf16,amx_bf16,amx_int8,amx_tile,fma",True,True,,,,,,256,128,sh14l07002s1404,3.11.9,2.1.2+cu121
20260428_134843,2026-04-28T19:13:46.814586,cpu,pytorch,separator1_grid_search_6ports_learned_dense_hd128_depth3_stages2_share1,/home/liangyi/SRS_AI/Model_AIIC_refactor/experiments_refactored/20260428_054018_default_6port_separator1_learned_dense_v2/separator1_grid_search_6ports_learned_dense_hd128_depth3_stages2_share1,default_6port_separator1_learned_dense_v2,separator1_grid_search_6ports_learned_dense_hd128_depth3_stages2_share1,supervised_nmse_plateau,separator1,12,6,compile,fp32,float32,8,8,ok,,549.02978,20,50,0.64313786,0.027995668458538358,0.622087,0.63541,0.6633784,0.7193547499999999,0.74182045,0.743092,12439.012686953309,12.439012686953308,635.4100000000001,79.42625000000001,1554.8765858691636,255264,503808,1014552,sub-physical,0.0625,0.03125,Intel(R) Xeon(R) 6760P,AVX512,"avx2,avx512f,avx512bw,avx512vl,avx512_vnni,avx512_bf16,amx_bf16,amx_int8,amx_tile,fma",True,True,,,,,,256,128,sh14l07002s1404,3.11.9,2.1.2+cu121
20260428_134843,2026-04-28T19:13:46.814586,cpu,pytorch,separator1_grid_search_6ports_learned_dense_hd128_depth3_stages2_share1,/home/liangyi/SRS_AI/Model_AIIC_refactor/experiments_refactored/20260428_054018_default_6port_separator1_learned_dense_v2/separator1_grid_search_6ports_learned_dense_hd128_depth3_stages2_share1,default_6port_separator1_learned_dense_v2,separator1_grid_search_6ports_learned_dense_hd128_depth3_stages2_share1,supervised_nmse_plateau,separator1,12,6,compile,fp32,float32,16,1,ok,,496.47684,20,50,0.69747044,0.03180661919673953,0.675193,0.6907905000000001,0.7008925,0.7214708499999999,0.8481974499999999,0.851723,22940.04029762179,22.94004029762179,690.7905000000001,43.174406250000004,22940.04029762179,255264,503808,1014552,single-thread,0.0078125,0.00390625,Intel(R) Xeon(R) 6760P,AVX512,"avx2,avx512f,avx512bw,avx512vl,avx512_vnni,avx512_bf16,amx_bf16,amx_int8,amx_tile,fma",True,True,,,,,,256,128,sh14l07002s1404,3.11.9,2.1.2+cu121
20260428_134843,2026-04-28T19:13:46.814586,cpu,pytorch,separator1_grid_search_6ports_learned_dense_hd128_depth3_stages2_share1,/home/liangyi/SRS_AI/Model_AIIC_refactor/experiments_refactored/20260428_054018_default_6port_separator1_learned_dense_v2/separator1_grid_search_6ports_learned_dense_hd128_depth3_stages2_share1,default_6port_separator1_learned_dense_v2,separator1_grid_search_6ports_learned_dense_hd128_depth3_stages2_share1,supervised_nmse_plateau,separator1,12,6,compile,fp32,float32,16,2,ok,,506.012719,20,50,0.77909302,0.03717134839119507,0.754981,0.7685075,0.7964732,0.8106879499999999,0.9501556299999999,0.969713,20536.700482825527,20.536700482825527,768.5075,48.03171875,10268.350241412763,255264,503808,1014552,sub-physical,0.015625,0.0078125,Intel(R) Xeon(R) 6760P,AVX512,"avx2,avx512f,avx512bw,avx512vl,avx512_vnni,avx512_bf16,amx_bf16,amx_int8,amx_tile,fma",True,True,,,,,,256,128,sh14l07002s1404,3.11.9,2.1.2+cu121
20260428_134843,2026-04-28T19:13:46.814586,cpu,pytorch,separator1_grid_search_6ports_learned_dense_hd128_depth3_stages2_share1,/home/liangyi/SRS_AI/Model_AIIC_refactor/experiments_refactored/20260428_054018_default_6port_separator1_learned_dense_v2/separator1_grid_search_6ports_learned_dense_hd128_depth3_stages2_share1,default_6port_separator1_learned_dense_v2,separator1_grid_search_6ports_learned_dense_hd128_depth3_stages2_share1,supervised_nmse_plateau,separator1,12,6,compile,fp32,float32,16,4,ok,,504.300274,20,50,0.7420996,0.04906361806063633,0.708016,0.7214895,0.8116472,0.88120935,0.89604746,0.902293,21560.44822015805,21.56044822015805,721.4895,45.09309375,5390.112055039513,255264,503808,1014552,sub-physical,0.03125,0.015625,Intel(R) Xeon(R) 6760P,AVX512,"avx2,avx512f,avx512bw,avx512vl,avx512_vnni,avx512_bf16,amx_bf16,amx_int8,amx_tile,fma",True,True,,,,,,256,128,sh14l07002s1404,3.11.9,2.1.2+cu121
20260428_134843,2026-04-28T19:13:46.814586,cpu,pytorch,separator1_grid_search_6ports_learned_dense_hd128_depth3_stages2_share1,/home/liangyi/SRS_AI/Model_AIIC_refactor/experiments_refactored/20260428_054018_default_6port_separator1_learned_dense_v2/separator1_grid_search_6ports_learned_dense_hd128_depth3_stages2_share1,default_6port_separator1_learned_dense_v2,separator1_grid_search_6ports_learned_dense_hd128_depth3_stages2_share1,supervised_nmse_plateau,separator1,12,6,compile,fp32,float32,16,8,ok,,540.478162,20,50,0.7363226,0.036406099583998285,0.715663,0.725007,0.757966,0.8215526499999999,0.88365275,0.894347,21729.606017797087,21.729606017797085,725.007,45.3129375,2716.200752224636,255264,503808,1014552,sub-physical,0.0625,0.03125,Intel(R) Xeon(R) 6760P,AVX512,"avx2,avx512f,avx512bw,avx512vl,avx512_vnni,avx512_bf16,amx_bf16,amx_int8,amx_tile,fma",True,True,,,,,,256,128,sh14l07002s1404,3.11.9,2.1.2+cu121
20260428_134843,2026-04-28T19:13:46.814586,cpu,pytorch,separator1_grid_search_6ports_learned_dense_hd128_depth3_stages2_share1,/home/liangyi/SRS_AI/Model_AIIC_refactor/experiments_refactored/20260428_054018_default_6port_separator1_learned_dense_v2/separator1_grid_search_6ports_learned_dense_hd128_depth3_stages2_share1,default_6port_separator1_learned_dense_v2,separator1_grid_search_6ports_learned_dense_hd128_depth3_stages2_share1,supervised_nmse_plateau,separator1,12,6,compile,fp32,float32,32,1,ok,,499.528615,20,50,0.84474278,0.06173119428888119,0.804228,0.820391,0.9273972,1.0107889499999998,1.03791759,1.038706,37881.35365892088,37.88135365892088,820.391,25.63721875,37881.35365892088,255264,503808,1014552,single-thread,0.0078125,0.00390625,Intel(R) Xeon(R) 6760P,AVX512,"avx2,avx512f,avx512bw,avx512vl,avx512_vnni,avx512_bf16,amx_bf16,amx_int8,amx_tile,fma",True,True,,,,,,256,128,sh14l07002s1404,3.11.9,2.1.2+cu121
20260428_134843,2026-04-28T19:13:46.814586,cpu,pytorch,separator1_grid_search_6ports_learned_dense_hd128_depth3_stages2_share1,/home/liangyi/SRS_AI/Model_AIIC_refactor/experiments_refactored/20260428_054018_default_6port_separator1_learned_dense_v2/separator1_grid_search_6ports_learned_dense_hd128_depth3_stages2_share1,default_6port_separator1_learned_dense_v2,separator1_grid_search_6ports_learned_dense_hd128_depth3_stages2_share1,supervised_nmse_plateau,separator1,12,6,compile,fp32,float32,32,2,ok,,515.399159,20,50,0.9524206,0.032075834836212756,0.915034,0.9425265,0.9792365,0.99194115,1.086314,1.095428,33598.60129022829,33.59860129022829,942.5265,29.453953125,16799.300645114145,255264,503808,1014552,sub-physical,0.015625,0.0078125,Intel(R) Xeon(R) 6760P,AVX512,"avx2,avx512f,avx512bw,avx512vl,avx512_vnni,avx512_bf16,amx_bf16,amx_int8,amx_tile,fma",True,True,,,,,,256,128,sh14l07002s1404,3.11.9,2.1.2+cu121
20260428_134843,2026-04-28T19:13:46.814586,cpu,pytorch,separator1_grid_search_6ports_learned_dense_hd128_depth3_stages2_share1,/home/liangyi/SRS_AI/Model_AIIC_refactor/experiments_refactored/20260428_054018_default_6port_separator1_learned_dense_v2/separator1_grid_search_6ports_learned_dense_hd128_depth3_stages2_share1,default_6port_separator1_learned_dense_v2,separator1_grid_search_6ports_learned_dense_hd128_depth3_stages2_share1,supervised_nmse_plateau,separator1,12,6,compile,fp32,float32,32,4,ok,,504.505507,20,50,0.85558228,0.052246161131719523,0.80743,0.838328,0.8844227,1.01416485,1.02389104,1.025902,37401.429117956955,37.40142911795696,838.328,26.19775,9350.357279489239,255264,503808,1014552,sub-physical,0.03125,0.015625,Intel(R) Xeon(R) 6760P,AVX512,"avx2,avx512f,avx512bw,avx512vl,avx512_vnni,avx512_bf16,amx_bf16,amx_int8,amx_tile,fma",True,True,,,,,,256,128,sh14l07002s1404,3.11.9,2.1.2+cu121
20260428_134843,2026-04-28T19:13:46.814586,cpu,pytorch,separator1_grid_search_6ports_learned_dense_hd128_depth3_stages2_share1,/home/liangyi/SRS_AI/Model_AIIC_refactor/experiments_refactored/20260428_054018_default_6port_separator1_learned_dense_v2/separator1_grid_search_6ports_learned_dense_hd128_depth3_stages2_share1,default_6port_separator1_learned_dense_v2,separator1_grid_search_6ports_learned_dense_hd128_depth3_stages2_share1,supervised_nmse_plateau,separator1,12,6,compile,fp32,float32,32,8,ok,,539.529451,20,50,0.85498968,0.041318675053026575,0.827012,0.839515,0.9038011,0.9534407999999999,1.00606564,1.014574,37427.352339504265,37.42735233950427,839.515,26.23484375,4678.419042438033,255264,503808,1014552,sub-physical,0.0625,0.03125,Intel(R) Xeon(R) 6760P,AVX512,"avx2,avx512f,avx512bw,avx512vl,avx512_vnni,avx512_bf16,amx_bf16,amx_int8,amx_tile,fma",True,True,,,,,,256,128,sh14l07002s1404,3.11.9,2.1.2+cu121
20260428_134843,2026-04-28T19:13:46.814586,cpu,pytorch,separator1_grid_search_6ports_learned_dense_hd128_depth3_stages2_share1,/home/liangyi/SRS_AI/Model_AIIC_refactor/experiments_refactored/20260428_054018_default_6port_separator1_learned_dense_v2/separator1_grid_search_6ports_learned_dense_hd128_depth3_stages2_share1,default_6port_separator1_learned_dense_v2,separator1_grid_search_6ports_learned_dense_hd128_depth3_stages2_share1,supervised_nmse_plateau,separator1,12,6,compile,fp32,float32,64,1,ok,,493.878936,20,50,1.13477252,0.6097907551990353,1.01837,1.0321455,1.1361302,1.14062225,3.359215799999992,5.393049,56398.96884355289,56.398968843552886,1032.1454999999999,16.127273437499998,56398.96884355289,255264,503808,1014552,single-thread,0.0078125,0.00390625,Intel(R) Xeon(R) 6760P,AVX512,"avx2,avx512f,avx512bw,avx512vl,avx512_vnni,avx512_bf16,amx_bf16,amx_int8,amx_tile,fma",True,True,,,,,,256,128,sh14l07002s1404,3.11.9,2.1.2+cu121
20260428_134843,2026-04-28T19:13:46.814586,cpu,pytorch,separator1_grid_search_6ports_learned_dense_hd128_depth3_stages2_share1,/home/liangyi/SRS_AI/Model_AIIC_refactor/experiments_refactored/20260428_054018_default_6port_separator1_learned_dense_v2/separator1_grid_search_6ports_learned_dense_hd128_depth3_stages2_share1,default_6port_separator1_learned_dense_v2,separator1_grid_search_6ports_learned_dense_hd128_depth3_stages2_share1,supervised_nmse_plateau,separator1,12,6,compile,fp32,float32,64,2,ok,,511.343257,20,50,1.3955910599999999,0.01891811170747229,1.37031,1.3893075000000001,1.420932,1.4303736,1.4525662499999998,1.467744,45858.70591633054,45.858705916330536,1389.3075000000001,21.707929687500002,22929.35295816527,255264,503808,1014552,sub-physical,0.015625,0.0078125,Intel(R) Xeon(R) 6760P,AVX512,"avx2,avx512f,avx512bw,avx512vl,avx512_vnni,avx512_bf16,amx_bf16,amx_int8,amx_tile,fma",True,True,,,,,,256,128,sh14l07002s1404,3.11.9,2.1.2+cu121
20260428_134843,2026-04-28T19:13:46.814586,cpu,pytorch,separator1_grid_search_6ports_learned_dense_hd128_depth3_stages2_share1,/home/liangyi/SRS_AI/Model_AIIC_refactor/experiments_refactored/20260428_054018_default_6port_separator1_learned_dense_v2/separator1_grid_search_6ports_learned_dense_hd128_depth3_stages2_share1,default_6port_separator1_learned_dense_v2,separator1_grid_search_6ports_learned_dense_hd128_depth3_stages2_share1,supervised_nmse_plateau,separator1,12,6,compile,fp32,float32,64,4,ok,,514.850918,20,50,1.23338588,0.03943747765699019,1.193015,1.2251885,1.2610054000000002,1.2920125,1.39276612,1.409971,51889.6811109918,51.889681110991795,1225.1885,19.1435703125,12972.42027774795,255264,503808,1014552,sub-physical,0.03125,0.015625,Intel(R) Xeon(R) 6760P,AVX512,"avx2,avx512f,avx512bw,avx512vl,avx512_vnni,avx512_bf16,amx_bf16,amx_int8,amx_tile,fma",True,True,,,,,,256,128,sh14l07002s1404,3.11.9,2.1.2+cu121
20260428_134843,2026-04-28T19:13:46.814586,cpu,pytorch,separator1_grid_search_6ports_learned_dense_hd128_depth3_stages2_share1,/home/liangyi/SRS_AI/Model_AIIC_refactor/experiments_refactored/20260428_054018_default_6port_separator1_learned_dense_v2/separator1_grid_search_6ports_learned_dense_hd128_depth3_stages2_share1,default_6port_separator1_learned_dense_v2,separator1_grid_search_6ports_learned_dense_hd128_depth3_stages2_share1,supervised_nmse_plateau,separator1,12,6,compile,fp32,float32,64,8,ok,,536.168846,20,50,1.10384214,0.031060535904591218,1.079927,1.0969295,1.1136129000000001,1.1327162000000002,1.2420005799999998,1.282846,57979.30490314494,57.97930490314494,1096.9295,17.1395234375,7247.413112893118,255264,503808,1014552,sub-physical,0.0625,0.03125,Intel(R) Xeon(R) 6760P,AVX512,"avx2,avx512f,avx512bw,avx512vl,avx512_vnni,avx512_bf16,amx_bf16,amx_int8,amx_tile,fma",True,True,,,,,,256,128,sh14l07002s1404,3.11.9,2.1.2+cu121
20260428_134843,2026-04-28T19:13:46.814586,cpu,pytorch,separator1_grid_search_6ports_learned_dense_hd128_depth3_stages2_share1,/home/liangyi/SRS_AI/Model_AIIC_refactor/experiments_refactored/20260428_054018_default_6port_separator1_learned_dense_v2/separator1_grid_search_6ports_learned_dense_hd128_depth3_stages2_share1,default_6port_separator1_learned_dense_v2,separator1_grid_search_6ports_learned_dense_hd128_depth3_stages2_share1,supervised_nmse_plateau,separator1,12,6,compile,fp32,float32,128,1,ok,,498.639276,20,50,1.5710312,0.6434845376899433,1.439067,1.4594459999999998,1.5752794,1.5781839,3.9454548199999917,6.059012,81475.1482975004,81.4751482975004,1459.446,11.401921875,81475.1482975004,255264,503808,1014552,single-thread,0.0078125,0.00390625,Intel(R) Xeon(R) 6760P,AVX512,"avx2,avx512f,avx512bw,avx512vl,avx512_vnni,avx512_bf16,amx_bf16,amx_int8,amx_tile,fma",True,True,,,,,,256,128,sh14l07002s1404,3.11.9,2.1.2+cu121
20260428_134843,2026-04-28T19:13:46.814586,cpu,pytorch,separator1_grid_search_6ports_learned_dense_hd128_depth3_stages2_share1,/home/liangyi/SRS_AI/Model_AIIC_refactor/experiments_refactored/20260428_054018_default_6port_separator1_learned_dense_v2/separator1_grid_search_6ports_learned_dense_hd128_depth3_stages2_share1,default_6port_separator1_learned_dense_v2,separator1_grid_search_6ports_learned_dense_hd128_depth3_stages2_share1,supervised_nmse_plateau,separator1,12,6,compile,fp32,float32,128,2,ok,,511.505824,20,50,1.8297965,0.04178516495803265,1.757926,1.82767,1.8884907000000002,1.8990702,1.91348611,1.917779,69953.1341326754,69.9531341326754,1827.6699999999998,14.278671874999999,34976.5670663377,255264,503808,1014552,sub-physical,0.015625,0.0078125,Intel(R) Xeon(R) 6760P,AVX512,"avx2,avx512f,avx512bw,avx512vl,avx512_vnni,avx512_bf16,amx_bf16,amx_int8,amx_tile,fma",True,True,,,,,,256,128,sh14l07002s1404,3.11.9,2.1.2+cu121
20260428_134843,2026-04-28T19:13:46.814586,cpu,pytorch,separator1_grid_search_6ports_learned_dense_hd128_depth3_stages2_share1,/home/liangyi/SRS_AI/Model_AIIC_refactor/experiments_refactored/20260428_054018_default_6port_separator1_learned_dense_v2/separator1_grid_search_6ports_learned_dense_hd128_depth3_stages2_share1,default_6port_separator1_learned_dense_v2,separator1_grid_search_6ports_learned_dense_hd128_depth3_stages2_share1,supervised_nmse_plateau,separator1,12,6,compile,fp32,float32,128,4,ok,,524.220618,20,50,1.7404483,0.034523065412127,1.677251,1.7398085,1.7832937,1.7982904499999999,1.80161621,1.802288,73544.27017452917,73.54427017452917,1739.8085,13.59225390625,18386.067543632293,255264,503808,1014552,sub-physical,0.03125,0.015625,Intel(R) Xeon(R) 6760P,AVX512,"avx2,avx512f,avx512bw,avx512vl,avx512_vnni,avx512_bf16,amx_bf16,amx_int8,amx_tile,fma",True,True,,,,,,256,128,sh14l07002s1404,3.11.9,2.1.2+cu121
20260428_134843,2026-04-28T19:13:46.814586,cpu,pytorch,separator1_grid_search_6ports_learned_dense_hd128_depth3_stages2_share1,/home/liangyi/SRS_AI/Model_AIIC_refactor/experiments_refactored/20260428_054018_default_6port_separator1_learned_dense_v2/separator1_grid_search_6ports_learned_dense_hd128_depth3_stages2_share1,default_6port_separator1_learned_dense_v2,separator1_grid_search_6ports_learned_dense_hd128_depth3_stages2_share1,supervised_nmse_plateau,separator1,12,6,compile,fp32,float32,128,8,ok,,534.058788,20,50,1.70391192,0.018431875311904655,1.678527,1.7017280000000001,1.7172971000000001,1.72336415,1.7661955999999999,1.802289,75121.25392021437,75.12125392021437,1701.728,13.29475,9390.156740026796,255264,503808,1014552,sub-physical,0.0625,0.03125,Intel(R) Xeon(R) 6760P,AVX512,"avx2,avx512f,avx512bw,avx512vl,avx512_vnni,avx512_bf16,amx_bf16,amx_int8,amx_tile,fma",True,True,,,,,,256,128,sh14l07002s1404,3.11.9,2.1.2+cu121
20260428_134843,2026-04-28T19:13:46.814586,cpu,pytorch,separator1_grid_search_6ports_learned_dense_hd128_depth3_stages2_share1,/home/liangyi/SRS_AI/Model_AIIC_refactor/experiments_refactored/20260428_054018_default_6port_separator1_learned_dense_v2/separator1_grid_search_6ports_learned_dense_hd128_depth3_stages2_share1,default_6port_separator1_learned_dense_v2,separator1_grid_search_6ports_learned_dense_hd128_depth3_stages2_share1,supervised_nmse_plateau,separator1,12,6,compile,bf16,bfloat16,1,1,ok,,500.565108,20,50,0.85334694,0.005149122462750332,0.843178,0.8528585,0.8602682,0.86070935,0.8675336300000001,0.870137,1171.8563143848621,1.1718563143848622,852.8584999999999,852.8584999999999,1171.8563143848621,255264,503808,1014552,single-thread,0.0078125,0.00390625,Intel(R) Xeon(R) 6760P,AVX512,"avx2,avx512f,avx512bw,avx512vl,avx512_vnni,avx512_bf16,amx_bf16,amx_int8,amx_tile,fma",True,True,,,,,,256,128,sh14l07002s1404,3.11.9,2.1.2+cu121
20260428_134843,2026-04-28T19:13:46.814586,cpu,pytorch,separator1_grid_search_6ports_learned_dense_hd128_depth3_stages2_share1,/home/liangyi/SRS_AI/Model_AIIC_refactor/experiments_refactored/20260428_054018_default_6port_separator1_learned_dense_v2/separator1_grid_search_6ports_learned_dense_hd128_depth3_stages2_share1,default_6port_separator1_learned_dense_v2,separator1_grid_search_6ports_learned_dense_hd128_depth3_stages2_share1,supervised_nmse_plateau,separator1,12,6,compile,bf16,bfloat16,1,2,ok,,511.651119,20,50,0.91097658,0.02770768597850784,0.886789,0.9016465,0.9605450999999999,0.97504725,1.00832938,1.016041,1097.7230611131627,1.0977230611131628,901.6465000000001,901.6465000000001,548.8615305565813,255264,503808,1014552,sub-physical,0.015625,0.0078125,Intel(R) Xeon(R) 6760P,AVX512,"avx2,avx512f,avx512bw,avx512vl,avx512_vnni,avx512_bf16,amx_bf16,amx_int8,amx_tile,fma",True,True,,,,,,256,128,sh14l07002s1404,3.11.9,2.1.2+cu121
20260428_134843,2026-04-28T19:13:46.814586,cpu,pytorch,separator1_grid_search_6ports_learned_dense_hd128_depth3_stages2_share1,/home/liangyi/SRS_AI/Model_AIIC_refactor/experiments_refactored/20260428_054018_default_6port_separator1_learned_dense_v2/separator1_grid_search_6ports_learned_dense_hd128_depth3_stages2_share1,default_6port_separator1_learned_dense_v2,separator1_grid_search_6ports_learned_dense_hd128_depth3_stages2_share1,supervised_nmse_plateau,separator1,12,6,compile,bf16,bfloat16,1,4,ok,,498.499345,20,50,0.92189798,0.01725242291098847,0.903029,0.9163250000000001,0.9302402000000001,0.9581649,0.9905934299999999,1.002203,1084.7187234318487,1.0847187234318487,916.325,916.325,271.1796808579622,255264,503808,1014552,sub-physical,0.03125,0.015625,Intel(R) Xeon(R) 6760P,AVX512,"avx2,avx512f,avx512bw,avx512vl,avx512_vnni,avx512_bf16,amx_bf16,amx_int8,amx_tile,fma",True,True,,,,,,256,128,sh14l07002s1404,3.11.9,2.1.2+cu121
20260428_134843,2026-04-28T19:13:46.814586,cpu,pytorch,separator1_grid_search_6ports_learned_dense_hd128_depth3_stages2_share1,/home/liangyi/SRS_AI/Model_AIIC_refactor/experiments_refactored/20260428_054018_default_6port_separator1_learned_dense_v2/separator1_grid_search_6ports_learned_dense_hd128_depth3_stages2_share1,default_6port_separator1_learned_dense_v2,separator1_grid_search_6ports_learned_dense_hd128_depth3_stages2_share1,supervised_nmse_plateau,separator1,12,6,compile,bf16,bfloat16,1,8,ok,,503.784504,20,50,0.90887364,0.025333044574042028,0.887041,0.900255,0.9581035,0.9743895,0.98290971,0.984929,1100.2629584460167,1.1002629584460166,900.255,900.255,137.53286980575209,255264,503808,1014552,sub-physical,0.0625,0.03125,Intel(R) Xeon(R) 6760P,AVX512,"avx2,avx512f,avx512bw,avx512vl,avx512_vnni,avx512_bf16,amx_bf16,amx_int8,amx_tile,fma",True,True,,,,,,256,128,sh14l07002s1404,3.11.9,2.1.2+cu121
20260428_134843,2026-04-28T19:13:46.814586,cpu,pytorch,separator1_grid_search_6ports_learned_dense_hd128_depth3_stages2_share1,/home/liangyi/SRS_AI/Model_AIIC_refactor/experiments_refactored/20260428_054018_default_6port_separator1_learned_dense_v2/separator1_grid_search_6ports_learned_dense_hd128_depth3_stages2_share1,default_6port_separator1_learned_dense_v2,separator1_grid_search_6ports_learned_dense_hd128_depth3_stages2_share1,supervised_nmse_plateau,separator1,12,6,compile,bf16,bfloat16,2,1,ok,,495.264093,20,50,1.17311052,0.013547230908551025,1.152749,1.1705795,1.191027,1.1990711,1.20597748,1.211244,1704.8692053328443,1.7048692053328443,1170.5795,585.28975,1704.8692053328443,255264,503808,1014552,single-thread,0.0078125,0.00390625,Intel(R) Xeon(R) 6760P,AVX512,"avx2,avx512f,avx512bw,avx512vl,avx512_vnni,avx512_bf16,amx_bf16,amx_int8,amx_tile,fma",True,True,,,,,,256,128,sh14l07002s1404,3.11.9,2.1.2+cu121
20260428_134843,2026-04-28T19:13:46.814586,cpu,pytorch,separator1_grid_search_6ports_learned_dense_hd128_depth3_stages2_share1,/home/liangyi/SRS_AI/Model_AIIC_refactor/experiments_refactored/20260428_054018_default_6port_separator1_learned_dense_v2/separator1_grid_search_6ports_learned_dense_hd128_depth3_stages2_share1,default_6port_separator1_learned_dense_v2,separator1_grid_search_6ports_learned_dense_hd128_depth3_stages2_share1,supervised_nmse_plateau,separator1,12,6,compile,bf16,bfloat16,2,2,ok,,500.802985,20,50,1.2638224200000001,0.008410709335341458,1.246755,1.262544,1.2744180999999999,1.2780554,1.28281518,1.284,1582.5008073523493,1.5825008073523492,1262.544,631.272,791.2504036761746,255264,503808,1014552,sub-physical,0.015625,0.0078125,Intel(R) Xeon(R) 6760P,AVX512,"avx2,avx512f,avx512bw,avx512vl,avx512_vnni,avx512_bf16,amx_bf16,amx_int8,amx_tile,fma",True,True,,,,,,256,128,sh14l07002s1404,3.11.9,2.1.2+cu121
20260428_134843,2026-04-28T19:13:46.814586,cpu,pytorch,separator1_grid_search_6ports_learned_dense_hd128_depth3_stages2_share1,/home/liangyi/SRS_AI/Model_AIIC_refactor/experiments_refactored/20260428_054018_default_6port_separator1_learned_dense_v2/separator1_grid_search_6ports_learned_dense_hd128_depth3_stages2_share1,default_6port_separator1_learned_dense_v2,separator1_grid_search_6ports_learned_dense_hd128_depth3_stages2_share1,supervised_nmse_plateau,separator1,12,6,compile,bf16,bfloat16,2,4,ok,,504.690267,20,50,1.24953104,0.0071835579317216,1.231491,1.2493245,1.257477,1.2605908,1.26522825,1.269381,1600.6004940861653,1.6006004940861653,1249.3245,624.66225,400.15012352154133,255264,503808,1014552,sub-physical,0.03125,0.015625,Intel(R) Xeon(R) 6760P,AVX512,"avx2,avx512f,avx512bw,avx512vl,avx512_vnni,avx512_bf16,amx_bf16,amx_int8,amx_tile,fma",True,True,,,,,,256,128,sh14l07002s1404,3.11.9,2.1.2+cu121
20260428_134843,2026-04-28T19:13:46.814586,cpu,pytorch,separator1_grid_search_6ports_learned_dense_hd128_depth3_stages2_share1,/home/liangyi/SRS_AI/Model_AIIC_refactor/experiments_refactored/20260428_054018_default_6port_separator1_learned_dense_v2/separator1_grid_search_6ports_learned_dense_hd128_depth3_stages2_share1,default_6port_separator1_learned_dense_v2,separator1_grid_search_6ports_learned_dense_hd128_depth3_stages2_share1,supervised_nmse_plateau,separator1,12,6,compile,bf16,bfloat16,2,8,ok,,503.441918,20,50,1.3325078399999999,0.017650007485958748,1.304786,1.3292410000000001,1.3505086,1.3528057500000001,1.3948034599999999,1.418003,1500.9292553205544,1.5009292553205544,1329.2410000000002,664.6205000000001,187.6161569150693,255264,503808,1014552,sub-physical,0.0625,0.03125,Intel(R) Xeon(R) 6760P,AVX512,"avx2,avx512f,avx512bw,avx512vl,avx512_vnni,avx512_bf16,amx_bf16,amx_int8,amx_tile,fma",True,True,,,,,,256,128,sh14l07002s1404,3.11.9,2.1.2+cu121
20260428_134843,2026-04-28T19:13:46.814586,cpu,pytorch,separator1_grid_search_6ports_learned_dense_hd128_depth3_stages2_share1,/home/liangyi/SRS_AI/Model_AIIC_refactor/experiments_refactored/20260428_054018_default_6port_separator1_learned_dense_v2/separator1_grid_search_6ports_learned_dense_hd128_depth3_stages2_share1,default_6port_separator1_learned_dense_v2,separator1_grid_search_6ports_learned_dense_hd128_depth3_stages2_share1,supervised_nmse_plateau,separator1,12,6,compile,bf16,bfloat16,4,1,ok,,495.421102,20,50,1.51174804,0.053688232878335636,1.466741,1.489576,1.6202877,1.6290898999999999,1.64148615,1.646075,2645.943566098488,2.645943566098488,1489.576,372.394,2645.943566098488,255264,503808,1014552,single-thread,0.0078125,0.00390625,Intel(R) Xeon(R) 6760P,AVX512,"avx2,avx512f,avx512bw,avx512vl,avx512_vnni,avx512_bf16,amx_bf16,amx_int8,amx_tile,fma",True,True,,,,,,256,128,sh14l07002s1404,3.11.9,2.1.2+cu121
20260428_134843,2026-04-28T19:13:46.814586,cpu,pytorch,separator1_grid_search_6ports_learned_dense_hd128_depth3_stages2_share1,/home/liangyi/SRS_AI/Model_AIIC_refactor/experiments_refactored/20260428_054018_default_6port_separator1_learned_dense_v2/separator1_grid_search_6ports_learned_dense_hd128_depth3_stages2_share1,default_6port_separator1_learned_dense_v2,separator1_grid_search_6ports_learned_dense_hd128_depth3_stages2_share1,supervised_nmse_plateau,separator1,12,6,compile,bf16,bfloat16,4,2,ok,,500.575629,20,50,1.73926254,0.04335066874695706,1.672927,1.735963,1.8064084,1.81449985,1.83624566,1.838042,2299.8253041199864,2.2998253041199863,1735.963,433.99075,1149.9126520599932,255264,503808,1014552,sub-physical,0.015625,0.0078125,Intel(R) Xeon(R) 6760P,AVX512,"avx2,avx512f,avx512bw,avx512vl,avx512_vnni,avx512_bf16,amx_bf16,amx_int8,amx_tile,fma",True,True,,,,,,256,128,sh14l07002s1404,3.11.9,2.1.2+cu121
20260428_134843,2026-04-28T19:13:46.814586,cpu,pytorch,separator1_grid_search_6ports_learned_dense_hd128_depth3_stages2_share1,/home/liangyi/SRS_AI/Model_AIIC_refactor/experiments_refactored/20260428_054018_default_6port_separator1_learned_dense_v2/separator1_grid_search_6ports_learned_dense_hd128_depth3_stages2_share1,default_6port_separator1_learned_dense_v2,separator1_grid_search_6ports_learned_dense_hd128_depth3_stages2_share1,supervised_nmse_plateau,separator1,12,6,compile,bf16,bfloat16,4,4,ok,,506.578871,20,50,1.71767572,0.01676532617880129,1.674165,1.718098,1.7365251,1.73891425,1.75599713,1.758086,2328.728265426026,2.328728265426026,1718.098,429.5245,582.1820663565065,255264,503808,1014552,sub-physical,0.03125,0.015625,Intel(R) Xeon(R) 6760P,AVX512,"avx2,avx512f,avx512bw,avx512vl,avx512_vnni,avx512_bf16,amx_bf16,amx_int8,amx_tile,fma",True,True,,,,,,256,128,sh14l07002s1404,3.11.9,2.1.2+cu121
20260428_134843,2026-04-28T19:13:46.814586,cpu,pytorch,separator1_grid_search_6ports_learned_dense_hd128_depth3_stages2_share1,/home/liangyi/SRS_AI/Model_AIIC_refactor/experiments_refactored/20260428_054018_default_6port_separator1_learned_dense_v2/separator1_grid_search_6ports_learned_dense_hd128_depth3_stages2_share1,default_6port_separator1_learned_dense_v2,separator1_grid_search_6ports_learned_dense_hd128_depth3_stages2_share1,supervised_nmse_plateau,separator1,12,6,compile,bf16,bfloat16,4,8,ok,,498.106537,20,50,1.7941192400000001,0.03140129385650216,1.748549,1.7919545,1.8194888,1.8373567,1.8982212099999998,1.952058,2229.5062172121848,2.229506217212185,1791.9544999999998,447.98862499999996,278.6882771515231,255264,503808,1014552,sub-physical,0.0625,0.03125,Intel(R) Xeon(R) 6760P,AVX512,"avx2,avx512f,avx512bw,avx512vl,avx512_vnni,avx512_bf16,amx_bf16,amx_int8,amx_tile,fma",True,True,,,,,,256,128,sh14l07002s1404,3.11.9,2.1.2+cu121
20260428_134843,2026-04-28T19:13:46.814586,cpu,pytorch,separator1_grid_search_6ports_learned_dense_hd128_depth3_stages2_share1,/home/liangyi/SRS_AI/Model_AIIC_refactor/experiments_refactored/20260428_054018_default_6port_separator1_learned_dense_v2/separator1_grid_search_6ports_learned_dense_hd128_depth3_stages2_share1,default_6port_separator1_learned_dense_v2,separator1_grid_search_6ports_learned_dense_hd128_depth3_stages2_share1,supervised_nmse_plateau,separator1,12,6,compile,bf16,bfloat16,8,1,ok,,491.677373,20,50,1.5537642,0.05409198815388467,1.496105,1.5268549999999999,1.6503447000000002,1.6623918,1.67749073,1.684068,5148.7864117348045,5.148786411734805,1526.8549999999998,190.85687499999997,5148.7864117348045,255264,503808,1014552,single-thread,0.0078125,0.00390625,Intel(R) Xeon(R) 6760P,AVX512,"avx2,avx512f,avx512bw,avx512vl,avx512_vnni,avx512_bf16,amx_bf16,amx_int8,amx_tile,fma",True,True,,,,,,256,128,sh14l07002s1404,3.11.9,2.1.2+cu121
20260428_134843,2026-04-28T19:13:46.814586,cpu,pytorch,separator1_grid_search_6ports_learned_dense_hd128_depth3_stages2_share1,/home/liangyi/SRS_AI/Model_AIIC_refactor/experiments_refactored/20260428_054018_default_6port_separator1_learned_dense_v2/separator1_grid_search_6ports_learned_dense_hd128_depth3_stages2_share1,default_6port_separator1_learned_dense_v2,separator1_grid_search_6ports_learned_dense_hd128_depth3_stages2_share1,supervised_nmse_plateau,separator1,12,6,compile,bf16,bfloat16,8,2,ok,,505.809775,20,50,1.70651952,0.03367140122789071,1.646426,1.7085445,1.7453789000000002,1.7607337,1.76950039,1.776306,4687.904185238971,4.687904185238971,1708.5445,213.5680625,2343.9520926194855,255264,503808,1014552,sub-physical,0.015625,0.0078125,Intel(R) Xeon(R) 6760P,AVX512,"avx2,avx512f,avx512bw,avx512vl,avx512_vnni,avx512_bf16,amx_bf16,amx_int8,amx_tile,fma",True,True,,,,,,256,128,sh14l07002s1404,3.11.9,2.1.2+cu121
20260428_134843,2026-04-28T19:13:46.814586,cpu,pytorch,separator1_grid_search_6ports_learned_dense_hd128_depth3_stages2_share1,/home/liangyi/SRS_AI/Model_AIIC_refactor/experiments_refactored/20260428_054018_default_6port_separator1_learned_dense_v2/separator1_grid_search_6ports_learned_dense_hd128_depth3_stages2_share1,default_6port_separator1_learned_dense_v2,separator1_grid_search_6ports_learned_dense_hd128_depth3_stages2_share1,supervised_nmse_plateau,separator1,12,6,compile,bf16,bfloat16,8,4,ok,,504.554632,20,50,1.82572306,0.03143266936065723,1.767357,1.8202525,1.8688285999999998,1.87561555,1.8924913799999998,1.905544,4381.82557654719,4.3818255765471905,1820.2525,227.5315625,1095.4563941367976,255264,503808,1014552,sub-physical,0.03125,0.015625,Intel(R) Xeon(R) 6760P,AVX512,"avx2,avx512f,avx512bw,avx512vl,avx512_vnni,avx512_bf16,amx_bf16,amx_int8,amx_tile,fma",True,True,,,,,,256,128,sh14l07002s1404,3.11.9,2.1.2+cu121
20260428_134843,2026-04-28T19:13:46.814586,cpu,pytorch,separator1_grid_search_6ports_learned_dense_hd128_depth3_stages2_share1,/home/liangyi/SRS_AI/Model_AIIC_refactor/experiments_refactored/20260428_054018_default_6port_separator1_learned_dense_v2/separator1_grid_search_6ports_learned_dense_hd128_depth3_stages2_share1,default_6port_separator1_learned_dense_v2,separator1_grid_search_6ports_learned_dense_hd128_depth3_stages2_share1,supervised_nmse_plateau,separator1,12,6,compile,bf16,bfloat16,8,8,ok,,504.532991,20,50,1.81417812,0.02009743815478979,1.773178,1.8103319999999998,1.8385959,1.84668575,1.87149693,1.87583,4409.710332081395,4.409710332081395,1810.3319999999999,226.29149999999998,551.2137915101744,255264,503808,1014552,sub-physical,0.0625,0.03125,Intel(R) Xeon(R) 6760P,AVX512,"avx2,avx512f,avx512bw,avx512vl,avx512_vnni,avx512_bf16,amx_bf16,amx_int8,amx_tile,fma",True,True,,,,,,256,128,sh14l07002s1404,3.11.9,2.1.2+cu121
20260428_134843,2026-04-28T19:13:46.814586,cpu,pytorch,separator1_grid_search_6ports_learned_dense_hd128_depth3_stages2_share1,/home/liangyi/SRS_AI/Model_AIIC_refactor/experiments_refactored/20260428_054018_default_6port_separator1_learned_dense_v2/separator1_grid_search_6ports_learned_dense_hd128_depth3_stages2_share1,default_6port_separator1_learned_dense_v2,separator1_grid_search_6ports_learned_dense_hd128_depth3_stages2_share1,supervised_nmse_plateau,separator1,12,6,compile,bf16,bfloat16,16,1,ok,,495.372597,20,50,1.5309374,0.062103161156900864,1.475207,1.502915,1.6344189999999998,1.6573188,1.67299537,1.678428,10451.113154594042,10.451113154594042,1502.915,93.9321875,10451.113154594042,255264,503808,1014552,single-thread,0.0078125,0.00390625,Intel(R) Xeon(R) 6760P,AVX512,"avx2,avx512f,avx512bw,avx512vl,avx512_vnni,avx512_bf16,amx_bf16,amx_int8,amx_tile,fma",True,True,,,,,,256,128,sh14l07002s1404,3.11.9,2.1.2+cu121
20260428_134843,2026-04-28T19:13:46.814586,cpu,pytorch,separator1_grid_search_6ports_learned_dense_hd128_depth3_stages2_share1,/home/liangyi/SRS_AI/Model_AIIC_refactor/experiments_refactored/20260428_054018_default_6port_separator1_learned_dense_v2/separator1_grid_search_6ports_learned_dense_hd128_depth3_stages2_share1,default_6port_separator1_learned_dense_v2,separator1_grid_search_6ports_learned_dense_hd128_depth3_stages2_share1,supervised_nmse_plateau,separator1,12,6,compile,bf16,bfloat16,16,2,ok,,509.286061,20,50,1.79670416,0.028774976828737843,1.750528,1.7879695,1.8313396000000002,1.85119945,1.86282256,1.868142,8905.194497907769,8.905194497907768,1787.9695,111.74809375,4452.597248953884,255264,503808,1014552,sub-physical,0.015625,0.0078125,Intel(R) Xeon(R) 6760P,AVX512,"avx2,avx512f,avx512bw,avx512vl,avx512_vnni,avx512_bf16,amx_bf16,amx_int8,amx_tile,fma",True,True,,,,,,256,128,sh14l07002s1404,3.11.9,2.1.2+cu121
20260428_134843,2026-04-28T19:13:46.814586,cpu,pytorch,separator1_grid_search_6ports_learned_dense_hd128_depth3_stages2_share1,/home/liangyi/SRS_AI/Model_AIIC_refactor/experiments_refactored/20260428_054018_default_6port_separator1_learned_dense_v2/separator1_grid_search_6ports_learned_dense_hd128_depth3_stages2_share1,default_6port_separator1_learned_dense_v2,separator1_grid_search_6ports_learned_dense_hd128_depth3_stages2_share1,supervised_nmse_plateau,separator1,12,6,compile,bf16,bfloat16,16,4,ok,,507.207931,20,50,1.84833782,0.04203836872367434,1.783429,1.8397804999999998,1.912757,1.9196176,1.93431817,1.946601,8656.426237060929,8.656426237060929,1839.7804999999998,114.98628124999999,2164.106559265232,255264,503808,1014552,sub-physical,0.03125,0.015625,Intel(R) Xeon(R) 6760P,AVX512,"avx2,avx512f,avx512bw,avx512vl,avx512_vnni,avx512_bf16,amx_bf16,amx_int8,amx_tile,fma",True,True,,,,,,256,128,sh14l07002s1404,3.11.9,2.1.2+cu121
20260428_134843,2026-04-28T19:13:46.814586,cpu,pytorch,separator1_grid_search_6ports_learned_dense_hd128_depth3_stages2_share1,/home/liangyi/SRS_AI/Model_AIIC_refactor/experiments_refactored/20260428_054018_default_6port_separator1_learned_dense_v2/separator1_grid_search_6ports_learned_dense_hd128_depth3_stages2_share1,default_6port_separator1_learned_dense_v2,separator1_grid_search_6ports_learned_dense_hd128_depth3_stages2_share1,supervised_nmse_plateau,separator1,12,6,compile,bf16,bfloat16,16,8,ok,,502.065552,20,50,2.01752398,0.0532831127425904,1.938814,2.0030900000000003,2.0916962,2.1099038,2.15307403,2.172896,7930.512925055791,7.930512925055791,2003.0900000000001,125.19312500000001,991.3141156319739,255264,503808,1014552,sub-physical,0.0625,0.03125,Intel(R) Xeon(R) 6760P,AVX512,"avx2,avx512f,avx512bw,avx512vl,avx512_vnni,avx512_bf16,amx_bf16,amx_int8,amx_tile,fma",True,True,,,,,,256,128,sh14l07002s1404,3.11.9,2.1.2+cu121
20260428_134843,2026-04-28T19:13:46.814586,cpu,pytorch,separator1_grid_search_6ports_learned_dense_hd128_depth3_stages2_share1,/home/liangyi/SRS_AI/Model_AIIC_refactor/experiments_refactored/20260428_054018_default_6port_separator1_learned_dense_v2/separator1_grid_search_6ports_learned_dense_hd128_depth3_stages2_share1,default_6port_separator1_learned_dense_v2,separator1_grid_search_6ports_learned_dense_hd128_depth3_stages2_share1,supervised_nmse_plateau,separator1,12,6,compile,bf16,bfloat16,32,1,ok,,493.870469,20,50,1.58007822,0.04804785700581869,1.531613,1.556136,1.6735506999999998,1.6843477,1.68662533,1.68696,20252.161946767417,20.252161946767416,1556.136,48.62925,20252.161946767417,255264,503808,1014552,single-thread,0.0078125,0.00390625,Intel(R) Xeon(R) 6760P,AVX512,"avx2,avx512f,avx512bw,avx512vl,avx512_vnni,avx512_bf16,amx_bf16,amx_int8,amx_tile,fma",True,True,,,,,,256,128,sh14l07002s1404,3.11.9,2.1.2+cu121
20260428_134843,2026-04-28T19:13:46.814586,cpu,pytorch,separator1_grid_search_6ports_learned_dense_hd128_depth3_stages2_share1,/home/liangyi/SRS_AI/Model_AIIC_refactor/experiments_refactored/20260428_054018_default_6port_separator1_learned_dense_v2/separator1_grid_search_6ports_learned_dense_hd128_depth3_stages2_share1,default_6port_separator1_learned_dense_v2,separator1_grid_search_6ports_learned_dense_hd128_depth3_stages2_share1,supervised_nmse_plateau,separator1,12,6,compile,bf16,bfloat16,32,2,ok,,499.870927,20,50,2.04722546,0.07206994320220045,1.933716,2.036254,2.1569471,2.1873208,2.1997728899999998,2.202438,15630.9115069329,15.6309115069329,2036.254,63.6329375,7815.45575346645,255264,503808,1014552,sub-physical,0.015625,0.0078125,Intel(R) Xeon(R) 6760P,AVX512,"avx2,avx512f,avx512bw,avx512vl,avx512_vnni,avx512_bf16,amx_bf16,amx_int8,amx_tile,fma",True,True,,,,,,256,128,sh14l07002s1404,3.11.9,2.1.2+cu121
20260428_134843,2026-04-28T19:13:46.814586,cpu,pytorch,separator1_grid_search_6ports_learned_dense_hd128_depth3_stages2_share1,/home/liangyi/SRS_AI/Model_AIIC_refactor/experiments_refactored/20260428_054018_default_6port_separator1_learned_dense_v2/separator1_grid_search_6ports_learned_dense_hd128_depth3_stages2_share1,default_6port_separator1_learned_dense_v2,separator1_grid_search_6ports_learned_dense_hd128_depth3_stages2_share1,supervised_nmse_plateau,separator1,12,6,compile,bf16,bfloat16,32,4,ok,,504.903005,20,50,1.98077072,0.05261928146755332,1.902411,1.967558,2.0560845000000003,2.068665,2.0951906399999998,2.111931,16155.32765952841,16.15532765952841,1967.558,61.4861875,4038.8319148821024,255264,503808,1014552,sub-physical,0.03125,0.015625,Intel(R) Xeon(R) 6760P,AVX512,"avx2,avx512f,avx512bw,avx512vl,avx512_vnni,avx512_bf16,amx_bf16,amx_int8,amx_tile,fma",True,True,,,,,,256,128,sh14l07002s1404,3.11.9,2.1.2+cu121
20260428_134843,2026-04-28T19:13:46.814586,cpu,pytorch,separator1_grid_search_6ports_learned_dense_hd128_depth3_stages2_share1,/home/liangyi/SRS_AI/Model_AIIC_refactor/experiments_refactored/20260428_054018_default_6port_separator1_learned_dense_v2/separator1_grid_search_6ports_learned_dense_hd128_depth3_stages2_share1,default_6port_separator1_learned_dense_v2,separator1_grid_search_6ports_learned_dense_hd128_depth3_stages2_share1,supervised_nmse_plateau,separator1,12,6,compile,bf16,bfloat16,32,8,ok,,506.503153,20,50,2.08499688,0.039951193555457135,2.018891,2.0793705,2.1329153,2.1692822499999997,2.21680411,2.235993,15347.744788951435,15.347744788951434,2079.3705,64.980328125,1918.4680986189294,255264,503808,1014552,sub-physical,0.0625,0.03125,Intel(R) Xeon(R) 6760P,AVX512,"avx2,avx512f,avx512bw,avx512vl,avx512_vnni,avx512_bf16,amx_bf16,amx_int8,amx_tile,fma",True,True,,,,,,256,128,sh14l07002s1404,3.11.9,2.1.2+cu121
20260428_134843,2026-04-28T19:13:46.814586,cpu,pytorch,separator1_grid_search_6ports_learned_dense_hd128_depth3_stages2_share1,/home/liangyi/SRS_AI/Model_AIIC_refactor/experiments_refactored/20260428_054018_default_6port_separator1_learned_dense_v2/separator1_grid_search_6ports_learned_dense_hd128_depth3_stages2_share1,default_6port_separator1_learned_dense_v2,separator1_grid_search_6ports_learned_dense_hd128_depth3_stages2_share1,supervised_nmse_plateau,separator1,12,6,compile,bf16,bfloat16,64,1,ok,,495.27647,20,50,1.66511042,0.020449049683630774,1.626308,1.662639,1.6988229000000001,1.7035806,1.70685932,1.707463,38435.88943488805,38.43588943488805,1662.639,25.978734375,38435.88943488805,255264,503808,1014552,single-thread,0.0078125,0.00390625,Intel(R) Xeon(R) 6760P,AVX512,"avx2,avx512f,avx512bw,avx512vl,avx512_vnni,avx512_bf16,amx_bf16,amx_int8,amx_tile,fma",True,True,,,,,,256,128,sh14l07002s1404,3.11.9,2.1.2+cu121
20260428_134843,2026-04-28T19:13:46.814586,cpu,pytorch,separator1_grid_search_6ports_learned_dense_hd128_depth3_stages2_share1,/home/liangyi/SRS_AI/Model_AIIC_refactor/experiments_refactored/20260428_054018_default_6port_separator1_learned_dense_v2/separator1_grid_search_6ports_learned_dense_hd128_depth3_stages2_share1,default_6port_separator1_learned_dense_v2,separator1_grid_search_6ports_learned_dense_hd128_depth3_stages2_share1,supervised_nmse_plateau,separator1,12,6,compile,bf16,bfloat16,64,2,ok,,508.72726,20,50,2.1922803,0.06351682691799078,2.116428,2.176012,2.2975395,2.30780465,2.35649176,2.371523,29193.347219331394,29.193347219331393,2176.012,34.0001875,14596.673609665697,255264,503808,1014552,sub-physical,0.015625,0.0078125,Intel(R) Xeon(R) 6760P,AVX512,"avx2,avx512f,avx512bw,avx512vl,avx512_vnni,avx512_bf16,amx_bf16,amx_int8,amx_tile,fma",True,True,,,,,,256,128,sh14l07002s1404,3.11.9,2.1.2+cu121
20260428_134843,2026-04-28T19:13:46.814586,cpu,pytorch,separator1_grid_search_6ports_learned_dense_hd128_depth3_stages2_share1,/home/liangyi/SRS_AI/Model_AIIC_refactor/experiments_refactored/20260428_054018_default_6port_separator1_learned_dense_v2/separator1_grid_search_6ports_learned_dense_hd128_depth3_stages2_share1,default_6port_separator1_learned_dense_v2,separator1_grid_search_6ports_learned_dense_hd128_depth3_stages2_share1,supervised_nmse_plateau,separator1,12,6,compile,bf16,bfloat16,64,4,ok,,510.129052,20,50,2.33396192,0.03728161846210007,2.270931,2.329526,2.3884568,2.3977361,2.41991829,2.435686,27421.184318208583,27.42118431820858,2329.526,36.39884375,6855.296079552146,255264,503808,1014552,sub-physical,0.03125,0.015625,Intel(R) Xeon(R) 6760P,AVX512,"avx2,avx512f,avx512bw,avx512vl,avx512_vnni,avx512_bf16,amx_bf16,amx_int8,amx_tile,fma",True,True,,,,,,256,128,sh14l07002s1404,3.11.9,2.1.2+cu121
20260428_134843,2026-04-28T19:13:46.814586,cpu,pytorch,separator1_grid_search_6ports_learned_dense_hd128_depth3_stages2_share1,/home/liangyi/SRS_AI/Model_AIIC_refactor/experiments_refactored/20260428_054018_default_6port_separator1_learned_dense_v2/separator1_grid_search_6ports_learned_dense_hd128_depth3_stages2_share1,default_6port_separator1_learned_dense_v2,separator1_grid_search_6ports_learned_dense_hd128_depth3_stages2_share1,supervised_nmse_plateau,separator1,12,6,compile,bf16,bfloat16,64,8,ok,,499.892093,20,50,2.2813935,0.05332199486825303,2.170835,2.2921804999999997,2.353764,2.3706255,2.38686217,2.389149,28053.029869682716,28.053029869682717,2292.1805,35.8153203125,3506.6287337103395,255264,503808,1014552,sub-physical,0.0625,0.03125,Intel(R) Xeon(R) 6760P,AVX512,"avx2,avx512f,avx512bw,avx512vl,avx512_vnni,avx512_bf16,amx_bf16,amx_int8,amx_tile,fma",True,True,,,,,,256,128,sh14l07002s1404,3.11.9,2.1.2+cu121
20260428_134843,2026-04-28T19:13:46.814586,cpu,pytorch,separator1_grid_search_6ports_learned_dense_hd128_depth3_stages2_share1,/home/liangyi/SRS_AI/Model_AIIC_refactor/experiments_refactored/20260428_054018_default_6port_separator1_learned_dense_v2/separator1_grid_search_6ports_learned_dense_hd128_depth3_stages2_share1,default_6port_separator1_learned_dense_v2,separator1_grid_search_6ports_learned_dense_hd128_depth3_stages2_share1,supervised_nmse_plateau,separator1,12,6,compile,bf16,bfloat16,128,1,ok,,490.925152,20,50,2.10194832,0.8469039152700485,1.839034,1.8954505,2.017112,3.0231394499999955,5.976815279999997,6.792826,60895.88349155988,60.89588349155988,1895.4505,14.80820703125,60895.88349155988,255264,503808,1014552,single-thread,0.0078125,0.00390625,Intel(R) Xeon(R) 6760P,AVX512,"avx2,avx512f,avx512bw,avx512vl,avx512_vnni,avx512_bf16,amx_bf16,amx_int8,amx_tile,fma",True,True,,,,,,256,128,sh14l07002s1404,3.11.9,2.1.2+cu121
20260428_134843,2026-04-28T19:13:46.814586,cpu,pytorch,separator1_grid_search_6ports_learned_dense_hd128_depth3_stages2_share1,/home/liangyi/SRS_AI/Model_AIIC_refactor/experiments_refactored/20260428_054018_default_6port_separator1_learned_dense_v2/separator1_grid_search_6ports_learned_dense_hd128_depth3_stages2_share1,default_6port_separator1_learned_dense_v2,separator1_grid_search_6ports_learned_dense_hd128_depth3_stages2_share1,supervised_nmse_plateau,separator1,12,6,compile,bf16,bfloat16,128,2,ok,,509.504703,20,50,2.63406932,0.05720890644067233,2.527548,2.6352035000000003,2.7097248,2.7195598,2.73568746,2.743942,48594.01346354848,48.59401346354848,2635.2035,20.58752734375,24297.00673177424,255264,503808,1014552,sub-physical,0.015625,0.0078125,Intel(R) Xeon(R) 6760P,AVX512,"avx2,avx512f,avx512bw,avx512vl,avx512_vnni,avx512_bf16,amx_bf16,amx_int8,amx_tile,fma",True,True,,,,,,256,128,sh14l07002s1404,3.11.9,2.1.2+cu121
20260428_134843,2026-04-28T19:13:46.814586,cpu,pytorch,separator1_grid_search_6ports_learned_dense_hd128_depth3_stages2_share1,/home/liangyi/SRS_AI/Model_AIIC_refactor/experiments_refactored/20260428_054018_default_6port_separator1_learned_dense_v2/separator1_grid_search_6ports_learned_dense_hd128_depth3_stages2_share1,default_6port_separator1_learned_dense_v2,separator1_grid_search_6ports_learned_dense_hd128_depth3_stages2_share1,supervised_nmse_plateau,separator1,12,6,compile,bf16,bfloat16,128,4,ok,,502.505373,20,50,2.50063192,0.05033326190694977,2.381621,2.504201,2.5793945000000003,2.5811079,2.61939316,2.647233,51187.06154882643,51.18706154882643,2504.201,19.5640703125,12796.765387206608,255264,503808,1014552,sub-physical,0.03125,0.015625,Intel(R) Xeon(R) 6760P,AVX512,"avx2,avx512f,avx512bw,avx512vl,avx512_vnni,avx512_bf16,amx_bf16,amx_int8,amx_tile,fma",True,True,,,,,,256,128,sh14l07002s1404,3.11.9,2.1.2+cu121
20260428_134843,2026-04-28T19:13:46.814586,cpu,pytorch,separator1_grid_search_6ports_learned_dense_hd128_depth3_stages2_share1,/home/liangyi/SRS_AI/Model_AIIC_refactor/experiments_refactored/20260428_054018_default_6port_separator1_learned_dense_v2/separator1_grid_search_6ports_learned_dense_hd128_depth3_stages2_share1,default_6port_separator1_learned_dense_v2,separator1_grid_search_6ports_learned_dense_hd128_depth3_stages2_share1,supervised_nmse_plateau,separator1,12,6,compile,bf16,bfloat16,128,8,ok,,498.40592,20,50,2.74238264,0.04748098270919,2.661623,2.739981,2.7883228,2.79335165,2.88914599,2.949685,46674.74120241659,46.67474120241659,2739.981,21.4061015625,5834.342650302074,255264,503808,1014552,sub-physical,0.0625,0.03125,Intel(R) Xeon(R) 6760P,AVX512,"avx2,avx512f,avx512bw,avx512vl,avx512_vnni,avx512_bf16,amx_bf16,amx_int8,amx_tile,fma",True,True,,,,,,256,128,sh14l07002s1404,3.11.9,2.1.2+cu121
20260428_134843,2026-04-28T19:13:46.814586,cpu,onnxruntime,separator1_grid_search_6ports_learned_dense_hd128_depth3_stages2_share1,/home/liangyi/SRS_AI/Model_AIIC_refactor/experiments_refactored/20260428_054018_default_6port_separator1_learned_dense_v2/separator1_grid_search_6ports_learned_dense_hd128_depth3_stages2_share1,default_6port_separator1_learned_dense_v2,separator1_grid_search_6ports_learned_dense_hd128_depth3_stages2_share1,supervised_nmse_plateau,separator1,12,6,onnxruntime,fp32,float32,1,1,ok,,13.902441,20,50,0.07817634,0.002238375541413907,0.075281,0.077415,0.0805493,0.08230545,0.08537681,0.087352,12791.593978433884,12.791593978433884,77.41499999999999,77.41499999999999,12791.593978433884,255264,503808,1014552,single-thread,0.0078125,0.00390625,Intel(R) Xeon(R) 6760P,AVX512,"avx2,avx512f,avx512bw,avx512vl,avx512_vnni,avx512_bf16,amx_bf16,amx_int8,amx_tile,fma",True,True,,1.23.2,CPUExecutionProvider,,,256,128,sh14l07002s1404,3.11.9,2.1.2+cu121
20260428_134843,2026-04-28T19:13:46.814586,cpu,onnxruntime,separator1_grid_search_6ports_learned_dense_hd128_depth3_stages2_share1,/home/liangyi/SRS_AI/Model_AIIC_refactor/experiments_refactored/20260428_054018_default_6port_separator1_learned_dense_v2/separator1_grid_search_6ports_learned_dense_hd128_depth3_stages2_share1,default_6port_separator1_learned_dense_v2,separator1_grid_search_6ports_learned_dense_hd128_depth3_stages2_share1,supervised_nmse_plateau,separator1,12,6,onnxruntime,fp32,float32,1,2,ok,,14.880062,20,50,0.08657048,0.0026824924472587056,0.083391,0.08586650000000001,0.088993,0.0917658,0.0953733,0.096956,11551.281684010532,11.551281684010531,85.86650000000002,85.86650000000002,5775.640842005266,255264,503808,1014552,sub-physical,0.015625,0.0078125,Intel(R) Xeon(R) 6760P,AVX512,"avx2,avx512f,avx512bw,avx512vl,avx512_vnni,avx512_bf16,amx_bf16,amx_int8,amx_tile,fma",True,True,,1.23.2,CPUExecutionProvider,,,256,128,sh14l07002s1404,3.11.9,2.1.2+cu121
20260428_134843,2026-04-28T19:13:46.814586,cpu,onnxruntime,separator1_grid_search_6ports_learned_dense_hd128_depth3_stages2_share1,/home/liangyi/SRS_AI/Model_AIIC_refactor/experiments_refactored/20260428_054018_default_6port_separator1_learned_dense_v2/separator1_grid_search_6ports_learned_dense_hd128_depth3_stages2_share1,default_6port_separator1_learned_dense_v2,separator1_grid_search_6ports_learned_dense_hd128_depth3_stages2_share1,supervised_nmse_plateau,separator1,12,6,onnxruntime,fp32,float32,1,4,ok,,16.098259,20,50,0.08762466,0.0023830625221340717,0.085204,0.08695,0.0893596,0.0935279,0.09567597,0.096287,11412.312470028415,11.412312470028414,86.95,86.95,2853.078117507104,255264,503808,1014552,sub-physical,0.03125,0.015625,Intel(R) Xeon(R) 6760P,AVX512,"avx2,avx512f,avx512bw,avx512vl,avx512_vnni,avx512_bf16,amx_bf16,amx_int8,amx_tile,fma",True,True,,1.23.2,CPUExecutionProvider,,,256,128,sh14l07002s1404,3.11.9,2.1.2+cu121
20260428_134843,2026-04-28T19:13:46.814586,cpu,onnxruntime,separator1_grid_search_6ports_learned_dense_hd128_depth3_stages2_share1,/home/liangyi/SRS_AI/Model_AIIC_refactor/experiments_refactored/20260428_054018_default_6port_separator1_learned_dense_v2/separator1_grid_search_6ports_learned_dense_hd128_depth3_stages2_share1,default_6port_separator1_learned_dense_v2,separator1_grid_search_6ports_learned_dense_hd128_depth3_stages2_share1,supervised_nmse_plateau,separator1,12,6,onnxruntime,fp32,float32,1,8,ok,,15.830008,20,50,0.08717772,0.003220423413403896,0.083245,0.086271,0.092418,0.09467185,0.09605918999999999,0.096534,11470.820755578374,11.470820755578373,86.271,86.271,1433.8525944472967,255264,503808,1014552,sub-physical,0.0625,0.03125,Intel(R) Xeon(R) 6760P,AVX512,"avx2,avx512f,avx512bw,avx512vl,avx512_vnni,avx512_bf16,amx_bf16,amx_int8,amx_tile,fma",True,True,,1.23.2,CPUExecutionProvider,,,256,128,sh14l07002s1404,3.11.9,2.1.2+cu121
20260428_134843,2026-04-28T19:13:46.814586,cpu,onnxruntime,separator1_grid_search_6ports_learned_dense_hd128_depth3_stages2_share1,/home/liangyi/SRS_AI/Model_AIIC_refactor/experiments_refactored/20260428_054018_default_6port_separator1_learned_dense_v2/separator1_grid_search_6ports_learned_dense_hd128_depth3_stages2_share1,default_6port_separator1_learned_dense_v2,separator1_grid_search_6ports_learned_dense_hd128_depth3_stages2_share1,supervised_nmse_plateau,separator1,12,6,onnxruntime,fp32,float32,2,1,ok,,14.531887,20,50,0.09866028,0.0022620620154186755,0.095838,0.0980145,0.1019346,0.1042171,0.10553226,0.105545,20271.582444323085,20.271582444323084,98.0145,49.00725,20271.582444323085,255264,503808,1014552,single-thread,0.0078125,0.00390625,Intel(R) Xeon(R) 6760P,AVX512,"avx2,avx512f,avx512bw,avx512vl,avx512_vnni,avx512_bf16,amx_bf16,amx_int8,amx_tile,fma",True,True,,1.23.2,CPUExecutionProvider,,,256,128,sh14l07002s1404,3.11.9,2.1.2+cu121
20260428_134843,2026-04-28T19:13:46.814586,cpu,onnxruntime,separator1_grid_search_6ports_learned_dense_hd128_depth3_stages2_share1,/home/liangyi/SRS_AI/Model_AIIC_refactor/experiments_refactored/20260428_054018_default_6port_separator1_learned_dense_v2/separator1_grid_search_6ports_learned_dense_hd128_depth3_stages2_share1,default_6port_separator1_learned_dense_v2,separator1_grid_search_6ports_learned_dense_hd128_depth3_stages2_share1,supervised_nmse_plateau,separator1,12,6,onnxruntime,fp32,float32,2,2,ok,,14.941337,20,50,0.08812352,0.002539053353043216,0.085567,0.0873485,0.0909336,0.09331875,0.09669216999999998,0.098685,22695.416615223723,22.695416615223724,87.3485,43.67425,11347.708307611862,255264,503808,1014552,sub-physical,0.015625,0.0078125,Intel(R) Xeon(R) 6760P,AVX512,"avx2,avx512f,avx512bw,avx512vl,avx512_vnni,avx512_bf16,amx_bf16,amx_int8,amx_tile,fma",True,True,,1.23.2,CPUExecutionProvider,,,256,128,sh14l07002s1404,3.11.9,2.1.2+cu121
20260428_134843,2026-04-28T19:13:46.814586,cpu,onnxruntime,separator1_grid_search_6ports_learned_dense_hd128_depth3_stages2_share1,/home/liangyi/SRS_AI/Model_AIIC_refactor/experiments_refactored/20260428_054018_default_6port_separator1_learned_dense_v2/separator1_grid_search_6ports_learned_dense_hd128_depth3_stages2_share1,default_6port_separator1_learned_dense_v2,separator1_grid_search_6ports_learned_dense_hd128_depth3_stages2_share1,supervised_nmse_plateau,separator1,12,6,onnxruntime,fp32,float32,2,4,ok,,15.300019,20,50,0.08857832,0.0025109722853110103,0.085806,0.08809249999999999,0.0902614,0.0937436,0.09726361,0.098494,22578.888378104257,22.578888378104256,88.09249999999999,44.04624999999999,5644.722094526064,255264,503808,1014552,sub-physical,0.03125,0.015625,Intel(R) Xeon(R) 6760P,AVX512,"avx2,avx512f,avx512bw,avx512vl,avx512_vnni,avx512_bf16,amx_bf16,amx_int8,amx_tile,fma",True,True,,1.23.2,CPUExecutionProvider,,,256,128,sh14l07002s1404,3.11.9,2.1.2+cu121
20260428_134843,2026-04-28T19:13:46.814586,cpu,onnxruntime,separator1_grid_search_6ports_learned_dense_hd128_depth3_stages2_share1,/home/liangyi/SRS_AI/Model_AIIC_refactor/experiments_refactored/20260428_054018_default_6port_separator1_learned_dense_v2/separator1_grid_search_6ports_learned_dense_hd128_depth3_stages2_share1,default_6port_separator1_learned_dense_v2,separator1_grid_search_6ports_learned_dense_hd128_depth3_stages2_share1,supervised_nmse_plateau,separator1,12,6,onnxruntime,fp32,float32,2,8,ok,,26.753544,20,50,0.08765846000000001,0.0020286280212005346,0.085305,0.08690300000000001,0.0901612,0.09206435,0.09410033,0.094386,22815.824051665975,22.815824051665974,86.903,43.4515,2851.978006458247,255264,503808,1014552,sub-physical,0.0625,0.03125,Intel(R) Xeon(R) 6760P,AVX512,"avx2,avx512f,avx512bw,avx512vl,avx512_vnni,avx512_bf16,amx_bf16,amx_int8,amx_tile,fma",True,True,,1.23.2,CPUExecutionProvider,,,256,128,sh14l07002s1404,3.11.9,2.1.2+cu121
20260428_134843,2026-04-28T19:13:46.814586,cpu,onnxruntime,separator1_grid_search_6ports_learned_dense_hd128_depth3_stages2_share1,/home/liangyi/SRS_AI/Model_AIIC_refactor/experiments_refactored/20260428_054018_default_6port_separator1_learned_dense_v2/separator1_grid_search_6ports_learned_dense_hd128_depth3_stages2_share1,default_6port_separator1_learned_dense_v2,separator1_grid_search_6ports_learned_dense_hd128_depth3_stages2_share1,supervised_nmse_plateau,separator1,12,6,onnxruntime,fp32,float32,4,1,ok,,14.635695,20,50,0.09839458,0.0020204500002722163,0.095785,0.0974895,0.10076439999999999,0.10251615,0.10440323,0.104586,40652.645704671944,40.65264570467195,97.4895,24.372375,40652.645704671944,255264,503808,1014552,single-thread,0.0078125,0.00390625,Intel(R) Xeon(R) 6760P,AVX512,"avx2,avx512f,avx512bw,avx512vl,avx512_vnni,avx512_bf16,amx_bf16,amx_int8,amx_tile,fma",True,True,,1.23.2,CPUExecutionProvider,,,256,128,sh14l07002s1404,3.11.9,2.1.2+cu121
20260428_134843,2026-04-28T19:13:46.814586,cpu,onnxruntime,separator1_grid_search_6ports_learned_dense_hd128_depth3_stages2_share1,/home/liangyi/SRS_AI/Model_AIIC_refactor/experiments_refactored/20260428_054018_default_6port_separator1_learned_dense_v2/separator1_grid_search_6ports_learned_dense_hd128_depth3_stages2_share1,default_6port_separator1_learned_dense_v2,separator1_grid_search_6ports_learned_dense_hd128_depth3_stages2_share1,supervised_nmse_plateau,separator1,12,6,onnxruntime,fp32,float32,4,2,ok,,14.784685,20,50,0.14754914,0.007332168694213192,0.13525,0.14713700000000002,0.1570559,0.16030165,0.16152887999999999,0.161866,27109.612431492314,27.109612431492316,147.13700000000003,36.78425000000001,13554.806215746157,255264,503808,1014552,sub-physical,0.015625,0.0078125,Intel(R) Xeon(R) 6760P,AVX512,"avx2,avx512f,avx512bw,avx512vl,avx512_vnni,avx512_bf16,amx_bf16,amx_int8,amx_tile,fma",True,True,,1.23.2,CPUExecutionProvider,,,256,128,sh14l07002s1404,3.11.9,2.1.2+cu121
20260428_134843,2026-04-28T19:13:46.814586,cpu,onnxruntime,separator1_grid_search_6ports_learned_dense_hd128_depth3_stages2_share1,/home/liangyi/SRS_AI/Model_AIIC_refactor/experiments_refactored/20260428_054018_default_6port_separator1_learned_dense_v2/separator1_grid_search_6ports_learned_dense_hd128_depth3_stages2_share1,default_6port_separator1_learned_dense_v2,separator1_grid_search_6ports_learned_dense_hd128_depth3_stages2_share1,supervised_nmse_plateau,separator1,12,6,onnxruntime,fp32,float32,4,4,ok,,15.300564,20,50,0.13876094,0.006991846372482734,0.127307,0.1382495,0.14750010000000002,0.1530386,0.15927391999999999,0.160348,28826.55594578705,28.826555945787053,138.24949999999998,34.562374999999996,7206.638986446763,255264,503808,1014552,sub-physical,0.03125,0.015625,Intel(R) Xeon(R) 6760P,AVX512,"avx2,avx512f,avx512bw,avx512vl,avx512_vnni,avx512_bf16,amx_bf16,amx_int8,amx_tile,fma",True,True,,1.23.2,CPUExecutionProvider,,,256,128,sh14l07002s1404,3.11.9,2.1.2+cu121
20260428_134843,2026-04-28T19:13:46.814586,cpu,onnxruntime,separator1_grid_search_6ports_learned_dense_hd128_depth3_stages2_share1,/home/liangyi/SRS_AI/Model_AIIC_refactor/experiments_refactored/20260428_054018_default_6port_separator1_learned_dense_v2/separator1_grid_search_6ports_learned_dense_hd128_depth3_stages2_share1,default_6port_separator1_learned_dense_v2,separator1_grid_search_6ports_learned_dense_hd128_depth3_stages2_share1,supervised_nmse_plateau,separator1,12,6,onnxruntime,fp32,float32,4,8,ok,,15.62812,20,50,0.1454136,0.006466844352541664,0.134562,0.1457395,0.154443,0.15480665000000002,0.15938060999999998,0.163355,27507.74342977548,27.50774342977548,145.7395,36.434875,3438.467928721935,255264,503808,1014552,sub-physical,0.0625,0.03125,Intel(R) Xeon(R) 6760P,AVX512,"avx2,avx512f,avx512bw,avx512vl,avx512_vnni,avx512_bf16,amx_bf16,amx_int8,amx_tile,fma",True,True,,1.23.2,CPUExecutionProvider,,,256,128,sh14l07002s1404,3.11.9,2.1.2+cu121
20260428_134843,2026-04-28T19:13:46.814586,cpu,onnxruntime,separator1_grid_search_6ports_learned_dense_hd128_depth3_stages2_share1,/home/liangyi/SRS_AI/Model_AIIC_refactor/experiments_refactored/20260428_054018_default_6port_separator1_learned_dense_v2/separator1_grid_search_6ports_learned_dense_hd128_depth3_stages2_share1,default_6port_separator1_learned_dense_v2,separator1_grid_search_6ports_learned_dense_hd128_depth3_stages2_share1,supervised_nmse_plateau,separator1,12,6,onnxruntime,fp32,float32,8,1,ok,,14.895924,20,50,0.1384713,0.003860233367297889,0.133511,0.137262,0.1428137,0.14514249999999998,0.15043352999999998,0.153228,57773.704731594196,57.773704731594194,137.262,17.15775,57773.704731594196,255264,503808,1014552,single-thread,0.0078125,0.00390625,Intel(R) Xeon(R) 6760P,AVX512,"avx2,avx512f,avx512bw,avx512vl,avx512_vnni,avx512_bf16,amx_bf16,amx_int8,amx_tile,fma",True,True,,1.23.2,CPUExecutionProvider,,,256,128,sh14l07002s1404,3.11.9,2.1.2+cu121
20260428_134843,2026-04-28T19:13:46.814586,cpu,onnxruntime,separator1_grid_search_6ports_learned_dense_hd128_depth3_stages2_share1,/home/liangyi/SRS_AI/Model_AIIC_refactor/experiments_refactored/20260428_054018_default_6port_separator1_learned_dense_v2/separator1_grid_search_6ports_learned_dense_hd128_depth3_stages2_share1,default_6port_separator1_learned_dense_v2,separator1_grid_search_6ports_learned_dense_hd128_depth3_stages2_share1,supervised_nmse_plateau,separator1,12,6,onnxruntime,fp32,float32,8,2,ok,,14.984992,20,50,0.22903592,0.00794122267371971,0.214839,0.2285545,0.23639610000000003,0.24690354999999997,0.25036458,0.250589,34929.018994051235,34.92901899405123,228.5545,28.5693125,17464.509497025618,255264,503808,1014552,sub-physical,0.015625,0.0078125,Intel(R) Xeon(R) 6760P,AVX512,"avx2,avx512f,avx512bw,avx512vl,avx512_vnni,avx512_bf16,amx_bf16,amx_int8,amx_tile,fma",True,True,,1.23.2,CPUExecutionProvider,,,256,128,sh14l07002s1404,3.11.9,2.1.2+cu121
20260428_134843,2026-04-28T19:13:46.814586,cpu,onnxruntime,separator1_grid_search_6ports_learned_dense_hd128_depth3_stages2_share1,/home/liangyi/SRS_AI/Model_AIIC_refactor/experiments_refactored/20260428_054018_default_6port_separator1_learned_dense_v2/separator1_grid_search_6ports_learned_dense_hd128_depth3_stages2_share1,default_6port_separator1_learned_dense_v2,separator1_grid_search_6ports_learned_dense_hd128_depth3_stages2_share1,supervised_nmse_plateau,separator1,12,6,onnxruntime,fp32,float32,8,4,ok,,15.41688,20,50,0.24575302000000002,0.011558042008039254,0.232814,0.24323,0.2528065,0.27096384999999995,0.28727107,0.291121,32553.007893860267,32.55300789386027,243.23,30.40375,8138.251973465067,255264,503808,1014552,sub-physical,0.03125,0.015625,Intel(R) Xeon(R) 6760P,AVX512,"avx2,avx512f,avx512bw,avx512vl,avx512_vnni,avx512_bf16,amx_bf16,amx_int8,amx_tile,fma",True,True,,1.23.2,CPUExecutionProvider,,,256,128,sh14l07002s1404,3.11.9,2.1.2+cu121
20260428_134843,2026-04-28T19:13:46.814586,cpu,onnxruntime,separator1_grid_search_6ports_learned_dense_hd128_depth3_stages2_share1,/home/liangyi/SRS_AI/Model_AIIC_refactor/experiments_refactored/20260428_054018_default_6port_separator1_learned_dense_v2/separator1_grid_search_6ports_learned_dense_hd128_depth3_stages2_share1,default_6port_separator1_learned_dense_v2,separator1_grid_search_6ports_learned_dense_hd128_depth3_stages2_share1,supervised_nmse_plateau,separator1,12,6,onnxruntime,fp32,float32,8,8,ok,,16.024112,20,50,0.2448697,0.009690032553608889,0.23275,0.2425505,0.2518829,0.26166144999999996,0.28014986,0.282495,32670.436562792373,32.670436562792375,242.5505,30.3188125,4083.8045703490466,255264,503808,1014552,sub-physical,0.0625,0.03125,Intel(R) Xeon(R) 6760P,AVX512,"avx2,avx512f,avx512bw,avx512vl,avx512_vnni,avx512_bf16,amx_bf16,amx_int8,amx_tile,fma",True,True,,1.23.2,CPUExecutionProvider,,,256,128,sh14l07002s1404,3.11.9,2.1.2+cu121
20260428_134843,2026-04-28T19:13:46.814586,cpu,onnxruntime,separator1_grid_search_6ports_learned_dense_hd128_depth3_stages2_share1,/home/liangyi/SRS_AI/Model_AIIC_refactor/experiments_refactored/20260428_054018_default_6port_separator1_learned_dense_v2/separator1_grid_search_6ports_learned_dense_hd128_depth3_stages2_share1,default_6port_separator1_learned_dense_v2,separator1_grid_search_6ports_learned_dense_hd128_depth3_stages2_share1,supervised_nmse_plateau,separator1,12,6,onnxruntime,fp32,float32,16,1,ok,,14.562763,20,50,0.17975208,0.0023933339661651918,0.175786,0.17965799999999998,0.1832486,0.1843075,0.18698869,0.187586,89011.4873775035,89.0114873775035,179.658,11.228625,89011.4873775035,255264,503808,1014552,single-thread,0.0078125,0.00390625,Intel(R) Xeon(R) 6760P,AVX512,"avx2,avx512f,avx512bw,avx512vl,avx512_vnni,avx512_bf16,amx_bf16,amx_int8,amx_tile,fma",True,True,,1.23.2,CPUExecutionProvider,,,256,128,sh14l07002s1404,3.11.9,2.1.2+cu121
20260428_134843,2026-04-28T19:13:46.814586,cpu,onnxruntime,separator1_grid_search_6ports_learned_dense_hd128_depth3_stages2_share1,/home/liangyi/SRS_AI/Model_AIIC_refactor/experiments_refactored/20260428_054018_default_6port_separator1_learned_dense_v2/separator1_grid_search_6ports_learned_dense_hd128_depth3_stages2_share1,default_6port_separator1_learned_dense_v2,separator1_grid_search_6ports_learned_dense_hd128_depth3_stages2_share1,supervised_nmse_plateau,separator1,12,6,onnxruntime,fp32,float32,16,2,ok,,14.96019,20,50,0.31540106,0.012670789691901604,0.30393,0.3118285,0.3260959,0.34925535,0.35942217,0.363571,50729.06222953087,50.72906222953087,311.8285,19.48928125,25364.531114765436,255264,503808,1014552,sub-physical,0.015625,0.0078125,Intel(R) Xeon(R) 6760P,AVX512,"avx2,avx512f,avx512bw,avx512vl,avx512_vnni,avx512_bf16,amx_bf16,amx_int8,amx_tile,fma",True,True,,1.23.2,CPUExecutionProvider,,,256,128,sh14l07002s1404,3.11.9,2.1.2+cu121
20260428_134843,2026-04-28T19:13:46.814586,cpu,onnxruntime,separator1_grid_search_6ports_learned_dense_hd128_depth3_stages2_share1,/home/liangyi/SRS_AI/Model_AIIC_refactor/experiments_refactored/20260428_054018_default_6port_separator1_learned_dense_v2/separator1_grid_search_6ports_learned_dense_hd128_depth3_stages2_share1,default_6port_separator1_learned_dense_v2,separator1_grid_search_6ports_learned_dense_hd128_depth3_stages2_share1,supervised_nmse_plateau,separator1,12,6,onnxruntime,fp32,float32,16,4,ok,,15.18326,20,50,0.32027194,0.0070123736078734405,0.306997,0.32027649999999996,0.32945979999999997,0.33062185,0.33437169,0.33492,49957.54545340438,49.95754545340438,320.27649999999994,20.017281249999996,12489.386363351095,255264,503808,1014552,sub-physical,0.03125,0.015625,Intel(R) Xeon(R) 6760P,AVX512,"avx2,avx512f,avx512bw,avx512vl,avx512_vnni,avx512_bf16,amx_bf16,amx_int8,amx_tile,fma",True,True,,1.23.2,CPUExecutionProvider,,,256,128,sh14l07002s1404,3.11.9,2.1.2+cu121
20260428_134843,2026-04-28T19:13:46.814586,cpu,onnxruntime,separator1_grid_search_6ports_learned_dense_hd128_depth3_stages2_share1,/home/liangyi/SRS_AI/Model_AIIC_refactor/experiments_refactored/20260428_054018_default_6port_separator1_learned_dense_v2/separator1_grid_search_6ports_learned_dense_hd128_depth3_stages2_share1,default_6port_separator1_learned_dense_v2,separator1_grid_search_6ports_learned_dense_hd128_depth3_stages2_share1,supervised_nmse_plateau,separator1,12,6,onnxruntime,fp32,float32,16,8,ok,,16.23685,20,50,0.33058362,0.015208751255629108,0.317508,0.326128,0.3421343,0.3570884,0.3913202599999999,0.406719,48399.25220735376,48.39925220735376,326.128,20.383,6049.90652591922,255264,503808,1014552,sub-physical,0.0625,0.03125,Intel(R) Xeon(R) 6760P,AVX512,"avx2,avx512f,avx512bw,avx512vl,avx512_vnni,avx512_bf16,amx_bf16,amx_int8,amx_tile,fma",True,True,,1.23.2,CPUExecutionProvider,,,256,128,sh14l07002s1404,3.11.9,2.1.2+cu121
20260428_134843,2026-04-28T19:13:46.814586,cpu,onnxruntime,separator1_grid_search_6ports_learned_dense_hd128_depth3_stages2_share1,/home/liangyi/SRS_AI/Model_AIIC_refactor/experiments_refactored/20260428_054018_default_6port_separator1_learned_dense_v2/separator1_grid_search_6ports_learned_dense_hd128_depth3_stages2_share1,default_6port_separator1_learned_dense_v2,separator1_grid_search_6ports_learned_dense_hd128_depth3_stages2_share1,supervised_nmse_plateau,separator1,12,6,onnxruntime,fp32,float32,32,1,ok,,14.916436,20,50,0.30004778,0.003815212986400619,0.294449,0.2992095,0.30517089999999997,0.30573229999999996,0.31022411,0.31192,106649.68092748428,106.64968092748428,299.2095,9.350296875,106649.68092748428,255264,503808,1014552,single-thread,0.0078125,0.00390625,Intel(R) Xeon(R) 6760P,AVX512,"avx2,avx512f,avx512bw,avx512vl,avx512_vnni,avx512_bf16,amx_bf16,amx_int8,amx_tile,fma",True,True,,1.23.2,CPUExecutionProvider,,,256,128,sh14l07002s1404,3.11.9,2.1.2+cu121
20260428_134843,2026-04-28T19:13:46.814586,cpu,onnxruntime,separator1_grid_search_6ports_learned_dense_hd128_depth3_stages2_share1,/home/liangyi/SRS_AI/Model_AIIC_refactor/experiments_refactored/20260428_054018_default_6port_separator1_learned_dense_v2/separator1_grid_search_6ports_learned_dense_hd128_depth3_stages2_share1,default_6port_separator1_learned_dense_v2,separator1_grid_search_6ports_learned_dense_hd128_depth3_stages2_share1,supervised_nmse_plateau,separator1,12,6,onnxruntime,fp32,float32,32,2,ok,,15.181197,20,50,0.60807934,0.02864003320711064,0.558343,0.6045195,0.6458097,0.65908275,0.7043321399999999,0.733004,52624.71176869782,52.62471176869782,604.5195,18.891234375,26312.35588434891,255264,503808,1014552,sub-physical,0.015625,0.0078125,Intel(R) Xeon(R) 6760P,AVX512,"avx2,avx512f,avx512bw,avx512vl,avx512_vnni,avx512_bf16,amx_bf16,amx_int8,amx_tile,fma",True,True,,1.23.2,CPUExecutionProvider,,,256,128,sh14l07002s1404,3.11.9,2.1.2+cu121
20260428_134843,2026-04-28T19:13:46.814586,cpu,onnxruntime,separator1_grid_search_6ports_learned_dense_hd128_depth3_stages2_share1,/home/liangyi/SRS_AI/Model_AIIC_refactor/experiments_refactored/20260428_054018_default_6port_separator1_learned_dense_v2/separator1_grid_search_6ports_learned_dense_hd128_depth3_stages2_share1,default_6port_separator1_learned_dense_v2,separator1_grid_search_6ports_learned_dense_hd128_depth3_stages2_share1,supervised_nmse_plateau,separator1,12,6,onnxruntime,fp32,float32,32,4,ok,,15.410286,20,50,0.5748549,0.014945361221797229,0.530551,0.574988,0.5933818,0.5966623,0.60376675,0.608875,55666.22116294043,55.666221162940424,574.988,17.968375,13916.555290735107,255264,503808,1014552,sub-physical,0.03125,0.015625,Intel(R) Xeon(R) 6760P,AVX512,"avx2,avx512f,avx512bw,avx512vl,avx512_vnni,avx512_bf16,amx_bf16,amx_int8,amx_tile,fma",True,True,,1.23.2,CPUExecutionProvider,,,256,128,sh14l07002s1404,3.11.9,2.1.2+cu121
20260428_134843,2026-04-28T19:13:46.814586,cpu,onnxruntime,separator1_grid_search_6ports_learned_dense_hd128_depth3_stages2_share1,/home/liangyi/SRS_AI/Model_AIIC_refactor/experiments_refactored/20260428_054018_default_6port_separator1_learned_dense_v2/separator1_grid_search_6ports_learned_dense_hd128_depth3_stages2_share1,default_6port_separator1_learned_dense_v2,separator1_grid_search_6ports_learned_dense_hd128_depth3_stages2_share1,supervised_nmse_plateau,separator1,12,6,onnxruntime,fp32,float32,32,8,ok,,26.374876,20,50,0.61129126,0.02804915851415867,0.56395,0.6070175,0.6336307999999999,0.6618842999999999,0.70751448,0.707685,52348.204683966855,52.348204683966856,607.0175,18.969296875,6543.525585495857,255264,503808,1014552,sub-physical,0.0625,0.03125,Intel(R) Xeon(R) 6760P,AVX512,"avx2,avx512f,avx512bw,avx512vl,avx512_vnni,avx512_bf16,amx_bf16,amx_int8,amx_tile,fma",True,True,,1.23.2,CPUExecutionProvider,,,256,128,sh14l07002s1404,3.11.9,2.1.2+cu121
20260428_134843,2026-04-28T19:13:46.814586,cpu,onnxruntime,separator1_grid_search_6ports_learned_dense_hd128_depth3_stages2_share1,/home/liangyi/SRS_AI/Model_AIIC_refactor/experiments_refactored/20260428_054018_default_6port_separator1_learned_dense_v2/separator1_grid_search_6ports_learned_dense_hd128_depth3_stages2_share1,default_6port_separator1_learned_dense_v2,separator1_grid_search_6ports_learned_dense_hd128_depth3_stages2_share1,supervised_nmse_plateau,separator1,12,6,onnxruntime,fp32,float32,64,1,ok,,14.547216,20,50,0.51057088,0.0037336814574358166,0.504054,0.5106135,0.5157041,0.51687195,0.52013893,0.521483,125349.88286053448,125.34988286053448,510.61350000000004,7.978335937500001,125349.88286053448,255264,503808,1014552,single-thread,0.0078125,0.00390625,Intel(R) Xeon(R) 6760P,AVX512,"avx2,avx512f,avx512bw,avx512vl,avx512_vnni,avx512_bf16,amx_bf16,amx_int8,amx_tile,fma",True,True,,1.23.2,CPUExecutionProvider,,,256,128,sh14l07002s1404,3.11.9,2.1.2+cu121
20260428_134843,2026-04-28T19:13:46.814586,cpu,onnxruntime,separator1_grid_search_6ports_learned_dense_hd128_depth3_stages2_share1,/home/liangyi/SRS_AI/Model_AIIC_refactor/experiments_refactored/20260428_054018_default_6port_separator1_learned_dense_v2/separator1_grid_search_6ports_learned_dense_hd128_depth3_stages2_share1,default_6port_separator1_learned_dense_v2,separator1_grid_search_6ports_learned_dense_hd128_depth3_stages2_share1,supervised_nmse_plateau,separator1,12,6,onnxruntime,fp32,float32,64,2,ok,,14.893821,20,50,1.24410906,0.022790132307128022,1.206596,1.2402609999999998,1.2751583000000002,1.2782046,1.30321124,1.326008,51442.43544050712,51.44243544050712,1240.2609999999997,19.379078124999996,25721.21772025356,255264,503808,1014552,sub-physical,0.015625,0.0078125,Intel(R) Xeon(R) 6760P,AVX512,"avx2,avx512f,avx512bw,avx512vl,avx512_vnni,avx512_bf16,amx_bf16,amx_int8,amx_tile,fma",True,True,,1.23.2,CPUExecutionProvider,,,256,128,sh14l07002s1404,3.11.9,2.1.2+cu121
20260428_134843,2026-04-28T19:13:46.814586,cpu,onnxruntime,separator1_grid_search_6ports_learned_dense_hd128_depth3_stages2_share1,/home/liangyi/SRS_AI/Model_AIIC_refactor/experiments_refactored/20260428_054018_default_6port_separator1_learned_dense_v2/separator1_grid_search_6ports_learned_dense_hd128_depth3_stages2_share1,default_6port_separator1_learned_dense_v2,separator1_grid_search_6ports_learned_dense_hd128_depth3_stages2_share1,supervised_nmse_plateau,separator1,12,6,onnxruntime,fp32,float32,64,4,ok,,15.199523,20,50,1.2072955,0.036391570060798434,1.144922,1.197314,1.2630135,1.26713395,1.2809399,1.293185,53011.04824792273,53.01104824792273,1197.314,18.70803125,13252.762061980682,255264,503808,1014552,sub-physical,0.03125,0.015625,Intel(R) Xeon(R) 6760P,AVX512,"avx2,avx512f,avx512bw,avx512vl,avx512_vnni,avx512_bf16,amx_bf16,amx_int8,amx_tile,fma",True,True,,1.23.2,CPUExecutionProvider,,,256,128,sh14l07002s1404,3.11.9,2.1.2+cu121
20260428_134843,2026-04-28T19:13:46.814586,cpu,onnxruntime,separator1_grid_search_6ports_learned_dense_hd128_depth3_stages2_share1,/home/liangyi/SRS_AI/Model_AIIC_refactor/experiments_refactored/20260428_054018_default_6port_separator1_learned_dense_v2/separator1_grid_search_6ports_learned_dense_hd128_depth3_stages2_share1,default_6port_separator1_learned_dense_v2,separator1_grid_search_6ports_learned_dense_hd128_depth3_stages2_share1,supervised_nmse_plateau,separator1,12,6,onnxruntime,fp32,float32,64,8,ok,,15.664993,20,50,1.2423179,0.03224341381879407,1.191571,1.238042,1.2849054,1.28903495,1.3155824999999999,1.319527,51516.604566351336,51.51660456635133,1238.0420000000001,19.344406250000002,6439.575570793917,255264,503808,1014552,sub-physical,0.0625,0.03125,Intel(R) Xeon(R) 6760P,AVX512,"avx2,avx512f,avx512bw,avx512vl,avx512_vnni,avx512_bf16,amx_bf16,amx_int8,amx_tile,fma",True,True,,1.23.2,CPUExecutionProvider,,,256,128,sh14l07002s1404,3.11.9,2.1.2+cu121
20260428_134843,2026-04-28T19:13:46.814586,cpu,onnxruntime,separator1_grid_search_6ports_learned_dense_hd128_depth3_stages2_share1,/home/liangyi/SRS_AI/Model_AIIC_refactor/experiments_refactored/20260428_054018_default_6port_separator1_learned_dense_v2/separator1_grid_search_6ports_learned_dense_hd128_depth3_stages2_share1,default_6port_separator1_learned_dense_v2,separator1_grid_search_6ports_learned_dense_hd128_depth3_stages2_share1,supervised_nmse_plateau,separator1,12,6,onnxruntime,fp32,float32,128,1,ok,,14.478796,20,50,0.95723774,0.030822197719701936,0.936919,0.9420605,1.0092139,1.0248253999999999,1.0491089599999999,1.053713,133718.08762993402,133.71808762993402,942.0604999999999,7.3598476562499995,133718.08762993402,255264,503808,1014552,single-thread,0.0078125,0.00390625,Intel(R) Xeon(R) 6760P,AVX512,"avx2,avx512f,avx512bw,avx512vl,avx512_vnni,avx512_bf16,amx_bf16,amx_int8,amx_tile,fma",True,True,,1.23.2,CPUExecutionProvider,,,256,128,sh14l07002s1404,3.11.9,2.1.2+cu121
20260428_134843,2026-04-28T19:13:46.814586,cpu,onnxruntime,separator1_grid_search_6ports_learned_dense_hd128_depth3_stages2_share1,/home/liangyi/SRS_AI/Model_AIIC_refactor/experiments_refactored/20260428_054018_default_6port_separator1_learned_dense_v2/separator1_grid_search_6ports_learned_dense_hd128_depth3_stages2_share1,default_6port_separator1_learned_dense_v2,separator1_grid_search_6ports_learned_dense_hd128_depth3_stages2_share1,supervised_nmse_plateau,separator1,12,6,onnxruntime,fp32,float32,128,2,ok,,14.961365,20,50,1.76377404,0.019985960867528966,1.733875,1.7575565,1.7974414,1.8021897,1.81349265,1.819772,72571.6543599882,72.5716543599882,1757.5565,13.73091015625,36285.8271799941,255264,503808,1014552,sub-physical,0.015625,0.0078125,Intel(R) Xeon(R) 6760P,AVX512,"avx2,avx512f,avx512bw,avx512vl,avx512_vnni,avx512_bf16,amx_bf16,amx_int8,amx_tile,fma",True,True,,1.23.2,CPUExecutionProvider,,,256,128,sh14l07002s1404,3.11.9,2.1.2+cu121
20260428_134843,2026-04-28T19:13:46.814586,cpu,onnxruntime,separator1_grid_search_6ports_learned_dense_hd128_depth3_stages2_share1,/home/liangyi/SRS_AI/Model_AIIC_refactor/experiments_refactored/20260428_054018_default_6port_separator1_learned_dense_v2/separator1_grid_search_6ports_learned_dense_hd128_depth3_stages2_share1,default_6port_separator1_learned_dense_v2,separator1_grid_search_6ports_learned_dense_hd128_depth3_stages2_share1,supervised_nmse_plateau,separator1,12,6,onnxruntime,fp32,float32,128,4,ok,,15.454587,20,50,1.5846898,0.03665218009614162,1.533645,1.569569,1.6443215999999998,1.65105665,1.66525419,1.674892,80772.90583936364,80.77290583936363,1569.569,12.2622578125,20193.22645984091,255264,503808,1014552,sub-physical,0.03125,0.015625,Intel(R) Xeon(R) 6760P,AVX512,"avx2,avx512f,avx512bw,avx512vl,avx512_vnni,avx512_bf16,amx_bf16,amx_int8,amx_tile,fma",True,True,,1.23.2,CPUExecutionProvider,,,256,128,sh14l07002s1404,3.11.9,2.1.2+cu121
20260428_134843,2026-04-28T19:13:46.814586,cpu,onnxruntime,separator1_grid_search_6ports_learned_dense_hd128_depth3_stages2_share1,/home/liangyi/SRS_AI/Model_AIIC_refactor/experiments_refactored/20260428_054018_default_6port_separator1_learned_dense_v2/separator1_grid_search_6ports_learned_dense_hd128_depth3_stages2_share1,default_6port_separator1_learned_dense_v2,separator1_grid_search_6ports_learned_dense_hd128_depth3_stages2_share1,supervised_nmse_plateau,separator1,12,6,onnxruntime,fp32,float32,128,8,ok,,28.567582,20,50,1.58401106,0.039973067054910855,1.529547,1.5697925000000001,1.6422983,1.6489341499999999,1.65501175,1.655465,80807.51658388042,80.80751658388043,1569.7925000000002,12.264003906250002,10100.939572985053,255264,503808,1014552,sub-physical,0.0625,0.03125,Intel(R) Xeon(R) 6760P,AVX512,"avx2,avx512f,avx512bw,avx512vl,avx512_vnni,avx512_bf16,amx_bf16,amx_int8,amx_tile,fma",True,True,,1.23.2,CPUExecutionProvider,,,256,128,sh14l07002s1404,3.11.9,2.1.2+cu121
20260428_134843,2026-04-28T19:13:46.814586,cpu,openvino,separator1_grid_search_6ports_learned_dense_hd128_depth3_stages2_share1,/home/liangyi/SRS_AI/Model_AIIC_refactor/experiments_refactored/20260428_054018_default_6port_separator1_learned_dense_v2/separator1_grid_search_6ports_learned_dense_hd128_depth3_stages2_share1,default_6port_separator1_learned_dense_v2,separator1_grid_search_6ports_learned_dense_hd128_depth3_stages2_share1,supervised_nmse_plateau,separator1,12,6,openvino,fp32,float32,1,1,ok,,306.563472,20,50,0.7983546,0.04094640253062533,0.705098,0.7966759999999999,0.8442915000000001,0.86283785,0.89091623,0.89693,1252.5762361737504,1.2525762361737505,796.6759999999999,796.6759999999999,1252.5762361737504,255264,503808,1014552,single-thread,0.0078125,0.00390625,Intel(R) Xeon(R) 6760P,AVX512,"avx2,avx512f,avx512bw,avx512vl,avx512_vnni,avx512_bf16,amx_bf16,amx_int8,amx_tile,fma",True,True,,,,2026.1.0,CPU,256,128,sh14l07002s1404,3.11.9,2.1.2+cu121
20260428_134843,2026-04-28T19:13:46.814586,cpu,openvino,separator1_grid_search_6ports_learned_dense_hd128_depth3_stages2_share1,/home/liangyi/SRS_AI/Model_AIIC_refactor/experiments_refactored/20260428_054018_default_6port_separator1_learned_dense_v2/separator1_grid_search_6ports_learned_dense_hd128_depth3_stages2_share1,default_6port_separator1_learned_dense_v2,separator1_grid_search_6ports_learned_dense_hd128_depth3_stages2_share1,supervised_nmse_plateau,separator1,12,6,openvino,fp32,float32,1,2,ok,,300.831645,20,50,0.76875746,0.04412952359824882,0.651109,0.764282,0.8198632,0.8235547999999999,0.8673996399999999,0.875369,1300.8003850785396,1.3008003850785397,764.282,764.282,650.4001925392698,255264,503808,1014552,sub-physical,0.015625,0.0078125,Intel(R) Xeon(R) 6760P,AVX512,"avx2,avx512f,avx512bw,avx512vl,avx512_vnni,avx512_bf16,amx_bf16,amx_int8,amx_tile,fma",True,True,,,,2026.1.0,CPU,256,128,sh14l07002s1404,3.11.9,2.1.2+cu121
20260428_134843,2026-04-28T19:13:46.814586,cpu,openvino,separator1_grid_search_6ports_learned_dense_hd128_depth3_stages2_share1,/home/liangyi/SRS_AI/Model_AIIC_refactor/experiments_refactored/20260428_054018_default_6port_separator1_learned_dense_v2/separator1_grid_search_6ports_learned_dense_hd128_depth3_stages2_share1,default_6port_separator1_learned_dense_v2,separator1_grid_search_6ports_learned_dense_hd128_depth3_stages2_share1,supervised_nmse_plateau,separator1,12,6,openvino,fp32,float32,1,4,ok,,315.525984,20,50,0.81001466,0.044567726237092244,0.706068,0.8105295,0.8617585999999999,0.8854392999999999,0.91229249,0.912635,1234.5455574841078,1.2345455574841078,810.5295,810.5295,308.63638937102695,255264,503808,1014552,sub-physical,0.03125,0.015625,Intel(R) Xeon(R) 6760P,AVX512,"avx2,avx512f,avx512bw,avx512vl,avx512_vnni,avx512_bf16,amx_bf16,amx_int8,amx_tile,fma",True,True,,,,2026.1.0,CPU,256,128,sh14l07002s1404,3.11.9,2.1.2+cu121
20260428_134843,2026-04-28T19:13:46.814586,cpu,openvino,separator1_grid_search_6ports_learned_dense_hd128_depth3_stages2_share1,/home/liangyi/SRS_AI/Model_AIIC_refactor/experiments_refactored/20260428_054018_default_6port_separator1_learned_dense_v2/separator1_grid_search_6ports_learned_dense_hd128_depth3_stages2_share1,default_6port_separator1_learned_dense_v2,separator1_grid_search_6ports_learned_dense_hd128_depth3_stages2_share1,supervised_nmse_plateau,separator1,12,6,openvino,fp32,float32,1,8,ok,,307.52256,20,50,0.76226762,0.037057641984826833,0.645231,0.7608985,0.8071147,0.81679035,0.83132988,0.839605,1311.8752177876845,1.3118752177876845,760.8985,760.8985,163.98440222346056,255264,503808,1014552,sub-physical,0.0625,0.03125,Intel(R) Xeon(R) 6760P,AVX512,"avx2,avx512f,avx512bw,avx512vl,avx512_vnni,avx512_bf16,amx_bf16,amx_int8,amx_tile,fma",True,True,,,,2026.1.0,CPU,256,128,sh14l07002s1404,3.11.9,2.1.2+cu121
20260428_134843,2026-04-28T19:13:46.814586,cpu,openvino,separator1_grid_search_6ports_learned_dense_hd128_depth3_stages2_share1,/home/liangyi/SRS_AI/Model_AIIC_refactor/experiments_refactored/20260428_054018_default_6port_separator1_learned_dense_v2/separator1_grid_search_6ports_learned_dense_hd128_depth3_stages2_share1,default_6port_separator1_learned_dense_v2,separator1_grid_search_6ports_learned_dense_hd128_depth3_stages2_share1,supervised_nmse_plateau,separator1,12,6,openvino,fp32,float32,2,1,ok,,303.906473,20,50,1.16961692,0.23029250322351705,0.929828,1.0937839999999999,1.4837873000000004,1.68835705,1.97750502,2.020185,1709.9615829771,1.7099615829771,1093.7839999999999,546.8919999999999,1709.9615829771,255264,503808,1014552,single-thread,0.0078125,0.00390625,Intel(R) Xeon(R) 6760P,AVX512,"avx2,avx512f,avx512bw,avx512vl,avx512_vnni,avx512_bf16,amx_bf16,amx_int8,amx_tile,fma",True,True,,,,2026.1.0,CPU,256,128,sh14l07002s1404,3.11.9,2.1.2+cu121
20260428_134843,2026-04-28T19:13:46.814586,cpu,openvino,separator1_grid_search_6ports_learned_dense_hd128_depth3_stages2_share1,/home/liangyi/SRS_AI/Model_AIIC_refactor/experiments_refactored/20260428_054018_default_6port_separator1_learned_dense_v2/separator1_grid_search_6ports_learned_dense_hd128_depth3_stages2_share1,default_6port_separator1_learned_dense_v2,separator1_grid_search_6ports_learned_dense_hd128_depth3_stages2_share1,supervised_nmse_plateau,separator1,12,6,openvino,fp32,float32,2,2,ok,,303.093217,20,50,1.07604688,0.0549789027935771,0.969557,1.072921,1.1582671,1.17649555,1.20271483,1.215863,1858.655080157846,1.858655080157846,1072.921,536.4605,929.327540078923,255264,503808,1014552,sub-physical,0.015625,0.0078125,Intel(R) Xeon(R) 6760P,AVX512,"avx2,avx512f,avx512bw,avx512vl,avx512_vnni,avx512_bf16,amx_bf16,amx_int8,amx_tile,fma",True,True,,,,2026.1.0,CPU,256,128,sh14l07002s1404,3.11.9,2.1.2+cu121
20260428_134843,2026-04-28T19:13:46.814586,cpu,openvino,separator1_grid_search_6ports_learned_dense_hd128_depth3_stages2_share1,/home/liangyi/SRS_AI/Model_AIIC_refactor/experiments_refactored/20260428_054018_default_6port_separator1_learned_dense_v2/separator1_grid_search_6ports_learned_dense_hd128_depth3_stages2_share1,default_6port_separator1_learned_dense_v2,separator1_grid_search_6ports_learned_dense_hd128_depth3_stages2_share1,supervised_nmse_plateau,separator1,12,6,openvino,fp32,float32,2,4,ok,,300.682177,20,50,1.10350152,0.06096841829611132,1.013626,1.0918215,1.197269,1.2095224,1.2562834399999998,1.288645,1812.4125465635968,1.8124125465635967,1091.8215,545.91075,453.1031366408992,255264,503808,1014552,sub-physical,0.03125,0.015625,Intel(R) Xeon(R) 6760P,AVX512,"avx2,avx512f,avx512bw,avx512vl,avx512_vnni,avx512_bf16,amx_bf16,amx_int8,amx_tile,fma",True,True,,,,2026.1.0,CPU,256,128,sh14l07002s1404,3.11.9,2.1.2+cu121
20260428_134843,2026-04-28T19:13:46.814586,cpu,openvino,separator1_grid_search_6ports_learned_dense_hd128_depth3_stages2_share1,/home/liangyi/SRS_AI/Model_AIIC_refactor/experiments_refactored/20260428_054018_default_6port_separator1_learned_dense_v2/separator1_grid_search_6ports_learned_dense_hd128_depth3_stages2_share1,default_6port_separator1_learned_dense_v2,separator1_grid_search_6ports_learned_dense_hd128_depth3_stages2_share1,supervised_nmse_plateau,separator1,12,6,openvino,fp32,float32,2,8,ok,,296.171342,20,50,1.09792672,0.08166220577722352,0.854978,1.105689,1.1979565,1.21953055,1.24393384,1.264408,1821.615198507966,1.821615198507966,1105.6889999999999,552.8444999999999,227.70189981349574,255264,503808,1014552,sub-physical,0.0625,0.03125,Intel(R) Xeon(R) 6760P,AVX512,"avx2,avx512f,avx512bw,avx512vl,avx512_vnni,avx512_bf16,amx_bf16,amx_int8,amx_tile,fma",True,True,,,,2026.1.0,CPU,256,128,sh14l07002s1404,3.11.9,2.1.2+cu121
20260428_134843,2026-04-28T19:13:46.814586,cpu,openvino,separator1_grid_search_6ports_learned_dense_hd128_depth3_stages2_share1,/home/liangyi/SRS_AI/Model_AIIC_refactor/experiments_refactored/20260428_054018_default_6port_separator1_learned_dense_v2/separator1_grid_search_6ports_learned_dense_hd128_depth3_stages2_share1,default_6port_separator1_learned_dense_v2,separator1_grid_search_6ports_learned_dense_hd128_depth3_stages2_share1,supervised_nmse_plateau,separator1,12,6,openvino,fp32,float32,4,1,ok,,337.508698,20,50,1.23469318,0.07910615161406603,1.097656,1.2166545000000002,1.3494569,1.4033224,1.42721162,1.430868,3239.67125176799,3.23967125176799,1216.6545,304.163625,3239.67125176799,255264,503808,1014552,single-thread,0.0078125,0.00390625,Intel(R) Xeon(R) 6760P,AVX512,"avx2,avx512f,avx512bw,avx512vl,avx512_vnni,avx512_bf16,amx_bf16,amx_int8,amx_tile,fma",True,True,,,,2026.1.0,CPU,256,128,sh14l07002s1404,3.11.9,2.1.2+cu121
20260428_134843,2026-04-28T19:13:46.814586,cpu,openvino,separator1_grid_search_6ports_learned_dense_hd128_depth3_stages2_share1,/home/liangyi/SRS_AI/Model_AIIC_refactor/experiments_refactored/20260428_054018_default_6port_separator1_learned_dense_v2/separator1_grid_search_6ports_learned_dense_hd128_depth3_stages2_share1,default_6port_separator1_learned_dense_v2,separator1_grid_search_6ports_learned_dense_hd128_depth3_stages2_share1,supervised_nmse_plateau,separator1,12,6,openvino,fp32,float32,4,2,ok,,308.186715,20,50,1.21772038,0.08385171898581209,1.044355,1.2108515,1.3397661,1.36152765,1.39351458,1.396091,3284.82635726274,3.28482635726274,1210.8515,302.712875,1642.41317863137,255264,503808,1014552,sub-physical,0.015625,0.0078125,Intel(R) Xeon(R) 6760P,AVX512,"avx2,avx512f,avx512bw,avx512vl,avx512_vnni,avx512_bf16,amx_bf16,amx_int8,amx_tile,fma",True,True,,,,2026.1.0,CPU,256,128,sh14l07002s1404,3.11.9,2.1.2+cu121
20260428_134843,2026-04-28T19:13:46.814586,cpu,openvino,separator1_grid_search_6ports_learned_dense_hd128_depth3_stages2_share1,/home/liangyi/SRS_AI/Model_AIIC_refactor/experiments_refactored/20260428_054018_default_6port_separator1_learned_dense_v2/separator1_grid_search_6ports_learned_dense_hd128_depth3_stages2_share1,default_6port_separator1_learned_dense_v2,separator1_grid_search_6ports_learned_dense_hd128_depth3_stages2_share1,supervised_nmse_plateau,separator1,12,6,openvino,fp32,float32,4,4,ok,,301.342298,20,50,1.21608856,0.07586099692098965,1.067664,1.2201374999999999,1.3286517000000002,1.3450372999999998,1.40777394,1.419433,3289.2341327509894,3.2892341327509893,1220.1374999999998,305.03437499999995,822.3085331877473,255264,503808,1014552,sub-physical,0.03125,0.015625,Intel(R) Xeon(R) 6760P,AVX512,"avx2,avx512f,avx512bw,avx512vl,avx512_vnni,avx512_bf16,amx_bf16,amx_int8,amx_tile,fma",True,True,,,,2026.1.0,CPU,256,128,sh14l07002s1404,3.11.9,2.1.2+cu121
20260428_134843,2026-04-28T19:13:46.814586,cpu,openvino,separator1_grid_search_6ports_learned_dense_hd128_depth3_stages2_share1,/home/liangyi/SRS_AI/Model_AIIC_refactor/experiments_refactored/20260428_054018_default_6port_separator1_learned_dense_v2/separator1_grid_search_6ports_learned_dense_hd128_depth3_stages2_share1,default_6port_separator1_learned_dense_v2,separator1_grid_search_6ports_learned_dense_hd128_depth3_stages2_share1,supervised_nmse_plateau,separator1,12,6,openvino,fp32,float32,4,8,ok,,324.415876,20,50,1.19659398,0.07493296434106686,1.057168,1.197644,1.3067666,1.3268246,1.37887127,1.387925,3342.821430540708,3.3428214305407082,1197.644,299.411,417.8526788175885,255264,503808,1014552,sub-physical,0.0625,0.03125,Intel(R) Xeon(R) 6760P,AVX512,"avx2,avx512f,avx512bw,avx512vl,avx512_vnni,avx512_bf16,amx_bf16,amx_int8,amx_tile,fma",True,True,,,,2026.1.0,CPU,256,128,sh14l07002s1404,3.11.9,2.1.2+cu121
20260428_134843,2026-04-28T19:13:46.814586,cpu,openvino,separator1_grid_search_6ports_learned_dense_hd128_depth3_stages2_share1,/home/liangyi/SRS_AI/Model_AIIC_refactor/experiments_refactored/20260428_054018_default_6port_separator1_learned_dense_v2/separator1_grid_search_6ports_learned_dense_hd128_depth3_stages2_share1,default_6port_separator1_learned_dense_v2,separator1_grid_search_6ports_learned_dense_hd128_depth3_stages2_share1,supervised_nmse_plateau,separator1,12,6,openvino,fp32,float32,8,1,ok,,298.048614,20,50,1.54373488,0.8011647289248732,1.25155,1.4059525000000002,1.5603306000000001,1.7318237999999995,4.873868209999991,6.953022,5182.2369913673265,5.1822369913673265,1405.9525,175.7440625,5182.2369913673265,255264,503808,1014552,single-thread,0.0078125,0.00390625,Intel(R) Xeon(R) 6760P,AVX512,"avx2,avx512f,avx512bw,avx512vl,avx512_vnni,avx512_bf16,amx_bf16,amx_int8,amx_tile,fma",True,True,,,,2026.1.0,CPU,256,128,sh14l07002s1404,3.11.9,2.1.2+cu121
20260428_134843,2026-04-28T19:13:46.814586,cpu,openvino,separator1_grid_search_6ports_learned_dense_hd128_depth3_stages2_share1,/home/liangyi/SRS_AI/Model_AIIC_refactor/experiments_refactored/20260428_054018_default_6port_separator1_learned_dense_v2/separator1_grid_search_6ports_learned_dense_hd128_depth3_stages2_share1,default_6port_separator1_learned_dense_v2,separator1_grid_search_6ports_learned_dense_hd128_depth3_stages2_share1,supervised_nmse_plateau,separator1,12,6,openvino,fp32,float32,8,2,ok,,339.438571,20,50,1.40183266,0.09439615747425527,1.228315,1.3966805,1.5267992000000001,1.5819503,1.60052736,1.600594,5706.815248547569,5.706815248547569,1396.6805,174.5850625,2853.4076242737847,255264,503808,1014552,sub-physical,0.015625,0.0078125,Intel(R) Xeon(R) 6760P,AVX512,"avx2,avx512f,avx512bw,avx512vl,avx512_vnni,avx512_bf16,amx_bf16,amx_int8,amx_tile,fma",True,True,,,,2026.1.0,CPU,256,128,sh14l07002s1404,3.11.9,2.1.2+cu121
20260428_134843,2026-04-28T19:13:46.814586,cpu,openvino,separator1_grid_search_6ports_learned_dense_hd128_depth3_stages2_share1,/home/liangyi/SRS_AI/Model_AIIC_refactor/experiments_refactored/20260428_054018_default_6port_separator1_learned_dense_v2/separator1_grid_search_6ports_learned_dense_hd128_depth3_stages2_share1,default_6port_separator1_learned_dense_v2,separator1_grid_search_6ports_learned_dense_hd128_depth3_stages2_share1,supervised_nmse_plateau,separator1,12,6,openvino,fp32,float32,8,4,ok,,355.032074,20,50,1.39842216,0.0861721782536243,1.233021,1.393778,1.4957974,1.52256955,1.6213111599999999,1.677326,5720.733143988508,5.720733143988508,1393.778,174.22225,1430.183285997127,255264,503808,1014552,sub-physical,0.03125,0.015625,Intel(R) Xeon(R) 6760P,AVX512,"avx2,avx512f,avx512bw,avx512vl,avx512_vnni,avx512_bf16,amx_bf16,amx_int8,amx_tile,fma",True,True,,,,2026.1.0,CPU,256,128,sh14l07002s1404,3.11.9,2.1.2+cu121
20260428_134843,2026-04-28T19:13:46.814586,cpu,openvino,separator1_grid_search_6ports_learned_dense_hd128_depth3_stages2_share1,/home/liangyi/SRS_AI/Model_AIIC_refactor/experiments_refactored/20260428_054018_default_6port_separator1_learned_dense_v2/separator1_grid_search_6ports_learned_dense_hd128_depth3_stages2_share1,default_6port_separator1_learned_dense_v2,separator1_grid_search_6ports_learned_dense_hd128_depth3_stages2_share1,supervised_nmse_plateau,separator1,12,6,openvino,fp32,float32,8,8,ok,,337.995514,20,50,1.40764526,0.09049886106196253,1.230931,1.403351,1.5144724999999999,1.5288469,1.6045818599999997,1.643236,5683.250054065468,5.683250054065469,1403.351,175.418875,710.4062567581835,255264,503808,1014552,sub-physical,0.0625,0.03125,Intel(R) Xeon(R) 6760P,AVX512,"avx2,avx512f,avx512bw,avx512vl,avx512_vnni,avx512_bf16,amx_bf16,amx_int8,amx_tile,fma",True,True,,,,2026.1.0,CPU,256,128,sh14l07002s1404,3.11.9,2.1.2+cu121
20260428_134843,2026-04-28T19:13:46.814586,cpu,openvino,separator1_grid_search_6ports_learned_dense_hd128_depth3_stages2_share1,/home/liangyi/SRS_AI/Model_AIIC_refactor/experiments_refactored/20260428_054018_default_6port_separator1_learned_dense_v2/separator1_grid_search_6ports_learned_dense_hd128_depth3_stages2_share1,default_6port_separator1_learned_dense_v2,separator1_grid_search_6ports_learned_dense_hd128_depth3_stages2_share1,supervised_nmse_plateau,separator1,12,6,openvino,fp32,float32,16,1,ok,,334.400807,20,50,2.78027864,0.14252343254633745,2.521572,2.7750905,2.9658975,3.0062800999999997,3.07018509,3.124359,5754.818876715177,5.754818876715177,2775.0905000000002,173.44315625000002,5754.818876715177,255264,503808,1014552,single-thread,0.0078125,0.00390625,Intel(R) Xeon(R) 6760P,AVX512,"avx2,avx512f,avx512bw,avx512vl,avx512_vnni,avx512_bf16,amx_bf16,amx_int8,amx_tile,fma",True,True,,,,2026.1.0,CPU,256,128,sh14l07002s1404,3.11.9,2.1.2+cu121
20260428_134843,2026-04-28T19:13:46.814586,cpu,openvino,separator1_grid_search_6ports_learned_dense_hd128_depth3_stages2_share1,/home/liangyi/SRS_AI/Model_AIIC_refactor/experiments_refactored/20260428_054018_default_6port_separator1_learned_dense_v2/separator1_grid_search_6ports_learned_dense_hd128_depth3_stages2_share1,default_6port_separator1_learned_dense_v2,separator1_grid_search_6ports_learned_dense_hd128_depth3_stages2_share1,supervised_nmse_plateau,separator1,12,6,openvino,fp32,float32,16,2,ok,,321.736529,20,50,2.60922168,0.1804705929648861,2.160938,2.5927085,2.8261649,2.9715978499999998,3.04305588,3.067207,6132.096832799581,6.132096832799581,2592.7085,162.04428125,3066.0484163997903,255264,503808,1014552,sub-physical,0.015625,0.0078125,Intel(R) Xeon(R) 6760P,AVX512,"avx2,avx512f,avx512bw,avx512vl,avx512_vnni,avx512_bf16,amx_bf16,amx_int8,amx_tile,fma",True,True,,,,2026.1.0,CPU,256,128,sh14l07002s1404,3.11.9,2.1.2+cu121
20260428_134843,2026-04-28T19:13:46.814586,cpu,openvino,separator1_grid_search_6ports_learned_dense_hd128_depth3_stages2_share1,/home/liangyi/SRS_AI/Model_AIIC_refactor/experiments_refactored/20260428_054018_default_6port_separator1_learned_dense_v2/separator1_grid_search_6ports_learned_dense_hd128_depth3_stages2_share1,default_6port_separator1_learned_dense_v2,separator1_grid_search_6ports_learned_dense_hd128_depth3_stages2_share1,supervised_nmse_plateau,separator1,12,6,openvino,fp32,float32,16,4,ok,,298.675015,20,50,2.6083981,0.13546212009964262,2.290393,2.6141225,2.7765085000000003,2.82297305,2.8844796099999996,2.923048,6134.032991359716,6.1340329913597165,2614.1225,163.38265625,1533.508247839929,255264,503808,1014552,sub-physical,0.03125,0.015625,Intel(R) Xeon(R) 6760P,AVX512,"avx2,avx512f,avx512bw,avx512vl,avx512_vnni,avx512_bf16,amx_bf16,amx_int8,amx_tile,fma",True,True,,,,2026.1.0,CPU,256,128,sh14l07002s1404,3.11.9,2.1.2+cu121
20260428_134843,2026-04-28T19:13:46.814586,cpu,openvino,separator1_grid_search_6ports_learned_dense_hd128_depth3_stages2_share1,/home/liangyi/SRS_AI/Model_AIIC_refactor/experiments_refactored/20260428_054018_default_6port_separator1_learned_dense_v2/separator1_grid_search_6ports_learned_dense_hd128_depth3_stages2_share1,default_6port_separator1_learned_dense_v2,separator1_grid_search_6ports_learned_dense_hd128_depth3_stages2_share1,supervised_nmse_plateau,separator1,12,6,openvino,fp32,float32,16,8,ok,,354.666009,20,50,2.52730268,0.12588836311501395,2.284355,2.527665,2.7092365,2.74870925,2.80830394,2.840494,6330.860219718519,6.330860219718519,2527.665,157.9790625,791.3575274648149,255264,503808,1014552,sub-physical,0.0625,0.03125,Intel(R) Xeon(R) 6760P,AVX512,"avx2,avx512f,avx512bw,avx512vl,avx512_vnni,avx512_bf16,amx_bf16,amx_int8,amx_tile,fma",True,True,,,,2026.1.0,CPU,256,128,sh14l07002s1404,3.11.9,2.1.2+cu121
20260428_134843,2026-04-28T19:13:46.814586,cpu,openvino,separator1_grid_search_6ports_learned_dense_hd128_depth3_stages2_share1,/home/liangyi/SRS_AI/Model_AIIC_refactor/experiments_refactored/20260428_054018_default_6port_separator1_learned_dense_v2/separator1_grid_search_6ports_learned_dense_hd128_depth3_stages2_share1,default_6port_separator1_learned_dense_v2,separator1_grid_search_6ports_learned_dense_hd128_depth3_stages2_share1,supervised_nmse_plateau,separator1,12,6,openvino,fp32,float32,32,1,ok,,307.937711,20,50,2.74841842,0.18469119798085556,1.916579,2.749563,2.9825056,3.00985285,3.11065764,3.162874,11643.059792911736,11.643059792911735,2749.563,85.92384375,11643.059792911736,255264,503808,1014552,single-thread,0.0078125,0.00390625,Intel(R) Xeon(R) 6760P,AVX512,"avx2,avx512f,avx512bw,avx512vl,avx512_vnni,avx512_bf16,amx_bf16,amx_int8,amx_tile,fma",True,True,,,,2026.1.0,CPU,256,128,sh14l07002s1404,3.11.9,2.1.2+cu121
20260428_134843,2026-04-28T19:13:46.814586,cpu,openvino,separator1_grid_search_6ports_learned_dense_hd128_depth3_stages2_share1,/home/liangyi/SRS_AI/Model_AIIC_refactor/experiments_refactored/20260428_054018_default_6port_separator1_learned_dense_v2/separator1_grid_search_6ports_learned_dense_hd128_depth3_stages2_share1,default_6port_separator1_learned_dense_v2,separator1_grid_search_6ports_learned_dense_hd128_depth3_stages2_share1,supervised_nmse_plateau,separator1,12,6,openvino,fp32,float32,32,2,ok,,319.562049,20,50,2.86106886,0.1921122191845183,2.360955,2.8721365,3.1058039,3.1336767,3.2197010099999996,3.292442,11184.631187101173,11.184631187101173,2872.1365,89.754265625,5592.3155935505865,255264,503808,1014552,sub-physical,0.015625,0.0078125,Intel(R) Xeon(R) 6760P,AVX512,"avx2,avx512f,avx512bw,avx512vl,avx512_vnni,avx512_bf16,amx_bf16,amx_int8,amx_tile,fma",True,True,,,,2026.1.0,CPU,256,128,sh14l07002s1404,3.11.9,2.1.2+cu121
20260428_134843,2026-04-28T19:13:46.814586,cpu,openvino,separator1_grid_search_6ports_learned_dense_hd128_depth3_stages2_share1,/home/liangyi/SRS_AI/Model_AIIC_refactor/experiments_refactored/20260428_054018_default_6port_separator1_learned_dense_v2/separator1_grid_search_6ports_learned_dense_hd128_depth3_stages2_share1,default_6port_separator1_learned_dense_v2,separator1_grid_search_6ports_learned_dense_hd128_depth3_stages2_share1,supervised_nmse_plateau,separator1,12,6,openvino,fp32,float32,32,4,ok,,297.020084,20,50,2.65674036,0.12577286824077125,2.423743,2.6449675,2.8302481,2.87907705,2.93751783,2.956399,12044.835273251918,12.044835273251918,2644.9674999999997,82.65523437499999,3011.2088183129795,255264,503808,1014552,sub-physical,0.03125,0.015625,Intel(R) Xeon(R) 6760P,AVX512,"avx2,avx512f,avx512bw,avx512vl,avx512_vnni,avx512_bf16,amx_bf16,amx_int8,amx_tile,fma",True,True,,,,2026.1.0,CPU,256,128,sh14l07002s1404,3.11.9,2.1.2+cu121
20260428_134843,2026-04-28T19:13:46.814586,cpu,openvino,separator1_grid_search_6ports_learned_dense_hd128_depth3_stages2_share1,/home/liangyi/SRS_AI/Model_AIIC_refactor/experiments_refactored/20260428_054018_default_6port_separator1_learned_dense_v2/separator1_grid_search_6ports_learned_dense_hd128_depth3_stages2_share1,default_6port_separator1_learned_dense_v2,separator1_grid_search_6ports_learned_dense_hd128_depth3_stages2_share1,supervised_nmse_plateau,separator1,12,6,openvino,fp32,float32,32,8,ok,,304.436695,20,50,2.59871762,0.18099805531915417,2.007223,2.601796,2.8385467,2.87722175,2.93651596,2.962435,12313.765741119652,12.313765741119653,2601.7960000000003,81.30612500000001,1539.2207176399565,255264,503808,1014552,sub-physical,0.0625,0.03125,Intel(R) Xeon(R) 6760P,AVX512,"avx2,avx512f,avx512bw,avx512vl,avx512_vnni,avx512_bf16,amx_bf16,amx_int8,amx_tile,fma",True,True,,,,2026.1.0,CPU,256,128,sh14l07002s1404,3.11.9,2.1.2+cu121
20260428_134843,2026-04-28T19:13:46.814586,cpu,openvino,separator1_grid_search_6ports_learned_dense_hd128_depth3_stages2_share1,/home/liangyi/SRS_AI/Model_AIIC_refactor/experiments_refactored/20260428_054018_default_6port_separator1_learned_dense_v2/separator1_grid_search_6ports_learned_dense_hd128_depth3_stages2_share1,default_6port_separator1_learned_dense_v2,separator1_grid_search_6ports_learned_dense_hd128_depth3_stages2_share1,supervised_nmse_plateau,separator1,12,6,openvino,fp32,float32,64,1,ok,,312.562079,20,50,3.57315978,0.17384175566558108,3.1758,3.595778,3.7506078,3.8060956,3.9758166699999995,4.126304,17911.317696517897,17.911317696517898,3595.7780000000002,56.184031250000004,17911.317696517897,255264,503808,1014552,single-thread,0.0078125,0.00390625,Intel(R) Xeon(R) 6760P,AVX512,"avx2,avx512f,avx512bw,avx512vl,avx512_vnni,avx512_bf16,amx_bf16,amx_int8,amx_tile,fma",True,True,,,,2026.1.0,CPU,256,128,sh14l07002s1404,3.11.9,2.1.2+cu121
20260428_134843,2026-04-28T19:13:46.814586,cpu,openvino,separator1_grid_search_6ports_learned_dense_hd128_depth3_stages2_share1,/home/liangyi/SRS_AI/Model_AIIC_refactor/experiments_refactored/20260428_054018_default_6port_separator1_learned_dense_v2/separator1_grid_search_6ports_learned_dense_hd128_depth3_stages2_share1,default_6port_separator1_learned_dense_v2,separator1_grid_search_6ports_learned_dense_hd128_depth3_stages2_share1,supervised_nmse_plateau,separator1,12,6,openvino,fp32,float32,64,2,ok,,341.311518,20,50,3.4658704,0.16303012736141745,3.191427,3.4399045,3.6276515000000003,3.76032045,3.96580149,3.987214,18465.77990913913,18.465779909139133,3439.9045,53.7485078125,9232.889954569566,255264,503808,1014552,sub-physical,0.015625,0.0078125,Intel(R) Xeon(R) 6760P,AVX512,"avx2,avx512f,avx512bw,avx512vl,avx512_vnni,avx512_bf16,amx_bf16,amx_int8,amx_tile,fma",True,True,,,,2026.1.0,CPU,256,128,sh14l07002s1404,3.11.9,2.1.2+cu121
20260428_134843,2026-04-28T19:13:46.814586,cpu,openvino,separator1_grid_search_6ports_learned_dense_hd128_depth3_stages2_share1,/home/liangyi/SRS_AI/Model_AIIC_refactor/experiments_refactored/20260428_054018_default_6port_separator1_learned_dense_v2/separator1_grid_search_6ports_learned_dense_hd128_depth3_stages2_share1,default_6port_separator1_learned_dense_v2,separator1_grid_search_6ports_learned_dense_hd128_depth3_stages2_share1,supervised_nmse_plateau,separator1,12,6,openvino,fp32,float32,64,4,ok,,298.16401,20,50,3.50412524,0.15355544625724746,3.286323,3.4722844999999998,3.7146943,3.7592021,3.9386634199999997,4.037321,18264.18738389613,18.26418738389613,3472.2844999999998,54.254445312499996,4566.046845974032,255264,503808,1014552,sub-physical,0.03125,0.015625,Intel(R) Xeon(R) 6760P,AVX512,"avx2,avx512f,avx512bw,avx512vl,avx512_vnni,avx512_bf16,amx_bf16,amx_int8,amx_tile,fma",True,True,,,,2026.1.0,CPU,256,128,sh14l07002s1404,3.11.9,2.1.2+cu121
20260428_134843,2026-04-28T19:13:46.814586,cpu,openvino,separator1_grid_search_6ports_learned_dense_hd128_depth3_stages2_share1,/home/liangyi/SRS_AI/Model_AIIC_refactor/experiments_refactored/20260428_054018_default_6port_separator1_learned_dense_v2/separator1_grid_search_6ports_learned_dense_hd128_depth3_stages2_share1,default_6port_separator1_learned_dense_v2,separator1_grid_search_6ports_learned_dense_hd128_depth3_stages2_share1,supervised_nmse_plateau,separator1,12,6,openvino,fp32,float32,64,8,ok,,325.249553,20,50,3.26842692,0.14028505100641908,3.02822,3.2553775,3.4680562000000004,3.49687035,3.58973841,3.667203,19581.28529916771,19.58128529916771,3255.3774999999996,50.865273437499994,2447.6606623959638,255264,503808,1014552,sub-physical,0.0625,0.03125,Intel(R) Xeon(R) 6760P,AVX512,"avx2,avx512f,avx512bw,avx512vl,avx512_vnni,avx512_bf16,amx_bf16,amx_int8,amx_tile,fma",True,True,,,,2026.1.0,CPU,256,128,sh14l07002s1404,3.11.9,2.1.2+cu121
20260428_134843,2026-04-28T19:13:46.814586,cpu,openvino,separator1_grid_search_6ports_learned_dense_hd128_depth3_stages2_share1,/home/liangyi/SRS_AI/Model_AIIC_refactor/experiments_refactored/20260428_054018_default_6port_separator1_learned_dense_v2/separator1_grid_search_6ports_learned_dense_hd128_depth3_stages2_share1,default_6port_separator1_learned_dense_v2,separator1_grid_search_6ports_learned_dense_hd128_depth3_stages2_share1,supervised_nmse_plateau,separator1,12,6,openvino,fp32,float32,128,1,ok,,289.83865,20,50,3.45398752,0.12873454019046174,3.195498,3.441536,3.6364716,3.6672452,3.72106696,3.759383,37058.616818627066,37.058616818627065,3441.536,26.887,37058.616818627066,255264,503808,1014552,single-thread,0.0078125,0.00390625,Intel(R) Xeon(R) 6760P,AVX512,"avx2,avx512f,avx512bw,avx512vl,avx512_vnni,avx512_bf16,amx_bf16,amx_int8,amx_tile,fma",True,True,,,,2026.1.0,CPU,256,128,sh14l07002s1404,3.11.9,2.1.2+cu121
20260428_134843,2026-04-28T19:13:46.814586,cpu,openvino,separator1_grid_search_6ports_learned_dense_hd128_depth3_stages2_share1,/home/liangyi/SRS_AI/Model_AIIC_refactor/experiments_refactored/20260428_054018_default_6port_separator1_learned_dense_v2/separator1_grid_search_6ports_learned_dense_hd128_depth3_stages2_share1,default_6port_separator1_learned_dense_v2,separator1_grid_search_6ports_learned_dense_hd128_depth3_stages2_share1,supervised_nmse_plateau,separator1,12,6,openvino,fp32,float32,128,2,ok,,295.834468,20,50,3.75038928,0.2400865404784733,2.828012,3.7478505,3.9739828,4.183380849999999,4.31530363,4.330157,34129.79038805273,34.12979038805273,3747.8505,29.28008203125,17064.895194026365,255264,503808,1014552,sub-physical,0.015625,0.0078125,Intel(R) Xeon(R) 6760P,AVX512,"avx2,avx512f,avx512bw,avx512vl,avx512_vnni,avx512_bf16,amx_bf16,amx_int8,amx_tile,fma",True,True,,,,2026.1.0,CPU,256,128,sh14l07002s1404,3.11.9,2.1.2+cu121
20260428_134843,2026-04-28T19:13:46.814586,cpu,openvino,separator1_grid_search_6ports_learned_dense_hd128_depth3_stages2_share1,/home/liangyi/SRS_AI/Model_AIIC_refactor/experiments_refactored/20260428_054018_default_6port_separator1_learned_dense_v2/separator1_grid_search_6ports_learned_dense_hd128_depth3_stages2_share1,default_6port_separator1_learned_dense_v2,separator1_grid_search_6ports_learned_dense_hd128_depth3_stages2_share1,supervised_nmse_plateau,separator1,12,6,openvino,fp32,float32,128,4,ok,,328.298354,20,50,3.65500434,0.22740182686369165,2.919581,3.6557104999999996,3.9290895999999997,3.9936815499999994,4.10453603,4.153562,35020.478252017616,35.02047825201762,3655.7104999999997,28.560238281249998,8755.119563004404,255264,503808,1014552,sub-physical,0.03125,0.015625,Intel(R) Xeon(R) 6760P,AVX512,"avx2,avx512f,avx512bw,avx512vl,avx512_vnni,avx512_bf16,amx_bf16,amx_int8,amx_tile,fma",True,True,,,,2026.1.0,CPU,256,128,sh14l07002s1404,3.11.9,2.1.2+cu121
20260428_134843,2026-04-28T19:13:46.814586,cpu,openvino,separator1_grid_search_6ports_learned_dense_hd128_depth3_stages2_share1,/home/liangyi/SRS_AI/Model_AIIC_refactor/experiments_refactored/20260428_054018_default_6port_separator1_learned_dense_v2/separator1_grid_search_6ports_learned_dense_hd128_depth3_stages2_share1,default_6port_separator1_learned_dense_v2,separator1_grid_search_6ports_learned_dense_hd128_depth3_stages2_share1,supervised_nmse_plateau,separator1,12,6,openvino,fp32,float32,128,8,ok,,303.269183,20,50,3.55777038,0.15538277114389357,3.295791,3.547866,3.7736765,3.79594395,3.9081243999999997,3.935192,35977.58886283156,35.97758886283156,3547.866,27.717703125,4497.198607853945,255264,503808,1014552,sub-physical,0.0625,0.03125,Intel(R) Xeon(R) 6760P,AVX512,"avx2,avx512f,avx512bw,avx512vl,avx512_vnni,avx512_bf16,amx_bf16,amx_int8,amx_tile,fma",True,True,,,,2026.1.0,CPU,256,128,sh14l07002s1404,3.11.9,2.1.2+cu121
