benchmark_id,timestamp,device,run_name,run_dir,experiment_name,model_label,training_label,model_type,seq_len,num_ports,execution_mode,requested_precision_profile,effective_execution_dtype,batch_size,num_threads,status,skip_reason,graph_prep_time_ms,warmup_iters,measure_iters,mean_latency_ms,std_latency_ms,min_latency_ms,p50_latency_ms,p90_latency_ms,p95_latency_ms,p99_latency_ms,max_latency_ms,throughput_samples_per_sec,samples_per_ms,p50_latency_us,latency_per_sample_us,throughput_per_thread,trainable_parameters,macs_per_sample,flops_per_sample_estimate,thread_group,threads_per_physical_core_ratio,threads_per_logical_cpu_ratio,cpu_model_name,cpu_capability,cpu_flag_summary,mkldnn_available,mkldnn_enabled,onednn_version,logical_cpu_count,physical_cpu_count,hostname,python_version,pytorch_version
20260424_010536,2026-04-24T06:14:18.694693,cpu,full_mlp_capacity_search_hd512_depth3,/home/liangyi/SRS_AI/Model_AIIC_refactor/experiments_refactored/20260422_050408_full_mlp_capacity_search_v2/full_mlp_capacity_search_hd512_depth3,full_mlp_capacity_search_v2,full_mlp_capacity_search_hd512_depth3,supervised_nmse_plateau,full_mlp,12,6,eager,fp32,float32,1,1,ok,,0.0,20,50,0.04376422,0.011536225766324097,0.038882,0.040725,0.0463359,0.0473981,0.08640778999999986,0.122143,22849.71604657869,22.849716046578692,40.724999999999994,40.724999999999994,22849.71604657869,86672,86016,172760,single-thread,0.0078125,0.00390625,Intel(R) Xeon(R) 6760P,AVX512,"avx2,avx512f,avx512bw,avx512vl,avx512_vnni,avx512_bf16,amx_bf16,amx_int8,amx_tile,fma",True,True,,256,128,sh14l07002s1404,3.11.9,2.1.2+cu121
20260424_010536,2026-04-24T06:14:18.694693,cpu,full_mlp_capacity_search_hd512_depth3,/home/liangyi/SRS_AI/Model_AIIC_refactor/experiments_refactored/20260422_050408_full_mlp_capacity_search_v2/full_mlp_capacity_search_hd512_depth3,full_mlp_capacity_search_v2,full_mlp_capacity_search_hd512_depth3,supervised_nmse_plateau,full_mlp,12,6,eager,fp32,float32,1,2,ok,,0.0,20,50,0.04878876,0.001860708419500487,0.046626,0.0478615,0.051154899999999996,0.0521576,0.054157,0.054892,20496.52419942626,20.49652419942626,47.8615,47.8615,10248.26209971313,86672,86016,172760,sub-physical,0.015625,0.0078125,Intel(R) Xeon(R) 6760P,AVX512,"avx2,avx512f,avx512bw,avx512vl,avx512_vnni,avx512_bf16,amx_bf16,amx_int8,amx_tile,fma",True,True,,256,128,sh14l07002s1404,3.11.9,2.1.2+cu121
20260424_010536,2026-04-24T06:14:18.694693,cpu,full_mlp_capacity_search_hd512_depth3,/home/liangyi/SRS_AI/Model_AIIC_refactor/experiments_refactored/20260422_050408_full_mlp_capacity_search_v2/full_mlp_capacity_search_hd512_depth3,full_mlp_capacity_search_v2,full_mlp_capacity_search_hd512_depth3,supervised_nmse_plateau,full_mlp,12,6,eager,fp32,float32,1,4,ok,,0.0,20,50,0.04497906,0.0030145699222940575,0.042033,0.043954,0.0474751,0.0483072,0.054876469999999976,0.060167,22232.567777094497,22.232567777094495,43.954,43.954,5558.141944273624,86672,86016,172760,sub-physical,0.03125,0.015625,Intel(R) Xeon(R) 6760P,AVX512,"avx2,avx512f,avx512bw,avx512vl,avx512_vnni,avx512_bf16,amx_bf16,amx_int8,amx_tile,fma",True,True,,256,128,sh14l07002s1404,3.11.9,2.1.2+cu121
20260424_010536,2026-04-24T06:14:18.694693,cpu,full_mlp_capacity_search_hd512_depth3,/home/liangyi/SRS_AI/Model_AIIC_refactor/experiments_refactored/20260422_050408_full_mlp_capacity_search_v2/full_mlp_capacity_search_hd512_depth3,full_mlp_capacity_search_v2,full_mlp_capacity_search_hd512_depth3,supervised_nmse_plateau,full_mlp,12,6,eager,fp32,float32,1,8,ok,,0.0,20,50,0.04565016,0.012252020402137761,0.040363,0.0428095,0.0483452,0.050432199999999996,0.09057551999999983,0.128625,21905.72826031716,21.905728260317158,42.8095,42.8095,2738.216032539645,86672,86016,172760,sub-physical,0.0625,0.03125,Intel(R) Xeon(R) 6760P,AVX512,"avx2,avx512f,avx512bw,avx512vl,avx512_vnni,avx512_bf16,amx_bf16,amx_int8,amx_tile,fma",True,True,,256,128,sh14l07002s1404,3.11.9,2.1.2+cu121
20260424_010536,2026-04-24T06:14:18.694693,cpu,full_mlp_capacity_search_hd512_depth3,/home/liangyi/SRS_AI/Model_AIIC_refactor/experiments_refactored/20260422_050408_full_mlp_capacity_search_v2/full_mlp_capacity_search_hd512_depth3,full_mlp_capacity_search_v2,full_mlp_capacity_search_hd512_depth3,supervised_nmse_plateau,full_mlp,12,6,eager,fp32,float32,1,128,ok,,0.0,20,50,0.043907260000000004,0.0038660999459920846,0.042231,0.0431415,0.0444962,0.0451761,0.05959232999999996,0.070021,22775.27679932658,22.77527679932658,43.1415,43.1415,177.9318499947389,86672,86016,172760,all-physical,1.0,0.5,Intel(R) Xeon(R) 6760P,AVX512,"avx2,avx512f,avx512bw,avx512vl,avx512_vnni,avx512_bf16,amx_bf16,amx_int8,amx_tile,fma",True,True,,256,128,sh14l07002s1404,3.11.9,2.1.2+cu121
20260424_010536,2026-04-24T06:14:18.694693,cpu,full_mlp_capacity_search_hd512_depth3,/home/liangyi/SRS_AI/Model_AIIC_refactor/experiments_refactored/20260422_050408_full_mlp_capacity_search_v2/full_mlp_capacity_search_hd512_depth3,full_mlp_capacity_search_v2,full_mlp_capacity_search_hd512_depth3,supervised_nmse_plateau,full_mlp,12,6,eager,fp32,float32,2,1,ok,,0.0,20,50,0.0420018,0.002822928932863879,0.039925,0.040844000000000005,0.0457034,0.04827569999999999,0.05177524,0.052669,47617.00689018089,47.61700689018089,40.84400000000001,20.422000000000004,47617.00689018089,86672,86016,172760,single-thread,0.0078125,0.00390625,Intel(R) Xeon(R) 6760P,AVX512,"avx2,avx512f,avx512bw,avx512vl,avx512_vnni,avx512_bf16,amx_bf16,amx_int8,amx_tile,fma",True,True,,256,128,sh14l07002s1404,3.11.9,2.1.2+cu121
20260424_010536,2026-04-24T06:14:18.694693,cpu,full_mlp_capacity_search_hd512_depth3,/home/liangyi/SRS_AI/Model_AIIC_refactor/experiments_refactored/20260422_050408_full_mlp_capacity_search_v2/full_mlp_capacity_search_hd512_depth3,full_mlp_capacity_search_v2,full_mlp_capacity_search_hd512_depth3,supervised_nmse_plateau,full_mlp,12,6,eager,fp32,float32,2,2,ok,,0.0,20,50,0.04490938,0.011302872153377653,0.040112,0.042079,0.0477639,0.04845655,0.08712610999999987,0.121211,44534.126278296426,44.53412627829643,42.079,21.0395,22267.063139148213,86672,86016,172760,sub-physical,0.015625,0.0078125,Intel(R) Xeon(R) 6760P,AVX512,"avx2,avx512f,avx512bw,avx512vl,avx512_vnni,avx512_bf16,amx_bf16,amx_int8,amx_tile,fma",True,True,,256,128,sh14l07002s1404,3.11.9,2.1.2+cu121
20260424_010536,2026-04-24T06:14:18.694693,cpu,full_mlp_capacity_search_hd512_depth3,/home/liangyi/SRS_AI/Model_AIIC_refactor/experiments_refactored/20260422_050408_full_mlp_capacity_search_v2/full_mlp_capacity_search_hd512_depth3,full_mlp_capacity_search_v2,full_mlp_capacity_search_hd512_depth3,supervised_nmse_plateau,full_mlp,12,6,eager,fp32,float32,2,4,ok,,0.0,20,50,0.04692424,0.010115963377869653,0.041775,0.044864,0.0504144,0.05132365,0.08501170999999988,0.114128,42621.89435566778,42.62189435566778,44.864000000000004,22.432000000000002,10655.473588916944,86672,86016,172760,sub-physical,0.03125,0.015625,Intel(R) Xeon(R) 6760P,AVX512,"avx2,avx512f,avx512bw,avx512vl,avx512_vnni,avx512_bf16,amx_bf16,amx_int8,amx_tile,fma",True,True,,256,128,sh14l07002s1404,3.11.9,2.1.2+cu121
20260424_010536,2026-04-24T06:14:18.694693,cpu,full_mlp_capacity_search_hd512_depth3,/home/liangyi/SRS_AI/Model_AIIC_refactor/experiments_refactored/20260422_050408_full_mlp_capacity_search_v2/full_mlp_capacity_search_hd512_depth3,full_mlp_capacity_search_v2,full_mlp_capacity_search_hd512_depth3,supervised_nmse_plateau,full_mlp,12,6,eager,fp32,float32,2,8,ok,,0.0,20,50,0.04257272,0.0027117476139198503,0.039806,0.041203500000000004,0.046692500000000005,0.0471904,0.0487687,0.04993,46978.44065401506,46.97844065401506,41.203500000000005,20.601750000000003,5872.305081751882,86672,86016,172760,sub-physical,0.0625,0.03125,Intel(R) Xeon(R) 6760P,AVX512,"avx2,avx512f,avx512bw,avx512vl,avx512_vnni,avx512_bf16,amx_bf16,amx_int8,amx_tile,fma",True,True,,256,128,sh14l07002s1404,3.11.9,2.1.2+cu121
20260424_010536,2026-04-24T06:14:18.694693,cpu,full_mlp_capacity_search_hd512_depth3,/home/liangyi/SRS_AI/Model_AIIC_refactor/experiments_refactored/20260422_050408_full_mlp_capacity_search_v2/full_mlp_capacity_search_hd512_depth3,full_mlp_capacity_search_v2,full_mlp_capacity_search_hd512_depth3,supervised_nmse_plateau,full_mlp,12,6,eager,fp32,float32,2,128,ok,,0.0,20,50,0.04272068,0.004690321564413255,0.040493,0.041566,0.0430151,0.047235599999999996,0.06364290999999997,0.07116,46815.73420647799,46.81573420647799,41.565999999999995,20.782999999999998,365.7479234881093,86672,86016,172760,all-physical,1.0,0.5,Intel(R) Xeon(R) 6760P,AVX512,"avx2,avx512f,avx512bw,avx512vl,avx512_vnni,avx512_bf16,amx_bf16,amx_int8,amx_tile,fma",True,True,,256,128,sh14l07002s1404,3.11.9,2.1.2+cu121
20260424_010536,2026-04-24T06:14:18.694693,cpu,full_mlp_capacity_search_hd512_depth3,/home/liangyi/SRS_AI/Model_AIIC_refactor/experiments_refactored/20260422_050408_full_mlp_capacity_search_v2/full_mlp_capacity_search_hd512_depth3,full_mlp_capacity_search_v2,full_mlp_capacity_search_hd512_depth3,supervised_nmse_plateau,full_mlp,12,6,eager,fp32,float32,4,1,ok,,0.0,20,50,0.04866692,0.00820160239914128,0.044153,0.0454755,0.0535496,0.055495699999999995,0.08072125999999992,0.099354,82191.35297651876,82.19135297651876,45.475500000000004,11.368875000000001,82191.35297651876,86672,86016,172760,single-thread,0.0078125,0.00390625,Intel(R) Xeon(R) 6760P,AVX512,"avx2,avx512f,avx512bw,avx512vl,avx512_vnni,avx512_bf16,amx_bf16,amx_int8,amx_tile,fma",True,True,,256,128,sh14l07002s1404,3.11.9,2.1.2+cu121
20260424_010536,2026-04-24T06:14:18.694693,cpu,full_mlp_capacity_search_hd512_depth3,/home/liangyi/SRS_AI/Model_AIIC_refactor/experiments_refactored/20260422_050408_full_mlp_capacity_search_v2/full_mlp_capacity_search_hd512_depth3,full_mlp_capacity_search_v2,full_mlp_capacity_search_hd512_depth3,supervised_nmse_plateau,full_mlp,12,6,eager,fp32,float32,4,2,ok,,0.0,20,50,0.05453484,0.003234737982341073,0.0512,0.052995,0.0592228,0.06009035,0.06445065999999999,0.065463,73347.60677761225,73.34760677761226,52.995,13.24875,36673.803388806125,86672,86016,172760,sub-physical,0.015625,0.0078125,Intel(R) Xeon(R) 6760P,AVX512,"avx2,avx512f,avx512bw,avx512vl,avx512_vnni,avx512_bf16,amx_bf16,amx_int8,amx_tile,fma",True,True,,256,128,sh14l07002s1404,3.11.9,2.1.2+cu121
20260424_010536,2026-04-24T06:14:18.694693,cpu,full_mlp_capacity_search_hd512_depth3,/home/liangyi/SRS_AI/Model_AIIC_refactor/experiments_refactored/20260422_050408_full_mlp_capacity_search_v2/full_mlp_capacity_search_hd512_depth3,full_mlp_capacity_search_v2,full_mlp_capacity_search_hd512_depth3,supervised_nmse_plateau,full_mlp,12,6,eager,fp32,float32,4,4,ok,,0.0,20,50,0.04981144,0.0030659933604624784,0.045735,0.048444,0.053989600000000006,0.05476905,0.057447859999999996,0.058617,80302.83806290283,80.30283806290282,48.444,12.111,20075.709515725706,86672,86016,172760,sub-physical,0.03125,0.015625,Intel(R) Xeon(R) 6760P,AVX512,"avx2,avx512f,avx512bw,avx512vl,avx512_vnni,avx512_bf16,amx_bf16,amx_int8,amx_tile,fma",True,True,,256,128,sh14l07002s1404,3.11.9,2.1.2+cu121
20260424_010536,2026-04-24T06:14:18.694693,cpu,full_mlp_capacity_search_hd512_depth3,/home/liangyi/SRS_AI/Model_AIIC_refactor/experiments_refactored/20260422_050408_full_mlp_capacity_search_v2/full_mlp_capacity_search_hd512_depth3,full_mlp_capacity_search_v2,full_mlp_capacity_search_hd512_depth3,supervised_nmse_plateau,full_mlp,12,6,eager,fp32,float32,4,8,ok,,0.0,20,50,0.04952176,0.0036346243413040635,0.045863,0.047935000000000005,0.0536084,0.055528999999999995,0.06123906999999999,0.063178,80772.57351111915,80.77257351111915,47.935,11.98375,10096.571688889893,86672,86016,172760,sub-physical,0.0625,0.03125,Intel(R) Xeon(R) 6760P,AVX512,"avx2,avx512f,avx512bw,avx512vl,avx512_vnni,avx512_bf16,amx_bf16,amx_int8,amx_tile,fma",True,True,,256,128,sh14l07002s1404,3.11.9,2.1.2+cu121
20260424_010536,2026-04-24T06:14:18.694693,cpu,full_mlp_capacity_search_hd512_depth3,/home/liangyi/SRS_AI/Model_AIIC_refactor/experiments_refactored/20260422_050408_full_mlp_capacity_search_v2/full_mlp_capacity_search_hd512_depth3,full_mlp_capacity_search_v2,full_mlp_capacity_search_hd512_depth3,supervised_nmse_plateau,full_mlp,12,6,eager,fp32,float32,4,128,ok,,0.0,20,50,0.1506946,0.01689808627152791,0.132454,0.1477635,0.1617246,0.1733043,0.21132663999999987,0.244531,26543.75140184187,26.54375140184187,147.7635,36.940875,207.3730578268896,86672,86016,172760,all-physical,1.0,0.5,Intel(R) Xeon(R) 6760P,AVX512,"avx2,avx512f,avx512bw,avx512vl,avx512_vnni,avx512_bf16,amx_bf16,amx_int8,amx_tile,fma",True,True,,256,128,sh14l07002s1404,3.11.9,2.1.2+cu121
20260424_010536,2026-04-24T06:14:18.694693,cpu,full_mlp_capacity_search_hd512_depth3,/home/liangyi/SRS_AI/Model_AIIC_refactor/experiments_refactored/20260422_050408_full_mlp_capacity_search_v2/full_mlp_capacity_search_hd512_depth3,full_mlp_capacity_search_v2,full_mlp_capacity_search_hd512_depth3,supervised_nmse_plateau,full_mlp,12,6,eager,fp32,float32,8,1,ok,,0.0,20,50,0.05505134,0.004039435458625376,0.050536,0.053384,0.060244400000000004,0.0606146,0.06155446,0.06192,145318.896869722,145.318896869722,53.384,6.673,145318.896869722,86672,86016,172760,single-thread,0.0078125,0.00390625,Intel(R) Xeon(R) 6760P,AVX512,"avx2,avx512f,avx512bw,avx512vl,avx512_vnni,avx512_bf16,amx_bf16,amx_int8,amx_tile,fma",True,True,,256,128,sh14l07002s1404,3.11.9,2.1.2+cu121
20260424_010536,2026-04-24T06:14:18.694693,cpu,full_mlp_capacity_search_hd512_depth3,/home/liangyi/SRS_AI/Model_AIIC_refactor/experiments_refactored/20260422_050408_full_mlp_capacity_search_v2/full_mlp_capacity_search_hd512_depth3,full_mlp_capacity_search_v2,full_mlp_capacity_search_hd512_depth3,supervised_nmse_plateau,full_mlp,12,6,eager,fp32,float32,8,2,ok,,0.0,20,50,0.06839702,0.018187941543220332,0.060404,0.063467,0.0717507,0.07806574999999999,0.14472512999999984,0.187484,116964.16013446198,116.96416013446199,63.467,7.933375,58482.08006723099,86672,86016,172760,sub-physical,0.015625,0.0078125,Intel(R) Xeon(R) 6760P,AVX512,"avx2,avx512f,avx512bw,avx512vl,avx512_vnni,avx512_bf16,amx_bf16,amx_int8,amx_tile,fma",True,True,,256,128,sh14l07002s1404,3.11.9,2.1.2+cu121
20260424_010536,2026-04-24T06:14:18.694693,cpu,full_mlp_capacity_search_hd512_depth3,/home/liangyi/SRS_AI/Model_AIIC_refactor/experiments_refactored/20260422_050408_full_mlp_capacity_search_v2/full_mlp_capacity_search_hd512_depth3,full_mlp_capacity_search_v2,full_mlp_capacity_search_hd512_depth3,supervised_nmse_plateau,full_mlp,12,6,eager,fp32,float32,8,4,ok,,0.0,20,50,0.05917474,0.0030516889540711718,0.055203,0.0576325,0.0642561,0.0660201,0.06652925999999999,0.066885,135192.82045007718,135.1928204500772,57.6325,7.2040625,33798.205112519296,86672,86016,172760,sub-physical,0.03125,0.015625,Intel(R) Xeon(R) 6760P,AVX512,"avx2,avx512f,avx512bw,avx512vl,avx512_vnni,avx512_bf16,amx_bf16,amx_int8,amx_tile,fma",True,True,,256,128,sh14l07002s1404,3.11.9,2.1.2+cu121
20260424_010536,2026-04-24T06:14:18.694693,cpu,full_mlp_capacity_search_hd512_depth3,/home/liangyi/SRS_AI/Model_AIIC_refactor/experiments_refactored/20260422_050408_full_mlp_capacity_search_v2/full_mlp_capacity_search_hd512_depth3,full_mlp_capacity_search_v2,full_mlp_capacity_search_hd512_depth3,supervised_nmse_plateau,full_mlp,12,6,eager,fp32,float32,8,8,ok,,0.0,20,50,0.05691748,0.003353841053121033,0.052269,0.057403499999999996,0.0608938,0.062204949999999995,0.06458246,0.064899,140554.36045306292,140.5543604530629,57.403499999999994,7.175437499999999,17569.295056632865,86672,86016,172760,sub-physical,0.0625,0.03125,Intel(R) Xeon(R) 6760P,AVX512,"avx2,avx512f,avx512bw,avx512vl,avx512_vnni,avx512_bf16,amx_bf16,amx_int8,amx_tile,fma",True,True,,256,128,sh14l07002s1404,3.11.9,2.1.2+cu121
20260424_010536,2026-04-24T06:14:18.694693,cpu,full_mlp_capacity_search_hd512_depth3,/home/liangyi/SRS_AI/Model_AIIC_refactor/experiments_refactored/20260422_050408_full_mlp_capacity_search_v2/full_mlp_capacity_search_hd512_depth3,full_mlp_capacity_search_v2,full_mlp_capacity_search_hd512_depth3,supervised_nmse_plateau,full_mlp,12,6,eager,fp32,float32,8,128,ok,,0.0,20,50,0.13083408,0.006977261109747865,0.11531,0.1307365,0.1381043,0.14293304999999998,0.14921700999999998,0.152133,61146.14785383137,61.146147853831366,130.7365,16.3420625,477.70428010805756,86672,86016,172760,all-physical,1.0,0.5,Intel(R) Xeon(R) 6760P,AVX512,"avx2,avx512f,avx512bw,avx512vl,avx512_vnni,avx512_bf16,amx_bf16,amx_int8,amx_tile,fma",True,True,,256,128,sh14l07002s1404,3.11.9,2.1.2+cu121
20260424_010536,2026-04-24T06:14:18.694693,cpu,full_mlp_capacity_search_hd512_depth3,/home/liangyi/SRS_AI/Model_AIIC_refactor/experiments_refactored/20260422_050408_full_mlp_capacity_search_v2/full_mlp_capacity_search_hd512_depth3,full_mlp_capacity_search_v2,full_mlp_capacity_search_hd512_depth3,supervised_nmse_plateau,full_mlp,12,6,eager,fp32,float32,16,1,ok,,0.0,20,50,0.08573908,0.024836138460590046,0.074243,0.077714,0.09397570000000001,0.09871219999999999,0.18491159999999973,0.248837,186612.6858370769,186.6126858370769,77.714,4.857125,186612.6858370769,86672,86016,172760,single-thread,0.0078125,0.00390625,Intel(R) Xeon(R) 6760P,AVX512,"avx2,avx512f,avx512bw,avx512vl,avx512_vnni,avx512_bf16,amx_bf16,amx_int8,amx_tile,fma",True,True,,256,128,sh14l07002s1404,3.11.9,2.1.2+cu121
20260424_010536,2026-04-24T06:14:18.694693,cpu,full_mlp_capacity_search_hd512_depth3,/home/liangyi/SRS_AI/Model_AIIC_refactor/experiments_refactored/20260422_050408_full_mlp_capacity_search_v2/full_mlp_capacity_search_hd512_depth3,full_mlp_capacity_search_v2,full_mlp_capacity_search_hd512_depth3,supervised_nmse_plateau,full_mlp,12,6,eager,fp32,float32,16,2,ok,,0.0,20,50,0.09569214,0.025059056500203677,0.074239,0.09148300000000001,0.09853250000000001,0.09987235,0.1898491399999997,0.267276,167202.8653555036,167.2028653555036,91.483,5.7176875,83601.4326777518,86672,86016,172760,sub-physical,0.015625,0.0078125,Intel(R) Xeon(R) 6760P,AVX512,"avx2,avx512f,avx512bw,avx512vl,avx512_vnni,avx512_bf16,amx_bf16,amx_int8,amx_tile,fma",True,True,,256,128,sh14l07002s1404,3.11.9,2.1.2+cu121
20260424_010536,2026-04-24T06:14:18.694693,cpu,full_mlp_capacity_search_hd512_depth3,/home/liangyi/SRS_AI/Model_AIIC_refactor/experiments_refactored/20260422_050408_full_mlp_capacity_search_v2/full_mlp_capacity_search_hd512_depth3,full_mlp_capacity_search_v2,full_mlp_capacity_search_hd512_depth3,supervised_nmse_plateau,full_mlp,12,6,eager,fp32,float32,16,4,ok,,0.0,20,50,0.09417112,0.014433292384816433,0.08372,0.0902415,0.1000253,0.10441469999999999,0.15957581999999995,0.173679,169903.46934389227,169.90346934389228,90.2415,5.64009375,42475.86733597307,86672,86016,172760,sub-physical,0.03125,0.015625,Intel(R) Xeon(R) 6760P,AVX512,"avx2,avx512f,avx512bw,avx512vl,avx512_vnni,avx512_bf16,amx_bf16,amx_int8,amx_tile,fma",True,True,,256,128,sh14l07002s1404,3.11.9,2.1.2+cu121
20260424_010536,2026-04-24T06:14:18.694693,cpu,full_mlp_capacity_search_hd512_depth3,/home/liangyi/SRS_AI/Model_AIIC_refactor/experiments_refactored/20260422_050408_full_mlp_capacity_search_v2/full_mlp_capacity_search_hd512_depth3,full_mlp_capacity_search_v2,full_mlp_capacity_search_hd512_depth3,supervised_nmse_plateau,full_mlp,12,6,eager,fp32,float32,16,8,ok,,0.0,20,50,0.07585472,0.012435119792008438,0.059287,0.07520550000000001,0.0830646,0.08718884999999998,0.12185489999999988,0.15125,210929.52422736512,210.92952422736514,75.20550000000001,4.700343750000001,26366.19052842064,86672,86016,172760,sub-physical,0.0625,0.03125,Intel(R) Xeon(R) 6760P,AVX512,"avx2,avx512f,avx512bw,avx512vl,avx512_vnni,avx512_bf16,amx_bf16,amx_int8,amx_tile,fma",True,True,,256,128,sh14l07002s1404,3.11.9,2.1.2+cu121
20260424_010536,2026-04-24T06:14:18.694693,cpu,full_mlp_capacity_search_hd512_depth3,/home/liangyi/SRS_AI/Model_AIIC_refactor/experiments_refactored/20260422_050408_full_mlp_capacity_search_v2/full_mlp_capacity_search_hd512_depth3,full_mlp_capacity_search_v2,full_mlp_capacity_search_hd512_depth3,supervised_nmse_plateau,full_mlp,12,6,eager,fp32,float32,16,128,ok,,0.0,20,50,0.20125512,0.014039252795843515,0.175976,0.2021425,0.21599580000000002,0.22408194999999997,0.23536878,0.238396,79501.08300350321,79.50108300350321,202.1425,12.63390625,621.1022109648688,86672,86016,172760,all-physical,1.0,0.5,Intel(R) Xeon(R) 6760P,AVX512,"avx2,avx512f,avx512bw,avx512vl,avx512_vnni,avx512_bf16,amx_bf16,amx_int8,amx_tile,fma",True,True,,256,128,sh14l07002s1404,3.11.9,2.1.2+cu121
20260424_010536,2026-04-24T06:14:18.694693,cpu,full_mlp_capacity_search_hd512_depth3,/home/liangyi/SRS_AI/Model_AIIC_refactor/experiments_refactored/20260422_050408_full_mlp_capacity_search_v2/full_mlp_capacity_search_hd512_depth3,full_mlp_capacity_search_v2,full_mlp_capacity_search_hd512_depth3,supervised_nmse_plateau,full_mlp,12,6,eager,fp32,float32,32,1,ok,,0.0,20,50,0.09942742,0.010000402896063736,0.092201,0.095687,0.11111470000000001,0.11492864999999998,0.13505339999999993,0.152272,321842.80754745525,321.84280754745527,95.687,2.99021875,321842.80754745525,86672,86016,172760,single-thread,0.0078125,0.00390625,Intel(R) Xeon(R) 6760P,AVX512,"avx2,avx512f,avx512bw,avx512vl,avx512_vnni,avx512_bf16,amx_bf16,amx_int8,amx_tile,fma",True,True,,256,128,sh14l07002s1404,3.11.9,2.1.2+cu121
20260424_010536,2026-04-24T06:14:18.694693,cpu,full_mlp_capacity_search_hd512_depth3,/home/liangyi/SRS_AI/Model_AIIC_refactor/experiments_refactored/20260422_050408_full_mlp_capacity_search_v2/full_mlp_capacity_search_hd512_depth3,full_mlp_capacity_search_v2,full_mlp_capacity_search_hd512_depth3,supervised_nmse_plateau,full_mlp,12,6,eager,fp32,float32,32,2,ok,,0.0,20,50,0.1094481,0.012230386825035421,0.101024,0.10694000000000001,0.1163826,0.1172867,0.1548053699999999,0.188119,292376.0211460957,292.3760211460957,106.94000000000001,3.3418750000000004,146188.01057304785,86672,86016,172760,sub-physical,0.015625,0.0078125,Intel(R) Xeon(R) 6760P,AVX512,"avx2,avx512f,avx512bw,avx512vl,avx512_vnni,avx512_bf16,amx_bf16,amx_int8,amx_tile,fma",True,True,,256,128,sh14l07002s1404,3.11.9,2.1.2+cu121
20260424_010536,2026-04-24T06:14:18.694693,cpu,full_mlp_capacity_search_hd512_depth3,/home/liangyi/SRS_AI/Model_AIIC_refactor/experiments_refactored/20260422_050408_full_mlp_capacity_search_v2/full_mlp_capacity_search_hd512_depth3,full_mlp_capacity_search_v2,full_mlp_capacity_search_hd512_depth3,supervised_nmse_plateau,full_mlp,12,6,eager,fp32,float32,32,4,ok,,0.0,20,50,0.10366982,0.004450317731083927,0.097679,0.10331299999999999,0.1100574,0.1104606,0.11527403,0.115986,308672.28283023933,308.67228283023934,103.31299999999999,3.2285312499999996,77168.07070755983,86672,86016,172760,sub-physical,0.03125,0.015625,Intel(R) Xeon(R) 6760P,AVX512,"avx2,avx512f,avx512bw,avx512vl,avx512_vnni,avx512_bf16,amx_bf16,amx_int8,amx_tile,fma",True,True,,256,128,sh14l07002s1404,3.11.9,2.1.2+cu121
20260424_010536,2026-04-24T06:14:18.694693,cpu,full_mlp_capacity_search_hd512_depth3,/home/liangyi/SRS_AI/Model_AIIC_refactor/experiments_refactored/20260422_050408_full_mlp_capacity_search_v2/full_mlp_capacity_search_hd512_depth3,full_mlp_capacity_search_v2,full_mlp_capacity_search_hd512_depth3,supervised_nmse_plateau,full_mlp,12,6,eager,fp32,float32,32,8,ok,,0.0,20,50,0.09458932,0.0034819796923014927,0.089456,0.094051,0.0989174,0.10105375,0.1048635,0.106407,338304.57814899186,338.3045781489919,94.051,2.93909375,42288.07226862398,86672,86016,172760,sub-physical,0.0625,0.03125,Intel(R) Xeon(R) 6760P,AVX512,"avx2,avx512f,avx512bw,avx512vl,avx512_vnni,avx512_bf16,amx_bf16,amx_int8,amx_tile,fma",True,True,,256,128,sh14l07002s1404,3.11.9,2.1.2+cu121
20260424_010536,2026-04-24T06:14:18.694693,cpu,full_mlp_capacity_search_hd512_depth3,/home/liangyi/SRS_AI/Model_AIIC_refactor/experiments_refactored/20260422_050408_full_mlp_capacity_search_v2/full_mlp_capacity_search_hd512_depth3,full_mlp_capacity_search_v2,full_mlp_capacity_search_hd512_depth3,supervised_nmse_plateau,full_mlp,12,6,eager,fp32,float32,32,128,ok,,0.0,20,50,0.20597074,0.005568169253210608,0.196452,0.20482050000000002,0.21483349999999998,0.21584585,0.21905353,0.220476,155361.87324471428,155.36187324471427,204.8205,6.400640625,1213.7646347243303,86672,86016,172760,all-physical,1.0,0.5,Intel(R) Xeon(R) 6760P,AVX512,"avx2,avx512f,avx512bw,avx512vl,avx512_vnni,avx512_bf16,amx_bf16,amx_int8,amx_tile,fma",True,True,,256,128,sh14l07002s1404,3.11.9,2.1.2+cu121
20260424_010536,2026-04-24T06:14:18.694693,cpu,full_mlp_capacity_search_hd512_depth3,/home/liangyi/SRS_AI/Model_AIIC_refactor/experiments_refactored/20260422_050408_full_mlp_capacity_search_v2/full_mlp_capacity_search_hd512_depth3,full_mlp_capacity_search_v2,full_mlp_capacity_search_hd512_depth3,supervised_nmse_plateau,full_mlp,12,6,eager,fp32,float32,64,1,ok,,0.0,20,50,0.13532928,0.0165475831939773,0.120719,0.12672,0.1594623,0.16200165,0.17824115,0.180625,472920.5682613548,472.9205682613548,126.72,1.98,472920.5682613548,86672,86016,172760,single-thread,0.0078125,0.00390625,Intel(R) Xeon(R) 6760P,AVX512,"avx2,avx512f,avx512bw,avx512vl,avx512_vnni,avx512_bf16,amx_bf16,amx_int8,amx_tile,fma",True,True,,256,128,sh14l07002s1404,3.11.9,2.1.2+cu121
20260424_010536,2026-04-24T06:14:18.694693,cpu,full_mlp_capacity_search_hd512_depth3,/home/liangyi/SRS_AI/Model_AIIC_refactor/experiments_refactored/20260422_050408_full_mlp_capacity_search_v2/full_mlp_capacity_search_hd512_depth3,full_mlp_capacity_search_v2,full_mlp_capacity_search_hd512_depth3,supervised_nmse_plateau,full_mlp,12,6,eager,fp32,float32,64,2,ok,,0.0,20,50,0.16498458,0.038290895654758454,0.129049,0.13914500000000002,0.20188540000000002,0.20626155000000002,0.27345384999999983,0.306693,387915.0403025543,387.9150403025543,139.145,2.174140625,193957.52015127716,86672,86016,172760,sub-physical,0.015625,0.0078125,Intel(R) Xeon(R) 6760P,AVX512,"avx2,avx512f,avx512bw,avx512vl,avx512_vnni,avx512_bf16,amx_bf16,amx_int8,amx_tile,fma",True,True,,256,128,sh14l07002s1404,3.11.9,2.1.2+cu121
20260424_010536,2026-04-24T06:14:18.694693,cpu,full_mlp_capacity_search_hd512_depth3,/home/liangyi/SRS_AI/Model_AIIC_refactor/experiments_refactored/20260422_050408_full_mlp_capacity_search_v2/full_mlp_capacity_search_hd512_depth3,full_mlp_capacity_search_v2,full_mlp_capacity_search_hd512_depth3,supervised_nmse_plateau,full_mlp,12,6,eager,fp32,float32,64,4,ok,,0.0,20,50,0.140247,0.01930376797933502,0.11368,0.143784,0.1566432,0.1591044,0.19599951999999987,0.228169,456337.7469749799,456.3377469749799,143.784,2.246625,114084.43674374497,86672,86016,172760,sub-physical,0.03125,0.015625,Intel(R) Xeon(R) 6760P,AVX512,"avx2,avx512f,avx512bw,avx512vl,avx512_vnni,avx512_bf16,amx_bf16,amx_int8,amx_tile,fma",True,True,,256,128,sh14l07002s1404,3.11.9,2.1.2+cu121
20260424_010536,2026-04-24T06:14:18.694693,cpu,full_mlp_capacity_search_hd512_depth3,/home/liangyi/SRS_AI/Model_AIIC_refactor/experiments_refactored/20260422_050408_full_mlp_capacity_search_v2/full_mlp_capacity_search_hd512_depth3,full_mlp_capacity_search_v2,full_mlp_capacity_search_hd512_depth3,supervised_nmse_plateau,full_mlp,12,6,eager,fp32,float32,64,8,ok,,0.0,20,50,0.11497036,0.014319233649549824,0.103656,0.111423,0.1238762,0.12878314999999999,0.16637281999999987,0.20135,556665.2135385155,556.6652135385154,111.42299999999999,1.7409843749999998,69583.15169231444,86672,86016,172760,sub-physical,0.0625,0.03125,Intel(R) Xeon(R) 6760P,AVX512,"avx2,avx512f,avx512bw,avx512vl,avx512_vnni,avx512_bf16,amx_bf16,amx_int8,amx_tile,fma",True,True,,256,128,sh14l07002s1404,3.11.9,2.1.2+cu121
20260424_010536,2026-04-24T06:14:18.694693,cpu,full_mlp_capacity_search_hd512_depth3,/home/liangyi/SRS_AI/Model_AIIC_refactor/experiments_refactored/20260422_050408_full_mlp_capacity_search_v2/full_mlp_capacity_search_hd512_depth3,full_mlp_capacity_search_v2,full_mlp_capacity_search_hd512_depth3,supervised_nmse_plateau,full_mlp,12,6,eager,fp32,float32,64,128,ok,,0.0,20,50,0.35267702,0.012903285924895251,0.324585,0.35294800000000004,0.3689224,0.37388105,0.37988752,0.380256,181469.15271088545,181.46915271088545,352.94800000000004,5.514812500000001,1417.7277555537926,86672,86016,172760,all-physical,1.0,0.5,Intel(R) Xeon(R) 6760P,AVX512,"avx2,avx512f,avx512bw,avx512vl,avx512_vnni,avx512_bf16,amx_bf16,amx_int8,amx_tile,fma",True,True,,256,128,sh14l07002s1404,3.11.9,2.1.2+cu121
20260424_010536,2026-04-24T06:14:18.694693,cpu,full_mlp_capacity_search_hd512_depth3,/home/liangyi/SRS_AI/Model_AIIC_refactor/experiments_refactored/20260422_050408_full_mlp_capacity_search_v2/full_mlp_capacity_search_hd512_depth3,full_mlp_capacity_search_v2,full_mlp_capacity_search_hd512_depth3,supervised_nmse_plateau,full_mlp,12,6,eager,fp32,float32,128,1,ok,,0.0,20,50,0.21326098,0.019795346788061077,0.197199,0.203975,0.2431617,0.25654905,0.26419752999999996,0.266159,600203.5627895924,600.2035627895924,203.975,1.5935546875,600203.5627895924,86672,86016,172760,single-thread,0.0078125,0.00390625,Intel(R) Xeon(R) 6760P,AVX512,"avx2,avx512f,avx512bw,avx512vl,avx512_vnni,avx512_bf16,amx_bf16,amx_int8,amx_tile,fma",True,True,,256,128,sh14l07002s1404,3.11.9,2.1.2+cu121
20260424_010536,2026-04-24T06:14:18.694693,cpu,full_mlp_capacity_search_hd512_depth3,/home/liangyi/SRS_AI/Model_AIIC_refactor/experiments_refactored/20260422_050408_full_mlp_capacity_search_v2/full_mlp_capacity_search_hd512_depth3,full_mlp_capacity_search_v2,full_mlp_capacity_search_hd512_depth3,supervised_nmse_plateau,full_mlp,12,6,eager,fp32,float32,128,2,ok,,0.0,20,50,0.21279177999999999,0.018868529946225274,0.201452,0.2079985,0.2191034,0.22674469999999997,0.29475122999999986,0.328009,601526.9950747158,601.5269950747158,207.9985,1.62498828125,300763.4975373579,86672,86016,172760,sub-physical,0.015625,0.0078125,Intel(R) Xeon(R) 6760P,AVX512,"avx2,avx512f,avx512bw,avx512vl,avx512_vnni,avx512_bf16,amx_bf16,amx_int8,amx_tile,fma",True,True,,256,128,sh14l07002s1404,3.11.9,2.1.2+cu121
20260424_010536,2026-04-24T06:14:18.694693,cpu,full_mlp_capacity_search_hd512_depth3,/home/liangyi/SRS_AI/Model_AIIC_refactor/experiments_refactored/20260422_050408_full_mlp_capacity_search_v2/full_mlp_capacity_search_hd512_depth3,full_mlp_capacity_search_v2,full_mlp_capacity_search_hd512_depth3,supervised_nmse_plateau,full_mlp,12,6,eager,fp32,float32,128,4,ok,,0.0,20,50,0.19644568,0.008945299622572738,0.184881,0.1931585,0.2101151,0.21515259999999997,0.22347952,0.226249,651579.612236828,651.579612236828,193.1585,1.50905078125,162894.903059207,86672,86016,172760,sub-physical,0.03125,0.015625,Intel(R) Xeon(R) 6760P,AVX512,"avx2,avx512f,avx512bw,avx512vl,avx512_vnni,avx512_bf16,amx_bf16,amx_int8,amx_tile,fma",True,True,,256,128,sh14l07002s1404,3.11.9,2.1.2+cu121
20260424_010536,2026-04-24T06:14:18.694693,cpu,full_mlp_capacity_search_hd512_depth3,/home/liangyi/SRS_AI/Model_AIIC_refactor/experiments_refactored/20260422_050408_full_mlp_capacity_search_v2/full_mlp_capacity_search_hd512_depth3,full_mlp_capacity_search_v2,full_mlp_capacity_search_hd512_depth3,supervised_nmse_plateau,full_mlp,12,6,eager,fp32,float32,128,8,ok,,0.0,20,50,0.15532164,0.013817468430591763,0.135397,0.1509735,0.1766197,0.1793217,0.18351356,0.186481,824096.3718899697,824.0963718899696,150.9735,1.17948046875,103012.04648624621,86672,86016,172760,sub-physical,0.0625,0.03125,Intel(R) Xeon(R) 6760P,AVX512,"avx2,avx512f,avx512bw,avx512vl,avx512_vnni,avx512_bf16,amx_bf16,amx_int8,amx_tile,fma",True,True,,256,128,sh14l07002s1404,3.11.9,2.1.2+cu121
20260424_010536,2026-04-24T06:14:18.694693,cpu,full_mlp_capacity_search_hd512_depth3,/home/liangyi/SRS_AI/Model_AIIC_refactor/experiments_refactored/20260422_050408_full_mlp_capacity_search_v2/full_mlp_capacity_search_hd512_depth3,full_mlp_capacity_search_v2,full_mlp_capacity_search_hd512_depth3,supervised_nmse_plateau,full_mlp,12,6,eager,fp32,float32,128,128,ok,,0.0,20,50,0.46351416,0.08499447308651546,0.418095,0.450699,0.4719347,0.47523770000000004,0.7700534799999988,1.052219,276151.21833602665,276.15121833602666,450.699,3.5210859375,2157.431393250208,86672,86016,172760,all-physical,1.0,0.5,Intel(R) Xeon(R) 6760P,AVX512,"avx2,avx512f,avx512bw,avx512vl,avx512_vnni,avx512_bf16,amx_bf16,amx_int8,amx_tile,fma",True,True,,256,128,sh14l07002s1404,3.11.9,2.1.2+cu121
20260424_010536,2026-04-24T06:14:18.694693,cpu,full_mlp_capacity_search_hd512_depth3,/home/liangyi/SRS_AI/Model_AIIC_refactor/experiments_refactored/20260422_050408_full_mlp_capacity_search_v2/full_mlp_capacity_search_hd512_depth3,full_mlp_capacity_search_v2,full_mlp_capacity_search_hd512_depth3,supervised_nmse_plateau,full_mlp,12,6,eager,bf16,bfloat16,1,1,ok,,0.0,20,50,0.0705781,0.006520485353867456,0.063062,0.067332,0.07962380000000001,0.0809733,0.08745718999999999,0.088814,14168.701055993288,14.168701055993289,67.33200000000001,67.33200000000001,14168.701055993288,86672,86016,172760,single-thread,0.0078125,0.00390625,Intel(R) Xeon(R) 6760P,AVX512,"avx2,avx512f,avx512bw,avx512vl,avx512_vnni,avx512_bf16,amx_bf16,amx_int8,amx_tile,fma",True,True,,256,128,sh14l07002s1404,3.11.9,2.1.2+cu121
20260424_010536,2026-04-24T06:14:18.694693,cpu,full_mlp_capacity_search_hd512_depth3,/home/liangyi/SRS_AI/Model_AIIC_refactor/experiments_refactored/20260422_050408_full_mlp_capacity_search_v2/full_mlp_capacity_search_hd512_depth3,full_mlp_capacity_search_v2,full_mlp_capacity_search_hd512_depth3,supervised_nmse_plateau,full_mlp,12,6,eager,bf16,bfloat16,1,2,ok,,0.0,20,50,0.07854472,0.006571122373050131,0.069929,0.076772,0.0877865,0.08826975,0.09016046999999999,0.091237,12731.60054552362,12.731600545523621,76.772,76.772,6365.80027276181,86672,86016,172760,sub-physical,0.015625,0.0078125,Intel(R) Xeon(R) 6760P,AVX512,"avx2,avx512f,avx512bw,avx512vl,avx512_vnni,avx512_bf16,amx_bf16,amx_int8,amx_tile,fma",True,True,,256,128,sh14l07002s1404,3.11.9,2.1.2+cu121
20260424_010536,2026-04-24T06:14:18.694693,cpu,full_mlp_capacity_search_hd512_depth3,/home/liangyi/SRS_AI/Model_AIIC_refactor/experiments_refactored/20260422_050408_full_mlp_capacity_search_v2/full_mlp_capacity_search_hd512_depth3,full_mlp_capacity_search_v2,full_mlp_capacity_search_hd512_depth3,supervised_nmse_plateau,full_mlp,12,6,eager,bf16,bfloat16,1,4,ok,,0.0,20,50,0.08085439999999999,0.01700190910103921,0.069989,0.0740645,0.09172770000000001,0.09743384999999999,0.14439150999999983,0.182857,12367.910713578976,12.367910713578976,74.06450000000001,74.06450000000001,3091.977678394744,86672,86016,172760,sub-physical,0.03125,0.015625,Intel(R) Xeon(R) 6760P,AVX512,"avx2,avx512f,avx512bw,avx512vl,avx512_vnni,avx512_bf16,amx_bf16,amx_int8,amx_tile,fma",True,True,,256,128,sh14l07002s1404,3.11.9,2.1.2+cu121
20260424_010536,2026-04-24T06:14:18.694693,cpu,full_mlp_capacity_search_hd512_depth3,/home/liangyi/SRS_AI/Model_AIIC_refactor/experiments_refactored/20260422_050408_full_mlp_capacity_search_v2/full_mlp_capacity_search_hd512_depth3,full_mlp_capacity_search_v2,full_mlp_capacity_search_hd512_depth3,supervised_nmse_plateau,full_mlp,12,6,eager,bf16,bfloat16,1,8,ok,,0.0,20,50,0.08121016,0.0100311181876399,0.071437,0.0757785,0.0944136,0.0954164,0.10902803999999996,0.118144,12313.730203215951,12.313730203215952,75.7785,75.7785,1539.216275401994,86672,86016,172760,sub-physical,0.0625,0.03125,Intel(R) Xeon(R) 6760P,AVX512,"avx2,avx512f,avx512bw,avx512vl,avx512_vnni,avx512_bf16,amx_bf16,amx_int8,amx_tile,fma",True,True,,256,128,sh14l07002s1404,3.11.9,2.1.2+cu121
20260424_010536,2026-04-24T06:14:18.694693,cpu,full_mlp_capacity_search_hd512_depth3,/home/liangyi/SRS_AI/Model_AIIC_refactor/experiments_refactored/20260422_050408_full_mlp_capacity_search_v2/full_mlp_capacity_search_hd512_depth3,full_mlp_capacity_search_v2,full_mlp_capacity_search_hd512_depth3,supervised_nmse_plateau,full_mlp,12,6,eager,bf16,bfloat16,1,128,ok,,0.0,20,50,0.20609754,0.007268539578787475,0.193626,0.2048765,0.2153427,0.21733645,0.22930945,0.233276,4852.071499737454,4.8520714997374546,204.8765,204.8765,37.90680859169886,86672,86016,172760,all-physical,1.0,0.5,Intel(R) Xeon(R) 6760P,AVX512,"avx2,avx512f,avx512bw,avx512vl,avx512_vnni,avx512_bf16,amx_bf16,amx_int8,amx_tile,fma",True,True,,256,128,sh14l07002s1404,3.11.9,2.1.2+cu121
20260424_010536,2026-04-24T06:14:18.694693,cpu,full_mlp_capacity_search_hd512_depth3,/home/liangyi/SRS_AI/Model_AIIC_refactor/experiments_refactored/20260422_050408_full_mlp_capacity_search_v2/full_mlp_capacity_search_hd512_depth3,full_mlp_capacity_search_v2,full_mlp_capacity_search_hd512_depth3,supervised_nmse_plateau,full_mlp,12,6,eager,bf16,bfloat16,2,1,ok,,0.0,20,50,0.07706818,0.006141151646686475,0.06824,0.07564850000000001,0.0849099,0.08686234999999999,0.08971839999999999,0.089983,25951.047501056855,25.951047501056856,75.64850000000001,37.824250000000006,25951.047501056855,86672,86016,172760,single-thread,0.0078125,0.00390625,Intel(R) Xeon(R) 6760P,AVX512,"avx2,avx512f,avx512bw,avx512vl,avx512_vnni,avx512_bf16,amx_bf16,amx_int8,amx_tile,fma",True,True,,256,128,sh14l07002s1404,3.11.9,2.1.2+cu121
20260424_010536,2026-04-24T06:14:18.694693,cpu,full_mlp_capacity_search_hd512_depth3,/home/liangyi/SRS_AI/Model_AIIC_refactor/experiments_refactored/20260422_050408_full_mlp_capacity_search_v2/full_mlp_capacity_search_hd512_depth3,full_mlp_capacity_search_v2,full_mlp_capacity_search_hd512_depth3,supervised_nmse_plateau,full_mlp,12,6,eager,bf16,bfloat16,2,2,ok,,0.0,20,50,0.0813444,0.006194571481547372,0.073401,0.078863,0.09050810000000001,0.0913579,0.09202416,0.092375,24586.818514857816,24.586818514857814,78.863,39.4315,12293.409257428908,86672,86016,172760,sub-physical,0.015625,0.0078125,Intel(R) Xeon(R) 6760P,AVX512,"avx2,avx512f,avx512bw,avx512vl,avx512_vnni,avx512_bf16,amx_bf16,amx_int8,amx_tile,fma",True,True,,256,128,sh14l07002s1404,3.11.9,2.1.2+cu121
20260424_010536,2026-04-24T06:14:18.694693,cpu,full_mlp_capacity_search_hd512_depth3,/home/liangyi/SRS_AI/Model_AIIC_refactor/experiments_refactored/20260422_050408_full_mlp_capacity_search_v2/full_mlp_capacity_search_hd512_depth3,full_mlp_capacity_search_v2,full_mlp_capacity_search_hd512_depth3,supervised_nmse_plateau,full_mlp,12,6,eager,bf16,bfloat16,2,4,ok,,0.0,20,50,0.08943654,0.014057428728199194,0.078934,0.084513,0.0973734,0.10555714999999999,0.14362400999999989,0.171824,22362.22465672308,22.36222465672308,84.513,42.2565,5590.55616418077,86672,86016,172760,sub-physical,0.03125,0.015625,Intel(R) Xeon(R) 6760P,AVX512,"avx2,avx512f,avx512bw,avx512vl,avx512_vnni,avx512_bf16,amx_bf16,amx_int8,amx_tile,fma",True,True,,256,128,sh14l07002s1404,3.11.9,2.1.2+cu121
20260424_010536,2026-04-24T06:14:18.694693,cpu,full_mlp_capacity_search_hd512_depth3,/home/liangyi/SRS_AI/Model_AIIC_refactor/experiments_refactored/20260422_050408_full_mlp_capacity_search_v2/full_mlp_capacity_search_hd512_depth3,full_mlp_capacity_search_v2,full_mlp_capacity_search_hd512_depth3,supervised_nmse_plateau,full_mlp,12,6,eager,bf16,bfloat16,2,8,ok,,0.0,20,50,0.12041262,0.021252218547615213,0.096987,0.10811950000000001,0.1456492,0.145945,0.14622251,0.146223,16609.55471278675,16.60955471278675,108.1195,54.05975,2076.194339098344,86672,86016,172760,sub-physical,0.0625,0.03125,Intel(R) Xeon(R) 6760P,AVX512,"avx2,avx512f,avx512bw,avx512vl,avx512_vnni,avx512_bf16,amx_bf16,amx_int8,amx_tile,fma",True,True,,256,128,sh14l07002s1404,3.11.9,2.1.2+cu121
20260424_010536,2026-04-24T06:14:18.694693,cpu,full_mlp_capacity_search_hd512_depth3,/home/liangyi/SRS_AI/Model_AIIC_refactor/experiments_refactored/20260422_050408_full_mlp_capacity_search_v2/full_mlp_capacity_search_hd512_depth3,full_mlp_capacity_search_v2,full_mlp_capacity_search_hd512_depth3,supervised_nmse_plateau,full_mlp,12,6,eager,bf16,bfloat16,2,128,ok,,0.0,20,50,0.1942713,0.00972441675011926,0.177942,0.1916815,0.20860150000000002,0.21443215000000002,0.22319988,0.228878,10294.881436424217,10.294881436424218,191.6815,95.84075,80.4287612220642,86672,86016,172760,all-physical,1.0,0.5,Intel(R) Xeon(R) 6760P,AVX512,"avx2,avx512f,avx512bw,avx512vl,avx512_vnni,avx512_bf16,amx_bf16,amx_int8,amx_tile,fma",True,True,,256,128,sh14l07002s1404,3.11.9,2.1.2+cu121
20260424_010536,2026-04-24T06:14:18.694693,cpu,full_mlp_capacity_search_hd512_depth3,/home/liangyi/SRS_AI/Model_AIIC_refactor/experiments_refactored/20260422_050408_full_mlp_capacity_search_v2/full_mlp_capacity_search_hd512_depth3,full_mlp_capacity_search_v2,full_mlp_capacity_search_hd512_depth3,supervised_nmse_plateau,full_mlp,12,6,eager,bf16,bfloat16,4,1,ok,,0.0,20,50,0.08027332,0.021674287826307006,0.069906,0.0758645,0.0853172,0.08899895,0.17845535999999987,0.209882,49829.756636451566,49.82975663645156,75.8645,18.966125,49829.756636451566,86672,86016,172760,single-thread,0.0078125,0.00390625,Intel(R) Xeon(R) 6760P,AVX512,"avx2,avx512f,avx512bw,avx512vl,avx512_vnni,avx512_bf16,amx_bf16,amx_int8,amx_tile,fma",True,True,,256,128,sh14l07002s1404,3.11.9,2.1.2+cu121
20260424_010536,2026-04-24T06:14:18.694693,cpu,full_mlp_capacity_search_hd512_depth3,/home/liangyi/SRS_AI/Model_AIIC_refactor/experiments_refactored/20260422_050408_full_mlp_capacity_search_v2/full_mlp_capacity_search_hd512_depth3,full_mlp_capacity_search_v2,full_mlp_capacity_search_hd512_depth3,supervised_nmse_plateau,full_mlp,12,6,eager,bf16,bfloat16,4,2,ok,,0.0,20,50,0.08836744,0.018164873516939226,0.075722,0.084169,0.0946108,0.10053394999999998,0.1671216699999999,0.196922,45265.54124460321,45.26554124460321,84.169,21.04225,22632.770622301607,86672,86016,172760,sub-physical,0.015625,0.0078125,Intel(R) Xeon(R) 6760P,AVX512,"avx2,avx512f,avx512bw,avx512vl,avx512_vnni,avx512_bf16,amx_bf16,amx_int8,amx_tile,fma",True,True,,256,128,sh14l07002s1404,3.11.9,2.1.2+cu121
20260424_010536,2026-04-24T06:14:18.694693,cpu,full_mlp_capacity_search_hd512_depth3,/home/liangyi/SRS_AI/Model_AIIC_refactor/experiments_refactored/20260422_050408_full_mlp_capacity_search_v2/full_mlp_capacity_search_hd512_depth3,full_mlp_capacity_search_v2,full_mlp_capacity_search_hd512_depth3,supervised_nmse_plateau,full_mlp,12,6,eager,bf16,bfloat16,4,4,ok,,0.0,20,50,0.08491776,0.00796841041754251,0.076532,0.08157500000000001,0.0986964,0.1015108,0.10301224,0.103073,47104.3984203069,47.1043984203069,81.575,20.39375,11776.099605076724,86672,86016,172760,sub-physical,0.03125,0.015625,Intel(R) Xeon(R) 6760P,AVX512,"avx2,avx512f,avx512bw,avx512vl,avx512_vnni,avx512_bf16,amx_bf16,amx_int8,amx_tile,fma",True,True,,256,128,sh14l07002s1404,3.11.9,2.1.2+cu121
20260424_010536,2026-04-24T06:14:18.694693,cpu,full_mlp_capacity_search_hd512_depth3,/home/liangyi/SRS_AI/Model_AIIC_refactor/experiments_refactored/20260422_050408_full_mlp_capacity_search_v2/full_mlp_capacity_search_hd512_depth3,full_mlp_capacity_search_v2,full_mlp_capacity_search_hd512_depth3,supervised_nmse_plateau,full_mlp,12,6,eager,bf16,bfloat16,4,8,ok,,0.0,20,50,0.08777634,0.017305156885287113,0.076771,0.081915,0.0961324,0.09935725,0.1527119899999998,0.198404,45570.366684234046,45.570366684234045,81.915,20.47875,5696.295835529256,86672,86016,172760,sub-physical,0.0625,0.03125,Intel(R) Xeon(R) 6760P,AVX512,"avx2,avx512f,avx512bw,avx512vl,avx512_vnni,avx512_bf16,amx_bf16,amx_int8,amx_tile,fma",True,True,,256,128,sh14l07002s1404,3.11.9,2.1.2+cu121
20260424_010536,2026-04-24T06:14:18.694693,cpu,full_mlp_capacity_search_hd512_depth3,/home/liangyi/SRS_AI/Model_AIIC_refactor/experiments_refactored/20260422_050408_full_mlp_capacity_search_v2/full_mlp_capacity_search_hd512_depth3,full_mlp_capacity_search_v2,full_mlp_capacity_search_hd512_depth3,supervised_nmse_plateau,full_mlp,12,6,eager,bf16,bfloat16,4,128,ok,,0.0,20,50,0.29637326,0.014128765072447058,0.264192,0.29548850000000004,0.3153975,0.31989235,0.32807161999999995,0.330111,13496.494251876837,13.496494251876836,295.48850000000004,73.87212500000001,105.44136134278779,86672,86016,172760,all-physical,1.0,0.5,Intel(R) Xeon(R) 6760P,AVX512,"avx2,avx512f,avx512bw,avx512vl,avx512_vnni,avx512_bf16,amx_bf16,amx_int8,amx_tile,fma",True,True,,256,128,sh14l07002s1404,3.11.9,2.1.2+cu121
20260424_010536,2026-04-24T06:14:18.694693,cpu,full_mlp_capacity_search_hd512_depth3,/home/liangyi/SRS_AI/Model_AIIC_refactor/experiments_refactored/20260422_050408_full_mlp_capacity_search_v2/full_mlp_capacity_search_hd512_depth3,full_mlp_capacity_search_v2,full_mlp_capacity_search_hd512_depth3,supervised_nmse_plateau,full_mlp,12,6,eager,bf16,bfloat16,8,1,ok,,0.0,20,50,0.08649252,0.018376675560329184,0.073953,0.0815865,0.093556,0.09660839999999998,0.16938752999999993,0.184922,92493.54741889818,92.49354741889817,81.5865,10.1983125,92493.54741889818,86672,86016,172760,single-thread,0.0078125,0.00390625,Intel(R) Xeon(R) 6760P,AVX512,"avx2,avx512f,avx512bw,avx512vl,avx512_vnni,avx512_bf16,amx_bf16,amx_int8,amx_tile,fma",True,True,,256,128,sh14l07002s1404,3.11.9,2.1.2+cu121
20260424_010536,2026-04-24T06:14:18.694693,cpu,full_mlp_capacity_search_hd512_depth3,/home/liangyi/SRS_AI/Model_AIIC_refactor/experiments_refactored/20260422_050408_full_mlp_capacity_search_v2/full_mlp_capacity_search_hd512_depth3,full_mlp_capacity_search_v2,full_mlp_capacity_search_hd512_depth3,supervised_nmse_plateau,full_mlp,12,6,eager,bf16,bfloat16,8,2,ok,,0.0,20,50,0.09458698,0.009167266014445091,0.084315,0.09149399999999999,0.1081957,0.11306319999999999,0.11866319,0.11904,84578.23687784512,84.57823687784511,91.49399999999999,11.436749999999998,42289.11843892256,86672,86016,172760,sub-physical,0.015625,0.0078125,Intel(R) Xeon(R) 6760P,AVX512,"avx2,avx512f,avx512bw,avx512vl,avx512_vnni,avx512_bf16,amx_bf16,amx_int8,amx_tile,fma",True,True,,256,128,sh14l07002s1404,3.11.9,2.1.2+cu121
20260424_010536,2026-04-24T06:14:18.694693,cpu,full_mlp_capacity_search_hd512_depth3,/home/liangyi/SRS_AI/Model_AIIC_refactor/experiments_refactored/20260422_050408_full_mlp_capacity_search_v2/full_mlp_capacity_search_hd512_depth3,full_mlp_capacity_search_v2,full_mlp_capacity_search_hd512_depth3,supervised_nmse_plateau,full_mlp,12,6,eager,bf16,bfloat16,8,4,ok,,0.0,20,50,0.09401698,0.014963315244276585,0.083165,0.08937,0.1024182,0.1056028,0.14792574999999986,0.187481,85091.01228310035,85.09101228310035,89.37,11.17125,21272.75307077509,86672,86016,172760,sub-physical,0.03125,0.015625,Intel(R) Xeon(R) 6760P,AVX512,"avx2,avx512f,avx512bw,avx512vl,avx512_vnni,avx512_bf16,amx_bf16,amx_int8,amx_tile,fma",True,True,,256,128,sh14l07002s1404,3.11.9,2.1.2+cu121
20260424_010536,2026-04-24T06:14:18.694693,cpu,full_mlp_capacity_search_hd512_depth3,/home/liangyi/SRS_AI/Model_AIIC_refactor/experiments_refactored/20260422_050408_full_mlp_capacity_search_v2/full_mlp_capacity_search_hd512_depth3,full_mlp_capacity_search_v2,full_mlp_capacity_search_hd512_depth3,supervised_nmse_plateau,full_mlp,12,6,eager,bf16,bfloat16,8,8,ok,,0.0,20,50,0.08544012,0.0036697205814067092,0.080665,0.084237,0.0907473,0.09175565,0.09573974999999998,0.09928,93632.82729471823,93.63282729471823,84.23700000000001,10.529625000000001,11704.103411839778,86672,86016,172760,sub-physical,0.0625,0.03125,Intel(R) Xeon(R) 6760P,AVX512,"avx2,avx512f,avx512bw,avx512vl,avx512_vnni,avx512_bf16,amx_bf16,amx_int8,amx_tile,fma",True,True,,256,128,sh14l07002s1404,3.11.9,2.1.2+cu121
20260424_010536,2026-04-24T06:14:18.694693,cpu,full_mlp_capacity_search_hd512_depth3,/home/liangyi/SRS_AI/Model_AIIC_refactor/experiments_refactored/20260422_050408_full_mlp_capacity_search_v2/full_mlp_capacity_search_hd512_depth3,full_mlp_capacity_search_v2,full_mlp_capacity_search_hd512_depth3,supervised_nmse_plateau,full_mlp,12,6,eager,bf16,bfloat16,8,128,ok,,0.0,20,50,0.251677,0.01130735886403187,0.229359,0.2489695,0.2681441,0.27302540000000003,0.27795344,0.282189,31786.77431787569,31.78677431787569,248.9695,31.1211875,248.33417435840383,86672,86016,172760,all-physical,1.0,0.5,Intel(R) Xeon(R) 6760P,AVX512,"avx2,avx512f,avx512bw,avx512vl,avx512_vnni,avx512_bf16,amx_bf16,amx_int8,amx_tile,fma",True,True,,256,128,sh14l07002s1404,3.11.9,2.1.2+cu121
20260424_010536,2026-04-24T06:14:18.694693,cpu,full_mlp_capacity_search_hd512_depth3,/home/liangyi/SRS_AI/Model_AIIC_refactor/experiments_refactored/20260422_050408_full_mlp_capacity_search_v2/full_mlp_capacity_search_hd512_depth3,full_mlp_capacity_search_v2,full_mlp_capacity_search_hd512_depth3,supervised_nmse_plateau,full_mlp,12,6,eager,bf16,bfloat16,16,1,ok,,0.0,20,50,0.08711692,0.021204101495550336,0.074717,0.080753,0.0961741,0.10517239999999997,0.17605870999999984,0.218013,183661.2221827861,183.6612221827861,80.753,5.0470625,183661.2221827861,86672,86016,172760,single-thread,0.0078125,0.00390625,Intel(R) Xeon(R) 6760P,AVX512,"avx2,avx512f,avx512bw,avx512vl,avx512_vnni,avx512_bf16,amx_bf16,amx_int8,amx_tile,fma",True,True,,256,128,sh14l07002s1404,3.11.9,2.1.2+cu121
20260424_010536,2026-04-24T06:14:18.694693,cpu,full_mlp_capacity_search_hd512_depth3,/home/liangyi/SRS_AI/Model_AIIC_refactor/experiments_refactored/20260422_050408_full_mlp_capacity_search_v2/full_mlp_capacity_search_hd512_depth3,full_mlp_capacity_search_v2,full_mlp_capacity_search_hd512_depth3,supervised_nmse_plateau,full_mlp,12,6,eager,bf16,bfloat16,16,2,ok,,0.0,20,50,0.09230752,0.009730117331748884,0.085284,0.09044250000000001,0.0979855,0.0997882,0.1304681499999999,0.15353,173333.65688949285,173.33365688949286,90.44250000000001,5.652656250000001,86666.82844474642,86672,86016,172760,sub-physical,0.015625,0.0078125,Intel(R) Xeon(R) 6760P,AVX512,"avx2,avx512f,avx512bw,avx512vl,avx512_vnni,avx512_bf16,amx_bf16,amx_int8,amx_tile,fma",True,True,,256,128,sh14l07002s1404,3.11.9,2.1.2+cu121
20260424_010536,2026-04-24T06:14:18.694693,cpu,full_mlp_capacity_search_hd512_depth3,/home/liangyi/SRS_AI/Model_AIIC_refactor/experiments_refactored/20260422_050408_full_mlp_capacity_search_v2/full_mlp_capacity_search_hd512_depth3,full_mlp_capacity_search_v2,full_mlp_capacity_search_hd512_depth3,supervised_nmse_plateau,full_mlp,12,6,eager,bf16,bfloat16,16,4,ok,,0.0,20,50,0.10199012,0.0074694540112112615,0.09144,0.0997035,0.1138509,0.1155671,0.12164612,0.124102,156877.94072602325,156.87794072602327,99.7035,6.23146875,39219.485181505814,86672,86016,172760,sub-physical,0.03125,0.015625,Intel(R) Xeon(R) 6760P,AVX512,"avx2,avx512f,avx512bw,avx512vl,avx512_vnni,avx512_bf16,amx_bf16,amx_int8,amx_tile,fma",True,True,,256,128,sh14l07002s1404,3.11.9,2.1.2+cu121
20260424_010536,2026-04-24T06:14:18.694693,cpu,full_mlp_capacity_search_hd512_depth3,/home/liangyi/SRS_AI/Model_AIIC_refactor/experiments_refactored/20260422_050408_full_mlp_capacity_search_v2/full_mlp_capacity_search_hd512_depth3,full_mlp_capacity_search_v2,full_mlp_capacity_search_hd512_depth3,supervised_nmse_plateau,full_mlp,12,6,eager,bf16,bfloat16,16,8,ok,,0.0,20,50,0.0954004,0.003270054103527952,0.089189,0.09447449999999999,0.10053290000000001,0.10223795000000001,0.10321941,0.103509,167714.1814919015,167.71418149190148,94.47449999999999,5.9046562499999995,20964.272686487686,86672,86016,172760,sub-physical,0.0625,0.03125,Intel(R) Xeon(R) 6760P,AVX512,"avx2,avx512f,avx512bw,avx512vl,avx512_vnni,avx512_bf16,amx_bf16,amx_int8,amx_tile,fma",True,True,,256,128,sh14l07002s1404,3.11.9,2.1.2+cu121
20260424_010536,2026-04-24T06:14:18.694693,cpu,full_mlp_capacity_search_hd512_depth3,/home/liangyi/SRS_AI/Model_AIIC_refactor/experiments_refactored/20260422_050408_full_mlp_capacity_search_v2/full_mlp_capacity_search_hd512_depth3,full_mlp_capacity_search_v2,full_mlp_capacity_search_hd512_depth3,supervised_nmse_plateau,full_mlp,12,6,eager,bf16,bfloat16,16,128,ok,,0.0,20,50,0.22150334,0.00955211021839677,0.206784,0.219231,0.2393893,0.24056225,0.24182513,0.241856,72233.67376762808,72.23367376762808,219.23100000000002,13.701937500000001,564.3255763095943,86672,86016,172760,all-physical,1.0,0.5,Intel(R) Xeon(R) 6760P,AVX512,"avx2,avx512f,avx512bw,avx512vl,avx512_vnni,avx512_bf16,amx_bf16,amx_int8,amx_tile,fma",True,True,,256,128,sh14l07002s1404,3.11.9,2.1.2+cu121
20260424_010536,2026-04-24T06:14:18.694693,cpu,full_mlp_capacity_search_hd512_depth3,/home/liangyi/SRS_AI/Model_AIIC_refactor/experiments_refactored/20260422_050408_full_mlp_capacity_search_v2/full_mlp_capacity_search_hd512_depth3,full_mlp_capacity_search_v2,full_mlp_capacity_search_hd512_depth3,supervised_nmse_plateau,full_mlp,12,6,eager,bf16,bfloat16,32,1,ok,,0.0,20,50,0.09396088,0.024526998530305332,0.081017,0.088249,0.0987601,0.10887829999999997,0.19696305999999977,0.251797,340567.2658663904,340.56726586639036,88.249,2.75778125,340567.2658663904,86672,86016,172760,single-thread,0.0078125,0.00390625,Intel(R) Xeon(R) 6760P,AVX512,"avx2,avx512f,avx512bw,avx512vl,avx512_vnni,avx512_bf16,amx_bf16,amx_int8,amx_tile,fma",True,True,,256,128,sh14l07002s1404,3.11.9,2.1.2+cu121
20260424_010536,2026-04-24T06:14:18.694693,cpu,full_mlp_capacity_search_hd512_depth3,/home/liangyi/SRS_AI/Model_AIIC_refactor/experiments_refactored/20260422_050408_full_mlp_capacity_search_v2/full_mlp_capacity_search_hd512_depth3,full_mlp_capacity_search_v2,full_mlp_capacity_search_hd512_depth3,supervised_nmse_plateau,full_mlp,12,6,eager,bf16,bfloat16,32,2,ok,,0.0,20,50,0.11470230000000001,0.017074653884925458,0.101455,0.11042450000000001,0.1233999,0.12970769999999998,0.18082311999999987,0.215619,278983.07183029456,278.98307183029453,110.42450000000001,3.4507656250000003,139491.53591514728,86672,86016,172760,sub-physical,0.015625,0.0078125,Intel(R) Xeon(R) 6760P,AVX512,"avx2,avx512f,avx512bw,avx512vl,avx512_vnni,avx512_bf16,amx_bf16,amx_int8,amx_tile,fma",True,True,,256,128,sh14l07002s1404,3.11.9,2.1.2+cu121
20260424_010536,2026-04-24T06:14:18.694693,cpu,full_mlp_capacity_search_hd512_depth3,/home/liangyi/SRS_AI/Model_AIIC_refactor/experiments_refactored/20260422_050408_full_mlp_capacity_search_v2/full_mlp_capacity_search_hd512_depth3,full_mlp_capacity_search_v2,full_mlp_capacity_search_hd512_depth3,supervised_nmse_plateau,full_mlp,12,6,eager,bf16,bfloat16,32,4,ok,,0.0,20,50,0.1193158,0.017486548956269214,0.10233,0.11547550000000001,0.1291477,0.1332659,0.18560427999999984,0.224622,268195.82989009,268.19582989009,115.47550000000001,3.6086093750000003,67048.9574725225,86672,86016,172760,sub-physical,0.03125,0.015625,Intel(R) Xeon(R) 6760P,AVX512,"avx2,avx512f,avx512bw,avx512vl,avx512_vnni,avx512_bf16,amx_bf16,amx_int8,amx_tile,fma",True,True,,256,128,sh14l07002s1404,3.11.9,2.1.2+cu121
20260424_010536,2026-04-24T06:14:18.694693,cpu,full_mlp_capacity_search_hd512_depth3,/home/liangyi/SRS_AI/Model_AIIC_refactor/experiments_refactored/20260422_050408_full_mlp_capacity_search_v2/full_mlp_capacity_search_hd512_depth3,full_mlp_capacity_search_v2,full_mlp_capacity_search_hd512_depth3,supervised_nmse_plateau,full_mlp,12,6,eager,bf16,bfloat16,32,8,ok,,0.0,20,50,0.11470252,0.0076878434849832885,0.099819,0.1127315,0.1238926,0.13015809999999997,0.13481562,0.135826,278982.53673938464,278.9825367393846,112.7315,3.522859375,34872.81709242308,86672,86016,172760,sub-physical,0.0625,0.03125,Intel(R) Xeon(R) 6760P,AVX512,"avx2,avx512f,avx512bw,avx512vl,avx512_vnni,avx512_bf16,amx_bf16,amx_int8,amx_tile,fma",True,True,,256,128,sh14l07002s1404,3.11.9,2.1.2+cu121
20260424_010536,2026-04-24T06:14:18.694693,cpu,full_mlp_capacity_search_hd512_depth3,/home/liangyi/SRS_AI/Model_AIIC_refactor/experiments_refactored/20260422_050408_full_mlp_capacity_search_v2/full_mlp_capacity_search_hd512_depth3,full_mlp_capacity_search_v2,full_mlp_capacity_search_hd512_depth3,supervised_nmse_plateau,full_mlp,12,6,eager,bf16,bfloat16,32,128,ok,,0.0,20,50,0.33066978,0.014292298550324227,0.298328,0.3314245,0.34828169999999997,0.351313,0.36653072,0.367791,96773.28239671614,96.77328239671614,331.4245,10.357015625,756.0412687243448,86672,86016,172760,all-physical,1.0,0.5,Intel(R) Xeon(R) 6760P,AVX512,"avx2,avx512f,avx512bw,avx512vl,avx512_vnni,avx512_bf16,amx_bf16,amx_int8,amx_tile,fma",True,True,,256,128,sh14l07002s1404,3.11.9,2.1.2+cu121
20260424_010536,2026-04-24T06:14:18.694693,cpu,full_mlp_capacity_search_hd512_depth3,/home/liangyi/SRS_AI/Model_AIIC_refactor/experiments_refactored/20260422_050408_full_mlp_capacity_search_v2/full_mlp_capacity_search_hd512_depth3,full_mlp_capacity_search_v2,full_mlp_capacity_search_hd512_depth3,supervised_nmse_plateau,full_mlp,12,6,eager,bf16,bfloat16,64,1,ok,,0.0,20,50,0.10623494,0.007731060086197752,0.097371,0.1024965,0.1156226,0.11905595,0.12340174999999998,0.126403,602438.3314943276,602.4383314943276,102.4965,1.6015078125,602438.3314943276,86672,86016,172760,single-thread,0.0078125,0.00390625,Intel(R) Xeon(R) 6760P,AVX512,"avx2,avx512f,avx512bw,avx512vl,avx512_vnni,avx512_bf16,amx_bf16,amx_int8,amx_tile,fma",True,True,,256,128,sh14l07002s1404,3.11.9,2.1.2+cu121
20260424_010536,2026-04-24T06:14:18.694693,cpu,full_mlp_capacity_search_hd512_depth3,/home/liangyi/SRS_AI/Model_AIIC_refactor/experiments_refactored/20260422_050408_full_mlp_capacity_search_v2/full_mlp_capacity_search_hd512_depth3,full_mlp_capacity_search_v2,full_mlp_capacity_search_hd512_depth3,supervised_nmse_plateau,full_mlp,12,6,eager,bf16,bfloat16,64,2,ok,,0.0,20,50,0.16303972,0.02155430657204263,0.139121,0.1596855,0.17546750000000003,0.18496505,0.2425769499999998,0.29498,392542.3816969264,392.5423816969264,159.68550000000002,2.4950859375000003,196271.1908484632,86672,86016,172760,sub-physical,0.015625,0.0078125,Intel(R) Xeon(R) 6760P,AVX512,"avx2,avx512f,avx512bw,avx512vl,avx512_vnni,avx512_bf16,amx_bf16,amx_int8,amx_tile,fma",True,True,,256,128,sh14l07002s1404,3.11.9,2.1.2+cu121
20260424_010536,2026-04-24T06:14:18.694693,cpu,full_mlp_capacity_search_hd512_depth3,/home/liangyi/SRS_AI/Model_AIIC_refactor/experiments_refactored/20260422_050408_full_mlp_capacity_search_v2/full_mlp_capacity_search_hd512_depth3,full_mlp_capacity_search_v2,full_mlp_capacity_search_hd512_depth3,supervised_nmse_plateau,full_mlp,12,6,eager,bf16,bfloat16,64,4,ok,,0.0,20,50,0.16930968,0.019586844512008567,0.138618,0.1658185,0.18319330000000003,0.1907264,0.23801442999999983,0.280102,378005.55762671103,378.00555762671104,165.8185,2.5909140625,94501.38940667776,86672,86016,172760,sub-physical,0.03125,0.015625,Intel(R) Xeon(R) 6760P,AVX512,"avx2,avx512f,avx512bw,avx512vl,avx512_vnni,avx512_bf16,amx_bf16,amx_int8,amx_tile,fma",True,True,,256,128,sh14l07002s1404,3.11.9,2.1.2+cu121
20260424_010536,2026-04-24T06:14:18.694693,cpu,full_mlp_capacity_search_hd512_depth3,/home/liangyi/SRS_AI/Model_AIIC_refactor/experiments_refactored/20260422_050408_full_mlp_capacity_search_v2/full_mlp_capacity_search_hd512_depth3,full_mlp_capacity_search_v2,full_mlp_capacity_search_hd512_depth3,supervised_nmse_plateau,full_mlp,12,6,eager,bf16,bfloat16,64,8,ok,,0.0,20,50,0.1457874,0.007479879081910348,0.13697,0.14386949999999998,0.1582617,0.16286965,0.1653289,0.166059,438995.4138697857,438.99541386978575,143.8695,2.2479609375,54874.426733723216,86672,86016,172760,sub-physical,0.0625,0.03125,Intel(R) Xeon(R) 6760P,AVX512,"avx2,avx512f,avx512bw,avx512vl,avx512_vnni,avx512_bf16,amx_bf16,amx_int8,amx_tile,fma",True,True,,256,128,sh14l07002s1404,3.11.9,2.1.2+cu121
20260424_010536,2026-04-24T06:14:18.694693,cpu,full_mlp_capacity_search_hd512_depth3,/home/liangyi/SRS_AI/Model_AIIC_refactor/experiments_refactored/20260422_050408_full_mlp_capacity_search_v2/full_mlp_capacity_search_hd512_depth3,full_mlp_capacity_search_v2,full_mlp_capacity_search_hd512_depth3,supervised_nmse_plateau,full_mlp,12,6,eager,bf16,bfloat16,64,128,ok,,0.0,20,50,0.27903874,0.01381170450134233,0.25654,0.2773445,0.29953670000000004,0.30915575,0.31089895,0.311705,229358.83383074333,229.35883383074332,277.3445,4.3335078125,1791.8658893026823,86672,86016,172760,all-physical,1.0,0.5,Intel(R) Xeon(R) 6760P,AVX512,"avx2,avx512f,avx512bw,avx512vl,avx512_vnni,avx512_bf16,amx_bf16,amx_int8,amx_tile,fma",True,True,,256,128,sh14l07002s1404,3.11.9,2.1.2+cu121
20260424_010536,2026-04-24T06:14:18.694693,cpu,full_mlp_capacity_search_hd512_depth3,/home/liangyi/SRS_AI/Model_AIIC_refactor/experiments_refactored/20260422_050408_full_mlp_capacity_search_v2/full_mlp_capacity_search_hd512_depth3,full_mlp_capacity_search_v2,full_mlp_capacity_search_hd512_depth3,supervised_nmse_plateau,full_mlp,12,6,eager,bf16,bfloat16,128,1,ok,,0.0,20,50,0.13593058,0.0099947516549237,0.12754,0.1308,0.1513293,0.15959755,0.16407056,0.165421,941657.1311620977,941.6571311620977,130.8,1.021875,941657.1311620977,86672,86016,172760,single-thread,0.0078125,0.00390625,Intel(R) Xeon(R) 6760P,AVX512,"avx2,avx512f,avx512bw,avx512vl,avx512_vnni,avx512_bf16,amx_bf16,amx_int8,amx_tile,fma",True,True,,256,128,sh14l07002s1404,3.11.9,2.1.2+cu121
20260424_010536,2026-04-24T06:14:18.694693,cpu,full_mlp_capacity_search_hd512_depth3,/home/liangyi/SRS_AI/Model_AIIC_refactor/experiments_refactored/20260422_050408_full_mlp_capacity_search_v2/full_mlp_capacity_search_hd512_depth3,full_mlp_capacity_search_v2,full_mlp_capacity_search_hd512_depth3,supervised_nmse_plateau,full_mlp,12,6,eager,bf16,bfloat16,128,2,ok,,0.0,20,50,0.1945857,0.021636307151868598,0.17065,0.1890795,0.21457910000000002,0.21747905,0.28062792999999997,0.290351,657807.8450780299,657.8078450780299,189.07950000000002,1.4771835937500002,328903.92253901495,86672,86016,172760,sub-physical,0.015625,0.0078125,Intel(R) Xeon(R) 6760P,AVX512,"avx2,avx512f,avx512bw,avx512vl,avx512_vnni,avx512_bf16,amx_bf16,amx_int8,amx_tile,fma",True,True,,256,128,sh14l07002s1404,3.11.9,2.1.2+cu121
20260424_010536,2026-04-24T06:14:18.694693,cpu,full_mlp_capacity_search_hd512_depth3,/home/liangyi/SRS_AI/Model_AIIC_refactor/experiments_refactored/20260422_050408_full_mlp_capacity_search_v2/full_mlp_capacity_search_hd512_depth3,full_mlp_capacity_search_v2,full_mlp_capacity_search_hd512_depth3,supervised_nmse_plateau,full_mlp,12,6,eager,bf16,bfloat16,128,4,ok,,0.0,20,50,0.1932243,0.014780383552871692,0.172,0.19138650000000001,0.21006770000000002,0.22979839999999996,0.23990414,0.24143,662442.5602783915,662.4425602783915,191.3865,1.49520703125,165610.64006959787,86672,86016,172760,sub-physical,0.03125,0.015625,Intel(R) Xeon(R) 6760P,AVX512,"avx2,avx512f,avx512bw,avx512vl,avx512_vnni,avx512_bf16,amx_bf16,amx_int8,amx_tile,fma",True,True,,256,128,sh14l07002s1404,3.11.9,2.1.2+cu121
20260424_010536,2026-04-24T06:14:18.694693,cpu,full_mlp_capacity_search_hd512_depth3,/home/liangyi/SRS_AI/Model_AIIC_refactor/experiments_refactored/20260422_050408_full_mlp_capacity_search_v2/full_mlp_capacity_search_hd512_depth3,full_mlp_capacity_search_v2,full_mlp_capacity_search_hd512_depth3,supervised_nmse_plateau,full_mlp,12,6,eager,bf16,bfloat16,128,8,ok,,0.0,20,50,0.19485616,0.0066625118517267936,0.179256,0.1961505,0.2014079,0.2024763,0.20532451999999998,0.205791,656894.808970884,656.8948089708839,196.1505,1.53242578125,82111.8511213605,86672,86016,172760,sub-physical,0.0625,0.03125,Intel(R) Xeon(R) 6760P,AVX512,"avx2,avx512f,avx512bw,avx512vl,avx512_vnni,avx512_bf16,amx_bf16,amx_int8,amx_tile,fma",True,True,,256,128,sh14l07002s1404,3.11.9,2.1.2+cu121
20260424_010536,2026-04-24T06:14:18.694693,cpu,full_mlp_capacity_search_hd512_depth3,/home/liangyi/SRS_AI/Model_AIIC_refactor/experiments_refactored/20260422_050408_full_mlp_capacity_search_v2/full_mlp_capacity_search_hd512_depth3,full_mlp_capacity_search_v2,full_mlp_capacity_search_hd512_depth3,supervised_nmse_plateau,full_mlp,12,6,eager,bf16,bfloat16,128,128,ok,,0.0,20,50,0.6330205,0.021613807030923544,0.572146,0.633456,0.6631577000000001,0.66595125,0.67048334,0.672068,202205.14185559555,202.20514185559554,633.456,4.948875,1579.7276707468402,86672,86016,172760,all-physical,1.0,0.5,Intel(R) Xeon(R) 6760P,AVX512,"avx2,avx512f,avx512bw,avx512vl,avx512_vnni,avx512_bf16,amx_bf16,amx_int8,amx_tile,fma",True,True,,256,128,sh14l07002s1404,3.11.9,2.1.2+cu121
20260424_010536,2026-04-24T06:14:18.694693,cpu,full_mlp_capacity_search_hd512_depth3,/home/liangyi/SRS_AI/Model_AIIC_refactor/experiments_refactored/20260422_050408_full_mlp_capacity_search_v2/full_mlp_capacity_search_hd512_depth3,full_mlp_capacity_search_v2,full_mlp_capacity_search_hd512_depth3,supervised_nmse_plateau,full_mlp,12,6,jit,fp32,float32,1,1,ok,,47.770611,20,50,0.02337036,0.0014776089436654076,0.021671,0.023221,0.0236355,0.0239474,0.029971249999999994,0.031968,42789.24244213611,42.78924244213611,23.221,23.221,42789.24244213611,86672,86016,172760,single-thread,0.0078125,0.00390625,Intel(R) Xeon(R) 6760P,AVX512,"avx2,avx512f,avx512bw,avx512vl,avx512_vnni,avx512_bf16,amx_bf16,amx_int8,amx_tile,fma",True,True,,256,128,sh14l07002s1404,3.11.9,2.1.2+cu121
20260424_010536,2026-04-24T06:14:18.694693,cpu,full_mlp_capacity_search_hd512_depth3,/home/liangyi/SRS_AI/Model_AIIC_refactor/experiments_refactored/20260422_050408_full_mlp_capacity_search_v2/full_mlp_capacity_search_hd512_depth3,full_mlp_capacity_search_v2,full_mlp_capacity_search_hd512_depth3,supervised_nmse_plateau,full_mlp,12,6,jit,fp32,float32,1,2,ok,,47.568253,20,50,0.02757214,0.0015958873520396108,0.025531,0.026916500000000003,0.029525700000000002,0.0304786,0.032748469999999995,0.034021,36268.49421191101,36.26849421191101,26.916500000000003,26.916500000000003,18134.247105955506,86672,86016,172760,sub-physical,0.015625,0.0078125,Intel(R) Xeon(R) 6760P,AVX512,"avx2,avx512f,avx512bw,avx512vl,avx512_vnni,avx512_bf16,amx_bf16,amx_int8,amx_tile,fma",True,True,,256,128,sh14l07002s1404,3.11.9,2.1.2+cu121
20260424_010536,2026-04-24T06:14:18.694693,cpu,full_mlp_capacity_search_hd512_depth3,/home/liangyi/SRS_AI/Model_AIIC_refactor/experiments_refactored/20260422_050408_full_mlp_capacity_search_v2/full_mlp_capacity_search_hd512_depth3,full_mlp_capacity_search_v2,full_mlp_capacity_search_hd512_depth3,supervised_nmse_plateau,full_mlp,12,6,jit,fp32,float32,1,4,ok,,46.152806,20,50,0.0277745,0.0013319232598014046,0.025668,0.027682,0.0283717,0.0299267,0.0331534,0.033271,36004.248501323156,36.004248501323154,27.682,27.682,9001.062125330789,86672,86016,172760,sub-physical,0.03125,0.015625,Intel(R) Xeon(R) 6760P,AVX512,"avx2,avx512f,avx512bw,avx512vl,avx512_vnni,avx512_bf16,amx_bf16,amx_int8,amx_tile,fma",True,True,,256,128,sh14l07002s1404,3.11.9,2.1.2+cu121
20260424_010536,2026-04-24T06:14:18.694693,cpu,full_mlp_capacity_search_hd512_depth3,/home/liangyi/SRS_AI/Model_AIIC_refactor/experiments_refactored/20260422_050408_full_mlp_capacity_search_v2/full_mlp_capacity_search_hd512_depth3,full_mlp_capacity_search_v2,full_mlp_capacity_search_hd512_depth3,supervised_nmse_plateau,full_mlp,12,6,jit,fp32,float32,1,8,ok,,47.303165,20,50,0.02670146,0.0016432746965738866,0.024268,0.0259385,0.0289362,0.03020725,0.031447489999999995,0.031692,37451.135630785735,37.451135630785735,25.9385,25.9385,4681.391953848217,86672,86016,172760,sub-physical,0.0625,0.03125,Intel(R) Xeon(R) 6760P,AVX512,"avx2,avx512f,avx512bw,avx512vl,avx512_vnni,avx512_bf16,amx_bf16,amx_int8,amx_tile,fma",True,True,,256,128,sh14l07002s1404,3.11.9,2.1.2+cu121
20260424_010536,2026-04-24T06:14:18.694693,cpu,full_mlp_capacity_search_hd512_depth3,/home/liangyi/SRS_AI/Model_AIIC_refactor/experiments_refactored/20260422_050408_full_mlp_capacity_search_v2/full_mlp_capacity_search_hd512_depth3,full_mlp_capacity_search_v2,full_mlp_capacity_search_hd512_depth3,supervised_nmse_plateau,full_mlp,12,6,jit,fp32,float32,1,128,ok,,51.962236,20,50,0.02300282,0.0008117481306415187,0.021926,0.022946,0.023267899999999998,0.0233241,0.02590338999999999,0.028348,43472.93071023466,43.47293071023466,22.946,22.946,339.63227117370826,86672,86016,172760,all-physical,1.0,0.5,Intel(R) Xeon(R) 6760P,AVX512,"avx2,avx512f,avx512bw,avx512vl,avx512_vnni,avx512_bf16,amx_bf16,amx_int8,amx_tile,fma",True,True,,256,128,sh14l07002s1404,3.11.9,2.1.2+cu121
20260424_010536,2026-04-24T06:14:18.694693,cpu,full_mlp_capacity_search_hd512_depth3,/home/liangyi/SRS_AI/Model_AIIC_refactor/experiments_refactored/20260422_050408_full_mlp_capacity_search_v2/full_mlp_capacity_search_hd512_depth3,full_mlp_capacity_search_v2,full_mlp_capacity_search_hd512_depth3,supervised_nmse_plateau,full_mlp,12,6,jit,fp32,float32,2,1,ok,,46.001675,20,50,0.0242819,0.0009305882494422547,0.023128,0.0243115,0.0251114,0.0255682,0.027062459999999997,0.028163,82365.8774642841,82.3658774642841,24.3115,12.15575,82365.8774642841,86672,86016,172760,single-thread,0.0078125,0.00390625,Intel(R) Xeon(R) 6760P,AVX512,"avx2,avx512f,avx512bw,avx512vl,avx512_vnni,avx512_bf16,amx_bf16,amx_int8,amx_tile,fma",True,True,,256,128,sh14l07002s1404,3.11.9,2.1.2+cu121
20260424_010536,2026-04-24T06:14:18.694693,cpu,full_mlp_capacity_search_hd512_depth3,/home/liangyi/SRS_AI/Model_AIIC_refactor/experiments_refactored/20260422_050408_full_mlp_capacity_search_v2/full_mlp_capacity_search_hd512_depth3,full_mlp_capacity_search_v2,full_mlp_capacity_search_hd512_depth3,supervised_nmse_plateau,full_mlp,12,6,jit,fp32,float32,2,2,ok,,46.203319,20,50,0.02467022,0.0009212665909496554,0.023237,0.024646,0.0250499,0.0252709,0.028459209999999995,0.029425,81069.40270496169,81.06940270496169,24.646,12.323,40534.70135248084,86672,86016,172760,sub-physical,0.015625,0.0078125,Intel(R) Xeon(R) 6760P,AVX512,"avx2,avx512f,avx512bw,avx512vl,avx512_vnni,avx512_bf16,amx_bf16,amx_int8,amx_tile,fma",True,True,,256,128,sh14l07002s1404,3.11.9,2.1.2+cu121
20260424_010536,2026-04-24T06:14:18.694693,cpu,full_mlp_capacity_search_hd512_depth3,/home/liangyi/SRS_AI/Model_AIIC_refactor/experiments_refactored/20260422_050408_full_mlp_capacity_search_v2/full_mlp_capacity_search_hd512_depth3,full_mlp_capacity_search_v2,full_mlp_capacity_search_hd512_depth3,supervised_nmse_plateau,full_mlp,12,6,jit,fp32,float32,2,4,ok,,47.958883,20,50,0.0281004,0.0016924927887586403,0.026326,0.027807,0.0292172,0.02954445,0.03542053,0.035667,71173.36408022662,71.17336408022662,27.807,13.9035,17793.341020056654,86672,86016,172760,sub-physical,0.03125,0.015625,Intel(R) Xeon(R) 6760P,AVX512,"avx2,avx512f,avx512bw,avx512vl,avx512_vnni,avx512_bf16,amx_bf16,amx_int8,amx_tile,fma",True,True,,256,128,sh14l07002s1404,3.11.9,2.1.2+cu121
20260424_010536,2026-04-24T06:14:18.694693,cpu,full_mlp_capacity_search_hd512_depth3,/home/liangyi/SRS_AI/Model_AIIC_refactor/experiments_refactored/20260422_050408_full_mlp_capacity_search_v2/full_mlp_capacity_search_hd512_depth3,full_mlp_capacity_search_v2,full_mlp_capacity_search_hd512_depth3,supervised_nmse_plateau,full_mlp,12,6,jit,fp32,float32,2,8,ok,,46.652929,20,50,0.024418,0.0013601323906149722,0.023043,0.0244155,0.0250592,0.0253058,0.030116309999999993,0.031381,81906.79007289704,81.90679007289704,24.415499999999998,12.207749999999999,10238.34875911213,86672,86016,172760,sub-physical,0.0625,0.03125,Intel(R) Xeon(R) 6760P,AVX512,"avx2,avx512f,avx512bw,avx512vl,avx512_vnni,avx512_bf16,amx_bf16,amx_int8,amx_tile,fma",True,True,,256,128,sh14l07002s1404,3.11.9,2.1.2+cu121
20260424_010536,2026-04-24T06:14:18.694693,cpu,full_mlp_capacity_search_hd512_depth3,/home/liangyi/SRS_AI/Model_AIIC_refactor/experiments_refactored/20260422_050408_full_mlp_capacity_search_v2/full_mlp_capacity_search_hd512_depth3,full_mlp_capacity_search_v2,full_mlp_capacity_search_hd512_depth3,supervised_nmse_plateau,full_mlp,12,6,jit,fp32,float32,2,128,ok,,52.35954,20,50,0.02481246,0.0017632903244786434,0.022946,0.024502999999999997,0.0250658,0.02859234999999998,0.031604919999999995,0.031748,80604.6639470653,80.6046639470653,24.502999999999997,12.251499999999998,629.7239370864477,86672,86016,172760,all-physical,1.0,0.5,Intel(R) Xeon(R) 6760P,AVX512,"avx2,avx512f,avx512bw,avx512vl,avx512_vnni,avx512_bf16,amx_bf16,amx_int8,amx_tile,fma",True,True,,256,128,sh14l07002s1404,3.11.9,2.1.2+cu121
20260424_010536,2026-04-24T06:14:18.694693,cpu,full_mlp_capacity_search_hd512_depth3,/home/liangyi/SRS_AI/Model_AIIC_refactor/experiments_refactored/20260422_050408_full_mlp_capacity_search_v2/full_mlp_capacity_search_hd512_depth3,full_mlp_capacity_search_v2,full_mlp_capacity_search_hd512_depth3,supervised_nmse_plateau,full_mlp,12,6,jit,fp32,float32,4,1,ok,,47.625638,20,50,0.026293379999999998,0.0014225056610080674,0.024925,0.026058,0.0270057,0.02778375,0.03229293999999999,0.032878,152129.54743741584,152.12954743741582,26.058,6.5145,152129.54743741584,86672,86016,172760,single-thread,0.0078125,0.00390625,Intel(R) Xeon(R) 6760P,AVX512,"avx2,avx512f,avx512bw,avx512vl,avx512_vnni,avx512_bf16,amx_bf16,amx_int8,amx_tile,fma",True,True,,256,128,sh14l07002s1404,3.11.9,2.1.2+cu121
20260424_010536,2026-04-24T06:14:18.694693,cpu,full_mlp_capacity_search_hd512_depth3,/home/liangyi/SRS_AI/Model_AIIC_refactor/experiments_refactored/20260422_050408_full_mlp_capacity_search_v2/full_mlp_capacity_search_hd512_depth3,full_mlp_capacity_search_v2,full_mlp_capacity_search_hd512_depth3,supervised_nmse_plateau,full_mlp,12,6,jit,fp32,float32,4,2,ok,,46.09721,20,50,0.03142346,0.0018093760273641298,0.029501,0.031067499999999998,0.0322824,0.032579449999999996,0.03948651,0.039683,127293.4298132669,127.29342981326691,31.0675,7.766875,63646.71490663345,86672,86016,172760,sub-physical,0.015625,0.0078125,Intel(R) Xeon(R) 6760P,AVX512,"avx2,avx512f,avx512bw,avx512vl,avx512_vnni,avx512_bf16,amx_bf16,amx_int8,amx_tile,fma",True,True,,256,128,sh14l07002s1404,3.11.9,2.1.2+cu121
20260424_010536,2026-04-24T06:14:18.694693,cpu,full_mlp_capacity_search_hd512_depth3,/home/liangyi/SRS_AI/Model_AIIC_refactor/experiments_refactored/20260422_050408_full_mlp_capacity_search_v2/full_mlp_capacity_search_hd512_depth3,full_mlp_capacity_search_v2,full_mlp_capacity_search_hd512_depth3,supervised_nmse_plateau,full_mlp,12,6,jit,fp32,float32,4,4,ok,,46.34572,20,50,0.03020072,0.0012742705684429822,0.028745,0.029912,0.0313286,0.0317053,0.034924369999999996,0.037074,132447.1734448715,132.4471734448715,29.912000000000003,7.478000000000001,33111.793361217875,86672,86016,172760,sub-physical,0.03125,0.015625,Intel(R) Xeon(R) 6760P,AVX512,"avx2,avx512f,avx512bw,avx512vl,avx512_vnni,avx512_bf16,amx_bf16,amx_int8,amx_tile,fma",True,True,,256,128,sh14l07002s1404,3.11.9,2.1.2+cu121
20260424_010536,2026-04-24T06:14:18.694693,cpu,full_mlp_capacity_search_hd512_depth3,/home/liangyi/SRS_AI/Model_AIIC_refactor/experiments_refactored/20260422_050408_full_mlp_capacity_search_v2/full_mlp_capacity_search_hd512_depth3,full_mlp_capacity_search_v2,full_mlp_capacity_search_hd512_depth3,supervised_nmse_plateau,full_mlp,12,6,jit,fp32,float32,4,8,ok,,47.795379,20,50,0.03110948,0.0014601134783296808,0.028838,0.030747499999999997,0.0318621,0.0337315,0.036910889999999995,0.037812,128578.16974118502,128.578169741185,30.7475,7.686875,16072.271217648127,86672,86016,172760,sub-physical,0.0625,0.03125,Intel(R) Xeon(R) 6760P,AVX512,"avx2,avx512f,avx512bw,avx512vl,avx512_vnni,avx512_bf16,amx_bf16,amx_int8,amx_tile,fma",True,True,,256,128,sh14l07002s1404,3.11.9,2.1.2+cu121
20260424_010536,2026-04-24T06:14:18.694693,cpu,full_mlp_capacity_search_hd512_depth3,/home/liangyi/SRS_AI/Model_AIIC_refactor/experiments_refactored/20260422_050408_full_mlp_capacity_search_v2/full_mlp_capacity_search_hd512_depth3,full_mlp_capacity_search_v2,full_mlp_capacity_search_hd512_depth3,supervised_nmse_plateau,full_mlp,12,6,jit,fp32,float32,4,128,ok,,67.015684,20,50,0.10577438,0.013801235954638265,0.086254,0.102552,0.1217013,0.13894659999999995,0.14880614,0.148862,37816.34078119862,37.81634078119862,102.552,25.638,295.4401623531142,86672,86016,172760,all-physical,1.0,0.5,Intel(R) Xeon(R) 6760P,AVX512,"avx2,avx512f,avx512bw,avx512vl,avx512_vnni,avx512_bf16,amx_bf16,amx_int8,amx_tile,fma",True,True,,256,128,sh14l07002s1404,3.11.9,2.1.2+cu121
20260424_010536,2026-04-24T06:14:18.694693,cpu,full_mlp_capacity_search_hd512_depth3,/home/liangyi/SRS_AI/Model_AIIC_refactor/experiments_refactored/20260422_050408_full_mlp_capacity_search_v2/full_mlp_capacity_search_hd512_depth3,full_mlp_capacity_search_v2,full_mlp_capacity_search_hd512_depth3,supervised_nmse_plateau,full_mlp,12,6,jit,fp32,float32,8,1,ok,,46.368217,20,50,0.0301976,0.0017102276339715713,0.029197,0.029790499999999998,0.0305725,0.03205569999999999,0.03802197999999999,0.039442,264921.71563303046,264.92171563303043,29.790499999999998,3.7238124999999997,264921.71563303046,86672,86016,172760,single-thread,0.0078125,0.00390625,Intel(R) Xeon(R) 6760P,AVX512,"avx2,avx512f,avx512bw,avx512vl,avx512_vnni,avx512_bf16,amx_bf16,amx_int8,amx_tile,fma",True,True,,256,128,sh14l07002s1404,3.11.9,2.1.2+cu121
20260424_010536,2026-04-24T06:14:18.694693,cpu,full_mlp_capacity_search_hd512_depth3,/home/liangyi/SRS_AI/Model_AIIC_refactor/experiments_refactored/20260422_050408_full_mlp_capacity_search_v2/full_mlp_capacity_search_hd512_depth3,full_mlp_capacity_search_v2,full_mlp_capacity_search_hd512_depth3,supervised_nmse_plateau,full_mlp,12,6,jit,fp32,float32,8,2,ok,,46.327679,20,50,0.03836164,0.002271336696837349,0.034749,0.037513500000000005,0.0406378,0.041600399999999996,0.04588022,0.045989,208541.6577602,208.5416577602,37.51350000000001,4.689187500000001,104270.8288801,86672,86016,172760,sub-physical,0.015625,0.0078125,Intel(R) Xeon(R) 6760P,AVX512,"avx2,avx512f,avx512bw,avx512vl,avx512_vnni,avx512_bf16,amx_bf16,amx_int8,amx_tile,fma",True,True,,256,128,sh14l07002s1404,3.11.9,2.1.2+cu121
20260424_010536,2026-04-24T06:14:18.694693,cpu,full_mlp_capacity_search_hd512_depth3,/home/liangyi/SRS_AI/Model_AIIC_refactor/experiments_refactored/20260422_050408_full_mlp_capacity_search_v2/full_mlp_capacity_search_hd512_depth3,full_mlp_capacity_search_v2,full_mlp_capacity_search_hd512_depth3,supervised_nmse_plateau,full_mlp,12,6,jit,fp32,float32,8,4,ok,,48.242414,20,50,0.03624974,0.0014400240110498158,0.032175,0.036358,0.0381014,0.0390118,0.03992631,0.040603,220691.23806129367,220.69123806129366,36.358000000000004,4.5447500000000005,55172.80951532342,86672,86016,172760,sub-physical,0.03125,0.015625,Intel(R) Xeon(R) 6760P,AVX512,"avx2,avx512f,avx512bw,avx512vl,avx512_vnni,avx512_bf16,amx_bf16,amx_int8,amx_tile,fma",True,True,,256,128,sh14l07002s1404,3.11.9,2.1.2+cu121
20260424_010536,2026-04-24T06:14:18.694693,cpu,full_mlp_capacity_search_hd512_depth3,/home/liangyi/SRS_AI/Model_AIIC_refactor/experiments_refactored/20260422_050408_full_mlp_capacity_search_v2/full_mlp_capacity_search_hd512_depth3,full_mlp_capacity_search_v2,full_mlp_capacity_search_hd512_depth3,supervised_nmse_plateau,full_mlp,12,6,jit,fp32,float32,8,8,ok,,46.259705,20,50,0.0365689,0.00277038277680179,0.033048,0.0364255,0.0378773,0.04003009999999999,0.04651631999999998,0.051334,218765.12555750925,218.76512555750926,36.4255,4.5531875,27345.640694688656,86672,86016,172760,sub-physical,0.0625,0.03125,Intel(R) Xeon(R) 6760P,AVX512,"avx2,avx512f,avx512bw,avx512vl,avx512_vnni,avx512_bf16,amx_bf16,amx_int8,amx_tile,fma",True,True,,256,128,sh14l07002s1404,3.11.9,2.1.2+cu121
20260424_010536,2026-04-24T06:14:18.694693,cpu,full_mlp_capacity_search_hd512_depth3,/home/liangyi/SRS_AI/Model_AIIC_refactor/experiments_refactored/20260422_050408_full_mlp_capacity_search_v2/full_mlp_capacity_search_hd512_depth3,full_mlp_capacity_search_v2,full_mlp_capacity_search_hd512_depth3,supervised_nmse_plateau,full_mlp,12,6,jit,fp32,float32,8,128,ok,,60.864201,20,50,0.10290298,0.025464464588512363,0.087877,0.097702,0.11213960000000002,0.13111794999999998,0.20194924999999975,0.267303,77743.13241462978,77.74313241462978,97.702,12.21275,607.3682219892952,86672,86016,172760,all-physical,1.0,0.5,Intel(R) Xeon(R) 6760P,AVX512,"avx2,avx512f,avx512bw,avx512vl,avx512_vnni,avx512_bf16,amx_bf16,amx_int8,amx_tile,fma",True,True,,256,128,sh14l07002s1404,3.11.9,2.1.2+cu121
20260424_010536,2026-04-24T06:14:18.694693,cpu,full_mlp_capacity_search_hd512_depth3,/home/liangyi/SRS_AI/Model_AIIC_refactor/experiments_refactored/20260422_050408_full_mlp_capacity_search_v2/full_mlp_capacity_search_hd512_depth3,full_mlp_capacity_search_v2,full_mlp_capacity_search_hd512_depth3,supervised_nmse_plateau,full_mlp,12,6,jit,fp32,float32,16,1,ok,,47.720727,20,50,0.03693644,0.0014288885773215485,0.035713,0.036542000000000005,0.0378663,0.038374649999999996,0.04309051,0.04314,433176.5595168348,433.1765595168348,36.542,2.283875,433176.5595168348,86672,86016,172760,single-thread,0.0078125,0.00390625,Intel(R) Xeon(R) 6760P,AVX512,"avx2,avx512f,avx512bw,avx512vl,avx512_vnni,avx512_bf16,amx_bf16,amx_int8,amx_tile,fma",True,True,,256,128,sh14l07002s1404,3.11.9,2.1.2+cu121
20260424_010536,2026-04-24T06:14:18.694693,cpu,full_mlp_capacity_search_hd512_depth3,/home/liangyi/SRS_AI/Model_AIIC_refactor/experiments_refactored/20260422_050408_full_mlp_capacity_search_v2/full_mlp_capacity_search_hd512_depth3,full_mlp_capacity_search_v2,full_mlp_capacity_search_hd512_depth3,supervised_nmse_plateau,full_mlp,12,6,jit,fp32,float32,16,2,ok,,48.055262,20,50,0.05325466,0.003012139648887482,0.049525,0.05258,0.057696800000000006,0.0586568,0.06240028,0.062659,300443.1912625111,300.4431912625111,52.58,3.28625,150221.59563125556,86672,86016,172760,sub-physical,0.015625,0.0078125,Intel(R) Xeon(R) 6760P,AVX512,"avx2,avx512f,avx512bw,avx512vl,avx512_vnni,avx512_bf16,amx_bf16,amx_int8,amx_tile,fma",True,True,,256,128,sh14l07002s1404,3.11.9,2.1.2+cu121
20260424_010536,2026-04-24T06:14:18.694693,cpu,full_mlp_capacity_search_hd512_depth3,/home/liangyi/SRS_AI/Model_AIIC_refactor/experiments_refactored/20260422_050408_full_mlp_capacity_search_v2/full_mlp_capacity_search_hd512_depth3,full_mlp_capacity_search_v2,full_mlp_capacity_search_hd512_depth3,supervised_nmse_plateau,full_mlp,12,6,jit,fp32,float32,16,4,ok,,47.998589,20,50,0.0520164,0.0016393868731937554,0.048175,0.0519155,0.0540862,0.05455845,0.05625179999999999,0.057418,307595.2968679109,307.59529686791086,51.9155,3.24471875,76898.82421697772,86672,86016,172760,sub-physical,0.03125,0.015625,Intel(R) Xeon(R) 6760P,AVX512,"avx2,avx512f,avx512bw,avx512vl,avx512_vnni,avx512_bf16,amx_bf16,amx_int8,amx_tile,fma",True,True,,256,128,sh14l07002s1404,3.11.9,2.1.2+cu121
20260424_010536,2026-04-24T06:14:18.694693,cpu,full_mlp_capacity_search_hd512_depth3,/home/liangyi/SRS_AI/Model_AIIC_refactor/experiments_refactored/20260422_050408_full_mlp_capacity_search_v2/full_mlp_capacity_search_hd512_depth3,full_mlp_capacity_search_v2,full_mlp_capacity_search_hd512_depth3,supervised_nmse_plateau,full_mlp,12,6,jit,fp32,float32,16,8,ok,,48.215601,20,50,0.04470026,0.0023842557648876515,0.039637,0.044448,0.0472782,0.04814915,0.05154109,0.051766,357939.7524757127,357.9397524757127,44.448,2.778,44742.469059464085,86672,86016,172760,sub-physical,0.0625,0.03125,Intel(R) Xeon(R) 6760P,AVX512,"avx2,avx512f,avx512bw,avx512vl,avx512_vnni,avx512_bf16,amx_bf16,amx_int8,amx_tile,fma",True,True,,256,128,sh14l07002s1404,3.11.9,2.1.2+cu121
20260424_010536,2026-04-24T06:14:18.694693,cpu,full_mlp_capacity_search_hd512_depth3,/home/liangyi/SRS_AI/Model_AIIC_refactor/experiments_refactored/20260422_050408_full_mlp_capacity_search_v2/full_mlp_capacity_search_hd512_depth3,full_mlp_capacity_search_v2,full_mlp_capacity_search_hd512_depth3,supervised_nmse_plateau,full_mlp,12,6,jit,fp32,float32,16,128,ok,,83.727821,20,50,0.09370832,0.0038452788686387887,0.087929,0.09294949999999999,0.097097,0.10134304999999999,0.10724746,0.10825,170742.5765396285,170.7425765396285,92.94949999999999,5.809343749999999,1333.9263792158476,86672,86016,172760,all-physical,1.0,0.5,Intel(R) Xeon(R) 6760P,AVX512,"avx2,avx512f,avx512bw,avx512vl,avx512_vnni,avx512_bf16,amx_bf16,amx_int8,amx_tile,fma",True,True,,256,128,sh14l07002s1404,3.11.9,2.1.2+cu121
20260424_010536,2026-04-24T06:14:18.694693,cpu,full_mlp_capacity_search_hd512_depth3,/home/liangyi/SRS_AI/Model_AIIC_refactor/experiments_refactored/20260422_050408_full_mlp_capacity_search_v2/full_mlp_capacity_search_hd512_depth3,full_mlp_capacity_search_v2,full_mlp_capacity_search_hd512_depth3,supervised_nmse_plateau,full_mlp,12,6,jit,fp32,float32,32,1,ok,,48.321958,20,50,0.051963,0.0018086402516808034,0.050784,0.05129,0.0544535,0.056426699999999996,0.057845749999999994,0.058887,615822.7969901661,615.8227969901661,51.29,1.6028125,615822.7969901661,86672,86016,172760,single-thread,0.0078125,0.00390625,Intel(R) Xeon(R) 6760P,AVX512,"avx2,avx512f,avx512bw,avx512vl,avx512_vnni,avx512_bf16,amx_bf16,amx_int8,amx_tile,fma",True,True,,256,128,sh14l07002s1404,3.11.9,2.1.2+cu121
20260424_010536,2026-04-24T06:14:18.694693,cpu,full_mlp_capacity_search_hd512_depth3,/home/liangyi/SRS_AI/Model_AIIC_refactor/experiments_refactored/20260422_050408_full_mlp_capacity_search_v2/full_mlp_capacity_search_hd512_depth3,full_mlp_capacity_search_v2,full_mlp_capacity_search_hd512_depth3,supervised_nmse_plateau,full_mlp,12,6,jit,fp32,float32,32,2,ok,,48.255367,20,50,0.07964052,0.0027187337364295164,0.071484,0.0800975,0.082733,0.0828745,0.08464616,0.08632,401805.51307299343,401.80551307299345,80.0975,2.503046875,200902.75653649672,86672,86016,172760,sub-physical,0.015625,0.0078125,Intel(R) Xeon(R) 6760P,AVX512,"avx2,avx512f,avx512bw,avx512vl,avx512_vnni,avx512_bf16,amx_bf16,amx_int8,amx_tile,fma",True,True,,256,128,sh14l07002s1404,3.11.9,2.1.2+cu121
20260424_010536,2026-04-24T06:14:18.694693,cpu,full_mlp_capacity_search_hd512_depth3,/home/liangyi/SRS_AI/Model_AIIC_refactor/experiments_refactored/20260422_050408_full_mlp_capacity_search_v2/full_mlp_capacity_search_hd512_depth3,full_mlp_capacity_search_v2,full_mlp_capacity_search_hd512_depth3,supervised_nmse_plateau,full_mlp,12,6,jit,fp32,float32,32,4,ok,,47.942427,20,50,0.07780922,0.00261959461207264,0.071975,0.077769,0.08025689999999999,0.0832368,0.08435535,0.084936,411262.3156998618,411.2623156998618,77.769,2.43028125,102815.57892496545,86672,86016,172760,sub-physical,0.03125,0.015625,Intel(R) Xeon(R) 6760P,AVX512,"avx2,avx512f,avx512bw,avx512vl,avx512_vnni,avx512_bf16,amx_bf16,amx_int8,amx_tile,fma",True,True,,256,128,sh14l07002s1404,3.11.9,2.1.2+cu121
20260424_010536,2026-04-24T06:14:18.694693,cpu,full_mlp_capacity_search_hd512_depth3,/home/liangyi/SRS_AI/Model_AIIC_refactor/experiments_refactored/20260422_050408_full_mlp_capacity_search_v2/full_mlp_capacity_search_hd512_depth3,full_mlp_capacity_search_v2,full_mlp_capacity_search_hd512_depth3,supervised_nmse_plateau,full_mlp,12,6,jit,fp32,float32,32,8,ok,,46.322196,20,50,0.07412816,0.002311893391659745,0.070109,0.07430049999999999,0.07647709999999999,0.07809970000000001,0.07968473,0.080921,431684.80102568306,431.68480102568304,74.30049999999999,2.3218906249999995,53960.60012821038,86672,86016,172760,sub-physical,0.0625,0.03125,Intel(R) Xeon(R) 6760P,AVX512,"avx2,avx512f,avx512bw,avx512vl,avx512_vnni,avx512_bf16,amx_bf16,amx_int8,amx_tile,fma",True,True,,256,128,sh14l07002s1404,3.11.9,2.1.2+cu121
20260424_010536,2026-04-24T06:14:18.694693,cpu,full_mlp_capacity_search_hd512_depth3,/home/liangyi/SRS_AI/Model_AIIC_refactor/experiments_refactored/20260422_050408_full_mlp_capacity_search_v2/full_mlp_capacity_search_hd512_depth3,full_mlp_capacity_search_v2,full_mlp_capacity_search_hd512_depth3,supervised_nmse_plateau,full_mlp,12,6,jit,fp32,float32,32,128,ok,,127.421686,20,50,34.392812219999996,6.611866248706267,22.795928,33.744063,42.1376687,43.893279299999996,54.05508866999998,57.674433,930.4269681498002,0.9304269681498002,33744.062999999995,1054.5019687499998,7.268960688670314,86672,86016,172760,all-physical,1.0,0.5,Intel(R) Xeon(R) 6760P,AVX512,"avx2,avx512f,avx512bw,avx512vl,avx512_vnni,avx512_bf16,amx_bf16,amx_int8,amx_tile,fma",True,True,,256,128,sh14l07002s1404,3.11.9,2.1.2+cu121
20260424_010536,2026-04-24T06:14:18.694693,cpu,full_mlp_capacity_search_hd512_depth3,/home/liangyi/SRS_AI/Model_AIIC_refactor/experiments_refactored/20260422_050408_full_mlp_capacity_search_v2/full_mlp_capacity_search_hd512_depth3,full_mlp_capacity_search_v2,full_mlp_capacity_search_hd512_depth3,supervised_nmse_plateau,full_mlp,12,6,jit,fp32,float32,64,1,ok,,49.787288,20,50,0.08400454,0.0019815161085391148,0.082188,0.08314550000000001,0.0865481,0.0890844,0.08989055,0.090334,761863.584991954,761.863584991954,83.14550000000001,1.2991484375000002,761863.584991954,86672,86016,172760,single-thread,0.0078125,0.00390625,Intel(R) Xeon(R) 6760P,AVX512,"avx2,avx512f,avx512bw,avx512vl,avx512_vnni,avx512_bf16,amx_bf16,amx_int8,amx_tile,fma",True,True,,256,128,sh14l07002s1404,3.11.9,2.1.2+cu121
20260424_010536,2026-04-24T06:14:18.694693,cpu,full_mlp_capacity_search_hd512_depth3,/home/liangyi/SRS_AI/Model_AIIC_refactor/experiments_refactored/20260422_050408_full_mlp_capacity_search_v2/full_mlp_capacity_search_hd512_depth3,full_mlp_capacity_search_v2,full_mlp_capacity_search_hd512_depth3,supervised_nmse_plateau,full_mlp,12,6,jit,fp32,float32,64,2,ok,,48.504957,20,50,0.1103208,0.0030066361269698075,0.105822,0.1097875,0.11463910000000001,0.11519104999999999,0.11839504,0.1207,580126.3225067258,580.1263225067258,109.7875,1.7154296875,290063.1612533629,86672,86016,172760,sub-physical,0.015625,0.0078125,Intel(R) Xeon(R) 6760P,AVX512,"avx2,avx512f,avx512bw,avx512vl,avx512_vnni,avx512_bf16,amx_bf16,amx_int8,amx_tile,fma",True,True,,256,128,sh14l07002s1404,3.11.9,2.1.2+cu121
20260424_010536,2026-04-24T06:14:18.694693,cpu,full_mlp_capacity_search_hd512_depth3,/home/liangyi/SRS_AI/Model_AIIC_refactor/experiments_refactored/20260422_050408_full_mlp_capacity_search_v2/full_mlp_capacity_search_hd512_depth3,full_mlp_capacity_search_v2,full_mlp_capacity_search_hd512_depth3,supervised_nmse_plateau,full_mlp,12,6,jit,fp32,float32,64,4,ok,,48.762986,20,50,0.11127626,0.003479990734527895,0.103858,0.11145,0.1157953,0.11596915,0.11838029,0.119105,575145.138774434,575.145138774434,111.44999999999999,1.7414062499999998,143786.2846936085,86672,86016,172760,sub-physical,0.03125,0.015625,Intel(R) Xeon(R) 6760P,AVX512,"avx2,avx512f,avx512bw,avx512vl,avx512_vnni,avx512_bf16,amx_bf16,amx_int8,amx_tile,fma",True,True,,256,128,sh14l07002s1404,3.11.9,2.1.2+cu121
20260424_010536,2026-04-24T06:14:18.694693,cpu,full_mlp_capacity_search_hd512_depth3,/home/liangyi/SRS_AI/Model_AIIC_refactor/experiments_refactored/20260422_050408_full_mlp_capacity_search_v2/full_mlp_capacity_search_hd512_depth3,full_mlp_capacity_search_v2,full_mlp_capacity_search_hd512_depth3,supervised_nmse_plateau,full_mlp,12,6,jit,fp32,float32,64,8,ok,,48.899543,20,50,0.10360188,0.0022121780908416935,0.099653,0.1030735,0.1067771,0.1072848,0.10940896,0.110044,617749.4076362321,617.749407636232,103.0735,1.6105234375,77218.67595452901,86672,86016,172760,sub-physical,0.0625,0.03125,Intel(R) Xeon(R) 6760P,AVX512,"avx2,avx512f,avx512bw,avx512vl,avx512_vnni,avx512_bf16,amx_bf16,amx_int8,amx_tile,fma",True,True,,256,128,sh14l07002s1404,3.11.9,2.1.2+cu121
20260424_010536,2026-04-24T06:14:18.694693,cpu,full_mlp_capacity_search_hd512_depth3,/home/liangyi/SRS_AI/Model_AIIC_refactor/experiments_refactored/20260422_050408_full_mlp_capacity_search_v2/full_mlp_capacity_search_hd512_depth3,full_mlp_capacity_search_v2,full_mlp_capacity_search_hd512_depth3,supervised_nmse_plateau,full_mlp,12,6,jit,fp32,float32,64,128,ok,,87.618514,20,50,29.52339172,3.7117560718214984,20.564211,29.9073865,32.528823,34.720421349999995,39.85549925999999,43.166687,2167.772612543177,2.167772612543177,29907.3865,467.3029140625,16.93572353549357,86672,86016,172760,all-physical,1.0,0.5,Intel(R) Xeon(R) 6760P,AVX512,"avx2,avx512f,avx512bw,avx512vl,avx512_vnni,avx512_bf16,amx_bf16,amx_int8,amx_tile,fma",True,True,,256,128,sh14l07002s1404,3.11.9,2.1.2+cu121
20260424_010536,2026-04-24T06:14:18.694693,cpu,full_mlp_capacity_search_hd512_depth3,/home/liangyi/SRS_AI/Model_AIIC_refactor/experiments_refactored/20260422_050408_full_mlp_capacity_search_v2/full_mlp_capacity_search_hd512_depth3,full_mlp_capacity_search_v2,full_mlp_capacity_search_hd512_depth3,supervised_nmse_plateau,full_mlp,12,6,jit,fp32,float32,128,1,ok,,48.224137,20,50,0.169435,0.0029938859430512707,0.166105,0.167969,0.17438620000000002,0.17537495,0.17584291999999999,0.175986,755451.9432230649,755.4519432230649,167.969,1.3122578125,755451.9432230649,86672,86016,172760,single-thread,0.0078125,0.00390625,Intel(R) Xeon(R) 6760P,AVX512,"avx2,avx512f,avx512bw,avx512vl,avx512_vnni,avx512_bf16,amx_bf16,amx_int8,amx_tile,fma",True,True,,256,128,sh14l07002s1404,3.11.9,2.1.2+cu121
20260424_010536,2026-04-24T06:14:18.694693,cpu,full_mlp_capacity_search_hd512_depth3,/home/liangyi/SRS_AI/Model_AIIC_refactor/experiments_refactored/20260422_050408_full_mlp_capacity_search_v2/full_mlp_capacity_search_hd512_depth3,full_mlp_capacity_search_v2,full_mlp_capacity_search_hd512_depth3,supervised_nmse_plateau,full_mlp,12,6,jit,fp32,float32,128,2,ok,,50.567523,20,50,0.18794018,0.002927783268549778,0.181886,0.1879695,0.19146760000000002,0.19240445,0.19404346,0.194507,681067.7737990886,681.0677737990885,187.9695,1.46851171875,340533.8868995443,86672,86016,172760,sub-physical,0.015625,0.0078125,Intel(R) Xeon(R) 6760P,AVX512,"avx2,avx512f,avx512bw,avx512vl,avx512_vnni,avx512_bf16,amx_bf16,amx_int8,amx_tile,fma",True,True,,256,128,sh14l07002s1404,3.11.9,2.1.2+cu121
20260424_010536,2026-04-24T06:14:18.694693,cpu,full_mlp_capacity_search_hd512_depth3,/home/liangyi/SRS_AI/Model_AIIC_refactor/experiments_refactored/20260422_050408_full_mlp_capacity_search_v2/full_mlp_capacity_search_hd512_depth3,full_mlp_capacity_search_v2,full_mlp_capacity_search_hd512_depth3,supervised_nmse_plateau,full_mlp,12,6,jit,fp32,float32,128,4,ok,,50.223756,20,50,0.15008066,0.006851047545040101,0.140326,0.1481375,0.16275959999999998,0.1638102,0.16676659,0.1678,852874.7141703669,852.8747141703669,148.13750000000002,1.1573242187500001,213218.67854259172,86672,86016,172760,sub-physical,0.03125,0.015625,Intel(R) Xeon(R) 6760P,AVX512,"avx2,avx512f,avx512bw,avx512vl,avx512_vnni,avx512_bf16,amx_bf16,amx_int8,amx_tile,fma",True,True,,256,128,sh14l07002s1404,3.11.9,2.1.2+cu121
20260424_010536,2026-04-24T06:14:18.694693,cpu,full_mlp_capacity_search_hd512_depth3,/home/liangyi/SRS_AI/Model_AIIC_refactor/experiments_refactored/20260422_050408_full_mlp_capacity_search_v2/full_mlp_capacity_search_hd512_depth3,full_mlp_capacity_search_v2,full_mlp_capacity_search_hd512_depth3,supervised_nmse_plateau,full_mlp,12,6,jit,fp32,float32,128,8,ok,,49.745761,20,50,0.16561251999999999,0.0031105153093338093,0.159561,0.1657865,0.1694025,0.17067279999999999,0.17274673,0.173248,772888.426551326,772.8884265513259,165.7865,1.29520703125,96611.05331891574,86672,86016,172760,sub-physical,0.0625,0.03125,Intel(R) Xeon(R) 6760P,AVX512,"avx2,avx512f,avx512bw,avx512vl,avx512_vnni,avx512_bf16,amx_bf16,amx_int8,amx_tile,fma",True,True,,256,128,sh14l07002s1404,3.11.9,2.1.2+cu121
20260424_010536,2026-04-24T06:14:18.694693,cpu,full_mlp_capacity_search_hd512_depth3,/home/liangyi/SRS_AI/Model_AIIC_refactor/experiments_refactored/20260422_050408_full_mlp_capacity_search_v2/full_mlp_capacity_search_hd512_depth3,full_mlp_capacity_search_v2,full_mlp_capacity_search_hd512_depth3,supervised_nmse_plateau,full_mlp,12,6,jit,fp32,float32,128,128,ok,,79.64676,20,50,9.75999638,0.7794486271088016,7.903337,9.735830499999999,10.6562968,10.971856,11.48012178,11.532345,13114.758962646254,13.114758962646254,9735.830499999998,76.06117578124999,102.45905439567386,86672,86016,172760,all-physical,1.0,0.5,Intel(R) Xeon(R) 6760P,AVX512,"avx2,avx512f,avx512bw,avx512vl,avx512_vnni,avx512_bf16,amx_bf16,amx_int8,amx_tile,fma",True,True,,256,128,sh14l07002s1404,3.11.9,2.1.2+cu121
20260424_010536,2026-04-24T06:14:18.694693,cpu,full_mlp_capacity_search_hd512_depth3,/home/liangyi/SRS_AI/Model_AIIC_refactor/experiments_refactored/20260422_050408_full_mlp_capacity_search_v2/full_mlp_capacity_search_hd512_depth3,full_mlp_capacity_search_v2,full_mlp_capacity_search_hd512_depth3,supervised_nmse_plateau,full_mlp,12,6,jit,bf16,bfloat16,1,1,ok,,48.854881,20,50,0.04925434,0.00533066772031422,0.044053,0.048634,0.0515956,0.0526103,0.06974411999999994,0.083519,20302.779409895655,20.302779409895656,48.63399999999999,48.63399999999999,20302.779409895655,86672,86016,172760,single-thread,0.0078125,0.00390625,Intel(R) Xeon(R) 6760P,AVX512,"avx2,avx512f,avx512bw,avx512vl,avx512_vnni,avx512_bf16,amx_bf16,amx_int8,amx_tile,fma",True,True,,256,128,sh14l07002s1404,3.11.9,2.1.2+cu121
20260424_010536,2026-04-24T06:14:18.694693,cpu,full_mlp_capacity_search_hd512_depth3,/home/liangyi/SRS_AI/Model_AIIC_refactor/experiments_refactored/20260422_050408_full_mlp_capacity_search_v2/full_mlp_capacity_search_hd512_depth3,full_mlp_capacity_search_v2,full_mlp_capacity_search_hd512_depth3,supervised_nmse_plateau,full_mlp,12,6,jit,bf16,bfloat16,1,2,ok,,47.091883,20,50,0.05557946,0.003264544294139689,0.052051,0.054921,0.0567965,0.06088494999999998,0.06861992999999998,0.072855,17992.258291102506,17.992258291102505,54.921,54.921,8996.129145551253,86672,86016,172760,sub-physical,0.015625,0.0078125,Intel(R) Xeon(R) 6760P,AVX512,"avx2,avx512f,avx512bw,avx512vl,avx512_vnni,avx512_bf16,amx_bf16,amx_int8,amx_tile,fma",True,True,,256,128,sh14l07002s1404,3.11.9,2.1.2+cu121
20260424_010536,2026-04-24T06:14:18.694693,cpu,full_mlp_capacity_search_hd512_depth3,/home/liangyi/SRS_AI/Model_AIIC_refactor/experiments_refactored/20260422_050408_full_mlp_capacity_search_v2/full_mlp_capacity_search_hd512_depth3,full_mlp_capacity_search_v2,full_mlp_capacity_search_hd512_depth3,supervised_nmse_plateau,full_mlp,12,6,jit,bf16,bfloat16,1,4,ok,,48.685399,20,50,0.056568020000000004,0.0028967119255459287,0.052907,0.0558175,0.0603273,0.062269649999999996,0.06571929,0.067326,17677.83281083552,17.67783281083552,55.8175,55.8175,4419.45820270888,86672,86016,172760,sub-physical,0.03125,0.015625,Intel(R) Xeon(R) 6760P,AVX512,"avx2,avx512f,avx512bw,avx512vl,avx512_vnni,avx512_bf16,amx_bf16,amx_int8,amx_tile,fma",True,True,,256,128,sh14l07002s1404,3.11.9,2.1.2+cu121
20260424_010536,2026-04-24T06:14:18.694693,cpu,full_mlp_capacity_search_hd512_depth3,/home/liangyi/SRS_AI/Model_AIIC_refactor/experiments_refactored/20260422_050408_full_mlp_capacity_search_v2/full_mlp_capacity_search_hd512_depth3,full_mlp_capacity_search_v2,full_mlp_capacity_search_hd512_depth3,supervised_nmse_plateau,full_mlp,12,6,jit,bf16,bfloat16,1,8,ok,,49.26359,20,50,0.0593498,0.0062431701210202495,0.053055,0.0582115,0.06379699999999999,0.0650684,0.08189908999999995,0.094668,16849.256442313203,16.8492564423132,58.2115,58.2115,2106.1570552891503,86672,86016,172760,sub-physical,0.0625,0.03125,Intel(R) Xeon(R) 6760P,AVX512,"avx2,avx512f,avx512bw,avx512vl,avx512_vnni,avx512_bf16,amx_bf16,amx_int8,amx_tile,fma",True,True,,256,128,sh14l07002s1404,3.11.9,2.1.2+cu121
20260424_010536,2026-04-24T06:14:18.694693,cpu,full_mlp_capacity_search_hd512_depth3,/home/liangyi/SRS_AI/Model_AIIC_refactor/experiments_refactored/20260422_050408_full_mlp_capacity_search_v2/full_mlp_capacity_search_hd512_depth3,full_mlp_capacity_search_v2,full_mlp_capacity_search_hd512_depth3,supervised_nmse_plateau,full_mlp,12,6,jit,bf16,bfloat16,1,128,ok,,131.120283,20,50,0.17030396,0.005927867741304625,0.161961,0.1690125,0.1804733,0.1833811,0.18575107999999999,0.186882,5871.8540661062725,5.871854066106272,169.01250000000002,169.01250000000002,45.873859891455254,86672,86016,172760,all-physical,1.0,0.5,Intel(R) Xeon(R) 6760P,AVX512,"avx2,avx512f,avx512bw,avx512vl,avx512_vnni,avx512_bf16,amx_bf16,amx_int8,amx_tile,fma",True,True,,256,128,sh14l07002s1404,3.11.9,2.1.2+cu121
20260424_010536,2026-04-24T06:14:18.694693,cpu,full_mlp_capacity_search_hd512_depth3,/home/liangyi/SRS_AI/Model_AIIC_refactor/experiments_refactored/20260422_050408_full_mlp_capacity_search_v2/full_mlp_capacity_search_hd512_depth3,full_mlp_capacity_search_v2,full_mlp_capacity_search_hd512_depth3,supervised_nmse_plateau,full_mlp,12,6,jit,bf16,bfloat16,2,1,ok,,48.303904,20,50,0.05442054,0.002139273663746647,0.050815,0.054486,0.056956,0.05723715,0.059697169999999994,0.061788,36750.8297418585,36.750829741858496,54.486,27.243,36750.8297418585,86672,86016,172760,single-thread,0.0078125,0.00390625,Intel(R) Xeon(R) 6760P,AVX512,"avx2,avx512f,avx512bw,avx512vl,avx512_vnni,avx512_bf16,amx_bf16,amx_int8,amx_tile,fma",True,True,,256,128,sh14l07002s1404,3.11.9,2.1.2+cu121
20260424_010536,2026-04-24T06:14:18.694693,cpu,full_mlp_capacity_search_hd512_depth3,/home/liangyi/SRS_AI/Model_AIIC_refactor/experiments_refactored/20260422_050408_full_mlp_capacity_search_v2/full_mlp_capacity_search_hd512_depth3,full_mlp_capacity_search_v2,full_mlp_capacity_search_hd512_depth3,supervised_nmse_plateau,full_mlp,12,6,jit,bf16,bfloat16,2,2,ok,,48.817985,20,50,0.0619276,0.004590958022025468,0.054804,0.0612075,0.0672718,0.07085345,0.07399708,0.074785,32295.77765003004,32.29577765003004,61.207499999999996,30.603749999999998,16147.88882501502,86672,86016,172760,sub-physical,0.015625,0.0078125,Intel(R) Xeon(R) 6760P,AVX512,"avx2,avx512f,avx512bw,avx512vl,avx512_vnni,avx512_bf16,amx_bf16,amx_int8,amx_tile,fma",True,True,,256,128,sh14l07002s1404,3.11.9,2.1.2+cu121
20260424_010536,2026-04-24T06:14:18.694693,cpu,full_mlp_capacity_search_hd512_depth3,/home/liangyi/SRS_AI/Model_AIIC_refactor/experiments_refactored/20260422_050408_full_mlp_capacity_search_v2/full_mlp_capacity_search_hd512_depth3,full_mlp_capacity_search_v2,full_mlp_capacity_search_hd512_depth3,supervised_nmse_plateau,full_mlp,12,6,jit,bf16,bfloat16,2,4,ok,,47.219039,20,50,0.06325702,0.004223058510084842,0.055212,0.063939,0.0676915,0.06843949999999999,0.07407760999999999,0.077366,31617.044242678523,31.617044242678524,63.93899999999999,31.969499999999996,7904.261060669631,86672,86016,172760,sub-physical,0.03125,0.015625,Intel(R) Xeon(R) 6760P,AVX512,"avx2,avx512f,avx512bw,avx512vl,avx512_vnni,avx512_bf16,amx_bf16,amx_int8,amx_tile,fma",True,True,,256,128,sh14l07002s1404,3.11.9,2.1.2+cu121
20260424_010536,2026-04-24T06:14:18.694693,cpu,full_mlp_capacity_search_hd512_depth3,/home/liangyi/SRS_AI/Model_AIIC_refactor/experiments_refactored/20260422_050408_full_mlp_capacity_search_v2/full_mlp_capacity_search_hd512_depth3,full_mlp_capacity_search_v2,full_mlp_capacity_search_hd512_depth3,supervised_nmse_plateau,full_mlp,12,6,jit,bf16,bfloat16,2,8,ok,,48.684171,20,50,0.06785182000000001,0.004664306262200201,0.05876,0.067191,0.0745837,0.0756349,0.08007761,0.083709,29475.996369736287,29.475996369736286,67.191,33.5955,3684.499546217036,86672,86016,172760,sub-physical,0.0625,0.03125,Intel(R) Xeon(R) 6760P,AVX512,"avx2,avx512f,avx512bw,avx512vl,avx512_vnni,avx512_bf16,amx_bf16,amx_int8,amx_tile,fma",True,True,,256,128,sh14l07002s1404,3.11.9,2.1.2+cu121
20260424_010536,2026-04-24T06:14:18.694693,cpu,full_mlp_capacity_search_hd512_depth3,/home/liangyi/SRS_AI/Model_AIIC_refactor/experiments_refactored/20260422_050408_full_mlp_capacity_search_v2/full_mlp_capacity_search_hd512_depth3,full_mlp_capacity_search_v2,full_mlp_capacity_search_hd512_depth3,supervised_nmse_plateau,full_mlp,12,6,jit,bf16,bfloat16,2,128,ok,,71.935937,20,50,0.18989046,0.013577275369101123,0.167459,0.1877475,0.2115708,0.21795859999999997,0.22690443999999999,0.232365,10532.387988317052,10.532387988317051,187.7475,93.87375,82.28428115872697,86672,86016,172760,all-physical,1.0,0.5,Intel(R) Xeon(R) 6760P,AVX512,"avx2,avx512f,avx512bw,avx512vl,avx512_vnni,avx512_bf16,amx_bf16,amx_int8,amx_tile,fma",True,True,,256,128,sh14l07002s1404,3.11.9,2.1.2+cu121
20260424_010536,2026-04-24T06:14:18.694693,cpu,full_mlp_capacity_search_hd512_depth3,/home/liangyi/SRS_AI/Model_AIIC_refactor/experiments_refactored/20260422_050408_full_mlp_capacity_search_v2/full_mlp_capacity_search_hd512_depth3,full_mlp_capacity_search_v2,full_mlp_capacity_search_hd512_depth3,supervised_nmse_plateau,full_mlp,12,6,jit,bf16,bfloat16,4,1,ok,,50.037783,20,50,0.0557297,0.0016463973912758726,0.052782,0.0559985,0.0577801,0.05863725,0.059390759999999994,0.059771,71775.01404098712,71.77501404098713,55.9985,13.999625,71775.01404098712,86672,86016,172760,single-thread,0.0078125,0.00390625,Intel(R) Xeon(R) 6760P,AVX512,"avx2,avx512f,avx512bw,avx512vl,avx512_vnni,avx512_bf16,amx_bf16,amx_int8,amx_tile,fma",True,True,,256,128,sh14l07002s1404,3.11.9,2.1.2+cu121
20260424_010536,2026-04-24T06:14:18.694693,cpu,full_mlp_capacity_search_hd512_depth3,/home/liangyi/SRS_AI/Model_AIIC_refactor/experiments_refactored/20260422_050408_full_mlp_capacity_search_v2/full_mlp_capacity_search_hd512_depth3,full_mlp_capacity_search_v2,full_mlp_capacity_search_hd512_depth3,supervised_nmse_plateau,full_mlp,12,6,jit,bf16,bfloat16,4,2,ok,,48.408771,20,50,0.06159978,0.004496117232857703,0.055875,0.060058,0.0676002,0.07078245,0.07354938,0.073813,64935.29684683938,64.93529684683938,60.058,15.0145,32467.64842341969,86672,86016,172760,sub-physical,0.015625,0.0078125,Intel(R) Xeon(R) 6760P,AVX512,"avx2,avx512f,avx512bw,avx512vl,avx512_vnni,avx512_bf16,amx_bf16,amx_int8,amx_tile,fma",True,True,,256,128,sh14l07002s1404,3.11.9,2.1.2+cu121
20260424_010536,2026-04-24T06:14:18.694693,cpu,full_mlp_capacity_search_hd512_depth3,/home/liangyi/SRS_AI/Model_AIIC_refactor/experiments_refactored/20260422_050408_full_mlp_capacity_search_v2/full_mlp_capacity_search_hd512_depth3,full_mlp_capacity_search_v2,full_mlp_capacity_search_hd512_depth3,supervised_nmse_plateau,full_mlp,12,6,jit,bf16,bfloat16,4,4,ok,,47.344701,20,50,0.0654974,0.003419050821500025,0.05994,0.065408,0.0696525,0.0706875,0.07208527999999999,0.072834,61071.126487463625,61.07112648746362,65.40799999999999,16.351999999999997,15267.781621865906,86672,86016,172760,sub-physical,0.03125,0.015625,Intel(R) Xeon(R) 6760P,AVX512,"avx2,avx512f,avx512bw,avx512vl,avx512_vnni,avx512_bf16,amx_bf16,amx_int8,amx_tile,fma",True,True,,256,128,sh14l07002s1404,3.11.9,2.1.2+cu121
20260424_010536,2026-04-24T06:14:18.694693,cpu,full_mlp_capacity_search_hd512_depth3,/home/liangyi/SRS_AI/Model_AIIC_refactor/experiments_refactored/20260422_050408_full_mlp_capacity_search_v2/full_mlp_capacity_search_hd512_depth3,full_mlp_capacity_search_v2,full_mlp_capacity_search_hd512_depth3,supervised_nmse_plateau,full_mlp,12,6,jit,bf16,bfloat16,4,8,ok,,47.605414,20,50,0.0657838,0.003635248151089551,0.058294,0.0653445,0.0707072,0.0713892,0.07437119,0.075042,60805.243844229124,60.805243844229125,65.3445,16.336125,7600.6554805286405,86672,86016,172760,sub-physical,0.0625,0.03125,Intel(R) Xeon(R) 6760P,AVX512,"avx2,avx512f,avx512bw,avx512vl,avx512_vnni,avx512_bf16,amx_bf16,amx_int8,amx_tile,fma",True,True,,256,128,sh14l07002s1404,3.11.9,2.1.2+cu121
20260424_010536,2026-04-24T06:14:18.694693,cpu,full_mlp_capacity_search_hd512_depth3,/home/liangyi/SRS_AI/Model_AIIC_refactor/experiments_refactored/20260422_050408_full_mlp_capacity_search_v2/full_mlp_capacity_search_hd512_depth3,full_mlp_capacity_search_v2,full_mlp_capacity_search_hd512_depth3,supervised_nmse_plateau,full_mlp,12,6,jit,bf16,bfloat16,4,128,ok,,112.668663,20,50,0.20613018,0.015922701939922134,0.187164,0.201824,0.2295355,0.24643625,0.25204154,0.254077,19405.21276408918,19.405212764089182,201.824,50.456,151.60322471944673,86672,86016,172760,all-physical,1.0,0.5,Intel(R) Xeon(R) 6760P,AVX512,"avx2,avx512f,avx512bw,avx512vl,avx512_vnni,avx512_bf16,amx_bf16,amx_int8,amx_tile,fma",True,True,,256,128,sh14l07002s1404,3.11.9,2.1.2+cu121
20260424_010536,2026-04-24T06:14:18.694693,cpu,full_mlp_capacity_search_hd512_depth3,/home/liangyi/SRS_AI/Model_AIIC_refactor/experiments_refactored/20260422_050408_full_mlp_capacity_search_v2/full_mlp_capacity_search_hd512_depth3,full_mlp_capacity_search_v2,full_mlp_capacity_search_hd512_depth3,supervised_nmse_plateau,full_mlp,12,6,jit,bf16,bfloat16,8,1,ok,,47.988042,20,50,0.05702346,0.0031046550675397104,0.05106,0.057239,0.0600192,0.06337380000000001,0.06449347,0.064541,140293.13549195367,140.29313549195368,57.239,7.154875,140293.13549195367,86672,86016,172760,single-thread,0.0078125,0.00390625,Intel(R) Xeon(R) 6760P,AVX512,"avx2,avx512f,avx512bw,avx512vl,avx512_vnni,avx512_bf16,amx_bf16,amx_int8,amx_tile,fma",True,True,,256,128,sh14l07002s1404,3.11.9,2.1.2+cu121
20260424_010536,2026-04-24T06:14:18.694693,cpu,full_mlp_capacity_search_hd512_depth3,/home/liangyi/SRS_AI/Model_AIIC_refactor/experiments_refactored/20260422_050408_full_mlp_capacity_search_v2/full_mlp_capacity_search_hd512_depth3,full_mlp_capacity_search_v2,full_mlp_capacity_search_hd512_depth3,supervised_nmse_plateau,full_mlp,12,6,jit,bf16,bfloat16,8,2,ok,,47.312099,20,50,0.06832624,0.004824542840767402,0.060098,0.06823950000000001,0.0734336,0.07486939999999999,0.08280777999999998,0.088775,117085.3247595653,117.0853247595653,68.2395,8.5299375,58542.66237978265,86672,86016,172760,sub-physical,0.015625,0.0078125,Intel(R) Xeon(R) 6760P,AVX512,"avx2,avx512f,avx512bw,avx512vl,avx512_vnni,avx512_bf16,amx_bf16,amx_int8,amx_tile,fma",True,True,,256,128,sh14l07002s1404,3.11.9,2.1.2+cu121
20260424_010536,2026-04-24T06:14:18.694693,cpu,full_mlp_capacity_search_hd512_depth3,/home/liangyi/SRS_AI/Model_AIIC_refactor/experiments_refactored/20260422_050408_full_mlp_capacity_search_v2/full_mlp_capacity_search_hd512_depth3,full_mlp_capacity_search_v2,full_mlp_capacity_search_hd512_depth3,supervised_nmse_plateau,full_mlp,12,6,jit,bf16,bfloat16,8,4,ok,,47.673843,20,50,0.07074924,0.0033993806527660305,0.062324,0.070738,0.0747081,0.0762857,0.07949819,0.0811,113075.41960874775,113.07541960874775,70.738,8.84225,28268.854902186937,86672,86016,172760,sub-physical,0.03125,0.015625,Intel(R) Xeon(R) 6760P,AVX512,"avx2,avx512f,avx512bw,avx512vl,avx512_vnni,avx512_bf16,amx_bf16,amx_int8,amx_tile,fma",True,True,,256,128,sh14l07002s1404,3.11.9,2.1.2+cu121
20260424_010536,2026-04-24T06:14:18.694693,cpu,full_mlp_capacity_search_hd512_depth3,/home/liangyi/SRS_AI/Model_AIIC_refactor/experiments_refactored/20260422_050408_full_mlp_capacity_search_v2/full_mlp_capacity_search_hd512_depth3,full_mlp_capacity_search_v2,full_mlp_capacity_search_hd512_depth3,supervised_nmse_plateau,full_mlp,12,6,jit,bf16,bfloat16,8,8,ok,,49.518921,20,50,0.0660692,0.003190222857419211,0.060147,0.0656835,0.0703719,0.07137244999999999,0.07381040999999999,0.07606,121085.16525097929,121.08516525097929,65.68350000000001,8.210437500000001,15135.645656372411,86672,86016,172760,sub-physical,0.0625,0.03125,Intel(R) Xeon(R) 6760P,AVX512,"avx2,avx512f,avx512bw,avx512vl,avx512_vnni,avx512_bf16,amx_bf16,amx_int8,amx_tile,fma",True,True,,256,128,sh14l07002s1404,3.11.9,2.1.2+cu121
20260424_010536,2026-04-24T06:14:18.694693,cpu,full_mlp_capacity_search_hd512_depth3,/home/liangyi/SRS_AI/Model_AIIC_refactor/experiments_refactored/20260422_050408_full_mlp_capacity_search_v2/full_mlp_capacity_search_hd512_depth3,full_mlp_capacity_search_v2,full_mlp_capacity_search_hd512_depth3,supervised_nmse_plateau,full_mlp,12,6,jit,bf16,bfloat16,8,128,ok,,80.084797,20,50,0.22014576,0.011759190240080307,0.199883,0.218657,0.2357508,0.24182714999999996,0.25187792,0.254275,36339.559753501504,36.339559753501504,218.65699999999998,27.332124999999998,283.9028105742305,86672,86016,172760,all-physical,1.0,0.5,Intel(R) Xeon(R) 6760P,AVX512,"avx2,avx512f,avx512bw,avx512vl,avx512_vnni,avx512_bf16,amx_bf16,amx_int8,amx_tile,fma",True,True,,256,128,sh14l07002s1404,3.11.9,2.1.2+cu121
20260424_010536,2026-04-24T06:14:18.694693,cpu,full_mlp_capacity_search_hd512_depth3,/home/liangyi/SRS_AI/Model_AIIC_refactor/experiments_refactored/20260422_050408_full_mlp_capacity_search_v2/full_mlp_capacity_search_hd512_depth3,full_mlp_capacity_search_v2,full_mlp_capacity_search_hd512_depth3,supervised_nmse_plateau,full_mlp,12,6,jit,bf16,bfloat16,16,1,ok,,49.492234,20,50,0.06125534,0.0027777769140807547,0.05547,0.061843499999999996,0.0647775,0.0654253,0.06607829,0.066607,261201.71727069022,261.2017172706902,61.8435,3.86521875,261201.71727069022,86672,86016,172760,single-thread,0.0078125,0.00390625,Intel(R) Xeon(R) 6760P,AVX512,"avx2,avx512f,avx512bw,avx512vl,avx512_vnni,avx512_bf16,amx_bf16,amx_int8,amx_tile,fma",True,True,,256,128,sh14l07002s1404,3.11.9,2.1.2+cu121
20260424_010536,2026-04-24T06:14:18.694693,cpu,full_mlp_capacity_search_hd512_depth3,/home/liangyi/SRS_AI/Model_AIIC_refactor/experiments_refactored/20260422_050408_full_mlp_capacity_search_v2/full_mlp_capacity_search_hd512_depth3,full_mlp_capacity_search_v2,full_mlp_capacity_search_hd512_depth3,supervised_nmse_plateau,full_mlp,12,6,jit,bf16,bfloat16,16,2,ok,,47.281545,20,50,0.0789012,0.0042932479779299966,0.069104,0.0788065,0.0842888,0.08622364999999999,0.08801898,0.088361,202785.25548407374,202.78525548407373,78.8065,4.92540625,101392.62774203687,86672,86016,172760,sub-physical,0.015625,0.0078125,Intel(R) Xeon(R) 6760P,AVX512,"avx2,avx512f,avx512bw,avx512vl,avx512_vnni,avx512_bf16,amx_bf16,amx_int8,amx_tile,fma",True,True,,256,128,sh14l07002s1404,3.11.9,2.1.2+cu121
20260424_010536,2026-04-24T06:14:18.694693,cpu,full_mlp_capacity_search_hd512_depth3,/home/liangyi/SRS_AI/Model_AIIC_refactor/experiments_refactored/20260422_050408_full_mlp_capacity_search_v2/full_mlp_capacity_search_hd512_depth3,full_mlp_capacity_search_v2,full_mlp_capacity_search_hd512_depth3,supervised_nmse_plateau,full_mlp,12,6,jit,bf16,bfloat16,16,4,ok,,48.909994,20,50,0.07951798,0.003957442595869206,0.071321,0.079375,0.08512549999999999,0.08654184999999999,0.08800390999999999,0.089004,201212.35474039958,201.21235474039958,79.375,4.9609375,50303.088685099894,86672,86016,172760,sub-physical,0.03125,0.015625,Intel(R) Xeon(R) 6760P,AVX512,"avx2,avx512f,avx512bw,avx512vl,avx512_vnni,avx512_bf16,amx_bf16,amx_int8,amx_tile,fma",True,True,,256,128,sh14l07002s1404,3.11.9,2.1.2+cu121
20260424_010536,2026-04-24T06:14:18.694693,cpu,full_mlp_capacity_search_hd512_depth3,/home/liangyi/SRS_AI/Model_AIIC_refactor/experiments_refactored/20260422_050408_full_mlp_capacity_search_v2/full_mlp_capacity_search_hd512_depth3,full_mlp_capacity_search_v2,full_mlp_capacity_search_hd512_depth3,supervised_nmse_plateau,full_mlp,12,6,jit,bf16,bfloat16,16,8,ok,,49.421085,20,50,0.08323572,0.004621050776782268,0.07351,0.08270150000000001,0.0898612,0.09126825,0.09325223,0.093533,192225.1648691211,192.2251648691211,82.70150000000001,5.168843750000001,24028.145608640138,86672,86016,172760,sub-physical,0.0625,0.03125,Intel(R) Xeon(R) 6760P,AVX512,"avx2,avx512f,avx512bw,avx512vl,avx512_vnni,avx512_bf16,amx_bf16,amx_int8,amx_tile,fma",True,True,,256,128,sh14l07002s1404,3.11.9,2.1.2+cu121
20260424_010536,2026-04-24T06:14:18.694693,cpu,full_mlp_capacity_search_hd512_depth3,/home/liangyi/SRS_AI/Model_AIIC_refactor/experiments_refactored/20260422_050408_full_mlp_capacity_search_v2/full_mlp_capacity_search_hd512_depth3,full_mlp_capacity_search_v2,full_mlp_capacity_search_hd512_depth3,supervised_nmse_plateau,full_mlp,12,6,jit,bf16,bfloat16,16,128,ok,,70.95538,20,50,0.25981166,0.017833662262821955,0.2375,0.255292,0.28805030000000004,0.29652215,0.31343242999999993,0.322592,61583.0713679286,61.583071367928596,255.29200000000003,15.955750000000002,481.1177450619422,86672,86016,172760,all-physical,1.0,0.5,Intel(R) Xeon(R) 6760P,AVX512,"avx2,avx512f,avx512bw,avx512vl,avx512_vnni,avx512_bf16,amx_bf16,amx_int8,amx_tile,fma",True,True,,256,128,sh14l07002s1404,3.11.9,2.1.2+cu121
20260424_010536,2026-04-24T06:14:18.694693,cpu,full_mlp_capacity_search_hd512_depth3,/home/liangyi/SRS_AI/Model_AIIC_refactor/experiments_refactored/20260422_050408_full_mlp_capacity_search_v2/full_mlp_capacity_search_hd512_depth3,full_mlp_capacity_search_v2,full_mlp_capacity_search_hd512_depth3,supervised_nmse_plateau,full_mlp,12,6,jit,bf16,bfloat16,32,1,ok,,48.707255,20,50,0.06862274,0.003714136603895985,0.064647,0.0676255,0.0734159,0.07394905,0.07864750999999999,0.079726,466317.7249990309,466.3177249990309,67.6255,2.113296875,466317.7249990309,86672,86016,172760,single-thread,0.0078125,0.00390625,Intel(R) Xeon(R) 6760P,AVX512,"avx2,avx512f,avx512bw,avx512vl,avx512_vnni,avx512_bf16,amx_bf16,amx_int8,amx_tile,fma",True,True,,256,128,sh14l07002s1404,3.11.9,2.1.2+cu121
20260424_010536,2026-04-24T06:14:18.694693,cpu,full_mlp_capacity_search_hd512_depth3,/home/liangyi/SRS_AI/Model_AIIC_refactor/experiments_refactored/20260422_050408_full_mlp_capacity_search_v2/full_mlp_capacity_search_hd512_depth3,full_mlp_capacity_search_v2,full_mlp_capacity_search_hd512_depth3,supervised_nmse_plateau,full_mlp,12,6,jit,bf16,bfloat16,32,2,ok,,47.953579,20,50,0.091511,0.003939130741673853,0.085383,0.090324,0.0974552,0.0989936,0.10118442,0.101205,349684.7373539793,349.6847373539793,90.324,2.822625,174842.36867698966,86672,86016,172760,sub-physical,0.015625,0.0078125,Intel(R) Xeon(R) 6760P,AVX512,"avx2,avx512f,avx512bw,avx512vl,avx512_vnni,avx512_bf16,amx_bf16,amx_int8,amx_tile,fma",True,True,,256,128,sh14l07002s1404,3.11.9,2.1.2+cu121
20260424_010536,2026-04-24T06:14:18.694693,cpu,full_mlp_capacity_search_hd512_depth3,/home/liangyi/SRS_AI/Model_AIIC_refactor/experiments_refactored/20260422_050408_full_mlp_capacity_search_v2/full_mlp_capacity_search_hd512_depth3,full_mlp_capacity_search_v2,full_mlp_capacity_search_hd512_depth3,supervised_nmse_plateau,full_mlp,12,6,jit,bf16,bfloat16,32,4,ok,,47.820569,20,50,0.09844922,0.004706190163136207,0.086437,0.0983665,0.1046632,0.1051616,0.10708522,0.108027,325040.6656345271,325.0406656345271,98.3665,3.073953125,81260.16640863178,86672,86016,172760,sub-physical,0.03125,0.015625,Intel(R) Xeon(R) 6760P,AVX512,"avx2,avx512f,avx512bw,avx512vl,avx512_vnni,avx512_bf16,amx_bf16,amx_int8,amx_tile,fma",True,True,,256,128,sh14l07002s1404,3.11.9,2.1.2+cu121
20260424_010536,2026-04-24T06:14:18.694693,cpu,full_mlp_capacity_search_hd512_depth3,/home/liangyi/SRS_AI/Model_AIIC_refactor/experiments_refactored/20260422_050408_full_mlp_capacity_search_v2/full_mlp_capacity_search_hd512_depth3,full_mlp_capacity_search_v2,full_mlp_capacity_search_hd512_depth3,supervised_nmse_plateau,full_mlp,12,6,jit,bf16,bfloat16,32,8,ok,,48.192471,20,50,0.10335196,0.00537138277526374,0.0938,0.102615,0.11058950000000001,0.1115766,0.11618285,0.1162,309621.607563127,309.621607563127,102.615,3.20671875,38702.700945390876,86672,86016,172760,sub-physical,0.0625,0.03125,Intel(R) Xeon(R) 6760P,AVX512,"avx2,avx512f,avx512bw,avx512vl,avx512_vnni,avx512_bf16,amx_bf16,amx_int8,amx_tile,fma",True,True,,256,128,sh14l07002s1404,3.11.9,2.1.2+cu121
20260424_010536,2026-04-24T06:14:18.694693,cpu,full_mlp_capacity_search_hd512_depth3,/home/liangyi/SRS_AI/Model_AIIC_refactor/experiments_refactored/20260422_050408_full_mlp_capacity_search_v2/full_mlp_capacity_search_hd512_depth3,full_mlp_capacity_search_v2,full_mlp_capacity_search_hd512_depth3,supervised_nmse_plateau,full_mlp,12,6,jit,bf16,bfloat16,32,128,ok,,83.709568,20,50,0.29902188,0.022065299655921283,0.262204,0.29999,0.3256794,0.34261349999999996,0.35203777999999997,0.352272,107015.58026456124,107.01558026456124,299.98999999999995,9.374687499999999,836.0592208168847,86672,86016,172760,all-physical,1.0,0.5,Intel(R) Xeon(R) 6760P,AVX512,"avx2,avx512f,avx512bw,avx512vl,avx512_vnni,avx512_bf16,amx_bf16,amx_int8,amx_tile,fma",True,True,,256,128,sh14l07002s1404,3.11.9,2.1.2+cu121
20260424_010536,2026-04-24T06:14:18.694693,cpu,full_mlp_capacity_search_hd512_depth3,/home/liangyi/SRS_AI/Model_AIIC_refactor/experiments_refactored/20260422_050408_full_mlp_capacity_search_v2/full_mlp_capacity_search_hd512_depth3,full_mlp_capacity_search_v2,full_mlp_capacity_search_hd512_depth3,supervised_nmse_plateau,full_mlp,12,6,jit,bf16,bfloat16,64,1,ok,,51.749673,20,50,0.08935282,0.003274190817224922,0.084237,0.08960950000000001,0.09204219999999999,0.09363195,0.10010105999999999,0.102799,716261.6691896238,716.2616691896238,89.60950000000001,1.4001484375000002,716261.6691896238,86672,86016,172760,single-thread,0.0078125,0.00390625,Intel(R) Xeon(R) 6760P,AVX512,"avx2,avx512f,avx512bw,avx512vl,avx512_vnni,avx512_bf16,amx_bf16,amx_int8,amx_tile,fma",True,True,,256,128,sh14l07002s1404,3.11.9,2.1.2+cu121
20260424_010536,2026-04-24T06:14:18.694693,cpu,full_mlp_capacity_search_hd512_depth3,/home/liangyi/SRS_AI/Model_AIIC_refactor/experiments_refactored/20260422_050408_full_mlp_capacity_search_v2/full_mlp_capacity_search_hd512_depth3,full_mlp_capacity_search_v2,full_mlp_capacity_search_hd512_depth3,supervised_nmse_plateau,full_mlp,12,6,jit,bf16,bfloat16,64,2,ok,,50.849727,20,50,0.12720188,0.00464402151864093,0.117004,0.12690800000000002,0.1335751,0.13559175,0.13885714999999998,0.141437,503137.21778325917,503.1372177832592,126.90800000000002,1.9829375000000002,251568.60889162958,86672,86016,172760,sub-physical,0.015625,0.0078125,Intel(R) Xeon(R) 6760P,AVX512,"avx2,avx512f,avx512bw,avx512vl,avx512_vnni,avx512_bf16,amx_bf16,amx_int8,amx_tile,fma",True,True,,256,128,sh14l07002s1404,3.11.9,2.1.2+cu121
20260424_010536,2026-04-24T06:14:18.694693,cpu,full_mlp_capacity_search_hd512_depth3,/home/liangyi/SRS_AI/Model_AIIC_refactor/experiments_refactored/20260422_050408_full_mlp_capacity_search_v2/full_mlp_capacity_search_hd512_depth3,full_mlp_capacity_search_v2,full_mlp_capacity_search_hd512_depth3,supervised_nmse_plateau,full_mlp,12,6,jit,bf16,bfloat16,64,4,ok,,50.849619,20,50,0.1215287,0.006116742264473793,0.110543,0.12079000000000001,0.1296207,0.1322128,0.13813338,0.140014,526624.5751003672,526.6245751003672,120.79,1.88734375,131656.1437750918,86672,86016,172760,sub-physical,0.03125,0.015625,Intel(R) Xeon(R) 6760P,AVX512,"avx2,avx512f,avx512bw,avx512vl,avx512_vnni,avx512_bf16,amx_bf16,amx_int8,amx_tile,fma",True,True,,256,128,sh14l07002s1404,3.11.9,2.1.2+cu121
20260424_010536,2026-04-24T06:14:18.694693,cpu,full_mlp_capacity_search_hd512_depth3,/home/liangyi/SRS_AI/Model_AIIC_refactor/experiments_refactored/20260422_050408_full_mlp_capacity_search_v2/full_mlp_capacity_search_hd512_depth3,full_mlp_capacity_search_v2,full_mlp_capacity_search_hd512_depth3,supervised_nmse_plateau,full_mlp,12,6,jit,bf16,bfloat16,64,8,ok,,50.268564,20,50,0.12397852,0.007832303002923214,0.106919,0.1245105,0.1295453,0.13172584999999998,0.14797898999999995,0.160547,516218.4546161706,516.2184546161706,124.5105,1.9454765625,64527.306827021326,86672,86016,172760,sub-physical,0.0625,0.03125,Intel(R) Xeon(R) 6760P,AVX512,"avx2,avx512f,avx512bw,avx512vl,avx512_vnni,avx512_bf16,amx_bf16,amx_int8,amx_tile,fma",True,True,,256,128,sh14l07002s1404,3.11.9,2.1.2+cu121
20260424_010536,2026-04-24T06:14:18.694693,cpu,full_mlp_capacity_search_hd512_depth3,/home/liangyi/SRS_AI/Model_AIIC_refactor/experiments_refactored/20260422_050408_full_mlp_capacity_search_v2/full_mlp_capacity_search_hd512_depth3,full_mlp_capacity_search_v2,full_mlp_capacity_search_hd512_depth3,supervised_nmse_plateau,full_mlp,12,6,jit,bf16,bfloat16,64,128,ok,,76.359147,20,50,0.33702212,0.019407608170653075,0.306515,0.3344545,0.3650754,0.37013029999999997,0.39271218,0.39277,189898.51467316152,189.89851467316151,334.4545,5.2258515625,1483.5821458840744,86672,86016,172760,all-physical,1.0,0.5,Intel(R) Xeon(R) 6760P,AVX512,"avx2,avx512f,avx512bw,avx512vl,avx512_vnni,avx512_bf16,amx_bf16,amx_int8,amx_tile,fma",True,True,,256,128,sh14l07002s1404,3.11.9,2.1.2+cu121
20260424_010536,2026-04-24T06:14:18.694693,cpu,full_mlp_capacity_search_hd512_depth3,/home/liangyi/SRS_AI/Model_AIIC_refactor/experiments_refactored/20260422_050408_full_mlp_capacity_search_v2/full_mlp_capacity_search_hd512_depth3,full_mlp_capacity_search_v2,full_mlp_capacity_search_hd512_depth3,supervised_nmse_plateau,full_mlp,12,6,jit,bf16,bfloat16,128,1,ok,,50.771253,20,50,0.12573496,0.005381662345260988,0.121406,0.1232675,0.13132829999999998,0.1346034,0.14604439,0.147803,1018014.4010862213,1018.0144010862214,123.2675,0.96302734375,1018014.4010862213,86672,86016,172760,single-thread,0.0078125,0.00390625,Intel(R) Xeon(R) 6760P,AVX512,"avx2,avx512f,avx512bw,avx512vl,avx512_vnni,avx512_bf16,amx_bf16,amx_int8,amx_tile,fma",True,True,,256,128,sh14l07002s1404,3.11.9,2.1.2+cu121
20260424_010536,2026-04-24T06:14:18.694693,cpu,full_mlp_capacity_search_hd512_depth3,/home/liangyi/SRS_AI/Model_AIIC_refactor/experiments_refactored/20260422_050408_full_mlp_capacity_search_v2/full_mlp_capacity_search_hd512_depth3,full_mlp_capacity_search_v2,full_mlp_capacity_search_hd512_depth3,supervised_nmse_plateau,full_mlp,12,6,jit,bf16,bfloat16,128,2,ok,,49.605222,20,50,0.16030876,0.0054789339165936275,0.147731,0.15897899999999998,0.16731659999999998,0.1687457,0.17420237,0.17498,798459.1734101119,798.4591734101119,158.97899999999998,1.2420234374999999,399229.58670505596,86672,86016,172760,sub-physical,0.015625,0.0078125,Intel(R) Xeon(R) 6760P,AVX512,"avx2,avx512f,avx512bw,avx512vl,avx512_vnni,avx512_bf16,amx_bf16,amx_int8,amx_tile,fma",True,True,,256,128,sh14l07002s1404,3.11.9,2.1.2+cu121
20260424_010536,2026-04-24T06:14:18.694693,cpu,full_mlp_capacity_search_hd512_depth3,/home/liangyi/SRS_AI/Model_AIIC_refactor/experiments_refactored/20260422_050408_full_mlp_capacity_search_v2/full_mlp_capacity_search_hd512_depth3,full_mlp_capacity_search_v2,full_mlp_capacity_search_hd512_depth3,supervised_nmse_plateau,full_mlp,12,6,jit,bf16,bfloat16,128,4,ok,,49.907249,20,50,0.16841848,0.005801443093713839,0.154403,0.1691305,0.17483569999999998,0.1767683,0.18032307,0.180498,760011.60917733,760.01160917733,169.13049999999998,1.3213320312499999,190002.9022943325,86672,86016,172760,sub-physical,0.03125,0.015625,Intel(R) Xeon(R) 6760P,AVX512,"avx2,avx512f,avx512bw,avx512vl,avx512_vnni,avx512_bf16,amx_bf16,amx_int8,amx_tile,fma",True,True,,256,128,sh14l07002s1404,3.11.9,2.1.2+cu121
20260424_010536,2026-04-24T06:14:18.694693,cpu,full_mlp_capacity_search_hd512_depth3,/home/liangyi/SRS_AI/Model_AIIC_refactor/experiments_refactored/20260422_050408_full_mlp_capacity_search_v2/full_mlp_capacity_search_hd512_depth3,full_mlp_capacity_search_v2,full_mlp_capacity_search_hd512_depth3,supervised_nmse_plateau,full_mlp,12,6,jit,bf16,bfloat16,128,8,ok,,50.845283,20,50,0.1601358,0.007330697322901827,0.152796,0.158339,0.1647112,0.1696285,0.19016154999999998,0.198004,799321.5758125291,799.3215758125291,158.339,1.2370234375,99915.19697656613,86672,86016,172760,sub-physical,0.0625,0.03125,Intel(R) Xeon(R) 6760P,AVX512,"avx2,avx512f,avx512bw,avx512vl,avx512_vnni,avx512_bf16,amx_bf16,amx_int8,amx_tile,fma",True,True,,256,128,sh14l07002s1404,3.11.9,2.1.2+cu121
20260424_010536,2026-04-24T06:14:18.694693,cpu,full_mlp_capacity_search_hd512_depth3,/home/liangyi/SRS_AI/Model_AIIC_refactor/experiments_refactored/20260422_050408_full_mlp_capacity_search_v2/full_mlp_capacity_search_hd512_depth3,full_mlp_capacity_search_v2,full_mlp_capacity_search_hd512_depth3,supervised_nmse_plateau,full_mlp,12,6,jit,bf16,bfloat16,128,128,ok,,89.881065,20,50,0.51647664,0.03632914729787089,0.396656,0.521644,0.5585885,0.56360565,0.5736871499999999,0.5771,247833.08689430755,247.83308689430754,521.644,4.07534375,1936.1959913617777,86672,86016,172760,all-physical,1.0,0.5,Intel(R) Xeon(R) 6760P,AVX512,"avx2,avx512f,avx512bw,avx512vl,avx512_vnni,avx512_bf16,amx_bf16,amx_int8,amx_tile,fma",True,True,,256,128,sh14l07002s1404,3.11.9,2.1.2+cu121
20260424_010536,2026-04-24T06:14:18.694693,cpu,full_mlp_capacity_search_hd512_depth3,/home/liangyi/SRS_AI/Model_AIIC_refactor/experiments_refactored/20260422_050408_full_mlp_capacity_search_v2/full_mlp_capacity_search_hd512_depth3,full_mlp_capacity_search_v2,full_mlp_capacity_search_hd512_depth3,supervised_nmse_plateau,full_mlp,12,6,compile,fp32,float32,1,1,ok,,509.048027,20,50,0.04029626,0.0026102515189919914,0.036762,0.039074,0.0434779,0.044345499999999996,0.04791611999999999,0.048657,24816.198823414383,24.816198823414382,39.074,39.074,24816.198823414383,86672,86016,172760,single-thread,0.0078125,0.00390625,Intel(R) Xeon(R) 6760P,AVX512,"avx2,avx512f,avx512bw,avx512vl,avx512_vnni,avx512_bf16,amx_bf16,amx_int8,amx_tile,fma",True,True,,256,128,sh14l07002s1404,3.11.9,2.1.2+cu121
20260424_010536,2026-04-24T06:14:18.694693,cpu,full_mlp_capacity_search_hd512_depth3,/home/liangyi/SRS_AI/Model_AIIC_refactor/experiments_refactored/20260422_050408_full_mlp_capacity_search_v2/full_mlp_capacity_search_hd512_depth3,full_mlp_capacity_search_v2,full_mlp_capacity_search_hd512_depth3,supervised_nmse_plateau,full_mlp,12,6,compile,fp32,float32,1,2,ok,,507.326027,20,50,0.053061,0.0050577407683668404,0.049381,0.052142999999999995,0.0552562,0.05724534999999999,0.07280985999999995,0.085102,18846.233580218992,18.846233580218993,52.142999999999994,52.142999999999994,9423.116790109496,86672,86016,172760,sub-physical,0.015625,0.0078125,Intel(R) Xeon(R) 6760P,AVX512,"avx2,avx512f,avx512bw,avx512vl,avx512_vnni,avx512_bf16,amx_bf16,amx_int8,amx_tile,fma",True,True,,256,128,sh14l07002s1404,3.11.9,2.1.2+cu121
20260424_010536,2026-04-24T06:14:18.694693,cpu,full_mlp_capacity_search_hd512_depth3,/home/liangyi/SRS_AI/Model_AIIC_refactor/experiments_refactored/20260422_050408_full_mlp_capacity_search_v2/full_mlp_capacity_search_hd512_depth3,full_mlp_capacity_search_v2,full_mlp_capacity_search_hd512_depth3,supervised_nmse_plateau,full_mlp,12,6,compile,fp32,float32,1,4,ok,,508.821213,20,50,0.043328939999999996,0.006904002698174444,0.039956,0.0420185,0.0441043,0.04502785,0.07164440999999992,0.08977,23079.262959121552,23.07926295912155,42.0185,42.0185,5769.815739780388,86672,86016,172760,sub-physical,0.03125,0.015625,Intel(R) Xeon(R) 6760P,AVX512,"avx2,avx512f,avx512bw,avx512vl,avx512_vnni,avx512_bf16,amx_bf16,amx_int8,amx_tile,fma",True,True,,256,128,sh14l07002s1404,3.11.9,2.1.2+cu121
20260424_010536,2026-04-24T06:14:18.694693,cpu,full_mlp_capacity_search_hd512_depth3,/home/liangyi/SRS_AI/Model_AIIC_refactor/experiments_refactored/20260422_050408_full_mlp_capacity_search_v2/full_mlp_capacity_search_hd512_depth3,full_mlp_capacity_search_v2,full_mlp_capacity_search_hd512_depth3,supervised_nmse_plateau,full_mlp,12,6,compile,fp32,float32,1,8,ok,,498.384037,20,50,0.04135174,0.0021635083619898493,0.038915,0.040964,0.0431666,0.0434722,0.050285659999999996,0.051837,24182.779249434247,24.182779249434248,40.964,40.964,3022.847406179281,86672,86016,172760,sub-physical,0.0625,0.03125,Intel(R) Xeon(R) 6760P,AVX512,"avx2,avx512f,avx512bw,avx512vl,avx512_vnni,avx512_bf16,amx_bf16,amx_int8,amx_tile,fma",True,True,,256,128,sh14l07002s1404,3.11.9,2.1.2+cu121
20260424_010536,2026-04-24T06:14:18.694693,cpu,full_mlp_capacity_search_hd512_depth3,/home/liangyi/SRS_AI/Model_AIIC_refactor/experiments_refactored/20260422_050408_full_mlp_capacity_search_v2/full_mlp_capacity_search_hd512_depth3,full_mlp_capacity_search_v2,full_mlp_capacity_search_hd512_depth3,supervised_nmse_plateau,full_mlp,12,6,compile,fp32,float32,1,128,ok,,654.91451,20,50,0.03923602,0.0023324624883586014,0.036116,0.038403,0.042633500000000005,0.04280705,0.04547105999999999,0.047924,25486.784847188883,25.486784847188883,38.403,38.403,199.11550661866315,86672,86016,172760,all-physical,1.0,0.5,Intel(R) Xeon(R) 6760P,AVX512,"avx2,avx512f,avx512bw,avx512vl,avx512_vnni,avx512_bf16,amx_bf16,amx_int8,amx_tile,fma",True,True,,256,128,sh14l07002s1404,3.11.9,2.1.2+cu121
20260424_010536,2026-04-24T06:14:18.694693,cpu,full_mlp_capacity_search_hd512_depth3,/home/liangyi/SRS_AI/Model_AIIC_refactor/experiments_refactored/20260422_050408_full_mlp_capacity_search_v2/full_mlp_capacity_search_hd512_depth3,full_mlp_capacity_search_v2,full_mlp_capacity_search_hd512_depth3,supervised_nmse_plateau,full_mlp,12,6,compile,fp32,float32,2,1,ok,,496.625825,20,50,0.03878456,0.002586418907756437,0.035186,0.038169999999999996,0.041105600000000006,0.0442888,0.04760924999999999,0.049802,51566.91219392459,51.56691219392459,38.169999999999995,19.084999999999997,51566.91219392459,86672,86016,172760,single-thread,0.0078125,0.00390625,Intel(R) Xeon(R) 6760P,AVX512,"avx2,avx512f,avx512bw,avx512vl,avx512_vnni,avx512_bf16,amx_bf16,amx_int8,amx_tile,fma",True,True,,256,128,sh14l07002s1404,3.11.9,2.1.2+cu121
20260424_010536,2026-04-24T06:14:18.694693,cpu,full_mlp_capacity_search_hd512_depth3,/home/liangyi/SRS_AI/Model_AIIC_refactor/experiments_refactored/20260422_050408_full_mlp_capacity_search_v2/full_mlp_capacity_search_hd512_depth3,full_mlp_capacity_search_v2,full_mlp_capacity_search_hd512_depth3,supervised_nmse_plateau,full_mlp,12,6,compile,fp32,float32,2,2,ok,,507.988698,20,50,0.040503700000000004,0.0033933657996154786,0.036725,0.038932,0.0442798,0.04471875,0.04992498999999998,0.054506,49378.204954115296,49.3782049541153,38.932,19.466,24689.102477057648,86672,86016,172760,sub-physical,0.015625,0.0078125,Intel(R) Xeon(R) 6760P,AVX512,"avx2,avx512f,avx512bw,avx512vl,avx512_vnni,avx512_bf16,amx_bf16,amx_int8,amx_tile,fma",True,True,,256,128,sh14l07002s1404,3.11.9,2.1.2+cu121
20260424_010536,2026-04-24T06:14:18.694693,cpu,full_mlp_capacity_search_hd512_depth3,/home/liangyi/SRS_AI/Model_AIIC_refactor/experiments_refactored/20260422_050408_full_mlp_capacity_search_v2/full_mlp_capacity_search_hd512_depth3,full_mlp_capacity_search_v2,full_mlp_capacity_search_hd512_depth3,supervised_nmse_plateau,full_mlp,12,6,compile,fp32,float32,2,4,ok,,502.361355,20,50,0.04456208,0.0020906646487660334,0.041884,0.044298000000000004,0.0463043,0.04749849999999999,0.05270784,0.053386,44881.2084175604,44.8812084175604,44.298,22.149,11220.3021043901,86672,86016,172760,sub-physical,0.03125,0.015625,Intel(R) Xeon(R) 6760P,AVX512,"avx2,avx512f,avx512bw,avx512vl,avx512_vnni,avx512_bf16,amx_bf16,amx_int8,amx_tile,fma",True,True,,256,128,sh14l07002s1404,3.11.9,2.1.2+cu121
20260424_010536,2026-04-24T06:14:18.694693,cpu,full_mlp_capacity_search_hd512_depth3,/home/liangyi/SRS_AI/Model_AIIC_refactor/experiments_refactored/20260422_050408_full_mlp_capacity_search_v2/full_mlp_capacity_search_hd512_depth3,full_mlp_capacity_search_v2,full_mlp_capacity_search_hd512_depth3,supervised_nmse_plateau,full_mlp,12,6,compile,fp32,float32,2,8,ok,,508.60219,20,50,0.04084154,0.0015072058546860808,0.03833,0.040477,0.0428437,0.04332005,0.04411222,0.044662,48969.74991638415,48.96974991638415,40.477,20.2385,6121.218739548019,86672,86016,172760,sub-physical,0.0625,0.03125,Intel(R) Xeon(R) 6760P,AVX512,"avx2,avx512f,avx512bw,avx512vl,avx512_vnni,avx512_bf16,amx_bf16,amx_int8,amx_tile,fma",True,True,,256,128,sh14l07002s1404,3.11.9,2.1.2+cu121
20260424_010536,2026-04-24T06:14:18.694693,cpu,full_mlp_capacity_search_hd512_depth3,/home/liangyi/SRS_AI/Model_AIIC_refactor/experiments_refactored/20260422_050408_full_mlp_capacity_search_v2/full_mlp_capacity_search_hd512_depth3,full_mlp_capacity_search_v2,full_mlp_capacity_search_hd512_depth3,supervised_nmse_plateau,full_mlp,12,6,compile,fp32,float32,2,128,ok,,548.436432,20,50,0.04244238,0.0024826569387654024,0.03927,0.0412295,0.0458839,0.0466553,0.04917301999999999,0.050644,47122.710837610895,47.122710837610896,41.2295,20.61475,368.1461784188351,86672,86016,172760,all-physical,1.0,0.5,Intel(R) Xeon(R) 6760P,AVX512,"avx2,avx512f,avx512bw,avx512vl,avx512_vnni,avx512_bf16,amx_bf16,amx_int8,amx_tile,fma",True,True,,256,128,sh14l07002s1404,3.11.9,2.1.2+cu121
20260424_010536,2026-04-24T06:14:18.694693,cpu,full_mlp_capacity_search_hd512_depth3,/home/liangyi/SRS_AI/Model_AIIC_refactor/experiments_refactored/20260422_050408_full_mlp_capacity_search_v2/full_mlp_capacity_search_hd512_depth3,full_mlp_capacity_search_v2,full_mlp_capacity_search_hd512_depth3,supervised_nmse_plateau,full_mlp,12,6,compile,fp32,float32,4,1,ok,,500.8644,20,50,0.04516322,0.0030228780874524195,0.042236,0.0446655,0.0467632,0.0504043,0.056655729999999974,0.061616,88567.64420251701,88.56764420251702,44.665499999999994,11.166374999999999,88567.64420251701,86672,86016,172760,single-thread,0.0078125,0.00390625,Intel(R) Xeon(R) 6760P,AVX512,"avx2,avx512f,avx512bw,avx512vl,avx512_vnni,avx512_bf16,amx_bf16,amx_int8,amx_tile,fma",True,True,,256,128,sh14l07002s1404,3.11.9,2.1.2+cu121
20260424_010536,2026-04-24T06:14:18.694693,cpu,full_mlp_capacity_search_hd512_depth3,/home/liangyi/SRS_AI/Model_AIIC_refactor/experiments_refactored/20260422_050408_full_mlp_capacity_search_v2/full_mlp_capacity_search_hd512_depth3,full_mlp_capacity_search_v2,full_mlp_capacity_search_hd512_depth3,supervised_nmse_plateau,full_mlp,12,6,compile,fp32,float32,4,2,ok,,508.560735,20,50,0.0579097,0.003076797804536399,0.054401,0.057316,0.060610500000000005,0.0630584,0.06883747999999999,0.071997,69073.05684539895,69.07305684539895,57.315999999999995,14.328999999999999,34536.52842269948,86672,86016,172760,sub-physical,0.015625,0.0078125,Intel(R) Xeon(R) 6760P,AVX512,"avx2,avx512f,avx512bw,avx512vl,avx512_vnni,avx512_bf16,amx_bf16,amx_int8,amx_tile,fma",True,True,,256,128,sh14l07002s1404,3.11.9,2.1.2+cu121
20260424_010536,2026-04-24T06:14:18.694693,cpu,full_mlp_capacity_search_hd512_depth3,/home/liangyi/SRS_AI/Model_AIIC_refactor/experiments_refactored/20260422_050408_full_mlp_capacity_search_v2/full_mlp_capacity_search_hd512_depth3,full_mlp_capacity_search_v2,full_mlp_capacity_search_hd512_depth3,supervised_nmse_plateau,full_mlp,12,6,compile,fp32,float32,4,4,ok,,508.645629,20,50,0.0522545,0.0031864518590432205,0.048851,0.051122,0.0553831,0.058963049999999996,0.06346682999999999,0.067158,76548.43123558737,76.54843123558737,51.122,12.7805,19137.107808896842,86672,86016,172760,sub-physical,0.03125,0.015625,Intel(R) Xeon(R) 6760P,AVX512,"avx2,avx512f,avx512bw,avx512vl,avx512_vnni,avx512_bf16,amx_bf16,amx_int8,amx_tile,fma",True,True,,256,128,sh14l07002s1404,3.11.9,2.1.2+cu121
20260424_010536,2026-04-24T06:14:18.694693,cpu,full_mlp_capacity_search_hd512_depth3,/home/liangyi/SRS_AI/Model_AIIC_refactor/experiments_refactored/20260422_050408_full_mlp_capacity_search_v2/full_mlp_capacity_search_hd512_depth3,full_mlp_capacity_search_v2,full_mlp_capacity_search_hd512_depth3,supervised_nmse_plateau,full_mlp,12,6,compile,fp32,float32,4,8,ok,,512.175573,20,50,0.05066724,0.0030476578059880676,0.04754,0.0497885,0.0527822,0.05657949999999999,0.06166461999999999,0.064194,78946.47507936094,78.94647507936094,49.7885,12.447125,9868.309384920118,86672,86016,172760,sub-physical,0.0625,0.03125,Intel(R) Xeon(R) 6760P,AVX512,"avx2,avx512f,avx512bw,avx512vl,avx512_vnni,avx512_bf16,amx_bf16,amx_int8,amx_tile,fma",True,True,,256,128,sh14l07002s1404,3.11.9,2.1.2+cu121
20260424_010536,2026-04-24T06:14:18.694693,cpu,full_mlp_capacity_search_hd512_depth3,/home/liangyi/SRS_AI/Model_AIIC_refactor/experiments_refactored/20260422_050408_full_mlp_capacity_search_v2/full_mlp_capacity_search_hd512_depth3,full_mlp_capacity_search_v2,full_mlp_capacity_search_hd512_depth3,supervised_nmse_plateau,full_mlp,12,6,compile,fp32,float32,4,128,ok,,648.993449,20,50,0.14188103999999999,0.010901338574615504,0.124875,0.13986949999999998,0.1567184,0.1635188,0.17019815,0.173464,28192.632362999317,28.192632362999316,139.8695,34.967375,220.25494033593216,86672,86016,172760,all-physical,1.0,0.5,Intel(R) Xeon(R) 6760P,AVX512,"avx2,avx512f,avx512bw,avx512vl,avx512_vnni,avx512_bf16,amx_bf16,amx_int8,amx_tile,fma",True,True,,256,128,sh14l07002s1404,3.11.9,2.1.2+cu121
20260424_010536,2026-04-24T06:14:18.694693,cpu,full_mlp_capacity_search_hd512_depth3,/home/liangyi/SRS_AI/Model_AIIC_refactor/experiments_refactored/20260422_050408_full_mlp_capacity_search_v2/full_mlp_capacity_search_hd512_depth3,full_mlp_capacity_search_v2,full_mlp_capacity_search_hd512_depth3,supervised_nmse_plateau,full_mlp,12,6,compile,fp32,float32,8,1,ok,,505.169331,20,50,0.04738838,0.0020164603035021543,0.044944,0.0468275,0.0492764,0.050552549999999995,0.05430543999999999,0.05663,168817.75658927357,168.81775658927359,46.8275,5.8534375,168817.75658927357,86672,86016,172760,single-thread,0.0078125,0.00390625,Intel(R) Xeon(R) 6760P,AVX512,"avx2,avx512f,avx512bw,avx512vl,avx512_vnni,avx512_bf16,amx_bf16,amx_int8,amx_tile,fma",True,True,,256,128,sh14l07002s1404,3.11.9,2.1.2+cu121
20260424_010536,2026-04-24T06:14:18.694693,cpu,full_mlp_capacity_search_hd512_depth3,/home/liangyi/SRS_AI/Model_AIIC_refactor/experiments_refactored/20260422_050408_full_mlp_capacity_search_v2/full_mlp_capacity_search_hd512_depth3,full_mlp_capacity_search_v2,full_mlp_capacity_search_hd512_depth3,supervised_nmse_plateau,full_mlp,12,6,compile,fp32,float32,8,2,ok,,509.839857,20,50,0.06703946,0.0032534138145031604,0.063651,0.06609499999999999,0.06831390000000001,0.0757707,0.07886901,0.079139,119332.70345554693,119.33270345554693,66.09499999999998,8.261874999999998,59666.351727773465,86672,86016,172760,sub-physical,0.015625,0.0078125,Intel(R) Xeon(R) 6760P,AVX512,"avx2,avx512f,avx512bw,avx512vl,avx512_vnni,avx512_bf16,amx_bf16,amx_int8,amx_tile,fma",True,True,,256,128,sh14l07002s1404,3.11.9,2.1.2+cu121
20260424_010536,2026-04-24T06:14:18.694693,cpu,full_mlp_capacity_search_hd512_depth3,/home/liangyi/SRS_AI/Model_AIIC_refactor/experiments_refactored/20260422_050408_full_mlp_capacity_search_v2/full_mlp_capacity_search_hd512_depth3,full_mlp_capacity_search_v2,full_mlp_capacity_search_hd512_depth3,supervised_nmse_plateau,full_mlp,12,6,compile,fp32,float32,8,4,ok,,507.620628,20,50,0.06294936,0.002841495308882279,0.058824,0.062295,0.0665601,0.06928139999999999,0.072492,0.073227,127086.28014645424,127.08628014645424,62.295,7.786875,31771.57003661356,86672,86016,172760,sub-physical,0.03125,0.015625,Intel(R) Xeon(R) 6760P,AVX512,"avx2,avx512f,avx512bw,avx512vl,avx512_vnni,avx512_bf16,amx_bf16,amx_int8,amx_tile,fma",True,True,,256,128,sh14l07002s1404,3.11.9,2.1.2+cu121
20260424_010536,2026-04-24T06:14:18.694693,cpu,full_mlp_capacity_search_hd512_depth3,/home/liangyi/SRS_AI/Model_AIIC_refactor/experiments_refactored/20260422_050408_full_mlp_capacity_search_v2/full_mlp_capacity_search_hd512_depth3,full_mlp_capacity_search_v2,full_mlp_capacity_search_hd512_depth3,supervised_nmse_plateau,full_mlp,12,6,compile,fp32,float32,8,8,ok,,515.214492,20,50,0.05827674,0.0030725833808702414,0.053242,0.057823,0.06300720000000001,0.06421515,0.06819668999999999,0.071048,137276.03843317248,137.2760384331725,57.823,7.227875,17159.50480414656,86672,86016,172760,sub-physical,0.0625,0.03125,Intel(R) Xeon(R) 6760P,AVX512,"avx2,avx512f,avx512bw,avx512vl,avx512_vnni,avx512_bf16,amx_bf16,amx_int8,amx_tile,fma",True,True,,256,128,sh14l07002s1404,3.11.9,2.1.2+cu121
20260424_010536,2026-04-24T06:14:18.694693,cpu,full_mlp_capacity_search_hd512_depth3,/home/liangyi/SRS_AI/Model_AIIC_refactor/experiments_refactored/20260422_050408_full_mlp_capacity_search_v2/full_mlp_capacity_search_hd512_depth3,full_mlp_capacity_search_v2,full_mlp_capacity_search_hd512_depth3,supervised_nmse_plateau,full_mlp,12,6,compile,fp32,float32,8,128,ok,,641.470014,20,50,0.14454546,0.008791921651629977,0.130651,0.1428825,0.15451030000000002,0.1633229,0.16589081,0.166151,55345.90986116064,55.34590986116064,142.8825,17.8603125,432.3899207903175,86672,86016,172760,all-physical,1.0,0.5,Intel(R) Xeon(R) 6760P,AVX512,"avx2,avx512f,avx512bw,avx512vl,avx512_vnni,avx512_bf16,amx_bf16,amx_int8,amx_tile,fma",True,True,,256,128,sh14l07002s1404,3.11.9,2.1.2+cu121
20260424_010536,2026-04-24T06:14:18.694693,cpu,full_mlp_capacity_search_hd512_depth3,/home/liangyi/SRS_AI/Model_AIIC_refactor/experiments_refactored/20260422_050408_full_mlp_capacity_search_v2/full_mlp_capacity_search_hd512_depth3,full_mlp_capacity_search_v2,full_mlp_capacity_search_hd512_depth3,supervised_nmse_plateau,full_mlp,12,6,compile,fp32,float32,16,1,ok,,496.081617,20,50,0.07621882,0.003027919858186474,0.072675,0.075501,0.07739620000000001,0.08424665,0.08708242999999999,0.088549,209921.90642678537,209.92190642678537,75.501,4.7188125,209921.90642678537,86672,86016,172760,single-thread,0.0078125,0.00390625,Intel(R) Xeon(R) 6760P,AVX512,"avx2,avx512f,avx512bw,avx512vl,avx512_vnni,avx512_bf16,amx_bf16,amx_int8,amx_tile,fma",True,True,,256,128,sh14l07002s1404,3.11.9,2.1.2+cu121
20260424_010536,2026-04-24T06:14:18.694693,cpu,full_mlp_capacity_search_hd512_depth3,/home/liangyi/SRS_AI/Model_AIIC_refactor/experiments_refactored/20260422_050408_full_mlp_capacity_search_v2/full_mlp_capacity_search_hd512_depth3,full_mlp_capacity_search_v2,full_mlp_capacity_search_hd512_depth3,supervised_nmse_plateau,full_mlp,12,6,compile,fp32,float32,16,2,ok,,500.145887,20,50,0.12000298,0.013289060878015423,0.09035,0.12563449999999998,0.1306566,0.13256385,0.13608443,0.137943,133330.02230444612,133.33002230444612,125.63449999999999,7.852156249999999,66665.01115222306,86672,86016,172760,sub-physical,0.015625,0.0078125,Intel(R) Xeon(R) 6760P,AVX512,"avx2,avx512f,avx512bw,avx512vl,avx512_vnni,avx512_bf16,amx_bf16,amx_int8,amx_tile,fma",True,True,,256,128,sh14l07002s1404,3.11.9,2.1.2+cu121
20260424_010536,2026-04-24T06:14:18.694693,cpu,full_mlp_capacity_search_hd512_depth3,/home/liangyi/SRS_AI/Model_AIIC_refactor/experiments_refactored/20260422_050408_full_mlp_capacity_search_v2/full_mlp_capacity_search_hd512_depth3,full_mlp_capacity_search_v2,full_mlp_capacity_search_hd512_depth3,supervised_nmse_plateau,full_mlp,12,6,compile,fp32,float32,16,4,ok,,508.53372,20,50,0.11226402,0.004840569162774146,0.090979,0.11256,0.11651,0.11721185,0.12101068999999999,0.124352,142521.1746381432,142.52117463814318,112.55999999999999,7.034999999999999,35630.2936595358,86672,86016,172760,sub-physical,0.03125,0.015625,Intel(R) Xeon(R) 6760P,AVX512,"avx2,avx512f,avx512bw,avx512vl,avx512_vnni,avx512_bf16,amx_bf16,amx_int8,amx_tile,fma",True,True,,256,128,sh14l07002s1404,3.11.9,2.1.2+cu121
20260424_010536,2026-04-24T06:14:18.694693,cpu,full_mlp_capacity_search_hd512_depth3,/home/liangyi/SRS_AI/Model_AIIC_refactor/experiments_refactored/20260422_050408_full_mlp_capacity_search_v2/full_mlp_capacity_search_hd512_depth3,full_mlp_capacity_search_v2,full_mlp_capacity_search_hd512_depth3,supervised_nmse_plateau,full_mlp,12,6,compile,fp32,float32,16,8,ok,,502.769775,20,50,0.07909244,0.0035367859203519797,0.072404,0.0787555,0.08382139999999999,0.0844891,0.08943739999999999,0.093328,202294.93488884653,202.29493488884654,78.75550000000001,4.922218750000001,25286.866861105816,86672,86016,172760,sub-physical,0.0625,0.03125,Intel(R) Xeon(R) 6760P,AVX512,"avx2,avx512f,avx512bw,avx512vl,avx512_vnni,avx512_bf16,amx_bf16,amx_int8,amx_tile,fma",True,True,,256,128,sh14l07002s1404,3.11.9,2.1.2+cu121
20260424_010536,2026-04-24T06:14:18.694693,cpu,full_mlp_capacity_search_hd512_depth3,/home/liangyi/SRS_AI/Model_AIIC_refactor/experiments_refactored/20260422_050408_full_mlp_capacity_search_v2/full_mlp_capacity_search_hd512_depth3,full_mlp_capacity_search_v2,full_mlp_capacity_search_hd512_depth3,supervised_nmse_plateau,full_mlp,12,6,compile,fp32,float32,16,128,ok,,555.162059,20,50,0.1618418,0.010686895339620391,0.148938,0.15978350000000002,0.1776743,0.18364034999999998,0.19375569999999998,0.198151,98861.97508925383,98.86197508925383,159.78350000000003,9.986468750000002,772.3591803847955,86672,86016,172760,all-physical,1.0,0.5,Intel(R) Xeon(R) 6760P,AVX512,"avx2,avx512f,avx512bw,avx512vl,avx512_vnni,avx512_bf16,amx_bf16,amx_int8,amx_tile,fma",True,True,,256,128,sh14l07002s1404,3.11.9,2.1.2+cu121
20260424_010536,2026-04-24T06:14:18.694693,cpu,full_mlp_capacity_search_hd512_depth3,/home/liangyi/SRS_AI/Model_AIIC_refactor/experiments_refactored/20260422_050408_full_mlp_capacity_search_v2/full_mlp_capacity_search_hd512_depth3,full_mlp_capacity_search_v2,full_mlp_capacity_search_hd512_depth3,supervised_nmse_plateau,full_mlp,12,6,compile,fp32,float32,32,1,ok,,497.24206,20,50,0.08809134,0.002611042463155282,0.085266,0.0873475,0.0902337,0.09287984999999999,0.09824942,0.099887,363259.3169771285,363.2593169771285,87.3475,2.729609375,363259.3169771285,86672,86016,172760,single-thread,0.0078125,0.00390625,Intel(R) Xeon(R) 6760P,AVX512,"avx2,avx512f,avx512bw,avx512vl,avx512_vnni,avx512_bf16,amx_bf16,amx_int8,amx_tile,fma",True,True,,256,128,sh14l07002s1404,3.11.9,2.1.2+cu121
20260424_010536,2026-04-24T06:14:18.694693,cpu,full_mlp_capacity_search_hd512_depth3,/home/liangyi/SRS_AI/Model_AIIC_refactor/experiments_refactored/20260422_050408_full_mlp_capacity_search_v2/full_mlp_capacity_search_hd512_depth3,full_mlp_capacity_search_v2,full_mlp_capacity_search_hd512_depth3,supervised_nmse_plateau,full_mlp,12,6,compile,fp32,float32,32,2,ok,,517.218547,20,50,0.14868634,0.025525552957465975,0.107846,0.1638845,0.1704224,0.17290545000000002,0.17785997,0.178275,215218.15655695068,215.21815655695067,163.8845,5.121390625,107609.07827847534,86672,86016,172760,sub-physical,0.015625,0.0078125,Intel(R) Xeon(R) 6760P,AVX512,"avx2,avx512f,avx512bw,avx512vl,avx512_vnni,avx512_bf16,amx_bf16,amx_int8,amx_tile,fma",True,True,,256,128,sh14l07002s1404,3.11.9,2.1.2+cu121
20260424_010536,2026-04-24T06:14:18.694693,cpu,full_mlp_capacity_search_hd512_depth3,/home/liangyi/SRS_AI/Model_AIIC_refactor/experiments_refactored/20260422_050408_full_mlp_capacity_search_v2/full_mlp_capacity_search_hd512_depth3,full_mlp_capacity_search_v2,full_mlp_capacity_search_hd512_depth3,supervised_nmse_plateau,full_mlp,12,6,compile,fp32,float32,32,4,ok,,506.423783,20,50,0.14340604,0.005510792970018019,0.132452,0.1435415,0.1501987,0.1516946,0.15328113,0.153998,223142.62356034655,223.14262356034655,143.54149999999998,4.4856718749999995,55785.65589008664,86672,86016,172760,sub-physical,0.03125,0.015625,Intel(R) Xeon(R) 6760P,AVX512,"avx2,avx512f,avx512bw,avx512vl,avx512_vnni,avx512_bf16,amx_bf16,amx_int8,amx_tile,fma",True,True,,256,128,sh14l07002s1404,3.11.9,2.1.2+cu121
20260424_010536,2026-04-24T06:14:18.694693,cpu,full_mlp_capacity_search_hd512_depth3,/home/liangyi/SRS_AI/Model_AIIC_refactor/experiments_refactored/20260422_050408_full_mlp_capacity_search_v2/full_mlp_capacity_search_hd512_depth3,full_mlp_capacity_search_v2,full_mlp_capacity_search_hd512_depth3,supervised_nmse_plateau,full_mlp,12,6,compile,fp32,float32,32,8,ok,,505.556426,20,50,0.11161844,0.006287617396629665,0.100064,0.1113915,0.1193539,0.12342304999999999,0.12567075,0.126712,286690.9804509004,286.6909804509004,111.39150000000001,3.4809843750000002,35836.37255636255,86672,86016,172760,sub-physical,0.0625,0.03125,Intel(R) Xeon(R) 6760P,AVX512,"avx2,avx512f,avx512bw,avx512vl,avx512_vnni,avx512_bf16,amx_bf16,amx_int8,amx_tile,fma",True,True,,256,128,sh14l07002s1404,3.11.9,2.1.2+cu121
20260424_010536,2026-04-24T06:14:18.694693,cpu,full_mlp_capacity_search_hd512_depth3,/home/liangyi/SRS_AI/Model_AIIC_refactor/experiments_refactored/20260422_050408_full_mlp_capacity_search_v2/full_mlp_capacity_search_hd512_depth3,full_mlp_capacity_search_v2,full_mlp_capacity_search_hd512_depth3,supervised_nmse_plateau,full_mlp,12,6,compile,fp32,float32,32,128,ok,,552.530852,20,50,0.2210063,0.20077985424451827,0.178803,0.190666,0.2044935,0.20876885,0.9348278999999973,1.62538,144792.25252854783,144.79225252854783,190.666,5.9583125,1131.18947287928,86672,86016,172760,all-physical,1.0,0.5,Intel(R) Xeon(R) 6760P,AVX512,"avx2,avx512f,avx512bw,avx512vl,avx512_vnni,avx512_bf16,amx_bf16,amx_int8,amx_tile,fma",True,True,,256,128,sh14l07002s1404,3.11.9,2.1.2+cu121
20260424_010536,2026-04-24T06:14:18.694693,cpu,full_mlp_capacity_search_hd512_depth3,/home/liangyi/SRS_AI/Model_AIIC_refactor/experiments_refactored/20260422_050408_full_mlp_capacity_search_v2/full_mlp_capacity_search_hd512_depth3,full_mlp_capacity_search_v2,full_mlp_capacity_search_hd512_depth3,supervised_nmse_plateau,full_mlp,12,6,compile,fp32,float32,64,1,ok,,494.755532,20,50,0.12052604,0.008261557257466657,0.115502,0.117683,0.1230355,0.14547474999999999,0.14993562,0.153249,531005.5818643009,531.0055818643009,117.68299999999999,1.8387968749999999,531005.5818643009,86672,86016,172760,single-thread,0.0078125,0.00390625,Intel(R) Xeon(R) 6760P,AVX512,"avx2,avx512f,avx512bw,avx512vl,avx512_vnni,avx512_bf16,amx_bf16,amx_int8,amx_tile,fma",True,True,,256,128,sh14l07002s1404,3.11.9,2.1.2+cu121
20260424_010536,2026-04-24T06:14:18.694693,cpu,full_mlp_capacity_search_hd512_depth3,/home/liangyi/SRS_AI/Model_AIIC_refactor/experiments_refactored/20260422_050408_full_mlp_capacity_search_v2/full_mlp_capacity_search_hd512_depth3,full_mlp_capacity_search_v2,full_mlp_capacity_search_hd512_depth3,supervised_nmse_plateau,full_mlp,12,6,compile,fp32,float32,64,2,ok,,504.523126,20,50,0.15848012,0.050131212975007895,0.12005,0.1251975,0.24432700000000002,0.2460783,0.25008494,0.252287,403836.1404572384,403.8361404572384,125.19749999999999,1.9562109374999999,201918.0702286192,86672,86016,172760,sub-physical,0.015625,0.0078125,Intel(R) Xeon(R) 6760P,AVX512,"avx2,avx512f,avx512bw,avx512vl,avx512_vnni,avx512_bf16,amx_bf16,amx_int8,amx_tile,fma",True,True,,256,128,sh14l07002s1404,3.11.9,2.1.2+cu121
20260424_010536,2026-04-24T06:14:18.694693,cpu,full_mlp_capacity_search_hd512_depth3,/home/liangyi/SRS_AI/Model_AIIC_refactor/experiments_refactored/20260422_050408_full_mlp_capacity_search_v2/full_mlp_capacity_search_hd512_depth3,full_mlp_capacity_search_v2,full_mlp_capacity_search_hd512_depth3,supervised_nmse_plateau,full_mlp,12,6,compile,fp32,float32,64,4,ok,,503.164305,20,50,0.1811376,0.029858610803585622,0.116741,0.195085,0.2010431,0.20317205,0.20982931,0.212662,353322.55699534493,353.32255699534494,195.085,3.048203125,88330.63924883623,86672,86016,172760,sub-physical,0.03125,0.015625,Intel(R) Xeon(R) 6760P,AVX512,"avx2,avx512f,avx512bw,avx512vl,avx512_vnni,avx512_bf16,amx_bf16,amx_int8,amx_tile,fma",True,True,,256,128,sh14l07002s1404,3.11.9,2.1.2+cu121
20260424_010536,2026-04-24T06:14:18.694693,cpu,full_mlp_capacity_search_hd512_depth3,/home/liangyi/SRS_AI/Model_AIIC_refactor/experiments_refactored/20260422_050408_full_mlp_capacity_search_v2/full_mlp_capacity_search_hd512_depth3,full_mlp_capacity_search_v2,full_mlp_capacity_search_hd512_depth3,supervised_nmse_plateau,full_mlp,12,6,compile,fp32,float32,64,8,ok,,508.487653,20,50,0.1437889,0.010150883276345956,0.128862,0.148887,0.1539394,0.15909825,0.16063795,0.160905,445096.94420083886,445.09694420083883,148.887,2.326359375,55637.11802510486,86672,86016,172760,sub-physical,0.0625,0.03125,Intel(R) Xeon(R) 6760P,AVX512,"avx2,avx512f,avx512bw,avx512vl,avx512_vnni,avx512_bf16,amx_bf16,amx_int8,amx_tile,fma",True,True,,256,128,sh14l07002s1404,3.11.9,2.1.2+cu121
20260424_010536,2026-04-24T06:14:18.694693,cpu,full_mlp_capacity_search_hd512_depth3,/home/liangyi/SRS_AI/Model_AIIC_refactor/experiments_refactored/20260422_050408_full_mlp_capacity_search_v2/full_mlp_capacity_search_hd512_depth3,full_mlp_capacity_search_v2,full_mlp_capacity_search_hd512_depth3,supervised_nmse_plateau,full_mlp,12,6,compile,fp32,float32,64,128,ok,,553.586732,20,50,0.37825168,0.05834642692177131,0.343241,0.3653985,0.4044505,0.41006349999999997,0.5979275299999993,0.766293,169199.51287460246,169.19951287460245,365.3985,5.7093515625,1321.8711943328317,86672,86016,172760,all-physical,1.0,0.5,Intel(R) Xeon(R) 6760P,AVX512,"avx2,avx512f,avx512bw,avx512vl,avx512_vnni,avx512_bf16,amx_bf16,amx_int8,amx_tile,fma",True,True,,256,128,sh14l07002s1404,3.11.9,2.1.2+cu121
20260424_010536,2026-04-24T06:14:18.694693,cpu,full_mlp_capacity_search_hd512_depth3,/home/liangyi/SRS_AI/Model_AIIC_refactor/experiments_refactored/20260422_050408_full_mlp_capacity_search_v2/full_mlp_capacity_search_hd512_depth3,full_mlp_capacity_search_v2,full_mlp_capacity_search_hd512_depth3,supervised_nmse_plateau,full_mlp,12,6,compile,fp32,float32,128,1,ok,,495.494507,20,50,0.1874185,0.003690509299541188,0.182779,0.1864075,0.19223479999999998,0.19433565,0.19676108,0.197108,682963.5281469012,682.9635281469011,186.4075,1.45630859375,682963.5281469012,86672,86016,172760,single-thread,0.0078125,0.00390625,Intel(R) Xeon(R) 6760P,AVX512,"avx2,avx512f,avx512bw,avx512vl,avx512_vnni,avx512_bf16,amx_bf16,amx_int8,amx_tile,fma",True,True,,256,128,sh14l07002s1404,3.11.9,2.1.2+cu121
20260424_010536,2026-04-24T06:14:18.694693,cpu,full_mlp_capacity_search_hd512_depth3,/home/liangyi/SRS_AI/Model_AIIC_refactor/experiments_refactored/20260422_050408_full_mlp_capacity_search_v2/full_mlp_capacity_search_hd512_depth3,full_mlp_capacity_search_v2,full_mlp_capacity_search_hd512_depth3,supervised_nmse_plateau,full_mlp,12,6,compile,fp32,float32,128,2,ok,,501.236734,20,50,0.23957174,0.006360974459341903,0.228605,0.23946800000000001,0.2463537,0.24995175,0.25519351,0.25833,534286.7234674674,534.2867234674674,239.46800000000002,1.8708437500000001,267143.3617337337,86672,86016,172760,sub-physical,0.015625,0.0078125,Intel(R) Xeon(R) 6760P,AVX512,"avx2,avx512f,avx512bw,avx512vl,avx512_vnni,avx512_bf16,amx_bf16,amx_int8,amx_tile,fma",True,True,,256,128,sh14l07002s1404,3.11.9,2.1.2+cu121
20260424_010536,2026-04-24T06:14:18.694693,cpu,full_mlp_capacity_search_hd512_depth3,/home/liangyi/SRS_AI/Model_AIIC_refactor/experiments_refactored/20260422_050408_full_mlp_capacity_search_v2/full_mlp_capacity_search_hd512_depth3,full_mlp_capacity_search_v2,full_mlp_capacity_search_hd512_depth3,supervised_nmse_plateau,full_mlp,12,6,compile,fp32,float32,128,4,ok,,507.121988,20,50,0.21281554,0.03404514652293921,0.178725,0.188861,0.2586083,0.26191365,0.26291236,0.263665,601459.8370025046,601.4598370025046,188.861,1.4754765625,150364.95925062615,86672,86016,172760,sub-physical,0.03125,0.015625,Intel(R) Xeon(R) 6760P,AVX512,"avx2,avx512f,avx512bw,avx512vl,avx512_vnni,avx512_bf16,amx_bf16,amx_int8,amx_tile,fma",True,True,,256,128,sh14l07002s1404,3.11.9,2.1.2+cu121
20260424_010536,2026-04-24T06:14:18.694693,cpu,full_mlp_capacity_search_hd512_depth3,/home/liangyi/SRS_AI/Model_AIIC_refactor/experiments_refactored/20260422_050408_full_mlp_capacity_search_v2/full_mlp_capacity_search_hd512_depth3,full_mlp_capacity_search_v2,full_mlp_capacity_search_hd512_depth3,supervised_nmse_plateau,full_mlp,12,6,compile,fp32,float32,128,8,ok,,504.800527,20,50,0.2032672,0.04417056746114996,0.147124,0.1897025,0.2606231,0.26176995,0.2633528,0.263686,629713.0082964689,629.7130082964688,189.7025,1.48205078125,78714.12603705861,86672,86016,172760,sub-physical,0.0625,0.03125,Intel(R) Xeon(R) 6760P,AVX512,"avx2,avx512f,avx512bw,avx512vl,avx512_vnni,avx512_bf16,amx_bf16,amx_int8,amx_tile,fma",True,True,,256,128,sh14l07002s1404,3.11.9,2.1.2+cu121
20260424_010536,2026-04-24T06:14:18.694693,cpu,full_mlp_capacity_search_hd512_depth3,/home/liangyi/SRS_AI/Model_AIIC_refactor/experiments_refactored/20260422_050408_full_mlp_capacity_search_v2/full_mlp_capacity_search_hd512_depth3,full_mlp_capacity_search_v2,full_mlp_capacity_search_hd512_depth3,supervised_nmse_plateau,full_mlp,12,6,compile,fp32,float32,128,128,ok,,553.562166,20,50,0.36972478,0.011609424950943952,0.349894,0.36726349999999996,0.3862893,0.39216405,0.39808953,0.398728,346203.4651829396,346.2034651829396,367.26349999999996,2.8692460937499997,2704.7145717417156,86672,86016,172760,all-physical,1.0,0.5,Intel(R) Xeon(R) 6760P,AVX512,"avx2,avx512f,avx512bw,avx512vl,avx512_vnni,avx512_bf16,amx_bf16,amx_int8,amx_tile,fma",True,True,,256,128,sh14l07002s1404,3.11.9,2.1.2+cu121
20260424_010536,2026-04-24T06:14:18.694693,cpu,full_mlp_capacity_search_hd512_depth3,/home/liangyi/SRS_AI/Model_AIIC_refactor/experiments_refactored/20260422_050408_full_mlp_capacity_search_v2/full_mlp_capacity_search_hd512_depth3,full_mlp_capacity_search_v2,full_mlp_capacity_search_hd512_depth3,supervised_nmse_plateau,full_mlp,12,6,compile,bf16,bfloat16,1,1,ok,,501.773538,20,50,0.07304312,0.0025244506700666572,0.068782,0.072611,0.0765115,0.0772816,0.07967555999999999,0.080732,13690.543339331616,13.690543339331617,72.61099999999999,72.61099999999999,13690.543339331616,86672,86016,172760,single-thread,0.0078125,0.00390625,Intel(R) Xeon(R) 6760P,AVX512,"avx2,avx512f,avx512bw,avx512vl,avx512_vnni,avx512_bf16,amx_bf16,amx_int8,amx_tile,fma",True,True,,256,128,sh14l07002s1404,3.11.9,2.1.2+cu121
20260424_010536,2026-04-24T06:14:18.694693,cpu,full_mlp_capacity_search_hd512_depth3,/home/liangyi/SRS_AI/Model_AIIC_refactor/experiments_refactored/20260422_050408_full_mlp_capacity_search_v2/full_mlp_capacity_search_hd512_depth3,full_mlp_capacity_search_v2,full_mlp_capacity_search_hd512_depth3,supervised_nmse_plateau,full_mlp,12,6,compile,bf16,bfloat16,1,2,ok,,501.058607,20,50,0.07505278,0.003694570130827131,0.069928,0.073606,0.08070770000000001,0.08131855,0.08514748,0.085563,13323.956820786652,13.323956820786652,73.60600000000001,73.60600000000001,6661.978410393326,86672,86016,172760,sub-physical,0.015625,0.0078125,Intel(R) Xeon(R) 6760P,AVX512,"avx2,avx512f,avx512bw,avx512vl,avx512_vnni,avx512_bf16,amx_bf16,amx_int8,amx_tile,fma",True,True,,256,128,sh14l07002s1404,3.11.9,2.1.2+cu121
20260424_010536,2026-04-24T06:14:18.694693,cpu,full_mlp_capacity_search_hd512_depth3,/home/liangyi/SRS_AI/Model_AIIC_refactor/experiments_refactored/20260422_050408_full_mlp_capacity_search_v2/full_mlp_capacity_search_hd512_depth3,full_mlp_capacity_search_v2,full_mlp_capacity_search_hd512_depth3,supervised_nmse_plateau,full_mlp,12,6,compile,bf16,bfloat16,1,4,ok,,506.435818,20,50,0.09144706,0.0030941057409855917,0.086918,0.0906025,0.0949945,0.0984824,0.10134222999999999,0.102015,10935.288679592324,10.935288679592324,90.6025,90.6025,2733.822169898081,86672,86016,172760,sub-physical,0.03125,0.015625,Intel(R) Xeon(R) 6760P,AVX512,"avx2,avx512f,avx512bw,avx512vl,avx512_vnni,avx512_bf16,amx_bf16,amx_int8,amx_tile,fma",True,True,,256,128,sh14l07002s1404,3.11.9,2.1.2+cu121
20260424_010536,2026-04-24T06:14:18.694693,cpu,full_mlp_capacity_search_hd512_depth3,/home/liangyi/SRS_AI/Model_AIIC_refactor/experiments_refactored/20260422_050408_full_mlp_capacity_search_v2/full_mlp_capacity_search_hd512_depth3,full_mlp_capacity_search_v2,full_mlp_capacity_search_hd512_depth3,supervised_nmse_plateau,full_mlp,12,6,compile,bf16,bfloat16,1,8,ok,,508.777095,20,50,0.09309696,0.004153083504867197,0.086695,0.091786,0.0976497,0.10246134999999999,0.10485994,0.105935,10741.489303195292,10.741489303195292,91.786,91.786,1342.6861628994116,86672,86016,172760,sub-physical,0.0625,0.03125,Intel(R) Xeon(R) 6760P,AVX512,"avx2,avx512f,avx512bw,avx512vl,avx512_vnni,avx512_bf16,amx_bf16,amx_int8,amx_tile,fma",True,True,,256,128,sh14l07002s1404,3.11.9,2.1.2+cu121
20260424_010536,2026-04-24T06:14:18.694693,cpu,full_mlp_capacity_search_hd512_depth3,/home/liangyi/SRS_AI/Model_AIIC_refactor/experiments_refactored/20260422_050408_full_mlp_capacity_search_v2/full_mlp_capacity_search_hd512_depth3,full_mlp_capacity_search_v2,full_mlp_capacity_search_hd512_depth3,supervised_nmse_plateau,full_mlp,12,6,compile,bf16,bfloat16,1,128,ok,,548.300932,20,50,0.23687249999999999,0.017673662505830533,0.20066,0.23418,0.2647562,0.271064,0.28199156999999997,0.290472,4221.680439899102,4.221680439899101,234.18,234.18,32.98187843671173,86672,86016,172760,all-physical,1.0,0.5,Intel(R) Xeon(R) 6760P,AVX512,"avx2,avx512f,avx512bw,avx512vl,avx512_vnni,avx512_bf16,amx_bf16,amx_int8,amx_tile,fma",True,True,,256,128,sh14l07002s1404,3.11.9,2.1.2+cu121
20260424_010536,2026-04-24T06:14:18.694693,cpu,full_mlp_capacity_search_hd512_depth3,/home/liangyi/SRS_AI/Model_AIIC_refactor/experiments_refactored/20260422_050408_full_mlp_capacity_search_v2/full_mlp_capacity_search_hd512_depth3,full_mlp_capacity_search_v2,full_mlp_capacity_search_hd512_depth3,supervised_nmse_plateau,full_mlp,12,6,compile,bf16,bfloat16,2,1,ok,,499.308126,20,50,0.07469566,0.004283283850552051,0.069139,0.073301,0.07978750000000001,0.08224405,0.08546517999999999,0.088365,26775.31733436722,26.77531733436722,73.301,36.6505,26775.31733436722,86672,86016,172760,single-thread,0.0078125,0.00390625,Intel(R) Xeon(R) 6760P,AVX512,"avx2,avx512f,avx512bw,avx512vl,avx512_vnni,avx512_bf16,amx_bf16,amx_int8,amx_tile,fma",True,True,,256,128,sh14l07002s1404,3.11.9,2.1.2+cu121
20260424_010536,2026-04-24T06:14:18.694693,cpu,full_mlp_capacity_search_hd512_depth3,/home/liangyi/SRS_AI/Model_AIIC_refactor/experiments_refactored/20260422_050408_full_mlp_capacity_search_v2/full_mlp_capacity_search_hd512_depth3,full_mlp_capacity_search_v2,full_mlp_capacity_search_hd512_depth3,supervised_nmse_plateau,full_mlp,12,6,compile,bf16,bfloat16,2,2,ok,,505.900791,20,50,0.07563424,0.004565235133309127,0.069755,0.073668,0.0816755,0.0830566,0.08589863,0.086591,26443.05013179216,26.44305013179216,73.66799999999999,36.833999999999996,13221.52506589608,86672,86016,172760,sub-physical,0.015625,0.0078125,Intel(R) Xeon(R) 6760P,AVX512,"avx2,avx512f,avx512bw,avx512vl,avx512_vnni,avx512_bf16,amx_bf16,amx_int8,amx_tile,fma",True,True,,256,128,sh14l07002s1404,3.11.9,2.1.2+cu121
20260424_010536,2026-04-24T06:14:18.694693,cpu,full_mlp_capacity_search_hd512_depth3,/home/liangyi/SRS_AI/Model_AIIC_refactor/experiments_refactored/20260422_050408_full_mlp_capacity_search_v2/full_mlp_capacity_search_hd512_depth3,full_mlp_capacity_search_v2,full_mlp_capacity_search_hd512_depth3,supervised_nmse_plateau,full_mlp,12,6,compile,bf16,bfloat16,2,4,ok,,505.880419,20,50,0.08189714000000001,0.004047812466061144,0.077315,0.0804765,0.0873608,0.09109855,0.09338845,0.094709,24420.877212562,24.420877212562,80.4765,40.23825,6105.2193031405,86672,86016,172760,sub-physical,0.03125,0.015625,Intel(R) Xeon(R) 6760P,AVX512,"avx2,avx512f,avx512bw,avx512vl,avx512_vnni,avx512_bf16,amx_bf16,amx_int8,amx_tile,fma",True,True,,256,128,sh14l07002s1404,3.11.9,2.1.2+cu121
20260424_010536,2026-04-24T06:14:18.694693,cpu,full_mlp_capacity_search_hd512_depth3,/home/liangyi/SRS_AI/Model_AIIC_refactor/experiments_refactored/20260422_050408_full_mlp_capacity_search_v2/full_mlp_capacity_search_hd512_depth3,full_mlp_capacity_search_v2,full_mlp_capacity_search_hd512_depth3,supervised_nmse_plateau,full_mlp,12,6,compile,bf16,bfloat16,2,8,ok,,504.891094,20,50,0.08319512,0.0059319488893280255,0.077571,0.0813055,0.086554,0.09197224999999999,0.10475875999999995,0.116017,24039.87156939013,24.03987156939013,81.30550000000001,40.652750000000005,3004.983946173766,86672,86016,172760,sub-physical,0.0625,0.03125,Intel(R) Xeon(R) 6760P,AVX512,"avx2,avx512f,avx512bw,avx512vl,avx512_vnni,avx512_bf16,amx_bf16,amx_int8,amx_tile,fma",True,True,,256,128,sh14l07002s1404,3.11.9,2.1.2+cu121
20260424_010536,2026-04-24T06:14:18.694693,cpu,full_mlp_capacity_search_hd512_depth3,/home/liangyi/SRS_AI/Model_AIIC_refactor/experiments_refactored/20260422_050408_full_mlp_capacity_search_v2/full_mlp_capacity_search_hd512_depth3,full_mlp_capacity_search_v2,full_mlp_capacity_search_hd512_depth3,supervised_nmse_plateau,full_mlp,12,6,compile,bf16,bfloat16,2,128,ok,,550.325798,20,50,0.25752836,0.017941802795438368,0.227104,0.252347,0.28531789999999996,0.2913335,0.29508883999999996,0.297384,7766.134960825285,7.766134960825285,252.34699999999998,126.17349999999999,60.67292938144754,86672,86016,172760,all-physical,1.0,0.5,Intel(R) Xeon(R) 6760P,AVX512,"avx2,avx512f,avx512bw,avx512vl,avx512_vnni,avx512_bf16,amx_bf16,amx_int8,amx_tile,fma",True,True,,256,128,sh14l07002s1404,3.11.9,2.1.2+cu121
20260424_010536,2026-04-24T06:14:18.694693,cpu,full_mlp_capacity_search_hd512_depth3,/home/liangyi/SRS_AI/Model_AIIC_refactor/experiments_refactored/20260422_050408_full_mlp_capacity_search_v2/full_mlp_capacity_search_hd512_depth3,full_mlp_capacity_search_v2,full_mlp_capacity_search_hd512_depth3,supervised_nmse_plateau,full_mlp,12,6,compile,bf16,bfloat16,4,1,ok,,497.522035,20,50,0.06951138,0.004908021747669828,0.064715,0.0685875,0.0758249,0.07892305,0.08527452999999997,0.090568,57544.53443450555,57.54453443450555,68.58749999999999,17.146874999999998,57544.53443450555,86672,86016,172760,single-thread,0.0078125,0.00390625,Intel(R) Xeon(R) 6760P,AVX512,"avx2,avx512f,avx512bw,avx512vl,avx512_vnni,avx512_bf16,amx_bf16,amx_int8,amx_tile,fma",True,True,,256,128,sh14l07002s1404,3.11.9,2.1.2+cu121
20260424_010536,2026-04-24T06:14:18.694693,cpu,full_mlp_capacity_search_hd512_depth3,/home/liangyi/SRS_AI/Model_AIIC_refactor/experiments_refactored/20260422_050408_full_mlp_capacity_search_v2/full_mlp_capacity_search_hd512_depth3,full_mlp_capacity_search_v2,full_mlp_capacity_search_hd512_depth3,supervised_nmse_plateau,full_mlp,12,6,compile,bf16,bfloat16,4,2,ok,,500.195459,20,50,0.07899336,0.004653003549364647,0.072808,0.077651,0.0850234,0.08755565,0.09102502999999999,0.09208,50637.16747838046,50.63716747838046,77.651,19.41275,25318.58373919023,86672,86016,172760,sub-physical,0.015625,0.0078125,Intel(R) Xeon(R) 6760P,AVX512,"avx2,avx512f,avx512bw,avx512vl,avx512_vnni,avx512_bf16,amx_bf16,amx_int8,amx_tile,fma",True,True,,256,128,sh14l07002s1404,3.11.9,2.1.2+cu121
20260424_010536,2026-04-24T06:14:18.694693,cpu,full_mlp_capacity_search_hd512_depth3,/home/liangyi/SRS_AI/Model_AIIC_refactor/experiments_refactored/20260422_050408_full_mlp_capacity_search_v2/full_mlp_capacity_search_hd512_depth3,full_mlp_capacity_search_v2,full_mlp_capacity_search_hd512_depth3,supervised_nmse_plateau,full_mlp,12,6,compile,bf16,bfloat16,4,4,ok,,499.088279,20,50,0.07629458,0.003293112133468887,0.072569,0.075129,0.0804536,0.0818284,0.08614444,0.086411,52428.36384969942,52.428363849699416,75.129,18.78225,13107.090962424854,86672,86016,172760,sub-physical,0.03125,0.015625,Intel(R) Xeon(R) 6760P,AVX512,"avx2,avx512f,avx512bw,avx512vl,avx512_vnni,avx512_bf16,amx_bf16,amx_int8,amx_tile,fma",True,True,,256,128,sh14l07002s1404,3.11.9,2.1.2+cu121
20260424_010536,2026-04-24T06:14:18.694693,cpu,full_mlp_capacity_search_hd512_depth3,/home/liangyi/SRS_AI/Model_AIIC_refactor/experiments_refactored/20260422_050408_full_mlp_capacity_search_v2/full_mlp_capacity_search_hd512_depth3,full_mlp_capacity_search_v2,full_mlp_capacity_search_hd512_depth3,supervised_nmse_plateau,full_mlp,12,6,compile,bf16,bfloat16,4,8,ok,,506.819147,20,50,0.09392782,0.003738929813141724,0.088287,0.0930965,0.099439,0.10112979999999999,0.1026909,0.103372,42585.892017934624,42.585892017934626,93.09649999999999,23.274124999999998,5323.236502241828,86672,86016,172760,sub-physical,0.0625,0.03125,Intel(R) Xeon(R) 6760P,AVX512,"avx2,avx512f,avx512bw,avx512vl,avx512_vnni,avx512_bf16,amx_bf16,amx_int8,amx_tile,fma",True,True,,256,128,sh14l07002s1404,3.11.9,2.1.2+cu121
20260424_010536,2026-04-24T06:14:18.694693,cpu,full_mlp_capacity_search_hd512_depth3,/home/liangyi/SRS_AI/Model_AIIC_refactor/experiments_refactored/20260422_050408_full_mlp_capacity_search_v2/full_mlp_capacity_search_hd512_depth3,full_mlp_capacity_search_v2,full_mlp_capacity_search_hd512_depth3,supervised_nmse_plateau,full_mlp,12,6,compile,bf16,bfloat16,4,128,ok,,646.664008,20,50,0.27804108,0.03092687727258606,0.229286,0.2775285,0.3086393,0.33442039999999995,0.38014478999999995,0.396917,14386.363338827487,14.386363338827486,277.5285,69.382125,112.39346358458974,86672,86016,172760,all-physical,1.0,0.5,Intel(R) Xeon(R) 6760P,AVX512,"avx2,avx512f,avx512bw,avx512vl,avx512_vnni,avx512_bf16,amx_bf16,amx_int8,amx_tile,fma",True,True,,256,128,sh14l07002s1404,3.11.9,2.1.2+cu121
20260424_010536,2026-04-24T06:14:18.694693,cpu,full_mlp_capacity_search_hd512_depth3,/home/liangyi/SRS_AI/Model_AIIC_refactor/experiments_refactored/20260422_050408_full_mlp_capacity_search_v2/full_mlp_capacity_search_hd512_depth3,full_mlp_capacity_search_v2,full_mlp_capacity_search_hd512_depth3,supervised_nmse_plateau,full_mlp,12,6,compile,bf16,bfloat16,8,1,ok,,504.419214,20,50,0.07940932,0.004290638057165857,0.072662,0.07782649999999999,0.0855948,0.08597295,0.0882431,0.089228,100743.84215857786,100.74384215857786,77.8265,9.7283125,100743.84215857786,86672,86016,172760,single-thread,0.0078125,0.00390625,Intel(R) Xeon(R) 6760P,AVX512,"avx2,avx512f,avx512bw,avx512vl,avx512_vnni,avx512_bf16,amx_bf16,amx_int8,amx_tile,fma",True,True,,256,128,sh14l07002s1404,3.11.9,2.1.2+cu121
20260424_010536,2026-04-24T06:14:18.694693,cpu,full_mlp_capacity_search_hd512_depth3,/home/liangyi/SRS_AI/Model_AIIC_refactor/experiments_refactored/20260422_050408_full_mlp_capacity_search_v2/full_mlp_capacity_search_hd512_depth3,full_mlp_capacity_search_v2,full_mlp_capacity_search_hd512_depth3,supervised_nmse_plateau,full_mlp,12,6,compile,bf16,bfloat16,8,2,ok,,501.817538,20,50,0.09024162,0.004041281395250769,0.085623,0.088687,0.0975663,0.0979446,0.0991957,0.099524,88650.89079739482,88.65089079739482,88.687,11.085875,44325.44539869741,86672,86016,172760,sub-physical,0.015625,0.0078125,Intel(R) Xeon(R) 6760P,AVX512,"avx2,avx512f,avx512bw,avx512vl,avx512_vnni,avx512_bf16,amx_bf16,amx_int8,amx_tile,fma",True,True,,256,128,sh14l07002s1404,3.11.9,2.1.2+cu121
20260424_010536,2026-04-24T06:14:18.694693,cpu,full_mlp_capacity_search_hd512_depth3,/home/liangyi/SRS_AI/Model_AIIC_refactor/experiments_refactored/20260422_050408_full_mlp_capacity_search_v2/full_mlp_capacity_search_hd512_depth3,full_mlp_capacity_search_v2,full_mlp_capacity_search_hd512_depth3,supervised_nmse_plateau,full_mlp,12,6,compile,bf16,bfloat16,8,4,ok,,506.894808,20,50,0.09917772,0.008160591459054914,0.091931,0.097474,0.1047248,0.1102719,0.13081696999999992,0.146618,80663.2780023578,80.6632780023578,97.474,12.18425,20165.81950058945,86672,86016,172760,sub-physical,0.03125,0.015625,Intel(R) Xeon(R) 6760P,AVX512,"avx2,avx512f,avx512bw,avx512vl,avx512_vnni,avx512_bf16,amx_bf16,amx_int8,amx_tile,fma",True,True,,256,128,sh14l07002s1404,3.11.9,2.1.2+cu121
20260424_010536,2026-04-24T06:14:18.694693,cpu,full_mlp_capacity_search_hd512_depth3,/home/liangyi/SRS_AI/Model_AIIC_refactor/experiments_refactored/20260422_050408_full_mlp_capacity_search_v2/full_mlp_capacity_search_hd512_depth3,full_mlp_capacity_search_v2,full_mlp_capacity_search_hd512_depth3,supervised_nmse_plateau,full_mlp,12,6,compile,bf16,bfloat16,8,8,ok,,502.677055,20,50,0.0898019,0.004577786929292362,0.083744,0.089293,0.0941248,0.09759604999999999,0.10407970999999998,0.108108,89084.97481679119,89.08497481679119,89.29299999999999,11.161624999999999,11135.621852098899,86672,86016,172760,sub-physical,0.0625,0.03125,Intel(R) Xeon(R) 6760P,AVX512,"avx2,avx512f,avx512bw,avx512vl,avx512_vnni,avx512_bf16,amx_bf16,amx_int8,amx_tile,fma",True,True,,256,128,sh14l07002s1404,3.11.9,2.1.2+cu121
20260424_010536,2026-04-24T06:14:18.694693,cpu,full_mlp_capacity_search_hd512_depth3,/home/liangyi/SRS_AI/Model_AIIC_refactor/experiments_refactored/20260422_050408_full_mlp_capacity_search_v2/full_mlp_capacity_search_hd512_depth3,full_mlp_capacity_search_v2,full_mlp_capacity_search_hd512_depth3,supervised_nmse_plateau,full_mlp,12,6,compile,bf16,bfloat16,8,128,ok,,601.929478,20,50,0.23661946,0.03380099000160203,0.208038,0.2270375,0.2575394,0.26470269999999996,0.36264069999999965,0.445583,33809.56071829426,33.809560718294264,227.0375,28.3796875,264.1371931116739,86672,86016,172760,all-physical,1.0,0.5,Intel(R) Xeon(R) 6760P,AVX512,"avx2,avx512f,avx512bw,avx512vl,avx512_vnni,avx512_bf16,amx_bf16,amx_int8,amx_tile,fma",True,True,,256,128,sh14l07002s1404,3.11.9,2.1.2+cu121
20260424_010536,2026-04-24T06:14:18.694693,cpu,full_mlp_capacity_search_hd512_depth3,/home/liangyi/SRS_AI/Model_AIIC_refactor/experiments_refactored/20260422_050408_full_mlp_capacity_search_v2/full_mlp_capacity_search_hd512_depth3,full_mlp_capacity_search_v2,full_mlp_capacity_search_hd512_depth3,supervised_nmse_plateau,full_mlp,12,6,compile,bf16,bfloat16,16,1,ok,,497.500392,20,50,0.08312528,0.004826410314260486,0.074894,0.082385,0.08877689999999999,0.0918845,0.09420339999999999,0.095448,192480.5546519663,192.4805546519663,82.385,5.1490625,192480.5546519663,86672,86016,172760,single-thread,0.0078125,0.00390625,Intel(R) Xeon(R) 6760P,AVX512,"avx2,avx512f,avx512bw,avx512vl,avx512_vnni,avx512_bf16,amx_bf16,amx_int8,amx_tile,fma",True,True,,256,128,sh14l07002s1404,3.11.9,2.1.2+cu121
20260424_010536,2026-04-24T06:14:18.694693,cpu,full_mlp_capacity_search_hd512_depth3,/home/liangyi/SRS_AI/Model_AIIC_refactor/experiments_refactored/20260422_050408_full_mlp_capacity_search_v2/full_mlp_capacity_search_hd512_depth3,full_mlp_capacity_search_v2,full_mlp_capacity_search_hd512_depth3,supervised_nmse_plateau,full_mlp,12,6,compile,bf16,bfloat16,16,2,ok,,512.350073,20,50,0.09186366,0.007931877322828436,0.085467,0.090305,0.09419000000000001,0.0964935,0.12738074999999996,0.136752,174171.1575611074,174.1711575611074,90.30499999999999,5.6440624999999995,87085.5787805537,86672,86016,172760,sub-physical,0.015625,0.0078125,Intel(R) Xeon(R) 6760P,AVX512,"avx2,avx512f,avx512bw,avx512vl,avx512_vnni,avx512_bf16,amx_bf16,amx_int8,amx_tile,fma",True,True,,256,128,sh14l07002s1404,3.11.9,2.1.2+cu121
20260424_010536,2026-04-24T06:14:18.694693,cpu,full_mlp_capacity_search_hd512_depth3,/home/liangyi/SRS_AI/Model_AIIC_refactor/experiments_refactored/20260422_050408_full_mlp_capacity_search_v2/full_mlp_capacity_search_hd512_depth3,full_mlp_capacity_search_v2,full_mlp_capacity_search_hd512_depth3,supervised_nmse_plateau,full_mlp,12,6,compile,bf16,bfloat16,16,4,ok,,506.715337,20,50,0.10301682,0.0035092726921115715,0.097729,0.10248,0.1077017,0.10927089999999999,0.11260534999999999,0.113382,155314.44282593852,155.31444282593853,102.48,6.405,38828.61070648463,86672,86016,172760,sub-physical,0.03125,0.015625,Intel(R) Xeon(R) 6760P,AVX512,"avx2,avx512f,avx512bw,avx512vl,avx512_vnni,avx512_bf16,amx_bf16,amx_int8,amx_tile,fma",True,True,,256,128,sh14l07002s1404,3.11.9,2.1.2+cu121
20260424_010536,2026-04-24T06:14:18.694693,cpu,full_mlp_capacity_search_hd512_depth3,/home/liangyi/SRS_AI/Model_AIIC_refactor/experiments_refactored/20260422_050408_full_mlp_capacity_search_v2/full_mlp_capacity_search_hd512_depth3,full_mlp_capacity_search_v2,full_mlp_capacity_search_hd512_depth3,supervised_nmse_plateau,full_mlp,12,6,compile,bf16,bfloat16,16,8,ok,,507.288699,20,50,0.09432448,0.004552110535740538,0.086178,0.09389,0.09928429999999999,0.10136605,0.10778961,0.110931,169627.2272054932,169.6272272054932,93.89,5.868125,21203.40340068665,86672,86016,172760,sub-physical,0.0625,0.03125,Intel(R) Xeon(R) 6760P,AVX512,"avx2,avx512f,avx512bw,avx512vl,avx512_vnni,avx512_bf16,amx_bf16,amx_int8,amx_tile,fma",True,True,,256,128,sh14l07002s1404,3.11.9,2.1.2+cu121
20260424_010536,2026-04-24T06:14:18.694693,cpu,full_mlp_capacity_search_hd512_depth3,/home/liangyi/SRS_AI/Model_AIIC_refactor/experiments_refactored/20260422_050408_full_mlp_capacity_search_v2/full_mlp_capacity_search_hd512_depth3,full_mlp_capacity_search_v2,full_mlp_capacity_search_hd512_depth3,supervised_nmse_plateau,full_mlp,12,6,compile,bf16,bfloat16,16,128,ok,,662.000223,20,50,0.3065449,0.021900504083011425,0.26795,0.30492149999999996,0.33688270000000003,0.34767165,0.35503985,0.356086,52194.63771865068,52.19463771865068,304.9215,19.05759375,407.77060717695844,86672,86016,172760,all-physical,1.0,0.5,Intel(R) Xeon(R) 6760P,AVX512,"avx2,avx512f,avx512bw,avx512vl,avx512_vnni,avx512_bf16,amx_bf16,amx_int8,amx_tile,fma",True,True,,256,128,sh14l07002s1404,3.11.9,2.1.2+cu121
20260424_010536,2026-04-24T06:14:18.694693,cpu,full_mlp_capacity_search_hd512_depth3,/home/liangyi/SRS_AI/Model_AIIC_refactor/experiments_refactored/20260422_050408_full_mlp_capacity_search_v2/full_mlp_capacity_search_hd512_depth3,full_mlp_capacity_search_v2,full_mlp_capacity_search_hd512_depth3,supervised_nmse_plateau,full_mlp,12,6,compile,bf16,bfloat16,32,1,ok,,507.008034,20,50,0.07565670000000001,0.004699882710238631,0.069242,0.07477400000000001,0.0808089,0.0849628,0.09004026,0.090592,422963.20087976346,422.96320087976346,74.774,2.3366875,422963.20087976346,86672,86016,172760,single-thread,0.0078125,0.00390625,Intel(R) Xeon(R) 6760P,AVX512,"avx2,avx512f,avx512bw,avx512vl,avx512_vnni,avx512_bf16,amx_bf16,amx_int8,amx_tile,fma",True,True,,256,128,sh14l07002s1404,3.11.9,2.1.2+cu121
20260424_010536,2026-04-24T06:14:18.694693,cpu,full_mlp_capacity_search_hd512_depth3,/home/liangyi/SRS_AI/Model_AIIC_refactor/experiments_refactored/20260422_050408_full_mlp_capacity_search_v2/full_mlp_capacity_search_hd512_depth3,full_mlp_capacity_search_v2,full_mlp_capacity_search_hd512_depth3,supervised_nmse_plateau,full_mlp,12,6,compile,bf16,bfloat16,32,2,ok,,502.565917,20,50,0.11070432,0.004546199478421509,0.101697,0.11078450000000001,0.1156615,0.1188021,0.12152939,0.121622,289058.2770392339,289.0582770392339,110.78450000000001,3.4620156250000003,144529.13851961694,86672,86016,172760,sub-physical,0.015625,0.0078125,Intel(R) Xeon(R) 6760P,AVX512,"avx2,avx512f,avx512bw,avx512vl,avx512_vnni,avx512_bf16,amx_bf16,amx_int8,amx_tile,fma",True,True,,256,128,sh14l07002s1404,3.11.9,2.1.2+cu121
20260424_010536,2026-04-24T06:14:18.694693,cpu,full_mlp_capacity_search_hd512_depth3,/home/liangyi/SRS_AI/Model_AIIC_refactor/experiments_refactored/20260422_050408_full_mlp_capacity_search_v2/full_mlp_capacity_search_hd512_depth3,full_mlp_capacity_search_v2,full_mlp_capacity_search_hd512_depth3,supervised_nmse_plateau,full_mlp,12,6,compile,bf16,bfloat16,32,4,ok,,508.903124,20,50,0.11674492,0.005046371468055042,0.107812,0.11541000000000001,0.122575,0.1261685,0.13070669,0.131402,274101.86241936695,274.10186241936697,115.41000000000001,3.6065625000000003,68525.46560484174,86672,86016,172760,sub-physical,0.03125,0.015625,Intel(R) Xeon(R) 6760P,AVX512,"avx2,avx512f,avx512bw,avx512vl,avx512_vnni,avx512_bf16,amx_bf16,amx_int8,amx_tile,fma",True,True,,256,128,sh14l07002s1404,3.11.9,2.1.2+cu121
20260424_010536,2026-04-24T06:14:18.694693,cpu,full_mlp_capacity_search_hd512_depth3,/home/liangyi/SRS_AI/Model_AIIC_refactor/experiments_refactored/20260422_050408_full_mlp_capacity_search_v2/full_mlp_capacity_search_hd512_depth3,full_mlp_capacity_search_v2,full_mlp_capacity_search_hd512_depth3,supervised_nmse_plateau,full_mlp,12,6,compile,bf16,bfloat16,32,8,ok,,510.988584,20,50,0.11267606,0.03339303892874082,0.096738,0.1078045,0.1146964,0.11896535,0.23483792999999956,0.343933,283999.9907700003,283.99999077000035,107.8045,3.368890625,35499.99884625004,86672,86016,172760,sub-physical,0.0625,0.03125,Intel(R) Xeon(R) 6760P,AVX512,"avx2,avx512f,avx512bw,avx512vl,avx512_vnni,avx512_bf16,amx_bf16,amx_int8,amx_tile,fma",True,True,,256,128,sh14l07002s1404,3.11.9,2.1.2+cu121
20260424_010536,2026-04-24T06:14:18.694693,cpu,full_mlp_capacity_search_hd512_depth3,/home/liangyi/SRS_AI/Model_AIIC_refactor/experiments_refactored/20260422_050408_full_mlp_capacity_search_v2/full_mlp_capacity_search_hd512_depth3,full_mlp_capacity_search_v2,full_mlp_capacity_search_hd512_depth3,supervised_nmse_plateau,full_mlp,12,6,compile,bf16,bfloat16,32,128,ok,,540.237905,20,50,0.28441448,0.018591283764431112,0.251402,0.280365,0.31264240000000004,0.31562745,0.32814414999999997,0.330773,112511.85242045342,112.51185242045342,280.36499999999995,8.761406249999999,878.9988470347923,86672,86016,172760,all-physical,1.0,0.5,Intel(R) Xeon(R) 6760P,AVX512,"avx2,avx512f,avx512bw,avx512vl,avx512_vnni,avx512_bf16,amx_bf16,amx_int8,amx_tile,fma",True,True,,256,128,sh14l07002s1404,3.11.9,2.1.2+cu121
20260424_010536,2026-04-24T06:14:18.694693,cpu,full_mlp_capacity_search_hd512_depth3,/home/liangyi/SRS_AI/Model_AIIC_refactor/experiments_refactored/20260422_050408_full_mlp_capacity_search_v2/full_mlp_capacity_search_hd512_depth3,full_mlp_capacity_search_v2,full_mlp_capacity_search_hd512_depth3,supervised_nmse_plateau,full_mlp,12,6,compile,bf16,bfloat16,64,1,ok,,496.409392,20,50,0.08330602,0.003344448322160174,0.078023,0.081921,0.088242,0.0890935,0.09006994,0.090459,768251.8022106927,768.2518022106926,81.92099999999999,1.2800156249999999,768251.8022106927,86672,86016,172760,single-thread,0.0078125,0.00390625,Intel(R) Xeon(R) 6760P,AVX512,"avx2,avx512f,avx512bw,avx512vl,avx512_vnni,avx512_bf16,amx_bf16,amx_int8,amx_tile,fma",True,True,,256,128,sh14l07002s1404,3.11.9,2.1.2+cu121
20260424_010536,2026-04-24T06:14:18.694693,cpu,full_mlp_capacity_search_hd512_depth3,/home/liangyi/SRS_AI/Model_AIIC_refactor/experiments_refactored/20260422_050408_full_mlp_capacity_search_v2/full_mlp_capacity_search_hd512_depth3,full_mlp_capacity_search_v2,full_mlp_capacity_search_hd512_depth3,supervised_nmse_plateau,full_mlp,12,6,compile,bf16,bfloat16,64,2,ok,,505.270424,20,50,0.130569,0.011844888943337545,0.111424,0.12952750000000002,0.14409349999999999,0.14579355,0.1533529,0.159473,490162.2896705956,490.1622896705956,129.52750000000003,2.0238671875000005,245081.1448352978,86672,86016,172760,sub-physical,0.015625,0.0078125,Intel(R) Xeon(R) 6760P,AVX512,"avx2,avx512f,avx512bw,avx512vl,avx512_vnni,avx512_bf16,amx_bf16,amx_int8,amx_tile,fma",True,True,,256,128,sh14l07002s1404,3.11.9,2.1.2+cu121
20260424_010536,2026-04-24T06:14:18.694693,cpu,full_mlp_capacity_search_hd512_depth3,/home/liangyi/SRS_AI/Model_AIIC_refactor/experiments_refactored/20260422_050408_full_mlp_capacity_search_v2/full_mlp_capacity_search_hd512_depth3,full_mlp_capacity_search_v2,full_mlp_capacity_search_hd512_depth3,supervised_nmse_plateau,full_mlp,12,6,compile,bf16,bfloat16,64,4,ok,,508.774299,20,50,0.14548538,0.007428254973787585,0.12849,0.1444625,0.154592,0.15813595,0.16502548,0.166813,439906.7452688373,439.9067452688373,144.4625,2.2572265625,109976.68631720933,86672,86016,172760,sub-physical,0.03125,0.015625,Intel(R) Xeon(R) 6760P,AVX512,"avx2,avx512f,avx512bw,avx512vl,avx512_vnni,avx512_bf16,amx_bf16,amx_int8,amx_tile,fma",True,True,,256,128,sh14l07002s1404,3.11.9,2.1.2+cu121
20260424_010536,2026-04-24T06:14:18.694693,cpu,full_mlp_capacity_search_hd512_depth3,/home/liangyi/SRS_AI/Model_AIIC_refactor/experiments_refactored/20260422_050408_full_mlp_capacity_search_v2/full_mlp_capacity_search_hd512_depth3,full_mlp_capacity_search_v2,full_mlp_capacity_search_hd512_depth3,supervised_nmse_plateau,full_mlp,12,6,compile,bf16,bfloat16,64,8,ok,,507.807224,20,50,0.1291932,0.00707691099845123,0.113763,0.1282885,0.1377803,0.14164645,0.14868747,0.150254,495382.10989432875,495.3821098943288,128.2885,2.0045078125,61922.763736791094,86672,86016,172760,sub-physical,0.0625,0.03125,Intel(R) Xeon(R) 6760P,AVX512,"avx2,avx512f,avx512bw,avx512vl,avx512_vnni,avx512_bf16,amx_bf16,amx_int8,amx_tile,fma",True,True,,256,128,sh14l07002s1404,3.11.9,2.1.2+cu121
20260424_010536,2026-04-24T06:14:18.694693,cpu,full_mlp_capacity_search_hd512_depth3,/home/liangyi/SRS_AI/Model_AIIC_refactor/experiments_refactored/20260422_050408_full_mlp_capacity_search_v2/full_mlp_capacity_search_hd512_depth3,full_mlp_capacity_search_v2,full_mlp_capacity_search_hd512_depth3,supervised_nmse_plateau,full_mlp,12,6,compile,bf16,bfloat16,64,128,ok,,549.542985,20,50,0.38464506,0.02382061667162292,0.347506,0.3811,0.4168695,0.422962,0.43504495,0.44227,166387.16223211083,166.38716223211082,381.1,5.9546875,1299.8997049383659,86672,86016,172760,all-physical,1.0,0.5,Intel(R) Xeon(R) 6760P,AVX512,"avx2,avx512f,avx512bw,avx512vl,avx512_vnni,avx512_bf16,amx_bf16,amx_int8,amx_tile,fma",True,True,,256,128,sh14l07002s1404,3.11.9,2.1.2+cu121
20260424_010536,2026-04-24T06:14:18.694693,cpu,full_mlp_capacity_search_hd512_depth3,/home/liangyi/SRS_AI/Model_AIIC_refactor/experiments_refactored/20260422_050408_full_mlp_capacity_search_v2/full_mlp_capacity_search_hd512_depth3,full_mlp_capacity_search_v2,full_mlp_capacity_search_hd512_depth3,supervised_nmse_plateau,full_mlp,12,6,compile,bf16,bfloat16,128,1,ok,,496.2655,20,50,0.10361406,0.0034987890214186975,0.099197,0.10270699999999999,0.10810020000000001,0.1116075,0.11323382,0.113666,1235353.580392468,1235.353580392468,102.707,0.8023984375,1235353.580392468,86672,86016,172760,single-thread,0.0078125,0.00390625,Intel(R) Xeon(R) 6760P,AVX512,"avx2,avx512f,avx512bw,avx512vl,avx512_vnni,avx512_bf16,amx_bf16,amx_int8,amx_tile,fma",True,True,,256,128,sh14l07002s1404,3.11.9,2.1.2+cu121
20260424_010536,2026-04-24T06:14:18.694693,cpu,full_mlp_capacity_search_hd512_depth3,/home/liangyi/SRS_AI/Model_AIIC_refactor/experiments_refactored/20260422_050408_full_mlp_capacity_search_v2/full_mlp_capacity_search_hd512_depth3,full_mlp_capacity_search_v2,full_mlp_capacity_search_hd512_depth3,supervised_nmse_plateau,full_mlp,12,6,compile,bf16,bfloat16,128,2,ok,,510.989009,20,50,0.1783152,0.010217216382165937,0.154617,0.179705,0.19192620000000002,0.1926768,0.19557374,0.196247,717829.9999102713,717.8299999102712,179.705,1.4039453125,358914.99995513563,86672,86016,172760,sub-physical,0.015625,0.0078125,Intel(R) Xeon(R) 6760P,AVX512,"avx2,avx512f,avx512bw,avx512vl,avx512_vnni,avx512_bf16,amx_bf16,amx_int8,amx_tile,fma",True,True,,256,128,sh14l07002s1404,3.11.9,2.1.2+cu121
20260424_010536,2026-04-24T06:14:18.694693,cpu,full_mlp_capacity_search_hd512_depth3,/home/liangyi/SRS_AI/Model_AIIC_refactor/experiments_refactored/20260422_050408_full_mlp_capacity_search_v2/full_mlp_capacity_search_hd512_depth3,full_mlp_capacity_search_v2,full_mlp_capacity_search_hd512_depth3,supervised_nmse_plateau,full_mlp,12,6,compile,bf16,bfloat16,128,4,ok,,514.112919,20,50,0.1844694,0.02470598102727354,0.156513,0.169825,0.2145154,0.21546635,0.21612568,0.216257,693882.0205410761,693.882020541076,169.82500000000002,1.3267578125000001,173470.50513526902,86672,86016,172760,sub-physical,0.03125,0.015625,Intel(R) Xeon(R) 6760P,AVX512,"avx2,avx512f,avx512bw,avx512vl,avx512_vnni,avx512_bf16,amx_bf16,amx_int8,amx_tile,fma",True,True,,256,128,sh14l07002s1404,3.11.9,2.1.2+cu121
20260424_010536,2026-04-24T06:14:18.694693,cpu,full_mlp_capacity_search_hd512_depth3,/home/liangyi/SRS_AI/Model_AIIC_refactor/experiments_refactored/20260422_050408_full_mlp_capacity_search_v2/full_mlp_capacity_search_hd512_depth3,full_mlp_capacity_search_v2,full_mlp_capacity_search_hd512_depth3,supervised_nmse_plateau,full_mlp,12,6,compile,bf16,bfloat16,128,8,ok,,506.859174,20,50,0.1652294,0.018147898401743384,0.135869,0.16476,0.1876494,0.1918347,0.19987092999999997,0.204106,774680.5350621621,774.6805350621621,164.76,1.2871875,96835.06688277026,86672,86016,172760,sub-physical,0.0625,0.03125,Intel(R) Xeon(R) 6760P,AVX512,"avx2,avx512f,avx512bw,avx512vl,avx512_vnni,avx512_bf16,amx_bf16,amx_int8,amx_tile,fma",True,True,,256,128,sh14l07002s1404,3.11.9,2.1.2+cu121
20260424_010536,2026-04-24T06:14:18.694693,cpu,full_mlp_capacity_search_hd512_depth3,/home/liangyi/SRS_AI/Model_AIIC_refactor/experiments_refactored/20260422_050408_full_mlp_capacity_search_v2/full_mlp_capacity_search_hd512_depth3,full_mlp_capacity_search_v2,full_mlp_capacity_search_hd512_depth3,supervised_nmse_plateau,full_mlp,12,6,compile,bf16,bfloat16,128,128,ok,,547.318287,20,50,0.53236022,0.02992031783206188,0.475347,0.5312865,0.5710089,0.5835622,0.59594678,0.598974,240438.70144918037,240.43870144918037,531.2865,4.15067578125,1878.4273550717216,86672,86016,172760,all-physical,1.0,0.5,Intel(R) Xeon(R) 6760P,AVX512,"avx2,avx512f,avx512bw,avx512vl,avx512_vnni,avx512_bf16,amx_bf16,amx_int8,amx_tile,fma",True,True,,256,128,sh14l07002s1404,3.11.9,2.1.2+cu121
