benchmark_id,timestamp,device,runtime_backend,run_name,run_dir,experiment_name,model_label,training_label,model_type,seq_len,num_ports,execution_mode,requested_precision_profile,effective_execution_dtype,batch_size,num_threads,status,skip_reason,graph_prep_time_ms,warmup_iters,measure_iters,mean_latency_ms,std_latency_ms,min_latency_ms,p50_latency_ms,p90_latency_ms,p95_latency_ms,p99_latency_ms,max_latency_ms,throughput_samples_per_sec,samples_per_ms,p50_latency_us,latency_per_sample_us,throughput_per_thread,trainable_parameters,macs_per_sample,flops_per_sample_estimate,thread_group,threads_per_physical_core_ratio,threads_per_logical_cpu_ratio,cpu_model_name,cpu_capability,cpu_flag_summary,mkldnn_available,mkldnn_enabled,onednn_version,onnxruntime_version,onnxruntime_providers,openvino_version,openvino_device,logical_cpu_count,physical_cpu_count,hostname,python_version,pytorch_version
20260428_010731,2026-04-28T07:06:28.604420,cpu,pytorch,separator1_grid_search_6ports_masked_hd128_depth3_stages2_share0,/home/liangyi/SRS_AI/Model_AIIC_refactor/experiments_refactored/20260427_072855_default_6port_separator1_masked_v2/separator1_grid_search_6ports_masked_hd128_depth3_stages2_share0,default_6port_separator1_masked_v2,separator1_grid_search_6ports_masked_hd128_depth3_stages2_share0,supervised_nmse_plateau,separator1,12,6,eager,fp32,float32,1,1,ok,,0.0,20,50,0.76930984,0.010944185317071338,0.754648,0.7675725,0.7880817999999999,0.7932856,0.79786779,0.799499,1299.866384134642,1.299866384134642,767.5725,767.5725,1299.866384134642,510240,503808,1014552,single-thread,0.0078125,0.00390625,Intel(R) Xeon(R) 6760P,AVX512,"avx2,avx512f,avx512bw,avx512vl,avx512_vnni,avx512_bf16,amx_bf16,amx_int8,amx_tile,fma",True,True,,,,,,256,128,sh14l07002s1404,3.11.9,2.1.2+cu121
20260428_010731,2026-04-28T07:06:28.604420,cpu,pytorch,separator1_grid_search_6ports_masked_hd128_depth3_stages2_share0,/home/liangyi/SRS_AI/Model_AIIC_refactor/experiments_refactored/20260427_072855_default_6port_separator1_masked_v2/separator1_grid_search_6ports_masked_hd128_depth3_stages2_share0,default_6port_separator1_masked_v2,separator1_grid_search_6ports_masked_hd128_depth3_stages2_share0,supervised_nmse_plateau,separator1,12,6,eager,fp32,float32,1,2,ok,,0.0,20,50,0.71952086,0.007013850851023284,0.705302,0.7196910000000001,0.7282031,0.7299911,0.7347355799999999,0.737655,1389.8137713477827,1.3898137713477827,719.691,719.691,694.9068856738913,510240,503808,1014552,sub-physical,0.015625,0.0078125,Intel(R) Xeon(R) 6760P,AVX512,"avx2,avx512f,avx512bw,avx512vl,avx512_vnni,avx512_bf16,amx_bf16,amx_int8,amx_tile,fma",True,True,,,,,,256,128,sh14l07002s1404,3.11.9,2.1.2+cu121
20260428_010731,2026-04-28T07:06:28.604420,cpu,pytorch,separator1_grid_search_6ports_masked_hd128_depth3_stages2_share0,/home/liangyi/SRS_AI/Model_AIIC_refactor/experiments_refactored/20260427_072855_default_6port_separator1_masked_v2/separator1_grid_search_6ports_masked_hd128_depth3_stages2_share0,default_6port_separator1_masked_v2,separator1_grid_search_6ports_masked_hd128_depth3_stages2_share0,supervised_nmse_plateau,separator1,12,6,eager,fp32,float32,1,4,ok,,0.0,20,50,0.69511086,0.03077584677373476,0.673502,0.6861435,0.7040606,0.7728674499999999,0.8119478299999999,0.826566,1438.619445537076,1.438619445537076,686.1435,686.1435,359.654861384269,510240,503808,1014552,sub-physical,0.03125,0.015625,Intel(R) Xeon(R) 6760P,AVX512,"avx2,avx512f,avx512bw,avx512vl,avx512_vnni,avx512_bf16,amx_bf16,amx_int8,amx_tile,fma",True,True,,,,,,256,128,sh14l07002s1404,3.11.9,2.1.2+cu121
20260428_010731,2026-04-28T07:06:28.604420,cpu,pytorch,separator1_grid_search_6ports_masked_hd128_depth3_stages2_share0,/home/liangyi/SRS_AI/Model_AIIC_refactor/experiments_refactored/20260427_072855_default_6port_separator1_masked_v2/separator1_grid_search_6ports_masked_hd128_depth3_stages2_share0,default_6port_separator1_masked_v2,separator1_grid_search_6ports_masked_hd128_depth3_stages2_share0,supervised_nmse_plateau,separator1,12,6,eager,fp32,float32,1,8,ok,,0.0,20,50,0.70322896,0.036160752743802226,0.672862,0.6881075,0.7572387,0.80061465,0.80454163,0.807047,1422.0119717481487,1.4220119717481488,688.1075,688.1075,177.75149646851858,510240,503808,1014552,sub-physical,0.0625,0.03125,Intel(R) Xeon(R) 6760P,AVX512,"avx2,avx512f,avx512bw,avx512vl,avx512_vnni,avx512_bf16,amx_bf16,amx_int8,amx_tile,fma",True,True,,,,,,256,128,sh14l07002s1404,3.11.9,2.1.2+cu121
20260428_010731,2026-04-28T07:06:28.604420,cpu,pytorch,separator1_grid_search_6ports_masked_hd128_depth3_stages2_share0,/home/liangyi/SRS_AI/Model_AIIC_refactor/experiments_refactored/20260427_072855_default_6port_separator1_masked_v2/separator1_grid_search_6ports_masked_hd128_depth3_stages2_share0,default_6port_separator1_masked_v2,separator1_grid_search_6ports_masked_hd128_depth3_stages2_share0,supervised_nmse_plateau,separator1,12,6,eager,fp32,float32,2,1,ok,,0.0,20,50,0.82140006,0.016456798956552877,0.801045,0.819966,0.8293049,0.8327566,0.8812381999999999,0.924711,2434.8671218748145,2.4348671218748144,819.966,409.983,2434.8671218748145,510240,503808,1014552,single-thread,0.0078125,0.00390625,Intel(R) Xeon(R) 6760P,AVX512,"avx2,avx512f,avx512bw,avx512vl,avx512_vnni,avx512_bf16,amx_bf16,amx_int8,amx_tile,fma",True,True,,,,,,256,128,sh14l07002s1404,3.11.9,2.1.2+cu121
20260428_010731,2026-04-28T07:06:28.604420,cpu,pytorch,separator1_grid_search_6ports_masked_hd128_depth3_stages2_share0,/home/liangyi/SRS_AI/Model_AIIC_refactor/experiments_refactored/20260427_072855_default_6port_separator1_masked_v2/separator1_grid_search_6ports_masked_hd128_depth3_stages2_share0,default_6port_separator1_masked_v2,separator1_grid_search_6ports_masked_hd128_depth3_stages2_share0,supervised_nmse_plateau,separator1,12,6,eager,fp32,float32,2,2,ok,,0.0,20,50,0.82188764,0.01649743747708716,0.799976,0.819555,0.8309403000000001,0.83427025,0.8809340299999998,0.921581,2433.4226513006083,2.4334226513006083,819.5550000000001,409.77750000000003,1216.7113256503042,510240,503808,1014552,sub-physical,0.015625,0.0078125,Intel(R) Xeon(R) 6760P,AVX512,"avx2,avx512f,avx512bw,avx512vl,avx512_vnni,avx512_bf16,amx_bf16,amx_int8,amx_tile,fma",True,True,,,,,,256,128,sh14l07002s1404,3.11.9,2.1.2+cu121
20260428_010731,2026-04-28T07:06:28.604420,cpu,pytorch,separator1_grid_search_6ports_masked_hd128_depth3_stages2_share0,/home/liangyi/SRS_AI/Model_AIIC_refactor/experiments_refactored/20260427_072855_default_6port_separator1_masked_v2/separator1_grid_search_6ports_masked_hd128_depth3_stages2_share0,default_6port_separator1_masked_v2,separator1_grid_search_6ports_masked_hd128_depth3_stages2_share0,supervised_nmse_plateau,separator1,12,6,eager,fp32,float32,2,4,ok,,0.0,20,50,0.82088594,0.004398613619812497,0.809423,0.821021,0.8255316,0.8268418000000001,0.83272686,0.836297,2436.3920765898365,2.4363920765898364,821.021,410.5105,609.0980191474591,510240,503808,1014552,sub-physical,0.03125,0.015625,Intel(R) Xeon(R) 6760P,AVX512,"avx2,avx512f,avx512bw,avx512vl,avx512_vnni,avx512_bf16,amx_bf16,amx_int8,amx_tile,fma",True,True,,,,,,256,128,sh14l07002s1404,3.11.9,2.1.2+cu121
20260428_010731,2026-04-28T07:06:28.604420,cpu,pytorch,separator1_grid_search_6ports_masked_hd128_depth3_stages2_share0,/home/liangyi/SRS_AI/Model_AIIC_refactor/experiments_refactored/20260427_072855_default_6port_separator1_masked_v2/separator1_grid_search_6ports_masked_hd128_depth3_stages2_share0,default_6port_separator1_masked_v2,separator1_grid_search_6ports_masked_hd128_depth3_stages2_share0,supervised_nmse_plateau,separator1,12,6,eager,fp32,float32,2,8,ok,,0.0,20,50,0.7744564,0.0063766302574322165,0.760487,0.774315,0.7841512,0.78565655,0.78717271,0.787673,2582.4565462949236,2.5824565462949236,774.3149999999999,387.15749999999997,322.80706828686544,510240,503808,1014552,sub-physical,0.0625,0.03125,Intel(R) Xeon(R) 6760P,AVX512,"avx2,avx512f,avx512bw,avx512vl,avx512_vnni,avx512_bf16,amx_bf16,amx_int8,amx_tile,fma",True,True,,,,,,256,128,sh14l07002s1404,3.11.9,2.1.2+cu121
20260428_010731,2026-04-28T07:06:28.604420,cpu,pytorch,separator1_grid_search_6ports_masked_hd128_depth3_stages2_share0,/home/liangyi/SRS_AI/Model_AIIC_refactor/experiments_refactored/20260427_072855_default_6port_separator1_masked_v2/separator1_grid_search_6ports_masked_hd128_depth3_stages2_share0,default_6port_separator1_masked_v2,separator1_grid_search_6ports_masked_hd128_depth3_stages2_share0,supervised_nmse_plateau,separator1,12,6,eager,fp32,float32,4,1,ok,,0.0,20,50,0.87109636,0.007068354874396164,0.85832,0.8701295,0.8815138,0.8824948499999999,0.88786611,0.891032,4591.914492674496,4.591914492674496,870.1295,217.532375,4591.914492674496,510240,503808,1014552,single-thread,0.0078125,0.00390625,Intel(R) Xeon(R) 6760P,AVX512,"avx2,avx512f,avx512bw,avx512vl,avx512_vnni,avx512_bf16,amx_bf16,amx_int8,amx_tile,fma",True,True,,,,,,256,128,sh14l07002s1404,3.11.9,2.1.2+cu121
20260428_010731,2026-04-28T07:06:28.604420,cpu,pytorch,separator1_grid_search_6ports_masked_hd128_depth3_stages2_share0,/home/liangyi/SRS_AI/Model_AIIC_refactor/experiments_refactored/20260427_072855_default_6port_separator1_masked_v2/separator1_grid_search_6ports_masked_hd128_depth3_stages2_share0,default_6port_separator1_masked_v2,separator1_grid_search_6ports_masked_hd128_depth3_stages2_share0,supervised_nmse_plateau,separator1,12,6,eager,fp32,float32,4,2,ok,,0.0,20,50,0.85634944,0.018491702917968367,0.835922,0.8532335,0.8649702,0.8678662,0.9240879599999998,0.975193,4670.990384486034,4.670990384486034,853.2334999999999,213.30837499999998,2335.495192243017,510240,503808,1014552,sub-physical,0.015625,0.0078125,Intel(R) Xeon(R) 6760P,AVX512,"avx2,avx512f,avx512bw,avx512vl,avx512_vnni,avx512_bf16,amx_bf16,amx_int8,amx_tile,fma",True,True,,,,,,256,128,sh14l07002s1404,3.11.9,2.1.2+cu121
20260428_010731,2026-04-28T07:06:28.604420,cpu,pytorch,separator1_grid_search_6ports_masked_hd128_depth3_stages2_share0,/home/liangyi/SRS_AI/Model_AIIC_refactor/experiments_refactored/20260427_072855_default_6port_separator1_masked_v2/separator1_grid_search_6ports_masked_hd128_depth3_stages2_share0,default_6port_separator1_masked_v2,separator1_grid_search_6ports_masked_hd128_depth3_stages2_share0,supervised_nmse_plateau,separator1,12,6,eager,fp32,float32,4,4,ok,,0.0,20,50,0.84536738,0.008707994956107867,0.825121,0.844229,0.8572596,0.85907,0.86108156,0.862383,4731.670625852633,4.731670625852633,844.229,211.05725,1182.9176564631582,510240,503808,1014552,sub-physical,0.03125,0.015625,Intel(R) Xeon(R) 6760P,AVX512,"avx2,avx512f,avx512bw,avx512vl,avx512_vnni,avx512_bf16,amx_bf16,amx_int8,amx_tile,fma",True,True,,,,,,256,128,sh14l07002s1404,3.11.9,2.1.2+cu121
20260428_010731,2026-04-28T07:06:28.604420,cpu,pytorch,separator1_grid_search_6ports_masked_hd128_depth3_stages2_share0,/home/liangyi/SRS_AI/Model_AIIC_refactor/experiments_refactored/20260427_072855_default_6port_separator1_masked_v2/separator1_grid_search_6ports_masked_hd128_depth3_stages2_share0,default_6port_separator1_masked_v2,separator1_grid_search_6ports_masked_hd128_depth3_stages2_share0,supervised_nmse_plateau,separator1,12,6,eager,fp32,float32,4,8,ok,,0.0,20,50,0.8364976,0.014650614228761875,0.820737,0.8336625,0.8454106,0.8491219999999999,0.8893261499999998,0.925863,4781.842769184275,4.7818427691842755,833.6625,208.415625,597.7303461480344,510240,503808,1014552,sub-physical,0.0625,0.03125,Intel(R) Xeon(R) 6760P,AVX512,"avx2,avx512f,avx512bw,avx512vl,avx512_vnni,avx512_bf16,amx_bf16,amx_int8,amx_tile,fma",True,True,,,,,,256,128,sh14l07002s1404,3.11.9,2.1.2+cu121
20260428_010731,2026-04-28T07:06:28.604420,cpu,pytorch,separator1_grid_search_6ports_masked_hd128_depth3_stages2_share0,/home/liangyi/SRS_AI/Model_AIIC_refactor/experiments_refactored/20260427_072855_default_6port_separator1_masked_v2/separator1_grid_search_6ports_masked_hd128_depth3_stages2_share0,default_6port_separator1_masked_v2,separator1_grid_search_6ports_masked_hd128_depth3_stages2_share0,supervised_nmse_plateau,separator1,12,6,eager,fp32,float32,8,1,ok,,0.0,20,50,0.92923608,0.008662113889438305,0.909854,0.927464,0.9401167,0.9454672,0.94860395,0.949753,8609.222319477736,8.609222319477736,927.4639999999999,115.93299999999999,8609.222319477736,510240,503808,1014552,single-thread,0.0078125,0.00390625,Intel(R) Xeon(R) 6760P,AVX512,"avx2,avx512f,avx512bw,avx512vl,avx512_vnni,avx512_bf16,amx_bf16,amx_int8,amx_tile,fma",True,True,,,,,,256,128,sh14l07002s1404,3.11.9,2.1.2+cu121
20260428_010731,2026-04-28T07:06:28.604420,cpu,pytorch,separator1_grid_search_6ports_masked_hd128_depth3_stages2_share0,/home/liangyi/SRS_AI/Model_AIIC_refactor/experiments_refactored/20260427_072855_default_6port_separator1_masked_v2/separator1_grid_search_6ports_masked_hd128_depth3_stages2_share0,default_6port_separator1_masked_v2,separator1_grid_search_6ports_masked_hd128_depth3_stages2_share0,supervised_nmse_plateau,separator1,12,6,eager,fp32,float32,8,2,ok,,0.0,20,50,0.92215774,0.024625318881029746,0.900156,0.916837,0.9375391,0.939017,1.0119198699999998,1.079901,8675.305376713533,8.675305376713533,916.837,114.604625,4337.652688356767,510240,503808,1014552,sub-physical,0.015625,0.0078125,Intel(R) Xeon(R) 6760P,AVX512,"avx2,avx512f,avx512bw,avx512vl,avx512_vnni,avx512_bf16,amx_bf16,amx_int8,amx_tile,fma",True,True,,,,,,256,128,sh14l07002s1404,3.11.9,2.1.2+cu121
20260428_010731,2026-04-28T07:06:28.604420,cpu,pytorch,separator1_grid_search_6ports_masked_hd128_depth3_stages2_share0,/home/liangyi/SRS_AI/Model_AIIC_refactor/experiments_refactored/20260427_072855_default_6port_separator1_masked_v2/separator1_grid_search_6ports_masked_hd128_depth3_stages2_share0,default_6port_separator1_masked_v2,separator1_grid_search_6ports_masked_hd128_depth3_stages2_share0,supervised_nmse_plateau,separator1,12,6,eager,fp32,float32,8,4,ok,,0.0,20,50,0.82335214,0.015208455542901123,0.80115,0.819543,0.8465609000000001,0.8484454,0.8527680599999999,0.854437,9716.37724777153,9.716377247771531,819.543,102.442875,2429.0943119428825,510240,503808,1014552,sub-physical,0.03125,0.015625,Intel(R) Xeon(R) 6760P,AVX512,"avx2,avx512f,avx512bw,avx512vl,avx512_vnni,avx512_bf16,amx_bf16,amx_int8,amx_tile,fma",True,True,,,,,,256,128,sh14l07002s1404,3.11.9,2.1.2+cu121
20260428_010731,2026-04-28T07:06:28.604420,cpu,pytorch,separator1_grid_search_6ports_masked_hd128_depth3_stages2_share0,/home/liangyi/SRS_AI/Model_AIIC_refactor/experiments_refactored/20260427_072855_default_6port_separator1_masked_v2/separator1_grid_search_6ports_masked_hd128_depth3_stages2_share0,default_6port_separator1_masked_v2,separator1_grid_search_6ports_masked_hd128_depth3_stages2_share0,supervised_nmse_plateau,separator1,12,6,eager,fp32,float32,8,8,ok,,0.0,20,50,0.90206384,0.010681390016959405,0.886937,0.8988955000000001,0.9151053,0.91992335,0.93211187,0.94193,8868.551919784304,8.868551919784304,898.8955000000001,112.36193750000001,1108.568989973038,510240,503808,1014552,sub-physical,0.0625,0.03125,Intel(R) Xeon(R) 6760P,AVX512,"avx2,avx512f,avx512bw,avx512vl,avx512_vnni,avx512_bf16,amx_bf16,amx_int8,amx_tile,fma",True,True,,,,,,256,128,sh14l07002s1404,3.11.9,2.1.2+cu121
20260428_010731,2026-04-28T07:06:28.604420,cpu,pytorch,separator1_grid_search_6ports_masked_hd128_depth3_stages2_share0,/home/liangyi/SRS_AI/Model_AIIC_refactor/experiments_refactored/20260427_072855_default_6port_separator1_masked_v2/separator1_grid_search_6ports_masked_hd128_depth3_stages2_share0,default_6port_separator1_masked_v2,separator1_grid_search_6ports_masked_hd128_depth3_stages2_share0,supervised_nmse_plateau,separator1,12,6,eager,fp32,float32,16,1,ok,,0.0,20,50,1.01038726,0.016113658229973724,0.988015,1.0034640000000001,1.0374818,1.04143035,1.0430930200000001,1.043241,15835.512415308958,15.835512415308958,1003.4640000000002,62.71650000000001,15835.512415308958,510240,503808,1014552,single-thread,0.0078125,0.00390625,Intel(R) Xeon(R) 6760P,AVX512,"avx2,avx512f,avx512bw,avx512vl,avx512_vnni,avx512_bf16,amx_bf16,amx_int8,amx_tile,fma",True,True,,,,,,256,128,sh14l07002s1404,3.11.9,2.1.2+cu121
20260428_010731,2026-04-28T07:06:28.604420,cpu,pytorch,separator1_grid_search_6ports_masked_hd128_depth3_stages2_share0,/home/liangyi/SRS_AI/Model_AIIC_refactor/experiments_refactored/20260427_072855_default_6port_separator1_masked_v2/separator1_grid_search_6ports_masked_hd128_depth3_stages2_share0,default_6port_separator1_masked_v2,separator1_grid_search_6ports_masked_hd128_depth3_stages2_share0,supervised_nmse_plateau,separator1,12,6,eager,fp32,float32,16,2,ok,,0.0,20,50,1.00036192,0.03648723307505791,0.960527,0.9830755,1.0441764,1.0758482,1.1171678999999999,1.142447,15994.211375019153,15.994211375019153,983.0755,61.44221875,7997.1056875095765,510240,503808,1014552,sub-physical,0.015625,0.0078125,Intel(R) Xeon(R) 6760P,AVX512,"avx2,avx512f,avx512bw,avx512vl,avx512_vnni,avx512_bf16,amx_bf16,amx_int8,amx_tile,fma",True,True,,,,,,256,128,sh14l07002s1404,3.11.9,2.1.2+cu121
20260428_010731,2026-04-28T07:06:28.604420,cpu,pytorch,separator1_grid_search_6ports_masked_hd128_depth3_stages2_share0,/home/liangyi/SRS_AI/Model_AIIC_refactor/experiments_refactored/20260427_072855_default_6port_separator1_masked_v2/separator1_grid_search_6ports_masked_hd128_depth3_stages2_share0,default_6port_separator1_masked_v2,separator1_grid_search_6ports_masked_hd128_depth3_stages2_share0,supervised_nmse_plateau,separator1,12,6,eager,fp32,float32,16,4,ok,,0.0,20,50,0.92435532,0.02290702826508929,0.894213,0.9167385,0.9572208,0.9723434,0.9839556199999999,0.988984,17309.36107989296,17.30936107989296,916.7385,57.29615625,4327.34026997324,510240,503808,1014552,sub-physical,0.03125,0.015625,Intel(R) Xeon(R) 6760P,AVX512,"avx2,avx512f,avx512bw,avx512vl,avx512_vnni,avx512_bf16,amx_bf16,amx_int8,amx_tile,fma",True,True,,,,,,256,128,sh14l07002s1404,3.11.9,2.1.2+cu121
20260428_010731,2026-04-28T07:06:28.604420,cpu,pytorch,separator1_grid_search_6ports_masked_hd128_depth3_stages2_share0,/home/liangyi/SRS_AI/Model_AIIC_refactor/experiments_refactored/20260427_072855_default_6port_separator1_masked_v2/separator1_grid_search_6ports_masked_hd128_depth3_stages2_share0,default_6port_separator1_masked_v2,separator1_grid_search_6ports_masked_hd128_depth3_stages2_share0,supervised_nmse_plateau,separator1,12,6,eager,fp32,float32,16,8,ok,,0.0,20,50,0.92385626,0.02799289587292461,0.88648,0.914431,0.9697578,0.9806437499999999,1.00489604,1.010729,17318.71146275504,17.31871146275504,914.431,57.1519375,2164.83893284438,510240,503808,1014552,sub-physical,0.0625,0.03125,Intel(R) Xeon(R) 6760P,AVX512,"avx2,avx512f,avx512bw,avx512vl,avx512_vnni,avx512_bf16,amx_bf16,amx_int8,amx_tile,fma",True,True,,,,,,256,128,sh14l07002s1404,3.11.9,2.1.2+cu121
20260428_010731,2026-04-28T07:06:28.604420,cpu,pytorch,separator1_grid_search_6ports_masked_hd128_depth3_stages2_share0,/home/liangyi/SRS_AI/Model_AIIC_refactor/experiments_refactored/20260427_072855_default_6port_separator1_masked_v2/separator1_grid_search_6ports_masked_hd128_depth3_stages2_share0,default_6port_separator1_masked_v2,separator1_grid_search_6ports_masked_hd128_depth3_stages2_share0,supervised_nmse_plateau,separator1,12,6,eager,fp32,float32,32,1,ok,,0.0,20,50,1.1246087,0.03393324538457822,1.106319,1.113401,1.1507157,1.18840665,1.26617206,1.277347,28454.34149673571,28.454341496735708,1113.401,34.79378125,28454.34149673571,510240,503808,1014552,single-thread,0.0078125,0.00390625,Intel(R) Xeon(R) 6760P,AVX512,"avx2,avx512f,avx512bw,avx512vl,avx512_vnni,avx512_bf16,amx_bf16,amx_int8,amx_tile,fma",True,True,,,,,,256,128,sh14l07002s1404,3.11.9,2.1.2+cu121
20260428_010731,2026-04-28T07:06:28.604420,cpu,pytorch,separator1_grid_search_6ports_masked_hd128_depth3_stages2_share0,/home/liangyi/SRS_AI/Model_AIIC_refactor/experiments_refactored/20260427_072855_default_6port_separator1_masked_v2/separator1_grid_search_6ports_masked_hd128_depth3_stages2_share0,default_6port_separator1_masked_v2,separator1_grid_search_6ports_masked_hd128_depth3_stages2_share0,supervised_nmse_plateau,separator1,12,6,eager,fp32,float32,32,2,ok,,0.0,20,50,1.22312012,0.04388507998882537,1.173106,1.2074435000000001,1.2803172,1.3045132,1.36405611,1.40113,26162.597995689906,26.162597995689907,1207.4435,37.732609375,13081.298997844953,510240,503808,1014552,sub-physical,0.015625,0.0078125,Intel(R) Xeon(R) 6760P,AVX512,"avx2,avx512f,avx512bw,avx512vl,avx512_vnni,avx512_bf16,amx_bf16,amx_int8,amx_tile,fma",True,True,,,,,,256,128,sh14l07002s1404,3.11.9,2.1.2+cu121
20260428_010731,2026-04-28T07:06:28.604420,cpu,pytorch,separator1_grid_search_6ports_masked_hd128_depth3_stages2_share0,/home/liangyi/SRS_AI/Model_AIIC_refactor/experiments_refactored/20260427_072855_default_6port_separator1_masked_v2/separator1_grid_search_6ports_masked_hd128_depth3_stages2_share0,default_6port_separator1_masked_v2,separator1_grid_search_6ports_masked_hd128_depth3_stages2_share0,supervised_nmse_plateau,separator1,12,6,eager,fp32,float32,32,4,ok,,0.0,20,50,1.07663318,0.03164327031751933,1.037193,1.0631210000000002,1.1230786000000001,1.1344457,1.16235681,1.179669,29722.286656630815,29.722286656630814,1063.121,33.22253125,7430.571664157704,510240,503808,1014552,sub-physical,0.03125,0.015625,Intel(R) Xeon(R) 6760P,AVX512,"avx2,avx512f,avx512bw,avx512vl,avx512_vnni,avx512_bf16,amx_bf16,amx_int8,amx_tile,fma",True,True,,,,,,256,128,sh14l07002s1404,3.11.9,2.1.2+cu121
20260428_010731,2026-04-28T07:06:28.604420,cpu,pytorch,separator1_grid_search_6ports_masked_hd128_depth3_stages2_share0,/home/liangyi/SRS_AI/Model_AIIC_refactor/experiments_refactored/20260427_072855_default_6port_separator1_masked_v2/separator1_grid_search_6ports_masked_hd128_depth3_stages2_share0,default_6port_separator1_masked_v2,separator1_grid_search_6ports_masked_hd128_depth3_stages2_share0,supervised_nmse_plateau,separator1,12,6,eager,fp32,float32,32,8,ok,,0.0,20,50,1.07240184,0.047132903850859845,1.019824,1.054456,1.1224938,1.1412994,1.2306367599999997,1.311867,29839.560886989904,29.839560886989904,1054.4560000000001,32.951750000000004,3729.945110873738,510240,503808,1014552,sub-physical,0.0625,0.03125,Intel(R) Xeon(R) 6760P,AVX512,"avx2,avx512f,avx512bw,avx512vl,avx512_vnni,avx512_bf16,amx_bf16,amx_int8,amx_tile,fma",True,True,,,,,,256,128,sh14l07002s1404,3.11.9,2.1.2+cu121
20260428_010731,2026-04-28T07:06:28.604420,cpu,pytorch,separator1_grid_search_6ports_masked_hd128_depth3_stages2_share0,/home/liangyi/SRS_AI/Model_AIIC_refactor/experiments_refactored/20260427_072855_default_6port_separator1_masked_v2/separator1_grid_search_6ports_masked_hd128_depth3_stages2_share0,default_6port_separator1_masked_v2,separator1_grid_search_6ports_masked_hd128_depth3_stages2_share0,supervised_nmse_plateau,separator1,12,6,eager,fp32,float32,64,1,ok,,0.0,20,50,1.37672552,0.03819770993776459,1.33596,1.361343,1.415926,1.42462185,1.5041855899999996,1.562794,46487.11676384121,46.48711676384121,1361.343,21.270984375,46487.11676384121,510240,503808,1014552,single-thread,0.0078125,0.00390625,Intel(R) Xeon(R) 6760P,AVX512,"avx2,avx512f,avx512bw,avx512vl,avx512_vnni,avx512_bf16,amx_bf16,amx_int8,amx_tile,fma",True,True,,,,,,256,128,sh14l07002s1404,3.11.9,2.1.2+cu121
20260428_010731,2026-04-28T07:06:28.604420,cpu,pytorch,separator1_grid_search_6ports_masked_hd128_depth3_stages2_share0,/home/liangyi/SRS_AI/Model_AIIC_refactor/experiments_refactored/20260427_072855_default_6port_separator1_masked_v2/separator1_grid_search_6ports_masked_hd128_depth3_stages2_share0,default_6port_separator1_masked_v2,separator1_grid_search_6ports_masked_hd128_depth3_stages2_share0,supervised_nmse_plateau,separator1,12,6,eager,fp32,float32,64,2,ok,,0.0,20,50,1.5911441,0.04153279877265676,1.551533,1.578905,1.6269612999999998,1.65768615,1.7493444399999998,1.818701,40222.62974170598,40.22262974170598,1578.905,24.670390625,20111.31487085299,510240,503808,1014552,sub-physical,0.015625,0.0078125,Intel(R) Xeon(R) 6760P,AVX512,"avx2,avx512f,avx512bw,avx512vl,avx512_vnni,avx512_bf16,amx_bf16,amx_int8,amx_tile,fma",True,True,,,,,,256,128,sh14l07002s1404,3.11.9,2.1.2+cu121
20260428_010731,2026-04-28T07:06:28.604420,cpu,pytorch,separator1_grid_search_6ports_masked_hd128_depth3_stages2_share0,/home/liangyi/SRS_AI/Model_AIIC_refactor/experiments_refactored/20260427_072855_default_6port_separator1_masked_v2/separator1_grid_search_6ports_masked_hd128_depth3_stages2_share0,default_6port_separator1_masked_v2,separator1_grid_search_6ports_masked_hd128_depth3_stages2_share0,supervised_nmse_plateau,separator1,12,6,eager,fp32,float32,64,4,ok,,0.0,20,50,1.4662632,0.03937296206840425,1.421695,1.4518149999999999,1.5331446,1.5490971,1.57670198,1.59733,43648.370906396616,43.648370906396615,1451.8149999999998,22.684609374999997,10912.092726599154,510240,503808,1014552,sub-physical,0.03125,0.015625,Intel(R) Xeon(R) 6760P,AVX512,"avx2,avx512f,avx512bw,avx512vl,avx512_vnni,avx512_bf16,amx_bf16,amx_int8,amx_tile,fma",True,True,,,,,,256,128,sh14l07002s1404,3.11.9,2.1.2+cu121
20260428_010731,2026-04-28T07:06:28.604420,cpu,pytorch,separator1_grid_search_6ports_masked_hd128_depth3_stages2_share0,/home/liangyi/SRS_AI/Model_AIIC_refactor/experiments_refactored/20260427_072855_default_6port_separator1_masked_v2/separator1_grid_search_6ports_masked_hd128_depth3_stages2_share0,default_6port_separator1_masked_v2,separator1_grid_search_6ports_masked_hd128_depth3_stages2_share0,supervised_nmse_plateau,separator1,12,6,eager,fp32,float32,64,8,ok,,0.0,20,50,1.2791184,0.04216433733808703,1.243721,1.2637909999999999,1.3070122,1.389974,1.42701919,1.450965,50034.461235175724,50.034461235175726,1263.791,19.746734375,6254.3076543969655,510240,503808,1014552,sub-physical,0.0625,0.03125,Intel(R) Xeon(R) 6760P,AVX512,"avx2,avx512f,avx512bw,avx512vl,avx512_vnni,avx512_bf16,amx_bf16,amx_int8,amx_tile,fma",True,True,,,,,,256,128,sh14l07002s1404,3.11.9,2.1.2+cu121
20260428_010731,2026-04-28T07:06:28.604420,cpu,pytorch,separator1_grid_search_6ports_masked_hd128_depth3_stages2_share0,/home/liangyi/SRS_AI/Model_AIIC_refactor/experiments_refactored/20260427_072855_default_6port_separator1_masked_v2/separator1_grid_search_6ports_masked_hd128_depth3_stages2_share0,default_6port_separator1_masked_v2,separator1_grid_search_6ports_masked_hd128_depth3_stages2_share0,supervised_nmse_plateau,separator1,12,6,eager,fp32,float32,128,1,ok,,0.0,20,50,1.8481043,0.026957131236279578,1.813022,1.8388810000000002,1.8907282,1.8967428,1.90563679,1.908297,69260.16026259991,69.26016026259991,1838.8810000000003,14.366257812500002,69260.16026259991,510240,503808,1014552,single-thread,0.0078125,0.00390625,Intel(R) Xeon(R) 6760P,AVX512,"avx2,avx512f,avx512bw,avx512vl,avx512_vnni,avx512_bf16,amx_bf16,amx_int8,amx_tile,fma",True,True,,,,,,256,128,sh14l07002s1404,3.11.9,2.1.2+cu121
20260428_010731,2026-04-28T07:06:28.604420,cpu,pytorch,separator1_grid_search_6ports_masked_hd128_depth3_stages2_share0,/home/liangyi/SRS_AI/Model_AIIC_refactor/experiments_refactored/20260427_072855_default_6port_separator1_masked_v2/separator1_grid_search_6ports_masked_hd128_depth3_stages2_share0,default_6port_separator1_masked_v2,separator1_grid_search_6ports_masked_hd128_depth3_stages2_share0,supervised_nmse_plateau,separator1,12,6,eager,fp32,float32,128,2,ok,,0.0,20,50,2.22523258,0.035744369358034565,2.177591,2.2172140000000002,2.262716,2.27341185,2.34395638,2.405519,57522.07708553324,57.52207708553324,2217.2140000000004,17.321984375000003,28761.03854276662,510240,503808,1014552,sub-physical,0.015625,0.0078125,Intel(R) Xeon(R) 6760P,AVX512,"avx2,avx512f,avx512bw,avx512vl,avx512_vnni,avx512_bf16,amx_bf16,amx_int8,amx_tile,fma",True,True,,,,,,256,128,sh14l07002s1404,3.11.9,2.1.2+cu121
20260428_010731,2026-04-28T07:06:28.604420,cpu,pytorch,separator1_grid_search_6ports_masked_hd128_depth3_stages2_share0,/home/liangyi/SRS_AI/Model_AIIC_refactor/experiments_refactored/20260427_072855_default_6port_separator1_masked_v2/separator1_grid_search_6ports_masked_hd128_depth3_stages2_share0,default_6port_separator1_masked_v2,separator1_grid_search_6ports_masked_hd128_depth3_stages2_share0,supervised_nmse_plateau,separator1,12,6,eager,fp32,float32,128,4,ok,,0.0,20,50,2.10042232,0.027364990546638282,2.053787,2.0997975,2.1336975000000002,2.1395899000000003,2.17350708,2.201147,60940.12560293113,60.94012560293113,2099.7975,16.40466796875,15235.031400732783,510240,503808,1014552,sub-physical,0.03125,0.015625,Intel(R) Xeon(R) 6760P,AVX512,"avx2,avx512f,avx512bw,avx512vl,avx512_vnni,avx512_bf16,amx_bf16,amx_int8,amx_tile,fma",True,True,,,,,,256,128,sh14l07002s1404,3.11.9,2.1.2+cu121
20260428_010731,2026-04-28T07:06:28.604420,cpu,pytorch,separator1_grid_search_6ports_masked_hd128_depth3_stages2_share0,/home/liangyi/SRS_AI/Model_AIIC_refactor/experiments_refactored/20260427_072855_default_6port_separator1_masked_v2/separator1_grid_search_6ports_masked_hd128_depth3_stages2_share0,default_6port_separator1_masked_v2,separator1_grid_search_6ports_masked_hd128_depth3_stages2_share0,supervised_nmse_plateau,separator1,12,6,eager,fp32,float32,128,8,ok,,0.0,20,50,1.9494978,0.041499507386473906,1.880478,1.9545405,1.9922461999999999,2.0008892,2.07069107,2.131381,65657.93508461512,65.65793508461512,1954.5405,15.26984765625,8207.24188557689,510240,503808,1014552,sub-physical,0.0625,0.03125,Intel(R) Xeon(R) 6760P,AVX512,"avx2,avx512f,avx512bw,avx512vl,avx512_vnni,avx512_bf16,amx_bf16,amx_int8,amx_tile,fma",True,True,,,,,,256,128,sh14l07002s1404,3.11.9,2.1.2+cu121
20260428_010731,2026-04-28T07:06:28.604420,cpu,pytorch,separator1_grid_search_6ports_masked_hd128_depth3_stages2_share0,/home/liangyi/SRS_AI/Model_AIIC_refactor/experiments_refactored/20260427_072855_default_6port_separator1_masked_v2/separator1_grid_search_6ports_masked_hd128_depth3_stages2_share0,default_6port_separator1_masked_v2,separator1_grid_search_6ports_masked_hd128_depth3_stages2_share0,supervised_nmse_plateau,separator1,12,6,eager,bf16,bfloat16,1,1,ok,,0.0,20,50,1.03592148,0.014739819738707801,1.018858,1.031099,1.0543842,1.0614925499999999,1.0784219800000001,1.090181,965.3241286202502,0.9653241286202502,1031.099,1031.099,965.3241286202502,510240,503808,1014552,single-thread,0.0078125,0.00390625,Intel(R) Xeon(R) 6760P,AVX512,"avx2,avx512f,avx512bw,avx512vl,avx512_vnni,avx512_bf16,amx_bf16,amx_int8,amx_tile,fma",True,True,,,,,,256,128,sh14l07002s1404,3.11.9,2.1.2+cu121
20260428_010731,2026-04-28T07:06:28.604420,cpu,pytorch,separator1_grid_search_6ports_masked_hd128_depth3_stages2_share0,/home/liangyi/SRS_AI/Model_AIIC_refactor/experiments_refactored/20260427_072855_default_6port_separator1_masked_v2/separator1_grid_search_6ports_masked_hd128_depth3_stages2_share0,default_6port_separator1_masked_v2,separator1_grid_search_6ports_masked_hd128_depth3_stages2_share0,supervised_nmse_plateau,separator1,12,6,eager,bf16,bfloat16,1,2,ok,,0.0,20,50,1.09299362,0.024036397363906253,1.074752,1.089111,1.1001357,1.1035768,1.1918304499999999,1.247247,914.9184237690242,0.9149184237690242,1089.1109999999999,1089.1109999999999,457.4592118845121,510240,503808,1014552,sub-physical,0.015625,0.0078125,Intel(R) Xeon(R) 6760P,AVX512,"avx2,avx512f,avx512bw,avx512vl,avx512_vnni,avx512_bf16,amx_bf16,amx_int8,amx_tile,fma",True,True,,,,,,256,128,sh14l07002s1404,3.11.9,2.1.2+cu121
20260428_010731,2026-04-28T07:06:28.604420,cpu,pytorch,separator1_grid_search_6ports_masked_hd128_depth3_stages2_share0,/home/liangyi/SRS_AI/Model_AIIC_refactor/experiments_refactored/20260427_072855_default_6port_separator1_masked_v2/separator1_grid_search_6ports_masked_hd128_depth3_stages2_share0,default_6port_separator1_masked_v2,separator1_grid_search_6ports_masked_hd128_depth3_stages2_share0,supervised_nmse_plateau,separator1,12,6,eager,bf16,bfloat16,1,4,ok,,0.0,20,50,1.05284448,0.012789806769830422,1.035223,1.050292,1.0695665,1.07495545,1.08410295,1.089809,949.8078956542565,0.9498078956542565,1050.292,1050.292,237.45197391356413,510240,503808,1014552,sub-physical,0.03125,0.015625,Intel(R) Xeon(R) 6760P,AVX512,"avx2,avx512f,avx512bw,avx512vl,avx512_vnni,avx512_bf16,amx_bf16,amx_int8,amx_tile,fma",True,True,,,,,,256,128,sh14l07002s1404,3.11.9,2.1.2+cu121
20260428_010731,2026-04-28T07:06:28.604420,cpu,pytorch,separator1_grid_search_6ports_masked_hd128_depth3_stages2_share0,/home/liangyi/SRS_AI/Model_AIIC_refactor/experiments_refactored/20260427_072855_default_6port_separator1_masked_v2/separator1_grid_search_6ports_masked_hd128_depth3_stages2_share0,default_6port_separator1_masked_v2,separator1_grid_search_6ports_masked_hd128_depth3_stages2_share0,supervised_nmse_plateau,separator1,12,6,eager,bf16,bfloat16,1,8,ok,,0.0,20,50,1.06901416,0.01930930162213019,1.048061,1.0658159999999999,1.0837150000000002,1.09402015,1.14185959,1.171509,935.4413041638288,0.9354413041638289,1065.8159999999998,1065.8159999999998,116.9301630204786,510240,503808,1014552,sub-physical,0.0625,0.03125,Intel(R) Xeon(R) 6760P,AVX512,"avx2,avx512f,avx512bw,avx512vl,avx512_vnni,avx512_bf16,amx_bf16,amx_int8,amx_tile,fma",True,True,,,,,,256,128,sh14l07002s1404,3.11.9,2.1.2+cu121
20260428_010731,2026-04-28T07:06:28.604420,cpu,pytorch,separator1_grid_search_6ports_masked_hd128_depth3_stages2_share0,/home/liangyi/SRS_AI/Model_AIIC_refactor/experiments_refactored/20260427_072855_default_6port_separator1_masked_v2/separator1_grid_search_6ports_masked_hd128_depth3_stages2_share0,default_6port_separator1_masked_v2,separator1_grid_search_6ports_masked_hd128_depth3_stages2_share0,supervised_nmse_plateau,separator1,12,6,eager,bf16,bfloat16,2,1,ok,,0.0,20,50,1.5362906,0.02607852930669212,1.476459,1.534858,1.5599268,1.5713854999999999,1.6135996699999997,1.646977,1301.837035258824,1.301837035258824,1534.858,767.429,1301.837035258824,510240,503808,1014552,single-thread,0.0078125,0.00390625,Intel(R) Xeon(R) 6760P,AVX512,"avx2,avx512f,avx512bw,avx512vl,avx512_vnni,avx512_bf16,amx_bf16,amx_int8,amx_tile,fma",True,True,,,,,,256,128,sh14l07002s1404,3.11.9,2.1.2+cu121
20260428_010731,2026-04-28T07:06:28.604420,cpu,pytorch,separator1_grid_search_6ports_masked_hd128_depth3_stages2_share0,/home/liangyi/SRS_AI/Model_AIIC_refactor/experiments_refactored/20260427_072855_default_6port_separator1_masked_v2/separator1_grid_search_6ports_masked_hd128_depth3_stages2_share0,default_6port_separator1_masked_v2,separator1_grid_search_6ports_masked_hd128_depth3_stages2_share0,supervised_nmse_plateau,separator1,12,6,eager,bf16,bfloat16,2,2,ok,,0.0,20,50,1.50150246,0.02563432237076688,1.459548,1.5017749999999999,1.5316498,1.5341766,1.5780745999999999,1.608288,1331.9991497050228,1.3319991497050228,1501.7749999999999,750.8874999999999,665.9995748525114,510240,503808,1014552,sub-physical,0.015625,0.0078125,Intel(R) Xeon(R) 6760P,AVX512,"avx2,avx512f,avx512bw,avx512vl,avx512_vnni,avx512_bf16,amx_bf16,amx_int8,amx_tile,fma",True,True,,,,,,256,128,sh14l07002s1404,3.11.9,2.1.2+cu121
20260428_010731,2026-04-28T07:06:28.604420,cpu,pytorch,separator1_grid_search_6ports_masked_hd128_depth3_stages2_share0,/home/liangyi/SRS_AI/Model_AIIC_refactor/experiments_refactored/20260427_072855_default_6port_separator1_masked_v2/separator1_grid_search_6ports_masked_hd128_depth3_stages2_share0,default_6port_separator1_masked_v2,separator1_grid_search_6ports_masked_hd128_depth3_stages2_share0,supervised_nmse_plateau,separator1,12,6,eager,bf16,bfloat16,2,4,ok,,0.0,20,50,1.5123267,0.04192104997313401,1.472205,1.507326,1.5379064,1.5420000500000002,1.6641523999999994,1.776039,1322.4655757251392,1.3224655757251391,1507.326,753.663,330.6163939312848,510240,503808,1014552,sub-physical,0.03125,0.015625,Intel(R) Xeon(R) 6760P,AVX512,"avx2,avx512f,avx512bw,avx512vl,avx512_vnni,avx512_bf16,amx_bf16,amx_int8,amx_tile,fma",True,True,,,,,,256,128,sh14l07002s1404,3.11.9,2.1.2+cu121
20260428_010731,2026-04-28T07:06:28.604420,cpu,pytorch,separator1_grid_search_6ports_masked_hd128_depth3_stages2_share0,/home/liangyi/SRS_AI/Model_AIIC_refactor/experiments_refactored/20260427_072855_default_6port_separator1_masked_v2/separator1_grid_search_6ports_masked_hd128_depth3_stages2_share0,default_6port_separator1_masked_v2,separator1_grid_search_6ports_masked_hd128_depth3_stages2_share0,supervised_nmse_plateau,separator1,12,6,eager,bf16,bfloat16,2,8,ok,,0.0,20,50,1.65210462,0.02784608192036359,1.607256,1.6506875,1.6872528,1.70178685,1.72133935,1.723929,1210.5770880296914,1.2105770880296913,1650.6875,825.34375,151.32213600371142,510240,503808,1014552,sub-physical,0.0625,0.03125,Intel(R) Xeon(R) 6760P,AVX512,"avx2,avx512f,avx512bw,avx512vl,avx512_vnni,avx512_bf16,amx_bf16,amx_int8,amx_tile,fma",True,True,,,,,,256,128,sh14l07002s1404,3.11.9,2.1.2+cu121
20260428_010731,2026-04-28T07:06:28.604420,cpu,pytorch,separator1_grid_search_6ports_masked_hd128_depth3_stages2_share0,/home/liangyi/SRS_AI/Model_AIIC_refactor/experiments_refactored/20260427_072855_default_6port_separator1_masked_v2/separator1_grid_search_6ports_masked_hd128_depth3_stages2_share0,default_6port_separator1_masked_v2,separator1_grid_search_6ports_masked_hd128_depth3_stages2_share0,supervised_nmse_plateau,separator1,12,6,eager,bf16,bfloat16,4,1,ok,,0.0,20,50,1.82263272,0.03735021207706325,1.764641,1.812993,1.8734644,1.887284,1.89741812,1.899874,2194.6275605103806,2.1946275605103804,1812.9930000000002,453.24825000000004,2194.6275605103806,510240,503808,1014552,single-thread,0.0078125,0.00390625,Intel(R) Xeon(R) 6760P,AVX512,"avx2,avx512f,avx512bw,avx512vl,avx512_vnni,avx512_bf16,amx_bf16,amx_int8,amx_tile,fma",True,True,,,,,,256,128,sh14l07002s1404,3.11.9,2.1.2+cu121
20260428_010731,2026-04-28T07:06:28.604420,cpu,pytorch,separator1_grid_search_6ports_masked_hd128_depth3_stages2_share0,/home/liangyi/SRS_AI/Model_AIIC_refactor/experiments_refactored/20260427_072855_default_6port_separator1_masked_v2/separator1_grid_search_6ports_masked_hd128_depth3_stages2_share0,default_6port_separator1_masked_v2,separator1_grid_search_6ports_masked_hd128_depth3_stages2_share0,supervised_nmse_plateau,separator1,12,6,eager,bf16,bfloat16,4,2,ok,,0.0,20,50,1.86607694,0.0491490958522779,1.799354,1.8500665,1.9365975,1.9484754499999999,1.9868472799999999,2.009058,2143.5343389431737,2.143534338943174,1850.0665000000001,462.51662500000003,1071.7671694715868,510240,503808,1014552,sub-physical,0.015625,0.0078125,Intel(R) Xeon(R) 6760P,AVX512,"avx2,avx512f,avx512bw,avx512vl,avx512_vnni,avx512_bf16,amx_bf16,amx_int8,amx_tile,fma",True,True,,,,,,256,128,sh14l07002s1404,3.11.9,2.1.2+cu121
20260428_010731,2026-04-28T07:06:28.604420,cpu,pytorch,separator1_grid_search_6ports_masked_hd128_depth3_stages2_share0,/home/liangyi/SRS_AI/Model_AIIC_refactor/experiments_refactored/20260427_072855_default_6port_separator1_masked_v2/separator1_grid_search_6ports_masked_hd128_depth3_stages2_share0,default_6port_separator1_masked_v2,separator1_grid_search_6ports_masked_hd128_depth3_stages2_share0,supervised_nmse_plateau,separator1,12,6,eager,bf16,bfloat16,4,4,ok,,0.0,20,50,1.85469144,0.060718500372838574,1.788274,1.8480465000000001,1.898039,1.92431435,2.0841871499999995,2.195743,2156.692975301595,2.156692975301595,1848.0465000000002,462.01162500000004,539.1732438253988,510240,503808,1014552,sub-physical,0.03125,0.015625,Intel(R) Xeon(R) 6760P,AVX512,"avx2,avx512f,avx512bw,avx512vl,avx512_vnni,avx512_bf16,amx_bf16,amx_int8,amx_tile,fma",True,True,,,,,,256,128,sh14l07002s1404,3.11.9,2.1.2+cu121
20260428_010731,2026-04-28T07:06:28.604420,cpu,pytorch,separator1_grid_search_6ports_masked_hd128_depth3_stages2_share0,/home/liangyi/SRS_AI/Model_AIIC_refactor/experiments_refactored/20260427_072855_default_6port_separator1_masked_v2/separator1_grid_search_6ports_masked_hd128_depth3_stages2_share0,default_6port_separator1_masked_v2,separator1_grid_search_6ports_masked_hd128_depth3_stages2_share0,supervised_nmse_plateau,separator1,12,6,eager,bf16,bfloat16,4,8,ok,,0.0,20,50,1.8341029,0.022822833444820126,1.787949,1.8295865,1.864668,1.87271575,1.88295344,1.889149,2180.90271816265,2.1809027181626504,1829.5865000000001,457.39662500000003,272.6128397703313,510240,503808,1014552,sub-physical,0.0625,0.03125,Intel(R) Xeon(R) 6760P,AVX512,"avx2,avx512f,avx512bw,avx512vl,avx512_vnni,avx512_bf16,amx_bf16,amx_int8,amx_tile,fma",True,True,,,,,,256,128,sh14l07002s1404,3.11.9,2.1.2+cu121
20260428_010731,2026-04-28T07:06:28.604420,cpu,pytorch,separator1_grid_search_6ports_masked_hd128_depth3_stages2_share0,/home/liangyi/SRS_AI/Model_AIIC_refactor/experiments_refactored/20260427_072855_default_6port_separator1_masked_v2/separator1_grid_search_6ports_masked_hd128_depth3_stages2_share0,default_6port_separator1_masked_v2,separator1_grid_search_6ports_masked_hd128_depth3_stages2_share0,supervised_nmse_plateau,separator1,12,6,eager,bf16,bfloat16,8,1,ok,,0.0,20,50,1.84057258,0.03918859005378478,1.778126,1.830884,1.8973638,1.91817295,1.93573041,1.939058,4346.473530535808,4.346473530535808,1830.884,228.8605,4346.473530535808,510240,503808,1014552,single-thread,0.0078125,0.00390625,Intel(R) Xeon(R) 6760P,AVX512,"avx2,avx512f,avx512bw,avx512vl,avx512_vnni,avx512_bf16,amx_bf16,amx_int8,amx_tile,fma",True,True,,,,,,256,128,sh14l07002s1404,3.11.9,2.1.2+cu121
20260428_010731,2026-04-28T07:06:28.604420,cpu,pytorch,separator1_grid_search_6ports_masked_hd128_depth3_stages2_share0,/home/liangyi/SRS_AI/Model_AIIC_refactor/experiments_refactored/20260427_072855_default_6port_separator1_masked_v2/separator1_grid_search_6ports_masked_hd128_depth3_stages2_share0,default_6port_separator1_masked_v2,separator1_grid_search_6ports_masked_hd128_depth3_stages2_share0,supervised_nmse_plateau,separator1,12,6,eager,bf16,bfloat16,8,2,ok,,0.0,20,50,1.95523406,0.055838181499189225,1.88358,1.933336,2.0385804999999997,2.0598695499999997,2.0940516,2.12353,4091.5817515985786,4.091581751598579,1933.336,241.667,2045.7908757992893,510240,503808,1014552,sub-physical,0.015625,0.0078125,Intel(R) Xeon(R) 6760P,AVX512,"avx2,avx512f,avx512bw,avx512vl,avx512_vnni,avx512_bf16,amx_bf16,amx_int8,amx_tile,fma",True,True,,,,,,256,128,sh14l07002s1404,3.11.9,2.1.2+cu121
20260428_010731,2026-04-28T07:06:28.604420,cpu,pytorch,separator1_grid_search_6ports_masked_hd128_depth3_stages2_share0,/home/liangyi/SRS_AI/Model_AIIC_refactor/experiments_refactored/20260427_072855_default_6port_separator1_masked_v2/separator1_grid_search_6ports_masked_hd128_depth3_stages2_share0,default_6port_separator1_masked_v2,separator1_grid_search_6ports_masked_hd128_depth3_stages2_share0,supervised_nmse_plateau,separator1,12,6,eager,bf16,bfloat16,8,4,ok,,0.0,20,50,1.89579176,0.03728584277473691,1.833294,1.8914404999999999,1.9433433,1.9505108,1.9795387199999999,1.99545,4219.872756488825,4.219872756488825,1891.4405,236.4300625,1054.9681891222062,510240,503808,1014552,sub-physical,0.03125,0.015625,Intel(R) Xeon(R) 6760P,AVX512,"avx2,avx512f,avx512bw,avx512vl,avx512_vnni,avx512_bf16,amx_bf16,amx_int8,amx_tile,fma",True,True,,,,,,256,128,sh14l07002s1404,3.11.9,2.1.2+cu121
20260428_010731,2026-04-28T07:06:28.604420,cpu,pytorch,separator1_grid_search_6ports_masked_hd128_depth3_stages2_share0,/home/liangyi/SRS_AI/Model_AIIC_refactor/experiments_refactored/20260427_072855_default_6port_separator1_masked_v2/separator1_grid_search_6ports_masked_hd128_depth3_stages2_share0,default_6port_separator1_masked_v2,separator1_grid_search_6ports_masked_hd128_depth3_stages2_share0,supervised_nmse_plateau,separator1,12,6,eager,bf16,bfloat16,8,8,ok,,0.0,20,50,2.03258708,0.02381930385283332,1.985175,2.033171,2.0623546999999998,2.07398205,2.07708873,2.079207,3935.87073278061,3.93587073278061,2033.1709999999998,254.14637499999998,491.98384159757626,510240,503808,1014552,sub-physical,0.0625,0.03125,Intel(R) Xeon(R) 6760P,AVX512,"avx2,avx512f,avx512bw,avx512vl,avx512_vnni,avx512_bf16,amx_bf16,amx_int8,amx_tile,fma",True,True,,,,,,256,128,sh14l07002s1404,3.11.9,2.1.2+cu121
20260428_010731,2026-04-28T07:06:28.604420,cpu,pytorch,separator1_grid_search_6ports_masked_hd128_depth3_stages2_share0,/home/liangyi/SRS_AI/Model_AIIC_refactor/experiments_refactored/20260427_072855_default_6port_separator1_masked_v2/separator1_grid_search_6ports_masked_hd128_depth3_stages2_share0,default_6port_separator1_masked_v2,separator1_grid_search_6ports_masked_hd128_depth3_stages2_share0,supervised_nmse_plateau,separator1,12,6,eager,bf16,bfloat16,16,1,ok,,0.0,20,50,1.82242308,0.047112956439535836,1.755705,1.804969,1.8912745,1.913858,1.92967921,1.929959,8779.520066218653,8.779520066218653,1804.969,112.8105625,8779.520066218653,510240,503808,1014552,single-thread,0.0078125,0.00390625,Intel(R) Xeon(R) 6760P,AVX512,"avx2,avx512f,avx512bw,avx512vl,avx512_vnni,avx512_bf16,amx_bf16,amx_int8,amx_tile,fma",True,True,,,,,,256,128,sh14l07002s1404,3.11.9,2.1.2+cu121
20260428_010731,2026-04-28T07:06:28.604420,cpu,pytorch,separator1_grid_search_6ports_masked_hd128_depth3_stages2_share0,/home/liangyi/SRS_AI/Model_AIIC_refactor/experiments_refactored/20260427_072855_default_6port_separator1_masked_v2/separator1_grid_search_6ports_masked_hd128_depth3_stages2_share0,default_6port_separator1_masked_v2,separator1_grid_search_6ports_masked_hd128_depth3_stages2_share0,supervised_nmse_plateau,separator1,12,6,eager,bf16,bfloat16,16,2,ok,,0.0,20,50,1.94137086,0.05242752637651715,1.873087,1.9200655,2.0100075,2.0219079,2.08636065,2.103616,8241.59892870752,8.241598928707521,1920.0655,120.00409375,4120.79946435376,510240,503808,1014552,sub-physical,0.015625,0.0078125,Intel(R) Xeon(R) 6760P,AVX512,"avx2,avx512f,avx512bw,avx512vl,avx512_vnni,avx512_bf16,amx_bf16,amx_int8,amx_tile,fma",True,True,,,,,,256,128,sh14l07002s1404,3.11.9,2.1.2+cu121
20260428_010731,2026-04-28T07:06:28.604420,cpu,pytorch,separator1_grid_search_6ports_masked_hd128_depth3_stages2_share0,/home/liangyi/SRS_AI/Model_AIIC_refactor/experiments_refactored/20260427_072855_default_6port_separator1_masked_v2/separator1_grid_search_6ports_masked_hd128_depth3_stages2_share0,default_6port_separator1_masked_v2,separator1_grid_search_6ports_masked_hd128_depth3_stages2_share0,supervised_nmse_plateau,separator1,12,6,eager,bf16,bfloat16,16,4,ok,,0.0,20,50,2.02263212,0.051679387671155715,1.933238,2.0100675,2.0947466,2.1055296,2.13068913,2.149879,7910.484482961737,7.910484482961737,2010.0674999999999,125.62921874999999,1977.6211207404342,510240,503808,1014552,sub-physical,0.03125,0.015625,Intel(R) Xeon(R) 6760P,AVX512,"avx2,avx512f,avx512bw,avx512vl,avx512_vnni,avx512_bf16,amx_bf16,amx_int8,amx_tile,fma",True,True,,,,,,256,128,sh14l07002s1404,3.11.9,2.1.2+cu121
20260428_010731,2026-04-28T07:06:28.604420,cpu,pytorch,separator1_grid_search_6ports_masked_hd128_depth3_stages2_share0,/home/liangyi/SRS_AI/Model_AIIC_refactor/experiments_refactored/20260427_072855_default_6port_separator1_masked_v2/separator1_grid_search_6ports_masked_hd128_depth3_stages2_share0,default_6port_separator1_masked_v2,separator1_grid_search_6ports_masked_hd128_depth3_stages2_share0,supervised_nmse_plateau,separator1,12,6,eager,bf16,bfloat16,16,8,ok,,0.0,20,50,2.10797068,0.04805199568818762,2.019793,2.1006245,2.1651362,2.1964341000000003,2.24905455,2.270862,7590.238399331057,7.5902383993310565,2100.6245,131.28903125,948.7797999163821,510240,503808,1014552,sub-physical,0.0625,0.03125,Intel(R) Xeon(R) 6760P,AVX512,"avx2,avx512f,avx512bw,avx512vl,avx512_vnni,avx512_bf16,amx_bf16,amx_int8,amx_tile,fma",True,True,,,,,,256,128,sh14l07002s1404,3.11.9,2.1.2+cu121
20260428_010731,2026-04-28T07:06:28.604420,cpu,pytorch,separator1_grid_search_6ports_masked_hd128_depth3_stages2_share0,/home/liangyi/SRS_AI/Model_AIIC_refactor/experiments_refactored/20260427_072855_default_6port_separator1_masked_v2/separator1_grid_search_6ports_masked_hd128_depth3_stages2_share0,default_6port_separator1_masked_v2,separator1_grid_search_6ports_masked_hd128_depth3_stages2_share0,supervised_nmse_plateau,separator1,12,6,eager,bf16,bfloat16,32,1,ok,,0.0,20,50,1.88973974,0.053923521199495124,1.82915,1.8764395,1.9432089,1.9753037999999998,2.0750919899999998,2.128526,16933.548743595773,16.93354874359577,1876.4395,58.638734375,16933.548743595773,510240,503808,1014552,single-thread,0.0078125,0.00390625,Intel(R) Xeon(R) 6760P,AVX512,"avx2,avx512f,avx512bw,avx512vl,avx512_vnni,avx512_bf16,amx_bf16,amx_int8,amx_tile,fma",True,True,,,,,,256,128,sh14l07002s1404,3.11.9,2.1.2+cu121
20260428_010731,2026-04-28T07:06:28.604420,cpu,pytorch,separator1_grid_search_6ports_masked_hd128_depth3_stages2_share0,/home/liangyi/SRS_AI/Model_AIIC_refactor/experiments_refactored/20260427_072855_default_6port_separator1_masked_v2/separator1_grid_search_6ports_masked_hd128_depth3_stages2_share0,default_6port_separator1_masked_v2,separator1_grid_search_6ports_masked_hd128_depth3_stages2_share0,supervised_nmse_plateau,separator1,12,6,eager,bf16,bfloat16,32,2,ok,,0.0,20,50,2.0624555,0.03899900961780954,1.984823,2.055902,2.1186127,2.12438435,2.1329992200000003,2.134872,15515.486273522021,15.515486273522022,2055.902,64.2469375,7757.743136761011,510240,503808,1014552,sub-physical,0.015625,0.0078125,Intel(R) Xeon(R) 6760P,AVX512,"avx2,avx512f,avx512bw,avx512vl,avx512_vnni,avx512_bf16,amx_bf16,amx_int8,amx_tile,fma",True,True,,,,,,256,128,sh14l07002s1404,3.11.9,2.1.2+cu121
20260428_010731,2026-04-28T07:06:28.604420,cpu,pytorch,separator1_grid_search_6ports_masked_hd128_depth3_stages2_share0,/home/liangyi/SRS_AI/Model_AIIC_refactor/experiments_refactored/20260427_072855_default_6port_separator1_masked_v2/separator1_grid_search_6ports_masked_hd128_depth3_stages2_share0,default_6port_separator1_masked_v2,separator1_grid_search_6ports_masked_hd128_depth3_stages2_share0,supervised_nmse_plateau,separator1,12,6,eager,bf16,bfloat16,32,4,ok,,0.0,20,50,2.17622604,0.05783943113342663,2.089929,2.163182,2.2363256000000002,2.2895943,2.35144316,2.391337,14704.35488401747,14.70435488401747,2163.182,67.5994375,3676.0887210043675,510240,503808,1014552,sub-physical,0.03125,0.015625,Intel(R) Xeon(R) 6760P,AVX512,"avx2,avx512f,avx512bw,avx512vl,avx512_vnni,avx512_bf16,amx_bf16,amx_int8,amx_tile,fma",True,True,,,,,,256,128,sh14l07002s1404,3.11.9,2.1.2+cu121
20260428_010731,2026-04-28T07:06:28.604420,cpu,pytorch,separator1_grid_search_6ports_masked_hd128_depth3_stages2_share0,/home/liangyi/SRS_AI/Model_AIIC_refactor/experiments_refactored/20260427_072855_default_6port_separator1_masked_v2/separator1_grid_search_6ports_masked_hd128_depth3_stages2_share0,default_6port_separator1_masked_v2,separator1_grid_search_6ports_masked_hd128_depth3_stages2_share0,supervised_nmse_plateau,separator1,12,6,eager,bf16,bfloat16,32,8,ok,,0.0,20,50,2.26554802,0.08036436990594523,2.131221,2.2467715,2.3720735000000004,2.4072156,2.5175144299999994,2.595372,14124.617848532733,14.124617848532733,2246.7715,70.211609375,1765.5772310665916,510240,503808,1014552,sub-physical,0.0625,0.03125,Intel(R) Xeon(R) 6760P,AVX512,"avx2,avx512f,avx512bw,avx512vl,avx512_vnni,avx512_bf16,amx_bf16,amx_int8,amx_tile,fma",True,True,,,,,,256,128,sh14l07002s1404,3.11.9,2.1.2+cu121
20260428_010731,2026-04-28T07:06:28.604420,cpu,pytorch,separator1_grid_search_6ports_masked_hd128_depth3_stages2_share0,/home/liangyi/SRS_AI/Model_AIIC_refactor/experiments_refactored/20260427_072855_default_6port_separator1_masked_v2/separator1_grid_search_6ports_masked_hd128_depth3_stages2_share0,default_6port_separator1_masked_v2,separator1_grid_search_6ports_masked_hd128_depth3_stages2_share0,supervised_nmse_plateau,separator1,12,6,eager,bf16,bfloat16,64,1,ok,,0.0,20,50,2.052575,0.04915067646981065,1.987784,2.05631,2.1060564,2.1139566,2.1356052400000003,2.139145,31180.346637759885,31.180346637759886,2056.31,32.12984375,31180.346637759885,510240,503808,1014552,single-thread,0.0078125,0.00390625,Intel(R) Xeon(R) 6760P,AVX512,"avx2,avx512f,avx512bw,avx512vl,avx512_vnni,avx512_bf16,amx_bf16,amx_int8,amx_tile,fma",True,True,,,,,,256,128,sh14l07002s1404,3.11.9,2.1.2+cu121
20260428_010731,2026-04-28T07:06:28.604420,cpu,pytorch,separator1_grid_search_6ports_masked_hd128_depth3_stages2_share0,/home/liangyi/SRS_AI/Model_AIIC_refactor/experiments_refactored/20260427_072855_default_6port_separator1_masked_v2/separator1_grid_search_6ports_masked_hd128_depth3_stages2_share0,default_6port_separator1_masked_v2,separator1_grid_search_6ports_masked_hd128_depth3_stages2_share0,supervised_nmse_plateau,separator1,12,6,eager,bf16,bfloat16,64,2,ok,,0.0,20,50,2.4570746199999998,0.05818873035077838,2.350184,2.45702,2.5243262,2.56500335,2.59299553,2.594222,26047.234983852468,26.04723498385247,2457.02,38.3909375,13023.617491926234,510240,503808,1014552,sub-physical,0.015625,0.0078125,Intel(R) Xeon(R) 6760P,AVX512,"avx2,avx512f,avx512bw,avx512vl,avx512_vnni,avx512_bf16,amx_bf16,amx_int8,amx_tile,fma",True,True,,,,,,256,128,sh14l07002s1404,3.11.9,2.1.2+cu121
20260428_010731,2026-04-28T07:06:28.604420,cpu,pytorch,separator1_grid_search_6ports_masked_hd128_depth3_stages2_share0,/home/liangyi/SRS_AI/Model_AIIC_refactor/experiments_refactored/20260427_072855_default_6port_separator1_masked_v2/separator1_grid_search_6ports_masked_hd128_depth3_stages2_share0,default_6port_separator1_masked_v2,separator1_grid_search_6ports_masked_hd128_depth3_stages2_share0,supervised_nmse_plateau,separator1,12,6,eager,bf16,bfloat16,64,4,ok,,0.0,20,50,2.50957136,0.04751254110180174,2.416922,2.5152275,2.5755611000000003,2.59058645,2.59431775,2.595996,25502.363080841027,25.50236308084103,2515.2275,39.3004296875,6375.590770210257,510240,503808,1014552,sub-physical,0.03125,0.015625,Intel(R) Xeon(R) 6760P,AVX512,"avx2,avx512f,avx512bw,avx512vl,avx512_vnni,avx512_bf16,amx_bf16,amx_int8,amx_tile,fma",True,True,,,,,,256,128,sh14l07002s1404,3.11.9,2.1.2+cu121
20260428_010731,2026-04-28T07:06:28.604420,cpu,pytorch,separator1_grid_search_6ports_masked_hd128_depth3_stages2_share0,/home/liangyi/SRS_AI/Model_AIIC_refactor/experiments_refactored/20260427_072855_default_6port_separator1_masked_v2/separator1_grid_search_6ports_masked_hd128_depth3_stages2_share0,default_6port_separator1_masked_v2,separator1_grid_search_6ports_masked_hd128_depth3_stages2_share0,supervised_nmse_plateau,separator1,12,6,eager,bf16,bfloat16,64,8,ok,,0.0,20,50,2.61563916,0.1461347736650466,2.465568,2.5601279999999997,2.9342833,2.96122585,3.0209996599999998,3.041024,24468.206845473287,24.468206845473286,2560.1279999999997,40.001999999999995,3058.525855684161,510240,503808,1014552,sub-physical,0.0625,0.03125,Intel(R) Xeon(R) 6760P,AVX512,"avx2,avx512f,avx512bw,avx512vl,avx512_vnni,avx512_bf16,amx_bf16,amx_int8,amx_tile,fma",True,True,,,,,,256,128,sh14l07002s1404,3.11.9,2.1.2+cu121
20260428_010731,2026-04-28T07:06:28.604420,cpu,pytorch,separator1_grid_search_6ports_masked_hd128_depth3_stages2_share0,/home/liangyi/SRS_AI/Model_AIIC_refactor/experiments_refactored/20260427_072855_default_6port_separator1_masked_v2/separator1_grid_search_6ports_masked_hd128_depth3_stages2_share0,default_6port_separator1_masked_v2,separator1_grid_search_6ports_masked_hd128_depth3_stages2_share0,supervised_nmse_plateau,separator1,12,6,eager,bf16,bfloat16,128,1,ok,,0.0,20,50,2.37471744,0.06832356547609615,2.287253,2.3457749999999997,2.4978322,2.5130347,2.54921282,2.575076,53901.149603718746,53.90114960371874,2345.7749999999996,18.326367187499997,53901.149603718746,510240,503808,1014552,single-thread,0.0078125,0.00390625,Intel(R) Xeon(R) 6760P,AVX512,"avx2,avx512f,avx512bw,avx512vl,avx512_vnni,avx512_bf16,amx_bf16,amx_int8,amx_tile,fma",True,True,,,,,,256,128,sh14l07002s1404,3.11.9,2.1.2+cu121
20260428_010731,2026-04-28T07:06:28.604420,cpu,pytorch,separator1_grid_search_6ports_masked_hd128_depth3_stages2_share0,/home/liangyi/SRS_AI/Model_AIIC_refactor/experiments_refactored/20260427_072855_default_6port_separator1_masked_v2/separator1_grid_search_6ports_masked_hd128_depth3_stages2_share0,default_6port_separator1_masked_v2,separator1_grid_search_6ports_masked_hd128_depth3_stages2_share0,supervised_nmse_plateau,separator1,12,6,eager,bf16,bfloat16,128,2,ok,,0.0,20,50,3.0933251999999998,0.05518574871649383,2.964717,3.0892175,3.1757027,3.1788622,3.23294258,3.272906,41379.419144162406,41.379419144162405,3089.2175,24.13451171875,20689.709572081203,510240,503808,1014552,sub-physical,0.015625,0.0078125,Intel(R) Xeon(R) 6760P,AVX512,"avx2,avx512f,avx512bw,avx512vl,avx512_vnni,avx512_bf16,amx_bf16,amx_int8,amx_tile,fma",True,True,,,,,,256,128,sh14l07002s1404,3.11.9,2.1.2+cu121
20260428_010731,2026-04-28T07:06:28.604420,cpu,pytorch,separator1_grid_search_6ports_masked_hd128_depth3_stages2_share0,/home/liangyi/SRS_AI/Model_AIIC_refactor/experiments_refactored/20260427_072855_default_6port_separator1_masked_v2/separator1_grid_search_6ports_masked_hd128_depth3_stages2_share0,default_6port_separator1_masked_v2,separator1_grid_search_6ports_masked_hd128_depth3_stages2_share0,supervised_nmse_plateau,separator1,12,6,eager,bf16,bfloat16,128,4,ok,,0.0,20,50,3.21347416,0.05063747349398861,3.073945,3.214976,3.276626,3.284465,3.30221845,3.304519,39832.279217704985,39.832279217704986,3214.976,25.117,9958.069804426246,510240,503808,1014552,sub-physical,0.03125,0.015625,Intel(R) Xeon(R) 6760P,AVX512,"avx2,avx512f,avx512bw,avx512vl,avx512_vnni,avx512_bf16,amx_bf16,amx_int8,amx_tile,fma",True,True,,,,,,256,128,sh14l07002s1404,3.11.9,2.1.2+cu121
20260428_010731,2026-04-28T07:06:28.604420,cpu,pytorch,separator1_grid_search_6ports_masked_hd128_depth3_stages2_share0,/home/liangyi/SRS_AI/Model_AIIC_refactor/experiments_refactored/20260427_072855_default_6port_separator1_masked_v2/separator1_grid_search_6ports_masked_hd128_depth3_stages2_share0,default_6port_separator1_masked_v2,separator1_grid_search_6ports_masked_hd128_depth3_stages2_share0,supervised_nmse_plateau,separator1,12,6,eager,bf16,bfloat16,128,8,ok,,0.0,20,50,3.38949432,0.29132962745697116,3.088048,3.1870615,3.7630931,3.777557,3.80616514,3.822538,37763.745242092635,37.76374524209263,3187.0615,24.89891796875,4720.468155261579,510240,503808,1014552,sub-physical,0.0625,0.03125,Intel(R) Xeon(R) 6760P,AVX512,"avx2,avx512f,avx512bw,avx512vl,avx512_vnni,avx512_bf16,amx_bf16,amx_int8,amx_tile,fma",True,True,,,,,,256,128,sh14l07002s1404,3.11.9,2.1.2+cu121
20260428_010731,2026-04-28T07:06:28.604420,cpu,pytorch,separator1_grid_search_6ports_masked_hd128_depth3_stages2_share0,/home/liangyi/SRS_AI/Model_AIIC_refactor/experiments_refactored/20260427_072855_default_6port_separator1_masked_v2/separator1_grid_search_6ports_masked_hd128_depth3_stages2_share0,default_6port_separator1_masked_v2,separator1_grid_search_6ports_masked_hd128_depth3_stages2_share0,supervised_nmse_plateau,separator1,12,6,jit,fp32,float32,1,1,ok,,319.92554,20,50,0.26886584,0.007407375252705913,0.260122,0.265964,0.2755213,0.2804339,0.29691091,0.30139,3719.3270814916464,3.719327081491646,265.964,265.964,3719.3270814916464,510240,503808,1014552,single-thread,0.0078125,0.00390625,Intel(R) Xeon(R) 6760P,AVX512,"avx2,avx512f,avx512bw,avx512vl,avx512_vnni,avx512_bf16,amx_bf16,amx_int8,amx_tile,fma",True,True,,,,,,256,128,sh14l07002s1404,3.11.9,2.1.2+cu121
20260428_010731,2026-04-28T07:06:28.604420,cpu,pytorch,separator1_grid_search_6ports_masked_hd128_depth3_stages2_share0,/home/liangyi/SRS_AI/Model_AIIC_refactor/experiments_refactored/20260427_072855_default_6port_separator1_masked_v2/separator1_grid_search_6ports_masked_hd128_depth3_stages2_share0,default_6port_separator1_masked_v2,separator1_grid_search_6ports_masked_hd128_depth3_stages2_share0,supervised_nmse_plateau,separator1,12,6,jit,fp32,float32,1,2,ok,,315.03815,20,50,0.2841159,0.005353411066787229,0.275781,0.28207899999999997,0.2921711,0.29287854999999996,0.29729207,0.298055,3519.6903798766634,3.5196903798766632,282.07899999999995,282.07899999999995,1759.8451899383317,510240,503808,1014552,sub-physical,0.015625,0.0078125,Intel(R) Xeon(R) 6760P,AVX512,"avx2,avx512f,avx512bw,avx512vl,avx512_vnni,avx512_bf16,amx_bf16,amx_int8,amx_tile,fma",True,True,,,,,,256,128,sh14l07002s1404,3.11.9,2.1.2+cu121
20260428_010731,2026-04-28T07:06:28.604420,cpu,pytorch,separator1_grid_search_6ports_masked_hd128_depth3_stages2_share0,/home/liangyi/SRS_AI/Model_AIIC_refactor/experiments_refactored/20260427_072855_default_6port_separator1_masked_v2/separator1_grid_search_6ports_masked_hd128_depth3_stages2_share0,default_6port_separator1_masked_v2,separator1_grid_search_6ports_masked_hd128_depth3_stages2_share0,supervised_nmse_plateau,separator1,12,6,jit,fp32,float32,1,4,ok,,320.677088,20,50,0.25034236,0.0034782295942620035,0.245875,0.24917650000000002,0.2548882,0.25757125000000003,0.26066819,0.261927,3994.529731204899,3.994529731204899,249.17650000000003,249.17650000000003,998.6324328012247,510240,503808,1014552,sub-physical,0.03125,0.015625,Intel(R) Xeon(R) 6760P,AVX512,"avx2,avx512f,avx512bw,avx512vl,avx512_vnni,avx512_bf16,amx_bf16,amx_int8,amx_tile,fma",True,True,,,,,,256,128,sh14l07002s1404,3.11.9,2.1.2+cu121
20260428_010731,2026-04-28T07:06:28.604420,cpu,pytorch,separator1_grid_search_6ports_masked_hd128_depth3_stages2_share0,/home/liangyi/SRS_AI/Model_AIIC_refactor/experiments_refactored/20260427_072855_default_6port_separator1_masked_v2/separator1_grid_search_6ports_masked_hd128_depth3_stages2_share0,default_6port_separator1_masked_v2,separator1_grid_search_6ports_masked_hd128_depth3_stages2_share0,supervised_nmse_plateau,separator1,12,6,jit,fp32,float32,1,8,ok,,319.508158,20,50,0.261894,0.0046069194913738185,0.257105,0.2599975,0.2665726,0.27069699999999997,0.27619747,0.27894,3818.338717190924,3.8183387171909238,259.9975,259.9975,477.2923396488655,510240,503808,1014552,sub-physical,0.0625,0.03125,Intel(R) Xeon(R) 6760P,AVX512,"avx2,avx512f,avx512bw,avx512vl,avx512_vnni,avx512_bf16,amx_bf16,amx_int8,amx_tile,fma",True,True,,,,,,256,128,sh14l07002s1404,3.11.9,2.1.2+cu121
20260428_010731,2026-04-28T07:06:28.604420,cpu,pytorch,separator1_grid_search_6ports_masked_hd128_depth3_stages2_share0,/home/liangyi/SRS_AI/Model_AIIC_refactor/experiments_refactored/20260427_072855_default_6port_separator1_masked_v2/separator1_grid_search_6ports_masked_hd128_depth3_stages2_share0,default_6port_separator1_masked_v2,separator1_grid_search_6ports_masked_hd128_depth3_stages2_share0,supervised_nmse_plateau,separator1,12,6,jit,fp32,float32,2,1,ok,,314.826977,20,50,0.30160264,0.008205073914986994,0.294122,0.298954,0.3110562,0.314088,0.3304198199999999,0.342416,6631.241689396353,6.631241689396353,298.954,149.477,6631.241689396353,510240,503808,1014552,single-thread,0.0078125,0.00390625,Intel(R) Xeon(R) 6760P,AVX512,"avx2,avx512f,avx512bw,avx512vl,avx512_vnni,avx512_bf16,amx_bf16,amx_int8,amx_tile,fma",True,True,,,,,,256,128,sh14l07002s1404,3.11.9,2.1.2+cu121
20260428_010731,2026-04-28T07:06:28.604420,cpu,pytorch,separator1_grid_search_6ports_masked_hd128_depth3_stages2_share0,/home/liangyi/SRS_AI/Model_AIIC_refactor/experiments_refactored/20260427_072855_default_6port_separator1_masked_v2/separator1_grid_search_6ports_masked_hd128_depth3_stages2_share0,default_6port_separator1_masked_v2,separator1_grid_search_6ports_masked_hd128_depth3_stages2_share0,supervised_nmse_plateau,separator1,12,6,jit,fp32,float32,2,2,ok,,315.022983,20,50,0.30547854,0.009400943963687902,0.2928,0.30648549999999997,0.3171319,0.3181688,0.33218406999999994,0.343776,6547.104749158483,6.547104749158483,306.48549999999994,153.24274999999997,3273.5523745792416,510240,503808,1014552,sub-physical,0.015625,0.0078125,Intel(R) Xeon(R) 6760P,AVX512,"avx2,avx512f,avx512bw,avx512vl,avx512_vnni,avx512_bf16,amx_bf16,amx_int8,amx_tile,fma",True,True,,,,,,256,128,sh14l07002s1404,3.11.9,2.1.2+cu121
20260428_010731,2026-04-28T07:06:28.604420,cpu,pytorch,separator1_grid_search_6ports_masked_hd128_depth3_stages2_share0,/home/liangyi/SRS_AI/Model_AIIC_refactor/experiments_refactored/20260427_072855_default_6port_separator1_masked_v2/separator1_grid_search_6ports_masked_hd128_depth3_stages2_share0,default_6port_separator1_masked_v2,separator1_grid_search_6ports_masked_hd128_depth3_stages2_share0,supervised_nmse_plateau,separator1,12,6,jit,fp32,float32,2,4,ok,,314.936033,20,50,0.30897552,0.00900263969342326,0.294902,0.30773300000000003,0.316992,0.31884515,0.3383267999999999,0.354144,6473.004722186405,6.473004722186405,307.73300000000006,153.86650000000003,1618.2511805466013,510240,503808,1014552,sub-physical,0.03125,0.015625,Intel(R) Xeon(R) 6760P,AVX512,"avx2,avx512f,avx512bw,avx512vl,avx512_vnni,avx512_bf16,amx_bf16,amx_int8,amx_tile,fma",True,True,,,,,,256,128,sh14l07002s1404,3.11.9,2.1.2+cu121
20260428_010731,2026-04-28T07:06:28.604420,cpu,pytorch,separator1_grid_search_6ports_masked_hd128_depth3_stages2_share0,/home/liangyi/SRS_AI/Model_AIIC_refactor/experiments_refactored/20260427_072855_default_6port_separator1_masked_v2/separator1_grid_search_6ports_masked_hd128_depth3_stages2_share0,default_6port_separator1_masked_v2,separator1_grid_search_6ports_masked_hd128_depth3_stages2_share0,supervised_nmse_plateau,separator1,12,6,jit,fp32,float32,2,8,ok,,318.362316,20,50,0.30870798,0.011101948651457541,0.295347,0.3074675,0.31648210000000004,0.31844885,0.3461689099999999,0.371963,6478.614514597258,6.478614514597258,307.46750000000003,153.73375000000001,809.8268143246572,510240,503808,1014552,sub-physical,0.0625,0.03125,Intel(R) Xeon(R) 6760P,AVX512,"avx2,avx512f,avx512bw,avx512vl,avx512_vnni,avx512_bf16,amx_bf16,amx_int8,amx_tile,fma",True,True,,,,,,256,128,sh14l07002s1404,3.11.9,2.1.2+cu121
20260428_010731,2026-04-28T07:06:28.604420,cpu,pytorch,separator1_grid_search_6ports_masked_hd128_depth3_stages2_share0,/home/liangyi/SRS_AI/Model_AIIC_refactor/experiments_refactored/20260427_072855_default_6port_separator1_masked_v2/separator1_grid_search_6ports_masked_hd128_depth3_stages2_share0,default_6port_separator1_masked_v2,separator1_grid_search_6ports_masked_hd128_depth3_stages2_share0,supervised_nmse_plateau,separator1,12,6,jit,fp32,float32,4,1,ok,,320.486523,20,50,0.33674166,0.004523896765444588,0.330398,0.3351185,0.3418582,0.34395335,0.34913623,0.3527,11878.54214414694,11.878542144146941,335.1185,83.779625,11878.54214414694,510240,503808,1014552,single-thread,0.0078125,0.00390625,Intel(R) Xeon(R) 6760P,AVX512,"avx2,avx512f,avx512bw,avx512vl,avx512_vnni,avx512_bf16,amx_bf16,amx_int8,amx_tile,fma",True,True,,,,,,256,128,sh14l07002s1404,3.11.9,2.1.2+cu121
20260428_010731,2026-04-28T07:06:28.604420,cpu,pytorch,separator1_grid_search_6ports_masked_hd128_depth3_stages2_share0,/home/liangyi/SRS_AI/Model_AIIC_refactor/experiments_refactored/20260427_072855_default_6port_separator1_masked_v2/separator1_grid_search_6ports_masked_hd128_depth3_stages2_share0,default_6port_separator1_masked_v2,separator1_grid_search_6ports_masked_hd128_depth3_stages2_share0,supervised_nmse_plateau,separator1,12,6,jit,fp32,float32,4,2,ok,,317.171145,20,50,0.34445878,0.006645571973246549,0.334014,0.34328099999999995,0.3506844,0.35182525000000003,0.36619099999999993,0.378784,11612.419924381082,11.612419924381081,343.28099999999995,85.82024999999999,5806.209962190541,510240,503808,1014552,sub-physical,0.015625,0.0078125,Intel(R) Xeon(R) 6760P,AVX512,"avx2,avx512f,avx512bw,avx512vl,avx512_vnni,avx512_bf16,amx_bf16,amx_int8,amx_tile,fma",True,True,,,,,,256,128,sh14l07002s1404,3.11.9,2.1.2+cu121
20260428_010731,2026-04-28T07:06:28.604420,cpu,pytorch,separator1_grid_search_6ports_masked_hd128_depth3_stages2_share0,/home/liangyi/SRS_AI/Model_AIIC_refactor/experiments_refactored/20260427_072855_default_6port_separator1_masked_v2/separator1_grid_search_6ports_masked_hd128_depth3_stages2_share0,default_6port_separator1_masked_v2,separator1_grid_search_6ports_masked_hd128_depth3_stages2_share0,supervised_nmse_plateau,separator1,12,6,jit,fp32,float32,4,4,ok,,320.09365,20,50,0.3452304,0.004753331884057749,0.338246,0.344828,0.35175399999999996,0.35391575000000003,0.35674246,0.357892,11586.465154864693,11.586465154864692,344.82800000000003,86.20700000000001,2896.616288716173,510240,503808,1014552,sub-physical,0.03125,0.015625,Intel(R) Xeon(R) 6760P,AVX512,"avx2,avx512f,avx512bw,avx512vl,avx512_vnni,avx512_bf16,amx_bf16,amx_int8,amx_tile,fma",True,True,,,,,,256,128,sh14l07002s1404,3.11.9,2.1.2+cu121
20260428_010731,2026-04-28T07:06:28.604420,cpu,pytorch,separator1_grid_search_6ports_masked_hd128_depth3_stages2_share0,/home/liangyi/SRS_AI/Model_AIIC_refactor/experiments_refactored/20260427_072855_default_6port_separator1_masked_v2/separator1_grid_search_6ports_masked_hd128_depth3_stages2_share0,default_6port_separator1_masked_v2,separator1_grid_search_6ports_masked_hd128_depth3_stages2_share0,supervised_nmse_plateau,separator1,12,6,jit,fp32,float32,4,8,ok,,320.034359,20,50,0.33390906,0.005953297373422566,0.318641,0.332851,0.3407674,0.3416116,0.34742484,0.351239,11979.309576086376,11.979309576086376,332.851,83.21275,1497.413697010797,510240,503808,1014552,sub-physical,0.0625,0.03125,Intel(R) Xeon(R) 6760P,AVX512,"avx2,avx512f,avx512bw,avx512vl,avx512_vnni,avx512_bf16,amx_bf16,amx_int8,amx_tile,fma",True,True,,,,,,256,128,sh14l07002s1404,3.11.9,2.1.2+cu121
20260428_010731,2026-04-28T07:06:28.604420,cpu,pytorch,separator1_grid_search_6ports_masked_hd128_depth3_stages2_share0,/home/liangyi/SRS_AI/Model_AIIC_refactor/experiments_refactored/20260427_072855_default_6port_separator1_masked_v2/separator1_grid_search_6ports_masked_hd128_depth3_stages2_share0,default_6port_separator1_masked_v2,separator1_grid_search_6ports_masked_hd128_depth3_stages2_share0,supervised_nmse_plateau,separator1,12,6,jit,fp32,float32,8,1,ok,,322.07345,20,50,0.36923582,0.005407254426009562,0.360994,0.368331,0.3767922,0.3794492,0.38172644,0.382581,21666.370288776423,21.666370288776424,368.331,46.041375,21666.370288776423,510240,503808,1014552,single-thread,0.0078125,0.00390625,Intel(R) Xeon(R) 6760P,AVX512,"avx2,avx512f,avx512bw,avx512vl,avx512_vnni,avx512_bf16,amx_bf16,amx_int8,amx_tile,fma",True,True,,,,,,256,128,sh14l07002s1404,3.11.9,2.1.2+cu121
20260428_010731,2026-04-28T07:06:28.604420,cpu,pytorch,separator1_grid_search_6ports_masked_hd128_depth3_stages2_share0,/home/liangyi/SRS_AI/Model_AIIC_refactor/experiments_refactored/20260427_072855_default_6port_separator1_masked_v2/separator1_grid_search_6ports_masked_hd128_depth3_stages2_share0,default_6port_separator1_masked_v2,separator1_grid_search_6ports_masked_hd128_depth3_stages2_share0,supervised_nmse_plateau,separator1,12,6,jit,fp32,float32,8,2,ok,,316.908624,20,50,0.36648098,0.00496293946563929,0.359897,0.36529100000000003,0.3725553,0.3762314,0.3782397,0.379009,21829.236540461116,21.829236540461114,365.29100000000005,45.66137500000001,10914.618270230558,510240,503808,1014552,sub-physical,0.015625,0.0078125,Intel(R) Xeon(R) 6760P,AVX512,"avx2,avx512f,avx512bw,avx512vl,avx512_vnni,avx512_bf16,amx_bf16,amx_int8,amx_tile,fma",True,True,,,,,,256,128,sh14l07002s1404,3.11.9,2.1.2+cu121
20260428_010731,2026-04-28T07:06:28.604420,cpu,pytorch,separator1_grid_search_6ports_masked_hd128_depth3_stages2_share0,/home/liangyi/SRS_AI/Model_AIIC_refactor/experiments_refactored/20260427_072855_default_6port_separator1_masked_v2/separator1_grid_search_6ports_masked_hd128_depth3_stages2_share0,default_6port_separator1_masked_v2,separator1_grid_search_6ports_masked_hd128_depth3_stages2_share0,supervised_nmse_plateau,separator1,12,6,jit,fp32,float32,8,4,ok,,321.316581,20,50,0.36878848,0.01034783572973595,0.355877,0.365128,0.38452590000000003,0.38720720000000003,0.39196144,0.393796,21692.651570895057,21.69265157089506,365.128,45.641,5423.162892723764,510240,503808,1014552,sub-physical,0.03125,0.015625,Intel(R) Xeon(R) 6760P,AVX512,"avx2,avx512f,avx512bw,avx512vl,avx512_vnni,avx512_bf16,amx_bf16,amx_int8,amx_tile,fma",True,True,,,,,,256,128,sh14l07002s1404,3.11.9,2.1.2+cu121
20260428_010731,2026-04-28T07:06:28.604420,cpu,pytorch,separator1_grid_search_6ports_masked_hd128_depth3_stages2_share0,/home/liangyi/SRS_AI/Model_AIIC_refactor/experiments_refactored/20260427_072855_default_6port_separator1_masked_v2/separator1_grid_search_6ports_masked_hd128_depth3_stages2_share0,default_6port_separator1_masked_v2,separator1_grid_search_6ports_masked_hd128_depth3_stages2_share0,supervised_nmse_plateau,separator1,12,6,jit,fp32,float32,8,8,ok,,317.241269,20,50,0.37295444,0.005490365682393115,0.365248,0.371407,0.3808354,0.3819494,0.38381956,0.385317,21450.34122666565,21.45034122666565,371.407,46.425875,2681.292653333206,510240,503808,1014552,sub-physical,0.0625,0.03125,Intel(R) Xeon(R) 6760P,AVX512,"avx2,avx512f,avx512bw,avx512vl,avx512_vnni,avx512_bf16,amx_bf16,amx_int8,amx_tile,fma",True,True,,,,,,256,128,sh14l07002s1404,3.11.9,2.1.2+cu121
20260428_010731,2026-04-28T07:06:28.604420,cpu,pytorch,separator1_grid_search_6ports_masked_hd128_depth3_stages2_share0,/home/liangyi/SRS_AI/Model_AIIC_refactor/experiments_refactored/20260427_072855_default_6port_separator1_masked_v2/separator1_grid_search_6ports_masked_hd128_depth3_stages2_share0,default_6port_separator1_masked_v2,separator1_grid_search_6ports_masked_hd128_depth3_stages2_share0,supervised_nmse_plateau,separator1,12,6,jit,fp32,float32,16,1,ok,,317.652952,20,50,0.44149638,0.008487831614470212,0.431323,0.43974199999999997,0.4490693,0.4506759,0.46952938999999994,0.486429,36240.387746780616,36.24038774678061,439.74199999999996,27.483874999999998,36240.387746780616,510240,503808,1014552,single-thread,0.0078125,0.00390625,Intel(R) Xeon(R) 6760P,AVX512,"avx2,avx512f,avx512bw,avx512vl,avx512_vnni,avx512_bf16,amx_bf16,amx_int8,amx_tile,fma",True,True,,,,,,256,128,sh14l07002s1404,3.11.9,2.1.2+cu121
20260428_010731,2026-04-28T07:06:28.604420,cpu,pytorch,separator1_grid_search_6ports_masked_hd128_depth3_stages2_share0,/home/liangyi/SRS_AI/Model_AIIC_refactor/experiments_refactored/20260427_072855_default_6port_separator1_masked_v2/separator1_grid_search_6ports_masked_hd128_depth3_stages2_share0,default_6port_separator1_masked_v2,separator1_grid_search_6ports_masked_hd128_depth3_stages2_share0,supervised_nmse_plateau,separator1,12,6,jit,fp32,float32,16,2,ok,,320.612703,20,50,0.50400374,0.008577653571484458,0.488187,0.5035455,0.5110662,0.51514755,0.53028792,0.542583,31745.796172068087,31.745796172068086,503.5455,31.47159375,15872.898086034043,510240,503808,1014552,sub-physical,0.015625,0.0078125,Intel(R) Xeon(R) 6760P,AVX512,"avx2,avx512f,avx512bw,avx512vl,avx512_vnni,avx512_bf16,amx_bf16,amx_int8,amx_tile,fma",True,True,,,,,,256,128,sh14l07002s1404,3.11.9,2.1.2+cu121
20260428_010731,2026-04-28T07:06:28.604420,cpu,pytorch,separator1_grid_search_6ports_masked_hd128_depth3_stages2_share0,/home/liangyi/SRS_AI/Model_AIIC_refactor/experiments_refactored/20260427_072855_default_6port_separator1_masked_v2/separator1_grid_search_6ports_masked_hd128_depth3_stages2_share0,default_6port_separator1_masked_v2,separator1_grid_search_6ports_masked_hd128_depth3_stages2_share0,supervised_nmse_plateau,separator1,12,6,jit,fp32,float32,16,4,ok,,321.989691,20,50,0.44089666,0.007286709149156427,0.430762,0.44039399999999995,0.4494778,0.4532901,0.46081413,0.46109,36289.682938401034,36.289682938401036,440.39399999999995,27.524624999999997,9072.420734600259,510240,503808,1014552,sub-physical,0.03125,0.015625,Intel(R) Xeon(R) 6760P,AVX512,"avx2,avx512f,avx512bw,avx512vl,avx512_vnni,avx512_bf16,amx_bf16,amx_int8,amx_tile,fma",True,True,,,,,,256,128,sh14l07002s1404,3.11.9,2.1.2+cu121
20260428_010731,2026-04-28T07:06:28.604420,cpu,pytorch,separator1_grid_search_6ports_masked_hd128_depth3_stages2_share0,/home/liangyi/SRS_AI/Model_AIIC_refactor/experiments_refactored/20260427_072855_default_6port_separator1_masked_v2/separator1_grid_search_6ports_masked_hd128_depth3_stages2_share0,default_6port_separator1_masked_v2,separator1_grid_search_6ports_masked_hd128_depth3_stages2_share0,supervised_nmse_plateau,separator1,12,6,jit,fp32,float32,16,8,ok,,326.22553,20,50,0.4541197,0.005946913721418869,0.442375,0.4528125,0.4624137,0.46446425,0.46863163,0.47099,35233.00134303797,35.23300134303797,452.8125,28.30078125,4404.125167879746,510240,503808,1014552,sub-physical,0.0625,0.03125,Intel(R) Xeon(R) 6760P,AVX512,"avx2,avx512f,avx512bw,avx512vl,avx512_vnni,avx512_bf16,amx_bf16,amx_int8,amx_tile,fma",True,True,,,,,,256,128,sh14l07002s1404,3.11.9,2.1.2+cu121
20260428_010731,2026-04-28T07:06:28.604420,cpu,pytorch,separator1_grid_search_6ports_masked_hd128_depth3_stages2_share0,/home/liangyi/SRS_AI/Model_AIIC_refactor/experiments_refactored/20260427_072855_default_6port_separator1_masked_v2/separator1_grid_search_6ports_masked_hd128_depth3_stages2_share0,default_6port_separator1_masked_v2,separator1_grid_search_6ports_masked_hd128_depth3_stages2_share0,supervised_nmse_plateau,separator1,12,6,jit,fp32,float32,32,1,ok,,318.477756,20,50,0.54849946,0.007211873973413568,0.53761,0.5480615,0.5557635,0.5577078,0.56850192,0.576828,58340.9872454569,58.3409872454569,548.0615,17.126921875,58340.9872454569,510240,503808,1014552,single-thread,0.0078125,0.00390625,Intel(R) Xeon(R) 6760P,AVX512,"avx2,avx512f,avx512bw,avx512vl,avx512_vnni,avx512_bf16,amx_bf16,amx_int8,amx_tile,fma",True,True,,,,,,256,128,sh14l07002s1404,3.11.9,2.1.2+cu121
20260428_010731,2026-04-28T07:06:28.604420,cpu,pytorch,separator1_grid_search_6ports_masked_hd128_depth3_stages2_share0,/home/liangyi/SRS_AI/Model_AIIC_refactor/experiments_refactored/20260427_072855_default_6port_separator1_masked_v2/separator1_grid_search_6ports_masked_hd128_depth3_stages2_share0,default_6port_separator1_masked_v2,separator1_grid_search_6ports_masked_hd128_depth3_stages2_share0,supervised_nmse_plateau,separator1,12,6,jit,fp32,float32,32,2,ok,,322.084221,20,50,0.69276738,0.013504356245138086,0.664422,0.691387,0.7061695,0.7094733,0.7364719399999999,0.740193,46191.55134007608,46.19155134007608,691.387,21.60584375,23095.77567003804,510240,503808,1014552,sub-physical,0.015625,0.0078125,Intel(R) Xeon(R) 6760P,AVX512,"avx2,avx512f,avx512bw,avx512vl,avx512_vnni,avx512_bf16,amx_bf16,amx_int8,amx_tile,fma",True,True,,,,,,256,128,sh14l07002s1404,3.11.9,2.1.2+cu121
20260428_010731,2026-04-28T07:06:28.604420,cpu,pytorch,separator1_grid_search_6ports_masked_hd128_depth3_stages2_share0,/home/liangyi/SRS_AI/Model_AIIC_refactor/experiments_refactored/20260427_072855_default_6port_separator1_masked_v2/separator1_grid_search_6ports_masked_hd128_depth3_stages2_share0,default_6port_separator1_masked_v2,separator1_grid_search_6ports_masked_hd128_depth3_stages2_share0,supervised_nmse_plateau,separator1,12,6,jit,fp32,float32,32,4,ok,,321.762025,20,50,0.58425036,0.017200677849154664,0.568856,0.5787855,0.5953376,0.6061818499999999,0.6533636999999999,0.680495,54771.04027800685,54.77104027800685,578.7855,18.087046875,13692.760069501712,510240,503808,1014552,sub-physical,0.03125,0.015625,Intel(R) Xeon(R) 6760P,AVX512,"avx2,avx512f,avx512bw,avx512vl,avx512_vnni,avx512_bf16,amx_bf16,amx_int8,amx_tile,fma",True,True,,,,,,256,128,sh14l07002s1404,3.11.9,2.1.2+cu121
20260428_010731,2026-04-28T07:06:28.604420,cpu,pytorch,separator1_grid_search_6ports_masked_hd128_depth3_stages2_share0,/home/liangyi/SRS_AI/Model_AIIC_refactor/experiments_refactored/20260427_072855_default_6port_separator1_masked_v2/separator1_grid_search_6ports_masked_hd128_depth3_stages2_share0,default_6port_separator1_masked_v2,separator1_grid_search_6ports_masked_hd128_depth3_stages2_share0,supervised_nmse_plateau,separator1,12,6,jit,fp32,float32,32,8,ok,,325.345627,20,50,0.58183318,0.020166519540753675,0.561527,0.5733265000000001,0.6250595,0.6277185000000001,0.63156727,0.633663,54998.58223967221,54.99858223967221,573.3265000000001,17.916453125000004,6874.822779959026,510240,503808,1014552,sub-physical,0.0625,0.03125,Intel(R) Xeon(R) 6760P,AVX512,"avx2,avx512f,avx512bw,avx512vl,avx512_vnni,avx512_bf16,amx_bf16,amx_int8,amx_tile,fma",True,True,,,,,,256,128,sh14l07002s1404,3.11.9,2.1.2+cu121
20260428_010731,2026-04-28T07:06:28.604420,cpu,pytorch,separator1_grid_search_6ports_masked_hd128_depth3_stages2_share0,/home/liangyi/SRS_AI/Model_AIIC_refactor/experiments_refactored/20260427_072855_default_6port_separator1_masked_v2/separator1_grid_search_6ports_masked_hd128_depth3_stages2_share0,default_6port_separator1_masked_v2,separator1_grid_search_6ports_masked_hd128_depth3_stages2_share0,supervised_nmse_plateau,separator1,12,6,jit,fp32,float32,64,1,ok,,325.195817,20,50,0.76991846,0.006315486135555999,0.755273,0.769965,0.7783209,0.77934395,0.78091378,0.781883,83125.68580314337,83.12568580314337,769.965,12.030703125,83125.68580314337,510240,503808,1014552,single-thread,0.0078125,0.00390625,Intel(R) Xeon(R) 6760P,AVX512,"avx2,avx512f,avx512bw,avx512vl,avx512_vnni,avx512_bf16,amx_bf16,amx_int8,amx_tile,fma",True,True,,,,,,256,128,sh14l07002s1404,3.11.9,2.1.2+cu121
20260428_010731,2026-04-28T07:06:28.604420,cpu,pytorch,separator1_grid_search_6ports_masked_hd128_depth3_stages2_share0,/home/liangyi/SRS_AI/Model_AIIC_refactor/experiments_refactored/20260427_072855_default_6port_separator1_masked_v2/separator1_grid_search_6ports_masked_hd128_depth3_stages2_share0,default_6port_separator1_masked_v2,separator1_grid_search_6ports_masked_hd128_depth3_stages2_share0,supervised_nmse_plateau,separator1,12,6,jit,fp32,float32,64,2,ok,,325.534277,20,50,1.1647105,0.02562104309839863,1.125956,1.1588895,1.2090056,1.2161484999999999,1.22232839,1.224479,54949.27709503778,54.94927709503778,1158.8895,18.1076484375,27474.63854751889,510240,503808,1014552,sub-physical,0.015625,0.0078125,Intel(R) Xeon(R) 6760P,AVX512,"avx2,avx512f,avx512bw,avx512vl,avx512_vnni,avx512_bf16,amx_bf16,amx_int8,amx_tile,fma",True,True,,,,,,256,128,sh14l07002s1404,3.11.9,2.1.2+cu121
20260428_010731,2026-04-28T07:06:28.604420,cpu,pytorch,separator1_grid_search_6ports_masked_hd128_depth3_stages2_share0,/home/liangyi/SRS_AI/Model_AIIC_refactor/experiments_refactored/20260427_072855_default_6port_separator1_masked_v2/separator1_grid_search_6ports_masked_hd128_depth3_stages2_share0,default_6port_separator1_masked_v2,separator1_grid_search_6ports_masked_hd128_depth3_stages2_share0,supervised_nmse_plateau,separator1,12,6,jit,fp32,float32,64,4,ok,,323.106391,20,50,1.0326083,0.027408347160126235,0.985312,1.0284175,1.0688385,1.0804325,1.0911041499999998,1.092018,61978.97111615315,61.978971116153154,1028.4175,16.0690234375,15494.742779038288,510240,503808,1014552,sub-physical,0.03125,0.015625,Intel(R) Xeon(R) 6760P,AVX512,"avx2,avx512f,avx512bw,avx512vl,avx512_vnni,avx512_bf16,amx_bf16,amx_int8,amx_tile,fma",True,True,,,,,,256,128,sh14l07002s1404,3.11.9,2.1.2+cu121
20260428_010731,2026-04-28T07:06:28.604420,cpu,pytorch,separator1_grid_search_6ports_masked_hd128_depth3_stages2_share0,/home/liangyi/SRS_AI/Model_AIIC_refactor/experiments_refactored/20260427_072855_default_6port_separator1_masked_v2/separator1_grid_search_6ports_masked_hd128_depth3_stages2_share0,default_6port_separator1_masked_v2,separator1_grid_search_6ports_masked_hd128_depth3_stages2_share0,supervised_nmse_plateau,separator1,12,6,jit,fp32,float32,64,8,ok,,325.924477,20,50,0.8738549,0.012222235316422284,0.852111,0.870069,0.8901242,0.896218,0.91273045,0.913855,73238.70358797554,73.23870358797554,870.069,13.594828125,9154.837948496943,510240,503808,1014552,sub-physical,0.0625,0.03125,Intel(R) Xeon(R) 6760P,AVX512,"avx2,avx512f,avx512bw,avx512vl,avx512_vnni,avx512_bf16,amx_bf16,amx_int8,amx_tile,fma",True,True,,,,,,256,128,sh14l07002s1404,3.11.9,2.1.2+cu121
20260428_010731,2026-04-28T07:06:28.604420,cpu,pytorch,separator1_grid_search_6ports_masked_hd128_depth3_stages2_share0,/home/liangyi/SRS_AI/Model_AIIC_refactor/experiments_refactored/20260427_072855_default_6port_separator1_masked_v2/separator1_grid_search_6ports_masked_hd128_depth3_stages2_share0,default_6port_separator1_masked_v2,separator1_grid_search_6ports_masked_hd128_depth3_stages2_share0,supervised_nmse_plateau,separator1,12,6,jit,fp32,float32,128,1,ok,,322.315355,20,50,1.24397618,0.03601074978652347,1.216004,1.2245705,1.302518,1.3168393,1.33942195,1.343511,102895.86091592204,102.89586091592204,1224.5705,9.56695703125,102895.86091592204,510240,503808,1014552,single-thread,0.0078125,0.00390625,Intel(R) Xeon(R) 6760P,AVX512,"avx2,avx512f,avx512bw,avx512vl,avx512_vnni,avx512_bf16,amx_bf16,amx_int8,amx_tile,fma",True,True,,,,,,256,128,sh14l07002s1404,3.11.9,2.1.2+cu121
20260428_010731,2026-04-28T07:06:28.604420,cpu,pytorch,separator1_grid_search_6ports_masked_hd128_depth3_stages2_share0,/home/liangyi/SRS_AI/Model_AIIC_refactor/experiments_refactored/20260427_072855_default_6port_separator1_masked_v2/separator1_grid_search_6ports_masked_hd128_depth3_stages2_share0,default_6port_separator1_masked_v2,separator1_grid_search_6ports_masked_hd128_depth3_stages2_share0,supervised_nmse_plateau,separator1,12,6,jit,fp32,float32,128,2,ok,,331.204801,20,50,1.71549848,0.016004117761676213,1.669867,1.71521,1.7340063000000001,1.73757165,1.75690107,1.76129,74613.8813250362,74.6138813250362,1715.2099999999998,13.400078124999999,37306.9406625181,510240,503808,1014552,sub-physical,0.015625,0.0078125,Intel(R) Xeon(R) 6760P,AVX512,"avx2,avx512f,avx512bw,avx512vl,avx512_vnni,avx512_bf16,amx_bf16,amx_int8,amx_tile,fma",True,True,,,,,,256,128,sh14l07002s1404,3.11.9,2.1.2+cu121
20260428_010731,2026-04-28T07:06:28.604420,cpu,pytorch,separator1_grid_search_6ports_masked_hd128_depth3_stages2_share0,/home/liangyi/SRS_AI/Model_AIIC_refactor/experiments_refactored/20260427_072855_default_6port_separator1_masked_v2/separator1_grid_search_6ports_masked_hd128_depth3_stages2_share0,default_6port_separator1_masked_v2,separator1_grid_search_6ports_masked_hd128_depth3_stages2_share0,supervised_nmse_plateau,separator1,12,6,jit,fp32,float32,128,4,ok,,329.335523,20,50,1.57584952,0.017359836914257007,1.537683,1.573626,1.6029326,1.6054547000000001,1.61250456,1.612973,81226.02975441463,81.22602975441463,1573.626,12.293953125,20306.507438603658,510240,503808,1014552,sub-physical,0.03125,0.015625,Intel(R) Xeon(R) 6760P,AVX512,"avx2,avx512f,avx512bw,avx512vl,avx512_vnni,avx512_bf16,amx_bf16,amx_int8,amx_tile,fma",True,True,,,,,,256,128,sh14l07002s1404,3.11.9,2.1.2+cu121
20260428_010731,2026-04-28T07:06:28.604420,cpu,pytorch,separator1_grid_search_6ports_masked_hd128_depth3_stages2_share0,/home/liangyi/SRS_AI/Model_AIIC_refactor/experiments_refactored/20260427_072855_default_6port_separator1_masked_v2/separator1_grid_search_6ports_masked_hd128_depth3_stages2_share0,default_6port_separator1_masked_v2,separator1_grid_search_6ports_masked_hd128_depth3_stages2_share0,supervised_nmse_plateau,separator1,12,6,jit,fp32,float32,128,8,ok,,324.495462,20,50,1.46110926,0.031339333358455485,1.42491,1.4545795,1.4897969,1.5274249999999998,1.56341978,1.567035,87604.67372576914,87.60467372576915,1454.5794999999998,11.363902343749999,10950.584215721143,510240,503808,1014552,sub-physical,0.0625,0.03125,Intel(R) Xeon(R) 6760P,AVX512,"avx2,avx512f,avx512bw,avx512vl,avx512_vnni,avx512_bf16,amx_bf16,amx_int8,amx_tile,fma",True,True,,,,,,256,128,sh14l07002s1404,3.11.9,2.1.2+cu121
20260428_010731,2026-04-28T07:06:28.604420,cpu,pytorch,separator1_grid_search_6ports_masked_hd128_depth3_stages2_share0,/home/liangyi/SRS_AI/Model_AIIC_refactor/experiments_refactored/20260427_072855_default_6port_separator1_masked_v2/separator1_grid_search_6ports_masked_hd128_depth3_stages2_share0,default_6port_separator1_masked_v2,separator1_grid_search_6ports_masked_hd128_depth3_stages2_share0,supervised_nmse_plateau,separator1,12,6,jit,bf16,bfloat16,1,1,ok,,315.550121,20,50,0.48853502,0.015928917607282683,0.471417,0.48362499999999997,0.5189663999999999,0.5291290000000001,0.53684595,0.540935,2046.9361643715938,2.0469361643715938,483.625,483.625,2046.9361643715938,510240,503808,1014552,single-thread,0.0078125,0.00390625,Intel(R) Xeon(R) 6760P,AVX512,"avx2,avx512f,avx512bw,avx512vl,avx512_vnni,avx512_bf16,amx_bf16,amx_int8,amx_tile,fma",True,True,,,,,,256,128,sh14l07002s1404,3.11.9,2.1.2+cu121
20260428_010731,2026-04-28T07:06:28.604420,cpu,pytorch,separator1_grid_search_6ports_masked_hd128_depth3_stages2_share0,/home/liangyi/SRS_AI/Model_AIIC_refactor/experiments_refactored/20260427_072855_default_6port_separator1_masked_v2/separator1_grid_search_6ports_masked_hd128_depth3_stages2_share0,default_6port_separator1_masked_v2,separator1_grid_search_6ports_masked_hd128_depth3_stages2_share0,supervised_nmse_plateau,separator1,12,6,jit,bf16,bfloat16,1,2,ok,,321.153661,20,50,0.55198078,0.008220489601696485,0.542012,0.5518465,0.5590643,0.5604601499999999,0.5788882499999999,0.596124,1811.6572827046625,1.8116572827046624,551.8465,551.8465,905.8286413523313,510240,503808,1014552,sub-physical,0.015625,0.0078125,Intel(R) Xeon(R) 6760P,AVX512,"avx2,avx512f,avx512bw,avx512vl,avx512_vnni,avx512_bf16,amx_bf16,amx_int8,amx_tile,fma",True,True,,,,,,256,128,sh14l07002s1404,3.11.9,2.1.2+cu121
20260428_010731,2026-04-28T07:06:28.604420,cpu,pytorch,separator1_grid_search_6ports_masked_hd128_depth3_stages2_share0,/home/liangyi/SRS_AI/Model_AIIC_refactor/experiments_refactored/20260427_072855_default_6port_separator1_masked_v2/separator1_grid_search_6ports_masked_hd128_depth3_stages2_share0,default_6port_separator1_masked_v2,separator1_grid_search_6ports_masked_hd128_depth3_stages2_share0,supervised_nmse_plateau,separator1,12,6,jit,bf16,bfloat16,1,4,ok,,323.228526,20,50,0.54668652,0.007346467361228794,0.532459,0.5466465,0.5551856,0.559845,0.56454873,0.565687,1829.2018614250815,1.8292018614250816,546.6465000000001,546.6465000000001,457.30046535627037,510240,503808,1014552,sub-physical,0.03125,0.015625,Intel(R) Xeon(R) 6760P,AVX512,"avx2,avx512f,avx512bw,avx512vl,avx512_vnni,avx512_bf16,amx_bf16,amx_int8,amx_tile,fma",True,True,,,,,,256,128,sh14l07002s1404,3.11.9,2.1.2+cu121
20260428_010731,2026-04-28T07:06:28.604420,cpu,pytorch,separator1_grid_search_6ports_masked_hd128_depth3_stages2_share0,/home/liangyi/SRS_AI/Model_AIIC_refactor/experiments_refactored/20260427_072855_default_6port_separator1_masked_v2/separator1_grid_search_6ports_masked_hd128_depth3_stages2_share0,default_6port_separator1_masked_v2,separator1_grid_search_6ports_masked_hd128_depth3_stages2_share0,supervised_nmse_plateau,separator1,12,6,jit,bf16,bfloat16,1,8,ok,,324.513537,20,50,0.5471311,0.014284372323977003,0.529612,0.542921,0.5671141,0.57859865,0.59750154,0.598508,1827.7155146179773,1.8277155146179773,542.9209999999999,542.9209999999999,228.46443932724716,510240,503808,1014552,sub-physical,0.0625,0.03125,Intel(R) Xeon(R) 6760P,AVX512,"avx2,avx512f,avx512bw,avx512vl,avx512_vnni,avx512_bf16,amx_bf16,amx_int8,amx_tile,fma",True,True,,,,,,256,128,sh14l07002s1404,3.11.9,2.1.2+cu121
20260428_010731,2026-04-28T07:06:28.604420,cpu,pytorch,separator1_grid_search_6ports_masked_hd128_depth3_stages2_share0,/home/liangyi/SRS_AI/Model_AIIC_refactor/experiments_refactored/20260427_072855_default_6port_separator1_masked_v2/separator1_grid_search_6ports_masked_hd128_depth3_stages2_share0,default_6port_separator1_masked_v2,separator1_grid_search_6ports_masked_hd128_depth3_stages2_share0,supervised_nmse_plateau,separator1,12,6,jit,bf16,bfloat16,2,1,ok,,322.195625,20,50,0.77774058,0.04825876208610826,0.738222,0.754264,0.8553752,0.887795,0.8989511099999999,0.902558,2571.5515577186416,2.5715515577186414,754.264,377.132,2571.5515577186416,510240,503808,1014552,single-thread,0.0078125,0.00390625,Intel(R) Xeon(R) 6760P,AVX512,"avx2,avx512f,avx512bw,avx512vl,avx512_vnni,avx512_bf16,amx_bf16,amx_int8,amx_tile,fma",True,True,,,,,,256,128,sh14l07002s1404,3.11.9,2.1.2+cu121
20260428_010731,2026-04-28T07:06:28.604420,cpu,pytorch,separator1_grid_search_6ports_masked_hd128_depth3_stages2_share0,/home/liangyi/SRS_AI/Model_AIIC_refactor/experiments_refactored/20260427_072855_default_6port_separator1_masked_v2/separator1_grid_search_6ports_masked_hd128_depth3_stages2_share0,default_6port_separator1_masked_v2,separator1_grid_search_6ports_masked_hd128_depth3_stages2_share0,supervised_nmse_plateau,separator1,12,6,jit,bf16,bfloat16,2,2,ok,,331.238295,20,50,0.89469224,0.019871403574544,0.865086,0.886862,0.9309664000000001,0.93627775,0.93991969,0.941693,2235.4055512988466,2.2354055512988467,886.8620000000001,443.43100000000004,1117.7027756494233,510240,503808,1014552,sub-physical,0.015625,0.0078125,Intel(R) Xeon(R) 6760P,AVX512,"avx2,avx512f,avx512bw,avx512vl,avx512_vnni,avx512_bf16,amx_bf16,amx_int8,amx_tile,fma",True,True,,,,,,256,128,sh14l07002s1404,3.11.9,2.1.2+cu121
20260428_010731,2026-04-28T07:06:28.604420,cpu,pytorch,separator1_grid_search_6ports_masked_hd128_depth3_stages2_share0,/home/liangyi/SRS_AI/Model_AIIC_refactor/experiments_refactored/20260427_072855_default_6port_separator1_masked_v2/separator1_grid_search_6ports_masked_hd128_depth3_stages2_share0,default_6port_separator1_masked_v2,separator1_grid_search_6ports_masked_hd128_depth3_stages2_share0,supervised_nmse_plateau,separator1,12,6,jit,bf16,bfloat16,2,4,ok,,327.674103,20,50,0.8314564,0.02013127275857142,0.811166,0.826131,0.8421074,0.8668388999999999,0.9135309299999999,0.93031,2405.417770552972,2.405417770552972,826.131,413.0655,601.354442638243,510240,503808,1014552,sub-physical,0.03125,0.015625,Intel(R) Xeon(R) 6760P,AVX512,"avx2,avx512f,avx512bw,avx512vl,avx512_vnni,avx512_bf16,amx_bf16,amx_int8,amx_tile,fma",True,True,,,,,,256,128,sh14l07002s1404,3.11.9,2.1.2+cu121
20260428_010731,2026-04-28T07:06:28.604420,cpu,pytorch,separator1_grid_search_6ports_masked_hd128_depth3_stages2_share0,/home/liangyi/SRS_AI/Model_AIIC_refactor/experiments_refactored/20260427_072855_default_6port_separator1_masked_v2/separator1_grid_search_6ports_masked_hd128_depth3_stages2_share0,default_6port_separator1_masked_v2,separator1_grid_search_6ports_masked_hd128_depth3_stages2_share0,supervised_nmse_plateau,separator1,12,6,jit,bf16,bfloat16,2,8,ok,,328.950218,20,50,0.96869788,0.05820701330377293,0.909869,0.957751,1.0325577000000001,1.0667157999999999,1.1738980299999997,1.239682,2064.627208640118,2.0646272086401183,957.751,478.8755,258.07840108001477,510240,503808,1014552,sub-physical,0.0625,0.03125,Intel(R) Xeon(R) 6760P,AVX512,"avx2,avx512f,avx512bw,avx512vl,avx512_vnni,avx512_bf16,amx_bf16,amx_int8,amx_tile,fma",True,True,,,,,,256,128,sh14l07002s1404,3.11.9,2.1.2+cu121
20260428_010731,2026-04-28T07:06:28.604420,cpu,pytorch,separator1_grid_search_6ports_masked_hd128_depth3_stages2_share0,/home/liangyi/SRS_AI/Model_AIIC_refactor/experiments_refactored/20260427_072855_default_6port_separator1_masked_v2/separator1_grid_search_6ports_masked_hd128_depth3_stages2_share0,default_6port_separator1_masked_v2,separator1_grid_search_6ports_masked_hd128_depth3_stages2_share0,supervised_nmse_plateau,separator1,12,6,jit,bf16,bfloat16,4,1,ok,,327.241358,20,50,1.01033752,0.05162448937674446,0.965915,0.987599,1.0539713000000002,1.1247245499999996,1.18687245,1.187164,3959.073003643377,3.9590730036433768,987.599,246.89975,3959.073003643377,510240,503808,1014552,single-thread,0.0078125,0.00390625,Intel(R) Xeon(R) 6760P,AVX512,"avx2,avx512f,avx512bw,avx512vl,avx512_vnni,avx512_bf16,amx_bf16,amx_int8,amx_tile,fma",True,True,,,,,,256,128,sh14l07002s1404,3.11.9,2.1.2+cu121
20260428_010731,2026-04-28T07:06:28.604420,cpu,pytorch,separator1_grid_search_6ports_masked_hd128_depth3_stages2_share0,/home/liangyi/SRS_AI/Model_AIIC_refactor/experiments_refactored/20260427_072855_default_6port_separator1_masked_v2/separator1_grid_search_6ports_masked_hd128_depth3_stages2_share0,default_6port_separator1_masked_v2,separator1_grid_search_6ports_masked_hd128_depth3_stages2_share0,supervised_nmse_plateau,separator1,12,6,jit,bf16,bfloat16,4,2,ok,,334.754984,20,50,1.11340862,0.050688149718012,1.06173,1.099908,1.1823977,1.2430991,1.2647195900000001,1.265557,3592.5714316815693,3.592571431681569,1099.9080000000001,274.97700000000003,1796.2857158407846,510240,503808,1014552,sub-physical,0.015625,0.0078125,Intel(R) Xeon(R) 6760P,AVX512,"avx2,avx512f,avx512bw,avx512vl,avx512_vnni,avx512_bf16,amx_bf16,amx_int8,amx_tile,fma",True,True,,,,,,256,128,sh14l07002s1404,3.11.9,2.1.2+cu121
20260428_010731,2026-04-28T07:06:28.604420,cpu,pytorch,separator1_grid_search_6ports_masked_hd128_depth3_stages2_share0,/home/liangyi/SRS_AI/Model_AIIC_refactor/experiments_refactored/20260427_072855_default_6port_separator1_masked_v2/separator1_grid_search_6ports_masked_hd128_depth3_stages2_share0,default_6port_separator1_masked_v2,separator1_grid_search_6ports_masked_hd128_depth3_stages2_share0,supervised_nmse_plateau,separator1,12,6,jit,bf16,bfloat16,4,4,ok,,328.72684,20,50,1.03655136,0.011936141793326678,1.022907,1.0346975,1.0416933000000002,1.0449833,1.08493947,1.108507,3858.9501247675753,3.8589501247675755,1034.6975,258.674375,964.7375311918938,510240,503808,1014552,sub-physical,0.03125,0.015625,Intel(R) Xeon(R) 6760P,AVX512,"avx2,avx512f,avx512bw,avx512vl,avx512_vnni,avx512_bf16,amx_bf16,amx_int8,amx_tile,fma",True,True,,,,,,256,128,sh14l07002s1404,3.11.9,2.1.2+cu121
20260428_010731,2026-04-28T07:06:28.604420,cpu,pytorch,separator1_grid_search_6ports_masked_hd128_depth3_stages2_share0,/home/liangyi/SRS_AI/Model_AIIC_refactor/experiments_refactored/20260427_072855_default_6port_separator1_masked_v2/separator1_grid_search_6ports_masked_hd128_depth3_stages2_share0,default_6port_separator1_masked_v2,separator1_grid_search_6ports_masked_hd128_depth3_stages2_share0,supervised_nmse_plateau,separator1,12,6,jit,bf16,bfloat16,4,8,ok,,335.969115,20,50,1.13713462,0.04162166325984102,1.104479,1.1258279999999998,1.1535065,1.2080189,1.31311454,1.31368,3517.613420300228,3.517613420300228,1125.8279999999997,281.45699999999994,439.7016775375285,510240,503808,1014552,sub-physical,0.0625,0.03125,Intel(R) Xeon(R) 6760P,AVX512,"avx2,avx512f,avx512bw,avx512vl,avx512_vnni,avx512_bf16,amx_bf16,amx_int8,amx_tile,fma",True,True,,,,,,256,128,sh14l07002s1404,3.11.9,2.1.2+cu121
20260428_010731,2026-04-28T07:06:28.604420,cpu,pytorch,separator1_grid_search_6ports_masked_hd128_depth3_stages2_share0,/home/liangyi/SRS_AI/Model_AIIC_refactor/experiments_refactored/20260427_072855_default_6port_separator1_masked_v2/separator1_grid_search_6ports_masked_hd128_depth3_stages2_share0,default_6port_separator1_masked_v2,separator1_grid_search_6ports_masked_hd128_depth3_stages2_share0,supervised_nmse_plateau,separator1,12,6,jit,bf16,bfloat16,8,1,ok,,331.2536,20,50,1.06962184,0.042668848316944306,1.03347,1.0532249999999999,1.118004,1.1245523499999999,1.24311528,1.25092,7479.27884494206,7.479278844942059,1053.225,131.653125,7479.27884494206,510240,503808,1014552,single-thread,0.0078125,0.00390625,Intel(R) Xeon(R) 6760P,AVX512,"avx2,avx512f,avx512bw,avx512vl,avx512_vnni,avx512_bf16,amx_bf16,amx_int8,amx_tile,fma",True,True,,,,,,256,128,sh14l07002s1404,3.11.9,2.1.2+cu121
20260428_010731,2026-04-28T07:06:28.604420,cpu,pytorch,separator1_grid_search_6ports_masked_hd128_depth3_stages2_share0,/home/liangyi/SRS_AI/Model_AIIC_refactor/experiments_refactored/20260427_072855_default_6port_separator1_masked_v2/separator1_grid_search_6ports_masked_hd128_depth3_stages2_share0,default_6port_separator1_masked_v2,separator1_grid_search_6ports_masked_hd128_depth3_stages2_share0,supervised_nmse_plateau,separator1,12,6,jit,bf16,bfloat16,8,2,ok,,332.591108,20,50,1.2240699,0.054387256848364776,1.158536,1.2051284999999998,1.3151333,1.33038255,1.3528507,1.365625,6535.574479856093,6.535574479856093,1205.1284999999998,150.64106249999998,3267.7872399280463,510240,503808,1014552,sub-physical,0.015625,0.0078125,Intel(R) Xeon(R) 6760P,AVX512,"avx2,avx512f,avx512bw,avx512vl,avx512_vnni,avx512_bf16,amx_bf16,amx_int8,amx_tile,fma",True,True,,,,,,256,128,sh14l07002s1404,3.11.9,2.1.2+cu121
20260428_010731,2026-04-28T07:06:28.604420,cpu,pytorch,separator1_grid_search_6ports_masked_hd128_depth3_stages2_share0,/home/liangyi/SRS_AI/Model_AIIC_refactor/experiments_refactored/20260427_072855_default_6port_separator1_masked_v2/separator1_grid_search_6ports_masked_hd128_depth3_stages2_share0,default_6port_separator1_masked_v2,separator1_grid_search_6ports_masked_hd128_depth3_stages2_share0,supervised_nmse_plateau,separator1,12,6,jit,bf16,bfloat16,8,4,ok,,354.462612,20,50,1.17391948,0.051815442143144944,1.125906,1.1490795,1.2644123,1.28238615,1.32771435,1.349169,6814.777449642458,6.814777449642458,1149.0795,143.6349375,1703.6943624106145,510240,503808,1014552,sub-physical,0.03125,0.015625,Intel(R) Xeon(R) 6760P,AVX512,"avx2,avx512f,avx512bw,avx512vl,avx512_vnni,avx512_bf16,amx_bf16,amx_int8,amx_tile,fma",True,True,,,,,,256,128,sh14l07002s1404,3.11.9,2.1.2+cu121
20260428_010731,2026-04-28T07:06:28.604420,cpu,pytorch,separator1_grid_search_6ports_masked_hd128_depth3_stages2_share0,/home/liangyi/SRS_AI/Model_AIIC_refactor/experiments_refactored/20260427_072855_default_6port_separator1_masked_v2/separator1_grid_search_6ports_masked_hd128_depth3_stages2_share0,default_6port_separator1_masked_v2,separator1_grid_search_6ports_masked_hd128_depth3_stages2_share0,supervised_nmse_plateau,separator1,12,6,jit,bf16,bfloat16,8,8,ok,,332.018856,20,50,1.2412543600000001,0.040058750392272614,1.206369,1.2314965,1.2534409,1.3171521999999998,1.40703317,1.41226,6445.093171717036,6.445093171717036,1231.4965,153.9370625,805.6366464646295,510240,503808,1014552,sub-physical,0.0625,0.03125,Intel(R) Xeon(R) 6760P,AVX512,"avx2,avx512f,avx512bw,avx512vl,avx512_vnni,avx512_bf16,amx_bf16,amx_int8,amx_tile,fma",True,True,,,,,,256,128,sh14l07002s1404,3.11.9,2.1.2+cu121
20260428_010731,2026-04-28T07:06:28.604420,cpu,pytorch,separator1_grid_search_6ports_masked_hd128_depth3_stages2_share0,/home/liangyi/SRS_AI/Model_AIIC_refactor/experiments_refactored/20260427_072855_default_6port_separator1_masked_v2/separator1_grid_search_6ports_masked_hd128_depth3_stages2_share0,default_6port_separator1_masked_v2,separator1_grid_search_6ports_masked_hd128_depth3_stages2_share0,supervised_nmse_plateau,separator1,12,6,jit,bf16,bfloat16,16,1,ok,,325.812482,20,50,1.05490594,0.038727003140139805,1.024625,1.0410534999999999,1.0897809999999999,1.1076074,1.1968915499999997,1.268042,15167.229032760968,15.167229032760968,1041.0534999999998,65.06584374999998,15167.229032760968,510240,503808,1014552,single-thread,0.0078125,0.00390625,Intel(R) Xeon(R) 6760P,AVX512,"avx2,avx512f,avx512bw,avx512vl,avx512_vnni,avx512_bf16,amx_bf16,amx_int8,amx_tile,fma",True,True,,,,,,256,128,sh14l07002s1404,3.11.9,2.1.2+cu121
20260428_010731,2026-04-28T07:06:28.604420,cpu,pytorch,separator1_grid_search_6ports_masked_hd128_depth3_stages2_share0,/home/liangyi/SRS_AI/Model_AIIC_refactor/experiments_refactored/20260427_072855_default_6port_separator1_masked_v2/separator1_grid_search_6ports_masked_hd128_depth3_stages2_share0,default_6port_separator1_masked_v2,separator1_grid_search_6ports_masked_hd128_depth3_stages2_share0,supervised_nmse_plateau,separator1,12,6,jit,bf16,bfloat16,16,2,ok,,335.89532,20,50,1.31277634,0.02301324551349506,1.264804,1.3054945,1.3428011,1.34631985,1.3663792,1.373347,12187.910089848207,12.187910089848206,1305.4945,81.59340625,6093.955044924103,510240,503808,1014552,sub-physical,0.015625,0.0078125,Intel(R) Xeon(R) 6760P,AVX512,"avx2,avx512f,avx512bw,avx512vl,avx512_vnni,avx512_bf16,amx_bf16,amx_int8,amx_tile,fma",True,True,,,,,,256,128,sh14l07002s1404,3.11.9,2.1.2+cu121
20260428_010731,2026-04-28T07:06:28.604420,cpu,pytorch,separator1_grid_search_6ports_masked_hd128_depth3_stages2_share0,/home/liangyi/SRS_AI/Model_AIIC_refactor/experiments_refactored/20260427_072855_default_6port_separator1_masked_v2/separator1_grid_search_6ports_masked_hd128_depth3_stages2_share0,default_6port_separator1_masked_v2,separator1_grid_search_6ports_masked_hd128_depth3_stages2_share0,supervised_nmse_plateau,separator1,12,6,jit,bf16,bfloat16,16,4,ok,,328.744537,20,50,1.2204526,0.031129511169306845,1.184216,1.213744,1.2527206,1.2572672999999999,1.3264193899999999,1.358705,13109.890543885114,13.109890543885115,1213.744,75.859,3277.4726359712786,510240,503808,1014552,sub-physical,0.03125,0.015625,Intel(R) Xeon(R) 6760P,AVX512,"avx2,avx512f,avx512bw,avx512vl,avx512_vnni,avx512_bf16,amx_bf16,amx_int8,amx_tile,fma",True,True,,,,,,256,128,sh14l07002s1404,3.11.9,2.1.2+cu121
20260428_010731,2026-04-28T07:06:28.604420,cpu,pytorch,separator1_grid_search_6ports_masked_hd128_depth3_stages2_share0,/home/liangyi/SRS_AI/Model_AIIC_refactor/experiments_refactored/20260427_072855_default_6port_separator1_masked_v2/separator1_grid_search_6ports_masked_hd128_depth3_stages2_share0,default_6port_separator1_masked_v2,separator1_grid_search_6ports_masked_hd128_depth3_stages2_share0,supervised_nmse_plateau,separator1,12,6,jit,bf16,bfloat16,16,8,ok,,333.006275,20,50,1.31197028,0.028759170409481574,1.266215,1.3039765,1.3441777000000001,1.35700065,1.38648158,1.398025,12195.39820673377,12.195398206733769,1303.9765,81.49853125,1524.4247758417212,510240,503808,1014552,sub-physical,0.0625,0.03125,Intel(R) Xeon(R) 6760P,AVX512,"avx2,avx512f,avx512bw,avx512vl,avx512_vnni,avx512_bf16,amx_bf16,amx_int8,amx_tile,fma",True,True,,,,,,256,128,sh14l07002s1404,3.11.9,2.1.2+cu121
20260428_010731,2026-04-28T07:06:28.604420,cpu,pytorch,separator1_grid_search_6ports_masked_hd128_depth3_stages2_share0,/home/liangyi/SRS_AI/Model_AIIC_refactor/experiments_refactored/20260427_072855_default_6port_separator1_masked_v2/separator1_grid_search_6ports_masked_hd128_depth3_stages2_share0,default_6port_separator1_masked_v2,separator1_grid_search_6ports_masked_hd128_depth3_stages2_share0,supervised_nmse_plateau,separator1,12,6,jit,bf16,bfloat16,32,1,ok,,331.177081,20,50,1.22837654,0.060039031427966925,1.175596,1.196603,1.3253864000000002,1.3375354,1.3596121700000001,1.361801,26050.644047630543,26.050644047630545,1196.603,37.39384375,26050.644047630543,510240,503808,1014552,single-thread,0.0078125,0.00390625,Intel(R) Xeon(R) 6760P,AVX512,"avx2,avx512f,avx512bw,avx512vl,avx512_vnni,avx512_bf16,amx_bf16,amx_int8,amx_tile,fma",True,True,,,,,,256,128,sh14l07002s1404,3.11.9,2.1.2+cu121
20260428_010731,2026-04-28T07:06:28.604420,cpu,pytorch,separator1_grid_search_6ports_masked_hd128_depth3_stages2_share0,/home/liangyi/SRS_AI/Model_AIIC_refactor/experiments_refactored/20260427_072855_default_6port_separator1_masked_v2/separator1_grid_search_6ports_masked_hd128_depth3_stages2_share0,default_6port_separator1_masked_v2,separator1_grid_search_6ports_masked_hd128_depth3_stages2_share0,supervised_nmse_plateau,separator1,12,6,jit,bf16,bfloat16,32,2,ok,,330.997473,20,50,1.53449908,0.042424523079388904,1.47508,1.52615,1.5762823000000001,1.6253267,1.67207452,1.696355,20853.71077576664,20.853710775766643,1526.1499999999999,47.692187499999996,10426.85538788332,510240,503808,1014552,sub-physical,0.015625,0.0078125,Intel(R) Xeon(R) 6760P,AVX512,"avx2,avx512f,avx512bw,avx512vl,avx512_vnni,avx512_bf16,amx_bf16,amx_int8,amx_tile,fma",True,True,,,,,,256,128,sh14l07002s1404,3.11.9,2.1.2+cu121
20260428_010731,2026-04-28T07:06:28.604420,cpu,pytorch,separator1_grid_search_6ports_masked_hd128_depth3_stages2_share0,/home/liangyi/SRS_AI/Model_AIIC_refactor/experiments_refactored/20260427_072855_default_6port_separator1_masked_v2/separator1_grid_search_6ports_masked_hd128_depth3_stages2_share0,default_6port_separator1_masked_v2,separator1_grid_search_6ports_masked_hd128_depth3_stages2_share0,supervised_nmse_plateau,separator1,12,6,jit,bf16,bfloat16,32,4,ok,,331.679745,20,50,1.50506456,0.051384522578364,1.437996,1.4918055,1.5991937,1.606964,1.6160162,1.617104,21261.54641499232,21.26154641499232,1491.8055,46.618921875,5315.38660374808,510240,503808,1014552,sub-physical,0.03125,0.015625,Intel(R) Xeon(R) 6760P,AVX512,"avx2,avx512f,avx512bw,avx512vl,avx512_vnni,avx512_bf16,amx_bf16,amx_int8,amx_tile,fma",True,True,,,,,,256,128,sh14l07002s1404,3.11.9,2.1.2+cu121
20260428_010731,2026-04-28T07:06:28.604420,cpu,pytorch,separator1_grid_search_6ports_masked_hd128_depth3_stages2_share0,/home/liangyi/SRS_AI/Model_AIIC_refactor/experiments_refactored/20260427_072855_default_6port_separator1_masked_v2/separator1_grid_search_6ports_masked_hd128_depth3_stages2_share0,default_6port_separator1_masked_v2,separator1_grid_search_6ports_masked_hd128_depth3_stages2_share0,supervised_nmse_plateau,separator1,12,6,jit,bf16,bfloat16,32,8,ok,,340.083288,20,50,1.59442256,0.04767681309238696,1.51815,1.58684,1.6678080000000002,1.70157655,1.7105805900000002,1.712055,20069.961880117902,20.0699618801179,1586.84,49.58875,2508.745235014738,510240,503808,1014552,sub-physical,0.0625,0.03125,Intel(R) Xeon(R) 6760P,AVX512,"avx2,avx512f,avx512bw,avx512vl,avx512_vnni,avx512_bf16,amx_bf16,amx_int8,amx_tile,fma",True,True,,,,,,256,128,sh14l07002s1404,3.11.9,2.1.2+cu121
20260428_010731,2026-04-28T07:06:28.604420,cpu,pytorch,separator1_grid_search_6ports_masked_hd128_depth3_stages2_share0,/home/liangyi/SRS_AI/Model_AIIC_refactor/experiments_refactored/20260427_072855_default_6port_separator1_masked_v2/separator1_grid_search_6ports_masked_hd128_depth3_stages2_share0,default_6port_separator1_masked_v2,separator1_grid_search_6ports_masked_hd128_depth3_stages2_share0,supervised_nmse_plateau,separator1,12,6,jit,bf16,bfloat16,64,1,ok,,327.134544,20,50,1.38295292,0.054240831188262596,1.32591,1.3576065000000002,1.4759991,1.49730085,1.51511808,1.527274,46277.78652074432,46.277786520744314,1357.6065,21.2126015625,46277.78652074432,510240,503808,1014552,single-thread,0.0078125,0.00390625,Intel(R) Xeon(R) 6760P,AVX512,"avx2,avx512f,avx512bw,avx512vl,avx512_vnni,avx512_bf16,amx_bf16,amx_int8,amx_tile,fma",True,True,,,,,,256,128,sh14l07002s1404,3.11.9,2.1.2+cu121
20260428_010731,2026-04-28T07:06:28.604420,cpu,pytorch,separator1_grid_search_6ports_masked_hd128_depth3_stages2_share0,/home/liangyi/SRS_AI/Model_AIIC_refactor/experiments_refactored/20260427_072855_default_6port_separator1_masked_v2/separator1_grid_search_6ports_masked_hd128_depth3_stages2_share0,default_6port_separator1_masked_v2,separator1_grid_search_6ports_masked_hd128_depth3_stages2_share0,supervised_nmse_plateau,separator1,12,6,jit,bf16,bfloat16,64,2,ok,,333.69789,20,50,1.86891382,0.04264134853106314,1.777507,1.8650090000000001,1.9129836,1.9257478,1.97481934,1.991937,34244.4896683358,34.2444896683358,1865.0090000000002,29.140765625000004,17122.2448341679,510240,503808,1014552,sub-physical,0.015625,0.0078125,Intel(R) Xeon(R) 6760P,AVX512,"avx2,avx512f,avx512bw,avx512vl,avx512_vnni,avx512_bf16,amx_bf16,amx_int8,amx_tile,fma",True,True,,,,,,256,128,sh14l07002s1404,3.11.9,2.1.2+cu121
20260428_010731,2026-04-28T07:06:28.604420,cpu,pytorch,separator1_grid_search_6ports_masked_hd128_depth3_stages2_share0,/home/liangyi/SRS_AI/Model_AIIC_refactor/experiments_refactored/20260427_072855_default_6port_separator1_masked_v2/separator1_grid_search_6ports_masked_hd128_depth3_stages2_share0,default_6port_separator1_masked_v2,separator1_grid_search_6ports_masked_hd128_depth3_stages2_share0,supervised_nmse_plateau,separator1,12,6,jit,bf16,bfloat16,64,4,ok,,339.193804,20,50,1.94118724,0.030724700946671554,1.880124,1.943447,1.9824935,1.99274845,2.00561922,2.010383,32969.51405882927,32.96951405882927,1943.447,30.366359375,8242.378514707318,510240,503808,1014552,sub-physical,0.03125,0.015625,Intel(R) Xeon(R) 6760P,AVX512,"avx2,avx512f,avx512bw,avx512vl,avx512_vnni,avx512_bf16,amx_bf16,amx_int8,amx_tile,fma",True,True,,,,,,256,128,sh14l07002s1404,3.11.9,2.1.2+cu121
20260428_010731,2026-04-28T07:06:28.604420,cpu,pytorch,separator1_grid_search_6ports_masked_hd128_depth3_stages2_share0,/home/liangyi/SRS_AI/Model_AIIC_refactor/experiments_refactored/20260427_072855_default_6port_separator1_masked_v2/separator1_grid_search_6ports_masked_hd128_depth3_stages2_share0,default_6port_separator1_masked_v2,separator1_grid_search_6ports_masked_hd128_depth3_stages2_share0,supervised_nmse_plateau,separator1,12,6,jit,bf16,bfloat16,64,8,ok,,335.525342,20,50,1.92115512,0.03606681660897728,1.857067,1.9202025,1.9640962,1.9789253,2.0042963,2.005732,33313.29122450039,33.31329122450039,1920.2025,30.0031640625,4164.161403062549,510240,503808,1014552,sub-physical,0.0625,0.03125,Intel(R) Xeon(R) 6760P,AVX512,"avx2,avx512f,avx512bw,avx512vl,avx512_vnni,avx512_bf16,amx_bf16,amx_int8,amx_tile,fma",True,True,,,,,,256,128,sh14l07002s1404,3.11.9,2.1.2+cu121
20260428_010731,2026-04-28T07:06:28.604420,cpu,pytorch,separator1_grid_search_6ports_masked_hd128_depth3_stages2_share0,/home/liangyi/SRS_AI/Model_AIIC_refactor/experiments_refactored/20260427_072855_default_6port_separator1_masked_v2/separator1_grid_search_6ports_masked_hd128_depth3_stages2_share0,default_6port_separator1_masked_v2,separator1_grid_search_6ports_masked_hd128_depth3_stages2_share0,supervised_nmse_plateau,separator1,12,6,jit,bf16,bfloat16,128,1,ok,,335.250691,20,50,1.7205079,0.048885186391073546,1.67135,1.7002365,1.7971839,1.8357712,1.8578783,1.860637,74396.63601660881,74.39663601660881,1700.2365,13.28309765625,74396.63601660881,510240,503808,1014552,single-thread,0.0078125,0.00390625,Intel(R) Xeon(R) 6760P,AVX512,"avx2,avx512f,avx512bw,avx512vl,avx512_vnni,avx512_bf16,amx_bf16,amx_int8,amx_tile,fma",True,True,,,,,,256,128,sh14l07002s1404,3.11.9,2.1.2+cu121
20260428_010731,2026-04-28T07:06:28.604420,cpu,pytorch,separator1_grid_search_6ports_masked_hd128_depth3_stages2_share0,/home/liangyi/SRS_AI/Model_AIIC_refactor/experiments_refactored/20260427_072855_default_6port_separator1_masked_v2/separator1_grid_search_6ports_masked_hd128_depth3_stages2_share0,default_6port_separator1_masked_v2,separator1_grid_search_6ports_masked_hd128_depth3_stages2_share0,supervised_nmse_plateau,separator1,12,6,jit,bf16,bfloat16,128,2,ok,,341.056038,20,50,2.54025946,0.05242519654716043,2.444204,2.537993,2.6069242999999998,2.6395369,2.65762008,2.660515,50388.553616487654,50.388553616487656,2537.9930000000004,19.828070312500003,25194.276808243827,510240,503808,1014552,sub-physical,0.015625,0.0078125,Intel(R) Xeon(R) 6760P,AVX512,"avx2,avx512f,avx512bw,avx512vl,avx512_vnni,avx512_bf16,amx_bf16,amx_int8,amx_tile,fma",True,True,,,,,,256,128,sh14l07002s1404,3.11.9,2.1.2+cu121
20260428_010731,2026-04-28T07:06:28.604420,cpu,pytorch,separator1_grid_search_6ports_masked_hd128_depth3_stages2_share0,/home/liangyi/SRS_AI/Model_AIIC_refactor/experiments_refactored/20260427_072855_default_6port_separator1_masked_v2/separator1_grid_search_6ports_masked_hd128_depth3_stages2_share0,default_6port_separator1_masked_v2,separator1_grid_search_6ports_masked_hd128_depth3_stages2_share0,supervised_nmse_plateau,separator1,12,6,jit,bf16,bfloat16,128,4,ok,,342.346863,20,50,2.61254338,0.04251055608052664,2.51229,2.612981,2.6705025,2.675293,2.69533425,2.70718,48994.401769512435,48.994401769512436,2612.981,20.4139140625,12248.600442378109,510240,503808,1014552,sub-physical,0.03125,0.015625,Intel(R) Xeon(R) 6760P,AVX512,"avx2,avx512f,avx512bw,avx512vl,avx512_vnni,avx512_bf16,amx_bf16,amx_int8,amx_tile,fma",True,True,,,,,,256,128,sh14l07002s1404,3.11.9,2.1.2+cu121
20260428_010731,2026-04-28T07:06:28.604420,cpu,pytorch,separator1_grid_search_6ports_masked_hd128_depth3_stages2_share0,/home/liangyi/SRS_AI/Model_AIIC_refactor/experiments_refactored/20260427_072855_default_6port_separator1_masked_v2/separator1_grid_search_6ports_masked_hd128_depth3_stages2_share0,default_6port_separator1_masked_v2,separator1_grid_search_6ports_masked_hd128_depth3_stages2_share0,supervised_nmse_plateau,separator1,12,6,jit,bf16,bfloat16,128,8,ok,,339.801047,20,50,2.55858374,0.11888339149566854,2.401373,2.5376545000000004,2.6155217000000004,2.7648878999999993,3.0356094,3.071252,50027.67663957717,50.02767663957717,2537.6545000000006,19.825425781250004,6253.459579947146,510240,503808,1014552,sub-physical,0.0625,0.03125,Intel(R) Xeon(R) 6760P,AVX512,"avx2,avx512f,avx512bw,avx512vl,avx512_vnni,avx512_bf16,amx_bf16,amx_int8,amx_tile,fma",True,True,,,,,,256,128,sh14l07002s1404,3.11.9,2.1.2+cu121
20260428_010731,2026-04-28T07:06:28.604420,cpu,pytorch,separator1_grid_search_6ports_masked_hd128_depth3_stages2_share0,/home/liangyi/SRS_AI/Model_AIIC_refactor/experiments_refactored/20260427_072855_default_6port_separator1_masked_v2/separator1_grid_search_6ports_masked_hd128_depth3_stages2_share0,default_6port_separator1_masked_v2,separator1_grid_search_6ports_masked_hd128_depth3_stages2_share0,supervised_nmse_plateau,separator1,12,6,compile,fp32,float32,1,1,ok,,494.622551,20,50,0.63247938,0.021536252723154983,0.615649,0.6266164999999999,0.6412248,0.6918645999999999,0.7112147400000001,0.713848,1581.0792124163795,1.5810792124163795,626.6164999999999,626.6164999999999,1581.0792124163795,510240,503808,1014552,single-thread,0.0078125,0.00390625,Intel(R) Xeon(R) 6760P,AVX512,"avx2,avx512f,avx512bw,avx512vl,avx512_vnni,avx512_bf16,amx_bf16,amx_int8,amx_tile,fma",True,True,,,,,,256,128,sh14l07002s1404,3.11.9,2.1.2+cu121
20260428_010731,2026-04-28T07:06:28.604420,cpu,pytorch,separator1_grid_search_6ports_masked_hd128_depth3_stages2_share0,/home/liangyi/SRS_AI/Model_AIIC_refactor/experiments_refactored/20260427_072855_default_6port_separator1_masked_v2/separator1_grid_search_6ports_masked_hd128_depth3_stages2_share0,default_6port_separator1_masked_v2,separator1_grid_search_6ports_masked_hd128_depth3_stages2_share0,supervised_nmse_plateau,separator1,12,6,compile,fp32,float32,1,2,ok,,510.812305,20,50,0.60965158,0.02546421329245418,0.587075,0.6015515,0.6454012,0.6781642999999999,0.69219181,0.699067,1640.2811586250625,1.6402811586250625,601.5515,601.5515,820.1405793125313,510240,503808,1014552,sub-physical,0.015625,0.0078125,Intel(R) Xeon(R) 6760P,AVX512,"avx2,avx512f,avx512bw,avx512vl,avx512_vnni,avx512_bf16,amx_bf16,amx_int8,amx_tile,fma",True,True,,,,,,256,128,sh14l07002s1404,3.11.9,2.1.2+cu121
20260428_010731,2026-04-28T07:06:28.604420,cpu,pytorch,separator1_grid_search_6ports_masked_hd128_depth3_stages2_share0,/home/liangyi/SRS_AI/Model_AIIC_refactor/experiments_refactored/20260427_072855_default_6port_separator1_masked_v2/separator1_grid_search_6ports_masked_hd128_depth3_stages2_share0,default_6port_separator1_masked_v2,separator1_grid_search_6ports_masked_hd128_depth3_stages2_share0,supervised_nmse_plateau,separator1,12,6,compile,fp32,float32,1,4,ok,,507.574789,20,50,0.5853153799999999,0.03239512839480035,0.562542,0.571159,0.6346018,0.66907535,0.67791797,0.67897,1708.4806485009842,1.7084806485009842,571.159,571.159,427.12016212524605,510240,503808,1014552,sub-physical,0.03125,0.015625,Intel(R) Xeon(R) 6760P,AVX512,"avx2,avx512f,avx512bw,avx512vl,avx512_vnni,avx512_bf16,amx_bf16,amx_int8,amx_tile,fma",True,True,,,,,,256,128,sh14l07002s1404,3.11.9,2.1.2+cu121
20260428_010731,2026-04-28T07:06:28.604420,cpu,pytorch,separator1_grid_search_6ports_masked_hd128_depth3_stages2_share0,/home/liangyi/SRS_AI/Model_AIIC_refactor/experiments_refactored/20260427_072855_default_6port_separator1_masked_v2/separator1_grid_search_6ports_masked_hd128_depth3_stages2_share0,default_6port_separator1_masked_v2,separator1_grid_search_6ports_masked_hd128_depth3_stages2_share0,supervised_nmse_plateau,separator1,12,6,compile,fp32,float32,1,8,ok,,539.782925,20,50,0.60966762,0.03743274808447277,0.583339,0.5953555,0.6726464000000001,0.70116385,0.72654119,0.744509,1640.2380037831106,1.6402380037831106,595.3555,595.3555,205.02975047288882,510240,503808,1014552,sub-physical,0.0625,0.03125,Intel(R) Xeon(R) 6760P,AVX512,"avx2,avx512f,avx512bw,avx512vl,avx512_vnni,avx512_bf16,amx_bf16,amx_int8,amx_tile,fma",True,True,,,,,,256,128,sh14l07002s1404,3.11.9,2.1.2+cu121
20260428_010731,2026-04-28T07:06:28.604420,cpu,pytorch,separator1_grid_search_6ports_masked_hd128_depth3_stages2_share0,/home/liangyi/SRS_AI/Model_AIIC_refactor/experiments_refactored/20260427_072855_default_6port_separator1_masked_v2/separator1_grid_search_6ports_masked_hd128_depth3_stages2_share0,default_6port_separator1_masked_v2,separator1_grid_search_6ports_masked_hd128_depth3_stages2_share0,supervised_nmse_plateau,separator1,12,6,compile,fp32,float32,2,1,ok,,498.543669,20,50,0.64809496,0.020987312654039348,0.624293,0.6405235,0.6713147,0.70389925,0.7160660999999999,0.721706,3085.9675254996587,3.0859675254996586,640.5235,320.26175,3085.9675254996587,510240,503808,1014552,single-thread,0.0078125,0.00390625,Intel(R) Xeon(R) 6760P,AVX512,"avx2,avx512f,avx512bw,avx512vl,avx512_vnni,avx512_bf16,amx_bf16,amx_int8,amx_tile,fma",True,True,,,,,,256,128,sh14l07002s1404,3.11.9,2.1.2+cu121
20260428_010731,2026-04-28T07:06:28.604420,cpu,pytorch,separator1_grid_search_6ports_masked_hd128_depth3_stages2_share0,/home/liangyi/SRS_AI/Model_AIIC_refactor/experiments_refactored/20260427_072855_default_6port_separator1_masked_v2/separator1_grid_search_6ports_masked_hd128_depth3_stages2_share0,default_6port_separator1_masked_v2,separator1_grid_search_6ports_masked_hd128_depth3_stages2_share0,supervised_nmse_plateau,separator1,12,6,compile,fp32,float32,2,2,ok,,506.646917,20,50,0.63873262,0.019346788784591614,0.622221,0.632395,0.6575262000000001,0.6873296499999999,0.7085008199999999,0.715205,3131.200657952932,3.131200657952932,632.3950000000001,316.19750000000005,1565.600328976466,510240,503808,1014552,sub-physical,0.015625,0.0078125,Intel(R) Xeon(R) 6760P,AVX512,"avx2,avx512f,avx512bw,avx512vl,avx512_vnni,avx512_bf16,amx_bf16,amx_int8,amx_tile,fma",True,True,,,,,,256,128,sh14l07002s1404,3.11.9,2.1.2+cu121
20260428_010731,2026-04-28T07:06:28.604420,cpu,pytorch,separator1_grid_search_6ports_masked_hd128_depth3_stages2_share0,/home/liangyi/SRS_AI/Model_AIIC_refactor/experiments_refactored/20260427_072855_default_6port_separator1_masked_v2/separator1_grid_search_6ports_masked_hd128_depth3_stages2_share0,default_6port_separator1_masked_v2,separator1_grid_search_6ports_masked_hd128_depth3_stages2_share0,supervised_nmse_plateau,separator1,12,6,compile,fp32,float32,2,4,ok,,518.599158,20,50,0.6468381,0.01964460013057023,0.628489,0.6411855,0.6752214,0.69867245,0.70882583,0.71433,3091.963815984247,3.091963815984247,641.1854999999999,320.59274999999997,772.9909539960618,510240,503808,1014552,sub-physical,0.03125,0.015625,Intel(R) Xeon(R) 6760P,AVX512,"avx2,avx512f,avx512bw,avx512vl,avx512_vnni,avx512_bf16,amx_bf16,amx_int8,amx_tile,fma",True,True,,,,,,256,128,sh14l07002s1404,3.11.9,2.1.2+cu121
20260428_010731,2026-04-28T07:06:28.604420,cpu,pytorch,separator1_grid_search_6ports_masked_hd128_depth3_stages2_share0,/home/liangyi/SRS_AI/Model_AIIC_refactor/experiments_refactored/20260427_072855_default_6port_separator1_masked_v2/separator1_grid_search_6ports_masked_hd128_depth3_stages2_share0,default_6port_separator1_masked_v2,separator1_grid_search_6ports_masked_hd128_depth3_stages2_share0,supervised_nmse_plateau,separator1,12,6,compile,fp32,float32,2,8,ok,,541.301068,20,50,0.64078634,0.03070903016743446,0.617934,0.6297595,0.6770786,0.69873285,0.7535360699999998,0.789677,3121.165160917756,3.121165160917756,629.7595,314.87975,390.1456451147195,510240,503808,1014552,sub-physical,0.0625,0.03125,Intel(R) Xeon(R) 6760P,AVX512,"avx2,avx512f,avx512bw,avx512vl,avx512_vnni,avx512_bf16,amx_bf16,amx_int8,amx_tile,fma",True,True,,,,,,256,128,sh14l07002s1404,3.11.9,2.1.2+cu121
20260428_010731,2026-04-28T07:06:28.604420,cpu,pytorch,separator1_grid_search_6ports_masked_hd128_depth3_stages2_share0,/home/liangyi/SRS_AI/Model_AIIC_refactor/experiments_refactored/20260427_072855_default_6port_separator1_masked_v2/separator1_grid_search_6ports_masked_hd128_depth3_stages2_share0,default_6port_separator1_masked_v2,separator1_grid_search_6ports_masked_hd128_depth3_stages2_share0,supervised_nmse_plateau,separator1,12,6,compile,fp32,float32,4,1,ok,,503.758017,20,50,0.68788696,0.023270685428633177,0.669392,0.681667,0.694533,0.76158475,0.76678468,0.767259,5814.908891425998,5.814908891425998,681.667,170.41675,5814.908891425998,510240,503808,1014552,single-thread,0.0078125,0.00390625,Intel(R) Xeon(R) 6760P,AVX512,"avx2,avx512f,avx512bw,avx512vl,avx512_vnni,avx512_bf16,amx_bf16,amx_int8,amx_tile,fma",True,True,,,,,,256,128,sh14l07002s1404,3.11.9,2.1.2+cu121
20260428_010731,2026-04-28T07:06:28.604420,cpu,pytorch,separator1_grid_search_6ports_masked_hd128_depth3_stages2_share0,/home/liangyi/SRS_AI/Model_AIIC_refactor/experiments_refactored/20260427_072855_default_6port_separator1_masked_v2/separator1_grid_search_6ports_masked_hd128_depth3_stages2_share0,default_6port_separator1_masked_v2,separator1_grid_search_6ports_masked_hd128_depth3_stages2_share0,supervised_nmse_plateau,separator1,12,6,compile,fp32,float32,4,2,ok,,505.299325,20,50,0.6800159,0.01215479686913772,0.668543,0.6772075,0.685944,0.6899767499999999,0.73163158,0.75077,5882.215401139884,5.882215401139884,677.2075,169.301875,2941.107700569942,510240,503808,1014552,sub-physical,0.015625,0.0078125,Intel(R) Xeon(R) 6760P,AVX512,"avx2,avx512f,avx512bw,avx512vl,avx512_vnni,avx512_bf16,amx_bf16,amx_int8,amx_tile,fma",True,True,,,,,,256,128,sh14l07002s1404,3.11.9,2.1.2+cu121
20260428_010731,2026-04-28T07:06:28.604420,cpu,pytorch,separator1_grid_search_6ports_masked_hd128_depth3_stages2_share0,/home/liangyi/SRS_AI/Model_AIIC_refactor/experiments_refactored/20260427_072855_default_6port_separator1_masked_v2/separator1_grid_search_6ports_masked_hd128_depth3_stages2_share0,default_6port_separator1_masked_v2,separator1_grid_search_6ports_masked_hd128_depth3_stages2_share0,supervised_nmse_plateau,separator1,12,6,compile,fp32,float32,4,4,ok,,522.077945,20,50,0.68116868,0.021228706331229894,0.662918,0.6752290000000001,0.7039864,0.7270034,0.75935559,0.759556,5872.260597771466,5.872260597771466,675.229,168.80725,1468.0651494428664,510240,503808,1014552,sub-physical,0.03125,0.015625,Intel(R) Xeon(R) 6760P,AVX512,"avx2,avx512f,avx512bw,avx512vl,avx512_vnni,avx512_bf16,amx_bf16,amx_int8,amx_tile,fma",True,True,,,,,,256,128,sh14l07002s1404,3.11.9,2.1.2+cu121
20260428_010731,2026-04-28T07:06:28.604420,cpu,pytorch,separator1_grid_search_6ports_masked_hd128_depth3_stages2_share0,/home/liangyi/SRS_AI/Model_AIIC_refactor/experiments_refactored/20260427_072855_default_6port_separator1_masked_v2/separator1_grid_search_6ports_masked_hd128_depth3_stages2_share0,default_6port_separator1_masked_v2,separator1_grid_search_6ports_masked_hd128_depth3_stages2_share0,supervised_nmse_plateau,separator1,12,6,compile,fp32,float32,4,8,ok,,543.514182,20,50,0.70056342,0.019633121688707587,0.681971,0.6959965,0.7296309000000001,0.7421633,0.77030918,0.773944,5709.690066318335,5.709690066318335,695.9965,173.999125,713.7112582897919,510240,503808,1014552,sub-physical,0.0625,0.03125,Intel(R) Xeon(R) 6760P,AVX512,"avx2,avx512f,avx512bw,avx512vl,avx512_vnni,avx512_bf16,amx_bf16,amx_int8,amx_tile,fma",True,True,,,,,,256,128,sh14l07002s1404,3.11.9,2.1.2+cu121
20260428_010731,2026-04-28T07:06:28.604420,cpu,pytorch,separator1_grid_search_6ports_masked_hd128_depth3_stages2_share0,/home/liangyi/SRS_AI/Model_AIIC_refactor/experiments_refactored/20260427_072855_default_6port_separator1_masked_v2/separator1_grid_search_6ports_masked_hd128_depth3_stages2_share0,default_6port_separator1_masked_v2,separator1_grid_search_6ports_masked_hd128_depth3_stages2_share0,supervised_nmse_plateau,separator1,12,6,compile,fp32,float32,8,1,ok,,499.76148,20,50,0.76198806,0.042233615950998074,0.733442,0.7472650000000001,0.8272573,0.8887915,0.8944796399999999,0.896226,10498.852173615423,10.498852173615424,747.2650000000001,93.40812500000001,10498.852173615423,510240,503808,1014552,single-thread,0.0078125,0.00390625,Intel(R) Xeon(R) 6760P,AVX512,"avx2,avx512f,avx512bw,avx512vl,avx512_vnni,avx512_bf16,amx_bf16,amx_int8,amx_tile,fma",True,True,,,,,,256,128,sh14l07002s1404,3.11.9,2.1.2+cu121
20260428_010731,2026-04-28T07:06:28.604420,cpu,pytorch,separator1_grid_search_6ports_masked_hd128_depth3_stages2_share0,/home/liangyi/SRS_AI/Model_AIIC_refactor/experiments_refactored/20260427_072855_default_6port_separator1_masked_v2/separator1_grid_search_6ports_masked_hd128_depth3_stages2_share0,default_6port_separator1_masked_v2,separator1_grid_search_6ports_masked_hd128_depth3_stages2_share0,supervised_nmse_plateau,separator1,12,6,compile,fp32,float32,8,2,ok,,515.089287,20,50,0.7596586,0.04966574010442208,0.727752,0.7430114999999999,0.8687491,0.8936012,0.90443929,0.907369,10531.046446390525,10.531046446390524,743.0115,92.8764375,5265.523223195262,510240,503808,1014552,sub-physical,0.015625,0.0078125,Intel(R) Xeon(R) 6760P,AVX512,"avx2,avx512f,avx512bw,avx512vl,avx512_vnni,avx512_bf16,amx_bf16,amx_int8,amx_tile,fma",True,True,,,,,,256,128,sh14l07002s1404,3.11.9,2.1.2+cu121
20260428_010731,2026-04-28T07:06:28.604420,cpu,pytorch,separator1_grid_search_6ports_masked_hd128_depth3_stages2_share0,/home/liangyi/SRS_AI/Model_AIIC_refactor/experiments_refactored/20260427_072855_default_6port_separator1_masked_v2/separator1_grid_search_6ports_masked_hd128_depth3_stages2_share0,default_6port_separator1_masked_v2,separator1_grid_search_6ports_masked_hd128_depth3_stages2_share0,supervised_nmse_plateau,separator1,12,6,compile,fp32,float32,8,4,ok,,507.196385,20,50,0.68124178,0.032840921199192935,0.658301,0.670634,0.702806,0.78502385,0.7901514,0.79169,11743.260960888218,11.743260960888218,670.6339999999999,83.82924999999999,2935.8152402220544,510240,503808,1014552,sub-physical,0.03125,0.015625,Intel(R) Xeon(R) 6760P,AVX512,"avx2,avx512f,avx512bw,avx512vl,avx512_vnni,avx512_bf16,amx_bf16,amx_int8,amx_tile,fma",True,True,,,,,,256,128,sh14l07002s1404,3.11.9,2.1.2+cu121
20260428_010731,2026-04-28T07:06:28.604420,cpu,pytorch,separator1_grid_search_6ports_masked_hd128_depth3_stages2_share0,/home/liangyi/SRS_AI/Model_AIIC_refactor/experiments_refactored/20260427_072855_default_6port_separator1_masked_v2/separator1_grid_search_6ports_masked_hd128_depth3_stages2_share0,default_6port_separator1_masked_v2,separator1_grid_search_6ports_masked_hd128_depth3_stages2_share0,supervised_nmse_plateau,separator1,12,6,compile,fp32,float32,8,8,ok,,545.307263,20,50,0.75161964,0.04718097646033197,0.723924,0.7358925000000001,0.7746556000000002,0.8900536,0.89614395,0.898616,10643.681423758431,10.643681423758432,735.8925,91.9865625,1330.460177969804,510240,503808,1014552,sub-physical,0.0625,0.03125,Intel(R) Xeon(R) 6760P,AVX512,"avx2,avx512f,avx512bw,avx512vl,avx512_vnni,avx512_bf16,amx_bf16,amx_int8,amx_tile,fma",True,True,,,,,,256,128,sh14l07002s1404,3.11.9,2.1.2+cu121
20260428_010731,2026-04-28T07:06:28.604420,cpu,pytorch,separator1_grid_search_6ports_masked_hd128_depth3_stages2_share0,/home/liangyi/SRS_AI/Model_AIIC_refactor/experiments_refactored/20260427_072855_default_6port_separator1_masked_v2/separator1_grid_search_6ports_masked_hd128_depth3_stages2_share0,default_6port_separator1_masked_v2,separator1_grid_search_6ports_masked_hd128_depth3_stages2_share0,supervised_nmse_plateau,separator1,12,6,compile,fp32,float32,16,1,ok,,489.563543,20,50,0.81567424,0.04491746594925409,0.78875,0.8024709999999999,0.8272333000000002,0.9361763999999999,0.98037389,0.997053,19615.67402202134,19.615674022021338,802.4709999999999,50.15443749999999,19615.67402202134,510240,503808,1014552,single-thread,0.0078125,0.00390625,Intel(R) Xeon(R) 6760P,AVX512,"avx2,avx512f,avx512bw,avx512vl,avx512_vnni,avx512_bf16,amx_bf16,amx_int8,amx_tile,fma",True,True,,,,,,256,128,sh14l07002s1404,3.11.9,2.1.2+cu121
20260428_010731,2026-04-28T07:06:28.604420,cpu,pytorch,separator1_grid_search_6ports_masked_hd128_depth3_stages2_share0,/home/liangyi/SRS_AI/Model_AIIC_refactor/experiments_refactored/20260427_072855_default_6port_separator1_masked_v2/separator1_grid_search_6ports_masked_hd128_depth3_stages2_share0,default_6port_separator1_masked_v2,separator1_grid_search_6ports_masked_hd128_depth3_stages2_share0,supervised_nmse_plateau,separator1,12,6,compile,fp32,float32,16,2,ok,,509.622786,20,50,0.7917562,0.02624423121525948,0.769398,0.785889,0.7982623,0.80910655,0.9106446499999998,0.941326,20208.240870106227,20.208240870106227,785.8889999999999,49.11806249999999,10104.120435053113,510240,503808,1014552,sub-physical,0.015625,0.0078125,Intel(R) Xeon(R) 6760P,AVX512,"avx2,avx512f,avx512bw,avx512vl,avx512_vnni,avx512_bf16,amx_bf16,amx_int8,amx_tile,fma",True,True,,,,,,256,128,sh14l07002s1404,3.11.9,2.1.2+cu121
20260428_010731,2026-04-28T07:06:28.604420,cpu,pytorch,separator1_grid_search_6ports_masked_hd128_depth3_stages2_share0,/home/liangyi/SRS_AI/Model_AIIC_refactor/experiments_refactored/20260427_072855_default_6port_separator1_masked_v2/separator1_grid_search_6ports_masked_hd128_depth3_stages2_share0,default_6port_separator1_masked_v2,separator1_grid_search_6ports_masked_hd128_depth3_stages2_share0,supervised_nmse_plateau,separator1,12,6,compile,fp32,float32,16,4,ok,,513.336757,20,50,0.74322778,0.013911607684649538,0.724466,0.7400895000000001,0.7614948,0.77157745,0.7771504100000001,0.779939,21527.720613457157,21.527720613457156,740.0895,46.25559375,5381.930153364289,510240,503808,1014552,sub-physical,0.03125,0.015625,Intel(R) Xeon(R) 6760P,AVX512,"avx2,avx512f,avx512bw,avx512vl,avx512_vnni,avx512_bf16,amx_bf16,amx_int8,amx_tile,fma",True,True,,,,,,256,128,sh14l07002s1404,3.11.9,2.1.2+cu121
20260428_010731,2026-04-28T07:06:28.604420,cpu,pytorch,separator1_grid_search_6ports_masked_hd128_depth3_stages2_share0,/home/liangyi/SRS_AI/Model_AIIC_refactor/experiments_refactored/20260427_072855_default_6port_separator1_masked_v2/separator1_grid_search_6ports_masked_hd128_depth3_stages2_share0,default_6port_separator1_masked_v2,separator1_grid_search_6ports_masked_hd128_depth3_stages2_share0,supervised_nmse_plateau,separator1,12,6,compile,fp32,float32,16,8,ok,,544.459034,20,50,0.74561278,0.014062368982913229,0.724275,0.739784,0.7681173,0.77493245,0.7789897299999999,0.779785,21458.859650983984,21.458859650983985,739.784,46.2365,2682.357456372998,510240,503808,1014552,sub-physical,0.0625,0.03125,Intel(R) Xeon(R) 6760P,AVX512,"avx2,avx512f,avx512bw,avx512vl,avx512_vnni,avx512_bf16,amx_bf16,amx_int8,amx_tile,fma",True,True,,,,,,256,128,sh14l07002s1404,3.11.9,2.1.2+cu121
20260428_010731,2026-04-28T07:06:28.604420,cpu,pytorch,separator1_grid_search_6ports_masked_hd128_depth3_stages2_share0,/home/liangyi/SRS_AI/Model_AIIC_refactor/experiments_refactored/20260427_072855_default_6port_separator1_masked_v2/separator1_grid_search_6ports_masked_hd128_depth3_stages2_share0,default_6port_separator1_masked_v2,separator1_grid_search_6ports_masked_hd128_depth3_stages2_share0,supervised_nmse_plateau,separator1,12,6,compile,fp32,float32,32,1,ok,,493.623976,20,50,0.94531698,0.047368667797391135,0.909042,0.924244,1.025145,1.0466575,1.0920617799999999,1.092639,33851.07924328197,33.85107924328197,924.2439999999999,28.882624999999997,33851.07924328197,510240,503808,1014552,single-thread,0.0078125,0.00390625,Intel(R) Xeon(R) 6760P,AVX512,"avx2,avx512f,avx512bw,avx512vl,avx512_vnni,avx512_bf16,amx_bf16,amx_int8,amx_tile,fma",True,True,,,,,,256,128,sh14l07002s1404,3.11.9,2.1.2+cu121
20260428_010731,2026-04-28T07:06:28.604420,cpu,pytorch,separator1_grid_search_6ports_masked_hd128_depth3_stages2_share0,/home/liangyi/SRS_AI/Model_AIIC_refactor/experiments_refactored/20260427_072855_default_6port_separator1_masked_v2/separator1_grid_search_6ports_masked_hd128_depth3_stages2_share0,default_6port_separator1_masked_v2,separator1_grid_search_6ports_masked_hd128_depth3_stages2_share0,supervised_nmse_plateau,separator1,12,6,compile,fp32,float32,32,2,ok,,517.204511,20,50,0.95273136,0.03714727674043416,0.922481,0.9430875000000001,0.9655951,1.04163485,1.09379628,1.102875,33587.64216599315,33.58764216599315,943.0875000000001,29.471484375000003,16793.821082996576,510240,503808,1014552,sub-physical,0.015625,0.0078125,Intel(R) Xeon(R) 6760P,AVX512,"avx2,avx512f,avx512bw,avx512vl,avx512_vnni,avx512_bf16,amx_bf16,amx_int8,amx_tile,fma",True,True,,,,,,256,128,sh14l07002s1404,3.11.9,2.1.2+cu121
20260428_010731,2026-04-28T07:06:28.604420,cpu,pytorch,separator1_grid_search_6ports_masked_hd128_depth3_stages2_share0,/home/liangyi/SRS_AI/Model_AIIC_refactor/experiments_refactored/20260427_072855_default_6port_separator1_masked_v2/separator1_grid_search_6ports_masked_hd128_depth3_stages2_share0,default_6port_separator1_masked_v2,separator1_grid_search_6ports_masked_hd128_depth3_stages2_share0,supervised_nmse_plateau,separator1,12,6,compile,fp32,float32,32,4,ok,,508.450979,20,50,0.87672174,0.014382520656421809,0.856169,0.8743615,0.8935705,0.89586055,0.9189662799999999,0.93613,36499.60818811223,36.49960818811223,874.3615,27.323796875,9124.902047028057,510240,503808,1014552,sub-physical,0.03125,0.015625,Intel(R) Xeon(R) 6760P,AVX512,"avx2,avx512f,avx512bw,avx512vl,avx512_vnni,avx512_bf16,amx_bf16,amx_int8,amx_tile,fma",True,True,,,,,,256,128,sh14l07002s1404,3.11.9,2.1.2+cu121
20260428_010731,2026-04-28T07:06:28.604420,cpu,pytorch,separator1_grid_search_6ports_masked_hd128_depth3_stages2_share0,/home/liangyi/SRS_AI/Model_AIIC_refactor/experiments_refactored/20260427_072855_default_6port_separator1_masked_v2/separator1_grid_search_6ports_masked_hd128_depth3_stages2_share0,default_6port_separator1_masked_v2,separator1_grid_search_6ports_masked_hd128_depth3_stages2_share0,supervised_nmse_plateau,separator1,12,6,compile,fp32,float32,32,8,ok,,540.859518,20,50,0.86945156,0.020454082858109283,0.85059,0.8629899999999999,0.8870665,0.8898595,0.9422938899999999,0.982444,36804.810609575536,36.80481060957553,862.9899999999999,26.968437499999997,4600.601326196942,510240,503808,1014552,sub-physical,0.0625,0.03125,Intel(R) Xeon(R) 6760P,AVX512,"avx2,avx512f,avx512bw,avx512vl,avx512_vnni,avx512_bf16,amx_bf16,amx_int8,amx_tile,fma",True,True,,,,,,256,128,sh14l07002s1404,3.11.9,2.1.2+cu121
20260428_010731,2026-04-28T07:06:28.604420,cpu,pytorch,separator1_grid_search_6ports_masked_hd128_depth3_stages2_share0,/home/liangyi/SRS_AI/Model_AIIC_refactor/experiments_refactored/20260427_072855_default_6port_separator1_masked_v2/separator1_grid_search_6ports_masked_hd128_depth3_stages2_share0,default_6port_separator1_masked_v2,separator1_grid_search_6ports_masked_hd128_depth3_stages2_share0,supervised_nmse_plateau,separator1,12,6,compile,fp32,float32,64,1,ok,,503.386982,20,50,1.16121688,0.056078897055002776,1.128309,1.1401724999999998,1.2575004,1.3038671499999999,1.33389919,1.339764,55114.59668068208,55.11459668068208,1140.1725,17.8151953125,55114.59668068208,510240,503808,1014552,single-thread,0.0078125,0.00390625,Intel(R) Xeon(R) 6760P,AVX512,"avx2,avx512f,avx512bw,avx512vl,avx512_vnni,avx512_bf16,amx_bf16,amx_int8,amx_tile,fma",True,True,,,,,,256,128,sh14l07002s1404,3.11.9,2.1.2+cu121
20260428_010731,2026-04-28T07:06:28.604420,cpu,pytorch,separator1_grid_search_6ports_masked_hd128_depth3_stages2_share0,/home/liangyi/SRS_AI/Model_AIIC_refactor/experiments_refactored/20260427_072855_default_6port_separator1_masked_v2/separator1_grid_search_6ports_masked_hd128_depth3_stages2_share0,default_6port_separator1_masked_v2,separator1_grid_search_6ports_masked_hd128_depth3_stages2_share0,supervised_nmse_plateau,separator1,12,6,compile,fp32,float32,64,2,ok,,504.524681,20,50,1.48875028,0.03445299557428353,1.446507,1.478981,1.5351902000000002,1.55059865,1.5866619999999998,1.615425,42989.07671741966,42.98907671741966,1478.981,23.109078125,21494.53835870983,510240,503808,1014552,sub-physical,0.015625,0.0078125,Intel(R) Xeon(R) 6760P,AVX512,"avx2,avx512f,avx512bw,avx512vl,avx512_vnni,avx512_bf16,amx_bf16,amx_int8,amx_tile,fma",True,True,,,,,,256,128,sh14l07002s1404,3.11.9,2.1.2+cu121
20260428_010731,2026-04-28T07:06:28.604420,cpu,pytorch,separator1_grid_search_6ports_masked_hd128_depth3_stages2_share0,/home/liangyi/SRS_AI/Model_AIIC_refactor/experiments_refactored/20260427_072855_default_6port_separator1_masked_v2/separator1_grid_search_6ports_masked_hd128_depth3_stages2_share0,default_6port_separator1_masked_v2,separator1_grid_search_6ports_masked_hd128_depth3_stages2_share0,supervised_nmse_plateau,separator1,12,6,compile,fp32,float32,64,4,ok,,511.640863,20,50,1.19920214,0.018113014028603866,1.161455,1.1961515,1.2120342,1.2149072,1.25855396,1.297948,53368.8173705227,53.3688173705227,1196.1515,18.6898671875,13342.204342630675,510240,503808,1014552,sub-physical,0.03125,0.015625,Intel(R) Xeon(R) 6760P,AVX512,"avx2,avx512f,avx512bw,avx512vl,avx512_vnni,avx512_bf16,amx_bf16,amx_int8,amx_tile,fma",True,True,,,,,,256,128,sh14l07002s1404,3.11.9,2.1.2+cu121
20260428_010731,2026-04-28T07:06:28.604420,cpu,pytorch,separator1_grid_search_6ports_masked_hd128_depth3_stages2_share0,/home/liangyi/SRS_AI/Model_AIIC_refactor/experiments_refactored/20260427_072855_default_6port_separator1_masked_v2/separator1_grid_search_6ports_masked_hd128_depth3_stages2_share0,default_6port_separator1_masked_v2,separator1_grid_search_6ports_masked_hd128_depth3_stages2_share0,supervised_nmse_plateau,separator1,12,6,compile,fp32,float32,64,8,ok,,534.835536,20,50,1.11166556,0.015888597422252217,1.08605,1.1100955,1.1300604,1.13932105,1.15724587,1.159665,57571.271705134044,57.571271705134045,1110.0955,17.3452421875,7196.4089631417555,510240,503808,1014552,sub-physical,0.0625,0.03125,Intel(R) Xeon(R) 6760P,AVX512,"avx2,avx512f,avx512bw,avx512vl,avx512_vnni,avx512_bf16,amx_bf16,amx_int8,amx_tile,fma",True,True,,,,,,256,128,sh14l07002s1404,3.11.9,2.1.2+cu121
20260428_010731,2026-04-28T07:06:28.604420,cpu,pytorch,separator1_grid_search_6ports_masked_hd128_depth3_stages2_share0,/home/liangyi/SRS_AI/Model_AIIC_refactor/experiments_refactored/20260427_072855_default_6port_separator1_masked_v2/separator1_grid_search_6ports_masked_hd128_depth3_stages2_share0,default_6port_separator1_masked_v2,separator1_grid_search_6ports_masked_hd128_depth3_stages2_share0,supervised_nmse_plateau,separator1,12,6,compile,fp32,float32,128,1,ok,,503.407409,20,50,1.5922843,0.047954092170429,1.543646,1.5656189999999999,1.6699391000000001,1.69026005,1.70397247,1.707842,80387.65439061353,80.38765439061353,1565.619,12.2313984375,80387.65439061353,510240,503808,1014552,single-thread,0.0078125,0.00390625,Intel(R) Xeon(R) 6760P,AVX512,"avx2,avx512f,avx512bw,avx512vl,avx512_vnni,avx512_bf16,amx_bf16,amx_int8,amx_tile,fma",True,True,,,,,,256,128,sh14l07002s1404,3.11.9,2.1.2+cu121
20260428_010731,2026-04-28T07:06:28.604420,cpu,pytorch,separator1_grid_search_6ports_masked_hd128_depth3_stages2_share0,/home/liangyi/SRS_AI/Model_AIIC_refactor/experiments_refactored/20260427_072855_default_6port_separator1_masked_v2/separator1_grid_search_6ports_masked_hd128_depth3_stages2_share0,default_6port_separator1_masked_v2,separator1_grid_search_6ports_masked_hd128_depth3_stages2_share0,supervised_nmse_plateau,separator1,12,6,compile,fp32,float32,128,2,ok,,522.989098,20,50,1.83743174,0.029205588520562306,1.784801,1.836595,1.877181,1.8864115000000001,1.89537545,1.899979,69662.45178718858,69.66245178718857,1836.595,14.3483984375,34831.22589359429,510240,503808,1014552,sub-physical,0.015625,0.0078125,Intel(R) Xeon(R) 6760P,AVX512,"avx2,avx512f,avx512bw,avx512vl,avx512_vnni,avx512_bf16,amx_bf16,amx_int8,amx_tile,fma",True,True,,,,,,256,128,sh14l07002s1404,3.11.9,2.1.2+cu121
20260428_010731,2026-04-28T07:06:28.604420,cpu,pytorch,separator1_grid_search_6ports_masked_hd128_depth3_stages2_share0,/home/liangyi/SRS_AI/Model_AIIC_refactor/experiments_refactored/20260427_072855_default_6port_separator1_masked_v2/separator1_grid_search_6ports_masked_hd128_depth3_stages2_share0,default_6port_separator1_masked_v2,separator1_grid_search_6ports_masked_hd128_depth3_stages2_share0,supervised_nmse_plateau,separator1,12,6,compile,fp32,float32,128,4,ok,,512.587594,20,50,1.89650568,0.03483617076283786,1.835577,1.8932069999999999,1.9383449,1.95308045,1.98018049,1.991695,67492.54766270987,67.49254766270987,1893.2069999999999,14.790679687499999,16873.136915677467,510240,503808,1014552,sub-physical,0.03125,0.015625,Intel(R) Xeon(R) 6760P,AVX512,"avx2,avx512f,avx512bw,avx512vl,avx512_vnni,avx512_bf16,amx_bf16,amx_int8,amx_tile,fma",True,True,,,,,,256,128,sh14l07002s1404,3.11.9,2.1.2+cu121
20260428_010731,2026-04-28T07:06:28.604420,cpu,pytorch,separator1_grid_search_6ports_masked_hd128_depth3_stages2_share0,/home/liangyi/SRS_AI/Model_AIIC_refactor/experiments_refactored/20260427_072855_default_6port_separator1_masked_v2/separator1_grid_search_6ports_masked_hd128_depth3_stages2_share0,default_6port_separator1_masked_v2,separator1_grid_search_6ports_masked_hd128_depth3_stages2_share0,supervised_nmse_plateau,separator1,12,6,compile,fp32,float32,128,8,ok,,538.082247,20,50,1.6692375,0.021215602932040382,1.62822,1.6677015,1.6919602,1.7064863,1.73269353,1.750041,76681.71844929196,76.68171844929196,1667.7015,13.02891796875,9585.214806161495,510240,503808,1014552,sub-physical,0.0625,0.03125,Intel(R) Xeon(R) 6760P,AVX512,"avx2,avx512f,avx512bw,avx512vl,avx512_vnni,avx512_bf16,amx_bf16,amx_int8,amx_tile,fma",True,True,,,,,,256,128,sh14l07002s1404,3.11.9,2.1.2+cu121
20260428_010731,2026-04-28T07:06:28.604420,cpu,pytorch,separator1_grid_search_6ports_masked_hd128_depth3_stages2_share0,/home/liangyi/SRS_AI/Model_AIIC_refactor/experiments_refactored/20260427_072855_default_6port_separator1_masked_v2/separator1_grid_search_6ports_masked_hd128_depth3_stages2_share0,default_6port_separator1_masked_v2,separator1_grid_search_6ports_masked_hd128_depth3_stages2_share0,supervised_nmse_plateau,separator1,12,6,compile,bf16,bfloat16,1,1,ok,,491.558306,20,50,0.92082402,0.02817100380993904,0.902146,0.9150985,0.9225401999999999,0.9467828499999998,1.04643732,1.087466,1085.9838343487174,1.0859838343487174,915.0985000000001,915.0985000000001,1085.9838343487174,510240,503808,1014552,single-thread,0.0078125,0.00390625,Intel(R) Xeon(R) 6760P,AVX512,"avx2,avx512f,avx512bw,avx512vl,avx512_vnni,avx512_bf16,amx_bf16,amx_int8,amx_tile,fma",True,True,,,,,,256,128,sh14l07002s1404,3.11.9,2.1.2+cu121
20260428_010731,2026-04-28T07:06:28.604420,cpu,pytorch,separator1_grid_search_6ports_masked_hd128_depth3_stages2_share0,/home/liangyi/SRS_AI/Model_AIIC_refactor/experiments_refactored/20260427_072855_default_6port_separator1_masked_v2/separator1_grid_search_6ports_masked_hd128_depth3_stages2_share0,default_6port_separator1_masked_v2,separator1_grid_search_6ports_masked_hd128_depth3_stages2_share0,supervised_nmse_plateau,separator1,12,6,compile,bf16,bfloat16,1,2,ok,,503.895844,20,50,0.94177538,0.05391513764014334,0.91465,0.925988,0.9679831,0.9834221,1.1623588299999996,1.287619,1061.8243173865937,1.0618243173865938,925.988,925.988,530.9121586932969,510240,503808,1014552,sub-physical,0.015625,0.0078125,Intel(R) Xeon(R) 6760P,AVX512,"avx2,avx512f,avx512bw,avx512vl,avx512_vnni,avx512_bf16,amx_bf16,amx_int8,amx_tile,fma",True,True,,,,,,256,128,sh14l07002s1404,3.11.9,2.1.2+cu121
20260428_010731,2026-04-28T07:06:28.604420,cpu,pytorch,separator1_grid_search_6ports_masked_hd128_depth3_stages2_share0,/home/liangyi/SRS_AI/Model_AIIC_refactor/experiments_refactored/20260427_072855_default_6port_separator1_masked_v2/separator1_grid_search_6ports_masked_hd128_depth3_stages2_share0,default_6port_separator1_masked_v2,separator1_grid_search_6ports_masked_hd128_depth3_stages2_share0,supervised_nmse_plateau,separator1,12,6,compile,bf16,bfloat16,1,4,ok,,512.303059,20,50,0.9308133,0.027428801772042464,0.912212,0.925367,0.9360874,0.9631043499999998,1.0457668199999999,1.095934,1074.3292989045171,1.0743292989045172,925.3670000000001,925.3670000000001,268.5823247261293,510240,503808,1014552,sub-physical,0.03125,0.015625,Intel(R) Xeon(R) 6760P,AVX512,"avx2,avx512f,avx512bw,avx512vl,avx512_vnni,avx512_bf16,amx_bf16,amx_int8,amx_tile,fma",True,True,,,,,,256,128,sh14l07002s1404,3.11.9,2.1.2+cu121
20260428_010731,2026-04-28T07:06:28.604420,cpu,pytorch,separator1_grid_search_6ports_masked_hd128_depth3_stages2_share0,/home/liangyi/SRS_AI/Model_AIIC_refactor/experiments_refactored/20260427_072855_default_6port_separator1_masked_v2/separator1_grid_search_6ports_masked_hd128_depth3_stages2_share0,default_6port_separator1_masked_v2,separator1_grid_search_6ports_masked_hd128_depth3_stages2_share0,supervised_nmse_plateau,separator1,12,6,compile,bf16,bfloat16,1,8,ok,,501.026078,20,50,0.95400016,0.01682607271392821,0.93825,0.9498705000000001,0.9607739,1.00088865,1.0140853799999998,1.014104,1048.2178535483683,1.0482178535483684,949.8705000000001,949.8705000000001,131.02723169354604,510240,503808,1014552,sub-physical,0.0625,0.03125,Intel(R) Xeon(R) 6760P,AVX512,"avx2,avx512f,avx512bw,avx512vl,avx512_vnni,avx512_bf16,amx_bf16,amx_int8,amx_tile,fma",True,True,,,,,,256,128,sh14l07002s1404,3.11.9,2.1.2+cu121
20260428_010731,2026-04-28T07:06:28.604420,cpu,pytorch,separator1_grid_search_6ports_masked_hd128_depth3_stages2_share0,/home/liangyi/SRS_AI/Model_AIIC_refactor/experiments_refactored/20260427_072855_default_6port_separator1_masked_v2/separator1_grid_search_6ports_masked_hd128_depth3_stages2_share0,default_6port_separator1_masked_v2,separator1_grid_search_6ports_masked_hd128_depth3_stages2_share0,supervised_nmse_plateau,separator1,12,6,compile,bf16,bfloat16,2,1,ok,,494.812487,20,50,1.23482268,0.02899771996032792,1.200247,1.2302415,1.2500593,1.2589092499999999,1.3444793199999998,1.401531,1619.6657482837943,1.6196657482837944,1230.2415,615.12075,1619.6657482837943,510240,503808,1014552,single-thread,0.0078125,0.00390625,Intel(R) Xeon(R) 6760P,AVX512,"avx2,avx512f,avx512bw,avx512vl,avx512_vnni,avx512_bf16,amx_bf16,amx_int8,amx_tile,fma",True,True,,,,,,256,128,sh14l07002s1404,3.11.9,2.1.2+cu121
20260428_010731,2026-04-28T07:06:28.604420,cpu,pytorch,separator1_grid_search_6ports_masked_hd128_depth3_stages2_share0,/home/liangyi/SRS_AI/Model_AIIC_refactor/experiments_refactored/20260427_072855_default_6port_separator1_masked_v2/separator1_grid_search_6ports_masked_hd128_depth3_stages2_share0,default_6port_separator1_masked_v2,separator1_grid_search_6ports_masked_hd128_depth3_stages2_share0,supervised_nmse_plateau,separator1,12,6,compile,bf16,bfloat16,2,2,ok,,502.346339,20,50,1.28474948,0.04389498875326886,1.254485,1.271811,1.2998725000000002,1.3498817499999998,1.4708766799999997,1.521429,1556.7237279597884,1.5567237279597885,1271.811,635.9055,778.3618639798942,510240,503808,1014552,sub-physical,0.015625,0.0078125,Intel(R) Xeon(R) 6760P,AVX512,"avx2,avx512f,avx512bw,avx512vl,avx512_vnni,avx512_bf16,amx_bf16,amx_int8,amx_tile,fma",True,True,,,,,,256,128,sh14l07002s1404,3.11.9,2.1.2+cu121
20260428_010731,2026-04-28T07:06:28.604420,cpu,pytorch,separator1_grid_search_6ports_masked_hd128_depth3_stages2_share0,/home/liangyi/SRS_AI/Model_AIIC_refactor/experiments_refactored/20260427_072855_default_6port_separator1_masked_v2/separator1_grid_search_6ports_masked_hd128_depth3_stages2_share0,default_6port_separator1_masked_v2,separator1_grid_search_6ports_masked_hd128_depth3_stages2_share0,supervised_nmse_plateau,separator1,12,6,compile,bf16,bfloat16,2,4,ok,,508.586046,20,50,1.3339411,0.046545777733861114,1.290514,1.3202375,1.3687873,1.42114555,1.5078362499999998,1.577012,1499.316574022646,1.499316574022646,1320.2375,660.11875,374.8291435056615,510240,503808,1014552,sub-physical,0.03125,0.015625,Intel(R) Xeon(R) 6760P,AVX512,"avx2,avx512f,avx512bw,avx512vl,avx512_vnni,avx512_bf16,amx_bf16,amx_int8,amx_tile,fma",True,True,,,,,,256,128,sh14l07002s1404,3.11.9,2.1.2+cu121
20260428_010731,2026-04-28T07:06:28.604420,cpu,pytorch,separator1_grid_search_6ports_masked_hd128_depth3_stages2_share0,/home/liangyi/SRS_AI/Model_AIIC_refactor/experiments_refactored/20260427_072855_default_6port_separator1_masked_v2/separator1_grid_search_6ports_masked_hd128_depth3_stages2_share0,default_6port_separator1_masked_v2,separator1_grid_search_6ports_masked_hd128_depth3_stages2_share0,supervised_nmse_plateau,separator1,12,6,compile,bf16,bfloat16,2,8,ok,,505.494647,20,50,1.3143327,0.02433661009035564,1.281161,1.3105465,1.3280324000000001,1.33405335,1.4111929799999998,1.452205,1521.6847302056776,1.5216847302056775,1310.5465000000002,655.2732500000001,190.2105912757097,510240,503808,1014552,sub-physical,0.0625,0.03125,Intel(R) Xeon(R) 6760P,AVX512,"avx2,avx512f,avx512bw,avx512vl,avx512_vnni,avx512_bf16,amx_bf16,amx_int8,amx_tile,fma",True,True,,,,,,256,128,sh14l07002s1404,3.11.9,2.1.2+cu121
20260428_010731,2026-04-28T07:06:28.604420,cpu,pytorch,separator1_grid_search_6ports_masked_hd128_depth3_stages2_share0,/home/liangyi/SRS_AI/Model_AIIC_refactor/experiments_refactored/20260427_072855_default_6port_separator1_masked_v2/separator1_grid_search_6ports_masked_hd128_depth3_stages2_share0,default_6port_separator1_masked_v2,separator1_grid_search_6ports_masked_hd128_depth3_stages2_share0,supervised_nmse_plateau,separator1,12,6,compile,bf16,bfloat16,4,1,ok,,496.277503,20,50,1.6092743600000001,0.04182969975448544,1.566613,1.5981505,1.6253805,1.7175744499999999,1.76482585,1.771164,2485.592326220869,2.485592326220869,1598.1505,399.537625,2485.592326220869,510240,503808,1014552,single-thread,0.0078125,0.00390625,Intel(R) Xeon(R) 6760P,AVX512,"avx2,avx512f,avx512bw,avx512vl,avx512_vnni,avx512_bf16,amx_bf16,amx_int8,amx_tile,fma",True,True,,,,,,256,128,sh14l07002s1404,3.11.9,2.1.2+cu121
20260428_010731,2026-04-28T07:06:28.604420,cpu,pytorch,separator1_grid_search_6ports_masked_hd128_depth3_stages2_share0,/home/liangyi/SRS_AI/Model_AIIC_refactor/experiments_refactored/20260427_072855_default_6port_separator1_masked_v2/separator1_grid_search_6ports_masked_hd128_depth3_stages2_share0,default_6port_separator1_masked_v2,separator1_grid_search_6ports_masked_hd128_depth3_stages2_share0,supervised_nmse_plateau,separator1,12,6,compile,bf16,bfloat16,4,2,ok,,503.125231,20,50,1.8132691,0.0789892721625538,1.732865,1.8006115,1.8935912,1.92764515,2.078959459999999,2.205745,2205.960494225595,2.2059604942255953,1800.6115,450.152875,1102.9802471127975,510240,503808,1014552,sub-physical,0.015625,0.0078125,Intel(R) Xeon(R) 6760P,AVX512,"avx2,avx512f,avx512bw,avx512vl,avx512_vnni,avx512_bf16,amx_bf16,amx_int8,amx_tile,fma",True,True,,,,,,256,128,sh14l07002s1404,3.11.9,2.1.2+cu121
20260428_010731,2026-04-28T07:06:28.604420,cpu,pytorch,separator1_grid_search_6ports_masked_hd128_depth3_stages2_share0,/home/liangyi/SRS_AI/Model_AIIC_refactor/experiments_refactored/20260427_072855_default_6port_separator1_masked_v2/separator1_grid_search_6ports_masked_hd128_depth3_stages2_share0,default_6port_separator1_masked_v2,separator1_grid_search_6ports_masked_hd128_depth3_stages2_share0,supervised_nmse_plateau,separator1,12,6,compile,bf16,bfloat16,4,4,ok,,501.447569,20,50,1.76865638,0.025583001536090312,1.718101,1.7662645000000001,1.800921,1.80500635,1.84629966,1.882249,2261.603805709281,2.261603805709281,1766.2645000000002,441.56612500000006,565.4009514273203,510240,503808,1014552,sub-physical,0.03125,0.015625,Intel(R) Xeon(R) 6760P,AVX512,"avx2,avx512f,avx512bw,avx512vl,avx512_vnni,avx512_bf16,amx_bf16,amx_int8,amx_tile,fma",True,True,,,,,,256,128,sh14l07002s1404,3.11.9,2.1.2+cu121
20260428_010731,2026-04-28T07:06:28.604420,cpu,pytorch,separator1_grid_search_6ports_masked_hd128_depth3_stages2_share0,/home/liangyi/SRS_AI/Model_AIIC_refactor/experiments_refactored/20260427_072855_default_6port_separator1_masked_v2/separator1_grid_search_6ports_masked_hd128_depth3_stages2_share0,default_6port_separator1_masked_v2,separator1_grid_search_6ports_masked_hd128_depth3_stages2_share0,supervised_nmse_plateau,separator1,12,6,compile,bf16,bfloat16,4,8,ok,,506.26221,20,50,1.83751234,0.02657426021518567,1.793495,1.8344435,1.8648109000000002,1.8767627,1.9131356899999998,1.937449,2176.8561293035996,2.1768561293035997,1834.4434999999999,458.61087499999996,272.10701616294995,510240,503808,1014552,sub-physical,0.0625,0.03125,Intel(R) Xeon(R) 6760P,AVX512,"avx2,avx512f,avx512bw,avx512vl,avx512_vnni,avx512_bf16,amx_bf16,amx_int8,amx_tile,fma",True,True,,,,,,256,128,sh14l07002s1404,3.11.9,2.1.2+cu121
20260428_010731,2026-04-28T07:06:28.604420,cpu,pytorch,separator1_grid_search_6ports_masked_hd128_depth3_stages2_share0,/home/liangyi/SRS_AI/Model_AIIC_refactor/experiments_refactored/20260427_072855_default_6port_separator1_masked_v2/separator1_grid_search_6ports_masked_hd128_depth3_stages2_share0,default_6port_separator1_masked_v2,separator1_grid_search_6ports_masked_hd128_depth3_stages2_share0,supervised_nmse_plateau,separator1,12,6,compile,bf16,bfloat16,8,1,ok,,495.382069,20,50,1.5580812,0.030998368231892476,1.516196,1.5496625,1.5853082,1.61519245,1.67309662,1.694295,5134.52058852902,5.1345205885290195,1549.6625,193.7078125,5134.52058852902,510240,503808,1014552,single-thread,0.0078125,0.00390625,Intel(R) Xeon(R) 6760P,AVX512,"avx2,avx512f,avx512bw,avx512vl,avx512_vnni,avx512_bf16,amx_bf16,amx_int8,amx_tile,fma",True,True,,,,,,256,128,sh14l07002s1404,3.11.9,2.1.2+cu121
20260428_010731,2026-04-28T07:06:28.604420,cpu,pytorch,separator1_grid_search_6ports_masked_hd128_depth3_stages2_share0,/home/liangyi/SRS_AI/Model_AIIC_refactor/experiments_refactored/20260427_072855_default_6port_separator1_masked_v2/separator1_grid_search_6ports_masked_hd128_depth3_stages2_share0,default_6port_separator1_masked_v2,separator1_grid_search_6ports_masked_hd128_depth3_stages2_share0,supervised_nmse_plateau,separator1,12,6,compile,bf16,bfloat16,8,2,ok,,504.708684,20,50,1.7767508,0.060883709277934114,1.70408,1.7685865,1.8394945999999999,1.8920783499999998,1.9609166699999998,1.994343,4502.601040055813,4.502601040055813,1768.5865000000001,221.07331250000001,2251.3005200279067,510240,503808,1014552,sub-physical,0.015625,0.0078125,Intel(R) Xeon(R) 6760P,AVX512,"avx2,avx512f,avx512bw,avx512vl,avx512_vnni,avx512_bf16,amx_bf16,amx_int8,amx_tile,fma",True,True,,,,,,256,128,sh14l07002s1404,3.11.9,2.1.2+cu121
20260428_010731,2026-04-28T07:06:28.604420,cpu,pytorch,separator1_grid_search_6ports_masked_hd128_depth3_stages2_share0,/home/liangyi/SRS_AI/Model_AIIC_refactor/experiments_refactored/20260427_072855_default_6port_separator1_masked_v2/separator1_grid_search_6ports_masked_hd128_depth3_stages2_share0,default_6port_separator1_masked_v2,separator1_grid_search_6ports_masked_hd128_depth3_stages2_share0,supervised_nmse_plateau,separator1,12,6,compile,bf16,bfloat16,8,4,ok,,504.362171,20,50,1.8138338,0.037145786618134766,1.748146,1.8228374999999999,1.8597781999999998,1.8696374,1.8900632,1.903058,4410.547427222935,4.410547427222935,1822.8374999999999,227.85468749999998,1102.6368568057337,510240,503808,1014552,sub-physical,0.03125,0.015625,Intel(R) Xeon(R) 6760P,AVX512,"avx2,avx512f,avx512bw,avx512vl,avx512_vnni,avx512_bf16,amx_bf16,amx_int8,amx_tile,fma",True,True,,,,,,256,128,sh14l07002s1404,3.11.9,2.1.2+cu121
20260428_010731,2026-04-28T07:06:28.604420,cpu,pytorch,separator1_grid_search_6ports_masked_hd128_depth3_stages2_share0,/home/liangyi/SRS_AI/Model_AIIC_refactor/experiments_refactored/20260427_072855_default_6port_separator1_masked_v2/separator1_grid_search_6ports_masked_hd128_depth3_stages2_share0,default_6port_separator1_masked_v2,separator1_grid_search_6ports_masked_hd128_depth3_stages2_share0,supervised_nmse_plateau,separator1,12,6,compile,bf16,bfloat16,8,8,ok,,508.599915,20,50,1.8336367,0.031911800797353965,1.79417,1.826432,1.8560711,1.87112465,1.9475875999999999,2.013326,4362.914420288381,4.362914420288381,1826.432,228.304,545.3643025360476,510240,503808,1014552,sub-physical,0.0625,0.03125,Intel(R) Xeon(R) 6760P,AVX512,"avx2,avx512f,avx512bw,avx512vl,avx512_vnni,avx512_bf16,amx_bf16,amx_int8,amx_tile,fma",True,True,,,,,,256,128,sh14l07002s1404,3.11.9,2.1.2+cu121
20260428_010731,2026-04-28T07:06:28.604420,cpu,pytorch,separator1_grid_search_6ports_masked_hd128_depth3_stages2_share0,/home/liangyi/SRS_AI/Model_AIIC_refactor/experiments_refactored/20260427_072855_default_6port_separator1_masked_v2/separator1_grid_search_6ports_masked_hd128_depth3_stages2_share0,default_6port_separator1_masked_v2,separator1_grid_search_6ports_masked_hd128_depth3_stages2_share0,supervised_nmse_plateau,separator1,12,6,compile,bf16,bfloat16,16,1,ok,,498.524846,20,50,1.68477412,0.029711397717132056,1.642087,1.6859989999999998,1.7136811,1.71998735,1.77030904,1.812157,9496.822042826727,9.496822042826727,1685.9989999999998,105.37493749999999,9496.822042826727,510240,503808,1014552,single-thread,0.0078125,0.00390625,Intel(R) Xeon(R) 6760P,AVX512,"avx2,avx512f,avx512bw,avx512vl,avx512_vnni,avx512_bf16,amx_bf16,amx_int8,amx_tile,fma",True,True,,,,,,256,128,sh14l07002s1404,3.11.9,2.1.2+cu121
20260428_010731,2026-04-28T07:06:28.604420,cpu,pytorch,separator1_grid_search_6ports_masked_hd128_depth3_stages2_share0,/home/liangyi/SRS_AI/Model_AIIC_refactor/experiments_refactored/20260427_072855_default_6port_separator1_masked_v2/separator1_grid_search_6ports_masked_hd128_depth3_stages2_share0,default_6port_separator1_masked_v2,separator1_grid_search_6ports_masked_hd128_depth3_stages2_share0,supervised_nmse_plateau,separator1,12,6,compile,bf16,bfloat16,16,2,ok,,508.775462,20,50,1.86514554,0.0516927214041629,1.795433,1.8500299999999998,1.9318750999999998,1.9561679,1.97150655,1.980868,8578.419033187083,8.578419033187084,1850.0299999999997,115.62687499999998,4289.209516593542,510240,503808,1014552,sub-physical,0.015625,0.0078125,Intel(R) Xeon(R) 6760P,AVX512,"avx2,avx512f,avx512bw,avx512vl,avx512_vnni,avx512_bf16,amx_bf16,amx_int8,amx_tile,fma",True,True,,,,,,256,128,sh14l07002s1404,3.11.9,2.1.2+cu121
20260428_010731,2026-04-28T07:06:28.604420,cpu,pytorch,separator1_grid_search_6ports_masked_hd128_depth3_stages2_share0,/home/liangyi/SRS_AI/Model_AIIC_refactor/experiments_refactored/20260427_072855_default_6port_separator1_masked_v2/separator1_grid_search_6ports_masked_hd128_depth3_stages2_share0,default_6port_separator1_masked_v2,separator1_grid_search_6ports_masked_hd128_depth3_stages2_share0,supervised_nmse_plateau,separator1,12,6,compile,bf16,bfloat16,16,4,ok,,499.745179,20,50,1.9060481,0.051269002960951,1.831997,1.8974335,1.968531,1.9743678500000001,2.04444928,2.100029,8394.331706529336,8.394331706529336,1897.4335,118.58959375,2098.582926632334,510240,503808,1014552,sub-physical,0.03125,0.015625,Intel(R) Xeon(R) 6760P,AVX512,"avx2,avx512f,avx512bw,avx512vl,avx512_vnni,avx512_bf16,amx_bf16,amx_int8,amx_tile,fma",True,True,,,,,,256,128,sh14l07002s1404,3.11.9,2.1.2+cu121
20260428_010731,2026-04-28T07:06:28.604420,cpu,pytorch,separator1_grid_search_6ports_masked_hd128_depth3_stages2_share0,/home/liangyi/SRS_AI/Model_AIIC_refactor/experiments_refactored/20260427_072855_default_6port_separator1_masked_v2/separator1_grid_search_6ports_masked_hd128_depth3_stages2_share0,default_6port_separator1_masked_v2,separator1_grid_search_6ports_masked_hd128_depth3_stages2_share0,supervised_nmse_plateau,separator1,12,6,compile,bf16,bfloat16,16,8,ok,,508.051072,20,50,1.94799004,0.04756848469941417,1.871697,1.9478369999999998,2.0118324999999997,2.03770845,2.05763122,2.072391,8213.594356981414,8.213594356981414,1947.8369999999998,121.73981249999999,1026.6992946226767,510240,503808,1014552,sub-physical,0.0625,0.03125,Intel(R) Xeon(R) 6760P,AVX512,"avx2,avx512f,avx512bw,avx512vl,avx512_vnni,avx512_bf16,amx_bf16,amx_int8,amx_tile,fma",True,True,,,,,,256,128,sh14l07002s1404,3.11.9,2.1.2+cu121
20260428_010731,2026-04-28T07:06:28.604420,cpu,pytorch,separator1_grid_search_6ports_masked_hd128_depth3_stages2_share0,/home/liangyi/SRS_AI/Model_AIIC_refactor/experiments_refactored/20260427_072855_default_6port_separator1_masked_v2/separator1_grid_search_6ports_masked_hd128_depth3_stages2_share0,default_6port_separator1_masked_v2,separator1_grid_search_6ports_masked_hd128_depth3_stages2_share0,supervised_nmse_plateau,separator1,12,6,compile,bf16,bfloat16,32,1,ok,,495.938143,20,50,1.67927346,0.04633528311436545,1.629189,1.663593,1.7090554000000002,1.7915568,1.8351707499999999,1.852774,19055.860026514085,19.055860026514086,1663.593,51.98728125,19055.860026514085,510240,503808,1014552,single-thread,0.0078125,0.00390625,Intel(R) Xeon(R) 6760P,AVX512,"avx2,avx512f,avx512bw,avx512vl,avx512_vnni,avx512_bf16,amx_bf16,amx_int8,amx_tile,fma",True,True,,,,,,256,128,sh14l07002s1404,3.11.9,2.1.2+cu121
20260428_010731,2026-04-28T07:06:28.604420,cpu,pytorch,separator1_grid_search_6ports_masked_hd128_depth3_stages2_share0,/home/liangyi/SRS_AI/Model_AIIC_refactor/experiments_refactored/20260427_072855_default_6port_separator1_masked_v2/separator1_grid_search_6ports_masked_hd128_depth3_stages2_share0,default_6port_separator1_masked_v2,separator1_grid_search_6ports_masked_hd128_depth3_stages2_share0,supervised_nmse_plateau,separator1,12,6,compile,bf16,bfloat16,32,2,ok,,506.444699,20,50,1.9700052,0.063643693174108,1.877171,1.9618575,2.0375896,2.09240865,2.15293345,2.189681,16243.61194579588,16.24361194579588,1961.8575,61.308046875,8121.80597289794,510240,503808,1014552,sub-physical,0.015625,0.0078125,Intel(R) Xeon(R) 6760P,AVX512,"avx2,avx512f,avx512bw,avx512vl,avx512_vnni,avx512_bf16,amx_bf16,amx_int8,amx_tile,fma",True,True,,,,,,256,128,sh14l07002s1404,3.11.9,2.1.2+cu121
20260428_010731,2026-04-28T07:06:28.604420,cpu,pytorch,separator1_grid_search_6ports_masked_hd128_depth3_stages2_share0,/home/liangyi/SRS_AI/Model_AIIC_refactor/experiments_refactored/20260427_072855_default_6port_separator1_masked_v2/separator1_grid_search_6ports_masked_hd128_depth3_stages2_share0,default_6port_separator1_masked_v2,separator1_grid_search_6ports_masked_hd128_depth3_stages2_share0,supervised_nmse_plateau,separator1,12,6,compile,bf16,bfloat16,32,4,ok,,510.144012,20,50,1.99885782,0.057594294887146597,1.922523,1.9942885000000001,2.1014792,2.12570655,2.1448339499999998,2.156028,16009.142661282433,16.009142661282432,1994.2885,62.321515625,4002.285665320608,510240,503808,1014552,sub-physical,0.03125,0.015625,Intel(R) Xeon(R) 6760P,AVX512,"avx2,avx512f,avx512bw,avx512vl,avx512_vnni,avx512_bf16,amx_bf16,amx_int8,amx_tile,fma",True,True,,,,,,256,128,sh14l07002s1404,3.11.9,2.1.2+cu121
20260428_010731,2026-04-28T07:06:28.604420,cpu,pytorch,separator1_grid_search_6ports_masked_hd128_depth3_stages2_share0,/home/liangyi/SRS_AI/Model_AIIC_refactor/experiments_refactored/20260427_072855_default_6port_separator1_masked_v2/separator1_grid_search_6ports_masked_hd128_depth3_stages2_share0,default_6port_separator1_masked_v2,separator1_grid_search_6ports_masked_hd128_depth3_stages2_share0,supervised_nmse_plateau,separator1,12,6,compile,bf16,bfloat16,32,8,ok,,516.730518,20,50,2.15435842,0.062123942821456515,2.07893,2.142181,2.2325039,2.2802126,2.32157006,2.35455,14853.61010634433,14.853610106344329,2142.181,66.94315625,1856.7012632930412,510240,503808,1014552,sub-physical,0.0625,0.03125,Intel(R) Xeon(R) 6760P,AVX512,"avx2,avx512f,avx512bw,avx512vl,avx512_vnni,avx512_bf16,amx_bf16,amx_int8,amx_tile,fma",True,True,,,,,,256,128,sh14l07002s1404,3.11.9,2.1.2+cu121
20260428_010731,2026-04-28T07:06:28.604420,cpu,pytorch,separator1_grid_search_6ports_masked_hd128_depth3_stages2_share0,/home/liangyi/SRS_AI/Model_AIIC_refactor/experiments_refactored/20260427_072855_default_6port_separator1_masked_v2/separator1_grid_search_6ports_masked_hd128_depth3_stages2_share0,default_6port_separator1_masked_v2,separator1_grid_search_6ports_masked_hd128_depth3_stages2_share0,supervised_nmse_plateau,separator1,12,6,compile,bf16,bfloat16,64,1,ok,,494.256463,20,50,1.75756318,0.030916421612916335,1.719739,1.754899,1.7787522,1.79225415,1.8623758099999999,1.9232,36414.05368995042,36.41405368995042,1754.899,27.420296875,36414.05368995042,510240,503808,1014552,single-thread,0.0078125,0.00390625,Intel(R) Xeon(R) 6760P,AVX512,"avx2,avx512f,avx512bw,avx512vl,avx512_vnni,avx512_bf16,amx_bf16,amx_int8,amx_tile,fma",True,True,,,,,,256,128,sh14l07002s1404,3.11.9,2.1.2+cu121
20260428_010731,2026-04-28T07:06:28.604420,cpu,pytorch,separator1_grid_search_6ports_masked_hd128_depth3_stages2_share0,/home/liangyi/SRS_AI/Model_AIIC_refactor/experiments_refactored/20260427_072855_default_6port_separator1_masked_v2/separator1_grid_search_6ports_masked_hd128_depth3_stages2_share0,default_6port_separator1_masked_v2,separator1_grid_search_6ports_masked_hd128_depth3_stages2_share0,supervised_nmse_plateau,separator1,12,6,compile,bf16,bfloat16,64,2,ok,,513.168676,20,50,2.2286851,0.06110723739402726,2.139939,2.222193,2.3232046,2.3400514,2.34767898,2.353215,28716.483993185044,28.716483993185044,2222.1929999999998,34.721765624999996,14358.241996592522,510240,503808,1014552,sub-physical,0.015625,0.0078125,Intel(R) Xeon(R) 6760P,AVX512,"avx2,avx512f,avx512bw,avx512vl,avx512_vnni,avx512_bf16,amx_bf16,amx_int8,amx_tile,fma",True,True,,,,,,256,128,sh14l07002s1404,3.11.9,2.1.2+cu121
20260428_010731,2026-04-28T07:06:28.604420,cpu,pytorch,separator1_grid_search_6ports_masked_hd128_depth3_stages2_share0,/home/liangyi/SRS_AI/Model_AIIC_refactor/experiments_refactored/20260427_072855_default_6port_separator1_masked_v2/separator1_grid_search_6ports_masked_hd128_depth3_stages2_share0,default_6port_separator1_masked_v2,separator1_grid_search_6ports_masked_hd128_depth3_stages2_share0,supervised_nmse_plateau,separator1,12,6,compile,bf16,bfloat16,64,4,ok,,501.682386,20,50,2.23384476,0.05788782608409475,2.161739,2.2180334999999998,2.3238979,2.3410078,2.3483884799999997,2.34998,28650.155617796823,28.650155617796823,2218.0334999999995,34.65677343749999,7162.538904449206,510240,503808,1014552,sub-physical,0.03125,0.015625,Intel(R) Xeon(R) 6760P,AVX512,"avx2,avx512f,avx512bw,avx512vl,avx512_vnni,avx512_bf16,amx_bf16,amx_int8,amx_tile,fma",True,True,,,,,,256,128,sh14l07002s1404,3.11.9,2.1.2+cu121
20260428_010731,2026-04-28T07:06:28.604420,cpu,pytorch,separator1_grid_search_6ports_masked_hd128_depth3_stages2_share0,/home/liangyi/SRS_AI/Model_AIIC_refactor/experiments_refactored/20260427_072855_default_6port_separator1_masked_v2/separator1_grid_search_6ports_masked_hd128_depth3_stages2_share0,default_6port_separator1_masked_v2,separator1_grid_search_6ports_masked_hd128_depth3_stages2_share0,supervised_nmse_plateau,separator1,12,6,compile,bf16,bfloat16,64,8,ok,,506.091612,20,50,2.310397,0.06756616793691948,2.209106,2.2961479999999996,2.4227935,2.4309123,2.43863302,2.440888,27700.866993854303,27.7008669938543,2296.1479999999997,35.877312499999995,3462.608374231788,510240,503808,1014552,sub-physical,0.0625,0.03125,Intel(R) Xeon(R) 6760P,AVX512,"avx2,avx512f,avx512bw,avx512vl,avx512_vnni,avx512_bf16,amx_bf16,amx_int8,amx_tile,fma",True,True,,,,,,256,128,sh14l07002s1404,3.11.9,2.1.2+cu121
20260428_010731,2026-04-28T07:06:28.604420,cpu,pytorch,separator1_grid_search_6ports_masked_hd128_depth3_stages2_share0,/home/liangyi/SRS_AI/Model_AIIC_refactor/experiments_refactored/20260427_072855_default_6port_separator1_masked_v2/separator1_grid_search_6ports_masked_hd128_depth3_stages2_share0,default_6port_separator1_masked_v2,separator1_grid_search_6ports_masked_hd128_depth3_stages2_share0,supervised_nmse_plateau,separator1,12,6,compile,bf16,bfloat16,128,1,ok,,493.451557,20,50,1.96710098,0.04213054683646537,1.91633,1.9526755,2.0221987,2.02836545,2.10913122,2.145157,65070.375797382796,65.0703757973828,1952.6755,15.25527734375,65070.375797382796,510240,503808,1014552,single-thread,0.0078125,0.00390625,Intel(R) Xeon(R) 6760P,AVX512,"avx2,avx512f,avx512bw,avx512vl,avx512_vnni,avx512_bf16,amx_bf16,amx_int8,amx_tile,fma",True,True,,,,,,256,128,sh14l07002s1404,3.11.9,2.1.2+cu121
20260428_010731,2026-04-28T07:06:28.604420,cpu,pytorch,separator1_grid_search_6ports_masked_hd128_depth3_stages2_share0,/home/liangyi/SRS_AI/Model_AIIC_refactor/experiments_refactored/20260427_072855_default_6port_separator1_masked_v2/separator1_grid_search_6ports_masked_hd128_depth3_stages2_share0,default_6port_separator1_masked_v2,separator1_grid_search_6ports_masked_hd128_depth3_stages2_share0,supervised_nmse_plateau,separator1,12,6,compile,bf16,bfloat16,128,2,ok,,506.884496,20,50,2.61237982,0.0710943099111849,2.51562,2.6085285000000002,2.6915897,2.71544115,2.8029387,2.871573,48997.46928836711,48.99746928836711,2608.5285000000003,20.379128906250003,24498.734644183554,510240,503808,1014552,sub-physical,0.015625,0.0078125,Intel(R) Xeon(R) 6760P,AVX512,"avx2,avx512f,avx512bw,avx512vl,avx512_vnni,avx512_bf16,amx_bf16,amx_int8,amx_tile,fma",True,True,,,,,,256,128,sh14l07002s1404,3.11.9,2.1.2+cu121
20260428_010731,2026-04-28T07:06:28.604420,cpu,pytorch,separator1_grid_search_6ports_masked_hd128_depth3_stages2_share0,/home/liangyi/SRS_AI/Model_AIIC_refactor/experiments_refactored/20260427_072855_default_6port_separator1_masked_v2/separator1_grid_search_6ports_masked_hd128_depth3_stages2_share0,default_6port_separator1_masked_v2,separator1_grid_search_6ports_masked_hd128_depth3_stages2_share0,supervised_nmse_plateau,separator1,12,6,compile,bf16,bfloat16,128,4,ok,,502.046508,20,50,2.53112762,0.05043954244157654,2.419632,2.533618,2.5862205,2.6167095999999996,2.65304657,2.665594,50570.346192184494,50.570346192184495,2533.618,19.793890625,12642.586548046123,510240,503808,1014552,sub-physical,0.03125,0.015625,Intel(R) Xeon(R) 6760P,AVX512,"avx2,avx512f,avx512bw,avx512vl,avx512_vnni,avx512_bf16,amx_bf16,amx_int8,amx_tile,fma",True,True,,,,,,256,128,sh14l07002s1404,3.11.9,2.1.2+cu121
20260428_010731,2026-04-28T07:06:28.604420,cpu,pytorch,separator1_grid_search_6ports_masked_hd128_depth3_stages2_share0,/home/liangyi/SRS_AI/Model_AIIC_refactor/experiments_refactored/20260427_072855_default_6port_separator1_masked_v2/separator1_grid_search_6ports_masked_hd128_depth3_stages2_share0,default_6port_separator1_masked_v2,separator1_grid_search_6ports_masked_hd128_depth3_stages2_share0,supervised_nmse_plateau,separator1,12,6,compile,bf16,bfloat16,128,8,ok,,508.28723,20,50,2.68929594,0.03367460796767206,2.633423,2.685081,2.7296158,2.7439196,2.7667621600000003,2.778824,47596.10056154697,47.59610056154697,2685.0809999999997,20.977195312499997,5949.512570193371,510240,503808,1014552,sub-physical,0.0625,0.03125,Intel(R) Xeon(R) 6760P,AVX512,"avx2,avx512f,avx512bw,avx512vl,avx512_vnni,avx512_bf16,amx_bf16,amx_int8,amx_tile,fma",True,True,,,,,,256,128,sh14l07002s1404,3.11.9,2.1.2+cu121
20260428_010731,2026-04-28T07:06:28.604420,cpu,onnxruntime,separator1_grid_search_6ports_masked_hd128_depth3_stages2_share0,/home/liangyi/SRS_AI/Model_AIIC_refactor/experiments_refactored/20260427_072855_default_6port_separator1_masked_v2/separator1_grid_search_6ports_masked_hd128_depth3_stages2_share0,default_6port_separator1_masked_v2,separator1_grid_search_6ports_masked_hd128_depth3_stages2_share0,supervised_nmse_plateau,separator1,12,6,onnxruntime,fp32,float32,1,1,ok,,15.320765,20,50,0.14046724,0.01029088500093165,0.124881,0.137485,0.155207,0.15843069999999998,0.16426334999999997,0.166265,7119.097662914143,7.119097662914143,137.48499999999999,137.48499999999999,7119.097662914143,510240,503808,1014552,single-thread,0.0078125,0.00390625,Intel(R) Xeon(R) 6760P,AVX512,"avx2,avx512f,avx512bw,avx512vl,avx512_vnni,avx512_bf16,amx_bf16,amx_int8,amx_tile,fma",True,True,,1.23.2,CPUExecutionProvider,,,256,128,sh14l07002s1404,3.11.9,2.1.2+cu121
20260428_010731,2026-04-28T07:06:28.604420,cpu,onnxruntime,separator1_grid_search_6ports_masked_hd128_depth3_stages2_share0,/home/liangyi/SRS_AI/Model_AIIC_refactor/experiments_refactored/20260427_072855_default_6port_separator1_masked_v2/separator1_grid_search_6ports_masked_hd128_depth3_stages2_share0,default_6port_separator1_masked_v2,separator1_grid_search_6ports_masked_hd128_depth3_stages2_share0,supervised_nmse_plateau,separator1,12,6,onnxruntime,fp32,float32,1,2,ok,,17.411731,20,50,0.13817492,0.010164305579507142,0.124421,0.136191,0.1531998,0.1558189,0.16033941999999998,0.164133,7237.203394074699,7.237203394074699,136.191,136.191,3618.6016970373494,510240,503808,1014552,sub-physical,0.015625,0.0078125,Intel(R) Xeon(R) 6760P,AVX512,"avx2,avx512f,avx512bw,avx512vl,avx512_vnni,avx512_bf16,amx_bf16,amx_int8,amx_tile,fma",True,True,,1.23.2,CPUExecutionProvider,,,256,128,sh14l07002s1404,3.11.9,2.1.2+cu121
20260428_010731,2026-04-28T07:06:28.604420,cpu,onnxruntime,separator1_grid_search_6ports_masked_hd128_depth3_stages2_share0,/home/liangyi/SRS_AI/Model_AIIC_refactor/experiments_refactored/20260427_072855_default_6port_separator1_masked_v2/separator1_grid_search_6ports_masked_hd128_depth3_stages2_share0,default_6port_separator1_masked_v2,separator1_grid_search_6ports_masked_hd128_depth3_stages2_share0,supervised_nmse_plateau,separator1,12,6,onnxruntime,fp32,float32,1,4,ok,,17.565936,20,50,0.14390774,0.011263068467890975,0.12838,0.142389,0.1597873,0.16200795,0.17058792999999997,0.172667,6948.896563867934,6.948896563867934,142.38899999999998,142.38899999999998,1737.2241409669834,510240,503808,1014552,sub-physical,0.03125,0.015625,Intel(R) Xeon(R) 6760P,AVX512,"avx2,avx512f,avx512bw,avx512vl,avx512_vnni,avx512_bf16,amx_bf16,amx_int8,amx_tile,fma",True,True,,1.23.2,CPUExecutionProvider,,,256,128,sh14l07002s1404,3.11.9,2.1.2+cu121
20260428_010731,2026-04-28T07:06:28.604420,cpu,onnxruntime,separator1_grid_search_6ports_masked_hd128_depth3_stages2_share0,/home/liangyi/SRS_AI/Model_AIIC_refactor/experiments_refactored/20260427_072855_default_6port_separator1_masked_v2/separator1_grid_search_6ports_masked_hd128_depth3_stages2_share0,default_6port_separator1_masked_v2,separator1_grid_search_6ports_masked_hd128_depth3_stages2_share0,supervised_nmse_plateau,separator1,12,6,onnxruntime,fp32,float32,1,8,ok,,18.19074,20,50,0.14007496,0.010656516813593456,0.126046,0.1391935,0.1550978,0.15610425,0.16655963,0.170241,7139.0346997065,7.1390346997064995,139.1935,139.1935,892.3793374633125,510240,503808,1014552,sub-physical,0.0625,0.03125,Intel(R) Xeon(R) 6760P,AVX512,"avx2,avx512f,avx512bw,avx512vl,avx512_vnni,avx512_bf16,amx_bf16,amx_int8,amx_tile,fma",True,True,,1.23.2,CPUExecutionProvider,,,256,128,sh14l07002s1404,3.11.9,2.1.2+cu121
20260428_010731,2026-04-28T07:06:28.604420,cpu,onnxruntime,separator1_grid_search_6ports_masked_hd128_depth3_stages2_share0,/home/liangyi/SRS_AI/Model_AIIC_refactor/experiments_refactored/20260427_072855_default_6port_separator1_masked_v2/separator1_grid_search_6ports_masked_hd128_depth3_stages2_share0,default_6port_separator1_masked_v2,separator1_grid_search_6ports_masked_hd128_depth3_stages2_share0,supervised_nmse_plateau,separator1,12,6,onnxruntime,fp32,float32,2,1,ok,,16.969686,20,50,0.14120906,0.01034138752665231,0.12553,0.1395415,0.1548078,0.16096015,0.16442297,0.165132,14163.39716445956,14.16339716445956,139.5415,69.77075,14163.39716445956,510240,503808,1014552,single-thread,0.0078125,0.00390625,Intel(R) Xeon(R) 6760P,AVX512,"avx2,avx512f,avx512bw,avx512vl,avx512_vnni,avx512_bf16,amx_bf16,amx_int8,amx_tile,fma",True,True,,1.23.2,CPUExecutionProvider,,,256,128,sh14l07002s1404,3.11.9,2.1.2+cu121
20260428_010731,2026-04-28T07:06:28.604420,cpu,onnxruntime,separator1_grid_search_6ports_masked_hd128_depth3_stages2_share0,/home/liangyi/SRS_AI/Model_AIIC_refactor/experiments_refactored/20260427_072855_default_6port_separator1_masked_v2/separator1_grid_search_6ports_masked_hd128_depth3_stages2_share0,default_6port_separator1_masked_v2,separator1_grid_search_6ports_masked_hd128_depth3_stages2_share0,supervised_nmse_plateau,separator1,12,6,onnxruntime,fp32,float32,2,2,ok,,17.276703,20,50,0.1521441,0.009913022625314643,0.136655,0.152096,0.16741999999999999,0.16992764999999999,0.17302423,0.174089,13145.432520879876,13.145432520879876,152.096,76.048,6572.716260439938,510240,503808,1014552,sub-physical,0.015625,0.0078125,Intel(R) Xeon(R) 6760P,AVX512,"avx2,avx512f,avx512bw,avx512vl,avx512_vnni,avx512_bf16,amx_bf16,amx_int8,amx_tile,fma",True,True,,1.23.2,CPUExecutionProvider,,,256,128,sh14l07002s1404,3.11.9,2.1.2+cu121
20260428_010731,2026-04-28T07:06:28.604420,cpu,onnxruntime,separator1_grid_search_6ports_masked_hd128_depth3_stages2_share0,/home/liangyi/SRS_AI/Model_AIIC_refactor/experiments_refactored/20260427_072855_default_6port_separator1_masked_v2/separator1_grid_search_6ports_masked_hd128_depth3_stages2_share0,default_6port_separator1_masked_v2,separator1_grid_search_6ports_masked_hd128_depth3_stages2_share0,supervised_nmse_plateau,separator1,12,6,onnxruntime,fp32,float32,2,4,ok,,17.567283,20,50,0.14628934,0.011888191559038742,0.129392,0.143714,0.1606272,0.16840665,0.17564146999999997,0.180099,13671.536148840374,13.671536148840374,143.714,71.857,3417.8840372100935,510240,503808,1014552,sub-physical,0.03125,0.015625,Intel(R) Xeon(R) 6760P,AVX512,"avx2,avx512f,avx512bw,avx512vl,avx512_vnni,avx512_bf16,amx_bf16,amx_int8,amx_tile,fma",True,True,,1.23.2,CPUExecutionProvider,,,256,128,sh14l07002s1404,3.11.9,2.1.2+cu121
20260428_010731,2026-04-28T07:06:28.604420,cpu,onnxruntime,separator1_grid_search_6ports_masked_hd128_depth3_stages2_share0,/home/liangyi/SRS_AI/Model_AIIC_refactor/experiments_refactored/20260427_072855_default_6port_separator1_masked_v2/separator1_grid_search_6ports_masked_hd128_depth3_stages2_share0,default_6port_separator1_masked_v2,separator1_grid_search_6ports_masked_hd128_depth3_stages2_share0,supervised_nmse_plateau,separator1,12,6,onnxruntime,fp32,float32,2,8,ok,,18.200599,20,50,0.14017096,0.008893012758250154,0.127717,0.1394305,0.15306360000000002,0.15548555,0.15911955,0.161474,14268.290664485708,14.268290664485708,139.43050000000002,69.71525000000001,1783.5363330607136,510240,503808,1014552,sub-physical,0.0625,0.03125,Intel(R) Xeon(R) 6760P,AVX512,"avx2,avx512f,avx512bw,avx512vl,avx512_vnni,avx512_bf16,amx_bf16,amx_int8,amx_tile,fma",True,True,,1.23.2,CPUExecutionProvider,,,256,128,sh14l07002s1404,3.11.9,2.1.2+cu121
20260428_010731,2026-04-28T07:06:28.604420,cpu,onnxruntime,separator1_grid_search_6ports_masked_hd128_depth3_stages2_share0,/home/liangyi/SRS_AI/Model_AIIC_refactor/experiments_refactored/20260427_072855_default_6port_separator1_masked_v2/separator1_grid_search_6ports_masked_hd128_depth3_stages2_share0,default_6port_separator1_masked_v2,separator1_grid_search_6ports_masked_hd128_depth3_stages2_share0,supervised_nmse_plateau,separator1,12,6,onnxruntime,fp32,float32,4,1,ok,,17.104218,20,50,0.15322452,0.011893662583476967,0.135839,0.1509055,0.1709062,0.17278264999999998,0.17818768,0.17925,26105.482334028526,26.105482334028526,150.9055,37.726375,26105.482334028526,510240,503808,1014552,single-thread,0.0078125,0.00390625,Intel(R) Xeon(R) 6760P,AVX512,"avx2,avx512f,avx512bw,avx512vl,avx512_vnni,avx512_bf16,amx_bf16,amx_int8,amx_tile,fma",True,True,,1.23.2,CPUExecutionProvider,,,256,128,sh14l07002s1404,3.11.9,2.1.2+cu121
20260428_010731,2026-04-28T07:06:28.604420,cpu,onnxruntime,separator1_grid_search_6ports_masked_hd128_depth3_stages2_share0,/home/liangyi/SRS_AI/Model_AIIC_refactor/experiments_refactored/20260427_072855_default_6port_separator1_masked_v2/separator1_grid_search_6ports_masked_hd128_depth3_stages2_share0,default_6port_separator1_masked_v2,separator1_grid_search_6ports_masked_hd128_depth3_stages2_share0,supervised_nmse_plateau,separator1,12,6,onnxruntime,fp32,float32,4,2,ok,,17.363309,20,50,0.22126438,0.005926387266758731,0.208314,0.219577,0.2287604,0.23199835,0.23342946,0.233795,18077.921082462526,18.077921082462527,219.577,54.89425,9038.960541231263,510240,503808,1014552,sub-physical,0.015625,0.0078125,Intel(R) Xeon(R) 6760P,AVX512,"avx2,avx512f,avx512bw,avx512vl,avx512_vnni,avx512_bf16,amx_bf16,amx_int8,amx_tile,fma",True,True,,1.23.2,CPUExecutionProvider,,,256,128,sh14l07002s1404,3.11.9,2.1.2+cu121
20260428_010731,2026-04-28T07:06:28.604420,cpu,onnxruntime,separator1_grid_search_6ports_masked_hd128_depth3_stages2_share0,/home/liangyi/SRS_AI/Model_AIIC_refactor/experiments_refactored/20260427_072855_default_6port_separator1_masked_v2/separator1_grid_search_6ports_masked_hd128_depth3_stages2_share0,default_6port_separator1_masked_v2,separator1_grid_search_6ports_masked_hd128_depth3_stages2_share0,supervised_nmse_plateau,separator1,12,6,onnxruntime,fp32,float32,4,4,ok,,18.219982,20,50,0.22066516,0.010664440981804904,0.211081,0.2169055,0.2297989,0.24799939999999995,0.25646003,0.25825,18127.011985036515,18.127011985036514,216.9055,54.226375,4531.752996259129,510240,503808,1014552,sub-physical,0.03125,0.015625,Intel(R) Xeon(R) 6760P,AVX512,"avx2,avx512f,avx512bw,avx512vl,avx512_vnni,avx512_bf16,amx_bf16,amx_int8,amx_tile,fma",True,True,,1.23.2,CPUExecutionProvider,,,256,128,sh14l07002s1404,3.11.9,2.1.2+cu121
20260428_010731,2026-04-28T07:06:28.604420,cpu,onnxruntime,separator1_grid_search_6ports_masked_hd128_depth3_stages2_share0,/home/liangyi/SRS_AI/Model_AIIC_refactor/experiments_refactored/20260427_072855_default_6port_separator1_masked_v2/separator1_grid_search_6ports_masked_hd128_depth3_stages2_share0,default_6port_separator1_masked_v2,separator1_grid_search_6ports_masked_hd128_depth3_stages2_share0,supervised_nmse_plateau,separator1,12,6,onnxruntime,fp32,float32,4,8,ok,,18.412215,20,50,0.22022142,0.011916064857309228,0.20769,0.21697349999999999,0.22744810000000001,0.2501794,0.26271499,0.269648,18163.53740703334,18.16353740703334,216.97349999999997,54.24337499999999,2270.4421758791673,510240,503808,1014552,sub-physical,0.0625,0.03125,Intel(R) Xeon(R) 6760P,AVX512,"avx2,avx512f,avx512bw,avx512vl,avx512_vnni,avx512_bf16,amx_bf16,amx_int8,amx_tile,fma",True,True,,1.23.2,CPUExecutionProvider,,,256,128,sh14l07002s1404,3.11.9,2.1.2+cu121
20260428_010731,2026-04-28T07:06:28.604420,cpu,onnxruntime,separator1_grid_search_6ports_masked_hd128_depth3_stages2_share0,/home/liangyi/SRS_AI/Model_AIIC_refactor/experiments_refactored/20260427_072855_default_6port_separator1_masked_v2/separator1_grid_search_6ports_masked_hd128_depth3_stages2_share0,default_6port_separator1_masked_v2,separator1_grid_search_6ports_masked_hd128_depth3_stages2_share0,supervised_nmse_plateau,separator1,12,6,onnxruntime,fp32,float32,8,1,ok,,17.066685,20,50,0.19047748,0.014485444726676502,0.169173,0.18897150000000001,0.2071725,0.21481655,0.2212922,0.226643,41999.71566192497,41.999715661924974,188.97150000000002,23.621437500000003,41999.71566192497,510240,503808,1014552,single-thread,0.0078125,0.00390625,Intel(R) Xeon(R) 6760P,AVX512,"avx2,avx512f,avx512bw,avx512vl,avx512_vnni,avx512_bf16,amx_bf16,amx_int8,amx_tile,fma",True,True,,1.23.2,CPUExecutionProvider,,,256,128,sh14l07002s1404,3.11.9,2.1.2+cu121
20260428_010731,2026-04-28T07:06:28.604420,cpu,onnxruntime,separator1_grid_search_6ports_masked_hd128_depth3_stages2_share0,/home/liangyi/SRS_AI/Model_AIIC_refactor/experiments_refactored/20260427_072855_default_6port_separator1_masked_v2/separator1_grid_search_6ports_masked_hd128_depth3_stages2_share0,default_6port_separator1_masked_v2,separator1_grid_search_6ports_masked_hd128_depth3_stages2_share0,supervised_nmse_plateau,separator1,12,6,onnxruntime,fp32,float32,8,2,ok,,17.224215,20,50,0.25801512,0.004520363280268523,0.250326,0.2567975,0.2659319,0.26722144999999997,0.26879052,0.269208,31005.934845988868,31.005934845988868,256.7975,32.0996875,15502.967422994434,510240,503808,1014552,sub-physical,0.015625,0.0078125,Intel(R) Xeon(R) 6760P,AVX512,"avx2,avx512f,avx512bw,avx512vl,avx512_vnni,avx512_bf16,amx_bf16,amx_int8,amx_tile,fma",True,True,,1.23.2,CPUExecutionProvider,,,256,128,sh14l07002s1404,3.11.9,2.1.2+cu121
20260428_010731,2026-04-28T07:06:28.604420,cpu,onnxruntime,separator1_grid_search_6ports_masked_hd128_depth3_stages2_share0,/home/liangyi/SRS_AI/Model_AIIC_refactor/experiments_refactored/20260427_072855_default_6port_separator1_masked_v2/separator1_grid_search_6ports_masked_hd128_depth3_stages2_share0,default_6port_separator1_masked_v2,separator1_grid_search_6ports_masked_hd128_depth3_stages2_share0,supervised_nmse_plateau,separator1,12,6,onnxruntime,fp32,float32,8,4,ok,,17.644608,20,50,0.28215074,0.008432246094155455,0.269689,0.28034000000000003,0.2900455,0.2982516,0.31101523,0.311051,28353.638200629917,28.353638200629916,280.34000000000003,35.042500000000004,7088.409550157479,510240,503808,1014552,sub-physical,0.03125,0.015625,Intel(R) Xeon(R) 6760P,AVX512,"avx2,avx512f,avx512bw,avx512vl,avx512_vnni,avx512_bf16,amx_bf16,amx_int8,amx_tile,fma",True,True,,1.23.2,CPUExecutionProvider,,,256,128,sh14l07002s1404,3.11.9,2.1.2+cu121
20260428_010731,2026-04-28T07:06:28.604420,cpu,onnxruntime,separator1_grid_search_6ports_masked_hd128_depth3_stages2_share0,/home/liangyi/SRS_AI/Model_AIIC_refactor/experiments_refactored/20260427_072855_default_6port_separator1_masked_v2/separator1_grid_search_6ports_masked_hd128_depth3_stages2_share0,default_6port_separator1_masked_v2,separator1_grid_search_6ports_masked_hd128_depth3_stages2_share0,supervised_nmse_plateau,separator1,12,6,onnxruntime,fp32,float32,8,8,ok,,17.870977,20,50,0.28739236,0.01066315484415377,0.277244,0.283864,0.2955738,0.30159145,0.32909387999999995,0.340897,27836.508945470923,27.836508945470925,283.86400000000003,35.483000000000004,3479.5636181838654,510240,503808,1014552,sub-physical,0.0625,0.03125,Intel(R) Xeon(R) 6760P,AVX512,"avx2,avx512f,avx512bw,avx512vl,avx512_vnni,avx512_bf16,amx_bf16,amx_int8,amx_tile,fma",True,True,,1.23.2,CPUExecutionProvider,,,256,128,sh14l07002s1404,3.11.9,2.1.2+cu121
20260428_010731,2026-04-28T07:06:28.604420,cpu,onnxruntime,separator1_grid_search_6ports_masked_hd128_depth3_stages2_share0,/home/liangyi/SRS_AI/Model_AIIC_refactor/experiments_refactored/20260427_072855_default_6port_separator1_masked_v2/separator1_grid_search_6ports_masked_hd128_depth3_stages2_share0,default_6port_separator1_masked_v2,separator1_grid_search_6ports_masked_hd128_depth3_stages2_share0,supervised_nmse_plateau,separator1,12,6,onnxruntime,fp32,float32,16,1,ok,,17.009572,20,50,0.24220602,0.005060193919169503,0.231319,0.24197950000000001,0.2473543,0.25199355,0.2554598,0.256675,66059.4645830851,66.05946458308509,241.9795,15.12371875,66059.4645830851,510240,503808,1014552,single-thread,0.0078125,0.00390625,Intel(R) Xeon(R) 6760P,AVX512,"avx2,avx512f,avx512bw,avx512vl,avx512_vnni,avx512_bf16,amx_bf16,amx_int8,amx_tile,fma",True,True,,1.23.2,CPUExecutionProvider,,,256,128,sh14l07002s1404,3.11.9,2.1.2+cu121
20260428_010731,2026-04-28T07:06:28.604420,cpu,onnxruntime,separator1_grid_search_6ports_masked_hd128_depth3_stages2_share0,/home/liangyi/SRS_AI/Model_AIIC_refactor/experiments_refactored/20260427_072855_default_6port_separator1_masked_v2/separator1_grid_search_6ports_masked_hd128_depth3_stages2_share0,default_6port_separator1_masked_v2,separator1_grid_search_6ports_masked_hd128_depth3_stages2_share0,supervised_nmse_plateau,separator1,12,6,onnxruntime,fp32,float32,16,2,ok,,17.552513,20,50,0.33107914,0.0048322222507248165,0.322992,0.329898,0.338075,0.33929175,0.34174015,0.343144,48326.81394545123,48.32681394545123,329.898,20.618625,24163.406972725614,510240,503808,1014552,sub-physical,0.015625,0.0078125,Intel(R) Xeon(R) 6760P,AVX512,"avx2,avx512f,avx512bw,avx512vl,avx512_vnni,avx512_bf16,amx_bf16,amx_int8,amx_tile,fma",True,True,,1.23.2,CPUExecutionProvider,,,256,128,sh14l07002s1404,3.11.9,2.1.2+cu121
20260428_010731,2026-04-28T07:06:28.604420,cpu,onnxruntime,separator1_grid_search_6ports_masked_hd128_depth3_stages2_share0,/home/liangyi/SRS_AI/Model_AIIC_refactor/experiments_refactored/20260427_072855_default_6port_separator1_masked_v2/separator1_grid_search_6ports_masked_hd128_depth3_stages2_share0,default_6port_separator1_masked_v2,separator1_grid_search_6ports_masked_hd128_depth3_stages2_share0,supervised_nmse_plateau,separator1,12,6,onnxruntime,fp32,float32,16,4,ok,,17.984896,20,50,0.34250046,0.007103651737550201,0.329863,0.34117149999999996,0.3504157,0.3532391,0.36213406,0.362627,46715.26572548253,46.71526572548253,341.1715,21.32321875,11678.816431370633,510240,503808,1014552,sub-physical,0.03125,0.015625,Intel(R) Xeon(R) 6760P,AVX512,"avx2,avx512f,avx512bw,avx512vl,avx512_vnni,avx512_bf16,amx_bf16,amx_int8,amx_tile,fma",True,True,,1.23.2,CPUExecutionProvider,,,256,128,sh14l07002s1404,3.11.9,2.1.2+cu121
20260428_010731,2026-04-28T07:06:28.604420,cpu,onnxruntime,separator1_grid_search_6ports_masked_hd128_depth3_stages2_share0,/home/liangyi/SRS_AI/Model_AIIC_refactor/experiments_refactored/20260427_072855_default_6port_separator1_masked_v2/separator1_grid_search_6ports_masked_hd128_depth3_stages2_share0,default_6port_separator1_masked_v2,separator1_grid_search_6ports_masked_hd128_depth3_stages2_share0,supervised_nmse_plateau,separator1,12,6,onnxruntime,fp32,float32,16,8,ok,,18.147227,20,50,0.35594288,0.006353175488336521,0.343451,0.3546285,0.3651251,0.36604570000000003,0.3676441,0.367992,44951.032592645206,44.951032592645205,354.62850000000003,22.164281250000002,5618.879074080651,510240,503808,1014552,sub-physical,0.0625,0.03125,Intel(R) Xeon(R) 6760P,AVX512,"avx2,avx512f,avx512bw,avx512vl,avx512_vnni,avx512_bf16,amx_bf16,amx_int8,amx_tile,fma",True,True,,1.23.2,CPUExecutionProvider,,,256,128,sh14l07002s1404,3.11.9,2.1.2+cu121
20260428_010731,2026-04-28T07:06:28.604420,cpu,onnxruntime,separator1_grid_search_6ports_masked_hd128_depth3_stages2_share0,/home/liangyi/SRS_AI/Model_AIIC_refactor/experiments_refactored/20260427_072855_default_6port_separator1_masked_v2/separator1_grid_search_6ports_masked_hd128_depth3_stages2_share0,default_6port_separator1_masked_v2,separator1_grid_search_6ports_masked_hd128_depth3_stages2_share0,supervised_nmse_plateau,separator1,12,6,onnxruntime,fp32,float32,32,1,ok,,16.976229,20,50,0.3980918,0.007192048022642784,0.389837,0.39613849999999995,0.4048067,0.4086218,0.42157222,0.424572,80383.46934048881,80.38346934048882,396.13849999999996,12.379328124999999,80383.46934048881,510240,503808,1014552,single-thread,0.0078125,0.00390625,Intel(R) Xeon(R) 6760P,AVX512,"avx2,avx512f,avx512bw,avx512vl,avx512_vnni,avx512_bf16,amx_bf16,amx_int8,amx_tile,fma",True,True,,1.23.2,CPUExecutionProvider,,,256,128,sh14l07002s1404,3.11.9,2.1.2+cu121
20260428_010731,2026-04-28T07:06:28.604420,cpu,onnxruntime,separator1_grid_search_6ports_masked_hd128_depth3_stages2_share0,/home/liangyi/SRS_AI/Model_AIIC_refactor/experiments_refactored/20260427_072855_default_6port_separator1_masked_v2/separator1_grid_search_6ports_masked_hd128_depth3_stages2_share0,default_6port_separator1_masked_v2,separator1_grid_search_6ports_masked_hd128_depth3_stages2_share0,supervised_nmse_plateau,separator1,12,6,onnxruntime,fp32,float32,32,2,ok,,17.172765,20,50,0.61750276,0.015584955953174847,0.581905,0.6165645,0.6323905000000001,0.6409319,0.66523685,0.66545,51821.63072437117,51.82163072437117,616.5645,19.267640625,25910.815362185585,510240,503808,1014552,sub-physical,0.015625,0.0078125,Intel(R) Xeon(R) 6760P,AVX512,"avx2,avx512f,avx512bw,avx512vl,avx512_vnni,avx512_bf16,amx_bf16,amx_int8,amx_tile,fma",True,True,,1.23.2,CPUExecutionProvider,,,256,128,sh14l07002s1404,3.11.9,2.1.2+cu121
20260428_010731,2026-04-28T07:06:28.604420,cpu,onnxruntime,separator1_grid_search_6ports_masked_hd128_depth3_stages2_share0,/home/liangyi/SRS_AI/Model_AIIC_refactor/experiments_refactored/20260427_072855_default_6port_separator1_masked_v2/separator1_grid_search_6ports_masked_hd128_depth3_stages2_share0,default_6port_separator1_masked_v2,separator1_grid_search_6ports_masked_hd128_depth3_stages2_share0,supervised_nmse_plateau,separator1,12,6,onnxruntime,fp32,float32,32,4,ok,,17.550554,20,50,0.59242264,0.03093374031361872,0.536286,0.583051,0.6263243000000001,0.6437415,0.6936766299999999,0.726562,54015.49137284827,54.015491372848274,583.0509999999999,18.220343749999998,13503.872843212068,510240,503808,1014552,sub-physical,0.03125,0.015625,Intel(R) Xeon(R) 6760P,AVX512,"avx2,avx512f,avx512bw,avx512vl,avx512_vnni,avx512_bf16,amx_bf16,amx_int8,amx_tile,fma",True,True,,1.23.2,CPUExecutionProvider,,,256,128,sh14l07002s1404,3.11.9,2.1.2+cu121
20260428_010731,2026-04-28T07:06:28.604420,cpu,onnxruntime,separator1_grid_search_6ports_masked_hd128_depth3_stages2_share0,/home/liangyi/SRS_AI/Model_AIIC_refactor/experiments_refactored/20260427_072855_default_6port_separator1_masked_v2/separator1_grid_search_6ports_masked_hd128_depth3_stages2_share0,default_6port_separator1_masked_v2,separator1_grid_search_6ports_masked_hd128_depth3_stages2_share0,supervised_nmse_plateau,separator1,12,6,onnxruntime,fp32,float32,32,8,ok,,18.055129,20,50,0.6074654,0.018875461300853023,0.560879,0.6109235,0.6281301,0.6358072499999999,0.64766049,0.650698,52677.89737489575,52.67789737489575,610.9235,19.091359375,6584.737171861969,510240,503808,1014552,sub-physical,0.0625,0.03125,Intel(R) Xeon(R) 6760P,AVX512,"avx2,avx512f,avx512bw,avx512vl,avx512_vnni,avx512_bf16,amx_bf16,amx_int8,amx_tile,fma",True,True,,1.23.2,CPUExecutionProvider,,,256,128,sh14l07002s1404,3.11.9,2.1.2+cu121
20260428_010731,2026-04-28T07:06:28.604420,cpu,onnxruntime,separator1_grid_search_6ports_masked_hd128_depth3_stages2_share0,/home/liangyi/SRS_AI/Model_AIIC_refactor/experiments_refactored/20260427_072855_default_6port_separator1_masked_v2/separator1_grid_search_6ports_masked_hd128_depth3_stages2_share0,default_6port_separator1_masked_v2,separator1_grid_search_6ports_masked_hd128_depth3_stages2_share0,supervised_nmse_plateau,separator1,12,6,onnxruntime,fp32,float32,64,1,ok,,17.178852,20,50,0.60681648,0.00477224531322521,0.598954,0.6075865,0.6128368,0.61368345,0.61492769,0.615329,105468.46057971267,105.46846057971267,607.5865,9.4935390625,105468.46057971267,510240,503808,1014552,single-thread,0.0078125,0.00390625,Intel(R) Xeon(R) 6760P,AVX512,"avx2,avx512f,avx512bw,avx512vl,avx512_vnni,avx512_bf16,amx_bf16,amx_int8,amx_tile,fma",True,True,,1.23.2,CPUExecutionProvider,,,256,128,sh14l07002s1404,3.11.9,2.1.2+cu121
20260428_010731,2026-04-28T07:06:28.604420,cpu,onnxruntime,separator1_grid_search_6ports_masked_hd128_depth3_stages2_share0,/home/liangyi/SRS_AI/Model_AIIC_refactor/experiments_refactored/20260427_072855_default_6port_separator1_masked_v2/separator1_grid_search_6ports_masked_hd128_depth3_stages2_share0,default_6port_separator1_masked_v2,separator1_grid_search_6ports_masked_hd128_depth3_stages2_share0,supervised_nmse_plateau,separator1,12,6,onnxruntime,fp32,float32,64,2,ok,,17.539343,20,50,1.20739128,0.024887460382321046,1.119873,1.2041240000000002,1.2412946,1.2522916499999999,1.26115843,1.262086,53006.84298465366,53.00684298465366,1204.1240000000003,18.814437500000004,26503.42149232683,510240,503808,1014552,sub-physical,0.015625,0.0078125,Intel(R) Xeon(R) 6760P,AVX512,"avx2,avx512f,avx512bw,avx512vl,avx512_vnni,avx512_bf16,amx_bf16,amx_int8,amx_tile,fma",True,True,,1.23.2,CPUExecutionProvider,,,256,128,sh14l07002s1404,3.11.9,2.1.2+cu121
20260428_010731,2026-04-28T07:06:28.604420,cpu,onnxruntime,separator1_grid_search_6ports_masked_hd128_depth3_stages2_share0,/home/liangyi/SRS_AI/Model_AIIC_refactor/experiments_refactored/20260427_072855_default_6port_separator1_masked_v2/separator1_grid_search_6ports_masked_hd128_depth3_stages2_share0,default_6port_separator1_masked_v2,separator1_grid_search_6ports_masked_hd128_depth3_stages2_share0,supervised_nmse_plateau,separator1,12,6,onnxruntime,fp32,float32,64,4,ok,,17.701102,20,50,1.17899656,0.028096258631469077,1.130684,1.175915,1.2222507999999999,1.22516125,1.23849334,1.243263,54283.449308791875,54.28344930879187,1175.915,18.373671875,13570.862327197969,510240,503808,1014552,sub-physical,0.03125,0.015625,Intel(R) Xeon(R) 6760P,AVX512,"avx2,avx512f,avx512bw,avx512vl,avx512_vnni,avx512_bf16,amx_bf16,amx_int8,amx_tile,fma",True,True,,1.23.2,CPUExecutionProvider,,,256,128,sh14l07002s1404,3.11.9,2.1.2+cu121
20260428_010731,2026-04-28T07:06:28.604420,cpu,onnxruntime,separator1_grid_search_6ports_masked_hd128_depth3_stages2_share0,/home/liangyi/SRS_AI/Model_AIIC_refactor/experiments_refactored/20260427_072855_default_6port_separator1_masked_v2/separator1_grid_search_6ports_masked_hd128_depth3_stages2_share0,default_6port_separator1_masked_v2,separator1_grid_search_6ports_masked_hd128_depth3_stages2_share0,supervised_nmse_plateau,separator1,12,6,onnxruntime,fp32,float32,64,8,ok,,18.190811,20,50,1.17430528,0.025584215183616633,1.118765,1.1697205,1.2121060000000001,1.2144217,1.2319814199999999,1.234893,54500.30847174595,54.50030847174595,1169.7205,18.2768828125,6812.538558968244,510240,503808,1014552,sub-physical,0.0625,0.03125,Intel(R) Xeon(R) 6760P,AVX512,"avx2,avx512f,avx512bw,avx512vl,avx512_vnni,avx512_bf16,amx_bf16,amx_int8,amx_tile,fma",True,True,,1.23.2,CPUExecutionProvider,,,256,128,sh14l07002s1404,3.11.9,2.1.2+cu121
20260428_010731,2026-04-28T07:06:28.604420,cpu,onnxruntime,separator1_grid_search_6ports_masked_hd128_depth3_stages2_share0,/home/liangyi/SRS_AI/Model_AIIC_refactor/experiments_refactored/20260427_072855_default_6port_separator1_masked_v2/separator1_grid_search_6ports_masked_hd128_depth3_stages2_share0,default_6port_separator1_masked_v2,separator1_grid_search_6ports_masked_hd128_depth3_stages2_share0,supervised_nmse_plateau,separator1,12,6,onnxruntime,fp32,float32,128,1,ok,,17.117387,20,50,1.06224304,0.03744280704004977,1.03369,1.0465615000000001,1.1121473,1.14432505,1.19098901,1.209634,120499.73045716542,120.49973045716543,1046.5615000000003,8.176261718750002,120499.73045716542,510240,503808,1014552,single-thread,0.0078125,0.00390625,Intel(R) Xeon(R) 6760P,AVX512,"avx2,avx512f,avx512bw,avx512vl,avx512_vnni,avx512_bf16,amx_bf16,amx_int8,amx_tile,fma",True,True,,1.23.2,CPUExecutionProvider,,,256,128,sh14l07002s1404,3.11.9,2.1.2+cu121
20260428_010731,2026-04-28T07:06:28.604420,cpu,onnxruntime,separator1_grid_search_6ports_masked_hd128_depth3_stages2_share0,/home/liangyi/SRS_AI/Model_AIIC_refactor/experiments_refactored/20260427_072855_default_6port_separator1_masked_v2/separator1_grid_search_6ports_masked_hd128_depth3_stages2_share0,default_6port_separator1_masked_v2,separator1_grid_search_6ports_masked_hd128_depth3_stages2_share0,supervised_nmse_plateau,separator1,12,6,onnxruntime,fp32,float32,128,2,ok,,17.118088,20,50,1.74427628,0.02120961830683429,1.652181,1.7452115,1.7678879,1.7724725499999998,1.7782099500000002,1.780731,73382.87028703962,73.38287028703962,1745.2115,13.63446484375,36691.43514351981,510240,503808,1014552,sub-physical,0.015625,0.0078125,Intel(R) Xeon(R) 6760P,AVX512,"avx2,avx512f,avx512bw,avx512vl,avx512_vnni,avx512_bf16,amx_bf16,amx_int8,amx_tile,fma",True,True,,1.23.2,CPUExecutionProvider,,,256,128,sh14l07002s1404,3.11.9,2.1.2+cu121
20260428_010731,2026-04-28T07:06:28.604420,cpu,onnxruntime,separator1_grid_search_6ports_masked_hd128_depth3_stages2_share0,/home/liangyi/SRS_AI/Model_AIIC_refactor/experiments_refactored/20260427_072855_default_6port_separator1_masked_v2/separator1_grid_search_6ports_masked_hd128_depth3_stages2_share0,default_6port_separator1_masked_v2,separator1_grid_search_6ports_masked_hd128_depth3_stages2_share0,supervised_nmse_plateau,separator1,12,6,onnxruntime,fp32,float32,128,4,ok,,18.238282,20,50,1.67136968,0.03557561245260017,1.61702,1.658612,1.724295,1.73405335,1.7651703399999998,1.774546,76583.89495255174,76.58389495255174,1658.612,12.95790625,19145.973738137935,510240,503808,1014552,sub-physical,0.03125,0.015625,Intel(R) Xeon(R) 6760P,AVX512,"avx2,avx512f,avx512bw,avx512vl,avx512_vnni,avx512_bf16,amx_bf16,amx_int8,amx_tile,fma",True,True,,1.23.2,CPUExecutionProvider,,,256,128,sh14l07002s1404,3.11.9,2.1.2+cu121
20260428_010731,2026-04-28T07:06:28.604420,cpu,onnxruntime,separator1_grid_search_6ports_masked_hd128_depth3_stages2_share0,/home/liangyi/SRS_AI/Model_AIIC_refactor/experiments_refactored/20260427_072855_default_6port_separator1_masked_v2/separator1_grid_search_6ports_masked_hd128_depth3_stages2_share0,default_6port_separator1_masked_v2,separator1_grid_search_6ports_masked_hd128_depth3_stages2_share0,supervised_nmse_plateau,separator1,12,6,onnxruntime,fp32,float32,128,8,ok,,18.233323,20,50,1.5554116,0.059621628058281,1.48463,1.5367864999999998,1.6061965,1.6160845,1.7499760899999994,1.865645,82293.32994559125,82.29332994559125,1536.7865,12.00614453125,10286.666243198906,510240,503808,1014552,sub-physical,0.0625,0.03125,Intel(R) Xeon(R) 6760P,AVX512,"avx2,avx512f,avx512bw,avx512vl,avx512_vnni,avx512_bf16,amx_bf16,amx_int8,amx_tile,fma",True,True,,1.23.2,CPUExecutionProvider,,,256,128,sh14l07002s1404,3.11.9,2.1.2+cu121
20260428_010731,2026-04-28T07:06:28.604420,cpu,onnxruntime,separator1_grid_search_6ports_masked_hd128_depth3_stages2_share0,/home/liangyi/SRS_AI/Model_AIIC_refactor/experiments_refactored/20260427_072855_default_6port_separator1_masked_v2/separator1_grid_search_6ports_masked_hd128_depth3_stages2_share0,,,,,,,onnxruntime,bf16,,1,1,skipped,ONNX Runtime benchmark currently supports precision profile fp32 only,0.0,,,,,,,,,,,,,,,,510240,503808,1014552,single-thread,0.0078125,0.00390625,Intel(R) Xeon(R) 6760P,AVX512,"avx2,avx512f,avx512bw,avx512vl,avx512_vnni,avx512_bf16,amx_bf16,amx_int8,amx_tile,fma",True,True,,1.23.2,,,,256,128,sh14l07002s1404,3.11.9,2.1.2+cu121
20260428_010731,2026-04-28T07:06:28.604420,cpu,onnxruntime,separator1_grid_search_6ports_masked_hd128_depth3_stages2_share0,/home/liangyi/SRS_AI/Model_AIIC_refactor/experiments_refactored/20260427_072855_default_6port_separator1_masked_v2/separator1_grid_search_6ports_masked_hd128_depth3_stages2_share0,,,,,,,onnxruntime,bf16,,1,2,skipped,ONNX Runtime benchmark currently supports precision profile fp32 only,0.0,,,,,,,,,,,,,,,,510240,503808,1014552,sub-physical,0.015625,0.0078125,Intel(R) Xeon(R) 6760P,AVX512,"avx2,avx512f,avx512bw,avx512vl,avx512_vnni,avx512_bf16,amx_bf16,amx_int8,amx_tile,fma",True,True,,1.23.2,,,,256,128,sh14l07002s1404,3.11.9,2.1.2+cu121
20260428_010731,2026-04-28T07:06:28.604420,cpu,onnxruntime,separator1_grid_search_6ports_masked_hd128_depth3_stages2_share0,/home/liangyi/SRS_AI/Model_AIIC_refactor/experiments_refactored/20260427_072855_default_6port_separator1_masked_v2/separator1_grid_search_6ports_masked_hd128_depth3_stages2_share0,,,,,,,onnxruntime,bf16,,1,4,skipped,ONNX Runtime benchmark currently supports precision profile fp32 only,0.0,,,,,,,,,,,,,,,,510240,503808,1014552,sub-physical,0.03125,0.015625,Intel(R) Xeon(R) 6760P,AVX512,"avx2,avx512f,avx512bw,avx512vl,avx512_vnni,avx512_bf16,amx_bf16,amx_int8,amx_tile,fma",True,True,,1.23.2,,,,256,128,sh14l07002s1404,3.11.9,2.1.2+cu121
20260428_010731,2026-04-28T07:06:28.604420,cpu,onnxruntime,separator1_grid_search_6ports_masked_hd128_depth3_stages2_share0,/home/liangyi/SRS_AI/Model_AIIC_refactor/experiments_refactored/20260427_072855_default_6port_separator1_masked_v2/separator1_grid_search_6ports_masked_hd128_depth3_stages2_share0,,,,,,,onnxruntime,bf16,,1,8,skipped,ONNX Runtime benchmark currently supports precision profile fp32 only,0.0,,,,,,,,,,,,,,,,510240,503808,1014552,sub-physical,0.0625,0.03125,Intel(R) Xeon(R) 6760P,AVX512,"avx2,avx512f,avx512bw,avx512vl,avx512_vnni,avx512_bf16,amx_bf16,amx_int8,amx_tile,fma",True,True,,1.23.2,,,,256,128,sh14l07002s1404,3.11.9,2.1.2+cu121
20260428_010731,2026-04-28T07:06:28.604420,cpu,onnxruntime,separator1_grid_search_6ports_masked_hd128_depth3_stages2_share0,/home/liangyi/SRS_AI/Model_AIIC_refactor/experiments_refactored/20260427_072855_default_6port_separator1_masked_v2/separator1_grid_search_6ports_masked_hd128_depth3_stages2_share0,,,,,,,onnxruntime,bf16,,2,1,skipped,ONNX Runtime benchmark currently supports precision profile fp32 only,0.0,,,,,,,,,,,,,,,,510240,503808,1014552,single-thread,0.0078125,0.00390625,Intel(R) Xeon(R) 6760P,AVX512,"avx2,avx512f,avx512bw,avx512vl,avx512_vnni,avx512_bf16,amx_bf16,amx_int8,amx_tile,fma",True,True,,1.23.2,,,,256,128,sh14l07002s1404,3.11.9,2.1.2+cu121
20260428_010731,2026-04-28T07:06:28.604420,cpu,onnxruntime,separator1_grid_search_6ports_masked_hd128_depth3_stages2_share0,/home/liangyi/SRS_AI/Model_AIIC_refactor/experiments_refactored/20260427_072855_default_6port_separator1_masked_v2/separator1_grid_search_6ports_masked_hd128_depth3_stages2_share0,,,,,,,onnxruntime,bf16,,2,2,skipped,ONNX Runtime benchmark currently supports precision profile fp32 only,0.0,,,,,,,,,,,,,,,,510240,503808,1014552,sub-physical,0.015625,0.0078125,Intel(R) Xeon(R) 6760P,AVX512,"avx2,avx512f,avx512bw,avx512vl,avx512_vnni,avx512_bf16,amx_bf16,amx_int8,amx_tile,fma",True,True,,1.23.2,,,,256,128,sh14l07002s1404,3.11.9,2.1.2+cu121
20260428_010731,2026-04-28T07:06:28.604420,cpu,onnxruntime,separator1_grid_search_6ports_masked_hd128_depth3_stages2_share0,/home/liangyi/SRS_AI/Model_AIIC_refactor/experiments_refactored/20260427_072855_default_6port_separator1_masked_v2/separator1_grid_search_6ports_masked_hd128_depth3_stages2_share0,,,,,,,onnxruntime,bf16,,2,4,skipped,ONNX Runtime benchmark currently supports precision profile fp32 only,0.0,,,,,,,,,,,,,,,,510240,503808,1014552,sub-physical,0.03125,0.015625,Intel(R) Xeon(R) 6760P,AVX512,"avx2,avx512f,avx512bw,avx512vl,avx512_vnni,avx512_bf16,amx_bf16,amx_int8,amx_tile,fma",True,True,,1.23.2,,,,256,128,sh14l07002s1404,3.11.9,2.1.2+cu121
20260428_010731,2026-04-28T07:06:28.604420,cpu,onnxruntime,separator1_grid_search_6ports_masked_hd128_depth3_stages2_share0,/home/liangyi/SRS_AI/Model_AIIC_refactor/experiments_refactored/20260427_072855_default_6port_separator1_masked_v2/separator1_grid_search_6ports_masked_hd128_depth3_stages2_share0,,,,,,,onnxruntime,bf16,,2,8,skipped,ONNX Runtime benchmark currently supports precision profile fp32 only,0.0,,,,,,,,,,,,,,,,510240,503808,1014552,sub-physical,0.0625,0.03125,Intel(R) Xeon(R) 6760P,AVX512,"avx2,avx512f,avx512bw,avx512vl,avx512_vnni,avx512_bf16,amx_bf16,amx_int8,amx_tile,fma",True,True,,1.23.2,,,,256,128,sh14l07002s1404,3.11.9,2.1.2+cu121
20260428_010731,2026-04-28T07:06:28.604420,cpu,onnxruntime,separator1_grid_search_6ports_masked_hd128_depth3_stages2_share0,/home/liangyi/SRS_AI/Model_AIIC_refactor/experiments_refactored/20260427_072855_default_6port_separator1_masked_v2/separator1_grid_search_6ports_masked_hd128_depth3_stages2_share0,,,,,,,onnxruntime,bf16,,4,1,skipped,ONNX Runtime benchmark currently supports precision profile fp32 only,0.0,,,,,,,,,,,,,,,,510240,503808,1014552,single-thread,0.0078125,0.00390625,Intel(R) Xeon(R) 6760P,AVX512,"avx2,avx512f,avx512bw,avx512vl,avx512_vnni,avx512_bf16,amx_bf16,amx_int8,amx_tile,fma",True,True,,1.23.2,,,,256,128,sh14l07002s1404,3.11.9,2.1.2+cu121
20260428_010731,2026-04-28T07:06:28.604420,cpu,onnxruntime,separator1_grid_search_6ports_masked_hd128_depth3_stages2_share0,/home/liangyi/SRS_AI/Model_AIIC_refactor/experiments_refactored/20260427_072855_default_6port_separator1_masked_v2/separator1_grid_search_6ports_masked_hd128_depth3_stages2_share0,,,,,,,onnxruntime,bf16,,4,2,skipped,ONNX Runtime benchmark currently supports precision profile fp32 only,0.0,,,,,,,,,,,,,,,,510240,503808,1014552,sub-physical,0.015625,0.0078125,Intel(R) Xeon(R) 6760P,AVX512,"avx2,avx512f,avx512bw,avx512vl,avx512_vnni,avx512_bf16,amx_bf16,amx_int8,amx_tile,fma",True,True,,1.23.2,,,,256,128,sh14l07002s1404,3.11.9,2.1.2+cu121
20260428_010731,2026-04-28T07:06:28.604420,cpu,onnxruntime,separator1_grid_search_6ports_masked_hd128_depth3_stages2_share0,/home/liangyi/SRS_AI/Model_AIIC_refactor/experiments_refactored/20260427_072855_default_6port_separator1_masked_v2/separator1_grid_search_6ports_masked_hd128_depth3_stages2_share0,,,,,,,onnxruntime,bf16,,4,4,skipped,ONNX Runtime benchmark currently supports precision profile fp32 only,0.0,,,,,,,,,,,,,,,,510240,503808,1014552,sub-physical,0.03125,0.015625,Intel(R) Xeon(R) 6760P,AVX512,"avx2,avx512f,avx512bw,avx512vl,avx512_vnni,avx512_bf16,amx_bf16,amx_int8,amx_tile,fma",True,True,,1.23.2,,,,256,128,sh14l07002s1404,3.11.9,2.1.2+cu121
20260428_010731,2026-04-28T07:06:28.604420,cpu,onnxruntime,separator1_grid_search_6ports_masked_hd128_depth3_stages2_share0,/home/liangyi/SRS_AI/Model_AIIC_refactor/experiments_refactored/20260427_072855_default_6port_separator1_masked_v2/separator1_grid_search_6ports_masked_hd128_depth3_stages2_share0,,,,,,,onnxruntime,bf16,,4,8,skipped,ONNX Runtime benchmark currently supports precision profile fp32 only,0.0,,,,,,,,,,,,,,,,510240,503808,1014552,sub-physical,0.0625,0.03125,Intel(R) Xeon(R) 6760P,AVX512,"avx2,avx512f,avx512bw,avx512vl,avx512_vnni,avx512_bf16,amx_bf16,amx_int8,amx_tile,fma",True,True,,1.23.2,,,,256,128,sh14l07002s1404,3.11.9,2.1.2+cu121
20260428_010731,2026-04-28T07:06:28.604420,cpu,onnxruntime,separator1_grid_search_6ports_masked_hd128_depth3_stages2_share0,/home/liangyi/SRS_AI/Model_AIIC_refactor/experiments_refactored/20260427_072855_default_6port_separator1_masked_v2/separator1_grid_search_6ports_masked_hd128_depth3_stages2_share0,,,,,,,onnxruntime,bf16,,8,1,skipped,ONNX Runtime benchmark currently supports precision profile fp32 only,0.0,,,,,,,,,,,,,,,,510240,503808,1014552,single-thread,0.0078125,0.00390625,Intel(R) Xeon(R) 6760P,AVX512,"avx2,avx512f,avx512bw,avx512vl,avx512_vnni,avx512_bf16,amx_bf16,amx_int8,amx_tile,fma",True,True,,1.23.2,,,,256,128,sh14l07002s1404,3.11.9,2.1.2+cu121
20260428_010731,2026-04-28T07:06:28.604420,cpu,onnxruntime,separator1_grid_search_6ports_masked_hd128_depth3_stages2_share0,/home/liangyi/SRS_AI/Model_AIIC_refactor/experiments_refactored/20260427_072855_default_6port_separator1_masked_v2/separator1_grid_search_6ports_masked_hd128_depth3_stages2_share0,,,,,,,onnxruntime,bf16,,8,2,skipped,ONNX Runtime benchmark currently supports precision profile fp32 only,0.0,,,,,,,,,,,,,,,,510240,503808,1014552,sub-physical,0.015625,0.0078125,Intel(R) Xeon(R) 6760P,AVX512,"avx2,avx512f,avx512bw,avx512vl,avx512_vnni,avx512_bf16,amx_bf16,amx_int8,amx_tile,fma",True,True,,1.23.2,,,,256,128,sh14l07002s1404,3.11.9,2.1.2+cu121
20260428_010731,2026-04-28T07:06:28.604420,cpu,onnxruntime,separator1_grid_search_6ports_masked_hd128_depth3_stages2_share0,/home/liangyi/SRS_AI/Model_AIIC_refactor/experiments_refactored/20260427_072855_default_6port_separator1_masked_v2/separator1_grid_search_6ports_masked_hd128_depth3_stages2_share0,,,,,,,onnxruntime,bf16,,8,4,skipped,ONNX Runtime benchmark currently supports precision profile fp32 only,0.0,,,,,,,,,,,,,,,,510240,503808,1014552,sub-physical,0.03125,0.015625,Intel(R) Xeon(R) 6760P,AVX512,"avx2,avx512f,avx512bw,avx512vl,avx512_vnni,avx512_bf16,amx_bf16,amx_int8,amx_tile,fma",True,True,,1.23.2,,,,256,128,sh14l07002s1404,3.11.9,2.1.2+cu121
20260428_010731,2026-04-28T07:06:28.604420,cpu,onnxruntime,separator1_grid_search_6ports_masked_hd128_depth3_stages2_share0,/home/liangyi/SRS_AI/Model_AIIC_refactor/experiments_refactored/20260427_072855_default_6port_separator1_masked_v2/separator1_grid_search_6ports_masked_hd128_depth3_stages2_share0,,,,,,,onnxruntime,bf16,,8,8,skipped,ONNX Runtime benchmark currently supports precision profile fp32 only,0.0,,,,,,,,,,,,,,,,510240,503808,1014552,sub-physical,0.0625,0.03125,Intel(R) Xeon(R) 6760P,AVX512,"avx2,avx512f,avx512bw,avx512vl,avx512_vnni,avx512_bf16,amx_bf16,amx_int8,amx_tile,fma",True,True,,1.23.2,,,,256,128,sh14l07002s1404,3.11.9,2.1.2+cu121
20260428_010731,2026-04-28T07:06:28.604420,cpu,onnxruntime,separator1_grid_search_6ports_masked_hd128_depth3_stages2_share0,/home/liangyi/SRS_AI/Model_AIIC_refactor/experiments_refactored/20260427_072855_default_6port_separator1_masked_v2/separator1_grid_search_6ports_masked_hd128_depth3_stages2_share0,,,,,,,onnxruntime,bf16,,16,1,skipped,ONNX Runtime benchmark currently supports precision profile fp32 only,0.0,,,,,,,,,,,,,,,,510240,503808,1014552,single-thread,0.0078125,0.00390625,Intel(R) Xeon(R) 6760P,AVX512,"avx2,avx512f,avx512bw,avx512vl,avx512_vnni,avx512_bf16,amx_bf16,amx_int8,amx_tile,fma",True,True,,1.23.2,,,,256,128,sh14l07002s1404,3.11.9,2.1.2+cu121
20260428_010731,2026-04-28T07:06:28.604420,cpu,onnxruntime,separator1_grid_search_6ports_masked_hd128_depth3_stages2_share0,/home/liangyi/SRS_AI/Model_AIIC_refactor/experiments_refactored/20260427_072855_default_6port_separator1_masked_v2/separator1_grid_search_6ports_masked_hd128_depth3_stages2_share0,,,,,,,onnxruntime,bf16,,16,2,skipped,ONNX Runtime benchmark currently supports precision profile fp32 only,0.0,,,,,,,,,,,,,,,,510240,503808,1014552,sub-physical,0.015625,0.0078125,Intel(R) Xeon(R) 6760P,AVX512,"avx2,avx512f,avx512bw,avx512vl,avx512_vnni,avx512_bf16,amx_bf16,amx_int8,amx_tile,fma",True,True,,1.23.2,,,,256,128,sh14l07002s1404,3.11.9,2.1.2+cu121
20260428_010731,2026-04-28T07:06:28.604420,cpu,onnxruntime,separator1_grid_search_6ports_masked_hd128_depth3_stages2_share0,/home/liangyi/SRS_AI/Model_AIIC_refactor/experiments_refactored/20260427_072855_default_6port_separator1_masked_v2/separator1_grid_search_6ports_masked_hd128_depth3_stages2_share0,,,,,,,onnxruntime,bf16,,16,4,skipped,ONNX Runtime benchmark currently supports precision profile fp32 only,0.0,,,,,,,,,,,,,,,,510240,503808,1014552,sub-physical,0.03125,0.015625,Intel(R) Xeon(R) 6760P,AVX512,"avx2,avx512f,avx512bw,avx512vl,avx512_vnni,avx512_bf16,amx_bf16,amx_int8,amx_tile,fma",True,True,,1.23.2,,,,256,128,sh14l07002s1404,3.11.9,2.1.2+cu121
20260428_010731,2026-04-28T07:06:28.604420,cpu,onnxruntime,separator1_grid_search_6ports_masked_hd128_depth3_stages2_share0,/home/liangyi/SRS_AI/Model_AIIC_refactor/experiments_refactored/20260427_072855_default_6port_separator1_masked_v2/separator1_grid_search_6ports_masked_hd128_depth3_stages2_share0,,,,,,,onnxruntime,bf16,,16,8,skipped,ONNX Runtime benchmark currently supports precision profile fp32 only,0.0,,,,,,,,,,,,,,,,510240,503808,1014552,sub-physical,0.0625,0.03125,Intel(R) Xeon(R) 6760P,AVX512,"avx2,avx512f,avx512bw,avx512vl,avx512_vnni,avx512_bf16,amx_bf16,amx_int8,amx_tile,fma",True,True,,1.23.2,,,,256,128,sh14l07002s1404,3.11.9,2.1.2+cu121
20260428_010731,2026-04-28T07:06:28.604420,cpu,onnxruntime,separator1_grid_search_6ports_masked_hd128_depth3_stages2_share0,/home/liangyi/SRS_AI/Model_AIIC_refactor/experiments_refactored/20260427_072855_default_6port_separator1_masked_v2/separator1_grid_search_6ports_masked_hd128_depth3_stages2_share0,,,,,,,onnxruntime,bf16,,32,1,skipped,ONNX Runtime benchmark currently supports precision profile fp32 only,0.0,,,,,,,,,,,,,,,,510240,503808,1014552,single-thread,0.0078125,0.00390625,Intel(R) Xeon(R) 6760P,AVX512,"avx2,avx512f,avx512bw,avx512vl,avx512_vnni,avx512_bf16,amx_bf16,amx_int8,amx_tile,fma",True,True,,1.23.2,,,,256,128,sh14l07002s1404,3.11.9,2.1.2+cu121
20260428_010731,2026-04-28T07:06:28.604420,cpu,onnxruntime,separator1_grid_search_6ports_masked_hd128_depth3_stages2_share0,/home/liangyi/SRS_AI/Model_AIIC_refactor/experiments_refactored/20260427_072855_default_6port_separator1_masked_v2/separator1_grid_search_6ports_masked_hd128_depth3_stages2_share0,,,,,,,onnxruntime,bf16,,32,2,skipped,ONNX Runtime benchmark currently supports precision profile fp32 only,0.0,,,,,,,,,,,,,,,,510240,503808,1014552,sub-physical,0.015625,0.0078125,Intel(R) Xeon(R) 6760P,AVX512,"avx2,avx512f,avx512bw,avx512vl,avx512_vnni,avx512_bf16,amx_bf16,amx_int8,amx_tile,fma",True,True,,1.23.2,,,,256,128,sh14l07002s1404,3.11.9,2.1.2+cu121
20260428_010731,2026-04-28T07:06:28.604420,cpu,onnxruntime,separator1_grid_search_6ports_masked_hd128_depth3_stages2_share0,/home/liangyi/SRS_AI/Model_AIIC_refactor/experiments_refactored/20260427_072855_default_6port_separator1_masked_v2/separator1_grid_search_6ports_masked_hd128_depth3_stages2_share0,,,,,,,onnxruntime,bf16,,32,4,skipped,ONNX Runtime benchmark currently supports precision profile fp32 only,0.0,,,,,,,,,,,,,,,,510240,503808,1014552,sub-physical,0.03125,0.015625,Intel(R) Xeon(R) 6760P,AVX512,"avx2,avx512f,avx512bw,avx512vl,avx512_vnni,avx512_bf16,amx_bf16,amx_int8,amx_tile,fma",True,True,,1.23.2,,,,256,128,sh14l07002s1404,3.11.9,2.1.2+cu121
20260428_010731,2026-04-28T07:06:28.604420,cpu,onnxruntime,separator1_grid_search_6ports_masked_hd128_depth3_stages2_share0,/home/liangyi/SRS_AI/Model_AIIC_refactor/experiments_refactored/20260427_072855_default_6port_separator1_masked_v2/separator1_grid_search_6ports_masked_hd128_depth3_stages2_share0,,,,,,,onnxruntime,bf16,,32,8,skipped,ONNX Runtime benchmark currently supports precision profile fp32 only,0.0,,,,,,,,,,,,,,,,510240,503808,1014552,sub-physical,0.0625,0.03125,Intel(R) Xeon(R) 6760P,AVX512,"avx2,avx512f,avx512bw,avx512vl,avx512_vnni,avx512_bf16,amx_bf16,amx_int8,amx_tile,fma",True,True,,1.23.2,,,,256,128,sh14l07002s1404,3.11.9,2.1.2+cu121
20260428_010731,2026-04-28T07:06:28.604420,cpu,onnxruntime,separator1_grid_search_6ports_masked_hd128_depth3_stages2_share0,/home/liangyi/SRS_AI/Model_AIIC_refactor/experiments_refactored/20260427_072855_default_6port_separator1_masked_v2/separator1_grid_search_6ports_masked_hd128_depth3_stages2_share0,,,,,,,onnxruntime,bf16,,64,1,skipped,ONNX Runtime benchmark currently supports precision profile fp32 only,0.0,,,,,,,,,,,,,,,,510240,503808,1014552,single-thread,0.0078125,0.00390625,Intel(R) Xeon(R) 6760P,AVX512,"avx2,avx512f,avx512bw,avx512vl,avx512_vnni,avx512_bf16,amx_bf16,amx_int8,amx_tile,fma",True,True,,1.23.2,,,,256,128,sh14l07002s1404,3.11.9,2.1.2+cu121
20260428_010731,2026-04-28T07:06:28.604420,cpu,onnxruntime,separator1_grid_search_6ports_masked_hd128_depth3_stages2_share0,/home/liangyi/SRS_AI/Model_AIIC_refactor/experiments_refactored/20260427_072855_default_6port_separator1_masked_v2/separator1_grid_search_6ports_masked_hd128_depth3_stages2_share0,,,,,,,onnxruntime,bf16,,64,2,skipped,ONNX Runtime benchmark currently supports precision profile fp32 only,0.0,,,,,,,,,,,,,,,,510240,503808,1014552,sub-physical,0.015625,0.0078125,Intel(R) Xeon(R) 6760P,AVX512,"avx2,avx512f,avx512bw,avx512vl,avx512_vnni,avx512_bf16,amx_bf16,amx_int8,amx_tile,fma",True,True,,1.23.2,,,,256,128,sh14l07002s1404,3.11.9,2.1.2+cu121
20260428_010731,2026-04-28T07:06:28.604420,cpu,onnxruntime,separator1_grid_search_6ports_masked_hd128_depth3_stages2_share0,/home/liangyi/SRS_AI/Model_AIIC_refactor/experiments_refactored/20260427_072855_default_6port_separator1_masked_v2/separator1_grid_search_6ports_masked_hd128_depth3_stages2_share0,,,,,,,onnxruntime,bf16,,64,4,skipped,ONNX Runtime benchmark currently supports precision profile fp32 only,0.0,,,,,,,,,,,,,,,,510240,503808,1014552,sub-physical,0.03125,0.015625,Intel(R) Xeon(R) 6760P,AVX512,"avx2,avx512f,avx512bw,avx512vl,avx512_vnni,avx512_bf16,amx_bf16,amx_int8,amx_tile,fma",True,True,,1.23.2,,,,256,128,sh14l07002s1404,3.11.9,2.1.2+cu121
20260428_010731,2026-04-28T07:06:28.604420,cpu,onnxruntime,separator1_grid_search_6ports_masked_hd128_depth3_stages2_share0,/home/liangyi/SRS_AI/Model_AIIC_refactor/experiments_refactored/20260427_072855_default_6port_separator1_masked_v2/separator1_grid_search_6ports_masked_hd128_depth3_stages2_share0,,,,,,,onnxruntime,bf16,,64,8,skipped,ONNX Runtime benchmark currently supports precision profile fp32 only,0.0,,,,,,,,,,,,,,,,510240,503808,1014552,sub-physical,0.0625,0.03125,Intel(R) Xeon(R) 6760P,AVX512,"avx2,avx512f,avx512bw,avx512vl,avx512_vnni,avx512_bf16,amx_bf16,amx_int8,amx_tile,fma",True,True,,1.23.2,,,,256,128,sh14l07002s1404,3.11.9,2.1.2+cu121
20260428_010731,2026-04-28T07:06:28.604420,cpu,onnxruntime,separator1_grid_search_6ports_masked_hd128_depth3_stages2_share0,/home/liangyi/SRS_AI/Model_AIIC_refactor/experiments_refactored/20260427_072855_default_6port_separator1_masked_v2/separator1_grid_search_6ports_masked_hd128_depth3_stages2_share0,,,,,,,onnxruntime,bf16,,128,1,skipped,ONNX Runtime benchmark currently supports precision profile fp32 only,0.0,,,,,,,,,,,,,,,,510240,503808,1014552,single-thread,0.0078125,0.00390625,Intel(R) Xeon(R) 6760P,AVX512,"avx2,avx512f,avx512bw,avx512vl,avx512_vnni,avx512_bf16,amx_bf16,amx_int8,amx_tile,fma",True,True,,1.23.2,,,,256,128,sh14l07002s1404,3.11.9,2.1.2+cu121
20260428_010731,2026-04-28T07:06:28.604420,cpu,onnxruntime,separator1_grid_search_6ports_masked_hd128_depth3_stages2_share0,/home/liangyi/SRS_AI/Model_AIIC_refactor/experiments_refactored/20260427_072855_default_6port_separator1_masked_v2/separator1_grid_search_6ports_masked_hd128_depth3_stages2_share0,,,,,,,onnxruntime,bf16,,128,2,skipped,ONNX Runtime benchmark currently supports precision profile fp32 only,0.0,,,,,,,,,,,,,,,,510240,503808,1014552,sub-physical,0.015625,0.0078125,Intel(R) Xeon(R) 6760P,AVX512,"avx2,avx512f,avx512bw,avx512vl,avx512_vnni,avx512_bf16,amx_bf16,amx_int8,amx_tile,fma",True,True,,1.23.2,,,,256,128,sh14l07002s1404,3.11.9,2.1.2+cu121
20260428_010731,2026-04-28T07:06:28.604420,cpu,onnxruntime,separator1_grid_search_6ports_masked_hd128_depth3_stages2_share0,/home/liangyi/SRS_AI/Model_AIIC_refactor/experiments_refactored/20260427_072855_default_6port_separator1_masked_v2/separator1_grid_search_6ports_masked_hd128_depth3_stages2_share0,,,,,,,onnxruntime,bf16,,128,4,skipped,ONNX Runtime benchmark currently supports precision profile fp32 only,0.0,,,,,,,,,,,,,,,,510240,503808,1014552,sub-physical,0.03125,0.015625,Intel(R) Xeon(R) 6760P,AVX512,"avx2,avx512f,avx512bw,avx512vl,avx512_vnni,avx512_bf16,amx_bf16,amx_int8,amx_tile,fma",True,True,,1.23.2,,,,256,128,sh14l07002s1404,3.11.9,2.1.2+cu121
20260428_010731,2026-04-28T07:06:28.604420,cpu,onnxruntime,separator1_grid_search_6ports_masked_hd128_depth3_stages2_share0,/home/liangyi/SRS_AI/Model_AIIC_refactor/experiments_refactored/20260427_072855_default_6port_separator1_masked_v2/separator1_grid_search_6ports_masked_hd128_depth3_stages2_share0,,,,,,,onnxruntime,bf16,,128,8,skipped,ONNX Runtime benchmark currently supports precision profile fp32 only,0.0,,,,,,,,,,,,,,,,510240,503808,1014552,sub-physical,0.0625,0.03125,Intel(R) Xeon(R) 6760P,AVX512,"avx2,avx512f,avx512bw,avx512vl,avx512_vnni,avx512_bf16,amx_bf16,amx_int8,amx_tile,fma",True,True,,1.23.2,,,,256,128,sh14l07002s1404,3.11.9,2.1.2+cu121
20260428_010731,2026-04-28T07:06:28.604420,cpu,openvino,separator1_grid_search_6ports_masked_hd128_depth3_stages2_share0,/home/liangyi/SRS_AI/Model_AIIC_refactor/experiments_refactored/20260427_072855_default_6port_separator1_masked_v2/separator1_grid_search_6ports_masked_hd128_depth3_stages2_share0,default_6port_separator1_masked_v2,separator1_grid_search_6ports_masked_hd128_depth3_stages2_share0,supervised_nmse_plateau,separator1,12,6,openvino,fp32,float32,1,1,ok,,314.867472,20,50,0.8750483,0.03396924174499631,0.755786,0.8759825,0.9151357,0.92707195,0.9492585299999999,0.952396,1142.7940606249963,1.1427940606249962,875.9825,875.9825,1142.7940606249963,510240,503808,1014552,single-thread,0.0078125,0.00390625,Intel(R) Xeon(R) 6760P,AVX512,"avx2,avx512f,avx512bw,avx512vl,avx512_vnni,avx512_bf16,amx_bf16,amx_int8,amx_tile,fma",True,True,,,,2026.1.0,CPU,256,128,sh14l07002s1404,3.11.9,2.1.2+cu121
20260428_010731,2026-04-28T07:06:28.604420,cpu,openvino,separator1_grid_search_6ports_masked_hd128_depth3_stages2_share0,/home/liangyi/SRS_AI/Model_AIIC_refactor/experiments_refactored/20260427_072855_default_6port_separator1_masked_v2/separator1_grid_search_6ports_masked_hd128_depth3_stages2_share0,default_6port_separator1_masked_v2,separator1_grid_search_6ports_masked_hd128_depth3_stages2_share0,supervised_nmse_plateau,separator1,12,6,openvino,fp32,float32,1,2,ok,,385.017318,20,50,0.89194636,0.055861265040011404,0.739397,0.8933025,0.9641179,0.9932647499999999,1.01282463,1.020377,1121.1436526295145,1.1211436526295144,893.3025,893.3025,560.5718263147572,510240,503808,1014552,sub-physical,0.015625,0.0078125,Intel(R) Xeon(R) 6760P,AVX512,"avx2,avx512f,avx512bw,avx512vl,avx512_vnni,avx512_bf16,amx_bf16,amx_int8,amx_tile,fma",True,True,,,,2026.1.0,CPU,256,128,sh14l07002s1404,3.11.9,2.1.2+cu121
20260428_010731,2026-04-28T07:06:28.604420,cpu,openvino,separator1_grid_search_6ports_masked_hd128_depth3_stages2_share0,/home/liangyi/SRS_AI/Model_AIIC_refactor/experiments_refactored/20260427_072855_default_6port_separator1_masked_v2/separator1_grid_search_6ports_masked_hd128_depth3_stages2_share0,default_6port_separator1_masked_v2,separator1_grid_search_6ports_masked_hd128_depth3_stages2_share0,supervised_nmse_plateau,separator1,12,6,openvino,fp32,float32,1,4,ok,,329.274247,20,50,0.85394048,0.0384128062391906,0.757863,0.852934,0.8986478,0.91734185,0.9356041700000001,0.940929,1171.0418037566271,1.171041803756627,852.934,852.934,292.7604509391568,510240,503808,1014552,sub-physical,0.03125,0.015625,Intel(R) Xeon(R) 6760P,AVX512,"avx2,avx512f,avx512bw,avx512vl,avx512_vnni,avx512_bf16,amx_bf16,amx_int8,amx_tile,fma",True,True,,,,2026.1.0,CPU,256,128,sh14l07002s1404,3.11.9,2.1.2+cu121
20260428_010731,2026-04-28T07:06:28.604420,cpu,openvino,separator1_grid_search_6ports_masked_hd128_depth3_stages2_share0,/home/liangyi/SRS_AI/Model_AIIC_refactor/experiments_refactored/20260427_072855_default_6port_separator1_masked_v2/separator1_grid_search_6ports_masked_hd128_depth3_stages2_share0,default_6port_separator1_masked_v2,separator1_grid_search_6ports_masked_hd128_depth3_stages2_share0,supervised_nmse_plateau,separator1,12,6,openvino,fp32,float32,1,8,ok,,309.597479,20,50,0.93033614,0.11941120964047051,0.83924,0.8946775,1.0269781,1.1772632,1.3998792099999997,1.453324,1074.8803115398698,1.0748803115398697,894.6775,894.6775,134.36003894248373,510240,503808,1014552,sub-physical,0.0625,0.03125,Intel(R) Xeon(R) 6760P,AVX512,"avx2,avx512f,avx512bw,avx512vl,avx512_vnni,avx512_bf16,amx_bf16,amx_int8,amx_tile,fma",True,True,,,,2026.1.0,CPU,256,128,sh14l07002s1404,3.11.9,2.1.2+cu121
20260428_010731,2026-04-28T07:06:28.604420,cpu,openvino,separator1_grid_search_6ports_masked_hd128_depth3_stages2_share0,/home/liangyi/SRS_AI/Model_AIIC_refactor/experiments_refactored/20260427_072855_default_6port_separator1_masked_v2/separator1_grid_search_6ports_masked_hd128_depth3_stages2_share0,default_6port_separator1_masked_v2,separator1_grid_search_6ports_masked_hd128_depth3_stages2_share0,supervised_nmse_plateau,separator1,12,6,openvino,fp32,float32,2,1,ok,,318.533423,20,50,1.16287584,0.07272106976423272,1.005607,1.1494805000000001,1.2575479999999999,1.2795558,1.3571146399999998,1.389143,1719.8740666931387,1.7198740666931387,1149.4805000000001,574.7402500000001,1719.8740666931387,510240,503808,1014552,single-thread,0.0078125,0.00390625,Intel(R) Xeon(R) 6760P,AVX512,"avx2,avx512f,avx512bw,avx512vl,avx512_vnni,avx512_bf16,amx_bf16,amx_int8,amx_tile,fma",True,True,,,,2026.1.0,CPU,256,128,sh14l07002s1404,3.11.9,2.1.2+cu121
20260428_010731,2026-04-28T07:06:28.604420,cpu,openvino,separator1_grid_search_6ports_masked_hd128_depth3_stages2_share0,/home/liangyi/SRS_AI/Model_AIIC_refactor/experiments_refactored/20260427_072855_default_6port_separator1_masked_v2/separator1_grid_search_6ports_masked_hd128_depth3_stages2_share0,default_6port_separator1_masked_v2,separator1_grid_search_6ports_masked_hd128_depth3_stages2_share0,supervised_nmse_plateau,separator1,12,6,openvino,fp32,float32,2,2,ok,,333.504424,20,50,1.19835642,0.07093218301760915,0.97298,1.2098585,1.2688772,1.2940115,1.31407465,1.322951,1668.952547523382,1.668952547523382,1209.8585,604.92925,834.476273761691,510240,503808,1014552,sub-physical,0.015625,0.0078125,Intel(R) Xeon(R) 6760P,AVX512,"avx2,avx512f,avx512bw,avx512vl,avx512_vnni,avx512_bf16,amx_bf16,amx_int8,amx_tile,fma",True,True,,,,2026.1.0,CPU,256,128,sh14l07002s1404,3.11.9,2.1.2+cu121
20260428_010731,2026-04-28T07:06:28.604420,cpu,openvino,separator1_grid_search_6ports_masked_hd128_depth3_stages2_share0,/home/liangyi/SRS_AI/Model_AIIC_refactor/experiments_refactored/20260427_072855_default_6port_separator1_masked_v2/separator1_grid_search_6ports_masked_hd128_depth3_stages2_share0,default_6port_separator1_masked_v2,separator1_grid_search_6ports_masked_hd128_depth3_stages2_share0,supervised_nmse_plateau,separator1,12,6,openvino,fp32,float32,2,4,ok,,369.073802,20,50,1.16631304,0.06629753248076733,0.998878,1.1556545,1.2651133,1.2752297000000001,1.28952399,1.294546,1714.8054865270137,1.7148054865270137,1155.6545,577.82725,428.70137163175343,510240,503808,1014552,sub-physical,0.03125,0.015625,Intel(R) Xeon(R) 6760P,AVX512,"avx2,avx512f,avx512bw,avx512vl,avx512_vnni,avx512_bf16,amx_bf16,amx_int8,amx_tile,fma",True,True,,,,2026.1.0,CPU,256,128,sh14l07002s1404,3.11.9,2.1.2+cu121
20260428_010731,2026-04-28T07:06:28.604420,cpu,openvino,separator1_grid_search_6ports_masked_hd128_depth3_stages2_share0,/home/liangyi/SRS_AI/Model_AIIC_refactor/experiments_refactored/20260427_072855_default_6port_separator1_masked_v2/separator1_grid_search_6ports_masked_hd128_depth3_stages2_share0,default_6port_separator1_masked_v2,separator1_grid_search_6ports_masked_hd128_depth3_stages2_share0,supervised_nmse_plateau,separator1,12,6,openvino,fp32,float32,2,8,ok,,308.569247,20,50,1.18397688,0.0625397176698584,1.073825,1.175422,1.2554847999999998,1.31114095,1.37204626,1.376175,1689.2221746762489,1.6892221746762488,1175.422,587.711,211.1527718345311,510240,503808,1014552,sub-physical,0.0625,0.03125,Intel(R) Xeon(R) 6760P,AVX512,"avx2,avx512f,avx512bw,avx512vl,avx512_vnni,avx512_bf16,amx_bf16,amx_int8,amx_tile,fma",True,True,,,,2026.1.0,CPU,256,128,sh14l07002s1404,3.11.9,2.1.2+cu121
20260428_010731,2026-04-28T07:06:28.604420,cpu,openvino,separator1_grid_search_6ports_masked_hd128_depth3_stages2_share0,/home/liangyi/SRS_AI/Model_AIIC_refactor/experiments_refactored/20260427_072855_default_6port_separator1_masked_v2/separator1_grid_search_6ports_masked_hd128_depth3_stages2_share0,default_6port_separator1_masked_v2,separator1_grid_search_6ports_masked_hd128_depth3_stages2_share0,supervised_nmse_plateau,separator1,12,6,openvino,fp32,float32,4,1,ok,,383.674521,20,50,1.24469014,0.060281546215408245,1.119775,1.232284,1.3277068,1.3446909,1.3659345299999999,1.379362,3213.6512304982184,3.2136512304982183,1232.2839999999999,308.07099999999997,3213.6512304982184,510240,503808,1014552,single-thread,0.0078125,0.00390625,Intel(R) Xeon(R) 6760P,AVX512,"avx2,avx512f,avx512bw,avx512vl,avx512_vnni,avx512_bf16,amx_bf16,amx_int8,amx_tile,fma",True,True,,,,2026.1.0,CPU,256,128,sh14l07002s1404,3.11.9,2.1.2+cu121
20260428_010731,2026-04-28T07:06:28.604420,cpu,openvino,separator1_grid_search_6ports_masked_hd128_depth3_stages2_share0,/home/liangyi/SRS_AI/Model_AIIC_refactor/experiments_refactored/20260427_072855_default_6port_separator1_masked_v2/separator1_grid_search_6ports_masked_hd128_depth3_stages2_share0,default_6port_separator1_masked_v2,separator1_grid_search_6ports_masked_hd128_depth3_stages2_share0,supervised_nmse_plateau,separator1,12,6,openvino,fp32,float32,4,2,ok,,306.362769,20,50,1.4146551,0.9251535343508179,1.139958,1.286142,1.3959208,1.4444118,4.732302179999987,7.866008,2827.5443251150045,2.8275443251150048,1286.1419999999998,321.53549999999996,1413.7721625575023,510240,503808,1014552,sub-physical,0.015625,0.0078125,Intel(R) Xeon(R) 6760P,AVX512,"avx2,avx512f,avx512bw,avx512vl,avx512_vnni,avx512_bf16,amx_bf16,amx_int8,amx_tile,fma",True,True,,,,2026.1.0,CPU,256,128,sh14l07002s1404,3.11.9,2.1.2+cu121
20260428_010731,2026-04-28T07:06:28.604420,cpu,openvino,separator1_grid_search_6ports_masked_hd128_depth3_stages2_share0,/home/liangyi/SRS_AI/Model_AIIC_refactor/experiments_refactored/20260427_072855_default_6port_separator1_masked_v2/separator1_grid_search_6ports_masked_hd128_depth3_stages2_share0,default_6port_separator1_masked_v2,separator1_grid_search_6ports_masked_hd128_depth3_stages2_share0,supervised_nmse_plateau,separator1,12,6,openvino,fp32,float32,4,4,ok,,310.342704,20,50,1.2868465,0.07948096456139671,1.155867,1.2681885,1.4096047999999999,1.4413584000000002,1.47360168,1.484856,3108.3738425678584,3.1083738425678584,1268.1885,317.047125,777.0934606419646,510240,503808,1014552,sub-physical,0.03125,0.015625,Intel(R) Xeon(R) 6760P,AVX512,"avx2,avx512f,avx512bw,avx512vl,avx512_vnni,avx512_bf16,amx_bf16,amx_int8,amx_tile,fma",True,True,,,,2026.1.0,CPU,256,128,sh14l07002s1404,3.11.9,2.1.2+cu121
20260428_010731,2026-04-28T07:06:28.604420,cpu,openvino,separator1_grid_search_6ports_masked_hd128_depth3_stages2_share0,/home/liangyi/SRS_AI/Model_AIIC_refactor/experiments_refactored/20260427_072855_default_6port_separator1_masked_v2/separator1_grid_search_6ports_masked_hd128_depth3_stages2_share0,default_6port_separator1_masked_v2,separator1_grid_search_6ports_masked_hd128_depth3_stages2_share0,supervised_nmse_plateau,separator1,12,6,openvino,fp32,float32,4,8,ok,,351.273864,20,50,1.2955793,0.07397013690300971,1.135088,1.277442,1.4013009,1.4282774,1.49335297,1.516455,3087.4219740929793,3.087421974092979,1277.442,319.3605,385.9277467616224,510240,503808,1014552,sub-physical,0.0625,0.03125,Intel(R) Xeon(R) 6760P,AVX512,"avx2,avx512f,avx512bw,avx512vl,avx512_vnni,avx512_bf16,amx_bf16,amx_int8,amx_tile,fma",True,True,,,,2026.1.0,CPU,256,128,sh14l07002s1404,3.11.9,2.1.2+cu121
20260428_010731,2026-04-28T07:06:28.604420,cpu,openvino,separator1_grid_search_6ports_masked_hd128_depth3_stages2_share0,/home/liangyi/SRS_AI/Model_AIIC_refactor/experiments_refactored/20260427_072855_default_6port_separator1_masked_v2/separator1_grid_search_6ports_masked_hd128_depth3_stages2_share0,default_6port_separator1_masked_v2,separator1_grid_search_6ports_masked_hd128_depth3_stages2_share0,supervised_nmse_plateau,separator1,12,6,openvino,fp32,float32,8,1,ok,,312.509593,20,50,1.43624492,0.07399982700624103,1.309777,1.439416,1.5192019,1.5610401999999999,1.59330056,1.596219,5570.080623853486,5.570080623853486,1439.416,179.927,5570.080623853486,510240,503808,1014552,single-thread,0.0078125,0.00390625,Intel(R) Xeon(R) 6760P,AVX512,"avx2,avx512f,avx512bw,avx512vl,avx512_vnni,avx512_bf16,amx_bf16,amx_int8,amx_tile,fma",True,True,,,,2026.1.0,CPU,256,128,sh14l07002s1404,3.11.9,2.1.2+cu121
20260428_010731,2026-04-28T07:06:28.604420,cpu,openvino,separator1_grid_search_6ports_masked_hd128_depth3_stages2_share0,/home/liangyi/SRS_AI/Model_AIIC_refactor/experiments_refactored/20260427_072855_default_6port_separator1_masked_v2/separator1_grid_search_6ports_masked_hd128_depth3_stages2_share0,default_6port_separator1_masked_v2,separator1_grid_search_6ports_masked_hd128_depth3_stages2_share0,supervised_nmse_plateau,separator1,12,6,openvino,fp32,float32,8,2,ok,,309.12937,20,50,1.48586652,0.1071763099249531,1.219168,1.496587,1.6380276,1.6524277,1.69729582,1.721885,5384.063704457113,5.384063704457113,1496.587,187.073375,2692.0318522285565,510240,503808,1014552,sub-physical,0.015625,0.0078125,Intel(R) Xeon(R) 6760P,AVX512,"avx2,avx512f,avx512bw,avx512vl,avx512_vnni,avx512_bf16,amx_bf16,amx_int8,amx_tile,fma",True,True,,,,2026.1.0,CPU,256,128,sh14l07002s1404,3.11.9,2.1.2+cu121
20260428_010731,2026-04-28T07:06:28.604420,cpu,openvino,separator1_grid_search_6ports_masked_hd128_depth3_stages2_share0,/home/liangyi/SRS_AI/Model_AIIC_refactor/experiments_refactored/20260427_072855_default_6port_separator1_masked_v2/separator1_grid_search_6ports_masked_hd128_depth3_stages2_share0,default_6port_separator1_masked_v2,separator1_grid_search_6ports_masked_hd128_depth3_stages2_share0,supervised_nmse_plateau,separator1,12,6,openvino,fp32,float32,8,4,ok,,326.60125,20,50,1.45369984,0.08458070028992665,1.263139,1.4385919999999999,1.580724,1.6145622,1.6334946,1.648175,5503.199339968284,5.503199339968284,1438.5919999999999,179.82399999999998,1375.799834992071,510240,503808,1014552,sub-physical,0.03125,0.015625,Intel(R) Xeon(R) 6760P,AVX512,"avx2,avx512f,avx512bw,avx512vl,avx512_vnni,avx512_bf16,amx_bf16,amx_int8,amx_tile,fma",True,True,,,,2026.1.0,CPU,256,128,sh14l07002s1404,3.11.9,2.1.2+cu121
20260428_010731,2026-04-28T07:06:28.604420,cpu,openvino,separator1_grid_search_6ports_masked_hd128_depth3_stages2_share0,/home/liangyi/SRS_AI/Model_AIIC_refactor/experiments_refactored/20260427_072855_default_6port_separator1_masked_v2/separator1_grid_search_6ports_masked_hd128_depth3_stages2_share0,default_6port_separator1_masked_v2,separator1_grid_search_6ports_masked_hd128_depth3_stages2_share0,supervised_nmse_plateau,separator1,12,6,openvino,fp32,float32,8,8,ok,,324.684143,20,50,1.48190032,0.091717584851639,1.207756,1.47722,1.597782,1.6053161,1.6676773799999998,1.722674,5398.473765091028,5.398473765091028,1477.22,184.6525,674.8092206363785,510240,503808,1014552,sub-physical,0.0625,0.03125,Intel(R) Xeon(R) 6760P,AVX512,"avx2,avx512f,avx512bw,avx512vl,avx512_vnni,avx512_bf16,amx_bf16,amx_int8,amx_tile,fma",True,True,,,,2026.1.0,CPU,256,128,sh14l07002s1404,3.11.9,2.1.2+cu121
20260428_010731,2026-04-28T07:06:28.604420,cpu,openvino,separator1_grid_search_6ports_masked_hd128_depth3_stages2_share0,/home/liangyi/SRS_AI/Model_AIIC_refactor/experiments_refactored/20260427_072855_default_6port_separator1_masked_v2/separator1_grid_search_6ports_masked_hd128_depth3_stages2_share0,default_6port_separator1_masked_v2,separator1_grid_search_6ports_masked_hd128_depth3_stages2_share0,supervised_nmse_plateau,separator1,12,6,openvino,fp32,float32,16,1,ok,,335.117997,20,50,2.68242832,0.12400568733416063,2.46489,2.6931760000000002,2.8172798,2.8532534,3.0257423699999997,3.055087,5964.744660912318,5.964744660912318,2693.1760000000004,168.32350000000002,5964.744660912318,510240,503808,1014552,single-thread,0.0078125,0.00390625,Intel(R) Xeon(R) 6760P,AVX512,"avx2,avx512f,avx512bw,avx512vl,avx512_vnni,avx512_bf16,amx_bf16,amx_int8,amx_tile,fma",True,True,,,,2026.1.0,CPU,256,128,sh14l07002s1404,3.11.9,2.1.2+cu121
20260428_010731,2026-04-28T07:06:28.604420,cpu,openvino,separator1_grid_search_6ports_masked_hd128_depth3_stages2_share0,/home/liangyi/SRS_AI/Model_AIIC_refactor/experiments_refactored/20260427_072855_default_6port_separator1_masked_v2/separator1_grid_search_6ports_masked_hd128_depth3_stages2_share0,default_6port_separator1_masked_v2,separator1_grid_search_6ports_masked_hd128_depth3_stages2_share0,supervised_nmse_plateau,separator1,12,6,openvino,fp32,float32,16,2,ok,,380.058859,20,50,2.67751736,0.12810031524235374,2.405092,2.6648389999999997,2.8551378,2.90491865,3.00269914,3.059203,5975.684878472646,5.975684878472646,2664.839,166.5524375,2987.842439236323,510240,503808,1014552,sub-physical,0.015625,0.0078125,Intel(R) Xeon(R) 6760P,AVX512,"avx2,avx512f,avx512bw,avx512vl,avx512_vnni,avx512_bf16,amx_bf16,amx_int8,amx_tile,fma",True,True,,,,2026.1.0,CPU,256,128,sh14l07002s1404,3.11.9,2.1.2+cu121
20260428_010731,2026-04-28T07:06:28.604420,cpu,openvino,separator1_grid_search_6ports_masked_hd128_depth3_stages2_share0,/home/liangyi/SRS_AI/Model_AIIC_refactor/experiments_refactored/20260427_072855_default_6port_separator1_masked_v2/separator1_grid_search_6ports_masked_hd128_depth3_stages2_share0,default_6port_separator1_masked_v2,separator1_grid_search_6ports_masked_hd128_depth3_stages2_share0,supervised_nmse_plateau,separator1,12,6,openvino,fp32,float32,16,4,ok,,348.567981,20,50,2.62210524,0.13417212659588573,2.275583,2.633935,2.7781281,2.8138370999999998,2.8457579199999996,2.860356,6101.967135384696,6.1019671353846965,2633.935,164.6209375,1525.491783846174,510240,503808,1014552,sub-physical,0.03125,0.015625,Intel(R) Xeon(R) 6760P,AVX512,"avx2,avx512f,avx512bw,avx512vl,avx512_vnni,avx512_bf16,amx_bf16,amx_int8,amx_tile,fma",True,True,,,,2026.1.0,CPU,256,128,sh14l07002s1404,3.11.9,2.1.2+cu121
20260428_010731,2026-04-28T07:06:28.604420,cpu,openvino,separator1_grid_search_6ports_masked_hd128_depth3_stages2_share0,/home/liangyi/SRS_AI/Model_AIIC_refactor/experiments_refactored/20260427_072855_default_6port_separator1_masked_v2/separator1_grid_search_6ports_masked_hd128_depth3_stages2_share0,default_6port_separator1_masked_v2,separator1_grid_search_6ports_masked_hd128_depth3_stages2_share0,supervised_nmse_plateau,separator1,12,6,openvino,fp32,float32,16,8,ok,,326.850801,20,50,2.66420668,0.18452535376944165,1.980799,2.6455830000000002,2.9443196,2.9954761,3.0808465199999997,3.117279,6005.540080696743,6.0055400806967425,2645.583,165.3489375,750.6925100870928,510240,503808,1014552,sub-physical,0.0625,0.03125,Intel(R) Xeon(R) 6760P,AVX512,"avx2,avx512f,avx512bw,avx512vl,avx512_vnni,avx512_bf16,amx_bf16,amx_int8,amx_tile,fma",True,True,,,,2026.1.0,CPU,256,128,sh14l07002s1404,3.11.9,2.1.2+cu121
20260428_010731,2026-04-28T07:06:28.604420,cpu,openvino,separator1_grid_search_6ports_masked_hd128_depth3_stages2_share0,/home/liangyi/SRS_AI/Model_AIIC_refactor/experiments_refactored/20260427_072855_default_6port_separator1_masked_v2/separator1_grid_search_6ports_masked_hd128_depth3_stages2_share0,default_6port_separator1_masked_v2,separator1_grid_search_6ports_masked_hd128_depth3_stages2_share0,supervised_nmse_plateau,separator1,12,6,openvino,fp32,float32,32,1,ok,,317.524719,20,50,2.86686964,0.20286117017672553,2.199072,2.8903005000000004,3.0957576,3.1441718,3.16477015,3.180286,11162.00037613151,11.162000376131509,2890.3005000000003,90.32189062500001,11162.00037613151,510240,503808,1014552,single-thread,0.0078125,0.00390625,Intel(R) Xeon(R) 6760P,AVX512,"avx2,avx512f,avx512bw,avx512vl,avx512_vnni,avx512_bf16,amx_bf16,amx_int8,amx_tile,fma",True,True,,,,2026.1.0,CPU,256,128,sh14l07002s1404,3.11.9,2.1.2+cu121
20260428_010731,2026-04-28T07:06:28.604420,cpu,openvino,separator1_grid_search_6ports_masked_hd128_depth3_stages2_share0,/home/liangyi/SRS_AI/Model_AIIC_refactor/experiments_refactored/20260427_072855_default_6port_separator1_masked_v2/separator1_grid_search_6ports_masked_hd128_depth3_stages2_share0,default_6port_separator1_masked_v2,separator1_grid_search_6ports_masked_hd128_depth3_stages2_share0,supervised_nmse_plateau,separator1,12,6,openvino,fp32,float32,32,2,ok,,306.438243,20,50,2.77268508,0.13861239834788805,2.521776,2.7768924999999998,2.9511283,3.00562115,3.1102832599999997,3.183698,11541.159228944962,11.541159228944961,2776.8925,86.777890625,5770.579614472481,510240,503808,1014552,sub-physical,0.015625,0.0078125,Intel(R) Xeon(R) 6760P,AVX512,"avx2,avx512f,avx512bw,avx512vl,avx512_vnni,avx512_bf16,amx_bf16,amx_int8,amx_tile,fma",True,True,,,,2026.1.0,CPU,256,128,sh14l07002s1404,3.11.9,2.1.2+cu121
20260428_010731,2026-04-28T07:06:28.604420,cpu,openvino,separator1_grid_search_6ports_masked_hd128_depth3_stages2_share0,/home/liangyi/SRS_AI/Model_AIIC_refactor/experiments_refactored/20260427_072855_default_6port_separator1_masked_v2/separator1_grid_search_6ports_masked_hd128_depth3_stages2_share0,default_6port_separator1_masked_v2,separator1_grid_search_6ports_masked_hd128_depth3_stages2_share0,supervised_nmse_plateau,separator1,12,6,openvino,fp32,float32,32,4,ok,,318.412154,20,50,2.83392052,0.1691745822718342,2.478613,2.8351095,3.0120092,3.0468192999999997,3.2467314099999993,3.41759,11291.777512518242,11.291777512518241,2835.1095,88.597171875,2822.9443781295604,510240,503808,1014552,sub-physical,0.03125,0.015625,Intel(R) Xeon(R) 6760P,AVX512,"avx2,avx512f,avx512bw,avx512vl,avx512_vnni,avx512_bf16,amx_bf16,amx_int8,amx_tile,fma",True,True,,,,2026.1.0,CPU,256,128,sh14l07002s1404,3.11.9,2.1.2+cu121
20260428_010731,2026-04-28T07:06:28.604420,cpu,openvino,separator1_grid_search_6ports_masked_hd128_depth3_stages2_share0,/home/liangyi/SRS_AI/Model_AIIC_refactor/experiments_refactored/20260427_072855_default_6port_separator1_masked_v2/separator1_grid_search_6ports_masked_hd128_depth3_stages2_share0,default_6port_separator1_masked_v2,separator1_grid_search_6ports_masked_hd128_depth3_stages2_share0,supervised_nmse_plateau,separator1,12,6,openvino,fp32,float32,32,8,ok,,310.076473,20,50,2.7026409399999998,0.17229104010788374,2.307492,2.688827,2.9160706,2.98066435,3.1005561299999997,3.131604,11840.270576231263,11.840270576231264,2688.8269999999998,84.02584374999999,1480.033822028908,510240,503808,1014552,sub-physical,0.0625,0.03125,Intel(R) Xeon(R) 6760P,AVX512,"avx2,avx512f,avx512bw,avx512vl,avx512_vnni,avx512_bf16,amx_bf16,amx_int8,amx_tile,fma",True,True,,,,2026.1.0,CPU,256,128,sh14l07002s1404,3.11.9,2.1.2+cu121
20260428_010731,2026-04-28T07:06:28.604420,cpu,openvino,separator1_grid_search_6ports_masked_hd128_depth3_stages2_share0,/home/liangyi/SRS_AI/Model_AIIC_refactor/experiments_refactored/20260427_072855_default_6port_separator1_masked_v2/separator1_grid_search_6ports_masked_hd128_depth3_stages2_share0,default_6port_separator1_masked_v2,separator1_grid_search_6ports_masked_hd128_depth3_stages2_share0,supervised_nmse_plateau,separator1,12,6,openvino,fp32,float32,64,1,ok,,314.256837,20,50,3.6875621,0.1692517412916334,3.310667,3.6748025,3.9001935,3.9665195,4.07142638,4.135831,17355.639922647,17.355639922646997,3674.8025000000002,57.418789062500004,17355.639922647,510240,503808,1014552,single-thread,0.0078125,0.00390625,Intel(R) Xeon(R) 6760P,AVX512,"avx2,avx512f,avx512bw,avx512vl,avx512_vnni,avx512_bf16,amx_bf16,amx_int8,amx_tile,fma",True,True,,,,2026.1.0,CPU,256,128,sh14l07002s1404,3.11.9,2.1.2+cu121
20260428_010731,2026-04-28T07:06:28.604420,cpu,openvino,separator1_grid_search_6ports_masked_hd128_depth3_stages2_share0,/home/liangyi/SRS_AI/Model_AIIC_refactor/experiments_refactored/20260427_072855_default_6port_separator1_masked_v2/separator1_grid_search_6ports_masked_hd128_depth3_stages2_share0,default_6port_separator1_masked_v2,separator1_grid_search_6ports_masked_hd128_depth3_stages2_share0,supervised_nmse_plateau,separator1,12,6,openvino,fp32,float32,64,2,ok,,332.604409,20,50,3.53302542,0.17199946838081678,3.14044,3.5053185,3.7933587,3.8866159,3.96952261,4.037687,18114.786165337016,18.114786165337016,3505.3185,54.7706015625,9057.393082668508,510240,503808,1014552,sub-physical,0.015625,0.0078125,Intel(R) Xeon(R) 6760P,AVX512,"avx2,avx512f,avx512bw,avx512vl,avx512_vnni,avx512_bf16,amx_bf16,amx_int8,amx_tile,fma",True,True,,,,2026.1.0,CPU,256,128,sh14l07002s1404,3.11.9,2.1.2+cu121
20260428_010731,2026-04-28T07:06:28.604420,cpu,openvino,separator1_grid_search_6ports_masked_hd128_depth3_stages2_share0,/home/liangyi/SRS_AI/Model_AIIC_refactor/experiments_refactored/20260427_072855_default_6port_separator1_masked_v2/separator1_grid_search_6ports_masked_hd128_depth3_stages2_share0,default_6port_separator1_masked_v2,separator1_grid_search_6ports_masked_hd128_depth3_stages2_share0,supervised_nmse_plateau,separator1,12,6,openvino,fp32,float32,64,4,ok,,382.483025,20,50,3.54867358,0.159370558644574,3.200407,3.540956,3.7369551,3.792689,3.9293697,3.941605,18034.90756678725,18.03490756678725,3540.956,55.3274375,4508.726891696812,510240,503808,1014552,sub-physical,0.03125,0.015625,Intel(R) Xeon(R) 6760P,AVX512,"avx2,avx512f,avx512bw,avx512vl,avx512_vnni,avx512_bf16,amx_bf16,amx_int8,amx_tile,fma",True,True,,,,2026.1.0,CPU,256,128,sh14l07002s1404,3.11.9,2.1.2+cu121
20260428_010731,2026-04-28T07:06:28.604420,cpu,openvino,separator1_grid_search_6ports_masked_hd128_depth3_stages2_share0,/home/liangyi/SRS_AI/Model_AIIC_refactor/experiments_refactored/20260427_072855_default_6port_separator1_masked_v2/separator1_grid_search_6ports_masked_hd128_depth3_stages2_share0,default_6port_separator1_masked_v2,separator1_grid_search_6ports_masked_hd128_depth3_stages2_share0,supervised_nmse_plateau,separator1,12,6,openvino,fp32,float32,64,8,ok,,308.144564,20,50,3.34320972,0.15910671368274062,2.937716,3.3512120000000003,3.5608485,3.5858034,3.6082626799999997,3.62084,19143.280069190514,19.143280069190514,3351.2120000000004,52.36268750000001,2392.9100086488143,510240,503808,1014552,sub-physical,0.0625,0.03125,Intel(R) Xeon(R) 6760P,AVX512,"avx2,avx512f,avx512bw,avx512vl,avx512_vnni,avx512_bf16,amx_bf16,amx_int8,amx_tile,fma",True,True,,,,2026.1.0,CPU,256,128,sh14l07002s1404,3.11.9,2.1.2+cu121
20260428_010731,2026-04-28T07:06:28.604420,cpu,openvino,separator1_grid_search_6ports_masked_hd128_depth3_stages2_share0,/home/liangyi/SRS_AI/Model_AIIC_refactor/experiments_refactored/20260427_072855_default_6port_separator1_masked_v2/separator1_grid_search_6ports_masked_hd128_depth3_stages2_share0,default_6port_separator1_masked_v2,separator1_grid_search_6ports_masked_hd128_depth3_stages2_share0,supervised_nmse_plateau,separator1,12,6,openvino,fp32,float32,128,1,ok,,311.220143,20,50,3.86916242,0.17363454094034286,3.461591,3.8999555,4.0635174,4.120517850000001,4.247361369999999,4.282537,33082.09532335942,33.08209532335942,3899.9555,30.46840234375,33082.09532335942,510240,503808,1014552,single-thread,0.0078125,0.00390625,Intel(R) Xeon(R) 6760P,AVX512,"avx2,avx512f,avx512bw,avx512vl,avx512_vnni,avx512_bf16,amx_bf16,amx_int8,amx_tile,fma",True,True,,,,2026.1.0,CPU,256,128,sh14l07002s1404,3.11.9,2.1.2+cu121
20260428_010731,2026-04-28T07:06:28.604420,cpu,openvino,separator1_grid_search_6ports_masked_hd128_depth3_stages2_share0,/home/liangyi/SRS_AI/Model_AIIC_refactor/experiments_refactored/20260427_072855_default_6port_separator1_masked_v2/separator1_grid_search_6ports_masked_hd128_depth3_stages2_share0,default_6port_separator1_masked_v2,separator1_grid_search_6ports_masked_hd128_depth3_stages2_share0,supervised_nmse_plateau,separator1,12,6,openvino,fp32,float32,128,2,ok,,360.149064,20,50,3.75310084,0.2494943108223801,2.848124,3.772921,3.9574352999999998,4.01862165,4.2467386,4.293612,34105.13211789961,34.10513211789961,3772.9210000000003,29.475945312500002,17052.566058949804,510240,503808,1014552,sub-physical,0.015625,0.0078125,Intel(R) Xeon(R) 6760P,AVX512,"avx2,avx512f,avx512bw,avx512vl,avx512_vnni,avx512_bf16,amx_bf16,amx_int8,amx_tile,fma",True,True,,,,2026.1.0,CPU,256,128,sh14l07002s1404,3.11.9,2.1.2+cu121
20260428_010731,2026-04-28T07:06:28.604420,cpu,openvino,separator1_grid_search_6ports_masked_hd128_depth3_stages2_share0,/home/liangyi/SRS_AI/Model_AIIC_refactor/experiments_refactored/20260427_072855_default_6port_separator1_masked_v2/separator1_grid_search_6ports_masked_hd128_depth3_stages2_share0,default_6port_separator1_masked_v2,separator1_grid_search_6ports_masked_hd128_depth3_stages2_share0,supervised_nmse_plateau,separator1,12,6,openvino,fp32,float32,128,4,ok,,407.593812,20,50,3.75159834,0.16067410765292708,3.428368,3.7592369999999997,3.9514495999999997,4.0021946,4.063814069999999,4.117497,34118.79108572161,34.11879108572161,3759.2369999999996,29.369039062499997,8529.697771430403,510240,503808,1014552,sub-physical,0.03125,0.015625,Intel(R) Xeon(R) 6760P,AVX512,"avx2,avx512f,avx512bw,avx512vl,avx512_vnni,avx512_bf16,amx_bf16,amx_int8,amx_tile,fma",True,True,,,,2026.1.0,CPU,256,128,sh14l07002s1404,3.11.9,2.1.2+cu121
20260428_010731,2026-04-28T07:06:28.604420,cpu,openvino,separator1_grid_search_6ports_masked_hd128_depth3_stages2_share0,/home/liangyi/SRS_AI/Model_AIIC_refactor/experiments_refactored/20260427_072855_default_6port_separator1_masked_v2/separator1_grid_search_6ports_masked_hd128_depth3_stages2_share0,default_6port_separator1_masked_v2,separator1_grid_search_6ports_masked_hd128_depth3_stages2_share0,supervised_nmse_plateau,separator1,12,6,openvino,fp32,float32,128,8,ok,,307.563253,20,50,3.65636786,0.16120400301667573,3.324105,3.6515120000000003,3.8851877000000004,3.92796445,3.9966387199999995,4.039255,35007.41853693026,35.00741853693026,3651.512,28.5274375,4375.927317116282,510240,503808,1014552,sub-physical,0.0625,0.03125,Intel(R) Xeon(R) 6760P,AVX512,"avx2,avx512f,avx512bw,avx512vl,avx512_vnni,avx512_bf16,amx_bf16,amx_int8,amx_tile,fma",True,True,,,,2026.1.0,CPU,256,128,sh14l07002s1404,3.11.9,2.1.2+cu121
20260428_010731,2026-04-28T07:06:28.604420,cpu,openvino,separator1_grid_search_6ports_masked_hd128_depth3_stages2_share0,/home/liangyi/SRS_AI/Model_AIIC_refactor/experiments_refactored/20260427_072855_default_6port_separator1_masked_v2/separator1_grid_search_6ports_masked_hd128_depth3_stages2_share0,,,,,,,openvino,bf16,,1,1,skipped,OpenVINO benchmark currently supports precision profile fp32 only,0.0,,,,,,,,,,,,,,,,510240,503808,1014552,single-thread,0.0078125,0.00390625,Intel(R) Xeon(R) 6760P,AVX512,"avx2,avx512f,avx512bw,avx512vl,avx512_vnni,avx512_bf16,amx_bf16,amx_int8,amx_tile,fma",True,True,,,,2026.1.0,,256,128,sh14l07002s1404,3.11.9,2.1.2+cu121
20260428_010731,2026-04-28T07:06:28.604420,cpu,openvino,separator1_grid_search_6ports_masked_hd128_depth3_stages2_share0,/home/liangyi/SRS_AI/Model_AIIC_refactor/experiments_refactored/20260427_072855_default_6port_separator1_masked_v2/separator1_grid_search_6ports_masked_hd128_depth3_stages2_share0,,,,,,,openvino,bf16,,1,2,skipped,OpenVINO benchmark currently supports precision profile fp32 only,0.0,,,,,,,,,,,,,,,,510240,503808,1014552,sub-physical,0.015625,0.0078125,Intel(R) Xeon(R) 6760P,AVX512,"avx2,avx512f,avx512bw,avx512vl,avx512_vnni,avx512_bf16,amx_bf16,amx_int8,amx_tile,fma",True,True,,,,2026.1.0,,256,128,sh14l07002s1404,3.11.9,2.1.2+cu121
20260428_010731,2026-04-28T07:06:28.604420,cpu,openvino,separator1_grid_search_6ports_masked_hd128_depth3_stages2_share0,/home/liangyi/SRS_AI/Model_AIIC_refactor/experiments_refactored/20260427_072855_default_6port_separator1_masked_v2/separator1_grid_search_6ports_masked_hd128_depth3_stages2_share0,,,,,,,openvino,bf16,,1,4,skipped,OpenVINO benchmark currently supports precision profile fp32 only,0.0,,,,,,,,,,,,,,,,510240,503808,1014552,sub-physical,0.03125,0.015625,Intel(R) Xeon(R) 6760P,AVX512,"avx2,avx512f,avx512bw,avx512vl,avx512_vnni,avx512_bf16,amx_bf16,amx_int8,amx_tile,fma",True,True,,,,2026.1.0,,256,128,sh14l07002s1404,3.11.9,2.1.2+cu121
20260428_010731,2026-04-28T07:06:28.604420,cpu,openvino,separator1_grid_search_6ports_masked_hd128_depth3_stages2_share0,/home/liangyi/SRS_AI/Model_AIIC_refactor/experiments_refactored/20260427_072855_default_6port_separator1_masked_v2/separator1_grid_search_6ports_masked_hd128_depth3_stages2_share0,,,,,,,openvino,bf16,,1,8,skipped,OpenVINO benchmark currently supports precision profile fp32 only,0.0,,,,,,,,,,,,,,,,510240,503808,1014552,sub-physical,0.0625,0.03125,Intel(R) Xeon(R) 6760P,AVX512,"avx2,avx512f,avx512bw,avx512vl,avx512_vnni,avx512_bf16,amx_bf16,amx_int8,amx_tile,fma",True,True,,,,2026.1.0,,256,128,sh14l07002s1404,3.11.9,2.1.2+cu121
20260428_010731,2026-04-28T07:06:28.604420,cpu,openvino,separator1_grid_search_6ports_masked_hd128_depth3_stages2_share0,/home/liangyi/SRS_AI/Model_AIIC_refactor/experiments_refactored/20260427_072855_default_6port_separator1_masked_v2/separator1_grid_search_6ports_masked_hd128_depth3_stages2_share0,,,,,,,openvino,bf16,,2,1,skipped,OpenVINO benchmark currently supports precision profile fp32 only,0.0,,,,,,,,,,,,,,,,510240,503808,1014552,single-thread,0.0078125,0.00390625,Intel(R) Xeon(R) 6760P,AVX512,"avx2,avx512f,avx512bw,avx512vl,avx512_vnni,avx512_bf16,amx_bf16,amx_int8,amx_tile,fma",True,True,,,,2026.1.0,,256,128,sh14l07002s1404,3.11.9,2.1.2+cu121
20260428_010731,2026-04-28T07:06:28.604420,cpu,openvino,separator1_grid_search_6ports_masked_hd128_depth3_stages2_share0,/home/liangyi/SRS_AI/Model_AIIC_refactor/experiments_refactored/20260427_072855_default_6port_separator1_masked_v2/separator1_grid_search_6ports_masked_hd128_depth3_stages2_share0,,,,,,,openvino,bf16,,2,2,skipped,OpenVINO benchmark currently supports precision profile fp32 only,0.0,,,,,,,,,,,,,,,,510240,503808,1014552,sub-physical,0.015625,0.0078125,Intel(R) Xeon(R) 6760P,AVX512,"avx2,avx512f,avx512bw,avx512vl,avx512_vnni,avx512_bf16,amx_bf16,amx_int8,amx_tile,fma",True,True,,,,2026.1.0,,256,128,sh14l07002s1404,3.11.9,2.1.2+cu121
20260428_010731,2026-04-28T07:06:28.604420,cpu,openvino,separator1_grid_search_6ports_masked_hd128_depth3_stages2_share0,/home/liangyi/SRS_AI/Model_AIIC_refactor/experiments_refactored/20260427_072855_default_6port_separator1_masked_v2/separator1_grid_search_6ports_masked_hd128_depth3_stages2_share0,,,,,,,openvino,bf16,,2,4,skipped,OpenVINO benchmark currently supports precision profile fp32 only,0.0,,,,,,,,,,,,,,,,510240,503808,1014552,sub-physical,0.03125,0.015625,Intel(R) Xeon(R) 6760P,AVX512,"avx2,avx512f,avx512bw,avx512vl,avx512_vnni,avx512_bf16,amx_bf16,amx_int8,amx_tile,fma",True,True,,,,2026.1.0,,256,128,sh14l07002s1404,3.11.9,2.1.2+cu121
20260428_010731,2026-04-28T07:06:28.604420,cpu,openvino,separator1_grid_search_6ports_masked_hd128_depth3_stages2_share0,/home/liangyi/SRS_AI/Model_AIIC_refactor/experiments_refactored/20260427_072855_default_6port_separator1_masked_v2/separator1_grid_search_6ports_masked_hd128_depth3_stages2_share0,,,,,,,openvino,bf16,,2,8,skipped,OpenVINO benchmark currently supports precision profile fp32 only,0.0,,,,,,,,,,,,,,,,510240,503808,1014552,sub-physical,0.0625,0.03125,Intel(R) Xeon(R) 6760P,AVX512,"avx2,avx512f,avx512bw,avx512vl,avx512_vnni,avx512_bf16,amx_bf16,amx_int8,amx_tile,fma",True,True,,,,2026.1.0,,256,128,sh14l07002s1404,3.11.9,2.1.2+cu121
20260428_010731,2026-04-28T07:06:28.604420,cpu,openvino,separator1_grid_search_6ports_masked_hd128_depth3_stages2_share0,/home/liangyi/SRS_AI/Model_AIIC_refactor/experiments_refactored/20260427_072855_default_6port_separator1_masked_v2/separator1_grid_search_6ports_masked_hd128_depth3_stages2_share0,,,,,,,openvino,bf16,,4,1,skipped,OpenVINO benchmark currently supports precision profile fp32 only,0.0,,,,,,,,,,,,,,,,510240,503808,1014552,single-thread,0.0078125,0.00390625,Intel(R) Xeon(R) 6760P,AVX512,"avx2,avx512f,avx512bw,avx512vl,avx512_vnni,avx512_bf16,amx_bf16,amx_int8,amx_tile,fma",True,True,,,,2026.1.0,,256,128,sh14l07002s1404,3.11.9,2.1.2+cu121
20260428_010731,2026-04-28T07:06:28.604420,cpu,openvino,separator1_grid_search_6ports_masked_hd128_depth3_stages2_share0,/home/liangyi/SRS_AI/Model_AIIC_refactor/experiments_refactored/20260427_072855_default_6port_separator1_masked_v2/separator1_grid_search_6ports_masked_hd128_depth3_stages2_share0,,,,,,,openvino,bf16,,4,2,skipped,OpenVINO benchmark currently supports precision profile fp32 only,0.0,,,,,,,,,,,,,,,,510240,503808,1014552,sub-physical,0.015625,0.0078125,Intel(R) Xeon(R) 6760P,AVX512,"avx2,avx512f,avx512bw,avx512vl,avx512_vnni,avx512_bf16,amx_bf16,amx_int8,amx_tile,fma",True,True,,,,2026.1.0,,256,128,sh14l07002s1404,3.11.9,2.1.2+cu121
20260428_010731,2026-04-28T07:06:28.604420,cpu,openvino,separator1_grid_search_6ports_masked_hd128_depth3_stages2_share0,/home/liangyi/SRS_AI/Model_AIIC_refactor/experiments_refactored/20260427_072855_default_6port_separator1_masked_v2/separator1_grid_search_6ports_masked_hd128_depth3_stages2_share0,,,,,,,openvino,bf16,,4,4,skipped,OpenVINO benchmark currently supports precision profile fp32 only,0.0,,,,,,,,,,,,,,,,510240,503808,1014552,sub-physical,0.03125,0.015625,Intel(R) Xeon(R) 6760P,AVX512,"avx2,avx512f,avx512bw,avx512vl,avx512_vnni,avx512_bf16,amx_bf16,amx_int8,amx_tile,fma",True,True,,,,2026.1.0,,256,128,sh14l07002s1404,3.11.9,2.1.2+cu121
20260428_010731,2026-04-28T07:06:28.604420,cpu,openvino,separator1_grid_search_6ports_masked_hd128_depth3_stages2_share0,/home/liangyi/SRS_AI/Model_AIIC_refactor/experiments_refactored/20260427_072855_default_6port_separator1_masked_v2/separator1_grid_search_6ports_masked_hd128_depth3_stages2_share0,,,,,,,openvino,bf16,,4,8,skipped,OpenVINO benchmark currently supports precision profile fp32 only,0.0,,,,,,,,,,,,,,,,510240,503808,1014552,sub-physical,0.0625,0.03125,Intel(R) Xeon(R) 6760P,AVX512,"avx2,avx512f,avx512bw,avx512vl,avx512_vnni,avx512_bf16,amx_bf16,amx_int8,amx_tile,fma",True,True,,,,2026.1.0,,256,128,sh14l07002s1404,3.11.9,2.1.2+cu121
20260428_010731,2026-04-28T07:06:28.604420,cpu,openvino,separator1_grid_search_6ports_masked_hd128_depth3_stages2_share0,/home/liangyi/SRS_AI/Model_AIIC_refactor/experiments_refactored/20260427_072855_default_6port_separator1_masked_v2/separator1_grid_search_6ports_masked_hd128_depth3_stages2_share0,,,,,,,openvino,bf16,,8,1,skipped,OpenVINO benchmark currently supports precision profile fp32 only,0.0,,,,,,,,,,,,,,,,510240,503808,1014552,single-thread,0.0078125,0.00390625,Intel(R) Xeon(R) 6760P,AVX512,"avx2,avx512f,avx512bw,avx512vl,avx512_vnni,avx512_bf16,amx_bf16,amx_int8,amx_tile,fma",True,True,,,,2026.1.0,,256,128,sh14l07002s1404,3.11.9,2.1.2+cu121
20260428_010731,2026-04-28T07:06:28.604420,cpu,openvino,separator1_grid_search_6ports_masked_hd128_depth3_stages2_share0,/home/liangyi/SRS_AI/Model_AIIC_refactor/experiments_refactored/20260427_072855_default_6port_separator1_masked_v2/separator1_grid_search_6ports_masked_hd128_depth3_stages2_share0,,,,,,,openvino,bf16,,8,2,skipped,OpenVINO benchmark currently supports precision profile fp32 only,0.0,,,,,,,,,,,,,,,,510240,503808,1014552,sub-physical,0.015625,0.0078125,Intel(R) Xeon(R) 6760P,AVX512,"avx2,avx512f,avx512bw,avx512vl,avx512_vnni,avx512_bf16,amx_bf16,amx_int8,amx_tile,fma",True,True,,,,2026.1.0,,256,128,sh14l07002s1404,3.11.9,2.1.2+cu121
20260428_010731,2026-04-28T07:06:28.604420,cpu,openvino,separator1_grid_search_6ports_masked_hd128_depth3_stages2_share0,/home/liangyi/SRS_AI/Model_AIIC_refactor/experiments_refactored/20260427_072855_default_6port_separator1_masked_v2/separator1_grid_search_6ports_masked_hd128_depth3_stages2_share0,,,,,,,openvino,bf16,,8,4,skipped,OpenVINO benchmark currently supports precision profile fp32 only,0.0,,,,,,,,,,,,,,,,510240,503808,1014552,sub-physical,0.03125,0.015625,Intel(R) Xeon(R) 6760P,AVX512,"avx2,avx512f,avx512bw,avx512vl,avx512_vnni,avx512_bf16,amx_bf16,amx_int8,amx_tile,fma",True,True,,,,2026.1.0,,256,128,sh14l07002s1404,3.11.9,2.1.2+cu121
20260428_010731,2026-04-28T07:06:28.604420,cpu,openvino,separator1_grid_search_6ports_masked_hd128_depth3_stages2_share0,/home/liangyi/SRS_AI/Model_AIIC_refactor/experiments_refactored/20260427_072855_default_6port_separator1_masked_v2/separator1_grid_search_6ports_masked_hd128_depth3_stages2_share0,,,,,,,openvino,bf16,,8,8,skipped,OpenVINO benchmark currently supports precision profile fp32 only,0.0,,,,,,,,,,,,,,,,510240,503808,1014552,sub-physical,0.0625,0.03125,Intel(R) Xeon(R) 6760P,AVX512,"avx2,avx512f,avx512bw,avx512vl,avx512_vnni,avx512_bf16,amx_bf16,amx_int8,amx_tile,fma",True,True,,,,2026.1.0,,256,128,sh14l07002s1404,3.11.9,2.1.2+cu121
20260428_010731,2026-04-28T07:06:28.604420,cpu,openvino,separator1_grid_search_6ports_masked_hd128_depth3_stages2_share0,/home/liangyi/SRS_AI/Model_AIIC_refactor/experiments_refactored/20260427_072855_default_6port_separator1_masked_v2/separator1_grid_search_6ports_masked_hd128_depth3_stages2_share0,,,,,,,openvino,bf16,,16,1,skipped,OpenVINO benchmark currently supports precision profile fp32 only,0.0,,,,,,,,,,,,,,,,510240,503808,1014552,single-thread,0.0078125,0.00390625,Intel(R) Xeon(R) 6760P,AVX512,"avx2,avx512f,avx512bw,avx512vl,avx512_vnni,avx512_bf16,amx_bf16,amx_int8,amx_tile,fma",True,True,,,,2026.1.0,,256,128,sh14l07002s1404,3.11.9,2.1.2+cu121
20260428_010731,2026-04-28T07:06:28.604420,cpu,openvino,separator1_grid_search_6ports_masked_hd128_depth3_stages2_share0,/home/liangyi/SRS_AI/Model_AIIC_refactor/experiments_refactored/20260427_072855_default_6port_separator1_masked_v2/separator1_grid_search_6ports_masked_hd128_depth3_stages2_share0,,,,,,,openvino,bf16,,16,2,skipped,OpenVINO benchmark currently supports precision profile fp32 only,0.0,,,,,,,,,,,,,,,,510240,503808,1014552,sub-physical,0.015625,0.0078125,Intel(R) Xeon(R) 6760P,AVX512,"avx2,avx512f,avx512bw,avx512vl,avx512_vnni,avx512_bf16,amx_bf16,amx_int8,amx_tile,fma",True,True,,,,2026.1.0,,256,128,sh14l07002s1404,3.11.9,2.1.2+cu121
20260428_010731,2026-04-28T07:06:28.604420,cpu,openvino,separator1_grid_search_6ports_masked_hd128_depth3_stages2_share0,/home/liangyi/SRS_AI/Model_AIIC_refactor/experiments_refactored/20260427_072855_default_6port_separator1_masked_v2/separator1_grid_search_6ports_masked_hd128_depth3_stages2_share0,,,,,,,openvino,bf16,,16,4,skipped,OpenVINO benchmark currently supports precision profile fp32 only,0.0,,,,,,,,,,,,,,,,510240,503808,1014552,sub-physical,0.03125,0.015625,Intel(R) Xeon(R) 6760P,AVX512,"avx2,avx512f,avx512bw,avx512vl,avx512_vnni,avx512_bf16,amx_bf16,amx_int8,amx_tile,fma",True,True,,,,2026.1.0,,256,128,sh14l07002s1404,3.11.9,2.1.2+cu121
20260428_010731,2026-04-28T07:06:28.604420,cpu,openvino,separator1_grid_search_6ports_masked_hd128_depth3_stages2_share0,/home/liangyi/SRS_AI/Model_AIIC_refactor/experiments_refactored/20260427_072855_default_6port_separator1_masked_v2/separator1_grid_search_6ports_masked_hd128_depth3_stages2_share0,,,,,,,openvino,bf16,,16,8,skipped,OpenVINO benchmark currently supports precision profile fp32 only,0.0,,,,,,,,,,,,,,,,510240,503808,1014552,sub-physical,0.0625,0.03125,Intel(R) Xeon(R) 6760P,AVX512,"avx2,avx512f,avx512bw,avx512vl,avx512_vnni,avx512_bf16,amx_bf16,amx_int8,amx_tile,fma",True,True,,,,2026.1.0,,256,128,sh14l07002s1404,3.11.9,2.1.2+cu121
20260428_010731,2026-04-28T07:06:28.604420,cpu,openvino,separator1_grid_search_6ports_masked_hd128_depth3_stages2_share0,/home/liangyi/SRS_AI/Model_AIIC_refactor/experiments_refactored/20260427_072855_default_6port_separator1_masked_v2/separator1_grid_search_6ports_masked_hd128_depth3_stages2_share0,,,,,,,openvino,bf16,,32,1,skipped,OpenVINO benchmark currently supports precision profile fp32 only,0.0,,,,,,,,,,,,,,,,510240,503808,1014552,single-thread,0.0078125,0.00390625,Intel(R) Xeon(R) 6760P,AVX512,"avx2,avx512f,avx512bw,avx512vl,avx512_vnni,avx512_bf16,amx_bf16,amx_int8,amx_tile,fma",True,True,,,,2026.1.0,,256,128,sh14l07002s1404,3.11.9,2.1.2+cu121
20260428_010731,2026-04-28T07:06:28.604420,cpu,openvino,separator1_grid_search_6ports_masked_hd128_depth3_stages2_share0,/home/liangyi/SRS_AI/Model_AIIC_refactor/experiments_refactored/20260427_072855_default_6port_separator1_masked_v2/separator1_grid_search_6ports_masked_hd128_depth3_stages2_share0,,,,,,,openvino,bf16,,32,2,skipped,OpenVINO benchmark currently supports precision profile fp32 only,0.0,,,,,,,,,,,,,,,,510240,503808,1014552,sub-physical,0.015625,0.0078125,Intel(R) Xeon(R) 6760P,AVX512,"avx2,avx512f,avx512bw,avx512vl,avx512_vnni,avx512_bf16,amx_bf16,amx_int8,amx_tile,fma",True,True,,,,2026.1.0,,256,128,sh14l07002s1404,3.11.9,2.1.2+cu121
20260428_010731,2026-04-28T07:06:28.604420,cpu,openvino,separator1_grid_search_6ports_masked_hd128_depth3_stages2_share0,/home/liangyi/SRS_AI/Model_AIIC_refactor/experiments_refactored/20260427_072855_default_6port_separator1_masked_v2/separator1_grid_search_6ports_masked_hd128_depth3_stages2_share0,,,,,,,openvino,bf16,,32,4,skipped,OpenVINO benchmark currently supports precision profile fp32 only,0.0,,,,,,,,,,,,,,,,510240,503808,1014552,sub-physical,0.03125,0.015625,Intel(R) Xeon(R) 6760P,AVX512,"avx2,avx512f,avx512bw,avx512vl,avx512_vnni,avx512_bf16,amx_bf16,amx_int8,amx_tile,fma",True,True,,,,2026.1.0,,256,128,sh14l07002s1404,3.11.9,2.1.2+cu121
20260428_010731,2026-04-28T07:06:28.604420,cpu,openvino,separator1_grid_search_6ports_masked_hd128_depth3_stages2_share0,/home/liangyi/SRS_AI/Model_AIIC_refactor/experiments_refactored/20260427_072855_default_6port_separator1_masked_v2/separator1_grid_search_6ports_masked_hd128_depth3_stages2_share0,,,,,,,openvino,bf16,,32,8,skipped,OpenVINO benchmark currently supports precision profile fp32 only,0.0,,,,,,,,,,,,,,,,510240,503808,1014552,sub-physical,0.0625,0.03125,Intel(R) Xeon(R) 6760P,AVX512,"avx2,avx512f,avx512bw,avx512vl,avx512_vnni,avx512_bf16,amx_bf16,amx_int8,amx_tile,fma",True,True,,,,2026.1.0,,256,128,sh14l07002s1404,3.11.9,2.1.2+cu121
20260428_010731,2026-04-28T07:06:28.604420,cpu,openvino,separator1_grid_search_6ports_masked_hd128_depth3_stages2_share0,/home/liangyi/SRS_AI/Model_AIIC_refactor/experiments_refactored/20260427_072855_default_6port_separator1_masked_v2/separator1_grid_search_6ports_masked_hd128_depth3_stages2_share0,,,,,,,openvino,bf16,,64,1,skipped,OpenVINO benchmark currently supports precision profile fp32 only,0.0,,,,,,,,,,,,,,,,510240,503808,1014552,single-thread,0.0078125,0.00390625,Intel(R) Xeon(R) 6760P,AVX512,"avx2,avx512f,avx512bw,avx512vl,avx512_vnni,avx512_bf16,amx_bf16,amx_int8,amx_tile,fma",True,True,,,,2026.1.0,,256,128,sh14l07002s1404,3.11.9,2.1.2+cu121
20260428_010731,2026-04-28T07:06:28.604420,cpu,openvino,separator1_grid_search_6ports_masked_hd128_depth3_stages2_share0,/home/liangyi/SRS_AI/Model_AIIC_refactor/experiments_refactored/20260427_072855_default_6port_separator1_masked_v2/separator1_grid_search_6ports_masked_hd128_depth3_stages2_share0,,,,,,,openvino,bf16,,64,2,skipped,OpenVINO benchmark currently supports precision profile fp32 only,0.0,,,,,,,,,,,,,,,,510240,503808,1014552,sub-physical,0.015625,0.0078125,Intel(R) Xeon(R) 6760P,AVX512,"avx2,avx512f,avx512bw,avx512vl,avx512_vnni,avx512_bf16,amx_bf16,amx_int8,amx_tile,fma",True,True,,,,2026.1.0,,256,128,sh14l07002s1404,3.11.9,2.1.2+cu121
20260428_010731,2026-04-28T07:06:28.604420,cpu,openvino,separator1_grid_search_6ports_masked_hd128_depth3_stages2_share0,/home/liangyi/SRS_AI/Model_AIIC_refactor/experiments_refactored/20260427_072855_default_6port_separator1_masked_v2/separator1_grid_search_6ports_masked_hd128_depth3_stages2_share0,,,,,,,openvino,bf16,,64,4,skipped,OpenVINO benchmark currently supports precision profile fp32 only,0.0,,,,,,,,,,,,,,,,510240,503808,1014552,sub-physical,0.03125,0.015625,Intel(R) Xeon(R) 6760P,AVX512,"avx2,avx512f,avx512bw,avx512vl,avx512_vnni,avx512_bf16,amx_bf16,amx_int8,amx_tile,fma",True,True,,,,2026.1.0,,256,128,sh14l07002s1404,3.11.9,2.1.2+cu121
20260428_010731,2026-04-28T07:06:28.604420,cpu,openvino,separator1_grid_search_6ports_masked_hd128_depth3_stages2_share0,/home/liangyi/SRS_AI/Model_AIIC_refactor/experiments_refactored/20260427_072855_default_6port_separator1_masked_v2/separator1_grid_search_6ports_masked_hd128_depth3_stages2_share0,,,,,,,openvino,bf16,,64,8,skipped,OpenVINO benchmark currently supports precision profile fp32 only,0.0,,,,,,,,,,,,,,,,510240,503808,1014552,sub-physical,0.0625,0.03125,Intel(R) Xeon(R) 6760P,AVX512,"avx2,avx512f,avx512bw,avx512vl,avx512_vnni,avx512_bf16,amx_bf16,amx_int8,amx_tile,fma",True,True,,,,2026.1.0,,256,128,sh14l07002s1404,3.11.9,2.1.2+cu121
20260428_010731,2026-04-28T07:06:28.604420,cpu,openvino,separator1_grid_search_6ports_masked_hd128_depth3_stages2_share0,/home/liangyi/SRS_AI/Model_AIIC_refactor/experiments_refactored/20260427_072855_default_6port_separator1_masked_v2/separator1_grid_search_6ports_masked_hd128_depth3_stages2_share0,,,,,,,openvino,bf16,,128,1,skipped,OpenVINO benchmark currently supports precision profile fp32 only,0.0,,,,,,,,,,,,,,,,510240,503808,1014552,single-thread,0.0078125,0.00390625,Intel(R) Xeon(R) 6760P,AVX512,"avx2,avx512f,avx512bw,avx512vl,avx512_vnni,avx512_bf16,amx_bf16,amx_int8,amx_tile,fma",True,True,,,,2026.1.0,,256,128,sh14l07002s1404,3.11.9,2.1.2+cu121
20260428_010731,2026-04-28T07:06:28.604420,cpu,openvino,separator1_grid_search_6ports_masked_hd128_depth3_stages2_share0,/home/liangyi/SRS_AI/Model_AIIC_refactor/experiments_refactored/20260427_072855_default_6port_separator1_masked_v2/separator1_grid_search_6ports_masked_hd128_depth3_stages2_share0,,,,,,,openvino,bf16,,128,2,skipped,OpenVINO benchmark currently supports precision profile fp32 only,0.0,,,,,,,,,,,,,,,,510240,503808,1014552,sub-physical,0.015625,0.0078125,Intel(R) Xeon(R) 6760P,AVX512,"avx2,avx512f,avx512bw,avx512vl,avx512_vnni,avx512_bf16,amx_bf16,amx_int8,amx_tile,fma",True,True,,,,2026.1.0,,256,128,sh14l07002s1404,3.11.9,2.1.2+cu121
20260428_010731,2026-04-28T07:06:28.604420,cpu,openvino,separator1_grid_search_6ports_masked_hd128_depth3_stages2_share0,/home/liangyi/SRS_AI/Model_AIIC_refactor/experiments_refactored/20260427_072855_default_6port_separator1_masked_v2/separator1_grid_search_6ports_masked_hd128_depth3_stages2_share0,,,,,,,openvino,bf16,,128,4,skipped,OpenVINO benchmark currently supports precision profile fp32 only,0.0,,,,,,,,,,,,,,,,510240,503808,1014552,sub-physical,0.03125,0.015625,Intel(R) Xeon(R) 6760P,AVX512,"avx2,avx512f,avx512bw,avx512vl,avx512_vnni,avx512_bf16,amx_bf16,amx_int8,amx_tile,fma",True,True,,,,2026.1.0,,256,128,sh14l07002s1404,3.11.9,2.1.2+cu121
20260428_010731,2026-04-28T07:06:28.604420,cpu,openvino,separator1_grid_search_6ports_masked_hd128_depth3_stages2_share0,/home/liangyi/SRS_AI/Model_AIIC_refactor/experiments_refactored/20260427_072855_default_6port_separator1_masked_v2/separator1_grid_search_6ports_masked_hd128_depth3_stages2_share0,,,,,,,openvino,bf16,,128,8,skipped,OpenVINO benchmark currently supports precision profile fp32 only,0.0,,,,,,,,,,,,,,,,510240,503808,1014552,sub-physical,0.0625,0.03125,Intel(R) Xeon(R) 6760P,AVX512,"avx2,avx512f,avx512bw,avx512vl,avx512_vnni,avx512_bf16,amx_bf16,amx_int8,amx_tile,fma",True,True,,,,2026.1.0,,256,128,sh14l07002s1404,3.11.9,2.1.2+cu121
