benchmark_id,timestamp,device,run_name,run_dir,experiment_name,model_label,training_label,model_type,seq_len,num_ports,execution_mode,requested_precision_profile,effective_execution_dtype,batch_size,num_threads,status,skip_reason,graph_prep_time_ms,warmup_iters,measure_iters,mean_latency_ms,std_latency_ms,min_latency_ms,p50_latency_ms,p90_latency_ms,p95_latency_ms,p99_latency_ms,max_latency_ms,throughput_samples_per_sec,samples_per_ms,p50_latency_us,latency_per_sample_us,throughput_per_thread,trainable_parameters,macs_per_sample,flops_per_sample_estimate,thread_group,threads_per_physical_core_ratio,threads_per_logical_cpu_ratio,cpu_model_name,cpu_capability,cpu_flag_summary,mkldnn_available,mkldnn_enabled,onednn_version,logical_cpu_count,physical_cpu_count,hostname,python_version,pytorch_version
20260424_010536,2026-04-24T06:14:09.881131,cpu,full_mlp_capacity_search_hd128_depth2,/home/liangyi/SRS_AI/Model_AIIC_refactor/experiments_refactored/20260422_050408_full_mlp_capacity_search_v2/full_mlp_capacity_search_hd128_depth2,full_mlp_capacity_search_v2,full_mlp_capacity_search_hd128_depth2,supervised_nmse_plateau,full_mlp,12,6,eager,fp32,float32,1,1,ok,,0.0,20,50,0.02949848,0.0130266433086041,0.026781,0.027591,0.0283306,0.02885195,0.07570571999999981,0.120625,33900.05179927915,33.90005179927915,27.591,27.591,33900.05179927915,3600,3456,7128,single-thread,0.0078125,0.00390625,Intel(R) Xeon(R) 6760P,AVX512,"avx2,avx512f,avx512bw,avx512vl,avx512_vnni,avx512_bf16,amx_bf16,amx_int8,amx_tile,fma",True,True,,256,128,sh14l07002s1404,3.11.9,2.1.2+cu121
20260424_010536,2026-04-24T06:14:09.881131,cpu,full_mlp_capacity_search_hd128_depth2,/home/liangyi/SRS_AI/Model_AIIC_refactor/experiments_refactored/20260422_050408_full_mlp_capacity_search_v2/full_mlp_capacity_search_hd128_depth2,full_mlp_capacity_search_v2,full_mlp_capacity_search_hd128_depth2,supervised_nmse_plateau,full_mlp,12,6,eager,fp32,float32,1,2,ok,,0.0,20,50,0.0284112,0.0015244349248164052,0.027345,0.028135,0.028941,0.0296266,0.034210379999999985,0.038443,35197.38694599313,35.19738694599313,28.135,28.135,17598.693472996565,3600,3456,7128,sub-physical,0.015625,0.0078125,Intel(R) Xeon(R) 6760P,AVX512,"avx2,avx512f,avx512bw,avx512vl,avx512_vnni,avx512_bf16,amx_bf16,amx_int8,amx_tile,fma",True,True,,256,128,sh14l07002s1404,3.11.9,2.1.2+cu121
20260424_010536,2026-04-24T06:14:09.881131,cpu,full_mlp_capacity_search_hd128_depth2,/home/liangyi/SRS_AI/Model_AIIC_refactor/experiments_refactored/20260422_050408_full_mlp_capacity_search_v2/full_mlp_capacity_search_hd128_depth2,full_mlp_capacity_search_v2,full_mlp_capacity_search_hd128_depth2,supervised_nmse_plateau,full_mlp,12,6,eager,fp32,float32,1,4,ok,,0.0,20,50,0.02847904,0.0010821081823921303,0.027381,0.028193500000000003,0.0294878,0.02986775,0.03296929999999999,0.033817,35113.543153139995,35.11354315313999,28.193500000000004,28.193500000000004,8778.385788284999,3600,3456,7128,sub-physical,0.03125,0.015625,Intel(R) Xeon(R) 6760P,AVX512,"avx2,avx512f,avx512bw,avx512vl,avx512_vnni,avx512_bf16,amx_bf16,amx_int8,amx_tile,fma",True,True,,256,128,sh14l07002s1404,3.11.9,2.1.2+cu121
20260424_010536,2026-04-24T06:14:09.881131,cpu,full_mlp_capacity_search_hd128_depth2,/home/liangyi/SRS_AI/Model_AIIC_refactor/experiments_refactored/20260422_050408_full_mlp_capacity_search_v2/full_mlp_capacity_search_hd128_depth2,full_mlp_capacity_search_v2,full_mlp_capacity_search_hd128_depth2,supervised_nmse_plateau,full_mlp,12,6,eager,fp32,float32,1,8,ok,,0.0,20,50,0.03089028,0.013975639783623504,0.027239,0.0282175,0.0306565,0.03456709999999999,0.08418584999999983,0.127617,32372.642786015538,32.37264278601554,28.2175,28.2175,4046.5803482519423,3600,3456,7128,sub-physical,0.0625,0.03125,Intel(R) Xeon(R) 6760P,AVX512,"avx2,avx512f,avx512bw,avx512vl,avx512_vnni,avx512_bf16,amx_bf16,amx_int8,amx_tile,fma",True,True,,256,128,sh14l07002s1404,3.11.9,2.1.2+cu121
20260424_010536,2026-04-24T06:14:09.881131,cpu,full_mlp_capacity_search_hd128_depth2,/home/liangyi/SRS_AI/Model_AIIC_refactor/experiments_refactored/20260422_050408_full_mlp_capacity_search_v2/full_mlp_capacity_search_hd128_depth2,full_mlp_capacity_search_v2,full_mlp_capacity_search_hd128_depth2,supervised_nmse_plateau,full_mlp,12,6,eager,fp32,float32,1,128,ok,,0.0,20,50,0.03079364,0.018599605064366285,0.027229,0.027928500000000002,0.0288619,0.029286649999999997,0.09951824999999975,0.160707,32474.238186846374,32.47423818684637,27.928500000000003,27.928500000000003,253.7049858347373,3600,3456,7128,all-physical,1.0,0.5,Intel(R) Xeon(R) 6760P,AVX512,"avx2,avx512f,avx512bw,avx512vl,avx512_vnni,avx512_bf16,amx_bf16,amx_int8,amx_tile,fma",True,True,,256,128,sh14l07002s1404,3.11.9,2.1.2+cu121
20260424_010536,2026-04-24T06:14:09.881131,cpu,full_mlp_capacity_search_hd128_depth2,/home/liangyi/SRS_AI/Model_AIIC_refactor/experiments_refactored/20260422_050408_full_mlp_capacity_search_v2/full_mlp_capacity_search_hd128_depth2,full_mlp_capacity_search_v2,full_mlp_capacity_search_hd128_depth2,supervised_nmse_plateau,full_mlp,12,6,eager,fp32,float32,2,1,ok,,0.0,20,50,0.02947432,0.001657777517521576,0.028373,0.029052,0.0301485,0.0307083,0.03714625,0.03782,67855.6791132077,67.8556791132077,29.052000000000003,14.526000000000002,67855.6791132077,3600,3456,7128,single-thread,0.0078125,0.00390625,Intel(R) Xeon(R) 6760P,AVX512,"avx2,avx512f,avx512bw,avx512vl,avx512_vnni,avx512_bf16,amx_bf16,amx_int8,amx_tile,fma",True,True,,256,128,sh14l07002s1404,3.11.9,2.1.2+cu121
20260424_010536,2026-04-24T06:14:09.881131,cpu,full_mlp_capacity_search_hd128_depth2,/home/liangyi/SRS_AI/Model_AIIC_refactor/experiments_refactored/20260422_050408_full_mlp_capacity_search_v2/full_mlp_capacity_search_hd128_depth2,full_mlp_capacity_search_v2,full_mlp_capacity_search_hd128_depth2,supervised_nmse_plateau,full_mlp,12,6,eager,fp32,float32,2,2,ok,,0.0,20,50,0.02978556,0.0021240561118765202,0.028451,0.02914,0.030581,0.03426734999999999,0.038560989999999996,0.039467,67146.63078350718,67.14663078350718,29.14,14.57,33573.31539175359,3600,3456,7128,sub-physical,0.015625,0.0078125,Intel(R) Xeon(R) 6760P,AVX512,"avx2,avx512f,avx512bw,avx512vl,avx512_vnni,avx512_bf16,amx_bf16,amx_int8,amx_tile,fma",True,True,,256,128,sh14l07002s1404,3.11.9,2.1.2+cu121
20260424_010536,2026-04-24T06:14:09.881131,cpu,full_mlp_capacity_search_hd128_depth2,/home/liangyi/SRS_AI/Model_AIIC_refactor/experiments_refactored/20260422_050408_full_mlp_capacity_search_v2/full_mlp_capacity_search_hd128_depth2,full_mlp_capacity_search_v2,full_mlp_capacity_search_hd128_depth2,supervised_nmse_plateau,full_mlp,12,6,eager,fp32,float32,2,4,ok,,0.0,20,50,0.02930284,0.0012017880239043818,0.028041,0.029042,0.030476800000000002,0.030972899999999998,0.033842389999999986,0.036042,68252.77003867202,68.25277003867203,29.041999999999998,14.520999999999999,17063.192509668006,3600,3456,7128,sub-physical,0.03125,0.015625,Intel(R) Xeon(R) 6760P,AVX512,"avx2,avx512f,avx512bw,avx512vl,avx512_vnni,avx512_bf16,amx_bf16,amx_int8,amx_tile,fma",True,True,,256,128,sh14l07002s1404,3.11.9,2.1.2+cu121
20260424_010536,2026-04-24T06:14:09.881131,cpu,full_mlp_capacity_search_hd128_depth2,/home/liangyi/SRS_AI/Model_AIIC_refactor/experiments_refactored/20260422_050408_full_mlp_capacity_search_v2/full_mlp_capacity_search_hd128_depth2,full_mlp_capacity_search_v2,full_mlp_capacity_search_hd128_depth2,supervised_nmse_plateau,full_mlp,12,6,eager,fp32,float32,2,8,ok,,0.0,20,50,0.02962512,0.0017748923983160218,0.028285,0.0291205,0.030888699999999998,0.031991149999999996,0.036529449999999984,0.039761,67510.27506386473,67.51027506386473,29.1205,14.56025,8438.78438298309,3600,3456,7128,sub-physical,0.0625,0.03125,Intel(R) Xeon(R) 6760P,AVX512,"avx2,avx512f,avx512bw,avx512vl,avx512_vnni,avx512_bf16,amx_bf16,amx_int8,amx_tile,fma",True,True,,256,128,sh14l07002s1404,3.11.9,2.1.2+cu121
20260424_010536,2026-04-24T06:14:09.881131,cpu,full_mlp_capacity_search_hd128_depth2,/home/liangyi/SRS_AI/Model_AIIC_refactor/experiments_refactored/20260422_050408_full_mlp_capacity_search_v2/full_mlp_capacity_search_hd128_depth2,full_mlp_capacity_search_v2,full_mlp_capacity_search_hd128_depth2,supervised_nmse_plateau,full_mlp,12,6,eager,fp32,float32,2,128,ok,,0.0,20,50,0.02959468,0.00232400219827779,0.028261,0.028969,0.0301226,0.034643399999999984,0.038939169999999995,0.039658,67579.71365123731,67.57971365123731,28.969,14.4845,527.9665129002915,3600,3456,7128,all-physical,1.0,0.5,Intel(R) Xeon(R) 6760P,AVX512,"avx2,avx512f,avx512bw,avx512vl,avx512_vnni,avx512_bf16,amx_bf16,amx_int8,amx_tile,fma",True,True,,256,128,sh14l07002s1404,3.11.9,2.1.2+cu121
20260424_010536,2026-04-24T06:14:09.881131,cpu,full_mlp_capacity_search_hd128_depth2,/home/liangyi/SRS_AI/Model_AIIC_refactor/experiments_refactored/20260422_050408_full_mlp_capacity_search_v2/full_mlp_capacity_search_hd128_depth2,full_mlp_capacity_search_v2,full_mlp_capacity_search_hd128_depth2,supervised_nmse_plateau,full_mlp,12,6,eager,fp32,float32,4,1,ok,,0.0,20,50,0.029817259999999998,0.0011713663954544713,0.028709,0.0295315,0.0304676,0.0315647,0.034481529999999996,0.036345,134150.48867669265,134.15048867669265,29.531499999999998,7.382874999999999,134150.48867669265,3600,3456,7128,single-thread,0.0078125,0.00390625,Intel(R) Xeon(R) 6760P,AVX512,"avx2,avx512f,avx512bw,avx512vl,avx512_vnni,avx512_bf16,amx_bf16,amx_int8,amx_tile,fma",True,True,,256,128,sh14l07002s1404,3.11.9,2.1.2+cu121
20260424_010536,2026-04-24T06:14:09.881131,cpu,full_mlp_capacity_search_hd128_depth2,/home/liangyi/SRS_AI/Model_AIIC_refactor/experiments_refactored/20260422_050408_full_mlp_capacity_search_v2/full_mlp_capacity_search_hd128_depth2,full_mlp_capacity_search_v2,full_mlp_capacity_search_hd128_depth2,supervised_nmse_plateau,full_mlp,12,6,eager,fp32,float32,4,2,ok,,0.0,20,50,0.0297012,0.0010728078672343896,0.028781,0.0294465,0.03072,0.03110665,0.03360189999999999,0.035655,134674.69327838605,134.67469327838606,29.4465,7.361625,67337.34663919303,3600,3456,7128,sub-physical,0.015625,0.0078125,Intel(R) Xeon(R) 6760P,AVX512,"avx2,avx512f,avx512bw,avx512vl,avx512_vnni,avx512_bf16,amx_bf16,amx_int8,amx_tile,fma",True,True,,256,128,sh14l07002s1404,3.11.9,2.1.2+cu121
20260424_010536,2026-04-24T06:14:09.881131,cpu,full_mlp_capacity_search_hd128_depth2,/home/liangyi/SRS_AI/Model_AIIC_refactor/experiments_refactored/20260422_050408_full_mlp_capacity_search_v2/full_mlp_capacity_search_hd128_depth2,full_mlp_capacity_search_v2,full_mlp_capacity_search_hd128_depth2,supervised_nmse_plateau,full_mlp,12,6,eager,fp32,float32,4,4,ok,,0.0,20,50,0.02966606,0.0018598778175998555,0.02804,0.029124,0.030151900000000002,0.033474799999999985,0.037329379999999995,0.038328,134834.21795816498,134.83421795816497,29.124000000000002,7.281000000000001,33708.554489541246,3600,3456,7128,sub-physical,0.03125,0.015625,Intel(R) Xeon(R) 6760P,AVX512,"avx2,avx512f,avx512bw,avx512vl,avx512_vnni,avx512_bf16,amx_bf16,amx_int8,amx_tile,fma",True,True,,256,128,sh14l07002s1404,3.11.9,2.1.2+cu121
20260424_010536,2026-04-24T06:14:09.881131,cpu,full_mlp_capacity_search_hd128_depth2,/home/liangyi/SRS_AI/Model_AIIC_refactor/experiments_refactored/20260422_050408_full_mlp_capacity_search_v2/full_mlp_capacity_search_hd128_depth2,full_mlp_capacity_search_v2,full_mlp_capacity_search_hd128_depth2,supervised_nmse_plateau,full_mlp,12,6,eager,fp32,float32,4,8,ok,,0.0,20,50,0.03203454,0.015326435493238472,0.028874,0.029634,0.030688700000000003,0.0318356,0.08767845999999979,0.139151,124865.22359927752,124.86522359927753,29.634,7.4085,15608.15294990969,3600,3456,7128,sub-physical,0.0625,0.03125,Intel(R) Xeon(R) 6760P,AVX512,"avx2,avx512f,avx512bw,avx512vl,avx512_vnni,avx512_bf16,amx_bf16,amx_int8,amx_tile,fma",True,True,,256,128,sh14l07002s1404,3.11.9,2.1.2+cu121
20260424_010536,2026-04-24T06:14:09.881131,cpu,full_mlp_capacity_search_hd128_depth2,/home/liangyi/SRS_AI/Model_AIIC_refactor/experiments_refactored/20260422_050408_full_mlp_capacity_search_v2/full_mlp_capacity_search_hd128_depth2,full_mlp_capacity_search_v2,full_mlp_capacity_search_hd128_depth2,supervised_nmse_plateau,full_mlp,12,6,eager,fp32,float32,4,128,ok,,0.0,20,50,0.0304024,0.0035807572774484452,0.028644,0.0294005,0.031235199999999998,0.03651164999999998,0.0459191,0.0471,131568.56037681235,131.56856037681234,29.4005,7.350125,1027.8793779438465,3600,3456,7128,all-physical,1.0,0.5,Intel(R) Xeon(R) 6760P,AVX512,"avx2,avx512f,avx512bw,avx512vl,avx512_vnni,avx512_bf16,amx_bf16,amx_int8,amx_tile,fma",True,True,,256,128,sh14l07002s1404,3.11.9,2.1.2+cu121
20260424_010536,2026-04-24T06:14:09.881131,cpu,full_mlp_capacity_search_hd128_depth2,/home/liangyi/SRS_AI/Model_AIIC_refactor/experiments_refactored/20260422_050408_full_mlp_capacity_search_v2/full_mlp_capacity_search_hd128_depth2,full_mlp_capacity_search_v2,full_mlp_capacity_search_hd128_depth2,supervised_nmse_plateau,full_mlp,12,6,eager,fp32,float32,8,1,ok,,0.0,20,50,0.03048778,0.002107238802698925,0.029182,0.0297995,0.0314222,0.035362299999999985,0.03871055999999999,0.039865,262400.21411857475,262.40021411857475,29.7995,3.7249375,262400.21411857475,3600,3456,7128,single-thread,0.0078125,0.00390625,Intel(R) Xeon(R) 6760P,AVX512,"avx2,avx512f,avx512bw,avx512vl,avx512_vnni,avx512_bf16,amx_bf16,amx_int8,amx_tile,fma",True,True,,256,128,sh14l07002s1404,3.11.9,2.1.2+cu121
20260424_010536,2026-04-24T06:14:09.881131,cpu,full_mlp_capacity_search_hd128_depth2,/home/liangyi/SRS_AI/Model_AIIC_refactor/experiments_refactored/20260422_050408_full_mlp_capacity_search_v2/full_mlp_capacity_search_hd128_depth2,full_mlp_capacity_search_v2,full_mlp_capacity_search_hd128_depth2,supervised_nmse_plateau,full_mlp,12,6,eager,fp32,float32,8,2,ok,,0.0,20,50,0.02986294,0.0015630555896704375,0.028787,0.029424,0.0304395,0.031763599999999996,0.036885289999999994,0.037855,267890.5693813134,267.8905693813134,29.424,3.678,133945.2846906567,3600,3456,7128,sub-physical,0.015625,0.0078125,Intel(R) Xeon(R) 6760P,AVX512,"avx2,avx512f,avx512bw,avx512vl,avx512_vnni,avx512_bf16,amx_bf16,amx_int8,amx_tile,fma",True,True,,256,128,sh14l07002s1404,3.11.9,2.1.2+cu121
20260424_010536,2026-04-24T06:14:09.881131,cpu,full_mlp_capacity_search_hd128_depth2,/home/liangyi/SRS_AI/Model_AIIC_refactor/experiments_refactored/20260422_050408_full_mlp_capacity_search_v2/full_mlp_capacity_search_hd128_depth2,full_mlp_capacity_search_v2,full_mlp_capacity_search_hd128_depth2,supervised_nmse_plateau,full_mlp,12,6,eager,fp32,float32,8,4,ok,,0.0,20,50,0.03209048,0.01286780604647117,0.029208,0.029922999999999998,0.0315658,0.0322569,0.08106138999999984,0.121628,249295.11805370316,249.29511805370316,29.923,3.740375,62323.77951342579,3600,3456,7128,sub-physical,0.03125,0.015625,Intel(R) Xeon(R) 6760P,AVX512,"avx2,avx512f,avx512bw,avx512vl,avx512_vnni,avx512_bf16,amx_bf16,amx_int8,amx_tile,fma",True,True,,256,128,sh14l07002s1404,3.11.9,2.1.2+cu121
20260424_010536,2026-04-24T06:14:09.881131,cpu,full_mlp_capacity_search_hd128_depth2,/home/liangyi/SRS_AI/Model_AIIC_refactor/experiments_refactored/20260422_050408_full_mlp_capacity_search_v2/full_mlp_capacity_search_hd128_depth2,full_mlp_capacity_search_v2,full_mlp_capacity_search_hd128_depth2,supervised_nmse_plateau,full_mlp,12,6,eager,fp32,float32,8,8,ok,,0.0,20,50,0.03008878,0.002286316577291955,0.028291,0.0294495,0.0306477,0.0365985,0.038632759999999995,0.039013,265879.8395946928,265.8798395946928,29.4495,3.6811875,33234.9799493366,3600,3456,7128,sub-physical,0.0625,0.03125,Intel(R) Xeon(R) 6760P,AVX512,"avx2,avx512f,avx512bw,avx512vl,avx512_vnni,avx512_bf16,amx_bf16,amx_int8,amx_tile,fma",True,True,,256,128,sh14l07002s1404,3.11.9,2.1.2+cu121
20260424_010536,2026-04-24T06:14:09.881131,cpu,full_mlp_capacity_search_hd128_depth2,/home/liangyi/SRS_AI/Model_AIIC_refactor/experiments_refactored/20260422_050408_full_mlp_capacity_search_v2/full_mlp_capacity_search_hd128_depth2,full_mlp_capacity_search_v2,full_mlp_capacity_search_hd128_depth2,supervised_nmse_plateau,full_mlp,12,6,eager,fp32,float32,8,128,ok,,0.0,20,50,0.03036292,0.002857525025892162,0.028629,0.029627,0.0316723,0.03237825,0.04364381,0.044443,263479.27010972594,263.4792701097259,29.627,3.703375,2058.431797732234,3600,3456,7128,all-physical,1.0,0.5,Intel(R) Xeon(R) 6760P,AVX512,"avx2,avx512f,avx512bw,avx512vl,avx512_vnni,avx512_bf16,amx_bf16,amx_int8,amx_tile,fma",True,True,,256,128,sh14l07002s1404,3.11.9,2.1.2+cu121
20260424_010536,2026-04-24T06:14:09.881131,cpu,full_mlp_capacity_search_hd128_depth2,/home/liangyi/SRS_AI/Model_AIIC_refactor/experiments_refactored/20260422_050408_full_mlp_capacity_search_v2/full_mlp_capacity_search_hd128_depth2,full_mlp_capacity_search_v2,full_mlp_capacity_search_hd128_depth2,supervised_nmse_plateau,full_mlp,12,6,eager,fp32,float32,16,1,ok,,0.0,20,50,0.03038002,0.0015880358621895166,0.028957,0.029855,0.0312737,0.033578649999999995,0.036550139999999995,0.037782,526661.9310981361,526.6619310981362,29.855,1.8659375,526661.9310981361,3600,3456,7128,single-thread,0.0078125,0.00390625,Intel(R) Xeon(R) 6760P,AVX512,"avx2,avx512f,avx512bw,avx512vl,avx512_vnni,avx512_bf16,amx_bf16,amx_int8,amx_tile,fma",True,True,,256,128,sh14l07002s1404,3.11.9,2.1.2+cu121
20260424_010536,2026-04-24T06:14:09.881131,cpu,full_mlp_capacity_search_hd128_depth2,/home/liangyi/SRS_AI/Model_AIIC_refactor/experiments_refactored/20260422_050408_full_mlp_capacity_search_v2/full_mlp_capacity_search_hd128_depth2,full_mlp_capacity_search_v2,full_mlp_capacity_search_hd128_depth2,supervised_nmse_plateau,full_mlp,12,6,eager,fp32,float32,16,2,ok,,0.0,20,50,0.03065624,0.0017322632197215295,0.029391,0.029972,0.032304599999999996,0.034149349999999995,0.037393459999999996,0.038004,521916.5820726873,521.9165820726873,29.971999999999998,1.8732499999999999,260958.29103634364,3600,3456,7128,sub-physical,0.015625,0.0078125,Intel(R) Xeon(R) 6760P,AVX512,"avx2,avx512f,avx512bw,avx512vl,avx512_vnni,avx512_bf16,amx_bf16,amx_int8,amx_tile,fma",True,True,,256,128,sh14l07002s1404,3.11.9,2.1.2+cu121
20260424_010536,2026-04-24T06:14:09.881131,cpu,full_mlp_capacity_search_hd128_depth2,/home/liangyi/SRS_AI/Model_AIIC_refactor/experiments_refactored/20260422_050408_full_mlp_capacity_search_v2/full_mlp_capacity_search_hd128_depth2,full_mlp_capacity_search_v2,full_mlp_capacity_search_hd128_depth2,supervised_nmse_plateau,full_mlp,12,6,eager,fp32,float32,16,4,ok,,0.0,20,50,0.03086638,0.0016878494232602623,0.029604,0.030449999999999998,0.0317787,0.03233605,0.03810085999999999,0.040299,518363.34549111367,518.3633454911137,30.45,1.903125,129590.83637277842,3600,3456,7128,sub-physical,0.03125,0.015625,Intel(R) Xeon(R) 6760P,AVX512,"avx2,avx512f,avx512bw,avx512vl,avx512_vnni,avx512_bf16,amx_bf16,amx_int8,amx_tile,fma",True,True,,256,128,sh14l07002s1404,3.11.9,2.1.2+cu121
20260424_010536,2026-04-24T06:14:09.881131,cpu,full_mlp_capacity_search_hd128_depth2,/home/liangyi/SRS_AI/Model_AIIC_refactor/experiments_refactored/20260422_050408_full_mlp_capacity_search_v2/full_mlp_capacity_search_hd128_depth2,full_mlp_capacity_search_v2,full_mlp_capacity_search_hd128_depth2,supervised_nmse_plateau,full_mlp,12,6,eager,fp32,float32,16,8,ok,,0.0,20,50,0.03118356,0.002174093734501804,0.028952,0.030308,0.033671200000000005,0.036517749999999995,0.03858976,0.038823,513090.87224165554,513.0908722416556,30.308,1.89425,64136.35903020694,3600,3456,7128,sub-physical,0.0625,0.03125,Intel(R) Xeon(R) 6760P,AVX512,"avx2,avx512f,avx512bw,avx512vl,avx512_vnni,avx512_bf16,amx_bf16,amx_int8,amx_tile,fma",True,True,,256,128,sh14l07002s1404,3.11.9,2.1.2+cu121
20260424_010536,2026-04-24T06:14:09.881131,cpu,full_mlp_capacity_search_hd128_depth2,/home/liangyi/SRS_AI/Model_AIIC_refactor/experiments_refactored/20260422_050408_full_mlp_capacity_search_v2/full_mlp_capacity_search_hd128_depth2,full_mlp_capacity_search_v2,full_mlp_capacity_search_hd128_depth2,supervised_nmse_plateau,full_mlp,12,6,eager,fp32,float32,16,128,ok,,0.0,20,50,0.03109398,0.002849093768130491,0.029141,0.030139,0.0329896,0.03721819999999999,0.04212281999999999,0.044515,514569.0580620428,514.5690580620428,30.139,1.8836875,4020.0707661097094,3600,3456,7128,all-physical,1.0,0.5,Intel(R) Xeon(R) 6760P,AVX512,"avx2,avx512f,avx512bw,avx512vl,avx512_vnni,avx512_bf16,amx_bf16,amx_int8,amx_tile,fma",True,True,,256,128,sh14l07002s1404,3.11.9,2.1.2+cu121
20260424_010536,2026-04-24T06:14:09.881131,cpu,full_mlp_capacity_search_hd128_depth2,/home/liangyi/SRS_AI/Model_AIIC_refactor/experiments_refactored/20260422_050408_full_mlp_capacity_search_v2/full_mlp_capacity_search_hd128_depth2,full_mlp_capacity_search_v2,full_mlp_capacity_search_hd128_depth2,supervised_nmse_plateau,full_mlp,12,6,eager,fp32,float32,32,1,ok,,0.0,20,50,0.03202832,0.0015891810147368362,0.030466,0.03157,0.0333614,0.03506115,0.03836489,0.039315,999115.7825324588,999.1157825324588,31.57,0.9865625,999115.7825324588,3600,3456,7128,single-thread,0.0078125,0.00390625,Intel(R) Xeon(R) 6760P,AVX512,"avx2,avx512f,avx512bw,avx512vl,avx512_vnni,avx512_bf16,amx_bf16,amx_int8,amx_tile,fma",True,True,,256,128,sh14l07002s1404,3.11.9,2.1.2+cu121
20260424_010536,2026-04-24T06:14:09.881131,cpu,full_mlp_capacity_search_hd128_depth2,/home/liangyi/SRS_AI/Model_AIIC_refactor/experiments_refactored/20260422_050408_full_mlp_capacity_search_v2/full_mlp_capacity_search_hd128_depth2,full_mlp_capacity_search_v2,full_mlp_capacity_search_hd128_depth2,supervised_nmse_plateau,full_mlp,12,6,eager,fp32,float32,32,2,ok,,0.0,20,50,0.03162246,0.0013150632412169386,0.030523,0.0313875,0.0320814,0.032401849999999996,0.036879479999999985,0.040186,1011938.9826091963,1011.9389826091964,31.3875,0.980859375,505969.49130459817,3600,3456,7128,sub-physical,0.015625,0.0078125,Intel(R) Xeon(R) 6760P,AVX512,"avx2,avx512f,avx512bw,avx512vl,avx512_vnni,avx512_bf16,amx_bf16,amx_int8,amx_tile,fma",True,True,,256,128,sh14l07002s1404,3.11.9,2.1.2+cu121
20260424_010536,2026-04-24T06:14:09.881131,cpu,full_mlp_capacity_search_hd128_depth2,/home/liangyi/SRS_AI/Model_AIIC_refactor/experiments_refactored/20260422_050408_full_mlp_capacity_search_v2/full_mlp_capacity_search_hd128_depth2,full_mlp_capacity_search_v2,full_mlp_capacity_search_hd128_depth2,supervised_nmse_plateau,full_mlp,12,6,eager,fp32,float32,32,4,ok,,0.0,20,50,0.03281088,0.002005808043058956,0.031354,0.032183500000000004,0.0340367,0.03663684999999999,0.040959449999999994,0.042182,975286.2465133517,975.2862465133517,32.1835,1.005734375,243821.56162833792,3600,3456,7128,sub-physical,0.03125,0.015625,Intel(R) Xeon(R) 6760P,AVX512,"avx2,avx512f,avx512bw,avx512vl,avx512_vnni,avx512_bf16,amx_bf16,amx_int8,amx_tile,fma",True,True,,256,128,sh14l07002s1404,3.11.9,2.1.2+cu121
20260424_010536,2026-04-24T06:14:09.881131,cpu,full_mlp_capacity_search_hd128_depth2,/home/liangyi/SRS_AI/Model_AIIC_refactor/experiments_refactored/20260422_050408_full_mlp_capacity_search_v2/full_mlp_capacity_search_hd128_depth2,full_mlp_capacity_search_v2,full_mlp_capacity_search_hd128_depth2,supervised_nmse_plateau,full_mlp,12,6,eager,fp32,float32,32,8,ok,,0.0,20,50,0.03241662,0.002057079900149724,0.031015,0.031799499999999994,0.0335699,0.03680554999999999,0.04081936,0.041572,987147.9506500061,987.1479506500061,31.799499999999995,0.9937343749999998,123393.49383125076,3600,3456,7128,sub-physical,0.0625,0.03125,Intel(R) Xeon(R) 6760P,AVX512,"avx2,avx512f,avx512bw,avx512vl,avx512_vnni,avx512_bf16,amx_bf16,amx_int8,amx_tile,fma",True,True,,256,128,sh14l07002s1404,3.11.9,2.1.2+cu121
20260424_010536,2026-04-24T06:14:09.881131,cpu,full_mlp_capacity_search_hd128_depth2,/home/liangyi/SRS_AI/Model_AIIC_refactor/experiments_refactored/20260422_050408_full_mlp_capacity_search_v2/full_mlp_capacity_search_hd128_depth2,full_mlp_capacity_search_v2,full_mlp_capacity_search_hd128_depth2,supervised_nmse_plateau,full_mlp,12,6,eager,fp32,float32,32,128,ok,,0.0,20,50,0.03304256,0.0023650089146555033,0.031452,0.03226,0.0342418,0.03776094999999999,0.04268553,0.042736,968447.965290825,968.447965290825,32.26,1.008125,7565.99972883457,3600,3456,7128,all-physical,1.0,0.5,Intel(R) Xeon(R) 6760P,AVX512,"avx2,avx512f,avx512bw,avx512vl,avx512_vnni,avx512_bf16,amx_bf16,amx_int8,amx_tile,fma",True,True,,256,128,sh14l07002s1404,3.11.9,2.1.2+cu121
20260424_010536,2026-04-24T06:14:09.881131,cpu,full_mlp_capacity_search_hd128_depth2,/home/liangyi/SRS_AI/Model_AIIC_refactor/experiments_refactored/20260422_050408_full_mlp_capacity_search_v2/full_mlp_capacity_search_hd128_depth2,full_mlp_capacity_search_v2,full_mlp_capacity_search_hd128_depth2,supervised_nmse_plateau,full_mlp,12,6,eager,fp32,float32,64,1,ok,,0.0,20,50,0.034809,0.0011061506407357001,0.033732,0.034552,0.0353386,0.036745850000000004,0.03906737999999999,0.041046,1838604.9584877475,1838.6049584877476,34.552,0.539875,1838604.9584877475,3600,3456,7128,single-thread,0.0078125,0.00390625,Intel(R) Xeon(R) 6760P,AVX512,"avx2,avx512f,avx512bw,avx512vl,avx512_vnni,avx512_bf16,amx_bf16,amx_int8,amx_tile,fma",True,True,,256,128,sh14l07002s1404,3.11.9,2.1.2+cu121
20260424_010536,2026-04-24T06:14:09.881131,cpu,full_mlp_capacity_search_hd128_depth2,/home/liangyi/SRS_AI/Model_AIIC_refactor/experiments_refactored/20260422_050408_full_mlp_capacity_search_v2/full_mlp_capacity_search_hd128_depth2,full_mlp_capacity_search_v2,full_mlp_capacity_search_hd128_depth2,supervised_nmse_plateau,full_mlp,12,6,eager,fp32,float32,64,2,ok,,0.0,20,50,0.0512636,0.0018891488453798445,0.048758,0.050638,0.0535973,0.0543173,0.057912469999999994,0.059087,1248449.1920192884,1248.4491920192884,50.638000000000005,0.7912187500000001,624224.5960096442,3600,3456,7128,sub-physical,0.015625,0.0078125,Intel(R) Xeon(R) 6760P,AVX512,"avx2,avx512f,avx512bw,avx512vl,avx512_vnni,avx512_bf16,amx_bf16,amx_int8,amx_tile,fma",True,True,,256,128,sh14l07002s1404,3.11.9,2.1.2+cu121
20260424_010536,2026-04-24T06:14:09.881131,cpu,full_mlp_capacity_search_hd128_depth2,/home/liangyi/SRS_AI/Model_AIIC_refactor/experiments_refactored/20260422_050408_full_mlp_capacity_search_v2/full_mlp_capacity_search_hd128_depth2,full_mlp_capacity_search_v2,full_mlp_capacity_search_hd128_depth2,supervised_nmse_plateau,full_mlp,12,6,eager,fp32,float32,64,4,ok,,0.0,20,50,0.05123098,0.0098701410577357,0.046948,0.049189,0.0531097,0.05662864999999999,0.09047462999999989,0.117774,1249244.1097164254,1249.2441097164253,49.189,0.768578125,312311.02742910635,3600,3456,7128,sub-physical,0.03125,0.015625,Intel(R) Xeon(R) 6760P,AVX512,"avx2,avx512f,avx512bw,avx512vl,avx512_vnni,avx512_bf16,amx_bf16,amx_int8,amx_tile,fma",True,True,,256,128,sh14l07002s1404,3.11.9,2.1.2+cu121
20260424_010536,2026-04-24T06:14:09.881131,cpu,full_mlp_capacity_search_hd128_depth2,/home/liangyi/SRS_AI/Model_AIIC_refactor/experiments_refactored/20260422_050408_full_mlp_capacity_search_v2/full_mlp_capacity_search_hd128_depth2,full_mlp_capacity_search_v2,full_mlp_capacity_search_hd128_depth2,supervised_nmse_plateau,full_mlp,12,6,eager,fp32,float32,64,8,ok,,0.0,20,50,0.03568672,0.002050094671374959,0.033681,0.035473000000000005,0.036305699999999996,0.040068449999999985,0.04361834,0.044615,1793384.2056653008,1793.384205665301,35.473000000000006,0.5542656250000001,224173.0257081626,3600,3456,7128,sub-physical,0.0625,0.03125,Intel(R) Xeon(R) 6760P,AVX512,"avx2,avx512f,avx512bw,avx512vl,avx512_vnni,avx512_bf16,amx_bf16,amx_int8,amx_tile,fma",True,True,,256,128,sh14l07002s1404,3.11.9,2.1.2+cu121
20260424_010536,2026-04-24T06:14:09.881131,cpu,full_mlp_capacity_search_hd128_depth2,/home/liangyi/SRS_AI/Model_AIIC_refactor/experiments_refactored/20260422_050408_full_mlp_capacity_search_v2/full_mlp_capacity_search_hd128_depth2,full_mlp_capacity_search_v2,full_mlp_capacity_search_hd128_depth2,supervised_nmse_plateau,full_mlp,12,6,eager,fp32,float32,64,128,ok,,0.0,20,50,0.03614856,0.003315672807500764,0.03412,0.035186,0.0368005,0.04398555,0.04968192999999999,0.051614,1770471.631511739,1770.471631511739,35.186,0.54978125,13831.80962118546,3600,3456,7128,all-physical,1.0,0.5,Intel(R) Xeon(R) 6760P,AVX512,"avx2,avx512f,avx512bw,avx512vl,avx512_vnni,avx512_bf16,amx_bf16,amx_int8,amx_tile,fma",True,True,,256,128,sh14l07002s1404,3.11.9,2.1.2+cu121
20260424_010536,2026-04-24T06:14:09.881131,cpu,full_mlp_capacity_search_hd128_depth2,/home/liangyi/SRS_AI/Model_AIIC_refactor/experiments_refactored/20260422_050408_full_mlp_capacity_search_v2/full_mlp_capacity_search_hd128_depth2,full_mlp_capacity_search_v2,full_mlp_capacity_search_hd128_depth2,supervised_nmse_plateau,full_mlp,12,6,eager,fp32,float32,128,1,ok,,0.0,20,50,0.04039644,0.0018749861989892085,0.039103,0.039855,0.0414303,0.04372314999999999,0.04830039,0.048344,3168596.04460195,3168.59604460195,39.855000000000004,0.31136718750000003,3168596.04460195,3600,3456,7128,single-thread,0.0078125,0.00390625,Intel(R) Xeon(R) 6760P,AVX512,"avx2,avx512f,avx512bw,avx512vl,avx512_vnni,avx512_bf16,amx_bf16,amx_int8,amx_tile,fma",True,True,,256,128,sh14l07002s1404,3.11.9,2.1.2+cu121
20260424_010536,2026-04-24T06:14:09.881131,cpu,full_mlp_capacity_search_hd128_depth2,/home/liangyi/SRS_AI/Model_AIIC_refactor/experiments_refactored/20260422_050408_full_mlp_capacity_search_v2/full_mlp_capacity_search_hd128_depth2,full_mlp_capacity_search_v2,full_mlp_capacity_search_hd128_depth2,supervised_nmse_plateau,full_mlp,12,6,eager,fp32,float32,128,2,ok,,0.0,20,50,0.0662629,0.017026539571210586,0.058747,0.0626685,0.0693951,0.07229814999999999,0.13151318999999978,0.182801,1931699.3370347507,1931.6993370347507,62.6685,0.48959765625,965849.6685173754,3600,3456,7128,sub-physical,0.015625,0.0078125,Intel(R) Xeon(R) 6760P,AVX512,"avx2,avx512f,avx512bw,avx512vl,avx512_vnni,avx512_bf16,amx_bf16,amx_int8,amx_tile,fma",True,True,,256,128,sh14l07002s1404,3.11.9,2.1.2+cu121
20260424_010536,2026-04-24T06:14:09.881131,cpu,full_mlp_capacity_search_hd128_depth2,/home/liangyi/SRS_AI/Model_AIIC_refactor/experiments_refactored/20260422_050408_full_mlp_capacity_search_v2/full_mlp_capacity_search_hd128_depth2,full_mlp_capacity_search_v2,full_mlp_capacity_search_hd128_depth2,supervised_nmse_plateau,full_mlp,12,6,eager,fp32,float32,128,4,ok,,0.0,20,50,0.11644756,0.008700485655778073,0.101155,0.114644,0.1224544,0.136172,0.1450293,0.145436,1099207.23113477,1099.20723113477,114.64399999999999,0.8956562499999999,274801.8077836925,3600,3456,7128,sub-physical,0.03125,0.015625,Intel(R) Xeon(R) 6760P,AVX512,"avx2,avx512f,avx512bw,avx512vl,avx512_vnni,avx512_bf16,amx_bf16,amx_int8,amx_tile,fma",True,True,,256,128,sh14l07002s1404,3.11.9,2.1.2+cu121
20260424_010536,2026-04-24T06:14:09.881131,cpu,full_mlp_capacity_search_hd128_depth2,/home/liangyi/SRS_AI/Model_AIIC_refactor/experiments_refactored/20260422_050408_full_mlp_capacity_search_v2/full_mlp_capacity_search_hd128_depth2,full_mlp_capacity_search_v2,full_mlp_capacity_search_hd128_depth2,supervised_nmse_plateau,full_mlp,12,6,eager,fp32,float32,128,8,ok,,0.0,20,50,0.09790888,0.004770602161740172,0.087004,0.0980485,0.1011334,0.1075115,0.11146117999999999,0.113234,1307338.0065219824,1307.3380065219824,98.04849999999999,0.7660039062499999,163417.2508152478,3600,3456,7128,sub-physical,0.0625,0.03125,Intel(R) Xeon(R) 6760P,AVX512,"avx2,avx512f,avx512bw,avx512vl,avx512_vnni,avx512_bf16,amx_bf16,amx_int8,amx_tile,fma",True,True,,256,128,sh14l07002s1404,3.11.9,2.1.2+cu121
20260424_010536,2026-04-24T06:14:09.881131,cpu,full_mlp_capacity_search_hd128_depth2,/home/liangyi/SRS_AI/Model_AIIC_refactor/experiments_refactored/20260422_050408_full_mlp_capacity_search_v2/full_mlp_capacity_search_hd128_depth2,full_mlp_capacity_search_v2,full_mlp_capacity_search_hd128_depth2,supervised_nmse_plateau,full_mlp,12,6,eager,fp32,float32,128,128,ok,,0.0,20,50,0.31679834,0.015241668148349116,0.28446,0.314883,0.3341082,0.34140319999999996,0.35908030999999996,0.373526,404042.5211824026,404.0425211824026,314.88300000000004,2.4600234375000003,3156.5821967375205,3600,3456,7128,all-physical,1.0,0.5,Intel(R) Xeon(R) 6760P,AVX512,"avx2,avx512f,avx512bw,avx512vl,avx512_vnni,avx512_bf16,amx_bf16,amx_int8,amx_tile,fma",True,True,,256,128,sh14l07002s1404,3.11.9,2.1.2+cu121
20260424_010536,2026-04-24T06:14:09.881131,cpu,full_mlp_capacity_search_hd128_depth2,/home/liangyi/SRS_AI/Model_AIIC_refactor/experiments_refactored/20260422_050408_full_mlp_capacity_search_v2/full_mlp_capacity_search_hd128_depth2,full_mlp_capacity_search_v2,full_mlp_capacity_search_hd128_depth2,supervised_nmse_plateau,full_mlp,12,6,eager,bf16,bfloat16,1,1,ok,,0.0,20,50,0.02777354,0.001987246780950972,0.025606,0.0274495,0.0290263,0.03176399999999999,0.035241409999999994,0.036364,36005.492998011774,36.005492998011775,27.4495,27.4495,36005.492998011774,3600,3456,7128,single-thread,0.0078125,0.00390625,Intel(R) Xeon(R) 6760P,AVX512,"avx2,avx512f,avx512bw,avx512vl,avx512_vnni,avx512_bf16,amx_bf16,amx_int8,amx_tile,fma",True,True,,256,128,sh14l07002s1404,3.11.9,2.1.2+cu121
20260424_010536,2026-04-24T06:14:09.881131,cpu,full_mlp_capacity_search_hd128_depth2,/home/liangyi/SRS_AI/Model_AIIC_refactor/experiments_refactored/20260422_050408_full_mlp_capacity_search_v2/full_mlp_capacity_search_hd128_depth2,full_mlp_capacity_search_v2,full_mlp_capacity_search_hd128_depth2,supervised_nmse_plateau,full_mlp,12,6,eager,bf16,bfloat16,1,2,ok,,0.0,20,50,0.02680028,0.0018151811263893197,0.02501,0.0266655,0.028010499999999997,0.028460799999999998,0.03442475,0.034633,37313.04299805823,37.31304299805823,26.6655,26.6655,18656.521499029113,3600,3456,7128,sub-physical,0.015625,0.0078125,Intel(R) Xeon(R) 6760P,AVX512,"avx2,avx512f,avx512bw,avx512vl,avx512_vnni,avx512_bf16,amx_bf16,amx_int8,amx_tile,fma",True,True,,256,128,sh14l07002s1404,3.11.9,2.1.2+cu121
20260424_010536,2026-04-24T06:14:09.881131,cpu,full_mlp_capacity_search_hd128_depth2,/home/liangyi/SRS_AI/Model_AIIC_refactor/experiments_refactored/20260422_050408_full_mlp_capacity_search_v2/full_mlp_capacity_search_hd128_depth2,full_mlp_capacity_search_v2,full_mlp_capacity_search_hd128_depth2,supervised_nmse_plateau,full_mlp,12,6,eager,bf16,bfloat16,1,4,ok,,0.0,20,50,0.02690498,0.0014170132178635455,0.025265,0.026482,0.028139900000000002,0.02963135,0.031155939999999993,0.032525,37167.84030317064,37.16784030317064,26.482,26.482,9291.96007579266,3600,3456,7128,sub-physical,0.03125,0.015625,Intel(R) Xeon(R) 6760P,AVX512,"avx2,avx512f,avx512bw,avx512vl,avx512_vnni,avx512_bf16,amx_bf16,amx_int8,amx_tile,fma",True,True,,256,128,sh14l07002s1404,3.11.9,2.1.2+cu121
20260424_010536,2026-04-24T06:14:09.881131,cpu,full_mlp_capacity_search_hd128_depth2,/home/liangyi/SRS_AI/Model_AIIC_refactor/experiments_refactored/20260422_050408_full_mlp_capacity_search_v2/full_mlp_capacity_search_hd128_depth2,full_mlp_capacity_search_v2,full_mlp_capacity_search_hd128_depth2,supervised_nmse_plateau,full_mlp,12,6,eager,bf16,bfloat16,1,8,ok,,0.0,20,50,0.02783104,0.0014913921276445035,0.025878,0.027595,0.0286883,0.029785199999999998,0.034005179999999996,0.034994,35931.104263441106,35.93110426344111,27.595000000000002,27.595000000000002,4491.388032930138,3600,3456,7128,sub-physical,0.0625,0.03125,Intel(R) Xeon(R) 6760P,AVX512,"avx2,avx512f,avx512bw,avx512vl,avx512_vnni,avx512_bf16,amx_bf16,amx_int8,amx_tile,fma",True,True,,256,128,sh14l07002s1404,3.11.9,2.1.2+cu121
20260424_010536,2026-04-24T06:14:09.881131,cpu,full_mlp_capacity_search_hd128_depth2,/home/liangyi/SRS_AI/Model_AIIC_refactor/experiments_refactored/20260422_050408_full_mlp_capacity_search_v2/full_mlp_capacity_search_hd128_depth2,full_mlp_capacity_search_v2,full_mlp_capacity_search_hd128_depth2,supervised_nmse_plateau,full_mlp,12,6,eager,bf16,bfloat16,1,128,ok,,0.0,20,50,0.026442320000000002,0.0017413075252809308,0.024851,0.0259035,0.028862699999999998,0.029611850000000002,0.03229578999999999,0.034711,37818.16421554538,37.81816421554538,25.9035,25.9035,295.4544079339483,3600,3456,7128,all-physical,1.0,0.5,Intel(R) Xeon(R) 6760P,AVX512,"avx2,avx512f,avx512bw,avx512vl,avx512_vnni,avx512_bf16,amx_bf16,amx_int8,amx_tile,fma",True,True,,256,128,sh14l07002s1404,3.11.9,2.1.2+cu121
20260424_010536,2026-04-24T06:14:09.881131,cpu,full_mlp_capacity_search_hd128_depth2,/home/liangyi/SRS_AI/Model_AIIC_refactor/experiments_refactored/20260422_050408_full_mlp_capacity_search_v2/full_mlp_capacity_search_hd128_depth2,full_mlp_capacity_search_v2,full_mlp_capacity_search_hd128_depth2,supervised_nmse_plateau,full_mlp,12,6,eager,bf16,bfloat16,2,1,ok,,0.0,20,50,0.04180076,0.0021448819506909925,0.040137,0.041193,0.0427561,0.04612679999999999,0.05058272999999999,0.051035,47846.0200245163,47.8460200245163,41.193,20.5965,47846.0200245163,3600,3456,7128,single-thread,0.0078125,0.00390625,Intel(R) Xeon(R) 6760P,AVX512,"avx2,avx512f,avx512bw,avx512vl,avx512_vnni,avx512_bf16,amx_bf16,amx_int8,amx_tile,fma",True,True,,256,128,sh14l07002s1404,3.11.9,2.1.2+cu121
20260424_010536,2026-04-24T06:14:09.881131,cpu,full_mlp_capacity_search_hd128_depth2,/home/liangyi/SRS_AI/Model_AIIC_refactor/experiments_refactored/20260422_050408_full_mlp_capacity_search_v2/full_mlp_capacity_search_hd128_depth2,full_mlp_capacity_search_v2,full_mlp_capacity_search_hd128_depth2,supervised_nmse_plateau,full_mlp,12,6,eager,bf16,bfloat16,2,2,ok,,0.0,20,50,0.04778972,0.0026569930149701187,0.044412,0.0466525,0.051611000000000004,0.05296695,0.05490461,0.055841,41850.004561650494,41.85000456165049,46.652499999999996,23.326249999999998,20925.002280825247,3600,3456,7128,sub-physical,0.015625,0.0078125,Intel(R) Xeon(R) 6760P,AVX512,"avx2,avx512f,avx512bw,avx512vl,avx512_vnni,avx512_bf16,amx_bf16,amx_int8,amx_tile,fma",True,True,,256,128,sh14l07002s1404,3.11.9,2.1.2+cu121
20260424_010536,2026-04-24T06:14:09.881131,cpu,full_mlp_capacity_search_hd128_depth2,/home/liangyi/SRS_AI/Model_AIIC_refactor/experiments_refactored/20260422_050408_full_mlp_capacity_search_v2/full_mlp_capacity_search_hd128_depth2,full_mlp_capacity_search_v2,full_mlp_capacity_search_hd128_depth2,supervised_nmse_plateau,full_mlp,12,6,eager,bf16,bfloat16,2,4,ok,,0.0,20,50,0.05623152,0.011129206798761535,0.052274,0.054244,0.0584307,0.05929285,0.09746994999999986,0.133017,35567.24057966066,35.56724057966066,54.244,27.122,8891.810144915165,3600,3456,7128,sub-physical,0.03125,0.015625,Intel(R) Xeon(R) 6760P,AVX512,"avx2,avx512f,avx512bw,avx512vl,avx512_vnni,avx512_bf16,amx_bf16,amx_int8,amx_tile,fma",True,True,,256,128,sh14l07002s1404,3.11.9,2.1.2+cu121
20260424_010536,2026-04-24T06:14:09.881131,cpu,full_mlp_capacity_search_hd128_depth2,/home/liangyi/SRS_AI/Model_AIIC_refactor/experiments_refactored/20260422_050408_full_mlp_capacity_search_v2/full_mlp_capacity_search_hd128_depth2,full_mlp_capacity_search_v2,full_mlp_capacity_search_hd128_depth2,supervised_nmse_plateau,full_mlp,12,6,eager,bf16,bfloat16,2,8,ok,,0.0,20,50,0.05354726,0.0033902778517991704,0.049235,0.0526905,0.0573139,0.06111014999999999,0.06459327999999999,0.065636,37350.18374422893,37.350183744228936,52.6905,26.34525,4668.772968028617,3600,3456,7128,sub-physical,0.0625,0.03125,Intel(R) Xeon(R) 6760P,AVX512,"avx2,avx512f,avx512bw,avx512vl,avx512_vnni,avx512_bf16,amx_bf16,amx_int8,amx_tile,fma",True,True,,256,128,sh14l07002s1404,3.11.9,2.1.2+cu121
20260424_010536,2026-04-24T06:14:09.881131,cpu,full_mlp_capacity_search_hd128_depth2,/home/liangyi/SRS_AI/Model_AIIC_refactor/experiments_refactored/20260422_050408_full_mlp_capacity_search_v2/full_mlp_capacity_search_hd128_depth2,full_mlp_capacity_search_v2,full_mlp_capacity_search_hd128_depth2,supervised_nmse_plateau,full_mlp,12,6,eager,bf16,bfloat16,2,128,ok,,0.0,20,50,0.13067834,0.012070314126169213,0.112881,0.12869350000000002,0.1405061,0.15060349999999997,0.17693926999999998,0.183396,15304.755172127223,15.304755172127223,128.69350000000003,64.34675000000001,119.56839978224393,3600,3456,7128,all-physical,1.0,0.5,Intel(R) Xeon(R) 6760P,AVX512,"avx2,avx512f,avx512bw,avx512vl,avx512_vnni,avx512_bf16,amx_bf16,amx_int8,amx_tile,fma",True,True,,256,128,sh14l07002s1404,3.11.9,2.1.2+cu121
20260424_010536,2026-04-24T06:14:09.881131,cpu,full_mlp_capacity_search_hd128_depth2,/home/liangyi/SRS_AI/Model_AIIC_refactor/experiments_refactored/20260422_050408_full_mlp_capacity_search_v2/full_mlp_capacity_search_hd128_depth2,full_mlp_capacity_search_v2,full_mlp_capacity_search_hd128_depth2,supervised_nmse_plateau,full_mlp,12,6,eager,bf16,bfloat16,4,1,ok,,0.0,20,50,0.04736646,0.003522307966149468,0.042986,0.045700000000000005,0.0511382,0.0526258,0.055705799999999986,0.058195,84447.94058918484,84.44794058918484,45.7,11.425,84447.94058918484,3600,3456,7128,single-thread,0.0078125,0.00390625,Intel(R) Xeon(R) 6760P,AVX512,"avx2,avx512f,avx512bw,avx512vl,avx512_vnni,avx512_bf16,amx_bf16,amx_int8,amx_tile,fma",True,True,,256,128,sh14l07002s1404,3.11.9,2.1.2+cu121
20260424_010536,2026-04-24T06:14:09.881131,cpu,full_mlp_capacity_search_hd128_depth2,/home/liangyi/SRS_AI/Model_AIIC_refactor/experiments_refactored/20260422_050408_full_mlp_capacity_search_v2/full_mlp_capacity_search_hd128_depth2,full_mlp_capacity_search_v2,full_mlp_capacity_search_hd128_depth2,supervised_nmse_plateau,full_mlp,12,6,eager,bf16,bfloat16,4,2,ok,,0.0,20,50,0.04682576,0.002007995364138075,0.044675,0.046184,0.0485991,0.0513396,0.05396776,0.055279,85423.06627804866,85.42306627804867,46.184000000000005,11.546000000000001,42711.53313902433,3600,3456,7128,sub-physical,0.015625,0.0078125,Intel(R) Xeon(R) 6760P,AVX512,"avx2,avx512f,avx512bw,avx512vl,avx512_vnni,avx512_bf16,amx_bf16,amx_int8,amx_tile,fma",True,True,,256,128,sh14l07002s1404,3.11.9,2.1.2+cu121
20260424_010536,2026-04-24T06:14:09.881131,cpu,full_mlp_capacity_search_hd128_depth2,/home/liangyi/SRS_AI/Model_AIIC_refactor/experiments_refactored/20260422_050408_full_mlp_capacity_search_v2/full_mlp_capacity_search_hd128_depth2,full_mlp_capacity_search_v2,full_mlp_capacity_search_hd128_depth2,supervised_nmse_plateau,full_mlp,12,6,eager,bf16,bfloat16,4,4,ok,,0.0,20,50,0.06383014,0.018657650506974342,0.055544,0.059998499999999996,0.0670226,0.07286374999999999,0.13535193999999978,0.190964,62666.32033080297,62.66632033080297,59.99849999999999,14.999624999999998,15666.580082700742,3600,3456,7128,sub-physical,0.03125,0.015625,Intel(R) Xeon(R) 6760P,AVX512,"avx2,avx512f,avx512bw,avx512vl,avx512_vnni,avx512_bf16,amx_bf16,amx_int8,amx_tile,fma",True,True,,256,128,sh14l07002s1404,3.11.9,2.1.2+cu121
20260424_010536,2026-04-24T06:14:09.881131,cpu,full_mlp_capacity_search_hd128_depth2,/home/liangyi/SRS_AI/Model_AIIC_refactor/experiments_refactored/20260422_050408_full_mlp_capacity_search_v2/full_mlp_capacity_search_hd128_depth2,full_mlp_capacity_search_v2,full_mlp_capacity_search_hd128_depth2,supervised_nmse_plateau,full_mlp,12,6,eager,bf16,bfloat16,4,8,ok,,0.0,20,50,0.05936652,0.0027777513224909096,0.054333,0.058467,0.0644849,0.06520485,0.06560075,0.065662,67378.04405580788,67.37804405580789,58.467,14.61675,8422.255506975986,3600,3456,7128,sub-physical,0.0625,0.03125,Intel(R) Xeon(R) 6760P,AVX512,"avx2,avx512f,avx512bw,avx512vl,avx512_vnni,avx512_bf16,amx_bf16,amx_int8,amx_tile,fma",True,True,,256,128,sh14l07002s1404,3.11.9,2.1.2+cu121
20260424_010536,2026-04-24T06:14:09.881131,cpu,full_mlp_capacity_search_hd128_depth2,/home/liangyi/SRS_AI/Model_AIIC_refactor/experiments_refactored/20260422_050408_full_mlp_capacity_search_v2/full_mlp_capacity_search_hd128_depth2,full_mlp_capacity_search_v2,full_mlp_capacity_search_hd128_depth2,supervised_nmse_plateau,full_mlp,12,6,eager,bf16,bfloat16,4,128,ok,,0.0,20,50,0.14113836,0.023465810081699713,0.113849,0.13387,0.16417160000000003,0.19496399999999997,0.21955359999999996,0.229236,28340.983981959267,28.340983981959265,133.86999999999998,33.467499999999994,221.41393735905677,3600,3456,7128,all-physical,1.0,0.5,Intel(R) Xeon(R) 6760P,AVX512,"avx2,avx512f,avx512bw,avx512vl,avx512_vnni,avx512_bf16,amx_bf16,amx_int8,amx_tile,fma",True,True,,256,128,sh14l07002s1404,3.11.9,2.1.2+cu121
20260424_010536,2026-04-24T06:14:09.881131,cpu,full_mlp_capacity_search_hd128_depth2,/home/liangyi/SRS_AI/Model_AIIC_refactor/experiments_refactored/20260422_050408_full_mlp_capacity_search_v2/full_mlp_capacity_search_hd128_depth2,full_mlp_capacity_search_v2,full_mlp_capacity_search_hd128_depth2,supervised_nmse_plateau,full_mlp,12,6,eager,bf16,bfloat16,8,1,ok,,0.0,20,50,0.04778612,0.0033961455836874835,0.043707,0.0478345,0.0519516,0.05353965,0.058729119999999996,0.059225,167412.62944135242,167.4126294413524,47.834500000000006,5.979312500000001,167412.62944135242,3600,3456,7128,single-thread,0.0078125,0.00390625,Intel(R) Xeon(R) 6760P,AVX512,"avx2,avx512f,avx512bw,avx512vl,avx512_vnni,avx512_bf16,amx_bf16,amx_int8,amx_tile,fma",True,True,,256,128,sh14l07002s1404,3.11.9,2.1.2+cu121
20260424_010536,2026-04-24T06:14:09.881131,cpu,full_mlp_capacity_search_hd128_depth2,/home/liangyi/SRS_AI/Model_AIIC_refactor/experiments_refactored/20260422_050408_full_mlp_capacity_search_v2/full_mlp_capacity_search_hd128_depth2,full_mlp_capacity_search_v2,full_mlp_capacity_search_hd128_depth2,supervised_nmse_plateau,full_mlp,12,6,eager,bf16,bfloat16,8,2,ok,,0.0,20,50,0.0482049,0.0022984505324239635,0.045646,0.0477365,0.049736800000000005,0.052915349999999986,0.05686634,0.057667,165958.23246184515,165.95823246184514,47.7365,5.9670625,82979.11623092258,3600,3456,7128,sub-physical,0.015625,0.0078125,Intel(R) Xeon(R) 6760P,AVX512,"avx2,avx512f,avx512bw,avx512vl,avx512_vnni,avx512_bf16,amx_bf16,amx_int8,amx_tile,fma",True,True,,256,128,sh14l07002s1404,3.11.9,2.1.2+cu121
20260424_010536,2026-04-24T06:14:09.881131,cpu,full_mlp_capacity_search_hd128_depth2,/home/liangyi/SRS_AI/Model_AIIC_refactor/experiments_refactored/20260422_050408_full_mlp_capacity_search_v2/full_mlp_capacity_search_hd128_depth2,full_mlp_capacity_search_v2,full_mlp_capacity_search_hd128_depth2,supervised_nmse_plateau,full_mlp,12,6,eager,bf16,bfloat16,8,4,ok,,0.0,20,50,0.05446828,0.018211444375490923,0.04866,0.0507265,0.0548237,0.057367249999999995,0.12835845999999979,0.178949,146874.47446477105,146.87447446477105,50.7265,6.3408125,36718.61861619276,3600,3456,7128,sub-physical,0.03125,0.015625,Intel(R) Xeon(R) 6760P,AVX512,"avx2,avx512f,avx512bw,avx512vl,avx512_vnni,avx512_bf16,amx_bf16,amx_int8,amx_tile,fma",True,True,,256,128,sh14l07002s1404,3.11.9,2.1.2+cu121
20260424_010536,2026-04-24T06:14:09.881131,cpu,full_mlp_capacity_search_hd128_depth2,/home/liangyi/SRS_AI/Model_AIIC_refactor/experiments_refactored/20260422_050408_full_mlp_capacity_search_v2/full_mlp_capacity_search_hd128_depth2,full_mlp_capacity_search_v2,full_mlp_capacity_search_hd128_depth2,supervised_nmse_plateau,full_mlp,12,6,eager,bf16,bfloat16,8,8,ok,,0.0,20,50,0.0604877,0.002372503709164646,0.055834,0.060117500000000004,0.063596,0.06551535,0.06761028,0.068261,132258.29383494495,132.25829383494496,60.11750000000001,7.514687500000001,16532.28672936812,3600,3456,7128,sub-physical,0.0625,0.03125,Intel(R) Xeon(R) 6760P,AVX512,"avx2,avx512f,avx512bw,avx512vl,avx512_vnni,avx512_bf16,amx_bf16,amx_int8,amx_tile,fma",True,True,,256,128,sh14l07002s1404,3.11.9,2.1.2+cu121
20260424_010536,2026-04-24T06:14:09.881131,cpu,full_mlp_capacity_search_hd128_depth2,/home/liangyi/SRS_AI/Model_AIIC_refactor/experiments_refactored/20260422_050408_full_mlp_capacity_search_v2/full_mlp_capacity_search_hd128_depth2,full_mlp_capacity_search_v2,full_mlp_capacity_search_hd128_depth2,supervised_nmse_plateau,full_mlp,12,6,eager,bf16,bfloat16,8,128,ok,,0.0,20,50,0.12343506,0.00835811034722562,0.113727,0.12192549999999999,0.13256510000000002,0.13574519999999998,0.15186713999999996,0.163928,64811.407715117566,64.81140771511757,121.92549999999999,15.240687499999998,506.339122774356,3600,3456,7128,all-physical,1.0,0.5,Intel(R) Xeon(R) 6760P,AVX512,"avx2,avx512f,avx512bw,avx512vl,avx512_vnni,avx512_bf16,amx_bf16,amx_int8,amx_tile,fma",True,True,,256,128,sh14l07002s1404,3.11.9,2.1.2+cu121
20260424_010536,2026-04-24T06:14:09.881131,cpu,full_mlp_capacity_search_hd128_depth2,/home/liangyi/SRS_AI/Model_AIIC_refactor/experiments_refactored/20260422_050408_full_mlp_capacity_search_v2/full_mlp_capacity_search_hd128_depth2,full_mlp_capacity_search_v2,full_mlp_capacity_search_hd128_depth2,supervised_nmse_plateau,full_mlp,12,6,eager,bf16,bfloat16,16,1,ok,,0.0,20,50,0.04737374,0.0030427987038908768,0.044381,0.045823,0.0514608,0.05302795,0.05618172999999999,0.057467,337739.8533449122,337.73985334491215,45.823,2.8639375,337739.8533449122,3600,3456,7128,single-thread,0.0078125,0.00390625,Intel(R) Xeon(R) 6760P,AVX512,"avx2,avx512f,avx512bw,avx512vl,avx512_vnni,avx512_bf16,amx_bf16,amx_int8,amx_tile,fma",True,True,,256,128,sh14l07002s1404,3.11.9,2.1.2+cu121
20260424_010536,2026-04-24T06:14:09.881131,cpu,full_mlp_capacity_search_hd128_depth2,/home/liangyi/SRS_AI/Model_AIIC_refactor/experiments_refactored/20260422_050408_full_mlp_capacity_search_v2/full_mlp_capacity_search_hd128_depth2,full_mlp_capacity_search_v2,full_mlp_capacity_search_hd128_depth2,supervised_nmse_plateau,full_mlp,12,6,eager,bf16,bfloat16,16,2,ok,,0.0,20,50,0.05238934,0.0032948386886765793,0.049009,0.051632,0.055271,0.057903949999999996,0.06499674999999999,0.068341,305405.64168206736,305.40564168206737,51.632,3.227,152702.82084103368,3600,3456,7128,sub-physical,0.015625,0.0078125,Intel(R) Xeon(R) 6760P,AVX512,"avx2,avx512f,avx512bw,avx512vl,avx512_vnni,avx512_bf16,amx_bf16,amx_int8,amx_tile,fma",True,True,,256,128,sh14l07002s1404,3.11.9,2.1.2+cu121
20260424_010536,2026-04-24T06:14:09.881131,cpu,full_mlp_capacity_search_hd128_depth2,/home/liangyi/SRS_AI/Model_AIIC_refactor/experiments_refactored/20260422_050408_full_mlp_capacity_search_v2/full_mlp_capacity_search_hd128_depth2,full_mlp_capacity_search_v2,full_mlp_capacity_search_hd128_depth2,supervised_nmse_plateau,full_mlp,12,6,eager,bf16,bfloat16,16,4,ok,,0.0,20,50,0.05698942,0.0028035006908506367,0.05296,0.056764999999999996,0.0584489,0.06284699999999997,0.06730306,0.068384,280753.8662439449,280.7538662439449,56.76499999999999,3.5478124999999996,70188.46656098623,3600,3456,7128,sub-physical,0.03125,0.015625,Intel(R) Xeon(R) 6760P,AVX512,"avx2,avx512f,avx512bw,avx512vl,avx512_vnni,avx512_bf16,amx_bf16,amx_int8,amx_tile,fma",True,True,,256,128,sh14l07002s1404,3.11.9,2.1.2+cu121
20260424_010536,2026-04-24T06:14:09.881131,cpu,full_mlp_capacity_search_hd128_depth2,/home/liangyi/SRS_AI/Model_AIIC_refactor/experiments_refactored/20260422_050408_full_mlp_capacity_search_v2/full_mlp_capacity_search_hd128_depth2,full_mlp_capacity_search_v2,full_mlp_capacity_search_hd128_depth2,supervised_nmse_plateau,full_mlp,12,6,eager,bf16,bfloat16,16,8,ok,,0.0,20,50,0.05894936,0.0029876776717711697,0.054621,0.0584965,0.0613093,0.06412625,0.06905731999999998,0.073434,271419.4013302265,271.4194013302265,58.4965,3.65603125,33927.42516627831,3600,3456,7128,sub-physical,0.0625,0.03125,Intel(R) Xeon(R) 6760P,AVX512,"avx2,avx512f,avx512bw,avx512vl,avx512_vnni,avx512_bf16,amx_bf16,amx_int8,amx_tile,fma",True,True,,256,128,sh14l07002s1404,3.11.9,2.1.2+cu121
20260424_010536,2026-04-24T06:14:09.881131,cpu,full_mlp_capacity_search_hd128_depth2,/home/liangyi/SRS_AI/Model_AIIC_refactor/experiments_refactored/20260422_050408_full_mlp_capacity_search_v2/full_mlp_capacity_search_hd128_depth2,full_mlp_capacity_search_v2,full_mlp_capacity_search_hd128_depth2,supervised_nmse_plateau,full_mlp,12,6,eager,bf16,bfloat16,16,128,ok,,0.0,20,50,0.1775359,0.028229291035553834,0.149204,0.169468,0.21122700000000003,0.24169775,0.26853172,0.272977,90122.61745370936,90.12261745370937,169.46800000000002,10.591750000000001,704.0829488571044,3600,3456,7128,all-physical,1.0,0.5,Intel(R) Xeon(R) 6760P,AVX512,"avx2,avx512f,avx512bw,avx512vl,avx512_vnni,avx512_bf16,amx_bf16,amx_int8,amx_tile,fma",True,True,,256,128,sh14l07002s1404,3.11.9,2.1.2+cu121
20260424_010536,2026-04-24T06:14:09.881131,cpu,full_mlp_capacity_search_hd128_depth2,/home/liangyi/SRS_AI/Model_AIIC_refactor/experiments_refactored/20260422_050408_full_mlp_capacity_search_v2/full_mlp_capacity_search_hd128_depth2,full_mlp_capacity_search_v2,full_mlp_capacity_search_hd128_depth2,supervised_nmse_plateau,full_mlp,12,6,eager,bf16,bfloat16,32,1,ok,,0.0,20,50,0.05205894,0.011020591070192197,0.047285,0.0494745,0.05481490000000001,0.05653385,0.09552188999999987,0.126166,614687.8903027991,614.687890302799,49.4745,1.546078125,614687.8903027991,3600,3456,7128,single-thread,0.0078125,0.00390625,Intel(R) Xeon(R) 6760P,AVX512,"avx2,avx512f,avx512bw,avx512vl,avx512_vnni,avx512_bf16,amx_bf16,amx_int8,amx_tile,fma",True,True,,256,128,sh14l07002s1404,3.11.9,2.1.2+cu121
20260424_010536,2026-04-24T06:14:09.881131,cpu,full_mlp_capacity_search_hd128_depth2,/home/liangyi/SRS_AI/Model_AIIC_refactor/experiments_refactored/20260422_050408_full_mlp_capacity_search_v2/full_mlp_capacity_search_hd128_depth2,full_mlp_capacity_search_v2,full_mlp_capacity_search_hd128_depth2,supervised_nmse_plateau,full_mlp,12,6,eager,bf16,bfloat16,32,2,ok,,0.0,20,50,0.05990322,0.0024843629468336553,0.05386,0.0598185,0.06295780000000001,0.0640251,0.06593937,0.066374,534194.9898519645,534.1949898519645,59.8185,1.869328125,267097.49492598226,3600,3456,7128,sub-physical,0.015625,0.0078125,Intel(R) Xeon(R) 6760P,AVX512,"avx2,avx512f,avx512bw,avx512vl,avx512_vnni,avx512_bf16,amx_bf16,amx_int8,amx_tile,fma",True,True,,256,128,sh14l07002s1404,3.11.9,2.1.2+cu121
20260424_010536,2026-04-24T06:14:09.881131,cpu,full_mlp_capacity_search_hd128_depth2,/home/liangyi/SRS_AI/Model_AIIC_refactor/experiments_refactored/20260422_050408_full_mlp_capacity_search_v2/full_mlp_capacity_search_hd128_depth2,full_mlp_capacity_search_v2,full_mlp_capacity_search_hd128_depth2,supervised_nmse_plateau,full_mlp,12,6,eager,bf16,bfloat16,32,4,ok,,0.0,20,50,0.06797708,0.020217922999991863,0.05625,0.06461800000000001,0.0680834,0.07022205000000001,0.14727227999999976,0.207017,470746.90469199326,470.7469046919933,64.61800000000001,2.0193125000000003,117686.72617299831,3600,3456,7128,sub-physical,0.03125,0.015625,Intel(R) Xeon(R) 6760P,AVX512,"avx2,avx512f,avx512bw,avx512vl,avx512_vnni,avx512_bf16,amx_bf16,amx_int8,amx_tile,fma",True,True,,256,128,sh14l07002s1404,3.11.9,2.1.2+cu121
20260424_010536,2026-04-24T06:14:09.881131,cpu,full_mlp_capacity_search_hd128_depth2,/home/liangyi/SRS_AI/Model_AIIC_refactor/experiments_refactored/20260422_050408_full_mlp_capacity_search_v2/full_mlp_capacity_search_hd128_depth2,full_mlp_capacity_search_v2,full_mlp_capacity_search_hd128_depth2,supervised_nmse_plateau,full_mlp,12,6,eager,bf16,bfloat16,32,8,ok,,0.0,20,50,0.08767754,0.017663605093196574,0.068988,0.085178,0.0921696,0.09686624999999999,0.1564513699999998,0.201231,364973.7435607796,364.9737435607796,85.178,2.6618125,45621.71794509745,3600,3456,7128,sub-physical,0.0625,0.03125,Intel(R) Xeon(R) 6760P,AVX512,"avx2,avx512f,avx512bw,avx512vl,avx512_vnni,avx512_bf16,amx_bf16,amx_int8,amx_tile,fma",True,True,,256,128,sh14l07002s1404,3.11.9,2.1.2+cu121
20260424_010536,2026-04-24T06:14:09.881131,cpu,full_mlp_capacity_search_hd128_depth2,/home/liangyi/SRS_AI/Model_AIIC_refactor/experiments_refactored/20260422_050408_full_mlp_capacity_search_v2/full_mlp_capacity_search_hd128_depth2,full_mlp_capacity_search_v2,full_mlp_capacity_search_hd128_depth2,supervised_nmse_plateau,full_mlp,12,6,eager,bf16,bfloat16,32,128,ok,,0.0,20,50,0.15502176,0.012704666000426771,0.127192,0.153908,0.17283910000000002,0.17823315,0.18570752,0.191711,206422.63382895407,206.42263382895408,153.908,4.809625,1612.6768267887037,3600,3456,7128,all-physical,1.0,0.5,Intel(R) Xeon(R) 6760P,AVX512,"avx2,avx512f,avx512bw,avx512vl,avx512_vnni,avx512_bf16,amx_bf16,amx_int8,amx_tile,fma",True,True,,256,128,sh14l07002s1404,3.11.9,2.1.2+cu121
20260424_010536,2026-04-24T06:14:09.881131,cpu,full_mlp_capacity_search_hd128_depth2,/home/liangyi/SRS_AI/Model_AIIC_refactor/experiments_refactored/20260422_050408_full_mlp_capacity_search_v2/full_mlp_capacity_search_hd128_depth2,full_mlp_capacity_search_v2,full_mlp_capacity_search_hd128_depth2,supervised_nmse_plateau,full_mlp,12,6,eager,bf16,bfloat16,64,1,ok,,0.0,20,50,0.06134238,0.018309552495776624,0.056255,0.0586975,0.0602805,0.0645519,0.12929674999999977,0.188648,1043324.3705249128,1043.3243705249129,58.6975,0.9171484375,1043324.3705249128,3600,3456,7128,single-thread,0.0078125,0.00390625,Intel(R) Xeon(R) 6760P,AVX512,"avx2,avx512f,avx512bw,avx512vl,avx512_vnni,avx512_bf16,amx_bf16,amx_int8,amx_tile,fma",True,True,,256,128,sh14l07002s1404,3.11.9,2.1.2+cu121
20260424_010536,2026-04-24T06:14:09.881131,cpu,full_mlp_capacity_search_hd128_depth2,/home/liangyi/SRS_AI/Model_AIIC_refactor/experiments_refactored/20260422_050408_full_mlp_capacity_search_v2/full_mlp_capacity_search_hd128_depth2,full_mlp_capacity_search_v2,full_mlp_capacity_search_hd128_depth2,supervised_nmse_plateau,full_mlp,12,6,eager,bf16,bfloat16,64,2,ok,,0.0,20,50,0.06671505999999999,0.0031328123621436384,0.06238,0.065687,0.0723005,0.0733769,0.07553738,0.077075,959303.641486645,959.303641486645,65.687,1.026359375,479651.8207433225,3600,3456,7128,sub-physical,0.015625,0.0078125,Intel(R) Xeon(R) 6760P,AVX512,"avx2,avx512f,avx512bw,avx512vl,avx512_vnni,avx512_bf16,amx_bf16,amx_int8,amx_tile,fma",True,True,,256,128,sh14l07002s1404,3.11.9,2.1.2+cu121
20260424_010536,2026-04-24T06:14:09.881131,cpu,full_mlp_capacity_search_hd128_depth2,/home/liangyi/SRS_AI/Model_AIIC_refactor/experiments_refactored/20260422_050408_full_mlp_capacity_search_v2/full_mlp_capacity_search_hd128_depth2,full_mlp_capacity_search_v2,full_mlp_capacity_search_hd128_depth2,supervised_nmse_plateau,full_mlp,12,6,eager,bf16,bfloat16,64,4,ok,,0.0,20,50,0.07863854,0.0041475135838716665,0.068233,0.07821349999999999,0.08398240000000001,0.08654345,0.08714443,0.087582,813850.3080041922,813.8503080041922,78.2135,1.2220859375,203462.57700104805,3600,3456,7128,sub-physical,0.03125,0.015625,Intel(R) Xeon(R) 6760P,AVX512,"avx2,avx512f,avx512bw,avx512vl,avx512_vnni,avx512_bf16,amx_bf16,amx_int8,amx_tile,fma",True,True,,256,128,sh14l07002s1404,3.11.9,2.1.2+cu121
20260424_010536,2026-04-24T06:14:09.881131,cpu,full_mlp_capacity_search_hd128_depth2,/home/liangyi/SRS_AI/Model_AIIC_refactor/experiments_refactored/20260422_050408_full_mlp_capacity_search_v2/full_mlp_capacity_search_hd128_depth2,full_mlp_capacity_search_v2,full_mlp_capacity_search_hd128_depth2,supervised_nmse_plateau,full_mlp,12,6,eager,bf16,bfloat16,64,8,ok,,0.0,20,50,0.10273042,0.00607391813606341,0.084518,0.103884,0.1093899,0.11095885,0.11304021,0.113565,622989.7629154052,622.9897629154052,103.884,1.6231875,77873.72036442565,3600,3456,7128,sub-physical,0.0625,0.03125,Intel(R) Xeon(R) 6760P,AVX512,"avx2,avx512f,avx512bw,avx512vl,avx512_vnni,avx512_bf16,amx_bf16,amx_int8,amx_tile,fma",True,True,,256,128,sh14l07002s1404,3.11.9,2.1.2+cu121
20260424_010536,2026-04-24T06:14:09.881131,cpu,full_mlp_capacity_search_hd128_depth2,/home/liangyi/SRS_AI/Model_AIIC_refactor/experiments_refactored/20260422_050408_full_mlp_capacity_search_v2/full_mlp_capacity_search_hd128_depth2,full_mlp_capacity_search_v2,full_mlp_capacity_search_hd128_depth2,supervised_nmse_plateau,full_mlp,12,6,eager,bf16,bfloat16,64,128,ok,,0.0,20,50,0.15305436,0.010081949955757565,0.137702,0.1512305,0.1668472,0.17326879999999997,0.17822567,0.178332,418152.086618114,418.15208661811397,151.23049999999998,2.3629765624999997,3266.8131767040154,3600,3456,7128,all-physical,1.0,0.5,Intel(R) Xeon(R) 6760P,AVX512,"avx2,avx512f,avx512bw,avx512vl,avx512_vnni,avx512_bf16,amx_bf16,amx_int8,amx_tile,fma",True,True,,256,128,sh14l07002s1404,3.11.9,2.1.2+cu121
20260424_010536,2026-04-24T06:14:09.881131,cpu,full_mlp_capacity_search_hd128_depth2,/home/liangyi/SRS_AI/Model_AIIC_refactor/experiments_refactored/20260422_050408_full_mlp_capacity_search_v2/full_mlp_capacity_search_hd128_depth2,full_mlp_capacity_search_v2,full_mlp_capacity_search_hd128_depth2,supervised_nmse_plateau,full_mlp,12,6,eager,bf16,bfloat16,128,1,ok,,0.0,20,50,0.07688004,0.0029740293741656286,0.074051,0.0760925,0.0811955,0.08191235,0.08802676,0.088505,1664931.4958733113,1664.9314958733114,76.09249999999999,0.5944726562499999,1664931.4958733113,3600,3456,7128,single-thread,0.0078125,0.00390625,Intel(R) Xeon(R) 6760P,AVX512,"avx2,avx512f,avx512bw,avx512vl,avx512_vnni,avx512_bf16,amx_bf16,amx_int8,amx_tile,fma",True,True,,256,128,sh14l07002s1404,3.11.9,2.1.2+cu121
20260424_010536,2026-04-24T06:14:09.881131,cpu,full_mlp_capacity_search_hd128_depth2,/home/liangyi/SRS_AI/Model_AIIC_refactor/experiments_refactored/20260422_050408_full_mlp_capacity_search_v2/full_mlp_capacity_search_hd128_depth2,full_mlp_capacity_search_v2,full_mlp_capacity_search_hd128_depth2,supervised_nmse_plateau,full_mlp,12,6,eager,bf16,bfloat16,128,2,ok,,0.0,20,50,0.0901933,0.0056487600630580875,0.082114,0.088295,0.0984518,0.1008786,0.10351899,0.103837,1419174.1515167977,1419.1741515167978,88.295,0.6898046875,709587.0757583989,3600,3456,7128,sub-physical,0.015625,0.0078125,Intel(R) Xeon(R) 6760P,AVX512,"avx2,avx512f,avx512bw,avx512vl,avx512_vnni,avx512_bf16,amx_bf16,amx_int8,amx_tile,fma",True,True,,256,128,sh14l07002s1404,3.11.9,2.1.2+cu121
20260424_010536,2026-04-24T06:14:09.881131,cpu,full_mlp_capacity_search_hd128_depth2,/home/liangyi/SRS_AI/Model_AIIC_refactor/experiments_refactored/20260422_050408_full_mlp_capacity_search_v2/full_mlp_capacity_search_hd128_depth2,full_mlp_capacity_search_v2,full_mlp_capacity_search_hd128_depth2,supervised_nmse_plateau,full_mlp,12,6,eager,bf16,bfloat16,128,4,ok,,0.0,20,50,0.1076841,0.009872736942206048,0.093601,0.10653850000000001,0.1130967,0.11433125,0.14595371999999993,0.168725,1188662.0215983603,1188.6620215983603,106.53850000000001,0.8323320312500001,297165.50539959007,3600,3456,7128,sub-physical,0.03125,0.015625,Intel(R) Xeon(R) 6760P,AVX512,"avx2,avx512f,avx512bw,avx512vl,avx512_vnni,avx512_bf16,amx_bf16,amx_int8,amx_tile,fma",True,True,,256,128,sh14l07002s1404,3.11.9,2.1.2+cu121
20260424_010536,2026-04-24T06:14:09.881131,cpu,full_mlp_capacity_search_hd128_depth2,/home/liangyi/SRS_AI/Model_AIIC_refactor/experiments_refactored/20260422_050408_full_mlp_capacity_search_v2/full_mlp_capacity_search_hd128_depth2,full_mlp_capacity_search_v2,full_mlp_capacity_search_hd128_depth2,supervised_nmse_plateau,full_mlp,12,6,eager,bf16,bfloat16,128,8,ok,,0.0,20,50,0.14315918,0.016117981821171034,0.112672,0.14579799999999998,0.1600092,0.16144845,0.17120699999999997,0.177773,894109.6197952516,894.1096197952517,145.79799999999997,1.1390468749999998,111763.70247440645,3600,3456,7128,sub-physical,0.0625,0.03125,Intel(R) Xeon(R) 6760P,AVX512,"avx2,avx512f,avx512bw,avx512vl,avx512_vnni,avx512_bf16,amx_bf16,amx_int8,amx_tile,fma",True,True,,256,128,sh14l07002s1404,3.11.9,2.1.2+cu121
20260424_010536,2026-04-24T06:14:09.881131,cpu,full_mlp_capacity_search_hd128_depth2,/home/liangyi/SRS_AI/Model_AIIC_refactor/experiments_refactored/20260422_050408_full_mlp_capacity_search_v2/full_mlp_capacity_search_hd128_depth2,full_mlp_capacity_search_v2,full_mlp_capacity_search_hd128_depth2,supervised_nmse_plateau,full_mlp,12,6,eager,bf16,bfloat16,128,128,ok,,0.0,20,50,0.21564196,0.014041564411361005,0.193254,0.2130305,0.2351898,0.23947485000000002,0.25063344,0.254526,593576.5006031294,593.5765006031294,213.03050000000002,1.6643007812500001,4637.316410961948,3600,3456,7128,all-physical,1.0,0.5,Intel(R) Xeon(R) 6760P,AVX512,"avx2,avx512f,avx512bw,avx512vl,avx512_vnni,avx512_bf16,amx_bf16,amx_int8,amx_tile,fma",True,True,,256,128,sh14l07002s1404,3.11.9,2.1.2+cu121
20260424_010536,2026-04-24T06:14:09.881131,cpu,full_mlp_capacity_search_hd128_depth2,/home/liangyi/SRS_AI/Model_AIIC_refactor/experiments_refactored/20260422_050408_full_mlp_capacity_search_v2/full_mlp_capacity_search_hd128_depth2,full_mlp_capacity_search_v2,full_mlp_capacity_search_hd128_depth2,supervised_nmse_plateau,full_mlp,12,6,jit,fp32,float32,1,1,ok,,40.812986,20,50,0.01834602,0.0009522500614859524,0.016288,0.018023499999999998,0.0197156,0.0204483,0.02082951,0.020977,54507.73519270119,54.50773519270119,18.0235,18.0235,54507.73519270119,3600,3456,7128,single-thread,0.0078125,0.00390625,Intel(R) Xeon(R) 6760P,AVX512,"avx2,avx512f,avx512bw,avx512vl,avx512_vnni,avx512_bf16,amx_bf16,amx_int8,amx_tile,fma",True,True,,256,128,sh14l07002s1404,3.11.9,2.1.2+cu121
20260424_010536,2026-04-24T06:14:09.881131,cpu,full_mlp_capacity_search_hd128_depth2,/home/liangyi/SRS_AI/Model_AIIC_refactor/experiments_refactored/20260422_050408_full_mlp_capacity_search_v2/full_mlp_capacity_search_hd128_depth2,full_mlp_capacity_search_v2,full_mlp_capacity_search_hd128_depth2,supervised_nmse_plateau,full_mlp,12,6,jit,fp32,float32,1,2,ok,,40.882157,20,50,0.01875802,0.0009156018892509996,0.017426,0.019032,0.0194243,0.0194777,0.021590439999999995,0.022543,53310.53064235991,53.31053064235991,19.032,19.032,26655.265321179955,3600,3456,7128,sub-physical,0.015625,0.0078125,Intel(R) Xeon(R) 6760P,AVX512,"avx2,avx512f,avx512bw,avx512vl,avx512_vnni,avx512_bf16,amx_bf16,amx_int8,amx_tile,fma",True,True,,256,128,sh14l07002s1404,3.11.9,2.1.2+cu121
20260424_010536,2026-04-24T06:14:09.881131,cpu,full_mlp_capacity_search_hd128_depth2,/home/liangyi/SRS_AI/Model_AIIC_refactor/experiments_refactored/20260422_050408_full_mlp_capacity_search_v2/full_mlp_capacity_search_hd128_depth2,full_mlp_capacity_search_v2,full_mlp_capacity_search_hd128_depth2,supervised_nmse_plateau,full_mlp,12,6,jit,fp32,float32,1,4,ok,,40.817059,20,50,0.01802328,0.0013762319287096922,0.016775,0.0177545,0.0180116,0.019630649999999996,0.023665839999999987,0.026794,55483.79651206662,55.48379651206662,17.7545,17.7545,13870.949128016655,3600,3456,7128,sub-physical,0.03125,0.015625,Intel(R) Xeon(R) 6760P,AVX512,"avx2,avx512f,avx512bw,avx512vl,avx512_vnni,avx512_bf16,amx_bf16,amx_int8,amx_tile,fma",True,True,,256,128,sh14l07002s1404,3.11.9,2.1.2+cu121
20260424_010536,2026-04-24T06:14:09.881131,cpu,full_mlp_capacity_search_hd128_depth2,/home/liangyi/SRS_AI/Model_AIIC_refactor/experiments_refactored/20260422_050408_full_mlp_capacity_search_v2/full_mlp_capacity_search_hd128_depth2,full_mlp_capacity_search_v2,full_mlp_capacity_search_hd128_depth2,supervised_nmse_plateau,full_mlp,12,6,jit,fp32,float32,1,8,ok,,41.840445,20,50,0.01809824,0.0007946865183202745,0.017433,0.0179615,0.0183738,0.01873365,0.02110028999999999,0.023295,55253.99154834945,55.25399154834945,17.961499999999997,17.961499999999997,6906.748943543681,3600,3456,7128,sub-physical,0.0625,0.03125,Intel(R) Xeon(R) 6760P,AVX512,"avx2,avx512f,avx512bw,avx512vl,avx512_vnni,avx512_bf16,amx_bf16,amx_int8,amx_tile,fma",True,True,,256,128,sh14l07002s1404,3.11.9,2.1.2+cu121
20260424_010536,2026-04-24T06:14:09.881131,cpu,full_mlp_capacity_search_hd128_depth2,/home/liangyi/SRS_AI/Model_AIIC_refactor/experiments_refactored/20260422_050408_full_mlp_capacity_search_v2/full_mlp_capacity_search_hd128_depth2,full_mlp_capacity_search_v2,full_mlp_capacity_search_hd128_depth2,supervised_nmse_plateau,full_mlp,12,6,jit,fp32,float32,1,128,ok,,44.925734,20,50,0.01910116,0.0015134587190934543,0.017441,0.019042499999999997,0.0196343,0.020325149999999997,0.025402649999999992,0.027027,52352.84139811404,52.35284139811404,19.042499999999997,19.042499999999997,409.00657342276594,3600,3456,7128,all-physical,1.0,0.5,Intel(R) Xeon(R) 6760P,AVX512,"avx2,avx512f,avx512bw,avx512vl,avx512_vnni,avx512_bf16,amx_bf16,amx_int8,amx_tile,fma",True,True,,256,128,sh14l07002s1404,3.11.9,2.1.2+cu121
20260424_010536,2026-04-24T06:14:09.881131,cpu,full_mlp_capacity_search_hd128_depth2,/home/liangyi/SRS_AI/Model_AIIC_refactor/experiments_refactored/20260422_050408_full_mlp_capacity_search_v2/full_mlp_capacity_search_hd128_depth2,full_mlp_capacity_search_v2,full_mlp_capacity_search_hd128_depth2,supervised_nmse_plateau,full_mlp,12,6,jit,fp32,float32,2,1,ok,,41.721623,20,50,0.01937186,0.001331767562452247,0.018139,0.019384,0.0198474,0.0200268,0.024208609999999985,0.02784,103242.53840364322,103.24253840364322,19.383999999999997,9.691999999999998,103242.53840364322,3600,3456,7128,single-thread,0.0078125,0.00390625,Intel(R) Xeon(R) 6760P,AVX512,"avx2,avx512f,avx512bw,avx512vl,avx512_vnni,avx512_bf16,amx_bf16,amx_int8,amx_tile,fma",True,True,,256,128,sh14l07002s1404,3.11.9,2.1.2+cu121
20260424_010536,2026-04-24T06:14:09.881131,cpu,full_mlp_capacity_search_hd128_depth2,/home/liangyi/SRS_AI/Model_AIIC_refactor/experiments_refactored/20260422_050408_full_mlp_capacity_search_v2/full_mlp_capacity_search_hd128_depth2,full_mlp_capacity_search_v2,full_mlp_capacity_search_hd128_depth2,supervised_nmse_plateau,full_mlp,12,6,jit,fp32,float32,2,2,ok,,42.153274,20,50,0.01898692,0.0008878259478073392,0.017237,0.01866,0.020161,0.0207905,0.021798829999999998,0.02206,105335.67318975378,105.33567318975378,18.66,9.33,52667.83659487689,3600,3456,7128,sub-physical,0.015625,0.0078125,Intel(R) Xeon(R) 6760P,AVX512,"avx2,avx512f,avx512bw,avx512vl,avx512_vnni,avx512_bf16,amx_bf16,amx_int8,amx_tile,fma",True,True,,256,128,sh14l07002s1404,3.11.9,2.1.2+cu121
20260424_010536,2026-04-24T06:14:09.881131,cpu,full_mlp_capacity_search_hd128_depth2,/home/liangyi/SRS_AI/Model_AIIC_refactor/experiments_refactored/20260422_050408_full_mlp_capacity_search_v2/full_mlp_capacity_search_hd128_depth2,full_mlp_capacity_search_v2,full_mlp_capacity_search_hd128_depth2,supervised_nmse_plateau,full_mlp,12,6,jit,fp32,float32,2,4,ok,,41.150074,20,50,0.01966996,0.0012345819204896856,0.018229,0.019457500000000003,0.019744,0.01999035,0.025552429999999998,0.026333,101677.88851629592,101.67788851629592,19.457500000000003,9.728750000000002,25419.47212907398,3600,3456,7128,sub-physical,0.03125,0.015625,Intel(R) Xeon(R) 6760P,AVX512,"avx2,avx512f,avx512bw,avx512vl,avx512_vnni,avx512_bf16,amx_bf16,amx_int8,amx_tile,fma",True,True,,256,128,sh14l07002s1404,3.11.9,2.1.2+cu121
20260424_010536,2026-04-24T06:14:09.881131,cpu,full_mlp_capacity_search_hd128_depth2,/home/liangyi/SRS_AI/Model_AIIC_refactor/experiments_refactored/20260422_050408_full_mlp_capacity_search_v2/full_mlp_capacity_search_hd128_depth2,full_mlp_capacity_search_v2,full_mlp_capacity_search_hd128_depth2,supervised_nmse_plateau,full_mlp,12,6,jit,fp32,float32,2,8,ok,,41.005942,20,50,0.0195804,0.0011546084877567806,0.018164,0.019337,0.0197407,0.0198961,0.024888749999999994,0.026371,102142.95928581643,102.14295928581643,19.337,9.6685,12767.869910727053,3600,3456,7128,sub-physical,0.0625,0.03125,Intel(R) Xeon(R) 6760P,AVX512,"avx2,avx512f,avx512bw,avx512vl,avx512_vnni,avx512_bf16,amx_bf16,amx_int8,amx_tile,fma",True,True,,256,128,sh14l07002s1404,3.11.9,2.1.2+cu121
20260424_010536,2026-04-24T06:14:09.881131,cpu,full_mlp_capacity_search_hd128_depth2,/home/liangyi/SRS_AI/Model_AIIC_refactor/experiments_refactored/20260422_050408_full_mlp_capacity_search_v2/full_mlp_capacity_search_hd128_depth2,full_mlp_capacity_search_v2,full_mlp_capacity_search_hd128_depth2,supervised_nmse_plateau,full_mlp,12,6,jit,fp32,float32,2,128,ok,,44.997354,20,50,0.0191987,0.0004665552164535296,0.018034,0.0193175,0.0196129,0.01980835,0.02002379,0.020038,104173.72009563148,104.17372009563148,19.317500000000003,9.658750000000001,813.8571882471209,3600,3456,7128,all-physical,1.0,0.5,Intel(R) Xeon(R) 6760P,AVX512,"avx2,avx512f,avx512bw,avx512vl,avx512_vnni,avx512_bf16,amx_bf16,amx_int8,amx_tile,fma",True,True,,256,128,sh14l07002s1404,3.11.9,2.1.2+cu121
20260424_010536,2026-04-24T06:14:09.881131,cpu,full_mlp_capacity_search_hd128_depth2,/home/liangyi/SRS_AI/Model_AIIC_refactor/experiments_refactored/20260422_050408_full_mlp_capacity_search_v2/full_mlp_capacity_search_hd128_depth2,full_mlp_capacity_search_v2,full_mlp_capacity_search_hd128_depth2,supervised_nmse_plateau,full_mlp,12,6,jit,fp32,float32,4,1,ok,,41.865657,20,50,0.01926574,0.0013410739995988292,0.017795,0.019172,0.019576000000000003,0.01963135,0.02493875999999999,0.027573,207622.44274032558,207.6224427403256,19.172,4.793,207622.44274032558,3600,3456,7128,single-thread,0.0078125,0.00390625,Intel(R) Xeon(R) 6760P,AVX512,"avx2,avx512f,avx512bw,avx512vl,avx512_vnni,avx512_bf16,amx_bf16,amx_int8,amx_tile,fma",True,True,,256,128,sh14l07002s1404,3.11.9,2.1.2+cu121
20260424_010536,2026-04-24T06:14:09.881131,cpu,full_mlp_capacity_search_hd128_depth2,/home/liangyi/SRS_AI/Model_AIIC_refactor/experiments_refactored/20260422_050408_full_mlp_capacity_search_v2/full_mlp_capacity_search_hd128_depth2,full_mlp_capacity_search_v2,full_mlp_capacity_search_hd128_depth2,supervised_nmse_plateau,full_mlp,12,6,jit,fp32,float32,4,2,ok,,40.853465,20,50,0.01911156,0.0008972271097108021,0.017996,0.0190975,0.019381100000000002,0.01944775,0.02228628999999999,0.024775,209297.4095259623,209.2974095259623,19.0975,4.774375,104648.70476298116,3600,3456,7128,sub-physical,0.015625,0.0078125,Intel(R) Xeon(R) 6760P,AVX512,"avx2,avx512f,avx512bw,avx512vl,avx512_vnni,avx512_bf16,amx_bf16,amx_int8,amx_tile,fma",True,True,,256,128,sh14l07002s1404,3.11.9,2.1.2+cu121
20260424_010536,2026-04-24T06:14:09.881131,cpu,full_mlp_capacity_search_hd128_depth2,/home/liangyi/SRS_AI/Model_AIIC_refactor/experiments_refactored/20260422_050408_full_mlp_capacity_search_v2/full_mlp_capacity_search_hd128_depth2,full_mlp_capacity_search_v2,full_mlp_capacity_search_hd128_depth2,supervised_nmse_plateau,full_mlp,12,6,jit,fp32,float32,4,4,ok,,40.984746,20,50,0.0189861,0.0012279840756296476,0.017407,0.0189075,0.0192075,0.01938395,0.024397679999999995,0.02595,210680.44516778068,210.68044516778068,18.907500000000002,4.726875000000001,52670.11129194517,3600,3456,7128,sub-physical,0.03125,0.015625,Intel(R) Xeon(R) 6760P,AVX512,"avx2,avx512f,avx512bw,avx512vl,avx512_vnni,avx512_bf16,amx_bf16,amx_int8,amx_tile,fma",True,True,,256,128,sh14l07002s1404,3.11.9,2.1.2+cu121
20260424_010536,2026-04-24T06:14:09.881131,cpu,full_mlp_capacity_search_hd128_depth2,/home/liangyi/SRS_AI/Model_AIIC_refactor/experiments_refactored/20260422_050408_full_mlp_capacity_search_v2/full_mlp_capacity_search_hd128_depth2,full_mlp_capacity_search_v2,full_mlp_capacity_search_hd128_depth2,supervised_nmse_plateau,full_mlp,12,6,jit,fp32,float32,4,8,ok,,41.322719,20,50,0.0188166,0.0005305457190478496,0.017406,0.018936500000000002,0.019229200000000002,0.019286349999999997,0.020085699999999998,0.020708,212578.25537025818,212.57825537025818,18.936500000000002,4.734125000000001,26572.281921282272,3600,3456,7128,sub-physical,0.0625,0.03125,Intel(R) Xeon(R) 6760P,AVX512,"avx2,avx512f,avx512bw,avx512vl,avx512_vnni,avx512_bf16,amx_bf16,amx_int8,amx_tile,fma",True,True,,256,128,sh14l07002s1404,3.11.9,2.1.2+cu121
20260424_010536,2026-04-24T06:14:09.881131,cpu,full_mlp_capacity_search_hd128_depth2,/home/liangyi/SRS_AI/Model_AIIC_refactor/experiments_refactored/20260422_050408_full_mlp_capacity_search_v2/full_mlp_capacity_search_hd128_depth2,full_mlp_capacity_search_v2,full_mlp_capacity_search_hd128_depth2,supervised_nmse_plateau,full_mlp,12,6,jit,fp32,float32,4,128,ok,,44.749439,20,50,0.01971658,0.0009832996916505161,0.017598,0.0196795,0.0207226,0.0209519,0.02207821,0.022211,202874.94078587662,202.87494078587662,19.679499999999997,4.919874999999999,1584.960474889661,3600,3456,7128,all-physical,1.0,0.5,Intel(R) Xeon(R) 6760P,AVX512,"avx2,avx512f,avx512bw,avx512vl,avx512_vnni,avx512_bf16,amx_bf16,amx_int8,amx_tile,fma",True,True,,256,128,sh14l07002s1404,3.11.9,2.1.2+cu121
20260424_010536,2026-04-24T06:14:09.881131,cpu,full_mlp_capacity_search_hd128_depth2,/home/liangyi/SRS_AI/Model_AIIC_refactor/experiments_refactored/20260422_050408_full_mlp_capacity_search_v2/full_mlp_capacity_search_hd128_depth2,full_mlp_capacity_search_v2,full_mlp_capacity_search_hd128_depth2,supervised_nmse_plateau,full_mlp,12,6,jit,fp32,float32,8,1,ok,,40.514261,20,50,0.01938154,0.0012062314074836552,0.017843,0.0191855,0.0195485,0.0198021,0.02453158999999999,0.027133,412763.8980184237,412.7638980184237,19.1855,2.3981875,412763.8980184237,3600,3456,7128,single-thread,0.0078125,0.00390625,Intel(R) Xeon(R) 6760P,AVX512,"avx2,avx512f,avx512bw,avx512vl,avx512_vnni,avx512_bf16,amx_bf16,amx_int8,amx_tile,fma",True,True,,256,128,sh14l07002s1404,3.11.9,2.1.2+cu121
20260424_010536,2026-04-24T06:14:09.881131,cpu,full_mlp_capacity_search_hd128_depth2,/home/liangyi/SRS_AI/Model_AIIC_refactor/experiments_refactored/20260422_050408_full_mlp_capacity_search_v2/full_mlp_capacity_search_hd128_depth2,full_mlp_capacity_search_v2,full_mlp_capacity_search_hd128_depth2,supervised_nmse_plateau,full_mlp,12,6,jit,fp32,float32,8,2,ok,,42.50186,20,50,0.01957838,0.0007308019126959098,0.018297,0.0194835,0.019767,0.0199441,0.022339699999999994,0.024334,408613.9915559919,408.6139915559919,19.4835,2.4354375,204306.99577799594,3600,3456,7128,sub-physical,0.015625,0.0078125,Intel(R) Xeon(R) 6760P,AVX512,"avx2,avx512f,avx512bw,avx512vl,avx512_vnni,avx512_bf16,amx_bf16,amx_int8,amx_tile,fma",True,True,,256,128,sh14l07002s1404,3.11.9,2.1.2+cu121
20260424_010536,2026-04-24T06:14:09.881131,cpu,full_mlp_capacity_search_hd128_depth2,/home/liangyi/SRS_AI/Model_AIIC_refactor/experiments_refactored/20260422_050408_full_mlp_capacity_search_v2/full_mlp_capacity_search_hd128_depth2,full_mlp_capacity_search_v2,full_mlp_capacity_search_hd128_depth2,supervised_nmse_plateau,full_mlp,12,6,jit,fp32,float32,8,4,ok,,41.009179,20,50,0.01968568,0.0010855543918201428,0.018225,0.019526500000000002,0.0200201,0.021119649999999997,0.02432171,0.024528,406386.7745488091,406.3867745488091,19.526500000000002,2.4408125000000003,101596.69363720228,3600,3456,7128,sub-physical,0.03125,0.015625,Intel(R) Xeon(R) 6760P,AVX512,"avx2,avx512f,avx512bw,avx512vl,avx512_vnni,avx512_bf16,amx_bf16,amx_int8,amx_tile,fma",True,True,,256,128,sh14l07002s1404,3.11.9,2.1.2+cu121
20260424_010536,2026-04-24T06:14:09.881131,cpu,full_mlp_capacity_search_hd128_depth2,/home/liangyi/SRS_AI/Model_AIIC_refactor/experiments_refactored/20260422_050408_full_mlp_capacity_search_v2/full_mlp_capacity_search_hd128_depth2,full_mlp_capacity_search_v2,full_mlp_capacity_search_hd128_depth2,supervised_nmse_plateau,full_mlp,12,6,jit,fp32,float32,8,8,ok,,40.99291,20,50,0.01956286,0.0009031652342733307,0.018122,0.019482,0.0198469,0.02031885,0.023232079999999995,0.024853,408938.1613935794,408.9381613935794,19.482,2.43525,51117.27017419742,3600,3456,7128,sub-physical,0.0625,0.03125,Intel(R) Xeon(R) 6760P,AVX512,"avx2,avx512f,avx512bw,avx512vl,avx512_vnni,avx512_bf16,amx_bf16,amx_int8,amx_tile,fma",True,True,,256,128,sh14l07002s1404,3.11.9,2.1.2+cu121
20260424_010536,2026-04-24T06:14:09.881131,cpu,full_mlp_capacity_search_hd128_depth2,/home/liangyi/SRS_AI/Model_AIIC_refactor/experiments_refactored/20260422_050408_full_mlp_capacity_search_v2/full_mlp_capacity_search_hd128_depth2,full_mlp_capacity_search_v2,full_mlp_capacity_search_hd128_depth2,supervised_nmse_plateau,full_mlp,12,6,jit,fp32,float32,8,128,ok,,44.686219,20,50,0.01945674,0.0008072132756589177,0.018447,0.019396499999999997,0.0196277,0.0197466,0.022364199999999987,0.024824,411168.5719190368,411.1685719190368,19.396499999999996,2.4245624999999995,3212.254468117475,3600,3456,7128,all-physical,1.0,0.5,Intel(R) Xeon(R) 6760P,AVX512,"avx2,avx512f,avx512bw,avx512vl,avx512_vnni,avx512_bf16,amx_bf16,amx_int8,amx_tile,fma",True,True,,256,128,sh14l07002s1404,3.11.9,2.1.2+cu121
20260424_010536,2026-04-24T06:14:09.881131,cpu,full_mlp_capacity_search_hd128_depth2,/home/liangyi/SRS_AI/Model_AIIC_refactor/experiments_refactored/20260422_050408_full_mlp_capacity_search_v2/full_mlp_capacity_search_hd128_depth2,full_mlp_capacity_search_v2,full_mlp_capacity_search_hd128_depth2,supervised_nmse_plateau,full_mlp,12,6,jit,fp32,float32,16,1,ok,,42.409923,20,50,0.02022464,0.0006250403750158865,0.019014,0.0202125,0.0204196,0.02052035,0.022449649999999995,0.023976,791114.2052466695,791.1142052466695,20.212500000000002,1.2632812500000001,791114.2052466695,3600,3456,7128,single-thread,0.0078125,0.00390625,Intel(R) Xeon(R) 6760P,AVX512,"avx2,avx512f,avx512bw,avx512vl,avx512_vnni,avx512_bf16,amx_bf16,amx_int8,amx_tile,fma",True,True,,256,128,sh14l07002s1404,3.11.9,2.1.2+cu121
20260424_010536,2026-04-24T06:14:09.881131,cpu,full_mlp_capacity_search_hd128_depth2,/home/liangyi/SRS_AI/Model_AIIC_refactor/experiments_refactored/20260422_050408_full_mlp_capacity_search_v2/full_mlp_capacity_search_hd128_depth2,full_mlp_capacity_search_v2,full_mlp_capacity_search_hd128_depth2,supervised_nmse_plateau,full_mlp,12,6,jit,fp32,float32,16,2,ok,,41.203668,20,50,0.02024062,0.0015791798363707663,0.018461,0.020051,0.0204078,0.02050005,0.025938929999999978,0.031007,790489.6193891293,790.4896193891293,20.051,1.2531875,395244.80969456467,3600,3456,7128,sub-physical,0.015625,0.0078125,Intel(R) Xeon(R) 6760P,AVX512,"avx2,avx512f,avx512bw,avx512vl,avx512_vnni,avx512_bf16,amx_bf16,amx_int8,amx_tile,fma",True,True,,256,128,sh14l07002s1404,3.11.9,2.1.2+cu121
20260424_010536,2026-04-24T06:14:09.881131,cpu,full_mlp_capacity_search_hd128_depth2,/home/liangyi/SRS_AI/Model_AIIC_refactor/experiments_refactored/20260422_050408_full_mlp_capacity_search_v2/full_mlp_capacity_search_hd128_depth2,full_mlp_capacity_search_v2,full_mlp_capacity_search_hd128_depth2,supervised_nmse_plateau,full_mlp,12,6,jit,fp32,float32,16,4,ok,,41.25312,20,50,0.01999312,0.0006422639532154983,0.018311,0.0200595,0.0202745,0.02041695,0.021956719999999992,0.023315,800275.2947013774,800.2752947013774,20.0595,1.25371875,200068.82367534435,3600,3456,7128,sub-physical,0.03125,0.015625,Intel(R) Xeon(R) 6760P,AVX512,"avx2,avx512f,avx512bw,avx512vl,avx512_vnni,avx512_bf16,amx_bf16,amx_int8,amx_tile,fma",True,True,,256,128,sh14l07002s1404,3.11.9,2.1.2+cu121
20260424_010536,2026-04-24T06:14:09.881131,cpu,full_mlp_capacity_search_hd128_depth2,/home/liangyi/SRS_AI/Model_AIIC_refactor/experiments_refactored/20260422_050408_full_mlp_capacity_search_v2/full_mlp_capacity_search_hd128_depth2,full_mlp_capacity_search_v2,full_mlp_capacity_search_hd128_depth2,supervised_nmse_plateau,full_mlp,12,6,jit,fp32,float32,16,8,ok,,41.182659,20,50,0.02002412,0.0005010006243509085,0.018859,0.020219,0.0203985,0.02057575,0.02080607,0.020883,799036.3621472504,799.0363621472504,20.219,1.2636875,99879.5452684063,3600,3456,7128,sub-physical,0.0625,0.03125,Intel(R) Xeon(R) 6760P,AVX512,"avx2,avx512f,avx512bw,avx512vl,avx512_vnni,avx512_bf16,amx_bf16,amx_int8,amx_tile,fma",True,True,,256,128,sh14l07002s1404,3.11.9,2.1.2+cu121
20260424_010536,2026-04-24T06:14:09.881131,cpu,full_mlp_capacity_search_hd128_depth2,/home/liangyi/SRS_AI/Model_AIIC_refactor/experiments_refactored/20260422_050408_full_mlp_capacity_search_v2/full_mlp_capacity_search_hd128_depth2,full_mlp_capacity_search_v2,full_mlp_capacity_search_hd128_depth2,supervised_nmse_plateau,full_mlp,12,6,jit,fp32,float32,16,128,ok,,44.876091,20,50,0.02111256,0.0016544525035189135,0.018389,0.020233,0.023140900000000002,0.0237509,0.02528739,0.025478,757842.7248993017,757.8427248993016,20.233,1.2645625,5920.646288275794,3600,3456,7128,all-physical,1.0,0.5,Intel(R) Xeon(R) 6760P,AVX512,"avx2,avx512f,avx512bw,avx512vl,avx512_vnni,avx512_bf16,amx_bf16,amx_int8,amx_tile,fma",True,True,,256,128,sh14l07002s1404,3.11.9,2.1.2+cu121
20260424_010536,2026-04-24T06:14:09.881131,cpu,full_mlp_capacity_search_hd128_depth2,/home/liangyi/SRS_AI/Model_AIIC_refactor/experiments_refactored/20260422_050408_full_mlp_capacity_search_v2/full_mlp_capacity_search_hd128_depth2,full_mlp_capacity_search_v2,full_mlp_capacity_search_hd128_depth2,supervised_nmse_plateau,full_mlp,12,6,jit,fp32,float32,32,1,ok,,41.081739,20,50,0.02202822,0.0005153341164720226,0.020867,0.0219765,0.0224129,0.02249295,0.023802569999999995,0.024835,1452682.059648941,1452.682059648941,21.976499999999998,0.6867656249999999,1452682.059648941,3600,3456,7128,single-thread,0.0078125,0.00390625,Intel(R) Xeon(R) 6760P,AVX512,"avx2,avx512f,avx512bw,avx512vl,avx512_vnni,avx512_bf16,amx_bf16,amx_int8,amx_tile,fma",True,True,,256,128,sh14l07002s1404,3.11.9,2.1.2+cu121
20260424_010536,2026-04-24T06:14:09.881131,cpu,full_mlp_capacity_search_hd128_depth2,/home/liangyi/SRS_AI/Model_AIIC_refactor/experiments_refactored/20260422_050408_full_mlp_capacity_search_v2/full_mlp_capacity_search_hd128_depth2,full_mlp_capacity_search_v2,full_mlp_capacity_search_hd128_depth2,supervised_nmse_plateau,full_mlp,12,6,jit,fp32,float32,32,2,ok,,42.785776,20,50,0.02174764,0.001281135820434352,0.020141,0.021679,0.0220784,0.02226375,0.026407789999999987,0.029999,1471424.025779349,1471.424025779349,21.679000000000002,0.6774687500000001,735712.0128896745,3600,3456,7128,sub-physical,0.015625,0.0078125,Intel(R) Xeon(R) 6760P,AVX512,"avx2,avx512f,avx512bw,avx512vl,avx512_vnni,avx512_bf16,amx_bf16,amx_int8,amx_tile,fma",True,True,,256,128,sh14l07002s1404,3.11.9,2.1.2+cu121
20260424_010536,2026-04-24T06:14:09.881131,cpu,full_mlp_capacity_search_hd128_depth2,/home/liangyi/SRS_AI/Model_AIIC_refactor/experiments_refactored/20260422_050408_full_mlp_capacity_search_v2/full_mlp_capacity_search_hd128_depth2,full_mlp_capacity_search_v2,full_mlp_capacity_search_hd128_depth2,supervised_nmse_plateau,full_mlp,12,6,jit,fp32,float32,32,4,ok,,41.323259,20,50,0.02189458,0.0004386916497951607,0.020364,0.021904,0.022231900000000002,0.0223191,0.02296686,0.02345,1461548.9312880174,1461.5489312880175,21.904,0.6845,365387.23282200436,3600,3456,7128,sub-physical,0.03125,0.015625,Intel(R) Xeon(R) 6760P,AVX512,"avx2,avx512f,avx512bw,avx512vl,avx512_vnni,avx512_bf16,amx_bf16,amx_int8,amx_tile,fma",True,True,,256,128,sh14l07002s1404,3.11.9,2.1.2+cu121
20260424_010536,2026-04-24T06:14:09.881131,cpu,full_mlp_capacity_search_hd128_depth2,/home/liangyi/SRS_AI/Model_AIIC_refactor/experiments_refactored/20260422_050408_full_mlp_capacity_search_v2/full_mlp_capacity_search_hd128_depth2,full_mlp_capacity_search_v2,full_mlp_capacity_search_hd128_depth2,supervised_nmse_plateau,full_mlp,12,6,jit,fp32,float32,32,8,ok,,41.54573,20,50,0.02174242,0.00038010346433569925,0.020665,0.0217185,0.0219882,0.0220982,0.023019369999999997,0.02365,1471777.2906603774,1471.7772906603773,21.718500000000002,0.6787031250000001,183972.16133254717,3600,3456,7128,sub-physical,0.0625,0.03125,Intel(R) Xeon(R) 6760P,AVX512,"avx2,avx512f,avx512bw,avx512vl,avx512_vnni,avx512_bf16,amx_bf16,amx_int8,amx_tile,fma",True,True,,256,128,sh14l07002s1404,3.11.9,2.1.2+cu121
20260424_010536,2026-04-24T06:14:09.881131,cpu,full_mlp_capacity_search_hd128_depth2,/home/liangyi/SRS_AI/Model_AIIC_refactor/experiments_refactored/20260422_050408_full_mlp_capacity_search_v2/full_mlp_capacity_search_hd128_depth2,full_mlp_capacity_search_v2,full_mlp_capacity_search_hd128_depth2,supervised_nmse_plateau,full_mlp,12,6,jit,fp32,float32,32,128,ok,,43.948714,20,50,0.02175778,0.001342584422522472,0.02039,0.0217895,0.0221638,0.02266195,0.027060499999999987,0.029927,1470738.283041744,1470.7382830417441,21.7895,0.680921875,11490.142836263625,3600,3456,7128,all-physical,1.0,0.5,Intel(R) Xeon(R) 6760P,AVX512,"avx2,avx512f,avx512bw,avx512vl,avx512_vnni,avx512_bf16,amx_bf16,amx_int8,amx_tile,fma",True,True,,256,128,sh14l07002s1404,3.11.9,2.1.2+cu121
20260424_010536,2026-04-24T06:14:09.881131,cpu,full_mlp_capacity_search_hd128_depth2,/home/liangyi/SRS_AI/Model_AIIC_refactor/experiments_refactored/20260422_050408_full_mlp_capacity_search_v2/full_mlp_capacity_search_hd128_depth2,full_mlp_capacity_search_v2,full_mlp_capacity_search_hd128_depth2,supervised_nmse_plateau,full_mlp,12,6,jit,fp32,float32,64,1,ok,,41.306813,20,50,0.02463508,0.0005423324013923566,0.022527,0.0246655,0.0249655,0.025271,0.02626667,0.026373,2597921.3381892815,2597.9213381892814,24.6655,0.3853984375,2597921.3381892815,3600,3456,7128,single-thread,0.0078125,0.00390625,Intel(R) Xeon(R) 6760P,AVX512,"avx2,avx512f,avx512bw,avx512vl,avx512_vnni,avx512_bf16,amx_bf16,amx_int8,amx_tile,fma",True,True,,256,128,sh14l07002s1404,3.11.9,2.1.2+cu121
20260424_010536,2026-04-24T06:14:09.881131,cpu,full_mlp_capacity_search_hd128_depth2,/home/liangyi/SRS_AI/Model_AIIC_refactor/experiments_refactored/20260422_050408_full_mlp_capacity_search_v2/full_mlp_capacity_search_hd128_depth2,full_mlp_capacity_search_v2,full_mlp_capacity_search_hd128_depth2,supervised_nmse_plateau,full_mlp,12,6,jit,fp32,float32,64,2,ok,,43.210037,20,50,0.03589684,0.0016626875877325839,0.033716,0.0354375,0.0373307,0.03860424999999999,0.04177484999999999,0.044585,1782886.7387770065,1782.8867387770065,35.4375,0.5537109375,891443.3693885033,3600,3456,7128,sub-physical,0.015625,0.0078125,Intel(R) Xeon(R) 6760P,AVX512,"avx2,avx512f,avx512bw,avx512vl,avx512_vnni,avx512_bf16,amx_bf16,amx_int8,amx_tile,fma",True,True,,256,128,sh14l07002s1404,3.11.9,2.1.2+cu121
20260424_010536,2026-04-24T06:14:09.881131,cpu,full_mlp_capacity_search_hd128_depth2,/home/liangyi/SRS_AI/Model_AIIC_refactor/experiments_refactored/20260422_050408_full_mlp_capacity_search_v2/full_mlp_capacity_search_hd128_depth2,full_mlp_capacity_search_v2,full_mlp_capacity_search_hd128_depth2,supervised_nmse_plateau,full_mlp,12,6,jit,fp32,float32,64,4,ok,,42.134436,20,50,0.0361261,0.0020085992756147253,0.033453,0.035705,0.0376538,0.0392721,0.044027229999999994,0.044945,1771572.353506191,1771.572353506191,35.705,0.557890625,442893.08837654773,3600,3456,7128,sub-physical,0.03125,0.015625,Intel(R) Xeon(R) 6760P,AVX512,"avx2,avx512f,avx512bw,avx512vl,avx512_vnni,avx512_bf16,amx_bf16,amx_int8,amx_tile,fma",True,True,,256,128,sh14l07002s1404,3.11.9,2.1.2+cu121
20260424_010536,2026-04-24T06:14:09.881131,cpu,full_mlp_capacity_search_hd128_depth2,/home/liangyi/SRS_AI/Model_AIIC_refactor/experiments_refactored/20260422_050408_full_mlp_capacity_search_v2/full_mlp_capacity_search_hd128_depth2,full_mlp_capacity_search_v2,full_mlp_capacity_search_hd128_depth2,supervised_nmse_plateau,full_mlp,12,6,jit,fp32,float32,64,8,ok,,41.499133,20,50,0.02465824,0.001124992454374695,0.023034,0.024545499999999998,0.0249371,0.025696149999999997,0.029650229999999996,0.03047,2595481.2671139548,2595.481267113955,24.545499999999997,0.38352343749999995,324435.15838924435,3600,3456,7128,sub-physical,0.0625,0.03125,Intel(R) Xeon(R) 6760P,AVX512,"avx2,avx512f,avx512bw,avx512vl,avx512_vnni,avx512_bf16,amx_bf16,amx_int8,amx_tile,fma",True,True,,256,128,sh14l07002s1404,3.11.9,2.1.2+cu121
20260424_010536,2026-04-24T06:14:09.881131,cpu,full_mlp_capacity_search_hd128_depth2,/home/liangyi/SRS_AI/Model_AIIC_refactor/experiments_refactored/20260422_050408_full_mlp_capacity_search_v2/full_mlp_capacity_search_hd128_depth2,full_mlp_capacity_search_v2,full_mlp_capacity_search_hd128_depth2,supervised_nmse_plateau,full_mlp,12,6,jit,fp32,float32,64,128,ok,,45.732936,20,50,0.02491108,0.0014982534877650041,0.023329,0.0247895,0.025135,0.025663699999999998,0.0317984,0.032014,2569137.9097172827,2569.1379097172826,24.7895,0.3873359375,20071.38991966627,3600,3456,7128,all-physical,1.0,0.5,Intel(R) Xeon(R) 6760P,AVX512,"avx2,avx512f,avx512bw,avx512vl,avx512_vnni,avx512_bf16,amx_bf16,amx_int8,amx_tile,fma",True,True,,256,128,sh14l07002s1404,3.11.9,2.1.2+cu121
20260424_010536,2026-04-24T06:14:09.881131,cpu,full_mlp_capacity_search_hd128_depth2,/home/liangyi/SRS_AI/Model_AIIC_refactor/experiments_refactored/20260422_050408_full_mlp_capacity_search_v2/full_mlp_capacity_search_hd128_depth2,full_mlp_capacity_search_v2,full_mlp_capacity_search_hd128_depth2,supervised_nmse_plateau,full_mlp,12,6,jit,fp32,float32,128,1,ok,,42.152687,20,50,0.03053764,0.0006092924342218603,0.029866,0.030406000000000002,0.0310361,0.0314795,0.032995239999999995,0.033497,4191548.528308016,4191.548528308016,30.406000000000002,0.23754687500000002,4191548.528308016,3600,3456,7128,single-thread,0.0078125,0.00390625,Intel(R) Xeon(R) 6760P,AVX512,"avx2,avx512f,avx512bw,avx512vl,avx512_vnni,avx512_bf16,amx_bf16,amx_int8,amx_tile,fma",True,True,,256,128,sh14l07002s1404,3.11.9,2.1.2+cu121
20260424_010536,2026-04-24T06:14:09.881131,cpu,full_mlp_capacity_search_hd128_depth2,/home/liangyi/SRS_AI/Model_AIIC_refactor/experiments_refactored/20260422_050408_full_mlp_capacity_search_v2/full_mlp_capacity_search_hd128_depth2,full_mlp_capacity_search_v2,full_mlp_capacity_search_hd128_depth2,supervised_nmse_plateau,full_mlp,12,6,jit,fp32,float32,128,2,ok,,44.951517,20,50,0.05705692,0.0018253322419767854,0.051867,0.0572455,0.0589646,0.0592196,0.06042536,0.061423,2243373.809872668,2243.3738098726676,57.2455,0.44723046875,1121686.904936334,3600,3456,7128,sub-physical,0.015625,0.0078125,Intel(R) Xeon(R) 6760P,AVX512,"avx2,avx512f,avx512bw,avx512vl,avx512_vnni,avx512_bf16,amx_bf16,amx_int8,amx_tile,fma",True,True,,256,128,sh14l07002s1404,3.11.9,2.1.2+cu121
20260424_010536,2026-04-24T06:14:09.881131,cpu,full_mlp_capacity_search_hd128_depth2,/home/liangyi/SRS_AI/Model_AIIC_refactor/experiments_refactored/20260422_050408_full_mlp_capacity_search_v2/full_mlp_capacity_search_hd128_depth2,full_mlp_capacity_search_v2,full_mlp_capacity_search_hd128_depth2,supervised_nmse_plateau,full_mlp,12,6,jit,fp32,float32,128,4,ok,,44.570317,20,50,0.05836438,0.0023569576652116594,0.050037,0.0582315,0.0615771,0.0619457,0.06363793,0.06459,2193118.473973338,2193.118473973338,58.2315,0.45493359375,548279.6184933345,3600,3456,7128,sub-physical,0.03125,0.015625,Intel(R) Xeon(R) 6760P,AVX512,"avx2,avx512f,avx512bw,avx512vl,avx512_vnni,avx512_bf16,amx_bf16,amx_int8,amx_tile,fma",True,True,,256,128,sh14l07002s1404,3.11.9,2.1.2+cu121
20260424_010536,2026-04-24T06:14:09.881131,cpu,full_mlp_capacity_search_hd128_depth2,/home/liangyi/SRS_AI/Model_AIIC_refactor/experiments_refactored/20260422_050408_full_mlp_capacity_search_v2/full_mlp_capacity_search_hd128_depth2,full_mlp_capacity_search_v2,full_mlp_capacity_search_hd128_depth2,supervised_nmse_plateau,full_mlp,12,6,jit,fp32,float32,128,8,ok,,44.772375,20,50,0.08672104,0.0064778747439573105,0.070346,0.088921,0.0912948,0.09334985,0.09622827,0.09656,1475997.0590758598,1475.9970590758599,88.921,0.6946953125,184499.63238448248,3600,3456,7128,sub-physical,0.0625,0.03125,Intel(R) Xeon(R) 6760P,AVX512,"avx2,avx512f,avx512bw,avx512vl,avx512_vnni,avx512_bf16,amx_bf16,amx_int8,amx_tile,fma",True,True,,256,128,sh14l07002s1404,3.11.9,2.1.2+cu121
20260424_010536,2026-04-24T06:14:09.881131,cpu,full_mlp_capacity_search_hd128_depth2,/home/liangyi/SRS_AI/Model_AIIC_refactor/experiments_refactored/20260422_050408_full_mlp_capacity_search_v2/full_mlp_capacity_search_hd128_depth2,full_mlp_capacity_search_v2,full_mlp_capacity_search_hd128_depth2,supervised_nmse_plateau,full_mlp,12,6,jit,fp32,float32,128,128,ok,,71.798385,20,50,0.25109288,0.01817685921675139,0.226137,0.24558249999999998,0.27569940000000004,0.28894144999999993,0.29795769,0.300809,509771.5235891993,509.7715235891993,245.58249999999998,1.9186132812499999,3982.5900280406195,3600,3456,7128,all-physical,1.0,0.5,Intel(R) Xeon(R) 6760P,AVX512,"avx2,avx512f,avx512bw,avx512vl,avx512_vnni,avx512_bf16,amx_bf16,amx_int8,amx_tile,fma",True,True,,256,128,sh14l07002s1404,3.11.9,2.1.2+cu121
20260424_010536,2026-04-24T06:14:09.881131,cpu,full_mlp_capacity_search_hd128_depth2,/home/liangyi/SRS_AI/Model_AIIC_refactor/experiments_refactored/20260422_050408_full_mlp_capacity_search_v2/full_mlp_capacity_search_hd128_depth2,full_mlp_capacity_search_v2,full_mlp_capacity_search_hd128_depth2,supervised_nmse_plateau,full_mlp,12,6,jit,bf16,bfloat16,1,1,ok,,42.229533,20,50,0.01604742,0.0007584502380512515,0.015528,0.0159475,0.0161578,0.01639185,0.019071259999999993,0.021093,62315.31299112256,62.31531299112256,15.9475,15.9475,62315.31299112256,3600,3456,7128,single-thread,0.0078125,0.00390625,Intel(R) Xeon(R) 6760P,AVX512,"avx2,avx512f,avx512bw,avx512vl,avx512_vnni,avx512_bf16,amx_bf16,amx_int8,amx_tile,fma",True,True,,256,128,sh14l07002s1404,3.11.9,2.1.2+cu121
20260424_010536,2026-04-24T06:14:09.881131,cpu,full_mlp_capacity_search_hd128_depth2,/home/liangyi/SRS_AI/Model_AIIC_refactor/experiments_refactored/20260422_050408_full_mlp_capacity_search_v2/full_mlp_capacity_search_hd128_depth2,full_mlp_capacity_search_v2,full_mlp_capacity_search_hd128_depth2,supervised_nmse_plateau,full_mlp,12,6,jit,bf16,bfloat16,1,2,ok,,40.832674,20,50,0.0161485,0.0008455330448894351,0.015604,0.0159295,0.016416299999999998,0.017360449999999996,0.019837189999999994,0.020606,61925.25621574759,61.92525621574759,15.929499999999999,15.929499999999999,30962.628107873796,3600,3456,7128,sub-physical,0.015625,0.0078125,Intel(R) Xeon(R) 6760P,AVX512,"avx2,avx512f,avx512bw,avx512vl,avx512_vnni,avx512_bf16,amx_bf16,amx_int8,amx_tile,fma",True,True,,256,128,sh14l07002s1404,3.11.9,2.1.2+cu121
20260424_010536,2026-04-24T06:14:09.881131,cpu,full_mlp_capacity_search_hd128_depth2,/home/liangyi/SRS_AI/Model_AIIC_refactor/experiments_refactored/20260422_050408_full_mlp_capacity_search_v2/full_mlp_capacity_search_hd128_depth2,full_mlp_capacity_search_v2,full_mlp_capacity_search_hd128_depth2,supervised_nmse_plateau,full_mlp,12,6,jit,bf16,bfloat16,1,4,ok,,42.189551,20,50,0.01600106,0.0007069283247967929,0.015448,0.015852,0.016131200000000002,0.01647935,0.018912919999999993,0.020575,62495.859649298225,62.495859649298225,15.852000000000002,15.852000000000002,15623.964912324556,3600,3456,7128,sub-physical,0.03125,0.015625,Intel(R) Xeon(R) 6760P,AVX512,"avx2,avx512f,avx512bw,avx512vl,avx512_vnni,avx512_bf16,amx_bf16,amx_int8,amx_tile,fma",True,True,,256,128,sh14l07002s1404,3.11.9,2.1.2+cu121
20260424_010536,2026-04-24T06:14:09.881131,cpu,full_mlp_capacity_search_hd128_depth2,/home/liangyi/SRS_AI/Model_AIIC_refactor/experiments_refactored/20260422_050408_full_mlp_capacity_search_v2/full_mlp_capacity_search_hd128_depth2,full_mlp_capacity_search_v2,full_mlp_capacity_search_hd128_depth2,supervised_nmse_plateau,full_mlp,12,6,jit,bf16,bfloat16,1,8,ok,,40.552129,20,50,0.01617358,0.0010696397728207382,0.015619,0.015925500000000002,0.0166941,0.01725725,0.02074970999999999,0.02272,61829.23013952385,61.829230139523844,15.925500000000001,15.925500000000001,7728.653767440481,3600,3456,7128,sub-physical,0.0625,0.03125,Intel(R) Xeon(R) 6760P,AVX512,"avx2,avx512f,avx512bw,avx512vl,avx512_vnni,avx512_bf16,amx_bf16,amx_int8,amx_tile,fma",True,True,,256,128,sh14l07002s1404,3.11.9,2.1.2+cu121
20260424_010536,2026-04-24T06:14:09.881131,cpu,full_mlp_capacity_search_hd128_depth2,/home/liangyi/SRS_AI/Model_AIIC_refactor/experiments_refactored/20260422_050408_full_mlp_capacity_search_v2/full_mlp_capacity_search_hd128_depth2,full_mlp_capacity_search_v2,full_mlp_capacity_search_hd128_depth2,supervised_nmse_plateau,full_mlp,12,6,jit,bf16,bfloat16,1,128,ok,,42.671589,20,50,0.01591796,0.0005565229900013118,0.015364,0.0158195,0.0161472,0.0165463,0.018100879999999996,0.019369,62822.1204224662,62.8221204224662,15.8195,15.8195,490.7978158005172,3600,3456,7128,all-physical,1.0,0.5,Intel(R) Xeon(R) 6760P,AVX512,"avx2,avx512f,avx512bw,avx512vl,avx512_vnni,avx512_bf16,amx_bf16,amx_int8,amx_tile,fma",True,True,,256,128,sh14l07002s1404,3.11.9,2.1.2+cu121
20260424_010536,2026-04-24T06:14:09.881131,cpu,full_mlp_capacity_search_hd128_depth2,/home/liangyi/SRS_AI/Model_AIIC_refactor/experiments_refactored/20260422_050408_full_mlp_capacity_search_v2/full_mlp_capacity_search_hd128_depth2,full_mlp_capacity_search_v2,full_mlp_capacity_search_hd128_depth2,supervised_nmse_plateau,full_mlp,12,6,jit,bf16,bfloat16,2,1,ok,,41.78584,20,50,0.03009998,0.0016278992166593115,0.027206,0.029935999999999997,0.0319894,0.03228325,0.035356889999999995,0.036454,66445.2268739049,66.4452268739049,29.935999999999996,14.967999999999998,66445.2268739049,3600,3456,7128,single-thread,0.0078125,0.00390625,Intel(R) Xeon(R) 6760P,AVX512,"avx2,avx512f,avx512bw,avx512vl,avx512_vnni,avx512_bf16,amx_bf16,amx_int8,amx_tile,fma",True,True,,256,128,sh14l07002s1404,3.11.9,2.1.2+cu121
20260424_010536,2026-04-24T06:14:09.881131,cpu,full_mlp_capacity_search_hd128_depth2,/home/liangyi/SRS_AI/Model_AIIC_refactor/experiments_refactored/20260422_050408_full_mlp_capacity_search_v2/full_mlp_capacity_search_hd128_depth2,full_mlp_capacity_search_v2,full_mlp_capacity_search_hd128_depth2,supervised_nmse_plateau,full_mlp,12,6,jit,bf16,bfloat16,2,2,ok,,43.475329,20,50,0.0345607,0.0018824699014858115,0.032114,0.034113000000000004,0.0349961,0.035773049999999994,0.04325307,0.044212,57869.19825119282,57.86919825119282,34.11300000000001,17.056500000000003,28934.59912559641,3600,3456,7128,sub-physical,0.015625,0.0078125,Intel(R) Xeon(R) 6760P,AVX512,"avx2,avx512f,avx512bw,avx512vl,avx512_vnni,avx512_bf16,amx_bf16,amx_int8,amx_tile,fma",True,True,,256,128,sh14l07002s1404,3.11.9,2.1.2+cu121
20260424_010536,2026-04-24T06:14:09.881131,cpu,full_mlp_capacity_search_hd128_depth2,/home/liangyi/SRS_AI/Model_AIIC_refactor/experiments_refactored/20260422_050408_full_mlp_capacity_search_v2/full_mlp_capacity_search_hd128_depth2,full_mlp_capacity_search_v2,full_mlp_capacity_search_hd128_depth2,supervised_nmse_plateau,full_mlp,12,6,jit,bf16,bfloat16,2,4,ok,,43.007844,20,50,0.04194548,0.0028761438923670004,0.038836,0.041189,0.0456525,0.0470016,0.05238367999999999,0.055896,47680.942022835356,47.68094202283535,41.189,20.5945,11920.235505708839,3600,3456,7128,sub-physical,0.03125,0.015625,Intel(R) Xeon(R) 6760P,AVX512,"avx2,avx512f,avx512bw,avx512vl,avx512_vnni,avx512_bf16,amx_bf16,amx_int8,amx_tile,fma",True,True,,256,128,sh14l07002s1404,3.11.9,2.1.2+cu121
20260424_010536,2026-04-24T06:14:09.881131,cpu,full_mlp_capacity_search_hd128_depth2,/home/liangyi/SRS_AI/Model_AIIC_refactor/experiments_refactored/20260422_050408_full_mlp_capacity_search_v2/full_mlp_capacity_search_hd128_depth2,full_mlp_capacity_search_v2,full_mlp_capacity_search_hd128_depth2,supervised_nmse_plateau,full_mlp,12,6,jit,bf16,bfloat16,2,8,ok,,44.131481,20,50,0.03890424,0.001992576960220107,0.036337,0.038512000000000005,0.039985900000000005,0.04069405,0.04741732,0.048168,51408.27837788375,51.40827837788375,38.51200000000001,19.256000000000004,6426.034797235468,3600,3456,7128,sub-physical,0.0625,0.03125,Intel(R) Xeon(R) 6760P,AVX512,"avx2,avx512f,avx512bw,avx512vl,avx512_vnni,avx512_bf16,amx_bf16,amx_int8,amx_tile,fma",True,True,,256,128,sh14l07002s1404,3.11.9,2.1.2+cu121
20260424_010536,2026-04-24T06:14:09.881131,cpu,full_mlp_capacity_search_hd128_depth2,/home/liangyi/SRS_AI/Model_AIIC_refactor/experiments_refactored/20260422_050408_full_mlp_capacity_search_v2/full_mlp_capacity_search_hd128_depth2,full_mlp_capacity_search_v2,full_mlp_capacity_search_hd128_depth2,supervised_nmse_plateau,full_mlp,12,6,jit,bf16,bfloat16,2,128,ok,,71.127931,20,50,0.12820132,0.030425032276360855,0.100811,0.1174445,0.1766577,0.19103179999999997,0.23446167999999992,0.248019,15600.463396164718,15.600463396164718,117.44449999999999,58.722249999999995,121.87862028253686,3600,3456,7128,all-physical,1.0,0.5,Intel(R) Xeon(R) 6760P,AVX512,"avx2,avx512f,avx512bw,avx512vl,avx512_vnni,avx512_bf16,amx_bf16,amx_int8,amx_tile,fma",True,True,,256,128,sh14l07002s1404,3.11.9,2.1.2+cu121
20260424_010536,2026-04-24T06:14:09.881131,cpu,full_mlp_capacity_search_hd128_depth2,/home/liangyi/SRS_AI/Model_AIIC_refactor/experiments_refactored/20260422_050408_full_mlp_capacity_search_v2/full_mlp_capacity_search_hd128_depth2,full_mlp_capacity_search_v2,full_mlp_capacity_search_hd128_depth2,supervised_nmse_plateau,full_mlp,12,6,jit,bf16,bfloat16,4,1,ok,,42.96865,20,50,0.03202772,0.0015701575849576374,0.030386,0.031613,0.0333311,0.034723149999999994,0.03801677999999999,0.040015,124891.81246745007,124.89181246745007,31.613000000000003,7.903250000000001,124891.81246745007,3600,3456,7128,single-thread,0.0078125,0.00390625,Intel(R) Xeon(R) 6760P,AVX512,"avx2,avx512f,avx512bw,avx512vl,avx512_vnni,avx512_bf16,amx_bf16,amx_int8,amx_tile,fma",True,True,,256,128,sh14l07002s1404,3.11.9,2.1.2+cu121
20260424_010536,2026-04-24T06:14:09.881131,cpu,full_mlp_capacity_search_hd128_depth2,/home/liangyi/SRS_AI/Model_AIIC_refactor/experiments_refactored/20260422_050408_full_mlp_capacity_search_v2/full_mlp_capacity_search_hd128_depth2,full_mlp_capacity_search_v2,full_mlp_capacity_search_hd128_depth2,supervised_nmse_plateau,full_mlp,12,6,jit,bf16,bfloat16,4,2,ok,,43.619505,20,50,0.03527826,0.0016803881314743922,0.033172,0.034889,0.0365631,0.03871335,0.04157328999999999,0.043425,113384.27688893952,113.38427688893952,34.889,8.72225,56692.13844446976,3600,3456,7128,sub-physical,0.015625,0.0078125,Intel(R) Xeon(R) 6760P,AVX512,"avx2,avx512f,avx512bw,avx512vl,avx512_vnni,avx512_bf16,amx_bf16,amx_int8,amx_tile,fma",True,True,,256,128,sh14l07002s1404,3.11.9,2.1.2+cu121
20260424_010536,2026-04-24T06:14:09.881131,cpu,full_mlp_capacity_search_hd128_depth2,/home/liangyi/SRS_AI/Model_AIIC_refactor/experiments_refactored/20260422_050408_full_mlp_capacity_search_v2/full_mlp_capacity_search_hd128_depth2,full_mlp_capacity_search_v2,full_mlp_capacity_search_hd128_depth2,supervised_nmse_plateau,full_mlp,12,6,jit,bf16,bfloat16,4,4,ok,,42.988056,20,50,0.0376059,0.002276884057215035,0.035538,0.0373245,0.0384481,0.0399061,0.04611455999999998,0.051924,106366.28826859615,106.36628826859615,37.32449999999999,9.331124999999998,26591.572067149038,3600,3456,7128,sub-physical,0.03125,0.015625,Intel(R) Xeon(R) 6760P,AVX512,"avx2,avx512f,avx512bw,avx512vl,avx512_vnni,avx512_bf16,amx_bf16,amx_int8,amx_tile,fma",True,True,,256,128,sh14l07002s1404,3.11.9,2.1.2+cu121
20260424_010536,2026-04-24T06:14:09.881131,cpu,full_mlp_capacity_search_hd128_depth2,/home/liangyi/SRS_AI/Model_AIIC_refactor/experiments_refactored/20260422_050408_full_mlp_capacity_search_v2/full_mlp_capacity_search_hd128_depth2,full_mlp_capacity_search_v2,full_mlp_capacity_search_hd128_depth2,supervised_nmse_plateau,full_mlp,12,6,jit,bf16,bfloat16,4,8,ok,,43.749989,20,50,0.04197522,0.0028379523765560267,0.039342,0.041141,0.0442662,0.04761835,0.053287919999999996,0.054313,95294.31888623812,95.29431888623812,41.141,10.28525,11911.789860779765,3600,3456,7128,sub-physical,0.0625,0.03125,Intel(R) Xeon(R) 6760P,AVX512,"avx2,avx512f,avx512bw,avx512vl,avx512_vnni,avx512_bf16,amx_bf16,amx_int8,amx_tile,fma",True,True,,256,128,sh14l07002s1404,3.11.9,2.1.2+cu121
20260424_010536,2026-04-24T06:14:09.881131,cpu,full_mlp_capacity_search_hd128_depth2,/home/liangyi/SRS_AI/Model_AIIC_refactor/experiments_refactored/20260422_050408_full_mlp_capacity_search_v2/full_mlp_capacity_search_hd128_depth2,full_mlp_capacity_search_v2,full_mlp_capacity_search_hd128_depth2,supervised_nmse_plateau,full_mlp,12,6,jit,bf16,bfloat16,4,128,ok,,75.408559,20,50,0.16153442,0.024054609712976013,0.131577,0.15364250000000002,0.2048251,0.21909399999999998,0.22468487,0.225144,24762.524296679305,24.762524296679306,153.6425,38.410625,193.45722106780707,3600,3456,7128,all-physical,1.0,0.5,Intel(R) Xeon(R) 6760P,AVX512,"avx2,avx512f,avx512bw,avx512vl,avx512_vnni,avx512_bf16,amx_bf16,amx_int8,amx_tile,fma",True,True,,256,128,sh14l07002s1404,3.11.9,2.1.2+cu121
20260424_010536,2026-04-24T06:14:09.881131,cpu,full_mlp_capacity_search_hd128_depth2,/home/liangyi/SRS_AI/Model_AIIC_refactor/experiments_refactored/20260422_050408_full_mlp_capacity_search_v2/full_mlp_capacity_search_hd128_depth2,full_mlp_capacity_search_v2,full_mlp_capacity_search_hd128_depth2,supervised_nmse_plateau,full_mlp,12,6,jit,bf16,bfloat16,8,1,ok,,43.506589,20,50,0.03257594,0.001890691020870412,0.031085,0.031924,0.034714100000000005,0.0360828,0.03971323999999999,0.041685,245580.02010072468,245.58002010072468,31.924,3.9905,245580.02010072468,3600,3456,7128,single-thread,0.0078125,0.00390625,Intel(R) Xeon(R) 6760P,AVX512,"avx2,avx512f,avx512bw,avx512vl,avx512_vnni,avx512_bf16,amx_bf16,amx_int8,amx_tile,fma",True,True,,256,128,sh14l07002s1404,3.11.9,2.1.2+cu121
20260424_010536,2026-04-24T06:14:09.881131,cpu,full_mlp_capacity_search_hd128_depth2,/home/liangyi/SRS_AI/Model_AIIC_refactor/experiments_refactored/20260422_050408_full_mlp_capacity_search_v2/full_mlp_capacity_search_hd128_depth2,full_mlp_capacity_search_v2,full_mlp_capacity_search_hd128_depth2,supervised_nmse_plateau,full_mlp,12,6,jit,bf16,bfloat16,8,2,ok,,43.258971,20,50,0.03611722,0.001904856764063902,0.032641,0.035976999999999995,0.037811,0.03853975,0.04239058,0.043595,221500.99038630325,221.50099038630324,35.977,4.497125,110750.49519315163,3600,3456,7128,sub-physical,0.015625,0.0078125,Intel(R) Xeon(R) 6760P,AVX512,"avx2,avx512f,avx512bw,avx512vl,avx512_vnni,avx512_bf16,amx_bf16,amx_int8,amx_tile,fma",True,True,,256,128,sh14l07002s1404,3.11.9,2.1.2+cu121
20260424_010536,2026-04-24T06:14:09.881131,cpu,full_mlp_capacity_search_hd128_depth2,/home/liangyi/SRS_AI/Model_AIIC_refactor/experiments_refactored/20260422_050408_full_mlp_capacity_search_v2/full_mlp_capacity_search_hd128_depth2,full_mlp_capacity_search_v2,full_mlp_capacity_search_hd128_depth2,supervised_nmse_plateau,full_mlp,12,6,jit,bf16,bfloat16,8,4,ok,,42.528922,20,50,0.03845502,0.002383931974616725,0.034476,0.0384055,0.0400403,0.041778399999999986,0.047105119999999986,0.049953,208035.25781549458,208.0352578154946,38.4055,4.8006875,52008.814453873645,3600,3456,7128,sub-physical,0.03125,0.015625,Intel(R) Xeon(R) 6760P,AVX512,"avx2,avx512f,avx512bw,avx512vl,avx512_vnni,avx512_bf16,amx_bf16,amx_int8,amx_tile,fma",True,True,,256,128,sh14l07002s1404,3.11.9,2.1.2+cu121
20260424_010536,2026-04-24T06:14:09.881131,cpu,full_mlp_capacity_search_hd128_depth2,/home/liangyi/SRS_AI/Model_AIIC_refactor/experiments_refactored/20260422_050408_full_mlp_capacity_search_v2/full_mlp_capacity_search_hd128_depth2,full_mlp_capacity_search_v2,full_mlp_capacity_search_hd128_depth2,supervised_nmse_plateau,full_mlp,12,6,jit,bf16,bfloat16,8,8,ok,,45.700391,20,50,0.042103879999999996,0.0016394693731814568,0.039926,0.041644,0.0439367,0.04515915,0.047452549999999996,0.048582,190006.24170504004,190.00624170504005,41.644,5.2055,23750.780213130005,3600,3456,7128,sub-physical,0.0625,0.03125,Intel(R) Xeon(R) 6760P,AVX512,"avx2,avx512f,avx512bw,avx512vl,avx512_vnni,avx512_bf16,amx_bf16,amx_int8,amx_tile,fma",True,True,,256,128,sh14l07002s1404,3.11.9,2.1.2+cu121
20260424_010536,2026-04-24T06:14:09.881131,cpu,full_mlp_capacity_search_hd128_depth2,/home/liangyi/SRS_AI/Model_AIIC_refactor/experiments_refactored/20260422_050408_full_mlp_capacity_search_v2/full_mlp_capacity_search_hd128_depth2,full_mlp_capacity_search_v2,full_mlp_capacity_search_hd128_depth2,supervised_nmse_plateau,full_mlp,12,6,jit,bf16,bfloat16,8,128,ok,,78.003931,20,50,0.1357161,0.029890652631382943,0.098625,0.125577,0.187699,0.19506595,0.21118810999999998,0.214746,58946.580398346254,58.946580398346256,125.577,15.697125,460.5201593620801,3600,3456,7128,all-physical,1.0,0.5,Intel(R) Xeon(R) 6760P,AVX512,"avx2,avx512f,avx512bw,avx512vl,avx512_vnni,avx512_bf16,amx_bf16,amx_int8,amx_tile,fma",True,True,,256,128,sh14l07002s1404,3.11.9,2.1.2+cu121
20260424_010536,2026-04-24T06:14:09.881131,cpu,full_mlp_capacity_search_hd128_depth2,/home/liangyi/SRS_AI/Model_AIIC_refactor/experiments_refactored/20260422_050408_full_mlp_capacity_search_v2/full_mlp_capacity_search_hd128_depth2,full_mlp_capacity_search_v2,full_mlp_capacity_search_hd128_depth2,supervised_nmse_plateau,full_mlp,12,6,jit,bf16,bfloat16,16,1,ok,,42.566322,20,50,0.034866799999999996,0.00244865404661418,0.032776,0.034083,0.0361106,0.039204649999999994,0.044732849999999984,0.047984,458889.2585496805,458.8892585496805,34.083000000000006,2.1301875000000003,458889.2585496805,3600,3456,7128,single-thread,0.0078125,0.00390625,Intel(R) Xeon(R) 6760P,AVX512,"avx2,avx512f,avx512bw,avx512vl,avx512_vnni,avx512_bf16,amx_bf16,amx_int8,amx_tile,fma",True,True,,256,128,sh14l07002s1404,3.11.9,2.1.2+cu121
20260424_010536,2026-04-24T06:14:09.881131,cpu,full_mlp_capacity_search_hd128_depth2,/home/liangyi/SRS_AI/Model_AIIC_refactor/experiments_refactored/20260422_050408_full_mlp_capacity_search_v2/full_mlp_capacity_search_hd128_depth2,full_mlp_capacity_search_v2,full_mlp_capacity_search_hd128_depth2,supervised_nmse_plateau,full_mlp,12,6,jit,bf16,bfloat16,16,2,ok,,42.323929,20,50,0.03816318,0.0016904709839568382,0.034674,0.03807,0.0390138,0.0401313,0.044605229999999996,0.046503,419252.27405053773,419.2522740505377,38.07,2.379375,209626.13702526886,3600,3456,7128,sub-physical,0.015625,0.0078125,Intel(R) Xeon(R) 6760P,AVX512,"avx2,avx512f,avx512bw,avx512vl,avx512_vnni,avx512_bf16,amx_bf16,amx_int8,amx_tile,fma",True,True,,256,128,sh14l07002s1404,3.11.9,2.1.2+cu121
20260424_010536,2026-04-24T06:14:09.881131,cpu,full_mlp_capacity_search_hd128_depth2,/home/liangyi/SRS_AI/Model_AIIC_refactor/experiments_refactored/20260422_050408_full_mlp_capacity_search_v2/full_mlp_capacity_search_hd128_depth2,full_mlp_capacity_search_v2,full_mlp_capacity_search_hd128_depth2,supervised_nmse_plateau,full_mlp,12,6,jit,bf16,bfloat16,16,4,ok,,51.14903,20,50,0.043722,0.0016809520992580368,0.04164,0.0434245,0.045615800000000005,0.046452299999999995,0.04996705,0.050435,365948.4927496455,365.9484927496455,43.424499999999995,2.7140312499999997,91487.12318741137,3600,3456,7128,sub-physical,0.03125,0.015625,Intel(R) Xeon(R) 6760P,AVX512,"avx2,avx512f,avx512bw,avx512vl,avx512_vnni,avx512_bf16,amx_bf16,amx_int8,amx_tile,fma",True,True,,256,128,sh14l07002s1404,3.11.9,2.1.2+cu121
20260424_010536,2026-04-24T06:14:09.881131,cpu,full_mlp_capacity_search_hd128_depth2,/home/liangyi/SRS_AI/Model_AIIC_refactor/experiments_refactored/20260422_050408_full_mlp_capacity_search_v2/full_mlp_capacity_search_hd128_depth2,full_mlp_capacity_search_v2,full_mlp_capacity_search_hd128_depth2,supervised_nmse_plateau,full_mlp,12,6,jit,bf16,bfloat16,16,8,ok,,44.344679,20,50,0.05393096,0.003911247181961273,0.046741,0.0540635,0.0585358,0.0599867,0.06355934999999999,0.065659,296675.6015468666,296.6756015468666,54.0635,3.37896875,37084.45019335832,3600,3456,7128,sub-physical,0.0625,0.03125,Intel(R) Xeon(R) 6760P,AVX512,"avx2,avx512f,avx512bw,avx512vl,avx512_vnni,avx512_bf16,amx_bf16,amx_int8,amx_tile,fma",True,True,,256,128,sh14l07002s1404,3.11.9,2.1.2+cu121
20260424_010536,2026-04-24T06:14:09.881131,cpu,full_mlp_capacity_search_hd128_depth2,/home/liangyi/SRS_AI/Model_AIIC_refactor/experiments_refactored/20260422_050408_full_mlp_capacity_search_v2/full_mlp_capacity_search_hd128_depth2,full_mlp_capacity_search_v2,full_mlp_capacity_search_hd128_depth2,supervised_nmse_plateau,full_mlp,12,6,jit,bf16,bfloat16,16,128,ok,,74.994506,20,50,0.14520556,0.040333226899498135,0.113079,0.129856,0.1796229,0.21058369999999998,0.2950857299999997,0.362178,110188.6181217854,110.1886181217854,129.856,8.116,860.8485790764485,3600,3456,7128,all-physical,1.0,0.5,Intel(R) Xeon(R) 6760P,AVX512,"avx2,avx512f,avx512bw,avx512vl,avx512_vnni,avx512_bf16,amx_bf16,amx_int8,amx_tile,fma",True,True,,256,128,sh14l07002s1404,3.11.9,2.1.2+cu121
20260424_010536,2026-04-24T06:14:09.881131,cpu,full_mlp_capacity_search_hd128_depth2,/home/liangyi/SRS_AI/Model_AIIC_refactor/experiments_refactored/20260422_050408_full_mlp_capacity_search_v2/full_mlp_capacity_search_hd128_depth2,full_mlp_capacity_search_v2,full_mlp_capacity_search_hd128_depth2,supervised_nmse_plateau,full_mlp,12,6,jit,bf16,bfloat16,32,1,ok,,45.285189,20,50,0.03927278,0.001651189502025737,0.037524,0.0387125,0.0404299,0.04297285,0.04503157,0.045917,814813.7208519488,814.8137208519488,38.7125,1.209765625,814813.7208519488,3600,3456,7128,single-thread,0.0078125,0.00390625,Intel(R) Xeon(R) 6760P,AVX512,"avx2,avx512f,avx512bw,avx512vl,avx512_vnni,avx512_bf16,amx_bf16,amx_int8,amx_tile,fma",True,True,,256,128,sh14l07002s1404,3.11.9,2.1.2+cu121
20260424_010536,2026-04-24T06:14:09.881131,cpu,full_mlp_capacity_search_hd128_depth2,/home/liangyi/SRS_AI/Model_AIIC_refactor/experiments_refactored/20260422_050408_full_mlp_capacity_search_v2/full_mlp_capacity_search_hd128_depth2,full_mlp_capacity_search_v2,full_mlp_capacity_search_hd128_depth2,supervised_nmse_plateau,full_mlp,12,6,jit,bf16,bfloat16,32,2,ok,,43.363315,20,50,0.04487676,0.002240913541928827,0.040707,0.044439,0.0464933,0.049073349999999995,0.053172109999999995,0.05428,713063.9555975074,713.0639555975074,44.439,1.38871875,356531.9777987537,3600,3456,7128,sub-physical,0.015625,0.0078125,Intel(R) Xeon(R) 6760P,AVX512,"avx2,avx512f,avx512bw,avx512vl,avx512_vnni,avx512_bf16,amx_bf16,amx_int8,amx_tile,fma",True,True,,256,128,sh14l07002s1404,3.11.9,2.1.2+cu121
20260424_010536,2026-04-24T06:14:09.881131,cpu,full_mlp_capacity_search_hd128_depth2,/home/liangyi/SRS_AI/Model_AIIC_refactor/experiments_refactored/20260422_050408_full_mlp_capacity_search_v2/full_mlp_capacity_search_hd128_depth2,full_mlp_capacity_search_v2,full_mlp_capacity_search_hd128_depth2,supervised_nmse_plateau,full_mlp,12,6,jit,bf16,bfloat16,32,4,ok,,43.173321,20,50,0.04994358,0.0022750299170780147,0.044442,0.0497755,0.0516665,0.05355664999999999,0.05748012,0.058074,640722.9918239742,640.7229918239742,49.7755,1.555484375,160180.74795599355,3600,3456,7128,sub-physical,0.03125,0.015625,Intel(R) Xeon(R) 6760P,AVX512,"avx2,avx512f,avx512bw,avx512vl,avx512_vnni,avx512_bf16,amx_bf16,amx_int8,amx_tile,fma",True,True,,256,128,sh14l07002s1404,3.11.9,2.1.2+cu121
20260424_010536,2026-04-24T06:14:09.881131,cpu,full_mlp_capacity_search_hd128_depth2,/home/liangyi/SRS_AI/Model_AIIC_refactor/experiments_refactored/20260422_050408_full_mlp_capacity_search_v2/full_mlp_capacity_search_hd128_depth2,full_mlp_capacity_search_v2,full_mlp_capacity_search_hd128_depth2,supervised_nmse_plateau,full_mlp,12,6,jit,bf16,bfloat16,32,8,ok,,44.206217,20,50,0.05378486,0.0023565414489034563,0.049175,0.053512000000000004,0.0558928,0.05684025,0.06169597999999999,0.063753,594962.9691329494,594.9629691329494,53.512,1.67225,74370.37114161867,3600,3456,7128,sub-physical,0.0625,0.03125,Intel(R) Xeon(R) 6760P,AVX512,"avx2,avx512f,avx512bw,avx512vl,avx512_vnni,avx512_bf16,amx_bf16,amx_int8,amx_tile,fma",True,True,,256,128,sh14l07002s1404,3.11.9,2.1.2+cu121
20260424_010536,2026-04-24T06:14:09.881131,cpu,full_mlp_capacity_search_hd128_depth2,/home/liangyi/SRS_AI/Model_AIIC_refactor/experiments_refactored/20260422_050408_full_mlp_capacity_search_v2/full_mlp_capacity_search_hd128_depth2,full_mlp_capacity_search_v2,full_mlp_capacity_search_hd128_depth2,supervised_nmse_plateau,full_mlp,12,6,jit,bf16,bfloat16,32,128,ok,,79.563026,20,50,0.13517042,0.03192898613240953,0.105311,0.122142,0.1736593,0.18721949999999996,0.2330557199999999,0.257934,236738.18576579102,236.738185765791,122.142,3.8169375,1849.5170762952423,3600,3456,7128,all-physical,1.0,0.5,Intel(R) Xeon(R) 6760P,AVX512,"avx2,avx512f,avx512bw,avx512vl,avx512_vnni,avx512_bf16,amx_bf16,amx_int8,amx_tile,fma",True,True,,256,128,sh14l07002s1404,3.11.9,2.1.2+cu121
20260424_010536,2026-04-24T06:14:09.881131,cpu,full_mlp_capacity_search_hd128_depth2,/home/liangyi/SRS_AI/Model_AIIC_refactor/experiments_refactored/20260422_050408_full_mlp_capacity_search_v2/full_mlp_capacity_search_hd128_depth2,full_mlp_capacity_search_v2,full_mlp_capacity_search_hd128_depth2,supervised_nmse_plateau,full_mlp,12,6,jit,bf16,bfloat16,64,1,ok,,44.436182,20,50,0.04664468,0.0013282428609256668,0.044383,0.046191499999999996,0.0484821,0.049131249999999994,0.05091381,0.051174,1372075.014771245,1372.075014771245,46.1915,0.7217421875,1372075.014771245,3600,3456,7128,single-thread,0.0078125,0.00390625,Intel(R) Xeon(R) 6760P,AVX512,"avx2,avx512f,avx512bw,avx512vl,avx512_vnni,avx512_bf16,amx_bf16,amx_int8,amx_tile,fma",True,True,,256,128,sh14l07002s1404,3.11.9,2.1.2+cu121
20260424_010536,2026-04-24T06:14:09.881131,cpu,full_mlp_capacity_search_hd128_depth2,/home/liangyi/SRS_AI/Model_AIIC_refactor/experiments_refactored/20260422_050408_full_mlp_capacity_search_v2/full_mlp_capacity_search_hd128_depth2,full_mlp_capacity_search_v2,full_mlp_capacity_search_hd128_depth2,supervised_nmse_plateau,full_mlp,12,6,jit,bf16,bfloat16,64,2,ok,,44.376504,20,50,0.05413976,0.001942327835974144,0.050414,0.0536625,0.0565047,0.058238,0.05980948,0.06047,1182125.6688245386,1182.1256688245385,53.6625,0.8384765625,591062.8344122693,3600,3456,7128,sub-physical,0.015625,0.0078125,Intel(R) Xeon(R) 6760P,AVX512,"avx2,avx512f,avx512bw,avx512vl,avx512_vnni,avx512_bf16,amx_bf16,amx_int8,amx_tile,fma",True,True,,256,128,sh14l07002s1404,3.11.9,2.1.2+cu121
20260424_010536,2026-04-24T06:14:09.881131,cpu,full_mlp_capacity_search_hd128_depth2,/home/liangyi/SRS_AI/Model_AIIC_refactor/experiments_refactored/20260422_050408_full_mlp_capacity_search_v2/full_mlp_capacity_search_hd128_depth2,full_mlp_capacity_search_v2,full_mlp_capacity_search_hd128_depth2,supervised_nmse_plateau,full_mlp,12,6,jit,bf16,bfloat16,64,4,ok,,44.994786,20,50,0.06446022,0.0026889836763357264,0.059258,0.0640695,0.0677383,0.07005494999999999,0.07142179,0.071436,992860.4028965461,992.860402896546,64.0695,1.0010859375,248215.10072413652,3600,3456,7128,sub-physical,0.03125,0.015625,Intel(R) Xeon(R) 6760P,AVX512,"avx2,avx512f,avx512bw,avx512vl,avx512_vnni,avx512_bf16,amx_bf16,amx_int8,amx_tile,fma",True,True,,256,128,sh14l07002s1404,3.11.9,2.1.2+cu121
20260424_010536,2026-04-24T06:14:09.881131,cpu,full_mlp_capacity_search_hd128_depth2,/home/liangyi/SRS_AI/Model_AIIC_refactor/experiments_refactored/20260422_050408_full_mlp_capacity_search_v2/full_mlp_capacity_search_hd128_depth2,full_mlp_capacity_search_v2,full_mlp_capacity_search_hd128_depth2,supervised_nmse_plateau,full_mlp,12,6,jit,bf16,bfloat16,64,8,ok,,45.990432,20,50,0.08568428,0.007247321728859565,0.070553,0.086658,0.09604510000000001,0.09711705,0.09880608,0.099006,746928.141311335,746.928141311335,86.658,1.35403125,93366.01766391688,3600,3456,7128,sub-physical,0.0625,0.03125,Intel(R) Xeon(R) 6760P,AVX512,"avx2,avx512f,avx512bw,avx512vl,avx512_vnni,avx512_bf16,amx_bf16,amx_int8,amx_tile,fma",True,True,,256,128,sh14l07002s1404,3.11.9,2.1.2+cu121
20260424_010536,2026-04-24T06:14:09.881131,cpu,full_mlp_capacity_search_hd128_depth2,/home/liangyi/SRS_AI/Model_AIIC_refactor/experiments_refactored/20260422_050408_full_mlp_capacity_search_v2/full_mlp_capacity_search_hd128_depth2,full_mlp_capacity_search_v2,full_mlp_capacity_search_hd128_depth2,supervised_nmse_plateau,full_mlp,12,6,jit,bf16,bfloat16,64,128,ok,,68.802213,20,50,0.14977556,0.018780518508454445,0.127501,0.14310499999999998,0.18245110000000003,0.19954775,0.20201494,0.202845,427306.0304364744,427.30603043647443,143.105,2.236015625,3338.3283627849564,3600,3456,7128,all-physical,1.0,0.5,Intel(R) Xeon(R) 6760P,AVX512,"avx2,avx512f,avx512bw,avx512vl,avx512_vnni,avx512_bf16,amx_bf16,amx_int8,amx_tile,fma",True,True,,256,128,sh14l07002s1404,3.11.9,2.1.2+cu121
20260424_010536,2026-04-24T06:14:09.881131,cpu,full_mlp_capacity_search_hd128_depth2,/home/liangyi/SRS_AI/Model_AIIC_refactor/experiments_refactored/20260422_050408_full_mlp_capacity_search_v2/full_mlp_capacity_search_hd128_depth2,full_mlp_capacity_search_v2,full_mlp_capacity_search_hd128_depth2,supervised_nmse_plateau,full_mlp,12,6,jit,bf16,bfloat16,128,1,ok,,43.551182,20,50,0.06419214,0.0015314942247360906,0.061521,0.06385550000000001,0.06561360000000001,0.0660514,0.06912529999999999,0.070904,1994013.597303346,1994.013597303346,63.855500000000006,0.49887109375000005,1994013.597303346,3600,3456,7128,single-thread,0.0078125,0.00390625,Intel(R) Xeon(R) 6760P,AVX512,"avx2,avx512f,avx512bw,avx512vl,avx512_vnni,avx512_bf16,amx_bf16,amx_int8,amx_tile,fma",True,True,,256,128,sh14l07002s1404,3.11.9,2.1.2+cu121
20260424_010536,2026-04-24T06:14:09.881131,cpu,full_mlp_capacity_search_hd128_depth2,/home/liangyi/SRS_AI/Model_AIIC_refactor/experiments_refactored/20260422_050408_full_mlp_capacity_search_v2/full_mlp_capacity_search_hd128_depth2,full_mlp_capacity_search_v2,full_mlp_capacity_search_hd128_depth2,supervised_nmse_plateau,full_mlp,12,6,jit,bf16,bfloat16,128,2,ok,,45.198018,20,50,0.07324474,0.0030676165849727694,0.067843,0.072894,0.0768331,0.07821765,0.08128764,0.082299,1747565.7637667905,1747.5657637667905,72.894,0.569484375,873782.8818833953,3600,3456,7128,sub-physical,0.015625,0.0078125,Intel(R) Xeon(R) 6760P,AVX512,"avx2,avx512f,avx512bw,avx512vl,avx512_vnni,avx512_bf16,amx_bf16,amx_int8,amx_tile,fma",True,True,,256,128,sh14l07002s1404,3.11.9,2.1.2+cu121
20260424_010536,2026-04-24T06:14:09.881131,cpu,full_mlp_capacity_search_hd128_depth2,/home/liangyi/SRS_AI/Model_AIIC_refactor/experiments_refactored/20260422_050408_full_mlp_capacity_search_v2/full_mlp_capacity_search_hd128_depth2,full_mlp_capacity_search_v2,full_mlp_capacity_search_hd128_depth2,supervised_nmse_plateau,full_mlp,12,6,jit,bf16,bfloat16,128,4,ok,,44.704784,20,50,0.08369782,0.0042508765528535405,0.072924,0.08467949999999999,0.08808869999999999,0.08861005,0.09036497,0.090731,1529311.0382086413,1529.3110382086413,84.67949999999999,0.6615585937499999,382327.75955216034,3600,3456,7128,sub-physical,0.03125,0.015625,Intel(R) Xeon(R) 6760P,AVX512,"avx2,avx512f,avx512bw,avx512vl,avx512_vnni,avx512_bf16,amx_bf16,amx_int8,amx_tile,fma",True,True,,256,128,sh14l07002s1404,3.11.9,2.1.2+cu121
20260424_010536,2026-04-24T06:14:09.881131,cpu,full_mlp_capacity_search_hd128_depth2,/home/liangyi/SRS_AI/Model_AIIC_refactor/experiments_refactored/20260422_050408_full_mlp_capacity_search_v2/full_mlp_capacity_search_hd128_depth2,full_mlp_capacity_search_v2,full_mlp_capacity_search_hd128_depth2,supervised_nmse_plateau,full_mlp,12,6,jit,bf16,bfloat16,128,8,ok,,44.872077,20,50,0.10978036,0.011857440367566686,0.087823,0.1103895,0.1236904,0.12512025,0.13316412,0.133513,1165964.4767060338,1165.9644767060338,110.3895,0.86241796875,145745.55958825423,3600,3456,7128,sub-physical,0.0625,0.03125,Intel(R) Xeon(R) 6760P,AVX512,"avx2,avx512f,avx512bw,avx512vl,avx512_vnni,avx512_bf16,amx_bf16,amx_int8,amx_tile,fma",True,True,,256,128,sh14l07002s1404,3.11.9,2.1.2+cu121
20260424_010536,2026-04-24T06:14:09.881131,cpu,full_mlp_capacity_search_hd128_depth2,/home/liangyi/SRS_AI/Model_AIIC_refactor/experiments_refactored/20260422_050408_full_mlp_capacity_search_v2/full_mlp_capacity_search_hd128_depth2,full_mlp_capacity_search_v2,full_mlp_capacity_search_hd128_depth2,supervised_nmse_plateau,full_mlp,12,6,jit,bf16,bfloat16,128,128,ok,,73.515605,20,50,0.1680747,0.0253599936800071,0.13772,0.1613685,0.18937679999999998,0.20530379999999998,0.2673825799999999,0.288922,761566.1369617201,761.5661369617201,161.3685,1.26069140625,5949.735445013438,3600,3456,7128,all-physical,1.0,0.5,Intel(R) Xeon(R) 6760P,AVX512,"avx2,avx512f,avx512bw,avx512vl,avx512_vnni,avx512_bf16,amx_bf16,amx_int8,amx_tile,fma",True,True,,256,128,sh14l07002s1404,3.11.9,2.1.2+cu121
20260424_010536,2026-04-24T06:14:09.881131,cpu,full_mlp_capacity_search_hd128_depth2,/home/liangyi/SRS_AI/Model_AIIC_refactor/experiments_refactored/20260422_050408_full_mlp_capacity_search_v2/full_mlp_capacity_search_hd128_depth2,full_mlp_capacity_search_v2,full_mlp_capacity_search_hd128_depth2,supervised_nmse_plateau,full_mlp,12,6,compile,fp32,float32,1,1,ok,,534.426271,20,50,0.02979236,0.001837431247802214,0.02716,0.0293615,0.0322321,0.03237855,0.03558678999999999,0.037463,33565.65240215948,33.56565240215948,29.3615,29.3615,33565.65240215948,3600,3456,7128,single-thread,0.0078125,0.00390625,Intel(R) Xeon(R) 6760P,AVX512,"avx2,avx512f,avx512bw,avx512vl,avx512_vnni,avx512_bf16,amx_bf16,amx_int8,amx_tile,fma",True,True,,256,128,sh14l07002s1404,3.11.9,2.1.2+cu121
20260424_010536,2026-04-24T06:14:09.881131,cpu,full_mlp_capacity_search_hd128_depth2,/home/liangyi/SRS_AI/Model_AIIC_refactor/experiments_refactored/20260422_050408_full_mlp_capacity_search_v2/full_mlp_capacity_search_hd128_depth2,full_mlp_capacity_search_v2,full_mlp_capacity_search_hd128_depth2,supervised_nmse_plateau,full_mlp,12,6,compile,fp32,float32,1,2,ok,,510.905981,20,50,0.03022244,0.0021863921163414396,0.027553,0.029688,0.033167,0.033735549999999996,0.03550058,0.036509,33087.996865904934,33.087996865904934,29.688,29.688,16543.998432952467,3600,3456,7128,sub-physical,0.015625,0.0078125,Intel(R) Xeon(R) 6760P,AVX512,"avx2,avx512f,avx512bw,avx512vl,avx512_vnni,avx512_bf16,amx_bf16,amx_int8,amx_tile,fma",True,True,,256,128,sh14l07002s1404,3.11.9,2.1.2+cu121
20260424_010536,2026-04-24T06:14:09.881131,cpu,full_mlp_capacity_search_hd128_depth2,/home/liangyi/SRS_AI/Model_AIIC_refactor/experiments_refactored/20260422_050408_full_mlp_capacity_search_v2/full_mlp_capacity_search_hd128_depth2,full_mlp_capacity_search_v2,full_mlp_capacity_search_hd128_depth2,supervised_nmse_plateau,full_mlp,12,6,compile,fp32,float32,1,4,ok,,517.454283,20,50,0.0292744,0.0017872774043220037,0.02645,0.028834,0.0319193,0.03220945,0.03342948999999999,0.03436,34159.538709589266,34.15953870958926,28.834,28.834,8539.884677397316,3600,3456,7128,sub-physical,0.03125,0.015625,Intel(R) Xeon(R) 6760P,AVX512,"avx2,avx512f,avx512bw,avx512vl,avx512_vnni,avx512_bf16,amx_bf16,amx_int8,amx_tile,fma",True,True,,256,128,sh14l07002s1404,3.11.9,2.1.2+cu121
20260424_010536,2026-04-24T06:14:09.881131,cpu,full_mlp_capacity_search_hd128_depth2,/home/liangyi/SRS_AI/Model_AIIC_refactor/experiments_refactored/20260422_050408_full_mlp_capacity_search_v2/full_mlp_capacity_search_hd128_depth2,full_mlp_capacity_search_v2,full_mlp_capacity_search_hd128_depth2,supervised_nmse_plateau,full_mlp,12,6,compile,fp32,float32,1,8,ok,,541.889629,20,50,0.02677862,0.0019262896966967349,0.024794,0.0261295,0.0291923,0.02995645,0.03335177999999999,0.036036,37343.22381063699,37.34322381063699,26.1295,26.1295,4667.902976329624,3600,3456,7128,sub-physical,0.0625,0.03125,Intel(R) Xeon(R) 6760P,AVX512,"avx2,avx512f,avx512bw,avx512vl,avx512_vnni,avx512_bf16,amx_bf16,amx_int8,amx_tile,fma",True,True,,256,128,sh14l07002s1404,3.11.9,2.1.2+cu121
20260424_010536,2026-04-24T06:14:09.881131,cpu,full_mlp_capacity_search_hd128_depth2,/home/liangyi/SRS_AI/Model_AIIC_refactor/experiments_refactored/20260422_050408_full_mlp_capacity_search_v2/full_mlp_capacity_search_hd128_depth2,full_mlp_capacity_search_v2,full_mlp_capacity_search_hd128_depth2,supervised_nmse_plateau,full_mlp,12,6,compile,fp32,float32,1,128,ok,,732.071422,20,50,0.02806912,0.0020939179796735114,0.025493,0.027115,0.0304801,0.032035,0.033618789999999996,0.033927,35626.33955036709,35.62633955036709,27.115000000000002,27.115000000000002,278.3307777372429,3600,3456,7128,all-physical,1.0,0.5,Intel(R) Xeon(R) 6760P,AVX512,"avx2,avx512f,avx512bw,avx512vl,avx512_vnni,avx512_bf16,amx_bf16,amx_int8,amx_tile,fma",True,True,,256,128,sh14l07002s1404,3.11.9,2.1.2+cu121
20260424_010536,2026-04-24T06:14:09.881131,cpu,full_mlp_capacity_search_hd128_depth2,/home/liangyi/SRS_AI/Model_AIIC_refactor/experiments_refactored/20260422_050408_full_mlp_capacity_search_v2/full_mlp_capacity_search_hd128_depth2,full_mlp_capacity_search_v2,full_mlp_capacity_search_hd128_depth2,supervised_nmse_plateau,full_mlp,12,6,compile,fp32,float32,2,1,ok,,533.897623,20,50,0.02934126,0.0012059316864565758,0.026163,0.029242499999999998,0.0310128,0.03140465,0.031915740000000005,0.032099,68163.3985725221,68.1633985725221,29.242499999999996,14.621249999999998,68163.3985725221,3600,3456,7128,single-thread,0.0078125,0.00390625,Intel(R) Xeon(R) 6760P,AVX512,"avx2,avx512f,avx512bw,avx512vl,avx512_vnni,avx512_bf16,amx_bf16,amx_int8,amx_tile,fma",True,True,,256,128,sh14l07002s1404,3.11.9,2.1.2+cu121
20260424_010536,2026-04-24T06:14:09.881131,cpu,full_mlp_capacity_search_hd128_depth2,/home/liangyi/SRS_AI/Model_AIIC_refactor/experiments_refactored/20260422_050408_full_mlp_capacity_search_v2/full_mlp_capacity_search_hd128_depth2,full_mlp_capacity_search_v2,full_mlp_capacity_search_hd128_depth2,supervised_nmse_plateau,full_mlp,12,6,compile,fp32,float32,2,2,ok,,517.931334,20,50,0.02993006,0.001262965690903755,0.028052,0.029760500000000002,0.0316183,0.0325766,0.033069369999999994,0.033406,66822.45207660794,66.82245207660793,29.760500000000004,14.880250000000002,33411.22603830397,3600,3456,7128,sub-physical,0.015625,0.0078125,Intel(R) Xeon(R) 6760P,AVX512,"avx2,avx512f,avx512bw,avx512vl,avx512_vnni,avx512_bf16,amx_bf16,amx_int8,amx_tile,fma",True,True,,256,128,sh14l07002s1404,3.11.9,2.1.2+cu121
20260424_010536,2026-04-24T06:14:09.881131,cpu,full_mlp_capacity_search_hd128_depth2,/home/liangyi/SRS_AI/Model_AIIC_refactor/experiments_refactored/20260422_050408_full_mlp_capacity_search_v2/full_mlp_capacity_search_hd128_depth2,full_mlp_capacity_search_v2,full_mlp_capacity_search_hd128_depth2,supervised_nmse_plateau,full_mlp,12,6,compile,fp32,float32,2,4,ok,,514.305476,20,50,0.02963184,0.001735821008744853,0.026236,0.029322,0.030829699999999998,0.032019549999999994,0.03569763999999999,0.037444,67494.96487562028,67.49496487562028,29.322,14.661,16873.74121890507,3600,3456,7128,sub-physical,0.03125,0.015625,Intel(R) Xeon(R) 6760P,AVX512,"avx2,avx512f,avx512bw,avx512vl,avx512_vnni,avx512_bf16,amx_bf16,amx_int8,amx_tile,fma",True,True,,256,128,sh14l07002s1404,3.11.9,2.1.2+cu121
20260424_010536,2026-04-24T06:14:09.881131,cpu,full_mlp_capacity_search_hd128_depth2,/home/liangyi/SRS_AI/Model_AIIC_refactor/experiments_refactored/20260422_050408_full_mlp_capacity_search_v2/full_mlp_capacity_search_hd128_depth2,full_mlp_capacity_search_v2,full_mlp_capacity_search_hd128_depth2,supervised_nmse_plateau,full_mlp,12,6,compile,fp32,float32,2,8,ok,,549.113942,20,50,0.02782552,0.0016416620387887395,0.025131,0.027638,0.0294572,0.02960075,0.03381189,0.035497,71876.46448296384,71.87646448296384,27.637999999999998,13.818999999999999,8984.55806037048,3600,3456,7128,sub-physical,0.0625,0.03125,Intel(R) Xeon(R) 6760P,AVX512,"avx2,avx512f,avx512bw,avx512vl,avx512_vnni,avx512_bf16,amx_bf16,amx_int8,amx_tile,fma",True,True,,256,128,sh14l07002s1404,3.11.9,2.1.2+cu121
20260424_010536,2026-04-24T06:14:09.881131,cpu,full_mlp_capacity_search_hd128_depth2,/home/liangyi/SRS_AI/Model_AIIC_refactor/experiments_refactored/20260422_050408_full_mlp_capacity_search_v2/full_mlp_capacity_search_hd128_depth2,full_mlp_capacity_search_v2,full_mlp_capacity_search_hd128_depth2,supervised_nmse_plateau,full_mlp,12,6,compile,fp32,float32,2,128,ok,,712.766779,20,50,0.02802802,0.001164667016618913,0.02574,0.027832000000000003,0.0292367,0.0298552,0.03145036999999999,0.032718,71357.1632958732,71.35716329587319,27.832000000000004,13.916000000000002,557.4778382490093,3600,3456,7128,all-physical,1.0,0.5,Intel(R) Xeon(R) 6760P,AVX512,"avx2,avx512f,avx512bw,avx512vl,avx512_vnni,avx512_bf16,amx_bf16,amx_int8,amx_tile,fma",True,True,,256,128,sh14l07002s1404,3.11.9,2.1.2+cu121
20260424_010536,2026-04-24T06:14:09.881131,cpu,full_mlp_capacity_search_hd128_depth2,/home/liangyi/SRS_AI/Model_AIIC_refactor/experiments_refactored/20260422_050408_full_mlp_capacity_search_v2/full_mlp_capacity_search_hd128_depth2,full_mlp_capacity_search_v2,full_mlp_capacity_search_hd128_depth2,supervised_nmse_plateau,full_mlp,12,6,compile,fp32,float32,4,1,ok,,543.374261,20,50,0.02826552,0.0014832249490889778,0.026201,0.028117000000000003,0.0297068,0.0302799,0.03262924999999999,0.034479,141515.1746721801,141.51517467218008,28.117000000000004,7.029250000000001,141515.1746721801,3600,3456,7128,single-thread,0.0078125,0.00390625,Intel(R) Xeon(R) 6760P,AVX512,"avx2,avx512f,avx512bw,avx512vl,avx512_vnni,avx512_bf16,amx_bf16,amx_int8,amx_tile,fma",True,True,,256,128,sh14l07002s1404,3.11.9,2.1.2+cu121
20260424_010536,2026-04-24T06:14:09.881131,cpu,full_mlp_capacity_search_hd128_depth2,/home/liangyi/SRS_AI/Model_AIIC_refactor/experiments_refactored/20260422_050408_full_mlp_capacity_search_v2/full_mlp_capacity_search_hd128_depth2,full_mlp_capacity_search_v2,full_mlp_capacity_search_hd128_depth2,supervised_nmse_plateau,full_mlp,12,6,compile,fp32,float32,4,2,ok,,511.736263,20,50,0.02971076,0.0013605063404482907,0.027291,0.0295195,0.0316318,0.032007,0.03285929,0.033388,134631.35914395997,134.63135914395997,29.5195,7.379875,67315.67957197998,3600,3456,7128,sub-physical,0.015625,0.0078125,Intel(R) Xeon(R) 6760P,AVX512,"avx2,avx512f,avx512bw,avx512vl,avx512_vnni,avx512_bf16,amx_bf16,amx_int8,amx_tile,fma",True,True,,256,128,sh14l07002s1404,3.11.9,2.1.2+cu121
20260424_010536,2026-04-24T06:14:09.881131,cpu,full_mlp_capacity_search_hd128_depth2,/home/liangyi/SRS_AI/Model_AIIC_refactor/experiments_refactored/20260422_050408_full_mlp_capacity_search_v2/full_mlp_capacity_search_hd128_depth2,full_mlp_capacity_search_v2,full_mlp_capacity_search_hd128_depth2,supervised_nmse_plateau,full_mlp,12,6,compile,fp32,float32,4,4,ok,,511.843272,20,50,0.0284861,0.0030206454293743245,0.02527,0.027778999999999998,0.0300729,0.03387554999999998,0.040157949999999984,0.043708,140419.3624258849,140.4193624258849,27.778999999999996,6.944749999999999,35104.840606471225,3600,3456,7128,sub-physical,0.03125,0.015625,Intel(R) Xeon(R) 6760P,AVX512,"avx2,avx512f,avx512bw,avx512vl,avx512_vnni,avx512_bf16,amx_bf16,amx_int8,amx_tile,fma",True,True,,256,128,sh14l07002s1404,3.11.9,2.1.2+cu121
20260424_010536,2026-04-24T06:14:09.881131,cpu,full_mlp_capacity_search_hd128_depth2,/home/liangyi/SRS_AI/Model_AIIC_refactor/experiments_refactored/20260422_050408_full_mlp_capacity_search_v2/full_mlp_capacity_search_hd128_depth2,full_mlp_capacity_search_v2,full_mlp_capacity_search_hd128_depth2,supervised_nmse_plateau,full_mlp,12,6,compile,fp32,float32,4,8,ok,,550.40138,20,50,0.02915896,0.0018360092805865657,0.026387,0.028839999999999998,0.0308179,0.03165495,0.03578812,0.036382,137179.10378147918,137.17910378147917,28.839999999999996,7.209999999999999,17147.387972684897,3600,3456,7128,sub-physical,0.0625,0.03125,Intel(R) Xeon(R) 6760P,AVX512,"avx2,avx512f,avx512bw,avx512vl,avx512_vnni,avx512_bf16,amx_bf16,amx_int8,amx_tile,fma",True,True,,256,128,sh14l07002s1404,3.11.9,2.1.2+cu121
20260424_010536,2026-04-24T06:14:09.881131,cpu,full_mlp_capacity_search_hd128_depth2,/home/liangyi/SRS_AI/Model_AIIC_refactor/experiments_refactored/20260422_050408_full_mlp_capacity_search_v2/full_mlp_capacity_search_hd128_depth2,full_mlp_capacity_search_v2,full_mlp_capacity_search_hd128_depth2,supervised_nmse_plateau,full_mlp,12,6,compile,fp32,float32,4,128,ok,,729.579296,20,50,0.03047296,0.0016649345928293998,0.027586,0.030331999999999998,0.031870300000000004,0.03338745,0.03605265999999999,0.037604,131263.91397488132,131.26391397488132,30.331999999999997,7.582999999999999,1025.4993279287603,3600,3456,7128,all-physical,1.0,0.5,Intel(R) Xeon(R) 6760P,AVX512,"avx2,avx512f,avx512bw,avx512vl,avx512_vnni,avx512_bf16,amx_bf16,amx_int8,amx_tile,fma",True,True,,256,128,sh14l07002s1404,3.11.9,2.1.2+cu121
20260424_010536,2026-04-24T06:14:09.881131,cpu,full_mlp_capacity_search_hd128_depth2,/home/liangyi/SRS_AI/Model_AIIC_refactor/experiments_refactored/20260422_050408_full_mlp_capacity_search_v2/full_mlp_capacity_search_hd128_depth2,full_mlp_capacity_search_v2,full_mlp_capacity_search_hd128_depth2,supervised_nmse_plateau,full_mlp,12,6,compile,fp32,float32,8,1,ok,,533.510211,20,50,0.03027442,0.0018104517236314256,0.027266,0.030066000000000002,0.0322025,0.0334242,0.03605529999999999,0.037932,264249.4885120838,264.24948851208376,30.066000000000003,3.7582500000000003,264249.4885120838,3600,3456,7128,single-thread,0.0078125,0.00390625,Intel(R) Xeon(R) 6760P,AVX512,"avx2,avx512f,avx512bw,avx512vl,avx512_vnni,avx512_bf16,amx_bf16,amx_int8,amx_tile,fma",True,True,,256,128,sh14l07002s1404,3.11.9,2.1.2+cu121
20260424_010536,2026-04-24T06:14:09.881131,cpu,full_mlp_capacity_search_hd128_depth2,/home/liangyi/SRS_AI/Model_AIIC_refactor/experiments_refactored/20260422_050408_full_mlp_capacity_search_v2/full_mlp_capacity_search_hd128_depth2,full_mlp_capacity_search_v2,full_mlp_capacity_search_hd128_depth2,supervised_nmse_plateau,full_mlp,12,6,compile,fp32,float32,8,2,ok,,525.692876,20,50,0.0287507,0.0019554944259700664,0.02596,0.028765,0.0302686,0.03207189999999999,0.03532360999999999,0.036701,278254.09468291205,278.25409468291207,28.765,3.595625,139127.04734145603,3600,3456,7128,sub-physical,0.015625,0.0078125,Intel(R) Xeon(R) 6760P,AVX512,"avx2,avx512f,avx512bw,avx512vl,avx512_vnni,avx512_bf16,amx_bf16,amx_int8,amx_tile,fma",True,True,,256,128,sh14l07002s1404,3.11.9,2.1.2+cu121
20260424_010536,2026-04-24T06:14:09.881131,cpu,full_mlp_capacity_search_hd128_depth2,/home/liangyi/SRS_AI/Model_AIIC_refactor/experiments_refactored/20260422_050408_full_mlp_capacity_search_v2/full_mlp_capacity_search_hd128_depth2,full_mlp_capacity_search_v2,full_mlp_capacity_search_hd128_depth2,supervised_nmse_plateau,full_mlp,12,6,compile,fp32,float32,8,4,ok,,508.226676,20,50,0.03035446,0.0020161750341674205,0.027774,0.0297995,0.0326279,0.03481995,0.036049729999999995,0.036208,263552.703622466,263.552703622466,29.7995,3.7249375,65888.1759056165,3600,3456,7128,sub-physical,0.03125,0.015625,Intel(R) Xeon(R) 6760P,AVX512,"avx2,avx512f,avx512bw,avx512vl,avx512_vnni,avx512_bf16,amx_bf16,amx_int8,amx_tile,fma",True,True,,256,128,sh14l07002s1404,3.11.9,2.1.2+cu121
20260424_010536,2026-04-24T06:14:09.881131,cpu,full_mlp_capacity_search_hd128_depth2,/home/liangyi/SRS_AI/Model_AIIC_refactor/experiments_refactored/20260422_050408_full_mlp_capacity_search_v2/full_mlp_capacity_search_hd128_depth2,full_mlp_capacity_search_v2,full_mlp_capacity_search_hd128_depth2,supervised_nmse_plateau,full_mlp,12,6,compile,fp32,float32,8,8,ok,,538.906682,20,50,0.02823274,0.0017451296548967356,0.026287,0.027732,0.0302308,0.0313262,0.034310209999999994,0.036256,283358.96551308874,283.3589655130887,27.732,3.4665,35419.87068913609,3600,3456,7128,sub-physical,0.0625,0.03125,Intel(R) Xeon(R) 6760P,AVX512,"avx2,avx512f,avx512bw,avx512vl,avx512_vnni,avx512_bf16,amx_bf16,amx_int8,amx_tile,fma",True,True,,256,128,sh14l07002s1404,3.11.9,2.1.2+cu121
20260424_010536,2026-04-24T06:14:09.881131,cpu,full_mlp_capacity_search_hd128_depth2,/home/liangyi/SRS_AI/Model_AIIC_refactor/experiments_refactored/20260422_050408_full_mlp_capacity_search_v2/full_mlp_capacity_search_hd128_depth2,full_mlp_capacity_search_v2,full_mlp_capacity_search_hd128_depth2,supervised_nmse_plateau,full_mlp,12,6,compile,fp32,float32,8,128,ok,,684.432214,20,50,0.02905318,0.0020766867716629778,0.026409,0.028811999999999997,0.0305191,0.031362,0.03743259999999999,0.039177,275357.12097608595,275.3571209760859,28.811999999999998,3.6014999999999997,2151.2275076256715,3600,3456,7128,all-physical,1.0,0.5,Intel(R) Xeon(R) 6760P,AVX512,"avx2,avx512f,avx512bw,avx512vl,avx512_vnni,avx512_bf16,amx_bf16,amx_int8,amx_tile,fma",True,True,,256,128,sh14l07002s1404,3.11.9,2.1.2+cu121
20260424_010536,2026-04-24T06:14:09.881131,cpu,full_mlp_capacity_search_hd128_depth2,/home/liangyi/SRS_AI/Model_AIIC_refactor/experiments_refactored/20260422_050408_full_mlp_capacity_search_v2/full_mlp_capacity_search_hd128_depth2,full_mlp_capacity_search_v2,full_mlp_capacity_search_hd128_depth2,supervised_nmse_plateau,full_mlp,12,6,compile,fp32,float32,16,1,ok,,496.414553,20,50,0.0297336,0.0015885254798082404,0.026966,0.0295945,0.0320422,0.0328056,0.03351288,0.033654,538111.7658137595,538.1117658137596,29.5945,1.84965625,538111.7658137595,3600,3456,7128,single-thread,0.0078125,0.00390625,Intel(R) Xeon(R) 6760P,AVX512,"avx2,avx512f,avx512bw,avx512vl,avx512_vnni,avx512_bf16,amx_bf16,amx_int8,amx_tile,fma",True,True,,256,128,sh14l07002s1404,3.11.9,2.1.2+cu121
20260424_010536,2026-04-24T06:14:09.881131,cpu,full_mlp_capacity_search_hd128_depth2,/home/liangyi/SRS_AI/Model_AIIC_refactor/experiments_refactored/20260422_050408_full_mlp_capacity_search_v2/full_mlp_capacity_search_hd128_depth2,full_mlp_capacity_search_v2,full_mlp_capacity_search_hd128_depth2,supervised_nmse_plateau,full_mlp,12,6,compile,fp32,float32,16,2,ok,,512.216642,20,50,0.0305237,0.00234292853710906,0.027179,0.0296925,0.0332362,0.033847999999999996,0.03678677999999999,0.038785,524182.84808198217,524.1828480819821,29.6925,1.85578125,262091.42404099109,3600,3456,7128,sub-physical,0.015625,0.0078125,Intel(R) Xeon(R) 6760P,AVX512,"avx2,avx512f,avx512bw,avx512vl,avx512_vnni,avx512_bf16,amx_bf16,amx_int8,amx_tile,fma",True,True,,256,128,sh14l07002s1404,3.11.9,2.1.2+cu121
20260424_010536,2026-04-24T06:14:09.881131,cpu,full_mlp_capacity_search_hd128_depth2,/home/liangyi/SRS_AI/Model_AIIC_refactor/experiments_refactored/20260422_050408_full_mlp_capacity_search_v2/full_mlp_capacity_search_hd128_depth2,full_mlp_capacity_search_v2,full_mlp_capacity_search_hd128_depth2,supervised_nmse_plateau,full_mlp,12,6,compile,fp32,float32,16,4,ok,,518.075366,20,50,0.0300742,0.0023666296372690005,0.026567,0.029618,0.0320296,0.032359,0.03834899,0.0395,532017.4767741121,532.0174767741121,29.618,1.851125,133004.36919352802,3600,3456,7128,sub-physical,0.03125,0.015625,Intel(R) Xeon(R) 6760P,AVX512,"avx2,avx512f,avx512bw,avx512vl,avx512_vnni,avx512_bf16,amx_bf16,amx_int8,amx_tile,fma",True,True,,256,128,sh14l07002s1404,3.11.9,2.1.2+cu121
20260424_010536,2026-04-24T06:14:09.881131,cpu,full_mlp_capacity_search_hd128_depth2,/home/liangyi/SRS_AI/Model_AIIC_refactor/experiments_refactored/20260422_050408_full_mlp_capacity_search_v2/full_mlp_capacity_search_hd128_depth2,full_mlp_capacity_search_v2,full_mlp_capacity_search_hd128_depth2,supervised_nmse_plateau,full_mlp,12,6,compile,fp32,float32,16,8,ok,,543.778083,20,50,0.02978842,0.0018788612944014788,0.026985,0.0300185,0.0321271,0.0325418,0.033943789999999995,0.034742,537121.4720351063,537.1214720351063,30.0185,1.87615625,67140.18400438828,3600,3456,7128,sub-physical,0.0625,0.03125,Intel(R) Xeon(R) 6760P,AVX512,"avx2,avx512f,avx512bw,avx512vl,avx512_vnni,avx512_bf16,amx_bf16,amx_int8,amx_tile,fma",True,True,,256,128,sh14l07002s1404,3.11.9,2.1.2+cu121
20260424_010536,2026-04-24T06:14:09.881131,cpu,full_mlp_capacity_search_hd128_depth2,/home/liangyi/SRS_AI/Model_AIIC_refactor/experiments_refactored/20260422_050408_full_mlp_capacity_search_v2/full_mlp_capacity_search_hd128_depth2,full_mlp_capacity_search_v2,full_mlp_capacity_search_hd128_depth2,supervised_nmse_plateau,full_mlp,12,6,compile,fp32,float32,16,128,ok,,686.578569,20,50,0.03035504,0.0017318597513655656,0.027258,0.0305475,0.0324223,0.03269675,0.034716269999999994,0.03593,527095.3357333741,527.0953357333741,30.5475,1.90921875,4117.932310416985,3600,3456,7128,all-physical,1.0,0.5,Intel(R) Xeon(R) 6760P,AVX512,"avx2,avx512f,avx512bw,avx512vl,avx512_vnni,avx512_bf16,amx_bf16,amx_int8,amx_tile,fma",True,True,,256,128,sh14l07002s1404,3.11.9,2.1.2+cu121
20260424_010536,2026-04-24T06:14:09.881131,cpu,full_mlp_capacity_search_hd128_depth2,/home/liangyi/SRS_AI/Model_AIIC_refactor/experiments_refactored/20260422_050408_full_mlp_capacity_search_v2/full_mlp_capacity_search_hd128_depth2,full_mlp_capacity_search_v2,full_mlp_capacity_search_hd128_depth2,supervised_nmse_plateau,full_mlp,12,6,compile,fp32,float32,32,1,ok,,498.520891,20,50,0.03337162,0.00193698936383244,0.030565,0.033251,0.0356186,0.03615525,0.03859054999999999,0.040798,958898.6090576365,958.8986090576365,33.251000000000005,1.0390937500000001,958898.6090576365,3600,3456,7128,single-thread,0.0078125,0.00390625,Intel(R) Xeon(R) 6760P,AVX512,"avx2,avx512f,avx512bw,avx512vl,avx512_vnni,avx512_bf16,amx_bf16,amx_int8,amx_tile,fma",True,True,,256,128,sh14l07002s1404,3.11.9,2.1.2+cu121
20260424_010536,2026-04-24T06:14:09.881131,cpu,full_mlp_capacity_search_hd128_depth2,/home/liangyi/SRS_AI/Model_AIIC_refactor/experiments_refactored/20260422_050408_full_mlp_capacity_search_v2/full_mlp_capacity_search_hd128_depth2,full_mlp_capacity_search_v2,full_mlp_capacity_search_hd128_depth2,supervised_nmse_plateau,full_mlp,12,6,compile,fp32,float32,32,2,ok,,510.208833,20,50,0.0326837,0.0023730722471092197,0.029309,0.032208,0.034639300000000005,0.035236449999999996,0.04212179,0.042528,979081.3157629032,979.0813157629032,32.208,1.0065,489540.6578814516,3600,3456,7128,sub-physical,0.015625,0.0078125,Intel(R) Xeon(R) 6760P,AVX512,"avx2,avx512f,avx512bw,avx512vl,avx512_vnni,avx512_bf16,amx_bf16,amx_int8,amx_tile,fma",True,True,,256,128,sh14l07002s1404,3.11.9,2.1.2+cu121
20260424_010536,2026-04-24T06:14:09.881131,cpu,full_mlp_capacity_search_hd128_depth2,/home/liangyi/SRS_AI/Model_AIIC_refactor/experiments_refactored/20260422_050408_full_mlp_capacity_search_v2/full_mlp_capacity_search_hd128_depth2,full_mlp_capacity_search_v2,full_mlp_capacity_search_hd128_depth2,supervised_nmse_plateau,full_mlp,12,6,compile,fp32,float32,32,4,ok,,542.632987,20,50,0.03143874,0.0020418232128174077,0.028118,0.0311765,0.0338635,0.0342439,0.036783829999999997,0.038711,1017852.4966331349,1017.8524966331349,31.1765,0.974265625,254463.12415828372,3600,3456,7128,sub-physical,0.03125,0.015625,Intel(R) Xeon(R) 6760P,AVX512,"avx2,avx512f,avx512bw,avx512vl,avx512_vnni,avx512_bf16,amx_bf16,amx_int8,amx_tile,fma",True,True,,256,128,sh14l07002s1404,3.11.9,2.1.2+cu121
20260424_010536,2026-04-24T06:14:09.881131,cpu,full_mlp_capacity_search_hd128_depth2,/home/liangyi/SRS_AI/Model_AIIC_refactor/experiments_refactored/20260422_050408_full_mlp_capacity_search_v2/full_mlp_capacity_search_hd128_depth2,full_mlp_capacity_search_v2,full_mlp_capacity_search_hd128_depth2,supervised_nmse_plateau,full_mlp,12,6,compile,fp32,float32,32,8,ok,,584.035669,20,50,0.03238872,0.0020498004882426968,0.029446,0.0319395,0.0348183,0.035221949999999995,0.03824458999999999,0.040503,987998.2907629568,987.9982907629568,31.939500000000002,0.9981093750000001,123499.7863453696,3600,3456,7128,sub-physical,0.0625,0.03125,Intel(R) Xeon(R) 6760P,AVX512,"avx2,avx512f,avx512bw,avx512vl,avx512_vnni,avx512_bf16,amx_bf16,amx_int8,amx_tile,fma",True,True,,256,128,sh14l07002s1404,3.11.9,2.1.2+cu121
20260424_010536,2026-04-24T06:14:09.881131,cpu,full_mlp_capacity_search_hd128_depth2,/home/liangyi/SRS_AI/Model_AIIC_refactor/experiments_refactored/20260422_050408_full_mlp_capacity_search_v2/full_mlp_capacity_search_hd128_depth2,full_mlp_capacity_search_v2,full_mlp_capacity_search_hd128_depth2,supervised_nmse_plateau,full_mlp,12,6,compile,fp32,float32,32,128,ok,,664.054499,20,50,0.03279358,0.0016658614839175558,0.029945,0.0324715,0.035084699999999996,0.03524825,0.03624957,0.036547,975800.7512446033,975.8007512446034,32.4715,1.014734375,7623.443369098463,3600,3456,7128,all-physical,1.0,0.5,Intel(R) Xeon(R) 6760P,AVX512,"avx2,avx512f,avx512bw,avx512vl,avx512_vnni,avx512_bf16,amx_bf16,amx_int8,amx_tile,fma",True,True,,256,128,sh14l07002s1404,3.11.9,2.1.2+cu121
20260424_010536,2026-04-24T06:14:09.881131,cpu,full_mlp_capacity_search_hd128_depth2,/home/liangyi/SRS_AI/Model_AIIC_refactor/experiments_refactored/20260422_050408_full_mlp_capacity_search_v2/full_mlp_capacity_search_hd128_depth2,full_mlp_capacity_search_v2,full_mlp_capacity_search_hd128_depth2,supervised_nmse_plateau,full_mlp,12,6,compile,fp32,float32,64,1,ok,,530.552486,20,50,0.03433258,0.0019630700353273187,0.031267,0.033576499999999995,0.037404,0.0376054,0.03784229,0.037881,1864118.5719220634,1864.1185719220634,33.576499999999996,0.5246328124999999,1864118.5719220634,3600,3456,7128,single-thread,0.0078125,0.00390625,Intel(R) Xeon(R) 6760P,AVX512,"avx2,avx512f,avx512bw,avx512vl,avx512_vnni,avx512_bf16,amx_bf16,amx_int8,amx_tile,fma",True,True,,256,128,sh14l07002s1404,3.11.9,2.1.2+cu121
20260424_010536,2026-04-24T06:14:09.881131,cpu,full_mlp_capacity_search_hd128_depth2,/home/liangyi/SRS_AI/Model_AIIC_refactor/experiments_refactored/20260422_050408_full_mlp_capacity_search_v2/full_mlp_capacity_search_hd128_depth2,full_mlp_capacity_search_v2,full_mlp_capacity_search_hd128_depth2,supervised_nmse_plateau,full_mlp,12,6,compile,fp32,float32,64,2,ok,,555.453507,20,50,0.06057794,0.0020146701209875517,0.056673,0.0606615,0.062651,0.06308425,0.06706567999999999,0.067589,1056490.20088831,1056.49020088831,60.6615,0.9478359375,528245.100444155,3600,3456,7128,sub-physical,0.015625,0.0078125,Intel(R) Xeon(R) 6760P,AVX512,"avx2,avx512f,avx512bw,avx512vl,avx512_vnni,avx512_bf16,amx_bf16,amx_int8,amx_tile,fma",True,True,,256,128,sh14l07002s1404,3.11.9,2.1.2+cu121
20260424_010536,2026-04-24T06:14:09.881131,cpu,full_mlp_capacity_search_hd128_depth2,/home/liangyi/SRS_AI/Model_AIIC_refactor/experiments_refactored/20260422_050408_full_mlp_capacity_search_v2/full_mlp_capacity_search_hd128_depth2,full_mlp_capacity_search_v2,full_mlp_capacity_search_hd128_depth2,supervised_nmse_plateau,full_mlp,12,6,compile,fp32,float32,64,4,ok,,543.850537,20,50,0.045345619999999996,0.0031184618380862062,0.041832,0.044446,0.0495188,0.05240544999999999,0.05420415,0.054628,1411382.1798003865,1411.3821798003864,44.446,0.69446875,352845.54495009664,3600,3456,7128,sub-physical,0.03125,0.015625,Intel(R) Xeon(R) 6760P,AVX512,"avx2,avx512f,avx512bw,avx512vl,avx512_vnni,avx512_bf16,amx_bf16,amx_int8,amx_tile,fma",True,True,,256,128,sh14l07002s1404,3.11.9,2.1.2+cu121
20260424_010536,2026-04-24T06:14:09.881131,cpu,full_mlp_capacity_search_hd128_depth2,/home/liangyi/SRS_AI/Model_AIIC_refactor/experiments_refactored/20260422_050408_full_mlp_capacity_search_v2/full_mlp_capacity_search_hd128_depth2,full_mlp_capacity_search_v2,full_mlp_capacity_search_hd128_depth2,supervised_nmse_plateau,full_mlp,12,6,compile,fp32,float32,64,8,ok,,540.781934,20,50,0.03395882,0.0023077029418016523,0.030878,0.033085,0.0367057,0.0375278,0.04165045999999999,0.043388,1884635.5674313772,1884.6355674313772,33.085,0.516953125,235579.44592892216,3600,3456,7128,sub-physical,0.0625,0.03125,Intel(R) Xeon(R) 6760P,AVX512,"avx2,avx512f,avx512bw,avx512vl,avx512_vnni,avx512_bf16,amx_bf16,amx_int8,amx_tile,fma",True,True,,256,128,sh14l07002s1404,3.11.9,2.1.2+cu121
20260424_010536,2026-04-24T06:14:09.881131,cpu,full_mlp_capacity_search_hd128_depth2,/home/liangyi/SRS_AI/Model_AIIC_refactor/experiments_refactored/20260422_050408_full_mlp_capacity_search_v2/full_mlp_capacity_search_hd128_depth2,full_mlp_capacity_search_v2,full_mlp_capacity_search_hd128_depth2,supervised_nmse_plateau,full_mlp,12,6,compile,fp32,float32,64,128,ok,,672.329337,20,50,0.0337431,0.0016668874497097878,0.030665,0.033284,0.036046,0.036394699999999995,0.03694306,0.037191,1896684.0628158054,1896.6840628158054,33.284,0.5200625,14817.84424074848,3600,3456,7128,all-physical,1.0,0.5,Intel(R) Xeon(R) 6760P,AVX512,"avx2,avx512f,avx512bw,avx512vl,avx512_vnni,avx512_bf16,amx_bf16,amx_int8,amx_tile,fma",True,True,,256,128,sh14l07002s1404,3.11.9,2.1.2+cu121
20260424_010536,2026-04-24T06:14:09.881131,cpu,full_mlp_capacity_search_hd128_depth2,/home/liangyi/SRS_AI/Model_AIIC_refactor/experiments_refactored/20260422_050408_full_mlp_capacity_search_v2/full_mlp_capacity_search_hd128_depth2,full_mlp_capacity_search_v2,full_mlp_capacity_search_hd128_depth2,supervised_nmse_plateau,full_mlp,12,6,compile,fp32,float32,128,1,ok,,535.651115,20,50,0.04021754,0.0017451865253891913,0.038215,0.0401385,0.04192,0.04209325,0.04570102999999999,0.048569,3182690.9353481093,3182.690935348109,40.1385,0.31358203125,3182690.9353481093,3600,3456,7128,single-thread,0.0078125,0.00390625,Intel(R) Xeon(R) 6760P,AVX512,"avx2,avx512f,avx512bw,avx512vl,avx512_vnni,avx512_bf16,amx_bf16,amx_int8,amx_tile,fma",True,True,,256,128,sh14l07002s1404,3.11.9,2.1.2+cu121
20260424_010536,2026-04-24T06:14:09.881131,cpu,full_mlp_capacity_search_hd128_depth2,/home/liangyi/SRS_AI/Model_AIIC_refactor/experiments_refactored/20260422_050408_full_mlp_capacity_search_v2/full_mlp_capacity_search_hd128_depth2,full_mlp_capacity_search_v2,full_mlp_capacity_search_hd128_depth2,supervised_nmse_plateau,full_mlp,12,6,compile,fp32,float32,128,2,ok,,510.72413,20,50,0.08470568,0.0026599131146712294,0.080285,0.0844355,0.0875602,0.08852969999999999,0.09363149,0.095836,1511114.7209962779,1511.1147209962778,84.43549999999999,0.6596523437499999,755557.3604981389,3600,3456,7128,sub-physical,0.015625,0.0078125,Intel(R) Xeon(R) 6760P,AVX512,"avx2,avx512f,avx512bw,avx512vl,avx512_vnni,avx512_bf16,amx_bf16,amx_int8,amx_tile,fma",True,True,,256,128,sh14l07002s1404,3.11.9,2.1.2+cu121
20260424_010536,2026-04-24T06:14:09.881131,cpu,full_mlp_capacity_search_hd128_depth2,/home/liangyi/SRS_AI/Model_AIIC_refactor/experiments_refactored/20260422_050408_full_mlp_capacity_search_v2/full_mlp_capacity_search_hd128_depth2,full_mlp_capacity_search_v2,full_mlp_capacity_search_hd128_depth2,supervised_nmse_plateau,full_mlp,12,6,compile,fp32,float32,128,4,ok,,514.657117,20,50,0.09563612,0.0031339603165324217,0.088263,0.0955245,0.0999939,0.10019155,0.10189991999999999,0.102239,1338406.4514536976,1338.4064514536976,95.5245,0.74628515625,334601.6128634244,3600,3456,7128,sub-physical,0.03125,0.015625,Intel(R) Xeon(R) 6760P,AVX512,"avx2,avx512f,avx512bw,avx512vl,avx512_vnni,avx512_bf16,amx_bf16,amx_int8,amx_tile,fma",True,True,,256,128,sh14l07002s1404,3.11.9,2.1.2+cu121
20260424_010536,2026-04-24T06:14:09.881131,cpu,full_mlp_capacity_search_hd128_depth2,/home/liangyi/SRS_AI/Model_AIIC_refactor/experiments_refactored/20260422_050408_full_mlp_capacity_search_v2/full_mlp_capacity_search_hd128_depth2,full_mlp_capacity_search_v2,full_mlp_capacity_search_hd128_depth2,supervised_nmse_plateau,full_mlp,12,6,compile,fp32,float32,128,8,ok,,542.003381,20,50,0.05736762,0.0020141810632611956,0.054094,0.0571015,0.059910000000000005,0.061218049999999996,0.06352585,0.064572,2231223.8158041066,2231.223815804107,57.1015,0.44610546875,278902.97697551333,3600,3456,7128,sub-physical,0.0625,0.03125,Intel(R) Xeon(R) 6760P,AVX512,"avx2,avx512f,avx512bw,avx512vl,avx512_vnni,avx512_bf16,amx_bf16,amx_int8,amx_tile,fma",True,True,,256,128,sh14l07002s1404,3.11.9,2.1.2+cu121
20260424_010536,2026-04-24T06:14:09.881131,cpu,full_mlp_capacity_search_hd128_depth2,/home/liangyi/SRS_AI/Model_AIIC_refactor/experiments_refactored/20260422_050408_full_mlp_capacity_search_v2/full_mlp_capacity_search_hd128_depth2,full_mlp_capacity_search_v2,full_mlp_capacity_search_hd128_depth2,supervised_nmse_plateau,full_mlp,12,6,compile,fp32,float32,128,128,ok,,684.895559,20,50,0.13851524,0.009786967404788882,0.121452,0.1367535,0.1513727,0.1600292,0.16240115,0.16258,924086.0428065532,924.0860428065532,136.7535,1.06838671875,7219.422209426197,3600,3456,7128,all-physical,1.0,0.5,Intel(R) Xeon(R) 6760P,AVX512,"avx2,avx512f,avx512bw,avx512vl,avx512_vnni,avx512_bf16,amx_bf16,amx_int8,amx_tile,fma",True,True,,256,128,sh14l07002s1404,3.11.9,2.1.2+cu121
20260424_010536,2026-04-24T06:14:09.881131,cpu,full_mlp_capacity_search_hd128_depth2,/home/liangyi/SRS_AI/Model_AIIC_refactor/experiments_refactored/20260422_050408_full_mlp_capacity_search_v2/full_mlp_capacity_search_hd128_depth2,full_mlp_capacity_search_v2,full_mlp_capacity_search_hd128_depth2,supervised_nmse_plateau,full_mlp,12,6,compile,bf16,bfloat16,1,1,ok,,497.058563,20,50,0.02879542,0.0013543051811168707,0.026541,0.028726500000000002,0.0301662,0.030743149999999997,0.032774889999999994,0.033725,34727.744898320634,34.72774489832064,28.7265,28.7265,34727.744898320634,3600,3456,7128,single-thread,0.0078125,0.00390625,Intel(R) Xeon(R) 6760P,AVX512,"avx2,avx512f,avx512bw,avx512vl,avx512_vnni,avx512_bf16,amx_bf16,amx_int8,amx_tile,fma",True,True,,256,128,sh14l07002s1404,3.11.9,2.1.2+cu121
20260424_010536,2026-04-24T06:14:09.881131,cpu,full_mlp_capacity_search_hd128_depth2,/home/liangyi/SRS_AI/Model_AIIC_refactor/experiments_refactored/20260422_050408_full_mlp_capacity_search_v2/full_mlp_capacity_search_hd128_depth2,full_mlp_capacity_search_v2,full_mlp_capacity_search_hd128_depth2,supervised_nmse_plateau,full_mlp,12,6,compile,bf16,bfloat16,1,2,ok,,511.799117,20,50,0.03205978,0.001864876170580771,0.03021,0.0316325,0.033370199999999996,0.0342004,0.039871069999999995,0.041369,31191.729949488108,31.191729949488106,31.6325,31.6325,15595.864974744054,3600,3456,7128,sub-physical,0.015625,0.0078125,Intel(R) Xeon(R) 6760P,AVX512,"avx2,avx512f,avx512bw,avx512vl,avx512_vnni,avx512_bf16,amx_bf16,amx_int8,amx_tile,fma",True,True,,256,128,sh14l07002s1404,3.11.9,2.1.2+cu121
20260424_010536,2026-04-24T06:14:09.881131,cpu,full_mlp_capacity_search_hd128_depth2,/home/liangyi/SRS_AI/Model_AIIC_refactor/experiments_refactored/20260422_050408_full_mlp_capacity_search_v2/full_mlp_capacity_search_hd128_depth2,full_mlp_capacity_search_v2,full_mlp_capacity_search_hd128_depth2,supervised_nmse_plateau,full_mlp,12,6,compile,bf16,bfloat16,1,4,ok,,518.484948,20,50,0.02885524,0.0017032569455017646,0.02591,0.028902499999999998,0.0303193,0.0304231,0.03436298999999999,0.036935,34655.75056731464,34.655750567314634,28.902499999999996,28.902499999999996,8663.93764182866,3600,3456,7128,sub-physical,0.03125,0.015625,Intel(R) Xeon(R) 6760P,AVX512,"avx2,avx512f,avx512bw,avx512vl,avx512_vnni,avx512_bf16,amx_bf16,amx_int8,amx_tile,fma",True,True,,256,128,sh14l07002s1404,3.11.9,2.1.2+cu121
20260424_010536,2026-04-24T06:14:09.881131,cpu,full_mlp_capacity_search_hd128_depth2,/home/liangyi/SRS_AI/Model_AIIC_refactor/experiments_refactored/20260422_050408_full_mlp_capacity_search_v2/full_mlp_capacity_search_hd128_depth2,full_mlp_capacity_search_v2,full_mlp_capacity_search_hd128_depth2,supervised_nmse_plateau,full_mlp,12,6,compile,bf16,bfloat16,1,8,ok,,547.814997,20,50,0.0313537,0.0012354725452230816,0.029103,0.031135,0.032569100000000004,0.03321445,0.035382769999999994,0.036327,31894.162411453835,31.894162411453834,31.134999999999998,31.134999999999998,3986.7703014317294,3600,3456,7128,sub-physical,0.0625,0.03125,Intel(R) Xeon(R) 6760P,AVX512,"avx2,avx512f,avx512bw,avx512vl,avx512_vnni,avx512_bf16,amx_bf16,amx_int8,amx_tile,fma",True,True,,256,128,sh14l07002s1404,3.11.9,2.1.2+cu121
20260424_010536,2026-04-24T06:14:09.881131,cpu,full_mlp_capacity_search_hd128_depth2,/home/liangyi/SRS_AI/Model_AIIC_refactor/experiments_refactored/20260422_050408_full_mlp_capacity_search_v2/full_mlp_capacity_search_hd128_depth2,full_mlp_capacity_search_v2,full_mlp_capacity_search_hd128_depth2,supervised_nmse_plateau,full_mlp,12,6,compile,bf16,bfloat16,1,128,ok,,534.804529,20,50,0.02950594,0.0014778608921004709,0.02738,0.029153,0.030464900000000003,0.03191499999999999,0.03522942,0.036132,33891.48083402867,33.89148083402867,29.153,29.153,264.777194015849,3600,3456,7128,all-physical,1.0,0.5,Intel(R) Xeon(R) 6760P,AVX512,"avx2,avx512f,avx512bw,avx512vl,avx512_vnni,avx512_bf16,amx_bf16,amx_int8,amx_tile,fma",True,True,,256,128,sh14l07002s1404,3.11.9,2.1.2+cu121
20260424_010536,2026-04-24T06:14:09.881131,cpu,full_mlp_capacity_search_hd128_depth2,/home/liangyi/SRS_AI/Model_AIIC_refactor/experiments_refactored/20260422_050408_full_mlp_capacity_search_v2/full_mlp_capacity_search_hd128_depth2,full_mlp_capacity_search_v2,full_mlp_capacity_search_hd128_depth2,supervised_nmse_plateau,full_mlp,12,6,compile,bf16,bfloat16,2,1,ok,,496.25788,20,50,0.04436626,0.0026451231639377398,0.041093,0.0439615,0.0479005,0.04866325,0.05233368999999999,0.054499,45079.30125279886,45.079301252798864,43.9615,21.98075,45079.30125279886,3600,3456,7128,single-thread,0.0078125,0.00390625,Intel(R) Xeon(R) 6760P,AVX512,"avx2,avx512f,avx512bw,avx512vl,avx512_vnni,avx512_bf16,amx_bf16,amx_int8,amx_tile,fma",True,True,,256,128,sh14l07002s1404,3.11.9,2.1.2+cu121
20260424_010536,2026-04-24T06:14:09.881131,cpu,full_mlp_capacity_search_hd128_depth2,/home/liangyi/SRS_AI/Model_AIIC_refactor/experiments_refactored/20260422_050408_full_mlp_capacity_search_v2/full_mlp_capacity_search_hd128_depth2,full_mlp_capacity_search_v2,full_mlp_capacity_search_hd128_depth2,supervised_nmse_plateau,full_mlp,12,6,compile,bf16,bfloat16,2,2,ok,,509.351099,20,50,0.0548149,0.002918580279862111,0.051576,0.0542455,0.0573143,0.06076814999999999,0.06504354,0.065756,36486.42978460236,36.486429784602365,54.2455,27.12275,18243.21489230118,3600,3456,7128,sub-physical,0.015625,0.0078125,Intel(R) Xeon(R) 6760P,AVX512,"avx2,avx512f,avx512bw,avx512vl,avx512_vnni,avx512_bf16,amx_bf16,amx_int8,amx_tile,fma",True,True,,256,128,sh14l07002s1404,3.11.9,2.1.2+cu121
20260424_010536,2026-04-24T06:14:09.881131,cpu,full_mlp_capacity_search_hd128_depth2,/home/liangyi/SRS_AI/Model_AIIC_refactor/experiments_refactored/20260422_050408_full_mlp_capacity_search_v2/full_mlp_capacity_search_hd128_depth2,full_mlp_capacity_search_v2,full_mlp_capacity_search_hd128_depth2,supervised_nmse_plateau,full_mlp,12,6,compile,bf16,bfloat16,2,4,ok,,516.663442,20,50,0.04831766,0.003215956290809936,0.045091,0.0473635,0.0541533,0.0552371,0.056981449999999996,0.05791,41392.733009007476,41.39273300900748,47.3635,23.68175,10348.183252251869,3600,3456,7128,sub-physical,0.03125,0.015625,Intel(R) Xeon(R) 6760P,AVX512,"avx2,avx512f,avx512bw,avx512vl,avx512_vnni,avx512_bf16,amx_bf16,amx_int8,amx_tile,fma",True,True,,256,128,sh14l07002s1404,3.11.9,2.1.2+cu121
20260424_010536,2026-04-24T06:14:09.881131,cpu,full_mlp_capacity_search_hd128_depth2,/home/liangyi/SRS_AI/Model_AIIC_refactor/experiments_refactored/20260422_050408_full_mlp_capacity_search_v2/full_mlp_capacity_search_hd128_depth2,full_mlp_capacity_search_v2,full_mlp_capacity_search_hd128_depth2,supervised_nmse_plateau,full_mlp,12,6,compile,bf16,bfloat16,2,8,ok,,516.154889,20,50,0.05053626,0.026999177662891883,0.04327,0.045921500000000004,0.050610100000000005,0.05375895,0.14898605999999964,0.23861,39575.544371506716,39.575544371506716,45.9215,22.96075,4946.9430464383395,3600,3456,7128,sub-physical,0.0625,0.03125,Intel(R) Xeon(R) 6760P,AVX512,"avx2,avx512f,avx512bw,avx512vl,avx512_vnni,avx512_bf16,amx_bf16,amx_int8,amx_tile,fma",True,True,,256,128,sh14l07002s1404,3.11.9,2.1.2+cu121
20260424_010536,2026-04-24T06:14:09.881131,cpu,full_mlp_capacity_search_hd128_depth2,/home/liangyi/SRS_AI/Model_AIIC_refactor/experiments_refactored/20260422_050408_full_mlp_capacity_search_v2/full_mlp_capacity_search_hd128_depth2,full_mlp_capacity_search_v2,full_mlp_capacity_search_hd128_depth2,supervised_nmse_plateau,full_mlp,12,6,compile,bf16,bfloat16,2,128,ok,,531.104426,20,50,0.12610512,0.017002115571469332,0.104669,0.121405,0.14255420000000005,0.16738455,0.18210700999999996,0.186297,15859.784281558119,15.859784281558118,121.405,60.7025,123.9045646996728,3600,3456,7128,all-physical,1.0,0.5,Intel(R) Xeon(R) 6760P,AVX512,"avx2,avx512f,avx512bw,avx512vl,avx512_vnni,avx512_bf16,amx_bf16,amx_int8,amx_tile,fma",True,True,,256,128,sh14l07002s1404,3.11.9,2.1.2+cu121
20260424_010536,2026-04-24T06:14:09.881131,cpu,full_mlp_capacity_search_hd128_depth2,/home/liangyi/SRS_AI/Model_AIIC_refactor/experiments_refactored/20260422_050408_full_mlp_capacity_search_v2/full_mlp_capacity_search_hd128_depth2,full_mlp_capacity_search_v2,full_mlp_capacity_search_hd128_depth2,supervised_nmse_plateau,full_mlp,12,6,compile,bf16,bfloat16,4,1,ok,,497.35893,20,50,0.0448442,0.0019878426798919475,0.041218,0.0446285,0.0473861,0.0488203,0.04944089,0.049803,89197.71118673094,89.19771118673094,44.6285,11.157125,89197.71118673094,3600,3456,7128,single-thread,0.0078125,0.00390625,Intel(R) Xeon(R) 6760P,AVX512,"avx2,avx512f,avx512bw,avx512vl,avx512_vnni,avx512_bf16,amx_bf16,amx_int8,amx_tile,fma",True,True,,256,128,sh14l07002s1404,3.11.9,2.1.2+cu121
20260424_010536,2026-04-24T06:14:09.881131,cpu,full_mlp_capacity_search_hd128_depth2,/home/liangyi/SRS_AI/Model_AIIC_refactor/experiments_refactored/20260422_050408_full_mlp_capacity_search_v2/full_mlp_capacity_search_hd128_depth2,full_mlp_capacity_search_v2,full_mlp_capacity_search_hd128_depth2,supervised_nmse_plateau,full_mlp,12,6,compile,bf16,bfloat16,4,2,ok,,506.303896,20,50,0.05407266,0.002502669227924457,0.050049,0.0533855,0.056458900000000006,0.05881,0.061986679999999995,0.062951,73974.53722454194,73.97453722454195,53.3855,13.346375,36987.26861227097,3600,3456,7128,sub-physical,0.015625,0.0078125,Intel(R) Xeon(R) 6760P,AVX512,"avx2,avx512f,avx512bw,avx512vl,avx512_vnni,avx512_bf16,amx_bf16,amx_int8,amx_tile,fma",True,True,,256,128,sh14l07002s1404,3.11.9,2.1.2+cu121
20260424_010536,2026-04-24T06:14:09.881131,cpu,full_mlp_capacity_search_hd128_depth2,/home/liangyi/SRS_AI/Model_AIIC_refactor/experiments_refactored/20260422_050408_full_mlp_capacity_search_v2/full_mlp_capacity_search_hd128_depth2,full_mlp_capacity_search_v2,full_mlp_capacity_search_hd128_depth2,supervised_nmse_plateau,full_mlp,12,6,compile,bf16,bfloat16,4,4,ok,,511.534029,20,50,0.0531518,0.003114833176913332,0.048983,0.052157,0.0573693,0.059454099999999996,0.0631991,0.064821,75256.15313122039,75.25615313122039,52.157000000000004,13.039250000000001,18814.038282805097,3600,3456,7128,sub-physical,0.03125,0.015625,Intel(R) Xeon(R) 6760P,AVX512,"avx2,avx512f,avx512bw,avx512vl,avx512_vnni,avx512_bf16,amx_bf16,amx_int8,amx_tile,fma",True,True,,256,128,sh14l07002s1404,3.11.9,2.1.2+cu121
20260424_010536,2026-04-24T06:14:09.881131,cpu,full_mlp_capacity_search_hd128_depth2,/home/liangyi/SRS_AI/Model_AIIC_refactor/experiments_refactored/20260422_050408_full_mlp_capacity_search_v2/full_mlp_capacity_search_hd128_depth2,full_mlp_capacity_search_v2,full_mlp_capacity_search_hd128_depth2,supervised_nmse_plateau,full_mlp,12,6,compile,bf16,bfloat16,4,8,ok,,506.906894,20,50,0.0483619,0.003174206743424253,0.044001,0.048014,0.05127350000000001,0.05418819999999999,0.058762379999999996,0.060545,82709.73638339271,82.70973638339271,48.014,12.0035,10338.717047924089,3600,3456,7128,sub-physical,0.0625,0.03125,Intel(R) Xeon(R) 6760P,AVX512,"avx2,avx512f,avx512bw,avx512vl,avx512_vnni,avx512_bf16,amx_bf16,amx_int8,amx_tile,fma",True,True,,256,128,sh14l07002s1404,3.11.9,2.1.2+cu121
20260424_010536,2026-04-24T06:14:09.881131,cpu,full_mlp_capacity_search_hd128_depth2,/home/liangyi/SRS_AI/Model_AIIC_refactor/experiments_refactored/20260422_050408_full_mlp_capacity_search_v2/full_mlp_capacity_search_hd128_depth2,full_mlp_capacity_search_v2,full_mlp_capacity_search_hd128_depth2,supervised_nmse_plateau,full_mlp,12,6,compile,bf16,bfloat16,4,128,ok,,529.881451,20,50,0.1239967,0.019077999948894014,0.109297,0.1179595,0.15810960000000002,0.16810299999999997,0.18676182,0.187488,32258.923019725527,32.25892301972553,117.95949999999999,29.489874999999998,252.02283609160568,3600,3456,7128,all-physical,1.0,0.5,Intel(R) Xeon(R) 6760P,AVX512,"avx2,avx512f,avx512bw,avx512vl,avx512_vnni,avx512_bf16,amx_bf16,amx_int8,amx_tile,fma",True,True,,256,128,sh14l07002s1404,3.11.9,2.1.2+cu121
20260424_010536,2026-04-24T06:14:09.881131,cpu,full_mlp_capacity_search_hd128_depth2,/home/liangyi/SRS_AI/Model_AIIC_refactor/experiments_refactored/20260422_050408_full_mlp_capacity_search_v2/full_mlp_capacity_search_hd128_depth2,full_mlp_capacity_search_v2,full_mlp_capacity_search_hd128_depth2,supervised_nmse_plateau,full_mlp,12,6,compile,bf16,bfloat16,8,1,ok,,498.178998,20,50,0.04747816,0.002795300566021479,0.043616,0.0467755,0.0504348,0.0525125,0.05651526999999999,0.058317,168498.52648038592,168.49852648038592,46.7755,5.8469375,168498.52648038592,3600,3456,7128,single-thread,0.0078125,0.00390625,Intel(R) Xeon(R) 6760P,AVX512,"avx2,avx512f,avx512bw,avx512vl,avx512_vnni,avx512_bf16,amx_bf16,amx_int8,amx_tile,fma",True,True,,256,128,sh14l07002s1404,3.11.9,2.1.2+cu121
20260424_010536,2026-04-24T06:14:09.881131,cpu,full_mlp_capacity_search_hd128_depth2,/home/liangyi/SRS_AI/Model_AIIC_refactor/experiments_refactored/20260422_050408_full_mlp_capacity_search_v2/full_mlp_capacity_search_hd128_depth2,full_mlp_capacity_search_v2,full_mlp_capacity_search_hd128_depth2,supervised_nmse_plateau,full_mlp,12,6,compile,bf16,bfloat16,8,2,ok,,512.395481,20,50,0.048915,0.0035535529544386975,0.044207,0.0480515,0.0524373,0.0537495,0.062116219999999986,0.064381,163549.01359501175,163.54901359501176,48.0515,6.0064375,81774.50679750588,3600,3456,7128,sub-physical,0.015625,0.0078125,Intel(R) Xeon(R) 6760P,AVX512,"avx2,avx512f,avx512bw,avx512vl,avx512_vnni,avx512_bf16,amx_bf16,amx_int8,amx_tile,fma",True,True,,256,128,sh14l07002s1404,3.11.9,2.1.2+cu121
20260424_010536,2026-04-24T06:14:09.881131,cpu,full_mlp_capacity_search_hd128_depth2,/home/liangyi/SRS_AI/Model_AIIC_refactor/experiments_refactored/20260422_050408_full_mlp_capacity_search_v2/full_mlp_capacity_search_hd128_depth2,full_mlp_capacity_search_v2,full_mlp_capacity_search_hd128_depth2,supervised_nmse_plateau,full_mlp,12,6,compile,bf16,bfloat16,8,4,ok,,506.936745,20,50,0.05027,0.0038677335792425003,0.045693,0.0492125,0.0546697,0.059084399999999995,0.06250257,0.063045,159140.64054107817,159.14064054107817,49.2125,6.1515625,39785.16013526954,3600,3456,7128,sub-physical,0.03125,0.015625,Intel(R) Xeon(R) 6760P,AVX512,"avx2,avx512f,avx512bw,avx512vl,avx512_vnni,avx512_bf16,amx_bf16,amx_int8,amx_tile,fma",True,True,,256,128,sh14l07002s1404,3.11.9,2.1.2+cu121
20260424_010536,2026-04-24T06:14:09.881131,cpu,full_mlp_capacity_search_hd128_depth2,/home/liangyi/SRS_AI/Model_AIIC_refactor/experiments_refactored/20260422_050408_full_mlp_capacity_search_v2/full_mlp_capacity_search_hd128_depth2,full_mlp_capacity_search_v2,full_mlp_capacity_search_hd128_depth2,supervised_nmse_plateau,full_mlp,12,6,compile,bf16,bfloat16,8,8,ok,,509.285567,20,50,0.04923732,0.003105498796908478,0.045601,0.0488565,0.0522103,0.05410859999999999,0.06030529999999999,0.063309,162478.38022053192,162.47838022053193,48.8565,6.1070625,20309.79752756649,3600,3456,7128,sub-physical,0.0625,0.03125,Intel(R) Xeon(R) 6760P,AVX512,"avx2,avx512f,avx512bw,avx512vl,avx512_vnni,avx512_bf16,amx_bf16,amx_int8,amx_tile,fma",True,True,,256,128,sh14l07002s1404,3.11.9,2.1.2+cu121
20260424_010536,2026-04-24T06:14:09.881131,cpu,full_mlp_capacity_search_hd128_depth2,/home/liangyi/SRS_AI/Model_AIIC_refactor/experiments_refactored/20260422_050408_full_mlp_capacity_search_v2/full_mlp_capacity_search_hd128_depth2,full_mlp_capacity_search_v2,full_mlp_capacity_search_hd128_depth2,supervised_nmse_plateau,full_mlp,12,6,compile,bf16,bfloat16,8,128,ok,,528.763316,20,50,0.13577524,0.017554134997270585,0.120595,0.13031150000000002,0.16261810000000002,0.17315745,0.19319785999999992,0.209557,58920.90487190448,58.92090487190448,130.31150000000002,16.288937500000003,460.31956931175375,3600,3456,7128,all-physical,1.0,0.5,Intel(R) Xeon(R) 6760P,AVX512,"avx2,avx512f,avx512bw,avx512vl,avx512_vnni,avx512_bf16,amx_bf16,amx_int8,amx_tile,fma",True,True,,256,128,sh14l07002s1404,3.11.9,2.1.2+cu121
20260424_010536,2026-04-24T06:14:09.881131,cpu,full_mlp_capacity_search_hd128_depth2,/home/liangyi/SRS_AI/Model_AIIC_refactor/experiments_refactored/20260422_050408_full_mlp_capacity_search_v2/full_mlp_capacity_search_hd128_depth2,full_mlp_capacity_search_v2,full_mlp_capacity_search_hd128_depth2,supervised_nmse_plateau,full_mlp,12,6,compile,bf16,bfloat16,16,1,ok,,532.022334,20,50,0.05165824,0.002831549035845927,0.047988,0.051145499999999997,0.055313799999999996,0.056311099999999996,0.06027601999999999,0.062041,309727.93498191185,309.72793498191186,51.1455,3.19659375,309727.93498191185,3600,3456,7128,single-thread,0.0078125,0.00390625,Intel(R) Xeon(R) 6760P,AVX512,"avx2,avx512f,avx512bw,avx512vl,avx512_vnni,avx512_bf16,amx_bf16,amx_int8,amx_tile,fma",True,True,,256,128,sh14l07002s1404,3.11.9,2.1.2+cu121
20260424_010536,2026-04-24T06:14:09.881131,cpu,full_mlp_capacity_search_hd128_depth2,/home/liangyi/SRS_AI/Model_AIIC_refactor/experiments_refactored/20260422_050408_full_mlp_capacity_search_v2/full_mlp_capacity_search_hd128_depth2,full_mlp_capacity_search_v2,full_mlp_capacity_search_hd128_depth2,supervised_nmse_plateau,full_mlp,12,6,compile,bf16,bfloat16,16,2,ok,,541.670799,20,50,0.05582194,0.0023104448351778492,0.052919,0.0550775,0.0583688,0.0615432,0.06204023,0.062223,286625.6529242803,286.6256529242803,55.0775,3.44234375,143312.82646214016,3600,3456,7128,sub-physical,0.015625,0.0078125,Intel(R) Xeon(R) 6760P,AVX512,"avx2,avx512f,avx512bw,avx512vl,avx512_vnni,avx512_bf16,amx_bf16,amx_int8,amx_tile,fma",True,True,,256,128,sh14l07002s1404,3.11.9,2.1.2+cu121
20260424_010536,2026-04-24T06:14:09.881131,cpu,full_mlp_capacity_search_hd128_depth2,/home/liangyi/SRS_AI/Model_AIIC_refactor/experiments_refactored/20260422_050408_full_mlp_capacity_search_v2/full_mlp_capacity_search_hd128_depth2,full_mlp_capacity_search_v2,full_mlp_capacity_search_hd128_depth2,supervised_nmse_plateau,full_mlp,12,6,compile,bf16,bfloat16,16,4,ok,,510.786584,20,50,0.0516038,0.0023034162628582785,0.048029,0.051283999999999996,0.0547914,0.056570449999999994,0.05812084,0.058162,310054.6858952248,310.0546858952248,51.284,3.20525,77513.6714738062,3600,3456,7128,sub-physical,0.03125,0.015625,Intel(R) Xeon(R) 6760P,AVX512,"avx2,avx512f,avx512bw,avx512vl,avx512_vnni,avx512_bf16,amx_bf16,amx_int8,amx_tile,fma",True,True,,256,128,sh14l07002s1404,3.11.9,2.1.2+cu121
20260424_010536,2026-04-24T06:14:09.881131,cpu,full_mlp_capacity_search_hd128_depth2,/home/liangyi/SRS_AI/Model_AIIC_refactor/experiments_refactored/20260422_050408_full_mlp_capacity_search_v2/full_mlp_capacity_search_hd128_depth2,full_mlp_capacity_search_v2,full_mlp_capacity_search_hd128_depth2,supervised_nmse_plateau,full_mlp,12,6,compile,bf16,bfloat16,16,8,ok,,506.95055,20,50,0.05780528,0.003393123605411391,0.054394,0.056627,0.062888,0.0662111,0.06855712,0.0692,276791.3242527326,276.79132425273264,56.626999999999995,3.5391874999999997,34598.91553159158,3600,3456,7128,sub-physical,0.0625,0.03125,Intel(R) Xeon(R) 6760P,AVX512,"avx2,avx512f,avx512bw,avx512vl,avx512_vnni,avx512_bf16,amx_bf16,amx_int8,amx_tile,fma",True,True,,256,128,sh14l07002s1404,3.11.9,2.1.2+cu121
20260424_010536,2026-04-24T06:14:09.881131,cpu,full_mlp_capacity_search_hd128_depth2,/home/liangyi/SRS_AI/Model_AIIC_refactor/experiments_refactored/20260422_050408_full_mlp_capacity_search_v2/full_mlp_capacity_search_hd128_depth2,full_mlp_capacity_search_v2,full_mlp_capacity_search_hd128_depth2,supervised_nmse_plateau,full_mlp,12,6,compile,bf16,bfloat16,16,128,ok,,528.209106,20,50,0.16514328,0.01602072304740332,0.143528,0.1599135,0.18090830000000002,0.20324285,0.21663016,0.216687,96885.56506810329,96.88556506810329,159.9135,9.99459375,756.9184770945569,3600,3456,7128,all-physical,1.0,0.5,Intel(R) Xeon(R) 6760P,AVX512,"avx2,avx512f,avx512bw,avx512vl,avx512_vnni,avx512_bf16,amx_bf16,amx_int8,amx_tile,fma",True,True,,256,128,sh14l07002s1404,3.11.9,2.1.2+cu121
20260424_010536,2026-04-24T06:14:09.881131,cpu,full_mlp_capacity_search_hd128_depth2,/home/liangyi/SRS_AI/Model_AIIC_refactor/experiments_refactored/20260422_050408_full_mlp_capacity_search_v2/full_mlp_capacity_search_hd128_depth2,full_mlp_capacity_search_v2,full_mlp_capacity_search_hd128_depth2,supervised_nmse_plateau,full_mlp,12,6,compile,bf16,bfloat16,32,1,ok,,501.422439,20,50,0.0547073,0.002437310560843652,0.051417,0.0541445,0.0586983,0.0595409,0.06125253,0.061597,584931.0786677464,584.9310786677464,54.1445,1.692015625,584931.0786677464,3600,3456,7128,single-thread,0.0078125,0.00390625,Intel(R) Xeon(R) 6760P,AVX512,"avx2,avx512f,avx512bw,avx512vl,avx512_vnni,avx512_bf16,amx_bf16,amx_int8,amx_tile,fma",True,True,,256,128,sh14l07002s1404,3.11.9,2.1.2+cu121
20260424_010536,2026-04-24T06:14:09.881131,cpu,full_mlp_capacity_search_hd128_depth2,/home/liangyi/SRS_AI/Model_AIIC_refactor/experiments_refactored/20260422_050408_full_mlp_capacity_search_v2/full_mlp_capacity_search_hd128_depth2,full_mlp_capacity_search_v2,full_mlp_capacity_search_hd128_depth2,supervised_nmse_plateau,full_mlp,12,6,compile,bf16,bfloat16,32,2,ok,,514.542594,20,50,0.05288502,0.0033901238472362626,0.048157,0.051917,0.0577865,0.0581514,0.06323383999999999,0.064647,605086.2796307915,605.0862796307915,51.916999999999994,1.6224062499999998,302543.13981539576,3600,3456,7128,sub-physical,0.015625,0.0078125,Intel(R) Xeon(R) 6760P,AVX512,"avx2,avx512f,avx512bw,avx512vl,avx512_vnni,avx512_bf16,amx_bf16,amx_int8,amx_tile,fma",True,True,,256,128,sh14l07002s1404,3.11.9,2.1.2+cu121
20260424_010536,2026-04-24T06:14:09.881131,cpu,full_mlp_capacity_search_hd128_depth2,/home/liangyi/SRS_AI/Model_AIIC_refactor/experiments_refactored/20260422_050408_full_mlp_capacity_search_v2/full_mlp_capacity_search_hd128_depth2,full_mlp_capacity_search_v2,full_mlp_capacity_search_hd128_depth2,supervised_nmse_plateau,full_mlp,12,6,compile,bf16,bfloat16,32,4,ok,,513.128198,20,50,0.062342260000000004,0.0028203432543575263,0.057325,0.0621525,0.06671160000000001,0.06722295,0.06943523,0.071137,513295.47565327276,513.2954756532728,62.152499999999996,1.9422656249999999,128323.86891331819,3600,3456,7128,sub-physical,0.03125,0.015625,Intel(R) Xeon(R) 6760P,AVX512,"avx2,avx512f,avx512bw,avx512vl,avx512_vnni,avx512_bf16,amx_bf16,amx_int8,amx_tile,fma",True,True,,256,128,sh14l07002s1404,3.11.9,2.1.2+cu121
20260424_010536,2026-04-24T06:14:09.881131,cpu,full_mlp_capacity_search_hd128_depth2,/home/liangyi/SRS_AI/Model_AIIC_refactor/experiments_refactored/20260422_050408_full_mlp_capacity_search_v2/full_mlp_capacity_search_hd128_depth2,full_mlp_capacity_search_v2,full_mlp_capacity_search_hd128_depth2,supervised_nmse_plateau,full_mlp,12,6,compile,bf16,bfloat16,32,8,ok,,513.056278,20,50,0.10371092,0.0503715993221736,0.074896,0.0784875,0.1985306,0.20764765,0.21912225,0.223079,308549.95790221513,308.5499579022151,78.4875,2.452734375,38568.74473777689,3600,3456,7128,sub-physical,0.0625,0.03125,Intel(R) Xeon(R) 6760P,AVX512,"avx2,avx512f,avx512bw,avx512vl,avx512_vnni,avx512_bf16,amx_bf16,amx_int8,amx_tile,fma",True,True,,256,128,sh14l07002s1404,3.11.9,2.1.2+cu121
20260424_010536,2026-04-24T06:14:09.881131,cpu,full_mlp_capacity_search_hd128_depth2,/home/liangyi/SRS_AI/Model_AIIC_refactor/experiments_refactored/20260422_050408_full_mlp_capacity_search_v2/full_mlp_capacity_search_hd128_depth2,full_mlp_capacity_search_v2,full_mlp_capacity_search_hd128_depth2,supervised_nmse_plateau,full_mlp,12,6,compile,bf16,bfloat16,32,128,ok,,534.70265,20,50,0.13980726,0.018951562818733447,0.123625,0.13230150000000002,0.1835137,0.18766255,0.1913377,0.192842,228886.53994077278,228.8865399407728,132.3015,4.134421875,1788.1760932872874,3600,3456,7128,all-physical,1.0,0.5,Intel(R) Xeon(R) 6760P,AVX512,"avx2,avx512f,avx512bw,avx512vl,avx512_vnni,avx512_bf16,amx_bf16,amx_int8,amx_tile,fma",True,True,,256,128,sh14l07002s1404,3.11.9,2.1.2+cu121
20260424_010536,2026-04-24T06:14:09.881131,cpu,full_mlp_capacity_search_hd128_depth2,/home/liangyi/SRS_AI/Model_AIIC_refactor/experiments_refactored/20260422_050408_full_mlp_capacity_search_v2/full_mlp_capacity_search_hd128_depth2,full_mlp_capacity_search_v2,full_mlp_capacity_search_hd128_depth2,supervised_nmse_plateau,full_mlp,12,6,compile,bf16,bfloat16,64,1,ok,,492.124086,20,50,0.05030122,0.0029671613726927623,0.045522,0.049488500000000005,0.053985700000000005,0.054822300000000004,0.05828244,0.058598,1272334.945355202,1272.334945355202,49.4885,0.7732578125,1272334.945355202,3600,3456,7128,single-thread,0.0078125,0.00390625,Intel(R) Xeon(R) 6760P,AVX512,"avx2,avx512f,avx512bw,avx512vl,avx512_vnni,avx512_bf16,amx_bf16,amx_int8,amx_tile,fma",True,True,,256,128,sh14l07002s1404,3.11.9,2.1.2+cu121
20260424_010536,2026-04-24T06:14:09.881131,cpu,full_mlp_capacity_search_hd128_depth2,/home/liangyi/SRS_AI/Model_AIIC_refactor/experiments_refactored/20260422_050408_full_mlp_capacity_search_v2/full_mlp_capacity_search_hd128_depth2,full_mlp_capacity_search_v2,full_mlp_capacity_search_hd128_depth2,supervised_nmse_plateau,full_mlp,12,6,compile,bf16,bfloat16,64,2,ok,,505.612179,20,50,0.06806758,0.0031684560157275343,0.059034,0.06761400000000001,0.0718981,0.07453055,0.07584845,0.076287,940242.0359295865,940.2420359295865,67.614,1.05646875,470121.01796479325,3600,3456,7128,sub-physical,0.015625,0.0078125,Intel(R) Xeon(R) 6760P,AVX512,"avx2,avx512f,avx512bw,avx512vl,avx512_vnni,avx512_bf16,amx_bf16,amx_int8,amx_tile,fma",True,True,,256,128,sh14l07002s1404,3.11.9,2.1.2+cu121
20260424_010536,2026-04-24T06:14:09.881131,cpu,full_mlp_capacity_search_hd128_depth2,/home/liangyi/SRS_AI/Model_AIIC_refactor/experiments_refactored/20260422_050408_full_mlp_capacity_search_v2/full_mlp_capacity_search_hd128_depth2,full_mlp_capacity_search_v2,full_mlp_capacity_search_hd128_depth2,supervised_nmse_plateau,full_mlp,12,6,compile,bf16,bfloat16,64,4,ok,,512.480569,20,50,0.07170802,0.031906234065141564,0.06125,0.0665145,0.0735601,0.07489715,0.18793039999999955,0.293398,892508.2577932008,892.5082577932008,66.5145,1.0392890625,223127.0644483002,3600,3456,7128,sub-physical,0.03125,0.015625,Intel(R) Xeon(R) 6760P,AVX512,"avx2,avx512f,avx512bw,avx512vl,avx512_vnni,avx512_bf16,amx_bf16,amx_int8,amx_tile,fma",True,True,,256,128,sh14l07002s1404,3.11.9,2.1.2+cu121
20260424_010536,2026-04-24T06:14:09.881131,cpu,full_mlp_capacity_search_hd128_depth2,/home/liangyi/SRS_AI/Model_AIIC_refactor/experiments_refactored/20260422_050408_full_mlp_capacity_search_v2/full_mlp_capacity_search_hd128_depth2,full_mlp_capacity_search_v2,full_mlp_capacity_search_hd128_depth2,supervised_nmse_plateau,full_mlp,12,6,compile,bf16,bfloat16,64,8,ok,,509.959884,20,50,0.06839908,0.003372511959000293,0.062129,0.0679245,0.07300229999999999,0.0737268,0.07574803999999999,0.077416,935685.0998580683,935.6850998580683,67.9245,1.0613203125,116960.63748225853,3600,3456,7128,sub-physical,0.0625,0.03125,Intel(R) Xeon(R) 6760P,AVX512,"avx2,avx512f,avx512bw,avx512vl,avx512_vnni,avx512_bf16,amx_bf16,amx_int8,amx_tile,fma",True,True,,256,128,sh14l07002s1404,3.11.9,2.1.2+cu121
20260424_010536,2026-04-24T06:14:09.881131,cpu,full_mlp_capacity_search_hd128_depth2,/home/liangyi/SRS_AI/Model_AIIC_refactor/experiments_refactored/20260422_050408_full_mlp_capacity_search_v2/full_mlp_capacity_search_hd128_depth2,full_mlp_capacity_search_v2,full_mlp_capacity_search_hd128_depth2,supervised_nmse_plateau,full_mlp,12,6,compile,bf16,bfloat16,64,128,ok,,529.22841,20,50,0.14456804,0.01846452357355586,0.121895,0.1378575,0.1826238,0.1881552,0.19122816,0.191236,442698.1233196493,442.6981233196493,137.8575,2.1540234375,3458.5790884347603,3600,3456,7128,all-physical,1.0,0.5,Intel(R) Xeon(R) 6760P,AVX512,"avx2,avx512f,avx512bw,avx512vl,avx512_vnni,avx512_bf16,amx_bf16,amx_int8,amx_tile,fma",True,True,,256,128,sh14l07002s1404,3.11.9,2.1.2+cu121
20260424_010536,2026-04-24T06:14:09.881131,cpu,full_mlp_capacity_search_hd128_depth2,/home/liangyi/SRS_AI/Model_AIIC_refactor/experiments_refactored/20260422_050408_full_mlp_capacity_search_v2/full_mlp_capacity_search_hd128_depth2,full_mlp_capacity_search_v2,full_mlp_capacity_search_hd128_depth2,supervised_nmse_plateau,full_mlp,12,6,compile,bf16,bfloat16,128,1,ok,,527.293211,20,50,0.06070908,0.003505825830471332,0.055955,0.0597855,0.0647833,0.06846435,0.07135882,0.071399,2108416.0721921665,2108.4160721921667,59.7855,0.46707421875,2108416.0721921665,3600,3456,7128,single-thread,0.0078125,0.00390625,Intel(R) Xeon(R) 6760P,AVX512,"avx2,avx512f,avx512bw,avx512vl,avx512_vnni,avx512_bf16,amx_bf16,amx_int8,amx_tile,fma",True,True,,256,128,sh14l07002s1404,3.11.9,2.1.2+cu121
20260424_010536,2026-04-24T06:14:09.881131,cpu,full_mlp_capacity_search_hd128_depth2,/home/liangyi/SRS_AI/Model_AIIC_refactor/experiments_refactored/20260422_050408_full_mlp_capacity_search_v2/full_mlp_capacity_search_hd128_depth2,full_mlp_capacity_search_v2,full_mlp_capacity_search_hd128_depth2,supervised_nmse_plateau,full_mlp,12,6,compile,bf16,bfloat16,128,2,ok,,512.120619,20,50,0.08902742,0.007701713087592915,0.076384,0.088297,0.0969668,0.09830285,0.11451024999999995,0.124886,1437759.2880934884,1437.7592880934885,88.297,0.6898203125,718879.6440467442,3600,3456,7128,sub-physical,0.015625,0.0078125,Intel(R) Xeon(R) 6760P,AVX512,"avx2,avx512f,avx512bw,avx512vl,avx512_vnni,avx512_bf16,amx_bf16,amx_int8,amx_tile,fma",True,True,,256,128,sh14l07002s1404,3.11.9,2.1.2+cu121
20260424_010536,2026-04-24T06:14:09.881131,cpu,full_mlp_capacity_search_hd128_depth2,/home/liangyi/SRS_AI/Model_AIIC_refactor/experiments_refactored/20260422_050408_full_mlp_capacity_search_v2/full_mlp_capacity_search_hd128_depth2,full_mlp_capacity_search_v2,full_mlp_capacity_search_hd128_depth2,supervised_nmse_plateau,full_mlp,12,6,compile,bf16,bfloat16,128,4,ok,,507.527206,20,50,0.08777084,0.0478154974494086,0.069944,0.08163799999999999,0.08785720000000001,0.08848745,0.25805812999999933,0.420622,1458343.1125872785,1458.3431125872785,81.63799999999999,0.6377968749999999,364585.7781468196,3600,3456,7128,sub-physical,0.03125,0.015625,Intel(R) Xeon(R) 6760P,AVX512,"avx2,avx512f,avx512bw,avx512vl,avx512_vnni,avx512_bf16,amx_bf16,amx_int8,amx_tile,fma",True,True,,256,128,sh14l07002s1404,3.11.9,2.1.2+cu121
20260424_010536,2026-04-24T06:14:09.881131,cpu,full_mlp_capacity_search_hd128_depth2,/home/liangyi/SRS_AI/Model_AIIC_refactor/experiments_refactored/20260422_050408_full_mlp_capacity_search_v2/full_mlp_capacity_search_hd128_depth2,full_mlp_capacity_search_v2,full_mlp_capacity_search_hd128_depth2,supervised_nmse_plateau,full_mlp,12,6,compile,bf16,bfloat16,128,8,ok,,512.940595,20,50,0.07521122,0.0036515105328617085,0.069691,0.074095,0.08039700000000001,0.0826913,0.08480353,0.085099,1701873.7363919904,1701.8737363919904,74.095,0.5788671875,212734.2170489988,3600,3456,7128,sub-physical,0.0625,0.03125,Intel(R) Xeon(R) 6760P,AVX512,"avx2,avx512f,avx512bw,avx512vl,avx512_vnni,avx512_bf16,amx_bf16,amx_int8,amx_tile,fma",True,True,,256,128,sh14l07002s1404,3.11.9,2.1.2+cu121
20260424_010536,2026-04-24T06:14:09.881131,cpu,full_mlp_capacity_search_hd128_depth2,/home/liangyi/SRS_AI/Model_AIIC_refactor/experiments_refactored/20260422_050408_full_mlp_capacity_search_v2/full_mlp_capacity_search_hd128_depth2,full_mlp_capacity_search_v2,full_mlp_capacity_search_hd128_depth2,supervised_nmse_plateau,full_mlp,12,6,compile,bf16,bfloat16,128,128,ok,,530.593606,20,50,0.15591692,0.021607561002426903,0.1359,0.15036650000000001,0.1816576,0.1968537,0.2341772799999999,0.256976,820950.02902828,820.95002902828,150.3665,1.17473828125,6413.672101783438,3600,3456,7128,all-physical,1.0,0.5,Intel(R) Xeon(R) 6760P,AVX512,"avx2,avx512f,avx512bw,avx512vl,avx512_vnni,avx512_bf16,amx_bf16,amx_int8,amx_tile,fma",True,True,,256,128,sh14l07002s1404,3.11.9,2.1.2+cu121
