benchmark_id,timestamp,device,runtime_backend,run_name,run_dir,experiment_name,model_label,training_label,model_type,seq_len,num_ports,execution_mode,requested_precision_profile,effective_execution_dtype,batch_size,num_threads,status,skip_reason,graph_prep_time_ms,warmup_iters,measure_iters,mean_latency_ms,std_latency_ms,min_latency_ms,p50_latency_ms,p90_latency_ms,p95_latency_ms,p99_latency_ms,max_latency_ms,throughput_samples_per_sec,samples_per_ms,p50_latency_us,latency_per_sample_us,throughput_per_thread,trainable_parameters,macs_per_sample,flops_per_sample_estimate,thread_group,threads_per_physical_core_ratio,threads_per_logical_cpu_ratio,cpu_model_name,cpu_capability,cpu_flag_summary,mkldnn_available,mkldnn_enabled,onednn_version,onnxruntime_version,onnxruntime_providers,openvino_version,openvino_device,logical_cpu_count,physical_cpu_count,hostname,python_version,pytorch_version
20260428_010731,2026-04-28T07:06:35.249319,cpu,pytorch,separator1_grid_search_6ports_masked_hd32_depth3_stages2_share0,/home/liangyi/SRS_AI/Model_AIIC_refactor/experiments_refactored/20260427_072855_default_6port_separator1_masked_v2/separator1_grid_search_6ports_masked_hd32_depth3_stages2_share0,default_6port_separator1_masked_v2,separator1_grid_search_6ports_masked_hd32_depth3_stages2_share0,supervised_nmse_plateau,separator1,12,6,eager,fp32,float32,1,1,ok,,0.0,20,50,0.55376284,0.0222013238077012,0.543988,0.54875,0.5551904999999999,0.5623872,0.66085925,0.664326,1805.8272021286225,1.8058272021286226,548.75,548.75,1805.8272021286225,54048,52224,106776,single-thread,0.0078125,0.00390625,Intel(R) Xeon(R) 6760P,AVX512,"avx2,avx512f,avx512bw,avx512vl,avx512_vnni,avx512_bf16,amx_bf16,amx_int8,amx_tile,fma",True,True,,,,,,256,128,sh14l07002s1404,3.11.9,2.1.2+cu121
20260428_010731,2026-04-28T07:06:35.249319,cpu,pytorch,separator1_grid_search_6ports_masked_hd32_depth3_stages2_share0,/home/liangyi/SRS_AI/Model_AIIC_refactor/experiments_refactored/20260427_072855_default_6port_separator1_masked_v2/separator1_grid_search_6ports_masked_hd32_depth3_stages2_share0,default_6port_separator1_masked_v2,separator1_grid_search_6ports_masked_hd32_depth3_stages2_share0,supervised_nmse_plateau,separator1,12,6,eager,fp32,float32,1,2,ok,,0.0,20,50,0.54073958,0.0065417901039088655,0.532032,0.538919,0.5478249000000001,0.55455635,0.56066277,0.560774,1849.3190381957984,1.8493190381957985,538.919,538.919,924.6595190978992,54048,52224,106776,sub-physical,0.015625,0.0078125,Intel(R) Xeon(R) 6760P,AVX512,"avx2,avx512f,avx512bw,avx512vl,avx512_vnni,avx512_bf16,amx_bf16,amx_int8,amx_tile,fma",True,True,,,,,,256,128,sh14l07002s1404,3.11.9,2.1.2+cu121
20260428_010731,2026-04-28T07:06:35.249319,cpu,pytorch,separator1_grid_search_6ports_masked_hd32_depth3_stages2_share0,/home/liangyi/SRS_AI/Model_AIIC_refactor/experiments_refactored/20260427_072855_default_6port_separator1_masked_v2/separator1_grid_search_6ports_masked_hd32_depth3_stages2_share0,default_6port_separator1_masked_v2,separator1_grid_search_6ports_masked_hd32_depth3_stages2_share0,supervised_nmse_plateau,separator1,12,6,eager,fp32,float32,1,4,ok,,0.0,20,50,0.54478524,0.02449602700648414,0.52996,0.5385230000000001,0.5456451,0.5874628499999999,0.65116237,0.654782,1835.585707131126,1.835585707131126,538.5230000000001,538.5230000000001,458.8964267827815,54048,52224,106776,sub-physical,0.03125,0.015625,Intel(R) Xeon(R) 6760P,AVX512,"avx2,avx512f,avx512bw,avx512vl,avx512_vnni,avx512_bf16,amx_bf16,amx_int8,amx_tile,fma",True,True,,,,,,256,128,sh14l07002s1404,3.11.9,2.1.2+cu121
20260428_010731,2026-04-28T07:06:35.249319,cpu,pytorch,separator1_grid_search_6ports_masked_hd32_depth3_stages2_share0,/home/liangyi/SRS_AI/Model_AIIC_refactor/experiments_refactored/20260427_072855_default_6port_separator1_masked_v2/separator1_grid_search_6ports_masked_hd32_depth3_stages2_share0,default_6port_separator1_masked_v2,separator1_grid_search_6ports_masked_hd32_depth3_stages2_share0,supervised_nmse_plateau,separator1,12,6,eager,fp32,float32,1,8,ok,,0.0,20,50,0.56439214,0.035663572907385484,0.539221,0.5503020000000001,0.6333994000000001,0.65647475,0.65963831,0.660315,1771.817729424793,1.771817729424793,550.302,550.302,221.47721617809913,54048,52224,106776,sub-physical,0.0625,0.03125,Intel(R) Xeon(R) 6760P,AVX512,"avx2,avx512f,avx512bw,avx512vl,avx512_vnni,avx512_bf16,amx_bf16,amx_int8,amx_tile,fma",True,True,,,,,,256,128,sh14l07002s1404,3.11.9,2.1.2+cu121
20260428_010731,2026-04-28T07:06:35.249319,cpu,pytorch,separator1_grid_search_6ports_masked_hd32_depth3_stages2_share0,/home/liangyi/SRS_AI/Model_AIIC_refactor/experiments_refactored/20260427_072855_default_6port_separator1_masked_v2/separator1_grid_search_6ports_masked_hd32_depth3_stages2_share0,default_6port_separator1_masked_v2,separator1_grid_search_6ports_masked_hd32_depth3_stages2_share0,supervised_nmse_plateau,separator1,12,6,eager,fp32,float32,2,1,ok,,0.0,20,50,0.60585326,0.02663067883761884,0.589135,0.5971770000000001,0.6218711,0.68372515,0.68654746,0.688677,3301.1293856865605,3.3011293856865604,597.177,298.5885,3301.1293856865605,54048,52224,106776,single-thread,0.0078125,0.00390625,Intel(R) Xeon(R) 6760P,AVX512,"avx2,avx512f,avx512bw,avx512vl,avx512_vnni,avx512_bf16,amx_bf16,amx_int8,amx_tile,fma",True,True,,,,,,256,128,sh14l07002s1404,3.11.9,2.1.2+cu121
20260428_010731,2026-04-28T07:06:35.249319,cpu,pytorch,separator1_grid_search_6ports_masked_hd32_depth3_stages2_share0,/home/liangyi/SRS_AI/Model_AIIC_refactor/experiments_refactored/20260427_072855_default_6port_separator1_masked_v2/separator1_grid_search_6ports_masked_hd32_depth3_stages2_share0,default_6port_separator1_masked_v2,separator1_grid_search_6ports_masked_hd32_depth3_stages2_share0,supervised_nmse_plateau,separator1,12,6,eager,fp32,float32,2,2,ok,,0.0,20,50,0.59562078,0.028035722150349544,0.57676,0.585852,0.6087921000000001,0.67708375,0.68490505,0.688509,3357.841208965208,3.357841208965208,585.8520000000001,292.92600000000004,1678.920604482604,54048,52224,106776,sub-physical,0.015625,0.0078125,Intel(R) Xeon(R) 6760P,AVX512,"avx2,avx512f,avx512bw,avx512vl,avx512_vnni,avx512_bf16,amx_bf16,amx_int8,amx_tile,fma",True,True,,,,,,256,128,sh14l07002s1404,3.11.9,2.1.2+cu121
20260428_010731,2026-04-28T07:06:35.249319,cpu,pytorch,separator1_grid_search_6ports_masked_hd32_depth3_stages2_share0,/home/liangyi/SRS_AI/Model_AIIC_refactor/experiments_refactored/20260427_072855_default_6port_separator1_masked_v2/separator1_grid_search_6ports_masked_hd32_depth3_stages2_share0,default_6port_separator1_masked_v2,separator1_grid_search_6ports_masked_hd32_depth3_stages2_share0,supervised_nmse_plateau,separator1,12,6,eager,fp32,float32,2,4,ok,,0.0,20,50,0.59890524,0.020320723045757997,0.585384,0.5938965,0.6029047,0.6379557499999998,0.68360825,0.685213,3339.426450835528,3.339426450835528,593.8965000000001,296.94825000000003,834.856612708882,54048,52224,106776,sub-physical,0.03125,0.015625,Intel(R) Xeon(R) 6760P,AVX512,"avx2,avx512f,avx512bw,avx512vl,avx512_vnni,avx512_bf16,amx_bf16,amx_int8,amx_tile,fma",True,True,,,,,,256,128,sh14l07002s1404,3.11.9,2.1.2+cu121
20260428_010731,2026-04-28T07:06:35.249319,cpu,pytorch,separator1_grid_search_6ports_masked_hd32_depth3_stages2_share0,/home/liangyi/SRS_AI/Model_AIIC_refactor/experiments_refactored/20260427_072855_default_6port_separator1_masked_v2/separator1_grid_search_6ports_masked_hd32_depth3_stages2_share0,default_6port_separator1_masked_v2,separator1_grid_search_6ports_masked_hd32_depth3_stages2_share0,supervised_nmse_plateau,separator1,12,6,eager,fp32,float32,2,8,ok,,0.0,20,50,0.60666602,0.025576801249953054,0.590836,0.597279,0.6626027999999999,0.6732833,0.6859212,0.688675,3296.7068107753917,3.2967068107753916,597.279,298.6395,412.08835134692396,54048,52224,106776,sub-physical,0.0625,0.03125,Intel(R) Xeon(R) 6760P,AVX512,"avx2,avx512f,avx512bw,avx512vl,avx512_vnni,avx512_bf16,amx_bf16,amx_int8,amx_tile,fma",True,True,,,,,,256,128,sh14l07002s1404,3.11.9,2.1.2+cu121
20260428_010731,2026-04-28T07:06:35.249319,cpu,pytorch,separator1_grid_search_6ports_masked_hd32_depth3_stages2_share0,/home/liangyi/SRS_AI/Model_AIIC_refactor/experiments_refactored/20260427_072855_default_6port_separator1_masked_v2/separator1_grid_search_6ports_masked_hd32_depth3_stages2_share0,default_6port_separator1_masked_v2,separator1_grid_search_6ports_masked_hd32_depth3_stages2_share0,supervised_nmse_plateau,separator1,12,6,eager,fp32,float32,4,1,ok,,0.0,20,50,0.58179788,0.02161974906851604,0.570968,0.5756895,0.5837296,0.6204270999999999,0.67604113,0.676807,6875.239902902363,6.875239902902362,575.6895,143.922375,6875.239902902363,54048,52224,106776,single-thread,0.0078125,0.00390625,Intel(R) Xeon(R) 6760P,AVX512,"avx2,avx512f,avx512bw,avx512vl,avx512_vnni,avx512_bf16,amx_bf16,amx_int8,amx_tile,fma",True,True,,,,,,256,128,sh14l07002s1404,3.11.9,2.1.2+cu121
20260428_010731,2026-04-28T07:06:35.249319,cpu,pytorch,separator1_grid_search_6ports_masked_hd32_depth3_stages2_share0,/home/liangyi/SRS_AI/Model_AIIC_refactor/experiments_refactored/20260427_072855_default_6port_separator1_masked_v2/separator1_grid_search_6ports_masked_hd32_depth3_stages2_share0,default_6port_separator1_masked_v2,separator1_grid_search_6ports_masked_hd32_depth3_stages2_share0,supervised_nmse_plateau,separator1,12,6,eager,fp32,float32,4,2,ok,,0.0,20,50,0.6068228,0.022172419977079635,0.591146,0.6007215,0.6092763,0.6554310999999998,0.69458799,0.699365,6591.710133501906,6.591710133501906,600.7215,150.180375,3295.855066750953,54048,52224,106776,sub-physical,0.015625,0.0078125,Intel(R) Xeon(R) 6760P,AVX512,"avx2,avx512f,avx512bw,avx512vl,avx512_vnni,avx512_bf16,amx_bf16,amx_int8,amx_tile,fma",True,True,,,,,,256,128,sh14l07002s1404,3.11.9,2.1.2+cu121
20260428_010731,2026-04-28T07:06:35.249319,cpu,pytorch,separator1_grid_search_6ports_masked_hd32_depth3_stages2_share0,/home/liangyi/SRS_AI/Model_AIIC_refactor/experiments_refactored/20260427_072855_default_6port_separator1_masked_v2/separator1_grid_search_6ports_masked_hd32_depth3_stages2_share0,default_6port_separator1_masked_v2,separator1_grid_search_6ports_masked_hd32_depth3_stages2_share0,supervised_nmse_plateau,separator1,12,6,eager,fp32,float32,4,4,ok,,0.0,20,50,0.6076148,0.014487306383175578,0.595749,0.605083,0.6140573,0.61662785,0.6612090099999999,0.700434,6583.1181202301195,6.58311812023012,605.0830000000001,151.27075000000002,1645.7795300575299,54048,52224,106776,sub-physical,0.03125,0.015625,Intel(R) Xeon(R) 6760P,AVX512,"avx2,avx512f,avx512bw,avx512vl,avx512_vnni,avx512_bf16,amx_bf16,amx_int8,amx_tile,fma",True,True,,,,,,256,128,sh14l07002s1404,3.11.9,2.1.2+cu121
20260428_010731,2026-04-28T07:06:35.249319,cpu,pytorch,separator1_grid_search_6ports_masked_hd32_depth3_stages2_share0,/home/liangyi/SRS_AI/Model_AIIC_refactor/experiments_refactored/20260427_072855_default_6port_separator1_masked_v2/separator1_grid_search_6ports_masked_hd32_depth3_stages2_share0,default_6port_separator1_masked_v2,separator1_grid_search_6ports_masked_hd32_depth3_stages2_share0,supervised_nmse_plateau,separator1,12,6,eager,fp32,float32,4,8,ok,,0.0,20,50,0.58588206,0.019648224594003408,0.5737,0.5812295000000001,0.5891946,0.60837795,0.67573978,0.677297,6827.312650604116,6.827312650604116,581.2295,145.307375,853.4140813255145,54048,52224,106776,sub-physical,0.0625,0.03125,Intel(R) Xeon(R) 6760P,AVX512,"avx2,avx512f,avx512bw,avx512vl,avx512_vnni,avx512_bf16,amx_bf16,amx_int8,amx_tile,fma",True,True,,,,,,256,128,sh14l07002s1404,3.11.9,2.1.2+cu121
20260428_010731,2026-04-28T07:06:35.249319,cpu,pytorch,separator1_grid_search_6ports_masked_hd32_depth3_stages2_share0,/home/liangyi/SRS_AI/Model_AIIC_refactor/experiments_refactored/20260427_072855_default_6port_separator1_masked_v2/separator1_grid_search_6ports_masked_hd32_depth3_stages2_share0,default_6port_separator1_masked_v2,separator1_grid_search_6ports_masked_hd32_depth3_stages2_share0,supervised_nmse_plateau,separator1,12,6,eager,fp32,float32,8,1,ok,,0.0,20,50,0.60938916,0.020888795329898752,0.594582,0.6027279999999999,0.6176634,0.62786475,0.7050509699999999,0.707132,13127.900076200896,13.127900076200897,602.728,75.341,13127.900076200896,54048,52224,106776,single-thread,0.0078125,0.00390625,Intel(R) Xeon(R) 6760P,AVX512,"avx2,avx512f,avx512bw,avx512vl,avx512_vnni,avx512_bf16,amx_bf16,amx_int8,amx_tile,fma",True,True,,,,,,256,128,sh14l07002s1404,3.11.9,2.1.2+cu121
20260428_010731,2026-04-28T07:06:35.249319,cpu,pytorch,separator1_grid_search_6ports_masked_hd32_depth3_stages2_share0,/home/liangyi/SRS_AI/Model_AIIC_refactor/experiments_refactored/20260427_072855_default_6port_separator1_masked_v2/separator1_grid_search_6ports_masked_hd32_depth3_stages2_share0,default_6port_separator1_masked_v2,separator1_grid_search_6ports_masked_hd32_depth3_stages2_share0,supervised_nmse_plateau,separator1,12,6,eager,fp32,float32,8,2,ok,,0.0,20,50,0.59804796,0.025851927490970573,0.582715,0.590838,0.6012465,0.6746500999999999,0.6928869,0.694254,13376.853588799131,13.376853588799131,590.838,73.85475,6688.426794399566,54048,52224,106776,sub-physical,0.015625,0.0078125,Intel(R) Xeon(R) 6760P,AVX512,"avx2,avx512f,avx512bw,avx512vl,avx512_vnni,avx512_bf16,amx_bf16,amx_int8,amx_tile,fma",True,True,,,,,,256,128,sh14l07002s1404,3.11.9,2.1.2+cu121
20260428_010731,2026-04-28T07:06:35.249319,cpu,pytorch,separator1_grid_search_6ports_masked_hd32_depth3_stages2_share0,/home/liangyi/SRS_AI/Model_AIIC_refactor/experiments_refactored/20260427_072855_default_6port_separator1_masked_v2/separator1_grid_search_6ports_masked_hd32_depth3_stages2_share0,default_6port_separator1_masked_v2,separator1_grid_search_6ports_masked_hd32_depth3_stages2_share0,supervised_nmse_plateau,separator1,12,6,eager,fp32,float32,8,4,ok,,0.0,20,50,0.60469218,0.028885680115718234,0.590018,0.593994,0.6253298,0.69453875,0.70067348,0.702314,13229.871767152668,13.229871767152668,593.994,74.24925,3307.467941788167,54048,52224,106776,sub-physical,0.03125,0.015625,Intel(R) Xeon(R) 6760P,AVX512,"avx2,avx512f,avx512bw,avx512vl,avx512_vnni,avx512_bf16,amx_bf16,amx_int8,amx_tile,fma",True,True,,,,,,256,128,sh14l07002s1404,3.11.9,2.1.2+cu121
20260428_010731,2026-04-28T07:06:35.249319,cpu,pytorch,separator1_grid_search_6ports_masked_hd32_depth3_stages2_share0,/home/liangyi/SRS_AI/Model_AIIC_refactor/experiments_refactored/20260427_072855_default_6port_separator1_masked_v2/separator1_grid_search_6ports_masked_hd32_depth3_stages2_share0,default_6port_separator1_masked_v2,separator1_grid_search_6ports_masked_hd32_depth3_stages2_share0,supervised_nmse_plateau,separator1,12,6,eager,fp32,float32,8,8,ok,,0.0,20,50,0.60627852,0.02459778541758587,0.589775,0.5980985,0.6197993,0.6637538,0.70192845,0.70418,13195.255540308437,13.195255540308438,598.0985,74.7623125,1649.4069425385546,54048,52224,106776,sub-physical,0.0625,0.03125,Intel(R) Xeon(R) 6760P,AVX512,"avx2,avx512f,avx512bw,avx512vl,avx512_vnni,avx512_bf16,amx_bf16,amx_int8,amx_tile,fma",True,True,,,,,,256,128,sh14l07002s1404,3.11.9,2.1.2+cu121
20260428_010731,2026-04-28T07:06:35.249319,cpu,pytorch,separator1_grid_search_6ports_masked_hd32_depth3_stages2_share0,/home/liangyi/SRS_AI/Model_AIIC_refactor/experiments_refactored/20260427_072855_default_6port_separator1_masked_v2/separator1_grid_search_6ports_masked_hd32_depth3_stages2_share0,default_6port_separator1_masked_v2,separator1_grid_search_6ports_masked_hd32_depth3_stages2_share0,supervised_nmse_plateau,separator1,12,6,eager,fp32,float32,16,1,ok,,0.0,20,50,0.63183102,0.014140235478223129,0.619426,0.6277395,0.6407413,0.65136545,0.69218541,0.697473,25323.22645380722,25.32322645380722,627.7395,39.23371875,25323.22645380722,54048,52224,106776,single-thread,0.0078125,0.00390625,Intel(R) Xeon(R) 6760P,AVX512,"avx2,avx512f,avx512bw,avx512vl,avx512_vnni,avx512_bf16,amx_bf16,amx_int8,amx_tile,fma",True,True,,,,,,256,128,sh14l07002s1404,3.11.9,2.1.2+cu121
20260428_010731,2026-04-28T07:06:35.249319,cpu,pytorch,separator1_grid_search_6ports_masked_hd32_depth3_stages2_share0,/home/liangyi/SRS_AI/Model_AIIC_refactor/experiments_refactored/20260427_072855_default_6port_separator1_masked_v2/separator1_grid_search_6ports_masked_hd32_depth3_stages2_share0,default_6port_separator1_masked_v2,separator1_grid_search_6ports_masked_hd32_depth3_stages2_share0,supervised_nmse_plateau,separator1,12,6,eager,fp32,float32,16,2,ok,,0.0,20,50,0.62715062,0.03456936586279245,0.603269,0.6137825,0.6779743,0.7208222,0.7361247599999999,0.74459,25512.21268026491,25.51221268026491,613.7825,38.36140625,12756.106340132455,54048,52224,106776,sub-physical,0.015625,0.0078125,Intel(R) Xeon(R) 6760P,AVX512,"avx2,avx512f,avx512bw,avx512vl,avx512_vnni,avx512_bf16,amx_bf16,amx_int8,amx_tile,fma",True,True,,,,,,256,128,sh14l07002s1404,3.11.9,2.1.2+cu121
20260428_010731,2026-04-28T07:06:35.249319,cpu,pytorch,separator1_grid_search_6ports_masked_hd32_depth3_stages2_share0,/home/liangyi/SRS_AI/Model_AIIC_refactor/experiments_refactored/20260427_072855_default_6port_separator1_masked_v2/separator1_grid_search_6ports_masked_hd32_depth3_stages2_share0,default_6port_separator1_masked_v2,separator1_grid_search_6ports_masked_hd32_depth3_stages2_share0,supervised_nmse_plateau,separator1,12,6,eager,fp32,float32,16,4,ok,,0.0,20,50,0.63780142,0.02316585323625271,0.618874,0.6313770000000001,0.6473249999999999,0.6832360999999999,0.7330051,0.743349,25086.178077182707,25.08617807718271,631.3770000000001,39.461062500000004,6271.544519295677,54048,52224,106776,sub-physical,0.03125,0.015625,Intel(R) Xeon(R) 6760P,AVX512,"avx2,avx512f,avx512bw,avx512vl,avx512_vnni,avx512_bf16,amx_bf16,amx_int8,amx_tile,fma",True,True,,,,,,256,128,sh14l07002s1404,3.11.9,2.1.2+cu121
20260428_010731,2026-04-28T07:06:35.249319,cpu,pytorch,separator1_grid_search_6ports_masked_hd32_depth3_stages2_share0,/home/liangyi/SRS_AI/Model_AIIC_refactor/experiments_refactored/20260427_072855_default_6port_separator1_masked_v2/separator1_grid_search_6ports_masked_hd32_depth3_stages2_share0,default_6port_separator1_masked_v2,separator1_grid_search_6ports_masked_hd32_depth3_stages2_share0,supervised_nmse_plateau,separator1,12,6,eager,fp32,float32,16,8,ok,,0.0,20,50,0.643927,0.01694072584041192,0.629829,0.6407535,0.6514148000000001,0.65995425,0.7086374199999999,0.751631,24847.537065536933,24.847537065536933,640.7535,40.04709375,3105.9421331921167,54048,52224,106776,sub-physical,0.0625,0.03125,Intel(R) Xeon(R) 6760P,AVX512,"avx2,avx512f,avx512bw,avx512vl,avx512_vnni,avx512_bf16,amx_bf16,amx_int8,amx_tile,fma",True,True,,,,,,256,128,sh14l07002s1404,3.11.9,2.1.2+cu121
20260428_010731,2026-04-28T07:06:35.249319,cpu,pytorch,separator1_grid_search_6ports_masked_hd32_depth3_stages2_share0,/home/liangyi/SRS_AI/Model_AIIC_refactor/experiments_refactored/20260427_072855_default_6port_separator1_masked_v2/separator1_grid_search_6ports_masked_hd32_depth3_stages2_share0,default_6port_separator1_masked_v2,separator1_grid_search_6ports_masked_hd32_depth3_stages2_share0,supervised_nmse_plateau,separator1,12,6,eager,fp32,float32,32,1,ok,,0.0,20,50,0.6542203,0.006336768508474952,0.64266,0.6522190000000001,0.6637067,0.66656335,0.66973832,0.670391,48913.18719397733,48.91318719397733,652.219,20.38184375,48913.18719397733,54048,52224,106776,single-thread,0.0078125,0.00390625,Intel(R) Xeon(R) 6760P,AVX512,"avx2,avx512f,avx512bw,avx512vl,avx512_vnni,avx512_bf16,amx_bf16,amx_int8,amx_tile,fma",True,True,,,,,,256,128,sh14l07002s1404,3.11.9,2.1.2+cu121
20260428_010731,2026-04-28T07:06:35.249319,cpu,pytorch,separator1_grid_search_6ports_masked_hd32_depth3_stages2_share0,/home/liangyi/SRS_AI/Model_AIIC_refactor/experiments_refactored/20260427_072855_default_6port_separator1_masked_v2/separator1_grid_search_6ports_masked_hd32_depth3_stages2_share0,default_6port_separator1_masked_v2,separator1_grid_search_6ports_masked_hd32_depth3_stages2_share0,supervised_nmse_plateau,separator1,12,6,eager,fp32,float32,32,2,ok,,0.0,20,50,0.63874436,0.0072805109896490125,0.628985,0.6373610000000001,0.6516685999999999,0.65414715,0.6582608600000001,0.659724,50098.28971327434,50.09828971327434,637.3610000000001,19.917531250000003,25049.14485663717,54048,52224,106776,sub-physical,0.015625,0.0078125,Intel(R) Xeon(R) 6760P,AVX512,"avx2,avx512f,avx512bw,avx512vl,avx512_vnni,avx512_bf16,amx_bf16,amx_int8,amx_tile,fma",True,True,,,,,,256,128,sh14l07002s1404,3.11.9,2.1.2+cu121
20260428_010731,2026-04-28T07:06:35.249319,cpu,pytorch,separator1_grid_search_6ports_masked_hd32_depth3_stages2_share0,/home/liangyi/SRS_AI/Model_AIIC_refactor/experiments_refactored/20260427_072855_default_6port_separator1_masked_v2/separator1_grid_search_6ports_masked_hd32_depth3_stages2_share0,default_6port_separator1_masked_v2,separator1_grid_search_6ports_masked_hd32_depth3_stages2_share0,supervised_nmse_plateau,separator1,12,6,eager,fp32,float32,32,4,ok,,0.0,20,50,0.6463021,0.008390389588690143,0.635185,0.644369,0.6603103,0.66400485,0.66823002,0.671269,49512.44936385012,49.51244936385012,644.3689999999999,20.136531249999997,12378.11234096253,54048,52224,106776,sub-physical,0.03125,0.015625,Intel(R) Xeon(R) 6760P,AVX512,"avx2,avx512f,avx512bw,avx512vl,avx512_vnni,avx512_bf16,amx_bf16,amx_int8,amx_tile,fma",True,True,,,,,,256,128,sh14l07002s1404,3.11.9,2.1.2+cu121
20260428_010731,2026-04-28T07:06:35.249319,cpu,pytorch,separator1_grid_search_6ports_masked_hd32_depth3_stages2_share0,/home/liangyi/SRS_AI/Model_AIIC_refactor/experiments_refactored/20260427_072855_default_6port_separator1_masked_v2/separator1_grid_search_6ports_masked_hd32_depth3_stages2_share0,default_6port_separator1_masked_v2,separator1_grid_search_6ports_masked_hd32_depth3_stages2_share0,supervised_nmse_plateau,separator1,12,6,eager,fp32,float32,32,8,ok,,0.0,20,50,0.67636546,0.007352715537024398,0.665341,0.674939,0.6886327,0.68953595,0.69134626,0.691408,47311.70039345297,47.31170039345297,674.939,21.09184375,5913.962549181621,54048,52224,106776,sub-physical,0.0625,0.03125,Intel(R) Xeon(R) 6760P,AVX512,"avx2,avx512f,avx512bw,avx512vl,avx512_vnni,avx512_bf16,amx_bf16,amx_int8,amx_tile,fma",True,True,,,,,,256,128,sh14l07002s1404,3.11.9,2.1.2+cu121
20260428_010731,2026-04-28T07:06:35.249319,cpu,pytorch,separator1_grid_search_6ports_masked_hd32_depth3_stages2_share0,/home/liangyi/SRS_AI/Model_AIIC_refactor/experiments_refactored/20260427_072855_default_6port_separator1_masked_v2/separator1_grid_search_6ports_masked_hd32_depth3_stages2_share0,default_6port_separator1_masked_v2,separator1_grid_search_6ports_masked_hd32_depth3_stages2_share0,supervised_nmse_plateau,separator1,12,6,eager,fp32,float32,64,1,ok,,0.0,20,50,0.7128045,0.012154228769033429,0.697316,0.708825,0.729928,0.7399808,0.7485112899999999,0.752666,89786.18962141793,89.78618962141793,708.825,11.075390625,89786.18962141793,54048,52224,106776,single-thread,0.0078125,0.00390625,Intel(R) Xeon(R) 6760P,AVX512,"avx2,avx512f,avx512bw,avx512vl,avx512_vnni,avx512_bf16,amx_bf16,amx_int8,amx_tile,fma",True,True,,,,,,256,128,sh14l07002s1404,3.11.9,2.1.2+cu121
20260428_010731,2026-04-28T07:06:35.249319,cpu,pytorch,separator1_grid_search_6ports_masked_hd32_depth3_stages2_share0,/home/liangyi/SRS_AI/Model_AIIC_refactor/experiments_refactored/20260427_072855_default_6port_separator1_masked_v2/separator1_grid_search_6ports_masked_hd32_depth3_stages2_share0,default_6port_separator1_masked_v2,separator1_grid_search_6ports_masked_hd32_depth3_stages2_share0,supervised_nmse_plateau,separator1,12,6,eager,fp32,float32,64,2,ok,,0.0,20,50,0.70150416,0.011308392473486232,0.6863,0.698553,0.7171199,0.7294111,0.73555658,0.740191,91232.53096603161,91.23253096603162,698.553,10.914890625,45616.265483015806,54048,52224,106776,sub-physical,0.015625,0.0078125,Intel(R) Xeon(R) 6760P,AVX512,"avx2,avx512f,avx512bw,avx512vl,avx512_vnni,avx512_bf16,amx_bf16,amx_int8,amx_tile,fma",True,True,,,,,,256,128,sh14l07002s1404,3.11.9,2.1.2+cu121
20260428_010731,2026-04-28T07:06:35.249319,cpu,pytorch,separator1_grid_search_6ports_masked_hd32_depth3_stages2_share0,/home/liangyi/SRS_AI/Model_AIIC_refactor/experiments_refactored/20260427_072855_default_6port_separator1_masked_v2/separator1_grid_search_6ports_masked_hd32_depth3_stages2_share0,default_6port_separator1_masked_v2,separator1_grid_search_6ports_masked_hd32_depth3_stages2_share0,supervised_nmse_plateau,separator1,12,6,eager,fp32,float32,64,4,ok,,0.0,20,50,0.71244422,0.01024292852125797,0.698602,0.7095205,0.7251612,0.736207,0.7418895,0.743237,89831.5941141329,89.8315941141329,709.5205,11.0862578125,22457.898528533224,54048,52224,106776,sub-physical,0.03125,0.015625,Intel(R) Xeon(R) 6760P,AVX512,"avx2,avx512f,avx512bw,avx512vl,avx512_vnni,avx512_bf16,amx_bf16,amx_int8,amx_tile,fma",True,True,,,,,,256,128,sh14l07002s1404,3.11.9,2.1.2+cu121
20260428_010731,2026-04-28T07:06:35.249319,cpu,pytorch,separator1_grid_search_6ports_masked_hd32_depth3_stages2_share0,/home/liangyi/SRS_AI/Model_AIIC_refactor/experiments_refactored/20260427_072855_default_6port_separator1_masked_v2/separator1_grid_search_6ports_masked_hd32_depth3_stages2_share0,default_6port_separator1_masked_v2,separator1_grid_search_6ports_masked_hd32_depth3_stages2_share0,supervised_nmse_plateau,separator1,12,6,eager,fp32,float32,64,8,ok,,0.0,20,50,0.72015932,0.008470718393241507,0.70666,0.7177495,0.7317853000000001,0.7386447,0.74636945,0.74671,88869.22410446621,88.86922410446621,717.7495,11.2148359375,11108.653013058276,54048,52224,106776,sub-physical,0.0625,0.03125,Intel(R) Xeon(R) 6760P,AVX512,"avx2,avx512f,avx512bw,avx512vl,avx512_vnni,avx512_bf16,amx_bf16,amx_int8,amx_tile,fma",True,True,,,,,,256,128,sh14l07002s1404,3.11.9,2.1.2+cu121
20260428_010731,2026-04-28T07:06:35.249319,cpu,pytorch,separator1_grid_search_6ports_masked_hd32_depth3_stages2_share0,/home/liangyi/SRS_AI/Model_AIIC_refactor/experiments_refactored/20260427_072855_default_6port_separator1_masked_v2/separator1_grid_search_6ports_masked_hd32_depth3_stages2_share0,default_6port_separator1_masked_v2,separator1_grid_search_6ports_masked_hd32_depth3_stages2_share0,supervised_nmse_plateau,separator1,12,6,eager,fp32,float32,128,1,ok,,0.0,20,50,0.85857996,0.04648024580139824,0.832703,0.8446374999999999,0.872332,0.9626568499999995,1.04176216,1.042848,149083.37716151678,149.08337716151678,844.6374999999999,6.5987304687499995,149083.37716151678,54048,52224,106776,single-thread,0.0078125,0.00390625,Intel(R) Xeon(R) 6760P,AVX512,"avx2,avx512f,avx512bw,avx512vl,avx512_vnni,avx512_bf16,amx_bf16,amx_int8,amx_tile,fma",True,True,,,,,,256,128,sh14l07002s1404,3.11.9,2.1.2+cu121
20260428_010731,2026-04-28T07:06:35.249319,cpu,pytorch,separator1_grid_search_6ports_masked_hd32_depth3_stages2_share0,/home/liangyi/SRS_AI/Model_AIIC_refactor/experiments_refactored/20260427_072855_default_6port_separator1_masked_v2/separator1_grid_search_6ports_masked_hd32_depth3_stages2_share0,default_6port_separator1_masked_v2,separator1_grid_search_6ports_masked_hd32_depth3_stages2_share0,supervised_nmse_plateau,separator1,12,6,eager,fp32,float32,128,2,ok,,0.0,20,50,0.86689038,0.022335652017248128,0.843568,0.8618505,0.8841233000000001,0.89175635,0.9579458499999999,0.984276,147654.19360173313,147.65419360173314,861.8505,6.73320703125,73827.09680086657,54048,52224,106776,sub-physical,0.015625,0.0078125,Intel(R) Xeon(R) 6760P,AVX512,"avx2,avx512f,avx512bw,avx512vl,avx512_vnni,avx512_bf16,amx_bf16,amx_int8,amx_tile,fma",True,True,,,,,,256,128,sh14l07002s1404,3.11.9,2.1.2+cu121
20260428_010731,2026-04-28T07:06:35.249319,cpu,pytorch,separator1_grid_search_6ports_masked_hd32_depth3_stages2_share0,/home/liangyi/SRS_AI/Model_AIIC_refactor/experiments_refactored/20260427_072855_default_6port_separator1_masked_v2/separator1_grid_search_6ports_masked_hd32_depth3_stages2_share0,default_6port_separator1_masked_v2,separator1_grid_search_6ports_masked_hd32_depth3_stages2_share0,supervised_nmse_plateau,separator1,12,6,eager,fp32,float32,128,4,ok,,0.0,20,50,1.0292477,0.02332750798027941,1.006779,1.0168840000000001,1.0665766,1.07098685,1.08033318,1.083478,124362.67771110879,124.36267771110879,1016.8840000000001,7.944406250000001,31090.669427777197,54048,52224,106776,sub-physical,0.03125,0.015625,Intel(R) Xeon(R) 6760P,AVX512,"avx2,avx512f,avx512bw,avx512vl,avx512_vnni,avx512_bf16,amx_bf16,amx_int8,amx_tile,fma",True,True,,,,,,256,128,sh14l07002s1404,3.11.9,2.1.2+cu121
20260428_010731,2026-04-28T07:06:35.249319,cpu,pytorch,separator1_grid_search_6ports_masked_hd32_depth3_stages2_share0,/home/liangyi/SRS_AI/Model_AIIC_refactor/experiments_refactored/20260427_072855_default_6port_separator1_masked_v2/separator1_grid_search_6ports_masked_hd32_depth3_stages2_share0,default_6port_separator1_masked_v2,separator1_grid_search_6ports_masked_hd32_depth3_stages2_share0,supervised_nmse_plateau,separator1,12,6,eager,fp32,float32,128,8,ok,,0.0,20,50,0.85286484,0.011201197238438404,0.835279,0.850024,0.8667784000000001,0.8698675,0.8836317699999999,0.895748,150082.3975813096,150.0823975813096,850.024,6.6408125,18760.2996976637,54048,52224,106776,sub-physical,0.0625,0.03125,Intel(R) Xeon(R) 6760P,AVX512,"avx2,avx512f,avx512bw,avx512vl,avx512_vnni,avx512_bf16,amx_bf16,amx_int8,amx_tile,fma",True,True,,,,,,256,128,sh14l07002s1404,3.11.9,2.1.2+cu121
20260428_010731,2026-04-28T07:06:35.249319,cpu,pytorch,separator1_grid_search_6ports_masked_hd32_depth3_stages2_share0,/home/liangyi/SRS_AI/Model_AIIC_refactor/experiments_refactored/20260427_072855_default_6port_separator1_masked_v2/separator1_grid_search_6ports_masked_hd32_depth3_stages2_share0,default_6port_separator1_masked_v2,separator1_grid_search_6ports_masked_hd32_depth3_stages2_share0,supervised_nmse_plateau,separator1,12,6,eager,bf16,bfloat16,1,1,ok,,0.0,20,50,0.52747294,0.0032598365873767413,0.521551,0.5274865,0.5317995000000001,0.5322121,0.5336058100000001,0.534356,1895.83185063484,1.8958318506348402,527.4865,527.4865,1895.83185063484,54048,52224,106776,single-thread,0.0078125,0.00390625,Intel(R) Xeon(R) 6760P,AVX512,"avx2,avx512f,avx512bw,avx512vl,avx512_vnni,avx512_bf16,amx_bf16,amx_int8,amx_tile,fma",True,True,,,,,,256,128,sh14l07002s1404,3.11.9,2.1.2+cu121
20260428_010731,2026-04-28T07:06:35.249319,cpu,pytorch,separator1_grid_search_6ports_masked_hd32_depth3_stages2_share0,/home/liangyi/SRS_AI/Model_AIIC_refactor/experiments_refactored/20260427_072855_default_6port_separator1_masked_v2/separator1_grid_search_6ports_masked_hd32_depth3_stages2_share0,default_6port_separator1_masked_v2,separator1_grid_search_6ports_masked_hd32_depth3_stages2_share0,supervised_nmse_plateau,separator1,12,6,eager,bf16,bfloat16,1,2,ok,,0.0,20,50,0.53515606,0.0042135013915270015,0.527619,0.5341910000000001,0.542716,0.54366015,0.54538272,0.545565,1868.6138021122285,1.8686138021122285,534.191,534.191,934.3069010561143,54048,52224,106776,sub-physical,0.015625,0.0078125,Intel(R) Xeon(R) 6760P,AVX512,"avx2,avx512f,avx512bw,avx512vl,avx512_vnni,avx512_bf16,amx_bf16,amx_int8,amx_tile,fma",True,True,,,,,,256,128,sh14l07002s1404,3.11.9,2.1.2+cu121
20260428_010731,2026-04-28T07:06:35.249319,cpu,pytorch,separator1_grid_search_6ports_masked_hd32_depth3_stages2_share0,/home/liangyi/SRS_AI/Model_AIIC_refactor/experiments_refactored/20260427_072855_default_6port_separator1_masked_v2/separator1_grid_search_6ports_masked_hd32_depth3_stages2_share0,default_6port_separator1_masked_v2,separator1_grid_search_6ports_masked_hd32_depth3_stages2_share0,supervised_nmse_plateau,separator1,12,6,eager,bf16,bfloat16,1,4,ok,,0.0,20,50,0.5418766,0.004699827073414515,0.536119,0.540715,0.5470956,0.5508545,0.5581346,0.5613,1845.4386109309758,1.8454386109309757,540.7149999999999,540.7149999999999,461.35965273274394,54048,52224,106776,sub-physical,0.03125,0.015625,Intel(R) Xeon(R) 6760P,AVX512,"avx2,avx512f,avx512bw,avx512vl,avx512_vnni,avx512_bf16,amx_bf16,amx_int8,amx_tile,fma",True,True,,,,,,256,128,sh14l07002s1404,3.11.9,2.1.2+cu121
20260428_010731,2026-04-28T07:06:35.249319,cpu,pytorch,separator1_grid_search_6ports_masked_hd32_depth3_stages2_share0,/home/liangyi/SRS_AI/Model_AIIC_refactor/experiments_refactored/20260427_072855_default_6port_separator1_masked_v2/separator1_grid_search_6ports_masked_hd32_depth3_stages2_share0,default_6port_separator1_masked_v2,separator1_grid_search_6ports_masked_hd32_depth3_stages2_share0,supervised_nmse_plateau,separator1,12,6,eager,bf16,bfloat16,1,8,ok,,0.0,20,50,0.53118996,0.010204626597695778,0.523705,0.528727,0.5364228,0.5495302999999999,0.5724167299999999,0.584531,1882.5657021077732,1.882565702107773,528.727,528.727,235.32071276347165,54048,52224,106776,sub-physical,0.0625,0.03125,Intel(R) Xeon(R) 6760P,AVX512,"avx2,avx512f,avx512bw,avx512vl,avx512_vnni,avx512_bf16,amx_bf16,amx_int8,amx_tile,fma",True,True,,,,,,256,128,sh14l07002s1404,3.11.9,2.1.2+cu121
20260428_010731,2026-04-28T07:06:35.249319,cpu,pytorch,separator1_grid_search_6ports_masked_hd32_depth3_stages2_share0,/home/liangyi/SRS_AI/Model_AIIC_refactor/experiments_refactored/20260427_072855_default_6port_separator1_masked_v2/separator1_grid_search_6ports_masked_hd32_depth3_stages2_share0,default_6port_separator1_masked_v2,separator1_grid_search_6ports_masked_hd32_depth3_stages2_share0,supervised_nmse_plateau,separator1,12,6,eager,bf16,bfloat16,2,1,ok,,0.0,20,50,0.55943182,0.0037292152133659483,0.551819,0.558865,0.5635048,0.56566365,0.57103179,0.573349,3575.0558486287027,3.5750558486287027,558.8649999999999,279.43249999999995,3575.0558486287027,54048,52224,106776,single-thread,0.0078125,0.00390625,Intel(R) Xeon(R) 6760P,AVX512,"avx2,avx512f,avx512bw,avx512vl,avx512_vnni,avx512_bf16,amx_bf16,amx_int8,amx_tile,fma",True,True,,,,,,256,128,sh14l07002s1404,3.11.9,2.1.2+cu121
20260428_010731,2026-04-28T07:06:35.249319,cpu,pytorch,separator1_grid_search_6ports_masked_hd32_depth3_stages2_share0,/home/liangyi/SRS_AI/Model_AIIC_refactor/experiments_refactored/20260427_072855_default_6port_separator1_masked_v2/separator1_grid_search_6ports_masked_hd32_depth3_stages2_share0,default_6port_separator1_masked_v2,separator1_grid_search_6ports_masked_hd32_depth3_stages2_share0,supervised_nmse_plateau,separator1,12,6,eager,bf16,bfloat16,2,2,ok,,0.0,20,50,0.56417598,0.003528011204574042,0.556867,0.5639395,0.5685066,0.5713771,0.57192248,0.572191,3544.9931774833804,3.5449931774833803,563.9395000000001,281.96975000000003,1772.4965887416902,54048,52224,106776,sub-physical,0.015625,0.0078125,Intel(R) Xeon(R) 6760P,AVX512,"avx2,avx512f,avx512bw,avx512vl,avx512_vnni,avx512_bf16,amx_bf16,amx_int8,amx_tile,fma",True,True,,,,,,256,128,sh14l07002s1404,3.11.9,2.1.2+cu121
20260428_010731,2026-04-28T07:06:35.249319,cpu,pytorch,separator1_grid_search_6ports_masked_hd32_depth3_stages2_share0,/home/liangyi/SRS_AI/Model_AIIC_refactor/experiments_refactored/20260427_072855_default_6port_separator1_masked_v2/separator1_grid_search_6ports_masked_hd32_depth3_stages2_share0,default_6port_separator1_masked_v2,separator1_grid_search_6ports_masked_hd32_depth3_stages2_share0,supervised_nmse_plateau,separator1,12,6,eager,bf16,bfloat16,2,4,ok,,0.0,20,50,0.55835454,0.003736674164066236,0.551293,0.5584830000000001,0.5627301,0.56478835,0.5683970500000001,0.569992,3581.953502160115,3.581953502160115,558.4830000000001,279.24150000000003,895.4883755400288,54048,52224,106776,sub-physical,0.03125,0.015625,Intel(R) Xeon(R) 6760P,AVX512,"avx2,avx512f,avx512bw,avx512vl,avx512_vnni,avx512_bf16,amx_bf16,amx_int8,amx_tile,fma",True,True,,,,,,256,128,sh14l07002s1404,3.11.9,2.1.2+cu121
20260428_010731,2026-04-28T07:06:35.249319,cpu,pytorch,separator1_grid_search_6ports_masked_hd32_depth3_stages2_share0,/home/liangyi/SRS_AI/Model_AIIC_refactor/experiments_refactored/20260427_072855_default_6port_separator1_masked_v2/separator1_grid_search_6ports_masked_hd32_depth3_stages2_share0,default_6port_separator1_masked_v2,separator1_grid_search_6ports_masked_hd32_depth3_stages2_share0,supervised_nmse_plateau,separator1,12,6,eager,bf16,bfloat16,2,8,ok,,0.0,20,50,0.5704735400000001,0.004564783785503978,0.562354,0.569789,0.5745841,0.5793373,0.58520756,0.588273,3505.8593602781293,3.505859360278129,569.789,284.8945,438.23242003476616,54048,52224,106776,sub-physical,0.0625,0.03125,Intel(R) Xeon(R) 6760P,AVX512,"avx2,avx512f,avx512bw,avx512vl,avx512_vnni,avx512_bf16,amx_bf16,amx_int8,amx_tile,fma",True,True,,,,,,256,128,sh14l07002s1404,3.11.9,2.1.2+cu121
20260428_010731,2026-04-28T07:06:35.249319,cpu,pytorch,separator1_grid_search_6ports_masked_hd32_depth3_stages2_share0,/home/liangyi/SRS_AI/Model_AIIC_refactor/experiments_refactored/20260427_072855_default_6port_separator1_masked_v2/separator1_grid_search_6ports_masked_hd32_depth3_stages2_share0,default_6port_separator1_masked_v2,separator1_grid_search_6ports_masked_hd32_depth3_stages2_share0,supervised_nmse_plateau,separator1,12,6,eager,bf16,bfloat16,4,1,ok,,0.0,20,50,0.63047482,0.009112748778914088,0.620551,0.6292709999999999,0.6347969,0.6390163,0.6636806099999999,0.687108,6344.424667110417,6.344424667110418,629.271,157.31775,6344.424667110417,54048,52224,106776,single-thread,0.0078125,0.00390625,Intel(R) Xeon(R) 6760P,AVX512,"avx2,avx512f,avx512bw,avx512vl,avx512_vnni,avx512_bf16,amx_bf16,amx_int8,amx_tile,fma",True,True,,,,,,256,128,sh14l07002s1404,3.11.9,2.1.2+cu121
20260428_010731,2026-04-28T07:06:35.249319,cpu,pytorch,separator1_grid_search_6ports_masked_hd32_depth3_stages2_share0,/home/liangyi/SRS_AI/Model_AIIC_refactor/experiments_refactored/20260427_072855_default_6port_separator1_masked_v2/separator1_grid_search_6ports_masked_hd32_depth3_stages2_share0,default_6port_separator1_masked_v2,separator1_grid_search_6ports_masked_hd32_depth3_stages2_share0,supervised_nmse_plateau,separator1,12,6,eager,bf16,bfloat16,4,2,ok,,0.0,20,50,0.6245007,0.011096828206744487,0.617835,0.6231504999999999,0.6270362,0.62936075,0.6657612499999999,0.699265,6405.116919804894,6.405116919804894,623.1505,155.787625,3202.558459902447,54048,52224,106776,sub-physical,0.015625,0.0078125,Intel(R) Xeon(R) 6760P,AVX512,"avx2,avx512f,avx512bw,avx512vl,avx512_vnni,avx512_bf16,amx_bf16,amx_int8,amx_tile,fma",True,True,,,,,,256,128,sh14l07002s1404,3.11.9,2.1.2+cu121
20260428_010731,2026-04-28T07:06:35.249319,cpu,pytorch,separator1_grid_search_6ports_masked_hd32_depth3_stages2_share0,/home/liangyi/SRS_AI/Model_AIIC_refactor/experiments_refactored/20260427_072855_default_6port_separator1_masked_v2/separator1_grid_search_6ports_masked_hd32_depth3_stages2_share0,default_6port_separator1_masked_v2,separator1_grid_search_6ports_masked_hd32_depth3_stages2_share0,supervised_nmse_plateau,separator1,12,6,eager,bf16,bfloat16,4,4,ok,,0.0,20,50,0.63899626,0.003625573564610161,0.631761,0.6385430000000001,0.6429726,0.6458649,0.64658903,0.646713,6259.817545723977,6.259817545723977,638.5430000000001,159.63575000000003,1564.9543864309942,54048,52224,106776,sub-physical,0.03125,0.015625,Intel(R) Xeon(R) 6760P,AVX512,"avx2,avx512f,avx512bw,avx512vl,avx512_vnni,avx512_bf16,amx_bf16,amx_int8,amx_tile,fma",True,True,,,,,,256,128,sh14l07002s1404,3.11.9,2.1.2+cu121
20260428_010731,2026-04-28T07:06:35.249319,cpu,pytorch,separator1_grid_search_6ports_masked_hd32_depth3_stages2_share0,/home/liangyi/SRS_AI/Model_AIIC_refactor/experiments_refactored/20260427_072855_default_6port_separator1_masked_v2/separator1_grid_search_6ports_masked_hd32_depth3_stages2_share0,default_6port_separator1_masked_v2,separator1_grid_search_6ports_masked_hd32_depth3_stages2_share0,supervised_nmse_plateau,separator1,12,6,eager,bf16,bfloat16,4,8,ok,,0.0,20,50,0.6223665,0.0035426693452818843,0.615164,0.6223339999999999,0.6273272,0.62806925,0.62841788,0.628461,6427.081149129974,6.4270811491299735,622.334,155.5835,803.3851436412467,54048,52224,106776,sub-physical,0.0625,0.03125,Intel(R) Xeon(R) 6760P,AVX512,"avx2,avx512f,avx512bw,avx512vl,avx512_vnni,avx512_bf16,amx_bf16,amx_int8,amx_tile,fma",True,True,,,,,,256,128,sh14l07002s1404,3.11.9,2.1.2+cu121
20260428_010731,2026-04-28T07:06:35.249319,cpu,pytorch,separator1_grid_search_6ports_masked_hd32_depth3_stages2_share0,/home/liangyi/SRS_AI/Model_AIIC_refactor/experiments_refactored/20260427_072855_default_6port_separator1_masked_v2/separator1_grid_search_6ports_masked_hd32_depth3_stages2_share0,default_6port_separator1_masked_v2,separator1_grid_search_6ports_masked_hd32_depth3_stages2_share0,supervised_nmse_plateau,separator1,12,6,eager,bf16,bfloat16,8,1,ok,,0.0,20,50,1.32441682,0.03196923887720194,1.283483,1.309713,1.3757876,1.3882006,1.39244278,1.39596,6040.394443193496,6.040394443193496,1309.713,163.714125,6040.394443193496,54048,52224,106776,single-thread,0.0078125,0.00390625,Intel(R) Xeon(R) 6760P,AVX512,"avx2,avx512f,avx512bw,avx512vl,avx512_vnni,avx512_bf16,amx_bf16,amx_int8,amx_tile,fma",True,True,,,,,,256,128,sh14l07002s1404,3.11.9,2.1.2+cu121
20260428_010731,2026-04-28T07:06:35.249319,cpu,pytorch,separator1_grid_search_6ports_masked_hd32_depth3_stages2_share0,/home/liangyi/SRS_AI/Model_AIIC_refactor/experiments_refactored/20260427_072855_default_6port_separator1_masked_v2/separator1_grid_search_6ports_masked_hd32_depth3_stages2_share0,default_6port_separator1_masked_v2,separator1_grid_search_6ports_masked_hd32_depth3_stages2_share0,supervised_nmse_plateau,separator1,12,6,eager,bf16,bfloat16,8,2,ok,,0.0,20,50,1.35785424,0.04406466901069837,1.30059,1.3529675,1.4023700000000001,1.4129559,1.4966071599999997,1.554386,5891.648576359713,5.891648576359713,1352.9675000000002,169.12093750000003,2945.8242881798565,54048,52224,106776,sub-physical,0.015625,0.0078125,Intel(R) Xeon(R) 6760P,AVX512,"avx2,avx512f,avx512bw,avx512vl,avx512_vnni,avx512_bf16,amx_bf16,amx_int8,amx_tile,fma",True,True,,,,,,256,128,sh14l07002s1404,3.11.9,2.1.2+cu121
20260428_010731,2026-04-28T07:06:35.249319,cpu,pytorch,separator1_grid_search_6ports_masked_hd32_depth3_stages2_share0,/home/liangyi/SRS_AI/Model_AIIC_refactor/experiments_refactored/20260427_072855_default_6port_separator1_masked_v2/separator1_grid_search_6ports_masked_hd32_depth3_stages2_share0,default_6port_separator1_masked_v2,separator1_grid_search_6ports_masked_hd32_depth3_stages2_share0,supervised_nmse_plateau,separator1,12,6,eager,bf16,bfloat16,8,4,ok,,0.0,20,50,1.48866068,0.02189615646769086,1.443396,1.4892750000000001,1.5099311,1.51768025,1.5466382399999998,1.572424,5373.958019768481,5.373958019768481,1489.275,186.159375,1343.4895049421202,54048,52224,106776,sub-physical,0.03125,0.015625,Intel(R) Xeon(R) 6760P,AVX512,"avx2,avx512f,avx512bw,avx512vl,avx512_vnni,avx512_bf16,amx_bf16,amx_int8,amx_tile,fma",True,True,,,,,,256,128,sh14l07002s1404,3.11.9,2.1.2+cu121
20260428_010731,2026-04-28T07:06:35.249319,cpu,pytorch,separator1_grid_search_6ports_masked_hd32_depth3_stages2_share0,/home/liangyi/SRS_AI/Model_AIIC_refactor/experiments_refactored/20260427_072855_default_6port_separator1_masked_v2/separator1_grid_search_6ports_masked_hd32_depth3_stages2_share0,default_6port_separator1_masked_v2,separator1_grid_search_6ports_masked_hd32_depth3_stages2_share0,supervised_nmse_plateau,separator1,12,6,eager,bf16,bfloat16,8,8,ok,,0.0,20,50,1.48253838,0.024178580566187085,1.43195,1.4819144999999998,1.5144573000000001,1.51785285,1.53414574,1.543786,5396.15035126443,5.39615035126443,1481.9144999999999,185.23931249999998,674.5187939080538,54048,52224,106776,sub-physical,0.0625,0.03125,Intel(R) Xeon(R) 6760P,AVX512,"avx2,avx512f,avx512bw,avx512vl,avx512_vnni,avx512_bf16,amx_bf16,amx_int8,amx_tile,fma",True,True,,,,,,256,128,sh14l07002s1404,3.11.9,2.1.2+cu121
20260428_010731,2026-04-28T07:06:35.249319,cpu,pytorch,separator1_grid_search_6ports_masked_hd32_depth3_stages2_share0,/home/liangyi/SRS_AI/Model_AIIC_refactor/experiments_refactored/20260427_072855_default_6port_separator1_masked_v2/separator1_grid_search_6ports_masked_hd32_depth3_stages2_share0,default_6port_separator1_masked_v2,separator1_grid_search_6ports_masked_hd32_depth3_stages2_share0,supervised_nmse_plateau,separator1,12,6,eager,bf16,bfloat16,16,1,ok,,0.0,20,50,1.53601524,0.02693681384912477,1.491559,1.5271754999999998,1.5758744999999998,1.5817151,1.59372354,1.601296,10416.563314827526,10.416563314827526,1527.1754999999998,95.44846874999999,10416.563314827526,54048,52224,106776,single-thread,0.0078125,0.00390625,Intel(R) Xeon(R) 6760P,AVX512,"avx2,avx512f,avx512bw,avx512vl,avx512_vnni,avx512_bf16,amx_bf16,amx_int8,amx_tile,fma",True,True,,,,,,256,128,sh14l07002s1404,3.11.9,2.1.2+cu121
20260428_010731,2026-04-28T07:06:35.249319,cpu,pytorch,separator1_grid_search_6ports_masked_hd32_depth3_stages2_share0,/home/liangyi/SRS_AI/Model_AIIC_refactor/experiments_refactored/20260427_072855_default_6port_separator1_masked_v2/separator1_grid_search_6ports_masked_hd32_depth3_stages2_share0,default_6port_separator1_masked_v2,separator1_grid_search_6ports_masked_hd32_depth3_stages2_share0,supervised_nmse_plateau,separator1,12,6,eager,bf16,bfloat16,16,2,ok,,0.0,20,50,1.65350092,0.032804142706579,1.602269,1.6437465,1.6964118,1.70466055,1.71689461,1.721555,9676.438522937138,9.676438522937138,1643.7465,102.73415625,4838.219261468569,54048,52224,106776,sub-physical,0.015625,0.0078125,Intel(R) Xeon(R) 6760P,AVX512,"avx2,avx512f,avx512bw,avx512vl,avx512_vnni,avx512_bf16,amx_bf16,amx_int8,amx_tile,fma",True,True,,,,,,256,128,sh14l07002s1404,3.11.9,2.1.2+cu121
20260428_010731,2026-04-28T07:06:35.249319,cpu,pytorch,separator1_grid_search_6ports_masked_hd32_depth3_stages2_share0,/home/liangyi/SRS_AI/Model_AIIC_refactor/experiments_refactored/20260427_072855_default_6port_separator1_masked_v2/separator1_grid_search_6ports_masked_hd32_depth3_stages2_share0,default_6port_separator1_masked_v2,separator1_grid_search_6ports_masked_hd32_depth3_stages2_share0,supervised_nmse_plateau,separator1,12,6,eager,bf16,bfloat16,16,4,ok,,0.0,20,50,1.69247734,0.026045321928215834,1.647998,1.6902015000000001,1.7340093,1.7362037000000001,1.74626269,1.748771,9453.597765746159,9.453597765746158,1690.2015000000001,105.63759375000001,2363.3994414365397,54048,52224,106776,sub-physical,0.03125,0.015625,Intel(R) Xeon(R) 6760P,AVX512,"avx2,avx512f,avx512bw,avx512vl,avx512_vnni,avx512_bf16,amx_bf16,amx_int8,amx_tile,fma",True,True,,,,,,256,128,sh14l07002s1404,3.11.9,2.1.2+cu121
20260428_010731,2026-04-28T07:06:35.249319,cpu,pytorch,separator1_grid_search_6ports_masked_hd32_depth3_stages2_share0,/home/liangyi/SRS_AI/Model_AIIC_refactor/experiments_refactored/20260427_072855_default_6port_separator1_masked_v2/separator1_grid_search_6ports_masked_hd32_depth3_stages2_share0,default_6port_separator1_masked_v2,separator1_grid_search_6ports_masked_hd32_depth3_stages2_share0,supervised_nmse_plateau,separator1,12,6,eager,bf16,bfloat16,16,8,ok,,0.0,20,50,1.73493708,0.032944891796355916,1.688413,1.7262909999999998,1.7858503,1.7927281,1.80713737,1.818107,9222.23646289236,9.222236462892361,1726.2909999999997,107.89318749999998,1152.779557861545,54048,52224,106776,sub-physical,0.0625,0.03125,Intel(R) Xeon(R) 6760P,AVX512,"avx2,avx512f,avx512bw,avx512vl,avx512_vnni,avx512_bf16,amx_bf16,amx_int8,amx_tile,fma",True,True,,,,,,256,128,sh14l07002s1404,3.11.9,2.1.2+cu121
20260428_010731,2026-04-28T07:06:35.249319,cpu,pytorch,separator1_grid_search_6ports_masked_hd32_depth3_stages2_share0,/home/liangyi/SRS_AI/Model_AIIC_refactor/experiments_refactored/20260427_072855_default_6port_separator1_masked_v2/separator1_grid_search_6ports_masked_hd32_depth3_stages2_share0,default_6port_separator1_masked_v2,separator1_grid_search_6ports_masked_hd32_depth3_stages2_share0,supervised_nmse_plateau,separator1,12,6,eager,bf16,bfloat16,32,1,ok,,0.0,20,50,1.60145256,0.031464401580935886,1.556386,1.5961425,1.6250031,1.66268595,1.71460001,1.7183,19981.859468881175,19.981859468881176,1596.1425,49.879453125,19981.859468881175,54048,52224,106776,single-thread,0.0078125,0.00390625,Intel(R) Xeon(R) 6760P,AVX512,"avx2,avx512f,avx512bw,avx512vl,avx512_vnni,avx512_bf16,amx_bf16,amx_int8,amx_tile,fma",True,True,,,,,,256,128,sh14l07002s1404,3.11.9,2.1.2+cu121
20260428_010731,2026-04-28T07:06:35.249319,cpu,pytorch,separator1_grid_search_6ports_masked_hd32_depth3_stages2_share0,/home/liangyi/SRS_AI/Model_AIIC_refactor/experiments_refactored/20260427_072855_default_6port_separator1_masked_v2/separator1_grid_search_6ports_masked_hd32_depth3_stages2_share0,default_6port_separator1_masked_v2,separator1_grid_search_6ports_masked_hd32_depth3_stages2_share0,supervised_nmse_plateau,separator1,12,6,eager,bf16,bfloat16,32,2,ok,,0.0,20,50,1.70257498,0.028533466691932123,1.652035,1.7052185,1.7399902,1.7550516,1.76090173,1.763069,18795.06064396647,18.79506064396647,1705.2185,53.288078125,9397.530321983235,54048,52224,106776,sub-physical,0.015625,0.0078125,Intel(R) Xeon(R) 6760P,AVX512,"avx2,avx512f,avx512bw,avx512vl,avx512_vnni,avx512_bf16,amx_bf16,amx_int8,amx_tile,fma",True,True,,,,,,256,128,sh14l07002s1404,3.11.9,2.1.2+cu121
20260428_010731,2026-04-28T07:06:35.249319,cpu,pytorch,separator1_grid_search_6ports_masked_hd32_depth3_stages2_share0,/home/liangyi/SRS_AI/Model_AIIC_refactor/experiments_refactored/20260427_072855_default_6port_separator1_masked_v2/separator1_grid_search_6ports_masked_hd32_depth3_stages2_share0,default_6port_separator1_masked_v2,separator1_grid_search_6ports_masked_hd32_depth3_stages2_share0,supervised_nmse_plateau,separator1,12,6,eager,bf16,bfloat16,32,4,ok,,0.0,20,50,1.66728248,0.028566390042313716,1.609889,1.6644365,1.7047222,1.70969995,1.71998546,1.720498,19192.90845064239,19.19290845064239,1664.4365,52.013640625,4798.227112660597,54048,52224,106776,sub-physical,0.03125,0.015625,Intel(R) Xeon(R) 6760P,AVX512,"avx2,avx512f,avx512bw,avx512vl,avx512_vnni,avx512_bf16,amx_bf16,amx_int8,amx_tile,fma",True,True,,,,,,256,128,sh14l07002s1404,3.11.9,2.1.2+cu121
20260428_010731,2026-04-28T07:06:35.249319,cpu,pytorch,separator1_grid_search_6ports_masked_hd32_depth3_stages2_share0,/home/liangyi/SRS_AI/Model_AIIC_refactor/experiments_refactored/20260427_072855_default_6port_separator1_masked_v2/separator1_grid_search_6ports_masked_hd32_depth3_stages2_share0,default_6port_separator1_masked_v2,separator1_grid_search_6ports_masked_hd32_depth3_stages2_share0,supervised_nmse_plateau,separator1,12,6,eager,bf16,bfloat16,32,8,ok,,0.0,20,50,1.80746662,0.02890462961457213,1.738411,1.801635,1.8471583,1.8520702,1.88385191,1.899307,17704.338019808078,17.704338019808077,1801.635,56.30109375,2213.0422524760097,54048,52224,106776,sub-physical,0.0625,0.03125,Intel(R) Xeon(R) 6760P,AVX512,"avx2,avx512f,avx512bw,avx512vl,avx512_vnni,avx512_bf16,amx_bf16,amx_int8,amx_tile,fma",True,True,,,,,,256,128,sh14l07002s1404,3.11.9,2.1.2+cu121
20260428_010731,2026-04-28T07:06:35.249319,cpu,pytorch,separator1_grid_search_6ports_masked_hd32_depth3_stages2_share0,/home/liangyi/SRS_AI/Model_AIIC_refactor/experiments_refactored/20260427_072855_default_6port_separator1_masked_v2/separator1_grid_search_6ports_masked_hd32_depth3_stages2_share0,default_6port_separator1_masked_v2,separator1_grid_search_6ports_masked_hd32_depth3_stages2_share0,supervised_nmse_plateau,separator1,12,6,eager,bf16,bfloat16,64,1,ok,,0.0,20,50,1.66301754,0.03781702409402941,1.606609,1.6533935,1.7175676,1.7394539,1.78312945,1.793956,38484.260364445705,38.4842603644457,1653.3935,25.8342734375,38484.260364445705,54048,52224,106776,single-thread,0.0078125,0.00390625,Intel(R) Xeon(R) 6760P,AVX512,"avx2,avx512f,avx512bw,avx512vl,avx512_vnni,avx512_bf16,amx_bf16,amx_int8,amx_tile,fma",True,True,,,,,,256,128,sh14l07002s1404,3.11.9,2.1.2+cu121
20260428_010731,2026-04-28T07:06:35.249319,cpu,pytorch,separator1_grid_search_6ports_masked_hd32_depth3_stages2_share0,/home/liangyi/SRS_AI/Model_AIIC_refactor/experiments_refactored/20260427_072855_default_6port_separator1_masked_v2/separator1_grid_search_6ports_masked_hd32_depth3_stages2_share0,default_6port_separator1_masked_v2,separator1_grid_search_6ports_masked_hd32_depth3_stages2_share0,supervised_nmse_plateau,separator1,12,6,eager,bf16,bfloat16,64,2,ok,,0.0,20,50,1.99551572,0.050568869805460374,1.920211,1.9850605,2.0585631,2.07670705,2.11297999,2.115503,32071.90971164086,32.071909711640856,1985.0604999999998,31.016570312499997,16035.95485582043,54048,52224,106776,sub-physical,0.015625,0.0078125,Intel(R) Xeon(R) 6760P,AVX512,"avx2,avx512f,avx512bw,avx512vl,avx512_vnni,avx512_bf16,amx_bf16,amx_int8,amx_tile,fma",True,True,,,,,,256,128,sh14l07002s1404,3.11.9,2.1.2+cu121
20260428_010731,2026-04-28T07:06:35.249319,cpu,pytorch,separator1_grid_search_6ports_masked_hd32_depth3_stages2_share0,/home/liangyi/SRS_AI/Model_AIIC_refactor/experiments_refactored/20260427_072855_default_6port_separator1_masked_v2/separator1_grid_search_6ports_masked_hd32_depth3_stages2_share0,default_6port_separator1_masked_v2,separator1_grid_search_6ports_masked_hd32_depth3_stages2_share0,supervised_nmse_plateau,separator1,12,6,eager,bf16,bfloat16,64,4,ok,,0.0,20,50,2.08908648,0.03859881836545775,2.020827,2.0882085,2.1392496000000003,2.14605265,2.18430095,2.185499,30635.40002422494,30.63540002422494,2088.2084999999997,32.628257812499996,7658.850006056235,54048,52224,106776,sub-physical,0.03125,0.015625,Intel(R) Xeon(R) 6760P,AVX512,"avx2,avx512f,avx512bw,avx512vl,avx512_vnni,avx512_bf16,amx_bf16,amx_int8,amx_tile,fma",True,True,,,,,,256,128,sh14l07002s1404,3.11.9,2.1.2+cu121
20260428_010731,2026-04-28T07:06:35.249319,cpu,pytorch,separator1_grid_search_6ports_masked_hd32_depth3_stages2_share0,/home/liangyi/SRS_AI/Model_AIIC_refactor/experiments_refactored/20260427_072855_default_6port_separator1_masked_v2/separator1_grid_search_6ports_masked_hd32_depth3_stages2_share0,default_6port_separator1_masked_v2,separator1_grid_search_6ports_masked_hd32_depth3_stages2_share0,supervised_nmse_plateau,separator1,12,6,eager,bf16,bfloat16,64,8,ok,,0.0,20,50,2.13766144,0.07023219452876578,2.05826,2.1242479999999997,2.2260361,2.28768835,2.3558989099999996,2.399578,29939.25923087241,29.93925923087241,2124.2479999999996,33.191374999999994,3742.407403859051,54048,52224,106776,sub-physical,0.0625,0.03125,Intel(R) Xeon(R) 6760P,AVX512,"avx2,avx512f,avx512bw,avx512vl,avx512_vnni,avx512_bf16,amx_bf16,amx_int8,amx_tile,fma",True,True,,,,,,256,128,sh14l07002s1404,3.11.9,2.1.2+cu121
20260428_010731,2026-04-28T07:06:35.249319,cpu,pytorch,separator1_grid_search_6ports_masked_hd32_depth3_stages2_share0,/home/liangyi/SRS_AI/Model_AIIC_refactor/experiments_refactored/20260427_072855_default_6port_separator1_masked_v2/separator1_grid_search_6ports_masked_hd32_depth3_stages2_share0,default_6port_separator1_masked_v2,separator1_grid_search_6ports_masked_hd32_depth3_stages2_share0,supervised_nmse_plateau,separator1,12,6,eager,bf16,bfloat16,128,1,ok,,0.0,20,50,1.8466537,0.02781029961021634,1.807105,1.8417634999999999,1.8851631,1.89295745,1.91148898,1.923052,69314.5661257441,69.3145661257441,1841.7634999999998,14.388777343749998,69314.5661257441,54048,52224,106776,single-thread,0.0078125,0.00390625,Intel(R) Xeon(R) 6760P,AVX512,"avx2,avx512f,avx512bw,avx512vl,avx512_vnni,avx512_bf16,amx_bf16,amx_int8,amx_tile,fma",True,True,,,,,,256,128,sh14l07002s1404,3.11.9,2.1.2+cu121
20260428_010731,2026-04-28T07:06:35.249319,cpu,pytorch,separator1_grid_search_6ports_masked_hd32_depth3_stages2_share0,/home/liangyi/SRS_AI/Model_AIIC_refactor/experiments_refactored/20260427_072855_default_6port_separator1_masked_v2/separator1_grid_search_6ports_masked_hd32_depth3_stages2_share0,default_6port_separator1_masked_v2,separator1_grid_search_6ports_masked_hd32_depth3_stages2_share0,supervised_nmse_plateau,separator1,12,6,eager,bf16,bfloat16,128,2,ok,,0.0,20,50,2.26226312,0.05093830380750426,2.168255,2.2572140000000003,2.3443868,2.35194055,2.35678391,2.360087,56580.509520926105,56.58050952092611,2257.2140000000004,17.634484375000003,28290.254760463053,54048,52224,106776,sub-physical,0.015625,0.0078125,Intel(R) Xeon(R) 6760P,AVX512,"avx2,avx512f,avx512bw,avx512vl,avx512_vnni,avx512_bf16,amx_bf16,amx_int8,amx_tile,fma",True,True,,,,,,256,128,sh14l07002s1404,3.11.9,2.1.2+cu121
20260428_010731,2026-04-28T07:06:35.249319,cpu,pytorch,separator1_grid_search_6ports_masked_hd32_depth3_stages2_share0,/home/liangyi/SRS_AI/Model_AIIC_refactor/experiments_refactored/20260427_072855_default_6port_separator1_masked_v2/separator1_grid_search_6ports_masked_hd32_depth3_stages2_share0,default_6port_separator1_masked_v2,separator1_grid_search_6ports_masked_hd32_depth3_stages2_share0,supervised_nmse_plateau,separator1,12,6,eager,bf16,bfloat16,128,4,ok,,0.0,20,50,2.30952542,0.0436023834353536,2.222163,2.3041395,2.3688719999999996,2.3835921499999997,2.4054068699999998,2.409737,55422.64176507744,55.42264176507744,2304.1394999999998,18.001089843749998,13855.66044126936,54048,52224,106776,sub-physical,0.03125,0.015625,Intel(R) Xeon(R) 6760P,AVX512,"avx2,avx512f,avx512bw,avx512vl,avx512_vnni,avx512_bf16,amx_bf16,amx_int8,amx_tile,fma",True,True,,,,,,256,128,sh14l07002s1404,3.11.9,2.1.2+cu121
20260428_010731,2026-04-28T07:06:35.249319,cpu,pytorch,separator1_grid_search_6ports_masked_hd32_depth3_stages2_share0,/home/liangyi/SRS_AI/Model_AIIC_refactor/experiments_refactored/20260427_072855_default_6port_separator1_masked_v2/separator1_grid_search_6ports_masked_hd32_depth3_stages2_share0,default_6port_separator1_masked_v2,separator1_grid_search_6ports_masked_hd32_depth3_stages2_share0,supervised_nmse_plateau,separator1,12,6,eager,bf16,bfloat16,128,8,ok,,0.0,20,50,2.5043141,0.1303438316954431,2.317647,2.4605414999999997,2.7094564,2.72108605,2.7486863599999998,2.758504,51111.79943442398,51.11179943442398,2460.5415,19.22298046875,6388.974929302997,54048,52224,106776,sub-physical,0.0625,0.03125,Intel(R) Xeon(R) 6760P,AVX512,"avx2,avx512f,avx512bw,avx512vl,avx512_vnni,avx512_bf16,amx_bf16,amx_int8,amx_tile,fma",True,True,,,,,,256,128,sh14l07002s1404,3.11.9,2.1.2+cu121
20260428_010731,2026-04-28T07:06:35.249319,cpu,pytorch,separator1_grid_search_6ports_masked_hd32_depth3_stages2_share0,/home/liangyi/SRS_AI/Model_AIIC_refactor/experiments_refactored/20260427_072855_default_6port_separator1_masked_v2/separator1_grid_search_6ports_masked_hd32_depth3_stages2_share0,default_6port_separator1_masked_v2,separator1_grid_search_6ports_masked_hd32_depth3_stages2_share0,supervised_nmse_plateau,separator1,12,6,jit,fp32,float32,1,1,ok,,317.185328,20,50,0.1550247,0.002244638209155319,0.151913,0.154491,0.158144,0.15947234999999998,0.16220571,0.162706,6450.584971298123,6.450584971298123,154.49099999999999,154.49099999999999,6450.584971298123,54048,52224,106776,single-thread,0.0078125,0.00390625,Intel(R) Xeon(R) 6760P,AVX512,"avx2,avx512f,avx512bw,avx512vl,avx512_vnni,avx512_bf16,amx_bf16,amx_int8,amx_tile,fma",True,True,,,,,,256,128,sh14l07002s1404,3.11.9,2.1.2+cu121
20260428_010731,2026-04-28T07:06:35.249319,cpu,pytorch,separator1_grid_search_6ports_masked_hd32_depth3_stages2_share0,/home/liangyi/SRS_AI/Model_AIIC_refactor/experiments_refactored/20260427_072855_default_6port_separator1_masked_v2/separator1_grid_search_6ports_masked_hd32_depth3_stages2_share0,default_6port_separator1_masked_v2,separator1_grid_search_6ports_masked_hd32_depth3_stages2_share0,supervised_nmse_plateau,separator1,12,6,jit,fp32,float32,1,2,ok,,312.903308,20,50,0.15457346,0.0033615818907770196,0.152135,0.153736,0.1579083,0.1587885,0.16728597999999997,0.175321,6469.415901022077,6.469415901022077,153.73600000000002,153.73600000000002,3234.7079505110387,54048,52224,106776,sub-physical,0.015625,0.0078125,Intel(R) Xeon(R) 6760P,AVX512,"avx2,avx512f,avx512bw,avx512vl,avx512_vnni,avx512_bf16,amx_bf16,amx_int8,amx_tile,fma",True,True,,,,,,256,128,sh14l07002s1404,3.11.9,2.1.2+cu121
20260428_010731,2026-04-28T07:06:35.249319,cpu,pytorch,separator1_grid_search_6ports_masked_hd32_depth3_stages2_share0,/home/liangyi/SRS_AI/Model_AIIC_refactor/experiments_refactored/20260427_072855_default_6port_separator1_masked_v2/separator1_grid_search_6ports_masked_hd32_depth3_stages2_share0,default_6port_separator1_masked_v2,separator1_grid_search_6ports_masked_hd32_depth3_stages2_share0,supervised_nmse_plateau,separator1,12,6,jit,fp32,float32,1,4,ok,,312.501208,20,50,0.15193032,0.0010972388152084294,0.150166,0.151782,0.15312710000000002,0.15405675,0.15511893,0.155483,6581.964679597857,6.581964679597857,151.782,151.782,1645.4911698994642,54048,52224,106776,sub-physical,0.03125,0.015625,Intel(R) Xeon(R) 6760P,AVX512,"avx2,avx512f,avx512bw,avx512vl,avx512_vnni,avx512_bf16,amx_bf16,amx_int8,amx_tile,fma",True,True,,,,,,256,128,sh14l07002s1404,3.11.9,2.1.2+cu121
20260428_010731,2026-04-28T07:06:35.249319,cpu,pytorch,separator1_grid_search_6ports_masked_hd32_depth3_stages2_share0,/home/liangyi/SRS_AI/Model_AIIC_refactor/experiments_refactored/20260427_072855_default_6port_separator1_masked_v2/separator1_grid_search_6ports_masked_hd32_depth3_stages2_share0,default_6port_separator1_masked_v2,separator1_grid_search_6ports_masked_hd32_depth3_stages2_share0,supervised_nmse_plateau,separator1,12,6,jit,fp32,float32,1,8,ok,,311.221977,20,50,0.15099124,0.002069518123235457,0.1491,0.1502525,0.15345830000000002,0.1554205,0.15811536,0.159897,6622.900772256722,6.622900772256722,150.2525,150.2525,827.8625965320903,54048,52224,106776,sub-physical,0.0625,0.03125,Intel(R) Xeon(R) 6760P,AVX512,"avx2,avx512f,avx512bw,avx512vl,avx512_vnni,avx512_bf16,amx_bf16,amx_int8,amx_tile,fma",True,True,,,,,,256,128,sh14l07002s1404,3.11.9,2.1.2+cu121
20260428_010731,2026-04-28T07:06:35.249319,cpu,pytorch,separator1_grid_search_6ports_masked_hd32_depth3_stages2_share0,/home/liangyi/SRS_AI/Model_AIIC_refactor/experiments_refactored/20260427_072855_default_6port_separator1_masked_v2/separator1_grid_search_6ports_masked_hd32_depth3_stages2_share0,default_6port_separator1_masked_v2,separator1_grid_search_6ports_masked_hd32_depth3_stages2_share0,supervised_nmse_plateau,separator1,12,6,jit,fp32,float32,2,1,ok,,316.333185,20,50,0.1673986,0.001400111952666643,0.165773,0.1672755,0.16878900000000002,0.1692089,0.17257297,0.173723,11947.531221885965,11.947531221885965,167.2755,83.63775,11947.531221885965,54048,52224,106776,single-thread,0.0078125,0.00390625,Intel(R) Xeon(R) 6760P,AVX512,"avx2,avx512f,avx512bw,avx512vl,avx512_vnni,avx512_bf16,amx_bf16,amx_int8,amx_tile,fma",True,True,,,,,,256,128,sh14l07002s1404,3.11.9,2.1.2+cu121
20260428_010731,2026-04-28T07:06:35.249319,cpu,pytorch,separator1_grid_search_6ports_masked_hd32_depth3_stages2_share0,/home/liangyi/SRS_AI/Model_AIIC_refactor/experiments_refactored/20260427_072855_default_6port_separator1_masked_v2/separator1_grid_search_6ports_masked_hd32_depth3_stages2_share0,default_6port_separator1_masked_v2,separator1_grid_search_6ports_masked_hd32_depth3_stages2_share0,supervised_nmse_plateau,separator1,12,6,jit,fp32,float32,2,2,ok,,313.942664,20,50,0.16978812000000001,0.0022357292469348798,0.167272,0.1689525,0.1738127,0.1744823,0.17626709,0.177276,11779.387156180303,11.779387156180302,168.95250000000001,84.47625000000001,5889.693578090151,54048,52224,106776,sub-physical,0.015625,0.0078125,Intel(R) Xeon(R) 6760P,AVX512,"avx2,avx512f,avx512bw,avx512vl,avx512_vnni,avx512_bf16,amx_bf16,amx_int8,amx_tile,fma",True,True,,,,,,256,128,sh14l07002s1404,3.11.9,2.1.2+cu121
20260428_010731,2026-04-28T07:06:35.249319,cpu,pytorch,separator1_grid_search_6ports_masked_hd32_depth3_stages2_share0,/home/liangyi/SRS_AI/Model_AIIC_refactor/experiments_refactored/20260427_072855_default_6port_separator1_masked_v2/separator1_grid_search_6ports_masked_hd32_depth3_stages2_share0,default_6port_separator1_masked_v2,separator1_grid_search_6ports_masked_hd32_depth3_stages2_share0,supervised_nmse_plateau,separator1,12,6,jit,fp32,float32,2,4,ok,,315.404346,20,50,0.1649029,0.0013166750434332691,0.1624,0.16481,0.1662298,0.1665088,0.16887103,0.169485,12128.349471113002,12.128349471113003,164.81,82.405,3032.0873677782506,54048,52224,106776,sub-physical,0.03125,0.015625,Intel(R) Xeon(R) 6760P,AVX512,"avx2,avx512f,avx512bw,avx512vl,avx512_vnni,avx512_bf16,amx_bf16,amx_int8,amx_tile,fma",True,True,,,,,,256,128,sh14l07002s1404,3.11.9,2.1.2+cu121
20260428_010731,2026-04-28T07:06:35.249319,cpu,pytorch,separator1_grid_search_6ports_masked_hd32_depth3_stages2_share0,/home/liangyi/SRS_AI/Model_AIIC_refactor/experiments_refactored/20260427_072855_default_6port_separator1_masked_v2/separator1_grid_search_6ports_masked_hd32_depth3_stages2_share0,default_6port_separator1_masked_v2,separator1_grid_search_6ports_masked_hd32_depth3_stages2_share0,supervised_nmse_plateau,separator1,12,6,jit,fp32,float32,2,8,ok,,316.978801,20,50,0.1694166,0.0011888559374457447,0.167868,0.169091,0.1709606,0.17123755,0.173126,0.174694,11805.21861494092,11.805218614940921,169.09099999999998,84.54549999999999,1475.652326867615,54048,52224,106776,sub-physical,0.0625,0.03125,Intel(R) Xeon(R) 6760P,AVX512,"avx2,avx512f,avx512bw,avx512vl,avx512_vnni,avx512_bf16,amx_bf16,amx_int8,amx_tile,fma",True,True,,,,,,256,128,sh14l07002s1404,3.11.9,2.1.2+cu121
20260428_010731,2026-04-28T07:06:35.249319,cpu,pytorch,separator1_grid_search_6ports_masked_hd32_depth3_stages2_share0,/home/liangyi/SRS_AI/Model_AIIC_refactor/experiments_refactored/20260427_072855_default_6port_separator1_masked_v2/separator1_grid_search_6ports_masked_hd32_depth3_stages2_share0,default_6port_separator1_masked_v2,separator1_grid_search_6ports_masked_hd32_depth3_stages2_share0,supervised_nmse_plateau,separator1,12,6,jit,fp32,float32,4,1,ok,,317.107817,20,50,0.18053476,0.0013285337565903253,0.178502,0.180171,0.1819393,0.18313780000000002,0.18442696,0.184621,22156.398025510436,22.156398025510438,180.171,45.04275,22156.398025510436,54048,52224,106776,single-thread,0.0078125,0.00390625,Intel(R) Xeon(R) 6760P,AVX512,"avx2,avx512f,avx512bw,avx512vl,avx512_vnni,avx512_bf16,amx_bf16,amx_int8,amx_tile,fma",True,True,,,,,,256,128,sh14l07002s1404,3.11.9,2.1.2+cu121
20260428_010731,2026-04-28T07:06:35.249319,cpu,pytorch,separator1_grid_search_6ports_masked_hd32_depth3_stages2_share0,/home/liangyi/SRS_AI/Model_AIIC_refactor/experiments_refactored/20260427_072855_default_6port_separator1_masked_v2/separator1_grid_search_6ports_masked_hd32_depth3_stages2_share0,default_6port_separator1_masked_v2,separator1_grid_search_6ports_masked_hd32_depth3_stages2_share0,supervised_nmse_plateau,separator1,12,6,jit,fp32,float32,4,2,ok,,311.91021,20,50,0.18112446,0.024434770556082574,0.175354,0.1770045,0.1805147,0.18187175,0.26941095999999964,0.35168,22084.261838517006,22.084261838517005,177.0045,44.251125,11042.130919258503,54048,52224,106776,sub-physical,0.015625,0.0078125,Intel(R) Xeon(R) 6760P,AVX512,"avx2,avx512f,avx512bw,avx512vl,avx512_vnni,avx512_bf16,amx_bf16,amx_int8,amx_tile,fma",True,True,,,,,,256,128,sh14l07002s1404,3.11.9,2.1.2+cu121
20260428_010731,2026-04-28T07:06:35.249319,cpu,pytorch,separator1_grid_search_6ports_masked_hd32_depth3_stages2_share0,/home/liangyi/SRS_AI/Model_AIIC_refactor/experiments_refactored/20260427_072855_default_6port_separator1_masked_v2/separator1_grid_search_6ports_masked_hd32_depth3_stages2_share0,default_6port_separator1_masked_v2,separator1_grid_search_6ports_masked_hd32_depth3_stages2_share0,supervised_nmse_plateau,separator1,12,6,jit,fp32,float32,4,4,ok,,312.302416,20,50,0.17782641999999999,0.0013936537172483006,0.175759,0.177458,0.1789259,0.1796461,0.18326535,0.184875,22493.84540272475,22.49384540272475,177.458,44.3645,5623.4613506811875,54048,52224,106776,sub-physical,0.03125,0.015625,Intel(R) Xeon(R) 6760P,AVX512,"avx2,avx512f,avx512bw,avx512vl,avx512_vnni,avx512_bf16,amx_bf16,amx_int8,amx_tile,fma",True,True,,,,,,256,128,sh14l07002s1404,3.11.9,2.1.2+cu121
20260428_010731,2026-04-28T07:06:35.249319,cpu,pytorch,separator1_grid_search_6ports_masked_hd32_depth3_stages2_share0,/home/liangyi/SRS_AI/Model_AIIC_refactor/experiments_refactored/20260427_072855_default_6port_separator1_masked_v2/separator1_grid_search_6ports_masked_hd32_depth3_stages2_share0,default_6port_separator1_masked_v2,separator1_grid_search_6ports_masked_hd32_depth3_stages2_share0,supervised_nmse_plateau,separator1,12,6,jit,fp32,float32,4,8,ok,,314.297212,20,50,0.17630446,0.0014576459269658054,0.174471,0.1759695,0.1776968,0.17956745,0.18146405,0.182177,22688.025022169037,22.688025022169036,175.9695,43.992375,2836.0031277711296,54048,52224,106776,sub-physical,0.0625,0.03125,Intel(R) Xeon(R) 6760P,AVX512,"avx2,avx512f,avx512bw,avx512vl,avx512_vnni,avx512_bf16,amx_bf16,amx_int8,amx_tile,fma",True,True,,,,,,256,128,sh14l07002s1404,3.11.9,2.1.2+cu121
20260428_010731,2026-04-28T07:06:35.249319,cpu,pytorch,separator1_grid_search_6ports_masked_hd32_depth3_stages2_share0,/home/liangyi/SRS_AI/Model_AIIC_refactor/experiments_refactored/20260427_072855_default_6port_separator1_masked_v2/separator1_grid_search_6ports_masked_hd32_depth3_stages2_share0,default_6port_separator1_masked_v2,separator1_grid_search_6ports_masked_hd32_depth3_stages2_share0,supervised_nmse_plateau,separator1,12,6,jit,fp32,float32,8,1,ok,,317.448967,20,50,0.1953631,0.00159912846575877,0.192828,0.1950175,0.19762059999999998,0.19791515,0.19869208,0.198843,40949.39115933357,40.94939115933357,195.0175,24.3771875,40949.39115933357,54048,52224,106776,single-thread,0.0078125,0.00390625,Intel(R) Xeon(R) 6760P,AVX512,"avx2,avx512f,avx512bw,avx512vl,avx512_vnni,avx512_bf16,amx_bf16,amx_int8,amx_tile,fma",True,True,,,,,,256,128,sh14l07002s1404,3.11.9,2.1.2+cu121
20260428_010731,2026-04-28T07:06:35.249319,cpu,pytorch,separator1_grid_search_6ports_masked_hd32_depth3_stages2_share0,/home/liangyi/SRS_AI/Model_AIIC_refactor/experiments_refactored/20260427_072855_default_6port_separator1_masked_v2/separator1_grid_search_6ports_masked_hd32_depth3_stages2_share0,default_6port_separator1_masked_v2,separator1_grid_search_6ports_masked_hd32_depth3_stages2_share0,supervised_nmse_plateau,separator1,12,6,jit,fp32,float32,8,2,ok,,312.688077,20,50,0.18639844,0.0027893242418908543,0.182838,0.185893,0.190106,0.1914602,0.19471706,0.195896,42918.81412741437,42.91881412741437,185.893,23.236625,21459.407063707185,54048,52224,106776,sub-physical,0.015625,0.0078125,Intel(R) Xeon(R) 6760P,AVX512,"avx2,avx512f,avx512bw,avx512vl,avx512_vnni,avx512_bf16,amx_bf16,amx_int8,amx_tile,fma",True,True,,,,,,256,128,sh14l07002s1404,3.11.9,2.1.2+cu121
20260428_010731,2026-04-28T07:06:35.249319,cpu,pytorch,separator1_grid_search_6ports_masked_hd32_depth3_stages2_share0,/home/liangyi/SRS_AI/Model_AIIC_refactor/experiments_refactored/20260427_072855_default_6port_separator1_masked_v2/separator1_grid_search_6ports_masked_hd32_depth3_stages2_share0,default_6port_separator1_masked_v2,separator1_grid_search_6ports_masked_hd32_depth3_stages2_share0,supervised_nmse_plateau,separator1,12,6,jit,fp32,float32,8,4,ok,,313.859214,20,50,0.18384372,0.0026079268857849528,0.180979,0.182873,0.1868045,0.1890035,0.19254516,0.193778,43515.22042743696,43.51522042743696,182.87300000000002,22.859125000000002,10878.80510685924,54048,52224,106776,sub-physical,0.03125,0.015625,Intel(R) Xeon(R) 6760P,AVX512,"avx2,avx512f,avx512bw,avx512vl,avx512_vnni,avx512_bf16,amx_bf16,amx_int8,amx_tile,fma",True,True,,,,,,256,128,sh14l07002s1404,3.11.9,2.1.2+cu121
20260428_010731,2026-04-28T07:06:35.249319,cpu,pytorch,separator1_grid_search_6ports_masked_hd32_depth3_stages2_share0,/home/liangyi/SRS_AI/Model_AIIC_refactor/experiments_refactored/20260427_072855_default_6port_separator1_masked_v2/separator1_grid_search_6ports_masked_hd32_depth3_stages2_share0,default_6port_separator1_masked_v2,separator1_grid_search_6ports_masked_hd32_depth3_stages2_share0,supervised_nmse_plateau,separator1,12,6,jit,fp32,float32,8,8,ok,,313.935108,20,50,0.18242082,0.0028455950919974533,0.179455,0.1819675,0.1842176,0.18477405,0.19220869999999998,0.199201,43854.64334608297,43.85464334608297,181.9675,22.7459375,5481.8304182603715,54048,52224,106776,sub-physical,0.0625,0.03125,Intel(R) Xeon(R) 6760P,AVX512,"avx2,avx512f,avx512bw,avx512vl,avx512_vnni,avx512_bf16,amx_bf16,amx_int8,amx_tile,fma",True,True,,,,,,256,128,sh14l07002s1404,3.11.9,2.1.2+cu121
20260428_010731,2026-04-28T07:06:35.249319,cpu,pytorch,separator1_grid_search_6ports_masked_hd32_depth3_stages2_share0,/home/liangyi/SRS_AI/Model_AIIC_refactor/experiments_refactored/20260427_072855_default_6port_separator1_masked_v2/separator1_grid_search_6ports_masked_hd32_depth3_stages2_share0,default_6port_separator1_masked_v2,separator1_grid_search_6ports_masked_hd32_depth3_stages2_share0,supervised_nmse_plateau,separator1,12,6,jit,fp32,float32,16,1,ok,,313.438717,20,50,0.20991476,0.002264478390799965,0.205932,0.209733,0.2129334,0.21431965,0.2158999,0.216924,76221.41482571306,76.22141482571305,209.733,13.1083125,76221.41482571306,54048,52224,106776,single-thread,0.0078125,0.00390625,Intel(R) Xeon(R) 6760P,AVX512,"avx2,avx512f,avx512bw,avx512vl,avx512_vnni,avx512_bf16,amx_bf16,amx_int8,amx_tile,fma",True,True,,,,,,256,128,sh14l07002s1404,3.11.9,2.1.2+cu121
20260428_010731,2026-04-28T07:06:35.249319,cpu,pytorch,separator1_grid_search_6ports_masked_hd32_depth3_stages2_share0,/home/liangyi/SRS_AI/Model_AIIC_refactor/experiments_refactored/20260427_072855_default_6port_separator1_masked_v2/separator1_grid_search_6ports_masked_hd32_depth3_stages2_share0,default_6port_separator1_masked_v2,separator1_grid_search_6ports_masked_hd32_depth3_stages2_share0,supervised_nmse_plateau,separator1,12,6,jit,fp32,float32,16,2,ok,,318.780325,20,50,0.21590944,0.0054499123228176774,0.211857,0.21488249999999998,0.21771110000000002,0.21812675,0.23608523999999992,0.252561,74105.14334157876,74.10514334157877,214.88249999999996,13.430156249999998,37052.57167078938,54048,52224,106776,sub-physical,0.015625,0.0078125,Intel(R) Xeon(R) 6760P,AVX512,"avx2,avx512f,avx512bw,avx512vl,avx512_vnni,avx512_bf16,amx_bf16,amx_int8,amx_tile,fma",True,True,,,,,,256,128,sh14l07002s1404,3.11.9,2.1.2+cu121
20260428_010731,2026-04-28T07:06:35.249319,cpu,pytorch,separator1_grid_search_6ports_masked_hd32_depth3_stages2_share0,/home/liangyi/SRS_AI/Model_AIIC_refactor/experiments_refactored/20260427_072855_default_6port_separator1_masked_v2/separator1_grid_search_6ports_masked_hd32_depth3_stages2_share0,default_6port_separator1_masked_v2,separator1_grid_search_6ports_masked_hd32_depth3_stages2_share0,supervised_nmse_plateau,separator1,12,6,jit,fp32,float32,16,4,ok,,318.660234,20,50,0.21151764,0.0030429183016308535,0.207543,0.2104435,0.2159545,0.21826765,0.21997132,0.22082,75643.80918773488,75.64380918773487,210.4435,13.15271875,18910.95229693372,54048,52224,106776,sub-physical,0.03125,0.015625,Intel(R) Xeon(R) 6760P,AVX512,"avx2,avx512f,avx512bw,avx512vl,avx512_vnni,avx512_bf16,amx_bf16,amx_int8,amx_tile,fma",True,True,,,,,,256,128,sh14l07002s1404,3.11.9,2.1.2+cu121
20260428_010731,2026-04-28T07:06:35.249319,cpu,pytorch,separator1_grid_search_6ports_masked_hd32_depth3_stages2_share0,/home/liangyi/SRS_AI/Model_AIIC_refactor/experiments_refactored/20260427_072855_default_6port_separator1_masked_v2/separator1_grid_search_6ports_masked_hd32_depth3_stages2_share0,default_6port_separator1_masked_v2,separator1_grid_search_6ports_masked_hd32_depth3_stages2_share0,supervised_nmse_plateau,separator1,12,6,jit,fp32,float32,16,8,ok,,314.506668,20,50,0.2101402,0.0015342445958842436,0.207489,0.210055,0.2120987,0.2128691,0.21397486,0.214703,76139.64391392033,76.13964391392032,210.05499999999998,13.128437499999999,9517.455489240041,54048,52224,106776,sub-physical,0.0625,0.03125,Intel(R) Xeon(R) 6760P,AVX512,"avx2,avx512f,avx512bw,avx512vl,avx512_vnni,avx512_bf16,amx_bf16,amx_int8,amx_tile,fma",True,True,,,,,,256,128,sh14l07002s1404,3.11.9,2.1.2+cu121
20260428_010731,2026-04-28T07:06:35.249319,cpu,pytorch,separator1_grid_search_6ports_masked_hd32_depth3_stages2_share0,/home/liangyi/SRS_AI/Model_AIIC_refactor/experiments_refactored/20260427_072855_default_6port_separator1_masked_v2/separator1_grid_search_6ports_masked_hd32_depth3_stages2_share0,default_6port_separator1_masked_v2,separator1_grid_search_6ports_masked_hd32_depth3_stages2_share0,supervised_nmse_plateau,separator1,12,6,jit,fp32,float32,32,1,ok,,320.268325,20,50,0.2412904,0.0020189426935898905,0.238595,0.24090050000000002,0.2450087,0.24580505,0.24648278,0.246766,132620.27830365402,132.62027830365403,240.90050000000002,7.528140625000001,132620.27830365402,54048,52224,106776,single-thread,0.0078125,0.00390625,Intel(R) Xeon(R) 6760P,AVX512,"avx2,avx512f,avx512bw,avx512vl,avx512_vnni,avx512_bf16,amx_bf16,amx_int8,amx_tile,fma",True,True,,,,,,256,128,sh14l07002s1404,3.11.9,2.1.2+cu121
20260428_010731,2026-04-28T07:06:35.249319,cpu,pytorch,separator1_grid_search_6ports_masked_hd32_depth3_stages2_share0,/home/liangyi/SRS_AI/Model_AIIC_refactor/experiments_refactored/20260427_072855_default_6port_separator1_masked_v2/separator1_grid_search_6ports_masked_hd32_depth3_stages2_share0,default_6port_separator1_masked_v2,separator1_grid_search_6ports_masked_hd32_depth3_stages2_share0,supervised_nmse_plateau,separator1,12,6,jit,fp32,float32,32,2,ok,,319.058248,20,50,0.24125194,0.001431116423076751,0.239174,0.240851,0.2433917,0.24414395,0.2446747,0.244856,132641.42041717883,132.64142041717884,240.851,7.52659375,66320.71020858941,54048,52224,106776,sub-physical,0.015625,0.0078125,Intel(R) Xeon(R) 6760P,AVX512,"avx2,avx512f,avx512bw,avx512vl,avx512_vnni,avx512_bf16,amx_bf16,amx_int8,amx_tile,fma",True,True,,,,,,256,128,sh14l07002s1404,3.11.9,2.1.2+cu121
20260428_010731,2026-04-28T07:06:35.249319,cpu,pytorch,separator1_grid_search_6ports_masked_hd32_depth3_stages2_share0,/home/liangyi/SRS_AI/Model_AIIC_refactor/experiments_refactored/20260427_072855_default_6port_separator1_masked_v2/separator1_grid_search_6ports_masked_hd32_depth3_stages2_share0,default_6port_separator1_masked_v2,separator1_grid_search_6ports_masked_hd32_depth3_stages2_share0,supervised_nmse_plateau,separator1,12,6,jit,fp32,float32,32,4,ok,,311.233868,20,50,0.2412348,0.0020354768876113516,0.237462,0.2410985,0.2435202,0.24448324999999999,0.24675486,0.248169,132650.84473716063,132.65084473716064,241.0985,7.534328125,33162.71118429016,54048,52224,106776,sub-physical,0.03125,0.015625,Intel(R) Xeon(R) 6760P,AVX512,"avx2,avx512f,avx512bw,avx512vl,avx512_vnni,avx512_bf16,amx_bf16,amx_int8,amx_tile,fma",True,True,,,,,,256,128,sh14l07002s1404,3.11.9,2.1.2+cu121
20260428_010731,2026-04-28T07:06:35.249319,cpu,pytorch,separator1_grid_search_6ports_masked_hd32_depth3_stages2_share0,/home/liangyi/SRS_AI/Model_AIIC_refactor/experiments_refactored/20260427_072855_default_6port_separator1_masked_v2/separator1_grid_search_6ports_masked_hd32_depth3_stages2_share0,default_6port_separator1_masked_v2,separator1_grid_search_6ports_masked_hd32_depth3_stages2_share0,supervised_nmse_plateau,separator1,12,6,jit,fp32,float32,32,8,ok,,319.607295,20,50,0.2379601,0.005942143849655613,0.23395,0.2369475,0.2404309,0.24252325,0.26093939999999993,0.276492,134476.3260731526,134.4763260731526,236.94750000000002,7.404609375000001,16809.540759144074,54048,52224,106776,sub-physical,0.0625,0.03125,Intel(R) Xeon(R) 6760P,AVX512,"avx2,avx512f,avx512bw,avx512vl,avx512_vnni,avx512_bf16,amx_bf16,amx_int8,amx_tile,fma",True,True,,,,,,256,128,sh14l07002s1404,3.11.9,2.1.2+cu121
20260428_010731,2026-04-28T07:06:35.249319,cpu,pytorch,separator1_grid_search_6ports_masked_hd32_depth3_stages2_share0,/home/liangyi/SRS_AI/Model_AIIC_refactor/experiments_refactored/20260427_072855_default_6port_separator1_masked_v2/separator1_grid_search_6ports_masked_hd32_depth3_stages2_share0,default_6port_separator1_masked_v2,separator1_grid_search_6ports_masked_hd32_depth3_stages2_share0,supervised_nmse_plateau,separator1,12,6,jit,fp32,float32,64,1,ok,,319.198776,20,50,0.28915826,0.00564209842101323,0.284716,0.2879615,0.291821,0.29423095,0.31131026999999994,0.324088,221332.0829915078,221.3320829915078,287.9615,4.4993984375,221332.0829915078,54048,52224,106776,single-thread,0.0078125,0.00390625,Intel(R) Xeon(R) 6760P,AVX512,"avx2,avx512f,avx512bw,avx512vl,avx512_vnni,avx512_bf16,amx_bf16,amx_int8,amx_tile,fma",True,True,,,,,,256,128,sh14l07002s1404,3.11.9,2.1.2+cu121
20260428_010731,2026-04-28T07:06:35.249319,cpu,pytorch,separator1_grid_search_6ports_masked_hd32_depth3_stages2_share0,/home/liangyi/SRS_AI/Model_AIIC_refactor/experiments_refactored/20260427_072855_default_6port_separator1_masked_v2/separator1_grid_search_6ports_masked_hd32_depth3_stages2_share0,default_6port_separator1_masked_v2,separator1_grid_search_6ports_masked_hd32_depth3_stages2_share0,supervised_nmse_plateau,separator1,12,6,jit,fp32,float32,64,2,ok,,317.664631,20,50,0.29550484,0.00600940789881998,0.290586,0.2940295,0.2994276,0.3002242,0.3178454699999999,0.333377,216578.51695424007,216.57851695424006,294.0295,4.5942109375,108289.25847712003,54048,52224,106776,sub-physical,0.015625,0.0078125,Intel(R) Xeon(R) 6760P,AVX512,"avx2,avx512f,avx512bw,avx512vl,avx512_vnni,avx512_bf16,amx_bf16,amx_int8,amx_tile,fma",True,True,,,,,,256,128,sh14l07002s1404,3.11.9,2.1.2+cu121
20260428_010731,2026-04-28T07:06:35.249319,cpu,pytorch,separator1_grid_search_6ports_masked_hd32_depth3_stages2_share0,/home/liangyi/SRS_AI/Model_AIIC_refactor/experiments_refactored/20260427_072855_default_6port_separator1_masked_v2/separator1_grid_search_6ports_masked_hd32_depth3_stages2_share0,default_6port_separator1_masked_v2,separator1_grid_search_6ports_masked_hd32_depth3_stages2_share0,supervised_nmse_plateau,separator1,12,6,jit,fp32,float32,64,4,ok,,314.318962,20,50,0.29688556,0.0030783332643493973,0.290092,0.296479,0.3011258,0.30239289999999996,0.30354925,0.304566,215571.2793845548,215.5712793845548,296.479,4.632484375,53892.8198461387,54048,52224,106776,sub-physical,0.03125,0.015625,Intel(R) Xeon(R) 6760P,AVX512,"avx2,avx512f,avx512bw,avx512vl,avx512_vnni,avx512_bf16,amx_bf16,amx_int8,amx_tile,fma",True,True,,,,,,256,128,sh14l07002s1404,3.11.9,2.1.2+cu121
20260428_010731,2026-04-28T07:06:35.249319,cpu,pytorch,separator1_grid_search_6ports_masked_hd32_depth3_stages2_share0,/home/liangyi/SRS_AI/Model_AIIC_refactor/experiments_refactored/20260427_072855_default_6port_separator1_masked_v2/separator1_grid_search_6ports_masked_hd32_depth3_stages2_share0,default_6port_separator1_masked_v2,separator1_grid_search_6ports_masked_hd32_depth3_stages2_share0,supervised_nmse_plateau,separator1,12,6,jit,fp32,float32,64,8,ok,,318.114445,20,50,0.29057902,0.006219356659623246,0.285938,0.2894985,0.2933764,0.29475215,0.31380315999999997,0.330716,220249.89966584646,220.24989966584647,289.4985,4.5234140625,27531.237458230808,54048,52224,106776,sub-physical,0.0625,0.03125,Intel(R) Xeon(R) 6760P,AVX512,"avx2,avx512f,avx512bw,avx512vl,avx512_vnni,avx512_bf16,amx_bf16,amx_int8,amx_tile,fma",True,True,,,,,,256,128,sh14l07002s1404,3.11.9,2.1.2+cu121
20260428_010731,2026-04-28T07:06:35.249319,cpu,pytorch,separator1_grid_search_6ports_masked_hd32_depth3_stages2_share0,/home/liangyi/SRS_AI/Model_AIIC_refactor/experiments_refactored/20260427_072855_default_6port_separator1_masked_v2/separator1_grid_search_6ports_masked_hd32_depth3_stages2_share0,default_6port_separator1_masked_v2,separator1_grid_search_6ports_masked_hd32_depth3_stages2_share0,supervised_nmse_plateau,separator1,12,6,jit,fp32,float32,128,1,ok,,319.304565,20,50,0.38715126,0.00288290499885099,0.380838,0.38716249999999997,0.3910848,0.39209795000000003,0.39335233000000003,0.393981,330620.1302302361,330.6201302302361,387.16249999999997,3.0247070312499997,330620.1302302361,54048,52224,106776,single-thread,0.0078125,0.00390625,Intel(R) Xeon(R) 6760P,AVX512,"avx2,avx512f,avx512bw,avx512vl,avx512_vnni,avx512_bf16,amx_bf16,amx_int8,amx_tile,fma",True,True,,,,,,256,128,sh14l07002s1404,3.11.9,2.1.2+cu121
20260428_010731,2026-04-28T07:06:35.249319,cpu,pytorch,separator1_grid_search_6ports_masked_hd32_depth3_stages2_share0,/home/liangyi/SRS_AI/Model_AIIC_refactor/experiments_refactored/20260427_072855_default_6port_separator1_masked_v2/separator1_grid_search_6ports_masked_hd32_depth3_stages2_share0,default_6port_separator1_masked_v2,separator1_grid_search_6ports_masked_hd32_depth3_stages2_share0,supervised_nmse_plateau,separator1,12,6,jit,fp32,float32,128,2,ok,,316.7882,20,50,0.38863418,0.004229563035066387,0.382209,0.387314,0.3944451,0.3956206,0.39728632999999997,0.397425,329358.5757176582,329.3585757176582,387.31399999999996,3.0258906249999997,164679.2878588291,54048,52224,106776,sub-physical,0.015625,0.0078125,Intel(R) Xeon(R) 6760P,AVX512,"avx2,avx512f,avx512bw,avx512vl,avx512_vnni,avx512_bf16,amx_bf16,amx_int8,amx_tile,fma",True,True,,,,,,256,128,sh14l07002s1404,3.11.9,2.1.2+cu121
20260428_010731,2026-04-28T07:06:35.249319,cpu,pytorch,separator1_grid_search_6ports_masked_hd32_depth3_stages2_share0,/home/liangyi/SRS_AI/Model_AIIC_refactor/experiments_refactored/20260427_072855_default_6port_separator1_masked_v2/separator1_grid_search_6ports_masked_hd32_depth3_stages2_share0,default_6port_separator1_masked_v2,separator1_grid_search_6ports_masked_hd32_depth3_stages2_share0,supervised_nmse_plateau,separator1,12,6,jit,fp32,float32,128,4,ok,,318.073194,20,50,0.5483966,0.008964172372282905,0.535914,0.546443,0.5597911,0.56569465,0.57571561,0.582091,233407.71988739536,233.40771988739536,546.443,4.2690859375,58351.92997184884,54048,52224,106776,sub-physical,0.03125,0.015625,Intel(R) Xeon(R) 6760P,AVX512,"avx2,avx512f,avx512bw,avx512vl,avx512_vnni,avx512_bf16,amx_bf16,amx_int8,amx_tile,fma",True,True,,,,,,256,128,sh14l07002s1404,3.11.9,2.1.2+cu121
20260428_010731,2026-04-28T07:06:35.249319,cpu,pytorch,separator1_grid_search_6ports_masked_hd32_depth3_stages2_share0,/home/liangyi/SRS_AI/Model_AIIC_refactor/experiments_refactored/20260427_072855_default_6port_separator1_masked_v2/separator1_grid_search_6ports_masked_hd32_depth3_stages2_share0,default_6port_separator1_masked_v2,separator1_grid_search_6ports_masked_hd32_depth3_stages2_share0,supervised_nmse_plateau,separator1,12,6,jit,fp32,float32,128,8,ok,,322.723656,20,50,0.39541814,0.004024199368868295,0.387486,0.395577,0.40019299999999997,0.40092525,0.40401969,0.406479,323707.96140005114,323.70796140005115,395.577,3.0904453125,40463.49517500639,54048,52224,106776,sub-physical,0.0625,0.03125,Intel(R) Xeon(R) 6760P,AVX512,"avx2,avx512f,avx512bw,avx512vl,avx512_vnni,avx512_bf16,amx_bf16,amx_int8,amx_tile,fma",True,True,,,,,,256,128,sh14l07002s1404,3.11.9,2.1.2+cu121
20260428_010731,2026-04-28T07:06:35.249319,cpu,pytorch,separator1_grid_search_6ports_masked_hd32_depth3_stages2_share0,/home/liangyi/SRS_AI/Model_AIIC_refactor/experiments_refactored/20260427_072855_default_6port_separator1_masked_v2/separator1_grid_search_6ports_masked_hd32_depth3_stages2_share0,default_6port_separator1_masked_v2,separator1_grid_search_6ports_masked_hd32_depth3_stages2_share0,supervised_nmse_plateau,separator1,12,6,jit,bf16,bfloat16,1,1,ok,,316.62673,20,50,0.16926562,0.0017291687469995507,0.167148,0.168701,0.1725923,0.17292454999999998,0.17332631,0.173709,5907.874262948377,5.9078742629483765,168.701,168.701,5907.874262948377,54048,52224,106776,single-thread,0.0078125,0.00390625,Intel(R) Xeon(R) 6760P,AVX512,"avx2,avx512f,avx512bw,avx512vl,avx512_vnni,avx512_bf16,amx_bf16,amx_int8,amx_tile,fma",True,True,,,,,,256,128,sh14l07002s1404,3.11.9,2.1.2+cu121
20260428_010731,2026-04-28T07:06:35.249319,cpu,pytorch,separator1_grid_search_6ports_masked_hd32_depth3_stages2_share0,/home/liangyi/SRS_AI/Model_AIIC_refactor/experiments_refactored/20260427_072855_default_6port_separator1_masked_v2/separator1_grid_search_6ports_masked_hd32_depth3_stages2_share0,default_6port_separator1_masked_v2,separator1_grid_search_6ports_masked_hd32_depth3_stages2_share0,supervised_nmse_plateau,separator1,12,6,jit,bf16,bfloat16,1,2,ok,,314.597993,20,50,0.18741202,0.02955092021206108,0.178536,0.181153,0.1955675,0.20132849999999997,0.30091443999999967,0.389283,5335.837050366353,5.335837050366353,181.15300000000002,181.15300000000002,2667.9185251831764,54048,52224,106776,sub-physical,0.015625,0.0078125,Intel(R) Xeon(R) 6760P,AVX512,"avx2,avx512f,avx512bw,avx512vl,avx512_vnni,avx512_bf16,amx_bf16,amx_int8,amx_tile,fma",True,True,,,,,,256,128,sh14l07002s1404,3.11.9,2.1.2+cu121
20260428_010731,2026-04-28T07:06:35.249319,cpu,pytorch,separator1_grid_search_6ports_masked_hd32_depth3_stages2_share0,/home/liangyi/SRS_AI/Model_AIIC_refactor/experiments_refactored/20260427_072855_default_6port_separator1_masked_v2/separator1_grid_search_6ports_masked_hd32_depth3_stages2_share0,default_6port_separator1_masked_v2,separator1_grid_search_6ports_masked_hd32_depth3_stages2_share0,supervised_nmse_plateau,separator1,12,6,jit,bf16,bfloat16,1,4,ok,,313.520302,20,50,0.17063992,0.0076559607204844,0.166561,0.1679,0.1767654,0.1782264,0.20208294999999996,0.21607,5860.29341785908,5.86029341785908,167.9,167.9,1465.07335446477,54048,52224,106776,sub-physical,0.03125,0.015625,Intel(R) Xeon(R) 6760P,AVX512,"avx2,avx512f,avx512bw,avx512vl,avx512_vnni,avx512_bf16,amx_bf16,amx_int8,amx_tile,fma",True,True,,,,,,256,128,sh14l07002s1404,3.11.9,2.1.2+cu121
20260428_010731,2026-04-28T07:06:35.249319,cpu,pytorch,separator1_grid_search_6ports_masked_hd32_depth3_stages2_share0,/home/liangyi/SRS_AI/Model_AIIC_refactor/experiments_refactored/20260427_072855_default_6port_separator1_masked_v2/separator1_grid_search_6ports_masked_hd32_depth3_stages2_share0,default_6port_separator1_masked_v2,separator1_grid_search_6ports_masked_hd32_depth3_stages2_share0,supervised_nmse_plateau,separator1,12,6,jit,bf16,bfloat16,1,8,ok,,315.808058,20,50,0.17293212,0.002402395334993806,0.170656,0.1720295,0.17752980000000002,0.1782104,0.17947512999999998,0.180094,5782.615745415022,5.782615745415022,172.0295,172.0295,722.8269681768777,54048,52224,106776,sub-physical,0.0625,0.03125,Intel(R) Xeon(R) 6760P,AVX512,"avx2,avx512f,avx512bw,avx512vl,avx512_vnni,avx512_bf16,amx_bf16,amx_int8,amx_tile,fma",True,True,,,,,,256,128,sh14l07002s1404,3.11.9,2.1.2+cu121
20260428_010731,2026-04-28T07:06:35.249319,cpu,pytorch,separator1_grid_search_6ports_masked_hd32_depth3_stages2_share0,/home/liangyi/SRS_AI/Model_AIIC_refactor/experiments_refactored/20260427_072855_default_6port_separator1_masked_v2/separator1_grid_search_6ports_masked_hd32_depth3_stages2_share0,default_6port_separator1_masked_v2,separator1_grid_search_6ports_masked_hd32_depth3_stages2_share0,supervised_nmse_plateau,separator1,12,6,jit,bf16,bfloat16,2,1,ok,,312.744173,20,50,0.20059702000000001,0.0019717708537251495,0.198139,0.200046,0.2043518,0.20523855000000002,0.2061958,0.206627,9970.237843014816,9.970237843014816,200.046,100.023,9970.237843014816,54048,52224,106776,single-thread,0.0078125,0.00390625,Intel(R) Xeon(R) 6760P,AVX512,"avx2,avx512f,avx512bw,avx512vl,avx512_vnni,avx512_bf16,amx_bf16,amx_int8,amx_tile,fma",True,True,,,,,,256,128,sh14l07002s1404,3.11.9,2.1.2+cu121
20260428_010731,2026-04-28T07:06:35.249319,cpu,pytorch,separator1_grid_search_6ports_masked_hd32_depth3_stages2_share0,/home/liangyi/SRS_AI/Model_AIIC_refactor/experiments_refactored/20260427_072855_default_6port_separator1_masked_v2/separator1_grid_search_6ports_masked_hd32_depth3_stages2_share0,default_6port_separator1_masked_v2,separator1_grid_search_6ports_masked_hd32_depth3_stages2_share0,supervised_nmse_plateau,separator1,12,6,jit,bf16,bfloat16,2,2,ok,,310.927861,20,50,0.20944676,0.014371272644494643,0.20389,0.20631500000000003,0.2112398,0.21191985,0.2715777599999999,0.303906,9548.966047505342,9.548966047505342,206.31500000000003,103.15750000000001,4774.483023752671,54048,52224,106776,sub-physical,0.015625,0.0078125,Intel(R) Xeon(R) 6760P,AVX512,"avx2,avx512f,avx512bw,avx512vl,avx512_vnni,avx512_bf16,amx_bf16,amx_int8,amx_tile,fma",True,True,,,,,,256,128,sh14l07002s1404,3.11.9,2.1.2+cu121
20260428_010731,2026-04-28T07:06:35.249319,cpu,pytorch,separator1_grid_search_6ports_masked_hd32_depth3_stages2_share0,/home/liangyi/SRS_AI/Model_AIIC_refactor/experiments_refactored/20260427_072855_default_6port_separator1_masked_v2/separator1_grid_search_6ports_masked_hd32_depth3_stages2_share0,default_6port_separator1_masked_v2,separator1_grid_search_6ports_masked_hd32_depth3_stages2_share0,supervised_nmse_plateau,separator1,12,6,jit,bf16,bfloat16,2,4,ok,,316.176299,20,50,0.2076314,0.0024733019791363937,0.203909,0.207205,0.21221900000000002,0.2131663,0.21454341999999998,0.214907,9632.454436082404,9.632454436082403,207.205,103.6025,2408.113609020601,54048,52224,106776,sub-physical,0.03125,0.015625,Intel(R) Xeon(R) 6760P,AVX512,"avx2,avx512f,avx512bw,avx512vl,avx512_vnni,avx512_bf16,amx_bf16,amx_int8,amx_tile,fma",True,True,,,,,,256,128,sh14l07002s1404,3.11.9,2.1.2+cu121
20260428_010731,2026-04-28T07:06:35.249319,cpu,pytorch,separator1_grid_search_6ports_masked_hd32_depth3_stages2_share0,/home/liangyi/SRS_AI/Model_AIIC_refactor/experiments_refactored/20260427_072855_default_6port_separator1_masked_v2/separator1_grid_search_6ports_masked_hd32_depth3_stages2_share0,default_6port_separator1_masked_v2,separator1_grid_search_6ports_masked_hd32_depth3_stages2_share0,supervised_nmse_plateau,separator1,12,6,jit,bf16,bfloat16,2,8,ok,,311.475503,20,50,0.20915836,0.0018646856867579604,0.207156,0.208478,0.2125553,0.21296285,0.21508451,0.21631,9562.13273043449,9.56213273043449,208.478,104.239,1195.2665913043113,54048,52224,106776,sub-physical,0.0625,0.03125,Intel(R) Xeon(R) 6760P,AVX512,"avx2,avx512f,avx512bw,avx512vl,avx512_vnni,avx512_bf16,amx_bf16,amx_int8,amx_tile,fma",True,True,,,,,,256,128,sh14l07002s1404,3.11.9,2.1.2+cu121
20260428_010731,2026-04-28T07:06:35.249319,cpu,pytorch,separator1_grid_search_6ports_masked_hd32_depth3_stages2_share0,/home/liangyi/SRS_AI/Model_AIIC_refactor/experiments_refactored/20260427_072855_default_6port_separator1_masked_v2/separator1_grid_search_6ports_masked_hd32_depth3_stages2_share0,default_6port_separator1_masked_v2,separator1_grid_search_6ports_masked_hd32_depth3_stages2_share0,supervised_nmse_plateau,separator1,12,6,jit,bf16,bfloat16,4,1,ok,,312.656152,20,50,0.26385792,0.0024827056196013277,0.261446,0.2627575,0.2680734,0.26930315,0.27001403,0.270432,15159.673812330515,15.159673812330515,262.7575,65.689375,15159.673812330515,54048,52224,106776,single-thread,0.0078125,0.00390625,Intel(R) Xeon(R) 6760P,AVX512,"avx2,avx512f,avx512bw,avx512vl,avx512_vnni,avx512_bf16,amx_bf16,amx_int8,amx_tile,fma",True,True,,,,,,256,128,sh14l07002s1404,3.11.9,2.1.2+cu121
20260428_010731,2026-04-28T07:06:35.249319,cpu,pytorch,separator1_grid_search_6ports_masked_hd32_depth3_stages2_share0,/home/liangyi/SRS_AI/Model_AIIC_refactor/experiments_refactored/20260427_072855_default_6port_separator1_masked_v2/separator1_grid_search_6ports_masked_hd32_depth3_stages2_share0,default_6port_separator1_masked_v2,separator1_grid_search_6ports_masked_hd32_depth3_stages2_share0,supervised_nmse_plateau,separator1,12,6,jit,bf16,bfloat16,4,2,ok,,314.452177,20,50,0.26393922,0.0010186692748875854,0.262228,0.26376849999999996,0.2653642,0.26575505,0.26608209,0.26616,15155.004246811066,15.155004246811066,263.76849999999996,65.94212499999999,7577.502123405533,54048,52224,106776,sub-physical,0.015625,0.0078125,Intel(R) Xeon(R) 6760P,AVX512,"avx2,avx512f,avx512bw,avx512vl,avx512_vnni,avx512_bf16,amx_bf16,amx_int8,amx_tile,fma",True,True,,,,,,256,128,sh14l07002s1404,3.11.9,2.1.2+cu121
20260428_010731,2026-04-28T07:06:35.249319,cpu,pytorch,separator1_grid_search_6ports_masked_hd32_depth3_stages2_share0,/home/liangyi/SRS_AI/Model_AIIC_refactor/experiments_refactored/20260427_072855_default_6port_separator1_masked_v2/separator1_grid_search_6ports_masked_hd32_depth3_stages2_share0,default_6port_separator1_masked_v2,separator1_grid_search_6ports_masked_hd32_depth3_stages2_share0,supervised_nmse_plateau,separator1,12,6,jit,bf16,bfloat16,4,4,ok,,312.075813,20,50,0.26629834,0.0011333605888683455,0.264766,0.266069,0.26746590000000003,0.2681533,0.27019967,0.27109,15020.747031318331,15.020747031318331,266.069,66.51725,3755.186757829583,54048,52224,106776,sub-physical,0.03125,0.015625,Intel(R) Xeon(R) 6760P,AVX512,"avx2,avx512f,avx512bw,avx512vl,avx512_vnni,avx512_bf16,amx_bf16,amx_int8,amx_tile,fma",True,True,,,,,,256,128,sh14l07002s1404,3.11.9,2.1.2+cu121
20260428_010731,2026-04-28T07:06:35.249319,cpu,pytorch,separator1_grid_search_6ports_masked_hd32_depth3_stages2_share0,/home/liangyi/SRS_AI/Model_AIIC_refactor/experiments_refactored/20260427_072855_default_6port_separator1_masked_v2/separator1_grid_search_6ports_masked_hd32_depth3_stages2_share0,default_6port_separator1_masked_v2,separator1_grid_search_6ports_masked_hd32_depth3_stages2_share0,supervised_nmse_plateau,separator1,12,6,jit,bf16,bfloat16,4,8,ok,,317.215237,20,50,0.26298424,0.0021090127696152083,0.260467,0.26219000000000003,0.2666815,0.26764930000000003,0.26809160000000004,0.26817,15210.036920843622,15.210036920843622,262.19000000000005,65.54750000000001,1901.2546151054528,54048,52224,106776,sub-physical,0.0625,0.03125,Intel(R) Xeon(R) 6760P,AVX512,"avx2,avx512f,avx512bw,avx512vl,avx512_vnni,avx512_bf16,amx_bf16,amx_int8,amx_tile,fma",True,True,,,,,,256,128,sh14l07002s1404,3.11.9,2.1.2+cu121
20260428_010731,2026-04-28T07:06:35.249319,cpu,pytorch,separator1_grid_search_6ports_masked_hd32_depth3_stages2_share0,/home/liangyi/SRS_AI/Model_AIIC_refactor/experiments_refactored/20260427_072855_default_6port_separator1_masked_v2/separator1_grid_search_6ports_masked_hd32_depth3_stages2_share0,default_6port_separator1_masked_v2,separator1_grid_search_6ports_masked_hd32_depth3_stages2_share0,supervised_nmse_plateau,separator1,12,6,jit,bf16,bfloat16,8,1,ok,,320.772289,20,50,0.66693918,0.007542700632240422,0.653965,0.667328,0.6746591000000001,0.67806205,0.68919855,0.694493,11995.096764295658,11.995096764295658,667.3280000000001,83.41600000000001,11995.096764295658,54048,52224,106776,single-thread,0.0078125,0.00390625,Intel(R) Xeon(R) 6760P,AVX512,"avx2,avx512f,avx512bw,avx512vl,avx512_vnni,avx512_bf16,amx_bf16,amx_int8,amx_tile,fma",True,True,,,,,,256,128,sh14l07002s1404,3.11.9,2.1.2+cu121
20260428_010731,2026-04-28T07:06:35.249319,cpu,pytorch,separator1_grid_search_6ports_masked_hd32_depth3_stages2_share0,/home/liangyi/SRS_AI/Model_AIIC_refactor/experiments_refactored/20260427_072855_default_6port_separator1_masked_v2/separator1_grid_search_6ports_masked_hd32_depth3_stages2_share0,default_6port_separator1_masked_v2,separator1_grid_search_6ports_masked_hd32_depth3_stages2_share0,supervised_nmse_plateau,separator1,12,6,jit,bf16,bfloat16,8,2,ok,,322.23302,20,50,0.78034646,0.03024715548226644,0.761915,0.7709425,0.7897836000000001,0.87326875,0.88406859,0.884171,10251.856592006581,10.25185659200658,770.9425,96.3678125,5125.928296003291,54048,52224,106776,sub-physical,0.015625,0.0078125,Intel(R) Xeon(R) 6760P,AVX512,"avx2,avx512f,avx512bw,avx512vl,avx512_vnni,avx512_bf16,amx_bf16,amx_int8,amx_tile,fma",True,True,,,,,,256,128,sh14l07002s1404,3.11.9,2.1.2+cu121
20260428_010731,2026-04-28T07:06:35.249319,cpu,pytorch,separator1_grid_search_6ports_masked_hd32_depth3_stages2_share0,/home/liangyi/SRS_AI/Model_AIIC_refactor/experiments_refactored/20260427_072855_default_6port_separator1_masked_v2/separator1_grid_search_6ports_masked_hd32_depth3_stages2_share0,default_6port_separator1_masked_v2,separator1_grid_search_6ports_masked_hd32_depth3_stages2_share0,supervised_nmse_plateau,separator1,12,6,jit,bf16,bfloat16,8,4,ok,,324.572634,20,50,0.7834368,0.024834895200906325,0.765874,0.7773075,0.7840977,0.8558378499999999,0.87618714,0.876635,10211.417181322093,10.211417181322092,777.3075,97.1634375,2552.854295330523,54048,52224,106776,sub-physical,0.03125,0.015625,Intel(R) Xeon(R) 6760P,AVX512,"avx2,avx512f,avx512bw,avx512vl,avx512_vnni,avx512_bf16,amx_bf16,amx_int8,amx_tile,fma",True,True,,,,,,256,128,sh14l07002s1404,3.11.9,2.1.2+cu121
20260428_010731,2026-04-28T07:06:35.249319,cpu,pytorch,separator1_grid_search_6ports_masked_hd32_depth3_stages2_share0,/home/liangyi/SRS_AI/Model_AIIC_refactor/experiments_refactored/20260427_072855_default_6port_separator1_masked_v2/separator1_grid_search_6ports_masked_hd32_depth3_stages2_share0,default_6port_separator1_masked_v2,separator1_grid_search_6ports_masked_hd32_depth3_stages2_share0,supervised_nmse_plateau,separator1,12,6,jit,bf16,bfloat16,8,8,ok,,326.934022,20,50,0.80485642,0.028642110649245114,0.782008,0.797442,0.8146048,0.8482279499999998,0.9199764899999998,0.964076,9939.66103917019,9.93966103917019,797.442,99.68025,1242.4576298962738,54048,52224,106776,sub-physical,0.0625,0.03125,Intel(R) Xeon(R) 6760P,AVX512,"avx2,avx512f,avx512bw,avx512vl,avx512_vnni,avx512_bf16,amx_bf16,amx_int8,amx_tile,fma",True,True,,,,,,256,128,sh14l07002s1404,3.11.9,2.1.2+cu121
20260428_010731,2026-04-28T07:06:35.249319,cpu,pytorch,separator1_grid_search_6ports_masked_hd32_depth3_stages2_share0,/home/liangyi/SRS_AI/Model_AIIC_refactor/experiments_refactored/20260427_072855_default_6port_separator1_masked_v2/separator1_grid_search_6ports_masked_hd32_depth3_stages2_share0,default_6port_separator1_masked_v2,separator1_grid_search_6ports_masked_hd32_depth3_stages2_share0,supervised_nmse_plateau,separator1,12,6,jit,bf16,bfloat16,16,1,ok,,327.771349,20,50,0.90067774,0.042838639116484556,0.878298,0.8899325,0.9009855999999999,0.9812239999999998,1.0858947,1.086076,17764.400394751625,17.764400394751625,889.9325,55.62078125,17764.400394751625,54048,52224,106776,single-thread,0.0078125,0.00390625,Intel(R) Xeon(R) 6760P,AVX512,"avx2,avx512f,avx512bw,avx512vl,avx512_vnni,avx512_bf16,amx_bf16,amx_int8,amx_tile,fma",True,True,,,,,,256,128,sh14l07002s1404,3.11.9,2.1.2+cu121
20260428_010731,2026-04-28T07:06:35.249319,cpu,pytorch,separator1_grid_search_6ports_masked_hd32_depth3_stages2_share0,/home/liangyi/SRS_AI/Model_AIIC_refactor/experiments_refactored/20260427_072855_default_6port_separator1_masked_v2/separator1_grid_search_6ports_masked_hd32_depth3_stages2_share0,default_6port_separator1_masked_v2,separator1_grid_search_6ports_masked_hd32_depth3_stages2_share0,supervised_nmse_plateau,separator1,12,6,jit,bf16,bfloat16,16,2,ok,,325.963906,20,50,0.984383,0.03685451775020262,0.953403,0.9760344999999999,0.987429,1.0177413999999998,1.15541291,1.178463,16253.836159299786,16.253836159299787,976.0344999999999,61.00215624999999,8126.918079649893,54048,52224,106776,sub-physical,0.015625,0.0078125,Intel(R) Xeon(R) 6760P,AVX512,"avx2,avx512f,avx512bw,avx512vl,avx512_vnni,avx512_bf16,amx_bf16,amx_int8,amx_tile,fma",True,True,,,,,,256,128,sh14l07002s1404,3.11.9,2.1.2+cu121
20260428_010731,2026-04-28T07:06:35.249319,cpu,pytorch,separator1_grid_search_6ports_masked_hd32_depth3_stages2_share0,/home/liangyi/SRS_AI/Model_AIIC_refactor/experiments_refactored/20260427_072855_default_6port_separator1_masked_v2/separator1_grid_search_6ports_masked_hd32_depth3_stages2_share0,default_6port_separator1_masked_v2,separator1_grid_search_6ports_masked_hd32_depth3_stages2_share0,supervised_nmse_plateau,separator1,12,6,jit,bf16,bfloat16,16,4,ok,,328.214811,20,50,0.95722554,0.035314893052767415,0.937507,0.9475905,0.9614862,1.0268721499999998,1.10620921,1.110066,16714.97398617258,16.71497398617258,947.5905,59.22440625,4178.743496543145,54048,52224,106776,sub-physical,0.03125,0.015625,Intel(R) Xeon(R) 6760P,AVX512,"avx2,avx512f,avx512bw,avx512vl,avx512_vnni,avx512_bf16,amx_bf16,amx_int8,amx_tile,fma",True,True,,,,,,256,128,sh14l07002s1404,3.11.9,2.1.2+cu121
20260428_010731,2026-04-28T07:06:35.249319,cpu,pytorch,separator1_grid_search_6ports_masked_hd32_depth3_stages2_share0,/home/liangyi/SRS_AI/Model_AIIC_refactor/experiments_refactored/20260427_072855_default_6port_separator1_masked_v2/separator1_grid_search_6ports_masked_hd32_depth3_stages2_share0,default_6port_separator1_masked_v2,separator1_grid_search_6ports_masked_hd32_depth3_stages2_share0,supervised_nmse_plateau,separator1,12,6,jit,bf16,bfloat16,16,8,ok,,334.100743,20,50,0.98999482,0.009146078039662673,0.969601,0.987754,1.0014269,1.00373825,1.01138989,1.015819,16161.700724858336,16.161700724858335,987.754,61.734625,2020.212590607292,54048,52224,106776,sub-physical,0.0625,0.03125,Intel(R) Xeon(R) 6760P,AVX512,"avx2,avx512f,avx512bw,avx512vl,avx512_vnni,avx512_bf16,amx_bf16,amx_int8,amx_tile,fma",True,True,,,,,,256,128,sh14l07002s1404,3.11.9,2.1.2+cu121
20260428_010731,2026-04-28T07:06:35.249319,cpu,pytorch,separator1_grid_search_6ports_masked_hd32_depth3_stages2_share0,/home/liangyi/SRS_AI/Model_AIIC_refactor/experiments_refactored/20260427_072855_default_6port_separator1_masked_v2/separator1_grid_search_6ports_masked_hd32_depth3_stages2_share0,default_6port_separator1_masked_v2,separator1_grid_search_6ports_masked_hd32_depth3_stages2_share0,supervised_nmse_plateau,separator1,12,6,jit,bf16,bfloat16,32,1,ok,,325.378193,20,50,0.99756558,0.07603564153739745,0.945441,0.963176,1.1588194,1.17910195,1.19092774,1.191454,32078.09154762537,32.07809154762537,963.176,30.09925,32078.09154762537,54048,52224,106776,single-thread,0.0078125,0.00390625,Intel(R) Xeon(R) 6760P,AVX512,"avx2,avx512f,avx512bw,avx512vl,avx512_vnni,avx512_bf16,amx_bf16,amx_int8,amx_tile,fma",True,True,,,,,,256,128,sh14l07002s1404,3.11.9,2.1.2+cu121
20260428_010731,2026-04-28T07:06:35.249319,cpu,pytorch,separator1_grid_search_6ports_masked_hd32_depth3_stages2_share0,/home/liangyi/SRS_AI/Model_AIIC_refactor/experiments_refactored/20260427_072855_default_6port_separator1_masked_v2/separator1_grid_search_6ports_masked_hd32_depth3_stages2_share0,default_6port_separator1_masked_v2,separator1_grid_search_6ports_masked_hd32_depth3_stages2_share0,supervised_nmse_plateau,separator1,12,6,jit,bf16,bfloat16,32,2,ok,,324.733684,20,50,1.01575286,0.009475976184035076,1.003019,1.013862,1.0295672,1.03636245,1.04272627,1.043058,31503.726211511726,31.503726211511726,1013.8620000000001,31.683187500000003,15751.863105755863,54048,52224,106776,sub-physical,0.015625,0.0078125,Intel(R) Xeon(R) 6760P,AVX512,"avx2,avx512f,avx512bw,avx512vl,avx512_vnni,avx512_bf16,amx_bf16,amx_int8,amx_tile,fma",True,True,,,,,,256,128,sh14l07002s1404,3.11.9,2.1.2+cu121
20260428_010731,2026-04-28T07:06:35.249319,cpu,pytorch,separator1_grid_search_6ports_masked_hd32_depth3_stages2_share0,/home/liangyi/SRS_AI/Model_AIIC_refactor/experiments_refactored/20260427_072855_default_6port_separator1_masked_v2/separator1_grid_search_6ports_masked_hd32_depth3_stages2_share0,default_6port_separator1_masked_v2,separator1_grid_search_6ports_masked_hd32_depth3_stages2_share0,supervised_nmse_plateau,separator1,12,6,jit,bf16,bfloat16,32,4,ok,,327.313746,20,50,1.11240808,0.06254311889915308,1.061135,1.0799474999999998,1.1993998,1.2429702999999999,1.29498678,1.333637,28766.421761337802,28.766421761337803,1079.9474999999998,33.74835937499999,7191.605440334451,54048,52224,106776,sub-physical,0.03125,0.015625,Intel(R) Xeon(R) 6760P,AVX512,"avx2,avx512f,avx512bw,avx512vl,avx512_vnni,avx512_bf16,amx_bf16,amx_int8,amx_tile,fma",True,True,,,,,,256,128,sh14l07002s1404,3.11.9,2.1.2+cu121
20260428_010731,2026-04-28T07:06:35.249319,cpu,pytorch,separator1_grid_search_6ports_masked_hd32_depth3_stages2_share0,/home/liangyi/SRS_AI/Model_AIIC_refactor/experiments_refactored/20260427_072855_default_6port_separator1_masked_v2/separator1_grid_search_6ports_masked_hd32_depth3_stages2_share0,default_6port_separator1_masked_v2,separator1_grid_search_6ports_masked_hd32_depth3_stages2_share0,supervised_nmse_plateau,separator1,12,6,jit,bf16,bfloat16,32,8,ok,,330.585253,20,50,1.19822616,0.060070778336678815,1.145128,1.1757214999999999,1.2725595,1.3459181,1.39280389,1.399634,26706.143688266664,26.706143688266664,1175.7214999999999,36.741296874999996,3338.267961033333,54048,52224,106776,sub-physical,0.0625,0.03125,Intel(R) Xeon(R) 6760P,AVX512,"avx2,avx512f,avx512bw,avx512vl,avx512_vnni,avx512_bf16,amx_bf16,amx_int8,amx_tile,fma",True,True,,,,,,256,128,sh14l07002s1404,3.11.9,2.1.2+cu121
20260428_010731,2026-04-28T07:06:35.249319,cpu,pytorch,separator1_grid_search_6ports_masked_hd32_depth3_stages2_share0,/home/liangyi/SRS_AI/Model_AIIC_refactor/experiments_refactored/20260427_072855_default_6port_separator1_masked_v2/separator1_grid_search_6ports_masked_hd32_depth3_stages2_share0,default_6port_separator1_masked_v2,separator1_grid_search_6ports_masked_hd32_depth3_stages2_share0,supervised_nmse_plateau,separator1,12,6,jit,bf16,bfloat16,64,1,ok,,330.20428,20,50,1.06343486,0.06782864272002205,1.012108,1.0286225,1.1677227,1.2219248,1.24314274,1.247442,60182.34158695907,60.18234158695907,1028.6225,16.0722265625,60182.34158695907,54048,52224,106776,single-thread,0.0078125,0.00390625,Intel(R) Xeon(R) 6760P,AVX512,"avx2,avx512f,avx512bw,avx512vl,avx512_vnni,avx512_bf16,amx_bf16,amx_int8,amx_tile,fma",True,True,,,,,,256,128,sh14l07002s1404,3.11.9,2.1.2+cu121
20260428_010731,2026-04-28T07:06:35.249319,cpu,pytorch,separator1_grid_search_6ports_masked_hd32_depth3_stages2_share0,/home/liangyi/SRS_AI/Model_AIIC_refactor/experiments_refactored/20260427_072855_default_6port_separator1_masked_v2/separator1_grid_search_6ports_masked_hd32_depth3_stages2_share0,default_6port_separator1_masked_v2,separator1_grid_search_6ports_masked_hd32_depth3_stages2_share0,supervised_nmse_plateau,separator1,12,6,jit,bf16,bfloat16,64,2,ok,,333.069191,20,50,1.44780674,0.044703262837877955,1.391727,1.4247835,1.5119303000000002,1.52050495,1.52658577,1.526697,44204.794902391455,44.204794902391455,1424.7835,22.2622421875,22102.397451195728,54048,52224,106776,sub-physical,0.015625,0.0078125,Intel(R) Xeon(R) 6760P,AVX512,"avx2,avx512f,avx512bw,avx512vl,avx512_vnni,avx512_bf16,amx_bf16,amx_int8,amx_tile,fma",True,True,,,,,,256,128,sh14l07002s1404,3.11.9,2.1.2+cu121
20260428_010731,2026-04-28T07:06:35.249319,cpu,pytorch,separator1_grid_search_6ports_masked_hd32_depth3_stages2_share0,/home/liangyi/SRS_AI/Model_AIIC_refactor/experiments_refactored/20260427_072855_default_6port_separator1_masked_v2/separator1_grid_search_6ports_masked_hd32_depth3_stages2_share0,default_6port_separator1_masked_v2,separator1_grid_search_6ports_masked_hd32_depth3_stages2_share0,supervised_nmse_plateau,separator1,12,6,jit,bf16,bfloat16,64,4,ok,,332.984132,20,50,1.44630672,0.03987837307917161,1.381162,1.4379295,1.5006223,1.5046243,1.53557682,1.545809,44250.64138539023,44.250641385390225,1437.9295000000002,22.467648437500003,11062.660346347557,54048,52224,106776,sub-physical,0.03125,0.015625,Intel(R) Xeon(R) 6760P,AVX512,"avx2,avx512f,avx512bw,avx512vl,avx512_vnni,avx512_bf16,amx_bf16,amx_int8,amx_tile,fma",True,True,,,,,,256,128,sh14l07002s1404,3.11.9,2.1.2+cu121
20260428_010731,2026-04-28T07:06:35.249319,cpu,pytorch,separator1_grid_search_6ports_masked_hd32_depth3_stages2_share0,/home/liangyi/SRS_AI/Model_AIIC_refactor/experiments_refactored/20260427_072855_default_6port_separator1_masked_v2/separator1_grid_search_6ports_masked_hd32_depth3_stages2_share0,default_6port_separator1_masked_v2,separator1_grid_search_6ports_masked_hd32_depth3_stages2_share0,supervised_nmse_plateau,separator1,12,6,jit,bf16,bfloat16,64,8,ok,,332.255689,20,50,1.5042823,0.03317324985782973,1.464832,1.4938829999999998,1.5484158,1.57225135,1.60837585,1.625102,42545.205776867806,42.5452057768678,1493.8829999999998,23.341921874999997,5318.150722108476,54048,52224,106776,sub-physical,0.0625,0.03125,Intel(R) Xeon(R) 6760P,AVX512,"avx2,avx512f,avx512bw,avx512vl,avx512_vnni,avx512_bf16,amx_bf16,amx_int8,amx_tile,fma",True,True,,,,,,256,128,sh14l07002s1404,3.11.9,2.1.2+cu121
20260428_010731,2026-04-28T07:06:35.249319,cpu,pytorch,separator1_grid_search_6ports_masked_hd32_depth3_stages2_share0,/home/liangyi/SRS_AI/Model_AIIC_refactor/experiments_refactored/20260427_072855_default_6port_separator1_masked_v2/separator1_grid_search_6ports_masked_hd32_depth3_stages2_share0,default_6port_separator1_masked_v2,separator1_grid_search_6ports_masked_hd32_depth3_stages2_share0,supervised_nmse_plateau,separator1,12,6,jit,bf16,bfloat16,128,1,ok,,327.620587,20,50,1.23210456,0.059835701811263145,1.182492,1.1977389999999999,1.3205025000000001,1.32547185,1.38673492,1.386878,103887.28696856702,103.88728696856701,1197.7389999999998,9.357335937499998,103887.28696856702,54048,52224,106776,single-thread,0.0078125,0.00390625,Intel(R) Xeon(R) 6760P,AVX512,"avx2,avx512f,avx512bw,avx512vl,avx512_vnni,avx512_bf16,amx_bf16,amx_int8,amx_tile,fma",True,True,,,,,,256,128,sh14l07002s1404,3.11.9,2.1.2+cu121
20260428_010731,2026-04-28T07:06:35.249319,cpu,pytorch,separator1_grid_search_6ports_masked_hd32_depth3_stages2_share0,/home/liangyi/SRS_AI/Model_AIIC_refactor/experiments_refactored/20260427_072855_default_6port_separator1_masked_v2/separator1_grid_search_6ports_masked_hd32_depth3_stages2_share0,default_6port_separator1_masked_v2,separator1_grid_search_6ports_masked_hd32_depth3_stages2_share0,supervised_nmse_plateau,separator1,12,6,jit,bf16,bfloat16,128,2,ok,,334.362198,20,50,1.63324276,0.02940441475055066,1.589586,1.62845,1.6738511,1.682973,1.7296524,1.735699,78371.69288905956,78.37169288905956,1628.45,12.722265625,39185.84644452978,54048,52224,106776,sub-physical,0.015625,0.0078125,Intel(R) Xeon(R) 6760P,AVX512,"avx2,avx512f,avx512bw,avx512vl,avx512_vnni,avx512_bf16,amx_bf16,amx_int8,amx_tile,fma",True,True,,,,,,256,128,sh14l07002s1404,3.11.9,2.1.2+cu121
20260428_010731,2026-04-28T07:06:35.249319,cpu,pytorch,separator1_grid_search_6ports_masked_hd32_depth3_stages2_share0,/home/liangyi/SRS_AI/Model_AIIC_refactor/experiments_refactored/20260427_072855_default_6port_separator1_masked_v2/separator1_grid_search_6ports_masked_hd32_depth3_stages2_share0,default_6port_separator1_masked_v2,separator1_grid_search_6ports_masked_hd32_depth3_stages2_share0,supervised_nmse_plateau,separator1,12,6,jit,bf16,bfloat16,128,4,ok,,335.422447,20,50,1.69343084,0.03276544516795705,1.631923,1.6879855,1.7433279,1.74863495,1.7560829199999999,1.75799,75586.198725423,75.586198725423,1687.9855,13.18738671875,18896.54968135575,54048,52224,106776,sub-physical,0.03125,0.015625,Intel(R) Xeon(R) 6760P,AVX512,"avx2,avx512f,avx512bw,avx512vl,avx512_vnni,avx512_bf16,amx_bf16,amx_int8,amx_tile,fma",True,True,,,,,,256,128,sh14l07002s1404,3.11.9,2.1.2+cu121
20260428_010731,2026-04-28T07:06:35.249319,cpu,pytorch,separator1_grid_search_6ports_masked_hd32_depth3_stages2_share0,/home/liangyi/SRS_AI/Model_AIIC_refactor/experiments_refactored/20260427_072855_default_6port_separator1_masked_v2/separator1_grid_search_6ports_masked_hd32_depth3_stages2_share0,default_6port_separator1_masked_v2,separator1_grid_search_6ports_masked_hd32_depth3_stages2_share0,supervised_nmse_plateau,separator1,12,6,jit,bf16,bfloat16,128,8,ok,,335.883922,20,50,1.80341174,0.026449292677733358,1.752289,1.803737,1.8331116,1.8452953,1.86464988,1.879834,70976.58131026695,70.97658131026695,1803.7369999999999,14.091695312499999,8872.072663783369,54048,52224,106776,sub-physical,0.0625,0.03125,Intel(R) Xeon(R) 6760P,AVX512,"avx2,avx512f,avx512bw,avx512vl,avx512_vnni,avx512_bf16,amx_bf16,amx_int8,amx_tile,fma",True,True,,,,,,256,128,sh14l07002s1404,3.11.9,2.1.2+cu121
20260428_010731,2026-04-28T07:06:35.249319,cpu,pytorch,separator1_grid_search_6ports_masked_hd32_depth3_stages2_share0,/home/liangyi/SRS_AI/Model_AIIC_refactor/experiments_refactored/20260427_072855_default_6port_separator1_masked_v2/separator1_grid_search_6ports_masked_hd32_depth3_stages2_share0,default_6port_separator1_masked_v2,separator1_grid_search_6ports_masked_hd32_depth3_stages2_share0,supervised_nmse_plateau,separator1,12,6,compile,fp32,float32,1,1,ok,,496.002887,20,50,0.47247614,0.012135395703494803,0.4624,0.4698135,0.4755145,0.47861175,0.52892872,0.532737,2116.508994507109,2.116508994507109,469.8135,469.8135,2116.508994507109,54048,52224,106776,single-thread,0.0078125,0.00390625,Intel(R) Xeon(R) 6760P,AVX512,"avx2,avx512f,avx512bw,avx512vl,avx512_vnni,avx512_bf16,amx_bf16,amx_int8,amx_tile,fma",True,True,,,,,,256,128,sh14l07002s1404,3.11.9,2.1.2+cu121
20260428_010731,2026-04-28T07:06:35.249319,cpu,pytorch,separator1_grid_search_6ports_masked_hd32_depth3_stages2_share0,/home/liangyi/SRS_AI/Model_AIIC_refactor/experiments_refactored/20260427_072855_default_6port_separator1_masked_v2/separator1_grid_search_6ports_masked_hd32_depth3_stages2_share0,default_6port_separator1_masked_v2,separator1_grid_search_6ports_masked_hd32_depth3_stages2_share0,supervised_nmse_plateau,separator1,12,6,compile,fp32,float32,1,2,ok,,505.777705,20,50,0.48248278,0.022102795020802233,0.469612,0.47659850000000004,0.4837832,0.52277115,0.57833735,0.593765,2072.6128298299063,2.0726128298299065,476.59850000000006,476.59850000000006,1036.3064149149532,54048,52224,106776,sub-physical,0.015625,0.0078125,Intel(R) Xeon(R) 6760P,AVX512,"avx2,avx512f,avx512bw,avx512vl,avx512_vnni,avx512_bf16,amx_bf16,amx_int8,amx_tile,fma",True,True,,,,,,256,128,sh14l07002s1404,3.11.9,2.1.2+cu121
20260428_010731,2026-04-28T07:06:35.249319,cpu,pytorch,separator1_grid_search_6ports_masked_hd32_depth3_stages2_share0,/home/liangyi/SRS_AI/Model_AIIC_refactor/experiments_refactored/20260427_072855_default_6port_separator1_masked_v2/separator1_grid_search_6ports_masked_hd32_depth3_stages2_share0,default_6port_separator1_masked_v2,separator1_grid_search_6ports_masked_hd32_depth3_stages2_share0,supervised_nmse_plateau,separator1,12,6,compile,fp32,float32,1,4,ok,,510.559991,20,50,0.48211996,0.021612719890805043,0.468497,0.476437,0.4852075,0.5237909999999999,0.57287218,0.586895,2074.172577297982,2.074172577297982,476.437,476.437,518.5431443244955,54048,52224,106776,sub-physical,0.03125,0.015625,Intel(R) Xeon(R) 6760P,AVX512,"avx2,avx512f,avx512bw,avx512vl,avx512_vnni,avx512_bf16,amx_bf16,amx_int8,amx_tile,fma",True,True,,,,,,256,128,sh14l07002s1404,3.11.9,2.1.2+cu121
20260428_010731,2026-04-28T07:06:35.249319,cpu,pytorch,separator1_grid_search_6ports_masked_hd32_depth3_stages2_share0,/home/liangyi/SRS_AI/Model_AIIC_refactor/experiments_refactored/20260427_072855_default_6port_separator1_masked_v2/separator1_grid_search_6ports_masked_hd32_depth3_stages2_share0,default_6port_separator1_masked_v2,separator1_grid_search_6ports_masked_hd32_depth3_stages2_share0,supervised_nmse_plateau,separator1,12,6,compile,fp32,float32,1,8,ok,,540.412912,20,50,0.47582508,0.003143708299699576,0.470484,0.4754575,0.4803512,0.48156905,0.48310196,0.48408,2101.6126346261526,2.1016126346261528,475.4575,475.4575,262.7015793282691,54048,52224,106776,sub-physical,0.0625,0.03125,Intel(R) Xeon(R) 6760P,AVX512,"avx2,avx512f,avx512bw,avx512vl,avx512_vnni,avx512_bf16,amx_bf16,amx_int8,amx_tile,fma",True,True,,,,,,256,128,sh14l07002s1404,3.11.9,2.1.2+cu121
20260428_010731,2026-04-28T07:06:35.249319,cpu,pytorch,separator1_grid_search_6ports_masked_hd32_depth3_stages2_share0,/home/liangyi/SRS_AI/Model_AIIC_refactor/experiments_refactored/20260427_072855_default_6port_separator1_masked_v2/separator1_grid_search_6ports_masked_hd32_depth3_stages2_share0,default_6port_separator1_masked_v2,separator1_grid_search_6ports_masked_hd32_depth3_stages2_share0,supervised_nmse_plateau,separator1,12,6,compile,fp32,float32,2,1,ok,,497.112793,20,50,0.49018162,0.004011500980381283,0.482068,0.49019250000000003,0.4946854,0.496625,0.49863667,0.498645,4080.120343965569,4.080120343965569,490.19250000000005,245.09625000000003,4080.120343965569,54048,52224,106776,single-thread,0.0078125,0.00390625,Intel(R) Xeon(R) 6760P,AVX512,"avx2,avx512f,avx512bw,avx512vl,avx512_vnni,avx512_bf16,amx_bf16,amx_int8,amx_tile,fma",True,True,,,,,,256,128,sh14l07002s1404,3.11.9,2.1.2+cu121
20260428_010731,2026-04-28T07:06:35.249319,cpu,pytorch,separator1_grid_search_6ports_masked_hd32_depth3_stages2_share0,/home/liangyi/SRS_AI/Model_AIIC_refactor/experiments_refactored/20260427_072855_default_6port_separator1_masked_v2/separator1_grid_search_6ports_masked_hd32_depth3_stages2_share0,default_6port_separator1_masked_v2,separator1_grid_search_6ports_masked_hd32_depth3_stages2_share0,supervised_nmse_plateau,separator1,12,6,compile,fp32,float32,2,2,ok,,506.561489,20,50,0.49243394,0.018795995843168305,0.481026,0.487583,0.4951452,0.5301265499999999,0.56992619,0.58074,4061.458477049733,4.061458477049733,487.58299999999997,243.79149999999998,2030.7292385248666,54048,52224,106776,sub-physical,0.015625,0.0078125,Intel(R) Xeon(R) 6760P,AVX512,"avx2,avx512f,avx512bw,avx512vl,avx512_vnni,avx512_bf16,amx_bf16,amx_int8,amx_tile,fma",True,True,,,,,,256,128,sh14l07002s1404,3.11.9,2.1.2+cu121
20260428_010731,2026-04-28T07:06:35.249319,cpu,pytorch,separator1_grid_search_6ports_masked_hd32_depth3_stages2_share0,/home/liangyi/SRS_AI/Model_AIIC_refactor/experiments_refactored/20260427_072855_default_6port_separator1_masked_v2/separator1_grid_search_6ports_masked_hd32_depth3_stages2_share0,default_6port_separator1_masked_v2,separator1_grid_search_6ports_masked_hd32_depth3_stages2_share0,supervised_nmse_plateau,separator1,12,6,compile,fp32,float32,2,4,ok,,513.320921,20,50,0.4916166,0.011424003406862233,0.482213,0.4891535,0.4955973,0.49821575,0.5416029699999999,0.55858,4068.210878151795,4.068210878151795,489.1535,244.57675,1017.0527195379487,54048,52224,106776,sub-physical,0.03125,0.015625,Intel(R) Xeon(R) 6760P,AVX512,"avx2,avx512f,avx512bw,avx512vl,avx512_vnni,avx512_bf16,amx_bf16,amx_int8,amx_tile,fma",True,True,,,,,,256,128,sh14l07002s1404,3.11.9,2.1.2+cu121
20260428_010731,2026-04-28T07:06:35.249319,cpu,pytorch,separator1_grid_search_6ports_masked_hd32_depth3_stages2_share0,/home/liangyi/SRS_AI/Model_AIIC_refactor/experiments_refactored/20260427_072855_default_6port_separator1_masked_v2/separator1_grid_search_6ports_masked_hd32_depth3_stages2_share0,default_6port_separator1_masked_v2,separator1_grid_search_6ports_masked_hd32_depth3_stages2_share0,supervised_nmse_plateau,separator1,12,6,compile,fp32,float32,2,8,ok,,538.844219,20,50,0.49276652,0.011814661485188654,0.482838,0.490432,0.4964698,0.502906,0.54518432,0.560096,4058.7173008425984,4.0587173008425985,490.43199999999996,245.21599999999998,507.3396626053248,54048,52224,106776,sub-physical,0.0625,0.03125,Intel(R) Xeon(R) 6760P,AVX512,"avx2,avx512f,avx512bw,avx512vl,avx512_vnni,avx512_bf16,amx_bf16,amx_int8,amx_tile,fma",True,True,,,,,,256,128,sh14l07002s1404,3.11.9,2.1.2+cu121
20260428_010731,2026-04-28T07:06:35.249319,cpu,pytorch,separator1_grid_search_6ports_masked_hd32_depth3_stages2_share0,/home/liangyi/SRS_AI/Model_AIIC_refactor/experiments_refactored/20260427_072855_default_6port_separator1_masked_v2/separator1_grid_search_6ports_masked_hd32_depth3_stages2_share0,default_6port_separator1_masked_v2,separator1_grid_search_6ports_masked_hd32_depth3_stages2_share0,supervised_nmse_plateau,separator1,12,6,compile,fp32,float32,4,1,ok,,496.737918,20,50,0.49509894,0.01931333420868598,0.482644,0.4911365,0.4979052,0.5173885999999999,0.58279094,0.596018,8079.193221459937,8.079193221459937,491.13649999999996,122.78412499999999,8079.193221459937,54048,52224,106776,single-thread,0.0078125,0.00390625,Intel(R) Xeon(R) 6760P,AVX512,"avx2,avx512f,avx512bw,avx512vl,avx512_vnni,avx512_bf16,amx_bf16,amx_int8,amx_tile,fma",True,True,,,,,,256,128,sh14l07002s1404,3.11.9,2.1.2+cu121
20260428_010731,2026-04-28T07:06:35.249319,cpu,pytorch,separator1_grid_search_6ports_masked_hd32_depth3_stages2_share0,/home/liangyi/SRS_AI/Model_AIIC_refactor/experiments_refactored/20260427_072855_default_6port_separator1_masked_v2/separator1_grid_search_6ports_masked_hd32_depth3_stages2_share0,default_6port_separator1_masked_v2,separator1_grid_search_6ports_masked_hd32_depth3_stages2_share0,supervised_nmse_plateau,separator1,12,6,compile,fp32,float32,4,2,ok,,504.742482,20,50,0.48734558,0.0032553090488615668,0.481718,0.4872095,0.49126420000000004,0.49264295,0.49560591,0.496312,8207.728076655583,8.207728076655583,487.2095,121.802375,4103.864038327792,54048,52224,106776,sub-physical,0.015625,0.0078125,Intel(R) Xeon(R) 6760P,AVX512,"avx2,avx512f,avx512bw,avx512vl,avx512_vnni,avx512_bf16,amx_bf16,amx_int8,amx_tile,fma",True,True,,,,,,256,128,sh14l07002s1404,3.11.9,2.1.2+cu121
20260428_010731,2026-04-28T07:06:35.249319,cpu,pytorch,separator1_grid_search_6ports_masked_hd32_depth3_stages2_share0,/home/liangyi/SRS_AI/Model_AIIC_refactor/experiments_refactored/20260427_072855_default_6port_separator1_masked_v2/separator1_grid_search_6ports_masked_hd32_depth3_stages2_share0,default_6port_separator1_masked_v2,separator1_grid_search_6ports_masked_hd32_depth3_stages2_share0,supervised_nmse_plateau,separator1,12,6,compile,fp32,float32,4,4,ok,,513.440877,20,50,0.49316344,0.019197290551700257,0.483165,0.488647,0.49556870000000003,0.5190972499999998,0.5784296899999999,0.593923,8110.901327154341,8.110901327154341,488.647,122.16175,2027.7253317885852,54048,52224,106776,sub-physical,0.03125,0.015625,Intel(R) Xeon(R) 6760P,AVX512,"avx2,avx512f,avx512bw,avx512vl,avx512_vnni,avx512_bf16,amx_bf16,amx_int8,amx_tile,fma",True,True,,,,,,256,128,sh14l07002s1404,3.11.9,2.1.2+cu121
20260428_010731,2026-04-28T07:06:35.249319,cpu,pytorch,separator1_grid_search_6ports_masked_hd32_depth3_stages2_share0,/home/liangyi/SRS_AI/Model_AIIC_refactor/experiments_refactored/20260427_072855_default_6port_separator1_masked_v2/separator1_grid_search_6ports_masked_hd32_depth3_stages2_share0,default_6port_separator1_masked_v2,separator1_grid_search_6ports_masked_hd32_depth3_stages2_share0,supervised_nmse_plateau,separator1,12,6,compile,fp32,float32,4,8,ok,,534.483131,20,50,0.48928472,0.004240772731661061,0.481072,0.4893465,0.4949944,0.4971313,0.4981541,0.498649,8175.199094711153,8.175199094711152,489.3465,122.336625,1021.8998868388941,54048,52224,106776,sub-physical,0.0625,0.03125,Intel(R) Xeon(R) 6760P,AVX512,"avx2,avx512f,avx512bw,avx512vl,avx512_vnni,avx512_bf16,amx_bf16,amx_int8,amx_tile,fma",True,True,,,,,,256,128,sh14l07002s1404,3.11.9,2.1.2+cu121
20260428_010731,2026-04-28T07:06:35.249319,cpu,pytorch,separator1_grid_search_6ports_masked_hd32_depth3_stages2_share0,/home/liangyi/SRS_AI/Model_AIIC_refactor/experiments_refactored/20260427_072855_default_6port_separator1_masked_v2/separator1_grid_search_6ports_masked_hd32_depth3_stages2_share0,default_6port_separator1_masked_v2,separator1_grid_search_6ports_masked_hd32_depth3_stages2_share0,supervised_nmse_plateau,separator1,12,6,compile,fp32,float32,8,1,ok,,497.236386,20,50,0.49442496,0.012568068542079166,0.486278,0.491719,0.4981601,0.5043639499999999,0.5508554899999999,0.566094,16180.412898248504,16.180412898248502,491.719,61.464875,16180.412898248504,54048,52224,106776,single-thread,0.0078125,0.00390625,Intel(R) Xeon(R) 6760P,AVX512,"avx2,avx512f,avx512bw,avx512vl,avx512_vnni,avx512_bf16,amx_bf16,amx_int8,amx_tile,fma",True,True,,,,,,256,128,sh14l07002s1404,3.11.9,2.1.2+cu121
20260428_010731,2026-04-28T07:06:35.249319,cpu,pytorch,separator1_grid_search_6ports_masked_hd32_depth3_stages2_share0,/home/liangyi/SRS_AI/Model_AIIC_refactor/experiments_refactored/20260427_072855_default_6port_separator1_masked_v2/separator1_grid_search_6ports_masked_hd32_depth3_stages2_share0,default_6port_separator1_masked_v2,separator1_grid_search_6ports_masked_hd32_depth3_stages2_share0,supervised_nmse_plateau,separator1,12,6,compile,fp32,float32,8,2,ok,,508.819224,20,50,0.49751246,0.01764976652220647,0.487473,0.4935275,0.5011392,0.5058449500000001,0.58170667,0.583577,16079.999282832032,16.07999928283203,493.52750000000003,61.690937500000004,8039.999641416016,54048,52224,106776,sub-physical,0.015625,0.0078125,Intel(R) Xeon(R) 6760P,AVX512,"avx2,avx512f,avx512bw,avx512vl,avx512_vnni,avx512_bf16,amx_bf16,amx_int8,amx_tile,fma",True,True,,,,,,256,128,sh14l07002s1404,3.11.9,2.1.2+cu121
20260428_010731,2026-04-28T07:06:35.249319,cpu,pytorch,separator1_grid_search_6ports_masked_hd32_depth3_stages2_share0,/home/liangyi/SRS_AI/Model_AIIC_refactor/experiments_refactored/20260427_072855_default_6port_separator1_masked_v2/separator1_grid_search_6ports_masked_hd32_depth3_stages2_share0,default_6port_separator1_masked_v2,separator1_grid_search_6ports_masked_hd32_depth3_stages2_share0,supervised_nmse_plateau,separator1,12,6,compile,fp32,float32,8,4,ok,,509.133755,20,50,0.5054261800000001,0.01930254462674805,0.489361,0.4997785,0.5138538,0.5566340499999999,0.57707816,0.577184,15828.226389064372,15.82822638906437,499.7785,62.4723125,3957.056597266093,54048,52224,106776,sub-physical,0.03125,0.015625,Intel(R) Xeon(R) 6760P,AVX512,"avx2,avx512f,avx512bw,avx512vl,avx512_vnni,avx512_bf16,amx_bf16,amx_int8,amx_tile,fma",True,True,,,,,,256,128,sh14l07002s1404,3.11.9,2.1.2+cu121
20260428_010731,2026-04-28T07:06:35.249319,cpu,pytorch,separator1_grid_search_6ports_masked_hd32_depth3_stages2_share0,/home/liangyi/SRS_AI/Model_AIIC_refactor/experiments_refactored/20260427_072855_default_6port_separator1_masked_v2/separator1_grid_search_6ports_masked_hd32_depth3_stages2_share0,default_6port_separator1_masked_v2,separator1_grid_search_6ports_masked_hd32_depth3_stages2_share0,supervised_nmse_plateau,separator1,12,6,compile,fp32,float32,8,8,ok,,549.877239,20,50,0.49163006,0.017200875923522024,0.481294,0.486881,0.4950712,0.5166547499999999,0.5689723799999999,0.578301,16272.397989659137,16.272397989659137,486.88100000000003,60.860125000000004,2034.0497487073922,54048,52224,106776,sub-physical,0.0625,0.03125,Intel(R) Xeon(R) 6760P,AVX512,"avx2,avx512f,avx512bw,avx512vl,avx512_vnni,avx512_bf16,amx_bf16,amx_int8,amx_tile,fma",True,True,,,,,,256,128,sh14l07002s1404,3.11.9,2.1.2+cu121
20260428_010731,2026-04-28T07:06:35.249319,cpu,pytorch,separator1_grid_search_6ports_masked_hd32_depth3_stages2_share0,/home/liangyi/SRS_AI/Model_AIIC_refactor/experiments_refactored/20260427_072855_default_6port_separator1_masked_v2/separator1_grid_search_6ports_masked_hd32_depth3_stages2_share0,default_6port_separator1_masked_v2,separator1_grid_search_6ports_masked_hd32_depth3_stages2_share0,supervised_nmse_plateau,separator1,12,6,compile,fp32,float32,16,1,ok,,497.258116,20,50,0.51321674,0.029296621600321086,0.495497,0.502784,0.5484212,0.58577015,0.61649161,0.63007,31175.912149708918,31.175912149708918,502.784,31.424,31175.912149708918,54048,52224,106776,single-thread,0.0078125,0.00390625,Intel(R) Xeon(R) 6760P,AVX512,"avx2,avx512f,avx512bw,avx512vl,avx512_vnni,avx512_bf16,amx_bf16,amx_int8,amx_tile,fma",True,True,,,,,,256,128,sh14l07002s1404,3.11.9,2.1.2+cu121
20260428_010731,2026-04-28T07:06:35.249319,cpu,pytorch,separator1_grid_search_6ports_masked_hd32_depth3_stages2_share0,/home/liangyi/SRS_AI/Model_AIIC_refactor/experiments_refactored/20260427_072855_default_6port_separator1_masked_v2/separator1_grid_search_6ports_masked_hd32_depth3_stages2_share0,default_6port_separator1_masked_v2,separator1_grid_search_6ports_masked_hd32_depth3_stages2_share0,supervised_nmse_plateau,separator1,12,6,compile,fp32,float32,16,2,ok,,512.621692,20,50,0.51721978,0.028367945224347855,0.497891,0.5072675,0.5584077000000001,0.5914765,0.6131427300000001,0.614673,30934.625122032263,30.934625122032262,507.2675,31.70421875,15467.312561016131,54048,52224,106776,sub-physical,0.015625,0.0078125,Intel(R) Xeon(R) 6760P,AVX512,"avx2,avx512f,avx512bw,avx512vl,avx512_vnni,avx512_bf16,amx_bf16,amx_int8,amx_tile,fma",True,True,,,,,,256,128,sh14l07002s1404,3.11.9,2.1.2+cu121
20260428_010731,2026-04-28T07:06:35.249319,cpu,pytorch,separator1_grid_search_6ports_masked_hd32_depth3_stages2_share0,/home/liangyi/SRS_AI/Model_AIIC_refactor/experiments_refactored/20260427_072855_default_6port_separator1_masked_v2/separator1_grid_search_6ports_masked_hd32_depth3_stages2_share0,default_6port_separator1_masked_v2,separator1_grid_search_6ports_masked_hd32_depth3_stages2_share0,supervised_nmse_plateau,separator1,12,6,compile,fp32,float32,16,4,ok,,506.589112,20,50,0.51285926,0.023747197206247305,0.497763,0.505718,0.5202295,0.58236795,0.5949679499999999,0.601262,31197.642799702982,31.197642799702983,505.718,31.607375,7799.410699925746,54048,52224,106776,sub-physical,0.03125,0.015625,Intel(R) Xeon(R) 6760P,AVX512,"avx2,avx512f,avx512bw,avx512vl,avx512_vnni,avx512_bf16,amx_bf16,amx_int8,amx_tile,fma",True,True,,,,,,256,128,sh14l07002s1404,3.11.9,2.1.2+cu121
20260428_010731,2026-04-28T07:06:35.249319,cpu,pytorch,separator1_grid_search_6ports_masked_hd32_depth3_stages2_share0,/home/liangyi/SRS_AI/Model_AIIC_refactor/experiments_refactored/20260427_072855_default_6port_separator1_masked_v2/separator1_grid_search_6ports_masked_hd32_depth3_stages2_share0,default_6port_separator1_masked_v2,separator1_grid_search_6ports_masked_hd32_depth3_stages2_share0,supervised_nmse_plateau,separator1,12,6,compile,fp32,float32,16,8,ok,,535.652901,20,50,0.51147694,0.02348812033297683,0.49654,0.504795,0.5182375,0.5602203499999999,0.6074667199999999,0.618821,31281.957696861173,31.281957696861173,504.795,31.5496875,3910.2447121076466,54048,52224,106776,sub-physical,0.0625,0.03125,Intel(R) Xeon(R) 6760P,AVX512,"avx2,avx512f,avx512bw,avx512vl,avx512_vnni,avx512_bf16,amx_bf16,amx_int8,amx_tile,fma",True,True,,,,,,256,128,sh14l07002s1404,3.11.9,2.1.2+cu121
20260428_010731,2026-04-28T07:06:35.249319,cpu,pytorch,separator1_grid_search_6ports_masked_hd32_depth3_stages2_share0,/home/liangyi/SRS_AI/Model_AIIC_refactor/experiments_refactored/20260427_072855_default_6port_separator1_masked_v2/separator1_grid_search_6ports_masked_hd32_depth3_stages2_share0,default_6port_separator1_masked_v2,separator1_grid_search_6ports_masked_hd32_depth3_stages2_share0,supervised_nmse_plateau,separator1,12,6,compile,fp32,float32,32,1,ok,,498.108694,20,50,0.53768658,0.03136952849444187,0.519918,0.5262095,0.5680834,0.6275861,0.63611084,0.639729,59514.2248110414,59.5142248110414,526.2095,16.444046875,59514.2248110414,54048,52224,106776,single-thread,0.0078125,0.00390625,Intel(R) Xeon(R) 6760P,AVX512,"avx2,avx512f,avx512bw,avx512vl,avx512_vnni,avx512_bf16,amx_bf16,amx_int8,amx_tile,fma",True,True,,,,,,256,128,sh14l07002s1404,3.11.9,2.1.2+cu121
20260428_010731,2026-04-28T07:06:35.249319,cpu,pytorch,separator1_grid_search_6ports_masked_hd32_depth3_stages2_share0,/home/liangyi/SRS_AI/Model_AIIC_refactor/experiments_refactored/20260427_072855_default_6port_separator1_masked_v2/separator1_grid_search_6ports_masked_hd32_depth3_stages2_share0,default_6port_separator1_masked_v2,separator1_grid_search_6ports_masked_hd32_depth3_stages2_share0,supervised_nmse_plateau,separator1,12,6,compile,fp32,float32,32,2,ok,,510.211999,20,50,0.517367,0.019692240038147006,0.506574,0.5134175000000001,0.5186011,0.5226978,0.61220245,0.619648,61851.644963826446,61.851644963826445,513.4175000000001,16.044296875000004,30925.822481913223,54048,52224,106776,sub-physical,0.015625,0.0078125,Intel(R) Xeon(R) 6760P,AVX512,"avx2,avx512f,avx512bw,avx512vl,avx512_vnni,avx512_bf16,amx_bf16,amx_int8,amx_tile,fma",True,True,,,,,,256,128,sh14l07002s1404,3.11.9,2.1.2+cu121
20260428_010731,2026-04-28T07:06:35.249319,cpu,pytorch,separator1_grid_search_6ports_masked_hd32_depth3_stages2_share0,/home/liangyi/SRS_AI/Model_AIIC_refactor/experiments_refactored/20260427_072855_default_6port_separator1_masked_v2/separator1_grid_search_6ports_masked_hd32_depth3_stages2_share0,default_6port_separator1_masked_v2,separator1_grid_search_6ports_masked_hd32_depth3_stages2_share0,supervised_nmse_plateau,separator1,12,6,compile,fp32,float32,32,4,ok,,513.956738,20,50,0.5252502,0.02865898213126209,0.507792,0.5164285,0.539213,0.5946945499999998,0.6357186399999999,0.648882,60923.346626046026,60.923346626046026,516.4285,16.138390625,15230.836656511507,54048,52224,106776,sub-physical,0.03125,0.015625,Intel(R) Xeon(R) 6760P,AVX512,"avx2,avx512f,avx512bw,avx512vl,avx512_vnni,avx512_bf16,amx_bf16,amx_int8,amx_tile,fma",True,True,,,,,,256,128,sh14l07002s1404,3.11.9,2.1.2+cu121
20260428_010731,2026-04-28T07:06:35.249319,cpu,pytorch,separator1_grid_search_6ports_masked_hd32_depth3_stages2_share0,/home/liangyi/SRS_AI/Model_AIIC_refactor/experiments_refactored/20260427_072855_default_6port_separator1_masked_v2/separator1_grid_search_6ports_masked_hd32_depth3_stages2_share0,default_6port_separator1_masked_v2,separator1_grid_search_6ports_masked_hd32_depth3_stages2_share0,supervised_nmse_plateau,separator1,12,6,compile,fp32,float32,32,8,ok,,543.495854,20,50,0.53439946,0.02851445599074967,0.51667,0.5250284999999999,0.5405697,0.6188620499999999,0.63326005,0.634267,59880.30002874628,59.88030002874628,525.0284999999999,16.407140624999997,7485.037503593285,54048,52224,106776,sub-physical,0.0625,0.03125,Intel(R) Xeon(R) 6760P,AVX512,"avx2,avx512f,avx512bw,avx512vl,avx512_vnni,avx512_bf16,amx_bf16,amx_int8,amx_tile,fma",True,True,,,,,,256,128,sh14l07002s1404,3.11.9,2.1.2+cu121
20260428_010731,2026-04-28T07:06:35.249319,cpu,pytorch,separator1_grid_search_6ports_masked_hd32_depth3_stages2_share0,/home/liangyi/SRS_AI/Model_AIIC_refactor/experiments_refactored/20260427_072855_default_6port_separator1_masked_v2/separator1_grid_search_6ports_masked_hd32_depth3_stages2_share0,default_6port_separator1_masked_v2,separator1_grid_search_6ports_masked_hd32_depth3_stages2_share0,supervised_nmse_plateau,separator1,12,6,compile,fp32,float32,64,1,ok,,496.906765,20,50,0.57273702,0.04371882268656832,0.547891,0.559626,0.5749939000000001,0.69216675,0.73663038,0.753897,111744.12996736268,111.74412996736268,559.626,8.74415625,111744.12996736268,54048,52224,106776,single-thread,0.0078125,0.00390625,Intel(R) Xeon(R) 6760P,AVX512,"avx2,avx512f,avx512bw,avx512vl,avx512_vnni,avx512_bf16,amx_bf16,amx_int8,amx_tile,fma",True,True,,,,,,256,128,sh14l07002s1404,3.11.9,2.1.2+cu121
20260428_010731,2026-04-28T07:06:35.249319,cpu,pytorch,separator1_grid_search_6ports_masked_hd32_depth3_stages2_share0,/home/liangyi/SRS_AI/Model_AIIC_refactor/experiments_refactored/20260427_072855_default_6port_separator1_masked_v2/separator1_grid_search_6ports_masked_hd32_depth3_stages2_share0,default_6port_separator1_masked_v2,separator1_grid_search_6ports_masked_hd32_depth3_stages2_share0,supervised_nmse_plateau,separator1,12,6,compile,fp32,float32,64,2,ok,,505.198751,20,50,0.5879986,0.04714818937477874,0.558745,0.5709305,0.6746185,0.71104735,0.7383759899999999,0.751532,108843.79656686257,108.84379656686257,570.9305,8.9207890625,54421.898283431285,54048,52224,106776,sub-physical,0.015625,0.0078125,Intel(R) Xeon(R) 6760P,AVX512,"avx2,avx512f,avx512bw,avx512vl,avx512_vnni,avx512_bf16,amx_bf16,amx_int8,amx_tile,fma",True,True,,,,,,256,128,sh14l07002s1404,3.11.9,2.1.2+cu121
20260428_010731,2026-04-28T07:06:35.249319,cpu,pytorch,separator1_grid_search_6ports_masked_hd32_depth3_stages2_share0,/home/liangyi/SRS_AI/Model_AIIC_refactor/experiments_refactored/20260427_072855_default_6port_separator1_masked_v2/separator1_grid_search_6ports_masked_hd32_depth3_stages2_share0,default_6port_separator1_masked_v2,separator1_grid_search_6ports_masked_hd32_depth3_stages2_share0,supervised_nmse_plateau,separator1,12,6,compile,fp32,float32,64,4,ok,,508.28628,20,50,0.5681084,0.039642319550702375,0.544367,0.554104,0.6123786,0.68663735,0.69716787,0.700763,112654.55677120776,112.65455677120777,554.104,8.657875,28163.63919280194,54048,52224,106776,sub-physical,0.03125,0.015625,Intel(R) Xeon(R) 6760P,AVX512,"avx2,avx512f,avx512bw,avx512vl,avx512_vnni,avx512_bf16,amx_bf16,amx_int8,amx_tile,fma",True,True,,,,,,256,128,sh14l07002s1404,3.11.9,2.1.2+cu121
20260428_010731,2026-04-28T07:06:35.249319,cpu,pytorch,separator1_grid_search_6ports_masked_hd32_depth3_stages2_share0,/home/liangyi/SRS_AI/Model_AIIC_refactor/experiments_refactored/20260427_072855_default_6port_separator1_masked_v2/separator1_grid_search_6ports_masked_hd32_depth3_stages2_share0,default_6port_separator1_masked_v2,separator1_grid_search_6ports_masked_hd32_depth3_stages2_share0,supervised_nmse_plateau,separator1,12,6,compile,fp32,float32,64,8,ok,,548.094588,20,50,0.5777669599999999,0.03948020230898519,0.556821,0.5622745,0.6336979,0.685064,0.7117842499999999,0.726374,110771.30474889047,110.77130474889047,562.2745,8.7855390625,13846.413093611309,54048,52224,106776,sub-physical,0.0625,0.03125,Intel(R) Xeon(R) 6760P,AVX512,"avx2,avx512f,avx512bw,avx512vl,avx512_vnni,avx512_bf16,amx_bf16,amx_int8,amx_tile,fma",True,True,,,,,,256,128,sh14l07002s1404,3.11.9,2.1.2+cu121
20260428_010731,2026-04-28T07:06:35.249319,cpu,pytorch,separator1_grid_search_6ports_masked_hd32_depth3_stages2_share0,/home/liangyi/SRS_AI/Model_AIIC_refactor/experiments_refactored/20260427_072855_default_6port_separator1_masked_v2/separator1_grid_search_6ports_masked_hd32_depth3_stages2_share0,default_6port_separator1_masked_v2,separator1_grid_search_6ports_masked_hd32_depth3_stages2_share0,supervised_nmse_plateau,separator1,12,6,compile,fp32,float32,128,1,ok,,494.756759,20,50,0.64225776,0.04268294445117862,0.618904,0.629239,0.6845188999999999,0.7416563499999999,0.8074525099999998,0.836363,199296.9302542954,199.2969302542954,629.239,4.9159296875,199296.9302542954,54048,52224,106776,single-thread,0.0078125,0.00390625,Intel(R) Xeon(R) 6760P,AVX512,"avx2,avx512f,avx512bw,avx512vl,avx512_vnni,avx512_bf16,amx_bf16,amx_int8,amx_tile,fma",True,True,,,,,,256,128,sh14l07002s1404,3.11.9,2.1.2+cu121
20260428_010731,2026-04-28T07:06:35.249319,cpu,pytorch,separator1_grid_search_6ports_masked_hd32_depth3_stages2_share0,/home/liangyi/SRS_AI/Model_AIIC_refactor/experiments_refactored/20260427_072855_default_6port_separator1_masked_v2/separator1_grid_search_6ports_masked_hd32_depth3_stages2_share0,default_6port_separator1_masked_v2,separator1_grid_search_6ports_masked_hd32_depth3_stages2_share0,supervised_nmse_plateau,separator1,12,6,compile,fp32,float32,128,2,ok,,510.361154,20,50,0.6522412,0.0061497108159652555,0.639676,0.6520245,0.6609896,0.6626902499999999,0.66541752,0.665933,196246.41926943592,196.24641926943593,652.0245,5.09394140625,98123.20963471796,54048,52224,106776,sub-physical,0.015625,0.0078125,Intel(R) Xeon(R) 6760P,AVX512,"avx2,avx512f,avx512bw,avx512vl,avx512_vnni,avx512_bf16,amx_bf16,amx_int8,amx_tile,fma",True,True,,,,,,256,128,sh14l07002s1404,3.11.9,2.1.2+cu121
20260428_010731,2026-04-28T07:06:35.249319,cpu,pytorch,separator1_grid_search_6ports_masked_hd32_depth3_stages2_share0,/home/liangyi/SRS_AI/Model_AIIC_refactor/experiments_refactored/20260427_072855_default_6port_separator1_masked_v2/separator1_grid_search_6ports_masked_hd32_depth3_stages2_share0,default_6port_separator1_masked_v2,separator1_grid_search_6ports_masked_hd32_depth3_stages2_share0,supervised_nmse_plateau,separator1,12,6,compile,fp32,float32,128,4,ok,,520.535155,20,50,0.823673,0.013289148990059514,0.802054,0.819896,0.8463354,0.8501898999999999,0.85832612,0.862742,155401.47607120787,155.40147607120787,819.896,6.4054375,38850.36901780197,54048,52224,106776,sub-physical,0.03125,0.015625,Intel(R) Xeon(R) 6760P,AVX512,"avx2,avx512f,avx512bw,avx512vl,avx512_vnni,avx512_bf16,amx_bf16,amx_int8,amx_tile,fma",True,True,,,,,,256,128,sh14l07002s1404,3.11.9,2.1.2+cu121
20260428_010731,2026-04-28T07:06:35.249319,cpu,pytorch,separator1_grid_search_6ports_masked_hd32_depth3_stages2_share0,/home/liangyi/SRS_AI/Model_AIIC_refactor/experiments_refactored/20260427_072855_default_6port_separator1_masked_v2/separator1_grid_search_6ports_masked_hd32_depth3_stages2_share0,default_6port_separator1_masked_v2,separator1_grid_search_6ports_masked_hd32_depth3_stages2_share0,supervised_nmse_plateau,separator1,12,6,compile,fp32,float32,128,8,ok,,548.534689,20,50,0.6422764599999999,0.043618615163349694,0.618176,0.6271605,0.6923807,0.7436123999999998,0.8093358799999999,0.837456,199291.1276866663,199.2911276866663,627.1605,4.89969140625,24911.390960833287,54048,52224,106776,sub-physical,0.0625,0.03125,Intel(R) Xeon(R) 6760P,AVX512,"avx2,avx512f,avx512bw,avx512vl,avx512_vnni,avx512_bf16,amx_bf16,amx_int8,amx_tile,fma",True,True,,,,,,256,128,sh14l07002s1404,3.11.9,2.1.2+cu121
20260428_010731,2026-04-28T07:06:35.249319,cpu,pytorch,separator1_grid_search_6ports_masked_hd32_depth3_stages2_share0,/home/liangyi/SRS_AI/Model_AIIC_refactor/experiments_refactored/20260427_072855_default_6port_separator1_masked_v2/separator1_grid_search_6ports_masked_hd32_depth3_stages2_share0,default_6port_separator1_masked_v2,separator1_grid_search_6ports_masked_hd32_depth3_stages2_share0,supervised_nmse_plateau,separator1,12,6,compile,bf16,bfloat16,1,1,ok,,495.809041,20,50,0.50569906,0.012923739575540822,0.498021,0.5017045,0.5094484,0.5406253999999999,0.5549796,0.557459,1977.4606660332731,1.9774606660332732,501.7045,501.7045,1977.4606660332731,54048,52224,106776,single-thread,0.0078125,0.00390625,Intel(R) Xeon(R) 6760P,AVX512,"avx2,avx512f,avx512bw,avx512vl,avx512_vnni,avx512_bf16,amx_bf16,amx_int8,amx_tile,fma",True,True,,,,,,256,128,sh14l07002s1404,3.11.9,2.1.2+cu121
20260428_010731,2026-04-28T07:06:35.249319,cpu,pytorch,separator1_grid_search_6ports_masked_hd32_depth3_stages2_share0,/home/liangyi/SRS_AI/Model_AIIC_refactor/experiments_refactored/20260427_072855_default_6port_separator1_masked_v2/separator1_grid_search_6ports_masked_hd32_depth3_stages2_share0,default_6port_separator1_masked_v2,separator1_grid_search_6ports_masked_hd32_depth3_stages2_share0,supervised_nmse_plateau,separator1,12,6,compile,bf16,bfloat16,1,2,ok,,502.876115,20,50,0.49149126,0.0033509210125575906,0.48521,0.4907105,0.49552880000000005,0.4968089,0.49957697,0.500629,2034.6241762264501,2.0346241762264503,490.71049999999997,490.71049999999997,1017.3120881132251,54048,52224,106776,sub-physical,0.015625,0.0078125,Intel(R) Xeon(R) 6760P,AVX512,"avx2,avx512f,avx512bw,avx512vl,avx512_vnni,avx512_bf16,amx_bf16,amx_int8,amx_tile,fma",True,True,,,,,,256,128,sh14l07002s1404,3.11.9,2.1.2+cu121
20260428_010731,2026-04-28T07:06:35.249319,cpu,pytorch,separator1_grid_search_6ports_masked_hd32_depth3_stages2_share0,/home/liangyi/SRS_AI/Model_AIIC_refactor/experiments_refactored/20260427_072855_default_6port_separator1_masked_v2/separator1_grid_search_6ports_masked_hd32_depth3_stages2_share0,default_6port_separator1_masked_v2,separator1_grid_search_6ports_masked_hd32_depth3_stages2_share0,supervised_nmse_plateau,separator1,12,6,compile,bf16,bfloat16,1,4,ok,,505.96804,20,50,0.49510748,0.003204016593215461,0.488607,0.4948225,0.4994872,0.5004082,0.50201385,0.503158,2019.763466308366,2.019763466308366,494.8225,494.8225,504.9408665770915,54048,52224,106776,sub-physical,0.03125,0.015625,Intel(R) Xeon(R) 6760P,AVX512,"avx2,avx512f,avx512bw,avx512vl,avx512_vnni,avx512_bf16,amx_bf16,amx_int8,amx_tile,fma",True,True,,,,,,256,128,sh14l07002s1404,3.11.9,2.1.2+cu121
20260428_010731,2026-04-28T07:06:35.249319,cpu,pytorch,separator1_grid_search_6ports_masked_hd32_depth3_stages2_share0,/home/liangyi/SRS_AI/Model_AIIC_refactor/experiments_refactored/20260427_072855_default_6port_separator1_masked_v2/separator1_grid_search_6ports_masked_hd32_depth3_stages2_share0,default_6port_separator1_masked_v2,separator1_grid_search_6ports_masked_hd32_depth3_stages2_share0,supervised_nmse_plateau,separator1,12,6,compile,bf16,bfloat16,1,8,ok,,506.590766,20,50,0.50816436,0.012658555677106293,0.495017,0.5049170000000001,0.5152511,0.53919605,0.55501581,0.562234,1967.8672467309596,1.9678672467309595,504.9170000000001,504.9170000000001,245.98340584136994,54048,52224,106776,sub-physical,0.0625,0.03125,Intel(R) Xeon(R) 6760P,AVX512,"avx2,avx512f,avx512bw,avx512vl,avx512_vnni,avx512_bf16,amx_bf16,amx_int8,amx_tile,fma",True,True,,,,,,256,128,sh14l07002s1404,3.11.9,2.1.2+cu121
20260428_010731,2026-04-28T07:06:35.249319,cpu,pytorch,separator1_grid_search_6ports_masked_hd32_depth3_stages2_share0,/home/liangyi/SRS_AI/Model_AIIC_refactor/experiments_refactored/20260427_072855_default_6port_separator1_masked_v2/separator1_grid_search_6ports_masked_hd32_depth3_stages2_share0,default_6port_separator1_masked_v2,separator1_grid_search_6ports_masked_hd32_depth3_stages2_share0,supervised_nmse_plateau,separator1,12,6,compile,bf16,bfloat16,2,1,ok,,509.06049,20,50,0.53628872,0.018755284866980818,0.5182,0.529872,0.5736555,0.579762,0.5867258999999999,0.590494,3729.3344525314646,3.7293344525314644,529.872,264.936,3729.3344525314646,54048,52224,106776,single-thread,0.0078125,0.00390625,Intel(R) Xeon(R) 6760P,AVX512,"avx2,avx512f,avx512bw,avx512vl,avx512_vnni,avx512_bf16,amx_bf16,amx_int8,amx_tile,fma",True,True,,,,,,256,128,sh14l07002s1404,3.11.9,2.1.2+cu121
20260428_010731,2026-04-28T07:06:35.249319,cpu,pytorch,separator1_grid_search_6ports_masked_hd32_depth3_stages2_share0,/home/liangyi/SRS_AI/Model_AIIC_refactor/experiments_refactored/20260427_072855_default_6port_separator1_masked_v2/separator1_grid_search_6ports_masked_hd32_depth3_stages2_share0,default_6port_separator1_masked_v2,separator1_grid_search_6ports_masked_hd32_depth3_stages2_share0,supervised_nmse_plateau,separator1,12,6,compile,bf16,bfloat16,2,2,ok,,512.597916,20,50,0.5274439,0.004315094373243761,0.521128,0.5264685,0.5329104,0.53454445,0.53988643,0.543264,3791.872462644843,3.791872462644843,526.4685,263.23425,1895.9362313224215,54048,52224,106776,sub-physical,0.015625,0.0078125,Intel(R) Xeon(R) 6760P,AVX512,"avx2,avx512f,avx512bw,avx512vl,avx512_vnni,avx512_bf16,amx_bf16,amx_int8,amx_tile,fma",True,True,,,,,,256,128,sh14l07002s1404,3.11.9,2.1.2+cu121
20260428_010731,2026-04-28T07:06:35.249319,cpu,pytorch,separator1_grid_search_6ports_masked_hd32_depth3_stages2_share0,/home/liangyi/SRS_AI/Model_AIIC_refactor/experiments_refactored/20260427_072855_default_6port_separator1_masked_v2/separator1_grid_search_6ports_masked_hd32_depth3_stages2_share0,default_6port_separator1_masked_v2,separator1_grid_search_6ports_masked_hd32_depth3_stages2_share0,supervised_nmse_plateau,separator1,12,6,compile,bf16,bfloat16,2,4,ok,,507.427714,20,50,0.52192256,0.013770367687407626,0.509121,0.5185375,0.5314917,0.5542417,0.57535813,0.57681,3831.9861092036335,3.8319861092036334,518.5375,259.26875,957.9965273009084,54048,52224,106776,sub-physical,0.03125,0.015625,Intel(R) Xeon(R) 6760P,AVX512,"avx2,avx512f,avx512bw,avx512vl,avx512_vnni,avx512_bf16,amx_bf16,amx_int8,amx_tile,fma",True,True,,,,,,256,128,sh14l07002s1404,3.11.9,2.1.2+cu121
20260428_010731,2026-04-28T07:06:35.249319,cpu,pytorch,separator1_grid_search_6ports_masked_hd32_depth3_stages2_share0,/home/liangyi/SRS_AI/Model_AIIC_refactor/experiments_refactored/20260427_072855_default_6port_separator1_masked_v2/separator1_grid_search_6ports_masked_hd32_depth3_stages2_share0,default_6port_separator1_masked_v2,separator1_grid_search_6ports_masked_hd32_depth3_stages2_share0,supervised_nmse_plateau,separator1,12,6,compile,bf16,bfloat16,2,8,ok,,509.442446,20,50,0.52095836,0.0038580912262931224,0.512231,0.521299,0.5252760000000001,0.52687525,0.53031664,0.5327,3839.078424617277,3.839078424617277,521.299,260.6495,479.88480307715963,54048,52224,106776,sub-physical,0.0625,0.03125,Intel(R) Xeon(R) 6760P,AVX512,"avx2,avx512f,avx512bw,avx512vl,avx512_vnni,avx512_bf16,amx_bf16,amx_int8,amx_tile,fma",True,True,,,,,,256,128,sh14l07002s1404,3.11.9,2.1.2+cu121
20260428_010731,2026-04-28T07:06:35.249319,cpu,pytorch,separator1_grid_search_6ports_masked_hd32_depth3_stages2_share0,/home/liangyi/SRS_AI/Model_AIIC_refactor/experiments_refactored/20260427_072855_default_6port_separator1_masked_v2/separator1_grid_search_6ports_masked_hd32_depth3_stages2_share0,default_6port_separator1_masked_v2,separator1_grid_search_6ports_masked_hd32_depth3_stages2_share0,supervised_nmse_plateau,separator1,12,6,compile,bf16,bfloat16,4,1,ok,,494.104119,20,50,0.586441,0.01274298030132669,0.576861,0.5834145,0.5896336,0.60959655,0.64118678,0.64147,6820.80550302588,6.8208055030258805,583.4145,145.853625,6820.80550302588,54048,52224,106776,single-thread,0.0078125,0.00390625,Intel(R) Xeon(R) 6760P,AVX512,"avx2,avx512f,avx512bw,avx512vl,avx512_vnni,avx512_bf16,amx_bf16,amx_int8,amx_tile,fma",True,True,,,,,,256,128,sh14l07002s1404,3.11.9,2.1.2+cu121
20260428_010731,2026-04-28T07:06:35.249319,cpu,pytorch,separator1_grid_search_6ports_masked_hd32_depth3_stages2_share0,/home/liangyi/SRS_AI/Model_AIIC_refactor/experiments_refactored/20260427_072855_default_6port_separator1_masked_v2/separator1_grid_search_6ports_masked_hd32_depth3_stages2_share0,default_6port_separator1_masked_v2,separator1_grid_search_6ports_masked_hd32_depth3_stages2_share0,supervised_nmse_plateau,separator1,12,6,compile,bf16,bfloat16,4,2,ok,,506.872595,20,50,0.5904613,0.019530832278477024,0.575035,0.5832505,0.6198349000000001,0.64381105,0.64822527,0.649488,6774.364382559873,6.774364382559873,583.2505,145.812625,3387.1821912799364,54048,52224,106776,sub-physical,0.015625,0.0078125,Intel(R) Xeon(R) 6760P,AVX512,"avx2,avx512f,avx512bw,avx512vl,avx512_vnni,avx512_bf16,amx_bf16,amx_int8,amx_tile,fma",True,True,,,,,,256,128,sh14l07002s1404,3.11.9,2.1.2+cu121
20260428_010731,2026-04-28T07:06:35.249319,cpu,pytorch,separator1_grid_search_6ports_masked_hd32_depth3_stages2_share0,/home/liangyi/SRS_AI/Model_AIIC_refactor/experiments_refactored/20260427_072855_default_6port_separator1_masked_v2/separator1_grid_search_6ports_masked_hd32_depth3_stages2_share0,default_6port_separator1_masked_v2,separator1_grid_search_6ports_masked_hd32_depth3_stages2_share0,supervised_nmse_plateau,separator1,12,6,compile,bf16,bfloat16,4,4,ok,,504.778014,20,50,0.58310546,0.0039184088158843175,0.576074,0.5830735,0.588949,0.58953505,0.5904468,0.591172,6859.822578234819,6.8598225782348194,583.0735,145.768375,1714.9556445587048,54048,52224,106776,sub-physical,0.03125,0.015625,Intel(R) Xeon(R) 6760P,AVX512,"avx2,avx512f,avx512bw,avx512vl,avx512_vnni,avx512_bf16,amx_bf16,amx_int8,amx_tile,fma",True,True,,,,,,256,128,sh14l07002s1404,3.11.9,2.1.2+cu121
20260428_010731,2026-04-28T07:06:35.249319,cpu,pytorch,separator1_grid_search_6ports_masked_hd32_depth3_stages2_share0,/home/liangyi/SRS_AI/Model_AIIC_refactor/experiments_refactored/20260427_072855_default_6port_separator1_masked_v2/separator1_grid_search_6ports_masked_hd32_depth3_stages2_share0,default_6port_separator1_masked_v2,separator1_grid_search_6ports_masked_hd32_depth3_stages2_share0,supervised_nmse_plateau,separator1,12,6,compile,bf16,bfloat16,4,8,ok,,505.482286,20,50,0.58662436,0.021460254834237167,0.57039,0.578277,0.6223969,0.6367719999999999,0.6513251099999999,0.662527,6818.673537525786,6.818673537525786,578.277,144.56925,852.3341921907232,54048,52224,106776,sub-physical,0.0625,0.03125,Intel(R) Xeon(R) 6760P,AVX512,"avx2,avx512f,avx512bw,avx512vl,avx512_vnni,avx512_bf16,amx_bf16,amx_int8,amx_tile,fma",True,True,,,,,,256,128,sh14l07002s1404,3.11.9,2.1.2+cu121
20260428_010731,2026-04-28T07:06:35.249319,cpu,pytorch,separator1_grid_search_6ports_masked_hd32_depth3_stages2_share0,/home/liangyi/SRS_AI/Model_AIIC_refactor/experiments_refactored/20260427_072855_default_6port_separator1_masked_v2/separator1_grid_search_6ports_masked_hd32_depth3_stages2_share0,default_6port_separator1_masked_v2,separator1_grid_search_6ports_masked_hd32_depth3_stages2_share0,supervised_nmse_plateau,separator1,12,6,compile,bf16,bfloat16,8,1,ok,,497.372294,20,50,1.11655696,0.029042777564110497,1.089265,1.1118695,1.1334663,1.14150865,1.2250188399999997,1.297139,7164.88301680552,7.16488301680552,1111.8695,138.9836875,7164.88301680552,54048,52224,106776,single-thread,0.0078125,0.00390625,Intel(R) Xeon(R) 6760P,AVX512,"avx2,avx512f,avx512bw,avx512vl,avx512_vnni,avx512_bf16,amx_bf16,amx_int8,amx_tile,fma",True,True,,,,,,256,128,sh14l07002s1404,3.11.9,2.1.2+cu121
20260428_010731,2026-04-28T07:06:35.249319,cpu,pytorch,separator1_grid_search_6ports_masked_hd32_depth3_stages2_share0,/home/liangyi/SRS_AI/Model_AIIC_refactor/experiments_refactored/20260427_072855_default_6port_separator1_masked_v2/separator1_grid_search_6ports_masked_hd32_depth3_stages2_share0,default_6port_separator1_masked_v2,separator1_grid_search_6ports_masked_hd32_depth3_stages2_share0,supervised_nmse_plateau,separator1,12,6,compile,bf16,bfloat16,8,2,ok,,500.785723,20,50,1.18144102,0.017146909208939087,1.154322,1.1797404999999999,1.1931174,1.1977475,1.24914758,1.265738,6771.391770365312,6.771391770365312,1179.7404999999999,147.46756249999999,3385.695885182656,54048,52224,106776,sub-physical,0.015625,0.0078125,Intel(R) Xeon(R) 6760P,AVX512,"avx2,avx512f,avx512bw,avx512vl,avx512_vnni,avx512_bf16,amx_bf16,amx_int8,amx_tile,fma",True,True,,,,,,256,128,sh14l07002s1404,3.11.9,2.1.2+cu121
20260428_010731,2026-04-28T07:06:35.249319,cpu,pytorch,separator1_grid_search_6ports_masked_hd32_depth3_stages2_share0,/home/liangyi/SRS_AI/Model_AIIC_refactor/experiments_refactored/20260427_072855_default_6port_separator1_masked_v2/separator1_grid_search_6ports_masked_hd32_depth3_stages2_share0,default_6port_separator1_masked_v2,separator1_grid_search_6ports_masked_hd32_depth3_stages2_share0,supervised_nmse_plateau,separator1,12,6,compile,bf16,bfloat16,8,4,ok,,506.144783,20,50,1.16471914,0.028076018979200024,1.135041,1.1614900000000001,1.1768923,1.1818827,1.2666538999999997,1.342795,6868.608684493671,6.868608684493671,1161.4900000000002,145.18625000000003,1717.1521711234177,54048,52224,106776,sub-physical,0.03125,0.015625,Intel(R) Xeon(R) 6760P,AVX512,"avx2,avx512f,avx512bw,avx512vl,avx512_vnni,avx512_bf16,amx_bf16,amx_int8,amx_tile,fma",True,True,,,,,,256,128,sh14l07002s1404,3.11.9,2.1.2+cu121
20260428_010731,2026-04-28T07:06:35.249319,cpu,pytorch,separator1_grid_search_6ports_masked_hd32_depth3_stages2_share0,/home/liangyi/SRS_AI/Model_AIIC_refactor/experiments_refactored/20260427_072855_default_6port_separator1_masked_v2/separator1_grid_search_6ports_masked_hd32_depth3_stages2_share0,default_6port_separator1_masked_v2,separator1_grid_search_6ports_masked_hd32_depth3_stages2_share0,supervised_nmse_plateau,separator1,12,6,compile,bf16,bfloat16,8,8,ok,,502.063833,20,50,1.15674692,0.03887250916565073,1.13148,1.1445859999999999,1.2142292,1.2263449,1.3080705999999998,1.353964,6915.946661867922,6.915946661867921,1144.5859999999998,143.07324999999997,864.4933327334902,54048,52224,106776,sub-physical,0.0625,0.03125,Intel(R) Xeon(R) 6760P,AVX512,"avx2,avx512f,avx512bw,avx512vl,avx512_vnni,avx512_bf16,amx_bf16,amx_int8,amx_tile,fma",True,True,,,,,,256,128,sh14l07002s1404,3.11.9,2.1.2+cu121
20260428_010731,2026-04-28T07:06:35.249319,cpu,pytorch,separator1_grid_search_6ports_masked_hd32_depth3_stages2_share0,/home/liangyi/SRS_AI/Model_AIIC_refactor/experiments_refactored/20260427_072855_default_6port_separator1_masked_v2/separator1_grid_search_6ports_masked_hd32_depth3_stages2_share0,default_6port_separator1_masked_v2,separator1_grid_search_6ports_masked_hd32_depth3_stages2_share0,supervised_nmse_plateau,separator1,12,6,compile,bf16,bfloat16,16,1,ok,,491.453281,20,50,1.45303504,0.05071828672183634,1.401152,1.4328379999999998,1.5482628999999999,1.5726653,1.60282186,1.624081,11011.434383578251,11.011434383578251,1432.8379999999997,89.55237499999998,11011.434383578251,54048,52224,106776,single-thread,0.0078125,0.00390625,Intel(R) Xeon(R) 6760P,AVX512,"avx2,avx512f,avx512bw,avx512vl,avx512_vnni,avx512_bf16,amx_bf16,amx_int8,amx_tile,fma",True,True,,,,,,256,128,sh14l07002s1404,3.11.9,2.1.2+cu121
20260428_010731,2026-04-28T07:06:35.249319,cpu,pytorch,separator1_grid_search_6ports_masked_hd32_depth3_stages2_share0,/home/liangyi/SRS_AI/Model_AIIC_refactor/experiments_refactored/20260427_072855_default_6port_separator1_masked_v2/separator1_grid_search_6ports_masked_hd32_depth3_stages2_share0,default_6port_separator1_masked_v2,separator1_grid_search_6ports_masked_hd32_depth3_stages2_share0,supervised_nmse_plateau,separator1,12,6,compile,bf16,bfloat16,16,2,ok,,504.271144,20,50,1.58305074,0.034383645716421635,1.534858,1.572741,1.6205547,1.6472162499999998,1.7047439299999998,1.73441,10107.067067224894,10.107067067224895,1572.741,98.2963125,5053.533533612447,54048,52224,106776,sub-physical,0.015625,0.0078125,Intel(R) Xeon(R) 6760P,AVX512,"avx2,avx512f,avx512bw,avx512vl,avx512_vnni,avx512_bf16,amx_bf16,amx_int8,amx_tile,fma",True,True,,,,,,256,128,sh14l07002s1404,3.11.9,2.1.2+cu121
20260428_010731,2026-04-28T07:06:35.249319,cpu,pytorch,separator1_grid_search_6ports_masked_hd32_depth3_stages2_share0,/home/liangyi/SRS_AI/Model_AIIC_refactor/experiments_refactored/20260427_072855_default_6port_separator1_masked_v2/separator1_grid_search_6ports_masked_hd32_depth3_stages2_share0,default_6port_separator1_masked_v2,separator1_grid_search_6ports_masked_hd32_depth3_stages2_share0,supervised_nmse_plateau,separator1,12,6,compile,bf16,bfloat16,16,4,ok,,506.290924,20,50,1.7854016,0.17315757172078847,1.610341,1.6967425,2.0539106,2.11713175,2.16400589,2.186614,8961.569206614357,8.961569206614357,1696.7425,106.04640625,2240.392301653589,54048,52224,106776,sub-physical,0.03125,0.015625,Intel(R) Xeon(R) 6760P,AVX512,"avx2,avx512f,avx512bw,avx512vl,avx512_vnni,avx512_bf16,amx_bf16,amx_int8,amx_tile,fma",True,True,,,,,,256,128,sh14l07002s1404,3.11.9,2.1.2+cu121
20260428_010731,2026-04-28T07:06:35.249319,cpu,pytorch,separator1_grid_search_6ports_masked_hd32_depth3_stages2_share0,/home/liangyi/SRS_AI/Model_AIIC_refactor/experiments_refactored/20260427_072855_default_6port_separator1_masked_v2/separator1_grid_search_6ports_masked_hd32_depth3_stages2_share0,default_6port_separator1_masked_v2,separator1_grid_search_6ports_masked_hd32_depth3_stages2_share0,supervised_nmse_plateau,separator1,12,6,compile,bf16,bfloat16,16,8,ok,,506.489459,20,50,1.74369354,0.033049634769667276,1.682416,1.7407845,1.7832677,1.79710065,1.8491022599999998,1.894342,9175.924342760369,9.17592434276037,1740.7845,108.79903125,1146.990542845046,54048,52224,106776,sub-physical,0.0625,0.03125,Intel(R) Xeon(R) 6760P,AVX512,"avx2,avx512f,avx512bw,avx512vl,avx512_vnni,avx512_bf16,amx_bf16,amx_int8,amx_tile,fma",True,True,,,,,,256,128,sh14l07002s1404,3.11.9,2.1.2+cu121
20260428_010731,2026-04-28T07:06:35.249319,cpu,pytorch,separator1_grid_search_6ports_masked_hd32_depth3_stages2_share0,/home/liangyi/SRS_AI/Model_AIIC_refactor/experiments_refactored/20260427_072855_default_6port_separator1_masked_v2/separator1_grid_search_6ports_masked_hd32_depth3_stages2_share0,default_6port_separator1_masked_v2,separator1_grid_search_6ports_masked_hd32_depth3_stages2_share0,supervised_nmse_plateau,separator1,12,6,compile,bf16,bfloat16,32,1,ok,,492.029561,20,50,1.488861,0.0536149992822904,1.442864,1.468312,1.6013608000000001,1.6127848999999999,1.62864239,1.634419,21492.93990506837,21.492939905068372,1468.3120000000001,45.884750000000004,21492.93990506837,54048,52224,106776,single-thread,0.0078125,0.00390625,Intel(R) Xeon(R) 6760P,AVX512,"avx2,avx512f,avx512bw,avx512vl,avx512_vnni,avx512_bf16,amx_bf16,amx_int8,amx_tile,fma",True,True,,,,,,256,128,sh14l07002s1404,3.11.9,2.1.2+cu121
20260428_010731,2026-04-28T07:06:35.249319,cpu,pytorch,separator1_grid_search_6ports_masked_hd32_depth3_stages2_share0,/home/liangyi/SRS_AI/Model_AIIC_refactor/experiments_refactored/20260427_072855_default_6port_separator1_masked_v2/separator1_grid_search_6ports_masked_hd32_depth3_stages2_share0,default_6port_separator1_masked_v2,separator1_grid_search_6ports_masked_hd32_depth3_stages2_share0,supervised_nmse_plateau,separator1,12,6,compile,bf16,bfloat16,32,2,ok,,506.079649,20,50,1.55081074,0.026251195743287572,1.520403,1.5490935000000001,1.568401,1.5773376000000001,1.6459592599999997,1.702567,20634.36831756788,20.634368317567883,1549.0935000000002,48.409171875000006,10317.18415878394,54048,52224,106776,sub-physical,0.015625,0.0078125,Intel(R) Xeon(R) 6760P,AVX512,"avx2,avx512f,avx512bw,avx512vl,avx512_vnni,avx512_bf16,amx_bf16,amx_int8,amx_tile,fma",True,True,,,,,,256,128,sh14l07002s1404,3.11.9,2.1.2+cu121
20260428_010731,2026-04-28T07:06:35.249319,cpu,pytorch,separator1_grid_search_6ports_masked_hd32_depth3_stages2_share0,/home/liangyi/SRS_AI/Model_AIIC_refactor/experiments_refactored/20260427_072855_default_6port_separator1_masked_v2/separator1_grid_search_6ports_masked_hd32_depth3_stages2_share0,default_6port_separator1_masked_v2,separator1_grid_search_6ports_masked_hd32_depth3_stages2_share0,supervised_nmse_plateau,separator1,12,6,compile,bf16,bfloat16,32,4,ok,,506.785718,20,50,1.58847256,0.036175346564288766,1.552998,1.579942,1.6211404,1.6475311,1.7148913799999996,1.776258,20145.1386733429,20.1451386733429,1579.942,49.3731875,5036.284668335725,54048,52224,106776,sub-physical,0.03125,0.015625,Intel(R) Xeon(R) 6760P,AVX512,"avx2,avx512f,avx512bw,avx512vl,avx512_vnni,avx512_bf16,amx_bf16,amx_int8,amx_tile,fma",True,True,,,,,,256,128,sh14l07002s1404,3.11.9,2.1.2+cu121
20260428_010731,2026-04-28T07:06:35.249319,cpu,pytorch,separator1_grid_search_6ports_masked_hd32_depth3_stages2_share0,/home/liangyi/SRS_AI/Model_AIIC_refactor/experiments_refactored/20260427_072855_default_6port_separator1_masked_v2/separator1_grid_search_6ports_masked_hd32_depth3_stages2_share0,default_6port_separator1_masked_v2,separator1_grid_search_6ports_masked_hd32_depth3_stages2_share0,supervised_nmse_plateau,separator1,12,6,compile,bf16,bfloat16,32,8,ok,,502.929095,20,50,1.67439388,0.03201635407140545,1.619976,1.662017,1.7169661999999999,1.71899235,1.74137339,1.74666,19111.393312068245,19.111393312068245,1662.017,51.93803125,2388.9241640085306,54048,52224,106776,sub-physical,0.0625,0.03125,Intel(R) Xeon(R) 6760P,AVX512,"avx2,avx512f,avx512bw,avx512vl,avx512_vnni,avx512_bf16,amx_bf16,amx_int8,amx_tile,fma",True,True,,,,,,256,128,sh14l07002s1404,3.11.9,2.1.2+cu121
20260428_010731,2026-04-28T07:06:35.249319,cpu,pytorch,separator1_grid_search_6ports_masked_hd32_depth3_stages2_share0,/home/liangyi/SRS_AI/Model_AIIC_refactor/experiments_refactored/20260427_072855_default_6port_separator1_masked_v2/separator1_grid_search_6ports_masked_hd32_depth3_stages2_share0,default_6port_separator1_masked_v2,separator1_grid_search_6ports_masked_hd32_depth3_stages2_share0,supervised_nmse_plateau,separator1,12,6,compile,bf16,bfloat16,64,1,ok,,498.932229,20,50,1.50214748,0.021075473223859057,1.471605,1.499299,1.5224103,1.5280505,1.56783028,1.602634,42605.670117024725,42.60567011702472,1499.299,23.426546875,42605.670117024725,54048,52224,106776,single-thread,0.0078125,0.00390625,Intel(R) Xeon(R) 6760P,AVX512,"avx2,avx512f,avx512bw,avx512vl,avx512_vnni,avx512_bf16,amx_bf16,amx_int8,amx_tile,fma",True,True,,,,,,256,128,sh14l07002s1404,3.11.9,2.1.2+cu121
20260428_010731,2026-04-28T07:06:35.249319,cpu,pytorch,separator1_grid_search_6ports_masked_hd32_depth3_stages2_share0,/home/liangyi/SRS_AI/Model_AIIC_refactor/experiments_refactored/20260427_072855_default_6port_separator1_masked_v2/separator1_grid_search_6ports_masked_hd32_depth3_stages2_share0,default_6port_separator1_masked_v2,separator1_grid_search_6ports_masked_hd32_depth3_stages2_share0,supervised_nmse_plateau,separator1,12,6,compile,bf16,bfloat16,64,2,ok,,507.477275,20,50,1.81982234,0.045043692300525275,1.754702,1.8151395,1.8762532,1.8903615,1.9464973899999998,1.980057,35168.26812885482,35.16826812885482,1815.1395,28.3615546875,17584.13406442741,54048,52224,106776,sub-physical,0.015625,0.0078125,Intel(R) Xeon(R) 6760P,AVX512,"avx2,avx512f,avx512bw,avx512vl,avx512_vnni,avx512_bf16,amx_bf16,amx_int8,amx_tile,fma",True,True,,,,,,256,128,sh14l07002s1404,3.11.9,2.1.2+cu121
20260428_010731,2026-04-28T07:06:35.249319,cpu,pytorch,separator1_grid_search_6ports_masked_hd32_depth3_stages2_share0,/home/liangyi/SRS_AI/Model_AIIC_refactor/experiments_refactored/20260427_072855_default_6port_separator1_masked_v2/separator1_grid_search_6ports_masked_hd32_depth3_stages2_share0,default_6port_separator1_masked_v2,separator1_grid_search_6ports_masked_hd32_depth3_stages2_share0,supervised_nmse_plateau,separator1,12,6,compile,bf16,bfloat16,64,4,ok,,508.814826,20,50,1.83071834,0.042126936759090364,1.760653,1.8243595,1.8911798,1.8973267,1.9414328799999998,1.960635,34958.95496409349,34.95895496409349,1824.3595,28.5056171875,8739.738741023373,54048,52224,106776,sub-physical,0.03125,0.015625,Intel(R) Xeon(R) 6760P,AVX512,"avx2,avx512f,avx512bw,avx512vl,avx512_vnni,avx512_bf16,amx_bf16,amx_int8,amx_tile,fma",True,True,,,,,,256,128,sh14l07002s1404,3.11.9,2.1.2+cu121
20260428_010731,2026-04-28T07:06:35.249319,cpu,pytorch,separator1_grid_search_6ports_masked_hd32_depth3_stages2_share0,/home/liangyi/SRS_AI/Model_AIIC_refactor/experiments_refactored/20260427_072855_default_6port_separator1_masked_v2/separator1_grid_search_6ports_masked_hd32_depth3_stages2_share0,default_6port_separator1_masked_v2,separator1_grid_search_6ports_masked_hd32_depth3_stages2_share0,supervised_nmse_plateau,separator1,12,6,compile,bf16,bfloat16,64,8,ok,,513.400819,20,50,1.94153512,0.032019587336903646,1.876489,1.938333,1.9793923999999998,1.9909152,2.01344469,2.031045,32963.60665368752,32.96360665368752,1938.333,30.286453125,4120.45083171094,54048,52224,106776,sub-physical,0.0625,0.03125,Intel(R) Xeon(R) 6760P,AVX512,"avx2,avx512f,avx512bw,avx512vl,avx512_vnni,avx512_bf16,amx_bf16,amx_int8,amx_tile,fma",True,True,,,,,,256,128,sh14l07002s1404,3.11.9,2.1.2+cu121
20260428_010731,2026-04-28T07:06:35.249319,cpu,pytorch,separator1_grid_search_6ports_masked_hd32_depth3_stages2_share0,/home/liangyi/SRS_AI/Model_AIIC_refactor/experiments_refactored/20260427_072855_default_6port_separator1_masked_v2/separator1_grid_search_6ports_masked_hd32_depth3_stages2_share0,default_6port_separator1_masked_v2,separator1_grid_search_6ports_masked_hd32_depth3_stages2_share0,supervised_nmse_plateau,separator1,12,6,compile,bf16,bfloat16,128,1,ok,,491.610269,20,50,1.62199416,0.03481476928049934,1.584819,1.6117620000000001,1.6537882,1.65749385,1.7432304699999999,1.809771,78915.20398569129,78.91520398569129,1611.7620000000002,12.591890625000001,78915.20398569129,54048,52224,106776,single-thread,0.0078125,0.00390625,Intel(R) Xeon(R) 6760P,AVX512,"avx2,avx512f,avx512bw,avx512vl,avx512_vnni,avx512_bf16,amx_bf16,amx_int8,amx_tile,fma",True,True,,,,,,256,128,sh14l07002s1404,3.11.9,2.1.2+cu121
20260428_010731,2026-04-28T07:06:35.249319,cpu,pytorch,separator1_grid_search_6ports_masked_hd32_depth3_stages2_share0,/home/liangyi/SRS_AI/Model_AIIC_refactor/experiments_refactored/20260427_072855_default_6port_separator1_masked_v2/separator1_grid_search_6ports_masked_hd32_depth3_stages2_share0,default_6port_separator1_masked_v2,separator1_grid_search_6ports_masked_hd32_depth3_stages2_share0,supervised_nmse_plateau,separator1,12,6,compile,bf16,bfloat16,128,2,ok,,502.235043,20,50,2.02171262,0.06226387430119973,1.930811,2.017619,2.105893,2.15552395,2.19346964,2.217315,63312.65815613298,63.31265815613298,2017.619,15.7626484375,31656.32907806649,54048,52224,106776,sub-physical,0.015625,0.0078125,Intel(R) Xeon(R) 6760P,AVX512,"avx2,avx512f,avx512bw,avx512vl,avx512_vnni,avx512_bf16,amx_bf16,amx_int8,amx_tile,fma",True,True,,,,,,256,128,sh14l07002s1404,3.11.9,2.1.2+cu121
20260428_010731,2026-04-28T07:06:35.249319,cpu,pytorch,separator1_grid_search_6ports_masked_hd32_depth3_stages2_share0,/home/liangyi/SRS_AI/Model_AIIC_refactor/experiments_refactored/20260427_072855_default_6port_separator1_masked_v2/separator1_grid_search_6ports_masked_hd32_depth3_stages2_share0,default_6port_separator1_masked_v2,separator1_grid_search_6ports_masked_hd32_depth3_stages2_share0,supervised_nmse_plateau,separator1,12,6,compile,bf16,bfloat16,128,4,ok,,500.246848,20,50,2.0566964,0.03835593778491148,2.012541,2.0479469999999997,2.0857919000000003,2.1205909,2.2024050099999997,2.242855,62235.72910420809,62.23572910420809,2047.9469999999997,15.999585937499997,15558.932276052023,54048,52224,106776,sub-physical,0.03125,0.015625,Intel(R) Xeon(R) 6760P,AVX512,"avx2,avx512f,avx512bw,avx512vl,avx512_vnni,avx512_bf16,amx_bf16,amx_int8,amx_tile,fma",True,True,,,,,,256,128,sh14l07002s1404,3.11.9,2.1.2+cu121
20260428_010731,2026-04-28T07:06:35.249319,cpu,pytorch,separator1_grid_search_6ports_masked_hd32_depth3_stages2_share0,/home/liangyi/SRS_AI/Model_AIIC_refactor/experiments_refactored/20260427_072855_default_6port_separator1_masked_v2/separator1_grid_search_6ports_masked_hd32_depth3_stages2_share0,default_6port_separator1_masked_v2,separator1_grid_search_6ports_masked_hd32_depth3_stages2_share0,supervised_nmse_plateau,separator1,12,6,compile,bf16,bfloat16,128,8,ok,,499.441071,20,50,2.2104471,0.056311566349108076,2.089651,2.2057095,2.2883871,2.2962392,2.31110094,2.320212,57906.83703762918,57.90683703762918,2205.7095000000004,17.232105468750003,7238.354629703647,54048,52224,106776,sub-physical,0.0625,0.03125,Intel(R) Xeon(R) 6760P,AVX512,"avx2,avx512f,avx512bw,avx512vl,avx512_vnni,avx512_bf16,amx_bf16,amx_int8,amx_tile,fma",True,True,,,,,,256,128,sh14l07002s1404,3.11.9,2.1.2+cu121
20260428_010731,2026-04-28T07:06:35.249319,cpu,onnxruntime,separator1_grid_search_6ports_masked_hd32_depth3_stages2_share0,/home/liangyi/SRS_AI/Model_AIIC_refactor/experiments_refactored/20260427_072855_default_6port_separator1_masked_v2/separator1_grid_search_6ports_masked_hd32_depth3_stages2_share0,default_6port_separator1_masked_v2,separator1_grid_search_6ports_masked_hd32_depth3_stages2_share0,supervised_nmse_plateau,separator1,12,6,onnxruntime,fp32,float32,1,1,ok,,13.228617,20,50,0.05118158,0.0014768112823241837,0.049715,0.0505745,0.0522849,0.0529327,0.05646460999999999,0.058234,19538.279201228255,19.538279201228256,50.5745,50.5745,19538.279201228255,54048,52224,106776,single-thread,0.0078125,0.00390625,Intel(R) Xeon(R) 6760P,AVX512,"avx2,avx512f,avx512bw,avx512vl,avx512_vnni,avx512_bf16,amx_bf16,amx_int8,amx_tile,fma",True,True,,1.23.2,CPUExecutionProvider,,,256,128,sh14l07002s1404,3.11.9,2.1.2+cu121
20260428_010731,2026-04-28T07:06:35.249319,cpu,onnxruntime,separator1_grid_search_6ports_masked_hd32_depth3_stages2_share0,/home/liangyi/SRS_AI/Model_AIIC_refactor/experiments_refactored/20260427_072855_default_6port_separator1_masked_v2/separator1_grid_search_6ports_masked_hd32_depth3_stages2_share0,default_6port_separator1_masked_v2,separator1_grid_search_6ports_masked_hd32_depth3_stages2_share0,supervised_nmse_plateau,separator1,12,6,onnxruntime,fp32,float32,1,2,ok,,13.882444,20,50,0.05591754,0.002358707961660366,0.053777,0.055556999999999995,0.0573948,0.0604855,0.06472241999999999,0.067879,17883.476275959205,17.883476275959204,55.556999999999995,55.556999999999995,8941.738137979602,54048,52224,106776,sub-physical,0.015625,0.0078125,Intel(R) Xeon(R) 6760P,AVX512,"avx2,avx512f,avx512bw,avx512vl,avx512_vnni,avx512_bf16,amx_bf16,amx_int8,amx_tile,fma",True,True,,1.23.2,CPUExecutionProvider,,,256,128,sh14l07002s1404,3.11.9,2.1.2+cu121
20260428_010731,2026-04-28T07:06:35.249319,cpu,onnxruntime,separator1_grid_search_6ports_masked_hd32_depth3_stages2_share0,/home/liangyi/SRS_AI/Model_AIIC_refactor/experiments_refactored/20260427_072855_default_6port_separator1_masked_v2/separator1_grid_search_6ports_masked_hd32_depth3_stages2_share0,default_6port_separator1_masked_v2,separator1_grid_search_6ports_masked_hd32_depth3_stages2_share0,supervised_nmse_plateau,separator1,12,6,onnxruntime,fp32,float32,1,4,ok,,14.299131,20,50,0.05359552,0.0017183070649915868,0.052084,0.053041000000000005,0.0542727,0.056381749999999994,0.060521969999999994,0.062309,18658.275915598915,18.658275915598914,53.041000000000004,53.041000000000004,4664.568978899729,54048,52224,106776,sub-physical,0.03125,0.015625,Intel(R) Xeon(R) 6760P,AVX512,"avx2,avx512f,avx512bw,avx512vl,avx512_vnni,avx512_bf16,amx_bf16,amx_int8,amx_tile,fma",True,True,,1.23.2,CPUExecutionProvider,,,256,128,sh14l07002s1404,3.11.9,2.1.2+cu121
20260428_010731,2026-04-28T07:06:35.249319,cpu,onnxruntime,separator1_grid_search_6ports_masked_hd32_depth3_stages2_share0,/home/liangyi/SRS_AI/Model_AIIC_refactor/experiments_refactored/20260427_072855_default_6port_separator1_masked_v2/separator1_grid_search_6ports_masked_hd32_depth3_stages2_share0,default_6port_separator1_masked_v2,separator1_grid_search_6ports_masked_hd32_depth3_stages2_share0,supervised_nmse_plateau,separator1,12,6,onnxruntime,fp32,float32,1,8,ok,,15.178601,20,50,0.0548033,0.001696525251801457,0.053354,0.054342,0.0557021,0.05794284999999999,0.06144246999999999,0.063009,18247.07636218987,18.24707636218987,54.342,54.342,2280.8845452737337,54048,52224,106776,sub-physical,0.0625,0.03125,Intel(R) Xeon(R) 6760P,AVX512,"avx2,avx512f,avx512bw,avx512vl,avx512_vnni,avx512_bf16,amx_bf16,amx_int8,amx_tile,fma",True,True,,1.23.2,CPUExecutionProvider,,,256,128,sh14l07002s1404,3.11.9,2.1.2+cu121
20260428_010731,2026-04-28T07:06:35.249319,cpu,onnxruntime,separator1_grid_search_6ports_masked_hd32_depth3_stages2_share0,/home/liangyi/SRS_AI/Model_AIIC_refactor/experiments_refactored/20260427_072855_default_6port_separator1_masked_v2/separator1_grid_search_6ports_masked_hd32_depth3_stages2_share0,default_6port_separator1_masked_v2,separator1_grid_search_6ports_masked_hd32_depth3_stages2_share0,supervised_nmse_plateau,separator1,12,6,onnxruntime,fp32,float32,2,1,ok,,13.582033,20,50,0.0535455,0.0010457030601466173,0.051925,0.0533585,0.0547569,0.05554405,0.05615721,0.056339,37351.4114164589,37.351411416458895,53.35850000000001,26.679250000000003,37351.4114164589,54048,52224,106776,single-thread,0.0078125,0.00390625,Intel(R) Xeon(R) 6760P,AVX512,"avx2,avx512f,avx512bw,avx512vl,avx512_vnni,avx512_bf16,amx_bf16,amx_int8,amx_tile,fma",True,True,,1.23.2,CPUExecutionProvider,,,256,128,sh14l07002s1404,3.11.9,2.1.2+cu121
20260428_010731,2026-04-28T07:06:35.249319,cpu,onnxruntime,separator1_grid_search_6ports_masked_hd32_depth3_stages2_share0,/home/liangyi/SRS_AI/Model_AIIC_refactor/experiments_refactored/20260427_072855_default_6port_separator1_masked_v2/separator1_grid_search_6ports_masked_hd32_depth3_stages2_share0,default_6port_separator1_masked_v2,separator1_grid_search_6ports_masked_hd32_depth3_stages2_share0,supervised_nmse_plateau,separator1,12,6,onnxruntime,fp32,float32,2,2,ok,,13.590126,20,50,0.05699494,0.002087085962867845,0.055471,0.05634,0.058049800000000006,0.059357,0.06538831999999999,0.068981,35090.83437933262,35.09083437933262,56.34,28.17,17545.41718966631,54048,52224,106776,sub-physical,0.015625,0.0078125,Intel(R) Xeon(R) 6760P,AVX512,"avx2,avx512f,avx512bw,avx512vl,avx512_vnni,avx512_bf16,amx_bf16,amx_int8,amx_tile,fma",True,True,,1.23.2,CPUExecutionProvider,,,256,128,sh14l07002s1404,3.11.9,2.1.2+cu121
20260428_010731,2026-04-28T07:06:35.249319,cpu,onnxruntime,separator1_grid_search_6ports_masked_hd32_depth3_stages2_share0,/home/liangyi/SRS_AI/Model_AIIC_refactor/experiments_refactored/20260427_072855_default_6port_separator1_masked_v2/separator1_grid_search_6ports_masked_hd32_depth3_stages2_share0,default_6port_separator1_masked_v2,separator1_grid_search_6ports_masked_hd32_depth3_stages2_share0,supervised_nmse_plateau,separator1,12,6,onnxruntime,fp32,float32,2,4,ok,,14.403849,20,50,0.05794206,0.0021053370505455886,0.055893,0.057597499999999996,0.059908,0.0627469,0.06503001,0.065937,34517.240153353196,34.51724015335319,57.5975,28.79875,8629.310038338299,54048,52224,106776,sub-physical,0.03125,0.015625,Intel(R) Xeon(R) 6760P,AVX512,"avx2,avx512f,avx512bw,avx512vl,avx512_vnni,avx512_bf16,amx_bf16,amx_int8,amx_tile,fma",True,True,,1.23.2,CPUExecutionProvider,,,256,128,sh14l07002s1404,3.11.9,2.1.2+cu121
20260428_010731,2026-04-28T07:06:35.249319,cpu,onnxruntime,separator1_grid_search_6ports_masked_hd32_depth3_stages2_share0,/home/liangyi/SRS_AI/Model_AIIC_refactor/experiments_refactored/20260427_072855_default_6port_separator1_masked_v2/separator1_grid_search_6ports_masked_hd32_depth3_stages2_share0,default_6port_separator1_masked_v2,separator1_grid_search_6ports_masked_hd32_depth3_stages2_share0,supervised_nmse_plateau,separator1,12,6,onnxruntime,fp32,float32,2,8,ok,,15.117195,20,50,0.057382,0.0018287283997357288,0.054902,0.056805,0.0596974,0.0617027,0.06230971,0.06232,34854.13544317033,34.85413544317033,56.805,28.4025,4356.766930396291,54048,52224,106776,sub-physical,0.0625,0.03125,Intel(R) Xeon(R) 6760P,AVX512,"avx2,avx512f,avx512bw,avx512vl,avx512_vnni,avx512_bf16,amx_bf16,amx_int8,amx_tile,fma",True,True,,1.23.2,CPUExecutionProvider,,,256,128,sh14l07002s1404,3.11.9,2.1.2+cu121
20260428_010731,2026-04-28T07:06:35.249319,cpu,onnxruntime,separator1_grid_search_6ports_masked_hd32_depth3_stages2_share0,/home/liangyi/SRS_AI/Model_AIIC_refactor/experiments_refactored/20260427_072855_default_6port_separator1_masked_v2/separator1_grid_search_6ports_masked_hd32_depth3_stages2_share0,default_6port_separator1_masked_v2,separator1_grid_search_6ports_masked_hd32_depth3_stages2_share0,supervised_nmse_plateau,separator1,12,6,onnxruntime,fp32,float32,4,1,ok,,13.499088,20,50,0.05602708,0.001402885666617205,0.054451,0.0554855,0.057324200000000006,0.05907655,0.06048322,0.061082,71394.04730712362,71.39404730712361,55.4855,13.871375,71394.04730712362,54048,52224,106776,single-thread,0.0078125,0.00390625,Intel(R) Xeon(R) 6760P,AVX512,"avx2,avx512f,avx512bw,avx512vl,avx512_vnni,avx512_bf16,amx_bf16,amx_int8,amx_tile,fma",True,True,,1.23.2,CPUExecutionProvider,,,256,128,sh14l07002s1404,3.11.9,2.1.2+cu121
20260428_010731,2026-04-28T07:06:35.249319,cpu,onnxruntime,separator1_grid_search_6ports_masked_hd32_depth3_stages2_share0,/home/liangyi/SRS_AI/Model_AIIC_refactor/experiments_refactored/20260427_072855_default_6port_separator1_masked_v2/separator1_grid_search_6ports_masked_hd32_depth3_stages2_share0,default_6port_separator1_masked_v2,separator1_grid_search_6ports_masked_hd32_depth3_stages2_share0,supervised_nmse_plateau,separator1,12,6,onnxruntime,fp32,float32,4,2,ok,,13.768369,20,50,0.06079796,0.002434406391381685,0.058243,0.060445,0.0636297,0.066339,0.06811144999999999,0.068795,65791.68116824972,65.79168116824972,60.445,15.11125,32895.84058412486,54048,52224,106776,sub-physical,0.015625,0.0078125,Intel(R) Xeon(R) 6760P,AVX512,"avx2,avx512f,avx512bw,avx512vl,avx512_vnni,avx512_bf16,amx_bf16,amx_int8,amx_tile,fma",True,True,,1.23.2,CPUExecutionProvider,,,256,128,sh14l07002s1404,3.11.9,2.1.2+cu121
20260428_010731,2026-04-28T07:06:35.249319,cpu,onnxruntime,separator1_grid_search_6ports_masked_hd32_depth3_stages2_share0,/home/liangyi/SRS_AI/Model_AIIC_refactor/experiments_refactored/20260427_072855_default_6port_separator1_masked_v2/separator1_grid_search_6ports_masked_hd32_depth3_stages2_share0,default_6port_separator1_masked_v2,separator1_grid_search_6ports_masked_hd32_depth3_stages2_share0,supervised_nmse_plateau,separator1,12,6,onnxruntime,fp32,float32,4,4,ok,,14.1663,20,50,0.0604558,0.002247591146093968,0.058043,0.059996,0.0628637,0.0651102,0.06758948999999999,0.068961,66164.0405056256,66.1640405056256,59.996,14.999,16541.0101264064,54048,52224,106776,sub-physical,0.03125,0.015625,Intel(R) Xeon(R) 6760P,AVX512,"avx2,avx512f,avx512bw,avx512vl,avx512_vnni,avx512_bf16,amx_bf16,amx_int8,amx_tile,fma",True,True,,1.23.2,CPUExecutionProvider,,,256,128,sh14l07002s1404,3.11.9,2.1.2+cu121
20260428_010731,2026-04-28T07:06:35.249319,cpu,onnxruntime,separator1_grid_search_6ports_masked_hd32_depth3_stages2_share0,/home/liangyi/SRS_AI/Model_AIIC_refactor/experiments_refactored/20260427_072855_default_6port_separator1_masked_v2/separator1_grid_search_6ports_masked_hd32_depth3_stages2_share0,default_6port_separator1_masked_v2,separator1_grid_search_6ports_masked_hd32_depth3_stages2_share0,supervised_nmse_plateau,separator1,12,6,onnxruntime,fp32,float32,4,8,ok,,14.700507,20,50,0.05949772,0.0031016206604934783,0.057512,0.0586145,0.0601846,0.063764,0.07270181999999999,0.07725,67229.46694427954,67.22946694427954,58.6145,14.653625,8403.683368034943,54048,52224,106776,sub-physical,0.0625,0.03125,Intel(R) Xeon(R) 6760P,AVX512,"avx2,avx512f,avx512bw,avx512vl,avx512_vnni,avx512_bf16,amx_bf16,amx_int8,amx_tile,fma",True,True,,1.23.2,CPUExecutionProvider,,,256,128,sh14l07002s1404,3.11.9,2.1.2+cu121
20260428_010731,2026-04-28T07:06:35.249319,cpu,onnxruntime,separator1_grid_search_6ports_masked_hd32_depth3_stages2_share0,/home/liangyi/SRS_AI/Model_AIIC_refactor/experiments_refactored/20260427_072855_default_6port_separator1_masked_v2/separator1_grid_search_6ports_masked_hd32_depth3_stages2_share0,default_6port_separator1_masked_v2,separator1_grid_search_6ports_masked_hd32_depth3_stages2_share0,supervised_nmse_plateau,separator1,12,6,onnxruntime,fp32,float32,8,1,ok,,13.272231,20,50,0.06488942,0.0017577057443155845,0.062761,0.06459899999999999,0.06674580000000001,0.06780715,0.07060458,0.071662,123286.6621399914,123.2866621399914,64.59899999999999,8.074874999999999,123286.6621399914,54048,52224,106776,single-thread,0.0078125,0.00390625,Intel(R) Xeon(R) 6760P,AVX512,"avx2,avx512f,avx512bw,avx512vl,avx512_vnni,avx512_bf16,amx_bf16,amx_int8,amx_tile,fma",True,True,,1.23.2,CPUExecutionProvider,,,256,128,sh14l07002s1404,3.11.9,2.1.2+cu121
20260428_010731,2026-04-28T07:06:35.249319,cpu,onnxruntime,separator1_grid_search_6ports_masked_hd32_depth3_stages2_share0,/home/liangyi/SRS_AI/Model_AIIC_refactor/experiments_refactored/20260427_072855_default_6port_separator1_masked_v2/separator1_grid_search_6ports_masked_hd32_depth3_stages2_share0,default_6port_separator1_masked_v2,separator1_grid_search_6ports_masked_hd32_depth3_stages2_share0,supervised_nmse_plateau,separator1,12,6,onnxruntime,fp32,float32,8,2,ok,,13.660425,20,50,0.0680194,0.0017940545922574369,0.065557,0.0680515,0.06986339999999999,0.0714175,0.07353069,0.073589,117613.50438257323,117.61350438257323,68.0515,8.5064375,58806.752191286614,54048,52224,106776,sub-physical,0.015625,0.0078125,Intel(R) Xeon(R) 6760P,AVX512,"avx2,avx512f,avx512bw,avx512vl,avx512_vnni,avx512_bf16,amx_bf16,amx_int8,amx_tile,fma",True,True,,1.23.2,CPUExecutionProvider,,,256,128,sh14l07002s1404,3.11.9,2.1.2+cu121
20260428_010731,2026-04-28T07:06:35.249319,cpu,onnxruntime,separator1_grid_search_6ports_masked_hd32_depth3_stages2_share0,/home/liangyi/SRS_AI/Model_AIIC_refactor/experiments_refactored/20260427_072855_default_6port_separator1_masked_v2/separator1_grid_search_6ports_masked_hd32_depth3_stages2_share0,default_6port_separator1_masked_v2,separator1_grid_search_6ports_masked_hd32_depth3_stages2_share0,supervised_nmse_plateau,separator1,12,6,onnxruntime,fp32,float32,8,4,ok,,14.35548,20,50,0.06631634,0.002455248978087558,0.064063,0.065472,0.06777960000000001,0.07186094999999999,0.07512437999999999,0.075192,120633.919181909,120.63391918190901,65.47200000000001,8.184000000000001,30158.47979547725,54048,52224,106776,sub-physical,0.03125,0.015625,Intel(R) Xeon(R) 6760P,AVX512,"avx2,avx512f,avx512bw,avx512vl,avx512_vnni,avx512_bf16,amx_bf16,amx_int8,amx_tile,fma",True,True,,1.23.2,CPUExecutionProvider,,,256,128,sh14l07002s1404,3.11.9,2.1.2+cu121
20260428_010731,2026-04-28T07:06:35.249319,cpu,onnxruntime,separator1_grid_search_6ports_masked_hd32_depth3_stages2_share0,/home/liangyi/SRS_AI/Model_AIIC_refactor/experiments_refactored/20260427_072855_default_6port_separator1_masked_v2/separator1_grid_search_6ports_masked_hd32_depth3_stages2_share0,default_6port_separator1_masked_v2,separator1_grid_search_6ports_masked_hd32_depth3_stages2_share0,supervised_nmse_plateau,separator1,12,6,onnxruntime,fp32,float32,8,8,ok,,14.53382,20,50,0.06582508,0.0028501769688214097,0.063765,0.06486449999999999,0.0669832,0.07017860000000001,0.07755628999999999,0.08127,121534.22373356782,121.53422373356783,64.86449999999999,8.108062499999999,15191.777966695978,54048,52224,106776,sub-physical,0.0625,0.03125,Intel(R) Xeon(R) 6760P,AVX512,"avx2,avx512f,avx512bw,avx512vl,avx512_vnni,avx512_bf16,amx_bf16,amx_int8,amx_tile,fma",True,True,,1.23.2,CPUExecutionProvider,,,256,128,sh14l07002s1404,3.11.9,2.1.2+cu121
20260428_010731,2026-04-28T07:06:35.249319,cpu,onnxruntime,separator1_grid_search_6ports_masked_hd32_depth3_stages2_share0,/home/liangyi/SRS_AI/Model_AIIC_refactor/experiments_refactored/20260427_072855_default_6port_separator1_masked_v2/separator1_grid_search_6ports_masked_hd32_depth3_stages2_share0,default_6port_separator1_masked_v2,separator1_grid_search_6ports_masked_hd32_depth3_stages2_share0,supervised_nmse_plateau,separator1,12,6,onnxruntime,fp32,float32,16,1,ok,,13.736456,20,50,0.07777254,0.0021581009634398475,0.075708,0.0766725,0.0798679,0.0831194,0.08423486999999999,0.08489,205728.14003503037,205.72814003503038,76.6725,4.79203125,205728.14003503037,54048,52224,106776,single-thread,0.0078125,0.00390625,Intel(R) Xeon(R) 6760P,AVX512,"avx2,avx512f,avx512bw,avx512vl,avx512_vnni,avx512_bf16,amx_bf16,amx_int8,amx_tile,fma",True,True,,1.23.2,CPUExecutionProvider,,,256,128,sh14l07002s1404,3.11.9,2.1.2+cu121
20260428_010731,2026-04-28T07:06:35.249319,cpu,onnxruntime,separator1_grid_search_6ports_masked_hd32_depth3_stages2_share0,/home/liangyi/SRS_AI/Model_AIIC_refactor/experiments_refactored/20260427_072855_default_6port_separator1_masked_v2/separator1_grid_search_6ports_masked_hd32_depth3_stages2_share0,default_6port_separator1_masked_v2,separator1_grid_search_6ports_masked_hd32_depth3_stages2_share0,supervised_nmse_plateau,separator1,12,6,onnxruntime,fp32,float32,16,2,ok,,13.889555,20,50,0.08014774,0.002215791576931369,0.077773,0.0794375,0.08210379999999999,0.08505225,0.08711513,0.087734,199631.33083977166,199.63133083977166,79.4375,4.96484375,99815.66541988583,54048,52224,106776,sub-physical,0.015625,0.0078125,Intel(R) Xeon(R) 6760P,AVX512,"avx2,avx512f,avx512bw,avx512vl,avx512_vnni,avx512_bf16,amx_bf16,amx_int8,amx_tile,fma",True,True,,1.23.2,CPUExecutionProvider,,,256,128,sh14l07002s1404,3.11.9,2.1.2+cu121
20260428_010731,2026-04-28T07:06:35.249319,cpu,onnxruntime,separator1_grid_search_6ports_masked_hd32_depth3_stages2_share0,/home/liangyi/SRS_AI/Model_AIIC_refactor/experiments_refactored/20260427_072855_default_6port_separator1_masked_v2/separator1_grid_search_6ports_masked_hd32_depth3_stages2_share0,default_6port_separator1_masked_v2,separator1_grid_search_6ports_masked_hd32_depth3_stages2_share0,supervised_nmse_plateau,separator1,12,6,onnxruntime,fp32,float32,16,4,ok,,14.205857,20,50,0.07893088,0.0020485342432090318,0.076132,0.07874600000000001,0.0810893,0.08244645,0.08517535,0.086393,202709.00311766448,202.70900311766448,78.74600000000001,4.921625000000001,50677.25077941612,54048,52224,106776,sub-physical,0.03125,0.015625,Intel(R) Xeon(R) 6760P,AVX512,"avx2,avx512f,avx512bw,avx512vl,avx512_vnni,avx512_bf16,amx_bf16,amx_int8,amx_tile,fma",True,True,,1.23.2,CPUExecutionProvider,,,256,128,sh14l07002s1404,3.11.9,2.1.2+cu121
20260428_010731,2026-04-28T07:06:35.249319,cpu,onnxruntime,separator1_grid_search_6ports_masked_hd32_depth3_stages2_share0,/home/liangyi/SRS_AI/Model_AIIC_refactor/experiments_refactored/20260427_072855_default_6port_separator1_masked_v2/separator1_grid_search_6ports_masked_hd32_depth3_stages2_share0,default_6port_separator1_masked_v2,separator1_grid_search_6ports_masked_hd32_depth3_stages2_share0,supervised_nmse_plateau,separator1,12,6,onnxruntime,fp32,float32,16,8,ok,,14.76245,20,50,0.07782182,0.003166098682542918,0.074713,0.0778275,0.0790125,0.08189854999999999,0.08988561999999997,0.096237,205597.8644549819,205.5978644549819,77.8275,4.86421875,25699.733056872738,54048,52224,106776,sub-physical,0.0625,0.03125,Intel(R) Xeon(R) 6760P,AVX512,"avx2,avx512f,avx512bw,avx512vl,avx512_vnni,avx512_bf16,amx_bf16,amx_int8,amx_tile,fma",True,True,,1.23.2,CPUExecutionProvider,,,256,128,sh14l07002s1404,3.11.9,2.1.2+cu121
20260428_010731,2026-04-28T07:06:35.249319,cpu,onnxruntime,separator1_grid_search_6ports_masked_hd32_depth3_stages2_share0,/home/liangyi/SRS_AI/Model_AIIC_refactor/experiments_refactored/20260427_072855_default_6port_separator1_masked_v2/separator1_grid_search_6ports_masked_hd32_depth3_stages2_share0,default_6port_separator1_masked_v2,separator1_grid_search_6ports_masked_hd32_depth3_stages2_share0,supervised_nmse_plateau,separator1,12,6,onnxruntime,fp32,float32,32,1,ok,,13.577866,20,50,0.1022491,0.001389145122008496,0.100234,0.10193450000000001,0.1038608,0.1039906,0.10512874,0.106194,312961.18987844395,312.961189878444,101.93450000000001,3.1854531250000004,312961.18987844395,54048,52224,106776,single-thread,0.0078125,0.00390625,Intel(R) Xeon(R) 6760P,AVX512,"avx2,avx512f,avx512bw,avx512vl,avx512_vnni,avx512_bf16,amx_bf16,amx_int8,amx_tile,fma",True,True,,1.23.2,CPUExecutionProvider,,,256,128,sh14l07002s1404,3.11.9,2.1.2+cu121
20260428_010731,2026-04-28T07:06:35.249319,cpu,onnxruntime,separator1_grid_search_6ports_masked_hd32_depth3_stages2_share0,/home/liangyi/SRS_AI/Model_AIIC_refactor/experiments_refactored/20260427_072855_default_6port_separator1_masked_v2/separator1_grid_search_6ports_masked_hd32_depth3_stages2_share0,default_6port_separator1_masked_v2,separator1_grid_search_6ports_masked_hd32_depth3_stages2_share0,supervised_nmse_plateau,separator1,12,6,onnxruntime,fp32,float32,32,2,ok,,13.947607,20,50,0.10501592,0.003080105984150545,0.101898,0.1039915,0.10969000000000001,0.11170975,0.11299471999999999,0.113079,304715.70405706106,304.71570405706103,103.9915,3.249734375,152357.85202853053,54048,52224,106776,sub-physical,0.015625,0.0078125,Intel(R) Xeon(R) 6760P,AVX512,"avx2,avx512f,avx512bw,avx512vl,avx512_vnni,avx512_bf16,amx_bf16,amx_int8,amx_tile,fma",True,True,,1.23.2,CPUExecutionProvider,,,256,128,sh14l07002s1404,3.11.9,2.1.2+cu121
20260428_010731,2026-04-28T07:06:35.249319,cpu,onnxruntime,separator1_grid_search_6ports_masked_hd32_depth3_stages2_share0,/home/liangyi/SRS_AI/Model_AIIC_refactor/experiments_refactored/20260427_072855_default_6port_separator1_masked_v2/separator1_grid_search_6ports_masked_hd32_depth3_stages2_share0,default_6port_separator1_masked_v2,separator1_grid_search_6ports_masked_hd32_depth3_stages2_share0,supervised_nmse_plateau,separator1,12,6,onnxruntime,fp32,float32,32,4,ok,,14.279211,20,50,0.10608172,0.002941105649513462,0.102251,0.105706,0.1103621,0.11123465,0.11501592999999999,0.118369,301654.23411309696,301.65423411309695,105.70599999999999,3.3033124999999997,75413.55852827424,54048,52224,106776,sub-physical,0.03125,0.015625,Intel(R) Xeon(R) 6760P,AVX512,"avx2,avx512f,avx512bw,avx512vl,avx512_vnni,avx512_bf16,amx_bf16,amx_int8,amx_tile,fma",True,True,,1.23.2,CPUExecutionProvider,,,256,128,sh14l07002s1404,3.11.9,2.1.2+cu121
20260428_010731,2026-04-28T07:06:35.249319,cpu,onnxruntime,separator1_grid_search_6ports_masked_hd32_depth3_stages2_share0,/home/liangyi/SRS_AI/Model_AIIC_refactor/experiments_refactored/20260427_072855_default_6port_separator1_masked_v2/separator1_grid_search_6ports_masked_hd32_depth3_stages2_share0,default_6port_separator1_masked_v2,separator1_grid_search_6ports_masked_hd32_depth3_stages2_share0,supervised_nmse_plateau,separator1,12,6,onnxruntime,fp32,float32,32,8,ok,,14.420555,20,50,0.10479552,0.002055734469623935,0.101702,0.1044195,0.1068758,0.10884915,0.11117521,0.111504,305356.56486078794,305.35656486078796,104.4195,3.263109375,38169.57060759849,54048,52224,106776,sub-physical,0.0625,0.03125,Intel(R) Xeon(R) 6760P,AVX512,"avx2,avx512f,avx512bw,avx512vl,avx512_vnni,avx512_bf16,amx_bf16,amx_int8,amx_tile,fma",True,True,,1.23.2,CPUExecutionProvider,,,256,128,sh14l07002s1404,3.11.9,2.1.2+cu121
20260428_010731,2026-04-28T07:06:35.249319,cpu,onnxruntime,separator1_grid_search_6ports_masked_hd32_depth3_stages2_share0,/home/liangyi/SRS_AI/Model_AIIC_refactor/experiments_refactored/20260427_072855_default_6port_separator1_masked_v2/separator1_grid_search_6ports_masked_hd32_depth3_stages2_share0,default_6port_separator1_masked_v2,separator1_grid_search_6ports_masked_hd32_depth3_stages2_share0,supervised_nmse_plateau,separator1,12,6,onnxruntime,fp32,float32,64,1,ok,,13.339441,20,50,0.14753472,0.0030366189160973083,0.14377,0.1463775,0.1515195,0.15224965,0.15747079,0.159739,433796.19387219497,433.796193872195,146.3775,2.2871484375,433796.19387219497,54048,52224,106776,single-thread,0.0078125,0.00390625,Intel(R) Xeon(R) 6760P,AVX512,"avx2,avx512f,avx512bw,avx512vl,avx512_vnni,avx512_bf16,amx_bf16,amx_int8,amx_tile,fma",True,True,,1.23.2,CPUExecutionProvider,,,256,128,sh14l07002s1404,3.11.9,2.1.2+cu121
20260428_010731,2026-04-28T07:06:35.249319,cpu,onnxruntime,separator1_grid_search_6ports_masked_hd32_depth3_stages2_share0,/home/liangyi/SRS_AI/Model_AIIC_refactor/experiments_refactored/20260427_072855_default_6port_separator1_masked_v2/separator1_grid_search_6ports_masked_hd32_depth3_stages2_share0,default_6port_separator1_masked_v2,separator1_grid_search_6ports_masked_hd32_depth3_stages2_share0,supervised_nmse_plateau,separator1,12,6,onnxruntime,fp32,float32,64,2,ok,,13.450903,20,50,0.22093064,0.009398087392145277,0.201623,0.219169,0.2297158,0.23598289999999997,0.24657579999999998,0.252054,289683.6762886307,289.6836762886307,219.169,3.424515625,144841.83814431535,54048,52224,106776,sub-physical,0.015625,0.0078125,Intel(R) Xeon(R) 6760P,AVX512,"avx2,avx512f,avx512bw,avx512vl,avx512_vnni,avx512_bf16,amx_bf16,amx_int8,amx_tile,fma",True,True,,1.23.2,CPUExecutionProvider,,,256,128,sh14l07002s1404,3.11.9,2.1.2+cu121
20260428_010731,2026-04-28T07:06:35.249319,cpu,onnxruntime,separator1_grid_search_6ports_masked_hd32_depth3_stages2_share0,/home/liangyi/SRS_AI/Model_AIIC_refactor/experiments_refactored/20260427_072855_default_6port_separator1_masked_v2/separator1_grid_search_6ports_masked_hd32_depth3_stages2_share0,default_6port_separator1_masked_v2,separator1_grid_search_6ports_masked_hd32_depth3_stages2_share0,supervised_nmse_plateau,separator1,12,6,onnxruntime,fp32,float32,64,4,ok,,14.057234,20,50,0.22591388,0.007367996950705123,0.213325,0.2263135,0.23370169999999998,0.23469135,0.2447876,0.245013,283293.7931923439,283.2937931923439,226.3135,3.5361484375,70823.44829808598,54048,52224,106776,sub-physical,0.03125,0.015625,Intel(R) Xeon(R) 6760P,AVX512,"avx2,avx512f,avx512bw,avx512vl,avx512_vnni,avx512_bf16,amx_bf16,amx_int8,amx_tile,fma",True,True,,1.23.2,CPUExecutionProvider,,,256,128,sh14l07002s1404,3.11.9,2.1.2+cu121
20260428_010731,2026-04-28T07:06:35.249319,cpu,onnxruntime,separator1_grid_search_6ports_masked_hd32_depth3_stages2_share0,/home/liangyi/SRS_AI/Model_AIIC_refactor/experiments_refactored/20260427_072855_default_6port_separator1_masked_v2/separator1_grid_search_6ports_masked_hd32_depth3_stages2_share0,default_6port_separator1_masked_v2,separator1_grid_search_6ports_masked_hd32_depth3_stages2_share0,supervised_nmse_plateau,separator1,12,6,onnxruntime,fp32,float32,64,8,ok,,14.589572,20,50,0.23366834,0.005662854836952825,0.220396,0.2341125,0.2409702,0.24208595,0.24655106,0.247338,273892.47512093425,273.89247512093425,234.1125,3.6580078125,34236.55939011678,54048,52224,106776,sub-physical,0.0625,0.03125,Intel(R) Xeon(R) 6760P,AVX512,"avx2,avx512f,avx512bw,avx512vl,avx512_vnni,avx512_bf16,amx_bf16,amx_int8,amx_tile,fma",True,True,,1.23.2,CPUExecutionProvider,,,256,128,sh14l07002s1404,3.11.9,2.1.2+cu121
20260428_010731,2026-04-28T07:06:35.249319,cpu,onnxruntime,separator1_grid_search_6ports_masked_hd32_depth3_stages2_share0,/home/liangyi/SRS_AI/Model_AIIC_refactor/experiments_refactored/20260427_072855_default_6port_separator1_masked_v2/separator1_grid_search_6ports_masked_hd32_depth3_stages2_share0,default_6port_separator1_masked_v2,separator1_grid_search_6ports_masked_hd32_depth3_stages2_share0,supervised_nmse_plateau,separator1,12,6,onnxruntime,fp32,float32,128,1,ok,,13.458444,20,50,0.23529794,0.0019070801179814144,0.231793,0.235099,0.2378057,0.2382714,0.24058449,0.24127,543991.1628635592,543.9911628635592,235.099,1.8367109375,543991.1628635592,54048,52224,106776,single-thread,0.0078125,0.00390625,Intel(R) Xeon(R) 6760P,AVX512,"avx2,avx512f,avx512bw,avx512vl,avx512_vnni,avx512_bf16,amx_bf16,amx_int8,amx_tile,fma",True,True,,1.23.2,CPUExecutionProvider,,,256,128,sh14l07002s1404,3.11.9,2.1.2+cu121
20260428_010731,2026-04-28T07:06:35.249319,cpu,onnxruntime,separator1_grid_search_6ports_masked_hd32_depth3_stages2_share0,/home/liangyi/SRS_AI/Model_AIIC_refactor/experiments_refactored/20260427_072855_default_6port_separator1_masked_v2/separator1_grid_search_6ports_masked_hd32_depth3_stages2_share0,default_6port_separator1_masked_v2,separator1_grid_search_6ports_masked_hd32_depth3_stages2_share0,supervised_nmse_plateau,separator1,12,6,onnxruntime,fp32,float32,128,2,ok,,13.857029,20,50,0.4843089,0.045209440140859966,0.415042,0.481238,0.5388855,0.5620752999999999,0.6034296199999999,0.631488,264294.13128687086,264.2941312868709,481.238,3.759671875,132147.06564343543,54048,52224,106776,sub-physical,0.015625,0.0078125,Intel(R) Xeon(R) 6760P,AVX512,"avx2,avx512f,avx512bw,avx512vl,avx512_vnni,avx512_bf16,amx_bf16,amx_int8,amx_tile,fma",True,True,,1.23.2,CPUExecutionProvider,,,256,128,sh14l07002s1404,3.11.9,2.1.2+cu121
20260428_010731,2026-04-28T07:06:35.249319,cpu,onnxruntime,separator1_grid_search_6ports_masked_hd32_depth3_stages2_share0,/home/liangyi/SRS_AI/Model_AIIC_refactor/experiments_refactored/20260427_072855_default_6port_separator1_masked_v2/separator1_grid_search_6ports_masked_hd32_depth3_stages2_share0,default_6port_separator1_masked_v2,separator1_grid_search_6ports_masked_hd32_depth3_stages2_share0,supervised_nmse_plateau,separator1,12,6,onnxruntime,fp32,float32,128,4,ok,,14.563717,20,50,0.50074712,0.03738238937983499,0.423011,0.503091,0.5348697000000001,0.5500406999999999,0.62409266,0.626477,255618.04529200288,255.61804529200288,503.09099999999995,3.9303984374999996,63904.51132300072,54048,52224,106776,sub-physical,0.03125,0.015625,Intel(R) Xeon(R) 6760P,AVX512,"avx2,avx512f,avx512bw,avx512vl,avx512_vnni,avx512_bf16,amx_bf16,amx_int8,amx_tile,fma",True,True,,1.23.2,CPUExecutionProvider,,,256,128,sh14l07002s1404,3.11.9,2.1.2+cu121
20260428_010731,2026-04-28T07:06:35.249319,cpu,onnxruntime,separator1_grid_search_6ports_masked_hd32_depth3_stages2_share0,/home/liangyi/SRS_AI/Model_AIIC_refactor/experiments_refactored/20260427_072855_default_6port_separator1_masked_v2/separator1_grid_search_6ports_masked_hd32_depth3_stages2_share0,default_6port_separator1_masked_v2,separator1_grid_search_6ports_masked_hd32_depth3_stages2_share0,supervised_nmse_plateau,separator1,12,6,onnxruntime,fp32,float32,128,8,ok,,15.143607,20,50,0.49313474,0.023113768969001997,0.426088,0.4968635,0.5194899000000001,0.5234242499999999,0.52908293,0.531064,259563.9479790047,259.5639479790047,496.8635,3.88174609375,32445.493497375588,54048,52224,106776,sub-physical,0.0625,0.03125,Intel(R) Xeon(R) 6760P,AVX512,"avx2,avx512f,avx512bw,avx512vl,avx512_vnni,avx512_bf16,amx_bf16,amx_int8,amx_tile,fma",True,True,,1.23.2,CPUExecutionProvider,,,256,128,sh14l07002s1404,3.11.9,2.1.2+cu121
20260428_010731,2026-04-28T07:06:35.249319,cpu,onnxruntime,separator1_grid_search_6ports_masked_hd32_depth3_stages2_share0,/home/liangyi/SRS_AI/Model_AIIC_refactor/experiments_refactored/20260427_072855_default_6port_separator1_masked_v2/separator1_grid_search_6ports_masked_hd32_depth3_stages2_share0,,,,,,,onnxruntime,bf16,,1,1,skipped,ONNX Runtime benchmark currently supports precision profile fp32 only,0.0,,,,,,,,,,,,,,,,54048,52224,106776,single-thread,0.0078125,0.00390625,Intel(R) Xeon(R) 6760P,AVX512,"avx2,avx512f,avx512bw,avx512vl,avx512_vnni,avx512_bf16,amx_bf16,amx_int8,amx_tile,fma",True,True,,1.23.2,,,,256,128,sh14l07002s1404,3.11.9,2.1.2+cu121
20260428_010731,2026-04-28T07:06:35.249319,cpu,onnxruntime,separator1_grid_search_6ports_masked_hd32_depth3_stages2_share0,/home/liangyi/SRS_AI/Model_AIIC_refactor/experiments_refactored/20260427_072855_default_6port_separator1_masked_v2/separator1_grid_search_6ports_masked_hd32_depth3_stages2_share0,,,,,,,onnxruntime,bf16,,1,2,skipped,ONNX Runtime benchmark currently supports precision profile fp32 only,0.0,,,,,,,,,,,,,,,,54048,52224,106776,sub-physical,0.015625,0.0078125,Intel(R) Xeon(R) 6760P,AVX512,"avx2,avx512f,avx512bw,avx512vl,avx512_vnni,avx512_bf16,amx_bf16,amx_int8,amx_tile,fma",True,True,,1.23.2,,,,256,128,sh14l07002s1404,3.11.9,2.1.2+cu121
20260428_010731,2026-04-28T07:06:35.249319,cpu,onnxruntime,separator1_grid_search_6ports_masked_hd32_depth3_stages2_share0,/home/liangyi/SRS_AI/Model_AIIC_refactor/experiments_refactored/20260427_072855_default_6port_separator1_masked_v2/separator1_grid_search_6ports_masked_hd32_depth3_stages2_share0,,,,,,,onnxruntime,bf16,,1,4,skipped,ONNX Runtime benchmark currently supports precision profile fp32 only,0.0,,,,,,,,,,,,,,,,54048,52224,106776,sub-physical,0.03125,0.015625,Intel(R) Xeon(R) 6760P,AVX512,"avx2,avx512f,avx512bw,avx512vl,avx512_vnni,avx512_bf16,amx_bf16,amx_int8,amx_tile,fma",True,True,,1.23.2,,,,256,128,sh14l07002s1404,3.11.9,2.1.2+cu121
20260428_010731,2026-04-28T07:06:35.249319,cpu,onnxruntime,separator1_grid_search_6ports_masked_hd32_depth3_stages2_share0,/home/liangyi/SRS_AI/Model_AIIC_refactor/experiments_refactored/20260427_072855_default_6port_separator1_masked_v2/separator1_grid_search_6ports_masked_hd32_depth3_stages2_share0,,,,,,,onnxruntime,bf16,,1,8,skipped,ONNX Runtime benchmark currently supports precision profile fp32 only,0.0,,,,,,,,,,,,,,,,54048,52224,106776,sub-physical,0.0625,0.03125,Intel(R) Xeon(R) 6760P,AVX512,"avx2,avx512f,avx512bw,avx512vl,avx512_vnni,avx512_bf16,amx_bf16,amx_int8,amx_tile,fma",True,True,,1.23.2,,,,256,128,sh14l07002s1404,3.11.9,2.1.2+cu121
20260428_010731,2026-04-28T07:06:35.249319,cpu,onnxruntime,separator1_grid_search_6ports_masked_hd32_depth3_stages2_share0,/home/liangyi/SRS_AI/Model_AIIC_refactor/experiments_refactored/20260427_072855_default_6port_separator1_masked_v2/separator1_grid_search_6ports_masked_hd32_depth3_stages2_share0,,,,,,,onnxruntime,bf16,,2,1,skipped,ONNX Runtime benchmark currently supports precision profile fp32 only,0.0,,,,,,,,,,,,,,,,54048,52224,106776,single-thread,0.0078125,0.00390625,Intel(R) Xeon(R) 6760P,AVX512,"avx2,avx512f,avx512bw,avx512vl,avx512_vnni,avx512_bf16,amx_bf16,amx_int8,amx_tile,fma",True,True,,1.23.2,,,,256,128,sh14l07002s1404,3.11.9,2.1.2+cu121
20260428_010731,2026-04-28T07:06:35.249319,cpu,onnxruntime,separator1_grid_search_6ports_masked_hd32_depth3_stages2_share0,/home/liangyi/SRS_AI/Model_AIIC_refactor/experiments_refactored/20260427_072855_default_6port_separator1_masked_v2/separator1_grid_search_6ports_masked_hd32_depth3_stages2_share0,,,,,,,onnxruntime,bf16,,2,2,skipped,ONNX Runtime benchmark currently supports precision profile fp32 only,0.0,,,,,,,,,,,,,,,,54048,52224,106776,sub-physical,0.015625,0.0078125,Intel(R) Xeon(R) 6760P,AVX512,"avx2,avx512f,avx512bw,avx512vl,avx512_vnni,avx512_bf16,amx_bf16,amx_int8,amx_tile,fma",True,True,,1.23.2,,,,256,128,sh14l07002s1404,3.11.9,2.1.2+cu121
20260428_010731,2026-04-28T07:06:35.249319,cpu,onnxruntime,separator1_grid_search_6ports_masked_hd32_depth3_stages2_share0,/home/liangyi/SRS_AI/Model_AIIC_refactor/experiments_refactored/20260427_072855_default_6port_separator1_masked_v2/separator1_grid_search_6ports_masked_hd32_depth3_stages2_share0,,,,,,,onnxruntime,bf16,,2,4,skipped,ONNX Runtime benchmark currently supports precision profile fp32 only,0.0,,,,,,,,,,,,,,,,54048,52224,106776,sub-physical,0.03125,0.015625,Intel(R) Xeon(R) 6760P,AVX512,"avx2,avx512f,avx512bw,avx512vl,avx512_vnni,avx512_bf16,amx_bf16,amx_int8,amx_tile,fma",True,True,,1.23.2,,,,256,128,sh14l07002s1404,3.11.9,2.1.2+cu121
20260428_010731,2026-04-28T07:06:35.249319,cpu,onnxruntime,separator1_grid_search_6ports_masked_hd32_depth3_stages2_share0,/home/liangyi/SRS_AI/Model_AIIC_refactor/experiments_refactored/20260427_072855_default_6port_separator1_masked_v2/separator1_grid_search_6ports_masked_hd32_depth3_stages2_share0,,,,,,,onnxruntime,bf16,,2,8,skipped,ONNX Runtime benchmark currently supports precision profile fp32 only,0.0,,,,,,,,,,,,,,,,54048,52224,106776,sub-physical,0.0625,0.03125,Intel(R) Xeon(R) 6760P,AVX512,"avx2,avx512f,avx512bw,avx512vl,avx512_vnni,avx512_bf16,amx_bf16,amx_int8,amx_tile,fma",True,True,,1.23.2,,,,256,128,sh14l07002s1404,3.11.9,2.1.2+cu121
20260428_010731,2026-04-28T07:06:35.249319,cpu,onnxruntime,separator1_grid_search_6ports_masked_hd32_depth3_stages2_share0,/home/liangyi/SRS_AI/Model_AIIC_refactor/experiments_refactored/20260427_072855_default_6port_separator1_masked_v2/separator1_grid_search_6ports_masked_hd32_depth3_stages2_share0,,,,,,,onnxruntime,bf16,,4,1,skipped,ONNX Runtime benchmark currently supports precision profile fp32 only,0.0,,,,,,,,,,,,,,,,54048,52224,106776,single-thread,0.0078125,0.00390625,Intel(R) Xeon(R) 6760P,AVX512,"avx2,avx512f,avx512bw,avx512vl,avx512_vnni,avx512_bf16,amx_bf16,amx_int8,amx_tile,fma",True,True,,1.23.2,,,,256,128,sh14l07002s1404,3.11.9,2.1.2+cu121
20260428_010731,2026-04-28T07:06:35.249319,cpu,onnxruntime,separator1_grid_search_6ports_masked_hd32_depth3_stages2_share0,/home/liangyi/SRS_AI/Model_AIIC_refactor/experiments_refactored/20260427_072855_default_6port_separator1_masked_v2/separator1_grid_search_6ports_masked_hd32_depth3_stages2_share0,,,,,,,onnxruntime,bf16,,4,2,skipped,ONNX Runtime benchmark currently supports precision profile fp32 only,0.0,,,,,,,,,,,,,,,,54048,52224,106776,sub-physical,0.015625,0.0078125,Intel(R) Xeon(R) 6760P,AVX512,"avx2,avx512f,avx512bw,avx512vl,avx512_vnni,avx512_bf16,amx_bf16,amx_int8,amx_tile,fma",True,True,,1.23.2,,,,256,128,sh14l07002s1404,3.11.9,2.1.2+cu121
20260428_010731,2026-04-28T07:06:35.249319,cpu,onnxruntime,separator1_grid_search_6ports_masked_hd32_depth3_stages2_share0,/home/liangyi/SRS_AI/Model_AIIC_refactor/experiments_refactored/20260427_072855_default_6port_separator1_masked_v2/separator1_grid_search_6ports_masked_hd32_depth3_stages2_share0,,,,,,,onnxruntime,bf16,,4,4,skipped,ONNX Runtime benchmark currently supports precision profile fp32 only,0.0,,,,,,,,,,,,,,,,54048,52224,106776,sub-physical,0.03125,0.015625,Intel(R) Xeon(R) 6760P,AVX512,"avx2,avx512f,avx512bw,avx512vl,avx512_vnni,avx512_bf16,amx_bf16,amx_int8,amx_tile,fma",True,True,,1.23.2,,,,256,128,sh14l07002s1404,3.11.9,2.1.2+cu121
20260428_010731,2026-04-28T07:06:35.249319,cpu,onnxruntime,separator1_grid_search_6ports_masked_hd32_depth3_stages2_share0,/home/liangyi/SRS_AI/Model_AIIC_refactor/experiments_refactored/20260427_072855_default_6port_separator1_masked_v2/separator1_grid_search_6ports_masked_hd32_depth3_stages2_share0,,,,,,,onnxruntime,bf16,,4,8,skipped,ONNX Runtime benchmark currently supports precision profile fp32 only,0.0,,,,,,,,,,,,,,,,54048,52224,106776,sub-physical,0.0625,0.03125,Intel(R) Xeon(R) 6760P,AVX512,"avx2,avx512f,avx512bw,avx512vl,avx512_vnni,avx512_bf16,amx_bf16,amx_int8,amx_tile,fma",True,True,,1.23.2,,,,256,128,sh14l07002s1404,3.11.9,2.1.2+cu121
20260428_010731,2026-04-28T07:06:35.249319,cpu,onnxruntime,separator1_grid_search_6ports_masked_hd32_depth3_stages2_share0,/home/liangyi/SRS_AI/Model_AIIC_refactor/experiments_refactored/20260427_072855_default_6port_separator1_masked_v2/separator1_grid_search_6ports_masked_hd32_depth3_stages2_share0,,,,,,,onnxruntime,bf16,,8,1,skipped,ONNX Runtime benchmark currently supports precision profile fp32 only,0.0,,,,,,,,,,,,,,,,54048,52224,106776,single-thread,0.0078125,0.00390625,Intel(R) Xeon(R) 6760P,AVX512,"avx2,avx512f,avx512bw,avx512vl,avx512_vnni,avx512_bf16,amx_bf16,amx_int8,amx_tile,fma",True,True,,1.23.2,,,,256,128,sh14l07002s1404,3.11.9,2.1.2+cu121
20260428_010731,2026-04-28T07:06:35.249319,cpu,onnxruntime,separator1_grid_search_6ports_masked_hd32_depth3_stages2_share0,/home/liangyi/SRS_AI/Model_AIIC_refactor/experiments_refactored/20260427_072855_default_6port_separator1_masked_v2/separator1_grid_search_6ports_masked_hd32_depth3_stages2_share0,,,,,,,onnxruntime,bf16,,8,2,skipped,ONNX Runtime benchmark currently supports precision profile fp32 only,0.0,,,,,,,,,,,,,,,,54048,52224,106776,sub-physical,0.015625,0.0078125,Intel(R) Xeon(R) 6760P,AVX512,"avx2,avx512f,avx512bw,avx512vl,avx512_vnni,avx512_bf16,amx_bf16,amx_int8,amx_tile,fma",True,True,,1.23.2,,,,256,128,sh14l07002s1404,3.11.9,2.1.2+cu121
20260428_010731,2026-04-28T07:06:35.249319,cpu,onnxruntime,separator1_grid_search_6ports_masked_hd32_depth3_stages2_share0,/home/liangyi/SRS_AI/Model_AIIC_refactor/experiments_refactored/20260427_072855_default_6port_separator1_masked_v2/separator1_grid_search_6ports_masked_hd32_depth3_stages2_share0,,,,,,,onnxruntime,bf16,,8,4,skipped,ONNX Runtime benchmark currently supports precision profile fp32 only,0.0,,,,,,,,,,,,,,,,54048,52224,106776,sub-physical,0.03125,0.015625,Intel(R) Xeon(R) 6760P,AVX512,"avx2,avx512f,avx512bw,avx512vl,avx512_vnni,avx512_bf16,amx_bf16,amx_int8,amx_tile,fma",True,True,,1.23.2,,,,256,128,sh14l07002s1404,3.11.9,2.1.2+cu121
20260428_010731,2026-04-28T07:06:35.249319,cpu,onnxruntime,separator1_grid_search_6ports_masked_hd32_depth3_stages2_share0,/home/liangyi/SRS_AI/Model_AIIC_refactor/experiments_refactored/20260427_072855_default_6port_separator1_masked_v2/separator1_grid_search_6ports_masked_hd32_depth3_stages2_share0,,,,,,,onnxruntime,bf16,,8,8,skipped,ONNX Runtime benchmark currently supports precision profile fp32 only,0.0,,,,,,,,,,,,,,,,54048,52224,106776,sub-physical,0.0625,0.03125,Intel(R) Xeon(R) 6760P,AVX512,"avx2,avx512f,avx512bw,avx512vl,avx512_vnni,avx512_bf16,amx_bf16,amx_int8,amx_tile,fma",True,True,,1.23.2,,,,256,128,sh14l07002s1404,3.11.9,2.1.2+cu121
20260428_010731,2026-04-28T07:06:35.249319,cpu,onnxruntime,separator1_grid_search_6ports_masked_hd32_depth3_stages2_share0,/home/liangyi/SRS_AI/Model_AIIC_refactor/experiments_refactored/20260427_072855_default_6port_separator1_masked_v2/separator1_grid_search_6ports_masked_hd32_depth3_stages2_share0,,,,,,,onnxruntime,bf16,,16,1,skipped,ONNX Runtime benchmark currently supports precision profile fp32 only,0.0,,,,,,,,,,,,,,,,54048,52224,106776,single-thread,0.0078125,0.00390625,Intel(R) Xeon(R) 6760P,AVX512,"avx2,avx512f,avx512bw,avx512vl,avx512_vnni,avx512_bf16,amx_bf16,amx_int8,amx_tile,fma",True,True,,1.23.2,,,,256,128,sh14l07002s1404,3.11.9,2.1.2+cu121
20260428_010731,2026-04-28T07:06:35.249319,cpu,onnxruntime,separator1_grid_search_6ports_masked_hd32_depth3_stages2_share0,/home/liangyi/SRS_AI/Model_AIIC_refactor/experiments_refactored/20260427_072855_default_6port_separator1_masked_v2/separator1_grid_search_6ports_masked_hd32_depth3_stages2_share0,,,,,,,onnxruntime,bf16,,16,2,skipped,ONNX Runtime benchmark currently supports precision profile fp32 only,0.0,,,,,,,,,,,,,,,,54048,52224,106776,sub-physical,0.015625,0.0078125,Intel(R) Xeon(R) 6760P,AVX512,"avx2,avx512f,avx512bw,avx512vl,avx512_vnni,avx512_bf16,amx_bf16,amx_int8,amx_tile,fma",True,True,,1.23.2,,,,256,128,sh14l07002s1404,3.11.9,2.1.2+cu121
20260428_010731,2026-04-28T07:06:35.249319,cpu,onnxruntime,separator1_grid_search_6ports_masked_hd32_depth3_stages2_share0,/home/liangyi/SRS_AI/Model_AIIC_refactor/experiments_refactored/20260427_072855_default_6port_separator1_masked_v2/separator1_grid_search_6ports_masked_hd32_depth3_stages2_share0,,,,,,,onnxruntime,bf16,,16,4,skipped,ONNX Runtime benchmark currently supports precision profile fp32 only,0.0,,,,,,,,,,,,,,,,54048,52224,106776,sub-physical,0.03125,0.015625,Intel(R) Xeon(R) 6760P,AVX512,"avx2,avx512f,avx512bw,avx512vl,avx512_vnni,avx512_bf16,amx_bf16,amx_int8,amx_tile,fma",True,True,,1.23.2,,,,256,128,sh14l07002s1404,3.11.9,2.1.2+cu121
20260428_010731,2026-04-28T07:06:35.249319,cpu,onnxruntime,separator1_grid_search_6ports_masked_hd32_depth3_stages2_share0,/home/liangyi/SRS_AI/Model_AIIC_refactor/experiments_refactored/20260427_072855_default_6port_separator1_masked_v2/separator1_grid_search_6ports_masked_hd32_depth3_stages2_share0,,,,,,,onnxruntime,bf16,,16,8,skipped,ONNX Runtime benchmark currently supports precision profile fp32 only,0.0,,,,,,,,,,,,,,,,54048,52224,106776,sub-physical,0.0625,0.03125,Intel(R) Xeon(R) 6760P,AVX512,"avx2,avx512f,avx512bw,avx512vl,avx512_vnni,avx512_bf16,amx_bf16,amx_int8,amx_tile,fma",True,True,,1.23.2,,,,256,128,sh14l07002s1404,3.11.9,2.1.2+cu121
20260428_010731,2026-04-28T07:06:35.249319,cpu,onnxruntime,separator1_grid_search_6ports_masked_hd32_depth3_stages2_share0,/home/liangyi/SRS_AI/Model_AIIC_refactor/experiments_refactored/20260427_072855_default_6port_separator1_masked_v2/separator1_grid_search_6ports_masked_hd32_depth3_stages2_share0,,,,,,,onnxruntime,bf16,,32,1,skipped,ONNX Runtime benchmark currently supports precision profile fp32 only,0.0,,,,,,,,,,,,,,,,54048,52224,106776,single-thread,0.0078125,0.00390625,Intel(R) Xeon(R) 6760P,AVX512,"avx2,avx512f,avx512bw,avx512vl,avx512_vnni,avx512_bf16,amx_bf16,amx_int8,amx_tile,fma",True,True,,1.23.2,,,,256,128,sh14l07002s1404,3.11.9,2.1.2+cu121
20260428_010731,2026-04-28T07:06:35.249319,cpu,onnxruntime,separator1_grid_search_6ports_masked_hd32_depth3_stages2_share0,/home/liangyi/SRS_AI/Model_AIIC_refactor/experiments_refactored/20260427_072855_default_6port_separator1_masked_v2/separator1_grid_search_6ports_masked_hd32_depth3_stages2_share0,,,,,,,onnxruntime,bf16,,32,2,skipped,ONNX Runtime benchmark currently supports precision profile fp32 only,0.0,,,,,,,,,,,,,,,,54048,52224,106776,sub-physical,0.015625,0.0078125,Intel(R) Xeon(R) 6760P,AVX512,"avx2,avx512f,avx512bw,avx512vl,avx512_vnni,avx512_bf16,amx_bf16,amx_int8,amx_tile,fma",True,True,,1.23.2,,,,256,128,sh14l07002s1404,3.11.9,2.1.2+cu121
20260428_010731,2026-04-28T07:06:35.249319,cpu,onnxruntime,separator1_grid_search_6ports_masked_hd32_depth3_stages2_share0,/home/liangyi/SRS_AI/Model_AIIC_refactor/experiments_refactored/20260427_072855_default_6port_separator1_masked_v2/separator1_grid_search_6ports_masked_hd32_depth3_stages2_share0,,,,,,,onnxruntime,bf16,,32,4,skipped,ONNX Runtime benchmark currently supports precision profile fp32 only,0.0,,,,,,,,,,,,,,,,54048,52224,106776,sub-physical,0.03125,0.015625,Intel(R) Xeon(R) 6760P,AVX512,"avx2,avx512f,avx512bw,avx512vl,avx512_vnni,avx512_bf16,amx_bf16,amx_int8,amx_tile,fma",True,True,,1.23.2,,,,256,128,sh14l07002s1404,3.11.9,2.1.2+cu121
20260428_010731,2026-04-28T07:06:35.249319,cpu,onnxruntime,separator1_grid_search_6ports_masked_hd32_depth3_stages2_share0,/home/liangyi/SRS_AI/Model_AIIC_refactor/experiments_refactored/20260427_072855_default_6port_separator1_masked_v2/separator1_grid_search_6ports_masked_hd32_depth3_stages2_share0,,,,,,,onnxruntime,bf16,,32,8,skipped,ONNX Runtime benchmark currently supports precision profile fp32 only,0.0,,,,,,,,,,,,,,,,54048,52224,106776,sub-physical,0.0625,0.03125,Intel(R) Xeon(R) 6760P,AVX512,"avx2,avx512f,avx512bw,avx512vl,avx512_vnni,avx512_bf16,amx_bf16,amx_int8,amx_tile,fma",True,True,,1.23.2,,,,256,128,sh14l07002s1404,3.11.9,2.1.2+cu121
20260428_010731,2026-04-28T07:06:35.249319,cpu,onnxruntime,separator1_grid_search_6ports_masked_hd32_depth3_stages2_share0,/home/liangyi/SRS_AI/Model_AIIC_refactor/experiments_refactored/20260427_072855_default_6port_separator1_masked_v2/separator1_grid_search_6ports_masked_hd32_depth3_stages2_share0,,,,,,,onnxruntime,bf16,,64,1,skipped,ONNX Runtime benchmark currently supports precision profile fp32 only,0.0,,,,,,,,,,,,,,,,54048,52224,106776,single-thread,0.0078125,0.00390625,Intel(R) Xeon(R) 6760P,AVX512,"avx2,avx512f,avx512bw,avx512vl,avx512_vnni,avx512_bf16,amx_bf16,amx_int8,amx_tile,fma",True,True,,1.23.2,,,,256,128,sh14l07002s1404,3.11.9,2.1.2+cu121
20260428_010731,2026-04-28T07:06:35.249319,cpu,onnxruntime,separator1_grid_search_6ports_masked_hd32_depth3_stages2_share0,/home/liangyi/SRS_AI/Model_AIIC_refactor/experiments_refactored/20260427_072855_default_6port_separator1_masked_v2/separator1_grid_search_6ports_masked_hd32_depth3_stages2_share0,,,,,,,onnxruntime,bf16,,64,2,skipped,ONNX Runtime benchmark currently supports precision profile fp32 only,0.0,,,,,,,,,,,,,,,,54048,52224,106776,sub-physical,0.015625,0.0078125,Intel(R) Xeon(R) 6760P,AVX512,"avx2,avx512f,avx512bw,avx512vl,avx512_vnni,avx512_bf16,amx_bf16,amx_int8,amx_tile,fma",True,True,,1.23.2,,,,256,128,sh14l07002s1404,3.11.9,2.1.2+cu121
20260428_010731,2026-04-28T07:06:35.249319,cpu,onnxruntime,separator1_grid_search_6ports_masked_hd32_depth3_stages2_share0,/home/liangyi/SRS_AI/Model_AIIC_refactor/experiments_refactored/20260427_072855_default_6port_separator1_masked_v2/separator1_grid_search_6ports_masked_hd32_depth3_stages2_share0,,,,,,,onnxruntime,bf16,,64,4,skipped,ONNX Runtime benchmark currently supports precision profile fp32 only,0.0,,,,,,,,,,,,,,,,54048,52224,106776,sub-physical,0.03125,0.015625,Intel(R) Xeon(R) 6760P,AVX512,"avx2,avx512f,avx512bw,avx512vl,avx512_vnni,avx512_bf16,amx_bf16,amx_int8,amx_tile,fma",True,True,,1.23.2,,,,256,128,sh14l07002s1404,3.11.9,2.1.2+cu121
20260428_010731,2026-04-28T07:06:35.249319,cpu,onnxruntime,separator1_grid_search_6ports_masked_hd32_depth3_stages2_share0,/home/liangyi/SRS_AI/Model_AIIC_refactor/experiments_refactored/20260427_072855_default_6port_separator1_masked_v2/separator1_grid_search_6ports_masked_hd32_depth3_stages2_share0,,,,,,,onnxruntime,bf16,,64,8,skipped,ONNX Runtime benchmark currently supports precision profile fp32 only,0.0,,,,,,,,,,,,,,,,54048,52224,106776,sub-physical,0.0625,0.03125,Intel(R) Xeon(R) 6760P,AVX512,"avx2,avx512f,avx512bw,avx512vl,avx512_vnni,avx512_bf16,amx_bf16,amx_int8,amx_tile,fma",True,True,,1.23.2,,,,256,128,sh14l07002s1404,3.11.9,2.1.2+cu121
20260428_010731,2026-04-28T07:06:35.249319,cpu,onnxruntime,separator1_grid_search_6ports_masked_hd32_depth3_stages2_share0,/home/liangyi/SRS_AI/Model_AIIC_refactor/experiments_refactored/20260427_072855_default_6port_separator1_masked_v2/separator1_grid_search_6ports_masked_hd32_depth3_stages2_share0,,,,,,,onnxruntime,bf16,,128,1,skipped,ONNX Runtime benchmark currently supports precision profile fp32 only,0.0,,,,,,,,,,,,,,,,54048,52224,106776,single-thread,0.0078125,0.00390625,Intel(R) Xeon(R) 6760P,AVX512,"avx2,avx512f,avx512bw,avx512vl,avx512_vnni,avx512_bf16,amx_bf16,amx_int8,amx_tile,fma",True,True,,1.23.2,,,,256,128,sh14l07002s1404,3.11.9,2.1.2+cu121
20260428_010731,2026-04-28T07:06:35.249319,cpu,onnxruntime,separator1_grid_search_6ports_masked_hd32_depth3_stages2_share0,/home/liangyi/SRS_AI/Model_AIIC_refactor/experiments_refactored/20260427_072855_default_6port_separator1_masked_v2/separator1_grid_search_6ports_masked_hd32_depth3_stages2_share0,,,,,,,onnxruntime,bf16,,128,2,skipped,ONNX Runtime benchmark currently supports precision profile fp32 only,0.0,,,,,,,,,,,,,,,,54048,52224,106776,sub-physical,0.015625,0.0078125,Intel(R) Xeon(R) 6760P,AVX512,"avx2,avx512f,avx512bw,avx512vl,avx512_vnni,avx512_bf16,amx_bf16,amx_int8,amx_tile,fma",True,True,,1.23.2,,,,256,128,sh14l07002s1404,3.11.9,2.1.2+cu121
20260428_010731,2026-04-28T07:06:35.249319,cpu,onnxruntime,separator1_grid_search_6ports_masked_hd32_depth3_stages2_share0,/home/liangyi/SRS_AI/Model_AIIC_refactor/experiments_refactored/20260427_072855_default_6port_separator1_masked_v2/separator1_grid_search_6ports_masked_hd32_depth3_stages2_share0,,,,,,,onnxruntime,bf16,,128,4,skipped,ONNX Runtime benchmark currently supports precision profile fp32 only,0.0,,,,,,,,,,,,,,,,54048,52224,106776,sub-physical,0.03125,0.015625,Intel(R) Xeon(R) 6760P,AVX512,"avx2,avx512f,avx512bw,avx512vl,avx512_vnni,avx512_bf16,amx_bf16,amx_int8,amx_tile,fma",True,True,,1.23.2,,,,256,128,sh14l07002s1404,3.11.9,2.1.2+cu121
20260428_010731,2026-04-28T07:06:35.249319,cpu,onnxruntime,separator1_grid_search_6ports_masked_hd32_depth3_stages2_share0,/home/liangyi/SRS_AI/Model_AIIC_refactor/experiments_refactored/20260427_072855_default_6port_separator1_masked_v2/separator1_grid_search_6ports_masked_hd32_depth3_stages2_share0,,,,,,,onnxruntime,bf16,,128,8,skipped,ONNX Runtime benchmark currently supports precision profile fp32 only,0.0,,,,,,,,,,,,,,,,54048,52224,106776,sub-physical,0.0625,0.03125,Intel(R) Xeon(R) 6760P,AVX512,"avx2,avx512f,avx512bw,avx512vl,avx512_vnni,avx512_bf16,amx_bf16,amx_int8,amx_tile,fma",True,True,,1.23.2,,,,256,128,sh14l07002s1404,3.11.9,2.1.2+cu121
20260428_010731,2026-04-28T07:06:35.249319,cpu,openvino,separator1_grid_search_6ports_masked_hd32_depth3_stages2_share0,/home/liangyi/SRS_AI/Model_AIIC_refactor/experiments_refactored/20260427_072855_default_6port_separator1_masked_v2/separator1_grid_search_6ports_masked_hd32_depth3_stages2_share0,default_6port_separator1_masked_v2,separator1_grid_search_6ports_masked_hd32_depth3_stages2_share0,supervised_nmse_plateau,separator1,12,6,openvino,fp32,float32,1,1,ok,,307.936968,20,50,0.69021454,0.04280020858370202,0.60696,0.692445,0.7485617,0.7646136,0.77445129,0.778557,1448.82488276761,1.44882488276761,692.4449999999999,692.4449999999999,1448.82488276761,54048,52224,106776,single-thread,0.0078125,0.00390625,Intel(R) Xeon(R) 6760P,AVX512,"avx2,avx512f,avx512bw,avx512vl,avx512_vnni,avx512_bf16,amx_bf16,amx_int8,amx_tile,fma",True,True,,,,2026.1.0,CPU,256,128,sh14l07002s1404,3.11.9,2.1.2+cu121
20260428_010731,2026-04-28T07:06:35.249319,cpu,openvino,separator1_grid_search_6ports_masked_hd32_depth3_stages2_share0,/home/liangyi/SRS_AI/Model_AIIC_refactor/experiments_refactored/20260427_072855_default_6port_separator1_masked_v2/separator1_grid_search_6ports_masked_hd32_depth3_stages2_share0,default_6port_separator1_masked_v2,separator1_grid_search_6ports_masked_hd32_depth3_stages2_share0,supervised_nmse_plateau,separator1,12,6,openvino,fp32,float32,1,2,ok,,309.436019,20,50,0.63187184,0.06096456009399559,0.523546,0.62481,0.7066763,0.7364769999999999,0.7952842599999999,0.830528,1582.599408133143,1.582599408133143,624.81,624.81,791.2997040665715,54048,52224,106776,sub-physical,0.015625,0.0078125,Intel(R) Xeon(R) 6760P,AVX512,"avx2,avx512f,avx512bw,avx512vl,avx512_vnni,avx512_bf16,amx_bf16,amx_int8,amx_tile,fma",True,True,,,,2026.1.0,CPU,256,128,sh14l07002s1404,3.11.9,2.1.2+cu121
20260428_010731,2026-04-28T07:06:35.249319,cpu,openvino,separator1_grid_search_6ports_masked_hd32_depth3_stages2_share0,/home/liangyi/SRS_AI/Model_AIIC_refactor/experiments_refactored/20260427_072855_default_6port_separator1_masked_v2/separator1_grid_search_6ports_masked_hd32_depth3_stages2_share0,default_6port_separator1_masked_v2,separator1_grid_search_6ports_masked_hd32_depth3_stages2_share0,supervised_nmse_plateau,separator1,12,6,openvino,fp32,float32,1,4,ok,,300.352787,20,50,0.6661805,0.040741467912803545,0.568697,0.6668609999999999,0.7187404,0.7271162,0.73341131,0.73938,1501.094673290497,1.501094673290497,666.8609999999999,666.8609999999999,375.27366832262425,54048,52224,106776,sub-physical,0.03125,0.015625,Intel(R) Xeon(R) 6760P,AVX512,"avx2,avx512f,avx512bw,avx512vl,avx512_vnni,avx512_bf16,amx_bf16,amx_int8,amx_tile,fma",True,True,,,,2026.1.0,CPU,256,128,sh14l07002s1404,3.11.9,2.1.2+cu121
20260428_010731,2026-04-28T07:06:35.249319,cpu,openvino,separator1_grid_search_6ports_masked_hd32_depth3_stages2_share0,/home/liangyi/SRS_AI/Model_AIIC_refactor/experiments_refactored/20260427_072855_default_6port_separator1_masked_v2/separator1_grid_search_6ports_masked_hd32_depth3_stages2_share0,default_6port_separator1_masked_v2,separator1_grid_search_6ports_masked_hd32_depth3_stages2_share0,supervised_nmse_plateau,separator1,12,6,openvino,fp32,float32,1,8,ok,,296.525119,20,50,0.66927976,0.16356513521806046,0.357015,0.6685494999999999,0.7621086,0.8279124999999999,1.289787839999999,1.533506,1494.1434953897306,1.4941434953897306,668.5494999999999,668.5494999999999,186.76793692371632,54048,52224,106776,sub-physical,0.0625,0.03125,Intel(R) Xeon(R) 6760P,AVX512,"avx2,avx512f,avx512bw,avx512vl,avx512_vnni,avx512_bf16,amx_bf16,amx_int8,amx_tile,fma",True,True,,,,2026.1.0,CPU,256,128,sh14l07002s1404,3.11.9,2.1.2+cu121
20260428_010731,2026-04-28T07:06:35.249319,cpu,openvino,separator1_grid_search_6ports_masked_hd32_depth3_stages2_share0,/home/liangyi/SRS_AI/Model_AIIC_refactor/experiments_refactored/20260427_072855_default_6port_separator1_masked_v2/separator1_grid_search_6ports_masked_hd32_depth3_stages2_share0,default_6port_separator1_masked_v2,separator1_grid_search_6ports_masked_hd32_depth3_stages2_share0,supervised_nmse_plateau,separator1,12,6,openvino,fp32,float32,2,1,ok,,303.585454,20,50,0.98813352,0.07024665974300558,0.848727,0.9749295,1.0853122,1.10916475,1.16105783,1.18283,2024.0179687457621,2.024017968745762,974.9295,487.46475,2024.0179687457621,54048,52224,106776,single-thread,0.0078125,0.00390625,Intel(R) Xeon(R) 6760P,AVX512,"avx2,avx512f,avx512bw,avx512vl,avx512_vnni,avx512_bf16,amx_bf16,amx_int8,amx_tile,fma",True,True,,,,2026.1.0,CPU,256,128,sh14l07002s1404,3.11.9,2.1.2+cu121
20260428_010731,2026-04-28T07:06:35.249319,cpu,openvino,separator1_grid_search_6ports_masked_hd32_depth3_stages2_share0,/home/liangyi/SRS_AI/Model_AIIC_refactor/experiments_refactored/20260427_072855_default_6port_separator1_masked_v2/separator1_grid_search_6ports_masked_hd32_depth3_stages2_share0,default_6port_separator1_masked_v2,separator1_grid_search_6ports_masked_hd32_depth3_stages2_share0,supervised_nmse_plateau,separator1,12,6,openvino,fp32,float32,2,2,ok,,301.858652,20,50,0.9862681799999999,0.05612467985216129,0.8868,0.9840855,1.0557452,1.0967292,1.13560081,1.165065,2027.8460164861044,2.0278460164861043,984.0854999999999,492.04274999999996,1013.9230082430522,54048,52224,106776,sub-physical,0.015625,0.0078125,Intel(R) Xeon(R) 6760P,AVX512,"avx2,avx512f,avx512bw,avx512vl,avx512_vnni,avx512_bf16,amx_bf16,amx_int8,amx_tile,fma",True,True,,,,2026.1.0,CPU,256,128,sh14l07002s1404,3.11.9,2.1.2+cu121
20260428_010731,2026-04-28T07:06:35.249319,cpu,openvino,separator1_grid_search_6ports_masked_hd32_depth3_stages2_share0,/home/liangyi/SRS_AI/Model_AIIC_refactor/experiments_refactored/20260427_072855_default_6port_separator1_masked_v2/separator1_grid_search_6ports_masked_hd32_depth3_stages2_share0,default_6port_separator1_masked_v2,separator1_grid_search_6ports_masked_hd32_depth3_stages2_share0,supervised_nmse_plateau,separator1,12,6,openvino,fp32,float32,2,4,ok,,299.696917,20,50,0.9997929,0.07188857928941148,0.868073,0.9960555,1.0831391000000001,1.12089885,1.16919796,1.188404,2000.4142857985887,2.0004142857985885,996.0554999999999,498.02774999999997,500.1035714496472,54048,52224,106776,sub-physical,0.03125,0.015625,Intel(R) Xeon(R) 6760P,AVX512,"avx2,avx512f,avx512bw,avx512vl,avx512_vnni,avx512_bf16,amx_bf16,amx_int8,amx_tile,fma",True,True,,,,2026.1.0,CPU,256,128,sh14l07002s1404,3.11.9,2.1.2+cu121
20260428_010731,2026-04-28T07:06:35.249319,cpu,openvino,separator1_grid_search_6ports_masked_hd32_depth3_stages2_share0,/home/liangyi/SRS_AI/Model_AIIC_refactor/experiments_refactored/20260427_072855_default_6port_separator1_masked_v2/separator1_grid_search_6ports_masked_hd32_depth3_stages2_share0,default_6port_separator1_masked_v2,separator1_grid_search_6ports_masked_hd32_depth3_stages2_share0,supervised_nmse_plateau,separator1,12,6,openvino,fp32,float32,2,8,ok,,298.180046,20,50,1.02028654,0.05595537403295952,0.941002,1.010888,1.1148643999999999,1.1259577,1.18506737,1.192117,1960.2336418159548,1.9602336418159547,1010.888,505.444,245.02920522699435,54048,52224,106776,sub-physical,0.0625,0.03125,Intel(R) Xeon(R) 6760P,AVX512,"avx2,avx512f,avx512bw,avx512vl,avx512_vnni,avx512_bf16,amx_bf16,amx_int8,amx_tile,fma",True,True,,,,2026.1.0,CPU,256,128,sh14l07002s1404,3.11.9,2.1.2+cu121
20260428_010731,2026-04-28T07:06:35.249319,cpu,openvino,separator1_grid_search_6ports_masked_hd32_depth3_stages2_share0,/home/liangyi/SRS_AI/Model_AIIC_refactor/experiments_refactored/20260427_072855_default_6port_separator1_masked_v2/separator1_grid_search_6ports_masked_hd32_depth3_stages2_share0,default_6port_separator1_masked_v2,separator1_grid_search_6ports_masked_hd32_depth3_stages2_share0,supervised_nmse_plateau,separator1,12,6,openvino,fp32,float32,4,1,ok,,300.621909,20,50,1.09192744,0.06501017193060175,0.977694,1.0838615,1.1805749,1.22412165,1.25975599,1.27693,3663.24707436604,3.66324707436604,1083.8615,270.965375,3663.24707436604,54048,52224,106776,single-thread,0.0078125,0.00390625,Intel(R) Xeon(R) 6760P,AVX512,"avx2,avx512f,avx512bw,avx512vl,avx512_vnni,avx512_bf16,amx_bf16,amx_int8,amx_tile,fma",True,True,,,,2026.1.0,CPU,256,128,sh14l07002s1404,3.11.9,2.1.2+cu121
20260428_010731,2026-04-28T07:06:35.249319,cpu,openvino,separator1_grid_search_6ports_masked_hd32_depth3_stages2_share0,/home/liangyi/SRS_AI/Model_AIIC_refactor/experiments_refactored/20260427_072855_default_6port_separator1_masked_v2/separator1_grid_search_6ports_masked_hd32_depth3_stages2_share0,default_6port_separator1_masked_v2,separator1_grid_search_6ports_masked_hd32_depth3_stages2_share0,supervised_nmse_plateau,separator1,12,6,openvino,fp32,float32,4,2,ok,,301.306701,20,50,1.11284406,0.0815950703029074,0.961268,1.103775,1.2256706,1.2416578,1.3016218099999999,1.347354,3594.3939890374218,3.594393989037422,1103.7749999999999,275.94374999999997,1797.1969945187109,54048,52224,106776,sub-physical,0.015625,0.0078125,Intel(R) Xeon(R) 6760P,AVX512,"avx2,avx512f,avx512bw,avx512vl,avx512_vnni,avx512_bf16,amx_bf16,amx_int8,amx_tile,fma",True,True,,,,2026.1.0,CPU,256,128,sh14l07002s1404,3.11.9,2.1.2+cu121
20260428_010731,2026-04-28T07:06:35.249319,cpu,openvino,separator1_grid_search_6ports_masked_hd32_depth3_stages2_share0,/home/liangyi/SRS_AI/Model_AIIC_refactor/experiments_refactored/20260427_072855_default_6port_separator1_masked_v2/separator1_grid_search_6ports_masked_hd32_depth3_stages2_share0,default_6port_separator1_masked_v2,separator1_grid_search_6ports_masked_hd32_depth3_stages2_share0,supervised_nmse_plateau,separator1,12,6,openvino,fp32,float32,4,4,ok,,297.432437,20,50,1.14633434,0.08908459867712487,0.917623,1.1283255,1.2679307,1.2929129999999998,1.31986903,1.328029,3489.3833853045007,3.489383385304501,1128.3255000000001,282.08137500000004,872.3458463261252,54048,52224,106776,sub-physical,0.03125,0.015625,Intel(R) Xeon(R) 6760P,AVX512,"avx2,avx512f,avx512bw,avx512vl,avx512_vnni,avx512_bf16,amx_bf16,amx_int8,amx_tile,fma",True,True,,,,2026.1.0,CPU,256,128,sh14l07002s1404,3.11.9,2.1.2+cu121
20260428_010731,2026-04-28T07:06:35.249319,cpu,openvino,separator1_grid_search_6ports_masked_hd32_depth3_stages2_share0,/home/liangyi/SRS_AI/Model_AIIC_refactor/experiments_refactored/20260427_072855_default_6port_separator1_masked_v2/separator1_grid_search_6ports_masked_hd32_depth3_stages2_share0,default_6port_separator1_masked_v2,separator1_grid_search_6ports_masked_hd32_depth3_stages2_share0,supervised_nmse_plateau,separator1,12,6,openvino,fp32,float32,4,8,ok,,302.940792,20,50,1.1163915,0.07511242752308037,0.974703,1.1127120000000001,1.2079191,1.2610564,1.3254925899999999,1.359013,3582.9724608257948,3.5829724608257947,1112.7120000000002,278.17800000000005,447.87155760322435,54048,52224,106776,sub-physical,0.0625,0.03125,Intel(R) Xeon(R) 6760P,AVX512,"avx2,avx512f,avx512bw,avx512vl,avx512_vnni,avx512_bf16,amx_bf16,amx_int8,amx_tile,fma",True,True,,,,2026.1.0,CPU,256,128,sh14l07002s1404,3.11.9,2.1.2+cu121
20260428_010731,2026-04-28T07:06:35.249319,cpu,openvino,separator1_grid_search_6ports_masked_hd32_depth3_stages2_share0,/home/liangyi/SRS_AI/Model_AIIC_refactor/experiments_refactored/20260427_072855_default_6port_separator1_masked_v2/separator1_grid_search_6ports_masked_hd32_depth3_stages2_share0,default_6port_separator1_masked_v2,separator1_grid_search_6ports_masked_hd32_depth3_stages2_share0,supervised_nmse_plateau,separator1,12,6,openvino,fp32,float32,8,1,ok,,300.236481,20,50,1.24052236,0.09391329656758086,1.031943,1.2364735,1.3690501,1.3881348999999998,1.43651353,1.438426,6448.89625367172,6.44889625367172,1236.4735,154.5591875,6448.89625367172,54048,52224,106776,single-thread,0.0078125,0.00390625,Intel(R) Xeon(R) 6760P,AVX512,"avx2,avx512f,avx512bw,avx512vl,avx512_vnni,avx512_bf16,amx_bf16,amx_int8,amx_tile,fma",True,True,,,,2026.1.0,CPU,256,128,sh14l07002s1404,3.11.9,2.1.2+cu121
20260428_010731,2026-04-28T07:06:35.249319,cpu,openvino,separator1_grid_search_6ports_masked_hd32_depth3_stages2_share0,/home/liangyi/SRS_AI/Model_AIIC_refactor/experiments_refactored/20260427_072855_default_6port_separator1_masked_v2/separator1_grid_search_6ports_masked_hd32_depth3_stages2_share0,default_6port_separator1_masked_v2,separator1_grid_search_6ports_masked_hd32_depth3_stages2_share0,supervised_nmse_plateau,separator1,12,6,openvino,fp32,float32,8,2,ok,,298.543809,20,50,1.2520065200000001,0.08289519731063796,1.00537,1.2651810000000001,1.3455829,1.3847153,1.42155644,1.426674,6389.743082168613,6.389743082168613,1265.181,158.147625,3194.8715410843065,54048,52224,106776,sub-physical,0.015625,0.0078125,Intel(R) Xeon(R) 6760P,AVX512,"avx2,avx512f,avx512bw,avx512vl,avx512_vnni,avx512_bf16,amx_bf16,amx_int8,amx_tile,fma",True,True,,,,2026.1.0,CPU,256,128,sh14l07002s1404,3.11.9,2.1.2+cu121
20260428_010731,2026-04-28T07:06:35.249319,cpu,openvino,separator1_grid_search_6ports_masked_hd32_depth3_stages2_share0,/home/liangyi/SRS_AI/Model_AIIC_refactor/experiments_refactored/20260427_072855_default_6port_separator1_masked_v2/separator1_grid_search_6ports_masked_hd32_depth3_stages2_share0,default_6port_separator1_masked_v2,separator1_grid_search_6ports_masked_hd32_depth3_stages2_share0,supervised_nmse_plateau,separator1,12,6,openvino,fp32,float32,8,4,ok,,301.754475,20,50,1.2761798,0.08219183823567885,1.049404,1.2741829999999998,1.3567655,1.4029673999999999,1.47049239,1.471516,6268.709158380348,6.268709158380347,1274.1829999999998,159.27287499999997,1567.177289595087,54048,52224,106776,sub-physical,0.03125,0.015625,Intel(R) Xeon(R) 6760P,AVX512,"avx2,avx512f,avx512bw,avx512vl,avx512_vnni,avx512_bf16,amx_bf16,amx_int8,amx_tile,fma",True,True,,,,2026.1.0,CPU,256,128,sh14l07002s1404,3.11.9,2.1.2+cu121
20260428_010731,2026-04-28T07:06:35.249319,cpu,openvino,separator1_grid_search_6ports_masked_hd32_depth3_stages2_share0,/home/liangyi/SRS_AI/Model_AIIC_refactor/experiments_refactored/20260427_072855_default_6port_separator1_masked_v2/separator1_grid_search_6ports_masked_hd32_depth3_stages2_share0,default_6port_separator1_masked_v2,separator1_grid_search_6ports_masked_hd32_depth3_stages2_share0,supervised_nmse_plateau,separator1,12,6,openvino,fp32,float32,8,8,ok,,301.201227,20,50,1.29403602,0.08003800938691316,1.164402,1.2883645000000001,1.3842701,1.4271748,1.53913776,1.540302,6182.208127405912,6.182208127405912,1288.3645000000001,161.04556250000002,772.776015925739,54048,52224,106776,sub-physical,0.0625,0.03125,Intel(R) Xeon(R) 6760P,AVX512,"avx2,avx512f,avx512bw,avx512vl,avx512_vnni,avx512_bf16,amx_bf16,amx_int8,amx_tile,fma",True,True,,,,2026.1.0,CPU,256,128,sh14l07002s1404,3.11.9,2.1.2+cu121
20260428_010731,2026-04-28T07:06:35.249319,cpu,openvino,separator1_grid_search_6ports_masked_hd32_depth3_stages2_share0,/home/liangyi/SRS_AI/Model_AIIC_refactor/experiments_refactored/20260427_072855_default_6port_separator1_masked_v2/separator1_grid_search_6ports_masked_hd32_depth3_stages2_share0,default_6port_separator1_masked_v2,separator1_grid_search_6ports_masked_hd32_depth3_stages2_share0,supervised_nmse_plateau,separator1,12,6,openvino,fp32,float32,16,1,ok,,296.509319,20,50,1.52015076,0.09146247525855837,1.297521,1.5154945,1.6327124,1.6400445,1.7391697,1.764733,10525.271848694798,10.525271848694798,1515.4945,94.71840625,10525.271848694798,54048,52224,106776,single-thread,0.0078125,0.00390625,Intel(R) Xeon(R) 6760P,AVX512,"avx2,avx512f,avx512bw,avx512vl,avx512_vnni,avx512_bf16,amx_bf16,amx_int8,amx_tile,fma",True,True,,,,2026.1.0,CPU,256,128,sh14l07002s1404,3.11.9,2.1.2+cu121
20260428_010731,2026-04-28T07:06:35.249319,cpu,openvino,separator1_grid_search_6ports_masked_hd32_depth3_stages2_share0,/home/liangyi/SRS_AI/Model_AIIC_refactor/experiments_refactored/20260427_072855_default_6port_separator1_masked_v2/separator1_grid_search_6ports_masked_hd32_depth3_stages2_share0,default_6port_separator1_masked_v2,separator1_grid_search_6ports_masked_hd32_depth3_stages2_share0,supervised_nmse_plateau,separator1,12,6,openvino,fp32,float32,16,2,ok,,300.584146,20,50,1.48510684,0.08983542470993501,1.28096,1.4831275000000002,1.5895724,1.6172171,1.67644536,1.692535,10773.635653041636,10.773635653041636,1483.1275,92.69546875,5386.817826520818,54048,52224,106776,sub-physical,0.015625,0.0078125,Intel(R) Xeon(R) 6760P,AVX512,"avx2,avx512f,avx512bw,avx512vl,avx512_vnni,avx512_bf16,amx_bf16,amx_int8,amx_tile,fma",True,True,,,,2026.1.0,CPU,256,128,sh14l07002s1404,3.11.9,2.1.2+cu121
20260428_010731,2026-04-28T07:06:35.249319,cpu,openvino,separator1_grid_search_6ports_masked_hd32_depth3_stages2_share0,/home/liangyi/SRS_AI/Model_AIIC_refactor/experiments_refactored/20260427_072855_default_6port_separator1_masked_v2/separator1_grid_search_6ports_masked_hd32_depth3_stages2_share0,default_6port_separator1_masked_v2,separator1_grid_search_6ports_masked_hd32_depth3_stages2_share0,supervised_nmse_plateau,separator1,12,6,openvino,fp32,float32,16,4,ok,,298.77447,20,50,1.49952952,0.12827185576333414,1.237311,1.4824755,1.6918939,1.74706565,1.7776878299999999,1.803478,10670.013351921209,10.67001335192121,1482.4755,92.65471875,2667.503337980302,54048,52224,106776,sub-physical,0.03125,0.015625,Intel(R) Xeon(R) 6760P,AVX512,"avx2,avx512f,avx512bw,avx512vl,avx512_vnni,avx512_bf16,amx_bf16,amx_int8,amx_tile,fma",True,True,,,,2026.1.0,CPU,256,128,sh14l07002s1404,3.11.9,2.1.2+cu121
20260428_010731,2026-04-28T07:06:35.249319,cpu,openvino,separator1_grid_search_6ports_masked_hd32_depth3_stages2_share0,/home/liangyi/SRS_AI/Model_AIIC_refactor/experiments_refactored/20260427_072855_default_6port_separator1_masked_v2/separator1_grid_search_6ports_masked_hd32_depth3_stages2_share0,default_6port_separator1_masked_v2,separator1_grid_search_6ports_masked_hd32_depth3_stages2_share0,supervised_nmse_plateau,separator1,12,6,openvino,fp32,float32,16,8,ok,,299.382078,20,50,2.35243996,2.802508266367612,1.393252,1.5789974999999998,2.434797800000001,7.5308682499999815,14.486375839999994,15.815591,6801.44882422419,6.80144882422419,1578.9975,98.68734375,850.1811030280237,54048,52224,106776,sub-physical,0.0625,0.03125,Intel(R) Xeon(R) 6760P,AVX512,"avx2,avx512f,avx512bw,avx512vl,avx512_vnni,avx512_bf16,amx_bf16,amx_int8,amx_tile,fma",True,True,,,,2026.1.0,CPU,256,128,sh14l07002s1404,3.11.9,2.1.2+cu121
20260428_010731,2026-04-28T07:06:35.249319,cpu,openvino,separator1_grid_search_6ports_masked_hd32_depth3_stages2_share0,/home/liangyi/SRS_AI/Model_AIIC_refactor/experiments_refactored/20260427_072855_default_6port_separator1_masked_v2/separator1_grid_search_6ports_masked_hd32_depth3_stages2_share0,default_6port_separator1_masked_v2,separator1_grid_search_6ports_masked_hd32_depth3_stages2_share0,supervised_nmse_plateau,separator1,12,6,openvino,fp32,float32,32,1,ok,,298.223672,20,50,2.6352873199999998,0.19229896457333717,2.312164,2.5959685,2.8207186,2.9170955,3.255413989999999,3.423116,12142.888465004266,12.142888465004265,2595.9685,81.124015625,12142.888465004266,54048,52224,106776,single-thread,0.0078125,0.00390625,Intel(R) Xeon(R) 6760P,AVX512,"avx2,avx512f,avx512bw,avx512vl,avx512_vnni,avx512_bf16,amx_bf16,amx_int8,amx_tile,fma",True,True,,,,2026.1.0,CPU,256,128,sh14l07002s1404,3.11.9,2.1.2+cu121
20260428_010731,2026-04-28T07:06:35.249319,cpu,openvino,separator1_grid_search_6ports_masked_hd32_depth3_stages2_share0,/home/liangyi/SRS_AI/Model_AIIC_refactor/experiments_refactored/20260427_072855_default_6port_separator1_masked_v2/separator1_grid_search_6ports_masked_hd32_depth3_stages2_share0,default_6port_separator1_masked_v2,separator1_grid_search_6ports_masked_hd32_depth3_stages2_share0,supervised_nmse_plateau,separator1,12,6,openvino,fp32,float32,32,2,ok,,302.233869,20,50,2.61984406,0.1540528303737922,2.339194,2.6096515,2.7785889000000004,2.84141465,3.037567239999999,3.202317,12214.46745192918,12.21446745192918,2609.6515,81.551609375,6107.23372596459,54048,52224,106776,sub-physical,0.015625,0.0078125,Intel(R) Xeon(R) 6760P,AVX512,"avx2,avx512f,avx512bw,avx512vl,avx512_vnni,avx512_bf16,amx_bf16,amx_int8,amx_tile,fma",True,True,,,,2026.1.0,CPU,256,128,sh14l07002s1404,3.11.9,2.1.2+cu121
20260428_010731,2026-04-28T07:06:35.249319,cpu,openvino,separator1_grid_search_6ports_masked_hd32_depth3_stages2_share0,/home/liangyi/SRS_AI/Model_AIIC_refactor/experiments_refactored/20260427_072855_default_6port_separator1_masked_v2/separator1_grid_search_6ports_masked_hd32_depth3_stages2_share0,default_6port_separator1_masked_v2,separator1_grid_search_6ports_masked_hd32_depth3_stages2_share0,supervised_nmse_plateau,separator1,12,6,openvino,fp32,float32,32,4,ok,,300.453198,20,50,2.73182472,0.19562513418178554,2.374857,2.72019,2.9784912,3.1453991999999995,3.19970943,3.218963,11713.782281024238,11.713782281024239,2720.19,85.0059375,2928.4455702560595,54048,52224,106776,sub-physical,0.03125,0.015625,Intel(R) Xeon(R) 6760P,AVX512,"avx2,avx512f,avx512bw,avx512vl,avx512_vnni,avx512_bf16,amx_bf16,amx_int8,amx_tile,fma",True,True,,,,2026.1.0,CPU,256,128,sh14l07002s1404,3.11.9,2.1.2+cu121
20260428_010731,2026-04-28T07:06:35.249319,cpu,openvino,separator1_grid_search_6ports_masked_hd32_depth3_stages2_share0,/home/liangyi/SRS_AI/Model_AIIC_refactor/experiments_refactored/20260427_072855_default_6port_separator1_masked_v2/separator1_grid_search_6ports_masked_hd32_depth3_stages2_share0,default_6port_separator1_masked_v2,separator1_grid_search_6ports_masked_hd32_depth3_stages2_share0,supervised_nmse_plateau,separator1,12,6,openvino,fp32,float32,32,8,ok,,299.941529,20,50,2.47569264,0.14237775727054564,2.071701,2.5120355,2.6752294,2.6908212000000002,2.71549245,2.722105,12925.675620217538,12.925675620217538,2512.0355,78.501109375,1615.7094525271923,54048,52224,106776,sub-physical,0.0625,0.03125,Intel(R) Xeon(R) 6760P,AVX512,"avx2,avx512f,avx512bw,avx512vl,avx512_vnni,avx512_bf16,amx_bf16,amx_int8,amx_tile,fma",True,True,,,,2026.1.0,CPU,256,128,sh14l07002s1404,3.11.9,2.1.2+cu121
20260428_010731,2026-04-28T07:06:35.249319,cpu,openvino,separator1_grid_search_6ports_masked_hd32_depth3_stages2_share0,/home/liangyi/SRS_AI/Model_AIIC_refactor/experiments_refactored/20260427_072855_default_6port_separator1_masked_v2/separator1_grid_search_6ports_masked_hd32_depth3_stages2_share0,default_6port_separator1_masked_v2,separator1_grid_search_6ports_masked_hd32_depth3_stages2_share0,supervised_nmse_plateau,separator1,12,6,openvino,fp32,float32,64,1,ok,,298.6574,20,50,4.22073814,3.996906057669622,2.2303,3.3213415,3.6611979,8.317177199999977,21.74944067999997,28.339484,15163.224506507764,15.163224506507763,3321.3415,51.8959609375,15163.224506507764,54048,52224,106776,single-thread,0.0078125,0.00390625,Intel(R) Xeon(R) 6760P,AVX512,"avx2,avx512f,avx512bw,avx512vl,avx512_vnni,avx512_bf16,amx_bf16,amx_int8,amx_tile,fma",True,True,,,,2026.1.0,CPU,256,128,sh14l07002s1404,3.11.9,2.1.2+cu121
20260428_010731,2026-04-28T07:06:35.249319,cpu,openvino,separator1_grid_search_6ports_masked_hd32_depth3_stages2_share0,/home/liangyi/SRS_AI/Model_AIIC_refactor/experiments_refactored/20260427_072855_default_6port_separator1_masked_v2/separator1_grid_search_6ports_masked_hd32_depth3_stages2_share0,default_6port_separator1_masked_v2,separator1_grid_search_6ports_masked_hd32_depth3_stages2_share0,supervised_nmse_plateau,separator1,12,6,openvino,fp32,float32,64,2,ok,,297.425142,20,50,3.04345714,0.18955412323893248,2.40712,3.0668625,3.2214842999999997,3.30440715,3.4574891599999997,3.544619,21028.717361861713,21.028717361861712,3066.8625,47.9197265625,10514.358680930856,54048,52224,106776,sub-physical,0.015625,0.0078125,Intel(R) Xeon(R) 6760P,AVX512,"avx2,avx512f,avx512bw,avx512vl,avx512_vnni,avx512_bf16,amx_bf16,amx_int8,amx_tile,fma",True,True,,,,2026.1.0,CPU,256,128,sh14l07002s1404,3.11.9,2.1.2+cu121
20260428_010731,2026-04-28T07:06:35.249319,cpu,openvino,separator1_grid_search_6ports_masked_hd32_depth3_stages2_share0,/home/liangyi/SRS_AI/Model_AIIC_refactor/experiments_refactored/20260427_072855_default_6port_separator1_masked_v2/separator1_grid_search_6ports_masked_hd32_depth3_stages2_share0,default_6port_separator1_masked_v2,separator1_grid_search_6ports_masked_hd32_depth3_stages2_share0,supervised_nmse_plateau,separator1,12,6,openvino,fp32,float32,64,4,ok,,300.610011,20,50,3.35954864,0.15872402474014574,3.091977,3.3280115,3.5546593,3.6436737,3.8219492199999996,3.940442,19050.17812154671,19.050178121546708,3328.0115,52.0001796875,4762.544530386677,54048,52224,106776,sub-physical,0.03125,0.015625,Intel(R) Xeon(R) 6760P,AVX512,"avx2,avx512f,avx512bw,avx512vl,avx512_vnni,avx512_bf16,amx_bf16,amx_int8,amx_tile,fma",True,True,,,,2026.1.0,CPU,256,128,sh14l07002s1404,3.11.9,2.1.2+cu121
20260428_010731,2026-04-28T07:06:35.249319,cpu,openvino,separator1_grid_search_6ports_masked_hd32_depth3_stages2_share0,/home/liangyi/SRS_AI/Model_AIIC_refactor/experiments_refactored/20260427_072855_default_6port_separator1_masked_v2/separator1_grid_search_6ports_masked_hd32_depth3_stages2_share0,default_6port_separator1_masked_v2,separator1_grid_search_6ports_masked_hd32_depth3_stages2_share0,supervised_nmse_plateau,separator1,12,6,openvino,fp32,float32,64,8,ok,,299.150213,20,50,3.2831300199999998,0.162699461099598,2.938278,3.2714255,3.5143577,3.5743248,3.63267828,3.681398,19493.59288548676,19.49359288548676,3271.4255,51.1160234375,2436.699110685845,54048,52224,106776,sub-physical,0.0625,0.03125,Intel(R) Xeon(R) 6760P,AVX512,"avx2,avx512f,avx512bw,avx512vl,avx512_vnni,avx512_bf16,amx_bf16,amx_int8,amx_tile,fma",True,True,,,,2026.1.0,CPU,256,128,sh14l07002s1404,3.11.9,2.1.2+cu121
20260428_010731,2026-04-28T07:06:35.249319,cpu,openvino,separator1_grid_search_6ports_masked_hd32_depth3_stages2_share0,/home/liangyi/SRS_AI/Model_AIIC_refactor/experiments_refactored/20260427_072855_default_6port_separator1_masked_v2/separator1_grid_search_6ports_masked_hd32_depth3_stages2_share0,default_6port_separator1_masked_v2,separator1_grid_search_6ports_masked_hd32_depth3_stages2_share0,supervised_nmse_plateau,separator1,12,6,openvino,fp32,float32,128,1,ok,,301.420457,20,50,3.28415232,0.14675264077520922,3.01597,3.2682015,3.4527813999999997,3.55525885,3.6900779399999997,3.750492,38975.04973216346,38.97504973216346,3268.2015,25.53282421875,38975.04973216346,54048,52224,106776,single-thread,0.0078125,0.00390625,Intel(R) Xeon(R) 6760P,AVX512,"avx2,avx512f,avx512bw,avx512vl,avx512_vnni,avx512_bf16,amx_bf16,amx_int8,amx_tile,fma",True,True,,,,2026.1.0,CPU,256,128,sh14l07002s1404,3.11.9,2.1.2+cu121
20260428_010731,2026-04-28T07:06:35.249319,cpu,openvino,separator1_grid_search_6ports_masked_hd32_depth3_stages2_share0,/home/liangyi/SRS_AI/Model_AIIC_refactor/experiments_refactored/20260427_072855_default_6port_separator1_masked_v2/separator1_grid_search_6ports_masked_hd32_depth3_stages2_share0,default_6port_separator1_masked_v2,separator1_grid_search_6ports_masked_hd32_depth3_stages2_share0,supervised_nmse_plateau,separator1,12,6,openvino,fp32,float32,128,2,ok,,305.535925,20,50,3.40691332,0.20764943238087027,2.840818,3.432841,3.6111118,3.6320999,3.8747232499999997,3.975308,37570.665284786286,37.57066528478629,3432.841,26.8190703125,18785.332642393143,54048,52224,106776,sub-physical,0.015625,0.0078125,Intel(R) Xeon(R) 6760P,AVX512,"avx2,avx512f,avx512bw,avx512vl,avx512_vnni,avx512_bf16,amx_bf16,amx_int8,amx_tile,fma",True,True,,,,2026.1.0,CPU,256,128,sh14l07002s1404,3.11.9,2.1.2+cu121
20260428_010731,2026-04-28T07:06:35.249319,cpu,openvino,separator1_grid_search_6ports_masked_hd32_depth3_stages2_share0,/home/liangyi/SRS_AI/Model_AIIC_refactor/experiments_refactored/20260427_072855_default_6port_separator1_masked_v2/separator1_grid_search_6ports_masked_hd32_depth3_stages2_share0,default_6port_separator1_masked_v2,separator1_grid_search_6ports_masked_hd32_depth3_stages2_share0,supervised_nmse_plateau,separator1,12,6,openvino,fp32,float32,128,4,ok,,300.887602,20,50,3.22891674,0.16790300686536977,3.03429,3.2014065,3.3592287,3.49053745,3.85569526,3.910196,39641.7778180307,39.6417778180307,3201.4065,25.01098828125,9910.444454507675,54048,52224,106776,sub-physical,0.03125,0.015625,Intel(R) Xeon(R) 6760P,AVX512,"avx2,avx512f,avx512bw,avx512vl,avx512_vnni,avx512_bf16,amx_bf16,amx_int8,amx_tile,fma",True,True,,,,2026.1.0,CPU,256,128,sh14l07002s1404,3.11.9,2.1.2+cu121
20260428_010731,2026-04-28T07:06:35.249319,cpu,openvino,separator1_grid_search_6ports_masked_hd32_depth3_stages2_share0,/home/liangyi/SRS_AI/Model_AIIC_refactor/experiments_refactored/20260427_072855_default_6port_separator1_masked_v2/separator1_grid_search_6ports_masked_hd32_depth3_stages2_share0,default_6port_separator1_masked_v2,separator1_grid_search_6ports_masked_hd32_depth3_stages2_share0,supervised_nmse_plateau,separator1,12,6,openvino,fp32,float32,128,8,ok,,299.773919,20,50,3.34486428,0.43284671679651393,3.030157,3.2744035,3.5070522,3.6004979,4.9524464899999945,6.190382,38267.62142947097,38.26762142947097,3274.4035,25.58127734375,4783.452678683871,54048,52224,106776,sub-physical,0.0625,0.03125,Intel(R) Xeon(R) 6760P,AVX512,"avx2,avx512f,avx512bw,avx512vl,avx512_vnni,avx512_bf16,amx_bf16,amx_int8,amx_tile,fma",True,True,,,,2026.1.0,CPU,256,128,sh14l07002s1404,3.11.9,2.1.2+cu121
20260428_010731,2026-04-28T07:06:35.249319,cpu,openvino,separator1_grid_search_6ports_masked_hd32_depth3_stages2_share0,/home/liangyi/SRS_AI/Model_AIIC_refactor/experiments_refactored/20260427_072855_default_6port_separator1_masked_v2/separator1_grid_search_6ports_masked_hd32_depth3_stages2_share0,,,,,,,openvino,bf16,,1,1,skipped,OpenVINO benchmark currently supports precision profile fp32 only,0.0,,,,,,,,,,,,,,,,54048,52224,106776,single-thread,0.0078125,0.00390625,Intel(R) Xeon(R) 6760P,AVX512,"avx2,avx512f,avx512bw,avx512vl,avx512_vnni,avx512_bf16,amx_bf16,amx_int8,amx_tile,fma",True,True,,,,2026.1.0,,256,128,sh14l07002s1404,3.11.9,2.1.2+cu121
20260428_010731,2026-04-28T07:06:35.249319,cpu,openvino,separator1_grid_search_6ports_masked_hd32_depth3_stages2_share0,/home/liangyi/SRS_AI/Model_AIIC_refactor/experiments_refactored/20260427_072855_default_6port_separator1_masked_v2/separator1_grid_search_6ports_masked_hd32_depth3_stages2_share0,,,,,,,openvino,bf16,,1,2,skipped,OpenVINO benchmark currently supports precision profile fp32 only,0.0,,,,,,,,,,,,,,,,54048,52224,106776,sub-physical,0.015625,0.0078125,Intel(R) Xeon(R) 6760P,AVX512,"avx2,avx512f,avx512bw,avx512vl,avx512_vnni,avx512_bf16,amx_bf16,amx_int8,amx_tile,fma",True,True,,,,2026.1.0,,256,128,sh14l07002s1404,3.11.9,2.1.2+cu121
20260428_010731,2026-04-28T07:06:35.249319,cpu,openvino,separator1_grid_search_6ports_masked_hd32_depth3_stages2_share0,/home/liangyi/SRS_AI/Model_AIIC_refactor/experiments_refactored/20260427_072855_default_6port_separator1_masked_v2/separator1_grid_search_6ports_masked_hd32_depth3_stages2_share0,,,,,,,openvino,bf16,,1,4,skipped,OpenVINO benchmark currently supports precision profile fp32 only,0.0,,,,,,,,,,,,,,,,54048,52224,106776,sub-physical,0.03125,0.015625,Intel(R) Xeon(R) 6760P,AVX512,"avx2,avx512f,avx512bw,avx512vl,avx512_vnni,avx512_bf16,amx_bf16,amx_int8,amx_tile,fma",True,True,,,,2026.1.0,,256,128,sh14l07002s1404,3.11.9,2.1.2+cu121
20260428_010731,2026-04-28T07:06:35.249319,cpu,openvino,separator1_grid_search_6ports_masked_hd32_depth3_stages2_share0,/home/liangyi/SRS_AI/Model_AIIC_refactor/experiments_refactored/20260427_072855_default_6port_separator1_masked_v2/separator1_grid_search_6ports_masked_hd32_depth3_stages2_share0,,,,,,,openvino,bf16,,1,8,skipped,OpenVINO benchmark currently supports precision profile fp32 only,0.0,,,,,,,,,,,,,,,,54048,52224,106776,sub-physical,0.0625,0.03125,Intel(R) Xeon(R) 6760P,AVX512,"avx2,avx512f,avx512bw,avx512vl,avx512_vnni,avx512_bf16,amx_bf16,amx_int8,amx_tile,fma",True,True,,,,2026.1.0,,256,128,sh14l07002s1404,3.11.9,2.1.2+cu121
20260428_010731,2026-04-28T07:06:35.249319,cpu,openvino,separator1_grid_search_6ports_masked_hd32_depth3_stages2_share0,/home/liangyi/SRS_AI/Model_AIIC_refactor/experiments_refactored/20260427_072855_default_6port_separator1_masked_v2/separator1_grid_search_6ports_masked_hd32_depth3_stages2_share0,,,,,,,openvino,bf16,,2,1,skipped,OpenVINO benchmark currently supports precision profile fp32 only,0.0,,,,,,,,,,,,,,,,54048,52224,106776,single-thread,0.0078125,0.00390625,Intel(R) Xeon(R) 6760P,AVX512,"avx2,avx512f,avx512bw,avx512vl,avx512_vnni,avx512_bf16,amx_bf16,amx_int8,amx_tile,fma",True,True,,,,2026.1.0,,256,128,sh14l07002s1404,3.11.9,2.1.2+cu121
20260428_010731,2026-04-28T07:06:35.249319,cpu,openvino,separator1_grid_search_6ports_masked_hd32_depth3_stages2_share0,/home/liangyi/SRS_AI/Model_AIIC_refactor/experiments_refactored/20260427_072855_default_6port_separator1_masked_v2/separator1_grid_search_6ports_masked_hd32_depth3_stages2_share0,,,,,,,openvino,bf16,,2,2,skipped,OpenVINO benchmark currently supports precision profile fp32 only,0.0,,,,,,,,,,,,,,,,54048,52224,106776,sub-physical,0.015625,0.0078125,Intel(R) Xeon(R) 6760P,AVX512,"avx2,avx512f,avx512bw,avx512vl,avx512_vnni,avx512_bf16,amx_bf16,amx_int8,amx_tile,fma",True,True,,,,2026.1.0,,256,128,sh14l07002s1404,3.11.9,2.1.2+cu121
20260428_010731,2026-04-28T07:06:35.249319,cpu,openvino,separator1_grid_search_6ports_masked_hd32_depth3_stages2_share0,/home/liangyi/SRS_AI/Model_AIIC_refactor/experiments_refactored/20260427_072855_default_6port_separator1_masked_v2/separator1_grid_search_6ports_masked_hd32_depth3_stages2_share0,,,,,,,openvino,bf16,,2,4,skipped,OpenVINO benchmark currently supports precision profile fp32 only,0.0,,,,,,,,,,,,,,,,54048,52224,106776,sub-physical,0.03125,0.015625,Intel(R) Xeon(R) 6760P,AVX512,"avx2,avx512f,avx512bw,avx512vl,avx512_vnni,avx512_bf16,amx_bf16,amx_int8,amx_tile,fma",True,True,,,,2026.1.0,,256,128,sh14l07002s1404,3.11.9,2.1.2+cu121
20260428_010731,2026-04-28T07:06:35.249319,cpu,openvino,separator1_grid_search_6ports_masked_hd32_depth3_stages2_share0,/home/liangyi/SRS_AI/Model_AIIC_refactor/experiments_refactored/20260427_072855_default_6port_separator1_masked_v2/separator1_grid_search_6ports_masked_hd32_depth3_stages2_share0,,,,,,,openvino,bf16,,2,8,skipped,OpenVINO benchmark currently supports precision profile fp32 only,0.0,,,,,,,,,,,,,,,,54048,52224,106776,sub-physical,0.0625,0.03125,Intel(R) Xeon(R) 6760P,AVX512,"avx2,avx512f,avx512bw,avx512vl,avx512_vnni,avx512_bf16,amx_bf16,amx_int8,amx_tile,fma",True,True,,,,2026.1.0,,256,128,sh14l07002s1404,3.11.9,2.1.2+cu121
20260428_010731,2026-04-28T07:06:35.249319,cpu,openvino,separator1_grid_search_6ports_masked_hd32_depth3_stages2_share0,/home/liangyi/SRS_AI/Model_AIIC_refactor/experiments_refactored/20260427_072855_default_6port_separator1_masked_v2/separator1_grid_search_6ports_masked_hd32_depth3_stages2_share0,,,,,,,openvino,bf16,,4,1,skipped,OpenVINO benchmark currently supports precision profile fp32 only,0.0,,,,,,,,,,,,,,,,54048,52224,106776,single-thread,0.0078125,0.00390625,Intel(R) Xeon(R) 6760P,AVX512,"avx2,avx512f,avx512bw,avx512vl,avx512_vnni,avx512_bf16,amx_bf16,amx_int8,amx_tile,fma",True,True,,,,2026.1.0,,256,128,sh14l07002s1404,3.11.9,2.1.2+cu121
20260428_010731,2026-04-28T07:06:35.249319,cpu,openvino,separator1_grid_search_6ports_masked_hd32_depth3_stages2_share0,/home/liangyi/SRS_AI/Model_AIIC_refactor/experiments_refactored/20260427_072855_default_6port_separator1_masked_v2/separator1_grid_search_6ports_masked_hd32_depth3_stages2_share0,,,,,,,openvino,bf16,,4,2,skipped,OpenVINO benchmark currently supports precision profile fp32 only,0.0,,,,,,,,,,,,,,,,54048,52224,106776,sub-physical,0.015625,0.0078125,Intel(R) Xeon(R) 6760P,AVX512,"avx2,avx512f,avx512bw,avx512vl,avx512_vnni,avx512_bf16,amx_bf16,amx_int8,amx_tile,fma",True,True,,,,2026.1.0,,256,128,sh14l07002s1404,3.11.9,2.1.2+cu121
20260428_010731,2026-04-28T07:06:35.249319,cpu,openvino,separator1_grid_search_6ports_masked_hd32_depth3_stages2_share0,/home/liangyi/SRS_AI/Model_AIIC_refactor/experiments_refactored/20260427_072855_default_6port_separator1_masked_v2/separator1_grid_search_6ports_masked_hd32_depth3_stages2_share0,,,,,,,openvino,bf16,,4,4,skipped,OpenVINO benchmark currently supports precision profile fp32 only,0.0,,,,,,,,,,,,,,,,54048,52224,106776,sub-physical,0.03125,0.015625,Intel(R) Xeon(R) 6760P,AVX512,"avx2,avx512f,avx512bw,avx512vl,avx512_vnni,avx512_bf16,amx_bf16,amx_int8,amx_tile,fma",True,True,,,,2026.1.0,,256,128,sh14l07002s1404,3.11.9,2.1.2+cu121
20260428_010731,2026-04-28T07:06:35.249319,cpu,openvino,separator1_grid_search_6ports_masked_hd32_depth3_stages2_share0,/home/liangyi/SRS_AI/Model_AIIC_refactor/experiments_refactored/20260427_072855_default_6port_separator1_masked_v2/separator1_grid_search_6ports_masked_hd32_depth3_stages2_share0,,,,,,,openvino,bf16,,4,8,skipped,OpenVINO benchmark currently supports precision profile fp32 only,0.0,,,,,,,,,,,,,,,,54048,52224,106776,sub-physical,0.0625,0.03125,Intel(R) Xeon(R) 6760P,AVX512,"avx2,avx512f,avx512bw,avx512vl,avx512_vnni,avx512_bf16,amx_bf16,amx_int8,amx_tile,fma",True,True,,,,2026.1.0,,256,128,sh14l07002s1404,3.11.9,2.1.2+cu121
20260428_010731,2026-04-28T07:06:35.249319,cpu,openvino,separator1_grid_search_6ports_masked_hd32_depth3_stages2_share0,/home/liangyi/SRS_AI/Model_AIIC_refactor/experiments_refactored/20260427_072855_default_6port_separator1_masked_v2/separator1_grid_search_6ports_masked_hd32_depth3_stages2_share0,,,,,,,openvino,bf16,,8,1,skipped,OpenVINO benchmark currently supports precision profile fp32 only,0.0,,,,,,,,,,,,,,,,54048,52224,106776,single-thread,0.0078125,0.00390625,Intel(R) Xeon(R) 6760P,AVX512,"avx2,avx512f,avx512bw,avx512vl,avx512_vnni,avx512_bf16,amx_bf16,amx_int8,amx_tile,fma",True,True,,,,2026.1.0,,256,128,sh14l07002s1404,3.11.9,2.1.2+cu121
20260428_010731,2026-04-28T07:06:35.249319,cpu,openvino,separator1_grid_search_6ports_masked_hd32_depth3_stages2_share0,/home/liangyi/SRS_AI/Model_AIIC_refactor/experiments_refactored/20260427_072855_default_6port_separator1_masked_v2/separator1_grid_search_6ports_masked_hd32_depth3_stages2_share0,,,,,,,openvino,bf16,,8,2,skipped,OpenVINO benchmark currently supports precision profile fp32 only,0.0,,,,,,,,,,,,,,,,54048,52224,106776,sub-physical,0.015625,0.0078125,Intel(R) Xeon(R) 6760P,AVX512,"avx2,avx512f,avx512bw,avx512vl,avx512_vnni,avx512_bf16,amx_bf16,amx_int8,amx_tile,fma",True,True,,,,2026.1.0,,256,128,sh14l07002s1404,3.11.9,2.1.2+cu121
20260428_010731,2026-04-28T07:06:35.249319,cpu,openvino,separator1_grid_search_6ports_masked_hd32_depth3_stages2_share0,/home/liangyi/SRS_AI/Model_AIIC_refactor/experiments_refactored/20260427_072855_default_6port_separator1_masked_v2/separator1_grid_search_6ports_masked_hd32_depth3_stages2_share0,,,,,,,openvino,bf16,,8,4,skipped,OpenVINO benchmark currently supports precision profile fp32 only,0.0,,,,,,,,,,,,,,,,54048,52224,106776,sub-physical,0.03125,0.015625,Intel(R) Xeon(R) 6760P,AVX512,"avx2,avx512f,avx512bw,avx512vl,avx512_vnni,avx512_bf16,amx_bf16,amx_int8,amx_tile,fma",True,True,,,,2026.1.0,,256,128,sh14l07002s1404,3.11.9,2.1.2+cu121
20260428_010731,2026-04-28T07:06:35.249319,cpu,openvino,separator1_grid_search_6ports_masked_hd32_depth3_stages2_share0,/home/liangyi/SRS_AI/Model_AIIC_refactor/experiments_refactored/20260427_072855_default_6port_separator1_masked_v2/separator1_grid_search_6ports_masked_hd32_depth3_stages2_share0,,,,,,,openvino,bf16,,8,8,skipped,OpenVINO benchmark currently supports precision profile fp32 only,0.0,,,,,,,,,,,,,,,,54048,52224,106776,sub-physical,0.0625,0.03125,Intel(R) Xeon(R) 6760P,AVX512,"avx2,avx512f,avx512bw,avx512vl,avx512_vnni,avx512_bf16,amx_bf16,amx_int8,amx_tile,fma",True,True,,,,2026.1.0,,256,128,sh14l07002s1404,3.11.9,2.1.2+cu121
20260428_010731,2026-04-28T07:06:35.249319,cpu,openvino,separator1_grid_search_6ports_masked_hd32_depth3_stages2_share0,/home/liangyi/SRS_AI/Model_AIIC_refactor/experiments_refactored/20260427_072855_default_6port_separator1_masked_v2/separator1_grid_search_6ports_masked_hd32_depth3_stages2_share0,,,,,,,openvino,bf16,,16,1,skipped,OpenVINO benchmark currently supports precision profile fp32 only,0.0,,,,,,,,,,,,,,,,54048,52224,106776,single-thread,0.0078125,0.00390625,Intel(R) Xeon(R) 6760P,AVX512,"avx2,avx512f,avx512bw,avx512vl,avx512_vnni,avx512_bf16,amx_bf16,amx_int8,amx_tile,fma",True,True,,,,2026.1.0,,256,128,sh14l07002s1404,3.11.9,2.1.2+cu121
20260428_010731,2026-04-28T07:06:35.249319,cpu,openvino,separator1_grid_search_6ports_masked_hd32_depth3_stages2_share0,/home/liangyi/SRS_AI/Model_AIIC_refactor/experiments_refactored/20260427_072855_default_6port_separator1_masked_v2/separator1_grid_search_6ports_masked_hd32_depth3_stages2_share0,,,,,,,openvino,bf16,,16,2,skipped,OpenVINO benchmark currently supports precision profile fp32 only,0.0,,,,,,,,,,,,,,,,54048,52224,106776,sub-physical,0.015625,0.0078125,Intel(R) Xeon(R) 6760P,AVX512,"avx2,avx512f,avx512bw,avx512vl,avx512_vnni,avx512_bf16,amx_bf16,amx_int8,amx_tile,fma",True,True,,,,2026.1.0,,256,128,sh14l07002s1404,3.11.9,2.1.2+cu121
20260428_010731,2026-04-28T07:06:35.249319,cpu,openvino,separator1_grid_search_6ports_masked_hd32_depth3_stages2_share0,/home/liangyi/SRS_AI/Model_AIIC_refactor/experiments_refactored/20260427_072855_default_6port_separator1_masked_v2/separator1_grid_search_6ports_masked_hd32_depth3_stages2_share0,,,,,,,openvino,bf16,,16,4,skipped,OpenVINO benchmark currently supports precision profile fp32 only,0.0,,,,,,,,,,,,,,,,54048,52224,106776,sub-physical,0.03125,0.015625,Intel(R) Xeon(R) 6760P,AVX512,"avx2,avx512f,avx512bw,avx512vl,avx512_vnni,avx512_bf16,amx_bf16,amx_int8,amx_tile,fma",True,True,,,,2026.1.0,,256,128,sh14l07002s1404,3.11.9,2.1.2+cu121
20260428_010731,2026-04-28T07:06:35.249319,cpu,openvino,separator1_grid_search_6ports_masked_hd32_depth3_stages2_share0,/home/liangyi/SRS_AI/Model_AIIC_refactor/experiments_refactored/20260427_072855_default_6port_separator1_masked_v2/separator1_grid_search_6ports_masked_hd32_depth3_stages2_share0,,,,,,,openvino,bf16,,16,8,skipped,OpenVINO benchmark currently supports precision profile fp32 only,0.0,,,,,,,,,,,,,,,,54048,52224,106776,sub-physical,0.0625,0.03125,Intel(R) Xeon(R) 6760P,AVX512,"avx2,avx512f,avx512bw,avx512vl,avx512_vnni,avx512_bf16,amx_bf16,amx_int8,amx_tile,fma",True,True,,,,2026.1.0,,256,128,sh14l07002s1404,3.11.9,2.1.2+cu121
20260428_010731,2026-04-28T07:06:35.249319,cpu,openvino,separator1_grid_search_6ports_masked_hd32_depth3_stages2_share0,/home/liangyi/SRS_AI/Model_AIIC_refactor/experiments_refactored/20260427_072855_default_6port_separator1_masked_v2/separator1_grid_search_6ports_masked_hd32_depth3_stages2_share0,,,,,,,openvino,bf16,,32,1,skipped,OpenVINO benchmark currently supports precision profile fp32 only,0.0,,,,,,,,,,,,,,,,54048,52224,106776,single-thread,0.0078125,0.00390625,Intel(R) Xeon(R) 6760P,AVX512,"avx2,avx512f,avx512bw,avx512vl,avx512_vnni,avx512_bf16,amx_bf16,amx_int8,amx_tile,fma",True,True,,,,2026.1.0,,256,128,sh14l07002s1404,3.11.9,2.1.2+cu121
20260428_010731,2026-04-28T07:06:35.249319,cpu,openvino,separator1_grid_search_6ports_masked_hd32_depth3_stages2_share0,/home/liangyi/SRS_AI/Model_AIIC_refactor/experiments_refactored/20260427_072855_default_6port_separator1_masked_v2/separator1_grid_search_6ports_masked_hd32_depth3_stages2_share0,,,,,,,openvino,bf16,,32,2,skipped,OpenVINO benchmark currently supports precision profile fp32 only,0.0,,,,,,,,,,,,,,,,54048,52224,106776,sub-physical,0.015625,0.0078125,Intel(R) Xeon(R) 6760P,AVX512,"avx2,avx512f,avx512bw,avx512vl,avx512_vnni,avx512_bf16,amx_bf16,amx_int8,amx_tile,fma",True,True,,,,2026.1.0,,256,128,sh14l07002s1404,3.11.9,2.1.2+cu121
20260428_010731,2026-04-28T07:06:35.249319,cpu,openvino,separator1_grid_search_6ports_masked_hd32_depth3_stages2_share0,/home/liangyi/SRS_AI/Model_AIIC_refactor/experiments_refactored/20260427_072855_default_6port_separator1_masked_v2/separator1_grid_search_6ports_masked_hd32_depth3_stages2_share0,,,,,,,openvino,bf16,,32,4,skipped,OpenVINO benchmark currently supports precision profile fp32 only,0.0,,,,,,,,,,,,,,,,54048,52224,106776,sub-physical,0.03125,0.015625,Intel(R) Xeon(R) 6760P,AVX512,"avx2,avx512f,avx512bw,avx512vl,avx512_vnni,avx512_bf16,amx_bf16,amx_int8,amx_tile,fma",True,True,,,,2026.1.0,,256,128,sh14l07002s1404,3.11.9,2.1.2+cu121
20260428_010731,2026-04-28T07:06:35.249319,cpu,openvino,separator1_grid_search_6ports_masked_hd32_depth3_stages2_share0,/home/liangyi/SRS_AI/Model_AIIC_refactor/experiments_refactored/20260427_072855_default_6port_separator1_masked_v2/separator1_grid_search_6ports_masked_hd32_depth3_stages2_share0,,,,,,,openvino,bf16,,32,8,skipped,OpenVINO benchmark currently supports precision profile fp32 only,0.0,,,,,,,,,,,,,,,,54048,52224,106776,sub-physical,0.0625,0.03125,Intel(R) Xeon(R) 6760P,AVX512,"avx2,avx512f,avx512bw,avx512vl,avx512_vnni,avx512_bf16,amx_bf16,amx_int8,amx_tile,fma",True,True,,,,2026.1.0,,256,128,sh14l07002s1404,3.11.9,2.1.2+cu121
20260428_010731,2026-04-28T07:06:35.249319,cpu,openvino,separator1_grid_search_6ports_masked_hd32_depth3_stages2_share0,/home/liangyi/SRS_AI/Model_AIIC_refactor/experiments_refactored/20260427_072855_default_6port_separator1_masked_v2/separator1_grid_search_6ports_masked_hd32_depth3_stages2_share0,,,,,,,openvino,bf16,,64,1,skipped,OpenVINO benchmark currently supports precision profile fp32 only,0.0,,,,,,,,,,,,,,,,54048,52224,106776,single-thread,0.0078125,0.00390625,Intel(R) Xeon(R) 6760P,AVX512,"avx2,avx512f,avx512bw,avx512vl,avx512_vnni,avx512_bf16,amx_bf16,amx_int8,amx_tile,fma",True,True,,,,2026.1.0,,256,128,sh14l07002s1404,3.11.9,2.1.2+cu121
20260428_010731,2026-04-28T07:06:35.249319,cpu,openvino,separator1_grid_search_6ports_masked_hd32_depth3_stages2_share0,/home/liangyi/SRS_AI/Model_AIIC_refactor/experiments_refactored/20260427_072855_default_6port_separator1_masked_v2/separator1_grid_search_6ports_masked_hd32_depth3_stages2_share0,,,,,,,openvino,bf16,,64,2,skipped,OpenVINO benchmark currently supports precision profile fp32 only,0.0,,,,,,,,,,,,,,,,54048,52224,106776,sub-physical,0.015625,0.0078125,Intel(R) Xeon(R) 6760P,AVX512,"avx2,avx512f,avx512bw,avx512vl,avx512_vnni,avx512_bf16,amx_bf16,amx_int8,amx_tile,fma",True,True,,,,2026.1.0,,256,128,sh14l07002s1404,3.11.9,2.1.2+cu121
20260428_010731,2026-04-28T07:06:35.249319,cpu,openvino,separator1_grid_search_6ports_masked_hd32_depth3_stages2_share0,/home/liangyi/SRS_AI/Model_AIIC_refactor/experiments_refactored/20260427_072855_default_6port_separator1_masked_v2/separator1_grid_search_6ports_masked_hd32_depth3_stages2_share0,,,,,,,openvino,bf16,,64,4,skipped,OpenVINO benchmark currently supports precision profile fp32 only,0.0,,,,,,,,,,,,,,,,54048,52224,106776,sub-physical,0.03125,0.015625,Intel(R) Xeon(R) 6760P,AVX512,"avx2,avx512f,avx512bw,avx512vl,avx512_vnni,avx512_bf16,amx_bf16,amx_int8,amx_tile,fma",True,True,,,,2026.1.0,,256,128,sh14l07002s1404,3.11.9,2.1.2+cu121
20260428_010731,2026-04-28T07:06:35.249319,cpu,openvino,separator1_grid_search_6ports_masked_hd32_depth3_stages2_share0,/home/liangyi/SRS_AI/Model_AIIC_refactor/experiments_refactored/20260427_072855_default_6port_separator1_masked_v2/separator1_grid_search_6ports_masked_hd32_depth3_stages2_share0,,,,,,,openvino,bf16,,64,8,skipped,OpenVINO benchmark currently supports precision profile fp32 only,0.0,,,,,,,,,,,,,,,,54048,52224,106776,sub-physical,0.0625,0.03125,Intel(R) Xeon(R) 6760P,AVX512,"avx2,avx512f,avx512bw,avx512vl,avx512_vnni,avx512_bf16,amx_bf16,amx_int8,amx_tile,fma",True,True,,,,2026.1.0,,256,128,sh14l07002s1404,3.11.9,2.1.2+cu121
20260428_010731,2026-04-28T07:06:35.249319,cpu,openvino,separator1_grid_search_6ports_masked_hd32_depth3_stages2_share0,/home/liangyi/SRS_AI/Model_AIIC_refactor/experiments_refactored/20260427_072855_default_6port_separator1_masked_v2/separator1_grid_search_6ports_masked_hd32_depth3_stages2_share0,,,,,,,openvino,bf16,,128,1,skipped,OpenVINO benchmark currently supports precision profile fp32 only,0.0,,,,,,,,,,,,,,,,54048,52224,106776,single-thread,0.0078125,0.00390625,Intel(R) Xeon(R) 6760P,AVX512,"avx2,avx512f,avx512bw,avx512vl,avx512_vnni,avx512_bf16,amx_bf16,amx_int8,amx_tile,fma",True,True,,,,2026.1.0,,256,128,sh14l07002s1404,3.11.9,2.1.2+cu121
20260428_010731,2026-04-28T07:06:35.249319,cpu,openvino,separator1_grid_search_6ports_masked_hd32_depth3_stages2_share0,/home/liangyi/SRS_AI/Model_AIIC_refactor/experiments_refactored/20260427_072855_default_6port_separator1_masked_v2/separator1_grid_search_6ports_masked_hd32_depth3_stages2_share0,,,,,,,openvino,bf16,,128,2,skipped,OpenVINO benchmark currently supports precision profile fp32 only,0.0,,,,,,,,,,,,,,,,54048,52224,106776,sub-physical,0.015625,0.0078125,Intel(R) Xeon(R) 6760P,AVX512,"avx2,avx512f,avx512bw,avx512vl,avx512_vnni,avx512_bf16,amx_bf16,amx_int8,amx_tile,fma",True,True,,,,2026.1.0,,256,128,sh14l07002s1404,3.11.9,2.1.2+cu121
20260428_010731,2026-04-28T07:06:35.249319,cpu,openvino,separator1_grid_search_6ports_masked_hd32_depth3_stages2_share0,/home/liangyi/SRS_AI/Model_AIIC_refactor/experiments_refactored/20260427_072855_default_6port_separator1_masked_v2/separator1_grid_search_6ports_masked_hd32_depth3_stages2_share0,,,,,,,openvino,bf16,,128,4,skipped,OpenVINO benchmark currently supports precision profile fp32 only,0.0,,,,,,,,,,,,,,,,54048,52224,106776,sub-physical,0.03125,0.015625,Intel(R) Xeon(R) 6760P,AVX512,"avx2,avx512f,avx512bw,avx512vl,avx512_vnni,avx512_bf16,amx_bf16,amx_int8,amx_tile,fma",True,True,,,,2026.1.0,,256,128,sh14l07002s1404,3.11.9,2.1.2+cu121
20260428_010731,2026-04-28T07:06:35.249319,cpu,openvino,separator1_grid_search_6ports_masked_hd32_depth3_stages2_share0,/home/liangyi/SRS_AI/Model_AIIC_refactor/experiments_refactored/20260427_072855_default_6port_separator1_masked_v2/separator1_grid_search_6ports_masked_hd32_depth3_stages2_share0,,,,,,,openvino,bf16,,128,8,skipped,OpenVINO benchmark currently supports precision profile fp32 only,0.0,,,,,,,,,,,,,,,,54048,52224,106776,sub-physical,0.0625,0.03125,Intel(R) Xeon(R) 6760P,AVX512,"avx2,avx512f,avx512bw,avx512vl,avx512_vnni,avx512_bf16,amx_bf16,amx_int8,amx_tile,fma",True,True,,,,2026.1.0,,256,128,sh14l07002s1404,3.11.9,2.1.2+cu121
