benchmark_id,timestamp,device,run_name,run_dir,experiment_name,model_label,training_label,model_type,seq_len,num_ports,execution_mode,requested_precision_profile,effective_execution_dtype,batch_size,num_threads,status,skip_reason,graph_prep_time_ms,warmup_iters,measure_iters,mean_latency_ms,std_latency_ms,min_latency_ms,p50_latency_ms,p90_latency_ms,p95_latency_ms,p99_latency_ms,max_latency_ms,throughput_samples_per_sec,samples_per_ms,p50_latency_us,latency_per_sample_us,throughput_per_thread,trainable_parameters,macs_per_sample,flops_per_sample_estimate,thread_group,threads_per_physical_core_ratio,threads_per_logical_cpu_ratio,cpu_model_name,cpu_capability,cpu_flag_summary,mkldnn_available,mkldnn_enabled,onednn_version,logical_cpu_count,physical_cpu_count,hostname,python_version,pytorch_version
20260424_010536,2026-04-24T06:14:21.931430,cpu,full_mlp_capacity_search_hd64_depth4,/home/liangyi/SRS_AI/Model_AIIC_refactor/experiments_refactored/20260422_050408_full_mlp_capacity_search_v2/full_mlp_capacity_search_hd64_depth4,full_mlp_capacity_search_v2,full_mlp_capacity_search_hd64_depth4,supervised_nmse_plateau,full_mlp,12,6,eager,fp32,float32,1,1,ok,,0.0,20,50,0.04661972,0.01616615291903426,0.040326,0.0421585,0.0502135,0.05257815,0.11530929999999985,0.152368,21450.15027975286,21.450150279752858,42.158500000000004,42.158500000000004,21450.15027975286,15120,14848,30040,single-thread,0.0078125,0.00390625,Intel(R) Xeon(R) 6760P,AVX512,"avx2,avx512f,avx512bw,avx512vl,avx512_vnni,avx512_bf16,amx_bf16,amx_int8,amx_tile,fma",True,True,,256,128,sh14l07002s1404,3.11.9,2.1.2+cu121
20260424_010536,2026-04-24T06:14:21.931430,cpu,full_mlp_capacity_search_hd64_depth4,/home/liangyi/SRS_AI/Model_AIIC_refactor/experiments_refactored/20260422_050408_full_mlp_capacity_search_v2/full_mlp_capacity_search_hd64_depth4,full_mlp_capacity_search_v2,full_mlp_capacity_search_hd64_depth4,supervised_nmse_plateau,full_mlp,12,6,eager,fp32,float32,1,2,ok,,0.0,20,50,0.04626314,0.003258336336291881,0.042871,0.044847,0.0506192,0.052046499999999996,0.055424709999999995,0.055582,21615.480488354227,21.615480488354226,44.847,44.847,10807.740244177114,15120,14848,30040,sub-physical,0.015625,0.0078125,Intel(R) Xeon(R) 6760P,AVX512,"avx2,avx512f,avx512bw,avx512vl,avx512_vnni,avx512_bf16,amx_bf16,amx_int8,amx_tile,fma",True,True,,256,128,sh14l07002s1404,3.11.9,2.1.2+cu121
20260424_010536,2026-04-24T06:14:21.931430,cpu,full_mlp_capacity_search_hd64_depth4,/home/liangyi/SRS_AI/Model_AIIC_refactor/experiments_refactored/20260422_050408_full_mlp_capacity_search_v2/full_mlp_capacity_search_hd64_depth4,full_mlp_capacity_search_v2,full_mlp_capacity_search_hd64_depth4,supervised_nmse_plateau,full_mlp,12,6,eager,fp32,float32,1,4,ok,,0.0,20,50,0.04660712,0.005042054496492476,0.040449,0.0473265,0.0535624,0.0549163,0.058933619999999985,0.0621,21455.94921977586,21.45594921977586,47.3265,47.3265,5363.987304943965,15120,14848,30040,sub-physical,0.03125,0.015625,Intel(R) Xeon(R) 6760P,AVX512,"avx2,avx512f,avx512bw,avx512vl,avx512_vnni,avx512_bf16,amx_bf16,amx_int8,amx_tile,fma",True,True,,256,128,sh14l07002s1404,3.11.9,2.1.2+cu121
20260424_010536,2026-04-24T06:14:21.931430,cpu,full_mlp_capacity_search_hd64_depth4,/home/liangyi/SRS_AI/Model_AIIC_refactor/experiments_refactored/20260422_050408_full_mlp_capacity_search_v2/full_mlp_capacity_search_hd64_depth4,full_mlp_capacity_search_v2,full_mlp_capacity_search_hd64_depth4,supervised_nmse_plateau,full_mlp,12,6,eager,fp32,float32,1,8,ok,,0.0,20,50,0.04324928,0.009955705317133488,0.040013,0.0411745,0.0438071,0.048381199999999985,0.08157682999999988,0.111336,23121.772200600797,23.121772200600798,41.1745,41.1745,2890.2215250750996,15120,14848,30040,sub-physical,0.0625,0.03125,Intel(R) Xeon(R) 6760P,AVX512,"avx2,avx512f,avx512bw,avx512vl,avx512_vnni,avx512_bf16,amx_bf16,amx_int8,amx_tile,fma",True,True,,256,128,sh14l07002s1404,3.11.9,2.1.2+cu121
20260424_010536,2026-04-24T06:14:21.931430,cpu,full_mlp_capacity_search_hd64_depth4,/home/liangyi/SRS_AI/Model_AIIC_refactor/experiments_refactored/20260422_050408_full_mlp_capacity_search_v2/full_mlp_capacity_search_hd64_depth4,full_mlp_capacity_search_v2,full_mlp_capacity_search_hd64_depth4,supervised_nmse_plateau,full_mlp,12,6,eager,fp32,float32,1,128,ok,,0.0,20,50,0.042378980000000004,0.0012511922072967045,0.040949,0.0418685,0.0445681,0.0447729,0.04547328,0.045683,23596.603788009998,23.596603788009997,41.868500000000004,41.868500000000004,184.3484670938281,15120,14848,30040,all-physical,1.0,0.5,Intel(R) Xeon(R) 6760P,AVX512,"avx2,avx512f,avx512bw,avx512vl,avx512_vnni,avx512_bf16,amx_bf16,amx_int8,amx_tile,fma",True,True,,256,128,sh14l07002s1404,3.11.9,2.1.2+cu121
20260424_010536,2026-04-24T06:14:21.931430,cpu,full_mlp_capacity_search_hd64_depth4,/home/liangyi/SRS_AI/Model_AIIC_refactor/experiments_refactored/20260422_050408_full_mlp_capacity_search_v2/full_mlp_capacity_search_hd64_depth4,full_mlp_capacity_search_v2,full_mlp_capacity_search_hd64_depth4,supervised_nmse_plateau,full_mlp,12,6,eager,fp32,float32,2,1,ok,,0.0,20,50,0.04440372,0.0026593888022626556,0.041345,0.042957499999999996,0.0481446,0.04845845,0.051048109999999994,0.052205,45041.27131690768,45.04127131690768,42.957499999999996,21.478749999999998,45041.27131690768,15120,14848,30040,single-thread,0.0078125,0.00390625,Intel(R) Xeon(R) 6760P,AVX512,"avx2,avx512f,avx512bw,avx512vl,avx512_vnni,avx512_bf16,amx_bf16,amx_int8,amx_tile,fma",True,True,,256,128,sh14l07002s1404,3.11.9,2.1.2+cu121
20260424_010536,2026-04-24T06:14:21.931430,cpu,full_mlp_capacity_search_hd64_depth4,/home/liangyi/SRS_AI/Model_AIIC_refactor/experiments_refactored/20260422_050408_full_mlp_capacity_search_v2/full_mlp_capacity_search_hd64_depth4,full_mlp_capacity_search_v2,full_mlp_capacity_search_hd64_depth4,supervised_nmse_plateau,full_mlp,12,6,eager,fp32,float32,2,2,ok,,0.0,20,50,0.04465394,0.0030910325874050565,0.041741,0.0427315,0.0494906,0.050316400000000004,0.051227829999999995,0.051293,44788.88089158537,44.78888089158537,42.7315,21.36575,22394.440445792687,15120,14848,30040,sub-physical,0.015625,0.0078125,Intel(R) Xeon(R) 6760P,AVX512,"avx2,avx512f,avx512bw,avx512vl,avx512_vnni,avx512_bf16,amx_bf16,amx_int8,amx_tile,fma",True,True,,256,128,sh14l07002s1404,3.11.9,2.1.2+cu121
20260424_010536,2026-04-24T06:14:21.931430,cpu,full_mlp_capacity_search_hd64_depth4,/home/liangyi/SRS_AI/Model_AIIC_refactor/experiments_refactored/20260422_050408_full_mlp_capacity_search_v2/full_mlp_capacity_search_hd64_depth4,full_mlp_capacity_search_v2,full_mlp_capacity_search_hd64_depth4,supervised_nmse_plateau,full_mlp,12,6,eager,fp32,float32,2,4,ok,,0.0,20,50,0.04667204,0.003828872617155082,0.042646,0.045656,0.0511544,0.05305145,0.058213499999999994,0.060394,42852.20873139464,42.85220873139464,45.656,22.828,10713.05218284866,15120,14848,30040,sub-physical,0.03125,0.015625,Intel(R) Xeon(R) 6760P,AVX512,"avx2,avx512f,avx512bw,avx512vl,avx512_vnni,avx512_bf16,amx_bf16,amx_int8,amx_tile,fma",True,True,,256,128,sh14l07002s1404,3.11.9,2.1.2+cu121
20260424_010536,2026-04-24T06:14:21.931430,cpu,full_mlp_capacity_search_hd64_depth4,/home/liangyi/SRS_AI/Model_AIIC_refactor/experiments_refactored/20260422_050408_full_mlp_capacity_search_v2/full_mlp_capacity_search_hd64_depth4,full_mlp_capacity_search_v2,full_mlp_capacity_search_hd64_depth4,supervised_nmse_plateau,full_mlp,12,6,eager,fp32,float32,2,8,ok,,0.0,20,50,0.045030060000000004,0.004027512668682743,0.041931,0.0442365,0.0477768,0.04875685,0.06029580999999996,0.070307,44414.775374494275,44.414775374494276,44.2365,22.11825,5551.846921811784,15120,14848,30040,sub-physical,0.0625,0.03125,Intel(R) Xeon(R) 6760P,AVX512,"avx2,avx512f,avx512bw,avx512vl,avx512_vnni,avx512_bf16,amx_bf16,amx_int8,amx_tile,fma",True,True,,256,128,sh14l07002s1404,3.11.9,2.1.2+cu121
20260424_010536,2026-04-24T06:14:21.931430,cpu,full_mlp_capacity_search_hd64_depth4,/home/liangyi/SRS_AI/Model_AIIC_refactor/experiments_refactored/20260422_050408_full_mlp_capacity_search_v2/full_mlp_capacity_search_hd64_depth4,full_mlp_capacity_search_v2,full_mlp_capacity_search_hd64_depth4,supervised_nmse_plateau,full_mlp,12,6,eager,fp32,float32,2,128,ok,,0.0,20,50,0.0434125,0.001151486226578503,0.041879,0.043103,0.044665500000000004,0.04561,0.04742734,0.047836,46069.68039159229,46.069680391592286,43.103,21.5515,359.91937805931474,15120,14848,30040,all-physical,1.0,0.5,Intel(R) Xeon(R) 6760P,AVX512,"avx2,avx512f,avx512bw,avx512vl,avx512_vnni,avx512_bf16,amx_bf16,amx_int8,amx_tile,fma",True,True,,256,128,sh14l07002s1404,3.11.9,2.1.2+cu121
20260424_010536,2026-04-24T06:14:21.931430,cpu,full_mlp_capacity_search_hd64_depth4,/home/liangyi/SRS_AI/Model_AIIC_refactor/experiments_refactored/20260422_050408_full_mlp_capacity_search_v2/full_mlp_capacity_search_hd64_depth4,full_mlp_capacity_search_v2,full_mlp_capacity_search_hd64_depth4,supervised_nmse_plateau,full_mlp,12,6,eager,fp32,float32,4,1,ok,,0.0,20,50,0.04736504,0.0028434908191165313,0.044248,0.0458115,0.0510535,0.05260265,0.05380083,0.053866,84450.47233149176,84.45047233149177,45.811499999999995,11.452874999999999,84450.47233149176,15120,14848,30040,single-thread,0.0078125,0.00390625,Intel(R) Xeon(R) 6760P,AVX512,"avx2,avx512f,avx512bw,avx512vl,avx512_vnni,avx512_bf16,amx_bf16,amx_int8,amx_tile,fma",True,True,,256,128,sh14l07002s1404,3.11.9,2.1.2+cu121
20260424_010536,2026-04-24T06:14:21.931430,cpu,full_mlp_capacity_search_hd64_depth4,/home/liangyi/SRS_AI/Model_AIIC_refactor/experiments_refactored/20260422_050408_full_mlp_capacity_search_v2/full_mlp_capacity_search_hd64_depth4,full_mlp_capacity_search_v2,full_mlp_capacity_search_hd64_depth4,supervised_nmse_plateau,full_mlp,12,6,eager,fp32,float32,4,2,ok,,0.0,20,50,0.05355752,0.0494195779926296,0.043175,0.044689999999999994,0.051059700000000006,0.0514767,0.23416271999999935,0.398544,74686.05715873327,74.68605715873326,44.68999999999999,11.172499999999998,37343.02857936663,15120,14848,30040,sub-physical,0.015625,0.0078125,Intel(R) Xeon(R) 6760P,AVX512,"avx2,avx512f,avx512bw,avx512vl,avx512_vnni,avx512_bf16,amx_bf16,amx_int8,amx_tile,fma",True,True,,256,128,sh14l07002s1404,3.11.9,2.1.2+cu121
20260424_010536,2026-04-24T06:14:21.931430,cpu,full_mlp_capacity_search_hd64_depth4,/home/liangyi/SRS_AI/Model_AIIC_refactor/experiments_refactored/20260422_050408_full_mlp_capacity_search_v2/full_mlp_capacity_search_hd64_depth4,full_mlp_capacity_search_v2,full_mlp_capacity_search_hd64_depth4,supervised_nmse_plateau,full_mlp,12,6,eager,fp32,float32,4,4,ok,,0.0,20,50,0.04883754,0.004055528632422659,0.043894,0.047264,0.0536547,0.0541859,0.05957064999999999,0.061538,81904.2072962725,81.9042072962725,47.264,11.816,20476.051824068127,15120,14848,30040,sub-physical,0.03125,0.015625,Intel(R) Xeon(R) 6760P,AVX512,"avx2,avx512f,avx512bw,avx512vl,avx512_vnni,avx512_bf16,amx_bf16,amx_int8,amx_tile,fma",True,True,,256,128,sh14l07002s1404,3.11.9,2.1.2+cu121
20260424_010536,2026-04-24T06:14:21.931430,cpu,full_mlp_capacity_search_hd64_depth4,/home/liangyi/SRS_AI/Model_AIIC_refactor/experiments_refactored/20260422_050408_full_mlp_capacity_search_v2/full_mlp_capacity_search_hd64_depth4,full_mlp_capacity_search_v2,full_mlp_capacity_search_hd64_depth4,supervised_nmse_plateau,full_mlp,12,6,eager,fp32,float32,4,8,ok,,0.0,20,50,0.04724158,0.003550200963832892,0.043207,0.0454165,0.0517463,0.05250099999999999,0.056254769999999996,0.056856,84671.17314873889,84.67117314873889,45.4165,11.354125,10583.896643592361,15120,14848,30040,sub-physical,0.0625,0.03125,Intel(R) Xeon(R) 6760P,AVX512,"avx2,avx512f,avx512bw,avx512vl,avx512_vnni,avx512_bf16,amx_bf16,amx_int8,amx_tile,fma",True,True,,256,128,sh14l07002s1404,3.11.9,2.1.2+cu121
20260424_010536,2026-04-24T06:14:21.931430,cpu,full_mlp_capacity_search_hd64_depth4,/home/liangyi/SRS_AI/Model_AIIC_refactor/experiments_refactored/20260422_050408_full_mlp_capacity_search_v2/full_mlp_capacity_search_hd64_depth4,full_mlp_capacity_search_v2,full_mlp_capacity_search_hd64_depth4,supervised_nmse_plateau,full_mlp,12,6,eager,fp32,float32,4,128,ok,,0.0,20,50,0.04550816,0.002856194008536535,0.043737,0.0447845,0.045889700000000005,0.049953449999999976,0.0580124,0.058718,87896.32452729357,87.89632452729357,44.7845,11.196125,686.690035369481,15120,14848,30040,all-physical,1.0,0.5,Intel(R) Xeon(R) 6760P,AVX512,"avx2,avx512f,avx512bw,avx512vl,avx512_vnni,avx512_bf16,amx_bf16,amx_int8,amx_tile,fma",True,True,,256,128,sh14l07002s1404,3.11.9,2.1.2+cu121
20260424_010536,2026-04-24T06:14:21.931430,cpu,full_mlp_capacity_search_hd64_depth4,/home/liangyi/SRS_AI/Model_AIIC_refactor/experiments_refactored/20260422_050408_full_mlp_capacity_search_v2/full_mlp_capacity_search_hd64_depth4,full_mlp_capacity_search_v2,full_mlp_capacity_search_hd64_depth4,supervised_nmse_plateau,full_mlp,12,6,eager,fp32,float32,8,1,ok,,0.0,20,50,0.04748004,0.0032206511513046547,0.044401,0.0458085,0.0515787,0.053195799999999994,0.05686236,0.05688,168491.854682515,168.491854682515,45.8085,5.7260625,168491.854682515,15120,14848,30040,single-thread,0.0078125,0.00390625,Intel(R) Xeon(R) 6760P,AVX512,"avx2,avx512f,avx512bw,avx512vl,avx512_vnni,avx512_bf16,amx_bf16,amx_int8,amx_tile,fma",True,True,,256,128,sh14l07002s1404,3.11.9,2.1.2+cu121
20260424_010536,2026-04-24T06:14:21.931430,cpu,full_mlp_capacity_search_hd64_depth4,/home/liangyi/SRS_AI/Model_AIIC_refactor/experiments_refactored/20260422_050408_full_mlp_capacity_search_v2/full_mlp_capacity_search_hd64_depth4,full_mlp_capacity_search_v2,full_mlp_capacity_search_hd64_depth4,supervised_nmse_plateau,full_mlp,12,6,eager,fp32,float32,8,2,ok,,0.0,20,50,0.04850322,0.003195543905440825,0.044573,0.0483035,0.052934499999999995,0.0531169,0.054034149999999996,0.054654,164937.50311834968,164.93750311834967,48.3035,6.0379375,82468.75155917484,15120,14848,30040,sub-physical,0.015625,0.0078125,Intel(R) Xeon(R) 6760P,AVX512,"avx2,avx512f,avx512bw,avx512vl,avx512_vnni,avx512_bf16,amx_bf16,amx_int8,amx_tile,fma",True,True,,256,128,sh14l07002s1404,3.11.9,2.1.2+cu121
20260424_010536,2026-04-24T06:14:21.931430,cpu,full_mlp_capacity_search_hd64_depth4,/home/liangyi/SRS_AI/Model_AIIC_refactor/experiments_refactored/20260422_050408_full_mlp_capacity_search_v2/full_mlp_capacity_search_hd64_depth4,full_mlp_capacity_search_v2,full_mlp_capacity_search_hd64_depth4,supervised_nmse_plateau,full_mlp,12,6,eager,fp32,float32,8,4,ok,,0.0,20,50,0.04769158,0.002436917159773799,0.044105,0.046525,0.0514562,0.05177205,0.05249374,0.05302,167744.494940197,167.744494940197,46.525,5.815625,41936.12373504925,15120,14848,30040,sub-physical,0.03125,0.015625,Intel(R) Xeon(R) 6760P,AVX512,"avx2,avx512f,avx512bw,avx512vl,avx512_vnni,avx512_bf16,amx_bf16,amx_int8,amx_tile,fma",True,True,,256,128,sh14l07002s1404,3.11.9,2.1.2+cu121
20260424_010536,2026-04-24T06:14:21.931430,cpu,full_mlp_capacity_search_hd64_depth4,/home/liangyi/SRS_AI/Model_AIIC_refactor/experiments_refactored/20260422_050408_full_mlp_capacity_search_v2/full_mlp_capacity_search_hd64_depth4,full_mlp_capacity_search_v2,full_mlp_capacity_search_hd64_depth4,supervised_nmse_plateau,full_mlp,12,6,eager,fp32,float32,8,8,ok,,0.0,20,50,0.04855372,0.0030589629029460297,0.044689,0.0478395,0.052811500000000004,0.05353005,0.053917889999999996,0.053986,164765.95408137626,164.76595408137626,47.8395,5.9799375,20595.744260172032,15120,14848,30040,sub-physical,0.0625,0.03125,Intel(R) Xeon(R) 6760P,AVX512,"avx2,avx512f,avx512bw,avx512vl,avx512_vnni,avx512_bf16,amx_bf16,amx_int8,amx_tile,fma",True,True,,256,128,sh14l07002s1404,3.11.9,2.1.2+cu121
20260424_010536,2026-04-24T06:14:21.931430,cpu,full_mlp_capacity_search_hd64_depth4,/home/liangyi/SRS_AI/Model_AIIC_refactor/experiments_refactored/20260422_050408_full_mlp_capacity_search_v2/full_mlp_capacity_search_hd64_depth4,full_mlp_capacity_search_v2,full_mlp_capacity_search_hd64_depth4,supervised_nmse_plateau,full_mlp,12,6,eager,fp32,float32,8,128,ok,,0.0,20,50,0.04898558,0.0030923600119649713,0.045421,0.048109,0.0538476,0.05476645,0.05645272999999999,0.057738,163313.36691328348,163.3133669132835,48.109,6.013625,1275.8856790100272,15120,14848,30040,all-physical,1.0,0.5,Intel(R) Xeon(R) 6760P,AVX512,"avx2,avx512f,avx512bw,avx512vl,avx512_vnni,avx512_bf16,amx_bf16,amx_int8,amx_tile,fma",True,True,,256,128,sh14l07002s1404,3.11.9,2.1.2+cu121
20260424_010536,2026-04-24T06:14:21.931430,cpu,full_mlp_capacity_search_hd64_depth4,/home/liangyi/SRS_AI/Model_AIIC_refactor/experiments_refactored/20260422_050408_full_mlp_capacity_search_v2/full_mlp_capacity_search_hd64_depth4,full_mlp_capacity_search_v2,full_mlp_capacity_search_hd64_depth4,supervised_nmse_plateau,full_mlp,12,6,eager,fp32,float32,16,1,ok,,0.0,20,50,0.05432504,0.020869778446318016,0.047041,0.0502145,0.0573534,0.060277649999999995,0.13471253999999974,0.197165,294523.4830936158,294.5234830936158,50.2145,3.13840625,294523.4830936158,15120,14848,30040,single-thread,0.0078125,0.00390625,Intel(R) Xeon(R) 6760P,AVX512,"avx2,avx512f,avx512bw,avx512vl,avx512_vnni,avx512_bf16,amx_bf16,amx_int8,amx_tile,fma",True,True,,256,128,sh14l07002s1404,3.11.9,2.1.2+cu121
20260424_010536,2026-04-24T06:14:21.931430,cpu,full_mlp_capacity_search_hd64_depth4,/home/liangyi/SRS_AI/Model_AIIC_refactor/experiments_refactored/20260422_050408_full_mlp_capacity_search_v2/full_mlp_capacity_search_hd64_depth4,full_mlp_capacity_search_v2,full_mlp_capacity_search_hd64_depth4,supervised_nmse_plateau,full_mlp,12,6,eager,fp32,float32,16,2,ok,,0.0,20,50,0.04968032,0.003633918152297875,0.045434,0.049601000000000006,0.054000200000000005,0.05723875,0.05853314,0.059226,322059.117171548,322.059117171548,49.601000000000006,3.1000625000000004,161029.558585774,15120,14848,30040,sub-physical,0.015625,0.0078125,Intel(R) Xeon(R) 6760P,AVX512,"avx2,avx512f,avx512bw,avx512vl,avx512_vnni,avx512_bf16,amx_bf16,amx_int8,amx_tile,fma",True,True,,256,128,sh14l07002s1404,3.11.9,2.1.2+cu121
20260424_010536,2026-04-24T06:14:21.931430,cpu,full_mlp_capacity_search_hd64_depth4,/home/liangyi/SRS_AI/Model_AIIC_refactor/experiments_refactored/20260422_050408_full_mlp_capacity_search_v2/full_mlp_capacity_search_hd64_depth4,full_mlp_capacity_search_v2,full_mlp_capacity_search_hd64_depth4,supervised_nmse_plateau,full_mlp,12,6,eager,fp32,float32,16,4,ok,,0.0,20,50,0.05683308,0.009927399489977222,0.051362,0.054765,0.0600534,0.06194009999999999,0.09350205999999989,0.122905,281526.1815829795,281.5261815829795,54.765,3.4228125,70381.54539574488,15120,14848,30040,sub-physical,0.03125,0.015625,Intel(R) Xeon(R) 6760P,AVX512,"avx2,avx512f,avx512bw,avx512vl,avx512_vnni,avx512_bf16,amx_bf16,amx_int8,amx_tile,fma",True,True,,256,128,sh14l07002s1404,3.11.9,2.1.2+cu121
20260424_010536,2026-04-24T06:14:21.931430,cpu,full_mlp_capacity_search_hd64_depth4,/home/liangyi/SRS_AI/Model_AIIC_refactor/experiments_refactored/20260422_050408_full_mlp_capacity_search_v2/full_mlp_capacity_search_hd64_depth4,full_mlp_capacity_search_v2,full_mlp_capacity_search_hd64_depth4,supervised_nmse_plateau,full_mlp,12,6,eager,fp32,float32,16,8,ok,,0.0,20,50,0.05019462,0.0030589513032410307,0.046766,0.0482495,0.0544963,0.05466355,0.05519933,0.055289,318759.26145072916,318.7592614507292,48.2495,3.01559375,39844.907681341145,15120,14848,30040,sub-physical,0.0625,0.03125,Intel(R) Xeon(R) 6760P,AVX512,"avx2,avx512f,avx512bw,avx512vl,avx512_vnni,avx512_bf16,amx_bf16,amx_int8,amx_tile,fma",True,True,,256,128,sh14l07002s1404,3.11.9,2.1.2+cu121
20260424_010536,2026-04-24T06:14:21.931430,cpu,full_mlp_capacity_search_hd64_depth4,/home/liangyi/SRS_AI/Model_AIIC_refactor/experiments_refactored/20260422_050408_full_mlp_capacity_search_v2/full_mlp_capacity_search_hd64_depth4,full_mlp_capacity_search_v2,full_mlp_capacity_search_hd64_depth4,supervised_nmse_plateau,full_mlp,12,6,eager,fp32,float32,16,128,ok,,0.0,20,50,0.04847066,0.0024714378860088717,0.046906,0.047920000000000004,0.049605800000000005,0.05033125,0.05974338999999999,0.062335,330096.5986433855,330.0965986433855,47.92,2.995,2578.8796769014493,15120,14848,30040,all-physical,1.0,0.5,Intel(R) Xeon(R) 6760P,AVX512,"avx2,avx512f,avx512bw,avx512vl,avx512_vnni,avx512_bf16,amx_bf16,amx_int8,amx_tile,fma",True,True,,256,128,sh14l07002s1404,3.11.9,2.1.2+cu121
20260424_010536,2026-04-24T06:14:21.931430,cpu,full_mlp_capacity_search_hd64_depth4,/home/liangyi/SRS_AI/Model_AIIC_refactor/experiments_refactored/20260422_050408_full_mlp_capacity_search_v2/full_mlp_capacity_search_hd64_depth4,full_mlp_capacity_search_v2,full_mlp_capacity_search_hd64_depth4,supervised_nmse_plateau,full_mlp,12,6,eager,fp32,float32,32,1,ok,,0.0,20,50,0.05513196,0.0034240922473554943,0.051205,0.053398,0.0592488,0.060869299999999994,0.06303496,0.063278,580425.5825477636,580.4255825477636,53.398,1.6686875,580425.5825477636,15120,14848,30040,single-thread,0.0078125,0.00390625,Intel(R) Xeon(R) 6760P,AVX512,"avx2,avx512f,avx512bw,avx512vl,avx512_vnni,avx512_bf16,amx_bf16,amx_int8,amx_tile,fma",True,True,,256,128,sh14l07002s1404,3.11.9,2.1.2+cu121
20260424_010536,2026-04-24T06:14:21.931430,cpu,full_mlp_capacity_search_hd64_depth4,/home/liangyi/SRS_AI/Model_AIIC_refactor/experiments_refactored/20260422_050408_full_mlp_capacity_search_v2/full_mlp_capacity_search_hd64_depth4,full_mlp_capacity_search_v2,full_mlp_capacity_search_hd64_depth4,supervised_nmse_plateau,full_mlp,12,6,eager,fp32,float32,32,2,ok,,0.0,20,50,0.06479042,0.004246265036900075,0.059414,0.0643775,0.07035310000000002,0.07369175,0.07505166999999999,0.075942,493900.17845230823,493.90017845230824,64.3775,2.011796875,246950.08922615412,15120,14848,30040,sub-physical,0.015625,0.0078125,Intel(R) Xeon(R) 6760P,AVX512,"avx2,avx512f,avx512bw,avx512vl,avx512_vnni,avx512_bf16,amx_bf16,amx_int8,amx_tile,fma",True,True,,256,128,sh14l07002s1404,3.11.9,2.1.2+cu121
20260424_010536,2026-04-24T06:14:21.931430,cpu,full_mlp_capacity_search_hd64_depth4,/home/liangyi/SRS_AI/Model_AIIC_refactor/experiments_refactored/20260422_050408_full_mlp_capacity_search_v2/full_mlp_capacity_search_hd64_depth4,full_mlp_capacity_search_v2,full_mlp_capacity_search_hd64_depth4,supervised_nmse_plateau,full_mlp,12,6,eager,fp32,float32,32,4,ok,,0.0,20,50,0.07083042,0.006593239249686,0.064987,0.06875300000000001,0.0756782,0.07776595,0.09527120999999995,0.108487,451783.28746321145,451.7832874632115,68.75300000000001,2.1485312500000004,112945.82186580286,15120,14848,30040,sub-physical,0.03125,0.015625,Intel(R) Xeon(R) 6760P,AVX512,"avx2,avx512f,avx512bw,avx512vl,avx512_vnni,avx512_bf16,amx_bf16,amx_int8,amx_tile,fma",True,True,,256,128,sh14l07002s1404,3.11.9,2.1.2+cu121
20260424_010536,2026-04-24T06:14:21.931430,cpu,full_mlp_capacity_search_hd64_depth4,/home/liangyi/SRS_AI/Model_AIIC_refactor/experiments_refactored/20260422_050408_full_mlp_capacity_search_v2/full_mlp_capacity_search_hd64_depth4,full_mlp_capacity_search_v2,full_mlp_capacity_search_hd64_depth4,supervised_nmse_plateau,full_mlp,12,6,eager,fp32,float32,32,8,ok,,0.0,20,50,0.06013154,0.0039027596093533603,0.056124,0.0582115,0.0649391,0.06623944999999999,0.07065329,0.071819,532166.6466549834,532.1666466549834,58.2115,1.819109375,66520.83083187293,15120,14848,30040,sub-physical,0.0625,0.03125,Intel(R) Xeon(R) 6760P,AVX512,"avx2,avx512f,avx512bw,avx512vl,avx512_vnni,avx512_bf16,amx_bf16,amx_int8,amx_tile,fma",True,True,,256,128,sh14l07002s1404,3.11.9,2.1.2+cu121
20260424_010536,2026-04-24T06:14:21.931430,cpu,full_mlp_capacity_search_hd64_depth4,/home/liangyi/SRS_AI/Model_AIIC_refactor/experiments_refactored/20260422_050408_full_mlp_capacity_search_v2/full_mlp_capacity_search_hd64_depth4,full_mlp_capacity_search_v2,full_mlp_capacity_search_hd64_depth4,supervised_nmse_plateau,full_mlp,12,6,eager,fp32,float32,32,128,ok,,0.0,20,50,0.12717686,0.006247374658238451,0.1188,0.1263695,0.1355093,0.13830405,0.14604203,0.149596,251618.1009658518,251.6181009658518,126.3695,3.949046875,1965.7664137957172,15120,14848,30040,all-physical,1.0,0.5,Intel(R) Xeon(R) 6760P,AVX512,"avx2,avx512f,avx512bw,avx512vl,avx512_vnni,avx512_bf16,amx_bf16,amx_int8,amx_tile,fma",True,True,,256,128,sh14l07002s1404,3.11.9,2.1.2+cu121
20260424_010536,2026-04-24T06:14:21.931430,cpu,full_mlp_capacity_search_hd64_depth4,/home/liangyi/SRS_AI/Model_AIIC_refactor/experiments_refactored/20260422_050408_full_mlp_capacity_search_v2/full_mlp_capacity_search_hd64_depth4,full_mlp_capacity_search_v2,full_mlp_capacity_search_hd64_depth4,supervised_nmse_plateau,full_mlp,12,6,eager,fp32,float32,64,1,ok,,0.0,20,50,0.06285226,0.00398883846155745,0.05899,0.0607105,0.06764690000000001,0.0689862,0.07364180999999999,0.075568,1018260.9185413541,1018.2609185413542,60.7105,0.9486015625,1018260.9185413541,15120,14848,30040,single-thread,0.0078125,0.00390625,Intel(R) Xeon(R) 6760P,AVX512,"avx2,avx512f,avx512bw,avx512vl,avx512_vnni,avx512_bf16,amx_bf16,amx_int8,amx_tile,fma",True,True,,256,128,sh14l07002s1404,3.11.9,2.1.2+cu121
20260424_010536,2026-04-24T06:14:21.931430,cpu,full_mlp_capacity_search_hd64_depth4,/home/liangyi/SRS_AI/Model_AIIC_refactor/experiments_refactored/20260422_050408_full_mlp_capacity_search_v2/full_mlp_capacity_search_hd64_depth4,full_mlp_capacity_search_v2,full_mlp_capacity_search_hd64_depth4,supervised_nmse_plateau,full_mlp,12,6,eager,fp32,float32,64,2,ok,,0.0,20,50,0.09325672,0.008323774912958664,0.0783,0.09454499999999999,0.1028789,0.10387795,0.11003592,0.112776,686277.6216019607,686.2776216019607,94.54499999999999,1.4772656249999998,343138.81080098037,15120,14848,30040,sub-physical,0.015625,0.0078125,Intel(R) Xeon(R) 6760P,AVX512,"avx2,avx512f,avx512bw,avx512vl,avx512_vnni,avx512_bf16,amx_bf16,amx_int8,amx_tile,fma",True,True,,256,128,sh14l07002s1404,3.11.9,2.1.2+cu121
20260424_010536,2026-04-24T06:14:21.931430,cpu,full_mlp_capacity_search_hd64_depth4,/home/liangyi/SRS_AI/Model_AIIC_refactor/experiments_refactored/20260422_050408_full_mlp_capacity_search_v2/full_mlp_capacity_search_hd64_depth4,full_mlp_capacity_search_v2,full_mlp_capacity_search_hd64_depth4,supervised_nmse_plateau,full_mlp,12,6,eager,fp32,float32,64,4,ok,,0.0,20,50,0.0872909,0.010852646942105873,0.08061,0.082943,0.0934316,0.0983322,0.1286248699999999,0.154074,733180.6637347076,733.1806637347077,82.943,1.295984375,183295.1659336769,15120,14848,30040,sub-physical,0.03125,0.015625,Intel(R) Xeon(R) 6760P,AVX512,"avx2,avx512f,avx512bw,avx512vl,avx512_vnni,avx512_bf16,amx_bf16,amx_int8,amx_tile,fma",True,True,,256,128,sh14l07002s1404,3.11.9,2.1.2+cu121
20260424_010536,2026-04-24T06:14:21.931430,cpu,full_mlp_capacity_search_hd64_depth4,/home/liangyi/SRS_AI/Model_AIIC_refactor/experiments_refactored/20260422_050408_full_mlp_capacity_search_v2/full_mlp_capacity_search_hd64_depth4,full_mlp_capacity_search_v2,full_mlp_capacity_search_hd64_depth4,supervised_nmse_plateau,full_mlp,12,6,eager,fp32,float32,64,8,ok,,0.0,20,50,0.08111658,0.010362980098581682,0.073401,0.07811599999999999,0.0879776,0.08936935,0.12141351999999991,0.143097,788987.8986515459,788.9878986515458,78.11599999999999,1.2205624999999998,98623.48733144323,15120,14848,30040,sub-physical,0.0625,0.03125,Intel(R) Xeon(R) 6760P,AVX512,"avx2,avx512f,avx512bw,avx512vl,avx512_vnni,avx512_bf16,amx_bf16,amx_int8,amx_tile,fma",True,True,,256,128,sh14l07002s1404,3.11.9,2.1.2+cu121
20260424_010536,2026-04-24T06:14:21.931430,cpu,full_mlp_capacity_search_hd64_depth4,/home/liangyi/SRS_AI/Model_AIIC_refactor/experiments_refactored/20260422_050408_full_mlp_capacity_search_v2/full_mlp_capacity_search_hd64_depth4,full_mlp_capacity_search_v2,full_mlp_capacity_search_hd64_depth4,supervised_nmse_plateau,full_mlp,12,6,eager,fp32,float32,64,128,ok,,0.0,20,50,0.20739986,0.01014956403794764,0.185182,0.20715850000000002,0.2171568,0.22375805,0.23524926999999998,0.237884,308582.65767392516,308.58265767392515,207.15850000000003,3.2368515625000005,2410.8020130775403,15120,14848,30040,all-physical,1.0,0.5,Intel(R) Xeon(R) 6760P,AVX512,"avx2,avx512f,avx512bw,avx512vl,avx512_vnni,avx512_bf16,amx_bf16,amx_int8,amx_tile,fma",True,True,,256,128,sh14l07002s1404,3.11.9,2.1.2+cu121
20260424_010536,2026-04-24T06:14:21.931430,cpu,full_mlp_capacity_search_hd64_depth4,/home/liangyi/SRS_AI/Model_AIIC_refactor/experiments_refactored/20260422_050408_full_mlp_capacity_search_v2/full_mlp_capacity_search_hd64_depth4,full_mlp_capacity_search_v2,full_mlp_capacity_search_hd64_depth4,supervised_nmse_plateau,full_mlp,12,6,eager,fp32,float32,128,1,ok,,0.0,20,50,0.08002944,0.0063449130022719775,0.073323,0.0775175,0.0888315,0.08968134999999999,0.09314402999999999,0.094591,1599411.4165986918,1599.4114165986919,77.5175,0.60560546875,1599411.4165986918,15120,14848,30040,single-thread,0.0078125,0.00390625,Intel(R) Xeon(R) 6760P,AVX512,"avx2,avx512f,avx512bw,avx512vl,avx512_vnni,avx512_bf16,amx_bf16,amx_int8,amx_tile,fma",True,True,,256,128,sh14l07002s1404,3.11.9,2.1.2+cu121
20260424_010536,2026-04-24T06:14:21.931430,cpu,full_mlp_capacity_search_hd64_depth4,/home/liangyi/SRS_AI/Model_AIIC_refactor/experiments_refactored/20260422_050408_full_mlp_capacity_search_v2/full_mlp_capacity_search_hd64_depth4,full_mlp_capacity_search_v2,full_mlp_capacity_search_hd64_depth4,supervised_nmse_plateau,full_mlp,12,6,eager,fp32,float32,128,2,ok,,0.0,20,50,0.13404242,0.020383644528974697,0.110953,0.129894,0.1519939,0.1552705,0.2003686199999999,0.228329,954921.5837792245,954.9215837792245,129.894,1.014796875,477460.7918896123,15120,14848,30040,sub-physical,0.015625,0.0078125,Intel(R) Xeon(R) 6760P,AVX512,"avx2,avx512f,avx512bw,avx512vl,avx512_vnni,avx512_bf16,amx_bf16,amx_int8,amx_tile,fma",True,True,,256,128,sh14l07002s1404,3.11.9,2.1.2+cu121
20260424_010536,2026-04-24T06:14:21.931430,cpu,full_mlp_capacity_search_hd64_depth4,/home/liangyi/SRS_AI/Model_AIIC_refactor/experiments_refactored/20260422_050408_full_mlp_capacity_search_v2/full_mlp_capacity_search_hd64_depth4,full_mlp_capacity_search_v2,full_mlp_capacity_search_hd64_depth4,supervised_nmse_plateau,full_mlp,12,6,eager,fp32,float32,128,4,ok,,0.0,20,50,0.12682268,0.006271587605829961,0.117939,0.12495049999999999,0.1360723,0.13811294999999998,0.14430983,0.144571,1009283.1976110266,1009.2831976110266,124.95049999999999,0.9761757812499999,252320.79940275665,15120,14848,30040,sub-physical,0.03125,0.015625,Intel(R) Xeon(R) 6760P,AVX512,"avx2,avx512f,avx512bw,avx512vl,avx512_vnni,avx512_bf16,amx_bf16,amx_int8,amx_tile,fma",True,True,,256,128,sh14l07002s1404,3.11.9,2.1.2+cu121
20260424_010536,2026-04-24T06:14:21.931430,cpu,full_mlp_capacity_search_hd64_depth4,/home/liangyi/SRS_AI/Model_AIIC_refactor/experiments_refactored/20260422_050408_full_mlp_capacity_search_v2/full_mlp_capacity_search_hd64_depth4,full_mlp_capacity_search_v2,full_mlp_capacity_search_hd64_depth4,supervised_nmse_plateau,full_mlp,12,6,eager,fp32,float32,128,8,ok,,0.0,20,50,0.10835208,0.013953941041641245,0.098101,0.10408049999999999,0.1166485,0.12352684999999997,0.1654514799999999,0.188407,1181334.036227085,1181.3340362270849,104.08049999999999,0.8131289062499999,147666.75452838562,15120,14848,30040,sub-physical,0.0625,0.03125,Intel(R) Xeon(R) 6760P,AVX512,"avx2,avx512f,avx512bw,avx512vl,avx512_vnni,avx512_bf16,amx_bf16,amx_int8,amx_tile,fma",True,True,,256,128,sh14l07002s1404,3.11.9,2.1.2+cu121
20260424_010536,2026-04-24T06:14:21.931430,cpu,full_mlp_capacity_search_hd64_depth4,/home/liangyi/SRS_AI/Model_AIIC_refactor/experiments_refactored/20260422_050408_full_mlp_capacity_search_v2/full_mlp_capacity_search_hd64_depth4,full_mlp_capacity_search_v2,full_mlp_capacity_search_hd64_depth4,supervised_nmse_plateau,full_mlp,12,6,eager,fp32,float32,128,128,ok,,0.0,20,50,0.33864834,0.008295061826436257,0.31603,0.3390385,0.3502771,0.3518668,0.35363273,0.354575,377973.2096132525,377.9732096132525,339.0385,2.64873828125,2952.915700103535,15120,14848,30040,all-physical,1.0,0.5,Intel(R) Xeon(R) 6760P,AVX512,"avx2,avx512f,avx512bw,avx512vl,avx512_vnni,avx512_bf16,amx_bf16,amx_int8,amx_tile,fma",True,True,,256,128,sh14l07002s1404,3.11.9,2.1.2+cu121
20260424_010536,2026-04-24T06:14:21.931430,cpu,full_mlp_capacity_search_hd64_depth4,/home/liangyi/SRS_AI/Model_AIIC_refactor/experiments_refactored/20260422_050408_full_mlp_capacity_search_v2/full_mlp_capacity_search_hd64_depth4,full_mlp_capacity_search_v2,full_mlp_capacity_search_hd64_depth4,supervised_nmse_plateau,full_mlp,12,6,eager,bf16,bfloat16,1,1,ok,,0.0,20,50,0.06086066,0.0035968126479426193,0.056292,0.059189,0.06556490000000001,0.06649555,0.06874211999999999,0.069532,16430.97528025493,16.43097528025493,59.189,59.189,16430.97528025493,15120,14848,30040,single-thread,0.0078125,0.00390625,Intel(R) Xeon(R) 6760P,AVX512,"avx2,avx512f,avx512bw,avx512vl,avx512_vnni,avx512_bf16,amx_bf16,amx_int8,amx_tile,fma",True,True,,256,128,sh14l07002s1404,3.11.9,2.1.2+cu121
20260424_010536,2026-04-24T06:14:21.931430,cpu,full_mlp_capacity_search_hd64_depth4,/home/liangyi/SRS_AI/Model_AIIC_refactor/experiments_refactored/20260422_050408_full_mlp_capacity_search_v2/full_mlp_capacity_search_hd64_depth4,full_mlp_capacity_search_v2,full_mlp_capacity_search_hd64_depth4,supervised_nmse_plateau,full_mlp,12,6,eager,bf16,bfloat16,1,2,ok,,0.0,20,50,0.06008894,0.0035565539580329725,0.056411,0.058148,0.0648703,0.06601455,0.06698641,0.067472,16641.99767877416,16.64199767877416,58.147999999999996,58.147999999999996,8320.99883938708,15120,14848,30040,sub-physical,0.015625,0.0078125,Intel(R) Xeon(R) 6760P,AVX512,"avx2,avx512f,avx512bw,avx512vl,avx512_vnni,avx512_bf16,amx_bf16,amx_int8,amx_tile,fma",True,True,,256,128,sh14l07002s1404,3.11.9,2.1.2+cu121
20260424_010536,2026-04-24T06:14:21.931430,cpu,full_mlp_capacity_search_hd64_depth4,/home/liangyi/SRS_AI/Model_AIIC_refactor/experiments_refactored/20260422_050408_full_mlp_capacity_search_v2/full_mlp_capacity_search_hd64_depth4,full_mlp_capacity_search_v2,full_mlp_capacity_search_hd64_depth4,supervised_nmse_plateau,full_mlp,12,6,eager,bf16,bfloat16,1,4,ok,,0.0,20,50,0.06607848,0.012767660924758301,0.059358,0.061730499999999994,0.0697956,0.07219054999999999,0.12383599999999993,0.139908,15133.520020436306,15.133520020436306,61.73049999999999,61.73049999999999,3783.3800051090766,15120,14848,30040,sub-physical,0.03125,0.015625,Intel(R) Xeon(R) 6760P,AVX512,"avx2,avx512f,avx512bw,avx512vl,avx512_vnni,avx512_bf16,amx_bf16,amx_int8,amx_tile,fma",True,True,,256,128,sh14l07002s1404,3.11.9,2.1.2+cu121
20260424_010536,2026-04-24T06:14:21.931430,cpu,full_mlp_capacity_search_hd64_depth4,/home/liangyi/SRS_AI/Model_AIIC_refactor/experiments_refactored/20260422_050408_full_mlp_capacity_search_v2/full_mlp_capacity_search_hd64_depth4,full_mlp_capacity_search_v2,full_mlp_capacity_search_hd64_depth4,supervised_nmse_plateau,full_mlp,12,6,eager,bf16,bfloat16,1,8,ok,,0.0,20,50,0.06711002,0.015514146991040147,0.058462,0.061426499999999995,0.07031410000000002,0.10068055000000001,0.13111976,0.133607,14900.904514705851,14.900904514705852,61.4265,61.4265,1862.6130643382314,15120,14848,30040,sub-physical,0.0625,0.03125,Intel(R) Xeon(R) 6760P,AVX512,"avx2,avx512f,avx512bw,avx512vl,avx512_vnni,avx512_bf16,amx_bf16,amx_int8,amx_tile,fma",True,True,,256,128,sh14l07002s1404,3.11.9,2.1.2+cu121
20260424_010536,2026-04-24T06:14:21.931430,cpu,full_mlp_capacity_search_hd64_depth4,/home/liangyi/SRS_AI/Model_AIIC_refactor/experiments_refactored/20260422_050408_full_mlp_capacity_search_v2/full_mlp_capacity_search_hd64_depth4,full_mlp_capacity_search_v2,full_mlp_capacity_search_hd64_depth4,supervised_nmse_plateau,full_mlp,12,6,eager,bf16,bfloat16,1,128,ok,,0.0,20,50,0.13533802,0.0090572876392218,0.118116,0.1335565,0.14537360000000002,0.15599254999999998,0.16213631999999997,0.167003,7388.906679734194,7.388906679734194,133.5565,133.5565,57.72583343542339,15120,14848,30040,all-physical,1.0,0.5,Intel(R) Xeon(R) 6760P,AVX512,"avx2,avx512f,avx512bw,avx512vl,avx512_vnni,avx512_bf16,amx_bf16,amx_int8,amx_tile,fma",True,True,,256,128,sh14l07002s1404,3.11.9,2.1.2+cu121
20260424_010536,2026-04-24T06:14:21.931430,cpu,full_mlp_capacity_search_hd64_depth4,/home/liangyi/SRS_AI/Model_AIIC_refactor/experiments_refactored/20260422_050408_full_mlp_capacity_search_v2/full_mlp_capacity_search_hd64_depth4,full_mlp_capacity_search_v2,full_mlp_capacity_search_hd64_depth4,supervised_nmse_plateau,full_mlp,12,6,eager,bf16,bfloat16,2,1,ok,,0.0,20,50,0.0753036,0.005491236017510084,0.068213,0.074778,0.0820593,0.0858047,0.08666605000000001,0.086693,26559.1552063912,26.5591552063912,74.77799999999999,37.388999999999996,26559.1552063912,15120,14848,30040,single-thread,0.0078125,0.00390625,Intel(R) Xeon(R) 6760P,AVX512,"avx2,avx512f,avx512bw,avx512vl,avx512_vnni,avx512_bf16,amx_bf16,amx_int8,amx_tile,fma",True,True,,256,128,sh14l07002s1404,3.11.9,2.1.2+cu121
20260424_010536,2026-04-24T06:14:21.931430,cpu,full_mlp_capacity_search_hd64_depth4,/home/liangyi/SRS_AI/Model_AIIC_refactor/experiments_refactored/20260422_050408_full_mlp_capacity_search_v2/full_mlp_capacity_search_hd64_depth4,full_mlp_capacity_search_v2,full_mlp_capacity_search_hd64_depth4,supervised_nmse_plateau,full_mlp,12,6,eager,bf16,bfloat16,2,2,ok,,0.0,20,50,0.07716466,0.006840737555585655,0.06936,0.0729935,0.0875081,0.0893163,0.09158071,0.091885,25918.600561448726,25.918600561448727,72.9935,36.49675,12959.300280724363,15120,14848,30040,sub-physical,0.015625,0.0078125,Intel(R) Xeon(R) 6760P,AVX512,"avx2,avx512f,avx512bw,avx512vl,avx512_vnni,avx512_bf16,amx_bf16,amx_int8,amx_tile,fma",True,True,,256,128,sh14l07002s1404,3.11.9,2.1.2+cu121
20260424_010536,2026-04-24T06:14:21.931430,cpu,full_mlp_capacity_search_hd64_depth4,/home/liangyi/SRS_AI/Model_AIIC_refactor/experiments_refactored/20260422_050408_full_mlp_capacity_search_v2/full_mlp_capacity_search_hd64_depth4,full_mlp_capacity_search_v2,full_mlp_capacity_search_hd64_depth4,supervised_nmse_plateau,full_mlp,12,6,eager,bf16,bfloat16,2,4,ok,,0.0,20,50,0.07777918,0.005916219366081687,0.071531,0.0751355,0.0855476,0.0874856,0.09327672,0.093802,25713.822130806726,25.713822130806726,75.1355,37.56775,6428.4555327016815,15120,14848,30040,sub-physical,0.03125,0.015625,Intel(R) Xeon(R) 6760P,AVX512,"avx2,avx512f,avx512bw,avx512vl,avx512_vnni,avx512_bf16,amx_bf16,amx_int8,amx_tile,fma",True,True,,256,128,sh14l07002s1404,3.11.9,2.1.2+cu121
20260424_010536,2026-04-24T06:14:21.931430,cpu,full_mlp_capacity_search_hd64_depth4,/home/liangyi/SRS_AI/Model_AIIC_refactor/experiments_refactored/20260422_050408_full_mlp_capacity_search_v2/full_mlp_capacity_search_hd64_depth4,full_mlp_capacity_search_v2,full_mlp_capacity_search_hd64_depth4,supervised_nmse_plateau,full_mlp,12,6,eager,bf16,bfloat16,2,8,ok,,0.0,20,50,0.07906122,0.0071530622373638,0.072795,0.075462,0.0877294,0.09336194999999999,0.09989541999999998,0.102268,25296.85223678562,25.29685223678562,75.462,37.731,3162.1065295982025,15120,14848,30040,sub-physical,0.0625,0.03125,Intel(R) Xeon(R) 6760P,AVX512,"avx2,avx512f,avx512bw,avx512vl,avx512_vnni,avx512_bf16,amx_bf16,amx_int8,amx_tile,fma",True,True,,256,128,sh14l07002s1404,3.11.9,2.1.2+cu121
20260424_010536,2026-04-24T06:14:21.931430,cpu,full_mlp_capacity_search_hd64_depth4,/home/liangyi/SRS_AI/Model_AIIC_refactor/experiments_refactored/20260422_050408_full_mlp_capacity_search_v2/full_mlp_capacity_search_hd64_depth4,full_mlp_capacity_search_v2,full_mlp_capacity_search_hd64_depth4,supervised_nmse_plateau,full_mlp,12,6,eager,bf16,bfloat16,2,128,ok,,0.0,20,50,3.4325908,3.049820108411655,0.163035,5.8438905000000005,6.0057089999999995,6.838988899999995,8.41339489,8.5219,582.6502826960907,0.5826502826960906,5843.8905,2921.94525,4.551955333563209,15120,14848,30040,all-physical,1.0,0.5,Intel(R) Xeon(R) 6760P,AVX512,"avx2,avx512f,avx512bw,avx512vl,avx512_vnni,avx512_bf16,amx_bf16,amx_int8,amx_tile,fma",True,True,,256,128,sh14l07002s1404,3.11.9,2.1.2+cu121
20260424_010536,2026-04-24T06:14:21.931430,cpu,full_mlp_capacity_search_hd64_depth4,/home/liangyi/SRS_AI/Model_AIIC_refactor/experiments_refactored/20260422_050408_full_mlp_capacity_search_v2/full_mlp_capacity_search_hd64_depth4,full_mlp_capacity_search_v2,full_mlp_capacity_search_hd64_depth4,supervised_nmse_plateau,full_mlp,12,6,eager,bf16,bfloat16,4,1,ok,,0.0,20,50,0.09125714,0.022325065440450563,0.078304,0.0864815,0.0981046,0.10876624999999995,0.17876730999999976,0.234961,43832.18671985556,43.832186719855564,86.4815,21.620375,43832.18671985556,15120,14848,30040,single-thread,0.0078125,0.00390625,Intel(R) Xeon(R) 6760P,AVX512,"avx2,avx512f,avx512bw,avx512vl,avx512_vnni,avx512_bf16,amx_bf16,amx_int8,amx_tile,fma",True,True,,256,128,sh14l07002s1404,3.11.9,2.1.2+cu121
20260424_010536,2026-04-24T06:14:21.931430,cpu,full_mlp_capacity_search_hd64_depth4,/home/liangyi/SRS_AI/Model_AIIC_refactor/experiments_refactored/20260422_050408_full_mlp_capacity_search_v2/full_mlp_capacity_search_hd64_depth4,full_mlp_capacity_search_v2,full_mlp_capacity_search_hd64_depth4,supervised_nmse_plateau,full_mlp,12,6,eager,bf16,bfloat16,4,2,ok,,0.0,20,50,0.08704586,0.006490579665977455,0.079816,0.084653,0.0964151,0.0994795,0.10288677,0.103831,45952.788564556664,45.95278856455666,84.653,21.16325,22976.394282278332,15120,14848,30040,sub-physical,0.015625,0.0078125,Intel(R) Xeon(R) 6760P,AVX512,"avx2,avx512f,avx512bw,avx512vl,avx512_vnni,avx512_bf16,amx_bf16,amx_int8,amx_tile,fma",True,True,,256,128,sh14l07002s1404,3.11.9,2.1.2+cu121
20260424_010536,2026-04-24T06:14:21.931430,cpu,full_mlp_capacity_search_hd64_depth4,/home/liangyi/SRS_AI/Model_AIIC_refactor/experiments_refactored/20260422_050408_full_mlp_capacity_search_v2/full_mlp_capacity_search_hd64_depth4,full_mlp_capacity_search_v2,full_mlp_capacity_search_hd64_depth4,supervised_nmse_plateau,full_mlp,12,6,eager,bf16,bfloat16,4,4,ok,,0.0,20,50,0.09182146,0.00507312734793835,0.085788,0.090497,0.0948624,0.10424529999999999,0.10946699999999998,0.111868,43562.801114249334,43.56280111424933,90.497,22.62425,10890.700278562334,15120,14848,30040,sub-physical,0.03125,0.015625,Intel(R) Xeon(R) 6760P,AVX512,"avx2,avx512f,avx512bw,avx512vl,avx512_vnni,avx512_bf16,amx_bf16,amx_int8,amx_tile,fma",True,True,,256,128,sh14l07002s1404,3.11.9,2.1.2+cu121
20260424_010536,2026-04-24T06:14:21.931430,cpu,full_mlp_capacity_search_hd64_depth4,/home/liangyi/SRS_AI/Model_AIIC_refactor/experiments_refactored/20260422_050408_full_mlp_capacity_search_v2/full_mlp_capacity_search_hd64_depth4,full_mlp_capacity_search_v2,full_mlp_capacity_search_hd64_depth4,supervised_nmse_plateau,full_mlp,12,6,eager,bf16,bfloat16,4,8,ok,,0.0,20,50,0.0840363,0.0032123689654210033,0.079961,0.083009,0.0881305,0.0906366,0.09280738999999999,0.094762,47598.4782766495,47.598478276649494,83.009,20.75225,5949.809784581187,15120,14848,30040,sub-physical,0.0625,0.03125,Intel(R) Xeon(R) 6760P,AVX512,"avx2,avx512f,avx512bw,avx512vl,avx512_vnni,avx512_bf16,amx_bf16,amx_int8,amx_tile,fma",True,True,,256,128,sh14l07002s1404,3.11.9,2.1.2+cu121
20260424_010536,2026-04-24T06:14:21.931430,cpu,full_mlp_capacity_search_hd64_depth4,/home/liangyi/SRS_AI/Model_AIIC_refactor/experiments_refactored/20260422_050408_full_mlp_capacity_search_v2/full_mlp_capacity_search_hd64_depth4,full_mlp_capacity_search_v2,full_mlp_capacity_search_hd64_depth4,supervised_nmse_plateau,full_mlp,12,6,eager,bf16,bfloat16,4,128,ok,,0.0,20,50,0.16725598,0.010000976983255186,0.152481,0.1656685,0.175453,0.19009895,0.20129904999999998,0.205099,23915.43788150355,23.91543788150355,165.6685,41.417125,186.83935844924648,15120,14848,30040,all-physical,1.0,0.5,Intel(R) Xeon(R) 6760P,AVX512,"avx2,avx512f,avx512bw,avx512vl,avx512_vnni,avx512_bf16,amx_bf16,amx_int8,amx_tile,fma",True,True,,256,128,sh14l07002s1404,3.11.9,2.1.2+cu121
20260424_010536,2026-04-24T06:14:21.931430,cpu,full_mlp_capacity_search_hd64_depth4,/home/liangyi/SRS_AI/Model_AIIC_refactor/experiments_refactored/20260422_050408_full_mlp_capacity_search_v2/full_mlp_capacity_search_hd64_depth4,full_mlp_capacity_search_v2,full_mlp_capacity_search_hd64_depth4,supervised_nmse_plateau,full_mlp,12,6,eager,bf16,bfloat16,8,1,ok,,0.0,20,50,0.09387236,0.020992338351655825,0.080237,0.0886105,0.09948180000000001,0.10408649999999997,0.18303175999999982,0.227169,85222.10371615244,85.22210371615245,88.6105,11.0763125,85222.10371615244,15120,14848,30040,single-thread,0.0078125,0.00390625,Intel(R) Xeon(R) 6760P,AVX512,"avx2,avx512f,avx512bw,avx512vl,avx512_vnni,avx512_bf16,amx_bf16,amx_int8,amx_tile,fma",True,True,,256,128,sh14l07002s1404,3.11.9,2.1.2+cu121
20260424_010536,2026-04-24T06:14:21.931430,cpu,full_mlp_capacity_search_hd64_depth4,/home/liangyi/SRS_AI/Model_AIIC_refactor/experiments_refactored/20260422_050408_full_mlp_capacity_search_v2/full_mlp_capacity_search_hd64_depth4,full_mlp_capacity_search_v2,full_mlp_capacity_search_hd64_depth4,supervised_nmse_plateau,full_mlp,12,6,eager,bf16,bfloat16,8,2,ok,,0.0,20,50,0.09249796,0.0069466808418409435,0.082533,0.0899195,0.10225240000000001,0.10457255,0.10729869,0.108337,86488.39390620074,86.48839390620074,89.9195,11.2399375,43244.19695310037,15120,14848,30040,sub-physical,0.015625,0.0078125,Intel(R) Xeon(R) 6760P,AVX512,"avx2,avx512f,avx512bw,avx512vl,avx512_vnni,avx512_bf16,amx_bf16,amx_int8,amx_tile,fma",True,True,,256,128,sh14l07002s1404,3.11.9,2.1.2+cu121
20260424_010536,2026-04-24T06:14:21.931430,cpu,full_mlp_capacity_search_hd64_depth4,/home/liangyi/SRS_AI/Model_AIIC_refactor/experiments_refactored/20260422_050408_full_mlp_capacity_search_v2/full_mlp_capacity_search_hd64_depth4,full_mlp_capacity_search_v2,full_mlp_capacity_search_hd64_depth4,supervised_nmse_plateau,full_mlp,12,6,eager,bf16,bfloat16,8,4,ok,,0.0,20,50,0.09797756,0.016988500900503255,0.087573,0.091668,0.1084885,0.11001495,0.15877638999999982,0.204782,81651.34955391826,81.65134955391827,91.668,11.4585,20412.837388479566,15120,14848,30040,sub-physical,0.03125,0.015625,Intel(R) Xeon(R) 6760P,AVX512,"avx2,avx512f,avx512bw,avx512vl,avx512_vnni,avx512_bf16,amx_bf16,amx_int8,amx_tile,fma",True,True,,256,128,sh14l07002s1404,3.11.9,2.1.2+cu121
20260424_010536,2026-04-24T06:14:21.931430,cpu,full_mlp_capacity_search_hd64_depth4,/home/liangyi/SRS_AI/Model_AIIC_refactor/experiments_refactored/20260422_050408_full_mlp_capacity_search_v2/full_mlp_capacity_search_hd64_depth4,full_mlp_capacity_search_v2,full_mlp_capacity_search_hd64_depth4,supervised_nmse_plateau,full_mlp,12,6,eager,bf16,bfloat16,8,8,ok,,0.0,20,50,0.09027478,0.0053514174619067045,0.08372,0.0881865,0.0991971,0.10071295,0.10494832999999999,0.106508,88618.32728919417,88.61832728919417,88.1865,11.0233125,11077.290911149272,15120,14848,30040,sub-physical,0.0625,0.03125,Intel(R) Xeon(R) 6760P,AVX512,"avx2,avx512f,avx512bw,avx512vl,avx512_vnni,avx512_bf16,amx_bf16,amx_int8,amx_tile,fma",True,True,,256,128,sh14l07002s1404,3.11.9,2.1.2+cu121
20260424_010536,2026-04-24T06:14:21.931430,cpu,full_mlp_capacity_search_hd64_depth4,/home/liangyi/SRS_AI/Model_AIIC_refactor/experiments_refactored/20260422_050408_full_mlp_capacity_search_v2/full_mlp_capacity_search_hd64_depth4,full_mlp_capacity_search_v2,full_mlp_capacity_search_hd64_depth4,supervised_nmse_plateau,full_mlp,12,6,eager,bf16,bfloat16,8,128,ok,,0.0,20,50,0.17678526,0.014359426379643445,0.161901,0.17272500000000002,0.19100050000000002,0.19835724999999998,0.23074125999999992,0.252265,45252.64153810109,45.25264153810109,172.72500000000002,21.590625000000003,353.53626201641475,15120,14848,30040,all-physical,1.0,0.5,Intel(R) Xeon(R) 6760P,AVX512,"avx2,avx512f,avx512bw,avx512vl,avx512_vnni,avx512_bf16,amx_bf16,amx_int8,amx_tile,fma",True,True,,256,128,sh14l07002s1404,3.11.9,2.1.2+cu121
20260424_010536,2026-04-24T06:14:21.931430,cpu,full_mlp_capacity_search_hd64_depth4,/home/liangyi/SRS_AI/Model_AIIC_refactor/experiments_refactored/20260422_050408_full_mlp_capacity_search_v2/full_mlp_capacity_search_hd64_depth4,full_mlp_capacity_search_v2,full_mlp_capacity_search_hd64_depth4,supervised_nmse_plateau,full_mlp,12,6,eager,bf16,bfloat16,16,1,ok,,0.0,20,50,0.10132698,0.022695417592536165,0.089928,0.09332850000000001,0.1109528,0.11167144999999999,0.1945372499999998,0.245093,157904.6370473096,157.9046370473096,93.3285,5.83303125,157904.6370473096,15120,14848,30040,single-thread,0.0078125,0.00390625,Intel(R) Xeon(R) 6760P,AVX512,"avx2,avx512f,avx512bw,avx512vl,avx512_vnni,avx512_bf16,amx_bf16,amx_int8,amx_tile,fma",True,True,,256,128,sh14l07002s1404,3.11.9,2.1.2+cu121
20260424_010536,2026-04-24T06:14:21.931430,cpu,full_mlp_capacity_search_hd64_depth4,/home/liangyi/SRS_AI/Model_AIIC_refactor/experiments_refactored/20260422_050408_full_mlp_capacity_search_v2/full_mlp_capacity_search_hd64_depth4,full_mlp_capacity_search_v2,full_mlp_capacity_search_hd64_depth4,supervised_nmse_plateau,full_mlp,12,6,eager,bf16,bfloat16,16,2,ok,,0.0,20,50,0.103406,0.01662870915495247,0.092697,0.097387,0.1134566,0.1161802,0.16355318999999982,0.206658,154729.89961897762,154.7298996189776,97.387,6.0866875,77364.94980948881,15120,14848,30040,sub-physical,0.015625,0.0078125,Intel(R) Xeon(R) 6760P,AVX512,"avx2,avx512f,avx512bw,avx512vl,avx512_vnni,avx512_bf16,amx_bf16,amx_int8,amx_tile,fma",True,True,,256,128,sh14l07002s1404,3.11.9,2.1.2+cu121
20260424_010536,2026-04-24T06:14:21.931430,cpu,full_mlp_capacity_search_hd64_depth4,/home/liangyi/SRS_AI/Model_AIIC_refactor/experiments_refactored/20260422_050408_full_mlp_capacity_search_v2/full_mlp_capacity_search_hd64_depth4,full_mlp_capacity_search_v2,full_mlp_capacity_search_hd64_depth4,supervised_nmse_plateau,full_mlp,12,6,eager,bf16,bfloat16,16,4,ok,,0.0,20,50,0.09704536,0.0071950351792329685,0.088461,0.0938725,0.1084957,0.1093234,0.11277906,0.114056,164871.35500347466,164.87135500347466,93.8725,5.86703125,41217.838750868665,15120,14848,30040,sub-physical,0.03125,0.015625,Intel(R) Xeon(R) 6760P,AVX512,"avx2,avx512f,avx512bw,avx512vl,avx512_vnni,avx512_bf16,amx_bf16,amx_int8,amx_tile,fma",True,True,,256,128,sh14l07002s1404,3.11.9,2.1.2+cu121
20260424_010536,2026-04-24T06:14:21.931430,cpu,full_mlp_capacity_search_hd64_depth4,/home/liangyi/SRS_AI/Model_AIIC_refactor/experiments_refactored/20260422_050408_full_mlp_capacity_search_v2/full_mlp_capacity_search_hd64_depth4,full_mlp_capacity_search_v2,full_mlp_capacity_search_hd64_depth4,supervised_nmse_plateau,full_mlp,12,6,eager,bf16,bfloat16,16,8,ok,,0.0,20,50,0.10378448,0.01696784857692925,0.091693,0.098788,0.11436760000000001,0.1205258,0.16705878999999985,0.205636,154165.6324722155,154.16563247221552,98.788,6.17425,19270.70405902694,15120,14848,30040,sub-physical,0.0625,0.03125,Intel(R) Xeon(R) 6760P,AVX512,"avx2,avx512f,avx512bw,avx512vl,avx512_vnni,avx512_bf16,amx_bf16,amx_int8,amx_tile,fma",True,True,,256,128,sh14l07002s1404,3.11.9,2.1.2+cu121
20260424_010536,2026-04-24T06:14:21.931430,cpu,full_mlp_capacity_search_hd64_depth4,/home/liangyi/SRS_AI/Model_AIIC_refactor/experiments_refactored/20260422_050408_full_mlp_capacity_search_v2/full_mlp_capacity_search_hd64_depth4,full_mlp_capacity_search_v2,full_mlp_capacity_search_hd64_depth4,supervised_nmse_plateau,full_mlp,12,6,eager,bf16,bfloat16,16,128,ok,,0.0,20,50,0.2296726,0.03710331614290022,0.186576,0.21354099999999998,0.2826143,0.2875353,0.30127411,0.305567,69664.38312624145,69.66438312624145,213.54099999999997,13.346312499999998,544.2529931737613,15120,14848,30040,all-physical,1.0,0.5,Intel(R) Xeon(R) 6760P,AVX512,"avx2,avx512f,avx512bw,avx512vl,avx512_vnni,avx512_bf16,amx_bf16,amx_int8,amx_tile,fma",True,True,,256,128,sh14l07002s1404,3.11.9,2.1.2+cu121
20260424_010536,2026-04-24T06:14:21.931430,cpu,full_mlp_capacity_search_hd64_depth4,/home/liangyi/SRS_AI/Model_AIIC_refactor/experiments_refactored/20260422_050408_full_mlp_capacity_search_v2/full_mlp_capacity_search_hd64_depth4,full_mlp_capacity_search_v2,full_mlp_capacity_search_hd64_depth4,supervised_nmse_plateau,full_mlp,12,6,eager,bf16,bfloat16,32,1,ok,,0.0,20,50,0.09408912,0.007742592539040138,0.085555,0.08934500000000001,0.1047489,0.10628014999999999,0.10717097,0.107243,340103.0852451378,340.1030852451378,89.34500000000001,2.7920312500000004,340103.0852451378,15120,14848,30040,single-thread,0.0078125,0.00390625,Intel(R) Xeon(R) 6760P,AVX512,"avx2,avx512f,avx512bw,avx512vl,avx512_vnni,avx512_bf16,amx_bf16,amx_int8,amx_tile,fma",True,True,,256,128,sh14l07002s1404,3.11.9,2.1.2+cu121
20260424_010536,2026-04-24T06:14:21.931430,cpu,full_mlp_capacity_search_hd64_depth4,/home/liangyi/SRS_AI/Model_AIIC_refactor/experiments_refactored/20260422_050408_full_mlp_capacity_search_v2/full_mlp_capacity_search_hd64_depth4,full_mlp_capacity_search_v2,full_mlp_capacity_search_hd64_depth4,supervised_nmse_plateau,full_mlp,12,6,eager,bf16,bfloat16,32,2,ok,,0.0,20,50,0.1026117,0.007533416237670663,0.090604,0.0995095,0.11295799999999999,0.11433405,0.11691895999999999,0.118926,311855.2757629003,311.8552757629003,99.5095,3.109671875,155927.63788145015,15120,14848,30040,sub-physical,0.015625,0.0078125,Intel(R) Xeon(R) 6760P,AVX512,"avx2,avx512f,avx512bw,avx512vl,avx512_vnni,avx512_bf16,amx_bf16,amx_int8,amx_tile,fma",True,True,,256,128,sh14l07002s1404,3.11.9,2.1.2+cu121
20260424_010536,2026-04-24T06:14:21.931430,cpu,full_mlp_capacity_search_hd64_depth4,/home/liangyi/SRS_AI/Model_AIIC_refactor/experiments_refactored/20260422_050408_full_mlp_capacity_search_v2/full_mlp_capacity_search_hd64_depth4,full_mlp_capacity_search_v2,full_mlp_capacity_search_hd64_depth4,supervised_nmse_plateau,full_mlp,12,6,eager,bf16,bfloat16,32,4,ok,,0.0,20,50,0.1153513,0.022018953448563354,0.101478,0.110018,0.1247424,0.13245839999999998,0.2036984499999998,0.252353,277413.4318382194,277.4134318382194,110.018,3.4380625,69353.35795955485,15120,14848,30040,sub-physical,0.03125,0.015625,Intel(R) Xeon(R) 6760P,AVX512,"avx2,avx512f,avx512bw,avx512vl,avx512_vnni,avx512_bf16,amx_bf16,amx_int8,amx_tile,fma",True,True,,256,128,sh14l07002s1404,3.11.9,2.1.2+cu121
20260424_010536,2026-04-24T06:14:21.931430,cpu,full_mlp_capacity_search_hd64_depth4,/home/liangyi/SRS_AI/Model_AIIC_refactor/experiments_refactored/20260422_050408_full_mlp_capacity_search_v2/full_mlp_capacity_search_hd64_depth4,full_mlp_capacity_search_v2,full_mlp_capacity_search_hd64_depth4,supervised_nmse_plateau,full_mlp,12,6,eager,bf16,bfloat16,32,8,ok,,0.0,20,50,0.10965476,0.009119670354919635,0.09729,0.1059235,0.1223735,0.12799064999999998,0.13703757,0.143019,291824.996926718,291.824996926718,105.9235,3.310109375,36478.12461583975,15120,14848,30040,sub-physical,0.0625,0.03125,Intel(R) Xeon(R) 6760P,AVX512,"avx2,avx512f,avx512bw,avx512vl,avx512_vnni,avx512_bf16,amx_bf16,amx_int8,amx_tile,fma",True,True,,256,128,sh14l07002s1404,3.11.9,2.1.2+cu121
20260424_010536,2026-04-24T06:14:21.931430,cpu,full_mlp_capacity_search_hd64_depth4,/home/liangyi/SRS_AI/Model_AIIC_refactor/experiments_refactored/20260422_050408_full_mlp_capacity_search_v2/full_mlp_capacity_search_hd64_depth4,full_mlp_capacity_search_v2,full_mlp_capacity_search_hd64_depth4,supervised_nmse_plateau,full_mlp,12,6,eager,bf16,bfloat16,32,128,ok,,0.0,20,50,0.19526144,0.03323978385378581,0.16639,0.1858325,0.21662,0.28103124999999984,0.31696853999999997,0.328069,163882.84343288667,163.88284343288666,185.8325,5.807265625,1280.3347143194271,15120,14848,30040,all-physical,1.0,0.5,Intel(R) Xeon(R) 6760P,AVX512,"avx2,avx512f,avx512bw,avx512vl,avx512_vnni,avx512_bf16,amx_bf16,amx_int8,amx_tile,fma",True,True,,256,128,sh14l07002s1404,3.11.9,2.1.2+cu121
20260424_010536,2026-04-24T06:14:21.931430,cpu,full_mlp_capacity_search_hd64_depth4,/home/liangyi/SRS_AI/Model_AIIC_refactor/experiments_refactored/20260422_050408_full_mlp_capacity_search_v2/full_mlp_capacity_search_hd64_depth4,full_mlp_capacity_search_v2,full_mlp_capacity_search_hd64_depth4,supervised_nmse_plateau,full_mlp,12,6,eager,bf16,bfloat16,64,1,ok,,0.0,20,50,0.10505489999999999,0.014909372504904421,0.095993,0.100117,0.11424630000000001,0.11737434999999999,0.16111703999999985,0.196007,609205.2821905499,609.2052821905498,100.117,1.564328125,609205.2821905499,15120,14848,30040,single-thread,0.0078125,0.00390625,Intel(R) Xeon(R) 6760P,AVX512,"avx2,avx512f,avx512bw,avx512vl,avx512_vnni,avx512_bf16,amx_bf16,amx_int8,amx_tile,fma",True,True,,256,128,sh14l07002s1404,3.11.9,2.1.2+cu121
20260424_010536,2026-04-24T06:14:21.931430,cpu,full_mlp_capacity_search_hd64_depth4,/home/liangyi/SRS_AI/Model_AIIC_refactor/experiments_refactored/20260422_050408_full_mlp_capacity_search_v2/full_mlp_capacity_search_hd64_depth4,full_mlp_capacity_search_v2,full_mlp_capacity_search_hd64_depth4,supervised_nmse_plateau,full_mlp,12,6,eager,bf16,bfloat16,64,2,ok,,0.0,20,50,0.13506262,0.013633703885430401,0.120005,0.1330045,0.1453985,0.14919749999999998,0.18200764999999988,0.209945,473854.2758906943,473.8542758906943,133.0045,2.0781953125,236927.13794534715,15120,14848,30040,sub-physical,0.015625,0.0078125,Intel(R) Xeon(R) 6760P,AVX512,"avx2,avx512f,avx512bw,avx512vl,avx512_vnni,avx512_bf16,amx_bf16,amx_int8,amx_tile,fma",True,True,,256,128,sh14l07002s1404,3.11.9,2.1.2+cu121
20260424_010536,2026-04-24T06:14:21.931430,cpu,full_mlp_capacity_search_hd64_depth4,/home/liangyi/SRS_AI/Model_AIIC_refactor/experiments_refactored/20260422_050408_full_mlp_capacity_search_v2/full_mlp_capacity_search_hd64_depth4,full_mlp_capacity_search_v2,full_mlp_capacity_search_hd64_depth4,supervised_nmse_plateau,full_mlp,12,6,eager,bf16,bfloat16,64,4,ok,,0.0,20,50,0.14210144,0.01876254858611697,0.125843,0.1364415,0.1548121,0.15972869999999997,0.21042362999999983,0.254481,450382.48732736276,450.38248732736275,136.4415,2.1318984375,112595.62183184069,15120,14848,30040,sub-physical,0.03125,0.015625,Intel(R) Xeon(R) 6760P,AVX512,"avx2,avx512f,avx512bw,avx512vl,avx512_vnni,avx512_bf16,amx_bf16,amx_int8,amx_tile,fma",True,True,,256,128,sh14l07002s1404,3.11.9,2.1.2+cu121
20260424_010536,2026-04-24T06:14:21.931430,cpu,full_mlp_capacity_search_hd64_depth4,/home/liangyi/SRS_AI/Model_AIIC_refactor/experiments_refactored/20260422_050408_full_mlp_capacity_search_v2/full_mlp_capacity_search_hd64_depth4,full_mlp_capacity_search_v2,full_mlp_capacity_search_hd64_depth4,supervised_nmse_plateau,full_mlp,12,6,eager,bf16,bfloat16,64,8,ok,,0.0,20,50,0.14055498,0.01842482854138947,0.124477,0.135379,0.1556131,0.165732,0.21152060999999986,0.244993,455337.8329248811,455.33783292488107,135.379,2.115296875,56917.229115610135,15120,14848,30040,sub-physical,0.0625,0.03125,Intel(R) Xeon(R) 6760P,AVX512,"avx2,avx512f,avx512bw,avx512vl,avx512_vnni,avx512_bf16,amx_bf16,amx_int8,amx_tile,fma",True,True,,256,128,sh14l07002s1404,3.11.9,2.1.2+cu121
20260424_010536,2026-04-24T06:14:21.931430,cpu,full_mlp_capacity_search_hd64_depth4,/home/liangyi/SRS_AI/Model_AIIC_refactor/experiments_refactored/20260422_050408_full_mlp_capacity_search_v2/full_mlp_capacity_search_hd64_depth4,full_mlp_capacity_search_v2,full_mlp_capacity_search_hd64_depth4,supervised_nmse_plateau,full_mlp,12,6,eager,bf16,bfloat16,64,128,ok,,0.0,20,50,0.32241558,0.013621042035160158,0.299014,0.320598,0.3417306,0.34606499999999996,0.35060473999999997,0.352699,198501.57365224103,198.50157365224104,320.598,5.00934375,1550.793544158133,15120,14848,30040,all-physical,1.0,0.5,Intel(R) Xeon(R) 6760P,AVX512,"avx2,avx512f,avx512bw,avx512vl,avx512_vnni,avx512_bf16,amx_bf16,amx_int8,amx_tile,fma",True,True,,256,128,sh14l07002s1404,3.11.9,2.1.2+cu121
20260424_010536,2026-04-24T06:14:21.931430,cpu,full_mlp_capacity_search_hd64_depth4,/home/liangyi/SRS_AI/Model_AIIC_refactor/experiments_refactored/20260422_050408_full_mlp_capacity_search_v2/full_mlp_capacity_search_hd64_depth4,full_mlp_capacity_search_v2,full_mlp_capacity_search_hd64_depth4,supervised_nmse_plateau,full_mlp,12,6,eager,bf16,bfloat16,128,1,ok,,0.0,20,50,0.13578199999999999,0.02616145513919285,0.119735,0.129128,0.1467124,0.1546279,0.23183828999999967,0.304789,942687.5432678855,942.6875432678854,129.128,1.0088125,942687.5432678855,15120,14848,30040,single-thread,0.0078125,0.00390625,Intel(R) Xeon(R) 6760P,AVX512,"avx2,avx512f,avx512bw,avx512vl,avx512_vnni,avx512_bf16,amx_bf16,amx_int8,amx_tile,fma",True,True,,256,128,sh14l07002s1404,3.11.9,2.1.2+cu121
20260424_010536,2026-04-24T06:14:21.931430,cpu,full_mlp_capacity_search_hd64_depth4,/home/liangyi/SRS_AI/Model_AIIC_refactor/experiments_refactored/20260422_050408_full_mlp_capacity_search_v2/full_mlp_capacity_search_hd64_depth4,full_mlp_capacity_search_v2,full_mlp_capacity_search_hd64_depth4,supervised_nmse_plateau,full_mlp,12,6,eager,bf16,bfloat16,128,2,ok,,0.0,20,50,0.17559316,0.023170272877426366,0.155586,0.1716585,0.1894375,0.19589594999999999,0.26088392999999976,0.314413,728957.7794488122,728.9577794488123,171.6585,1.34108203125,364478.8897244061,15120,14848,30040,sub-physical,0.015625,0.0078125,Intel(R) Xeon(R) 6760P,AVX512,"avx2,avx512f,avx512bw,avx512vl,avx512_vnni,avx512_bf16,amx_bf16,amx_int8,amx_tile,fma",True,True,,256,128,sh14l07002s1404,3.11.9,2.1.2+cu121
20260424_010536,2026-04-24T06:14:21.931430,cpu,full_mlp_capacity_search_hd64_depth4,/home/liangyi/SRS_AI/Model_AIIC_refactor/experiments_refactored/20260422_050408_full_mlp_capacity_search_v2/full_mlp_capacity_search_hd64_depth4,full_mlp_capacity_search_v2,full_mlp_capacity_search_hd64_depth4,supervised_nmse_plateau,full_mlp,12,6,eager,bf16,bfloat16,128,4,ok,,0.0,20,50,0.18363084,0.009968746270940996,0.170783,0.1809425,0.2007659,0.20153925,0.20639863,0.208953,697050.6697023225,697.0506697023225,180.9425,1.41361328125,174262.6674255806,15120,14848,30040,sub-physical,0.03125,0.015625,Intel(R) Xeon(R) 6760P,AVX512,"avx2,avx512f,avx512bw,avx512vl,avx512_vnni,avx512_bf16,amx_bf16,amx_int8,amx_tile,fma",True,True,,256,128,sh14l07002s1404,3.11.9,2.1.2+cu121
20260424_010536,2026-04-24T06:14:21.931430,cpu,full_mlp_capacity_search_hd64_depth4,/home/liangyi/SRS_AI/Model_AIIC_refactor/experiments_refactored/20260422_050408_full_mlp_capacity_search_v2/full_mlp_capacity_search_hd64_depth4,full_mlp_capacity_search_v2,full_mlp_capacity_search_hd64_depth4,supervised_nmse_plateau,full_mlp,12,6,eager,bf16,bfloat16,128,8,ok,,0.0,20,50,0.17212548,0.009000970332669696,0.157624,0.170672,0.1809599,0.18753099999999998,0.20111063999999998,0.210256,743643.5326135329,743.6435326135329,170.672,1.333375,92955.4415766916,15120,14848,30040,sub-physical,0.0625,0.03125,Intel(R) Xeon(R) 6760P,AVX512,"avx2,avx512f,avx512bw,avx512vl,avx512_vnni,avx512_bf16,amx_bf16,amx_int8,amx_tile,fma",True,True,,256,128,sh14l07002s1404,3.11.9,2.1.2+cu121
20260424_010536,2026-04-24T06:14:21.931430,cpu,full_mlp_capacity_search_hd64_depth4,/home/liangyi/SRS_AI/Model_AIIC_refactor/experiments_refactored/20260422_050408_full_mlp_capacity_search_v2/full_mlp_capacity_search_hd64_depth4,full_mlp_capacity_search_v2,full_mlp_capacity_search_hd64_depth4,supervised_nmse_plateau,full_mlp,12,6,eager,bf16,bfloat16,128,128,ok,,0.0,20,50,0.57625272,0.022516817625090807,0.505759,0.576442,0.6024976000000001,0.6075499,0.61738547,0.621255,222124.76498158654,222.12476498158654,576.442,4.503453125,1735.3497264186449,15120,14848,30040,all-physical,1.0,0.5,Intel(R) Xeon(R) 6760P,AVX512,"avx2,avx512f,avx512bw,avx512vl,avx512_vnni,avx512_bf16,amx_bf16,amx_int8,amx_tile,fma",True,True,,256,128,sh14l07002s1404,3.11.9,2.1.2+cu121
20260424_010536,2026-04-24T06:14:21.931430,cpu,full_mlp_capacity_search_hd64_depth4,/home/liangyi/SRS_AI/Model_AIIC_refactor/experiments_refactored/20260422_050408_full_mlp_capacity_search_v2/full_mlp_capacity_search_hd64_depth4,full_mlp_capacity_search_v2,full_mlp_capacity_search_hd64_depth4,supervised_nmse_plateau,full_mlp,12,6,jit,fp32,float32,1,1,ok,,50.08875,20,50,0.02236214,0.0010363527779670397,0.021453,0.021985499999999998,0.0235144,0.024170550000000002,0.026065859999999996,0.026843,44718.439290694005,44.71843929069401,21.9855,21.9855,44718.439290694005,15120,14848,30040,single-thread,0.0078125,0.00390625,Intel(R) Xeon(R) 6760P,AVX512,"avx2,avx512f,avx512bw,avx512vl,avx512_vnni,avx512_bf16,amx_bf16,amx_int8,amx_tile,fma",True,True,,256,128,sh14l07002s1404,3.11.9,2.1.2+cu121
20260424_010536,2026-04-24T06:14:21.931430,cpu,full_mlp_capacity_search_hd64_depth4,/home/liangyi/SRS_AI/Model_AIIC_refactor/experiments_refactored/20260422_050408_full_mlp_capacity_search_v2/full_mlp_capacity_search_hd64_depth4,full_mlp_capacity_search_v2,full_mlp_capacity_search_hd64_depth4,supervised_nmse_plateau,full_mlp,12,6,jit,fp32,float32,1,2,ok,,49.098601,20,50,0.02144912,0.00068105267461482,0.020112,0.02173,0.0222212,0.02232855,0.02255752,0.022681,46621.95931581342,46.62195931581342,21.73,21.73,23310.97965790671,15120,14848,30040,sub-physical,0.015625,0.0078125,Intel(R) Xeon(R) 6760P,AVX512,"avx2,avx512f,avx512bw,avx512vl,avx512_vnni,avx512_bf16,amx_bf16,amx_int8,amx_tile,fma",True,True,,256,128,sh14l07002s1404,3.11.9,2.1.2+cu121
20260424_010536,2026-04-24T06:14:21.931430,cpu,full_mlp_capacity_search_hd64_depth4,/home/liangyi/SRS_AI/Model_AIIC_refactor/experiments_refactored/20260422_050408_full_mlp_capacity_search_v2/full_mlp_capacity_search_hd64_depth4,full_mlp_capacity_search_v2,full_mlp_capacity_search_hd64_depth4,supervised_nmse_plateau,full_mlp,12,6,jit,fp32,float32,1,4,ok,,49.569641,20,50,0.0217741,0.0006570933647511592,0.020643,0.021991999999999998,0.0224975,0.0226052,0.022830709999999997,0.023037,45926.123238159096,45.92612323815909,21.991999999999997,21.991999999999997,11481.530809539774,15120,14848,30040,sub-physical,0.03125,0.015625,Intel(R) Xeon(R) 6760P,AVX512,"avx2,avx512f,avx512bw,avx512vl,avx512_vnni,avx512_bf16,amx_bf16,amx_int8,amx_tile,fma",True,True,,256,128,sh14l07002s1404,3.11.9,2.1.2+cu121
20260424_010536,2026-04-24T06:14:21.931430,cpu,full_mlp_capacity_search_hd64_depth4,/home/liangyi/SRS_AI/Model_AIIC_refactor/experiments_refactored/20260422_050408_full_mlp_capacity_search_v2/full_mlp_capacity_search_hd64_depth4,full_mlp_capacity_search_v2,full_mlp_capacity_search_hd64_depth4,supervised_nmse_plateau,full_mlp,12,6,jit,fp32,float32,1,8,ok,,48.453876,20,50,0.02273624,0.0007140753898574017,0.021486,0.022673,0.023027699999999998,0.0231726,0.02588638,0.025905,43982.64620711252,43.98264620711252,22.673,22.673,5497.830775889065,15120,14848,30040,sub-physical,0.0625,0.03125,Intel(R) Xeon(R) 6760P,AVX512,"avx2,avx512f,avx512bw,avx512vl,avx512_vnni,avx512_bf16,amx_bf16,amx_int8,amx_tile,fma",True,True,,256,128,sh14l07002s1404,3.11.9,2.1.2+cu121
20260424_010536,2026-04-24T06:14:21.931430,cpu,full_mlp_capacity_search_hd64_depth4,/home/liangyi/SRS_AI/Model_AIIC_refactor/experiments_refactored/20260422_050408_full_mlp_capacity_search_v2/full_mlp_capacity_search_hd64_depth4,full_mlp_capacity_search_v2,full_mlp_capacity_search_hd64_depth4,supervised_nmse_plateau,full_mlp,12,6,jit,fp32,float32,1,128,ok,,56.315425,20,50,0.02189316,0.0008905512755591337,0.02011,0.021665999999999998,0.0231981,0.023798149999999997,0.024694469999999996,0.025183,45676.36649985658,45.67636649985658,21.665999999999997,21.665999999999997,356.84661328012953,15120,14848,30040,all-physical,1.0,0.5,Intel(R) Xeon(R) 6760P,AVX512,"avx2,avx512f,avx512bw,avx512vl,avx512_vnni,avx512_bf16,amx_bf16,amx_int8,amx_tile,fma",True,True,,256,128,sh14l07002s1404,3.11.9,2.1.2+cu121
20260424_010536,2026-04-24T06:14:21.931430,cpu,full_mlp_capacity_search_hd64_depth4,/home/liangyi/SRS_AI/Model_AIIC_refactor/experiments_refactored/20260422_050408_full_mlp_capacity_search_v2/full_mlp_capacity_search_hd64_depth4,full_mlp_capacity_search_v2,full_mlp_capacity_search_hd64_depth4,supervised_nmse_plateau,full_mlp,12,6,jit,fp32,float32,2,1,ok,,49.764616,20,50,0.02390008,0.0009205257158819627,0.022283,0.0237325,0.0242168,0.02451275,0.028000889999999997,0.028853,83681.72826199744,83.68172826199745,23.7325,11.86625,83681.72826199744,15120,14848,30040,single-thread,0.0078125,0.00390625,Intel(R) Xeon(R) 6760P,AVX512,"avx2,avx512f,avx512bw,avx512vl,avx512_vnni,avx512_bf16,amx_bf16,amx_int8,amx_tile,fma",True,True,,256,128,sh14l07002s1404,3.11.9,2.1.2+cu121
20260424_010536,2026-04-24T06:14:21.931430,cpu,full_mlp_capacity_search_hd64_depth4,/home/liangyi/SRS_AI/Model_AIIC_refactor/experiments_refactored/20260422_050408_full_mlp_capacity_search_v2/full_mlp_capacity_search_hd64_depth4,full_mlp_capacity_search_v2,full_mlp_capacity_search_hd64_depth4,supervised_nmse_plateau,full_mlp,12,6,jit,fp32,float32,2,2,ok,,48.311647,20,50,0.02280298,0.000823680799581974,0.021662,0.023127500000000002,0.0235546,0.0237799,0.024854619999999997,0.025571,87707.83467774825,87.70783467774825,23.1275,11.56375,43853.917338874126,15120,14848,30040,sub-physical,0.015625,0.0078125,Intel(R) Xeon(R) 6760P,AVX512,"avx2,avx512f,avx512bw,avx512vl,avx512_vnni,avx512_bf16,amx_bf16,amx_int8,amx_tile,fma",True,True,,256,128,sh14l07002s1404,3.11.9,2.1.2+cu121
20260424_010536,2026-04-24T06:14:21.931430,cpu,full_mlp_capacity_search_hd64_depth4,/home/liangyi/SRS_AI/Model_AIIC_refactor/experiments_refactored/20260422_050408_full_mlp_capacity_search_v2/full_mlp_capacity_search_hd64_depth4,full_mlp_capacity_search_v2,full_mlp_capacity_search_hd64_depth4,supervised_nmse_plateau,full_mlp,12,6,jit,fp32,float32,2,4,ok,,48.300232,20,50,0.02437548,0.001301152907847498,0.021723,0.023786,0.026475000000000002,0.02686345,0.027979189999999994,0.029042,82049.66630400713,82.04966630400713,23.786,11.893,20512.416576001782,15120,14848,30040,sub-physical,0.03125,0.015625,Intel(R) Xeon(R) 6760P,AVX512,"avx2,avx512f,avx512bw,avx512vl,avx512_vnni,avx512_bf16,amx_bf16,amx_int8,amx_tile,fma",True,True,,256,128,sh14l07002s1404,3.11.9,2.1.2+cu121
20260424_010536,2026-04-24T06:14:21.931430,cpu,full_mlp_capacity_search_hd64_depth4,/home/liangyi/SRS_AI/Model_AIIC_refactor/experiments_refactored/20260422_050408_full_mlp_capacity_search_v2/full_mlp_capacity_search_hd64_depth4,full_mlp_capacity_search_v2,full_mlp_capacity_search_hd64_depth4,supervised_nmse_plateau,full_mlp,12,6,jit,fp32,float32,2,8,ok,,48.748504,20,50,0.0237,0.0011579422092660755,0.02233,0.0237525,0.0243509,0.02441755,0.027633739999999987,0.030708,84388.18565400844,84.38818565400844,23.752499999999998,11.876249999999999,10548.523206751055,15120,14848,30040,sub-physical,0.0625,0.03125,Intel(R) Xeon(R) 6760P,AVX512,"avx2,avx512f,avx512bw,avx512vl,avx512_vnni,avx512_bf16,amx_bf16,amx_int8,amx_tile,fma",True,True,,256,128,sh14l07002s1404,3.11.9,2.1.2+cu121
20260424_010536,2026-04-24T06:14:21.931430,cpu,full_mlp_capacity_search_hd64_depth4,/home/liangyi/SRS_AI/Model_AIIC_refactor/experiments_refactored/20260422_050408_full_mlp_capacity_search_v2/full_mlp_capacity_search_hd64_depth4,full_mlp_capacity_search_v2,full_mlp_capacity_search_hd64_depth4,supervised_nmse_plateau,full_mlp,12,6,jit,fp32,float32,2,128,ok,,50.535858,20,50,0.02327638,0.001450962506614144,0.022022,0.023432500000000002,0.0239512,0.02412095,0.028356209999999982,0.032262,85924.01395749683,85.92401395749684,23.4325,11.71625,671.281359042944,15120,14848,30040,all-physical,1.0,0.5,Intel(R) Xeon(R) 6760P,AVX512,"avx2,avx512f,avx512bw,avx512vl,avx512_vnni,avx512_bf16,amx_bf16,amx_int8,amx_tile,fma",True,True,,256,128,sh14l07002s1404,3.11.9,2.1.2+cu121
20260424_010536,2026-04-24T06:14:21.931430,cpu,full_mlp_capacity_search_hd64_depth4,/home/liangyi/SRS_AI/Model_AIIC_refactor/experiments_refactored/20260422_050408_full_mlp_capacity_search_v2/full_mlp_capacity_search_hd64_depth4,full_mlp_capacity_search_v2,full_mlp_capacity_search_hd64_depth4,supervised_nmse_plateau,full_mlp,12,6,jit,fp32,float32,4,1,ok,,48.219829,20,50,0.02365416,0.0007112652489753734,0.022583,0.023848,0.024352,0.024551649999999998,0.025570869999999996,0.026128,169103.4473428775,169.1034473428775,23.848000000000003,5.962000000000001,169103.4473428775,15120,14848,30040,single-thread,0.0078125,0.00390625,Intel(R) Xeon(R) 6760P,AVX512,"avx2,avx512f,avx512bw,avx512vl,avx512_vnni,avx512_bf16,amx_bf16,amx_int8,amx_tile,fma",True,True,,256,128,sh14l07002s1404,3.11.9,2.1.2+cu121
20260424_010536,2026-04-24T06:14:21.931430,cpu,full_mlp_capacity_search_hd64_depth4,/home/liangyi/SRS_AI/Model_AIIC_refactor/experiments_refactored/20260422_050408_full_mlp_capacity_search_v2/full_mlp_capacity_search_hd64_depth4,full_mlp_capacity_search_v2,full_mlp_capacity_search_hd64_depth4,supervised_nmse_plateau,full_mlp,12,6,jit,fp32,float32,4,2,ok,,49.929598,20,50,0.0245737,0.0011679028255809642,0.022198,0.024115499999999998,0.025684100000000005,0.02735215,0.02794776,0.028083,162775.6503904581,162.77565039045808,24.115499999999997,6.028874999999999,81387.82519522904,15120,14848,30040,sub-physical,0.015625,0.0078125,Intel(R) Xeon(R) 6760P,AVX512,"avx2,avx512f,avx512bw,avx512vl,avx512_vnni,avx512_bf16,amx_bf16,amx_int8,amx_tile,fma",True,True,,256,128,sh14l07002s1404,3.11.9,2.1.2+cu121
20260424_010536,2026-04-24T06:14:21.931430,cpu,full_mlp_capacity_search_hd64_depth4,/home/liangyi/SRS_AI/Model_AIIC_refactor/experiments_refactored/20260422_050408_full_mlp_capacity_search_v2/full_mlp_capacity_search_hd64_depth4,full_mlp_capacity_search_v2,full_mlp_capacity_search_hd64_depth4,supervised_nmse_plateau,full_mlp,12,6,jit,fp32,float32,4,4,ok,,48.291001,20,50,0.0241801,0.0012143479773112811,0.022407,0.0238225,0.025240500000000003,0.02645405,0.028978369999999996,0.029707,165425.28773660987,165.42528773660987,23.8225,5.955625,41356.32193415247,15120,14848,30040,sub-physical,0.03125,0.015625,Intel(R) Xeon(R) 6760P,AVX512,"avx2,avx512f,avx512bw,avx512vl,avx512_vnni,avx512_bf16,amx_bf16,amx_int8,amx_tile,fma",True,True,,256,128,sh14l07002s1404,3.11.9,2.1.2+cu121
20260424_010536,2026-04-24T06:14:21.931430,cpu,full_mlp_capacity_search_hd64_depth4,/home/liangyi/SRS_AI/Model_AIIC_refactor/experiments_refactored/20260422_050408_full_mlp_capacity_search_v2/full_mlp_capacity_search_hd64_depth4,full_mlp_capacity_search_v2,full_mlp_capacity_search_hd64_depth4,supervised_nmse_plateau,full_mlp,12,6,jit,fp32,float32,4,8,ok,,50.139434,20,50,0.02424334,0.0007744223553074896,0.023491,0.0238945,0.025398900000000002,0.025595049999999998,0.02641151,0.026657,164993.76736043798,164.99376736043797,23.8945,5.973625,20624.220920054748,15120,14848,30040,sub-physical,0.0625,0.03125,Intel(R) Xeon(R) 6760P,AVX512,"avx2,avx512f,avx512bw,avx512vl,avx512_vnni,avx512_bf16,amx_bf16,amx_int8,amx_tile,fma",True,True,,256,128,sh14l07002s1404,3.11.9,2.1.2+cu121
20260424_010536,2026-04-24T06:14:21.931430,cpu,full_mlp_capacity_search_hd64_depth4,/home/liangyi/SRS_AI/Model_AIIC_refactor/experiments_refactored/20260422_050408_full_mlp_capacity_search_v2/full_mlp_capacity_search_hd64_depth4,full_mlp_capacity_search_v2,full_mlp_capacity_search_hd64_depth4,supervised_nmse_plateau,full_mlp,12,6,jit,fp32,float32,4,128,ok,,55.134312,20,50,0.02423104,0.0010773778345594454,0.023365,0.023904,0.025388499999999998,0.025768549999999998,0.028293319999999993,0.029926,165077.52040358153,165.07752040358153,23.904,5.976,1289.6681281529807,15120,14848,30040,all-physical,1.0,0.5,Intel(R) Xeon(R) 6760P,AVX512,"avx2,avx512f,avx512bw,avx512vl,avx512_vnni,avx512_bf16,amx_bf16,amx_int8,amx_tile,fma",True,True,,256,128,sh14l07002s1404,3.11.9,2.1.2+cu121
20260424_010536,2026-04-24T06:14:21.931430,cpu,full_mlp_capacity_search_hd64_depth4,/home/liangyi/SRS_AI/Model_AIIC_refactor/experiments_refactored/20260422_050408_full_mlp_capacity_search_v2/full_mlp_capacity_search_hd64_depth4,full_mlp_capacity_search_v2,full_mlp_capacity_search_hd64_depth4,supervised_nmse_plateau,full_mlp,12,6,jit,fp32,float32,8,1,ok,,49.231048,20,50,0.02656902,0.0028981656025148044,0.023676,0.0252875,0.0323588,0.03311705,0.03376027,0.033847,301102.5623075296,301.10256230752964,25.2875,3.1609375,301102.5623075296,15120,14848,30040,single-thread,0.0078125,0.00390625,Intel(R) Xeon(R) 6760P,AVX512,"avx2,avx512f,avx512bw,avx512vl,avx512_vnni,avx512_bf16,amx_bf16,amx_int8,amx_tile,fma",True,True,,256,128,sh14l07002s1404,3.11.9,2.1.2+cu121
20260424_010536,2026-04-24T06:14:21.931430,cpu,full_mlp_capacity_search_hd64_depth4,/home/liangyi/SRS_AI/Model_AIIC_refactor/experiments_refactored/20260422_050408_full_mlp_capacity_search_v2/full_mlp_capacity_search_hd64_depth4,full_mlp_capacity_search_v2,full_mlp_capacity_search_hd64_depth4,supervised_nmse_plateau,full_mlp,12,6,jit,fp32,float32,8,2,ok,,49.936633,20,50,0.02650882,0.0027462652726202544,0.023915,0.025431500000000003,0.0325176,0.03283085,0.03407585,0.034436,301786.3488454032,301.78634884540315,25.431500000000003,3.1789375000000004,150893.1744227016,15120,14848,30040,sub-physical,0.015625,0.0078125,Intel(R) Xeon(R) 6760P,AVX512,"avx2,avx512f,avx512bw,avx512vl,avx512_vnni,avx512_bf16,amx_bf16,amx_int8,amx_tile,fma",True,True,,256,128,sh14l07002s1404,3.11.9,2.1.2+cu121
20260424_010536,2026-04-24T06:14:21.931430,cpu,full_mlp_capacity_search_hd64_depth4,/home/liangyi/SRS_AI/Model_AIIC_refactor/experiments_refactored/20260422_050408_full_mlp_capacity_search_v2/full_mlp_capacity_search_hd64_depth4,full_mlp_capacity_search_v2,full_mlp_capacity_search_hd64_depth4,supervised_nmse_plateau,full_mlp,12,6,jit,fp32,float32,8,4,ok,,49.820291,20,50,0.0256602,0.0021803331121642857,0.024488,0.024827500000000002,0.028852100000000002,0.03135535,0.03280979,0.033069,311766.8607415375,311.76686074153747,24.8275,3.1034375,77941.71518538437,15120,14848,30040,sub-physical,0.03125,0.015625,Intel(R) Xeon(R) 6760P,AVX512,"avx2,avx512f,avx512bw,avx512vl,avx512_vnni,avx512_bf16,amx_bf16,amx_int8,amx_tile,fma",True,True,,256,128,sh14l07002s1404,3.11.9,2.1.2+cu121
20260424_010536,2026-04-24T06:14:21.931430,cpu,full_mlp_capacity_search_hd64_depth4,/home/liangyi/SRS_AI/Model_AIIC_refactor/experiments_refactored/20260422_050408_full_mlp_capacity_search_v2/full_mlp_capacity_search_hd64_depth4,full_mlp_capacity_search_v2,full_mlp_capacity_search_hd64_depth4,supervised_nmse_plateau,full_mlp,12,6,jit,fp32,float32,8,8,ok,,49.750087,20,50,0.0249424,0.0006374024788153871,0.02384,0.024956,0.0257306,0.025945450000000002,0.02625992,0.026403,320738.98261594714,320.7389826159471,24.956,3.1195,40092.37282699339,15120,14848,30040,sub-physical,0.0625,0.03125,Intel(R) Xeon(R) 6760P,AVX512,"avx2,avx512f,avx512bw,avx512vl,avx512_vnni,avx512_bf16,amx_bf16,amx_int8,amx_tile,fma",True,True,,256,128,sh14l07002s1404,3.11.9,2.1.2+cu121
20260424_010536,2026-04-24T06:14:21.931430,cpu,full_mlp_capacity_search_hd64_depth4,/home/liangyi/SRS_AI/Model_AIIC_refactor/experiments_refactored/20260422_050408_full_mlp_capacity_search_v2/full_mlp_capacity_search_hd64_depth4,full_mlp_capacity_search_v2,full_mlp_capacity_search_hd64_depth4,supervised_nmse_plateau,full_mlp,12,6,jit,fp32,float32,8,128,ok,,52.820862,20,50,0.02584482,0.002490133544129712,0.024515,0.0250615,0.02656750000000001,0.033040299999999995,0.03382384,0.034061,309539.7839876617,309.53978398766174,25.0615,3.1326875,2418.279562403607,15120,14848,30040,all-physical,1.0,0.5,Intel(R) Xeon(R) 6760P,AVX512,"avx2,avx512f,avx512bw,avx512vl,avx512_vnni,avx512_bf16,amx_bf16,amx_int8,amx_tile,fma",True,True,,256,128,sh14l07002s1404,3.11.9,2.1.2+cu121
20260424_010536,2026-04-24T06:14:21.931430,cpu,full_mlp_capacity_search_hd64_depth4,/home/liangyi/SRS_AI/Model_AIIC_refactor/experiments_refactored/20260422_050408_full_mlp_capacity_search_v2/full_mlp_capacity_search_hd64_depth4,full_mlp_capacity_search_v2,full_mlp_capacity_search_hd64_depth4,supervised_nmse_plateau,full_mlp,12,6,jit,fp32,float32,16,1,ok,,48.375166,20,50,0.02711328,0.001518986807579315,0.026162,0.026846500000000002,0.027128799999999998,0.028088249999999995,0.03392313999999999,0.036478,590116.7250882225,590.1167250882226,26.846500000000002,1.6779062500000002,590116.7250882225,15120,14848,30040,single-thread,0.0078125,0.00390625,Intel(R) Xeon(R) 6760P,AVX512,"avx2,avx512f,avx512bw,avx512vl,avx512_vnni,avx512_bf16,amx_bf16,amx_int8,amx_tile,fma",True,True,,256,128,sh14l07002s1404,3.11.9,2.1.2+cu121
20260424_010536,2026-04-24T06:14:21.931430,cpu,full_mlp_capacity_search_hd64_depth4,/home/liangyi/SRS_AI/Model_AIIC_refactor/experiments_refactored/20260422_050408_full_mlp_capacity_search_v2/full_mlp_capacity_search_hd64_depth4,full_mlp_capacity_search_v2,full_mlp_capacity_search_hd64_depth4,supervised_nmse_plateau,full_mlp,12,6,jit,fp32,float32,16,2,ok,,49.807375,20,50,0.02690064,0.0003224783874928674,0.026043,0.026926,0.0271507,0.02728115,0.027883289999999998,0.028412,594781.3881008035,594.7813881008035,26.926,1.682875,297390.69405040174,15120,14848,30040,sub-physical,0.015625,0.0078125,Intel(R) Xeon(R) 6760P,AVX512,"avx2,avx512f,avx512bw,avx512vl,avx512_vnni,avx512_bf16,amx_bf16,amx_int8,amx_tile,fma",True,True,,256,128,sh14l07002s1404,3.11.9,2.1.2+cu121
20260424_010536,2026-04-24T06:14:21.931430,cpu,full_mlp_capacity_search_hd64_depth4,/home/liangyi/SRS_AI/Model_AIIC_refactor/experiments_refactored/20260422_050408_full_mlp_capacity_search_v2/full_mlp_capacity_search_hd64_depth4,full_mlp_capacity_search_v2,full_mlp_capacity_search_hd64_depth4,supervised_nmse_plateau,full_mlp,12,6,jit,fp32,float32,16,4,ok,,50.339853,20,50,0.03293502,0.0019843935747729073,0.030082,0.032278,0.036177100000000004,0.0385217,0.038860729999999996,0.039019,485805.0792135544,485.8050792135544,32.278,2.017375,121451.2698033886,15120,14848,30040,sub-physical,0.03125,0.015625,Intel(R) Xeon(R) 6760P,AVX512,"avx2,avx512f,avx512bw,avx512vl,avx512_vnni,avx512_bf16,amx_bf16,amx_int8,amx_tile,fma",True,True,,256,128,sh14l07002s1404,3.11.9,2.1.2+cu121
20260424_010536,2026-04-24T06:14:21.931430,cpu,full_mlp_capacity_search_hd64_depth4,/home/liangyi/SRS_AI/Model_AIIC_refactor/experiments_refactored/20260422_050408_full_mlp_capacity_search_v2/full_mlp_capacity_search_hd64_depth4,full_mlp_capacity_search_v2,full_mlp_capacity_search_hd64_depth4,supervised_nmse_plateau,full_mlp,12,6,jit,fp32,float32,16,8,ok,,49.475231,20,50,0.02722844,0.0023224247342809624,0.026354,0.0268165,0.0272081,0.0272632,0.037374899999999975,0.042613,587620.8846338608,587.6208846338608,26.8165,1.67603125,73452.6105792326,15120,14848,30040,sub-physical,0.0625,0.03125,Intel(R) Xeon(R) 6760P,AVX512,"avx2,avx512f,avx512bw,avx512vl,avx512_vnni,avx512_bf16,amx_bf16,amx_int8,amx_tile,fma",True,True,,256,128,sh14l07002s1404,3.11.9,2.1.2+cu121
20260424_010536,2026-04-24T06:14:21.931430,cpu,full_mlp_capacity_search_hd64_depth4,/home/liangyi/SRS_AI/Model_AIIC_refactor/experiments_refactored/20260422_050408_full_mlp_capacity_search_v2/full_mlp_capacity_search_hd64_depth4,full_mlp_capacity_search_v2,full_mlp_capacity_search_hd64_depth4,supervised_nmse_plateau,full_mlp,12,6,jit,fp32,float32,16,128,ok,,51.14834,20,50,0.02674562,0.0022408179925196958,0.025506,0.026651,0.027145600000000002,0.027350549999999998,0.03482439999999997,0.041851,598228.7940978747,598.2287940978747,26.651,1.6656875,4673.662453889646,15120,14848,30040,all-physical,1.0,0.5,Intel(R) Xeon(R) 6760P,AVX512,"avx2,avx512f,avx512bw,avx512vl,avx512_vnni,avx512_bf16,amx_bf16,amx_int8,amx_tile,fma",True,True,,256,128,sh14l07002s1404,3.11.9,2.1.2+cu121
20260424_010536,2026-04-24T06:14:21.931430,cpu,full_mlp_capacity_search_hd64_depth4,/home/liangyi/SRS_AI/Model_AIIC_refactor/experiments_refactored/20260422_050408_full_mlp_capacity_search_v2/full_mlp_capacity_search_hd64_depth4,full_mlp_capacity_search_v2,full_mlp_capacity_search_hd64_depth4,supervised_nmse_plateau,full_mlp,12,6,jit,fp32,float32,32,1,ok,,48.776239,20,50,0.03111948,0.0016116975180225353,0.029804,0.030723,0.0313986,0.034421449999999985,0.03772125,0.038591,1028294.817265584,1028.294817265584,30.723,0.96009375,1028294.817265584,15120,14848,30040,single-thread,0.0078125,0.00390625,Intel(R) Xeon(R) 6760P,AVX512,"avx2,avx512f,avx512bw,avx512vl,avx512_vnni,avx512_bf16,amx_bf16,amx_int8,amx_tile,fma",True,True,,256,128,sh14l07002s1404,3.11.9,2.1.2+cu121
20260424_010536,2026-04-24T06:14:21.931430,cpu,full_mlp_capacity_search_hd64_depth4,/home/liangyi/SRS_AI/Model_AIIC_refactor/experiments_refactored/20260422_050408_full_mlp_capacity_search_v2/full_mlp_capacity_search_hd64_depth4,full_mlp_capacity_search_v2,full_mlp_capacity_search_hd64_depth4,supervised_nmse_plateau,full_mlp,12,6,jit,fp32,float32,32,2,ok,,49.389358,20,50,0.0383687,0.0016114570828911334,0.035669,0.0380085,0.0395702,0.04034065,0.04464831,0.045864,834013.1409195517,834.0131409195517,38.0085,1.187765625,417006.57045977586,15120,14848,30040,sub-physical,0.015625,0.0078125,Intel(R) Xeon(R) 6760P,AVX512,"avx2,avx512f,avx512bw,avx512vl,avx512_vnni,avx512_bf16,amx_bf16,amx_int8,amx_tile,fma",True,True,,256,128,sh14l07002s1404,3.11.9,2.1.2+cu121
20260424_010536,2026-04-24T06:14:21.931430,cpu,full_mlp_capacity_search_hd64_depth4,/home/liangyi/SRS_AI/Model_AIIC_refactor/experiments_refactored/20260422_050408_full_mlp_capacity_search_v2/full_mlp_capacity_search_hd64_depth4,full_mlp_capacity_search_v2,full_mlp_capacity_search_hd64_depth4,supervised_nmse_plateau,full_mlp,12,6,jit,fp32,float32,32,4,ok,,50.777723,20,50,0.04427616,0.0020328141022730043,0.041586,0.043725,0.0467184,0.049089299999999995,0.05036455,0.050367,722736.5697476927,722.7365697476927,43.725,1.36640625,180684.14243692317,15120,14848,30040,sub-physical,0.03125,0.015625,Intel(R) Xeon(R) 6760P,AVX512,"avx2,avx512f,avx512bw,avx512vl,avx512_vnni,avx512_bf16,amx_bf16,amx_int8,amx_tile,fma",True,True,,256,128,sh14l07002s1404,3.11.9,2.1.2+cu121
20260424_010536,2026-04-24T06:14:21.931430,cpu,full_mlp_capacity_search_hd64_depth4,/home/liangyi/SRS_AI/Model_AIIC_refactor/experiments_refactored/20260422_050408_full_mlp_capacity_search_v2/full_mlp_capacity_search_hd64_depth4,full_mlp_capacity_search_v2,full_mlp_capacity_search_hd64_depth4,supervised_nmse_plateau,full_mlp,12,6,jit,fp32,float32,32,8,ok,,50.901408,20,50,0.03823716,0.0013826874174592031,0.035341,0.038094,0.038968300000000004,0.04065945,0.043168059999999994,0.044543,836882.237069908,836.882237069908,38.094,1.1904375,104610.2796337385,15120,14848,30040,sub-physical,0.0625,0.03125,Intel(R) Xeon(R) 6760P,AVX512,"avx2,avx512f,avx512bw,avx512vl,avx512_vnni,avx512_bf16,amx_bf16,amx_int8,amx_tile,fma",True,True,,256,128,sh14l07002s1404,3.11.9,2.1.2+cu121
20260424_010536,2026-04-24T06:14:21.931430,cpu,full_mlp_capacity_search_hd64_depth4,/home/liangyi/SRS_AI/Model_AIIC_refactor/experiments_refactored/20260422_050408_full_mlp_capacity_search_v2/full_mlp_capacity_search_hd64_depth4,full_mlp_capacity_search_v2,full_mlp_capacity_search_hd64_depth4,supervised_nmse_plateau,full_mlp,12,6,jit,fp32,float32,32,128,ok,,83.491571,20,50,0.13195328,0.01051532569355795,0.112566,0.130782,0.1434483,0.15437374999999998,0.16651507,0.167131,242510.07629367002,242.51007629367,130.782,4.0869375,1894.609971044297,15120,14848,30040,all-physical,1.0,0.5,Intel(R) Xeon(R) 6760P,AVX512,"avx2,avx512f,avx512bw,avx512vl,avx512_vnni,avx512_bf16,amx_bf16,amx_int8,amx_tile,fma",True,True,,256,128,sh14l07002s1404,3.11.9,2.1.2+cu121
20260424_010536,2026-04-24T06:14:21.931430,cpu,full_mlp_capacity_search_hd64_depth4,/home/liangyi/SRS_AI/Model_AIIC_refactor/experiments_refactored/20260422_050408_full_mlp_capacity_search_v2/full_mlp_capacity_search_hd64_depth4,full_mlp_capacity_search_v2,full_mlp_capacity_search_hd64_depth4,supervised_nmse_plateau,full_mlp,12,6,jit,fp32,float32,64,1,ok,,49.504176,20,50,0.03803558,0.0008395228904562404,0.036793,0.037863499999999994,0.0383224,0.03911025,0.041394249999999994,0.043097,1682635.0485519087,1682.6350485519088,37.863499999999995,0.5916171874999999,1682635.0485519087,15120,14848,30040,single-thread,0.0078125,0.00390625,Intel(R) Xeon(R) 6760P,AVX512,"avx2,avx512f,avx512bw,avx512vl,avx512_vnni,avx512_bf16,amx_bf16,amx_int8,amx_tile,fma",True,True,,256,128,sh14l07002s1404,3.11.9,2.1.2+cu121
20260424_010536,2026-04-24T06:14:21.931430,cpu,full_mlp_capacity_search_hd64_depth4,/home/liangyi/SRS_AI/Model_AIIC_refactor/experiments_refactored/20260422_050408_full_mlp_capacity_search_v2/full_mlp_capacity_search_hd64_depth4,full_mlp_capacity_search_v2,full_mlp_capacity_search_hd64_depth4,supervised_nmse_plateau,full_mlp,12,6,jit,fp32,float32,64,2,ok,,49.732392,20,50,0.05993046,0.0021435293532863038,0.057177,0.059462,0.0630241,0.06397555,0.06585719999999999,0.066602,1067904.3678289806,1067.9043678289806,59.462,0.92909375,533952.1839144903,15120,14848,30040,sub-physical,0.015625,0.0078125,Intel(R) Xeon(R) 6760P,AVX512,"avx2,avx512f,avx512bw,avx512vl,avx512_vnni,avx512_bf16,amx_bf16,amx_int8,amx_tile,fma",True,True,,256,128,sh14l07002s1404,3.11.9,2.1.2+cu121
20260424_010536,2026-04-24T06:14:21.931430,cpu,full_mlp_capacity_search_hd64_depth4,/home/liangyi/SRS_AI/Model_AIIC_refactor/experiments_refactored/20260422_050408_full_mlp_capacity_search_v2/full_mlp_capacity_search_hd64_depth4,full_mlp_capacity_search_v2,full_mlp_capacity_search_hd64_depth4,supervised_nmse_plateau,full_mlp,12,6,jit,fp32,float32,64,4,ok,,49.485497,20,50,0.05623642,0.0020472098875298547,0.052636,0.0565335,0.0584131,0.058673649999999994,0.06146251,0.0621,1138052.528948322,1138.0525289483219,56.533500000000004,0.8833359375000001,284513.1322370805,15120,14848,30040,sub-physical,0.03125,0.015625,Intel(R) Xeon(R) 6760P,AVX512,"avx2,avx512f,avx512bw,avx512vl,avx512_vnni,avx512_bf16,amx_bf16,amx_int8,amx_tile,fma",True,True,,256,128,sh14l07002s1404,3.11.9,2.1.2+cu121
20260424_010536,2026-04-24T06:14:21.931430,cpu,full_mlp_capacity_search_hd64_depth4,/home/liangyi/SRS_AI/Model_AIIC_refactor/experiments_refactored/20260422_050408_full_mlp_capacity_search_v2/full_mlp_capacity_search_hd64_depth4,full_mlp_capacity_search_v2,full_mlp_capacity_search_hd64_depth4,supervised_nmse_plateau,full_mlp,12,6,jit,fp32,float32,64,8,ok,,49.774967,20,50,0.0553838,0.0019189159543867474,0.050658,0.0552875,0.057560400000000005,0.0581206,0.0596171,0.060504,1155572.5681516977,1155.5725681516979,55.2875,0.8638671875,144446.57101896222,15120,14848,30040,sub-physical,0.0625,0.03125,Intel(R) Xeon(R) 6760P,AVX512,"avx2,avx512f,avx512bw,avx512vl,avx512_vnni,avx512_bf16,amx_bf16,amx_int8,amx_tile,fma",True,True,,256,128,sh14l07002s1404,3.11.9,2.1.2+cu121
20260424_010536,2026-04-24T06:14:21.931430,cpu,full_mlp_capacity_search_hd64_depth4,/home/liangyi/SRS_AI/Model_AIIC_refactor/experiments_refactored/20260422_050408_full_mlp_capacity_search_v2/full_mlp_capacity_search_hd64_depth4,full_mlp_capacity_search_v2,full_mlp_capacity_search_hd64_depth4,supervised_nmse_plateau,full_mlp,12,6,jit,fp32,float32,64,128,ok,,136.890964,20,50,0.13481694,0.006060876977500865,0.128655,0.133023,0.1456556,0.1485955,0.1533843,0.156927,474717.79139921145,474.7177913992114,133.023,2.078484375,3708.7327453063394,15120,14848,30040,all-physical,1.0,0.5,Intel(R) Xeon(R) 6760P,AVX512,"avx2,avx512f,avx512bw,avx512vl,avx512_vnni,avx512_bf16,amx_bf16,amx_int8,amx_tile,fma",True,True,,256,128,sh14l07002s1404,3.11.9,2.1.2+cu121
20260424_010536,2026-04-24T06:14:21.931430,cpu,full_mlp_capacity_search_hd64_depth4,/home/liangyi/SRS_AI/Model_AIIC_refactor/experiments_refactored/20260422_050408_full_mlp_capacity_search_v2/full_mlp_capacity_search_hd64_depth4,full_mlp_capacity_search_v2,full_mlp_capacity_search_hd64_depth4,supervised_nmse_plateau,full_mlp,12,6,jit,fp32,float32,128,1,ok,,51.332866,20,50,0.0520833,0.0012161076638192848,0.050948,0.051463499999999995,0.053129,0.0545356,0.05603425,0.056169,2457601.572865007,2457.601572865007,51.463499999999996,0.40205859374999997,2457601.572865007,15120,14848,30040,single-thread,0.0078125,0.00390625,Intel(R) Xeon(R) 6760P,AVX512,"avx2,avx512f,avx512bw,avx512vl,avx512_vnni,avx512_bf16,amx_bf16,amx_int8,amx_tile,fma",True,True,,256,128,sh14l07002s1404,3.11.9,2.1.2+cu121
20260424_010536,2026-04-24T06:14:21.931430,cpu,full_mlp_capacity_search_hd64_depth4,/home/liangyi/SRS_AI/Model_AIIC_refactor/experiments_refactored/20260422_050408_full_mlp_capacity_search_v2/full_mlp_capacity_search_hd64_depth4,full_mlp_capacity_search_v2,full_mlp_capacity_search_hd64_depth4,supervised_nmse_plateau,full_mlp,12,6,jit,fp32,float32,128,2,ok,,50.784385,20,50,0.08947344,0.0029977027748594423,0.082694,0.0896225,0.09297499999999999,0.0940738,0.09583865999999999,0.096802,1430592.139969135,1430.592139969135,89.62249999999999,0.7001757812499999,715296.0699845675,15120,14848,30040,sub-physical,0.015625,0.0078125,Intel(R) Xeon(R) 6760P,AVX512,"avx2,avx512f,avx512bw,avx512vl,avx512_vnni,avx512_bf16,amx_bf16,amx_int8,amx_tile,fma",True,True,,256,128,sh14l07002s1404,3.11.9,2.1.2+cu121
20260424_010536,2026-04-24T06:14:21.931430,cpu,full_mlp_capacity_search_hd64_depth4,/home/liangyi/SRS_AI/Model_AIIC_refactor/experiments_refactored/20260422_050408_full_mlp_capacity_search_v2/full_mlp_capacity_search_hd64_depth4,full_mlp_capacity_search_v2,full_mlp_capacity_search_hd64_depth4,supervised_nmse_plateau,full_mlp,12,6,jit,fp32,float32,128,4,ok,,50.856664,20,50,0.0955809,0.0021672799934480094,0.090882,0.095635,0.09772600000000001,0.09955675,0.10154371000000001,0.101799,1339179.6896660316,1339.1796896660317,95.63499999999999,0.7471484374999999,334794.9224165079,15120,14848,30040,sub-physical,0.03125,0.015625,Intel(R) Xeon(R) 6760P,AVX512,"avx2,avx512f,avx512bw,avx512vl,avx512_vnni,avx512_bf16,amx_bf16,amx_int8,amx_tile,fma",True,True,,256,128,sh14l07002s1404,3.11.9,2.1.2+cu121
20260424_010536,2026-04-24T06:14:21.931430,cpu,full_mlp_capacity_search_hd64_depth4,/home/liangyi/SRS_AI/Model_AIIC_refactor/experiments_refactored/20260422_050408_full_mlp_capacity_search_v2/full_mlp_capacity_search_hd64_depth4,full_mlp_capacity_search_v2,full_mlp_capacity_search_hd64_depth4,supervised_nmse_plateau,full_mlp,12,6,jit,fp32,float32,128,8,ok,,52.370597,20,50,0.06982994,0.0021696516993287194,0.066587,0.069201,0.0735689,0.07401195,0.07531122999999999,0.075984,1833024.6309820688,1833.0246309820689,69.201,0.5406328125,229128.0788727586,15120,14848,30040,sub-physical,0.0625,0.03125,Intel(R) Xeon(R) 6760P,AVX512,"avx2,avx512f,avx512bw,avx512vl,avx512_vnni,avx512_bf16,amx_bf16,amx_int8,amx_tile,fma",True,True,,256,128,sh14l07002s1404,3.11.9,2.1.2+cu121
20260424_010536,2026-04-24T06:14:21.931430,cpu,full_mlp_capacity_search_hd64_depth4,/home/liangyi/SRS_AI/Model_AIIC_refactor/experiments_refactored/20260422_050408_full_mlp_capacity_search_v2/full_mlp_capacity_search_hd64_depth4,full_mlp_capacity_search_v2,full_mlp_capacity_search_hd64_depth4,supervised_nmse_plateau,full_mlp,12,6,jit,fp32,float32,128,128,ok,,94.55694,20,50,0.3449978,0.015903479140112708,0.322671,0.34142700000000004,0.3714593,0.37438235000000003,0.37923972,0.379422,371016.85865822906,371.01685865822907,341.427,2.6673984375,2898.5692082674145,15120,14848,30040,all-physical,1.0,0.5,Intel(R) Xeon(R) 6760P,AVX512,"avx2,avx512f,avx512bw,avx512vl,avx512_vnni,avx512_bf16,amx_bf16,amx_int8,amx_tile,fma",True,True,,256,128,sh14l07002s1404,3.11.9,2.1.2+cu121
20260424_010536,2026-04-24T06:14:21.931430,cpu,full_mlp_capacity_search_hd64_depth4,/home/liangyi/SRS_AI/Model_AIIC_refactor/experiments_refactored/20260422_050408_full_mlp_capacity_search_v2/full_mlp_capacity_search_hd64_depth4,full_mlp_capacity_search_v2,full_mlp_capacity_search_hd64_depth4,supervised_nmse_plateau,full_mlp,12,6,jit,bf16,bfloat16,1,1,ok,,48.915819,20,50,0.0328905,0.0009023030588444215,0.030989,0.0328125,0.033902800000000004,0.034580799999999995,0.03527789,0.035689,30403.916024383936,30.403916024383935,32.8125,32.8125,30403.916024383936,15120,14848,30040,single-thread,0.0078125,0.00390625,Intel(R) Xeon(R) 6760P,AVX512,"avx2,avx512f,avx512bw,avx512vl,avx512_vnni,avx512_bf16,amx_bf16,amx_int8,amx_tile,fma",True,True,,256,128,sh14l07002s1404,3.11.9,2.1.2+cu121
20260424_010536,2026-04-24T06:14:21.931430,cpu,full_mlp_capacity_search_hd64_depth4,/home/liangyi/SRS_AI/Model_AIIC_refactor/experiments_refactored/20260422_050408_full_mlp_capacity_search_v2/full_mlp_capacity_search_hd64_depth4,full_mlp_capacity_search_v2,full_mlp_capacity_search_hd64_depth4,supervised_nmse_plateau,full_mlp,12,6,jit,bf16,bfloat16,1,2,ok,,50.961101,20,50,0.0352633,0.0010450388748749974,0.033906,0.0351105,0.0360022,0.0363495,0.03939884999999999,0.041033,28358.094676334887,28.358094676334886,35.1105,35.1105,14179.047338167444,15120,14848,30040,sub-physical,0.015625,0.0078125,Intel(R) Xeon(R) 6760P,AVX512,"avx2,avx512f,avx512bw,avx512vl,avx512_vnni,avx512_bf16,amx_bf16,amx_int8,amx_tile,fma",True,True,,256,128,sh14l07002s1404,3.11.9,2.1.2+cu121
20260424_010536,2026-04-24T06:14:21.931430,cpu,full_mlp_capacity_search_hd64_depth4,/home/liangyi/SRS_AI/Model_AIIC_refactor/experiments_refactored/20260422_050408_full_mlp_capacity_search_v2/full_mlp_capacity_search_hd64_depth4,full_mlp_capacity_search_v2,full_mlp_capacity_search_hd64_depth4,supervised_nmse_plateau,full_mlp,12,6,jit,bf16,bfloat16,1,4,ok,,50.715801,20,50,0.03510556,0.0009678865875710856,0.033504,0.0349575,0.035899200000000006,0.037153099999999994,0.03841333,0.038552,28485.516254405284,28.485516254405283,34.9575,34.9575,7121.379063601321,15120,14848,30040,sub-physical,0.03125,0.015625,Intel(R) Xeon(R) 6760P,AVX512,"avx2,avx512f,avx512bw,avx512vl,avx512_vnni,avx512_bf16,amx_bf16,amx_int8,amx_tile,fma",True,True,,256,128,sh14l07002s1404,3.11.9,2.1.2+cu121
20260424_010536,2026-04-24T06:14:21.931430,cpu,full_mlp_capacity_search_hd64_depth4,/home/liangyi/SRS_AI/Model_AIIC_refactor/experiments_refactored/20260422_050408_full_mlp_capacity_search_v2/full_mlp_capacity_search_hd64_depth4,full_mlp_capacity_search_v2,full_mlp_capacity_search_hd64_depth4,supervised_nmse_plateau,full_mlp,12,6,jit,bf16,bfloat16,1,8,ok,,52.111377,20,50,0.03598708,0.001494642135629797,0.033679,0.035574999999999996,0.0369455,0.038112,0.04195153,0.042198,27787.750492676816,27.787750492676818,35.574999999999996,35.574999999999996,3473.468811584602,15120,14848,30040,sub-physical,0.0625,0.03125,Intel(R) Xeon(R) 6760P,AVX512,"avx2,avx512f,avx512bw,avx512vl,avx512_vnni,avx512_bf16,amx_bf16,amx_int8,amx_tile,fma",True,True,,256,128,sh14l07002s1404,3.11.9,2.1.2+cu121
20260424_010536,2026-04-24T06:14:21.931430,cpu,full_mlp_capacity_search_hd64_depth4,/home/liangyi/SRS_AI/Model_AIIC_refactor/experiments_refactored/20260422_050408_full_mlp_capacity_search_v2/full_mlp_capacity_search_hd64_depth4,full_mlp_capacity_search_v2,full_mlp_capacity_search_hd64_depth4,supervised_nmse_plateau,full_mlp,12,6,jit,bf16,bfloat16,1,128,ok,,89.354185,20,50,0.10818206,0.005941694170554387,0.09535,0.10789850000000001,0.1132942,0.11768499999999998,0.12814271,0.12879,9243.676816655183,9.243676816655183,107.89850000000001,107.89850000000001,72.21622513011862,15120,14848,30040,all-physical,1.0,0.5,Intel(R) Xeon(R) 6760P,AVX512,"avx2,avx512f,avx512bw,avx512vl,avx512_vnni,avx512_bf16,amx_bf16,amx_int8,amx_tile,fma",True,True,,256,128,sh14l07002s1404,3.11.9,2.1.2+cu121
20260424_010536,2026-04-24T06:14:21.931430,cpu,full_mlp_capacity_search_hd64_depth4,/home/liangyi/SRS_AI/Model_AIIC_refactor/experiments_refactored/20260422_050408_full_mlp_capacity_search_v2/full_mlp_capacity_search_hd64_depth4,full_mlp_capacity_search_v2,full_mlp_capacity_search_hd64_depth4,supervised_nmse_plateau,full_mlp,12,6,jit,bf16,bfloat16,2,1,ok,,52.279844,20,50,0.04667918,0.001563874811997431,0.044583,0.046354,0.047598600000000005,0.048924949999999995,0.052927079999999994,0.054058,42845.654101036045,42.84565410103605,46.354,23.177,42845.654101036045,15120,14848,30040,single-thread,0.0078125,0.00390625,Intel(R) Xeon(R) 6760P,AVX512,"avx2,avx512f,avx512bw,avx512vl,avx512_vnni,avx512_bf16,amx_bf16,amx_int8,amx_tile,fma",True,True,,256,128,sh14l07002s1404,3.11.9,2.1.2+cu121
20260424_010536,2026-04-24T06:14:21.931430,cpu,full_mlp_capacity_search_hd64_depth4,/home/liangyi/SRS_AI/Model_AIIC_refactor/experiments_refactored/20260422_050408_full_mlp_capacity_search_v2/full_mlp_capacity_search_hd64_depth4,full_mlp_capacity_search_v2,full_mlp_capacity_search_hd64_depth4,supervised_nmse_plateau,full_mlp,12,6,jit,bf16,bfloat16,2,2,ok,,50.480995,20,50,0.05106828,0.0019432101691788256,0.049366,0.05055949999999999,0.0522526,0.0548538,0.05883259,0.058837,39163.25358911638,39.16325358911638,50.55949999999999,25.279749999999996,19581.62679455819,15120,14848,30040,sub-physical,0.015625,0.0078125,Intel(R) Xeon(R) 6760P,AVX512,"avx2,avx512f,avx512bw,avx512vl,avx512_vnni,avx512_bf16,amx_bf16,amx_int8,amx_tile,fma",True,True,,256,128,sh14l07002s1404,3.11.9,2.1.2+cu121
20260424_010536,2026-04-24T06:14:21.931430,cpu,full_mlp_capacity_search_hd64_depth4,/home/liangyi/SRS_AI/Model_AIIC_refactor/experiments_refactored/20260422_050408_full_mlp_capacity_search_v2/full_mlp_capacity_search_hd64_depth4,full_mlp_capacity_search_v2,full_mlp_capacity_search_hd64_depth4,supervised_nmse_plateau,full_mlp,12,6,jit,bf16,bfloat16,2,4,ok,,51.292686,20,50,0.05023542,0.0012685958551091044,0.048534,0.0500225,0.051271500000000005,0.05189505,0.054760729999999994,0.057026,39812.54660556237,39.81254660556237,50.0225,25.01125,9953.136651390592,15120,14848,30040,sub-physical,0.03125,0.015625,Intel(R) Xeon(R) 6760P,AVX512,"avx2,avx512f,avx512bw,avx512vl,avx512_vnni,avx512_bf16,amx_bf16,amx_int8,amx_tile,fma",True,True,,256,128,sh14l07002s1404,3.11.9,2.1.2+cu121
20260424_010536,2026-04-24T06:14:21.931430,cpu,full_mlp_capacity_search_hd64_depth4,/home/liangyi/SRS_AI/Model_AIIC_refactor/experiments_refactored/20260422_050408_full_mlp_capacity_search_v2/full_mlp_capacity_search_hd64_depth4,full_mlp_capacity_search_v2,full_mlp_capacity_search_hd64_depth4,supervised_nmse_plateau,full_mlp,12,6,jit,bf16,bfloat16,2,8,ok,,50.660014,20,50,0.04959746,0.001415014900416247,0.048093,0.0492495,0.0508428,0.052398749999999994,0.054552369999999996,0.055967,40324.645657257446,40.32464565725745,49.249500000000005,24.624750000000002,5040.580707157181,15120,14848,30040,sub-physical,0.0625,0.03125,Intel(R) Xeon(R) 6760P,AVX512,"avx2,avx512f,avx512bw,avx512vl,avx512_vnni,avx512_bf16,amx_bf16,amx_int8,amx_tile,fma",True,True,,256,128,sh14l07002s1404,3.11.9,2.1.2+cu121
20260424_010536,2026-04-24T06:14:21.931430,cpu,full_mlp_capacity_search_hd64_depth4,/home/liangyi/SRS_AI/Model_AIIC_refactor/experiments_refactored/20260422_050408_full_mlp_capacity_search_v2/full_mlp_capacity_search_hd64_depth4,full_mlp_capacity_search_v2,full_mlp_capacity_search_hd64_depth4,supervised_nmse_plateau,full_mlp,12,6,jit,bf16,bfloat16,2,128,ok,,88.700744,20,50,0.15272726,0.027325000384124425,0.129617,0.1471595,0.1694622,0.17308410000000002,0.2526342299999997,0.326611,13095.239186508026,13.095239186508026,147.1595,73.57975,102.30655614459396,15120,14848,30040,all-physical,1.0,0.5,Intel(R) Xeon(R) 6760P,AVX512,"avx2,avx512f,avx512bw,avx512vl,avx512_vnni,avx512_bf16,amx_bf16,amx_int8,amx_tile,fma",True,True,,256,128,sh14l07002s1404,3.11.9,2.1.2+cu121
20260424_010536,2026-04-24T06:14:21.931430,cpu,full_mlp_capacity_search_hd64_depth4,/home/liangyi/SRS_AI/Model_AIIC_refactor/experiments_refactored/20260422_050408_full_mlp_capacity_search_v2/full_mlp_capacity_search_hd64_depth4,full_mlp_capacity_search_v2,full_mlp_capacity_search_hd64_depth4,supervised_nmse_plateau,full_mlp,12,6,jit,bf16,bfloat16,4,1,ok,,52.425697,20,50,0.05769878,0.0024129147460281316,0.053932,0.05817,0.0614163,0.0617827,0.061892140000000005,0.061899,69325.55593029871,69.3255559302987,58.17,14.5425,69325.55593029871,15120,14848,30040,single-thread,0.0078125,0.00390625,Intel(R) Xeon(R) 6760P,AVX512,"avx2,avx512f,avx512bw,avx512vl,avx512_vnni,avx512_bf16,amx_bf16,amx_int8,amx_tile,fma",True,True,,256,128,sh14l07002s1404,3.11.9,2.1.2+cu121
20260424_010536,2026-04-24T06:14:21.931430,cpu,full_mlp_capacity_search_hd64_depth4,/home/liangyi/SRS_AI/Model_AIIC_refactor/experiments_refactored/20260422_050408_full_mlp_capacity_search_v2/full_mlp_capacity_search_hd64_depth4,full_mlp_capacity_search_v2,full_mlp_capacity_search_hd64_depth4,supervised_nmse_plateau,full_mlp,12,6,jit,bf16,bfloat16,4,2,ok,,50.621482,20,50,0.06123068,0.002674438366760394,0.058436,0.060359499999999996,0.0632128,0.0668918,0.07128993,0.072732,65326.72836558405,65.32672836558405,60.3595,15.089875,32663.364182792026,15120,14848,30040,sub-physical,0.015625,0.0078125,Intel(R) Xeon(R) 6760P,AVX512,"avx2,avx512f,avx512bw,avx512vl,avx512_vnni,avx512_bf16,amx_bf16,amx_int8,amx_tile,fma",True,True,,256,128,sh14l07002s1404,3.11.9,2.1.2+cu121
20260424_010536,2026-04-24T06:14:21.931430,cpu,full_mlp_capacity_search_hd64_depth4,/home/liangyi/SRS_AI/Model_AIIC_refactor/experiments_refactored/20260422_050408_full_mlp_capacity_search_v2/full_mlp_capacity_search_hd64_depth4,full_mlp_capacity_search_v2,full_mlp_capacity_search_hd64_depth4,supervised_nmse_plateau,full_mlp,12,6,jit,bf16,bfloat16,4,4,ok,,50.349734,20,50,0.06099982,0.002423863681727997,0.057355,0.060358499999999995,0.0639757,0.06569124999999999,0.06701369,0.067758,65573.9639887462,65.5739639887462,60.35849999999999,15.089624999999998,16393.49099718655,15120,14848,30040,sub-physical,0.03125,0.015625,Intel(R) Xeon(R) 6760P,AVX512,"avx2,avx512f,avx512bw,avx512vl,avx512_vnni,avx512_bf16,amx_bf16,amx_int8,amx_tile,fma",True,True,,256,128,sh14l07002s1404,3.11.9,2.1.2+cu121
20260424_010536,2026-04-24T06:14:21.931430,cpu,full_mlp_capacity_search_hd64_depth4,/home/liangyi/SRS_AI/Model_AIIC_refactor/experiments_refactored/20260422_050408_full_mlp_capacity_search_v2/full_mlp_capacity_search_hd64_depth4,full_mlp_capacity_search_v2,full_mlp_capacity_search_hd64_depth4,supervised_nmse_plateau,full_mlp,12,6,jit,bf16,bfloat16,4,8,ok,,52.298558,20,50,0.06390938,0.004051112557754968,0.058507,0.0634095,0.0669764,0.070284,0.07797764999999997,0.084159,62588.62157636328,62.58862157636328,63.409499999999994,15.852374999999999,7823.57769704541,15120,14848,30040,sub-physical,0.0625,0.03125,Intel(R) Xeon(R) 6760P,AVX512,"avx2,avx512f,avx512bw,avx512vl,avx512_vnni,avx512_bf16,amx_bf16,amx_int8,amx_tile,fma",True,True,,256,128,sh14l07002s1404,3.11.9,2.1.2+cu121
20260424_010536,2026-04-24T06:14:21.931430,cpu,full_mlp_capacity_search_hd64_depth4,/home/liangyi/SRS_AI/Model_AIIC_refactor/experiments_refactored/20260422_050408_full_mlp_capacity_search_v2/full_mlp_capacity_search_hd64_depth4,full_mlp_capacity_search_v2,full_mlp_capacity_search_hd64_depth4,supervised_nmse_plateau,full_mlp,12,6,jit,bf16,bfloat16,4,128,ok,,113.815164,20,50,0.14041024,0.00823383373298247,0.128966,0.13860699999999998,0.1503143,0.15849154999999998,0.16869826999999998,0.170745,28487.950736356554,28.487950736356552,138.60699999999997,34.65174999999999,222.56211512778557,15120,14848,30040,all-physical,1.0,0.5,Intel(R) Xeon(R) 6760P,AVX512,"avx2,avx512f,avx512bw,avx512vl,avx512_vnni,avx512_bf16,amx_bf16,amx_int8,amx_tile,fma",True,True,,256,128,sh14l07002s1404,3.11.9,2.1.2+cu121
20260424_010536,2026-04-24T06:14:21.931430,cpu,full_mlp_capacity_search_hd64_depth4,/home/liangyi/SRS_AI/Model_AIIC_refactor/experiments_refactored/20260422_050408_full_mlp_capacity_search_v2/full_mlp_capacity_search_hd64_depth4,full_mlp_capacity_search_v2,full_mlp_capacity_search_hd64_depth4,supervised_nmse_plateau,full_mlp,12,6,jit,bf16,bfloat16,8,1,ok,,50.161174,20,50,0.06088404,0.004055002209419867,0.053166,0.062838,0.0651977,0.06593955,0.06650521,0.066883,131397.32514465204,131.39732514465206,62.83800000000001,7.854750000000001,131397.32514465204,15120,14848,30040,single-thread,0.0078125,0.00390625,Intel(R) Xeon(R) 6760P,AVX512,"avx2,avx512f,avx512bw,avx512vl,avx512_vnni,avx512_bf16,amx_bf16,amx_int8,amx_tile,fma",True,True,,256,128,sh14l07002s1404,3.11.9,2.1.2+cu121
20260424_010536,2026-04-24T06:14:21.931430,cpu,full_mlp_capacity_search_hd64_depth4,/home/liangyi/SRS_AI/Model_AIIC_refactor/experiments_refactored/20260422_050408_full_mlp_capacity_search_v2/full_mlp_capacity_search_hd64_depth4,full_mlp_capacity_search_v2,full_mlp_capacity_search_hd64_depth4,supervised_nmse_plateau,full_mlp,12,6,jit,bf16,bfloat16,8,2,ok,,50.241705,20,50,0.06521422,0.004848071056781244,0.059069,0.0640955,0.071028,0.07555539999999998,0.07898399,0.079253,122672.63182784367,122.67263182784367,64.0955,8.0119375,61336.31591392183,15120,14848,30040,sub-physical,0.015625,0.0078125,Intel(R) Xeon(R) 6760P,AVX512,"avx2,avx512f,avx512bw,avx512vl,avx512_vnni,avx512_bf16,amx_bf16,amx_int8,amx_tile,fma",True,True,,256,128,sh14l07002s1404,3.11.9,2.1.2+cu121
20260424_010536,2026-04-24T06:14:21.931430,cpu,full_mlp_capacity_search_hd64_depth4,/home/liangyi/SRS_AI/Model_AIIC_refactor/experiments_refactored/20260422_050408_full_mlp_capacity_search_v2/full_mlp_capacity_search_hd64_depth4,full_mlp_capacity_search_v2,full_mlp_capacity_search_hd64_depth4,supervised_nmse_plateau,full_mlp,12,6,jit,bf16,bfloat16,8,4,ok,,52.429567,20,50,0.0664092,0.004605248514466945,0.060143,0.0654545,0.0723003,0.07295009999999999,0.07833259,0.080542,120465.2367443065,120.4652367443065,65.4545,8.1818125,30116.309186076625,15120,14848,30040,sub-physical,0.03125,0.015625,Intel(R) Xeon(R) 6760P,AVX512,"avx2,avx512f,avx512bw,avx512vl,avx512_vnni,avx512_bf16,amx_bf16,amx_int8,amx_tile,fma",True,True,,256,128,sh14l07002s1404,3.11.9,2.1.2+cu121
20260424_010536,2026-04-24T06:14:21.931430,cpu,full_mlp_capacity_search_hd64_depth4,/home/liangyi/SRS_AI/Model_AIIC_refactor/experiments_refactored/20260422_050408_full_mlp_capacity_search_v2/full_mlp_capacity_search_hd64_depth4,full_mlp_capacity_search_v2,full_mlp_capacity_search_hd64_depth4,supervised_nmse_plateau,full_mlp,12,6,jit,bf16,bfloat16,8,8,ok,,52.783161,20,50,0.06631642,0.004666041071786659,0.058787,0.06628200000000001,0.0719518,0.0736607,0.07439922,0.07441,120633.77365666,120.63377365666001,66.28200000000001,8.285250000000001,15079.2217070825,15120,14848,30040,sub-physical,0.0625,0.03125,Intel(R) Xeon(R) 6760P,AVX512,"avx2,avx512f,avx512bw,avx512vl,avx512_vnni,avx512_bf16,amx_bf16,amx_int8,amx_tile,fma",True,True,,256,128,sh14l07002s1404,3.11.9,2.1.2+cu121
20260424_010536,2026-04-24T06:14:21.931430,cpu,full_mlp_capacity_search_hd64_depth4,/home/liangyi/SRS_AI/Model_AIIC_refactor/experiments_refactored/20260422_050408_full_mlp_capacity_search_v2/full_mlp_capacity_search_hd64_depth4,full_mlp_capacity_search_v2,full_mlp_capacity_search_hd64_depth4,supervised_nmse_plateau,full_mlp,12,6,jit,bf16,bfloat16,8,128,ok,,96.822697,20,50,0.22651442,0.0385475823185268,0.161237,0.21402,0.2796781,0.2994538,0.3164069599999999,0.329194,35317.83980905057,35.317839809050575,214.01999999999998,26.752499999999998,275.9206235082076,15120,14848,30040,all-physical,1.0,0.5,Intel(R) Xeon(R) 6760P,AVX512,"avx2,avx512f,avx512bw,avx512vl,avx512_vnni,avx512_bf16,amx_bf16,amx_int8,amx_tile,fma",True,True,,256,128,sh14l07002s1404,3.11.9,2.1.2+cu121
20260424_010536,2026-04-24T06:14:21.931430,cpu,full_mlp_capacity_search_hd64_depth4,/home/liangyi/SRS_AI/Model_AIIC_refactor/experiments_refactored/20260422_050408_full_mlp_capacity_search_v2/full_mlp_capacity_search_hd64_depth4,full_mlp_capacity_search_v2,full_mlp_capacity_search_hd64_depth4,supervised_nmse_plateau,full_mlp,12,6,jit,bf16,bfloat16,16,1,ok,,50.302468,20,50,0.06453202,0.004157475688395544,0.057542,0.06548999999999999,0.06898660000000001,0.0703555,0.07201178,0.072295,247938.93016211176,247.93893016211177,65.49,4.093125,247938.93016211176,15120,14848,30040,single-thread,0.0078125,0.00390625,Intel(R) Xeon(R) 6760P,AVX512,"avx2,avx512f,avx512bw,avx512vl,avx512_vnni,avx512_bf16,amx_bf16,amx_int8,amx_tile,fma",True,True,,256,128,sh14l07002s1404,3.11.9,2.1.2+cu121
20260424_010536,2026-04-24T06:14:21.931430,cpu,full_mlp_capacity_search_hd64_depth4,/home/liangyi/SRS_AI/Model_AIIC_refactor/experiments_refactored/20260422_050408_full_mlp_capacity_search_v2/full_mlp_capacity_search_hd64_depth4,full_mlp_capacity_search_v2,full_mlp_capacity_search_hd64_depth4,supervised_nmse_plateau,full_mlp,12,6,jit,bf16,bfloat16,16,2,ok,,50.603962,20,50,0.0700086,0.004318447369136273,0.063294,0.068973,0.0754412,0.0764003,0.08032311999999998,0.082926,228543.35038838084,228.54335038838084,68.97300000000001,4.310812500000001,114271.67519419042,15120,14848,30040,sub-physical,0.015625,0.0078125,Intel(R) Xeon(R) 6760P,AVX512,"avx2,avx512f,avx512bw,avx512vl,avx512_vnni,avx512_bf16,amx_bf16,amx_int8,amx_tile,fma",True,True,,256,128,sh14l07002s1404,3.11.9,2.1.2+cu121
20260424_010536,2026-04-24T06:14:21.931430,cpu,full_mlp_capacity_search_hd64_depth4,/home/liangyi/SRS_AI/Model_AIIC_refactor/experiments_refactored/20260422_050408_full_mlp_capacity_search_v2/full_mlp_capacity_search_hd64_depth4,full_mlp_capacity_search_v2,full_mlp_capacity_search_hd64_depth4,supervised_nmse_plateau,full_mlp,12,6,jit,bf16,bfloat16,16,4,ok,,50.535794,20,50,0.06989412,0.0041590679371224515,0.063933,0.06879,0.07617660000000001,0.07798245,0.08019417,0.08106,228917.68291810527,228.91768291810527,68.79,4.299375,57229.42072952632,15120,14848,30040,sub-physical,0.03125,0.015625,Intel(R) Xeon(R) 6760P,AVX512,"avx2,avx512f,avx512bw,avx512vl,avx512_vnni,avx512_bf16,amx_bf16,amx_int8,amx_tile,fma",True,True,,256,128,sh14l07002s1404,3.11.9,2.1.2+cu121
20260424_010536,2026-04-24T06:14:21.931430,cpu,full_mlp_capacity_search_hd64_depth4,/home/liangyi/SRS_AI/Model_AIIC_refactor/experiments_refactored/20260422_050408_full_mlp_capacity_search_v2/full_mlp_capacity_search_hd64_depth4,full_mlp_capacity_search_v2,full_mlp_capacity_search_hd64_depth4,supervised_nmse_plateau,full_mlp,12,6,jit,bf16,bfloat16,16,8,ok,,52.148221,20,50,0.07242044,0.004161864976954443,0.063313,0.07165099999999999,0.0780585,0.07904005,0.08282866,0.083743,220932.10148957945,220.93210148957945,71.651,4.4781875,27616.51268619743,15120,14848,30040,sub-physical,0.0625,0.03125,Intel(R) Xeon(R) 6760P,AVX512,"avx2,avx512f,avx512bw,avx512vl,avx512_vnni,avx512_bf16,amx_bf16,amx_int8,amx_tile,fma",True,True,,256,128,sh14l07002s1404,3.11.9,2.1.2+cu121
20260424_010536,2026-04-24T06:14:21.931430,cpu,full_mlp_capacity_search_hd64_depth4,/home/liangyi/SRS_AI/Model_AIIC_refactor/experiments_refactored/20260422_050408_full_mlp_capacity_search_v2/full_mlp_capacity_search_hd64_depth4,full_mlp_capacity_search_v2,full_mlp_capacity_search_hd64_depth4,supervised_nmse_plateau,full_mlp,12,6,jit,bf16,bfloat16,16,128,ok,,86.496027,20,50,0.14536063999999999,0.017792749637714798,0.129571,0.14071299999999998,0.1621434,0.16733504999999999,0.21647907999999988,0.243139,110071.06187754816,110.07106187754816,140.71299999999997,8.794562499999998,859.930170918345,15120,14848,30040,all-physical,1.0,0.5,Intel(R) Xeon(R) 6760P,AVX512,"avx2,avx512f,avx512bw,avx512vl,avx512_vnni,avx512_bf16,amx_bf16,amx_int8,amx_tile,fma",True,True,,256,128,sh14l07002s1404,3.11.9,2.1.2+cu121
20260424_010536,2026-04-24T06:14:21.931430,cpu,full_mlp_capacity_search_hd64_depth4,/home/liangyi/SRS_AI/Model_AIIC_refactor/experiments_refactored/20260422_050408_full_mlp_capacity_search_v2/full_mlp_capacity_search_hd64_depth4,full_mlp_capacity_search_v2,full_mlp_capacity_search_hd64_depth4,supervised_nmse_plateau,full_mlp,12,6,jit,bf16,bfloat16,32,1,ok,,50.461478,20,50,0.06819402,0.004809442884534549,0.06156,0.066854,0.0749382,0.0766683,0.07823579,0.078887,469249.35646849975,469.24935646849974,66.854,2.0891875,469249.35646849975,15120,14848,30040,single-thread,0.0078125,0.00390625,Intel(R) Xeon(R) 6760P,AVX512,"avx2,avx512f,avx512bw,avx512vl,avx512_vnni,avx512_bf16,amx_bf16,amx_int8,amx_tile,fma",True,True,,256,128,sh14l07002s1404,3.11.9,2.1.2+cu121
20260424_010536,2026-04-24T06:14:21.931430,cpu,full_mlp_capacity_search_hd64_depth4,/home/liangyi/SRS_AI/Model_AIIC_refactor/experiments_refactored/20260422_050408_full_mlp_capacity_search_v2/full_mlp_capacity_search_hd64_depth4,full_mlp_capacity_search_v2,full_mlp_capacity_search_hd64_depth4,supervised_nmse_plateau,full_mlp,12,6,jit,bf16,bfloat16,32,2,ok,,52.591328,20,50,0.07453686,0.004275303675810642,0.066259,0.073957,0.0803899,0.08101485,0.08363860999999999,0.085016,429317.78988275066,429.3177898827507,73.957,2.31115625,214658.89494137533,15120,14848,30040,sub-physical,0.015625,0.0078125,Intel(R) Xeon(R) 6760P,AVX512,"avx2,avx512f,avx512bw,avx512vl,avx512_vnni,avx512_bf16,amx_bf16,amx_int8,amx_tile,fma",True,True,,256,128,sh14l07002s1404,3.11.9,2.1.2+cu121
20260424_010536,2026-04-24T06:14:21.931430,cpu,full_mlp_capacity_search_hd64_depth4,/home/liangyi/SRS_AI/Model_AIIC_refactor/experiments_refactored/20260422_050408_full_mlp_capacity_search_v2/full_mlp_capacity_search_hd64_depth4,full_mlp_capacity_search_v2,full_mlp_capacity_search_hd64_depth4,supervised_nmse_plateau,full_mlp,12,6,jit,bf16,bfloat16,32,4,ok,,51.296071,20,50,0.07934206,0.004324145239975179,0.073167,0.078976,0.0867685,0.0869306,0.08866473,0.089607,403316.97967005137,403.31697967005135,78.976,2.468,100829.24491751284,15120,14848,30040,sub-physical,0.03125,0.015625,Intel(R) Xeon(R) 6760P,AVX512,"avx2,avx512f,avx512bw,avx512vl,avx512_vnni,avx512_bf16,amx_bf16,amx_int8,amx_tile,fma",True,True,,256,128,sh14l07002s1404,3.11.9,2.1.2+cu121
20260424_010536,2026-04-24T06:14:21.931430,cpu,full_mlp_capacity_search_hd64_depth4,/home/liangyi/SRS_AI/Model_AIIC_refactor/experiments_refactored/20260422_050408_full_mlp_capacity_search_v2/full_mlp_capacity_search_hd64_depth4,full_mlp_capacity_search_v2,full_mlp_capacity_search_hd64_depth4,supervised_nmse_plateau,full_mlp,12,6,jit,bf16,bfloat16,32,8,ok,,51.544991,20,50,0.07787851999999999,0.005017934839114593,0.069267,0.0773725,0.083844,0.0857305,0.09076928,0.092988,410896.35498979694,410.8963549897969,77.3725,2.417890625,51362.04437372462,15120,14848,30040,sub-physical,0.0625,0.03125,Intel(R) Xeon(R) 6760P,AVX512,"avx2,avx512f,avx512bw,avx512vl,avx512_vnni,avx512_bf16,amx_bf16,amx_int8,amx_tile,fma",True,True,,256,128,sh14l07002s1404,3.11.9,2.1.2+cu121
20260424_010536,2026-04-24T06:14:21.931430,cpu,full_mlp_capacity_search_hd64_depth4,/home/liangyi/SRS_AI/Model_AIIC_refactor/experiments_refactored/20260422_050408_full_mlp_capacity_search_v2/full_mlp_capacity_search_hd64_depth4,full_mlp_capacity_search_v2,full_mlp_capacity_search_hd64_depth4,supervised_nmse_plateau,full_mlp,12,6,jit,bf16,bfloat16,32,128,ok,,88.809985,20,50,0.15568024,0.01249101113210616,0.141918,0.1526615,0.1715245,0.1807669,0.20140643,0.202187,205549.52895756072,205.5495289575607,152.66150000000002,4.770671875000001,1605.855694980943,15120,14848,30040,all-physical,1.0,0.5,Intel(R) Xeon(R) 6760P,AVX512,"avx2,avx512f,avx512bw,avx512vl,avx512_vnni,avx512_bf16,amx_bf16,amx_int8,amx_tile,fma",True,True,,256,128,sh14l07002s1404,3.11.9,2.1.2+cu121
20260424_010536,2026-04-24T06:14:21.931430,cpu,full_mlp_capacity_search_hd64_depth4,/home/liangyi/SRS_AI/Model_AIIC_refactor/experiments_refactored/20260422_050408_full_mlp_capacity_search_v2/full_mlp_capacity_search_hd64_depth4,full_mlp_capacity_search_v2,full_mlp_capacity_search_hd64_depth4,supervised_nmse_plateau,full_mlp,12,6,jit,bf16,bfloat16,64,1,ok,,52.703325,20,50,0.0773787,0.004242057822566779,0.072076,0.0760815,0.0844564,0.0852878,0.08921408999999998,0.09282,827100.9980782826,827.1009980782826,76.08149999999999,1.1887734374999999,827100.9980782826,15120,14848,30040,single-thread,0.0078125,0.00390625,Intel(R) Xeon(R) 6760P,AVX512,"avx2,avx512f,avx512bw,avx512vl,avx512_vnni,avx512_bf16,amx_bf16,amx_int8,amx_tile,fma",True,True,,256,128,sh14l07002s1404,3.11.9,2.1.2+cu121
20260424_010536,2026-04-24T06:14:21.931430,cpu,full_mlp_capacity_search_hd64_depth4,/home/liangyi/SRS_AI/Model_AIIC_refactor/experiments_refactored/20260422_050408_full_mlp_capacity_search_v2/full_mlp_capacity_search_hd64_depth4,full_mlp_capacity_search_v2,full_mlp_capacity_search_hd64_depth4,supervised_nmse_plateau,full_mlp,12,6,jit,bf16,bfloat16,64,2,ok,,53.494685,20,50,0.10127988,0.0037879606631537237,0.094969,0.0999315,0.1061039,0.1068793,0.11163877,0.111799,631912.2810966995,631.9122810966995,99.9315,1.5614296875,315956.14054834977,15120,14848,30040,sub-physical,0.015625,0.0078125,Intel(R) Xeon(R) 6760P,AVX512,"avx2,avx512f,avx512bw,avx512vl,avx512_vnni,avx512_bf16,amx_bf16,amx_int8,amx_tile,fma",True,True,,256,128,sh14l07002s1404,3.11.9,2.1.2+cu121
20260424_010536,2026-04-24T06:14:21.931430,cpu,full_mlp_capacity_search_hd64_depth4,/home/liangyi/SRS_AI/Model_AIIC_refactor/experiments_refactored/20260422_050408_full_mlp_capacity_search_v2/full_mlp_capacity_search_hd64_depth4,full_mlp_capacity_search_v2,full_mlp_capacity_search_hd64_depth4,supervised_nmse_plateau,full_mlp,12,6,jit,bf16,bfloat16,64,4,ok,,52.107746,20,50,0.10740944,0.004250682581233277,0.098995,0.10665649999999999,0.1135744,0.1158432,0.11802349,0.119052,595850.7930029242,595.8507930029242,106.6565,1.6665078125,148962.69825073105,15120,14848,30040,sub-physical,0.03125,0.015625,Intel(R) Xeon(R) 6760P,AVX512,"avx2,avx512f,avx512bw,avx512vl,avx512_vnni,avx512_bf16,amx_bf16,amx_int8,amx_tile,fma",True,True,,256,128,sh14l07002s1404,3.11.9,2.1.2+cu121
20260424_010536,2026-04-24T06:14:21.931430,cpu,full_mlp_capacity_search_hd64_depth4,/home/liangyi/SRS_AI/Model_AIIC_refactor/experiments_refactored/20260422_050408_full_mlp_capacity_search_v2/full_mlp_capacity_search_hd64_depth4,full_mlp_capacity_search_v2,full_mlp_capacity_search_hd64_depth4,supervised_nmse_plateau,full_mlp,12,6,jit,bf16,bfloat16,64,8,ok,,54.508311,20,50,0.10693544,0.004432706050078215,0.098503,0.1062935,0.1127593,0.11402034999999999,0.11794913,0.11847,598491.9499092163,598.4919499092163,106.2935,1.6608359375,74811.49373865203,15120,14848,30040,sub-physical,0.0625,0.03125,Intel(R) Xeon(R) 6760P,AVX512,"avx2,avx512f,avx512bw,avx512vl,avx512_vnni,avx512_bf16,amx_bf16,amx_int8,amx_tile,fma",True,True,,256,128,sh14l07002s1404,3.11.9,2.1.2+cu121
20260424_010536,2026-04-24T06:14:21.931430,cpu,full_mlp_capacity_search_hd64_depth4,/home/liangyi/SRS_AI/Model_AIIC_refactor/experiments_refactored/20260422_050408_full_mlp_capacity_search_v2/full_mlp_capacity_search_hd64_depth4,full_mlp_capacity_search_v2,full_mlp_capacity_search_hd64_depth4,supervised_nmse_plateau,full_mlp,12,6,jit,bf16,bfloat16,64,128,ok,,82.507295,20,50,0.3301942,0.015614213436481518,0.301949,0.327164,0.3528158,0.35861299999999996,0.36889951,0.373555,193825.33066904265,193.82533066904264,327.164,5.1119375,1514.2603958518957,15120,14848,30040,all-physical,1.0,0.5,Intel(R) Xeon(R) 6760P,AVX512,"avx2,avx512f,avx512bw,avx512vl,avx512_vnni,avx512_bf16,amx_bf16,amx_int8,amx_tile,fma",True,True,,256,128,sh14l07002s1404,3.11.9,2.1.2+cu121
20260424_010536,2026-04-24T06:14:21.931430,cpu,full_mlp_capacity_search_hd64_depth4,/home/liangyi/SRS_AI/Model_AIIC_refactor/experiments_refactored/20260422_050408_full_mlp_capacity_search_v2/full_mlp_capacity_search_hd64_depth4,full_mlp_capacity_search_v2,full_mlp_capacity_search_hd64_depth4,supervised_nmse_plateau,full_mlp,12,6,jit,bf16,bfloat16,128,1,ok,,53.261981,20,50,0.09863682,0.008149482088304752,0.094696,0.097364,0.09951370000000001,0.09998275,0.1306345499999999,0.154304,1297689.8484764614,1297.6898484764613,97.364,0.76065625,1297689.8484764614,15120,14848,30040,single-thread,0.0078125,0.00390625,Intel(R) Xeon(R) 6760P,AVX512,"avx2,avx512f,avx512bw,avx512vl,avx512_vnni,avx512_bf16,amx_bf16,amx_int8,amx_tile,fma",True,True,,256,128,sh14l07002s1404,3.11.9,2.1.2+cu121
20260424_010536,2026-04-24T06:14:21.931430,cpu,full_mlp_capacity_search_hd64_depth4,/home/liangyi/SRS_AI/Model_AIIC_refactor/experiments_refactored/20260422_050408_full_mlp_capacity_search_v2/full_mlp_capacity_search_hd64_depth4,full_mlp_capacity_search_v2,full_mlp_capacity_search_hd64_depth4,supervised_nmse_plateau,full_mlp,12,6,jit,bf16,bfloat16,128,2,ok,,54.1311,20,50,0.13191806,0.0044281569502898155,0.124627,0.13231549999999997,0.1369862,0.13795359999999998,0.14403501999999999,0.147172,970299.2903321956,970.2992903321956,132.3155,1.03371484375,485149.6451660978,15120,14848,30040,sub-physical,0.015625,0.0078125,Intel(R) Xeon(R) 6760P,AVX512,"avx2,avx512f,avx512bw,avx512vl,avx512_vnni,avx512_bf16,amx_bf16,amx_int8,amx_tile,fma",True,True,,256,128,sh14l07002s1404,3.11.9,2.1.2+cu121
20260424_010536,2026-04-24T06:14:21.931430,cpu,full_mlp_capacity_search_hd64_depth4,/home/liangyi/SRS_AI/Model_AIIC_refactor/experiments_refactored/20260422_050408_full_mlp_capacity_search_v2/full_mlp_capacity_search_hd64_depth4,full_mlp_capacity_search_v2,full_mlp_capacity_search_hd64_depth4,supervised_nmse_plateau,full_mlp,12,6,jit,bf16,bfloat16,128,4,ok,,54.332775,20,50,0.14641074,0.0045597135735043716,0.137364,0.146229,0.1509401,0.15369575,0.15793998,0.159066,874252.8041317187,874.2528041317187,146.22899999999998,1.1424140624999999,218563.20103292968,15120,14848,30040,sub-physical,0.03125,0.015625,Intel(R) Xeon(R) 6760P,AVX512,"avx2,avx512f,avx512bw,avx512vl,avx512_vnni,avx512_bf16,amx_bf16,amx_int8,amx_tile,fma",True,True,,256,128,sh14l07002s1404,3.11.9,2.1.2+cu121
20260424_010536,2026-04-24T06:14:21.931430,cpu,full_mlp_capacity_search_hd64_depth4,/home/liangyi/SRS_AI/Model_AIIC_refactor/experiments_refactored/20260422_050408_full_mlp_capacity_search_v2/full_mlp_capacity_search_hd64_depth4,full_mlp_capacity_search_v2,full_mlp_capacity_search_hd64_depth4,supervised_nmse_plateau,full_mlp,12,6,jit,bf16,bfloat16,128,8,ok,,54.577331,20,50,0.1426787,0.005112934543879866,0.132908,0.142322,0.1486421,0.150427,0.1548531,0.158729,897120.5933331324,897.1205933331324,142.322,1.111890625,112140.07416664156,15120,14848,30040,sub-physical,0.0625,0.03125,Intel(R) Xeon(R) 6760P,AVX512,"avx2,avx512f,avx512bw,avx512vl,avx512_vnni,avx512_bf16,amx_bf16,amx_int8,amx_tile,fma",True,True,,256,128,sh14l07002s1404,3.11.9,2.1.2+cu121
20260424_010536,2026-04-24T06:14:21.931430,cpu,full_mlp_capacity_search_hd64_depth4,/home/liangyi/SRS_AI/Model_AIIC_refactor/experiments_refactored/20260422_050408_full_mlp_capacity_search_v2/full_mlp_capacity_search_hd64_depth4,full_mlp_capacity_search_v2,full_mlp_capacity_search_hd64_depth4,supervised_nmse_plateau,full_mlp,12,6,jit,bf16,bfloat16,128,128,ok,,93.037063,20,50,0.34775872,0.016292823306032628,0.320278,0.344986,0.3730792,0.38206429999999997,0.38940333,0.391551,368071.2880470689,368.07128804706895,344.986,2.695203125,2875.556937867726,15120,14848,30040,all-physical,1.0,0.5,Intel(R) Xeon(R) 6760P,AVX512,"avx2,avx512f,avx512bw,avx512vl,avx512_vnni,avx512_bf16,amx_bf16,amx_int8,amx_tile,fma",True,True,,256,128,sh14l07002s1404,3.11.9,2.1.2+cu121
20260424_010536,2026-04-24T06:14:21.931430,cpu,full_mlp_capacity_search_hd64_depth4,/home/liangyi/SRS_AI/Model_AIIC_refactor/experiments_refactored/20260422_050408_full_mlp_capacity_search_v2/full_mlp_capacity_search_hd64_depth4,full_mlp_capacity_search_v2,full_mlp_capacity_search_hd64_depth4,supervised_nmse_plateau,full_mlp,12,6,compile,fp32,float32,1,1,ok,,527.512045,20,50,0.0409931,0.0019725510107472507,0.037657,0.04048,0.042827399999999995,0.044266549999999995,0.04761586999999999,0.049545,24394.349292929786,24.394349292929785,40.480000000000004,40.480000000000004,24394.349292929786,15120,14848,30040,single-thread,0.0078125,0.00390625,Intel(R) Xeon(R) 6760P,AVX512,"avx2,avx512f,avx512bw,avx512vl,avx512_vnni,avx512_bf16,amx_bf16,amx_int8,amx_tile,fma",True,True,,256,128,sh14l07002s1404,3.11.9,2.1.2+cu121
20260424_010536,2026-04-24T06:14:21.931430,cpu,full_mlp_capacity_search_hd64_depth4,/home/liangyi/SRS_AI/Model_AIIC_refactor/experiments_refactored/20260422_050408_full_mlp_capacity_search_v2/full_mlp_capacity_search_hd64_depth4,full_mlp_capacity_search_v2,full_mlp_capacity_search_hd64_depth4,supervised_nmse_plateau,full_mlp,12,6,compile,fp32,float32,1,2,ok,,508.041705,20,50,0.04556328,0.0016859439259951678,0.042732,0.0454675,0.0475,0.04813105,0.05003182999999999,0.051273,21947.498073009672,21.947498073009672,45.4675,45.4675,10973.749036504836,15120,14848,30040,sub-physical,0.015625,0.0078125,Intel(R) Xeon(R) 6760P,AVX512,"avx2,avx512f,avx512bw,avx512vl,avx512_vnni,avx512_bf16,amx_bf16,amx_int8,amx_tile,fma",True,True,,256,128,sh14l07002s1404,3.11.9,2.1.2+cu121
20260424_010536,2026-04-24T06:14:21.931430,cpu,full_mlp_capacity_search_hd64_depth4,/home/liangyi/SRS_AI/Model_AIIC_refactor/experiments_refactored/20260422_050408_full_mlp_capacity_search_v2/full_mlp_capacity_search_hd64_depth4,full_mlp_capacity_search_v2,full_mlp_capacity_search_hd64_depth4,supervised_nmse_plateau,full_mlp,12,6,compile,fp32,float32,1,4,ok,,506.604189,20,50,0.03975632,0.0014969773203358828,0.037281,0.0395915,0.0414831,0.04179445,0.04455575,0.045891,25153.233498472695,25.153233498472694,39.5915,39.5915,6288.308374618174,15120,14848,30040,sub-physical,0.03125,0.015625,Intel(R) Xeon(R) 6760P,AVX512,"avx2,avx512f,avx512bw,avx512vl,avx512_vnni,avx512_bf16,amx_bf16,amx_int8,amx_tile,fma",True,True,,256,128,sh14l07002s1404,3.11.9,2.1.2+cu121
20260424_010536,2026-04-24T06:14:21.931430,cpu,full_mlp_capacity_search_hd64_depth4,/home/liangyi/SRS_AI/Model_AIIC_refactor/experiments_refactored/20260422_050408_full_mlp_capacity_search_v2/full_mlp_capacity_search_hd64_depth4,full_mlp_capacity_search_v2,full_mlp_capacity_search_hd64_depth4,supervised_nmse_plateau,full_mlp,12,6,compile,fp32,float32,1,8,ok,,543.34308,20,50,0.03853016,0.0012582423353233662,0.035865,0.038361,0.0401201,0.04072435,0.04185257,0.042003,25953.69445649849,25.953694456498493,38.361,38.361,3244.2118070623114,15120,14848,30040,sub-physical,0.0625,0.03125,Intel(R) Xeon(R) 6760P,AVX512,"avx2,avx512f,avx512bw,avx512vl,avx512_vnni,avx512_bf16,amx_bf16,amx_int8,amx_tile,fma",True,True,,256,128,sh14l07002s1404,3.11.9,2.1.2+cu121
20260424_010536,2026-04-24T06:14:21.931430,cpu,full_mlp_capacity_search_hd64_depth4,/home/liangyi/SRS_AI/Model_AIIC_refactor/experiments_refactored/20260422_050408_full_mlp_capacity_search_v2/full_mlp_capacity_search_hd64_depth4,full_mlp_capacity_search_v2,full_mlp_capacity_search_hd64_depth4,supervised_nmse_plateau,full_mlp,12,6,compile,fp32,float32,1,128,ok,,835.42984,20,50,0.03990732,0.0016489898658269544,0.037435,0.0395425,0.042666499999999996,0.04369425,0.04422989,0.044494,25058.059523916912,25.058059523916913,39.542500000000004,39.542500000000004,195.76609003060088,15120,14848,30040,all-physical,1.0,0.5,Intel(R) Xeon(R) 6760P,AVX512,"avx2,avx512f,avx512bw,avx512vl,avx512_vnni,avx512_bf16,amx_bf16,amx_int8,amx_tile,fma",True,True,,256,128,sh14l07002s1404,3.11.9,2.1.2+cu121
20260424_010536,2026-04-24T06:14:21.931430,cpu,full_mlp_capacity_search_hd64_depth4,/home/liangyi/SRS_AI/Model_AIIC_refactor/experiments_refactored/20260422_050408_full_mlp_capacity_search_v2/full_mlp_capacity_search_hd64_depth4,full_mlp_capacity_search_v2,full_mlp_capacity_search_hd64_depth4,supervised_nmse_plateau,full_mlp,12,6,compile,fp32,float32,2,1,ok,,497.421277,20,50,0.04299758,0.001687263975671857,0.039923,0.042703500000000005,0.0448961,0.04526775,0.04827466999999999,0.050733,46514.24568545485,46.51424568545485,42.703500000000005,21.351750000000003,46514.24568545485,15120,14848,30040,single-thread,0.0078125,0.00390625,Intel(R) Xeon(R) 6760P,AVX512,"avx2,avx512f,avx512bw,avx512vl,avx512_vnni,avx512_bf16,amx_bf16,amx_int8,amx_tile,fma",True,True,,256,128,sh14l07002s1404,3.11.9,2.1.2+cu121
20260424_010536,2026-04-24T06:14:21.931430,cpu,full_mlp_capacity_search_hd64_depth4,/home/liangyi/SRS_AI/Model_AIIC_refactor/experiments_refactored/20260422_050408_full_mlp_capacity_search_v2/full_mlp_capacity_search_hd64_depth4,full_mlp_capacity_search_v2,full_mlp_capacity_search_hd64_depth4,supervised_nmse_plateau,full_mlp,12,6,compile,fp32,float32,2,2,ok,,509.334037,20,50,0.04222072,0.0027605711658278257,0.03874,0.041173,0.046740300000000005,0.04887975,0.05020986,0.050693,47370.10643115513,47.37010643115513,41.173,20.5865,23685.053215577565,15120,14848,30040,sub-physical,0.015625,0.0078125,Intel(R) Xeon(R) 6760P,AVX512,"avx2,avx512f,avx512bw,avx512vl,avx512_vnni,avx512_bf16,amx_bf16,amx_int8,amx_tile,fma",True,True,,256,128,sh14l07002s1404,3.11.9,2.1.2+cu121
20260424_010536,2026-04-24T06:14:21.931430,cpu,full_mlp_capacity_search_hd64_depth4,/home/liangyi/SRS_AI/Model_AIIC_refactor/experiments_refactored/20260422_050408_full_mlp_capacity_search_v2/full_mlp_capacity_search_hd64_depth4,full_mlp_capacity_search_v2,full_mlp_capacity_search_hd64_depth4,supervised_nmse_plateau,full_mlp,12,6,compile,fp32,float32,2,4,ok,,509.491664,20,50,0.0402287,0.0019048570156313574,0.038017,0.039815500000000004,0.041591899999999994,0.04220145,0.04694313999999999,0.051213,49715.750198241556,49.71575019824156,39.8155,19.90775,12428.937549560389,15120,14848,30040,sub-physical,0.03125,0.015625,Intel(R) Xeon(R) 6760P,AVX512,"avx2,avx512f,avx512bw,avx512vl,avx512_vnni,avx512_bf16,amx_bf16,amx_int8,amx_tile,fma",True,True,,256,128,sh14l07002s1404,3.11.9,2.1.2+cu121
20260424_010536,2026-04-24T06:14:21.931430,cpu,full_mlp_capacity_search_hd64_depth4,/home/liangyi/SRS_AI/Model_AIIC_refactor/experiments_refactored/20260422_050408_full_mlp_capacity_search_v2/full_mlp_capacity_search_hd64_depth4,full_mlp_capacity_search_v2,full_mlp_capacity_search_hd64_depth4,supervised_nmse_plateau,full_mlp,12,6,compile,fp32,float32,2,8,ok,,544.446639,20,50,0.04200476,0.002726695366629723,0.038956,0.041052500000000006,0.0461918,0.0484009,0.0491853,0.049543,47613.65140522169,47.61365140522169,41.05250000000001,20.526250000000005,5951.706425652711,15120,14848,30040,sub-physical,0.0625,0.03125,Intel(R) Xeon(R) 6760P,AVX512,"avx2,avx512f,avx512bw,avx512vl,avx512_vnni,avx512_bf16,amx_bf16,amx_int8,amx_tile,fma",True,True,,256,128,sh14l07002s1404,3.11.9,2.1.2+cu121
20260424_010536,2026-04-24T06:14:21.931430,cpu,full_mlp_capacity_search_hd64_depth4,/home/liangyi/SRS_AI/Model_AIIC_refactor/experiments_refactored/20260422_050408_full_mlp_capacity_search_v2/full_mlp_capacity_search_hd64_depth4,full_mlp_capacity_search_v2,full_mlp_capacity_search_hd64_depth4,supervised_nmse_plateau,full_mlp,12,6,compile,fp32,float32,2,128,ok,,830.892511,20,50,0.04059798,0.0023149056351393677,0.0382,0.039642,0.0448716,0.0451048,0.0460357,0.04607,49263.534786706135,49.26353478670614,39.641999999999996,19.820999999999998,384.8713655211417,15120,14848,30040,all-physical,1.0,0.5,Intel(R) Xeon(R) 6760P,AVX512,"avx2,avx512f,avx512bw,avx512vl,avx512_vnni,avx512_bf16,amx_bf16,amx_int8,amx_tile,fma",True,True,,256,128,sh14l07002s1404,3.11.9,2.1.2+cu121
20260424_010536,2026-04-24T06:14:21.931430,cpu,full_mlp_capacity_search_hd64_depth4,/home/liangyi/SRS_AI/Model_AIIC_refactor/experiments_refactored/20260422_050408_full_mlp_capacity_search_v2/full_mlp_capacity_search_hd64_depth4,full_mlp_capacity_search_v2,full_mlp_capacity_search_hd64_depth4,supervised_nmse_plateau,full_mlp,12,6,compile,fp32,float32,4,1,ok,,496.56776,20,50,0.04603814,0.0028721405676602942,0.042689,0.0453115,0.0500421,0.051295799999999996,0.05546415,0.056329,86884.48316982399,86.88448316982398,45.311499999999995,11.327874999999999,86884.48316982399,15120,14848,30040,single-thread,0.0078125,0.00390625,Intel(R) Xeon(R) 6760P,AVX512,"avx2,avx512f,avx512bw,avx512vl,avx512_vnni,avx512_bf16,amx_bf16,amx_int8,amx_tile,fma",True,True,,256,128,sh14l07002s1404,3.11.9,2.1.2+cu121
20260424_010536,2026-04-24T06:14:21.931430,cpu,full_mlp_capacity_search_hd64_depth4,/home/liangyi/SRS_AI/Model_AIIC_refactor/experiments_refactored/20260422_050408_full_mlp_capacity_search_v2/full_mlp_capacity_search_hd64_depth4,full_mlp_capacity_search_v2,full_mlp_capacity_search_hd64_depth4,supervised_nmse_plateau,full_mlp,12,6,compile,fp32,float32,4,2,ok,,508.235021,20,50,0.0439172,0.0017285235086628126,0.041451,0.0436385,0.0459672,0.04625245,0.049202359999999994,0.051131,91080.4878270928,91.0804878270928,43.63849999999999,10.909624999999998,45540.2439135464,15120,14848,30040,sub-physical,0.015625,0.0078125,Intel(R) Xeon(R) 6760P,AVX512,"avx2,avx512f,avx512bw,avx512vl,avx512_vnni,avx512_bf16,amx_bf16,amx_int8,amx_tile,fma",True,True,,256,128,sh14l07002s1404,3.11.9,2.1.2+cu121
20260424_010536,2026-04-24T06:14:21.931430,cpu,full_mlp_capacity_search_hd64_depth4,/home/liangyi/SRS_AI/Model_AIIC_refactor/experiments_refactored/20260422_050408_full_mlp_capacity_search_v2/full_mlp_capacity_search_hd64_depth4,full_mlp_capacity_search_v2,full_mlp_capacity_search_hd64_depth4,supervised_nmse_plateau,full_mlp,12,6,compile,fp32,float32,4,4,ok,,497.991923,20,50,0.0412205,0.0018636599931317948,0.038634,0.040688,0.0429227,0.04588305,0.047505269999999995,0.048082,97039.09462524713,97.03909462524713,40.688,10.172,24259.773656311783,15120,14848,30040,sub-physical,0.03125,0.015625,Intel(R) Xeon(R) 6760P,AVX512,"avx2,avx512f,avx512bw,avx512vl,avx512_vnni,avx512_bf16,amx_bf16,amx_int8,amx_tile,fma",True,True,,256,128,sh14l07002s1404,3.11.9,2.1.2+cu121
20260424_010536,2026-04-24T06:14:21.931430,cpu,full_mlp_capacity_search_hd64_depth4,/home/liangyi/SRS_AI/Model_AIIC_refactor/experiments_refactored/20260422_050408_full_mlp_capacity_search_v2/full_mlp_capacity_search_hd64_depth4,full_mlp_capacity_search_v2,full_mlp_capacity_search_hd64_depth4,supervised_nmse_plateau,full_mlp,12,6,compile,fp32,float32,4,8,ok,,544.976216,20,50,0.0450927,0.0032167960224422066,0.041987,0.0438365,0.050537900000000004,0.051132649999999995,0.05406584999999999,0.056141,88706.15421121378,88.70615421121379,43.8365,10.959125,11088.269276401723,15120,14848,30040,sub-physical,0.0625,0.03125,Intel(R) Xeon(R) 6760P,AVX512,"avx2,avx512f,avx512bw,avx512vl,avx512_vnni,avx512_bf16,amx_bf16,amx_int8,amx_tile,fma",True,True,,256,128,sh14l07002s1404,3.11.9,2.1.2+cu121
20260424_010536,2026-04-24T06:14:21.931430,cpu,full_mlp_capacity_search_hd64_depth4,/home/liangyi/SRS_AI/Model_AIIC_refactor/experiments_refactored/20260422_050408_full_mlp_capacity_search_v2/full_mlp_capacity_search_hd64_depth4,full_mlp_capacity_search_v2,full_mlp_capacity_search_hd64_depth4,supervised_nmse_plateau,full_mlp,12,6,compile,fp32,float32,4,128,ok,,842.187679,20,50,0.0408601,0.0014848721594804045,0.038699,0.0406775,0.0422685,0.04254445,0.045974949999999994,0.048055,97895.01249385095,97.89501249385096,40.677499999999995,10.169374999999999,764.8047851082106,15120,14848,30040,all-physical,1.0,0.5,Intel(R) Xeon(R) 6760P,AVX512,"avx2,avx512f,avx512bw,avx512vl,avx512_vnni,avx512_bf16,amx_bf16,amx_int8,amx_tile,fma",True,True,,256,128,sh14l07002s1404,3.11.9,2.1.2+cu121
20260424_010536,2026-04-24T06:14:21.931430,cpu,full_mlp_capacity_search_hd64_depth4,/home/liangyi/SRS_AI/Model_AIIC_refactor/experiments_refactored/20260422_050408_full_mlp_capacity_search_v2/full_mlp_capacity_search_hd64_depth4,full_mlp_capacity_search_v2,full_mlp_capacity_search_hd64_depth4,supervised_nmse_plateau,full_mlp,12,6,compile,fp32,float32,8,1,ok,,496.801767,20,50,0.04246104,0.0016657085934820655,0.040097,0.0421585,0.0436423,0.04396055,0.04850405999999999,0.051594,188408.0088476401,188.4080088476401,42.158500000000004,5.2698125000000005,188408.0088476401,15120,14848,30040,single-thread,0.0078125,0.00390625,Intel(R) Xeon(R) 6760P,AVX512,"avx2,avx512f,avx512bw,avx512vl,avx512_vnni,avx512_bf16,amx_bf16,amx_int8,amx_tile,fma",True,True,,256,128,sh14l07002s1404,3.11.9,2.1.2+cu121
20260424_010536,2026-04-24T06:14:21.931430,cpu,full_mlp_capacity_search_hd64_depth4,/home/liangyi/SRS_AI/Model_AIIC_refactor/experiments_refactored/20260422_050408_full_mlp_capacity_search_v2/full_mlp_capacity_search_hd64_depth4,full_mlp_capacity_search_v2,full_mlp_capacity_search_hd64_depth4,supervised_nmse_plateau,full_mlp,12,6,compile,fp32,float32,8,2,ok,,510.566975,20,50,0.042588219999999996,0.0021893540169648216,0.040221,0.0420845,0.0439516,0.047215899999999984,0.05031616,0.050618,187845.37132568585,187.84537132568585,42.0845,5.2605625,93922.68566284292,15120,14848,30040,sub-physical,0.015625,0.0078125,Intel(R) Xeon(R) 6760P,AVX512,"avx2,avx512f,avx512bw,avx512vl,avx512_vnni,avx512_bf16,amx_bf16,amx_int8,amx_tile,fma",True,True,,256,128,sh14l07002s1404,3.11.9,2.1.2+cu121
20260424_010536,2026-04-24T06:14:21.931430,cpu,full_mlp_capacity_search_hd64_depth4,/home/liangyi/SRS_AI/Model_AIIC_refactor/experiments_refactored/20260422_050408_full_mlp_capacity_search_v2/full_mlp_capacity_search_hd64_depth4,full_mlp_capacity_search_v2,full_mlp_capacity_search_hd64_depth4,supervised_nmse_plateau,full_mlp,12,6,compile,fp32,float32,8,4,ok,,512.625201,20,50,0.04344208,0.0027985321855572795,0.040526,0.042571,0.0472156,0.050782,0.051724519999999996,0.052191,184153.24496432953,184.15324496432953,42.571,5.321375,46038.31124108238,15120,14848,30040,sub-physical,0.03125,0.015625,Intel(R) Xeon(R) 6760P,AVX512,"avx2,avx512f,avx512bw,avx512vl,avx512_vnni,avx512_bf16,amx_bf16,amx_int8,amx_tile,fma",True,True,,256,128,sh14l07002s1404,3.11.9,2.1.2+cu121
20260424_010536,2026-04-24T06:14:21.931430,cpu,full_mlp_capacity_search_hd64_depth4,/home/liangyi/SRS_AI/Model_AIIC_refactor/experiments_refactored/20260422_050408_full_mlp_capacity_search_v2/full_mlp_capacity_search_hd64_depth4,full_mlp_capacity_search_v2,full_mlp_capacity_search_hd64_depth4,supervised_nmse_plateau,full_mlp,12,6,compile,fp32,float32,8,8,ok,,538.493635,20,50,0.0431344,0.0032786969728841975,0.039389,0.0419825,0.0492247,0.0498473,0.05174979999999999,0.053063,185466.8199859045,185.4668199859045,41.9825,5.2478125,23183.352498238062,15120,14848,30040,sub-physical,0.0625,0.03125,Intel(R) Xeon(R) 6760P,AVX512,"avx2,avx512f,avx512bw,avx512vl,avx512_vnni,avx512_bf16,amx_bf16,amx_int8,amx_tile,fma",True,True,,256,128,sh14l07002s1404,3.11.9,2.1.2+cu121
20260424_010536,2026-04-24T06:14:21.931430,cpu,full_mlp_capacity_search_hd64_depth4,/home/liangyi/SRS_AI/Model_AIIC_refactor/experiments_refactored/20260422_050408_full_mlp_capacity_search_v2/full_mlp_capacity_search_hd64_depth4,full_mlp_capacity_search_v2,full_mlp_capacity_search_hd64_depth4,supervised_nmse_plateau,full_mlp,12,6,compile,fp32,float32,8,128,ok,,839.717526,20,50,0.04435874,0.0030223603412564823,0.041024,0.0432065,0.0500061,0.05066965,0.0508713,0.050984,180347.773629278,180.347773629278,43.2065,5.4008125,1408.9669814787344,15120,14848,30040,all-physical,1.0,0.5,Intel(R) Xeon(R) 6760P,AVX512,"avx2,avx512f,avx512bw,avx512vl,avx512_vnni,avx512_bf16,amx_bf16,amx_int8,amx_tile,fma",True,True,,256,128,sh14l07002s1404,3.11.9,2.1.2+cu121
20260424_010536,2026-04-24T06:14:21.931430,cpu,full_mlp_capacity_search_hd64_depth4,/home/liangyi/SRS_AI/Model_AIIC_refactor/experiments_refactored/20260422_050408_full_mlp_capacity_search_v2/full_mlp_capacity_search_hd64_depth4,full_mlp_capacity_search_v2,full_mlp_capacity_search_hd64_depth4,supervised_nmse_plateau,full_mlp,12,6,compile,fp32,float32,16,1,ok,,487.479175,20,50,0.04389142,0.0015400101180187095,0.041823,0.043553499999999995,0.045665899999999995,0.04593015,0.04846618999999999,0.050803,364535.9389147127,364.5359389147127,43.55349999999999,2.7220937499999995,364535.9389147127,15120,14848,30040,single-thread,0.0078125,0.00390625,Intel(R) Xeon(R) 6760P,AVX512,"avx2,avx512f,avx512bw,avx512vl,avx512_vnni,avx512_bf16,amx_bf16,amx_int8,amx_tile,fma",True,True,,256,128,sh14l07002s1404,3.11.9,2.1.2+cu121
20260424_010536,2026-04-24T06:14:21.931430,cpu,full_mlp_capacity_search_hd64_depth4,/home/liangyi/SRS_AI/Model_AIIC_refactor/experiments_refactored/20260422_050408_full_mlp_capacity_search_v2/full_mlp_capacity_search_hd64_depth4,full_mlp_capacity_search_v2,full_mlp_capacity_search_hd64_depth4,supervised_nmse_plateau,full_mlp,12,6,compile,fp32,float32,16,2,ok,,515.429268,20,50,0.04611354,0.0024580724660595347,0.043939,0.0454865,0.0477942,0.05182499999999999,0.0550576,0.055724,346969.67528409226,346.96967528409226,45.4865,2.84290625,173484.83764204613,15120,14848,30040,sub-physical,0.015625,0.0078125,Intel(R) Xeon(R) 6760P,AVX512,"avx2,avx512f,avx512bw,avx512vl,avx512_vnni,avx512_bf16,amx_bf16,amx_int8,amx_tile,fma",True,True,,256,128,sh14l07002s1404,3.11.9,2.1.2+cu121
20260424_010536,2026-04-24T06:14:21.931430,cpu,full_mlp_capacity_search_hd64_depth4,/home/liangyi/SRS_AI/Model_AIIC_refactor/experiments_refactored/20260422_050408_full_mlp_capacity_search_v2/full_mlp_capacity_search_hd64_depth4,full_mlp_capacity_search_v2,full_mlp_capacity_search_hd64_depth4,supervised_nmse_plateau,full_mlp,12,6,compile,fp32,float32,16,4,ok,,513.27149,20,50,0.05587564,0.0022290891481499793,0.052963,0.0552905,0.0580355,0.0587749,0.06330727999999998,0.067388,286350.18766675424,286.35018766675427,55.2905,3.45565625,71587.54691668856,15120,14848,30040,sub-physical,0.03125,0.015625,Intel(R) Xeon(R) 6760P,AVX512,"avx2,avx512f,avx512bw,avx512vl,avx512_vnni,avx512_bf16,amx_bf16,amx_int8,amx_tile,fma",True,True,,256,128,sh14l07002s1404,3.11.9,2.1.2+cu121
20260424_010536,2026-04-24T06:14:21.931430,cpu,full_mlp_capacity_search_hd64_depth4,/home/liangyi/SRS_AI/Model_AIIC_refactor/experiments_refactored/20260422_050408_full_mlp_capacity_search_v2/full_mlp_capacity_search_hd64_depth4,full_mlp_capacity_search_v2,full_mlp_capacity_search_hd64_depth4,supervised_nmse_plateau,full_mlp,12,6,compile,fp32,float32,16,8,ok,,542.146191,20,50,0.04587716,0.0022494183191216345,0.042643,0.045386499999999996,0.0479795,0.04981185,0.053840969999999995,0.054354,348757.4209039967,348.75742090399666,45.3865,2.83665625,43594.677612999585,15120,14848,30040,sub-physical,0.0625,0.03125,Intel(R) Xeon(R) 6760P,AVX512,"avx2,avx512f,avx512bw,avx512vl,avx512_vnni,avx512_bf16,amx_bf16,amx_int8,amx_tile,fma",True,True,,256,128,sh14l07002s1404,3.11.9,2.1.2+cu121
20260424_010536,2026-04-24T06:14:21.931430,cpu,full_mlp_capacity_search_hd64_depth4,/home/liangyi/SRS_AI/Model_AIIC_refactor/experiments_refactored/20260422_050408_full_mlp_capacity_search_v2/full_mlp_capacity_search_hd64_depth4,full_mlp_capacity_search_v2,full_mlp_capacity_search_hd64_depth4,supervised_nmse_plateau,full_mlp,12,6,compile,fp32,float32,16,128,ok,,842.634576,20,50,0.04656574,0.0014331153172023527,0.04393,0.046285,0.0487071,0.048841249999999996,0.04962991,0.049944,343600.25203078485,343.6002520307849,46.285,2.8928125,2684.3769689905066,15120,14848,30040,all-physical,1.0,0.5,Intel(R) Xeon(R) 6760P,AVX512,"avx2,avx512f,avx512bw,avx512vl,avx512_vnni,avx512_bf16,amx_bf16,amx_int8,amx_tile,fma",True,True,,256,128,sh14l07002s1404,3.11.9,2.1.2+cu121
20260424_010536,2026-04-24T06:14:21.931430,cpu,full_mlp_capacity_search_hd64_depth4,/home/liangyi/SRS_AI/Model_AIIC_refactor/experiments_refactored/20260422_050408_full_mlp_capacity_search_v2/full_mlp_capacity_search_hd64_depth4,full_mlp_capacity_search_v2,full_mlp_capacity_search_hd64_depth4,supervised_nmse_plateau,full_mlp,12,6,compile,fp32,float32,32,1,ok,,496.765318,20,50,0.04911798,0.001475120381392651,0.04648,0.0488295,0.0511937,0.051634400000000004,0.05219936,0.052413,651492.5898825644,651.4925898825644,48.829499999999996,1.5259218749999999,651492.5898825644,15120,14848,30040,single-thread,0.0078125,0.00390625,Intel(R) Xeon(R) 6760P,AVX512,"avx2,avx512f,avx512bw,avx512vl,avx512_vnni,avx512_bf16,amx_bf16,amx_int8,amx_tile,fma",True,True,,256,128,sh14l07002s1404,3.11.9,2.1.2+cu121
20260424_010536,2026-04-24T06:14:21.931430,cpu,full_mlp_capacity_search_hd64_depth4,/home/liangyi/SRS_AI/Model_AIIC_refactor/experiments_refactored/20260422_050408_full_mlp_capacity_search_v2/full_mlp_capacity_search_hd64_depth4,full_mlp_capacity_search_v2,full_mlp_capacity_search_hd64_depth4,supervised_nmse_plateau,full_mlp,12,6,compile,fp32,float32,32,2,ok,,501.759544,20,50,0.06098268,0.0032353012375356946,0.05735,0.059773,0.0639599,0.06645019999999999,0.07250384,0.072545,524739.1554454478,524.7391554454478,59.773,1.86790625,262369.5777227239,15120,14848,30040,sub-physical,0.015625,0.0078125,Intel(R) Xeon(R) 6760P,AVX512,"avx2,avx512f,avx512bw,avx512vl,avx512_vnni,avx512_bf16,amx_bf16,amx_int8,amx_tile,fma",True,True,,256,128,sh14l07002s1404,3.11.9,2.1.2+cu121
20260424_010536,2026-04-24T06:14:21.931430,cpu,full_mlp_capacity_search_hd64_depth4,/home/liangyi/SRS_AI/Model_AIIC_refactor/experiments_refactored/20260422_050408_full_mlp_capacity_search_v2/full_mlp_capacity_search_hd64_depth4,full_mlp_capacity_search_v2,full_mlp_capacity_search_hd64_depth4,supervised_nmse_plateau,full_mlp,12,6,compile,fp32,float32,32,4,ok,,506.95196,20,50,0.0672155,0.0027497582893774505,0.06416,0.06649949999999999,0.0708178,0.07314105,0.07634484,0.076435,476080.6659178315,476.0806659178315,66.49949999999998,2.0781093749999995,119020.16647945787,15120,14848,30040,sub-physical,0.03125,0.015625,Intel(R) Xeon(R) 6760P,AVX512,"avx2,avx512f,avx512bw,avx512vl,avx512_vnni,avx512_bf16,amx_bf16,amx_int8,amx_tile,fma",True,True,,256,128,sh14l07002s1404,3.11.9,2.1.2+cu121
20260424_010536,2026-04-24T06:14:21.931430,cpu,full_mlp_capacity_search_hd64_depth4,/home/liangyi/SRS_AI/Model_AIIC_refactor/experiments_refactored/20260422_050408_full_mlp_capacity_search_v2/full_mlp_capacity_search_hd64_depth4,full_mlp_capacity_search_v2,full_mlp_capacity_search_hd64_depth4,supervised_nmse_plateau,full_mlp,12,6,compile,fp32,float32,32,8,ok,,532.470234,20,50,0.05792688,0.002266116445728242,0.055436,0.057218000000000005,0.0608956,0.0634562,0.06433765,0.064345,552420.5688274597,552.4205688274598,57.218,1.7880625,69052.57110343246,15120,14848,30040,sub-physical,0.0625,0.03125,Intel(R) Xeon(R) 6760P,AVX512,"avx2,avx512f,avx512bw,avx512vl,avx512_vnni,avx512_bf16,amx_bf16,amx_int8,amx_tile,fma",True,True,,256,128,sh14l07002s1404,3.11.9,2.1.2+cu121
20260424_010536,2026-04-24T06:14:21.931430,cpu,full_mlp_capacity_search_hd64_depth4,/home/liangyi/SRS_AI/Model_AIIC_refactor/experiments_refactored/20260422_050408_full_mlp_capacity_search_v2/full_mlp_capacity_search_hd64_depth4,full_mlp_capacity_search_v2,full_mlp_capacity_search_hd64_depth4,supervised_nmse_plateau,full_mlp,12,6,compile,fp32,float32,32,128,ok,,692.586759,20,50,4.45544806,2.7969040304427852,0.124699,5.995547,6.0059002,7.501739199999998,8.669314829999998,9.173296,7182.218167301449,7.182218167301449,5995.5470000000005,187.36084375000002,56.11107943204257,15120,14848,30040,all-physical,1.0,0.5,Intel(R) Xeon(R) 6760P,AVX512,"avx2,avx512f,avx512bw,avx512vl,avx512_vnni,avx512_bf16,amx_bf16,amx_int8,amx_tile,fma",True,True,,256,128,sh14l07002s1404,3.11.9,2.1.2+cu121
20260424_010536,2026-04-24T06:14:21.931430,cpu,full_mlp_capacity_search_hd64_depth4,/home/liangyi/SRS_AI/Model_AIIC_refactor/experiments_refactored/20260422_050408_full_mlp_capacity_search_v2/full_mlp_capacity_search_hd64_depth4,full_mlp_capacity_search_v2,full_mlp_capacity_search_hd64_depth4,supervised_nmse_plateau,full_mlp,12,6,compile,fp32,float32,64,1,ok,,497.211503,20,50,0.05760934,0.003736245407411029,0.054111,0.056443999999999994,0.060194700000000004,0.06606815,0.07129527999999999,0.075866,1110930.9705683142,1110.9309705683143,56.443999999999996,0.8819374999999999,1110930.9705683142,15120,14848,30040,single-thread,0.0078125,0.00390625,Intel(R) Xeon(R) 6760P,AVX512,"avx2,avx512f,avx512bw,avx512vl,avx512_vnni,avx512_bf16,amx_bf16,amx_int8,amx_tile,fma",True,True,,256,128,sh14l07002s1404,3.11.9,2.1.2+cu121
20260424_010536,2026-04-24T06:14:21.931430,cpu,full_mlp_capacity_search_hd64_depth4,/home/liangyi/SRS_AI/Model_AIIC_refactor/experiments_refactored/20260422_050408_full_mlp_capacity_search_v2/full_mlp_capacity_search_hd64_depth4,full_mlp_capacity_search_v2,full_mlp_capacity_search_hd64_depth4,supervised_nmse_plateau,full_mlp,12,6,compile,fp32,float32,64,2,ok,,514.673437,20,50,0.1084166,0.0032545203456116234,0.102933,0.10752,0.1123204,0.11535619999999999,0.11685379,0.117456,590315.5051901645,590.3155051901646,107.52000000000001,1.6800000000000002,295157.7525950823,15120,14848,30040,sub-physical,0.015625,0.0078125,Intel(R) Xeon(R) 6760P,AVX512,"avx2,avx512f,avx512bw,avx512vl,avx512_vnni,avx512_bf16,amx_bf16,amx_int8,amx_tile,fma",True,True,,256,128,sh14l07002s1404,3.11.9,2.1.2+cu121
20260424_010536,2026-04-24T06:14:21.931430,cpu,full_mlp_capacity_search_hd64_depth4,/home/liangyi/SRS_AI/Model_AIIC_refactor/experiments_refactored/20260422_050408_full_mlp_capacity_search_v2/full_mlp_capacity_search_hd64_depth4,full_mlp_capacity_search_v2,full_mlp_capacity_search_hd64_depth4,supervised_nmse_plateau,full_mlp,12,6,compile,fp32,float32,64,4,ok,,510.068291,20,50,0.08545348,0.002946983069106438,0.080207,0.085463,0.0882666,0.09086725,0.09336974999999999,0.094264,748945.5081291014,748.9455081291013,85.463,1.335359375,187236.37703227534,15120,14848,30040,sub-physical,0.03125,0.015625,Intel(R) Xeon(R) 6760P,AVX512,"avx2,avx512f,avx512bw,avx512vl,avx512_vnni,avx512_bf16,amx_bf16,amx_int8,amx_tile,fma",True,True,,256,128,sh14l07002s1404,3.11.9,2.1.2+cu121
20260424_010536,2026-04-24T06:14:21.931430,cpu,full_mlp_capacity_search_hd64_depth4,/home/liangyi/SRS_AI/Model_AIIC_refactor/experiments_refactored/20260422_050408_full_mlp_capacity_search_v2/full_mlp_capacity_search_hd64_depth4,full_mlp_capacity_search_v2,full_mlp_capacity_search_hd64_depth4,supervised_nmse_plateau,full_mlp,12,6,compile,fp32,float32,64,8,ok,,545.27898,20,50,0.0816896,0.025223801212347043,0.073665,0.07772,0.0824179,0.08421764999999999,0.17331605999999966,0.257354,783453.4628643058,783.4534628643058,77.72,1.214375,97931.68285803823,15120,14848,30040,sub-physical,0.0625,0.03125,Intel(R) Xeon(R) 6760P,AVX512,"avx2,avx512f,avx512bw,avx512vl,avx512_vnni,avx512_bf16,amx_bf16,amx_int8,amx_tile,fma",True,True,,256,128,sh14l07002s1404,3.11.9,2.1.2+cu121
20260424_010536,2026-04-24T06:14:21.931430,cpu,full_mlp_capacity_search_hd64_depth4,/home/liangyi/SRS_AI/Model_AIIC_refactor/experiments_refactored/20260422_050408_full_mlp_capacity_search_v2/full_mlp_capacity_search_hd64_depth4,full_mlp_capacity_search_v2,full_mlp_capacity_search_hd64_depth4,supervised_nmse_plateau,full_mlp,12,6,compile,fp32,float32,64,128,ok,,719.014594,20,50,0.35154016,0.021838958241967497,0.26826,0.3534295,0.37655130000000003,0.38422775000000003,0.38977034,0.393756,182056.01317357313,182.05601317357312,353.4295,5.5223359375,1422.31260291854,15120,14848,30040,all-physical,1.0,0.5,Intel(R) Xeon(R) 6760P,AVX512,"avx2,avx512f,avx512bw,avx512vl,avx512_vnni,avx512_bf16,amx_bf16,amx_int8,amx_tile,fma",True,True,,256,128,sh14l07002s1404,3.11.9,2.1.2+cu121
20260424_010536,2026-04-24T06:14:21.931430,cpu,full_mlp_capacity_search_hd64_depth4,/home/liangyi/SRS_AI/Model_AIIC_refactor/experiments_refactored/20260422_050408_full_mlp_capacity_search_v2/full_mlp_capacity_search_hd64_depth4,full_mlp_capacity_search_v2,full_mlp_capacity_search_hd64_depth4,supervised_nmse_plateau,full_mlp,12,6,compile,fp32,float32,128,1,ok,,495.547057,20,50,0.07536848,0.00187516207555507,0.072618,0.0751575,0.0778025,0.07816605,0.07996463999999999,0.081074,1698322.6940492895,1698.3226940492893,75.1575,0.58716796875,1698322.6940492895,15120,14848,30040,single-thread,0.0078125,0.00390625,Intel(R) Xeon(R) 6760P,AVX512,"avx2,avx512f,avx512bw,avx512vl,avx512_vnni,avx512_bf16,amx_bf16,amx_int8,amx_tile,fma",True,True,,256,128,sh14l07002s1404,3.11.9,2.1.2+cu121
20260424_010536,2026-04-24T06:14:21.931430,cpu,full_mlp_capacity_search_hd64_depth4,/home/liangyi/SRS_AI/Model_AIIC_refactor/experiments_refactored/20260422_050408_full_mlp_capacity_search_v2/full_mlp_capacity_search_hd64_depth4,full_mlp_capacity_search_v2,full_mlp_capacity_search_hd64_depth4,supervised_nmse_plateau,full_mlp,12,6,compile,fp32,float32,128,2,ok,,521.952532,20,50,0.14876362,0.01902254188891695,0.11692,0.15875299999999998,0.16521180000000002,0.1696469,0.17109459000000002,0.171295,860425.4185263843,860.4254185263843,158.753,1.2402578125,430212.70926319214,15120,14848,30040,sub-physical,0.015625,0.0078125,Intel(R) Xeon(R) 6760P,AVX512,"avx2,avx512f,avx512bw,avx512vl,avx512_vnni,avx512_bf16,amx_bf16,amx_int8,amx_tile,fma",True,True,,256,128,sh14l07002s1404,3.11.9,2.1.2+cu121
20260424_010536,2026-04-24T06:14:21.931430,cpu,full_mlp_capacity_search_hd64_depth4,/home/liangyi/SRS_AI/Model_AIIC_refactor/experiments_refactored/20260422_050408_full_mlp_capacity_search_v2/full_mlp_capacity_search_hd64_depth4,full_mlp_capacity_search_v2,full_mlp_capacity_search_hd64_depth4,supervised_nmse_plateau,full_mlp,12,6,compile,fp32,float32,128,4,ok,,521.905757,20,50,0.14192412,0.004431602038270132,0.135626,0.140391,0.1491693,0.1496742,0.1525994,0.152717,901890.3904424421,901.8903904424421,140.391,1.0968046875,225472.59761061054,15120,14848,30040,sub-physical,0.03125,0.015625,Intel(R) Xeon(R) 6760P,AVX512,"avx2,avx512f,avx512bw,avx512vl,avx512_vnni,avx512_bf16,amx_bf16,amx_int8,amx_tile,fma",True,True,,256,128,sh14l07002s1404,3.11.9,2.1.2+cu121
20260424_010536,2026-04-24T06:14:21.931430,cpu,full_mlp_capacity_search_hd64_depth4,/home/liangyi/SRS_AI/Model_AIIC_refactor/experiments_refactored/20260422_050408_full_mlp_capacity_search_v2/full_mlp_capacity_search_hd64_depth4,full_mlp_capacity_search_v2,full_mlp_capacity_search_hd64_depth4,supervised_nmse_plateau,full_mlp,12,6,compile,fp32,float32,128,8,ok,,555.115866,20,50,0.10064112,0.02062438888562762,0.094286,0.096802,0.1051075,0.10576025,0.17954268999999975,0.242517,1271845.9413011302,1271.8459413011303,96.80199999999999,0.7562656249999999,158980.74266264128,15120,14848,30040,sub-physical,0.0625,0.03125,Intel(R) Xeon(R) 6760P,AVX512,"avx2,avx512f,avx512bw,avx512vl,avx512_vnni,avx512_bf16,amx_bf16,amx_int8,amx_tile,fma",True,True,,256,128,sh14l07002s1404,3.11.9,2.1.2+cu121
20260424_010536,2026-04-24T06:14:21.931430,cpu,full_mlp_capacity_search_hd64_depth4,/home/liangyi/SRS_AI/Model_AIIC_refactor/experiments_refactored/20260422_050408_full_mlp_capacity_search_v2/full_mlp_capacity_search_hd64_depth4,full_mlp_capacity_search_v2,full_mlp_capacity_search_hd64_depth4,supervised_nmse_plateau,full_mlp,12,6,compile,fp32,float32,128,128,ok,,665.501889,20,50,1.80834604,3.941432569747233,0.235743,0.2605675,11.9396898,11.99384105,13.045395189999995,14.042334,70782.91276596597,70.78291276596597,260.5675,2.03568359375,552.9915059841092,15120,14848,30040,all-physical,1.0,0.5,Intel(R) Xeon(R) 6760P,AVX512,"avx2,avx512f,avx512bw,avx512vl,avx512_vnni,avx512_bf16,amx_bf16,amx_int8,amx_tile,fma",True,True,,256,128,sh14l07002s1404,3.11.9,2.1.2+cu121
20260424_010536,2026-04-24T06:14:21.931430,cpu,full_mlp_capacity_search_hd64_depth4,/home/liangyi/SRS_AI/Model_AIIC_refactor/experiments_refactored/20260422_050408_full_mlp_capacity_search_v2/full_mlp_capacity_search_hd64_depth4,full_mlp_capacity_search_v2,full_mlp_capacity_search_hd64_depth4,supervised_nmse_plateau,full_mlp,12,6,compile,bf16,bfloat16,1,1,ok,,499.901131,20,50,0.06277278,0.002413793904126862,0.058105,0.0625465,0.0653914,0.06758415,0.06926022,0.06932,15930.471774549414,15.930471774549414,62.5465,62.5465,15930.471774549414,15120,14848,30040,single-thread,0.0078125,0.00390625,Intel(R) Xeon(R) 6760P,AVX512,"avx2,avx512f,avx512bw,avx512vl,avx512_vnni,avx512_bf16,amx_bf16,amx_int8,amx_tile,fma",True,True,,256,128,sh14l07002s1404,3.11.9,2.1.2+cu121
20260424_010536,2026-04-24T06:14:21.931430,cpu,full_mlp_capacity_search_hd64_depth4,/home/liangyi/SRS_AI/Model_AIIC_refactor/experiments_refactored/20260422_050408_full_mlp_capacity_search_v2/full_mlp_capacity_search_hd64_depth4,full_mlp_capacity_search_v2,full_mlp_capacity_search_hd64_depth4,supervised_nmse_plateau,full_mlp,12,6,compile,bf16,bfloat16,1,2,ok,,506.493966,20,50,0.06544324,0.0032169464313848927,0.060534,0.0644585,0.0714716,0.0729778,0.07478398,0.075273,15280.417045366337,15.280417045366338,64.4585,64.4585,7640.208522683169,15120,14848,30040,sub-physical,0.015625,0.0078125,Intel(R) Xeon(R) 6760P,AVX512,"avx2,avx512f,avx512bw,avx512vl,avx512_vnni,avx512_bf16,amx_bf16,amx_int8,amx_tile,fma",True,True,,256,128,sh14l07002s1404,3.11.9,2.1.2+cu121
20260424_010536,2026-04-24T06:14:21.931430,cpu,full_mlp_capacity_search_hd64_depth4,/home/liangyi/SRS_AI/Model_AIIC_refactor/experiments_refactored/20260422_050408_full_mlp_capacity_search_v2/full_mlp_capacity_search_hd64_depth4,full_mlp_capacity_search_v2,full_mlp_capacity_search_hd64_depth4,supervised_nmse_plateau,full_mlp,12,6,compile,bf16,bfloat16,1,4,ok,,512.186481,20,50,0.06854096,0.003487671245745505,0.064667,0.067769,0.0703342,0.07493905,0.08239581,0.083195,14589.816074942632,14.58981607494263,67.76899999999999,67.76899999999999,3647.454018735658,15120,14848,30040,sub-physical,0.03125,0.015625,Intel(R) Xeon(R) 6760P,AVX512,"avx2,avx512f,avx512bw,avx512vl,avx512_vnni,avx512_bf16,amx_bf16,amx_int8,amx_tile,fma",True,True,,256,128,sh14l07002s1404,3.11.9,2.1.2+cu121
20260424_010536,2026-04-24T06:14:21.931430,cpu,full_mlp_capacity_search_hd64_depth4,/home/liangyi/SRS_AI/Model_AIIC_refactor/experiments_refactored/20260422_050408_full_mlp_capacity_search_v2/full_mlp_capacity_search_hd64_depth4,full_mlp_capacity_search_v2,full_mlp_capacity_search_hd64_depth4,supervised_nmse_plateau,full_mlp,12,6,compile,bf16,bfloat16,1,8,ok,,508.27603,20,50,0.0611639,0.0035657945271706285,0.057628,0.059831,0.064918,0.0680248,0.07316959999999999,0.075355,16349.513356734935,16.349513356734935,59.831,59.831,2043.6891695918669,15120,14848,30040,sub-physical,0.0625,0.03125,Intel(R) Xeon(R) 6760P,AVX512,"avx2,avx512f,avx512bw,avx512vl,avx512_vnni,avx512_bf16,amx_bf16,amx_int8,amx_tile,fma",True,True,,256,128,sh14l07002s1404,3.11.9,2.1.2+cu121
20260424_010536,2026-04-24T06:14:21.931430,cpu,full_mlp_capacity_search_hd64_depth4,/home/liangyi/SRS_AI/Model_AIIC_refactor/experiments_refactored/20260422_050408_full_mlp_capacity_search_v2/full_mlp_capacity_search_hd64_depth4,full_mlp_capacity_search_v2,full_mlp_capacity_search_hd64_depth4,supervised_nmse_plateau,full_mlp,12,6,compile,bf16,bfloat16,1,128,ok,,534.763276,20,50,0.15850848,0.009926911352963719,0.145072,0.1572725,0.1693941,0.18154309999999999,0.18589935,0.187019,6308.810733659171,6.308810733659171,157.2725,157.2725,49.287583856712274,15120,14848,30040,all-physical,1.0,0.5,Intel(R) Xeon(R) 6760P,AVX512,"avx2,avx512f,avx512bw,avx512vl,avx512_vnni,avx512_bf16,amx_bf16,amx_int8,amx_tile,fma",True,True,,256,128,sh14l07002s1404,3.11.9,2.1.2+cu121
20260424_010536,2026-04-24T06:14:21.931430,cpu,full_mlp_capacity_search_hd64_depth4,/home/liangyi/SRS_AI/Model_AIIC_refactor/experiments_refactored/20260422_050408_full_mlp_capacity_search_v2/full_mlp_capacity_search_hd64_depth4,full_mlp_capacity_search_v2,full_mlp_capacity_search_hd64_depth4,supervised_nmse_plateau,full_mlp,12,6,compile,bf16,bfloat16,2,1,ok,,498.193332,20,50,0.0795927,0.003532671823138968,0.075299,0.07879900000000001,0.0843033,0.085646,0.09073993999999999,0.091766,25127.932586782455,25.127932586782457,78.799,39.3995,25127.932586782455,15120,14848,30040,single-thread,0.0078125,0.00390625,Intel(R) Xeon(R) 6760P,AVX512,"avx2,avx512f,avx512bw,avx512vl,avx512_vnni,avx512_bf16,amx_bf16,amx_int8,amx_tile,fma",True,True,,256,128,sh14l07002s1404,3.11.9,2.1.2+cu121
20260424_010536,2026-04-24T06:14:21.931430,cpu,full_mlp_capacity_search_hd64_depth4,/home/liangyi/SRS_AI/Model_AIIC_refactor/experiments_refactored/20260422_050408_full_mlp_capacity_search_v2/full_mlp_capacity_search_hd64_depth4,full_mlp_capacity_search_v2,full_mlp_capacity_search_hd64_depth4,supervised_nmse_plateau,full_mlp,12,6,compile,bf16,bfloat16,2,2,ok,,507.358279,20,50,0.07179094,0.0021987733344753847,0.068525,0.0712335,0.0751698,0.07553405,0.07884715,0.078928,27858.668517225153,27.85866851722515,71.2335,35.61675,13929.334258612576,15120,14848,30040,sub-physical,0.015625,0.0078125,Intel(R) Xeon(R) 6760P,AVX512,"avx2,avx512f,avx512bw,avx512vl,avx512_vnni,avx512_bf16,amx_bf16,amx_int8,amx_tile,fma",True,True,,256,128,sh14l07002s1404,3.11.9,2.1.2+cu121
20260424_010536,2026-04-24T06:14:21.931430,cpu,full_mlp_capacity_search_hd64_depth4,/home/liangyi/SRS_AI/Model_AIIC_refactor/experiments_refactored/20260422_050408_full_mlp_capacity_search_v2/full_mlp_capacity_search_hd64_depth4,full_mlp_capacity_search_v2,full_mlp_capacity_search_hd64_depth4,supervised_nmse_plateau,full_mlp,12,6,compile,bf16,bfloat16,2,4,ok,,506.647224,20,50,0.0732682,0.003088884154512758,0.068509,0.072476,0.0783495,0.07870704999999999,0.079299,0.079397,27296.97194690193,27.29697194690193,72.476,36.238,6824.242986725482,15120,14848,30040,sub-physical,0.03125,0.015625,Intel(R) Xeon(R) 6760P,AVX512,"avx2,avx512f,avx512bw,avx512vl,avx512_vnni,avx512_bf16,amx_bf16,amx_int8,amx_tile,fma",True,True,,256,128,sh14l07002s1404,3.11.9,2.1.2+cu121
20260424_010536,2026-04-24T06:14:21.931430,cpu,full_mlp_capacity_search_hd64_depth4,/home/liangyi/SRS_AI/Model_AIIC_refactor/experiments_refactored/20260422_050408_full_mlp_capacity_search_v2/full_mlp_capacity_search_hd64_depth4,full_mlp_capacity_search_v2,full_mlp_capacity_search_hd64_depth4,supervised_nmse_plateau,full_mlp,12,6,compile,bf16,bfloat16,2,8,ok,,500.361717,20,50,0.07367694,0.0034974289494427197,0.069519,0.0726265,0.0779993,0.07929085,0.08617198,0.088033,27145.535631637253,27.14553563163725,72.6265,36.31325,3393.1919539546566,15120,14848,30040,sub-physical,0.0625,0.03125,Intel(R) Xeon(R) 6760P,AVX512,"avx2,avx512f,avx512bw,avx512vl,avx512_vnni,avx512_bf16,amx_bf16,amx_int8,amx_tile,fma",True,True,,256,128,sh14l07002s1404,3.11.9,2.1.2+cu121
20260424_010536,2026-04-24T06:14:21.931430,cpu,full_mlp_capacity_search_hd64_depth4,/home/liangyi/SRS_AI/Model_AIIC_refactor/experiments_refactored/20260422_050408_full_mlp_capacity_search_v2/full_mlp_capacity_search_hd64_depth4,full_mlp_capacity_search_v2,full_mlp_capacity_search_hd64_depth4,supervised_nmse_plateau,full_mlp,12,6,compile,bf16,bfloat16,2,128,ok,,624.874486,20,50,0.19755277999999998,0.05978121636075666,0.141445,0.156007,0.2798787,0.291336,0.31524564999999993,0.332354,10123.87676852738,10.12387676852738,156.007,78.0035,79.09278725412015,15120,14848,30040,all-physical,1.0,0.5,Intel(R) Xeon(R) 6760P,AVX512,"avx2,avx512f,avx512bw,avx512vl,avx512_vnni,avx512_bf16,amx_bf16,amx_int8,amx_tile,fma",True,True,,256,128,sh14l07002s1404,3.11.9,2.1.2+cu121
20260424_010536,2026-04-24T06:14:21.931430,cpu,full_mlp_capacity_search_hd64_depth4,/home/liangyi/SRS_AI/Model_AIIC_refactor/experiments_refactored/20260422_050408_full_mlp_capacity_search_v2/full_mlp_capacity_search_hd64_depth4,full_mlp_capacity_search_v2,full_mlp_capacity_search_hd64_depth4,supervised_nmse_plateau,full_mlp,12,6,compile,bf16,bfloat16,4,1,ok,,542.663911,20,50,0.08920124,0.0020770038089517307,0.08551,0.088965,0.09151440000000001,0.09296349999999999,0.09401073,0.094218,44842.425957307314,44.84242595730731,88.965,22.24125,44842.425957307314,15120,14848,30040,single-thread,0.0078125,0.00390625,Intel(R) Xeon(R) 6760P,AVX512,"avx2,avx512f,avx512bw,avx512vl,avx512_vnni,avx512_bf16,amx_bf16,amx_int8,amx_tile,fma",True,True,,256,128,sh14l07002s1404,3.11.9,2.1.2+cu121
20260424_010536,2026-04-24T06:14:21.931430,cpu,full_mlp_capacity_search_hd64_depth4,/home/liangyi/SRS_AI/Model_AIIC_refactor/experiments_refactored/20260422_050408_full_mlp_capacity_search_v2/full_mlp_capacity_search_hd64_depth4,full_mlp_capacity_search_v2,full_mlp_capacity_search_hd64_depth4,supervised_nmse_plateau,full_mlp,12,6,compile,bf16,bfloat16,4,2,ok,,506.223914,20,50,0.08104686,0.002527126209828072,0.078087,0.0801105,0.084588,0.08532005,0.08951240999999999,0.092791,49354.16375168637,49.35416375168637,80.1105,20.027625,24677.081875843185,15120,14848,30040,sub-physical,0.015625,0.0078125,Intel(R) Xeon(R) 6760P,AVX512,"avx2,avx512f,avx512bw,avx512vl,avx512_vnni,avx512_bf16,amx_bf16,amx_int8,amx_tile,fma",True,True,,256,128,sh14l07002s1404,3.11.9,2.1.2+cu121
20260424_010536,2026-04-24T06:14:21.931430,cpu,full_mlp_capacity_search_hd64_depth4,/home/liangyi/SRS_AI/Model_AIIC_refactor/experiments_refactored/20260422_050408_full_mlp_capacity_search_v2/full_mlp_capacity_search_hd64_depth4,full_mlp_capacity_search_v2,full_mlp_capacity_search_hd64_depth4,supervised_nmse_plateau,full_mlp,12,6,compile,bf16,bfloat16,4,4,ok,,507.420406,20,50,0.08421204,0.0028615484896118747,0.079726,0.083609,0.08761010000000001,0.0903553,0.09254471,0.093339,47499.146202847005,47.49914620284701,83.60900000000001,20.902250000000002,11874.786550711751,15120,14848,30040,sub-physical,0.03125,0.015625,Intel(R) Xeon(R) 6760P,AVX512,"avx2,avx512f,avx512bw,avx512vl,avx512_vnni,avx512_bf16,amx_bf16,amx_int8,amx_tile,fma",True,True,,256,128,sh14l07002s1404,3.11.9,2.1.2+cu121
20260424_010536,2026-04-24T06:14:21.931430,cpu,full_mlp_capacity_search_hd64_depth4,/home/liangyi/SRS_AI/Model_AIIC_refactor/experiments_refactored/20260422_050408_full_mlp_capacity_search_v2/full_mlp_capacity_search_hd64_depth4,full_mlp_capacity_search_v2,full_mlp_capacity_search_hd64_depth4,supervised_nmse_plateau,full_mlp,12,6,compile,bf16,bfloat16,4,8,ok,,503.728002,20,50,0.09544108,0.00391079952357571,0.09139,0.09445100000000001,0.0995097,0.10421684999999999,0.10865476999999998,0.112,41910.67410385549,41.91067410385549,94.45100000000001,23.612750000000002,5238.834262981936,15120,14848,30040,sub-physical,0.0625,0.03125,Intel(R) Xeon(R) 6760P,AVX512,"avx2,avx512f,avx512bw,avx512vl,avx512_vnni,avx512_bf16,amx_bf16,amx_int8,amx_tile,fma",True,True,,256,128,sh14l07002s1404,3.11.9,2.1.2+cu121
20260424_010536,2026-04-24T06:14:21.931430,cpu,full_mlp_capacity_search_hd64_depth4,/home/liangyi/SRS_AI/Model_AIIC_refactor/experiments_refactored/20260422_050408_full_mlp_capacity_search_v2/full_mlp_capacity_search_hd64_depth4,full_mlp_capacity_search_v2,full_mlp_capacity_search_hd64_depth4,supervised_nmse_plateau,full_mlp,12,6,compile,bf16,bfloat16,4,128,ok,,536.920168,20,50,0.23241438,0.014555216747118536,0.209491,0.22912349999999998,0.2534148,0.2615997,0.27871843999999996,0.284473,17210.639031887786,17.210639031887787,229.12349999999998,57.280874999999995,134.45811743662333,15120,14848,30040,all-physical,1.0,0.5,Intel(R) Xeon(R) 6760P,AVX512,"avx2,avx512f,avx512bw,avx512vl,avx512_vnni,avx512_bf16,amx_bf16,amx_int8,amx_tile,fma",True,True,,256,128,sh14l07002s1404,3.11.9,2.1.2+cu121
20260424_010536,2026-04-24T06:14:21.931430,cpu,full_mlp_capacity_search_hd64_depth4,/home/liangyi/SRS_AI/Model_AIIC_refactor/experiments_refactored/20260422_050408_full_mlp_capacity_search_v2/full_mlp_capacity_search_hd64_depth4,full_mlp_capacity_search_v2,full_mlp_capacity_search_hd64_depth4,supervised_nmse_plateau,full_mlp,12,6,compile,bf16,bfloat16,8,1,ok,,490.53504,20,50,0.08878964,0.003228960939745168,0.082945,0.0882455,0.09174270000000001,0.093053,0.09932234999999999,0.101961,90100.60182696991,90.1006018269699,88.2455,11.0306875,90100.60182696991,15120,14848,30040,single-thread,0.0078125,0.00390625,Intel(R) Xeon(R) 6760P,AVX512,"avx2,avx512f,avx512bw,avx512vl,avx512_vnni,avx512_bf16,amx_bf16,amx_int8,amx_tile,fma",True,True,,256,128,sh14l07002s1404,3.11.9,2.1.2+cu121
20260424_010536,2026-04-24T06:14:21.931430,cpu,full_mlp_capacity_search_hd64_depth4,/home/liangyi/SRS_AI/Model_AIIC_refactor/experiments_refactored/20260422_050408_full_mlp_capacity_search_v2/full_mlp_capacity_search_hd64_depth4,full_mlp_capacity_search_v2,full_mlp_capacity_search_hd64_depth4,supervised_nmse_plateau,full_mlp,12,6,compile,bf16,bfloat16,8,2,ok,,505.351179,20,50,0.0936188,0.0037277035933668333,0.089128,0.09262100000000001,0.0972542,0.09994405,0.10704765,0.10828,85452.92184903032,85.45292184903032,92.62100000000001,11.577625000000001,42726.46092451516,15120,14848,30040,sub-physical,0.015625,0.0078125,Intel(R) Xeon(R) 6760P,AVX512,"avx2,avx512f,avx512bw,avx512vl,avx512_vnni,avx512_bf16,amx_bf16,amx_int8,amx_tile,fma",True,True,,256,128,sh14l07002s1404,3.11.9,2.1.2+cu121
20260424_010536,2026-04-24T06:14:21.931430,cpu,full_mlp_capacity_search_hd64_depth4,/home/liangyi/SRS_AI/Model_AIIC_refactor/experiments_refactored/20260422_050408_full_mlp_capacity_search_v2/full_mlp_capacity_search_hd64_depth4,full_mlp_capacity_search_v2,full_mlp_capacity_search_hd64_depth4,supervised_nmse_plateau,full_mlp,12,6,compile,bf16,bfloat16,8,4,ok,,505.968568,20,50,0.09332994,0.004736981470979172,0.087057,0.092023,0.1000822,0.10200509999999999,0.10744861,0.109512,85717.40215412117,85.71740215412117,92.023,11.502875,21429.350538530292,15120,14848,30040,sub-physical,0.03125,0.015625,Intel(R) Xeon(R) 6760P,AVX512,"avx2,avx512f,avx512bw,avx512vl,avx512_vnni,avx512_bf16,amx_bf16,amx_int8,amx_tile,fma",True,True,,256,128,sh14l07002s1404,3.11.9,2.1.2+cu121
20260424_010536,2026-04-24T06:14:21.931430,cpu,full_mlp_capacity_search_hd64_depth4,/home/liangyi/SRS_AI/Model_AIIC_refactor/experiments_refactored/20260422_050408_full_mlp_capacity_search_v2/full_mlp_capacity_search_hd64_depth4,full_mlp_capacity_search_v2,full_mlp_capacity_search_hd64_depth4,supervised_nmse_plateau,full_mlp,12,6,compile,bf16,bfloat16,8,8,ok,,511.766012,20,50,0.08774418,0.005448604062289716,0.079058,0.085971,0.0942497,0.09771764999999999,0.10162874999999999,0.104238,91174.13827333049,91.1741382733305,85.971,10.746375,11396.767284166312,15120,14848,30040,sub-physical,0.0625,0.03125,Intel(R) Xeon(R) 6760P,AVX512,"avx2,avx512f,avx512bw,avx512vl,avx512_vnni,avx512_bf16,amx_bf16,amx_int8,amx_tile,fma",True,True,,256,128,sh14l07002s1404,3.11.9,2.1.2+cu121
20260424_010536,2026-04-24T06:14:21.931430,cpu,full_mlp_capacity_search_hd64_depth4,/home/liangyi/SRS_AI/Model_AIIC_refactor/experiments_refactored/20260422_050408_full_mlp_capacity_search_v2/full_mlp_capacity_search_hd64_depth4,full_mlp_capacity_search_v2,full_mlp_capacity_search_hd64_depth4,supervised_nmse_plateau,full_mlp,12,6,compile,bf16,bfloat16,8,128,ok,,631.41906,20,50,0.16875522,0.015487333020620431,0.148423,0.16391499999999998,0.1967042,0.19969869999999998,0.21394099999999996,0.225162,47405.94098363297,47.40594098363297,163.91499999999996,20.489374999999995,370.3589139346326,15120,14848,30040,all-physical,1.0,0.5,Intel(R) Xeon(R) 6760P,AVX512,"avx2,avx512f,avx512bw,avx512vl,avx512_vnni,avx512_bf16,amx_bf16,amx_int8,amx_tile,fma",True,True,,256,128,sh14l07002s1404,3.11.9,2.1.2+cu121
20260424_010536,2026-04-24T06:14:21.931430,cpu,full_mlp_capacity_search_hd64_depth4,/home/liangyi/SRS_AI/Model_AIIC_refactor/experiments_refactored/20260422_050408_full_mlp_capacity_search_v2/full_mlp_capacity_search_hd64_depth4,full_mlp_capacity_search_v2,full_mlp_capacity_search_hd64_depth4,supervised_nmse_plateau,full_mlp,12,6,compile,bf16,bfloat16,16,1,ok,,501.62935,20,50,0.0902796,0.0027177715209340176,0.085543,0.089724,0.0938708,0.09479735,0.09753068,0.099083,177227.19196806368,177.22719196806366,89.724,5.60775,177227.19196806368,15120,14848,30040,single-thread,0.0078125,0.00390625,Intel(R) Xeon(R) 6760P,AVX512,"avx2,avx512f,avx512bw,avx512vl,avx512_vnni,avx512_bf16,amx_bf16,amx_int8,amx_tile,fma",True,True,,256,128,sh14l07002s1404,3.11.9,2.1.2+cu121
20260424_010536,2026-04-24T06:14:21.931430,cpu,full_mlp_capacity_search_hd64_depth4,/home/liangyi/SRS_AI/Model_AIIC_refactor/experiments_refactored/20260422_050408_full_mlp_capacity_search_v2/full_mlp_capacity_search_hd64_depth4,full_mlp_capacity_search_v2,full_mlp_capacity_search_hd64_depth4,supervised_nmse_plateau,full_mlp,12,6,compile,bf16,bfloat16,16,2,ok,,503.680856,20,50,0.08394204,0.0032118595857228882,0.079709,0.08229600000000001,0.0883124,0.0898172,0.09084605,0.090971,190607.7097959497,190.6077097959497,82.296,5.1435,95303.85489797484,15120,14848,30040,sub-physical,0.015625,0.0078125,Intel(R) Xeon(R) 6760P,AVX512,"avx2,avx512f,avx512bw,avx512vl,avx512_vnni,avx512_bf16,amx_bf16,amx_int8,amx_tile,fma",True,True,,256,128,sh14l07002s1404,3.11.9,2.1.2+cu121
20260424_010536,2026-04-24T06:14:21.931430,cpu,full_mlp_capacity_search_hd64_depth4,/home/liangyi/SRS_AI/Model_AIIC_refactor/experiments_refactored/20260422_050408_full_mlp_capacity_search_v2/full_mlp_capacity_search_hd64_depth4,full_mlp_capacity_search_v2,full_mlp_capacity_search_hd64_depth4,supervised_nmse_plateau,full_mlp,12,6,compile,bf16,bfloat16,16,4,ok,,509.968545,20,50,0.10246814,0.0052629592550579385,0.095823,0.10132749999999999,0.1097886,0.11283859999999998,0.11532938,0.116181,156146.09575229918,156.14609575229917,101.32749999999999,6.332968749999999,39036.523938074795,15120,14848,30040,sub-physical,0.03125,0.015625,Intel(R) Xeon(R) 6760P,AVX512,"avx2,avx512f,avx512bw,avx512vl,avx512_vnni,avx512_bf16,amx_bf16,amx_int8,amx_tile,fma",True,True,,256,128,sh14l07002s1404,3.11.9,2.1.2+cu121
20260424_010536,2026-04-24T06:14:21.931430,cpu,full_mlp_capacity_search_hd64_depth4,/home/liangyi/SRS_AI/Model_AIIC_refactor/experiments_refactored/20260422_050408_full_mlp_capacity_search_v2/full_mlp_capacity_search_hd64_depth4,full_mlp_capacity_search_v2,full_mlp_capacity_search_hd64_depth4,supervised_nmse_plateau,full_mlp,12,6,compile,bf16,bfloat16,16,8,ok,,510.941556,20,50,0.09999694,0.004402748620623257,0.094165,0.09840750000000001,0.1074766,0.108747,0.1115528,0.113258,160004.89614982216,160.00489614982217,98.40750000000001,6.150468750000001,20000.61201872777,15120,14848,30040,sub-physical,0.0625,0.03125,Intel(R) Xeon(R) 6760P,AVX512,"avx2,avx512f,avx512bw,avx512vl,avx512_vnni,avx512_bf16,amx_bf16,amx_int8,amx_tile,fma",True,True,,256,128,sh14l07002s1404,3.11.9,2.1.2+cu121
20260424_010536,2026-04-24T06:14:21.931430,cpu,full_mlp_capacity_search_hd64_depth4,/home/liangyi/SRS_AI/Model_AIIC_refactor/experiments_refactored/20260422_050408_full_mlp_capacity_search_v2/full_mlp_capacity_search_hd64_depth4,full_mlp_capacity_search_v2,full_mlp_capacity_search_hd64_depth4,supervised_nmse_plateau,full_mlp,12,6,compile,bf16,bfloat16,16,128,ok,,633.642305,20,50,0.23208984,0.019439281939783677,0.202605,0.2294965,0.2533703,0.25952624999999996,0.2968282899999999,0.330628,68938.82127713993,68.93882127713992,229.4965,14.34353125,538.5845412276557,15120,14848,30040,all-physical,1.0,0.5,Intel(R) Xeon(R) 6760P,AVX512,"avx2,avx512f,avx512bw,avx512vl,avx512_vnni,avx512_bf16,amx_bf16,amx_int8,amx_tile,fma",True,True,,256,128,sh14l07002s1404,3.11.9,2.1.2+cu121
20260424_010536,2026-04-24T06:14:21.931430,cpu,full_mlp_capacity_search_hd64_depth4,/home/liangyi/SRS_AI/Model_AIIC_refactor/experiments_refactored/20260422_050408_full_mlp_capacity_search_v2/full_mlp_capacity_search_hd64_depth4,full_mlp_capacity_search_v2,full_mlp_capacity_search_hd64_depth4,supervised_nmse_plateau,full_mlp,12,6,compile,bf16,bfloat16,32,1,ok,,535.768894,20,50,0.0790335,0.003143165565158794,0.07534,0.077766,0.0826726,0.08469295,0.08824923999999999,0.091397,404891.5966014411,404.8915966014411,77.766,2.4301875,404891.5966014411,15120,14848,30040,single-thread,0.0078125,0.00390625,Intel(R) Xeon(R) 6760P,AVX512,"avx2,avx512f,avx512bw,avx512vl,avx512_vnni,avx512_bf16,amx_bf16,amx_int8,amx_tile,fma",True,True,,256,128,sh14l07002s1404,3.11.9,2.1.2+cu121
20260424_010536,2026-04-24T06:14:21.931430,cpu,full_mlp_capacity_search_hd64_depth4,/home/liangyi/SRS_AI/Model_AIIC_refactor/experiments_refactored/20260422_050408_full_mlp_capacity_search_v2/full_mlp_capacity_search_hd64_depth4,full_mlp_capacity_search_v2,full_mlp_capacity_search_hd64_depth4,supervised_nmse_plateau,full_mlp,12,6,compile,bf16,bfloat16,32,2,ok,,515.360144,20,50,0.08636192,0.0037255469818001227,0.081615,0.08482400000000001,0.0913792,0.09317195,0.09746625999999999,0.10086,370533.67965881265,370.5336796588127,84.82400000000001,2.6507500000000004,185266.83982940632,15120,14848,30040,sub-physical,0.015625,0.0078125,Intel(R) Xeon(R) 6760P,AVX512,"avx2,avx512f,avx512bw,avx512vl,avx512_vnni,avx512_bf16,amx_bf16,amx_int8,amx_tile,fma",True,True,,256,128,sh14l07002s1404,3.11.9,2.1.2+cu121
20260424_010536,2026-04-24T06:14:21.931430,cpu,full_mlp_capacity_search_hd64_depth4,/home/liangyi/SRS_AI/Model_AIIC_refactor/experiments_refactored/20260422_050408_full_mlp_capacity_search_v2/full_mlp_capacity_search_hd64_depth4,full_mlp_capacity_search_v2,full_mlp_capacity_search_hd64_depth4,supervised_nmse_plateau,full_mlp,12,6,compile,bf16,bfloat16,32,4,ok,,508.455351,20,50,0.0906651,0.004311789323471174,0.083924,0.089891,0.0978985,0.09944214999999999,0.10124925,0.101482,352947.2751918875,352.9472751918875,89.891,2.80909375,88236.81879797188,15120,14848,30040,sub-physical,0.03125,0.015625,Intel(R) Xeon(R) 6760P,AVX512,"avx2,avx512f,avx512bw,avx512vl,avx512_vnni,avx512_bf16,amx_bf16,amx_int8,amx_tile,fma",True,True,,256,128,sh14l07002s1404,3.11.9,2.1.2+cu121
20260424_010536,2026-04-24T06:14:21.931430,cpu,full_mlp_capacity_search_hd64_depth4,/home/liangyi/SRS_AI/Model_AIIC_refactor/experiments_refactored/20260422_050408_full_mlp_capacity_search_v2/full_mlp_capacity_search_hd64_depth4,full_mlp_capacity_search_v2,full_mlp_capacity_search_hd64_depth4,supervised_nmse_plateau,full_mlp,12,6,compile,bf16,bfloat16,32,8,ok,,509.18668,20,50,0.1039407,0.00425775651840262,0.098633,0.1023985,0.1100321,0.11100985,0.11442029,0.116566,307867.85157306044,307.8678515730604,102.3985,3.199953125,38483.481446632555,15120,14848,30040,sub-physical,0.0625,0.03125,Intel(R) Xeon(R) 6760P,AVX512,"avx2,avx512f,avx512bw,avx512vl,avx512_vnni,avx512_bf16,amx_bf16,amx_int8,amx_tile,fma",True,True,,256,128,sh14l07002s1404,3.11.9,2.1.2+cu121
20260424_010536,2026-04-24T06:14:21.931430,cpu,full_mlp_capacity_search_hd64_depth4,/home/liangyi/SRS_AI/Model_AIIC_refactor/experiments_refactored/20260422_050408_full_mlp_capacity_search_v2/full_mlp_capacity_search_hd64_depth4,full_mlp_capacity_search_v2,full_mlp_capacity_search_hd64_depth4,supervised_nmse_plateau,full_mlp,12,6,compile,bf16,bfloat16,32,128,ok,,524.310379,20,50,0.17979112,0.014731631112188491,0.160998,0.17523650000000002,0.2039142,0.21151155,0.21642275,0.217072,177984.31869160166,177.98431869160166,175.2365,5.476140625,1390.502489778138,15120,14848,30040,all-physical,1.0,0.5,Intel(R) Xeon(R) 6760P,AVX512,"avx2,avx512f,avx512bw,avx512vl,avx512_vnni,avx512_bf16,amx_bf16,amx_int8,amx_tile,fma",True,True,,256,128,sh14l07002s1404,3.11.9,2.1.2+cu121
20260424_010536,2026-04-24T06:14:21.931430,cpu,full_mlp_capacity_search_hd64_depth4,/home/liangyi/SRS_AI/Model_AIIC_refactor/experiments_refactored/20260422_050408_full_mlp_capacity_search_v2/full_mlp_capacity_search_hd64_depth4,full_mlp_capacity_search_v2,full_mlp_capacity_search_hd64_depth4,supervised_nmse_plateau,full_mlp,12,6,compile,bf16,bfloat16,64,1,ok,,495.245474,20,50,0.09511514,0.0032476684252552633,0.090774,0.094354,0.0997966,0.10150529999999999,0.10470196,0.106464,672868.6936695883,672.8686936695883,94.354,1.47428125,672868.6936695883,15120,14848,30040,single-thread,0.0078125,0.00390625,Intel(R) Xeon(R) 6760P,AVX512,"avx2,avx512f,avx512bw,avx512vl,avx512_vnni,avx512_bf16,amx_bf16,amx_int8,amx_tile,fma",True,True,,256,128,sh14l07002s1404,3.11.9,2.1.2+cu121
20260424_010536,2026-04-24T06:14:21.931430,cpu,full_mlp_capacity_search_hd64_depth4,/home/liangyi/SRS_AI/Model_AIIC_refactor/experiments_refactored/20260422_050408_full_mlp_capacity_search_v2/full_mlp_capacity_search_hd64_depth4,full_mlp_capacity_search_v2,full_mlp_capacity_search_hd64_depth4,supervised_nmse_plateau,full_mlp,12,6,compile,bf16,bfloat16,64,2,ok,,507.360458,20,50,0.1210956,0.005655903701443296,0.10706,0.12123249999999999,0.1280877,0.12885775,0.13148867,0.131546,528508.0547930726,528.5080547930727,121.23249999999999,1.8942578124999998,264254.0273965363,15120,14848,30040,sub-physical,0.015625,0.0078125,Intel(R) Xeon(R) 6760P,AVX512,"avx2,avx512f,avx512bw,avx512vl,avx512_vnni,avx512_bf16,amx_bf16,amx_int8,amx_tile,fma",True,True,,256,128,sh14l07002s1404,3.11.9,2.1.2+cu121
20260424_010536,2026-04-24T06:14:21.931430,cpu,full_mlp_capacity_search_hd64_depth4,/home/liangyi/SRS_AI/Model_AIIC_refactor/experiments_refactored/20260422_050408_full_mlp_capacity_search_v2/full_mlp_capacity_search_hd64_depth4,full_mlp_capacity_search_v2,full_mlp_capacity_search_hd64_depth4,supervised_nmse_plateau,full_mlp,12,6,compile,bf16,bfloat16,64,4,ok,,504.673672,20,50,0.12386022,0.004893985546729781,0.109146,0.12445300000000001,0.1280511,0.13175425,0.13567522999999998,0.137328,516711.4994628623,516.7114994628623,124.453,1.944578125,129177.87486571558,15120,14848,30040,sub-physical,0.03125,0.015625,Intel(R) Xeon(R) 6760P,AVX512,"avx2,avx512f,avx512bw,avx512vl,avx512_vnni,avx512_bf16,amx_bf16,amx_int8,amx_tile,fma",True,True,,256,128,sh14l07002s1404,3.11.9,2.1.2+cu121
20260424_010536,2026-04-24T06:14:21.931430,cpu,full_mlp_capacity_search_hd64_depth4,/home/liangyi/SRS_AI/Model_AIIC_refactor/experiments_refactored/20260422_050408_full_mlp_capacity_search_v2/full_mlp_capacity_search_hd64_depth4,full_mlp_capacity_search_v2,full_mlp_capacity_search_hd64_depth4,supervised_nmse_plateau,full_mlp,12,6,compile,bf16,bfloat16,64,8,ok,,500.740147,20,50,0.12303758,0.004972798339325657,0.116255,0.1218475,0.13001269999999998,0.132611,0.13893969,0.139096,520166.27765273023,520.1662776527303,121.8475,1.9038671875,65020.78470659128,15120,14848,30040,sub-physical,0.0625,0.03125,Intel(R) Xeon(R) 6760P,AVX512,"avx2,avx512f,avx512bw,avx512vl,avx512_vnni,avx512_bf16,amx_bf16,amx_int8,amx_tile,fma",True,True,,256,128,sh14l07002s1404,3.11.9,2.1.2+cu121
20260424_010536,2026-04-24T06:14:21.931430,cpu,full_mlp_capacity_search_hd64_depth4,/home/liangyi/SRS_AI/Model_AIIC_refactor/experiments_refactored/20260422_050408_full_mlp_capacity_search_v2/full_mlp_capacity_search_hd64_depth4,full_mlp_capacity_search_v2,full_mlp_capacity_search_hd64_depth4,supervised_nmse_plateau,full_mlp,12,6,compile,bf16,bfloat16,64,128,ok,,531.586664,20,50,0.33214978,0.021510173123701258,0.301182,0.32607699999999995,0.3606816,0.3731563,0.39614309,0.404159,192684.15592507695,192.68415592507694,326.07699999999994,5.094953124999999,1505.3449681646637,15120,14848,30040,all-physical,1.0,0.5,Intel(R) Xeon(R) 6760P,AVX512,"avx2,avx512f,avx512bw,avx512vl,avx512_vnni,avx512_bf16,amx_bf16,amx_int8,amx_tile,fma",True,True,,256,128,sh14l07002s1404,3.11.9,2.1.2+cu121
20260424_010536,2026-04-24T06:14:21.931430,cpu,full_mlp_capacity_search_hd64_depth4,/home/liangyi/SRS_AI/Model_AIIC_refactor/experiments_refactored/20260422_050408_full_mlp_capacity_search_v2/full_mlp_capacity_search_hd64_depth4,full_mlp_capacity_search_v2,full_mlp_capacity_search_hd64_depth4,supervised_nmse_plateau,full_mlp,12,6,compile,bf16,bfloat16,128,1,ok,,499.369486,20,50,0.09288204,0.0034975500451601828,0.088671,0.091591,0.09759459999999999,0.10107355,0.10142925,0.101515,1378092.0401834412,1378.0920401834412,91.59100000000001,0.7155546875000001,1378092.0401834412,15120,14848,30040,single-thread,0.0078125,0.00390625,Intel(R) Xeon(R) 6760P,AVX512,"avx2,avx512f,avx512bw,avx512vl,avx512_vnni,avx512_bf16,amx_bf16,amx_int8,amx_tile,fma",True,True,,256,128,sh14l07002s1404,3.11.9,2.1.2+cu121
20260424_010536,2026-04-24T06:14:21.931430,cpu,full_mlp_capacity_search_hd64_depth4,/home/liangyi/SRS_AI/Model_AIIC_refactor/experiments_refactored/20260422_050408_full_mlp_capacity_search_v2/full_mlp_capacity_search_hd64_depth4,full_mlp_capacity_search_v2,full_mlp_capacity_search_hd64_depth4,supervised_nmse_plateau,full_mlp,12,6,compile,bf16,bfloat16,128,2,ok,,514.85154,20,50,0.1509532,0.005359263594935409,0.141642,0.1498615,0.15844270000000002,0.16043374999999999,0.16321028999999998,0.16516,847944.9259770577,847.9449259770577,149.8615,1.17079296875,423972.46298852883,15120,14848,30040,sub-physical,0.015625,0.0078125,Intel(R) Xeon(R) 6760P,AVX512,"avx2,avx512f,avx512bw,avx512vl,avx512_vnni,avx512_bf16,amx_bf16,amx_int8,amx_tile,fma",True,True,,256,128,sh14l07002s1404,3.11.9,2.1.2+cu121
20260424_010536,2026-04-24T06:14:21.931430,cpu,full_mlp_capacity_search_hd64_depth4,/home/liangyi/SRS_AI/Model_AIIC_refactor/experiments_refactored/20260422_050408_full_mlp_capacity_search_v2/full_mlp_capacity_search_hd64_depth4,full_mlp_capacity_search_v2,full_mlp_capacity_search_hd64_depth4,supervised_nmse_plateau,full_mlp,12,6,compile,bf16,bfloat16,128,4,ok,,504.359057,20,50,0.15147912,0.011935237210277807,0.126438,0.154164,0.1647296,0.16658015,0.17227973,0.173075,845000.9479854385,845.0009479854385,154.164,1.20440625,211250.23699635963,15120,14848,30040,sub-physical,0.03125,0.015625,Intel(R) Xeon(R) 6760P,AVX512,"avx2,avx512f,avx512bw,avx512vl,avx512_vnni,avx512_bf16,amx_bf16,amx_int8,amx_tile,fma",True,True,,256,128,sh14l07002s1404,3.11.9,2.1.2+cu121
20260424_010536,2026-04-24T06:14:21.931430,cpu,full_mlp_capacity_search_hd64_depth4,/home/liangyi/SRS_AI/Model_AIIC_refactor/experiments_refactored/20260422_050408_full_mlp_capacity_search_v2/full_mlp_capacity_search_hd64_depth4,full_mlp_capacity_search_v2,full_mlp_capacity_search_hd64_depth4,supervised_nmse_plateau,full_mlp,12,6,compile,bf16,bfloat16,128,8,ok,,518.557845,20,50,0.15344522,0.012048002409179704,0.128076,0.15634199999999998,0.16442879999999999,0.16803315,0.17153259999999998,0.172591,834173.9156162702,834.1739156162702,156.34199999999998,1.2214218749999999,104271.73945203377,15120,14848,30040,sub-physical,0.0625,0.03125,Intel(R) Xeon(R) 6760P,AVX512,"avx2,avx512f,avx512bw,avx512vl,avx512_vnni,avx512_bf16,amx_bf16,amx_int8,amx_tile,fma",True,True,,256,128,sh14l07002s1404,3.11.9,2.1.2+cu121
20260424_010536,2026-04-24T06:14:21.931430,cpu,full_mlp_capacity_search_hd64_depth4,/home/liangyi/SRS_AI/Model_AIIC_refactor/experiments_refactored/20260422_050408_full_mlp_capacity_search_v2/full_mlp_capacity_search_hd64_depth4,full_mlp_capacity_search_v2,full_mlp_capacity_search_hd64_depth4,supervised_nmse_plateau,full_mlp,12,6,compile,bf16,bfloat16,128,128,ok,,525.666152,20,50,0.42725808,0.04379530862265501,0.376066,0.4161035,0.4657962,0.4945057999999999,0.5921425999999999,0.619514,299584.73810489435,299.58473810489437,416.1035,3.25080859375,2340.505766444487,15120,14848,30040,all-physical,1.0,0.5,Intel(R) Xeon(R) 6760P,AVX512,"avx2,avx512f,avx512bw,avx512vl,avx512_vnni,avx512_bf16,amx_bf16,amx_int8,amx_tile,fma",True,True,,256,128,sh14l07002s1404,3.11.9,2.1.2+cu121
