benchmark_id,timestamp,device,run_name,run_dir,experiment_name,model_label,training_label,model_type,seq_len,num_ports,execution_mode,requested_precision_profile,effective_execution_dtype,batch_size,num_threads,status,skip_reason,graph_prep_time_ms,warmup_iters,measure_iters,mean_latency_ms,std_latency_ms,min_latency_ms,p50_latency_ms,p90_latency_ms,p95_latency_ms,p99_latency_ms,max_latency_ms,throughput_samples_per_sec,samples_per_ms,p50_latency_us,latency_per_sample_us,throughput_per_thread,trainable_parameters,macs_per_sample,flops_per_sample_estimate,thread_group,threads_per_physical_core_ratio,threads_per_logical_cpu_ratio,cpu_model_name,cpu_capability,cpu_flag_summary,mkldnn_available,mkldnn_enabled,onednn_version,logical_cpu_count,physical_cpu_count,hostname,python_version,pytorch_version
20260424_010536,2026-04-24T06:14:13.962925,cpu,full_mlp_capacity_search_hd256_depth4,/home/liangyi/SRS_AI/Model_AIIC_refactor/experiments_refactored/20260422_050408_full_mlp_capacity_search_v2/full_mlp_capacity_search_hd256_depth4,full_mlp_capacity_search_v2,full_mlp_capacity_search_hd256_depth4,supervised_nmse_plateau,full_mlp,12,6,eager,fp32,float32,1,1,ok,,0.0,20,50,0.0493805,0.0032638375097421746,0.046108,0.0478035,0.0537782,0.05502819999999999,0.05879262999999999,0.061396,20250.908759530583,20.25090875953058,47.8035,47.8035,20250.908759530583,109200,108544,217816,single-thread,0.0078125,0.00390625,Intel(R) Xeon(R) 6760P,AVX512,"avx2,avx512f,avx512bw,avx512vl,avx512_vnni,avx512_bf16,amx_bf16,amx_int8,amx_tile,fma",True,True,,256,128,sh14l07002s1404,3.11.9,2.1.2+cu121
20260424_010536,2026-04-24T06:14:13.962925,cpu,full_mlp_capacity_search_hd256_depth4,/home/liangyi/SRS_AI/Model_AIIC_refactor/experiments_refactored/20260422_050408_full_mlp_capacity_search_v2/full_mlp_capacity_search_hd256_depth4,full_mlp_capacity_search_v2,full_mlp_capacity_search_hd256_depth4,supervised_nmse_plateau,full_mlp,12,6,eager,fp32,float32,1,2,ok,,0.0,20,50,0.0576295,0.0035135394134689878,0.054507,0.055958499999999994,0.0609816,0.06383974999999999,0.06944645999999999,0.072311,17352.22412132675,17.352224121326753,55.958499999999994,55.958499999999994,8676.112060663376,109200,108544,217816,sub-physical,0.015625,0.0078125,Intel(R) Xeon(R) 6760P,AVX512,"avx2,avx512f,avx512bw,avx512vl,avx512_vnni,avx512_bf16,amx_bf16,amx_int8,amx_tile,fma",True,True,,256,128,sh14l07002s1404,3.11.9,2.1.2+cu121
20260424_010536,2026-04-24T06:14:13.962925,cpu,full_mlp_capacity_search_hd256_depth4,/home/liangyi/SRS_AI/Model_AIIC_refactor/experiments_refactored/20260422_050408_full_mlp_capacity_search_v2/full_mlp_capacity_search_hd256_depth4,full_mlp_capacity_search_v2,full_mlp_capacity_search_hd256_depth4,supervised_nmse_plateau,full_mlp,12,6,eager,fp32,float32,1,4,ok,,0.0,20,50,0.05836388,0.015480223506965266,0.051328,0.054358000000000004,0.0654887,0.0661297,0.12354686999999986,0.156689,17133.884861664443,17.13388486166444,54.358000000000004,54.358000000000004,4283.471215416111,109200,108544,217816,sub-physical,0.03125,0.015625,Intel(R) Xeon(R) 6760P,AVX512,"avx2,avx512f,avx512bw,avx512vl,avx512_vnni,avx512_bf16,amx_bf16,amx_int8,amx_tile,fma",True,True,,256,128,sh14l07002s1404,3.11.9,2.1.2+cu121
20260424_010536,2026-04-24T06:14:13.962925,cpu,full_mlp_capacity_search_hd256_depth4,/home/liangyi/SRS_AI/Model_AIIC_refactor/experiments_refactored/20260422_050408_full_mlp_capacity_search_v2/full_mlp_capacity_search_hd256_depth4,full_mlp_capacity_search_v2,full_mlp_capacity_search_hd256_depth4,supervised_nmse_plateau,full_mlp,12,6,eager,fp32,float32,1,8,ok,,0.0,20,50,0.05362168,0.0029780934467541487,0.05023,0.052102499999999996,0.0578783,0.0585363,0.06035781,0.061745,18649.17324485171,18.64917324485171,52.1025,52.1025,2331.146655606464,109200,108544,217816,sub-physical,0.0625,0.03125,Intel(R) Xeon(R) 6760P,AVX512,"avx2,avx512f,avx512bw,avx512vl,avx512_vnni,avx512_bf16,amx_bf16,amx_int8,amx_tile,fma",True,True,,256,128,sh14l07002s1404,3.11.9,2.1.2+cu121
20260424_010536,2026-04-24T06:14:13.962925,cpu,full_mlp_capacity_search_hd256_depth4,/home/liangyi/SRS_AI/Model_AIIC_refactor/experiments_refactored/20260422_050408_full_mlp_capacity_search_v2/full_mlp_capacity_search_hd256_depth4,full_mlp_capacity_search_v2,full_mlp_capacity_search_hd256_depth4,supervised_nmse_plateau,full_mlp,12,6,eager,fp32,float32,1,128,ok,,0.0,20,50,0.050852839999999996,0.002963352070611927,0.048323,0.049961,0.0525116,0.05513989999999999,0.06367165,0.063826,19664.58510478471,19.66458510478471,49.961,49.961,153.62957113113055,109200,108544,217816,all-physical,1.0,0.5,Intel(R) Xeon(R) 6760P,AVX512,"avx2,avx512f,avx512bw,avx512vl,avx512_vnni,avx512_bf16,amx_bf16,amx_int8,amx_tile,fma",True,True,,256,128,sh14l07002s1404,3.11.9,2.1.2+cu121
20260424_010536,2026-04-24T06:14:13.962925,cpu,full_mlp_capacity_search_hd256_depth4,/home/liangyi/SRS_AI/Model_AIIC_refactor/experiments_refactored/20260422_050408_full_mlp_capacity_search_v2/full_mlp_capacity_search_hd256_depth4,full_mlp_capacity_search_v2,full_mlp_capacity_search_hd256_depth4,supervised_nmse_plateau,full_mlp,12,6,eager,fp32,float32,2,1,ok,,0.0,20,50,0.0506128,0.0034312666699048613,0.047272,0.048883499999999996,0.0547884,0.0570072,0.06040778999999999,0.062578,39515.69563430595,39.51569563430595,48.8835,24.44175,39515.69563430595,109200,108544,217816,single-thread,0.0078125,0.00390625,Intel(R) Xeon(R) 6760P,AVX512,"avx2,avx512f,avx512bw,avx512vl,avx512_vnni,avx512_bf16,amx_bf16,amx_int8,amx_tile,fma",True,True,,256,128,sh14l07002s1404,3.11.9,2.1.2+cu121
20260424_010536,2026-04-24T06:14:13.962925,cpu,full_mlp_capacity_search_hd256_depth4,/home/liangyi/SRS_AI/Model_AIIC_refactor/experiments_refactored/20260422_050408_full_mlp_capacity_search_v2/full_mlp_capacity_search_hd256_depth4,full_mlp_capacity_search_v2,full_mlp_capacity_search_hd256_depth4,supervised_nmse_plateau,full_mlp,12,6,eager,fp32,float32,2,2,ok,,0.0,20,50,0.05241984,0.003386982635680319,0.048894,0.050538,0.0568741,0.0575715,0.06028207999999999,0.062491,38153.49302859375,38.15349302859375,50.538,25.269,19076.746514296876,109200,108544,217816,sub-physical,0.015625,0.0078125,Intel(R) Xeon(R) 6760P,AVX512,"avx2,avx512f,avx512bw,avx512vl,avx512_vnni,avx512_bf16,amx_bf16,amx_int8,amx_tile,fma",True,True,,256,128,sh14l07002s1404,3.11.9,2.1.2+cu121
20260424_010536,2026-04-24T06:14:13.962925,cpu,full_mlp_capacity_search_hd256_depth4,/home/liangyi/SRS_AI/Model_AIIC_refactor/experiments_refactored/20260422_050408_full_mlp_capacity_search_v2/full_mlp_capacity_search_hd256_depth4,full_mlp_capacity_search_v2,full_mlp_capacity_search_hd256_depth4,supervised_nmse_plateau,full_mlp,12,6,eager,fp32,float32,2,4,ok,,0.0,20,50,0.05850596,0.013952509507554545,0.051096,0.0563515,0.064072,0.06672655,0.11381084999999985,0.148079,34184.551454245004,34.184551454245,56.3515,28.17575,8546.137863561251,109200,108544,217816,sub-physical,0.03125,0.015625,Intel(R) Xeon(R) 6760P,AVX512,"avx2,avx512f,avx512bw,avx512vl,avx512_vnni,avx512_bf16,amx_bf16,amx_int8,amx_tile,fma",True,True,,256,128,sh14l07002s1404,3.11.9,2.1.2+cu121
20260424_010536,2026-04-24T06:14:13.962925,cpu,full_mlp_capacity_search_hd256_depth4,/home/liangyi/SRS_AI/Model_AIIC_refactor/experiments_refactored/20260422_050408_full_mlp_capacity_search_v2/full_mlp_capacity_search_hd256_depth4,full_mlp_capacity_search_v2,full_mlp_capacity_search_hd256_depth4,supervised_nmse_plateau,full_mlp,12,6,eager,fp32,float32,2,8,ok,,0.0,20,50,0.05063778,0.0032767804826689256,0.047322,0.048536499999999996,0.0562333,0.0563721,0.05752594,0.058013,39496.20224267335,39.496202242673355,48.5365,24.26825,4937.025280334169,109200,108544,217816,sub-physical,0.0625,0.03125,Intel(R) Xeon(R) 6760P,AVX512,"avx2,avx512f,avx512bw,avx512vl,avx512_vnni,avx512_bf16,amx_bf16,amx_int8,amx_tile,fma",True,True,,256,128,sh14l07002s1404,3.11.9,2.1.2+cu121
20260424_010536,2026-04-24T06:14:13.962925,cpu,full_mlp_capacity_search_hd256_depth4,/home/liangyi/SRS_AI/Model_AIIC_refactor/experiments_refactored/20260422_050408_full_mlp_capacity_search_v2/full_mlp_capacity_search_hd256_depth4,full_mlp_capacity_search_v2,full_mlp_capacity_search_hd256_depth4,supervised_nmse_plateau,full_mlp,12,6,eager,fp32,float32,2,128,ok,,0.0,20,50,0.05967874,0.012528400255116373,0.048302,0.0502285,0.0737058,0.07879934999999999,0.09123766999999998,0.096538,33512.77188492921,33.51277188492921,50.228500000000004,25.114250000000002,261.81853035100943,109200,108544,217816,all-physical,1.0,0.5,Intel(R) Xeon(R) 6760P,AVX512,"avx2,avx512f,avx512bw,avx512vl,avx512_vnni,avx512_bf16,amx_bf16,amx_int8,amx_tile,fma",True,True,,256,128,sh14l07002s1404,3.11.9,2.1.2+cu121
20260424_010536,2026-04-24T06:14:13.962925,cpu,full_mlp_capacity_search_hd256_depth4,/home/liangyi/SRS_AI/Model_AIIC_refactor/experiments_refactored/20260422_050408_full_mlp_capacity_search_v2/full_mlp_capacity_search_hd256_depth4,full_mlp_capacity_search_v2,full_mlp_capacity_search_hd256_depth4,supervised_nmse_plateau,full_mlp,12,6,eager,fp32,float32,4,1,ok,,0.0,20,50,0.05817968,0.003810314377790893,0.053841,0.056343000000000004,0.0632457,0.06455915,0.06669118,0.067974,68752.52665535458,68.75252665535459,56.343,14.08575,68752.52665535458,109200,108544,217816,single-thread,0.0078125,0.00390625,Intel(R) Xeon(R) 6760P,AVX512,"avx2,avx512f,avx512bw,avx512vl,avx512_vnni,avx512_bf16,amx_bf16,amx_int8,amx_tile,fma",True,True,,256,128,sh14l07002s1404,3.11.9,2.1.2+cu121
20260424_010536,2026-04-24T06:14:13.962925,cpu,full_mlp_capacity_search_hd256_depth4,/home/liangyi/SRS_AI/Model_AIIC_refactor/experiments_refactored/20260422_050408_full_mlp_capacity_search_v2/full_mlp_capacity_search_hd256_depth4,full_mlp_capacity_search_v2,full_mlp_capacity_search_hd256_depth4,supervised_nmse_plateau,full_mlp,12,6,eager,fp32,float32,4,2,ok,,0.0,20,50,0.06593234,0.004738125851473343,0.060399,0.064898,0.0721292,0.0732421,0.07914407999999998,0.083313,60668.25475934875,60.66825475934875,64.898,16.2245,30334.127379674374,109200,108544,217816,sub-physical,0.015625,0.0078125,Intel(R) Xeon(R) 6760P,AVX512,"avx2,avx512f,avx512bw,avx512vl,avx512_vnni,avx512_bf16,amx_bf16,amx_int8,amx_tile,fma",True,True,,256,128,sh14l07002s1404,3.11.9,2.1.2+cu121
20260424_010536,2026-04-24T06:14:13.962925,cpu,full_mlp_capacity_search_hd256_depth4,/home/liangyi/SRS_AI/Model_AIIC_refactor/experiments_refactored/20260422_050408_full_mlp_capacity_search_v2/full_mlp_capacity_search_hd256_depth4,full_mlp_capacity_search_v2,full_mlp_capacity_search_hd256_depth4,supervised_nmse_plateau,full_mlp,12,6,eager,fp32,float32,4,4,ok,,0.0,20,50,0.06565564,0.004075796284212449,0.061865,0.0635385,0.0714382,0.07410220000000001,0.07702718,0.077526,60923.935856843374,60.92393585684337,63.5385,15.884625,15230.983964210844,109200,108544,217816,sub-physical,0.03125,0.015625,Intel(R) Xeon(R) 6760P,AVX512,"avx2,avx512f,avx512bw,avx512vl,avx512_vnni,avx512_bf16,amx_bf16,amx_int8,amx_tile,fma",True,True,,256,128,sh14l07002s1404,3.11.9,2.1.2+cu121
20260424_010536,2026-04-24T06:14:13.962925,cpu,full_mlp_capacity_search_hd256_depth4,/home/liangyi/SRS_AI/Model_AIIC_refactor/experiments_refactored/20260422_050408_full_mlp_capacity_search_v2/full_mlp_capacity_search_hd256_depth4,full_mlp_capacity_search_v2,full_mlp_capacity_search_hd256_depth4,supervised_nmse_plateau,full_mlp,12,6,eager,fp32,float32,4,8,ok,,0.0,20,50,0.0573706,0.005362639883490219,0.052849,0.054623,0.0624035,0.06610714999999999,0.07580677999999998,0.082656,69722.12248085256,69.72212248085256,54.623,13.65575,8715.26531010657,109200,108544,217816,sub-physical,0.0625,0.03125,Intel(R) Xeon(R) 6760P,AVX512,"avx2,avx512f,avx512bw,avx512vl,avx512_vnni,avx512_bf16,amx_bf16,amx_int8,amx_tile,fma",True,True,,256,128,sh14l07002s1404,3.11.9,2.1.2+cu121
20260424_010536,2026-04-24T06:14:13.962925,cpu,full_mlp_capacity_search_hd256_depth4,/home/liangyi/SRS_AI/Model_AIIC_refactor/experiments_refactored/20260422_050408_full_mlp_capacity_search_v2/full_mlp_capacity_search_hd256_depth4,full_mlp_capacity_search_v2,full_mlp_capacity_search_hd256_depth4,supervised_nmse_plateau,full_mlp,12,6,eager,fp32,float32,4,128,ok,,0.0,20,50,1.06252922,2.078621144595256,0.144984,0.158137,5.9760125,6.00208235,6.00661543,6.007592,3764.602351359335,3.764602351359335,158.137,39.53425,29.410955869994805,109200,108544,217816,all-physical,1.0,0.5,Intel(R) Xeon(R) 6760P,AVX512,"avx2,avx512f,avx512bw,avx512vl,avx512_vnni,avx512_bf16,amx_bf16,amx_int8,amx_tile,fma",True,True,,256,128,sh14l07002s1404,3.11.9,2.1.2+cu121
20260424_010536,2026-04-24T06:14:13.962925,cpu,full_mlp_capacity_search_hd256_depth4,/home/liangyi/SRS_AI/Model_AIIC_refactor/experiments_refactored/20260422_050408_full_mlp_capacity_search_v2/full_mlp_capacity_search_hd256_depth4,full_mlp_capacity_search_v2,full_mlp_capacity_search_hd256_depth4,supervised_nmse_plateau,full_mlp,12,6,eager,fp32,float32,8,1,ok,,0.0,20,50,0.06566572,0.004596097244576098,0.062521,0.06361549999999999,0.071616,0.0732844,0.08153758999999998,0.087422,121829.16748647545,121.82916748647544,63.61549999999999,7.951937499999999,121829.16748647545,109200,108544,217816,single-thread,0.0078125,0.00390625,Intel(R) Xeon(R) 6760P,AVX512,"avx2,avx512f,avx512bw,avx512vl,avx512_vnni,avx512_bf16,amx_bf16,amx_int8,amx_tile,fma",True,True,,256,128,sh14l07002s1404,3.11.9,2.1.2+cu121
20260424_010536,2026-04-24T06:14:13.962925,cpu,full_mlp_capacity_search_hd256_depth4,/home/liangyi/SRS_AI/Model_AIIC_refactor/experiments_refactored/20260422_050408_full_mlp_capacity_search_v2/full_mlp_capacity_search_hd256_depth4,full_mlp_capacity_search_v2,full_mlp_capacity_search_hd256_depth4,supervised_nmse_plateau,full_mlp,12,6,eager,fp32,float32,8,2,ok,,0.0,20,50,0.07893316,0.005144561829194008,0.073432,0.077902,0.083679,0.08650999999999999,0.09764137999999997,0.102168,101351.57391392921,101.35157391392922,77.902,9.73775,50675.786956964606,109200,108544,217816,sub-physical,0.015625,0.0078125,Intel(R) Xeon(R) 6760P,AVX512,"avx2,avx512f,avx512bw,avx512vl,avx512_vnni,avx512_bf16,amx_bf16,amx_int8,amx_tile,fma",True,True,,256,128,sh14l07002s1404,3.11.9,2.1.2+cu121
20260424_010536,2026-04-24T06:14:13.962925,cpu,full_mlp_capacity_search_hd256_depth4,/home/liangyi/SRS_AI/Model_AIIC_refactor/experiments_refactored/20260422_050408_full_mlp_capacity_search_v2/full_mlp_capacity_search_hd256_depth4,full_mlp_capacity_search_v2,full_mlp_capacity_search_hd256_depth4,supervised_nmse_plateau,full_mlp,12,6,eager,fp32,float32,8,4,ok,,0.0,20,50,0.07560838,0.003353010902994502,0.071723,0.07426150000000001,0.0803422,0.08119355,0.08302242,0.084366,105808.37732537054,105.80837732537054,74.26150000000001,9.282687500000002,26452.094331342636,109200,108544,217816,sub-physical,0.03125,0.015625,Intel(R) Xeon(R) 6760P,AVX512,"avx2,avx512f,avx512bw,avx512vl,avx512_vnni,avx512_bf16,amx_bf16,amx_int8,amx_tile,fma",True,True,,256,128,sh14l07002s1404,3.11.9,2.1.2+cu121
20260424_010536,2026-04-24T06:14:13.962925,cpu,full_mlp_capacity_search_hd256_depth4,/home/liangyi/SRS_AI/Model_AIIC_refactor/experiments_refactored/20260422_050408_full_mlp_capacity_search_v2/full_mlp_capacity_search_hd256_depth4,full_mlp_capacity_search_v2,full_mlp_capacity_search_hd256_depth4,supervised_nmse_plateau,full_mlp,12,6,eager,fp32,float32,8,8,ok,,0.0,20,50,0.067516,0.004098812676861435,0.062585,0.0655325,0.0733664,0.07378135,0.07798333999999998,0.081724,118490.43189762425,118.49043189762425,65.5325,8.1915625,14811.303987203031,109200,108544,217816,sub-physical,0.0625,0.03125,Intel(R) Xeon(R) 6760P,AVX512,"avx2,avx512f,avx512bw,avx512vl,avx512_vnni,avx512_bf16,amx_bf16,amx_int8,amx_tile,fma",True,True,,256,128,sh14l07002s1404,3.11.9,2.1.2+cu121
20260424_010536,2026-04-24T06:14:13.962925,cpu,full_mlp_capacity_search_hd256_depth4,/home/liangyi/SRS_AI/Model_AIIC_refactor/experiments_refactored/20260422_050408_full_mlp_capacity_search_v2/full_mlp_capacity_search_hd256_depth4,full_mlp_capacity_search_v2,full_mlp_capacity_search_hd256_depth4,supervised_nmse_plateau,full_mlp,12,6,eager,fp32,float32,8,128,ok,,0.0,20,50,0.24615862,0.009875887155876178,0.234003,0.243568,0.2578401,0.2620421,0.27842722,0.292011,32499.36971534859,32.499369715348585,243.568,30.446,253.90132590116085,109200,108544,217816,all-physical,1.0,0.5,Intel(R) Xeon(R) 6760P,AVX512,"avx2,avx512f,avx512bw,avx512vl,avx512_vnni,avx512_bf16,amx_bf16,amx_int8,amx_tile,fma",True,True,,256,128,sh14l07002s1404,3.11.9,2.1.2+cu121
20260424_010536,2026-04-24T06:14:13.962925,cpu,full_mlp_capacity_search_hd256_depth4,/home/liangyi/SRS_AI/Model_AIIC_refactor/experiments_refactored/20260422_050408_full_mlp_capacity_search_v2/full_mlp_capacity_search_hd256_depth4,full_mlp_capacity_search_v2,full_mlp_capacity_search_hd256_depth4,supervised_nmse_plateau,full_mlp,12,6,eager,fp32,float32,16,1,ok,,0.0,20,50,0.08431554,0.010010987386287131,0.078977,0.08112649999999999,0.09026060000000001,0.09465034999999998,0.12451092999999991,0.146631,189763.35797647742,189.7633579764774,81.1265,5.07040625,189763.35797647742,109200,108544,217816,single-thread,0.0078125,0.00390625,Intel(R) Xeon(R) 6760P,AVX512,"avx2,avx512f,avx512bw,avx512vl,avx512_vnni,avx512_bf16,amx_bf16,amx_int8,amx_tile,fma",True,True,,256,128,sh14l07002s1404,3.11.9,2.1.2+cu121
20260424_010536,2026-04-24T06:14:13.962925,cpu,full_mlp_capacity_search_hd256_depth4,/home/liangyi/SRS_AI/Model_AIIC_refactor/experiments_refactored/20260422_050408_full_mlp_capacity_search_v2/full_mlp_capacity_search_hd256_depth4,full_mlp_capacity_search_v2,full_mlp_capacity_search_hd256_depth4,supervised_nmse_plateau,full_mlp,12,6,eager,fp32,float32,16,2,ok,,0.0,20,50,0.10748758,0.014492157355052422,0.084063,0.1143865,0.123017,0.12537355,0.12663038,0.127139,148854.40717895035,148.85440717895034,114.3865,7.14915625,74427.20358947518,109200,108544,217816,sub-physical,0.015625,0.0078125,Intel(R) Xeon(R) 6760P,AVX512,"avx2,avx512f,avx512bw,avx512vl,avx512_vnni,avx512_bf16,amx_bf16,amx_int8,amx_tile,fma",True,True,,256,128,sh14l07002s1404,3.11.9,2.1.2+cu121
20260424_010536,2026-04-24T06:14:13.962925,cpu,full_mlp_capacity_search_hd256_depth4,/home/liangyi/SRS_AI/Model_AIIC_refactor/experiments_refactored/20260422_050408_full_mlp_capacity_search_v2/full_mlp_capacity_search_hd256_depth4,full_mlp_capacity_search_v2,full_mlp_capacity_search_hd256_depth4,supervised_nmse_plateau,full_mlp,12,6,eager,fp32,float32,16,4,ok,,0.0,20,50,0.09166486,0.013852698632410941,0.077471,0.09090999999999999,0.1017656,0.1051061,0.14446436999999993,0.160579,174548.89474548917,174.54889474548918,90.91,5.681875,43637.223686372294,109200,108544,217816,sub-physical,0.03125,0.015625,Intel(R) Xeon(R) 6760P,AVX512,"avx2,avx512f,avx512bw,avx512vl,avx512_vnni,avx512_bf16,amx_bf16,amx_int8,amx_tile,fma",True,True,,256,128,sh14l07002s1404,3.11.9,2.1.2+cu121
20260424_010536,2026-04-24T06:14:13.962925,cpu,full_mlp_capacity_search_hd256_depth4,/home/liangyi/SRS_AI/Model_AIIC_refactor/experiments_refactored/20260422_050408_full_mlp_capacity_search_v2/full_mlp_capacity_search_hd256_depth4,full_mlp_capacity_search_v2,full_mlp_capacity_search_hd256_depth4,supervised_nmse_plateau,full_mlp,12,6,eager,fp32,float32,16,8,ok,,0.0,20,50,0.08252622,0.013665153886129494,0.071707,0.0795255,0.0901943,0.0941465,0.13252503999999987,0.168248,193877.77605711253,193.87777605711253,79.5255,4.97034375,24234.722007139066,109200,108544,217816,sub-physical,0.0625,0.03125,Intel(R) Xeon(R) 6760P,AVX512,"avx2,avx512f,avx512bw,avx512vl,avx512_vnni,avx512_bf16,amx_bf16,amx_int8,amx_tile,fma",True,True,,256,128,sh14l07002s1404,3.11.9,2.1.2+cu121
20260424_010536,2026-04-24T06:14:13.962925,cpu,full_mlp_capacity_search_hd256_depth4,/home/liangyi/SRS_AI/Model_AIIC_refactor/experiments_refactored/20260422_050408_full_mlp_capacity_search_v2/full_mlp_capacity_search_hd256_depth4,full_mlp_capacity_search_v2,full_mlp_capacity_search_hd256_depth4,supervised_nmse_plateau,full_mlp,12,6,eager,fp32,float32,16,128,ok,,0.0,20,50,0.281507,0.015071448416127757,0.251235,0.280082,0.304179,0.30522735,0.30842276,0.308754,56836.952544696935,56.836952544696935,280.082,17.505125,444.0386917554448,109200,108544,217816,all-physical,1.0,0.5,Intel(R) Xeon(R) 6760P,AVX512,"avx2,avx512f,avx512bw,avx512vl,avx512_vnni,avx512_bf16,amx_bf16,amx_int8,amx_tile,fma",True,True,,256,128,sh14l07002s1404,3.11.9,2.1.2+cu121
20260424_010536,2026-04-24T06:14:13.962925,cpu,full_mlp_capacity_search_hd256_depth4,/home/liangyi/SRS_AI/Model_AIIC_refactor/experiments_refactored/20260422_050408_full_mlp_capacity_search_v2/full_mlp_capacity_search_hd256_depth4,full_mlp_capacity_search_v2,full_mlp_capacity_search_hd256_depth4,supervised_nmse_plateau,full_mlp,12,6,eager,fp32,float32,32,1,ok,,0.0,20,50,0.10356506,0.003877057355314723,0.099167,0.10252700000000001,0.1096052,0.11124284999999999,0.11595248999999999,0.116197,308984.5165927582,308.9845165927582,102.527,3.20396875,308984.5165927582,109200,108544,217816,single-thread,0.0078125,0.00390625,Intel(R) Xeon(R) 6760P,AVX512,"avx2,avx512f,avx512bw,avx512vl,avx512_vnni,avx512_bf16,amx_bf16,amx_int8,amx_tile,fma",True,True,,256,128,sh14l07002s1404,3.11.9,2.1.2+cu121
20260424_010536,2026-04-24T06:14:13.962925,cpu,full_mlp_capacity_search_hd256_depth4,/home/liangyi/SRS_AI/Model_AIIC_refactor/experiments_refactored/20260422_050408_full_mlp_capacity_search_v2/full_mlp_capacity_search_hd256_depth4,full_mlp_capacity_search_v2,full_mlp_capacity_search_hd256_depth4,supervised_nmse_plateau,full_mlp,12,6,eager,fp32,float32,32,2,ok,,0.0,20,50,0.13247238,0.017333487074319465,0.118287,0.128685,0.1400626,0.1444949,0.20422588999999985,0.241289,241559.78778368747,241.55978778368745,128.685,4.02140625,120779.89389184373,109200,108544,217816,sub-physical,0.015625,0.0078125,Intel(R) Xeon(R) 6760P,AVX512,"avx2,avx512f,avx512bw,avx512vl,avx512_vnni,avx512_bf16,amx_bf16,amx_int8,amx_tile,fma",True,True,,256,128,sh14l07002s1404,3.11.9,2.1.2+cu121
20260424_010536,2026-04-24T06:14:13.962925,cpu,full_mlp_capacity_search_hd256_depth4,/home/liangyi/SRS_AI/Model_AIIC_refactor/experiments_refactored/20260422_050408_full_mlp_capacity_search_v2/full_mlp_capacity_search_hd256_depth4,full_mlp_capacity_search_v2,full_mlp_capacity_search_hd256_depth4,supervised_nmse_plateau,full_mlp,12,6,eager,fp32,float32,32,4,ok,,0.0,20,50,0.12721082,0.012387090206646596,0.107492,0.12963750000000002,0.1431935,0.14619885,0.15181540999999998,0.155486,251550.92939421348,251.55092939421348,129.63750000000002,4.0511718750000005,62887.73234855337,109200,108544,217816,sub-physical,0.03125,0.015625,Intel(R) Xeon(R) 6760P,AVX512,"avx2,avx512f,avx512bw,avx512vl,avx512_vnni,avx512_bf16,amx_bf16,amx_int8,amx_tile,fma",True,True,,256,128,sh14l07002s1404,3.11.9,2.1.2+cu121
20260424_010536,2026-04-24T06:14:13.962925,cpu,full_mlp_capacity_search_hd256_depth4,/home/liangyi/SRS_AI/Model_AIIC_refactor/experiments_refactored/20260422_050408_full_mlp_capacity_search_v2/full_mlp_capacity_search_hd256_depth4,full_mlp_capacity_search_v2,full_mlp_capacity_search_hd256_depth4,supervised_nmse_plateau,full_mlp,12,6,eager,fp32,float32,32,8,ok,,0.0,20,50,0.10526116,0.015684286187595535,0.085209,0.102304,0.1121605,0.11426359999999999,0.16142002999999983,0.205742,304005.77002951514,304.00577002951513,102.304,3.197,38000.72125368939,109200,108544,217816,sub-physical,0.0625,0.03125,Intel(R) Xeon(R) 6760P,AVX512,"avx2,avx512f,avx512bw,avx512vl,avx512_vnni,avx512_bf16,amx_bf16,amx_int8,amx_tile,fma",True,True,,256,128,sh14l07002s1404,3.11.9,2.1.2+cu121
20260424_010536,2026-04-24T06:14:13.962925,cpu,full_mlp_capacity_search_hd256_depth4,/home/liangyi/SRS_AI/Model_AIIC_refactor/experiments_refactored/20260422_050408_full_mlp_capacity_search_v2/full_mlp_capacity_search_hd256_depth4,full_mlp_capacity_search_v2,full_mlp_capacity_search_hd256_depth4,supervised_nmse_plateau,full_mlp,12,6,eager,fp32,float32,32,128,ok,,0.0,20,50,0.26168206,0.010094324194139996,0.24244,0.2602705,0.27345630000000004,0.2758132,0.28769003,0.295605,122285.79979842715,122.28579979842715,260.2705,8.133453125,955.3578109252121,109200,108544,217816,all-physical,1.0,0.5,Intel(R) Xeon(R) 6760P,AVX512,"avx2,avx512f,avx512bw,avx512vl,avx512_vnni,avx512_bf16,amx_bf16,amx_int8,amx_tile,fma",True,True,,256,128,sh14l07002s1404,3.11.9,2.1.2+cu121
20260424_010536,2026-04-24T06:14:13.962925,cpu,full_mlp_capacity_search_hd256_depth4,/home/liangyi/SRS_AI/Model_AIIC_refactor/experiments_refactored/20260422_050408_full_mlp_capacity_search_v2/full_mlp_capacity_search_hd256_depth4,full_mlp_capacity_search_v2,full_mlp_capacity_search_hd256_depth4,supervised_nmse_plateau,full_mlp,12,6,eager,fp32,float32,64,1,ok,,0.0,20,50,0.1578044,0.040385751503717246,0.138347,0.14626050000000002,0.18167740000000002,0.18652269999999999,0.3103313099999996,0.416064,405565.3708008141,405.56537080081415,146.2605,2.2853203125,405565.3708008141,109200,108544,217816,single-thread,0.0078125,0.00390625,Intel(R) Xeon(R) 6760P,AVX512,"avx2,avx512f,avx512bw,avx512vl,avx512_vnni,avx512_bf16,amx_bf16,amx_int8,amx_tile,fma",True,True,,256,128,sh14l07002s1404,3.11.9,2.1.2+cu121
20260424_010536,2026-04-24T06:14:13.962925,cpu,full_mlp_capacity_search_hd256_depth4,/home/liangyi/SRS_AI/Model_AIIC_refactor/experiments_refactored/20260422_050408_full_mlp_capacity_search_v2/full_mlp_capacity_search_hd256_depth4,full_mlp_capacity_search_v2,full_mlp_capacity_search_hd256_depth4,supervised_nmse_plateau,full_mlp,12,6,eager,fp32,float32,64,2,ok,,0.0,20,50,0.16594784,0.028131881107640134,0.142637,0.1598175,0.18553350000000002,0.23254969999999997,0.2689153299999999,0.29669,385663.35060462373,385.66335060462376,159.8175,2.4971484375,192831.67530231187,109200,108544,217816,sub-physical,0.015625,0.0078125,Intel(R) Xeon(R) 6760P,AVX512,"avx2,avx512f,avx512bw,avx512vl,avx512_vnni,avx512_bf16,amx_bf16,amx_int8,amx_tile,fma",True,True,,256,128,sh14l07002s1404,3.11.9,2.1.2+cu121
20260424_010536,2026-04-24T06:14:13.962925,cpu,full_mlp_capacity_search_hd256_depth4,/home/liangyi/SRS_AI/Model_AIIC_refactor/experiments_refactored/20260422_050408_full_mlp_capacity_search_v2/full_mlp_capacity_search_hd256_depth4,full_mlp_capacity_search_v2,full_mlp_capacity_search_hd256_depth4,supervised_nmse_plateau,full_mlp,12,6,eager,fp32,float32,64,4,ok,,0.0,20,50,0.1571197,0.013602213065894831,0.140946,0.1542365,0.1679244,0.1720784,0.20517875999999988,0.235351,407332.75330846483,407.3327533084648,154.2365,2.4099453125,101833.18832711621,109200,108544,217816,sub-physical,0.03125,0.015625,Intel(R) Xeon(R) 6760P,AVX512,"avx2,avx512f,avx512bw,avx512vl,avx512_vnni,avx512_bf16,amx_bf16,amx_int8,amx_tile,fma",True,True,,256,128,sh14l07002s1404,3.11.9,2.1.2+cu121
20260424_010536,2026-04-24T06:14:13.962925,cpu,full_mlp_capacity_search_hd256_depth4,/home/liangyi/SRS_AI/Model_AIIC_refactor/experiments_refactored/20260422_050408_full_mlp_capacity_search_v2/full_mlp_capacity_search_hd256_depth4,full_mlp_capacity_search_v2,full_mlp_capacity_search_hd256_depth4,supervised_nmse_plateau,full_mlp,12,6,eager,fp32,float32,64,8,ok,,0.0,20,50,0.15315978,0.017253030247802847,0.139049,0.149254,0.1656434,0.17542359999999999,0.21573167999999984,0.25276,417864.2721999209,417.8642721999209,149.254,2.33209375,52233.03402499011,109200,108544,217816,sub-physical,0.0625,0.03125,Intel(R) Xeon(R) 6760P,AVX512,"avx2,avx512f,avx512bw,avx512vl,avx512_vnni,avx512_bf16,amx_bf16,amx_int8,amx_tile,fma",True,True,,256,128,sh14l07002s1404,3.11.9,2.1.2+cu121
20260424_010536,2026-04-24T06:14:13.962925,cpu,full_mlp_capacity_search_hd256_depth4,/home/liangyi/SRS_AI/Model_AIIC_refactor/experiments_refactored/20260422_050408_full_mlp_capacity_search_v2/full_mlp_capacity_search_hd256_depth4,full_mlp_capacity_search_v2,full_mlp_capacity_search_hd256_depth4,supervised_nmse_plateau,full_mlp,12,6,eager,fp32,float32,64,128,ok,,0.0,20,50,0.4568598,0.01471243455584425,0.42301,0.4560135,0.4719237,0.4757888,0.49768599999999996,0.511112,140086.73995829793,140.08673995829793,456.0135,7.1252109375,1094.4276559242026,109200,108544,217816,all-physical,1.0,0.5,Intel(R) Xeon(R) 6760P,AVX512,"avx2,avx512f,avx512bw,avx512vl,avx512_vnni,avx512_bf16,amx_bf16,amx_int8,amx_tile,fma",True,True,,256,128,sh14l07002s1404,3.11.9,2.1.2+cu121
20260424_010536,2026-04-24T06:14:13.962925,cpu,full_mlp_capacity_search_hd256_depth4,/home/liangyi/SRS_AI/Model_AIIC_refactor/experiments_refactored/20260422_050408_full_mlp_capacity_search_v2/full_mlp_capacity_search_hd256_depth4,full_mlp_capacity_search_v2,full_mlp_capacity_search_hd256_depth4,supervised_nmse_plateau,full_mlp,12,6,eager,fp32,float32,128,1,ok,,0.0,20,50,0.23649252,0.02245468032926766,0.218356,0.227501,0.2668517,0.28162275000000003,0.3127822299999999,0.331095,541243.334038641,541.2433340386409,227.501,1.7773515625,541243.334038641,109200,108544,217816,single-thread,0.0078125,0.00390625,Intel(R) Xeon(R) 6760P,AVX512,"avx2,avx512f,avx512bw,avx512vl,avx512_vnni,avx512_bf16,amx_bf16,amx_int8,amx_tile,fma",True,True,,256,128,sh14l07002s1404,3.11.9,2.1.2+cu121
20260424_010536,2026-04-24T06:14:13.962925,cpu,full_mlp_capacity_search_hd256_depth4,/home/liangyi/SRS_AI/Model_AIIC_refactor/experiments_refactored/20260422_050408_full_mlp_capacity_search_v2/full_mlp_capacity_search_hd256_depth4,full_mlp_capacity_search_v2,full_mlp_capacity_search_hd256_depth4,supervised_nmse_plateau,full_mlp,12,6,eager,fp32,float32,128,2,ok,,0.0,20,50,0.24362386,0.028608372356364493,0.222682,0.233941,0.267479,0.27349114999999996,0.3570347999999998,0.400635,525400.0983319122,525.4000983319122,233.941,1.8276640625,262700.0491659561,109200,108544,217816,sub-physical,0.015625,0.0078125,Intel(R) Xeon(R) 6760P,AVX512,"avx2,avx512f,avx512bw,avx512vl,avx512_vnni,avx512_bf16,amx_bf16,amx_int8,amx_tile,fma",True,True,,256,128,sh14l07002s1404,3.11.9,2.1.2+cu121
20260424_010536,2026-04-24T06:14:13.962925,cpu,full_mlp_capacity_search_hd256_depth4,/home/liangyi/SRS_AI/Model_AIIC_refactor/experiments_refactored/20260422_050408_full_mlp_capacity_search_v2/full_mlp_capacity_search_hd256_depth4,full_mlp_capacity_search_v2,full_mlp_capacity_search_hd256_depth4,supervised_nmse_plateau,full_mlp,12,6,eager,fp32,float32,128,4,ok,,0.0,20,50,0.23007998,0.016137660526222508,0.211189,0.227997,0.2435169,0.2460461,0.2857167099999999,0.314147,556328.2820174098,556.3282820174098,227.997,1.7812265625,139082.07050435245,109200,108544,217816,sub-physical,0.03125,0.015625,Intel(R) Xeon(R) 6760P,AVX512,"avx2,avx512f,avx512bw,avx512vl,avx512_vnni,avx512_bf16,amx_bf16,amx_int8,amx_tile,fma",True,True,,256,128,sh14l07002s1404,3.11.9,2.1.2+cu121
20260424_010536,2026-04-24T06:14:13.962925,cpu,full_mlp_capacity_search_hd256_depth4,/home/liangyi/SRS_AI/Model_AIIC_refactor/experiments_refactored/20260422_050408_full_mlp_capacity_search_v2/full_mlp_capacity_search_hd256_depth4,full_mlp_capacity_search_v2,full_mlp_capacity_search_hd256_depth4,supervised_nmse_plateau,full_mlp,12,6,eager,fp32,float32,128,8,ok,,0.0,20,50,0.1969685,0.021552888585291762,0.175069,0.185034,0.2262099,0.22954734999999998,0.24721704999999997,0.251899,649850.102935241,649.8501029352409,185.034,1.445578125,81231.26286690512,109200,108544,217816,sub-physical,0.0625,0.03125,Intel(R) Xeon(R) 6760P,AVX512,"avx2,avx512f,avx512bw,avx512vl,avx512_vnni,avx512_bf16,amx_bf16,amx_int8,amx_tile,fma",True,True,,256,128,sh14l07002s1404,3.11.9,2.1.2+cu121
20260424_010536,2026-04-24T06:14:13.962925,cpu,full_mlp_capacity_search_hd256_depth4,/home/liangyi/SRS_AI/Model_AIIC_refactor/experiments_refactored/20260422_050408_full_mlp_capacity_search_v2/full_mlp_capacity_search_hd256_depth4,full_mlp_capacity_search_v2,full_mlp_capacity_search_hd256_depth4,supervised_nmse_plateau,full_mlp,12,6,eager,fp32,float32,128,128,ok,,0.0,20,50,0.6920846,0.017211771069823117,0.659888,0.6915955,0.7114049,0.71604935,0.7402114599999999,0.75905,184948.48751149786,184.94848751149786,691.5955,5.40308984375,1444.910058683577,109200,108544,217816,all-physical,1.0,0.5,Intel(R) Xeon(R) 6760P,AVX512,"avx2,avx512f,avx512bw,avx512vl,avx512_vnni,avx512_bf16,amx_bf16,amx_int8,amx_tile,fma",True,True,,256,128,sh14l07002s1404,3.11.9,2.1.2+cu121
20260424_010536,2026-04-24T06:14:13.962925,cpu,full_mlp_capacity_search_hd256_depth4,/home/liangyi/SRS_AI/Model_AIIC_refactor/experiments_refactored/20260422_050408_full_mlp_capacity_search_v2/full_mlp_capacity_search_hd256_depth4,full_mlp_capacity_search_v2,full_mlp_capacity_search_hd256_depth4,supervised_nmse_plateau,full_mlp,12,6,eager,bf16,bfloat16,1,1,ok,,0.0,20,50,0.09371846,0.022023747009271604,0.081483,0.08970800000000001,0.1009369,0.1073818,0.1875279699999998,0.232974,10670.256425468366,10.670256425468367,89.70800000000001,89.70800000000001,10670.256425468366,109200,108544,217816,single-thread,0.0078125,0.00390625,Intel(R) Xeon(R) 6760P,AVX512,"avx2,avx512f,avx512bw,avx512vl,avx512_vnni,avx512_bf16,amx_bf16,amx_int8,amx_tile,fma",True,True,,256,128,sh14l07002s1404,3.11.9,2.1.2+cu121
20260424_010536,2026-04-24T06:14:13.962925,cpu,full_mlp_capacity_search_hd256_depth4,/home/liangyi/SRS_AI/Model_AIIC_refactor/experiments_refactored/20260422_050408_full_mlp_capacity_search_v2/full_mlp_capacity_search_hd256_depth4,full_mlp_capacity_search_v2,full_mlp_capacity_search_hd256_depth4,supervised_nmse_plateau,full_mlp,12,6,eager,bf16,bfloat16,1,2,ok,,0.0,20,50,0.10119724,0.007108160573763089,0.092819,0.09787,0.1099021,0.11188175,0.12137896999999997,0.128948,9881.692425603704,9.881692425603704,97.87,97.87,4940.846212801852,109200,108544,217816,sub-physical,0.015625,0.0078125,Intel(R) Xeon(R) 6760P,AVX512,"avx2,avx512f,avx512bw,avx512vl,avx512_vnni,avx512_bf16,amx_bf16,amx_int8,amx_tile,fma",True,True,,256,128,sh14l07002s1404,3.11.9,2.1.2+cu121
20260424_010536,2026-04-24T06:14:13.962925,cpu,full_mlp_capacity_search_hd256_depth4,/home/liangyi/SRS_AI/Model_AIIC_refactor/experiments_refactored/20260422_050408_full_mlp_capacity_search_v2/full_mlp_capacity_search_hd256_depth4,full_mlp_capacity_search_v2,full_mlp_capacity_search_hd256_depth4,supervised_nmse_plateau,full_mlp,12,6,eager,bf16,bfloat16,1,4,ok,,0.0,20,50,0.10227638,0.01568897382608563,0.090694,0.0996755,0.1129743,0.11682834999999998,0.16065595999999985,0.199903,9777.428571484443,9.777428571484442,99.6755,99.6755,2444.3571428711107,109200,108544,217816,sub-physical,0.03125,0.015625,Intel(R) Xeon(R) 6760P,AVX512,"avx2,avx512f,avx512bw,avx512vl,avx512_vnni,avx512_bf16,amx_bf16,amx_int8,amx_tile,fma",True,True,,256,128,sh14l07002s1404,3.11.9,2.1.2+cu121
20260424_010536,2026-04-24T06:14:13.962925,cpu,full_mlp_capacity_search_hd256_depth4,/home/liangyi/SRS_AI/Model_AIIC_refactor/experiments_refactored/20260422_050408_full_mlp_capacity_search_v2/full_mlp_capacity_search_hd256_depth4,full_mlp_capacity_search_v2,full_mlp_capacity_search_hd256_depth4,supervised_nmse_plateau,full_mlp,12,6,eager,bf16,bfloat16,1,8,ok,,0.0,20,50,0.09635718,0.01617320476428837,0.08659,0.0923765,0.1039983,0.1100916,0.1563507599999998,0.199753,10378.05382017199,10.37805382017199,92.37650000000001,92.37650000000001,1297.2567275214988,109200,108544,217816,sub-physical,0.0625,0.03125,Intel(R) Xeon(R) 6760P,AVX512,"avx2,avx512f,avx512bw,avx512vl,avx512_vnni,avx512_bf16,amx_bf16,amx_int8,amx_tile,fma",True,True,,256,128,sh14l07002s1404,3.11.9,2.1.2+cu121
20260424_010536,2026-04-24T06:14:13.962925,cpu,full_mlp_capacity_search_hd256_depth4,/home/liangyi/SRS_AI/Model_AIIC_refactor/experiments_refactored/20260422_050408_full_mlp_capacity_search_v2/full_mlp_capacity_search_hd256_depth4,full_mlp_capacity_search_v2,full_mlp_capacity_search_hd256_depth4,supervised_nmse_plateau,full_mlp,12,6,eager,bf16,bfloat16,1,128,ok,,0.0,20,50,0.25869528,0.00785924450832267,0.247428,0.25744500000000003,0.2690229,0.2741636,0.28391674,0.285766,3865.5517796845766,3.8655517796845764,257.44500000000005,257.44500000000005,30.199623278785754,109200,108544,217816,all-physical,1.0,0.5,Intel(R) Xeon(R) 6760P,AVX512,"avx2,avx512f,avx512bw,avx512vl,avx512_vnni,avx512_bf16,amx_bf16,amx_int8,amx_tile,fma",True,True,,256,128,sh14l07002s1404,3.11.9,2.1.2+cu121
20260424_010536,2026-04-24T06:14:13.962925,cpu,full_mlp_capacity_search_hd256_depth4,/home/liangyi/SRS_AI/Model_AIIC_refactor/experiments_refactored/20260422_050408_full_mlp_capacity_search_v2/full_mlp_capacity_search_hd256_depth4,full_mlp_capacity_search_v2,full_mlp_capacity_search_hd256_depth4,supervised_nmse_plateau,full_mlp,12,6,eager,bf16,bfloat16,2,1,ok,,0.0,20,50,0.10329558,0.015348628444378995,0.092065,0.099386,0.1121503,0.1167313,0.15872196999999982,0.197847,19361.91267816106,19.36191267816106,99.386,49.693,19361.91267816106,109200,108544,217816,single-thread,0.0078125,0.00390625,Intel(R) Xeon(R) 6760P,AVX512,"avx2,avx512f,avx512bw,avx512vl,avx512_vnni,avx512_bf16,amx_bf16,amx_int8,amx_tile,fma",True,True,,256,128,sh14l07002s1404,3.11.9,2.1.2+cu121
20260424_010536,2026-04-24T06:14:13.962925,cpu,full_mlp_capacity_search_hd256_depth4,/home/liangyi/SRS_AI/Model_AIIC_refactor/experiments_refactored/20260422_050408_full_mlp_capacity_search_v2/full_mlp_capacity_search_hd256_depth4,full_mlp_capacity_search_v2,full_mlp_capacity_search_hd256_depth4,supervised_nmse_plateau,full_mlp,12,6,eager,bf16,bfloat16,2,2,ok,,0.0,20,50,0.10115718,0.007267133689949566,0.089899,0.10144449999999999,0.1109768,0.11298895,0.11679804999999999,0.118736,19771.211494824194,19.771211494824193,101.44449999999999,50.722249999999995,9885.605747412097,109200,108544,217816,sub-physical,0.015625,0.0078125,Intel(R) Xeon(R) 6760P,AVX512,"avx2,avx512f,avx512bw,avx512vl,avx512_vnni,avx512_bf16,amx_bf16,amx_int8,amx_tile,fma",True,True,,256,128,sh14l07002s1404,3.11.9,2.1.2+cu121
20260424_010536,2026-04-24T06:14:13.962925,cpu,full_mlp_capacity_search_hd256_depth4,/home/liangyi/SRS_AI/Model_AIIC_refactor/experiments_refactored/20260422_050408_full_mlp_capacity_search_v2/full_mlp_capacity_search_hd256_depth4,full_mlp_capacity_search_v2,full_mlp_capacity_search_hd256_depth4,supervised_nmse_plateau,full_mlp,12,6,eager,bf16,bfloat16,2,4,ok,,0.0,20,50,0.09979636,0.008629955918218817,0.091848,0.096231,0.11423950000000001,0.12084075,0.12371182999999998,0.12608,20040.811107739803,20.040811107739803,96.231,48.1155,5010.202776934951,109200,108544,217816,sub-physical,0.03125,0.015625,Intel(R) Xeon(R) 6760P,AVX512,"avx2,avx512f,avx512bw,avx512vl,avx512_vnni,avx512_bf16,amx_bf16,amx_int8,amx_tile,fma",True,True,,256,128,sh14l07002s1404,3.11.9,2.1.2+cu121
20260424_010536,2026-04-24T06:14:13.962925,cpu,full_mlp_capacity_search_hd256_depth4,/home/liangyi/SRS_AI/Model_AIIC_refactor/experiments_refactored/20260422_050408_full_mlp_capacity_search_v2/full_mlp_capacity_search_hd256_depth4,full_mlp_capacity_search_v2,full_mlp_capacity_search_hd256_depth4,supervised_nmse_plateau,full_mlp,12,6,eager,bf16,bfloat16,2,8,ok,,0.0,20,50,0.1011177,0.015606961630311006,0.090149,0.0949975,0.1105851,0.11518105,0.1626634699999999,0.189661,19778.93088944863,19.77893088944863,94.9975,47.49875,2472.366361181079,109200,108544,217816,sub-physical,0.0625,0.03125,Intel(R) Xeon(R) 6760P,AVX512,"avx2,avx512f,avx512bw,avx512vl,avx512_vnni,avx512_bf16,amx_bf16,amx_int8,amx_tile,fma",True,True,,256,128,sh14l07002s1404,3.11.9,2.1.2+cu121
20260424_010536,2026-04-24T06:14:13.962925,cpu,full_mlp_capacity_search_hd256_depth4,/home/liangyi/SRS_AI/Model_AIIC_refactor/experiments_refactored/20260422_050408_full_mlp_capacity_search_v2/full_mlp_capacity_search_hd256_depth4,full_mlp_capacity_search_v2,full_mlp_capacity_search_hd256_depth4,supervised_nmse_plateau,full_mlp,12,6,eager,bf16,bfloat16,2,128,ok,,0.0,20,50,0.3020153,0.013175933310775371,0.27504,0.300837,0.3213398,0.3243156,0.33066409,0.332996,6622.181061687935,6.622181061687935,300.83700000000005,150.41850000000002,51.73578954443699,109200,108544,217816,all-physical,1.0,0.5,Intel(R) Xeon(R) 6760P,AVX512,"avx2,avx512f,avx512bw,avx512vl,avx512_vnni,avx512_bf16,amx_bf16,amx_int8,amx_tile,fma",True,True,,256,128,sh14l07002s1404,3.11.9,2.1.2+cu121
20260424_010536,2026-04-24T06:14:13.962925,cpu,full_mlp_capacity_search_hd256_depth4,/home/liangyi/SRS_AI/Model_AIIC_refactor/experiments_refactored/20260422_050408_full_mlp_capacity_search_v2/full_mlp_capacity_search_hd256_depth4,full_mlp_capacity_search_v2,full_mlp_capacity_search_hd256_depth4,supervised_nmse_plateau,full_mlp,12,6,eager,bf16,bfloat16,4,1,ok,,0.0,20,50,0.10367036,0.024023838841250995,0.089844,0.09734799999999999,0.111495,0.11470834999999999,0.20566613999999978,0.25531,38583.834376575905,38.58383437657591,97.34799999999998,24.336999999999996,38583.834376575905,109200,108544,217816,single-thread,0.0078125,0.00390625,Intel(R) Xeon(R) 6760P,AVX512,"avx2,avx512f,avx512bw,avx512vl,avx512_vnni,avx512_bf16,amx_bf16,amx_int8,amx_tile,fma",True,True,,256,128,sh14l07002s1404,3.11.9,2.1.2+cu121
20260424_010536,2026-04-24T06:14:13.962925,cpu,full_mlp_capacity_search_hd256_depth4,/home/liangyi/SRS_AI/Model_AIIC_refactor/experiments_refactored/20260422_050408_full_mlp_capacity_search_v2/full_mlp_capacity_search_hd256_depth4,full_mlp_capacity_search_v2,full_mlp_capacity_search_hd256_depth4,supervised_nmse_plateau,full_mlp,12,6,eager,bf16,bfloat16,4,2,ok,,0.0,20,50,0.1136615,0.024003207878323267,0.1007,0.10615150000000001,0.1254197,0.13019545,0.20676557999999978,0.268093,35192.2154819354,35.1922154819354,106.15150000000001,26.537875000000003,17596.1077409677,109200,108544,217816,sub-physical,0.015625,0.0078125,Intel(R) Xeon(R) 6760P,AVX512,"avx2,avx512f,avx512bw,avx512vl,avx512_vnni,avx512_bf16,amx_bf16,amx_int8,amx_tile,fma",True,True,,256,128,sh14l07002s1404,3.11.9,2.1.2+cu121
20260424_010536,2026-04-24T06:14:13.962925,cpu,full_mlp_capacity_search_hd256_depth4,/home/liangyi/SRS_AI/Model_AIIC_refactor/experiments_refactored/20260422_050408_full_mlp_capacity_search_v2/full_mlp_capacity_search_hd256_depth4,full_mlp_capacity_search_v2,full_mlp_capacity_search_hd256_depth4,supervised_nmse_plateau,full_mlp,12,6,eager,bf16,bfloat16,4,4,ok,,0.0,20,50,0.09936936,0.006308211365387181,0.093475,0.0968405,0.10600630000000001,0.1157723,0.11909460999999999,0.120276,40253.85692330111,40.25385692330111,96.84049999999999,24.210124999999998,10063.464230825277,109200,108544,217816,sub-physical,0.03125,0.015625,Intel(R) Xeon(R) 6760P,AVX512,"avx2,avx512f,avx512bw,avx512vl,avx512_vnni,avx512_bf16,amx_bf16,amx_int8,amx_tile,fma",True,True,,256,128,sh14l07002s1404,3.11.9,2.1.2+cu121
20260424_010536,2026-04-24T06:14:13.962925,cpu,full_mlp_capacity_search_hd256_depth4,/home/liangyi/SRS_AI/Model_AIIC_refactor/experiments_refactored/20260422_050408_full_mlp_capacity_search_v2/full_mlp_capacity_search_hd256_depth4,full_mlp_capacity_search_v2,full_mlp_capacity_search_hd256_depth4,supervised_nmse_plateau,full_mlp,12,6,eager,bf16,bfloat16,4,8,ok,,0.0,20,50,0.10592024,0.003789565735331689,0.101606,0.1051545,0.1122806,0.11321345000000001,0.11698485,0.117541,37764.26488459618,37.76426488459618,105.1545,26.288625,4720.533110574523,109200,108544,217816,sub-physical,0.0625,0.03125,Intel(R) Xeon(R) 6760P,AVX512,"avx2,avx512f,avx512bw,avx512vl,avx512_vnni,avx512_bf16,amx_bf16,amx_int8,amx_tile,fma",True,True,,256,128,sh14l07002s1404,3.11.9,2.1.2+cu121
20260424_010536,2026-04-24T06:14:13.962925,cpu,full_mlp_capacity_search_hd256_depth4,/home/liangyi/SRS_AI/Model_AIIC_refactor/experiments_refactored/20260422_050408_full_mlp_capacity_search_v2/full_mlp_capacity_search_hd256_depth4,full_mlp_capacity_search_v2,full_mlp_capacity_search_hd256_depth4,supervised_nmse_plateau,full_mlp,12,6,eager,bf16,bfloat16,4,128,ok,,0.0,20,50,0.35376046,0.01883527456790583,0.321964,0.350269,0.3822928,0.38933305,0.40300269,0.403698,11307.086156547852,11.307086156547852,350.269,87.56725,88.33661059803009,109200,108544,217816,all-physical,1.0,0.5,Intel(R) Xeon(R) 6760P,AVX512,"avx2,avx512f,avx512bw,avx512vl,avx512_vnni,avx512_bf16,amx_bf16,amx_int8,amx_tile,fma",True,True,,256,128,sh14l07002s1404,3.11.9,2.1.2+cu121
20260424_010536,2026-04-24T06:14:13.962925,cpu,full_mlp_capacity_search_hd256_depth4,/home/liangyi/SRS_AI/Model_AIIC_refactor/experiments_refactored/20260422_050408_full_mlp_capacity_search_v2/full_mlp_capacity_search_hd256_depth4,full_mlp_capacity_search_v2,full_mlp_capacity_search_hd256_depth4,supervised_nmse_plateau,full_mlp,12,6,eager,bf16,bfloat16,8,1,ok,,0.0,20,50,0.10088238,0.007230943423620461,0.091376,0.0981065,0.1102264,0.11288395,0.11369465000000001,0.1138,79300.27027514616,79.30027027514616,98.1065,12.2633125,79300.27027514616,109200,108544,217816,single-thread,0.0078125,0.00390625,Intel(R) Xeon(R) 6760P,AVX512,"avx2,avx512f,avx512bw,avx512vl,avx512_vnni,avx512_bf16,amx_bf16,amx_int8,amx_tile,fma",True,True,,256,128,sh14l07002s1404,3.11.9,2.1.2+cu121
20260424_010536,2026-04-24T06:14:13.962925,cpu,full_mlp_capacity_search_hd256_depth4,/home/liangyi/SRS_AI/Model_AIIC_refactor/experiments_refactored/20260422_050408_full_mlp_capacity_search_v2/full_mlp_capacity_search_hd256_depth4,full_mlp_capacity_search_v2,full_mlp_capacity_search_hd256_depth4,supervised_nmse_plateau,full_mlp,12,6,eager,bf16,bfloat16,8,2,ok,,0.0,20,50,0.1151244,0.02007073171361722,0.098411,0.110813,0.1240435,0.13333574999999998,0.19689313999999983,0.234728,69490.04728797717,69.49004728797716,110.81299999999999,13.851624999999999,34745.023643988585,109200,108544,217816,sub-physical,0.015625,0.0078125,Intel(R) Xeon(R) 6760P,AVX512,"avx2,avx512f,avx512bw,avx512vl,avx512_vnni,avx512_bf16,amx_bf16,amx_int8,amx_tile,fma",True,True,,256,128,sh14l07002s1404,3.11.9,2.1.2+cu121
20260424_010536,2026-04-24T06:14:13.962925,cpu,full_mlp_capacity_search_hd256_depth4,/home/liangyi/SRS_AI/Model_AIIC_refactor/experiments_refactored/20260422_050408_full_mlp_capacity_search_v2/full_mlp_capacity_search_hd256_depth4,full_mlp_capacity_search_v2,full_mlp_capacity_search_hd256_depth4,supervised_nmse_plateau,full_mlp,12,6,eager,bf16,bfloat16,8,4,ok,,0.0,20,50,0.11372018,0.017014996494492736,0.099428,0.1097805,0.12735739999999998,0.13093685,0.17961515999999988,0.208827,70348.11235789461,70.3481123578946,109.7805,13.7225625,17587.028089473653,109200,108544,217816,sub-physical,0.03125,0.015625,Intel(R) Xeon(R) 6760P,AVX512,"avx2,avx512f,avx512bw,avx512vl,avx512_vnni,avx512_bf16,amx_bf16,amx_int8,amx_tile,fma",True,True,,256,128,sh14l07002s1404,3.11.9,2.1.2+cu121
20260424_010536,2026-04-24T06:14:13.962925,cpu,full_mlp_capacity_search_hd256_depth4,/home/liangyi/SRS_AI/Model_AIIC_refactor/experiments_refactored/20260422_050408_full_mlp_capacity_search_v2/full_mlp_capacity_search_hd256_depth4,full_mlp_capacity_search_v2,full_mlp_capacity_search_hd256_depth4,supervised_nmse_plateau,full_mlp,12,6,eager,bf16,bfloat16,8,8,ok,,0.0,20,50,0.12153712,0.019344293973820807,0.106699,0.11500550000000001,0.1375583,0.1396813,0.19112251999999982,0.235395,65823.51136837865,65.82351136837865,115.00550000000001,14.375687500000002,8227.938921047331,109200,108544,217816,sub-physical,0.0625,0.03125,Intel(R) Xeon(R) 6760P,AVX512,"avx2,avx512f,avx512bw,avx512vl,avx512_vnni,avx512_bf16,amx_bf16,amx_int8,amx_tile,fma",True,True,,256,128,sh14l07002s1404,3.11.9,2.1.2+cu121
20260424_010536,2026-04-24T06:14:13.962925,cpu,full_mlp_capacity_search_hd256_depth4,/home/liangyi/SRS_AI/Model_AIIC_refactor/experiments_refactored/20260422_050408_full_mlp_capacity_search_v2/full_mlp_capacity_search_hd256_depth4,full_mlp_capacity_search_v2,full_mlp_capacity_search_hd256_depth4,supervised_nmse_plateau,full_mlp,12,6,eager,bf16,bfloat16,8,128,ok,,0.0,20,50,0.39254662,0.018546419224087434,0.367303,0.390618,0.4097764,0.41627849999999994,0.45794598999999986,0.485753,20379.7449587007,20.379744958700698,390.618,48.82725,159.21675748984921,109200,108544,217816,all-physical,1.0,0.5,Intel(R) Xeon(R) 6760P,AVX512,"avx2,avx512f,avx512bw,avx512vl,avx512_vnni,avx512_bf16,amx_bf16,amx_int8,amx_tile,fma",True,True,,256,128,sh14l07002s1404,3.11.9,2.1.2+cu121
20260424_010536,2026-04-24T06:14:13.962925,cpu,full_mlp_capacity_search_hd256_depth4,/home/liangyi/SRS_AI/Model_AIIC_refactor/experiments_refactored/20260422_050408_full_mlp_capacity_search_v2/full_mlp_capacity_search_hd256_depth4,full_mlp_capacity_search_v2,full_mlp_capacity_search_hd256_depth4,supervised_nmse_plateau,full_mlp,12,6,eager,bf16,bfloat16,16,1,ok,,0.0,20,50,0.11674326,0.01948482617506248,0.103317,0.11180200000000001,0.12778840000000002,0.13124709999999998,0.19805309999999987,0.22785,137052.87996925903,137.05287996925904,111.802,6.987625,137052.87996925903,109200,108544,217816,single-thread,0.0078125,0.00390625,Intel(R) Xeon(R) 6760P,AVX512,"avx2,avx512f,avx512bw,avx512vl,avx512_vnni,avx512_bf16,amx_bf16,amx_int8,amx_tile,fma",True,True,,256,128,sh14l07002s1404,3.11.9,2.1.2+cu121
20260424_010536,2026-04-24T06:14:13.962925,cpu,full_mlp_capacity_search_hd256_depth4,/home/liangyi/SRS_AI/Model_AIIC_refactor/experiments_refactored/20260422_050408_full_mlp_capacity_search_v2/full_mlp_capacity_search_hd256_depth4,full_mlp_capacity_search_v2,full_mlp_capacity_search_hd256_depth4,supervised_nmse_plateau,full_mlp,12,6,eager,bf16,bfloat16,16,2,ok,,0.0,20,50,0.1242854,0.01816292054709264,0.106347,0.119697,0.1342564,0.13643539999999998,0.20319717999999992,0.221728,128735.9577231115,128.73595772311148,119.697,7.4810625,64367.97886155575,109200,108544,217816,sub-physical,0.015625,0.0078125,Intel(R) Xeon(R) 6760P,AVX512,"avx2,avx512f,avx512bw,avx512vl,avx512_vnni,avx512_bf16,amx_bf16,amx_int8,amx_tile,fma",True,True,,256,128,sh14l07002s1404,3.11.9,2.1.2+cu121
20260424_010536,2026-04-24T06:14:13.962925,cpu,full_mlp_capacity_search_hd256_depth4,/home/liangyi/SRS_AI/Model_AIIC_refactor/experiments_refactored/20260422_050408_full_mlp_capacity_search_v2/full_mlp_capacity_search_hd256_depth4,full_mlp_capacity_search_v2,full_mlp_capacity_search_hd256_depth4,supervised_nmse_plateau,full_mlp,12,6,eager,bf16,bfloat16,16,4,ok,,0.0,20,50,0.12017914,0.0063784386020718275,0.110491,0.1182935,0.1289728,0.13270945,0.13425434,0.134418,133134.58558615082,133.13458558615082,118.2935,7.39334375,33283.646396537704,109200,108544,217816,sub-physical,0.03125,0.015625,Intel(R) Xeon(R) 6760P,AVX512,"avx2,avx512f,avx512bw,avx512vl,avx512_vnni,avx512_bf16,amx_bf16,amx_int8,amx_tile,fma",True,True,,256,128,sh14l07002s1404,3.11.9,2.1.2+cu121
20260424_010536,2026-04-24T06:14:13.962925,cpu,full_mlp_capacity_search_hd256_depth4,/home/liangyi/SRS_AI/Model_AIIC_refactor/experiments_refactored/20260422_050408_full_mlp_capacity_search_v2/full_mlp_capacity_search_hd256_depth4,full_mlp_capacity_search_v2,full_mlp_capacity_search_hd256_depth4,supervised_nmse_plateau,full_mlp,12,6,eager,bf16,bfloat16,16,8,ok,,0.0,20,50,0.12192682,0.004935425042243069,0.109952,0.1219095,0.1266809,0.13200935,0.13387390999999998,0.134286,131226.25522424025,131.22625522424025,121.90950000000001,7.6193437500000005,16403.28190303003,109200,108544,217816,sub-physical,0.0625,0.03125,Intel(R) Xeon(R) 6760P,AVX512,"avx2,avx512f,avx512bw,avx512vl,avx512_vnni,avx512_bf16,amx_bf16,amx_int8,amx_tile,fma",True,True,,256,128,sh14l07002s1404,3.11.9,2.1.2+cu121
20260424_010536,2026-04-24T06:14:13.962925,cpu,full_mlp_capacity_search_hd256_depth4,/home/liangyi/SRS_AI/Model_AIIC_refactor/experiments_refactored/20260422_050408_full_mlp_capacity_search_v2/full_mlp_capacity_search_hd256_depth4,full_mlp_capacity_search_v2,full_mlp_capacity_search_hd256_depth4,supervised_nmse_plateau,full_mlp,12,6,eager,bf16,bfloat16,16,128,ok,,0.0,20,50,0.29497782,0.007532670869459248,0.284571,0.29342,0.3074493,0.31041525,0.313612,0.3142,54241.36635086665,54.24136635086665,293.42,18.33875,423.7606746161457,109200,108544,217816,all-physical,1.0,0.5,Intel(R) Xeon(R) 6760P,AVX512,"avx2,avx512f,avx512bw,avx512vl,avx512_vnni,avx512_bf16,amx_bf16,amx_int8,amx_tile,fma",True,True,,256,128,sh14l07002s1404,3.11.9,2.1.2+cu121
20260424_010536,2026-04-24T06:14:13.962925,cpu,full_mlp_capacity_search_hd256_depth4,/home/liangyi/SRS_AI/Model_AIIC_refactor/experiments_refactored/20260422_050408_full_mlp_capacity_search_v2/full_mlp_capacity_search_hd256_depth4,full_mlp_capacity_search_v2,full_mlp_capacity_search_hd256_depth4,supervised_nmse_plateau,full_mlp,12,6,eager,bf16,bfloat16,32,1,ok,,0.0,20,50,0.1098093,0.014516458359048877,0.099488,0.10619600000000001,0.1204692,0.12202025,0.16396116999999988,0.198245,291414.2973318289,291.4142973318289,106.19600000000001,3.3186250000000004,291414.2973318289,109200,108544,217816,single-thread,0.0078125,0.00390625,Intel(R) Xeon(R) 6760P,AVX512,"avx2,avx512f,avx512bw,avx512vl,avx512_vnni,avx512_bf16,amx_bf16,amx_int8,amx_tile,fma",True,True,,256,128,sh14l07002s1404,3.11.9,2.1.2+cu121
20260424_010536,2026-04-24T06:14:13.962925,cpu,full_mlp_capacity_search_hd256_depth4,/home/liangyi/SRS_AI/Model_AIIC_refactor/experiments_refactored/20260422_050408_full_mlp_capacity_search_v2/full_mlp_capacity_search_hd256_depth4,full_mlp_capacity_search_v2,full_mlp_capacity_search_hd256_depth4,supervised_nmse_plateau,full_mlp,12,6,eager,bf16,bfloat16,32,2,ok,,0.0,20,50,0.1376286,0.010256427990289795,0.126204,0.13649050000000001,0.1495068,0.150832,0.17103028999999992,0.188464,232509.81264068664,232.50981264068665,136.49050000000003,4.265328125000001,116254.90632034332,109200,108544,217816,sub-physical,0.015625,0.0078125,Intel(R) Xeon(R) 6760P,AVX512,"avx2,avx512f,avx512bw,avx512vl,avx512_vnni,avx512_bf16,amx_bf16,amx_int8,amx_tile,fma",True,True,,256,128,sh14l07002s1404,3.11.9,2.1.2+cu121
20260424_010536,2026-04-24T06:14:13.962925,cpu,full_mlp_capacity_search_hd256_depth4,/home/liangyi/SRS_AI/Model_AIIC_refactor/experiments_refactored/20260422_050408_full_mlp_capacity_search_v2/full_mlp_capacity_search_hd256_depth4,full_mlp_capacity_search_v2,full_mlp_capacity_search_hd256_depth4,supervised_nmse_plateau,full_mlp,12,6,eager,bf16,bfloat16,32,4,ok,,0.0,20,50,0.15768514,0.01688284282697674,0.137104,0.1553385,0.1706448,0.17753965,0.21727838999999985,0.250299,202936.05345437117,202.93605345437118,155.33849999999998,4.854328124999999,50734.01336359279,109200,108544,217816,sub-physical,0.03125,0.015625,Intel(R) Xeon(R) 6760P,AVX512,"avx2,avx512f,avx512bw,avx512vl,avx512_vnni,avx512_bf16,amx_bf16,amx_int8,amx_tile,fma",True,True,,256,128,sh14l07002s1404,3.11.9,2.1.2+cu121
20260424_010536,2026-04-24T06:14:13.962925,cpu,full_mlp_capacity_search_hd256_depth4,/home/liangyi/SRS_AI/Model_AIIC_refactor/experiments_refactored/20260422_050408_full_mlp_capacity_search_v2/full_mlp_capacity_search_hd256_depth4,full_mlp_capacity_search_v2,full_mlp_capacity_search_hd256_depth4,supervised_nmse_plateau,full_mlp,12,6,eager,bf16,bfloat16,32,8,ok,,0.0,20,50,0.14579096,0.012818334127272547,0.127702,0.14344400000000002,0.1569859,0.1592184,0.1910557199999999,0.22054,219492.34712495207,219.49234712495206,143.44400000000002,4.4826250000000005,27436.54339061901,109200,108544,217816,sub-physical,0.0625,0.03125,Intel(R) Xeon(R) 6760P,AVX512,"avx2,avx512f,avx512bw,avx512vl,avx512_vnni,avx512_bf16,amx_bf16,amx_int8,amx_tile,fma",True,True,,256,128,sh14l07002s1404,3.11.9,2.1.2+cu121
20260424_010536,2026-04-24T06:14:13.962925,cpu,full_mlp_capacity_search_hd256_depth4,/home/liangyi/SRS_AI/Model_AIIC_refactor/experiments_refactored/20260422_050408_full_mlp_capacity_search_v2/full_mlp_capacity_search_hd256_depth4,full_mlp_capacity_search_v2,full_mlp_capacity_search_hd256_depth4,supervised_nmse_plateau,full_mlp,12,6,eager,bf16,bfloat16,32,128,ok,,0.0,20,50,0.3930504,0.016439189829185623,0.370242,0.39175400000000005,0.422182,0.42774209999999996,0.43145917,0.432717,81414.4954438413,81.4144954438413,391.754,12.2423125,636.0507456550101,109200,108544,217816,all-physical,1.0,0.5,Intel(R) Xeon(R) 6760P,AVX512,"avx2,avx512f,avx512bw,avx512vl,avx512_vnni,avx512_bf16,amx_bf16,amx_int8,amx_tile,fma",True,True,,256,128,sh14l07002s1404,3.11.9,2.1.2+cu121
20260424_010536,2026-04-24T06:14:13.962925,cpu,full_mlp_capacity_search_hd256_depth4,/home/liangyi/SRS_AI/Model_AIIC_refactor/experiments_refactored/20260422_050408_full_mlp_capacity_search_v2/full_mlp_capacity_search_hd256_depth4,full_mlp_capacity_search_v2,full_mlp_capacity_search_hd256_depth4,supervised_nmse_plateau,full_mlp,12,6,eager,bf16,bfloat16,64,1,ok,,0.0,20,50,0.14022098,0.03270545285330261,0.12417,0.13139099999999998,0.1507988,0.15475275,0.26148932999999963,0.35806,456422.4269435287,456.4224269435287,131.391,2.052984375,456422.4269435287,109200,108544,217816,single-thread,0.0078125,0.00390625,Intel(R) Xeon(R) 6760P,AVX512,"avx2,avx512f,avx512bw,avx512vl,avx512_vnni,avx512_bf16,amx_bf16,amx_int8,amx_tile,fma",True,True,,256,128,sh14l07002s1404,3.11.9,2.1.2+cu121
20260424_010536,2026-04-24T06:14:13.962925,cpu,full_mlp_capacity_search_hd256_depth4,/home/liangyi/SRS_AI/Model_AIIC_refactor/experiments_refactored/20260422_050408_full_mlp_capacity_search_v2/full_mlp_capacity_search_hd256_depth4,full_mlp_capacity_search_v2,full_mlp_capacity_search_hd256_depth4,supervised_nmse_plateau,full_mlp,12,6,eager,bf16,bfloat16,64,2,ok,,0.0,20,50,0.17121152,0.014859283770411007,0.156346,0.1675755,0.1832126,0.18538325,0.22622913999999988,0.25593,373806.6223581217,373.8066223581217,167.57549999999998,2.6183671874999996,186903.31117906084,109200,108544,217816,sub-physical,0.015625,0.0078125,Intel(R) Xeon(R) 6760P,AVX512,"avx2,avx512f,avx512bw,avx512vl,avx512_vnni,avx512_bf16,amx_bf16,amx_int8,amx_tile,fma",True,True,,256,128,sh14l07002s1404,3.11.9,2.1.2+cu121
20260424_010536,2026-04-24T06:14:13.962925,cpu,full_mlp_capacity_search_hd256_depth4,/home/liangyi/SRS_AI/Model_AIIC_refactor/experiments_refactored/20260422_050408_full_mlp_capacity_search_v2/full_mlp_capacity_search_hd256_depth4,full_mlp_capacity_search_v2,full_mlp_capacity_search_hd256_depth4,supervised_nmse_plateau,full_mlp,12,6,eager,bf16,bfloat16,64,4,ok,,0.0,20,50,0.18196763999999999,0.009751201449585583,0.16218,0.18006149999999999,0.19497,0.19721439999999998,0.21076043999999997,0.217495,351710.8866169831,351.7108866169831,180.0615,2.8134609375,87927.72165424578,109200,108544,217816,sub-physical,0.03125,0.015625,Intel(R) Xeon(R) 6760P,AVX512,"avx2,avx512f,avx512bw,avx512vl,avx512_vnni,avx512_bf16,amx_bf16,amx_int8,amx_tile,fma",True,True,,256,128,sh14l07002s1404,3.11.9,2.1.2+cu121
20260424_010536,2026-04-24T06:14:13.962925,cpu,full_mlp_capacity_search_hd256_depth4,/home/liangyi/SRS_AI/Model_AIIC_refactor/experiments_refactored/20260422_050408_full_mlp_capacity_search_v2/full_mlp_capacity_search_hd256_depth4,full_mlp_capacity_search_v2,full_mlp_capacity_search_hd256_depth4,supervised_nmse_plateau,full_mlp,12,6,eager,bf16,bfloat16,64,8,ok,,0.0,20,50,0.17556214,0.004929020470681778,0.166746,0.17528500000000002,0.1823892,0.18383595,0.18618593,0.187677,364543.28934473003,364.54328934473006,175.28500000000003,2.7388281250000004,45567.911168091254,109200,108544,217816,sub-physical,0.0625,0.03125,Intel(R) Xeon(R) 6760P,AVX512,"avx2,avx512f,avx512bw,avx512vl,avx512_vnni,avx512_bf16,amx_bf16,amx_int8,amx_tile,fma",True,True,,256,128,sh14l07002s1404,3.11.9,2.1.2+cu121
20260424_010536,2026-04-24T06:14:13.962925,cpu,full_mlp_capacity_search_hd256_depth4,/home/liangyi/SRS_AI/Model_AIIC_refactor/experiments_refactored/20260422_050408_full_mlp_capacity_search_v2/full_mlp_capacity_search_hd256_depth4,full_mlp_capacity_search_v2,full_mlp_capacity_search_hd256_depth4,supervised_nmse_plateau,full_mlp,12,6,eager,bf16,bfloat16,64,128,ok,,0.0,20,50,0.45850552,0.025456315728117452,0.401196,0.459676,0.4908773,0.49566345,0.51433902,0.521298,139583.9247475145,139.58392474751452,459.676,7.1824375,1090.499412089957,109200,108544,217816,all-physical,1.0,0.5,Intel(R) Xeon(R) 6760P,AVX512,"avx2,avx512f,avx512bw,avx512vl,avx512_vnni,avx512_bf16,amx_bf16,amx_int8,amx_tile,fma",True,True,,256,128,sh14l07002s1404,3.11.9,2.1.2+cu121
20260424_010536,2026-04-24T06:14:13.962925,cpu,full_mlp_capacity_search_hd256_depth4,/home/liangyi/SRS_AI/Model_AIIC_refactor/experiments_refactored/20260422_050408_full_mlp_capacity_search_v2/full_mlp_capacity_search_hd256_depth4,full_mlp_capacity_search_v2,full_mlp_capacity_search_hd256_depth4,supervised_nmse_plateau,full_mlp,12,6,eager,bf16,bfloat16,128,1,ok,,0.0,20,50,0.17676268,0.03249412989106802,0.14942,0.1588175,0.2109114,0.22223664999999998,0.28435336999999977,0.338492,724134.7551417528,724.1347551417527,158.8175,1.24076171875,724134.7551417528,109200,108544,217816,single-thread,0.0078125,0.00390625,Intel(R) Xeon(R) 6760P,AVX512,"avx2,avx512f,avx512bw,avx512vl,avx512_vnni,avx512_bf16,amx_bf16,amx_int8,amx_tile,fma",True,True,,256,128,sh14l07002s1404,3.11.9,2.1.2+cu121
20260424_010536,2026-04-24T06:14:13.962925,cpu,full_mlp_capacity_search_hd256_depth4,/home/liangyi/SRS_AI/Model_AIIC_refactor/experiments_refactored/20260422_050408_full_mlp_capacity_search_v2/full_mlp_capacity_search_hd256_depth4,full_mlp_capacity_search_v2,full_mlp_capacity_search_hd256_depth4,supervised_nmse_plateau,full_mlp,12,6,eager,bf16,bfloat16,128,2,ok,,0.0,20,50,0.242355,0.013523430169894029,0.222097,0.2406,0.26045019999999997,0.26525135,0.27414156,0.28,528150.8530874131,528.1508530874131,240.6,1.8796875,264075.42654370656,109200,108544,217816,sub-physical,0.015625,0.0078125,Intel(R) Xeon(R) 6760P,AVX512,"avx2,avx512f,avx512bw,avx512vl,avx512_vnni,avx512_bf16,amx_bf16,amx_int8,amx_tile,fma",True,True,,256,128,sh14l07002s1404,3.11.9,2.1.2+cu121
20260424_010536,2026-04-24T06:14:13.962925,cpu,full_mlp_capacity_search_hd256_depth4,/home/liangyi/SRS_AI/Model_AIIC_refactor/experiments_refactored/20260422_050408_full_mlp_capacity_search_v2/full_mlp_capacity_search_hd256_depth4,full_mlp_capacity_search_v2,full_mlp_capacity_search_hd256_depth4,supervised_nmse_plateau,full_mlp,12,6,eager,bf16,bfloat16,128,4,ok,,0.0,20,50,0.25443404,0.01093162042692665,0.234477,0.25425949999999997,0.2642459,0.27815845,0.28235049,0.283085,503077.33980877727,503.07733980877725,254.25949999999997,1.9864023437499998,125769.33495219432,109200,108544,217816,sub-physical,0.03125,0.015625,Intel(R) Xeon(R) 6760P,AVX512,"avx2,avx512f,avx512bw,avx512vl,avx512_vnni,avx512_bf16,amx_bf16,amx_int8,amx_tile,fma",True,True,,256,128,sh14l07002s1404,3.11.9,2.1.2+cu121
20260424_010536,2026-04-24T06:14:13.962925,cpu,full_mlp_capacity_search_hd256_depth4,/home/liangyi/SRS_AI/Model_AIIC_refactor/experiments_refactored/20260422_050408_full_mlp_capacity_search_v2/full_mlp_capacity_search_hd256_depth4,full_mlp_capacity_search_v2,full_mlp_capacity_search_hd256_depth4,supervised_nmse_plateau,full_mlp,12,6,eager,bf16,bfloat16,128,8,ok,,0.0,20,50,0.23571876,0.005455136396314945,0.22149,0.23604950000000002,0.2411811,0.24519205,0.24966526,0.251148,543019.995523479,543.019995523479,236.04950000000002,1.8441367187500002,67877.49944043487,109200,108544,217816,sub-physical,0.0625,0.03125,Intel(R) Xeon(R) 6760P,AVX512,"avx2,avx512f,avx512bw,avx512vl,avx512_vnni,avx512_bf16,amx_bf16,amx_int8,amx_tile,fma",True,True,,256,128,sh14l07002s1404,3.11.9,2.1.2+cu121
20260424_010536,2026-04-24T06:14:13.962925,cpu,full_mlp_capacity_search_hd256_depth4,/home/liangyi/SRS_AI/Model_AIIC_refactor/experiments_refactored/20260422_050408_full_mlp_capacity_search_v2/full_mlp_capacity_search_hd256_depth4,full_mlp_capacity_search_v2,full_mlp_capacity_search_hd256_depth4,supervised_nmse_plateau,full_mlp,12,6,eager,bf16,bfloat16,128,128,ok,,0.0,20,50,0.5025348000000001,0.018239740948818327,0.475482,0.499837,0.5315273,0.53586395,0.5446191899999999,0.550631,254708.72862934065,254.70872862934064,499.837,3.9049765625,1989.9119424167238,109200,108544,217816,all-physical,1.0,0.5,Intel(R) Xeon(R) 6760P,AVX512,"avx2,avx512f,avx512bw,avx512vl,avx512_vnni,avx512_bf16,amx_bf16,amx_int8,amx_tile,fma",True,True,,256,128,sh14l07002s1404,3.11.9,2.1.2+cu121
20260424_010536,2026-04-24T06:14:13.962925,cpu,full_mlp_capacity_search_hd256_depth4,/home/liangyi/SRS_AI/Model_AIIC_refactor/experiments_refactored/20260422_050408_full_mlp_capacity_search_v2/full_mlp_capacity_search_hd256_depth4,full_mlp_capacity_search_v2,full_mlp_capacity_search_hd256_depth4,supervised_nmse_plateau,full_mlp,12,6,jit,fp32,float32,1,1,ok,,50.78931,20,50,0.0254376,0.0008877280664708082,0.024076,0.025498,0.0260408,0.026179149999999998,0.028325559999999993,0.029823,39311.884769003365,39.31188476900336,25.498,25.498,39311.884769003365,109200,108544,217816,single-thread,0.0078125,0.00390625,Intel(R) Xeon(R) 6760P,AVX512,"avx2,avx512f,avx512bw,avx512vl,avx512_vnni,avx512_bf16,amx_bf16,amx_int8,amx_tile,fma",True,True,,256,128,sh14l07002s1404,3.11.9,2.1.2+cu121
20260424_010536,2026-04-24T06:14:13.962925,cpu,full_mlp_capacity_search_hd256_depth4,/home/liangyi/SRS_AI/Model_AIIC_refactor/experiments_refactored/20260422_050408_full_mlp_capacity_search_v2/full_mlp_capacity_search_hd256_depth4,full_mlp_capacity_search_v2,full_mlp_capacity_search_hd256_depth4,supervised_nmse_plateau,full_mlp,12,6,jit,fp32,float32,1,2,ok,,49.850723,20,50,0.0334213,0.0021142295452481028,0.030575,0.0332825,0.03497,0.03821655,0.040325629999999994,0.041557,29921.03837971593,29.92103837971593,33.2825,33.2825,14960.519189857965,109200,108544,217816,sub-physical,0.015625,0.0078125,Intel(R) Xeon(R) 6760P,AVX512,"avx2,avx512f,avx512bw,avx512vl,avx512_vnni,avx512_bf16,amx_bf16,amx_int8,amx_tile,fma",True,True,,256,128,sh14l07002s1404,3.11.9,2.1.2+cu121
20260424_010536,2026-04-24T06:14:13.962925,cpu,full_mlp_capacity_search_hd256_depth4,/home/liangyi/SRS_AI/Model_AIIC_refactor/experiments_refactored/20260422_050408_full_mlp_capacity_search_v2/full_mlp_capacity_search_hd256_depth4,full_mlp_capacity_search_v2,full_mlp_capacity_search_hd256_depth4,supervised_nmse_plateau,full_mlp,12,6,jit,fp32,float32,1,4,ok,,51.07293,20,50,0.03141952,0.002029264874184738,0.029091,0.0308585,0.0336944,0.034349199999999996,0.03853367,0.039277,31827.348094433015,31.827348094433013,30.8585,30.8585,7956.837023608254,109200,108544,217816,sub-physical,0.03125,0.015625,Intel(R) Xeon(R) 6760P,AVX512,"avx2,avx512f,avx512bw,avx512vl,avx512_vnni,avx512_bf16,amx_bf16,amx_int8,amx_tile,fma",True,True,,256,128,sh14l07002s1404,3.11.9,2.1.2+cu121
20260424_010536,2026-04-24T06:14:13.962925,cpu,full_mlp_capacity_search_hd256_depth4,/home/liangyi/SRS_AI/Model_AIIC_refactor/experiments_refactored/20260422_050408_full_mlp_capacity_search_v2/full_mlp_capacity_search_hd256_depth4,full_mlp_capacity_search_v2,full_mlp_capacity_search_hd256_depth4,supervised_nmse_plateau,full_mlp,12,6,jit,fp32,float32,1,8,ok,,48.747987,20,50,0.03118022,0.002008872661867845,0.028858,0.030828,0.0328528,0.03399635,0.03842254,0.038694,32071.614632610028,32.07161463261003,30.828000000000003,30.828000000000003,4008.9518290762535,109200,108544,217816,sub-physical,0.0625,0.03125,Intel(R) Xeon(R) 6760P,AVX512,"avx2,avx512f,avx512bw,avx512vl,avx512_vnni,avx512_bf16,amx_bf16,amx_int8,amx_tile,fma",True,True,,256,128,sh14l07002s1404,3.11.9,2.1.2+cu121
20260424_010536,2026-04-24T06:14:13.962925,cpu,full_mlp_capacity_search_hd256_depth4,/home/liangyi/SRS_AI/Model_AIIC_refactor/experiments_refactored/20260422_050408_full_mlp_capacity_search_v2/full_mlp_capacity_search_hd256_depth4,full_mlp_capacity_search_v2,full_mlp_capacity_search_hd256_depth4,supervised_nmse_plateau,full_mlp,12,6,jit,fp32,float32,1,128,ok,,55.054659,20,50,0.0263206,0.0048459040147324425,0.023809,0.025467499999999997,0.0263074,0.029359799999999985,0.04873054999999998,0.054711,37993.054869569845,37.993054869569846,25.467499999999998,25.467499999999998,296.8207411685144,109200,108544,217816,all-physical,1.0,0.5,Intel(R) Xeon(R) 6760P,AVX512,"avx2,avx512f,avx512bw,avx512vl,avx512_vnni,avx512_bf16,amx_bf16,amx_int8,amx_tile,fma",True,True,,256,128,sh14l07002s1404,3.11.9,2.1.2+cu121
20260424_010536,2026-04-24T06:14:13.962925,cpu,full_mlp_capacity_search_hd256_depth4,/home/liangyi/SRS_AI/Model_AIIC_refactor/experiments_refactored/20260422_050408_full_mlp_capacity_search_v2/full_mlp_capacity_search_hd256_depth4,full_mlp_capacity_search_v2,full_mlp_capacity_search_hd256_depth4,supervised_nmse_plateau,full_mlp,12,6,jit,fp32,float32,2,1,ok,,49.135247,20,50,0.02718742,0.001416580263733757,0.025799,0.027019500000000002,0.0278362,0.02960419999999999,0.03279517,0.033612,73563.43485332554,73.56343485332555,27.0195,13.50975,73563.43485332554,109200,108544,217816,single-thread,0.0078125,0.00390625,Intel(R) Xeon(R) 6760P,AVX512,"avx2,avx512f,avx512bw,avx512vl,avx512_vnni,avx512_bf16,amx_bf16,amx_int8,amx_tile,fma",True,True,,256,128,sh14l07002s1404,3.11.9,2.1.2+cu121
20260424_010536,2026-04-24T06:14:13.962925,cpu,full_mlp_capacity_search_hd256_depth4,/home/liangyi/SRS_AI/Model_AIIC_refactor/experiments_refactored/20260422_050408_full_mlp_capacity_search_v2/full_mlp_capacity_search_hd256_depth4,full_mlp_capacity_search_v2,full_mlp_capacity_search_hd256_depth4,supervised_nmse_plateau,full_mlp,12,6,jit,fp32,float32,2,2,ok,,49.353008,20,50,0.02770806,0.0016636212839465597,0.026393,0.027298,0.028467600000000003,0.03067559999999999,0.03437294,0.035595,72181.16317057202,72.18116317057202,27.298,13.649,36090.58158528601,109200,108544,217816,sub-physical,0.015625,0.0078125,Intel(R) Xeon(R) 6760P,AVX512,"avx2,avx512f,avx512bw,avx512vl,avx512_vnni,avx512_bf16,amx_bf16,amx_int8,amx_tile,fma",True,True,,256,128,sh14l07002s1404,3.11.9,2.1.2+cu121
20260424_010536,2026-04-24T06:14:13.962925,cpu,full_mlp_capacity_search_hd256_depth4,/home/liangyi/SRS_AI/Model_AIIC_refactor/experiments_refactored/20260422_050408_full_mlp_capacity_search_v2/full_mlp_capacity_search_hd256_depth4,full_mlp_capacity_search_v2,full_mlp_capacity_search_hd256_depth4,supervised_nmse_plateau,full_mlp,12,6,jit,fp32,float32,2,4,ok,,49.462369,20,50,0.03078372,0.0017402328239635061,0.02906,0.0303305,0.0317213,0.03235155,0.03789524999999999,0.040039,64969.405906758504,64.96940590675851,30.3305,15.16525,16242.351476689626,109200,108544,217816,sub-physical,0.03125,0.015625,Intel(R) Xeon(R) 6760P,AVX512,"avx2,avx512f,avx512bw,avx512vl,avx512_vnni,avx512_bf16,amx_bf16,amx_int8,amx_tile,fma",True,True,,256,128,sh14l07002s1404,3.11.9,2.1.2+cu121
20260424_010536,2026-04-24T06:14:13.962925,cpu,full_mlp_capacity_search_hd256_depth4,/home/liangyi/SRS_AI/Model_AIIC_refactor/experiments_refactored/20260422_050408_full_mlp_capacity_search_v2/full_mlp_capacity_search_hd256_depth4,full_mlp_capacity_search_v2,full_mlp_capacity_search_hd256_depth4,supervised_nmse_plateau,full_mlp,12,6,jit,fp32,float32,2,8,ok,,50.293685,20,50,0.02928692,0.004164394255302925,0.025948,0.027456,0.0353011,0.036559299999999996,0.04321875999999999,0.046441,68289.87138285623,68.28987138285623,27.456,13.728,8536.233922857029,109200,108544,217816,sub-physical,0.0625,0.03125,Intel(R) Xeon(R) 6760P,AVX512,"avx2,avx512f,avx512bw,avx512vl,avx512_vnni,avx512_bf16,amx_bf16,amx_int8,amx_tile,fma",True,True,,256,128,sh14l07002s1404,3.11.9,2.1.2+cu121
20260424_010536,2026-04-24T06:14:13.962925,cpu,full_mlp_capacity_search_hd256_depth4,/home/liangyi/SRS_AI/Model_AIIC_refactor/experiments_refactored/20260422_050408_full_mlp_capacity_search_v2/full_mlp_capacity_search_hd256_depth4,full_mlp_capacity_search_v2,full_mlp_capacity_search_hd256_depth4,supervised_nmse_plateau,full_mlp,12,6,jit,fp32,float32,2,128,ok,,55.995936,20,50,0.03018146,0.007719184361601943,0.026527,0.0276145,0.0352289,0.03686804999999999,0.06511638999999998,0.069815,66265.846648903,66.265846648903,27.6145,13.80725,517.7019269445547,109200,108544,217816,all-physical,1.0,0.5,Intel(R) Xeon(R) 6760P,AVX512,"avx2,avx512f,avx512bw,avx512vl,avx512_vnni,avx512_bf16,amx_bf16,amx_int8,amx_tile,fma",True,True,,256,128,sh14l07002s1404,3.11.9,2.1.2+cu121
20260424_010536,2026-04-24T06:14:13.962925,cpu,full_mlp_capacity_search_hd256_depth4,/home/liangyi/SRS_AI/Model_AIIC_refactor/experiments_refactored/20260422_050408_full_mlp_capacity_search_v2/full_mlp_capacity_search_hd256_depth4,full_mlp_capacity_search_v2,full_mlp_capacity_search_hd256_depth4,supervised_nmse_plateau,full_mlp,12,6,jit,fp32,float32,4,1,ok,,49.447017,20,50,0.029169399999999998,0.0012710233829477723,0.028017,0.0286135,0.029886299999999998,0.03017205,0.034593769999999996,0.034607,137130.0061022853,137.13000610228528,28.6135,7.153375,137130.0061022853,109200,108544,217816,single-thread,0.0078125,0.00390625,Intel(R) Xeon(R) 6760P,AVX512,"avx2,avx512f,avx512bw,avx512vl,avx512_vnni,avx512_bf16,amx_bf16,amx_int8,amx_tile,fma",True,True,,256,128,sh14l07002s1404,3.11.9,2.1.2+cu121
20260424_010536,2026-04-24T06:14:13.962925,cpu,full_mlp_capacity_search_hd256_depth4,/home/liangyi/SRS_AI/Model_AIIC_refactor/experiments_refactored/20260422_050408_full_mlp_capacity_search_v2/full_mlp_capacity_search_hd256_depth4,full_mlp_capacity_search_v2,full_mlp_capacity_search_hd256_depth4,supervised_nmse_plateau,full_mlp,12,6,jit,fp32,float32,4,2,ok,,49.552704,20,50,0.03246662,0.0011838684705658819,0.03122,0.032022999999999996,0.0334596,0.03452175,0.03684965,0.037788,123203.46251011039,123.20346251011038,32.022999999999996,8.005749999999999,61601.731255055194,109200,108544,217816,sub-physical,0.015625,0.0078125,Intel(R) Xeon(R) 6760P,AVX512,"avx2,avx512f,avx512bw,avx512vl,avx512_vnni,avx512_bf16,amx_bf16,amx_int8,amx_tile,fma",True,True,,256,128,sh14l07002s1404,3.11.9,2.1.2+cu121
20260424_010536,2026-04-24T06:14:13.962925,cpu,full_mlp_capacity_search_hd256_depth4,/home/liangyi/SRS_AI/Model_AIIC_refactor/experiments_refactored/20260422_050408_full_mlp_capacity_search_v2/full_mlp_capacity_search_hd256_depth4,full_mlp_capacity_search_v2,full_mlp_capacity_search_hd256_depth4,supervised_nmse_plateau,full_mlp,12,6,jit,fp32,float32,4,4,ok,,49.703469,20,50,0.03689418,0.0019526196115987363,0.034279,0.036441,0.0386448,0.04036885,0.04302572999999999,0.04485,108418.18411467607,108.41818411467607,36.441,9.11025,27104.546028669018,109200,108544,217816,sub-physical,0.03125,0.015625,Intel(R) Xeon(R) 6760P,AVX512,"avx2,avx512f,avx512bw,avx512vl,avx512_vnni,avx512_bf16,amx_bf16,amx_int8,amx_tile,fma",True,True,,256,128,sh14l07002s1404,3.11.9,2.1.2+cu121
20260424_010536,2026-04-24T06:14:13.962925,cpu,full_mlp_capacity_search_hd256_depth4,/home/liangyi/SRS_AI/Model_AIIC_refactor/experiments_refactored/20260422_050408_full_mlp_capacity_search_v2/full_mlp_capacity_search_hd256_depth4,full_mlp_capacity_search_v2,full_mlp_capacity_search_hd256_depth4,supervised_nmse_plateau,full_mlp,12,6,jit,fp32,float32,4,8,ok,,50.993246,20,50,0.035550860000000004,0.0024084944509796986,0.033123,0.0345025,0.0372914,0.038162049999999996,0.04462698999999999,0.046464,112514.85899356582,112.51485899356582,34.5025,8.625625,14064.357374195728,109200,108544,217816,sub-physical,0.0625,0.03125,Intel(R) Xeon(R) 6760P,AVX512,"avx2,avx512f,avx512bw,avx512vl,avx512_vnni,avx512_bf16,amx_bf16,amx_int8,amx_tile,fma",True,True,,256,128,sh14l07002s1404,3.11.9,2.1.2+cu121
20260424_010536,2026-04-24T06:14:13.962925,cpu,full_mlp_capacity_search_hd256_depth4,/home/liangyi/SRS_AI/Model_AIIC_refactor/experiments_refactored/20260422_050408_full_mlp_capacity_search_v2/full_mlp_capacity_search_hd256_depth4,full_mlp_capacity_search_v2,full_mlp_capacity_search_hd256_depth4,supervised_nmse_plateau,full_mlp,12,6,jit,fp32,float32,4,128,ok,,84.923514,20,50,0.09048083999999999,0.006858571855306322,0.08357,0.0882075,0.096392,0.1070264,0.11414155,0.116496,44208.254476859416,44.208254476859416,88.2075,22.051875,345.3769881004642,109200,108544,217816,all-physical,1.0,0.5,Intel(R) Xeon(R) 6760P,AVX512,"avx2,avx512f,avx512bw,avx512vl,avx512_vnni,avx512_bf16,amx_bf16,amx_int8,amx_tile,fma",True,True,,256,128,sh14l07002s1404,3.11.9,2.1.2+cu121
20260424_010536,2026-04-24T06:14:13.962925,cpu,full_mlp_capacity_search_hd256_depth4,/home/liangyi/SRS_AI/Model_AIIC_refactor/experiments_refactored/20260422_050408_full_mlp_capacity_search_v2/full_mlp_capacity_search_hd256_depth4,full_mlp_capacity_search_v2,full_mlp_capacity_search_hd256_depth4,supervised_nmse_plateau,full_mlp,12,6,jit,fp32,float32,8,1,ok,,49.249244,20,50,0.03337498,0.0018457438661959576,0.03188,0.032931,0.0336735,0.03570424999999999,0.041724939999999995,0.043094,239700.51817259518,239.7005181725952,32.931000000000004,4.116375000000001,239700.51817259518,109200,108544,217816,single-thread,0.0078125,0.00390625,Intel(R) Xeon(R) 6760P,AVX512,"avx2,avx512f,avx512bw,avx512vl,avx512_vnni,avx512_bf16,amx_bf16,amx_int8,amx_tile,fma",True,True,,256,128,sh14l07002s1404,3.11.9,2.1.2+cu121
20260424_010536,2026-04-24T06:14:13.962925,cpu,full_mlp_capacity_search_hd256_depth4,/home/liangyi/SRS_AI/Model_AIIC_refactor/experiments_refactored/20260422_050408_full_mlp_capacity_search_v2/full_mlp_capacity_search_hd256_depth4,full_mlp_capacity_search_v2,full_mlp_capacity_search_hd256_depth4,supervised_nmse_plateau,full_mlp,12,6,jit,fp32,float32,8,2,ok,,50.586474,20,50,0.04291788,0.002261433860540697,0.039931,0.041965,0.0461428,0.04639255,0.048597749999999995,0.049688,186402.49704785045,186.40249704785046,41.965,5.245625,93201.24852392523,109200,108544,217816,sub-physical,0.015625,0.0078125,Intel(R) Xeon(R) 6760P,AVX512,"avx2,avx512f,avx512bw,avx512vl,avx512_vnni,avx512_bf16,amx_bf16,amx_int8,amx_tile,fma",True,True,,256,128,sh14l07002s1404,3.11.9,2.1.2+cu121
20260424_010536,2026-04-24T06:14:13.962925,cpu,full_mlp_capacity_search_hd256_depth4,/home/liangyi/SRS_AI/Model_AIIC_refactor/experiments_refactored/20260422_050408_full_mlp_capacity_search_v2/full_mlp_capacity_search_hd256_depth4,full_mlp_capacity_search_v2,full_mlp_capacity_search_hd256_depth4,supervised_nmse_plateau,full_mlp,12,6,jit,fp32,float32,8,4,ok,,49.586638,20,50,0.04407468,0.0021866812427969464,0.040511,0.0440935,0.0465586,0.0476985,0.05040986,0.05055,181510.10965933275,181.51010965933276,44.0935,5.5116875,45377.52741483319,109200,108544,217816,sub-physical,0.03125,0.015625,Intel(R) Xeon(R) 6760P,AVX512,"avx2,avx512f,avx512bw,avx512vl,avx512_vnni,avx512_bf16,amx_bf16,amx_int8,amx_tile,fma",True,True,,256,128,sh14l07002s1404,3.11.9,2.1.2+cu121
20260424_010536,2026-04-24T06:14:13.962925,cpu,full_mlp_capacity_search_hd256_depth4,/home/liangyi/SRS_AI/Model_AIIC_refactor/experiments_refactored/20260422_050408_full_mlp_capacity_search_v2/full_mlp_capacity_search_hd256_depth4,full_mlp_capacity_search_v2,full_mlp_capacity_search_hd256_depth4,supervised_nmse_plateau,full_mlp,12,6,jit,fp32,float32,8,8,ok,,51.323837,20,50,0.04199164,0.0021630572323449973,0.039368,0.041891,0.0446649,0.046029799999999996,0.048977849999999996,0.04924,190514.1118565505,190.5141118565505,41.891,5.236375,23814.263982068813,109200,108544,217816,sub-physical,0.0625,0.03125,Intel(R) Xeon(R) 6760P,AVX512,"avx2,avx512f,avx512bw,avx512vl,avx512_vnni,avx512_bf16,amx_bf16,amx_int8,amx_tile,fma",True,True,,256,128,sh14l07002s1404,3.11.9,2.1.2+cu121
20260424_010536,2026-04-24T06:14:13.962925,cpu,full_mlp_capacity_search_hd256_depth4,/home/liangyi/SRS_AI/Model_AIIC_refactor/experiments_refactored/20260422_050408_full_mlp_capacity_search_v2/full_mlp_capacity_search_hd256_depth4,full_mlp_capacity_search_v2,full_mlp_capacity_search_hd256_depth4,supervised_nmse_plateau,full_mlp,12,6,jit,fp32,float32,8,128,ok,,145.834491,20,50,0.14803316,0.00683861252699698,0.137618,0.1472525,0.15639920000000002,0.16381055,0.16788957,0.169608,54041.9457370227,54.0419457370227,147.2525,18.4065625,422.20270107048987,109200,108544,217816,all-physical,1.0,0.5,Intel(R) Xeon(R) 6760P,AVX512,"avx2,avx512f,avx512bw,avx512vl,avx512_vnni,avx512_bf16,amx_bf16,amx_int8,amx_tile,fma",True,True,,256,128,sh14l07002s1404,3.11.9,2.1.2+cu121
20260424_010536,2026-04-24T06:14:13.962925,cpu,full_mlp_capacity_search_hd256_depth4,/home/liangyi/SRS_AI/Model_AIIC_refactor/experiments_refactored/20260422_050408_full_mlp_capacity_search_v2/full_mlp_capacity_search_hd256_depth4,full_mlp_capacity_search_v2,full_mlp_capacity_search_hd256_depth4,supervised_nmse_plateau,full_mlp,12,6,jit,fp32,float32,16,1,ok,,51.20119,20,50,0.04279654,0.001282870815164177,0.041602,0.042357000000000006,0.043705,0.04439005,0.04821664,0.048297,373861.99912422826,373.86199912422825,42.357000000000006,2.6473125000000004,373861.99912422826,109200,108544,217816,single-thread,0.0078125,0.00390625,Intel(R) Xeon(R) 6760P,AVX512,"avx2,avx512f,avx512bw,avx512vl,avx512_vnni,avx512_bf16,amx_bf16,amx_int8,amx_tile,fma",True,True,,256,128,sh14l07002s1404,3.11.9,2.1.2+cu121
20260424_010536,2026-04-24T06:14:13.962925,cpu,full_mlp_capacity_search_hd256_depth4,/home/liangyi/SRS_AI/Model_AIIC_refactor/experiments_refactored/20260422_050408_full_mlp_capacity_search_v2/full_mlp_capacity_search_hd256_depth4,full_mlp_capacity_search_v2,full_mlp_capacity_search_hd256_depth4,supervised_nmse_plateau,full_mlp,12,6,jit,fp32,float32,16,2,ok,,51.60585,20,50,0.05812974,0.0027525550225926455,0.053964,0.058582,0.061494799999999995,0.0628016,0.06437801,0.064452,275246.3713066668,275.2463713066668,58.582,3.661375,137623.1856533334,109200,108544,217816,sub-physical,0.015625,0.0078125,Intel(R) Xeon(R) 6760P,AVX512,"avx2,avx512f,avx512bw,avx512vl,avx512_vnni,avx512_bf16,amx_bf16,amx_int8,amx_tile,fma",True,True,,256,128,sh14l07002s1404,3.11.9,2.1.2+cu121
20260424_010536,2026-04-24T06:14:13.962925,cpu,full_mlp_capacity_search_hd256_depth4,/home/liangyi/SRS_AI/Model_AIIC_refactor/experiments_refactored/20260422_050408_full_mlp_capacity_search_v2/full_mlp_capacity_search_hd256_depth4,full_mlp_capacity_search_v2,full_mlp_capacity_search_hd256_depth4,supervised_nmse_plateau,full_mlp,12,6,jit,fp32,float32,16,4,ok,,51.385968,20,50,0.05543238,0.002815911347255094,0.049537,0.055541,0.0587079,0.06004495,0.06257671,0.063567,288639.9609758773,288.6399609758773,55.541,3.4713125,72159.99024396933,109200,108544,217816,sub-physical,0.03125,0.015625,Intel(R) Xeon(R) 6760P,AVX512,"avx2,avx512f,avx512bw,avx512vl,avx512_vnni,avx512_bf16,amx_bf16,amx_int8,amx_tile,fma",True,True,,256,128,sh14l07002s1404,3.11.9,2.1.2+cu121
20260424_010536,2026-04-24T06:14:13.962925,cpu,full_mlp_capacity_search_hd256_depth4,/home/liangyi/SRS_AI/Model_AIIC_refactor/experiments_refactored/20260422_050408_full_mlp_capacity_search_v2/full_mlp_capacity_search_hd256_depth4,full_mlp_capacity_search_v2,full_mlp_capacity_search_hd256_depth4,supervised_nmse_plateau,full_mlp,12,6,jit,fp32,float32,16,8,ok,,49.340233,20,50,0.05130564,0.0016391029102530445,0.04845,0.051320000000000005,0.0529609,0.05409735,0.055535289999999994,0.056407,311856.5522231084,311.8565522231084,51.32000000000001,3.2075000000000005,38982.06902788855,109200,108544,217816,sub-physical,0.0625,0.03125,Intel(R) Xeon(R) 6760P,AVX512,"avx2,avx512f,avx512bw,avx512vl,avx512_vnni,avx512_bf16,amx_bf16,amx_int8,amx_tile,fma",True,True,,256,128,sh14l07002s1404,3.11.9,2.1.2+cu121
20260424_010536,2026-04-24T06:14:13.962925,cpu,full_mlp_capacity_search_hd256_depth4,/home/liangyi/SRS_AI/Model_AIIC_refactor/experiments_refactored/20260422_050408_full_mlp_capacity_search_v2/full_mlp_capacity_search_hd256_depth4,full_mlp_capacity_search_v2,full_mlp_capacity_search_hd256_depth4,supervised_nmse_plateau,full_mlp,12,6,jit,fp32,float32,16,128,ok,,73.573148,20,50,0.29123332,0.016272693406366386,0.246117,0.289937,0.3178994,0.3213534,0.32369569000000004,0.324195,54938.768682099966,54.93876868209997,289.937,18.1210625,429.209130328906,109200,108544,217816,all-physical,1.0,0.5,Intel(R) Xeon(R) 6760P,AVX512,"avx2,avx512f,avx512bw,avx512vl,avx512_vnni,avx512_bf16,amx_bf16,amx_int8,amx_tile,fma",True,True,,256,128,sh14l07002s1404,3.11.9,2.1.2+cu121
20260424_010536,2026-04-24T06:14:13.962925,cpu,full_mlp_capacity_search_hd256_depth4,/home/liangyi/SRS_AI/Model_AIIC_refactor/experiments_refactored/20260422_050408_full_mlp_capacity_search_v2/full_mlp_capacity_search_hd256_depth4,full_mlp_capacity_search_v2,full_mlp_capacity_search_hd256_depth4,supervised_nmse_plateau,full_mlp,12,6,jit,fp32,float32,32,1,ok,,50.285052,20,50,0.0608566,0.0011237024339210084,0.059941,0.060502,0.0616473,0.06338229999999999,0.06508029,0.065756,525826.2867133557,525.8262867133557,60.502,1.8906875,525826.2867133557,109200,108544,217816,single-thread,0.0078125,0.00390625,Intel(R) Xeon(R) 6760P,AVX512,"avx2,avx512f,avx512bw,avx512vl,avx512_vnni,avx512_bf16,amx_bf16,amx_int8,amx_tile,fma",True,True,,256,128,sh14l07002s1404,3.11.9,2.1.2+cu121
20260424_010536,2026-04-24T06:14:13.962925,cpu,full_mlp_capacity_search_hd256_depth4,/home/liangyi/SRS_AI/Model_AIIC_refactor/experiments_refactored/20260422_050408_full_mlp_capacity_search_v2/full_mlp_capacity_search_hd256_depth4,full_mlp_capacity_search_v2,full_mlp_capacity_search_hd256_depth4,supervised_nmse_plateau,full_mlp,12,6,jit,fp32,float32,32,2,ok,,51.882619,20,50,0.09356964,0.0029892450201346823,0.087566,0.0932045,0.09690660000000001,0.0987117,0.10138019,0.101659,341991.2698178597,341.9912698178597,93.2045,2.912640625,170995.63490892985,109200,108544,217816,sub-physical,0.015625,0.0078125,Intel(R) Xeon(R) 6760P,AVX512,"avx2,avx512f,avx512bw,avx512vl,avx512_vnni,avx512_bf16,amx_bf16,amx_int8,amx_tile,fma",True,True,,256,128,sh14l07002s1404,3.11.9,2.1.2+cu121
20260424_010536,2026-04-24T06:14:13.962925,cpu,full_mlp_capacity_search_hd256_depth4,/home/liangyi/SRS_AI/Model_AIIC_refactor/experiments_refactored/20260422_050408_full_mlp_capacity_search_v2/full_mlp_capacity_search_hd256_depth4,full_mlp_capacity_search_v2,full_mlp_capacity_search_hd256_depth4,supervised_nmse_plateau,full_mlp,12,6,jit,fp32,float32,32,4,ok,,49.986782,20,50,0.0813618,0.0029875391679440783,0.074985,0.0804055,0.0865297,0.08779125,0.08850351,0.088651,393304.96621264523,393.30496621264524,80.4055,2.512671875,98326.24155316131,109200,108544,217816,sub-physical,0.03125,0.015625,Intel(R) Xeon(R) 6760P,AVX512,"avx2,avx512f,avx512bw,avx512vl,avx512_vnni,avx512_bf16,amx_bf16,amx_int8,amx_tile,fma",True,True,,256,128,sh14l07002s1404,3.11.9,2.1.2+cu121
20260424_010536,2026-04-24T06:14:13.962925,cpu,full_mlp_capacity_search_hd256_depth4,/home/liangyi/SRS_AI/Model_AIIC_refactor/experiments_refactored/20260422_050408_full_mlp_capacity_search_v2/full_mlp_capacity_search_hd256_depth4,full_mlp_capacity_search_v2,full_mlp_capacity_search_hd256_depth4,supervised_nmse_plateau,full_mlp,12,6,jit,fp32,float32,32,8,ok,,51.708652,20,50,0.07845154,0.003131354334533222,0.070211,0.078649,0.0820863,0.08369095,0.08466553,0.08501,407895.1158893758,407.8951158893758,78.649,2.45778125,50986.889486171975,109200,108544,217816,sub-physical,0.0625,0.03125,Intel(R) Xeon(R) 6760P,AVX512,"avx2,avx512f,avx512bw,avx512vl,avx512_vnni,avx512_bf16,amx_bf16,amx_int8,amx_tile,fma",True,True,,256,128,sh14l07002s1404,3.11.9,2.1.2+cu121
20260424_010536,2026-04-24T06:14:13.962925,cpu,full_mlp_capacity_search_hd256_depth4,/home/liangyi/SRS_AI/Model_AIIC_refactor/experiments_refactored/20260422_050408_full_mlp_capacity_search_v2/full_mlp_capacity_search_hd256_depth4,full_mlp_capacity_search_v2,full_mlp_capacity_search_hd256_depth4,supervised_nmse_plateau,full_mlp,12,6,jit,fp32,float32,32,128,ok,,64.59195,20,50,13.33217596,1.892852105409717,9.858103,13.2050965,16.080747600000002,16.891966999999998,17.28074716,17.356264,2400.2083452849956,2.400208345284996,13205.0965,412.659265625,18.75162769753903,109200,108544,217816,all-physical,1.0,0.5,Intel(R) Xeon(R) 6760P,AVX512,"avx2,avx512f,avx512bw,avx512vl,avx512_vnni,avx512_bf16,amx_bf16,amx_int8,amx_tile,fma",True,True,,256,128,sh14l07002s1404,3.11.9,2.1.2+cu121
20260424_010536,2026-04-24T06:14:13.962925,cpu,full_mlp_capacity_search_hd256_depth4,/home/liangyi/SRS_AI/Model_AIIC_refactor/experiments_refactored/20260422_050408_full_mlp_capacity_search_v2/full_mlp_capacity_search_hd256_depth4,full_mlp_capacity_search_v2,full_mlp_capacity_search_hd256_depth4,supervised_nmse_plateau,full_mlp,12,6,jit,fp32,float32,64,1,ok,,50.685367,20,50,0.0998202,0.005352831706676384,0.096189,0.09679299999999999,0.1073809,0.11081614999999999,0.11478903,0.115746,641152.7927213128,641.1527927213128,96.79299999999999,1.5123906249999999,641152.7927213128,109200,108544,217816,single-thread,0.0078125,0.00390625,Intel(R) Xeon(R) 6760P,AVX512,"avx2,avx512f,avx512bw,avx512vl,avx512_vnni,avx512_bf16,amx_bf16,amx_int8,amx_tile,fma",True,True,,256,128,sh14l07002s1404,3.11.9,2.1.2+cu121
20260424_010536,2026-04-24T06:14:13.962925,cpu,full_mlp_capacity_search_hd256_depth4,/home/liangyi/SRS_AI/Model_AIIC_refactor/experiments_refactored/20260422_050408_full_mlp_capacity_search_v2/full_mlp_capacity_search_hd256_depth4,full_mlp_capacity_search_v2,full_mlp_capacity_search_hd256_depth4,supervised_nmse_plateau,full_mlp,12,6,jit,fp32,float32,64,2,ok,,50.57492,20,50,0.13144994,0.0032729320763498896,0.12533,0.13086799999999998,0.1363548,0.1380335,0.13943142,0.140089,486877.3618306711,486.8773618306711,130.868,2.0448125,243438.68091533554,109200,108544,217816,sub-physical,0.015625,0.0078125,Intel(R) Xeon(R) 6760P,AVX512,"avx2,avx512f,avx512bw,avx512vl,avx512_vnni,avx512_bf16,amx_bf16,amx_int8,amx_tile,fma",True,True,,256,128,sh14l07002s1404,3.11.9,2.1.2+cu121
20260424_010536,2026-04-24T06:14:13.962925,cpu,full_mlp_capacity_search_hd256_depth4,/home/liangyi/SRS_AI/Model_AIIC_refactor/experiments_refactored/20260422_050408_full_mlp_capacity_search_v2/full_mlp_capacity_search_hd256_depth4,full_mlp_capacity_search_v2,full_mlp_capacity_search_hd256_depth4,supervised_nmse_plateau,full_mlp,12,6,jit,fp32,float32,64,4,ok,,51.420302,20,50,0.12556928,0.005248484406150026,0.115348,0.125542,0.13239019999999999,0.13349785,0.1354547,0.136714,509678.8004199753,509.6788004199753,125.54199999999999,1.9615937499999998,127419.70010499383,109200,108544,217816,sub-physical,0.03125,0.015625,Intel(R) Xeon(R) 6760P,AVX512,"avx2,avx512f,avx512bw,avx512vl,avx512_vnni,avx512_bf16,amx_bf16,amx_int8,amx_tile,fma",True,True,,256,128,sh14l07002s1404,3.11.9,2.1.2+cu121
20260424_010536,2026-04-24T06:14:13.962925,cpu,full_mlp_capacity_search_hd256_depth4,/home/liangyi/SRS_AI/Model_AIIC_refactor/experiments_refactored/20260422_050408_full_mlp_capacity_search_v2/full_mlp_capacity_search_hd256_depth4,full_mlp_capacity_search_v2,full_mlp_capacity_search_hd256_depth4,supervised_nmse_plateau,full_mlp,12,6,jit,fp32,float32,64,8,ok,,49.763155,20,50,0.1111124,0.006021292495801877,0.103834,0.1091385,0.1202108,0.12323035,0.12680302999999998,0.127025,575993.3184775056,575.9933184775056,109.1385,1.7052890625,71999.1648096882,109200,108544,217816,sub-physical,0.0625,0.03125,Intel(R) Xeon(R) 6760P,AVX512,"avx2,avx512f,avx512bw,avx512vl,avx512_vnni,avx512_bf16,amx_bf16,amx_int8,amx_tile,fma",True,True,,256,128,sh14l07002s1404,3.11.9,2.1.2+cu121
20260424_010536,2026-04-24T06:14:13.962925,cpu,full_mlp_capacity_search_hd256_depth4,/home/liangyi/SRS_AI/Model_AIIC_refactor/experiments_refactored/20260422_050408_full_mlp_capacity_search_v2/full_mlp_capacity_search_hd256_depth4,full_mlp_capacity_search_v2,full_mlp_capacity_search_hd256_depth4,supervised_nmse_plateau,full_mlp,12,6,jit,fp32,float32,64,128,ok,,62.381518,20,50,37.28474418,7.724778369319614,20.976831,36.5243235,47.66907380000001,50.86045634999999,55.355306629999994,55.672833,1716.5197564726864,1.7165197564726864,36524.3235,570.6925546875,13.410310597442862,109200,108544,217816,all-physical,1.0,0.5,Intel(R) Xeon(R) 6760P,AVX512,"avx2,avx512f,avx512bw,avx512vl,avx512_vnni,avx512_bf16,amx_bf16,amx_int8,amx_tile,fma",True,True,,256,128,sh14l07002s1404,3.11.9,2.1.2+cu121
20260424_010536,2026-04-24T06:14:13.962925,cpu,full_mlp_capacity_search_hd256_depth4,/home/liangyi/SRS_AI/Model_AIIC_refactor/experiments_refactored/20260422_050408_full_mlp_capacity_search_v2/full_mlp_capacity_search_hd256_depth4,full_mlp_capacity_search_v2,full_mlp_capacity_search_hd256_depth4,supervised_nmse_plateau,full_mlp,12,6,jit,fp32,float32,128,1,ok,,52.330485,20,50,0.17669226,0.0038947911718601813,0.172759,0.1750945,0.1826661,0.1841355,0.18717179,0.187676,724423.356178703,724.423356178703,175.09449999999998,1.3679257812499999,724423.356178703,109200,108544,217816,single-thread,0.0078125,0.00390625,Intel(R) Xeon(R) 6760P,AVX512,"avx2,avx512f,avx512bw,avx512vl,avx512_vnni,avx512_bf16,amx_bf16,amx_int8,amx_tile,fma",True,True,,256,128,sh14l07002s1404,3.11.9,2.1.2+cu121
20260424_010536,2026-04-24T06:14:13.962925,cpu,full_mlp_capacity_search_hd256_depth4,/home/liangyi/SRS_AI/Model_AIIC_refactor/experiments_refactored/20260422_050408_full_mlp_capacity_search_v2/full_mlp_capacity_search_hd256_depth4,full_mlp_capacity_search_v2,full_mlp_capacity_search_hd256_depth4,supervised_nmse_plateau,full_mlp,12,6,jit,fp32,float32,128,2,ok,,53.784464,20,50,0.20407406,0.0033191506649141436,0.198787,0.20401350000000001,0.20790319999999998,0.20975459999999999,0.21248076999999999,0.214601,627223.2737467956,627.2232737467956,204.01350000000002,1.5938554687500002,313611.6368733978,109200,108544,217816,sub-physical,0.015625,0.0078125,Intel(R) Xeon(R) 6760P,AVX512,"avx2,avx512f,avx512bw,avx512vl,avx512_vnni,avx512_bf16,amx_bf16,amx_int8,amx_tile,fma",True,True,,256,128,sh14l07002s1404,3.11.9,2.1.2+cu121
20260424_010536,2026-04-24T06:14:13.962925,cpu,full_mlp_capacity_search_hd256_depth4,/home/liangyi/SRS_AI/Model_AIIC_refactor/experiments_refactored/20260422_050408_full_mlp_capacity_search_v2/full_mlp_capacity_search_hd256_depth4,full_mlp_capacity_search_v2,full_mlp_capacity_search_hd256_depth4,supervised_nmse_plateau,full_mlp,12,6,jit,fp32,float32,128,4,ok,,52.822499,20,50,0.20173524,0.0092464062782467,0.182037,0.2048775,0.21057130000000002,0.21301414999999999,0.2142559,0.214643,634494.994528472,634.4949945284719,204.8775,1.60060546875,158623.748632118,109200,108544,217816,sub-physical,0.03125,0.015625,Intel(R) Xeon(R) 6760P,AVX512,"avx2,avx512f,avx512bw,avx512vl,avx512_vnni,avx512_bf16,amx_bf16,amx_int8,amx_tile,fma",True,True,,256,128,sh14l07002s1404,3.11.9,2.1.2+cu121
20260424_010536,2026-04-24T06:14:13.962925,cpu,full_mlp_capacity_search_hd256_depth4,/home/liangyi/SRS_AI/Model_AIIC_refactor/experiments_refactored/20260422_050408_full_mlp_capacity_search_v2/full_mlp_capacity_search_hd256_depth4,full_mlp_capacity_search_v2,full_mlp_capacity_search_hd256_depth4,supervised_nmse_plateau,full_mlp,12,6,jit,fp32,float32,128,8,ok,,52.129586,20,50,0.18998836,0.0033194845609521963,0.182588,0.189473,0.1944121,0.1962626,0.19791727,0.197955,673725.4850770858,673.7254850770858,189.473,1.4802578125,84215.68563463572,109200,108544,217816,sub-physical,0.0625,0.03125,Intel(R) Xeon(R) 6760P,AVX512,"avx2,avx512f,avx512bw,avx512vl,avx512_vnni,avx512_bf16,amx_bf16,amx_int8,amx_tile,fma",True,True,,256,128,sh14l07002s1404,3.11.9,2.1.2+cu121
20260424_010536,2026-04-24T06:14:13.962925,cpu,full_mlp_capacity_search_hd256_depth4,/home/liangyi/SRS_AI/Model_AIIC_refactor/experiments_refactored/20260422_050408_full_mlp_capacity_search_v2/full_mlp_capacity_search_hd256_depth4,full_mlp_capacity_search_v2,full_mlp_capacity_search_hd256_depth4,supervised_nmse_plateau,full_mlp,12,6,jit,fp32,float32,128,128,ok,,70.671175,20,50,29.0500055,7.894600804711871,15.772752,27.7376085,39.8527105,46.40726005,50.42306657999998,53.949576,4406.195379205694,4.406195379205694,27737.608500000002,216.70006640625002,34.42340140004448,109200,108544,217816,all-physical,1.0,0.5,Intel(R) Xeon(R) 6760P,AVX512,"avx2,avx512f,avx512bw,avx512vl,avx512_vnni,avx512_bf16,amx_bf16,amx_int8,amx_tile,fma",True,True,,256,128,sh14l07002s1404,3.11.9,2.1.2+cu121
20260424_010536,2026-04-24T06:14:13.962925,cpu,full_mlp_capacity_search_hd256_depth4,/home/liangyi/SRS_AI/Model_AIIC_refactor/experiments_refactored/20260422_050408_full_mlp_capacity_search_v2/full_mlp_capacity_search_hd256_depth4,full_mlp_capacity_search_v2,full_mlp_capacity_search_hd256_depth4,supervised_nmse_plateau,full_mlp,12,6,jit,bf16,bfloat16,1,1,ok,,50.139755,20,50,0.0585261,0.0024370464193363248,0.054714,0.0596475,0.06055000000000001,0.06189355,0.06278668,0.063506,17086.393933646697,17.086393933646697,59.6475,59.6475,17086.393933646697,109200,108544,217816,single-thread,0.0078125,0.00390625,Intel(R) Xeon(R) 6760P,AVX512,"avx2,avx512f,avx512bw,avx512vl,avx512_vnni,avx512_bf16,amx_bf16,amx_int8,amx_tile,fma",True,True,,256,128,sh14l07002s1404,3.11.9,2.1.2+cu121
20260424_010536,2026-04-24T06:14:13.962925,cpu,full_mlp_capacity_search_hd256_depth4,/home/liangyi/SRS_AI/Model_AIIC_refactor/experiments_refactored/20260422_050408_full_mlp_capacity_search_v2/full_mlp_capacity_search_hd256_depth4,full_mlp_capacity_search_v2,full_mlp_capacity_search_hd256_depth4,supervised_nmse_plateau,full_mlp,12,6,jit,bf16,bfloat16,1,2,ok,,50.827036,20,50,0.06284827999999999,0.0028581651599583957,0.059578,0.062336499999999996,0.0666442,0.06749045,0.07316997999999998,0.076158,15911.334407242332,15.911334407242332,62.336499999999994,62.336499999999994,7955.667203621166,109200,108544,217816,sub-physical,0.015625,0.0078125,Intel(R) Xeon(R) 6760P,AVX512,"avx2,avx512f,avx512bw,avx512vl,avx512_vnni,avx512_bf16,amx_bf16,amx_int8,amx_tile,fma",True,True,,256,128,sh14l07002s1404,3.11.9,2.1.2+cu121
20260424_010536,2026-04-24T06:14:13.962925,cpu,full_mlp_capacity_search_hd256_depth4,/home/liangyi/SRS_AI/Model_AIIC_refactor/experiments_refactored/20260422_050408_full_mlp_capacity_search_v2/full_mlp_capacity_search_hd256_depth4,full_mlp_capacity_search_v2,full_mlp_capacity_search_hd256_depth4,supervised_nmse_plateau,full_mlp,12,6,jit,bf16,bfloat16,1,4,ok,,51.756223,20,50,0.06547016,0.006336976968113424,0.059326,0.0632095,0.06996820000000001,0.07698115,0.08811842999999997,0.097621,15274.134048244267,15.274134048244267,63.2095,63.2095,3818.5335120610666,109200,108544,217816,sub-physical,0.03125,0.015625,Intel(R) Xeon(R) 6760P,AVX512,"avx2,avx512f,avx512bw,avx512vl,avx512_vnni,avx512_bf16,amx_bf16,amx_int8,amx_tile,fma",True,True,,256,128,sh14l07002s1404,3.11.9,2.1.2+cu121
20260424_010536,2026-04-24T06:14:13.962925,cpu,full_mlp_capacity_search_hd256_depth4,/home/liangyi/SRS_AI/Model_AIIC_refactor/experiments_refactored/20260422_050408_full_mlp_capacity_search_v2/full_mlp_capacity_search_hd256_depth4,full_mlp_capacity_search_v2,full_mlp_capacity_search_hd256_depth4,supervised_nmse_plateau,full_mlp,12,6,jit,bf16,bfloat16,1,8,ok,,50.789184,20,50,0.06450472,0.004111722135747988,0.058969,0.0631435,0.06863230000000001,0.07085179999999999,0.07733601999999999,0.078807,15502.74150480771,15.502741504807709,63.1435,63.1435,1937.8426881009636,109200,108544,217816,sub-physical,0.0625,0.03125,Intel(R) Xeon(R) 6760P,AVX512,"avx2,avx512f,avx512bw,avx512vl,avx512_vnni,avx512_bf16,amx_bf16,amx_int8,amx_tile,fma",True,True,,256,128,sh14l07002s1404,3.11.9,2.1.2+cu121
20260424_010536,2026-04-24T06:14:13.962925,cpu,full_mlp_capacity_search_hd256_depth4,/home/liangyi/SRS_AI/Model_AIIC_refactor/experiments_refactored/20260422_050408_full_mlp_capacity_search_v2/full_mlp_capacity_search_hd256_depth4,full_mlp_capacity_search_v2,full_mlp_capacity_search_hd256_depth4,supervised_nmse_plateau,full_mlp,12,6,jit,bf16,bfloat16,1,128,ok,,100.230794,20,50,0.31293692,0.017942711886267358,0.277637,0.310604,0.3350024,0.3446934,0.35388154,0.359592,3195.5321858475504,3.1955321858475503,310.604,310.604,24.965095201933988,109200,108544,217816,all-physical,1.0,0.5,Intel(R) Xeon(R) 6760P,AVX512,"avx2,avx512f,avx512bw,avx512vl,avx512_vnni,avx512_bf16,amx_bf16,amx_int8,amx_tile,fma",True,True,,256,128,sh14l07002s1404,3.11.9,2.1.2+cu121
20260424_010536,2026-04-24T06:14:13.962925,cpu,full_mlp_capacity_search_hd256_depth4,/home/liangyi/SRS_AI/Model_AIIC_refactor/experiments_refactored/20260422_050408_full_mlp_capacity_search_v2/full_mlp_capacity_search_hd256_depth4,full_mlp_capacity_search_v2,full_mlp_capacity_search_hd256_depth4,supervised_nmse_plateau,full_mlp,12,6,jit,bf16,bfloat16,2,1,ok,,50.492759,20,50,0.0649941,0.005057966011155076,0.059571,0.0635045,0.0727808,0.0741411,0.07644037,0.07712,30772.023922171396,30.772023922171396,63.50450000000001,31.752250000000004,30772.023922171396,109200,108544,217816,single-thread,0.0078125,0.00390625,Intel(R) Xeon(R) 6760P,AVX512,"avx2,avx512f,avx512bw,avx512vl,avx512_vnni,avx512_bf16,amx_bf16,amx_int8,amx_tile,fma",True,True,,256,128,sh14l07002s1404,3.11.9,2.1.2+cu121
20260424_010536,2026-04-24T06:14:13.962925,cpu,full_mlp_capacity_search_hd256_depth4,/home/liangyi/SRS_AI/Model_AIIC_refactor/experiments_refactored/20260422_050408_full_mlp_capacity_search_v2/full_mlp_capacity_search_hd256_depth4,full_mlp_capacity_search_v2,full_mlp_capacity_search_hd256_depth4,supervised_nmse_plateau,full_mlp,12,6,jit,bf16,bfloat16,2,2,ok,,50.825869,20,50,0.06981264,0.00582606096693126,0.062243,0.068286,0.0780243,0.0797506,0.08063767000000001,0.081087,28648.107276848437,28.64810727684844,68.286,34.143,14324.053638424219,109200,108544,217816,sub-physical,0.015625,0.0078125,Intel(R) Xeon(R) 6760P,AVX512,"avx2,avx512f,avx512bw,avx512vl,avx512_vnni,avx512_bf16,amx_bf16,amx_int8,amx_tile,fma",True,True,,256,128,sh14l07002s1404,3.11.9,2.1.2+cu121
20260424_010536,2026-04-24T06:14:13.962925,cpu,full_mlp_capacity_search_hd256_depth4,/home/liangyi/SRS_AI/Model_AIIC_refactor/experiments_refactored/20260422_050408_full_mlp_capacity_search_v2/full_mlp_capacity_search_hd256_depth4,full_mlp_capacity_search_v2,full_mlp_capacity_search_hd256_depth4,supervised_nmse_plateau,full_mlp,12,6,jit,bf16,bfloat16,2,4,ok,,52.090001,20,50,0.06850652,0.0052677836790817455,0.060274,0.06798599999999999,0.0758916,0.07718989999999999,0.07903452,0.080089,29194.301505900457,29.19430150590046,67.98599999999999,33.992999999999995,7298.575376475114,109200,108544,217816,sub-physical,0.03125,0.015625,Intel(R) Xeon(R) 6760P,AVX512,"avx2,avx512f,avx512bw,avx512vl,avx512_vnni,avx512_bf16,amx_bf16,amx_int8,amx_tile,fma",True,True,,256,128,sh14l07002s1404,3.11.9,2.1.2+cu121
20260424_010536,2026-04-24T06:14:13.962925,cpu,full_mlp_capacity_search_hd256_depth4,/home/liangyi/SRS_AI/Model_AIIC_refactor/experiments_refactored/20260422_050408_full_mlp_capacity_search_v2/full_mlp_capacity_search_hd256_depth4,full_mlp_capacity_search_v2,full_mlp_capacity_search_hd256_depth4,supervised_nmse_plateau,full_mlp,12,6,jit,bf16,bfloat16,2,8,ok,,52.407925,20,50,0.07276452,0.006739437235378041,0.06638,0.0699505,0.0796266,0.0832222,0.09514958999999998,0.102357,27485.923084492275,27.485923084492274,69.9505,34.97525,3435.7403855615344,109200,108544,217816,sub-physical,0.0625,0.03125,Intel(R) Xeon(R) 6760P,AVX512,"avx2,avx512f,avx512bw,avx512vl,avx512_vnni,avx512_bf16,amx_bf16,amx_int8,amx_tile,fma",True,True,,256,128,sh14l07002s1404,3.11.9,2.1.2+cu121
20260424_010536,2026-04-24T06:14:13.962925,cpu,full_mlp_capacity_search_hd256_depth4,/home/liangyi/SRS_AI/Model_AIIC_refactor/experiments_refactored/20260422_050408_full_mlp_capacity_search_v2/full_mlp_capacity_search_hd256_depth4,full_mlp_capacity_search_v2,full_mlp_capacity_search_hd256_depth4,supervised_nmse_plateau,full_mlp,12,6,jit,bf16,bfloat16,2,128,ok,,72.419459,20,50,0.27541282,0.01583423691459743,0.254373,0.270517,0.2976612,0.30105365,0.32224005,0.329029,7261.826083477159,7.261826083477159,270.517,135.2585,56.733016277165305,109200,108544,217816,all-physical,1.0,0.5,Intel(R) Xeon(R) 6760P,AVX512,"avx2,avx512f,avx512bw,avx512vl,avx512_vnni,avx512_bf16,amx_bf16,amx_int8,amx_tile,fma",True,True,,256,128,sh14l07002s1404,3.11.9,2.1.2+cu121
20260424_010536,2026-04-24T06:14:13.962925,cpu,full_mlp_capacity_search_hd256_depth4,/home/liangyi/SRS_AI/Model_AIIC_refactor/experiments_refactored/20260422_050408_full_mlp_capacity_search_v2/full_mlp_capacity_search_hd256_depth4,full_mlp_capacity_search_v2,full_mlp_capacity_search_hd256_depth4,supervised_nmse_plateau,full_mlp,12,6,jit,bf16,bfloat16,4,1,ok,,50.3416,20,50,0.06742664,0.004388630031160065,0.061877,0.066825,0.0742135,0.07463890000000001,0.07746745,0.079082,59323.73317134,59.323733171339995,66.82499999999999,16.706249999999997,59323.73317134,109200,108544,217816,single-thread,0.0078125,0.00390625,Intel(R) Xeon(R) 6760P,AVX512,"avx2,avx512f,avx512bw,avx512vl,avx512_vnni,avx512_bf16,amx_bf16,amx_int8,amx_tile,fma",True,True,,256,128,sh14l07002s1404,3.11.9,2.1.2+cu121
20260424_010536,2026-04-24T06:14:13.962925,cpu,full_mlp_capacity_search_hd256_depth4,/home/liangyi/SRS_AI/Model_AIIC_refactor/experiments_refactored/20260422_050408_full_mlp_capacity_search_v2/full_mlp_capacity_search_hd256_depth4,full_mlp_capacity_search_v2,full_mlp_capacity_search_hd256_depth4,supervised_nmse_plateau,full_mlp,12,6,jit,bf16,bfloat16,4,2,ok,,50.805761,20,50,0.07585514,0.0052224215877694135,0.069906,0.0736495,0.0835995,0.08497895,0.08947348999999999,0.091482,52732.08908453665,52.73208908453665,73.6495,18.412375,26366.044542268326,109200,108544,217816,sub-physical,0.015625,0.0078125,Intel(R) Xeon(R) 6760P,AVX512,"avx2,avx512f,avx512bw,avx512vl,avx512_vnni,avx512_bf16,amx_bf16,amx_int8,amx_tile,fma",True,True,,256,128,sh14l07002s1404,3.11.9,2.1.2+cu121
20260424_010536,2026-04-24T06:14:13.962925,cpu,full_mlp_capacity_search_hd256_depth4,/home/liangyi/SRS_AI/Model_AIIC_refactor/experiments_refactored/20260422_050408_full_mlp_capacity_search_v2/full_mlp_capacity_search_hd256_depth4,full_mlp_capacity_search_v2,full_mlp_capacity_search_hd256_depth4,supervised_nmse_plateau,full_mlp,12,6,jit,bf16,bfloat16,4,4,ok,,52.162711,20,50,0.07721098,0.007237147237662088,0.066804,0.075095,0.0880623,0.0899,0.09133365,0.09139,51806.10322521486,51.806103225214855,75.095,18.77375,12951.525806303714,109200,108544,217816,sub-physical,0.03125,0.015625,Intel(R) Xeon(R) 6760P,AVX512,"avx2,avx512f,avx512bw,avx512vl,avx512_vnni,avx512_bf16,amx_bf16,amx_int8,amx_tile,fma",True,True,,256,128,sh14l07002s1404,3.11.9,2.1.2+cu121
20260424_010536,2026-04-24T06:14:13.962925,cpu,full_mlp_capacity_search_hd256_depth4,/home/liangyi/SRS_AI/Model_AIIC_refactor/experiments_refactored/20260422_050408_full_mlp_capacity_search_v2/full_mlp_capacity_search_hd256_depth4,full_mlp_capacity_search_v2,full_mlp_capacity_search_hd256_depth4,supervised_nmse_plateau,full_mlp,12,6,jit,bf16,bfloat16,4,8,ok,,50.537657,20,50,0.07956648,0.00641891870408093,0.071325,0.0764205,0.0896589,0.09139344999999999,0.09500842,0.095029,50272.42627800049,50.27242627800049,76.4205,19.105125,6284.053284750061,109200,108544,217816,sub-physical,0.0625,0.03125,Intel(R) Xeon(R) 6760P,AVX512,"avx2,avx512f,avx512bw,avx512vl,avx512_vnni,avx512_bf16,amx_bf16,amx_int8,amx_tile,fma",True,True,,256,128,sh14l07002s1404,3.11.9,2.1.2+cu121
20260424_010536,2026-04-24T06:14:13.962925,cpu,full_mlp_capacity_search_hd256_depth4,/home/liangyi/SRS_AI/Model_AIIC_refactor/experiments_refactored/20260422_050408_full_mlp_capacity_search_v2/full_mlp_capacity_search_hd256_depth4,full_mlp_capacity_search_v2,full_mlp_capacity_search_hd256_depth4,supervised_nmse_plateau,full_mlp,12,6,jit,bf16,bfloat16,4,128,ok,,74.635084,20,50,0.26738728,0.012034238774496709,0.245281,0.2653955,0.2861982,0.28966285,0.29545599,0.296264,14959.574741176915,14.959574741176915,265.3955,66.348875,116.87167766544465,109200,108544,217816,all-physical,1.0,0.5,Intel(R) Xeon(R) 6760P,AVX512,"avx2,avx512f,avx512bw,avx512vl,avx512_vnni,avx512_bf16,amx_bf16,amx_int8,amx_tile,fma",True,True,,256,128,sh14l07002s1404,3.11.9,2.1.2+cu121
20260424_010536,2026-04-24T06:14:13.962925,cpu,full_mlp_capacity_search_hd256_depth4,/home/liangyi/SRS_AI/Model_AIIC_refactor/experiments_refactored/20260422_050408_full_mlp_capacity_search_v2/full_mlp_capacity_search_hd256_depth4,full_mlp_capacity_search_v2,full_mlp_capacity_search_hd256_depth4,supervised_nmse_plateau,full_mlp,12,6,jit,bf16,bfloat16,8,1,ok,,52.33518,20,50,0.07068844,0.00459346637806352,0.065436,0.06945599999999999,0.0772169,0.0787388,0.08256732999999998,0.08496,113172.67717324077,113.17267717324077,69.45599999999999,8.681999999999999,113172.67717324077,109200,108544,217816,single-thread,0.0078125,0.00390625,Intel(R) Xeon(R) 6760P,AVX512,"avx2,avx512f,avx512bw,avx512vl,avx512_vnni,avx512_bf16,amx_bf16,amx_int8,amx_tile,fma",True,True,,256,128,sh14l07002s1404,3.11.9,2.1.2+cu121
20260424_010536,2026-04-24T06:14:13.962925,cpu,full_mlp_capacity_search_hd256_depth4,/home/liangyi/SRS_AI/Model_AIIC_refactor/experiments_refactored/20260422_050408_full_mlp_capacity_search_v2/full_mlp_capacity_search_hd256_depth4,full_mlp_capacity_search_v2,full_mlp_capacity_search_hd256_depth4,supervised_nmse_plateau,full_mlp,12,6,jit,bf16,bfloat16,8,2,ok,,51.054634,20,50,0.07940574,0.006081339897785684,0.072002,0.07671649999999999,0.0889337,0.09038919999999999,0.0936707,0.094048,100748.3841848209,100.74838418482089,76.7165,9.5895625,50374.19209241045,109200,108544,217816,sub-physical,0.015625,0.0078125,Intel(R) Xeon(R) 6760P,AVX512,"avx2,avx512f,avx512bw,avx512vl,avx512_vnni,avx512_bf16,amx_bf16,amx_int8,amx_tile,fma",True,True,,256,128,sh14l07002s1404,3.11.9,2.1.2+cu121
20260424_010536,2026-04-24T06:14:13.962925,cpu,full_mlp_capacity_search_hd256_depth4,/home/liangyi/SRS_AI/Model_AIIC_refactor/experiments_refactored/20260422_050408_full_mlp_capacity_search_v2/full_mlp_capacity_search_hd256_depth4,full_mlp_capacity_search_v2,full_mlp_capacity_search_hd256_depth4,supervised_nmse_plateau,full_mlp,12,6,jit,bf16,bfloat16,8,4,ok,,52.849955,20,50,0.08558914,0.005433459744987534,0.076065,0.0843785,0.0931388,0.0936879,0.09700469999999999,0.098803,93469.80236043966,93.46980236043966,84.37849999999999,10.547312499999999,23367.450590109915,109200,108544,217816,sub-physical,0.03125,0.015625,Intel(R) Xeon(R) 6760P,AVX512,"avx2,avx512f,avx512bw,avx512vl,avx512_vnni,avx512_bf16,amx_bf16,amx_int8,amx_tile,fma",True,True,,256,128,sh14l07002s1404,3.11.9,2.1.2+cu121
20260424_010536,2026-04-24T06:14:13.962925,cpu,full_mlp_capacity_search_hd256_depth4,/home/liangyi/SRS_AI/Model_AIIC_refactor/experiments_refactored/20260422_050408_full_mlp_capacity_search_v2/full_mlp_capacity_search_hd256_depth4,full_mlp_capacity_search_v2,full_mlp_capacity_search_hd256_depth4,supervised_nmse_plateau,full_mlp,12,6,jit,bf16,bfloat16,8,8,ok,,52.845923,20,50,0.08430014,0.0060059431299671825,0.076318,0.0826945,0.0933731,0.0936473,0.09739046999999999,0.09832,94899.0120301105,94.89901203011051,82.6945,10.3368125,11862.376503763813,109200,108544,217816,sub-physical,0.0625,0.03125,Intel(R) Xeon(R) 6760P,AVX512,"avx2,avx512f,avx512bw,avx512vl,avx512_vnni,avx512_bf16,amx_bf16,amx_int8,amx_tile,fma",True,True,,256,128,sh14l07002s1404,3.11.9,2.1.2+cu121
20260424_010536,2026-04-24T06:14:13.962925,cpu,full_mlp_capacity_search_hd256_depth4,/home/liangyi/SRS_AI/Model_AIIC_refactor/experiments_refactored/20260422_050408_full_mlp_capacity_search_v2/full_mlp_capacity_search_hd256_depth4,full_mlp_capacity_search_v2,full_mlp_capacity_search_hd256_depth4,supervised_nmse_plateau,full_mlp,12,6,jit,bf16,bfloat16,8,128,ok,,81.044856,20,50,0.38261518,0.016081940523071214,0.349027,0.3822545,0.4056899,0.41348985,0.42028083,0.420346,20908.736553526185,20.908736553526186,382.2545,47.7818125,163.34950432442332,109200,108544,217816,all-physical,1.0,0.5,Intel(R) Xeon(R) 6760P,AVX512,"avx2,avx512f,avx512bw,avx512vl,avx512_vnni,avx512_bf16,amx_bf16,amx_int8,amx_tile,fma",True,True,,256,128,sh14l07002s1404,3.11.9,2.1.2+cu121
20260424_010536,2026-04-24T06:14:13.962925,cpu,full_mlp_capacity_search_hd256_depth4,/home/liangyi/SRS_AI/Model_AIIC_refactor/experiments_refactored/20260422_050408_full_mlp_capacity_search_v2/full_mlp_capacity_search_hd256_depth4,full_mlp_capacity_search_v2,full_mlp_capacity_search_hd256_depth4,supervised_nmse_plateau,full_mlp,12,6,jit,bf16,bfloat16,16,1,ok,,51.605128,20,50,0.07303182,0.0048403300411852075,0.068817,0.07091700000000001,0.0807004,0.082032,0.08864577999999998,0.094025,219082.5861932511,219.0825861932511,70.917,4.4323125,219082.5861932511,109200,108544,217816,single-thread,0.0078125,0.00390625,Intel(R) Xeon(R) 6760P,AVX512,"avx2,avx512f,avx512bw,avx512vl,avx512_vnni,avx512_bf16,amx_bf16,amx_int8,amx_tile,fma",True,True,,256,128,sh14l07002s1404,3.11.9,2.1.2+cu121
20260424_010536,2026-04-24T06:14:13.962925,cpu,full_mlp_capacity_search_hd256_depth4,/home/liangyi/SRS_AI/Model_AIIC_refactor/experiments_refactored/20260422_050408_full_mlp_capacity_search_v2/full_mlp_capacity_search_hd256_depth4,full_mlp_capacity_search_v2,full_mlp_capacity_search_hd256_depth4,supervised_nmse_plateau,full_mlp,12,6,jit,bf16,bfloat16,16,2,ok,,50.932474,20,50,0.09301002,0.005548349442816305,0.083947,0.0933025,0.09992920000000001,0.1013607,0.10518754,0.107125,172024.47650263918,172.02447650263917,93.3025,5.83140625,86012.23825131959,109200,108544,217816,sub-physical,0.015625,0.0078125,Intel(R) Xeon(R) 6760P,AVX512,"avx2,avx512f,avx512bw,avx512vl,avx512_vnni,avx512_bf16,amx_bf16,amx_int8,amx_tile,fma",True,True,,256,128,sh14l07002s1404,3.11.9,2.1.2+cu121
20260424_010536,2026-04-24T06:14:13.962925,cpu,full_mlp_capacity_search_hd256_depth4,/home/liangyi/SRS_AI/Model_AIIC_refactor/experiments_refactored/20260422_050408_full_mlp_capacity_search_v2/full_mlp_capacity_search_hd256_depth4,full_mlp_capacity_search_v2,full_mlp_capacity_search_hd256_depth4,supervised_nmse_plateau,full_mlp,12,6,jit,bf16,bfloat16,16,4,ok,,52.240092,20,50,0.09996502,0.004384961835592187,0.092133,0.099473,0.10646910000000001,0.10873005,0.10977724999999999,0.110402,160055.98758445703,160.05598758445703,99.473,6.2170625,40013.99689611426,109200,108544,217816,sub-physical,0.03125,0.015625,Intel(R) Xeon(R) 6760P,AVX512,"avx2,avx512f,avx512bw,avx512vl,avx512_vnni,avx512_bf16,amx_bf16,amx_int8,amx_tile,fma",True,True,,256,128,sh14l07002s1404,3.11.9,2.1.2+cu121
20260424_010536,2026-04-24T06:14:13.962925,cpu,full_mlp_capacity_search_hd256_depth4,/home/liangyi/SRS_AI/Model_AIIC_refactor/experiments_refactored/20260422_050408_full_mlp_capacity_search_v2/full_mlp_capacity_search_hd256_depth4,full_mlp_capacity_search_v2,full_mlp_capacity_search_hd256_depth4,supervised_nmse_plateau,full_mlp,12,6,jit,bf16,bfloat16,16,8,ok,,51.354467,20,50,0.1021949,0.03294075751178167,0.084448,0.0975445,0.107425,0.1108868,0.2237853499999996,0.327413,156563.5858540886,156.5635858540886,97.5445,6.09653125,19570.448231761075,109200,108544,217816,sub-physical,0.0625,0.03125,Intel(R) Xeon(R) 6760P,AVX512,"avx2,avx512f,avx512bw,avx512vl,avx512_vnni,avx512_bf16,amx_bf16,amx_int8,amx_tile,fma",True,True,,256,128,sh14l07002s1404,3.11.9,2.1.2+cu121
20260424_010536,2026-04-24T06:14:13.962925,cpu,full_mlp_capacity_search_hd256_depth4,/home/liangyi/SRS_AI/Model_AIIC_refactor/experiments_refactored/20260422_050408_full_mlp_capacity_search_v2/full_mlp_capacity_search_hd256_depth4,full_mlp_capacity_search_v2,full_mlp_capacity_search_hd256_depth4,supervised_nmse_plateau,full_mlp,12,6,jit,bf16,bfloat16,16,128,ok,,69.725103,20,50,0.2407531,0.008835185046732186,0.22592,0.238948,0.2542979,0.25788735,0.2640341,0.264431,66458.1266035619,66.45812660356191,238.948,14.93425,519.2041140903274,109200,108544,217816,all-physical,1.0,0.5,Intel(R) Xeon(R) 6760P,AVX512,"avx2,avx512f,avx512bw,avx512vl,avx512_vnni,avx512_bf16,amx_bf16,amx_int8,amx_tile,fma",True,True,,256,128,sh14l07002s1404,3.11.9,2.1.2+cu121
20260424_010536,2026-04-24T06:14:13.962925,cpu,full_mlp_capacity_search_hd256_depth4,/home/liangyi/SRS_AI/Model_AIIC_refactor/experiments_refactored/20260422_050408_full_mlp_capacity_search_v2/full_mlp_capacity_search_hd256_depth4,full_mlp_capacity_search_v2,full_mlp_capacity_search_hd256_depth4,supervised_nmse_plateau,full_mlp,12,6,jit,bf16,bfloat16,32,1,ok,,52.721298,20,50,0.08386322,0.005056360898076798,0.079279,0.0819115,0.0915698,0.09430335,0.0979463,0.0985,381573.7101437316,381.5737101437316,81.9115,2.559734375,381573.7101437316,109200,108544,217816,single-thread,0.0078125,0.00390625,Intel(R) Xeon(R) 6760P,AVX512,"avx2,avx512f,avx512bw,avx512vl,avx512_vnni,avx512_bf16,amx_bf16,amx_int8,amx_tile,fma",True,True,,256,128,sh14l07002s1404,3.11.9,2.1.2+cu121
20260424_010536,2026-04-24T06:14:13.962925,cpu,full_mlp_capacity_search_hd256_depth4,/home/liangyi/SRS_AI/Model_AIIC_refactor/experiments_refactored/20260422_050408_full_mlp_capacity_search_v2/full_mlp_capacity_search_hd256_depth4,full_mlp_capacity_search_v2,full_mlp_capacity_search_hd256_depth4,supervised_nmse_plateau,full_mlp,12,6,jit,bf16,bfloat16,32,2,ok,,55.267794,20,50,0.10668552,0.05037863021053272,0.09298,0.0973055,0.1100919,0.11457614999999999,0.29049348999999935,0.456505,299946.9843705125,299.9469843705125,97.30550000000001,3.0407968750000003,149973.49218525624,109200,108544,217816,sub-physical,0.015625,0.0078125,Intel(R) Xeon(R) 6760P,AVX512,"avx2,avx512f,avx512bw,avx512vl,avx512_vnni,avx512_bf16,amx_bf16,amx_int8,amx_tile,fma",True,True,,256,128,sh14l07002s1404,3.11.9,2.1.2+cu121
20260424_010536,2026-04-24T06:14:13.962925,cpu,full_mlp_capacity_search_hd256_depth4,/home/liangyi/SRS_AI/Model_AIIC_refactor/experiments_refactored/20260422_050408_full_mlp_capacity_search_v2/full_mlp_capacity_search_hd256_depth4,full_mlp_capacity_search_v2,full_mlp_capacity_search_hd256_depth4,supervised_nmse_plateau,full_mlp,12,6,jit,bf16,bfloat16,32,4,ok,,53.572772,20,50,0.11650886,0.005472805580358214,0.104047,0.1168135,0.1228083,0.12517204999999998,0.12705702,0.127744,274657.2234935609,274.65722349356093,116.8135,3.650421875,68664.30587339023,109200,108544,217816,sub-physical,0.03125,0.015625,Intel(R) Xeon(R) 6760P,AVX512,"avx2,avx512f,avx512bw,avx512vl,avx512_vnni,avx512_bf16,amx_bf16,amx_int8,amx_tile,fma",True,True,,256,128,sh14l07002s1404,3.11.9,2.1.2+cu121
20260424_010536,2026-04-24T06:14:13.962925,cpu,full_mlp_capacity_search_hd256_depth4,/home/liangyi/SRS_AI/Model_AIIC_refactor/experiments_refactored/20260422_050408_full_mlp_capacity_search_v2/full_mlp_capacity_search_hd256_depth4,full_mlp_capacity_search_v2,full_mlp_capacity_search_hd256_depth4,supervised_nmse_plateau,full_mlp,12,6,jit,bf16,bfloat16,32,8,ok,,53.711946,20,50,0.1202645,0.005111852197589442,0.111619,0.11942749999999999,0.1262562,0.130543,0.13317125000000002,0.133306,266080.18159972393,266.0801815997239,119.4275,3.732109375,33260.02269996549,109200,108544,217816,sub-physical,0.0625,0.03125,Intel(R) Xeon(R) 6760P,AVX512,"avx2,avx512f,avx512bw,avx512vl,avx512_vnni,avx512_bf16,amx_bf16,amx_int8,amx_tile,fma",True,True,,256,128,sh14l07002s1404,3.11.9,2.1.2+cu121
20260424_010536,2026-04-24T06:14:13.962925,cpu,full_mlp_capacity_search_hd256_depth4,/home/liangyi/SRS_AI/Model_AIIC_refactor/experiments_refactored/20260422_050408_full_mlp_capacity_search_v2/full_mlp_capacity_search_hd256_depth4,full_mlp_capacity_search_v2,full_mlp_capacity_search_hd256_depth4,supervised_nmse_plateau,full_mlp,12,6,jit,bf16,bfloat16,32,128,ok,,81.761145,20,50,0.33417448,0.010570415526818233,0.308612,0.3357095,0.3478162,0.3501438,0.35280698,0.353541,95758.35952523963,95.75835952523963,335.7095,10.490921875,748.1121837909346,109200,108544,217816,all-physical,1.0,0.5,Intel(R) Xeon(R) 6760P,AVX512,"avx2,avx512f,avx512bw,avx512vl,avx512_vnni,avx512_bf16,amx_bf16,amx_int8,amx_tile,fma",True,True,,256,128,sh14l07002s1404,3.11.9,2.1.2+cu121
20260424_010536,2026-04-24T06:14:13.962925,cpu,full_mlp_capacity_search_hd256_depth4,/home/liangyi/SRS_AI/Model_AIIC_refactor/experiments_refactored/20260422_050408_full_mlp_capacity_search_v2/full_mlp_capacity_search_hd256_depth4,full_mlp_capacity_search_v2,full_mlp_capacity_search_hd256_depth4,supervised_nmse_plateau,full_mlp,12,6,jit,bf16,bfloat16,64,1,ok,,52.622893,20,50,0.10240908,0.0038582574763227,0.097996,0.10158600000000001,0.1083269,0.10997844999999999,0.11482443,0.115654,624944.5849918777,624.9445849918777,101.58600000000001,1.5872812500000002,624944.5849918777,109200,108544,217816,single-thread,0.0078125,0.00390625,Intel(R) Xeon(R) 6760P,AVX512,"avx2,avx512f,avx512bw,avx512vl,avx512_vnni,avx512_bf16,amx_bf16,amx_int8,amx_tile,fma",True,True,,256,128,sh14l07002s1404,3.11.9,2.1.2+cu121
20260424_010536,2026-04-24T06:14:13.962925,cpu,full_mlp_capacity_search_hd256_depth4,/home/liangyi/SRS_AI/Model_AIIC_refactor/experiments_refactored/20260422_050408_full_mlp_capacity_search_v2/full_mlp_capacity_search_hd256_depth4,full_mlp_capacity_search_v2,full_mlp_capacity_search_hd256_depth4,supervised_nmse_plateau,full_mlp,12,6,jit,bf16,bfloat16,64,2,ok,,52.989231,20,50,0.13699484,0.004815665467450994,0.129719,0.13555250000000002,0.1423548,0.14669179999999998,0.15143203,0.152242,467170.8803046888,467.1708803046888,135.5525,2.1180078125,233585.4401523444,109200,108544,217816,sub-physical,0.015625,0.0078125,Intel(R) Xeon(R) 6760P,AVX512,"avx2,avx512f,avx512bw,avx512vl,avx512_vnni,avx512_bf16,amx_bf16,amx_int8,amx_tile,fma",True,True,,256,128,sh14l07002s1404,3.11.9,2.1.2+cu121
20260424_010536,2026-04-24T06:14:13.962925,cpu,full_mlp_capacity_search_hd256_depth4,/home/liangyi/SRS_AI/Model_AIIC_refactor/experiments_refactored/20260422_050408_full_mlp_capacity_search_v2/full_mlp_capacity_search_hd256_depth4,full_mlp_capacity_search_v2,full_mlp_capacity_search_hd256_depth4,supervised_nmse_plateau,full_mlp,12,6,jit,bf16,bfloat16,64,4,ok,,52.368395,20,50,0.15135908,0.006302754609978085,0.14056,0.15128599999999998,0.1608934,0.16154685,0.16386483999999998,0.165033,422835.55106175324,422.8355510617532,151.28599999999997,2.3638437499999996,105708.88776543831,109200,108544,217816,sub-physical,0.03125,0.015625,Intel(R) Xeon(R) 6760P,AVX512,"avx2,avx512f,avx512bw,avx512vl,avx512_vnni,avx512_bf16,amx_bf16,amx_int8,amx_tile,fma",True,True,,256,128,sh14l07002s1404,3.11.9,2.1.2+cu121
20260424_010536,2026-04-24T06:14:13.962925,cpu,full_mlp_capacity_search_hd256_depth4,/home/liangyi/SRS_AI/Model_AIIC_refactor/experiments_refactored/20260422_050408_full_mlp_capacity_search_v2/full_mlp_capacity_search_hd256_depth4,full_mlp_capacity_search_v2,full_mlp_capacity_search_hd256_depth4,supervised_nmse_plateau,full_mlp,12,6,jit,bf16,bfloat16,64,8,ok,,52.245931,20,50,0.14829203999999999,0.008597947427054902,0.131226,0.14762950000000002,0.16020879999999998,0.16319209999999998,0.16574712,0.166733,431580.8184984171,431.5808184984171,147.62950000000004,2.3067109375000006,53947.60231230214,109200,108544,217816,sub-physical,0.0625,0.03125,Intel(R) Xeon(R) 6760P,AVX512,"avx2,avx512f,avx512bw,avx512vl,avx512_vnni,avx512_bf16,amx_bf16,amx_int8,amx_tile,fma",True,True,,256,128,sh14l07002s1404,3.11.9,2.1.2+cu121
20260424_010536,2026-04-24T06:14:13.962925,cpu,full_mlp_capacity_search_hd256_depth4,/home/liangyi/SRS_AI/Model_AIIC_refactor/experiments_refactored/20260422_050408_full_mlp_capacity_search_v2/full_mlp_capacity_search_hd256_depth4,full_mlp_capacity_search_v2,full_mlp_capacity_search_hd256_depth4,supervised_nmse_plateau,full_mlp,12,6,jit,bf16,bfloat16,64,128,ok,,130.190851,20,50,0.54012772,0.05901078410529384,0.48094,0.5345175,0.5617663,0.5704884499999999,0.7537120099999993,0.924551,118490.49332257934,118.49049332257934,534.5174999999999,8.351835937499999,925.7069790826511,109200,108544,217816,all-physical,1.0,0.5,Intel(R) Xeon(R) 6760P,AVX512,"avx2,avx512f,avx512bw,avx512vl,avx512_vnni,avx512_bf16,amx_bf16,amx_int8,amx_tile,fma",True,True,,256,128,sh14l07002s1404,3.11.9,2.1.2+cu121
20260424_010536,2026-04-24T06:14:13.962925,cpu,full_mlp_capacity_search_hd256_depth4,/home/liangyi/SRS_AI/Model_AIIC_refactor/experiments_refactored/20260422_050408_full_mlp_capacity_search_v2/full_mlp_capacity_search_hd256_depth4,full_mlp_capacity_search_v2,full_mlp_capacity_search_hd256_depth4,supervised_nmse_plateau,full_mlp,12,6,jit,bf16,bfloat16,128,1,ok,,53.449875,20,50,0.13681798,0.004143597709672114,0.133797,0.1351925,0.1407608,0.14389485,0.15169587999999998,0.15855,935549.5527707689,935.5495527707689,135.1925,1.05619140625,935549.5527707689,109200,108544,217816,single-thread,0.0078125,0.00390625,Intel(R) Xeon(R) 6760P,AVX512,"avx2,avx512f,avx512bw,avx512vl,avx512_vnni,avx512_bf16,amx_bf16,amx_int8,amx_tile,fma",True,True,,256,128,sh14l07002s1404,3.11.9,2.1.2+cu121
20260424_010536,2026-04-24T06:14:13.962925,cpu,full_mlp_capacity_search_hd256_depth4,/home/liangyi/SRS_AI/Model_AIIC_refactor/experiments_refactored/20260422_050408_full_mlp_capacity_search_v2/full_mlp_capacity_search_hd256_depth4,full_mlp_capacity_search_v2,full_mlp_capacity_search_hd256_depth4,supervised_nmse_plateau,full_mlp,12,6,jit,bf16,bfloat16,128,2,ok,,55.029422,20,50,0.20782536,0.00910841184786898,0.191903,0.205521,0.220342,0.22583955,0.23018667999999998,0.230759,615901.7359575366,615.9017359575366,205.52100000000002,1.6056328125000001,307950.8679787683,109200,108544,217816,sub-physical,0.015625,0.0078125,Intel(R) Xeon(R) 6760P,AVX512,"avx2,avx512f,avx512bw,avx512vl,avx512_vnni,avx512_bf16,amx_bf16,amx_int8,amx_tile,fma",True,True,,256,128,sh14l07002s1404,3.11.9,2.1.2+cu121
20260424_010536,2026-04-24T06:14:13.962925,cpu,full_mlp_capacity_search_hd256_depth4,/home/liangyi/SRS_AI/Model_AIIC_refactor/experiments_refactored/20260422_050408_full_mlp_capacity_search_v2/full_mlp_capacity_search_hd256_depth4,full_mlp_capacity_search_v2,full_mlp_capacity_search_hd256_depth4,supervised_nmse_plateau,full_mlp,12,6,jit,bf16,bfloat16,128,4,ok,,53.271463,20,50,0.21963546,0.009398194678149629,0.200815,0.21959800000000002,0.23181870000000002,0.23311135,0.23967235999999997,0.245276,582783.8546653623,582.7838546653622,219.598,1.715609375,145695.96366634057,109200,108544,217816,sub-physical,0.03125,0.015625,Intel(R) Xeon(R) 6760P,AVX512,"avx2,avx512f,avx512bw,avx512vl,avx512_vnni,avx512_bf16,amx_bf16,amx_int8,amx_tile,fma",True,True,,256,128,sh14l07002s1404,3.11.9,2.1.2+cu121
20260424_010536,2026-04-24T06:14:13.962925,cpu,full_mlp_capacity_search_hd256_depth4,/home/liangyi/SRS_AI/Model_AIIC_refactor/experiments_refactored/20260422_050408_full_mlp_capacity_search_v2/full_mlp_capacity_search_hd256_depth4,full_mlp_capacity_search_v2,full_mlp_capacity_search_hd256_depth4,supervised_nmse_plateau,full_mlp,12,6,jit,bf16,bfloat16,128,8,ok,,53.42736,20,50,0.20761478,0.007582603511433258,0.191231,0.207538,0.21651050000000002,0.2188101,0.22927605,0.229499,616526.4341970258,616.5264341970259,207.538,1.621390625,77065.80427462823,109200,108544,217816,sub-physical,0.0625,0.03125,Intel(R) Xeon(R) 6760P,AVX512,"avx2,avx512f,avx512bw,avx512vl,avx512_vnni,avx512_bf16,amx_bf16,amx_int8,amx_tile,fma",True,True,,256,128,sh14l07002s1404,3.11.9,2.1.2+cu121
20260424_010536,2026-04-24T06:14:13.962925,cpu,full_mlp_capacity_search_hd256_depth4,/home/liangyi/SRS_AI/Model_AIIC_refactor/experiments_refactored/20260422_050408_full_mlp_capacity_search_v2/full_mlp_capacity_search_hd256_depth4,full_mlp_capacity_search_v2,full_mlp_capacity_search_hd256_depth4,supervised_nmse_plateau,full_mlp,12,6,jit,bf16,bfloat16,128,128,ok,,86.651033,20,50,0.46707716,0.021102369184866424,0.418045,0.4697285,0.4925926,0.4975407,0.5080419399999999,0.513625,274044.656775767,274.044656775767,469.7285,3.66975390625,2140.9738810606796,109200,108544,217816,all-physical,1.0,0.5,Intel(R) Xeon(R) 6760P,AVX512,"avx2,avx512f,avx512bw,avx512vl,avx512_vnni,avx512_bf16,amx_bf16,amx_int8,amx_tile,fma",True,True,,256,128,sh14l07002s1404,3.11.9,2.1.2+cu121
20260424_010536,2026-04-24T06:14:13.962925,cpu,full_mlp_capacity_search_hd256_depth4,/home/liangyi/SRS_AI/Model_AIIC_refactor/experiments_refactored/20260422_050408_full_mlp_capacity_search_v2/full_mlp_capacity_search_hd256_depth4,full_mlp_capacity_search_v2,full_mlp_capacity_search_hd256_depth4,supervised_nmse_plateau,full_mlp,12,6,compile,fp32,float32,1,1,ok,,499.377507,20,50,0.04503932,0.0013865000460151454,0.04253,0.04481400000000001,0.046586999999999996,0.04688,0.04856372,0.049726,22202.82188985091,22.20282188985091,44.81400000000001,44.81400000000001,22202.82188985091,109200,108544,217816,single-thread,0.0078125,0.00390625,Intel(R) Xeon(R) 6760P,AVX512,"avx2,avx512f,avx512bw,avx512vl,avx512_vnni,avx512_bf16,amx_bf16,amx_int8,amx_tile,fma",True,True,,256,128,sh14l07002s1404,3.11.9,2.1.2+cu121
20260424_010536,2026-04-24T06:14:13.962925,cpu,full_mlp_capacity_search_hd256_depth4,/home/liangyi/SRS_AI/Model_AIIC_refactor/experiments_refactored/20260422_050408_full_mlp_capacity_search_v2/full_mlp_capacity_search_hd256_depth4,full_mlp_capacity_search_v2,full_mlp_capacity_search_hd256_depth4,supervised_nmse_plateau,full_mlp,12,6,compile,fp32,float32,1,2,ok,,514.307599,20,50,0.05773664,0.0024281522502512067,0.055061,0.0572375,0.059476,0.06220199999999999,0.06694007999999999,0.069051,17320.024164897713,17.320024164897713,57.2375,57.2375,8660.012082448857,109200,108544,217816,sub-physical,0.015625,0.0078125,Intel(R) Xeon(R) 6760P,AVX512,"avx2,avx512f,avx512bw,avx512vl,avx512_vnni,avx512_bf16,amx_bf16,amx_int8,amx_tile,fma",True,True,,256,128,sh14l07002s1404,3.11.9,2.1.2+cu121
20260424_010536,2026-04-24T06:14:13.962925,cpu,full_mlp_capacity_search_hd256_depth4,/home/liangyi/SRS_AI/Model_AIIC_refactor/experiments_refactored/20260422_050408_full_mlp_capacity_search_v2/full_mlp_capacity_search_hd256_depth4,full_mlp_capacity_search_v2,full_mlp_capacity_search_hd256_depth4,supervised_nmse_plateau,full_mlp,12,6,compile,fp32,float32,1,4,ok,,508.145662,20,50,0.05232146,0.0014889096978661942,0.049675,0.0519745,0.054094,0.05469655,0.05636389,0.057118,19112.616505732065,19.112616505732063,51.9745,51.9745,4778.154126433016,109200,108544,217816,sub-physical,0.03125,0.015625,Intel(R) Xeon(R) 6760P,AVX512,"avx2,avx512f,avx512bw,avx512vl,avx512_vnni,avx512_bf16,amx_bf16,amx_int8,amx_tile,fma",True,True,,256,128,sh14l07002s1404,3.11.9,2.1.2+cu121
20260424_010536,2026-04-24T06:14:13.962925,cpu,full_mlp_capacity_search_hd256_depth4,/home/liangyi/SRS_AI/Model_AIIC_refactor/experiments_refactored/20260422_050408_full_mlp_capacity_search_v2/full_mlp_capacity_search_hd256_depth4,full_mlp_capacity_search_v2,full_mlp_capacity_search_hd256_depth4,supervised_nmse_plateau,full_mlp,12,6,compile,fp32,float32,1,8,ok,,518.936907,20,50,0.05325574,0.004046919701748479,0.049981,0.052092,0.0555324,0.0600126,0.06993443999999999,0.074219,18777.318651473062,18.777318651473063,52.092,52.092,2347.164831434133,109200,108544,217816,sub-physical,0.0625,0.03125,Intel(R) Xeon(R) 6760P,AVX512,"avx2,avx512f,avx512bw,avx512vl,avx512_vnni,avx512_bf16,amx_bf16,amx_int8,amx_tile,fma",True,True,,256,128,sh14l07002s1404,3.11.9,2.1.2+cu121
20260424_010536,2026-04-24T06:14:13.962925,cpu,full_mlp_capacity_search_hd256_depth4,/home/liangyi/SRS_AI/Model_AIIC_refactor/experiments_refactored/20260422_050408_full_mlp_capacity_search_v2/full_mlp_capacity_search_hd256_depth4,full_mlp_capacity_search_v2,full_mlp_capacity_search_hd256_depth4,supervised_nmse_plateau,full_mlp,12,6,compile,fp32,float32,1,128,ok,,548.265973,20,50,0.0451243,0.0016236740959934045,0.042237,0.044870999999999994,0.047757400000000005,0.048284099999999996,0.049039509999999994,0.049432,22161.008591823032,22.161008591823034,44.870999999999995,44.870999999999995,173.13287962361744,109200,108544,217816,all-physical,1.0,0.5,Intel(R) Xeon(R) 6760P,AVX512,"avx2,avx512f,avx512bw,avx512vl,avx512_vnni,avx512_bf16,amx_bf16,amx_int8,amx_tile,fma",True,True,,256,128,sh14l07002s1404,3.11.9,2.1.2+cu121
20260424_010536,2026-04-24T06:14:13.962925,cpu,full_mlp_capacity_search_hd256_depth4,/home/liangyi/SRS_AI/Model_AIIC_refactor/experiments_refactored/20260422_050408_full_mlp_capacity_search_v2/full_mlp_capacity_search_hd256_depth4,full_mlp_capacity_search_v2,full_mlp_capacity_search_hd256_depth4,supervised_nmse_plateau,full_mlp,12,6,compile,fp32,float32,2,1,ok,,494.472775,20,50,0.04598234,0.002189849507249299,0.043538,0.0454035,0.0487526,0.05097715,0.05261129999999999,0.05341,43494.95915170912,43.49495915170912,45.4035,22.70175,43494.95915170912,109200,108544,217816,single-thread,0.0078125,0.00390625,Intel(R) Xeon(R) 6760P,AVX512,"avx2,avx512f,avx512bw,avx512vl,avx512_vnni,avx512_bf16,amx_bf16,amx_int8,amx_tile,fma",True,True,,256,128,sh14l07002s1404,3.11.9,2.1.2+cu121
20260424_010536,2026-04-24T06:14:13.962925,cpu,full_mlp_capacity_search_hd256_depth4,/home/liangyi/SRS_AI/Model_AIIC_refactor/experiments_refactored/20260422_050408_full_mlp_capacity_search_v2/full_mlp_capacity_search_hd256_depth4,full_mlp_capacity_search_v2,full_mlp_capacity_search_hd256_depth4,supervised_nmse_plateau,full_mlp,12,6,compile,fp32,float32,2,2,ok,,508.529295,20,50,0.04769942,0.002423674978952417,0.044516,0.0473975,0.0494183,0.051535349999999994,0.05685378999999999,0.059318,41929.23100532459,41.92923100532459,47.3975,23.69875,20964.615502662295,109200,108544,217816,sub-physical,0.015625,0.0078125,Intel(R) Xeon(R) 6760P,AVX512,"avx2,avx512f,avx512bw,avx512vl,avx512_vnni,avx512_bf16,amx_bf16,amx_int8,amx_tile,fma",True,True,,256,128,sh14l07002s1404,3.11.9,2.1.2+cu121
20260424_010536,2026-04-24T06:14:13.962925,cpu,full_mlp_capacity_search_hd256_depth4,/home/liangyi/SRS_AI/Model_AIIC_refactor/experiments_refactored/20260422_050408_full_mlp_capacity_search_v2/full_mlp_capacity_search_hd256_depth4,full_mlp_capacity_search_v2,full_mlp_capacity_search_hd256_depth4,supervised_nmse_plateau,full_mlp,12,6,compile,fp32,float32,2,4,ok,,513.632704,20,50,0.05159636,0.002674063879266911,0.048871,0.050483,0.05556030000000001,0.05642915,0.060607639999999983,0.064412,38762.42432605711,38.76242432605711,50.483,25.2415,9690.606081514277,109200,108544,217816,sub-physical,0.03125,0.015625,Intel(R) Xeon(R) 6760P,AVX512,"avx2,avx512f,avx512bw,avx512vl,avx512_vnni,avx512_bf16,amx_bf16,amx_int8,amx_tile,fma",True,True,,256,128,sh14l07002s1404,3.11.9,2.1.2+cu121
20260424_010536,2026-04-24T06:14:13.962925,cpu,full_mlp_capacity_search_hd256_depth4,/home/liangyi/SRS_AI/Model_AIIC_refactor/experiments_refactored/20260422_050408_full_mlp_capacity_search_v2/full_mlp_capacity_search_hd256_depth4,full_mlp_capacity_search_v2,full_mlp_capacity_search_hd256_depth4,supervised_nmse_plateau,full_mlp,12,6,compile,fp32,float32,2,8,ok,,511.103066,20,50,0.04583052,0.0024246733572999063,0.043413,0.045215000000000005,0.0471261,0.05179135,0.05474659,0.055535,43639.0422801225,43.6390422801225,45.215,22.6075,5454.880285015312,109200,108544,217816,sub-physical,0.0625,0.03125,Intel(R) Xeon(R) 6760P,AVX512,"avx2,avx512f,avx512bw,avx512vl,avx512_vnni,avx512_bf16,amx_bf16,amx_int8,amx_tile,fma",True,True,,256,128,sh14l07002s1404,3.11.9,2.1.2+cu121
20260424_010536,2026-04-24T06:14:13.962925,cpu,full_mlp_capacity_search_hd256_depth4,/home/liangyi/SRS_AI/Model_AIIC_refactor/experiments_refactored/20260422_050408_full_mlp_capacity_search_v2/full_mlp_capacity_search_hd256_depth4,full_mlp_capacity_search_v2,full_mlp_capacity_search_hd256_depth4,supervised_nmse_plateau,full_mlp,12,6,compile,fp32,float32,2,128,ok,,552.349209,20,50,0.04915904,0.001944753608661005,0.045873,0.048886,0.0508844,0.052533899999999994,0.055827299999999996,0.05741,40684.27699157672,40.68427699157672,48.885999999999996,24.442999999999998,317.8459139966931,109200,108544,217816,all-physical,1.0,0.5,Intel(R) Xeon(R) 6760P,AVX512,"avx2,avx512f,avx512bw,avx512vl,avx512_vnni,avx512_bf16,amx_bf16,amx_int8,amx_tile,fma",True,True,,256,128,sh14l07002s1404,3.11.9,2.1.2+cu121
20260424_010536,2026-04-24T06:14:13.962925,cpu,full_mlp_capacity_search_hd256_depth4,/home/liangyi/SRS_AI/Model_AIIC_refactor/experiments_refactored/20260422_050408_full_mlp_capacity_search_v2/full_mlp_capacity_search_hd256_depth4,full_mlp_capacity_search_v2,full_mlp_capacity_search_hd256_depth4,supervised_nmse_plateau,full_mlp,12,6,compile,fp32,float32,4,1,ok,,495.961023,20,50,0.0569943,0.0022476081175329477,0.053229,0.056653999999999996,0.0588153,0.062140149999999984,0.06442525,0.064462,70182.45684217545,70.18245684217545,56.653999999999996,14.163499999999999,70182.45684217545,109200,108544,217816,single-thread,0.0078125,0.00390625,Intel(R) Xeon(R) 6760P,AVX512,"avx2,avx512f,avx512bw,avx512vl,avx512_vnni,avx512_bf16,amx_bf16,amx_int8,amx_tile,fma",True,True,,256,128,sh14l07002s1404,3.11.9,2.1.2+cu121
20260424_010536,2026-04-24T06:14:13.962925,cpu,full_mlp_capacity_search_hd256_depth4,/home/liangyi/SRS_AI/Model_AIIC_refactor/experiments_refactored/20260422_050408_full_mlp_capacity_search_v2/full_mlp_capacity_search_hd256_depth4,full_mlp_capacity_search_v2,full_mlp_capacity_search_hd256_depth4,supervised_nmse_plateau,full_mlp,12,6,compile,fp32,float32,4,2,ok,,501.374021,20,50,0.0560984,0.0025817592606592896,0.052611,0.05563,0.0588401,0.05996629999999999,0.06347317,0.066348,71303.28137700897,71.30328137700897,55.629999999999995,13.907499999999999,35651.640688504485,109200,108544,217816,sub-physical,0.015625,0.0078125,Intel(R) Xeon(R) 6760P,AVX512,"avx2,avx512f,avx512bw,avx512vl,avx512_vnni,avx512_bf16,amx_bf16,amx_int8,amx_tile,fma",True,True,,256,128,sh14l07002s1404,3.11.9,2.1.2+cu121
20260424_010536,2026-04-24T06:14:13.962925,cpu,full_mlp_capacity_search_hd256_depth4,/home/liangyi/SRS_AI/Model_AIIC_refactor/experiments_refactored/20260422_050408_full_mlp_capacity_search_v2/full_mlp_capacity_search_hd256_depth4,full_mlp_capacity_search_v2,full_mlp_capacity_search_hd256_depth4,supervised_nmse_plateau,full_mlp,12,6,compile,fp32,float32,4,4,ok,,512.631838,20,50,0.0699822,0.0022946144948552912,0.06734,0.0694495,0.0724387,0.0751806,0.07718783,0.077498,57157.391450968964,57.157391450968966,69.4495,17.362375,14289.347862742241,109200,108544,217816,sub-physical,0.03125,0.015625,Intel(R) Xeon(R) 6760P,AVX512,"avx2,avx512f,avx512bw,avx512vl,avx512_vnni,avx512_bf16,amx_bf16,amx_int8,amx_tile,fma",True,True,,256,128,sh14l07002s1404,3.11.9,2.1.2+cu121
20260424_010536,2026-04-24T06:14:13.962925,cpu,full_mlp_capacity_search_hd256_depth4,/home/liangyi/SRS_AI/Model_AIIC_refactor/experiments_refactored/20260422_050408_full_mlp_capacity_search_v2/full_mlp_capacity_search_hd256_depth4,full_mlp_capacity_search_v2,full_mlp_capacity_search_hd256_depth4,supervised_nmse_plateau,full_mlp,12,6,compile,fp32,float32,4,8,ok,,508.235821,20,50,0.05909386,0.0029681475772609426,0.056312,0.058075,0.0613046,0.06557645,0.06986938999999999,0.072118,67688.92741140958,67.68892741140958,58.075,14.51875,8461.115926426197,109200,108544,217816,sub-physical,0.0625,0.03125,Intel(R) Xeon(R) 6760P,AVX512,"avx2,avx512f,avx512bw,avx512vl,avx512_vnni,avx512_bf16,amx_bf16,amx_int8,amx_tile,fma",True,True,,256,128,sh14l07002s1404,3.11.9,2.1.2+cu121
20260424_010536,2026-04-24T06:14:13.962925,cpu,full_mlp_capacity_search_hd256_depth4,/home/liangyi/SRS_AI/Model_AIIC_refactor/experiments_refactored/20260422_050408_full_mlp_capacity_search_v2/full_mlp_capacity_search_hd256_depth4,full_mlp_capacity_search_v2,full_mlp_capacity_search_hd256_depth4,supervised_nmse_plateau,full_mlp,12,6,compile,fp32,float32,4,128,ok,,546.700945,20,50,0.30917984,0.8336925024930562,0.145646,0.162021,0.1875775,0.19477635,3.8285972399999912,5.97329,12937.454136725086,12.937454136725085,162.021,40.50525,101.07386044316473,109200,108544,217816,all-physical,1.0,0.5,Intel(R) Xeon(R) 6760P,AVX512,"avx2,avx512f,avx512bw,avx512vl,avx512_vnni,avx512_bf16,amx_bf16,amx_int8,amx_tile,fma",True,True,,256,128,sh14l07002s1404,3.11.9,2.1.2+cu121
20260424_010536,2026-04-24T06:14:13.962925,cpu,full_mlp_capacity_search_hd256_depth4,/home/liangyi/SRS_AI/Model_AIIC_refactor/experiments_refactored/20260422_050408_full_mlp_capacity_search_v2/full_mlp_capacity_search_hd256_depth4,full_mlp_capacity_search_v2,full_mlp_capacity_search_hd256_depth4,supervised_nmse_plateau,full_mlp,12,6,compile,fp32,float32,8,1,ok,,493.647956,20,50,0.06118728,0.0019796807524446957,0.05833,0.0605465,0.06373140000000001,0.0650031,0.06672655999999999,0.067685,130746.12893398758,130.7461289339876,60.5465,7.5683125,130746.12893398758,109200,108544,217816,single-thread,0.0078125,0.00390625,Intel(R) Xeon(R) 6760P,AVX512,"avx2,avx512f,avx512bw,avx512vl,avx512_vnni,avx512_bf16,amx_bf16,amx_int8,amx_tile,fma",True,True,,256,128,sh14l07002s1404,3.11.9,2.1.2+cu121
20260424_010536,2026-04-24T06:14:13.962925,cpu,full_mlp_capacity_search_hd256_depth4,/home/liangyi/SRS_AI/Model_AIIC_refactor/experiments_refactored/20260422_050408_full_mlp_capacity_search_v2/full_mlp_capacity_search_hd256_depth4,full_mlp_capacity_search_v2,full_mlp_capacity_search_hd256_depth4,supervised_nmse_plateau,full_mlp,12,6,compile,fp32,float32,8,2,ok,,510.371523,20,50,0.09844312,0.002540946474367377,0.093718,0.097975,0.10129439999999999,0.10406695,0.10511068,0.105634,81265.20167178773,81.26520167178772,97.97500000000001,12.246875000000001,40632.60083589386,109200,108544,217816,sub-physical,0.015625,0.0078125,Intel(R) Xeon(R) 6760P,AVX512,"avx2,avx512f,avx512bw,avx512vl,avx512_vnni,avx512_bf16,amx_bf16,amx_int8,amx_tile,fma",True,True,,256,128,sh14l07002s1404,3.11.9,2.1.2+cu121
20260424_010536,2026-04-24T06:14:13.962925,cpu,full_mlp_capacity_search_hd256_depth4,/home/liangyi/SRS_AI/Model_AIIC_refactor/experiments_refactored/20260422_050408_full_mlp_capacity_search_v2/full_mlp_capacity_search_hd256_depth4,full_mlp_capacity_search_v2,full_mlp_capacity_search_hd256_depth4,supervised_nmse_plateau,full_mlp,12,6,compile,fp32,float32,8,4,ok,,509.658169,20,50,0.08446398,0.002461972416498609,0.081364,0.0839675,0.0875498,0.09014835,0.09207938,0.092735,94714.93055382899,94.71493055382899,83.9675,10.4959375,23678.732638457248,109200,108544,217816,sub-physical,0.03125,0.015625,Intel(R) Xeon(R) 6760P,AVX512,"avx2,avx512f,avx512bw,avx512vl,avx512_vnni,avx512_bf16,amx_bf16,amx_int8,amx_tile,fma",True,True,,256,128,sh14l07002s1404,3.11.9,2.1.2+cu121
20260424_010536,2026-04-24T06:14:13.962925,cpu,full_mlp_capacity_search_hd256_depth4,/home/liangyi/SRS_AI/Model_AIIC_refactor/experiments_refactored/20260422_050408_full_mlp_capacity_search_v2/full_mlp_capacity_search_hd256_depth4,full_mlp_capacity_search_v2,full_mlp_capacity_search_hd256_depth4,supervised_nmse_plateau,full_mlp,12,6,compile,fp32,float32,8,8,ok,,507.689553,20,50,0.075074,0.0033065512063175434,0.070264,0.0742495,0.0775207,0.08267854999999999,0.08626711,0.086395,106561.52596105175,106.56152596105176,74.2495,9.2811875,13320.19074513147,109200,108544,217816,sub-physical,0.0625,0.03125,Intel(R) Xeon(R) 6760P,AVX512,"avx2,avx512f,avx512bw,avx512vl,avx512_vnni,avx512_bf16,amx_bf16,amx_int8,amx_tile,fma",True,True,,256,128,sh14l07002s1404,3.11.9,2.1.2+cu121
20260424_010536,2026-04-24T06:14:13.962925,cpu,full_mlp_capacity_search_hd256_depth4,/home/liangyi/SRS_AI/Model_AIIC_refactor/experiments_refactored/20260422_050408_full_mlp_capacity_search_v2/full_mlp_capacity_search_hd256_depth4,full_mlp_capacity_search_v2,full_mlp_capacity_search_hd256_depth4,supervised_nmse_plateau,full_mlp,12,6,compile,fp32,float32,8,128,ok,,549.644992,20,50,0.25721162,0.012087629400159486,0.24234,0.253642,0.2714672,0.2851879,0.29452342,0.296553,31102.79387844142,31.102793878441418,253.64199999999997,31.705249999999996,242.99057717532358,109200,108544,217816,all-physical,1.0,0.5,Intel(R) Xeon(R) 6760P,AVX512,"avx2,avx512f,avx512bw,avx512vl,avx512_vnni,avx512_bf16,amx_bf16,amx_int8,amx_tile,fma",True,True,,256,128,sh14l07002s1404,3.11.9,2.1.2+cu121
20260424_010536,2026-04-24T06:14:13.962925,cpu,full_mlp_capacity_search_hd256_depth4,/home/liangyi/SRS_AI/Model_AIIC_refactor/experiments_refactored/20260422_050408_full_mlp_capacity_search_v2/full_mlp_capacity_search_hd256_depth4,full_mlp_capacity_search_v2,full_mlp_capacity_search_hd256_depth4,supervised_nmse_plateau,full_mlp,12,6,compile,fp32,float32,16,1,ok,,545.725555,20,50,0.07574739999999999,0.0021625694994612307,0.073007,0.075271,0.0783837,0.07959024999999999,0.08249829,0.082782,211228.37219495323,211.22837219495324,75.271,4.7044375,211228.37219495323,109200,108544,217816,single-thread,0.0078125,0.00390625,Intel(R) Xeon(R) 6760P,AVX512,"avx2,avx512f,avx512bw,avx512vl,avx512_vnni,avx512_bf16,amx_bf16,amx_int8,amx_tile,fma",True,True,,256,128,sh14l07002s1404,3.11.9,2.1.2+cu121
20260424_010536,2026-04-24T06:14:13.962925,cpu,full_mlp_capacity_search_hd256_depth4,/home/liangyi/SRS_AI/Model_AIIC_refactor/experiments_refactored/20260422_050408_full_mlp_capacity_search_v2/full_mlp_capacity_search_hd256_depth4,full_mlp_capacity_search_v2,full_mlp_capacity_search_hd256_depth4,supervised_nmse_plateau,full_mlp,12,6,compile,fp32,float32,16,2,ok,,515.924629,20,50,0.12418174,0.004600756410895931,0.115876,0.1256085,0.1291163,0.1294539,0.13373145,0.133876,128843.41933041041,128.8434193304104,125.6085,7.85053125,64421.709665205206,109200,108544,217816,sub-physical,0.015625,0.0078125,Intel(R) Xeon(R) 6760P,AVX512,"avx2,avx512f,avx512bw,avx512vl,avx512_vnni,avx512_bf16,amx_bf16,amx_int8,amx_tile,fma",True,True,,256,128,sh14l07002s1404,3.11.9,2.1.2+cu121
20260424_010536,2026-04-24T06:14:13.962925,cpu,full_mlp_capacity_search_hd256_depth4,/home/liangyi/SRS_AI/Model_AIIC_refactor/experiments_refactored/20260422_050408_full_mlp_capacity_search_v2/full_mlp_capacity_search_hd256_depth4,full_mlp_capacity_search_v2,full_mlp_capacity_search_hd256_depth4,supervised_nmse_plateau,full_mlp,12,6,compile,fp32,float32,16,4,ok,,504.075462,20,50,0.10095938,0.0028735664801079505,0.096583,0.10029350000000001,0.1035101,0.1066765,0.11000366,0.110183,158479.5786186484,158.47957861864842,100.29350000000001,6.2683437500000005,39619.8946546621,109200,108544,217816,sub-physical,0.03125,0.015625,Intel(R) Xeon(R) 6760P,AVX512,"avx2,avx512f,avx512bw,avx512vl,avx512_vnni,avx512_bf16,amx_bf16,amx_int8,amx_tile,fma",True,True,,256,128,sh14l07002s1404,3.11.9,2.1.2+cu121
20260424_010536,2026-04-24T06:14:13.962925,cpu,full_mlp_capacity_search_hd256_depth4,/home/liangyi/SRS_AI/Model_AIIC_refactor/experiments_refactored/20260422_050408_full_mlp_capacity_search_v2/full_mlp_capacity_search_hd256_depth4,full_mlp_capacity_search_v2,full_mlp_capacity_search_hd256_depth4,supervised_nmse_plateau,full_mlp,12,6,compile,fp32,float32,16,8,ok,,503.304022,20,50,0.0820807,0.002485386378412821,0.078544,0.081532,0.0855534,0.0874355,0.08906184,0.089446,194930.11146347434,194.93011146347433,81.532,5.09575,24366.263932934293,109200,108544,217816,sub-physical,0.0625,0.03125,Intel(R) Xeon(R) 6760P,AVX512,"avx2,avx512f,avx512bw,avx512vl,avx512_vnni,avx512_bf16,amx_bf16,amx_int8,amx_tile,fma",True,True,,256,128,sh14l07002s1404,3.11.9,2.1.2+cu121
20260424_010536,2026-04-24T06:14:13.962925,cpu,full_mlp_capacity_search_hd256_depth4,/home/liangyi/SRS_AI/Model_AIIC_refactor/experiments_refactored/20260422_050408_full_mlp_capacity_search_v2/full_mlp_capacity_search_hd256_depth4,full_mlp_capacity_search_v2,full_mlp_capacity_search_hd256_depth4,supervised_nmse_plateau,full_mlp,12,6,compile,fp32,float32,16,128,ok,,558.066905,20,50,0.27190484,0.014155625696322999,0.24943,0.271609,0.2934236,0.2968923,0.30326949,0.305229,58844.11619888783,58.84411619888783,271.609,16.9755625,459.7196578038112,109200,108544,217816,all-physical,1.0,0.5,Intel(R) Xeon(R) 6760P,AVX512,"avx2,avx512f,avx512bw,avx512vl,avx512_vnni,avx512_bf16,amx_bf16,amx_int8,amx_tile,fma",True,True,,256,128,sh14l07002s1404,3.11.9,2.1.2+cu121
20260424_010536,2026-04-24T06:14:13.962925,cpu,full_mlp_capacity_search_hd256_depth4,/home/liangyi/SRS_AI/Model_AIIC_refactor/experiments_refactored/20260422_050408_full_mlp_capacity_search_v2/full_mlp_capacity_search_hd256_depth4,full_mlp_capacity_search_v2,full_mlp_capacity_search_hd256_depth4,supervised_nmse_plateau,full_mlp,12,6,compile,fp32,float32,32,1,ok,,495.863909,20,50,0.0965806,0.0025742031621455207,0.092226,0.096105,0.1000114,0.10188239999999998,0.10416065999999999,0.104781,331329.480247586,331.329480247586,96.10499999999999,3.0032812499999997,331329.480247586,109200,108544,217816,single-thread,0.0078125,0.00390625,Intel(R) Xeon(R) 6760P,AVX512,"avx2,avx512f,avx512bw,avx512vl,avx512_vnni,avx512_bf16,amx_bf16,amx_int8,amx_tile,fma",True,True,,256,128,sh14l07002s1404,3.11.9,2.1.2+cu121
20260424_010536,2026-04-24T06:14:13.962925,cpu,full_mlp_capacity_search_hd256_depth4,/home/liangyi/SRS_AI/Model_AIIC_refactor/experiments_refactored/20260422_050408_full_mlp_capacity_search_v2/full_mlp_capacity_search_hd256_depth4,full_mlp_capacity_search_v2,full_mlp_capacity_search_hd256_depth4,supervised_nmse_plateau,full_mlp,12,6,compile,fp32,float32,32,2,ok,,508.584134,20,50,0.16758134,0.024906286818078684,0.108662,0.17725849999999999,0.18979769999999999,0.19265074999999998,0.19852459,0.201322,190952.04752510035,190.95204752510034,177.2585,5.539328125,95476.02376255018,109200,108544,217816,sub-physical,0.015625,0.0078125,Intel(R) Xeon(R) 6760P,AVX512,"avx2,avx512f,avx512bw,avx512vl,avx512_vnni,avx512_bf16,amx_bf16,amx_int8,amx_tile,fma",True,True,,256,128,sh14l07002s1404,3.11.9,2.1.2+cu121
20260424_010536,2026-04-24T06:14:13.962925,cpu,full_mlp_capacity_search_hd256_depth4,/home/liangyi/SRS_AI/Model_AIIC_refactor/experiments_refactored/20260422_050408_full_mlp_capacity_search_v2/full_mlp_capacity_search_hd256_depth4,full_mlp_capacity_search_v2,full_mlp_capacity_search_hd256_depth4,supervised_nmse_plateau,full_mlp,12,6,compile,fp32,float32,32,4,ok,,496.597049,20,50,0.14835554,0.00444488755407828,0.142156,0.1473625,0.1546276,0.15593700000000002,0.15807822,0.15902,215698.0453847561,215.69804538475609,147.3625,4.605078125,53924.51134618902,109200,108544,217816,sub-physical,0.03125,0.015625,Intel(R) Xeon(R) 6760P,AVX512,"avx2,avx512f,avx512bw,avx512vl,avx512_vnni,avx512_bf16,amx_bf16,amx_int8,amx_tile,fma",True,True,,256,128,sh14l07002s1404,3.11.9,2.1.2+cu121
20260424_010536,2026-04-24T06:14:13.962925,cpu,full_mlp_capacity_search_hd256_depth4,/home/liangyi/SRS_AI/Model_AIIC_refactor/experiments_refactored/20260422_050408_full_mlp_capacity_search_v2/full_mlp_capacity_search_hd256_depth4,full_mlp_capacity_search_v2,full_mlp_capacity_search_hd256_depth4,supervised_nmse_plateau,full_mlp,12,6,compile,fp32,float32,32,8,ok,,509.261766,20,50,0.10496364,0.005377095174013568,0.095288,0.1044855,0.1119869,0.11385144999999999,0.11689521,0.117714,304867.4760135986,304.8674760135986,104.4855,3.265171875,38108.43450169983,109200,108544,217816,sub-physical,0.0625,0.03125,Intel(R) Xeon(R) 6760P,AVX512,"avx2,avx512f,avx512bw,avx512vl,avx512_vnni,avx512_bf16,amx_bf16,amx_int8,amx_tile,fma",True,True,,256,128,sh14l07002s1404,3.11.9,2.1.2+cu121
20260424_010536,2026-04-24T06:14:13.962925,cpu,full_mlp_capacity_search_hd256_depth4,/home/liangyi/SRS_AI/Model_AIIC_refactor/experiments_refactored/20260422_050408_full_mlp_capacity_search_v2/full_mlp_capacity_search_hd256_depth4,full_mlp_capacity_search_v2,full_mlp_capacity_search_hd256_depth4,supervised_nmse_plateau,full_mlp,12,6,compile,fp32,float32,32,128,ok,,674.142993,20,50,0.3080732,0.015397744567305952,0.284718,0.302931,0.3252755,0.33607834999999997,0.35032089,0.351957,103871.41757218739,103.8714175721874,302.931,9.46659375,811.495449782714,109200,108544,217816,all-physical,1.0,0.5,Intel(R) Xeon(R) 6760P,AVX512,"avx2,avx512f,avx512bw,avx512vl,avx512_vnni,avx512_bf16,amx_bf16,amx_int8,amx_tile,fma",True,True,,256,128,sh14l07002s1404,3.11.9,2.1.2+cu121
20260424_010536,2026-04-24T06:14:13.962925,cpu,full_mlp_capacity_search_hd256_depth4,/home/liangyi/SRS_AI/Model_AIIC_refactor/experiments_refactored/20260422_050408_full_mlp_capacity_search_v2/full_mlp_capacity_search_hd256_depth4,full_mlp_capacity_search_v2,full_mlp_capacity_search_hd256_depth4,supervised_nmse_plateau,full_mlp,12,6,compile,fp32,float32,64,1,ok,,499.055957,20,50,0.1387577,0.0031810410701529784,0.135,0.1380515,0.142021,0.14347165,0.14984851,0.151368,461235.6647595052,461.2356647595052,138.0515,2.1570546875,461235.6647595052,109200,108544,217816,single-thread,0.0078125,0.00390625,Intel(R) Xeon(R) 6760P,AVX512,"avx2,avx512f,avx512bw,avx512vl,avx512_vnni,avx512_bf16,amx_bf16,amx_int8,amx_tile,fma",True,True,,256,128,sh14l07002s1404,3.11.9,2.1.2+cu121
20260424_010536,2026-04-24T06:14:13.962925,cpu,full_mlp_capacity_search_hd256_depth4,/home/liangyi/SRS_AI/Model_AIIC_refactor/experiments_refactored/20260422_050408_full_mlp_capacity_search_v2/full_mlp_capacity_search_hd256_depth4,full_mlp_capacity_search_v2,full_mlp_capacity_search_hd256_depth4,supervised_nmse_plateau,full_mlp,12,6,compile,fp32,float32,64,2,ok,,508.095347,20,50,0.20271240000000001,0.05339657402043693,0.147405,0.1978135,0.3048507,0.3074281,0.31280858,0.315532,315718.2293732401,315.7182293732401,197.8135,3.0908359375,157859.11468662004,109200,108544,217816,sub-physical,0.015625,0.0078125,Intel(R) Xeon(R) 6760P,AVX512,"avx2,avx512f,avx512bw,avx512vl,avx512_vnni,avx512_bf16,amx_bf16,amx_int8,amx_tile,fma",True,True,,256,128,sh14l07002s1404,3.11.9,2.1.2+cu121
20260424_010536,2026-04-24T06:14:13.962925,cpu,full_mlp_capacity_search_hd256_depth4,/home/liangyi/SRS_AI/Model_AIIC_refactor/experiments_refactored/20260422_050408_full_mlp_capacity_search_v2/full_mlp_capacity_search_hd256_depth4,full_mlp_capacity_search_v2,full_mlp_capacity_search_hd256_depth4,supervised_nmse_plateau,full_mlp,12,6,compile,fp32,float32,64,4,ok,,516.356296,20,50,0.18531704,0.02951992941384515,0.141493,0.20544400000000002,0.2114977,0.21311185,0.21744255999999998,0.217715,345354.10235345876,345.35410235345876,205.44400000000002,3.2100625000000003,86338.52558836469,109200,108544,217816,sub-physical,0.03125,0.015625,Intel(R) Xeon(R) 6760P,AVX512,"avx2,avx512f,avx512bw,avx512vl,avx512_vnni,avx512_bf16,amx_bf16,amx_int8,amx_tile,fma",True,True,,256,128,sh14l07002s1404,3.11.9,2.1.2+cu121
20260424_010536,2026-04-24T06:14:13.962925,cpu,full_mlp_capacity_search_hd256_depth4,/home/liangyi/SRS_AI/Model_AIIC_refactor/experiments_refactored/20260422_050408_full_mlp_capacity_search_v2/full_mlp_capacity_search_hd256_depth4,full_mlp_capacity_search_v2,full_mlp_capacity_search_hd256_depth4,supervised_nmse_plateau,full_mlp,12,6,compile,fp32,float32,64,8,ok,,502.307664,20,50,0.1562963,0.010952554675964874,0.118574,0.15758250000000001,0.1659357,0.16667885,0.16917857,0.170211,409478.66328249616,409.47866328249614,157.5825,2.4622265625,51184.83291031202,109200,108544,217816,sub-physical,0.0625,0.03125,Intel(R) Xeon(R) 6760P,AVX512,"avx2,avx512f,avx512bw,avx512vl,avx512_vnni,avx512_bf16,amx_bf16,amx_int8,amx_tile,fma",True,True,,256,128,sh14l07002s1404,3.11.9,2.1.2+cu121
20260424_010536,2026-04-24T06:14:13.962925,cpu,full_mlp_capacity_search_hd256_depth4,/home/liangyi/SRS_AI/Model_AIIC_refactor/experiments_refactored/20260422_050408_full_mlp_capacity_search_v2/full_mlp_capacity_search_hd256_depth4,full_mlp_capacity_search_v2,full_mlp_capacity_search_hd256_depth4,supervised_nmse_plateau,full_mlp,12,6,compile,fp32,float32,64,128,ok,,556.551096,20,50,0.33656098,0.01299094901304751,0.315905,0.334625,0.3552996,0.3591857,0.36126023,0.361786,190158.70467218154,190.15870467218153,334.625,5.228515625,1485.6148802514183,109200,108544,217816,all-physical,1.0,0.5,Intel(R) Xeon(R) 6760P,AVX512,"avx2,avx512f,avx512bw,avx512vl,avx512_vnni,avx512_bf16,amx_bf16,amx_int8,amx_tile,fma",True,True,,256,128,sh14l07002s1404,3.11.9,2.1.2+cu121
20260424_010536,2026-04-24T06:14:13.962925,cpu,full_mlp_capacity_search_hd256_depth4,/home/liangyi/SRS_AI/Model_AIIC_refactor/experiments_refactored/20260422_050408_full_mlp_capacity_search_v2/full_mlp_capacity_search_hd256_depth4,full_mlp_capacity_search_v2,full_mlp_capacity_search_hd256_depth4,supervised_nmse_plateau,full_mlp,12,6,compile,fp32,float32,128,1,ok,,497.867076,20,50,0.23054546,0.00559606487885907,0.222992,0.229744,0.2377619,0.24013755,0.24713713999999998,0.250476,555205.0341828462,555.2050341828462,229.744,1.794875,555205.0341828462,109200,108544,217816,single-thread,0.0078125,0.00390625,Intel(R) Xeon(R) 6760P,AVX512,"avx2,avx512f,avx512bw,avx512vl,avx512_vnni,avx512_bf16,amx_bf16,amx_int8,amx_tile,fma",True,True,,256,128,sh14l07002s1404,3.11.9,2.1.2+cu121
20260424_010536,2026-04-24T06:14:13.962925,cpu,full_mlp_capacity_search_hd256_depth4,/home/liangyi/SRS_AI/Model_AIIC_refactor/experiments_refactored/20260422_050408_full_mlp_capacity_search_v2/full_mlp_capacity_search_hd256_depth4,full_mlp_capacity_search_v2,full_mlp_capacity_search_hd256_depth4,supervised_nmse_plateau,full_mlp,12,6,compile,fp32,float32,128,2,ok,,506.991462,20,50,0.24154794,0.02448346790094083,0.219067,0.225132,0.2761961,0.27737965000000003,0.28181571,0.282904,529915.510767759,529.9155107677591,225.132,1.75884375,264957.7553838795,109200,108544,217816,sub-physical,0.015625,0.0078125,Intel(R) Xeon(R) 6760P,AVX512,"avx2,avx512f,avx512bw,avx512vl,avx512_vnni,avx512_bf16,amx_bf16,amx_int8,amx_tile,fma",True,True,,256,128,sh14l07002s1404,3.11.9,2.1.2+cu121
20260424_010536,2026-04-24T06:14:13.962925,cpu,full_mlp_capacity_search_hd256_depth4,/home/liangyi/SRS_AI/Model_AIIC_refactor/experiments_refactored/20260422_050408_full_mlp_capacity_search_v2/full_mlp_capacity_search_hd256_depth4,full_mlp_capacity_search_v2,full_mlp_capacity_search_hd256_depth4,supervised_nmse_plateau,full_mlp,12,6,compile,fp32,float32,128,4,ok,,499.286232,20,50,0.27602768,0.0325202358616539,0.247507,0.2614395,0.33117810000000003,0.3331401,0.33603953999999997,0.337634,463721.60936903144,463.72160936903146,261.4395,2.04249609375,115930.40234225786,109200,108544,217816,sub-physical,0.03125,0.015625,Intel(R) Xeon(R) 6760P,AVX512,"avx2,avx512f,avx512bw,avx512vl,avx512_vnni,avx512_bf16,amx_bf16,amx_int8,amx_tile,fma",True,True,,256,128,sh14l07002s1404,3.11.9,2.1.2+cu121
20260424_010536,2026-04-24T06:14:13.962925,cpu,full_mlp_capacity_search_hd256_depth4,/home/liangyi/SRS_AI/Model_AIIC_refactor/experiments_refactored/20260422_050408_full_mlp_capacity_search_v2/full_mlp_capacity_search_hd256_depth4,full_mlp_capacity_search_v2,full_mlp_capacity_search_hd256_depth4,supervised_nmse_plateau,full_mlp,12,6,compile,fp32,float32,128,8,ok,,501.258012,20,50,0.19573398,0.03069992606733117,0.157352,0.179686,0.2419843,0.2454612,0.25083838,0.251053,653948.7931528292,653.9487931528291,179.686,1.403796875,81743.59914410365,109200,108544,217816,sub-physical,0.0625,0.03125,Intel(R) Xeon(R) 6760P,AVX512,"avx2,avx512f,avx512bw,avx512vl,avx512_vnni,avx512_bf16,amx_bf16,amx_int8,amx_tile,fma",True,True,,256,128,sh14l07002s1404,3.11.9,2.1.2+cu121
20260424_010536,2026-04-24T06:14:13.962925,cpu,full_mlp_capacity_search_hd256_depth4,/home/liangyi/SRS_AI/Model_AIIC_refactor/experiments_refactored/20260422_050408_full_mlp_capacity_search_v2/full_mlp_capacity_search_hd256_depth4,full_mlp_capacity_search_v2,full_mlp_capacity_search_hd256_depth4,supervised_nmse_plateau,full_mlp,12,6,compile,fp32,float32,128,128,ok,,665.513265,20,50,0.65330802,0.024521906205260638,0.615331,0.654492,0.6883832,0.69631035,0.7101385499999999,0.713865,195925.95847820755,195.92595847820755,654.492,5.11321875,1530.6715506109965,109200,108544,217816,all-physical,1.0,0.5,Intel(R) Xeon(R) 6760P,AVX512,"avx2,avx512f,avx512bw,avx512vl,avx512_vnni,avx512_bf16,amx_bf16,amx_int8,amx_tile,fma",True,True,,256,128,sh14l07002s1404,3.11.9,2.1.2+cu121
20260424_010536,2026-04-24T06:14:13.962925,cpu,full_mlp_capacity_search_hd256_depth4,/home/liangyi/SRS_AI/Model_AIIC_refactor/experiments_refactored/20260422_050408_full_mlp_capacity_search_v2/full_mlp_capacity_search_hd256_depth4,full_mlp_capacity_search_v2,full_mlp_capacity_search_hd256_depth4,supervised_nmse_plateau,full_mlp,12,6,compile,bf16,bfloat16,1,1,ok,,506.63858,20,50,0.09255086,0.0022536182641254925,0.088852,0.0917965,0.0951283,0.0972865,0.09924253,0.099685,10804.86988451539,10.80486988451539,91.79650000000001,91.79650000000001,10804.86988451539,109200,108544,217816,single-thread,0.0078125,0.00390625,Intel(R) Xeon(R) 6760P,AVX512,"avx2,avx512f,avx512bw,avx512vl,avx512_vnni,avx512_bf16,amx_bf16,amx_int8,amx_tile,fma",True,True,,256,128,sh14l07002s1404,3.11.9,2.1.2+cu121
20260424_010536,2026-04-24T06:14:13.962925,cpu,full_mlp_capacity_search_hd256_depth4,/home/liangyi/SRS_AI/Model_AIIC_refactor/experiments_refactored/20260422_050408_full_mlp_capacity_search_v2/full_mlp_capacity_search_hd256_depth4,full_mlp_capacity_search_v2,full_mlp_capacity_search_hd256_depth4,supervised_nmse_plateau,full_mlp,12,6,compile,bf16,bfloat16,1,2,ok,,506.704109,20,50,0.0969441,0.0028881614030382722,0.09266,0.096323,0.1006893,0.10337225,0.1059914,0.107432,10315.222896493959,10.315222896493959,96.32300000000001,96.32300000000001,5157.611448246979,109200,108544,217816,sub-physical,0.015625,0.0078125,Intel(R) Xeon(R) 6760P,AVX512,"avx2,avx512f,avx512bw,avx512vl,avx512_vnni,avx512_bf16,amx_bf16,amx_int8,amx_tile,fma",True,True,,256,128,sh14l07002s1404,3.11.9,2.1.2+cu121
20260424_010536,2026-04-24T06:14:13.962925,cpu,full_mlp_capacity_search_hd256_depth4,/home/liangyi/SRS_AI/Model_AIIC_refactor/experiments_refactored/20260422_050408_full_mlp_capacity_search_v2/full_mlp_capacity_search_hd256_depth4,full_mlp_capacity_search_v2,full_mlp_capacity_search_hd256_depth4,supervised_nmse_plateau,full_mlp,12,6,compile,bf16,bfloat16,1,4,ok,,513.894186,20,50,0.10733278,0.003914559726406023,0.101828,0.1064475,0.1156884,0.11621925000000001,0.11716291,0.117379,9316.818217137392,9.316818217137392,106.4475,106.4475,2329.204554284348,109200,108544,217816,sub-physical,0.03125,0.015625,Intel(R) Xeon(R) 6760P,AVX512,"avx2,avx512f,avx512bw,avx512vl,avx512_vnni,avx512_bf16,amx_bf16,amx_int8,amx_tile,fma",True,True,,256,128,sh14l07002s1404,3.11.9,2.1.2+cu121
20260424_010536,2026-04-24T06:14:13.962925,cpu,full_mlp_capacity_search_hd256_depth4,/home/liangyi/SRS_AI/Model_AIIC_refactor/experiments_refactored/20260422_050408_full_mlp_capacity_search_v2/full_mlp_capacity_search_hd256_depth4,full_mlp_capacity_search_v2,full_mlp_capacity_search_hd256_depth4,supervised_nmse_plateau,full_mlp,12,6,compile,bf16,bfloat16,1,8,ok,,503.692717,20,50,0.10106004,0.003925704792569099,0.095296,0.100536,0.1056223,0.10923075,0.1113589,0.112383,9895.107898235543,9.895107898235542,100.536,100.536,1236.8884872794429,109200,108544,217816,sub-physical,0.0625,0.03125,Intel(R) Xeon(R) 6760P,AVX512,"avx2,avx512f,avx512bw,avx512vl,avx512_vnni,avx512_bf16,amx_bf16,amx_int8,amx_tile,fma",True,True,,256,128,sh14l07002s1404,3.11.9,2.1.2+cu121
20260424_010536,2026-04-24T06:14:13.962925,cpu,full_mlp_capacity_search_hd256_depth4,/home/liangyi/SRS_AI/Model_AIIC_refactor/experiments_refactored/20260422_050408_full_mlp_capacity_search_v2/full_mlp_capacity_search_hd256_depth4,full_mlp_capacity_search_v2,full_mlp_capacity_search_hd256_depth4,supervised_nmse_plateau,full_mlp,12,6,compile,bf16,bfloat16,1,128,ok,,622.503831,20,50,0.30942628,0.014771096396733725,0.287458,0.3055715,0.3357343,0.33794475,0.34132227,0.342291,3231.7875521109586,3.2317875521109585,305.5715,305.5715,25.248340250866864,109200,108544,217816,all-physical,1.0,0.5,Intel(R) Xeon(R) 6760P,AVX512,"avx2,avx512f,avx512bw,avx512vl,avx512_vnni,avx512_bf16,amx_bf16,amx_int8,amx_tile,fma",True,True,,256,128,sh14l07002s1404,3.11.9,2.1.2+cu121
20260424_010536,2026-04-24T06:14:13.962925,cpu,full_mlp_capacity_search_hd256_depth4,/home/liangyi/SRS_AI/Model_AIIC_refactor/experiments_refactored/20260422_050408_full_mlp_capacity_search_v2/full_mlp_capacity_search_hd256_depth4,full_mlp_capacity_search_v2,full_mlp_capacity_search_hd256_depth4,supervised_nmse_plateau,full_mlp,12,6,compile,bf16,bfloat16,2,1,ok,,494.803634,20,50,0.0873025,0.0046479767006731,0.083144,0.0855355,0.0916433,0.09470395,0.10431774999999999,0.105751,22908.851407462556,22.908851407462556,85.5355,42.76775,22908.851407462556,109200,108544,217816,single-thread,0.0078125,0.00390625,Intel(R) Xeon(R) 6760P,AVX512,"avx2,avx512f,avx512bw,avx512vl,avx512_vnni,avx512_bf16,amx_bf16,amx_int8,amx_tile,fma",True,True,,256,128,sh14l07002s1404,3.11.9,2.1.2+cu121
20260424_010536,2026-04-24T06:14:13.962925,cpu,full_mlp_capacity_search_hd256_depth4,/home/liangyi/SRS_AI/Model_AIIC_refactor/experiments_refactored/20260422_050408_full_mlp_capacity_search_v2/full_mlp_capacity_search_hd256_depth4,full_mlp_capacity_search_v2,full_mlp_capacity_search_hd256_depth4,supervised_nmse_plateau,full_mlp,12,6,compile,bf16,bfloat16,2,2,ok,,509.321806,20,50,0.11328198,0.003900924949239603,0.108293,0.1122965,0.11888670000000001,0.12145004999999999,0.12400173,0.124993,17655.05864216003,17.655058642160032,112.2965,56.14825,8827.529321080016,109200,108544,217816,sub-physical,0.015625,0.0078125,Intel(R) Xeon(R) 6760P,AVX512,"avx2,avx512f,avx512bw,avx512vl,avx512_vnni,avx512_bf16,amx_bf16,amx_int8,amx_tile,fma",True,True,,256,128,sh14l07002s1404,3.11.9,2.1.2+cu121
20260424_010536,2026-04-24T06:14:13.962925,cpu,full_mlp_capacity_search_hd256_depth4,/home/liangyi/SRS_AI/Model_AIIC_refactor/experiments_refactored/20260422_050408_full_mlp_capacity_search_v2/full_mlp_capacity_search_hd256_depth4,full_mlp_capacity_search_v2,full_mlp_capacity_search_hd256_depth4,supervised_nmse_plateau,full_mlp,12,6,compile,bf16,bfloat16,2,4,ok,,508.201264,20,50,0.1086144,0.003764882675462809,0.103816,0.1072575,0.1142891,0.11694265,0.11855017,0.119122,18413.764657356667,18.413764657356666,107.25750000000001,53.628750000000004,4603.441164339167,109200,108544,217816,sub-physical,0.03125,0.015625,Intel(R) Xeon(R) 6760P,AVX512,"avx2,avx512f,avx512bw,avx512vl,avx512_vnni,avx512_bf16,amx_bf16,amx_int8,amx_tile,fma",True,True,,256,128,sh14l07002s1404,3.11.9,2.1.2+cu121
20260424_010536,2026-04-24T06:14:13.962925,cpu,full_mlp_capacity_search_hd256_depth4,/home/liangyi/SRS_AI/Model_AIIC_refactor/experiments_refactored/20260422_050408_full_mlp_capacity_search_v2/full_mlp_capacity_search_hd256_depth4,full_mlp_capacity_search_v2,full_mlp_capacity_search_hd256_depth4,supervised_nmse_plateau,full_mlp,12,6,compile,bf16,bfloat16,2,8,ok,,503.351304,20,50,0.10218935999999999,0.004283196473476322,0.095417,0.1009735,0.1077134,0.10991219999999999,0.11322494,0.11528,19571.509206046503,19.571509206046503,100.97349999999999,50.486749999999994,2446.438650755813,109200,108544,217816,sub-physical,0.0625,0.03125,Intel(R) Xeon(R) 6760P,AVX512,"avx2,avx512f,avx512bw,avx512vl,avx512_vnni,avx512_bf16,amx_bf16,amx_int8,amx_tile,fma",True,True,,256,128,sh14l07002s1404,3.11.9,2.1.2+cu121
20260424_010536,2026-04-24T06:14:13.962925,cpu,full_mlp_capacity_search_hd256_depth4,/home/liangyi/SRS_AI/Model_AIIC_refactor/experiments_refactored/20260422_050408_full_mlp_capacity_search_v2/full_mlp_capacity_search_hd256_depth4,full_mlp_capacity_search_v2,full_mlp_capacity_search_hd256_depth4,supervised_nmse_plateau,full_mlp,12,6,compile,bf16,bfloat16,2,128,ok,,554.057332,20,50,0.3588609,0.014502849193520557,0.338507,0.35306400000000004,0.3822385,0.38526095,0.39625948,0.397508,5573.190057763329,5.573190057763329,353.064,176.532,43.540547326276005,109200,108544,217816,all-physical,1.0,0.5,Intel(R) Xeon(R) 6760P,AVX512,"avx2,avx512f,avx512bw,avx512vl,avx512_vnni,avx512_bf16,amx_bf16,amx_int8,amx_tile,fma",True,True,,256,128,sh14l07002s1404,3.11.9,2.1.2+cu121
20260424_010536,2026-04-24T06:14:13.962925,cpu,full_mlp_capacity_search_hd256_depth4,/home/liangyi/SRS_AI/Model_AIIC_refactor/experiments_refactored/20260422_050408_full_mlp_capacity_search_v2/full_mlp_capacity_search_hd256_depth4,full_mlp_capacity_search_v2,full_mlp_capacity_search_hd256_depth4,supervised_nmse_plateau,full_mlp,12,6,compile,bf16,bfloat16,4,1,ok,,495.114206,20,50,0.09170004,0.0029160904235637146,0.087954,0.090343,0.0951198,0.0958697,0.09945311999999999,0.102693,43620.48260829548,43.62048260829548,90.343,22.58575,43620.48260829548,109200,108544,217816,single-thread,0.0078125,0.00390625,Intel(R) Xeon(R) 6760P,AVX512,"avx2,avx512f,avx512bw,avx512vl,avx512_vnni,avx512_bf16,amx_bf16,amx_int8,amx_tile,fma",True,True,,256,128,sh14l07002s1404,3.11.9,2.1.2+cu121
20260424_010536,2026-04-24T06:14:13.962925,cpu,full_mlp_capacity_search_hd256_depth4,/home/liangyi/SRS_AI/Model_AIIC_refactor/experiments_refactored/20260422_050408_full_mlp_capacity_search_v2/full_mlp_capacity_search_hd256_depth4,full_mlp_capacity_search_v2,full_mlp_capacity_search_hd256_depth4,supervised_nmse_plateau,full_mlp,12,6,compile,bf16,bfloat16,4,2,ok,,506.017264,20,50,0.11571769999999999,0.0037096425717311372,0.109897,0.1147915,0.1203264,0.1239749,0.12682308,0.127317,34566.881298193795,34.56688129819379,114.7915,28.697875,17283.440649096898,109200,108544,217816,sub-physical,0.015625,0.0078125,Intel(R) Xeon(R) 6760P,AVX512,"avx2,avx512f,avx512bw,avx512vl,avx512_vnni,avx512_bf16,amx_bf16,amx_int8,amx_tile,fma",True,True,,256,128,sh14l07002s1404,3.11.9,2.1.2+cu121
20260424_010536,2026-04-24T06:14:13.962925,cpu,full_mlp_capacity_search_hd256_depth4,/home/liangyi/SRS_AI/Model_AIIC_refactor/experiments_refactored/20260422_050408_full_mlp_capacity_search_v2/full_mlp_capacity_search_hd256_depth4,full_mlp_capacity_search_v2,full_mlp_capacity_search_hd256_depth4,supervised_nmse_plateau,full_mlp,12,6,compile,bf16,bfloat16,4,4,ok,,509.260054,20,50,0.106141,0.004904179254472657,0.099811,0.104221,0.11306229999999999,0.11409364999999999,0.11955903999999999,0.119708,37685.71993857228,37.68571993857228,104.22099999999999,26.055249999999997,9421.42998464307,109200,108544,217816,sub-physical,0.03125,0.015625,Intel(R) Xeon(R) 6760P,AVX512,"avx2,avx512f,avx512bw,avx512vl,avx512_vnni,avx512_bf16,amx_bf16,amx_int8,amx_tile,fma",True,True,,256,128,sh14l07002s1404,3.11.9,2.1.2+cu121
20260424_010536,2026-04-24T06:14:13.962925,cpu,full_mlp_capacity_search_hd256_depth4,/home/liangyi/SRS_AI/Model_AIIC_refactor/experiments_refactored/20260422_050408_full_mlp_capacity_search_v2/full_mlp_capacity_search_hd256_depth4,full_mlp_capacity_search_v2,full_mlp_capacity_search_hd256_depth4,supervised_nmse_plateau,full_mlp,12,6,compile,bf16,bfloat16,4,8,ok,,506.763129,20,50,0.10345204,0.0052218715417367365,0.095118,0.10335050000000001,0.10950879999999999,0.1146966,0.11823563,0.120006,38665.25976674796,38.66525976674796,103.35050000000001,25.837625000000003,4833.157470843495,109200,108544,217816,sub-physical,0.0625,0.03125,Intel(R) Xeon(R) 6760P,AVX512,"avx2,avx512f,avx512bw,avx512vl,avx512_vnni,avx512_bf16,amx_bf16,amx_int8,amx_tile,fma",True,True,,256,128,sh14l07002s1404,3.11.9,2.1.2+cu121
20260424_010536,2026-04-24T06:14:13.962925,cpu,full_mlp_capacity_search_hd256_depth4,/home/liangyi/SRS_AI/Model_AIIC_refactor/experiments_refactored/20260422_050408_full_mlp_capacity_search_v2/full_mlp_capacity_search_hd256_depth4,full_mlp_capacity_search_v2,full_mlp_capacity_search_hd256_depth4,supervised_nmse_plateau,full_mlp,12,6,compile,bf16,bfloat16,4,128,ok,,552.397393,20,50,0.33426738,0.013256524669595725,0.314322,0.33064550000000004,0.35190730000000003,0.3585498,0.37427363999999996,0.379499,11966.468280572277,11.966468280572277,330.6455,82.661375,93.48803344197091,109200,108544,217816,all-physical,1.0,0.5,Intel(R) Xeon(R) 6760P,AVX512,"avx2,avx512f,avx512bw,avx512vl,avx512_vnni,avx512_bf16,amx_bf16,amx_int8,amx_tile,fma",True,True,,256,128,sh14l07002s1404,3.11.9,2.1.2+cu121
20260424_010536,2026-04-24T06:14:13.962925,cpu,full_mlp_capacity_search_hd256_depth4,/home/liangyi/SRS_AI/Model_AIIC_refactor/experiments_refactored/20260422_050408_full_mlp_capacity_search_v2/full_mlp_capacity_search_hd256_depth4,full_mlp_capacity_search_v2,full_mlp_capacity_search_hd256_depth4,supervised_nmse_plateau,full_mlp,12,6,compile,bf16,bfloat16,8,1,ok,,494.392837,20,50,0.10018282,0.0033548278148960195,0.095467,0.099533,0.10483970000000001,0.10633445,0.11047008999999999,0.114027,79854.01089727759,79.85401089727759,99.533,12.441625,79854.01089727759,109200,108544,217816,single-thread,0.0078125,0.00390625,Intel(R) Xeon(R) 6760P,AVX512,"avx2,avx512f,avx512bw,avx512vl,avx512_vnni,avx512_bf16,amx_bf16,amx_int8,amx_tile,fma",True,True,,256,128,sh14l07002s1404,3.11.9,2.1.2+cu121
20260424_010536,2026-04-24T06:14:13.962925,cpu,full_mlp_capacity_search_hd256_depth4,/home/liangyi/SRS_AI/Model_AIIC_refactor/experiments_refactored/20260422_050408_full_mlp_capacity_search_v2/full_mlp_capacity_search_hd256_depth4,full_mlp_capacity_search_v2,full_mlp_capacity_search_hd256_depth4,supervised_nmse_plateau,full_mlp,12,6,compile,bf16,bfloat16,8,2,ok,,504.326275,20,50,0.11322452,0.004313054584583876,0.107812,0.111905,0.1200082,0.12109055,0.12483145999999999,0.125246,70656.0734370965,70.6560734370965,111.905,13.988125,35328.03671854825,109200,108544,217816,sub-physical,0.015625,0.0078125,Intel(R) Xeon(R) 6760P,AVX512,"avx2,avx512f,avx512bw,avx512vl,avx512_vnni,avx512_bf16,amx_bf16,amx_int8,amx_tile,fma",True,True,,256,128,sh14l07002s1404,3.11.9,2.1.2+cu121
20260424_010536,2026-04-24T06:14:13.962925,cpu,full_mlp_capacity_search_hd256_depth4,/home/liangyi/SRS_AI/Model_AIIC_refactor/experiments_refactored/20260422_050408_full_mlp_capacity_search_v2/full_mlp_capacity_search_hd256_depth4,full_mlp_capacity_search_v2,full_mlp_capacity_search_hd256_depth4,supervised_nmse_plateau,full_mlp,12,6,compile,bf16,bfloat16,8,4,ok,,517.579852,20,50,0.10809572,0.004226376618523248,0.101,0.1077925,0.1126466,0.1143245,0.11880553,0.119689,74008.4806317956,74.00848063179559,107.7925,13.4740625,18502.1201579489,109200,108544,217816,sub-physical,0.03125,0.015625,Intel(R) Xeon(R) 6760P,AVX512,"avx2,avx512f,avx512bw,avx512vl,avx512_vnni,avx512_bf16,amx_bf16,amx_int8,amx_tile,fma",True,True,,256,128,sh14l07002s1404,3.11.9,2.1.2+cu121
20260424_010536,2026-04-24T06:14:13.962925,cpu,full_mlp_capacity_search_hd256_depth4,/home/liangyi/SRS_AI/Model_AIIC_refactor/experiments_refactored/20260422_050408_full_mlp_capacity_search_v2/full_mlp_capacity_search_hd256_depth4,full_mlp_capacity_search_v2,full_mlp_capacity_search_hd256_depth4,supervised_nmse_plateau,full_mlp,12,6,compile,bf16,bfloat16,8,8,ok,,504.511723,20,50,0.13252622,0.0033463361235237564,0.127072,0.131824,0.1370803,0.13916965,0.14164993,0.142308,60365.41297261779,60.36541297261779,131.82399999999998,16.477999999999998,7545.676621577224,109200,108544,217816,sub-physical,0.0625,0.03125,Intel(R) Xeon(R) 6760P,AVX512,"avx2,avx512f,avx512bw,avx512vl,avx512_vnni,avx512_bf16,amx_bf16,amx_int8,amx_tile,fma",True,True,,256,128,sh14l07002s1404,3.11.9,2.1.2+cu121
20260424_010536,2026-04-24T06:14:13.962925,cpu,full_mlp_capacity_search_hd256_depth4,/home/liangyi/SRS_AI/Model_AIIC_refactor/experiments_refactored/20260422_050408_full_mlp_capacity_search_v2/full_mlp_capacity_search_hd256_depth4,full_mlp_capacity_search_v2,full_mlp_capacity_search_hd256_depth4,supervised_nmse_plateau,full_mlp,12,6,compile,bf16,bfloat16,8,128,ok,,630.615425,20,50,0.3239648,0.006518134862059856,0.311329,0.3235125,0.3317295,0.3351565,0.33897769,0.339036,24694.040834065923,24.694040834065923,323.5125,40.4390625,192.92219401614003,109200,108544,217816,all-physical,1.0,0.5,Intel(R) Xeon(R) 6760P,AVX512,"avx2,avx512f,avx512bw,avx512vl,avx512_vnni,avx512_bf16,amx_bf16,amx_int8,amx_tile,fma",True,True,,256,128,sh14l07002s1404,3.11.9,2.1.2+cu121
20260424_010536,2026-04-24T06:14:13.962925,cpu,full_mlp_capacity_search_hd256_depth4,/home/liangyi/SRS_AI/Model_AIIC_refactor/experiments_refactored/20260422_050408_full_mlp_capacity_search_v2/full_mlp_capacity_search_hd256_depth4,full_mlp_capacity_search_v2,full_mlp_capacity_search_hd256_depth4,supervised_nmse_plateau,full_mlp,12,6,compile,bf16,bfloat16,16,1,ok,,502.008625,20,50,0.09556122,0.003175134002148572,0.091469,0.0948685,0.0988937,0.0992186,0.10617363999999999,0.110811,167431.93525574496,167.43193525574495,94.8685,5.92928125,167431.93525574496,109200,108544,217816,single-thread,0.0078125,0.00390625,Intel(R) Xeon(R) 6760P,AVX512,"avx2,avx512f,avx512bw,avx512vl,avx512_vnni,avx512_bf16,amx_bf16,amx_int8,amx_tile,fma",True,True,,256,128,sh14l07002s1404,3.11.9,2.1.2+cu121
20260424_010536,2026-04-24T06:14:13.962925,cpu,full_mlp_capacity_search_hd256_depth4,/home/liangyi/SRS_AI/Model_AIIC_refactor/experiments_refactored/20260422_050408_full_mlp_capacity_search_v2/full_mlp_capacity_search_hd256_depth4,full_mlp_capacity_search_v2,full_mlp_capacity_search_hd256_depth4,supervised_nmse_plateau,full_mlp,12,6,compile,bf16,bfloat16,16,2,ok,,507.653017,20,50,0.1168072,0.003675461870296032,0.112321,0.116027,0.1220682,0.1245811,0.12782608,0.128565,136977.8575293304,136.97785752933038,116.027,7.2516875,68488.9287646652,109200,108544,217816,sub-physical,0.015625,0.0078125,Intel(R) Xeon(R) 6760P,AVX512,"avx2,avx512f,avx512bw,avx512vl,avx512_vnni,avx512_bf16,amx_bf16,amx_int8,amx_tile,fma",True,True,,256,128,sh14l07002s1404,3.11.9,2.1.2+cu121
20260424_010536,2026-04-24T06:14:13.962925,cpu,full_mlp_capacity_search_hd256_depth4,/home/liangyi/SRS_AI/Model_AIIC_refactor/experiments_refactored/20260422_050408_full_mlp_capacity_search_v2/full_mlp_capacity_search_hd256_depth4,full_mlp_capacity_search_v2,full_mlp_capacity_search_hd256_depth4,supervised_nmse_plateau,full_mlp,12,6,compile,bf16,bfloat16,16,4,ok,,499.678067,20,50,0.13408406,0.00422578995412692,0.129114,0.1326215,0.1397708,0.1428253,0.14649668,0.14751,119328.12893642987,119.32812893642988,132.6215,8.28884375,29832.032234107468,109200,108544,217816,sub-physical,0.03125,0.015625,Intel(R) Xeon(R) 6760P,AVX512,"avx2,avx512f,avx512bw,avx512vl,avx512_vnni,avx512_bf16,amx_bf16,amx_int8,amx_tile,fma",True,True,,256,128,sh14l07002s1404,3.11.9,2.1.2+cu121
20260424_010536,2026-04-24T06:14:13.962925,cpu,full_mlp_capacity_search_hd256_depth4,/home/liangyi/SRS_AI/Model_AIIC_refactor/experiments_refactored/20260422_050408_full_mlp_capacity_search_v2/full_mlp_capacity_search_hd256_depth4,full_mlp_capacity_search_v2,full_mlp_capacity_search_hd256_depth4,supervised_nmse_plateau,full_mlp,12,6,compile,bf16,bfloat16,16,8,ok,,504.449224,20,50,0.113897,0.004044503999256274,0.107604,0.11295849999999999,0.1185011,0.12101044999999998,0.12668371,0.127723,140477.80011765016,140.47780011765016,112.95849999999999,7.059906249999999,17559.72501470627,109200,108544,217816,sub-physical,0.0625,0.03125,Intel(R) Xeon(R) 6760P,AVX512,"avx2,avx512f,avx512bw,avx512vl,avx512_vnni,avx512_bf16,amx_bf16,amx_int8,amx_tile,fma",True,True,,256,128,sh14l07002s1404,3.11.9,2.1.2+cu121
20260424_010536,2026-04-24T06:14:13.962925,cpu,full_mlp_capacity_search_hd256_depth4,/home/liangyi/SRS_AI/Model_AIIC_refactor/experiments_refactored/20260422_050408_full_mlp_capacity_search_v2/full_mlp_capacity_search_hd256_depth4,full_mlp_capacity_search_v2,full_mlp_capacity_search_hd256_depth4,supervised_nmse_plateau,full_mlp,12,6,compile,bf16,bfloat16,16,128,ok,,560.833226,20,50,0.35361588,0.01814468171408912,0.324698,0.348716,0.37681960000000003,0.38451014999999994,0.39010601,0.390278,45246.83676536246,45.24683676536246,348.716,21.79475,353.4909122293942,109200,108544,217816,all-physical,1.0,0.5,Intel(R) Xeon(R) 6760P,AVX512,"avx2,avx512f,avx512bw,avx512vl,avx512_vnni,avx512_bf16,amx_bf16,amx_int8,amx_tile,fma",True,True,,256,128,sh14l07002s1404,3.11.9,2.1.2+cu121
20260424_010536,2026-04-24T06:14:13.962925,cpu,full_mlp_capacity_search_hd256_depth4,/home/liangyi/SRS_AI/Model_AIIC_refactor/experiments_refactored/20260422_050408_full_mlp_capacity_search_v2/full_mlp_capacity_search_hd256_depth4,full_mlp_capacity_search_v2,full_mlp_capacity_search_hd256_depth4,supervised_nmse_plateau,full_mlp,12,6,compile,bf16,bfloat16,32,1,ok,,493.553188,20,50,0.10123308,0.003455098046886658,0.096316,0.1004305,0.1046512,0.10709105,0.11254112,0.114605,316102.2069070703,316.1022069070703,100.43050000000001,3.1384531250000003,316102.2069070703,109200,108544,217816,single-thread,0.0078125,0.00390625,Intel(R) Xeon(R) 6760P,AVX512,"avx2,avx512f,avx512bw,avx512vl,avx512_vnni,avx512_bf16,amx_bf16,amx_int8,amx_tile,fma",True,True,,256,128,sh14l07002s1404,3.11.9,2.1.2+cu121
20260424_010536,2026-04-24T06:14:13.962925,cpu,full_mlp_capacity_search_hd256_depth4,/home/liangyi/SRS_AI/Model_AIIC_refactor/experiments_refactored/20260422_050408_full_mlp_capacity_search_v2/full_mlp_capacity_search_hd256_depth4,full_mlp_capacity_search_v2,full_mlp_capacity_search_hd256_depth4,supervised_nmse_plateau,full_mlp,12,6,compile,bf16,bfloat16,32,2,ok,,507.15248,20,50,0.11121142,0.004928165281684454,0.105728,0.109115,0.11908830000000001,0.12023305,0.12498651,0.127927,287740.2338716653,287.74023387166534,109.11500000000001,3.4098437500000003,143870.11693583266,109200,108544,217816,sub-physical,0.015625,0.0078125,Intel(R) Xeon(R) 6760P,AVX512,"avx2,avx512f,avx512bw,avx512vl,avx512_vnni,avx512_bf16,amx_bf16,amx_int8,amx_tile,fma",True,True,,256,128,sh14l07002s1404,3.11.9,2.1.2+cu121
20260424_010536,2026-04-24T06:14:13.962925,cpu,full_mlp_capacity_search_hd256_depth4,/home/liangyi/SRS_AI/Model_AIIC_refactor/experiments_refactored/20260422_050408_full_mlp_capacity_search_v2/full_mlp_capacity_search_hd256_depth4,full_mlp_capacity_search_v2,full_mlp_capacity_search_hd256_depth4,supervised_nmse_plateau,full_mlp,12,6,compile,bf16,bfloat16,32,4,ok,,501.242806,20,50,0.1547057,0.008306776099667065,0.140487,0.15654800000000002,0.1650757,0.16648515,0.16957572999999998,0.171743,206844.35027280828,206.84435027280827,156.54800000000003,4.892125000000001,51711.08756820207,109200,108544,217816,sub-physical,0.03125,0.015625,Intel(R) Xeon(R) 6760P,AVX512,"avx2,avx512f,avx512bw,avx512vl,avx512_vnni,avx512_bf16,amx_bf16,amx_int8,amx_tile,fma",True,True,,256,128,sh14l07002s1404,3.11.9,2.1.2+cu121
20260424_010536,2026-04-24T06:14:13.962925,cpu,full_mlp_capacity_search_hd256_depth4,/home/liangyi/SRS_AI/Model_AIIC_refactor/experiments_refactored/20260422_050408_full_mlp_capacity_search_v2/full_mlp_capacity_search_hd256_depth4,full_mlp_capacity_search_v2,full_mlp_capacity_search_hd256_depth4,supervised_nmse_plateau,full_mlp,12,6,compile,bf16,bfloat16,32,8,ok,,510.04383,20,50,0.13506194,0.004850177800493505,0.127043,0.1343805,0.1418453,0.14405289999999998,0.14807657,0.14857,236928.3308088126,236.9283308088126,134.3805,4.199390625,29616.041351101576,109200,108544,217816,sub-physical,0.0625,0.03125,Intel(R) Xeon(R) 6760P,AVX512,"avx2,avx512f,avx512bw,avx512vl,avx512_vnni,avx512_bf16,amx_bf16,amx_int8,amx_tile,fma",True,True,,256,128,sh14l07002s1404,3.11.9,2.1.2+cu121
20260424_010536,2026-04-24T06:14:13.962925,cpu,full_mlp_capacity_search_hd256_depth4,/home/liangyi/SRS_AI/Model_AIIC_refactor/experiments_refactored/20260422_050408_full_mlp_capacity_search_v2/full_mlp_capacity_search_hd256_depth4,full_mlp_capacity_search_v2,full_mlp_capacity_search_hd256_depth4,supervised_nmse_plateau,full_mlp,12,6,compile,bf16,bfloat16,32,128,ok,,545.354722,20,50,0.42804828,0.02689039658170924,0.373,0.42835449999999997,0.45566229999999996,0.4648625,0.49683909999999987,0.525705,74757.9221670976,74.75792216709759,428.3545,13.386078125,584.04626693045,109200,108544,217816,all-physical,1.0,0.5,Intel(R) Xeon(R) 6760P,AVX512,"avx2,avx512f,avx512bw,avx512vl,avx512_vnni,avx512_bf16,amx_bf16,amx_int8,amx_tile,fma",True,True,,256,128,sh14l07002s1404,3.11.9,2.1.2+cu121
20260424_010536,2026-04-24T06:14:13.962925,cpu,full_mlp_capacity_search_hd256_depth4,/home/liangyi/SRS_AI/Model_AIIC_refactor/experiments_refactored/20260422_050408_full_mlp_capacity_search_v2/full_mlp_capacity_search_hd256_depth4,full_mlp_capacity_search_v2,full_mlp_capacity_search_hd256_depth4,supervised_nmse_plateau,full_mlp,12,6,compile,bf16,bfloat16,64,1,ok,,504.653677,20,50,0.1041838,0.0033455657100107893,0.099234,0.1030315,0.10767589999999999,0.11115549999999999,0.11476425999999999,0.11512,614298.9601070416,614.2989601070417,103.0315,1.6098671875,614298.9601070416,109200,108544,217816,single-thread,0.0078125,0.00390625,Intel(R) Xeon(R) 6760P,AVX512,"avx2,avx512f,avx512bw,avx512vl,avx512_vnni,avx512_bf16,amx_bf16,amx_int8,amx_tile,fma",True,True,,256,128,sh14l07002s1404,3.11.9,2.1.2+cu121
20260424_010536,2026-04-24T06:14:13.962925,cpu,full_mlp_capacity_search_hd256_depth4,/home/liangyi/SRS_AI/Model_AIIC_refactor/experiments_refactored/20260422_050408_full_mlp_capacity_search_v2/full_mlp_capacity_search_hd256_depth4,full_mlp_capacity_search_v2,full_mlp_capacity_search_hd256_depth4,supervised_nmse_plateau,full_mlp,12,6,compile,bf16,bfloat16,64,2,ok,,503.355616,20,50,0.17414836,0.015053461225591942,0.148364,0.18167850000000002,0.1906275,0.19220905,0.19849541999999998,0.200182,367502.74306344317,367.5027430634432,181.6785,2.8387265625,183751.37153172158,109200,108544,217816,sub-physical,0.015625,0.0078125,Intel(R) Xeon(R) 6760P,AVX512,"avx2,avx512f,avx512bw,avx512vl,avx512_vnni,avx512_bf16,amx_bf16,amx_int8,amx_tile,fma",True,True,,256,128,sh14l07002s1404,3.11.9,2.1.2+cu121
20260424_010536,2026-04-24T06:14:13.962925,cpu,full_mlp_capacity_search_hd256_depth4,/home/liangyi/SRS_AI/Model_AIIC_refactor/experiments_refactored/20260422_050408_full_mlp_capacity_search_v2/full_mlp_capacity_search_hd256_depth4,full_mlp_capacity_search_v2,full_mlp_capacity_search_hd256_depth4,supervised_nmse_plateau,full_mlp,12,6,compile,bf16,bfloat16,64,4,ok,,510.793211,20,50,0.16792166,0.013707786299195066,0.14799,0.1647135,0.18439360000000002,0.18900804999999998,0.19390577999999997,0.195512,381130.1055504096,381.1301055504096,164.7135,2.5736484375,95282.5263876024,109200,108544,217816,sub-physical,0.03125,0.015625,Intel(R) Xeon(R) 6760P,AVX512,"avx2,avx512f,avx512bw,avx512vl,avx512_vnni,avx512_bf16,amx_bf16,amx_int8,amx_tile,fma",True,True,,256,128,sh14l07002s1404,3.11.9,2.1.2+cu121
20260424_010536,2026-04-24T06:14:13.962925,cpu,full_mlp_capacity_search_hd256_depth4,/home/liangyi/SRS_AI/Model_AIIC_refactor/experiments_refactored/20260422_050408_full_mlp_capacity_search_v2/full_mlp_capacity_search_hd256_depth4,full_mlp_capacity_search_v2,full_mlp_capacity_search_hd256_depth4,supervised_nmse_plateau,full_mlp,12,6,compile,bf16,bfloat16,64,8,ok,,519.4295,20,50,0.15304338,0.011259727577326194,0.133633,0.1568295,0.1673056,0.1692566,0.17428406,0.177766,418182.0866737261,418.1820866737261,156.82950000000002,2.4504609375000004,52272.76083421576,109200,108544,217816,sub-physical,0.0625,0.03125,Intel(R) Xeon(R) 6760P,AVX512,"avx2,avx512f,avx512bw,avx512vl,avx512_vnni,avx512_bf16,amx_bf16,amx_int8,amx_tile,fma",True,True,,256,128,sh14l07002s1404,3.11.9,2.1.2+cu121
20260424_010536,2026-04-24T06:14:13.962925,cpu,full_mlp_capacity_search_hd256_depth4,/home/liangyi/SRS_AI/Model_AIIC_refactor/experiments_refactored/20260422_050408_full_mlp_capacity_search_v2/full_mlp_capacity_search_hd256_depth4,full_mlp_capacity_search_v2,full_mlp_capacity_search_hd256_depth4,supervised_nmse_plateau,full_mlp,12,6,compile,bf16,bfloat16,64,128,ok,,611.795196,20,50,0.41564854,0.026718604129115725,0.373348,0.415195,0.44055089999999997,0.44695855,0.4990168799999999,0.525814,153976.2415621621,153.9762415621621,415.195,6.487421875,1202.9393872043913,109200,108544,217816,all-physical,1.0,0.5,Intel(R) Xeon(R) 6760P,AVX512,"avx2,avx512f,avx512bw,avx512vl,avx512_vnni,avx512_bf16,amx_bf16,amx_int8,amx_tile,fma",True,True,,256,128,sh14l07002s1404,3.11.9,2.1.2+cu121
20260424_010536,2026-04-24T06:14:13.962925,cpu,full_mlp_capacity_search_hd256_depth4,/home/liangyi/SRS_AI/Model_AIIC_refactor/experiments_refactored/20260422_050408_full_mlp_capacity_search_v2/full_mlp_capacity_search_hd256_depth4,full_mlp_capacity_search_v2,full_mlp_capacity_search_hd256_depth4,supervised_nmse_plateau,full_mlp,12,6,compile,bf16,bfloat16,128,1,ok,,502.216516,20,50,0.1230197,0.004056952754223297,0.11805,0.1223205,0.1261548,0.12772245,0.13794071999999996,0.144836,1040483.7599181269,1040.483759918127,122.3205,0.95562890625,1040483.7599181269,109200,108544,217816,single-thread,0.0078125,0.00390625,Intel(R) Xeon(R) 6760P,AVX512,"avx2,avx512f,avx512bw,avx512vl,avx512_vnni,avx512_bf16,amx_bf16,amx_int8,amx_tile,fma",True,True,,256,128,sh14l07002s1404,3.11.9,2.1.2+cu121
20260424_010536,2026-04-24T06:14:13.962925,cpu,full_mlp_capacity_search_hd256_depth4,/home/liangyi/SRS_AI/Model_AIIC_refactor/experiments_refactored/20260422_050408_full_mlp_capacity_search_v2/full_mlp_capacity_search_hd256_depth4,full_mlp_capacity_search_v2,full_mlp_capacity_search_hd256_depth4,supervised_nmse_plateau,full_mlp,12,6,compile,bf16,bfloat16,128,2,ok,,506.149792,20,50,0.21487722,0.017677295110157552,0.191855,0.2132715,0.2473932,0.25172905,0.25413465,0.254485,595689.0171978212,595.6890171978212,213.2715,1.66618359375,297844.5085989106,109200,108544,217816,sub-physical,0.015625,0.0078125,Intel(R) Xeon(R) 6760P,AVX512,"avx2,avx512f,avx512bw,avx512vl,avx512_vnni,avx512_bf16,amx_bf16,amx_int8,amx_tile,fma",True,True,,256,128,sh14l07002s1404,3.11.9,2.1.2+cu121
20260424_010536,2026-04-24T06:14:13.962925,cpu,full_mlp_capacity_search_hd256_depth4,/home/liangyi/SRS_AI/Model_AIIC_refactor/experiments_refactored/20260422_050408_full_mlp_capacity_search_v2/full_mlp_capacity_search_hd256_depth4,full_mlp_capacity_search_v2,full_mlp_capacity_search_hd256_depth4,supervised_nmse_plateau,full_mlp,12,6,compile,bf16,bfloat16,128,4,ok,,503.017464,20,50,0.22462234,0.013919637567997236,0.206113,0.220099,0.2487191,0.24988715,0.2526621,0.253206,569845.3680074742,569.8453680074742,220.099,1.7195234375,142461.34200186856,109200,108544,217816,sub-physical,0.03125,0.015625,Intel(R) Xeon(R) 6760P,AVX512,"avx2,avx512f,avx512bw,avx512vl,avx512_vnni,avx512_bf16,amx_bf16,amx_int8,amx_tile,fma",True,True,,256,128,sh14l07002s1404,3.11.9,2.1.2+cu121
20260424_010536,2026-04-24T06:14:13.962925,cpu,full_mlp_capacity_search_hd256_depth4,/home/liangyi/SRS_AI/Model_AIIC_refactor/experiments_refactored/20260422_050408_full_mlp_capacity_search_v2/full_mlp_capacity_search_hd256_depth4,full_mlp_capacity_search_v2,full_mlp_capacity_search_hd256_depth4,supervised_nmse_plateau,full_mlp,12,6,compile,bf16,bfloat16,128,8,ok,,511.339785,20,50,0.17471174,0.01732163963695123,0.146961,0.167883,0.19844450000000002,0.20644025,0.21380821,0.214823,732635.3684074121,732.6353684074121,167.883,1.3115859375,91579.42105092651,109200,108544,217816,sub-physical,0.0625,0.03125,Intel(R) Xeon(R) 6760P,AVX512,"avx2,avx512f,avx512bw,avx512vl,avx512_vnni,avx512_bf16,amx_bf16,amx_int8,amx_tile,fma",True,True,,256,128,sh14l07002s1404,3.11.9,2.1.2+cu121
20260424_010536,2026-04-24T06:14:13.962925,cpu,full_mlp_capacity_search_hd256_depth4,/home/liangyi/SRS_AI/Model_AIIC_refactor/experiments_refactored/20260422_050408_full_mlp_capacity_search_v2/full_mlp_capacity_search_hd256_depth4,full_mlp_capacity_search_v2,full_mlp_capacity_search_hd256_depth4,supervised_nmse_plateau,full_mlp,12,6,compile,bf16,bfloat16,128,128,ok,,683.606972,20,50,0.57756308,0.09069346249137036,0.527658,0.5585225,0.5986154,0.6217176999999999,0.927532649999999,1.181801,221620.8141282161,221.6208141282161,558.5225,4.36345703125,1731.4126103766882,109200,108544,217816,all-physical,1.0,0.5,Intel(R) Xeon(R) 6760P,AVX512,"avx2,avx512f,avx512bw,avx512vl,avx512_vnni,avx512_bf16,amx_bf16,amx_int8,amx_tile,fma",True,True,,256,128,sh14l07002s1404,3.11.9,2.1.2+cu121
