benchmark_id,timestamp,device,runtime_backend,run_name,run_dir,experiment_name,model_label,training_label,model_type,seq_len,num_ports,execution_mode,requested_precision_profile,effective_execution_dtype,batch_size,num_threads,status,skip_reason,graph_prep_time_ms,warmup_iters,measure_iters,mean_latency_ms,std_latency_ms,min_latency_ms,p50_latency_ms,p90_latency_ms,p95_latency_ms,p99_latency_ms,max_latency_ms,throughput_samples_per_sec,samples_per_ms,p50_latency_us,latency_per_sample_us,throughput_per_thread,trainable_parameters,macs_per_sample,flops_per_sample_estimate,thread_group,threads_per_physical_core_ratio,threads_per_logical_cpu_ratio,cpu_model_name,cpu_capability,cpu_flag_summary,mkldnn_available,mkldnn_enabled,onednn_version,onnxruntime_version,onnxruntime_providers,openvino_version,openvino_device,logical_cpu_count,physical_cpu_count,hostname,python_version,pytorch_version
20260428_134843,2026-04-28T19:13:48.474089,cpu,pytorch,separator1_grid_search_6ports_learned_dense_hd16_depth3_stages1_share1,/home/liangyi/SRS_AI/Model_AIIC_refactor/experiments_refactored/20260428_054018_default_6port_separator1_learned_dense_v2/separator1_grid_search_6ports_learned_dense_hd16_depth3_stages1_share1,default_6port_separator1_learned_dense_v2,separator1_grid_search_6ports_learned_dense_hd16_depth3_stages1_share1,supervised_nmse_plateau,separator1,12,6,eager,fp32,float32,1,1,ok,,0.0,20,50,0.29150664,0.012074415556473114,0.28333,0.287979,0.2984992,0.30340115,0.34575743999999997,0.349601,3430.453591039985,3.430453591039985,287.979,287.979,3430.453591039985,10656,9984,20856,single-thread,0.0078125,0.00390625,Intel(R) Xeon(R) 6760P,AVX512,"avx2,avx512f,avx512bw,avx512vl,avx512_vnni,avx512_bf16,amx_bf16,amx_int8,amx_tile,fma",True,True,,,,,,256,128,sh14l07002s1404,3.11.9,2.1.2+cu121
20260428_134843,2026-04-28T19:13:48.474089,cpu,pytorch,separator1_grid_search_6ports_learned_dense_hd16_depth3_stages1_share1,/home/liangyi/SRS_AI/Model_AIIC_refactor/experiments_refactored/20260428_054018_default_6port_separator1_learned_dense_v2/separator1_grid_search_6ports_learned_dense_hd16_depth3_stages1_share1,default_6port_separator1_learned_dense_v2,separator1_grid_search_6ports_learned_dense_hd16_depth3_stages1_share1,supervised_nmse_plateau,separator1,12,6,eager,fp32,float32,1,2,ok,,0.0,20,50,0.28595233999999997,0.019788651289676114,0.273648,0.2773555,0.3235918,0.33741485,0.34524467,0.348487,3497.086262696784,3.4970862626967842,277.35549999999995,277.35549999999995,1748.543131348392,10656,9984,20856,sub-physical,0.015625,0.0078125,Intel(R) Xeon(R) 6760P,AVX512,"avx2,avx512f,avx512bw,avx512vl,avx512_vnni,avx512_bf16,amx_bf16,amx_int8,amx_tile,fma",True,True,,,,,,256,128,sh14l07002s1404,3.11.9,2.1.2+cu121
20260428_134843,2026-04-28T19:13:48.474089,cpu,pytorch,separator1_grid_search_6ports_learned_dense_hd16_depth3_stages1_share1,/home/liangyi/SRS_AI/Model_AIIC_refactor/experiments_refactored/20260428_054018_default_6port_separator1_learned_dense_v2/separator1_grid_search_6ports_learned_dense_hd16_depth3_stages1_share1,default_6port_separator1_learned_dense_v2,separator1_grid_search_6ports_learned_dense_hd16_depth3_stages1_share1,supervised_nmse_plateau,separator1,12,6,eager,fp32,float32,1,4,ok,,0.0,20,50,0.28528584,0.013038762650435817,0.276779,0.28127599999999997,0.29291520000000004,0.31571384999999996,0.3375051,0.342655,3505.2563422005096,3.5052563422005094,281.27599999999995,281.27599999999995,876.3140855501274,10656,9984,20856,sub-physical,0.03125,0.015625,Intel(R) Xeon(R) 6760P,AVX512,"avx2,avx512f,avx512bw,avx512vl,avx512_vnni,avx512_bf16,amx_bf16,amx_int8,amx_tile,fma",True,True,,,,,,256,128,sh14l07002s1404,3.11.9,2.1.2+cu121
20260428_134843,2026-04-28T19:13:48.474089,cpu,pytorch,separator1_grid_search_6ports_learned_dense_hd16_depth3_stages1_share1,/home/liangyi/SRS_AI/Model_AIIC_refactor/experiments_refactored/20260428_054018_default_6port_separator1_learned_dense_v2/separator1_grid_search_6ports_learned_dense_hd16_depth3_stages1_share1,default_6port_separator1_learned_dense_v2,separator1_grid_search_6ports_learned_dense_hd16_depth3_stages1_share1,supervised_nmse_plateau,separator1,12,6,eager,fp32,float32,1,8,ok,,0.0,20,50,0.28361942,0.004061388083352781,0.277203,0.2825765,0.2882298,0.2895006,0.29800735,0.29849,3525.8516500738915,3.5258516500738915,282.5765,282.5765,440.73145625923644,10656,9984,20856,sub-physical,0.0625,0.03125,Intel(R) Xeon(R) 6760P,AVX512,"avx2,avx512f,avx512bw,avx512vl,avx512_vnni,avx512_bf16,amx_bf16,amx_int8,amx_tile,fma",True,True,,,,,,256,128,sh14l07002s1404,3.11.9,2.1.2+cu121
20260428_134843,2026-04-28T19:13:48.474089,cpu,pytorch,separator1_grid_search_6ports_learned_dense_hd16_depth3_stages1_share1,/home/liangyi/SRS_AI/Model_AIIC_refactor/experiments_refactored/20260428_054018_default_6port_separator1_learned_dense_v2/separator1_grid_search_6ports_learned_dense_hd16_depth3_stages1_share1,default_6port_separator1_learned_dense_v2,separator1_grid_search_6ports_learned_dense_hd16_depth3_stages1_share1,supervised_nmse_plateau,separator1,12,6,eager,fp32,float32,2,1,ok,,0.0,20,50,0.29867838,0.004168526693641296,0.293367,0.297569,0.3034339,0.307885,0.31048327000000003,0.310717,6696.165956169977,6.696165956169977,297.56899999999996,148.78449999999998,6696.165956169977,10656,9984,20856,single-thread,0.0078125,0.00390625,Intel(R) Xeon(R) 6760P,AVX512,"avx2,avx512f,avx512bw,avx512vl,avx512_vnni,avx512_bf16,amx_bf16,amx_int8,amx_tile,fma",True,True,,,,,,256,128,sh14l07002s1404,3.11.9,2.1.2+cu121
20260428_134843,2026-04-28T19:13:48.474089,cpu,pytorch,separator1_grid_search_6ports_learned_dense_hd16_depth3_stages1_share1,/home/liangyi/SRS_AI/Model_AIIC_refactor/experiments_refactored/20260428_054018_default_6port_separator1_learned_dense_v2/separator1_grid_search_6ports_learned_dense_hd16_depth3_stages1_share1,default_6port_separator1_learned_dense_v2,separator1_grid_search_6ports_learned_dense_hd16_depth3_stages1_share1,supervised_nmse_plateau,separator1,12,6,eager,fp32,float32,2,2,ok,,0.0,20,50,0.30539824,0.013793389953974326,0.29356,0.2999195,0.32615279999999996,0.3429116,0.34871131,0.350025,6548.826214584603,6.548826214584603,299.9195,149.95975,3274.4131072923014,10656,9984,20856,sub-physical,0.015625,0.0078125,Intel(R) Xeon(R) 6760P,AVX512,"avx2,avx512f,avx512bw,avx512vl,avx512_vnni,avx512_bf16,amx_bf16,amx_int8,amx_tile,fma",True,True,,,,,,256,128,sh14l07002s1404,3.11.9,2.1.2+cu121
20260428_134843,2026-04-28T19:13:48.474089,cpu,pytorch,separator1_grid_search_6ports_learned_dense_hd16_depth3_stages1_share1,/home/liangyi/SRS_AI/Model_AIIC_refactor/experiments_refactored/20260428_054018_default_6port_separator1_learned_dense_v2/separator1_grid_search_6ports_learned_dense_hd16_depth3_stages1_share1,default_6port_separator1_learned_dense_v2,separator1_grid_search_6ports_learned_dense_hd16_depth3_stages1_share1,supervised_nmse_plateau,separator1,12,6,eager,fp32,float32,2,4,ok,,0.0,20,50,0.30221436,0.016477552012067808,0.292516,0.2970115,0.31619210000000003,0.33840539999999997,0.3679956099999999,0.379565,6617.819219444106,6.617819219444106,297.01149999999996,148.50574999999998,1654.4548048610266,10656,9984,20856,sub-physical,0.03125,0.015625,Intel(R) Xeon(R) 6760P,AVX512,"avx2,avx512f,avx512bw,avx512vl,avx512_vnni,avx512_bf16,amx_bf16,amx_int8,amx_tile,fma",True,True,,,,,,256,128,sh14l07002s1404,3.11.9,2.1.2+cu121
20260428_134843,2026-04-28T19:13:48.474089,cpu,pytorch,separator1_grid_search_6ports_learned_dense_hd16_depth3_stages1_share1,/home/liangyi/SRS_AI/Model_AIIC_refactor/experiments_refactored/20260428_054018_default_6port_separator1_learned_dense_v2/separator1_grid_search_6ports_learned_dense_hd16_depth3_stages1_share1,default_6port_separator1_learned_dense_v2,separator1_grid_search_6ports_learned_dense_hd16_depth3_stages1_share1,supervised_nmse_plateau,separator1,12,6,eager,fp32,float32,2,8,ok,,0.0,20,50,0.31146156,0.013505581144341774,0.301303,0.307018,0.33701800000000004,0.34623095000000004,0.35255012999999996,0.356207,6421.3381580699715,6.421338158069972,307.01800000000003,153.50900000000001,802.6672697587464,10656,9984,20856,sub-physical,0.0625,0.03125,Intel(R) Xeon(R) 6760P,AVX512,"avx2,avx512f,avx512bw,avx512vl,avx512_vnni,avx512_bf16,amx_bf16,amx_int8,amx_tile,fma",True,True,,,,,,256,128,sh14l07002s1404,3.11.9,2.1.2+cu121
20260428_134843,2026-04-28T19:13:48.474089,cpu,pytorch,separator1_grid_search_6ports_learned_dense_hd16_depth3_stages1_share1,/home/liangyi/SRS_AI/Model_AIIC_refactor/experiments_refactored/20260428_054018_default_6port_separator1_learned_dense_v2/separator1_grid_search_6ports_learned_dense_hd16_depth3_stages1_share1,default_6port_separator1_learned_dense_v2,separator1_grid_search_6ports_learned_dense_hd16_depth3_stages1_share1,supervised_nmse_plateau,separator1,12,6,eager,fp32,float32,4,1,ok,,0.0,20,50,0.31224187999999997,0.012788437608464919,0.30302,0.3086995,0.3184063,0.3404924999999999,0.36289831999999994,0.367814,12810.581335213586,12.810581335213586,308.6995,77.174875,12810.581335213586,10656,9984,20856,single-thread,0.0078125,0.00390625,Intel(R) Xeon(R) 6760P,AVX512,"avx2,avx512f,avx512bw,avx512vl,avx512_vnni,avx512_bf16,amx_bf16,amx_int8,amx_tile,fma",True,True,,,,,,256,128,sh14l07002s1404,3.11.9,2.1.2+cu121
20260428_134843,2026-04-28T19:13:48.474089,cpu,pytorch,separator1_grid_search_6ports_learned_dense_hd16_depth3_stages1_share1,/home/liangyi/SRS_AI/Model_AIIC_refactor/experiments_refactored/20260428_054018_default_6port_separator1_learned_dense_v2/separator1_grid_search_6ports_learned_dense_hd16_depth3_stages1_share1,default_6port_separator1_learned_dense_v2,separator1_grid_search_6ports_learned_dense_hd16_depth3_stages1_share1,supervised_nmse_plateau,separator1,12,6,eager,fp32,float32,4,2,ok,,0.0,20,50,0.30298952,0.012508311355638698,0.294607,0.29755,0.3135837,0.33149654999999995,0.34944989,0.354859,13201.776747921842,13.201776747921842,297.54999999999995,74.38749999999999,6600.888373960921,10656,9984,20856,sub-physical,0.015625,0.0078125,Intel(R) Xeon(R) 6760P,AVX512,"avx2,avx512f,avx512bw,avx512vl,avx512_vnni,avx512_bf16,amx_bf16,amx_int8,amx_tile,fma",True,True,,,,,,256,128,sh14l07002s1404,3.11.9,2.1.2+cu121
20260428_134843,2026-04-28T19:13:48.474089,cpu,pytorch,separator1_grid_search_6ports_learned_dense_hd16_depth3_stages1_share1,/home/liangyi/SRS_AI/Model_AIIC_refactor/experiments_refactored/20260428_054018_default_6port_separator1_learned_dense_v2/separator1_grid_search_6ports_learned_dense_hd16_depth3_stages1_share1,default_6port_separator1_learned_dense_v2,separator1_grid_search_6ports_learned_dense_hd16_depth3_stages1_share1,supervised_nmse_plateau,separator1,12,6,eager,fp32,float32,4,4,ok,,0.0,20,50,0.30665292,0.01390108702201378,0.297865,0.301703,0.31511279999999997,0.34984495,0.35321645,0.353753,13044.062975170757,13.044062975170757,301.703,75.42575,3261.015743792689,10656,9984,20856,sub-physical,0.03125,0.015625,Intel(R) Xeon(R) 6760P,AVX512,"avx2,avx512f,avx512bw,avx512vl,avx512_vnni,avx512_bf16,amx_bf16,amx_int8,amx_tile,fma",True,True,,,,,,256,128,sh14l07002s1404,3.11.9,2.1.2+cu121
20260428_134843,2026-04-28T19:13:48.474089,cpu,pytorch,separator1_grid_search_6ports_learned_dense_hd16_depth3_stages1_share1,/home/liangyi/SRS_AI/Model_AIIC_refactor/experiments_refactored/20260428_054018_default_6port_separator1_learned_dense_v2/separator1_grid_search_6ports_learned_dense_hd16_depth3_stages1_share1,default_6port_separator1_learned_dense_v2,separator1_grid_search_6ports_learned_dense_hd16_depth3_stages1_share1,supervised_nmse_plateau,separator1,12,6,eager,fp32,float32,4,8,ok,,0.0,20,50,0.30567064,0.015764341910476314,0.295388,0.2995835,0.3356325,0.34901214999999997,0.35212947,0.352667,13085.980387256035,13.085980387256035,299.5835,74.895875,1635.7475484070044,10656,9984,20856,sub-physical,0.0625,0.03125,Intel(R) Xeon(R) 6760P,AVX512,"avx2,avx512f,avx512bw,avx512vl,avx512_vnni,avx512_bf16,amx_bf16,amx_int8,amx_tile,fma",True,True,,,,,,256,128,sh14l07002s1404,3.11.9,2.1.2+cu121
20260428_134843,2026-04-28T19:13:48.474089,cpu,pytorch,separator1_grid_search_6ports_learned_dense_hd16_depth3_stages1_share1,/home/liangyi/SRS_AI/Model_AIIC_refactor/experiments_refactored/20260428_054018_default_6port_separator1_learned_dense_v2/separator1_grid_search_6ports_learned_dense_hd16_depth3_stages1_share1,default_6port_separator1_learned_dense_v2,separator1_grid_search_6ports_learned_dense_hd16_depth3_stages1_share1,supervised_nmse_plateau,separator1,12,6,eager,fp32,float32,8,1,ok,,0.0,20,50,0.31016714,0.009836830099193538,0.300943,0.308132,0.3137334,0.31998994999999997,0.35414798999999997,0.362992,25792.545270914256,25.792545270914257,308.132,38.5165,25792.545270914256,10656,9984,20856,single-thread,0.0078125,0.00390625,Intel(R) Xeon(R) 6760P,AVX512,"avx2,avx512f,avx512bw,avx512vl,avx512_vnni,avx512_bf16,amx_bf16,amx_int8,amx_tile,fma",True,True,,,,,,256,128,sh14l07002s1404,3.11.9,2.1.2+cu121
20260428_134843,2026-04-28T19:13:48.474089,cpu,pytorch,separator1_grid_search_6ports_learned_dense_hd16_depth3_stages1_share1,/home/liangyi/SRS_AI/Model_AIIC_refactor/experiments_refactored/20260428_054018_default_6port_separator1_learned_dense_v2/separator1_grid_search_6ports_learned_dense_hd16_depth3_stages1_share1,default_6port_separator1_learned_dense_v2,separator1_grid_search_6ports_learned_dense_hd16_depth3_stages1_share1,supervised_nmse_plateau,separator1,12,6,eager,fp32,float32,8,2,ok,,0.0,20,50,0.31201816,0.027360015311662378,0.296041,0.302292,0.3406651,0.34781365,0.4127873599999997,0.474153,25639.533288703456,25.639533288703458,302.29200000000003,37.786500000000004,12819.766644351728,10656,9984,20856,sub-physical,0.015625,0.0078125,Intel(R) Xeon(R) 6760P,AVX512,"avx2,avx512f,avx512bw,avx512vl,avx512_vnni,avx512_bf16,amx_bf16,amx_int8,amx_tile,fma",True,True,,,,,,256,128,sh14l07002s1404,3.11.9,2.1.2+cu121
20260428_134843,2026-04-28T19:13:48.474089,cpu,pytorch,separator1_grid_search_6ports_learned_dense_hd16_depth3_stages1_share1,/home/liangyi/SRS_AI/Model_AIIC_refactor/experiments_refactored/20260428_054018_default_6port_separator1_learned_dense_v2/separator1_grid_search_6ports_learned_dense_hd16_depth3_stages1_share1,default_6port_separator1_learned_dense_v2,separator1_grid_search_6ports_learned_dense_hd16_depth3_stages1_share1,supervised_nmse_plateau,separator1,12,6,eager,fp32,float32,8,4,ok,,0.0,20,50,0.29763168,0.0033082254121507564,0.293162,0.2969245,0.3016066,0.3034347,0.30778348,0.308248,26878.859132199905,26.878859132199906,296.92449999999997,37.115562499999996,6719.714783049976,10656,9984,20856,sub-physical,0.03125,0.015625,Intel(R) Xeon(R) 6760P,AVX512,"avx2,avx512f,avx512bw,avx512vl,avx512_vnni,avx512_bf16,amx_bf16,amx_int8,amx_tile,fma",True,True,,,,,,256,128,sh14l07002s1404,3.11.9,2.1.2+cu121
20260428_134843,2026-04-28T19:13:48.474089,cpu,pytorch,separator1_grid_search_6ports_learned_dense_hd16_depth3_stages1_share1,/home/liangyi/SRS_AI/Model_AIIC_refactor/experiments_refactored/20260428_054018_default_6port_separator1_learned_dense_v2/separator1_grid_search_6ports_learned_dense_hd16_depth3_stages1_share1,default_6port_separator1_learned_dense_v2,separator1_grid_search_6ports_learned_dense_hd16_depth3_stages1_share1,supervised_nmse_plateau,separator1,12,6,eager,fp32,float32,8,8,ok,,0.0,20,50,0.32478464,0.018332530570284073,0.309851,0.31605150000000004,0.3599353,0.36182855,0.36299248,0.363065,24631.706721106024,24.631706721106024,316.05150000000003,39.506437500000004,3078.963340138253,10656,9984,20856,sub-physical,0.0625,0.03125,Intel(R) Xeon(R) 6760P,AVX512,"avx2,avx512f,avx512bw,avx512vl,avx512_vnni,avx512_bf16,amx_bf16,amx_int8,amx_tile,fma",True,True,,,,,,256,128,sh14l07002s1404,3.11.9,2.1.2+cu121
20260428_134843,2026-04-28T19:13:48.474089,cpu,pytorch,separator1_grid_search_6ports_learned_dense_hd16_depth3_stages1_share1,/home/liangyi/SRS_AI/Model_AIIC_refactor/experiments_refactored/20260428_054018_default_6port_separator1_learned_dense_v2/separator1_grid_search_6ports_learned_dense_hd16_depth3_stages1_share1,default_6port_separator1_learned_dense_v2,separator1_grid_search_6ports_learned_dense_hd16_depth3_stages1_share1,supervised_nmse_plateau,separator1,12,6,eager,fp32,float32,16,1,ok,,0.0,20,50,0.30729392,0.0037484039154818947,0.301734,0.3061645,0.31157450000000003,0.31492349999999997,0.31866703,0.319575,52067.41480599421,52.06741480599421,306.16450000000003,19.135281250000002,52067.41480599421,10656,9984,20856,single-thread,0.0078125,0.00390625,Intel(R) Xeon(R) 6760P,AVX512,"avx2,avx512f,avx512bw,avx512vl,avx512_vnni,avx512_bf16,amx_bf16,amx_int8,amx_tile,fma",True,True,,,,,,256,128,sh14l07002s1404,3.11.9,2.1.2+cu121
20260428_134843,2026-04-28T19:13:48.474089,cpu,pytorch,separator1_grid_search_6ports_learned_dense_hd16_depth3_stages1_share1,/home/liangyi/SRS_AI/Model_AIIC_refactor/experiments_refactored/20260428_054018_default_6port_separator1_learned_dense_v2/separator1_grid_search_6ports_learned_dense_hd16_depth3_stages1_share1,default_6port_separator1_learned_dense_v2,separator1_grid_search_6ports_learned_dense_hd16_depth3_stages1_share1,supervised_nmse_plateau,separator1,12,6,eager,fp32,float32,16,2,ok,,0.0,20,50,0.30408332,0.004442192271570424,0.29916,0.30230900000000005,0.309739,0.31479285,0.31769183,0.318247,52617.15769217463,52.61715769217463,302.309,18.8943125,26308.578846087315,10656,9984,20856,sub-physical,0.015625,0.0078125,Intel(R) Xeon(R) 6760P,AVX512,"avx2,avx512f,avx512bw,avx512vl,avx512_vnni,avx512_bf16,amx_bf16,amx_int8,amx_tile,fma",True,True,,,,,,256,128,sh14l07002s1404,3.11.9,2.1.2+cu121
20260428_134843,2026-04-28T19:13:48.474089,cpu,pytorch,separator1_grid_search_6ports_learned_dense_hd16_depth3_stages1_share1,/home/liangyi/SRS_AI/Model_AIIC_refactor/experiments_refactored/20260428_054018_default_6port_separator1_learned_dense_v2/separator1_grid_search_6ports_learned_dense_hd16_depth3_stages1_share1,default_6port_separator1_learned_dense_v2,separator1_grid_search_6ports_learned_dense_hd16_depth3_stages1_share1,supervised_nmse_plateau,separator1,12,6,eager,fp32,float32,16,4,ok,,0.0,20,50,0.29894624,0.003305307420256095,0.293138,0.298193,0.30310980000000004,0.3040433,0.30850763,0.311307,53521.32878473401,53.52132878473401,298.193,18.6370625,13380.332196183503,10656,9984,20856,sub-physical,0.03125,0.015625,Intel(R) Xeon(R) 6760P,AVX512,"avx2,avx512f,avx512bw,avx512vl,avx512_vnni,avx512_bf16,amx_bf16,amx_int8,amx_tile,fma",True,True,,,,,,256,128,sh14l07002s1404,3.11.9,2.1.2+cu121
20260428_134843,2026-04-28T19:13:48.474089,cpu,pytorch,separator1_grid_search_6ports_learned_dense_hd16_depth3_stages1_share1,/home/liangyi/SRS_AI/Model_AIIC_refactor/experiments_refactored/20260428_054018_default_6port_separator1_learned_dense_v2/separator1_grid_search_6ports_learned_dense_hd16_depth3_stages1_share1,default_6port_separator1_learned_dense_v2,separator1_grid_search_6ports_learned_dense_hd16_depth3_stages1_share1,supervised_nmse_plateau,separator1,12,6,eager,fp32,float32,16,8,ok,,0.0,20,50,0.31687687999999997,0.014337989391319831,0.308077,0.3122165,0.32447430000000005,0.3590007,0.36196331000000004,0.362248,50492.79707626509,50.492797076265084,312.2165,19.51353125,6311.599634533136,10656,9984,20856,sub-physical,0.0625,0.03125,Intel(R) Xeon(R) 6760P,AVX512,"avx2,avx512f,avx512bw,avx512vl,avx512_vnni,avx512_bf16,amx_bf16,amx_int8,amx_tile,fma",True,True,,,,,,256,128,sh14l07002s1404,3.11.9,2.1.2+cu121
20260428_134843,2026-04-28T19:13:48.474089,cpu,pytorch,separator1_grid_search_6ports_learned_dense_hd16_depth3_stages1_share1,/home/liangyi/SRS_AI/Model_AIIC_refactor/experiments_refactored/20260428_054018_default_6port_separator1_learned_dense_v2/separator1_grid_search_6ports_learned_dense_hd16_depth3_stages1_share1,default_6port_separator1_learned_dense_v2,separator1_grid_search_6ports_learned_dense_hd16_depth3_stages1_share1,supervised_nmse_plateau,separator1,12,6,eager,fp32,float32,32,1,ok,,0.0,20,50,0.31821126,0.012903446540843262,0.308282,0.313898,0.3269356,0.3424753,0.37078817,0.37626,100562.12341448886,100.56212341448885,313.898,9.8093125,100562.12341448886,10656,9984,20856,single-thread,0.0078125,0.00390625,Intel(R) Xeon(R) 6760P,AVX512,"avx2,avx512f,avx512bw,avx512vl,avx512_vnni,avx512_bf16,amx_bf16,amx_int8,amx_tile,fma",True,True,,,,,,256,128,sh14l07002s1404,3.11.9,2.1.2+cu121
20260428_134843,2026-04-28T19:13:48.474089,cpu,pytorch,separator1_grid_search_6ports_learned_dense_hd16_depth3_stages1_share1,/home/liangyi/SRS_AI/Model_AIIC_refactor/experiments_refactored/20260428_054018_default_6port_separator1_learned_dense_v2/separator1_grid_search_6ports_learned_dense_hd16_depth3_stages1_share1,default_6port_separator1_learned_dense_v2,separator1_grid_search_6ports_learned_dense_hd16_depth3_stages1_share1,supervised_nmse_plateau,separator1,12,6,eager,fp32,float32,32,2,ok,,0.0,20,50,0.32580212,0.005264401370108478,0.319799,0.3246035,0.3345076,0.3374578,0.33973642,0.339855,98219.12761034214,98.21912761034214,324.6035,10.143859375,49109.56380517107,10656,9984,20856,sub-physical,0.015625,0.0078125,Intel(R) Xeon(R) 6760P,AVX512,"avx2,avx512f,avx512bw,avx512vl,avx512_vnni,avx512_bf16,amx_bf16,amx_int8,amx_tile,fma",True,True,,,,,,256,128,sh14l07002s1404,3.11.9,2.1.2+cu121
20260428_134843,2026-04-28T19:13:48.474089,cpu,pytorch,separator1_grid_search_6ports_learned_dense_hd16_depth3_stages1_share1,/home/liangyi/SRS_AI/Model_AIIC_refactor/experiments_refactored/20260428_054018_default_6port_separator1_learned_dense_v2/separator1_grid_search_6ports_learned_dense_hd16_depth3_stages1_share1,default_6port_separator1_learned_dense_v2,separator1_grid_search_6ports_learned_dense_hd16_depth3_stages1_share1,supervised_nmse_plateau,separator1,12,6,eager,fp32,float32,32,4,ok,,0.0,20,50,0.33543014,0.013776789906229972,0.3237,0.3309255,0.3395668,0.37784035,0.38350511000000004,0.383682,95399.89459504146,95.39989459504146,330.9255,10.341421875,23849.973648760366,10656,9984,20856,sub-physical,0.03125,0.015625,Intel(R) Xeon(R) 6760P,AVX512,"avx2,avx512f,avx512bw,avx512vl,avx512_vnni,avx512_bf16,amx_bf16,amx_int8,amx_tile,fma",True,True,,,,,,256,128,sh14l07002s1404,3.11.9,2.1.2+cu121
20260428_134843,2026-04-28T19:13:48.474089,cpu,pytorch,separator1_grid_search_6ports_learned_dense_hd16_depth3_stages1_share1,/home/liangyi/SRS_AI/Model_AIIC_refactor/experiments_refactored/20260428_054018_default_6port_separator1_learned_dense_v2/separator1_grid_search_6ports_learned_dense_hd16_depth3_stages1_share1,default_6port_separator1_learned_dense_v2,separator1_grid_search_6ports_learned_dense_hd16_depth3_stages1_share1,supervised_nmse_plateau,separator1,12,6,eager,fp32,float32,32,8,ok,,0.0,20,50,0.33144184,0.012906877973173837,0.321793,0.32762749999999996,0.3371446,0.36478974999999997,0.38006038999999997,0.381329,96547.85889433876,96.54785889433876,327.62749999999994,10.238359374999998,12068.482361792345,10656,9984,20856,sub-physical,0.0625,0.03125,Intel(R) Xeon(R) 6760P,AVX512,"avx2,avx512f,avx512bw,avx512vl,avx512_vnni,avx512_bf16,amx_bf16,amx_int8,amx_tile,fma",True,True,,,,,,256,128,sh14l07002s1404,3.11.9,2.1.2+cu121
20260428_134843,2026-04-28T19:13:48.474089,cpu,pytorch,separator1_grid_search_6ports_learned_dense_hd16_depth3_stages1_share1,/home/liangyi/SRS_AI/Model_AIIC_refactor/experiments_refactored/20260428_054018_default_6port_separator1_learned_dense_v2/separator1_grid_search_6ports_learned_dense_hd16_depth3_stages1_share1,default_6port_separator1_learned_dense_v2,separator1_grid_search_6ports_learned_dense_hd16_depth3_stages1_share1,supervised_nmse_plateau,separator1,12,6,eager,fp32,float32,64,1,ok,,0.0,20,50,0.33776032,0.0054807929953246725,0.330569,0.33590549999999997,0.3464355,0.347435,0.35434051,0.359094,189483.4775144694,189.48347751446943,335.90549999999996,5.248523437499999,189483.4775144694,10656,9984,20856,single-thread,0.0078125,0.00390625,Intel(R) Xeon(R) 6760P,AVX512,"avx2,avx512f,avx512bw,avx512vl,avx512_vnni,avx512_bf16,amx_bf16,amx_int8,amx_tile,fma",True,True,,,,,,256,128,sh14l07002s1404,3.11.9,2.1.2+cu121
20260428_134843,2026-04-28T19:13:48.474089,cpu,pytorch,separator1_grid_search_6ports_learned_dense_hd16_depth3_stages1_share1,/home/liangyi/SRS_AI/Model_AIIC_refactor/experiments_refactored/20260428_054018_default_6port_separator1_learned_dense_v2/separator1_grid_search_6ports_learned_dense_hd16_depth3_stages1_share1,default_6port_separator1_learned_dense_v2,separator1_grid_search_6ports_learned_dense_hd16_depth3_stages1_share1,supervised_nmse_plateau,separator1,12,6,eager,fp32,float32,64,2,ok,,0.0,20,50,0.3461967,0.014262967265264267,0.335144,0.3421205,0.3528898,0.37770779999999987,0.40231754,0.405235,184866.00247778214,184.86600247778213,342.1205,5.3456328125,92433.00123889107,10656,9984,20856,sub-physical,0.015625,0.0078125,Intel(R) Xeon(R) 6760P,AVX512,"avx2,avx512f,avx512bw,avx512vl,avx512_vnni,avx512_bf16,amx_bf16,amx_int8,amx_tile,fma",True,True,,,,,,256,128,sh14l07002s1404,3.11.9,2.1.2+cu121
20260428_134843,2026-04-28T19:13:48.474089,cpu,pytorch,separator1_grid_search_6ports_learned_dense_hd16_depth3_stages1_share1,/home/liangyi/SRS_AI/Model_AIIC_refactor/experiments_refactored/20260428_054018_default_6port_separator1_learned_dense_v2/separator1_grid_search_6ports_learned_dense_hd16_depth3_stages1_share1,default_6port_separator1_learned_dense_v2,separator1_grid_search_6ports_learned_dense_hd16_depth3_stages1_share1,supervised_nmse_plateau,separator1,12,6,eager,fp32,float32,64,4,ok,,0.0,20,50,0.34680198,0.014377580488371471,0.335676,0.342843,0.3547045,0.3748906999999999,0.40525904,0.405555,184543.35237647718,184.54335237647717,342.843,5.356921875,46135.838094119295,10656,9984,20856,sub-physical,0.03125,0.015625,Intel(R) Xeon(R) 6760P,AVX512,"avx2,avx512f,avx512bw,avx512vl,avx512_vnni,avx512_bf16,amx_bf16,amx_int8,amx_tile,fma",True,True,,,,,,256,128,sh14l07002s1404,3.11.9,2.1.2+cu121
20260428_134843,2026-04-28T19:13:48.474089,cpu,pytorch,separator1_grid_search_6ports_learned_dense_hd16_depth3_stages1_share1,/home/liangyi/SRS_AI/Model_AIIC_refactor/experiments_refactored/20260428_054018_default_6port_separator1_learned_dense_v2/separator1_grid_search_6ports_learned_dense_hd16_depth3_stages1_share1,default_6port_separator1_learned_dense_v2,separator1_grid_search_6ports_learned_dense_hd16_depth3_stages1_share1,supervised_nmse_plateau,separator1,12,6,eager,fp32,float32,64,8,ok,,0.0,20,50,0.35048286,0.02312893677799306,0.331664,0.3394915,0.3955466,0.39695545000000004,0.39927068,0.39999,182605.22069467246,182.60522069467245,339.4915,5.3045546875,22825.652586834058,10656,9984,20856,sub-physical,0.0625,0.03125,Intel(R) Xeon(R) 6760P,AVX512,"avx2,avx512f,avx512bw,avx512vl,avx512_vnni,avx512_bf16,amx_bf16,amx_int8,amx_tile,fma",True,True,,,,,,256,128,sh14l07002s1404,3.11.9,2.1.2+cu121
20260428_134843,2026-04-28T19:13:48.474089,cpu,pytorch,separator1_grid_search_6ports_learned_dense_hd16_depth3_stages1_share1,/home/liangyi/SRS_AI/Model_AIIC_refactor/experiments_refactored/20260428_054018_default_6port_separator1_learned_dense_v2/separator1_grid_search_6ports_learned_dense_hd16_depth3_stages1_share1,default_6port_separator1_learned_dense_v2,separator1_grid_search_6ports_learned_dense_hd16_depth3_stages1_share1,supervised_nmse_plateau,separator1,12,6,eager,fp32,float32,128,1,ok,,0.0,20,50,0.39377214,0.019630641786767947,0.381642,0.387563,0.4009152,0.4486583499999999,0.46599433,0.466476,325061.08735879586,325.0610873587959,387.563,3.0278359375,325061.08735879586,10656,9984,20856,single-thread,0.0078125,0.00390625,Intel(R) Xeon(R) 6760P,AVX512,"avx2,avx512f,avx512bw,avx512vl,avx512_vnni,avx512_bf16,amx_bf16,amx_int8,amx_tile,fma",True,True,,,,,,256,128,sh14l07002s1404,3.11.9,2.1.2+cu121
20260428_134843,2026-04-28T19:13:48.474089,cpu,pytorch,separator1_grid_search_6ports_learned_dense_hd16_depth3_stages1_share1,/home/liangyi/SRS_AI/Model_AIIC_refactor/experiments_refactored/20260428_054018_default_6port_separator1_learned_dense_v2/separator1_grid_search_6ports_learned_dense_hd16_depth3_stages1_share1,default_6port_separator1_learned_dense_v2,separator1_grid_search_6ports_learned_dense_hd16_depth3_stages1_share1,supervised_nmse_plateau,separator1,12,6,eager,fp32,float32,128,2,ok,,0.0,20,50,0.38829274,0.01866013238625064,0.374544,0.3833565,0.3940638,0.4147357,0.47066207,0.477207,329648.1927527154,329.6481927527154,383.3565,2.99497265625,164824.0963763577,10656,9984,20856,sub-physical,0.015625,0.0078125,Intel(R) Xeon(R) 6760P,AVX512,"avx2,avx512f,avx512bw,avx512vl,avx512_vnni,avx512_bf16,amx_bf16,amx_int8,amx_tile,fma",True,True,,,,,,256,128,sh14l07002s1404,3.11.9,2.1.2+cu121
20260428_134843,2026-04-28T19:13:48.474089,cpu,pytorch,separator1_grid_search_6ports_learned_dense_hd16_depth3_stages1_share1,/home/liangyi/SRS_AI/Model_AIIC_refactor/experiments_refactored/20260428_054018_default_6port_separator1_learned_dense_v2/separator1_grid_search_6ports_learned_dense_hd16_depth3_stages1_share1,default_6port_separator1_learned_dense_v2,separator1_grid_search_6ports_learned_dense_hd16_depth3_stages1_share1,supervised_nmse_plateau,separator1,12,6,eager,fp32,float32,128,4,ok,,0.0,20,50,0.38871426,0.00452731561881873,0.382357,0.388264,0.39381590000000005,0.39586255000000004,0.40163917,0.405347,329290.72373110265,329.2907237311027,388.264,3.0333125,82322.68093277566,10656,9984,20856,sub-physical,0.03125,0.015625,Intel(R) Xeon(R) 6760P,AVX512,"avx2,avx512f,avx512bw,avx512vl,avx512_vnni,avx512_bf16,amx_bf16,amx_int8,amx_tile,fma",True,True,,,,,,256,128,sh14l07002s1404,3.11.9,2.1.2+cu121
20260428_134843,2026-04-28T19:13:48.474089,cpu,pytorch,separator1_grid_search_6ports_learned_dense_hd16_depth3_stages1_share1,/home/liangyi/SRS_AI/Model_AIIC_refactor/experiments_refactored/20260428_054018_default_6port_separator1_learned_dense_v2/separator1_grid_search_6ports_learned_dense_hd16_depth3_stages1_share1,default_6port_separator1_learned_dense_v2,separator1_grid_search_6ports_learned_dense_hd16_depth3_stages1_share1,supervised_nmse_plateau,separator1,12,6,eager,fp32,float32,128,8,ok,,0.0,20,50,0.39135202,0.020558017973034266,0.377854,0.3854015,0.40005440000000003,0.4432293499999999,0.47085334,0.4743,327071.2643823839,327.0712643823839,385.4015,3.01094921875,40883.90804779799,10656,9984,20856,sub-physical,0.0625,0.03125,Intel(R) Xeon(R) 6760P,AVX512,"avx2,avx512f,avx512bw,avx512vl,avx512_vnni,avx512_bf16,amx_bf16,amx_int8,amx_tile,fma",True,True,,,,,,256,128,sh14l07002s1404,3.11.9,2.1.2+cu121
20260428_134843,2026-04-28T19:13:48.474089,cpu,pytorch,separator1_grid_search_6ports_learned_dense_hd16_depth3_stages1_share1,/home/liangyi/SRS_AI/Model_AIIC_refactor/experiments_refactored/20260428_054018_default_6port_separator1_learned_dense_v2/separator1_grid_search_6ports_learned_dense_hd16_depth3_stages1_share1,default_6port_separator1_learned_dense_v2,separator1_grid_search_6ports_learned_dense_hd16_depth3_stages1_share1,supervised_nmse_plateau,separator1,12,6,eager,bf16,bfloat16,1,1,ok,,0.0,20,50,0.27527518,0.0033956679147996794,0.270207,0.27405100000000004,0.2808483,0.282367,0.28418261,0.284335,3632.728530047642,3.632728530047642,274.05100000000004,274.05100000000004,3632.728530047642,10656,9984,20856,single-thread,0.0078125,0.00390625,Intel(R) Xeon(R) 6760P,AVX512,"avx2,avx512f,avx512bw,avx512vl,avx512_vnni,avx512_bf16,amx_bf16,amx_int8,amx_tile,fma",True,True,,,,,,256,128,sh14l07002s1404,3.11.9,2.1.2+cu121
20260428_134843,2026-04-28T19:13:48.474089,cpu,pytorch,separator1_grid_search_6ports_learned_dense_hd16_depth3_stages1_share1,/home/liangyi/SRS_AI/Model_AIIC_refactor/experiments_refactored/20260428_054018_default_6port_separator1_learned_dense_v2/separator1_grid_search_6ports_learned_dense_hd16_depth3_stages1_share1,default_6port_separator1_learned_dense_v2,separator1_grid_search_6ports_learned_dense_hd16_depth3_stages1_share1,supervised_nmse_plateau,separator1,12,6,eager,bf16,bfloat16,1,2,ok,,0.0,20,50,0.2655091,0.004149143059717274,0.260307,0.2636895,0.2708805,0.27490775,0.27747142999999996,0.279379,3766.349251306264,3.7663492513062637,263.6895,263.6895,1883.174625653132,10656,9984,20856,sub-physical,0.015625,0.0078125,Intel(R) Xeon(R) 6760P,AVX512,"avx2,avx512f,avx512bw,avx512vl,avx512_vnni,avx512_bf16,amx_bf16,amx_int8,amx_tile,fma",True,True,,,,,,256,128,sh14l07002s1404,3.11.9,2.1.2+cu121
20260428_134843,2026-04-28T19:13:48.474089,cpu,pytorch,separator1_grid_search_6ports_learned_dense_hd16_depth3_stages1_share1,/home/liangyi/SRS_AI/Model_AIIC_refactor/experiments_refactored/20260428_054018_default_6port_separator1_learned_dense_v2/separator1_grid_search_6ports_learned_dense_hd16_depth3_stages1_share1,default_6port_separator1_learned_dense_v2,separator1_grid_search_6ports_learned_dense_hd16_depth3_stages1_share1,supervised_nmse_plateau,separator1,12,6,eager,bf16,bfloat16,1,4,ok,,0.0,20,50,0.27129426,0.004092264423567964,0.265952,0.2697025,0.2780907,0.2798914,0.28298766,0.284931,3686.0344925838094,3.6860344925838096,269.7025,269.7025,921.5086231459524,10656,9984,20856,sub-physical,0.03125,0.015625,Intel(R) Xeon(R) 6760P,AVX512,"avx2,avx512f,avx512bw,avx512vl,avx512_vnni,avx512_bf16,amx_bf16,amx_int8,amx_tile,fma",True,True,,,,,,256,128,sh14l07002s1404,3.11.9,2.1.2+cu121
20260428_134843,2026-04-28T19:13:48.474089,cpu,pytorch,separator1_grid_search_6ports_learned_dense_hd16_depth3_stages1_share1,/home/liangyi/SRS_AI/Model_AIIC_refactor/experiments_refactored/20260428_054018_default_6port_separator1_learned_dense_v2/separator1_grid_search_6ports_learned_dense_hd16_depth3_stages1_share1,default_6port_separator1_learned_dense_v2,separator1_grid_search_6ports_learned_dense_hd16_depth3_stages1_share1,supervised_nmse_plateau,separator1,12,6,eager,bf16,bfloat16,1,8,ok,,0.0,20,50,0.26567932,0.002483542924452893,0.262334,0.264972,0.2693142,0.2704619,0.2715097,0.271838,3763.9361618360062,3.763936161836006,264.972,264.972,470.4920202295008,10656,9984,20856,sub-physical,0.0625,0.03125,Intel(R) Xeon(R) 6760P,AVX512,"avx2,avx512f,avx512bw,avx512vl,avx512_vnni,avx512_bf16,amx_bf16,amx_int8,amx_tile,fma",True,True,,,,,,256,128,sh14l07002s1404,3.11.9,2.1.2+cu121
20260428_134843,2026-04-28T19:13:48.474089,cpu,pytorch,separator1_grid_search_6ports_learned_dense_hd16_depth3_stages1_share1,/home/liangyi/SRS_AI/Model_AIIC_refactor/experiments_refactored/20260428_054018_default_6port_separator1_learned_dense_v2/separator1_grid_search_6ports_learned_dense_hd16_depth3_stages1_share1,default_6port_separator1_learned_dense_v2,separator1_grid_search_6ports_learned_dense_hd16_depth3_stages1_share1,supervised_nmse_plateau,separator1,12,6,eager,bf16,bfloat16,2,1,ok,,0.0,20,50,0.27968687999999997,0.0023418258657722578,0.275812,0.279223,0.28237619999999997,0.2847869,0.2863496,0.286624,7150.853840551978,7.150853840551978,279.223,139.6115,7150.853840551978,10656,9984,20856,single-thread,0.0078125,0.00390625,Intel(R) Xeon(R) 6760P,AVX512,"avx2,avx512f,avx512bw,avx512vl,avx512_vnni,avx512_bf16,amx_bf16,amx_int8,amx_tile,fma",True,True,,,,,,256,128,sh14l07002s1404,3.11.9,2.1.2+cu121
20260428_134843,2026-04-28T19:13:48.474089,cpu,pytorch,separator1_grid_search_6ports_learned_dense_hd16_depth3_stages1_share1,/home/liangyi/SRS_AI/Model_AIIC_refactor/experiments_refactored/20260428_054018_default_6port_separator1_learned_dense_v2/separator1_grid_search_6ports_learned_dense_hd16_depth3_stages1_share1,default_6port_separator1_learned_dense_v2,separator1_grid_search_6ports_learned_dense_hd16_depth3_stages1_share1,supervised_nmse_plateau,separator1,12,6,eager,bf16,bfloat16,2,2,ok,,0.0,20,50,0.28559674,0.0046601886048098975,0.279427,0.284283,0.29145079999999995,0.29525865,0.29895369,0.300727,7002.881055294958,7.002881055294958,284.283,142.1415,3501.440527647479,10656,9984,20856,sub-physical,0.015625,0.0078125,Intel(R) Xeon(R) 6760P,AVX512,"avx2,avx512f,avx512bw,avx512vl,avx512_vnni,avx512_bf16,amx_bf16,amx_int8,amx_tile,fma",True,True,,,,,,256,128,sh14l07002s1404,3.11.9,2.1.2+cu121
20260428_134843,2026-04-28T19:13:48.474089,cpu,pytorch,separator1_grid_search_6ports_learned_dense_hd16_depth3_stages1_share1,/home/liangyi/SRS_AI/Model_AIIC_refactor/experiments_refactored/20260428_054018_default_6port_separator1_learned_dense_v2/separator1_grid_search_6ports_learned_dense_hd16_depth3_stages1_share1,default_6port_separator1_learned_dense_v2,separator1_grid_search_6ports_learned_dense_hd16_depth3_stages1_share1,supervised_nmse_plateau,separator1,12,6,eager,bf16,bfloat16,2,4,ok,,0.0,20,50,0.27464658,0.0034194384164069934,0.269529,0.2736955,0.2798867,0.2808153,0.28347524999999996,0.285423,7282.08594478038,7.28208594478038,273.6955,136.84775,1820.521486195095,10656,9984,20856,sub-physical,0.03125,0.015625,Intel(R) Xeon(R) 6760P,AVX512,"avx2,avx512f,avx512bw,avx512vl,avx512_vnni,avx512_bf16,amx_bf16,amx_int8,amx_tile,fma",True,True,,,,,,256,128,sh14l07002s1404,3.11.9,2.1.2+cu121
20260428_134843,2026-04-28T19:13:48.474089,cpu,pytorch,separator1_grid_search_6ports_learned_dense_hd16_depth3_stages1_share1,/home/liangyi/SRS_AI/Model_AIIC_refactor/experiments_refactored/20260428_054018_default_6port_separator1_learned_dense_v2/separator1_grid_search_6ports_learned_dense_hd16_depth3_stages1_share1,default_6port_separator1_learned_dense_v2,separator1_grid_search_6ports_learned_dense_hd16_depth3_stages1_share1,supervised_nmse_plateau,separator1,12,6,eager,bf16,bfloat16,2,8,ok,,0.0,20,50,0.2783602,0.0038302364992256043,0.272994,0.27732999999999997,0.2841614,0.286512,0.28779899000000003,0.288901,7184.935202661874,7.184935202661874,277.33,138.665,898.1169003327343,10656,9984,20856,sub-physical,0.0625,0.03125,Intel(R) Xeon(R) 6760P,AVX512,"avx2,avx512f,avx512bw,avx512vl,avx512_vnni,avx512_bf16,amx_bf16,amx_int8,amx_tile,fma",True,True,,,,,,256,128,sh14l07002s1404,3.11.9,2.1.2+cu121
20260428_134843,2026-04-28T19:13:48.474089,cpu,pytorch,separator1_grid_search_6ports_learned_dense_hd16_depth3_stages1_share1,/home/liangyi/SRS_AI/Model_AIIC_refactor/experiments_refactored/20260428_054018_default_6port_separator1_learned_dense_v2/separator1_grid_search_6ports_learned_dense_hd16_depth3_stages1_share1,default_6port_separator1_learned_dense_v2,separator1_grid_search_6ports_learned_dense_hd16_depth3_stages1_share1,supervised_nmse_plateau,separator1,12,6,eager,bf16,bfloat16,4,1,ok,,0.0,20,50,0.28893884,0.002608901649046967,0.28407,0.2885615,0.2920734,0.2933887,0.29587994,0.29671,13843.760153532838,13.843760153532838,288.5615,72.140375,13843.760153532838,10656,9984,20856,single-thread,0.0078125,0.00390625,Intel(R) Xeon(R) 6760P,AVX512,"avx2,avx512f,avx512bw,avx512vl,avx512_vnni,avx512_bf16,amx_bf16,amx_int8,amx_tile,fma",True,True,,,,,,256,128,sh14l07002s1404,3.11.9,2.1.2+cu121
20260428_134843,2026-04-28T19:13:48.474089,cpu,pytorch,separator1_grid_search_6ports_learned_dense_hd16_depth3_stages1_share1,/home/liangyi/SRS_AI/Model_AIIC_refactor/experiments_refactored/20260428_054018_default_6port_separator1_learned_dense_v2/separator1_grid_search_6ports_learned_dense_hd16_depth3_stages1_share1,default_6port_separator1_learned_dense_v2,separator1_grid_search_6ports_learned_dense_hd16_depth3_stages1_share1,supervised_nmse_plateau,separator1,12,6,eager,bf16,bfloat16,4,2,ok,,0.0,20,50,0.29055922,0.003917685118995657,0.285456,0.2894795,0.2961203,0.2994497,0.30190346,0.30271,13766.556779716024,13.766556779716025,289.4795,72.369875,6883.278389858012,10656,9984,20856,sub-physical,0.015625,0.0078125,Intel(R) Xeon(R) 6760P,AVX512,"avx2,avx512f,avx512bw,avx512vl,avx512_vnni,avx512_bf16,amx_bf16,amx_int8,amx_tile,fma",True,True,,,,,,256,128,sh14l07002s1404,3.11.9,2.1.2+cu121
20260428_134843,2026-04-28T19:13:48.474089,cpu,pytorch,separator1_grid_search_6ports_learned_dense_hd16_depth3_stages1_share1,/home/liangyi/SRS_AI/Model_AIIC_refactor/experiments_refactored/20260428_054018_default_6port_separator1_learned_dense_v2/separator1_grid_search_6ports_learned_dense_hd16_depth3_stages1_share1,default_6port_separator1_learned_dense_v2,separator1_grid_search_6ports_learned_dense_hd16_depth3_stages1_share1,supervised_nmse_plateau,separator1,12,6,eager,bf16,bfloat16,4,4,ok,,0.0,20,50,0.2911464,0.0046564502960946535,0.285885,0.2899465,0.2963235,0.29894535,0.30913050999999997,0.309768,13738.792579952902,13.738792579952902,289.9465,72.486625,3434.6981449882255,10656,9984,20856,sub-physical,0.03125,0.015625,Intel(R) Xeon(R) 6760P,AVX512,"avx2,avx512f,avx512bw,avx512vl,avx512_vnni,avx512_bf16,amx_bf16,amx_int8,amx_tile,fma",True,True,,,,,,256,128,sh14l07002s1404,3.11.9,2.1.2+cu121
20260428_134843,2026-04-28T19:13:48.474089,cpu,pytorch,separator1_grid_search_6ports_learned_dense_hd16_depth3_stages1_share1,/home/liangyi/SRS_AI/Model_AIIC_refactor/experiments_refactored/20260428_054018_default_6port_separator1_learned_dense_v2/separator1_grid_search_6ports_learned_dense_hd16_depth3_stages1_share1,default_6port_separator1_learned_dense_v2,separator1_grid_search_6ports_learned_dense_hd16_depth3_stages1_share1,supervised_nmse_plateau,separator1,12,6,eager,bf16,bfloat16,4,8,ok,,0.0,20,50,0.29728226,0.003474075933597307,0.292727,0.2964325,0.30062679999999997,0.3054293,0.3073703,0.307875,13455.22601987754,13.455226019877541,296.4325,74.108125,1681.9032524846925,10656,9984,20856,sub-physical,0.0625,0.03125,Intel(R) Xeon(R) 6760P,AVX512,"avx2,avx512f,avx512bw,avx512vl,avx512_vnni,avx512_bf16,amx_bf16,amx_int8,amx_tile,fma",True,True,,,,,,256,128,sh14l07002s1404,3.11.9,2.1.2+cu121
20260428_134843,2026-04-28T19:13:48.474089,cpu,pytorch,separator1_grid_search_6ports_learned_dense_hd16_depth3_stages1_share1,/home/liangyi/SRS_AI/Model_AIIC_refactor/experiments_refactored/20260428_054018_default_6port_separator1_learned_dense_v2/separator1_grid_search_6ports_learned_dense_hd16_depth3_stages1_share1,default_6port_separator1_learned_dense_v2,separator1_grid_search_6ports_learned_dense_hd16_depth3_stages1_share1,supervised_nmse_plateau,separator1,12,6,eager,bf16,bfloat16,8,1,ok,,0.0,20,50,0.31523984,0.0028683709478378155,0.311076,0.314546,0.3188926,0.32111035,0.32481599,0.326359,25377.503046569243,25.37750304656924,314.546,39.31825,25377.503046569243,10656,9984,20856,single-thread,0.0078125,0.00390625,Intel(R) Xeon(R) 6760P,AVX512,"avx2,avx512f,avx512bw,avx512vl,avx512_vnni,avx512_bf16,amx_bf16,amx_int8,amx_tile,fma",True,True,,,,,,256,128,sh14l07002s1404,3.11.9,2.1.2+cu121
20260428_134843,2026-04-28T19:13:48.474089,cpu,pytorch,separator1_grid_search_6ports_learned_dense_hd16_depth3_stages1_share1,/home/liangyi/SRS_AI/Model_AIIC_refactor/experiments_refactored/20260428_054018_default_6port_separator1_learned_dense_v2/separator1_grid_search_6ports_learned_dense_hd16_depth3_stages1_share1,default_6port_separator1_learned_dense_v2,separator1_grid_search_6ports_learned_dense_hd16_depth3_stages1_share1,supervised_nmse_plateau,separator1,12,6,eager,bf16,bfloat16,8,2,ok,,0.0,20,50,0.32235164,0.00303627166610631,0.317295,0.3218755,0.3265338,0.3271525,0.32949612,0.331609,24817.61842440138,24.817618424401378,321.8755,40.2344375,12408.80921220069,10656,9984,20856,sub-physical,0.015625,0.0078125,Intel(R) Xeon(R) 6760P,AVX512,"avx2,avx512f,avx512bw,avx512vl,avx512_vnni,avx512_bf16,amx_bf16,amx_int8,amx_tile,fma",True,True,,,,,,256,128,sh14l07002s1404,3.11.9,2.1.2+cu121
20260428_134843,2026-04-28T19:13:48.474089,cpu,pytorch,separator1_grid_search_6ports_learned_dense_hd16_depth3_stages1_share1,/home/liangyi/SRS_AI/Model_AIIC_refactor/experiments_refactored/20260428_054018_default_6port_separator1_learned_dense_v2/separator1_grid_search_6ports_learned_dense_hd16_depth3_stages1_share1,default_6port_separator1_learned_dense_v2,separator1_grid_search_6ports_learned_dense_hd16_depth3_stages1_share1,supervised_nmse_plateau,separator1,12,6,eager,bf16,bfloat16,8,4,ok,,0.0,20,50,0.32154206,0.002224942492829872,0.317383,0.3217545,0.3241502,0.325436,0.32646761,0.326571,24880.104332229508,24.880104332229507,321.7545,40.2193125,6220.026083057377,10656,9984,20856,sub-physical,0.03125,0.015625,Intel(R) Xeon(R) 6760P,AVX512,"avx2,avx512f,avx512bw,avx512vl,avx512_vnni,avx512_bf16,amx_bf16,amx_int8,amx_tile,fma",True,True,,,,,,256,128,sh14l07002s1404,3.11.9,2.1.2+cu121
20260428_134843,2026-04-28T19:13:48.474089,cpu,pytorch,separator1_grid_search_6ports_learned_dense_hd16_depth3_stages1_share1,/home/liangyi/SRS_AI/Model_AIIC_refactor/experiments_refactored/20260428_054018_default_6port_separator1_learned_dense_v2/separator1_grid_search_6ports_learned_dense_hd16_depth3_stages1_share1,default_6port_separator1_learned_dense_v2,separator1_grid_search_6ports_learned_dense_hd16_depth3_stages1_share1,supervised_nmse_plateau,separator1,12,6,eager,bf16,bfloat16,8,8,ok,,0.0,20,50,0.31344738,0.003031625596210721,0.308622,0.3128205,0.31768599999999997,0.31835925,0.32184640999999997,0.323606,25522.62520107841,25.52262520107841,312.8205,39.1025625,3190.328150134801,10656,9984,20856,sub-physical,0.0625,0.03125,Intel(R) Xeon(R) 6760P,AVX512,"avx2,avx512f,avx512bw,avx512vl,avx512_vnni,avx512_bf16,amx_bf16,amx_int8,amx_tile,fma",True,True,,,,,,256,128,sh14l07002s1404,3.11.9,2.1.2+cu121
20260428_134843,2026-04-28T19:13:48.474089,cpu,pytorch,separator1_grid_search_6ports_learned_dense_hd16_depth3_stages1_share1,/home/liangyi/SRS_AI/Model_AIIC_refactor/experiments_refactored/20260428_054018_default_6port_separator1_learned_dense_v2/separator1_grid_search_6ports_learned_dense_hd16_depth3_stages1_share1,default_6port_separator1_learned_dense_v2,separator1_grid_search_6ports_learned_dense_hd16_depth3_stages1_share1,supervised_nmse_plateau,separator1,12,6,eager,bf16,bfloat16,16,1,ok,,0.0,20,50,0.54172146,0.004436640198213059,0.53209,0.540652,0.5471354,0.55060475,0.5545445,0.55697,29535.473820808205,29.535473820808207,540.652,33.79075,29535.473820808205,10656,9984,20856,single-thread,0.0078125,0.00390625,Intel(R) Xeon(R) 6760P,AVX512,"avx2,avx512f,avx512bw,avx512vl,avx512_vnni,avx512_bf16,amx_bf16,amx_int8,amx_tile,fma",True,True,,,,,,256,128,sh14l07002s1404,3.11.9,2.1.2+cu121
20260428_134843,2026-04-28T19:13:48.474089,cpu,pytorch,separator1_grid_search_6ports_learned_dense_hd16_depth3_stages1_share1,/home/liangyi/SRS_AI/Model_AIIC_refactor/experiments_refactored/20260428_054018_default_6port_separator1_learned_dense_v2/separator1_grid_search_6ports_learned_dense_hd16_depth3_stages1_share1,default_6port_separator1_learned_dense_v2,separator1_grid_search_6ports_learned_dense_hd16_depth3_stages1_share1,supervised_nmse_plateau,separator1,12,6,eager,bf16,bfloat16,16,2,ok,,0.0,20,50,0.60131584,0.010553825873795719,0.58762,0.598191,0.6151932,0.6221070999999999,0.63497474,0.63751,26608.3128626713,26.6083128626713,598.191,37.3869375,13304.15643133565,10656,9984,20856,sub-physical,0.015625,0.0078125,Intel(R) Xeon(R) 6760P,AVX512,"avx2,avx512f,avx512bw,avx512vl,avx512_vnni,avx512_bf16,amx_bf16,amx_int8,amx_tile,fma",True,True,,,,,,256,128,sh14l07002s1404,3.11.9,2.1.2+cu121
20260428_134843,2026-04-28T19:13:48.474089,cpu,pytorch,separator1_grid_search_6ports_learned_dense_hd16_depth3_stages1_share1,/home/liangyi/SRS_AI/Model_AIIC_refactor/experiments_refactored/20260428_054018_default_6port_separator1_learned_dense_v2/separator1_grid_search_6ports_learned_dense_hd16_depth3_stages1_share1,default_6port_separator1_learned_dense_v2,separator1_grid_search_6ports_learned_dense_hd16_depth3_stages1_share1,supervised_nmse_plateau,separator1,12,6,eager,bf16,bfloat16,16,4,ok,,0.0,20,50,0.61910956,0.019213445659912225,0.600389,0.6121719999999999,0.6532542,0.65832515,0.68025969,0.684042,25843.567978501254,25.843567978501255,612.1719999999999,38.260749999999994,6460.891994625314,10656,9984,20856,sub-physical,0.03125,0.015625,Intel(R) Xeon(R) 6760P,AVX512,"avx2,avx512f,avx512bw,avx512vl,avx512_vnni,avx512_bf16,amx_bf16,amx_int8,amx_tile,fma",True,True,,,,,,256,128,sh14l07002s1404,3.11.9,2.1.2+cu121
20260428_134843,2026-04-28T19:13:48.474089,cpu,pytorch,separator1_grid_search_6ports_learned_dense_hd16_depth3_stages1_share1,/home/liangyi/SRS_AI/Model_AIIC_refactor/experiments_refactored/20260428_054018_default_6port_separator1_learned_dense_v2/separator1_grid_search_6ports_learned_dense_hd16_depth3_stages1_share1,default_6port_separator1_learned_dense_v2,separator1_grid_search_6ports_learned_dense_hd16_depth3_stages1_share1,supervised_nmse_plateau,separator1,12,6,eager,bf16,bfloat16,16,8,ok,,0.0,20,50,0.61962884,0.019296615028921528,0.596048,0.61443,0.6501239,0.66700275,0.67520746,0.680277,25821.909774244854,25.821909774244855,614.4300000000001,38.401875000000004,3227.7387217806067,10656,9984,20856,sub-physical,0.0625,0.03125,Intel(R) Xeon(R) 6760P,AVX512,"avx2,avx512f,avx512bw,avx512vl,avx512_vnni,avx512_bf16,amx_bf16,amx_int8,amx_tile,fma",True,True,,,,,,256,128,sh14l07002s1404,3.11.9,2.1.2+cu121
20260428_134843,2026-04-28T19:13:48.474089,cpu,pytorch,separator1_grid_search_6ports_learned_dense_hd16_depth3_stages1_share1,/home/liangyi/SRS_AI/Model_AIIC_refactor/experiments_refactored/20260428_054018_default_6port_separator1_learned_dense_v2/separator1_grid_search_6ports_learned_dense_hd16_depth3_stages1_share1,default_6port_separator1_learned_dense_v2,separator1_grid_search_6ports_learned_dense_hd16_depth3_stages1_share1,supervised_nmse_plateau,separator1,12,6,eager,bf16,bfloat16,32,1,ok,,0.0,20,50,0.85520076,0.01535444709725492,0.833376,0.850417,0.8781823,0.8813401,0.88924483,0.891172,37418.114548915975,37.41811454891597,850.417,26.57553125,37418.114548915975,10656,9984,20856,single-thread,0.0078125,0.00390625,Intel(R) Xeon(R) 6760P,AVX512,"avx2,avx512f,avx512bw,avx512vl,avx512_vnni,avx512_bf16,amx_bf16,amx_int8,amx_tile,fma",True,True,,,,,,256,128,sh14l07002s1404,3.11.9,2.1.2+cu121
20260428_134843,2026-04-28T19:13:48.474089,cpu,pytorch,separator1_grid_search_6ports_learned_dense_hd16_depth3_stages1_share1,/home/liangyi/SRS_AI/Model_AIIC_refactor/experiments_refactored/20260428_054018_default_6port_separator1_learned_dense_v2/separator1_grid_search_6ports_learned_dense_hd16_depth3_stages1_share1,default_6port_separator1_learned_dense_v2,separator1_grid_search_6ports_learned_dense_hd16_depth3_stages1_share1,supervised_nmse_plateau,separator1,12,6,eager,bf16,bfloat16,32,2,ok,,0.0,20,50,0.92693758,0.017021330503917718,0.89898,0.930388,0.9479141,0.9575777499999999,0.96212454,0.964013,34522.28142481827,34.52228142481827,930.388,29.074625,17261.140712409135,10656,9984,20856,sub-physical,0.015625,0.0078125,Intel(R) Xeon(R) 6760P,AVX512,"avx2,avx512f,avx512bw,avx512vl,avx512_vnni,avx512_bf16,amx_bf16,amx_int8,amx_tile,fma",True,True,,,,,,256,128,sh14l07002s1404,3.11.9,2.1.2+cu121
20260428_134843,2026-04-28T19:13:48.474089,cpu,pytorch,separator1_grid_search_6ports_learned_dense_hd16_depth3_stages1_share1,/home/liangyi/SRS_AI/Model_AIIC_refactor/experiments_refactored/20260428_054018_default_6port_separator1_learned_dense_v2/separator1_grid_search_6ports_learned_dense_hd16_depth3_stages1_share1,default_6port_separator1_learned_dense_v2,separator1_grid_search_6ports_learned_dense_hd16_depth3_stages1_share1,supervised_nmse_plateau,separator1,12,6,eager,bf16,bfloat16,32,4,ok,,0.0,20,50,0.97049814,0.011217702057034689,0.950543,0.9695705,0.9836053,0.9887045,0.9967553100000001,1.000911,32972.75768091632,32.972757680916324,969.5705,30.299078125,8243.18942022908,10656,9984,20856,sub-physical,0.03125,0.015625,Intel(R) Xeon(R) 6760P,AVX512,"avx2,avx512f,avx512bw,avx512vl,avx512_vnni,avx512_bf16,amx_bf16,amx_int8,amx_tile,fma",True,True,,,,,,256,128,sh14l07002s1404,3.11.9,2.1.2+cu121
20260428_134843,2026-04-28T19:13:48.474089,cpu,pytorch,separator1_grid_search_6ports_learned_dense_hd16_depth3_stages1_share1,/home/liangyi/SRS_AI/Model_AIIC_refactor/experiments_refactored/20260428_054018_default_6port_separator1_learned_dense_v2/separator1_grid_search_6ports_learned_dense_hd16_depth3_stages1_share1,default_6port_separator1_learned_dense_v2,separator1_grid_search_6ports_learned_dense_hd16_depth3_stages1_share1,supervised_nmse_plateau,separator1,12,6,eager,bf16,bfloat16,32,8,ok,,0.0,20,50,0.97053606,0.01558245465054849,0.935543,0.9681445,0.9883344000000001,1.00008445,1.0146252900000001,1.019368,32971.469395995446,32.97146939599545,968.1445,30.254515625,4121.433674499431,10656,9984,20856,sub-physical,0.0625,0.03125,Intel(R) Xeon(R) 6760P,AVX512,"avx2,avx512f,avx512bw,avx512vl,avx512_vnni,avx512_bf16,amx_bf16,amx_int8,amx_tile,fma",True,True,,,,,,256,128,sh14l07002s1404,3.11.9,2.1.2+cu121
20260428_134843,2026-04-28T19:13:48.474089,cpu,pytorch,separator1_grid_search_6ports_learned_dense_hd16_depth3_stages1_share1,/home/liangyi/SRS_AI/Model_AIIC_refactor/experiments_refactored/20260428_054018_default_6port_separator1_learned_dense_v2/separator1_grid_search_6ports_learned_dense_hd16_depth3_stages1_share1,default_6port_separator1_learned_dense_v2,separator1_grid_search_6ports_learned_dense_hd16_depth3_stages1_share1,supervised_nmse_plateau,separator1,12,6,eager,bf16,bfloat16,64,1,ok,,0.0,20,50,0.8529382,0.01417744807502394,0.832391,0.8469715,0.8734042,0.8778908,0.881652,0.882534,75034.7446040053,75.0347446040053,846.9715,13.2339296875,75034.7446040053,10656,9984,20856,single-thread,0.0078125,0.00390625,Intel(R) Xeon(R) 6760P,AVX512,"avx2,avx512f,avx512bw,avx512vl,avx512_vnni,avx512_bf16,amx_bf16,amx_int8,amx_tile,fma",True,True,,,,,,256,128,sh14l07002s1404,3.11.9,2.1.2+cu121
20260428_134843,2026-04-28T19:13:48.474089,cpu,pytorch,separator1_grid_search_6ports_learned_dense_hd16_depth3_stages1_share1,/home/liangyi/SRS_AI/Model_AIIC_refactor/experiments_refactored/20260428_054018_default_6port_separator1_learned_dense_v2/separator1_grid_search_6ports_learned_dense_hd16_depth3_stages1_share1,default_6port_separator1_learned_dense_v2,separator1_grid_search_6ports_learned_dense_hd16_depth3_stages1_share1,supervised_nmse_plateau,separator1,12,6,eager,bf16,bfloat16,64,2,ok,,0.0,20,50,0.984105,0.013136520026247439,0.96196,0.9846425,0.9996513,1.0047845,1.0170246200000002,1.022053,65033.71083370168,65.03371083370169,984.6424999999999,15.385039062499999,32516.85541685084,10656,9984,20856,sub-physical,0.015625,0.0078125,Intel(R) Xeon(R) 6760P,AVX512,"avx2,avx512f,avx512bw,avx512vl,avx512_vnni,avx512_bf16,amx_bf16,amx_int8,amx_tile,fma",True,True,,,,,,256,128,sh14l07002s1404,3.11.9,2.1.2+cu121
20260428_134843,2026-04-28T19:13:48.474089,cpu,pytorch,separator1_grid_search_6ports_learned_dense_hd16_depth3_stages1_share1,/home/liangyi/SRS_AI/Model_AIIC_refactor/experiments_refactored/20260428_054018_default_6port_separator1_learned_dense_v2/separator1_grid_search_6ports_learned_dense_hd16_depth3_stages1_share1,default_6port_separator1_learned_dense_v2,separator1_grid_search_6ports_learned_dense_hd16_depth3_stages1_share1,supervised_nmse_plateau,separator1,12,6,eager,bf16,bfloat16,64,4,ok,,0.0,20,50,1.00867272,0.010800846328024489,0.983222,1.010055,1.020752,1.02643235,1.0340921,1.034097,63449.71835859702,63.44971835859702,1010.055,15.782109375,15862.429589649255,10656,9984,20856,sub-physical,0.03125,0.015625,Intel(R) Xeon(R) 6760P,AVX512,"avx2,avx512f,avx512bw,avx512vl,avx512_vnni,avx512_bf16,amx_bf16,amx_int8,amx_tile,fma",True,True,,,,,,256,128,sh14l07002s1404,3.11.9,2.1.2+cu121
20260428_134843,2026-04-28T19:13:48.474089,cpu,pytorch,separator1_grid_search_6ports_learned_dense_hd16_depth3_stages1_share1,/home/liangyi/SRS_AI/Model_AIIC_refactor/experiments_refactored/20260428_054018_default_6port_separator1_learned_dense_v2/separator1_grid_search_6ports_learned_dense_hd16_depth3_stages1_share1,default_6port_separator1_learned_dense_v2,separator1_grid_search_6ports_learned_dense_hd16_depth3_stages1_share1,supervised_nmse_plateau,separator1,12,6,eager,bf16,bfloat16,64,8,ok,,0.0,20,50,1.06298166,0.012794449694472985,1.036408,1.0616415,1.0785502999999999,1.0844334500000001,1.09031001,1.09205,60208.00020199784,60.20800020199784,1061.6415,16.5881484375,7526.00002524973,10656,9984,20856,sub-physical,0.0625,0.03125,Intel(R) Xeon(R) 6760P,AVX512,"avx2,avx512f,avx512bw,avx512vl,avx512_vnni,avx512_bf16,amx_bf16,amx_int8,amx_tile,fma",True,True,,,,,,256,128,sh14l07002s1404,3.11.9,2.1.2+cu121
20260428_134843,2026-04-28T19:13:48.474089,cpu,pytorch,separator1_grid_search_6ports_learned_dense_hd16_depth3_stages1_share1,/home/liangyi/SRS_AI/Model_AIIC_refactor/experiments_refactored/20260428_054018_default_6port_separator1_learned_dense_v2/separator1_grid_search_6ports_learned_dense_hd16_depth3_stages1_share1,default_6port_separator1_learned_dense_v2,separator1_grid_search_6ports_learned_dense_hd16_depth3_stages1_share1,supervised_nmse_plateau,separator1,12,6,eager,bf16,bfloat16,128,1,ok,,0.0,20,50,0.95626172,0.016316127467067672,0.926105,0.949911,0.9805291,0.98226395,0.98726571,0.990363,133854.5686007383,133.8545686007383,949.911,7.4211796875,133854.5686007383,10656,9984,20856,single-thread,0.0078125,0.00390625,Intel(R) Xeon(R) 6760P,AVX512,"avx2,avx512f,avx512bw,avx512vl,avx512_vnni,avx512_bf16,amx_bf16,amx_int8,amx_tile,fma",True,True,,,,,,256,128,sh14l07002s1404,3.11.9,2.1.2+cu121
20260428_134843,2026-04-28T19:13:48.474089,cpu,pytorch,separator1_grid_search_6ports_learned_dense_hd16_depth3_stages1_share1,/home/liangyi/SRS_AI/Model_AIIC_refactor/experiments_refactored/20260428_054018_default_6port_separator1_learned_dense_v2/separator1_grid_search_6ports_learned_dense_hd16_depth3_stages1_share1,default_6port_separator1_learned_dense_v2,separator1_grid_search_6ports_learned_dense_hd16_depth3_stages1_share1,supervised_nmse_plateau,separator1,12,6,eager,bf16,bfloat16,128,2,ok,,0.0,20,50,1.0795662,0.017776666593037064,1.056715,1.0774825,1.0915173,1.09512865,1.14874363,1.159971,118566.14258579048,118.56614258579049,1077.4824999999998,8.417832031249999,59283.07129289524,10656,9984,20856,sub-physical,0.015625,0.0078125,Intel(R) Xeon(R) 6760P,AVX512,"avx2,avx512f,avx512bw,avx512vl,avx512_vnni,avx512_bf16,amx_bf16,amx_int8,amx_tile,fma",True,True,,,,,,256,128,sh14l07002s1404,3.11.9,2.1.2+cu121
20260428_134843,2026-04-28T19:13:48.474089,cpu,pytorch,separator1_grid_search_6ports_learned_dense_hd16_depth3_stages1_share1,/home/liangyi/SRS_AI/Model_AIIC_refactor/experiments_refactored/20260428_054018_default_6port_separator1_learned_dense_v2/separator1_grid_search_6ports_learned_dense_hd16_depth3_stages1_share1,default_6port_separator1_learned_dense_v2,separator1_grid_search_6ports_learned_dense_hd16_depth3_stages1_share1,supervised_nmse_plateau,separator1,12,6,eager,bf16,bfloat16,128,4,ok,,0.0,20,50,1.13682504,0.027874112671050173,1.109853,1.1332265000000001,1.1476921,1.154583,1.2444709599999997,1.31106,112594.28275788155,112.59428275788154,1133.2265000000002,8.853332031250002,28148.570689470387,10656,9984,20856,sub-physical,0.03125,0.015625,Intel(R) Xeon(R) 6760P,AVX512,"avx2,avx512f,avx512bw,avx512vl,avx512_vnni,avx512_bf16,amx_bf16,amx_int8,amx_tile,fma",True,True,,,,,,256,128,sh14l07002s1404,3.11.9,2.1.2+cu121
20260428_134843,2026-04-28T19:13:48.474089,cpu,pytorch,separator1_grid_search_6ports_learned_dense_hd16_depth3_stages1_share1,/home/liangyi/SRS_AI/Model_AIIC_refactor/experiments_refactored/20260428_054018_default_6port_separator1_learned_dense_v2/separator1_grid_search_6ports_learned_dense_hd16_depth3_stages1_share1,default_6port_separator1_learned_dense_v2,separator1_grid_search_6ports_learned_dense_hd16_depth3_stages1_share1,supervised_nmse_plateau,separator1,12,6,eager,bf16,bfloat16,128,8,ok,,0.0,20,50,1.20024836,0.014046179201135083,1.172339,1.1976005,1.2157159,1.2236652,1.24076518,1.255768,106644.59479036489,106.64459479036489,1197.6005,9.35625390625,13330.574348795612,10656,9984,20856,sub-physical,0.0625,0.03125,Intel(R) Xeon(R) 6760P,AVX512,"avx2,avx512f,avx512bw,avx512vl,avx512_vnni,avx512_bf16,amx_bf16,amx_int8,amx_tile,fma",True,True,,,,,,256,128,sh14l07002s1404,3.11.9,2.1.2+cu121
20260428_134843,2026-04-28T19:13:48.474089,cpu,pytorch,separator1_grid_search_6ports_learned_dense_hd16_depth3_stages1_share1,/home/liangyi/SRS_AI/Model_AIIC_refactor/experiments_refactored/20260428_054018_default_6port_separator1_learned_dense_v2/separator1_grid_search_6ports_learned_dense_hd16_depth3_stages1_share1,default_6port_separator1_learned_dense_v2,separator1_grid_search_6ports_learned_dense_hd16_depth3_stages1_share1,supervised_nmse_plateau,separator1,12,6,jit,fp32,float32,1,1,ok,,172.622124,20,50,0.08575,0.0011912399590342825,0.084296,0.085416,0.0874159,0.0881309,0.08932181,0.089337,11661.807580174926,11.661807580174926,85.41600000000001,85.41600000000001,11661.807580174926,10656,9984,20856,single-thread,0.0078125,0.00390625,Intel(R) Xeon(R) 6760P,AVX512,"avx2,avx512f,avx512bw,avx512vl,avx512_vnni,avx512_bf16,amx_bf16,amx_int8,amx_tile,fma",True,True,,,,,,256,128,sh14l07002s1404,3.11.9,2.1.2+cu121
20260428_134843,2026-04-28T19:13:48.474089,cpu,pytorch,separator1_grid_search_6ports_learned_dense_hd16_depth3_stages1_share1,/home/liangyi/SRS_AI/Model_AIIC_refactor/experiments_refactored/20260428_054018_default_6port_separator1_learned_dense_v2/separator1_grid_search_6ports_learned_dense_hd16_depth3_stages1_share1,default_6port_separator1_learned_dense_v2,separator1_grid_search_6ports_learned_dense_hd16_depth3_stages1_share1,supervised_nmse_plateau,separator1,12,6,jit,fp32,float32,1,2,ok,,171.895328,20,50,0.08676956,0.001047767038229396,0.085067,0.086482,0.08792069999999999,0.08849705,0.08991204,0.090453,11524.778966264206,11.524778966264206,86.482,86.482,5762.389483132103,10656,9984,20856,sub-physical,0.015625,0.0078125,Intel(R) Xeon(R) 6760P,AVX512,"avx2,avx512f,avx512bw,avx512vl,avx512_vnni,avx512_bf16,amx_bf16,amx_int8,amx_tile,fma",True,True,,,,,,256,128,sh14l07002s1404,3.11.9,2.1.2+cu121
20260428_134843,2026-04-28T19:13:48.474089,cpu,pytorch,separator1_grid_search_6ports_learned_dense_hd16_depth3_stages1_share1,/home/liangyi/SRS_AI/Model_AIIC_refactor/experiments_refactored/20260428_054018_default_6port_separator1_learned_dense_v2/separator1_grid_search_6ports_learned_dense_hd16_depth3_stages1_share1,default_6port_separator1_learned_dense_v2,separator1_grid_search_6ports_learned_dense_hd16_depth3_stages1_share1,supervised_nmse_plateau,separator1,12,6,jit,fp32,float32,1,4,ok,,174.695785,20,50,0.08573978,0.0009278827574645406,0.084457,0.0853395,0.0869622,0.08736955,0.08779359,0.087994,11663.197642914409,11.663197642914408,85.3395,85.3395,2915.799410728602,10656,9984,20856,sub-physical,0.03125,0.015625,Intel(R) Xeon(R) 6760P,AVX512,"avx2,avx512f,avx512bw,avx512vl,avx512_vnni,avx512_bf16,amx_bf16,amx_int8,amx_tile,fma",True,True,,,,,,256,128,sh14l07002s1404,3.11.9,2.1.2+cu121
20260428_134843,2026-04-28T19:13:48.474089,cpu,pytorch,separator1_grid_search_6ports_learned_dense_hd16_depth3_stages1_share1,/home/liangyi/SRS_AI/Model_AIIC_refactor/experiments_refactored/20260428_054018_default_6port_separator1_learned_dense_v2/separator1_grid_search_6ports_learned_dense_hd16_depth3_stages1_share1,default_6port_separator1_learned_dense_v2,separator1_grid_search_6ports_learned_dense_hd16_depth3_stages1_share1,supervised_nmse_plateau,separator1,12,6,jit,fp32,float32,1,8,ok,,175.076599,20,50,0.08375112,0.0016771470971861705,0.082026,0.0830285,0.0850956,0.0872,0.08973869999999999,0.090165,11940.138830382208,11.940138830382208,83.02850000000001,83.02850000000001,1492.517353797776,10656,9984,20856,sub-physical,0.0625,0.03125,Intel(R) Xeon(R) 6760P,AVX512,"avx2,avx512f,avx512bw,avx512vl,avx512_vnni,avx512_bf16,amx_bf16,amx_int8,amx_tile,fma",True,True,,,,,,256,128,sh14l07002s1404,3.11.9,2.1.2+cu121
20260428_134843,2026-04-28T19:13:48.474089,cpu,pytorch,separator1_grid_search_6ports_learned_dense_hd16_depth3_stages1_share1,/home/liangyi/SRS_AI/Model_AIIC_refactor/experiments_refactored/20260428_054018_default_6port_separator1_learned_dense_v2/separator1_grid_search_6ports_learned_dense_hd16_depth3_stages1_share1,default_6port_separator1_learned_dense_v2,separator1_grid_search_6ports_learned_dense_hd16_depth3_stages1_share1,supervised_nmse_plateau,separator1,12,6,jit,fp32,float32,2,1,ok,,174.022739,20,50,0.0955349,0.001100298364081307,0.094002,0.0951825,0.0968942,0.0975764,0.09862833,0.09911,20934.75787382412,20.934757873824122,95.1825,47.59125,20934.75787382412,10656,9984,20856,single-thread,0.0078125,0.00390625,Intel(R) Xeon(R) 6760P,AVX512,"avx2,avx512f,avx512bw,avx512vl,avx512_vnni,avx512_bf16,amx_bf16,amx_int8,amx_tile,fma",True,True,,,,,,256,128,sh14l07002s1404,3.11.9,2.1.2+cu121
20260428_134843,2026-04-28T19:13:48.474089,cpu,pytorch,separator1_grid_search_6ports_learned_dense_hd16_depth3_stages1_share1,/home/liangyi/SRS_AI/Model_AIIC_refactor/experiments_refactored/20260428_054018_default_6port_separator1_learned_dense_v2/separator1_grid_search_6ports_learned_dense_hd16_depth3_stages1_share1,default_6port_separator1_learned_dense_v2,separator1_grid_search_6ports_learned_dense_hd16_depth3_stages1_share1,supervised_nmse_plateau,separator1,12,6,jit,fp32,float32,2,2,ok,,172.253716,20,50,0.09655424,0.005232892525401225,0.094294,0.095578,0.0972222,0.097967,0.11627070999999993,0.1325,20713.745973247784,20.713745973247782,95.578,47.789,10356.872986623892,10656,9984,20856,sub-physical,0.015625,0.0078125,Intel(R) Xeon(R) 6760P,AVX512,"avx2,avx512f,avx512bw,avx512vl,avx512_vnni,avx512_bf16,amx_bf16,amx_int8,amx_tile,fma",True,True,,,,,,256,128,sh14l07002s1404,3.11.9,2.1.2+cu121
20260428_134843,2026-04-28T19:13:48.474089,cpu,pytorch,separator1_grid_search_6ports_learned_dense_hd16_depth3_stages1_share1,/home/liangyi/SRS_AI/Model_AIIC_refactor/experiments_refactored/20260428_054018_default_6port_separator1_learned_dense_v2/separator1_grid_search_6ports_learned_dense_hd16_depth3_stages1_share1,default_6port_separator1_learned_dense_v2,separator1_grid_search_6ports_learned_dense_hd16_depth3_stages1_share1,supervised_nmse_plateau,separator1,12,6,jit,fp32,float32,2,4,ok,,171.654651,20,50,0.0959174,0.004710645696717172,0.093921,0.09506600000000001,0.0966266,0.09697205,0.11302247999999994,0.128285,20851.274117104927,20.85127411710493,95.06600000000002,47.53300000000001,5212.818529276232,10656,9984,20856,sub-physical,0.03125,0.015625,Intel(R) Xeon(R) 6760P,AVX512,"avx2,avx512f,avx512bw,avx512vl,avx512_vnni,avx512_bf16,amx_bf16,amx_int8,amx_tile,fma",True,True,,,,,,256,128,sh14l07002s1404,3.11.9,2.1.2+cu121
20260428_134843,2026-04-28T19:13:48.474089,cpu,pytorch,separator1_grid_search_6ports_learned_dense_hd16_depth3_stages1_share1,/home/liangyi/SRS_AI/Model_AIIC_refactor/experiments_refactored/20260428_054018_default_6port_separator1_learned_dense_v2/separator1_grid_search_6ports_learned_dense_hd16_depth3_stages1_share1,default_6port_separator1_learned_dense_v2,separator1_grid_search_6ports_learned_dense_hd16_depth3_stages1_share1,supervised_nmse_plateau,separator1,12,6,jit,fp32,float32,2,8,ok,,174.182368,20,50,0.0954748,0.002289677199956361,0.093569,0.0945515,0.0997628,0.10138035000000001,0.10255824,0.102766,20947.93599986593,20.94793599986593,94.55149999999999,47.275749999999995,2618.4919999832414,10656,9984,20856,sub-physical,0.0625,0.03125,Intel(R) Xeon(R) 6760P,AVX512,"avx2,avx512f,avx512bw,avx512vl,avx512_vnni,avx512_bf16,amx_bf16,amx_int8,amx_tile,fma",True,True,,,,,,256,128,sh14l07002s1404,3.11.9,2.1.2+cu121
20260428_134843,2026-04-28T19:13:48.474089,cpu,pytorch,separator1_grid_search_6ports_learned_dense_hd16_depth3_stages1_share1,/home/liangyi/SRS_AI/Model_AIIC_refactor/experiments_refactored/20260428_054018_default_6port_separator1_learned_dense_v2/separator1_grid_search_6ports_learned_dense_hd16_depth3_stages1_share1,default_6port_separator1_learned_dense_v2,separator1_grid_search_6ports_learned_dense_hd16_depth3_stages1_share1,supervised_nmse_plateau,separator1,12,6,jit,fp32,float32,4,1,ok,,174.598738,20,50,0.09774232,0.0015816574526742507,0.095221,0.09762,0.0992007,0.10092644999999999,0.10239838,0.102662,40923.93141476486,40.92393141476486,97.62,24.405,40923.93141476486,10656,9984,20856,single-thread,0.0078125,0.00390625,Intel(R) Xeon(R) 6760P,AVX512,"avx2,avx512f,avx512bw,avx512vl,avx512_vnni,avx512_bf16,amx_bf16,amx_int8,amx_tile,fma",True,True,,,,,,256,128,sh14l07002s1404,3.11.9,2.1.2+cu121
20260428_134843,2026-04-28T19:13:48.474089,cpu,pytorch,separator1_grid_search_6ports_learned_dense_hd16_depth3_stages1_share1,/home/liangyi/SRS_AI/Model_AIIC_refactor/experiments_refactored/20260428_054018_default_6port_separator1_learned_dense_v2/separator1_grid_search_6ports_learned_dense_hd16_depth3_stages1_share1,default_6port_separator1_learned_dense_v2,separator1_grid_search_6ports_learned_dense_hd16_depth3_stages1_share1,supervised_nmse_plateau,separator1,12,6,jit,fp32,float32,4,2,ok,,175.104616,20,50,0.09760282,0.0012902154035663968,0.095665,0.097202,0.09894,0.0996944,0.10162914,0.102077,40982.422434105894,40.98242243410589,97.202,24.3005,20491.211217052947,10656,9984,20856,sub-physical,0.015625,0.0078125,Intel(R) Xeon(R) 6760P,AVX512,"avx2,avx512f,avx512bw,avx512vl,avx512_vnni,avx512_bf16,amx_bf16,amx_int8,amx_tile,fma",True,True,,,,,,256,128,sh14l07002s1404,3.11.9,2.1.2+cu121
20260428_134843,2026-04-28T19:13:48.474089,cpu,pytorch,separator1_grid_search_6ports_learned_dense_hd16_depth3_stages1_share1,/home/liangyi/SRS_AI/Model_AIIC_refactor/experiments_refactored/20260428_054018_default_6port_separator1_learned_dense_v2/separator1_grid_search_6ports_learned_dense_hd16_depth3_stages1_share1,default_6port_separator1_learned_dense_v2,separator1_grid_search_6ports_learned_dense_hd16_depth3_stages1_share1,supervised_nmse_plateau,separator1,12,6,jit,fp32,float32,4,4,ok,,173.130759,20,50,0.0991609,0.006242374539388035,0.095287,0.0977915,0.1001855,0.10283925,0.12335783999999993,0.141284,40338.480187251225,40.33848018725123,97.7915,24.447875,10084.620046812806,10656,9984,20856,sub-physical,0.03125,0.015625,Intel(R) Xeon(R) 6760P,AVX512,"avx2,avx512f,avx512bw,avx512vl,avx512_vnni,avx512_bf16,amx_bf16,amx_int8,amx_tile,fma",True,True,,,,,,256,128,sh14l07002s1404,3.11.9,2.1.2+cu121
20260428_134843,2026-04-28T19:13:48.474089,cpu,pytorch,separator1_grid_search_6ports_learned_dense_hd16_depth3_stages1_share1,/home/liangyi/SRS_AI/Model_AIIC_refactor/experiments_refactored/20260428_054018_default_6port_separator1_learned_dense_v2/separator1_grid_search_6ports_learned_dense_hd16_depth3_stages1_share1,default_6port_separator1_learned_dense_v2,separator1_grid_search_6ports_learned_dense_hd16_depth3_stages1_share1,supervised_nmse_plateau,separator1,12,6,jit,fp32,float32,4,8,ok,,175.03225,20,50,0.09969908,0.0015606851295504813,0.097465,0.09927449999999999,0.101299,0.10275205,0.10470398,0.104899,40120.73130464193,40.12073130464193,99.27449999999999,24.818624999999997,5015.091413080241,10656,9984,20856,sub-physical,0.0625,0.03125,Intel(R) Xeon(R) 6760P,AVX512,"avx2,avx512f,avx512bw,avx512vl,avx512_vnni,avx512_bf16,amx_bf16,amx_int8,amx_tile,fma",True,True,,,,,,256,128,sh14l07002s1404,3.11.9,2.1.2+cu121
20260428_134843,2026-04-28T19:13:48.474089,cpu,pytorch,separator1_grid_search_6ports_learned_dense_hd16_depth3_stages1_share1,/home/liangyi/SRS_AI/Model_AIIC_refactor/experiments_refactored/20260428_054018_default_6port_separator1_learned_dense_v2/separator1_grid_search_6ports_learned_dense_hd16_depth3_stages1_share1,default_6port_separator1_learned_dense_v2,separator1_grid_search_6ports_learned_dense_hd16_depth3_stages1_share1,supervised_nmse_plateau,separator1,12,6,jit,fp32,float32,8,1,ok,,172.1366,20,50,0.09798112,0.0008713550284470731,0.096289,0.097804,0.0991472,0.09954084999999999,0.09994238,0.099961,81648.38287212883,81.64838287212883,97.804,12.2255,81648.38287212883,10656,9984,20856,single-thread,0.0078125,0.00390625,Intel(R) Xeon(R) 6760P,AVX512,"avx2,avx512f,avx512bw,avx512vl,avx512_vnni,avx512_bf16,amx_bf16,amx_int8,amx_tile,fma",True,True,,,,,,256,128,sh14l07002s1404,3.11.9,2.1.2+cu121
20260428_134843,2026-04-28T19:13:48.474089,cpu,pytorch,separator1_grid_search_6ports_learned_dense_hd16_depth3_stages1_share1,/home/liangyi/SRS_AI/Model_AIIC_refactor/experiments_refactored/20260428_054018_default_6port_separator1_learned_dense_v2/separator1_grid_search_6ports_learned_dense_hd16_depth3_stages1_share1,default_6port_separator1_learned_dense_v2,separator1_grid_search_6ports_learned_dense_hd16_depth3_stages1_share1,supervised_nmse_plateau,separator1,12,6,jit,fp32,float32,8,2,ok,,172.884571,20,50,0.09897696,0.0013138226205999042,0.097423,0.098729,0.1000062,0.1006499,0.10359832,0.106211,80826.89143008635,80.82689143008635,98.729,12.341125,40413.44571504318,10656,9984,20856,sub-physical,0.015625,0.0078125,Intel(R) Xeon(R) 6760P,AVX512,"avx2,avx512f,avx512bw,avx512vl,avx512_vnni,avx512_bf16,amx_bf16,amx_int8,amx_tile,fma",True,True,,,,,,256,128,sh14l07002s1404,3.11.9,2.1.2+cu121
20260428_134843,2026-04-28T19:13:48.474089,cpu,pytorch,separator1_grid_search_6ports_learned_dense_hd16_depth3_stages1_share1,/home/liangyi/SRS_AI/Model_AIIC_refactor/experiments_refactored/20260428_054018_default_6port_separator1_learned_dense_v2/separator1_grid_search_6ports_learned_dense_hd16_depth3_stages1_share1,default_6port_separator1_learned_dense_v2,separator1_grid_search_6ports_learned_dense_hd16_depth3_stages1_share1,supervised_nmse_plateau,separator1,12,6,jit,fp32,float32,8,4,ok,,174.649898,20,50,0.10078092,0.0011520055354033683,0.098967,0.1004425,0.1023493,0.10289845,0.10410948,0.104329,79380.10488493259,79.38010488493259,100.44250000000001,12.555312500000001,19845.026221233147,10656,9984,20856,sub-physical,0.03125,0.015625,Intel(R) Xeon(R) 6760P,AVX512,"avx2,avx512f,avx512bw,avx512vl,avx512_vnni,avx512_bf16,amx_bf16,amx_int8,amx_tile,fma",True,True,,,,,,256,128,sh14l07002s1404,3.11.9,2.1.2+cu121
20260428_134843,2026-04-28T19:13:48.474089,cpu,pytorch,separator1_grid_search_6ports_learned_dense_hd16_depth3_stages1_share1,/home/liangyi/SRS_AI/Model_AIIC_refactor/experiments_refactored/20260428_054018_default_6port_separator1_learned_dense_v2/separator1_grid_search_6ports_learned_dense_hd16_depth3_stages1_share1,default_6port_separator1_learned_dense_v2,separator1_grid_search_6ports_learned_dense_hd16_depth3_stages1_share1,supervised_nmse_plateau,separator1,12,6,jit,fp32,float32,8,8,ok,,175.230608,20,50,0.10072696,0.0016327407382680204,0.099217,0.100211,0.10211110000000001,0.10508595,0.10628245,0.10677,79422.62925437241,79.42262925437241,100.211,12.526375,9927.828656796552,10656,9984,20856,sub-physical,0.0625,0.03125,Intel(R) Xeon(R) 6760P,AVX512,"avx2,avx512f,avx512bw,avx512vl,avx512_vnni,avx512_bf16,amx_bf16,amx_int8,amx_tile,fma",True,True,,,,,,256,128,sh14l07002s1404,3.11.9,2.1.2+cu121
20260428_134843,2026-04-28T19:13:48.474089,cpu,pytorch,separator1_grid_search_6ports_learned_dense_hd16_depth3_stages1_share1,/home/liangyi/SRS_AI/Model_AIIC_refactor/experiments_refactored/20260428_054018_default_6port_separator1_learned_dense_v2/separator1_grid_search_6ports_learned_dense_hd16_depth3_stages1_share1,default_6port_separator1_learned_dense_v2,separator1_grid_search_6ports_learned_dense_hd16_depth3_stages1_share1,supervised_nmse_plateau,separator1,12,6,jit,fp32,float32,16,1,ok,,173.716304,20,50,0.10775558,0.0009788054370506942,0.106497,0.1075095,0.1090284,0.10918275,0.11045458,0.110777,148484.189867476,148.484189867476,107.50949999999999,6.719343749999999,148484.189867476,10656,9984,20856,single-thread,0.0078125,0.00390625,Intel(R) Xeon(R) 6760P,AVX512,"avx2,avx512f,avx512bw,avx512vl,avx512_vnni,avx512_bf16,amx_bf16,amx_int8,amx_tile,fma",True,True,,,,,,256,128,sh14l07002s1404,3.11.9,2.1.2+cu121
20260428_134843,2026-04-28T19:13:48.474089,cpu,pytorch,separator1_grid_search_6ports_learned_dense_hd16_depth3_stages1_share1,/home/liangyi/SRS_AI/Model_AIIC_refactor/experiments_refactored/20260428_054018_default_6port_separator1_learned_dense_v2/separator1_grid_search_6ports_learned_dense_hd16_depth3_stages1_share1,default_6port_separator1_learned_dense_v2,separator1_grid_search_6ports_learned_dense_hd16_depth3_stages1_share1,supervised_nmse_plateau,separator1,12,6,jit,fp32,float32,16,2,ok,,173.435961,20,50,0.10303936,0.0033200612208813263,0.100506,0.102249,0.1044364,0.10658574999999999,0.11622038999999998,0.123712,155280.46758054398,155.28046758054398,102.24900000000001,6.390562500000001,77640.23379027199,10656,9984,20856,sub-physical,0.015625,0.0078125,Intel(R) Xeon(R) 6760P,AVX512,"avx2,avx512f,avx512bw,avx512vl,avx512_vnni,avx512_bf16,amx_bf16,amx_int8,amx_tile,fma",True,True,,,,,,256,128,sh14l07002s1404,3.11.9,2.1.2+cu121
20260428_134843,2026-04-28T19:13:48.474089,cpu,pytorch,separator1_grid_search_6ports_learned_dense_hd16_depth3_stages1_share1,/home/liangyi/SRS_AI/Model_AIIC_refactor/experiments_refactored/20260428_054018_default_6port_separator1_learned_dense_v2/separator1_grid_search_6ports_learned_dense_hd16_depth3_stages1_share1,default_6port_separator1_learned_dense_v2,separator1_grid_search_6ports_learned_dense_hd16_depth3_stages1_share1,supervised_nmse_plateau,separator1,12,6,jit,fp32,float32,16,4,ok,,174.355147,20,50,0.10849058,0.0042223437713668,0.106062,0.1078375,0.1092733,0.10996484999999999,0.12653157999999998,0.135919,147478.2418897567,147.4782418897567,107.8375,6.73984375,36869.560472439174,10656,9984,20856,sub-physical,0.03125,0.015625,Intel(R) Xeon(R) 6760P,AVX512,"avx2,avx512f,avx512bw,avx512vl,avx512_vnni,avx512_bf16,amx_bf16,amx_int8,amx_tile,fma",True,True,,,,,,256,128,sh14l07002s1404,3.11.9,2.1.2+cu121
20260428_134843,2026-04-28T19:13:48.474089,cpu,pytorch,separator1_grid_search_6ports_learned_dense_hd16_depth3_stages1_share1,/home/liangyi/SRS_AI/Model_AIIC_refactor/experiments_refactored/20260428_054018_default_6port_separator1_learned_dense_v2/separator1_grid_search_6ports_learned_dense_hd16_depth3_stages1_share1,default_6port_separator1_learned_dense_v2,separator1_grid_search_6ports_learned_dense_hd16_depth3_stages1_share1,supervised_nmse_plateau,separator1,12,6,jit,fp32,float32,16,8,ok,,171.825008,20,50,0.104213,0.0010027025082246471,0.102901,0.1039225,0.1057936,0.10613884999999999,0.10675768,0.106889,153531.70909579418,153.53170909579418,103.9225,6.49515625,19191.463636974273,10656,9984,20856,sub-physical,0.0625,0.03125,Intel(R) Xeon(R) 6760P,AVX512,"avx2,avx512f,avx512bw,avx512vl,avx512_vnni,avx512_bf16,amx_bf16,amx_int8,amx_tile,fma",True,True,,,,,,256,128,sh14l07002s1404,3.11.9,2.1.2+cu121
20260428_134843,2026-04-28T19:13:48.474089,cpu,pytorch,separator1_grid_search_6ports_learned_dense_hd16_depth3_stages1_share1,/home/liangyi/SRS_AI/Model_AIIC_refactor/experiments_refactored/20260428_054018_default_6port_separator1_learned_dense_v2/separator1_grid_search_6ports_learned_dense_hd16_depth3_stages1_share1,default_6port_separator1_learned_dense_v2,separator1_grid_search_6ports_learned_dense_hd16_depth3_stages1_share1,supervised_nmse_plateau,separator1,12,6,jit,fp32,float32,32,1,ok,,174.753992,20,50,0.1253836,0.0008886118837827915,0.123885,0.1252265,0.1268239,0.12714409999999998,0.12760572,0.127886,255216.790712661,255.21679071266098,125.22649999999999,3.9133281249999996,255216.790712661,10656,9984,20856,single-thread,0.0078125,0.00390625,Intel(R) Xeon(R) 6760P,AVX512,"avx2,avx512f,avx512bw,avx512vl,avx512_vnni,avx512_bf16,amx_bf16,amx_int8,amx_tile,fma",True,True,,,,,,256,128,sh14l07002s1404,3.11.9,2.1.2+cu121
20260428_134843,2026-04-28T19:13:48.474089,cpu,pytorch,separator1_grid_search_6ports_learned_dense_hd16_depth3_stages1_share1,/home/liangyi/SRS_AI/Model_AIIC_refactor/experiments_refactored/20260428_054018_default_6port_separator1_learned_dense_v2/separator1_grid_search_6ports_learned_dense_hd16_depth3_stages1_share1,default_6port_separator1_learned_dense_v2,separator1_grid_search_6ports_learned_dense_hd16_depth3_stages1_share1,supervised_nmse_plateau,separator1,12,6,jit,fp32,float32,32,2,ok,,173.926238,20,50,0.12325516,0.0008829586481823482,0.121243,0.1232,0.124527,0.12458994999999999,0.12530302,0.125549,259624.01898630452,259.6240189863045,123.2,3.85,129812.00949315226,10656,9984,20856,sub-physical,0.015625,0.0078125,Intel(R) Xeon(R) 6760P,AVX512,"avx2,avx512f,avx512bw,avx512vl,avx512_vnni,avx512_bf16,amx_bf16,amx_int8,amx_tile,fma",True,True,,,,,,256,128,sh14l07002s1404,3.11.9,2.1.2+cu121
20260428_134843,2026-04-28T19:13:48.474089,cpu,pytorch,separator1_grid_search_6ports_learned_dense_hd16_depth3_stages1_share1,/home/liangyi/SRS_AI/Model_AIIC_refactor/experiments_refactored/20260428_054018_default_6port_separator1_learned_dense_v2/separator1_grid_search_6ports_learned_dense_hd16_depth3_stages1_share1,default_6port_separator1_learned_dense_v2,separator1_grid_search_6ports_learned_dense_hd16_depth3_stages1_share1,supervised_nmse_plateau,separator1,12,6,jit,fp32,float32,32,4,ok,,174.078606,20,50,0.12214382,0.0010936969907611518,0.120603,0.1219075,0.12380229999999999,0.1241992,0.12476266,0.125138,261986.23884532187,261.98623884532185,121.9075,3.809609375,65496.55971133047,10656,9984,20856,sub-physical,0.03125,0.015625,Intel(R) Xeon(R) 6760P,AVX512,"avx2,avx512f,avx512bw,avx512vl,avx512_vnni,avx512_bf16,amx_bf16,amx_int8,amx_tile,fma",True,True,,,,,,256,128,sh14l07002s1404,3.11.9,2.1.2+cu121
20260428_134843,2026-04-28T19:13:48.474089,cpu,pytorch,separator1_grid_search_6ports_learned_dense_hd16_depth3_stages1_share1,/home/liangyi/SRS_AI/Model_AIIC_refactor/experiments_refactored/20260428_054018_default_6port_separator1_learned_dense_v2/separator1_grid_search_6ports_learned_dense_hd16_depth3_stages1_share1,default_6port_separator1_learned_dense_v2,separator1_grid_search_6ports_learned_dense_hd16_depth3_stages1_share1,supervised_nmse_plateau,separator1,12,6,jit,fp32,float32,32,8,ok,,174.086771,20,50,0.12249412,0.0009435733493481048,0.1209,0.12222,0.1238114,0.12414355,0.12458191,0.1247,261237.0291733187,261.2370291733187,122.22,3.819375,32654.628646664838,10656,9984,20856,sub-physical,0.0625,0.03125,Intel(R) Xeon(R) 6760P,AVX512,"avx2,avx512f,avx512bw,avx512vl,avx512_vnni,avx512_bf16,amx_bf16,amx_int8,amx_tile,fma",True,True,,,,,,256,128,sh14l07002s1404,3.11.9,2.1.2+cu121
20260428_134843,2026-04-28T19:13:48.474089,cpu,pytorch,separator1_grid_search_6ports_learned_dense_hd16_depth3_stages1_share1,/home/liangyi/SRS_AI/Model_AIIC_refactor/experiments_refactored/20260428_054018_default_6port_separator1_learned_dense_v2/separator1_grid_search_6ports_learned_dense_hd16_depth3_stages1_share1,default_6port_separator1_learned_dense_v2,separator1_grid_search_6ports_learned_dense_hd16_depth3_stages1_share1,supervised_nmse_plateau,separator1,12,6,jit,fp32,float32,64,1,ok,,173.666295,20,50,0.13991712,0.0011883940195069986,0.137834,0.1398135,0.14117059999999998,0.14173249999999998,0.14368633,0.144413,457413.6460213017,457.4136460213017,139.8135,2.1845859375,457413.6460213017,10656,9984,20856,single-thread,0.0078125,0.00390625,Intel(R) Xeon(R) 6760P,AVX512,"avx2,avx512f,avx512bw,avx512vl,avx512_vnni,avx512_bf16,amx_bf16,amx_int8,amx_tile,fma",True,True,,,,,,256,128,sh14l07002s1404,3.11.9,2.1.2+cu121
20260428_134843,2026-04-28T19:13:48.474089,cpu,pytorch,separator1_grid_search_6ports_learned_dense_hd16_depth3_stages1_share1,/home/liangyi/SRS_AI/Model_AIIC_refactor/experiments_refactored/20260428_054018_default_6port_separator1_learned_dense_v2/separator1_grid_search_6ports_learned_dense_hd16_depth3_stages1_share1,default_6port_separator1_learned_dense_v2,separator1_grid_search_6ports_learned_dense_hd16_depth3_stages1_share1,supervised_nmse_plateau,separator1,12,6,jit,fp32,float32,64,2,ok,,176.492337,20,50,0.13957954,0.0009678772072943955,0.137352,0.13938499999999998,0.1411541,0.14124085,0.14166256,0.141886,458519.9234787562,458.5199234787562,139.385,2.177890625,229259.9617393781,10656,9984,20856,sub-physical,0.015625,0.0078125,Intel(R) Xeon(R) 6760P,AVX512,"avx2,avx512f,avx512bw,avx512vl,avx512_vnni,avx512_bf16,amx_bf16,amx_int8,amx_tile,fma",True,True,,,,,,256,128,sh14l07002s1404,3.11.9,2.1.2+cu121
20260428_134843,2026-04-28T19:13:48.474089,cpu,pytorch,separator1_grid_search_6ports_learned_dense_hd16_depth3_stages1_share1,/home/liangyi/SRS_AI/Model_AIIC_refactor/experiments_refactored/20260428_054018_default_6port_separator1_learned_dense_v2/separator1_grid_search_6ports_learned_dense_hd16_depth3_stages1_share1,default_6port_separator1_learned_dense_v2,separator1_grid_search_6ports_learned_dense_hd16_depth3_stages1_share1,supervised_nmse_plateau,separator1,12,6,jit,fp32,float32,64,4,ok,,174.393494,20,50,0.14110938,0.000752051059170852,0.139535,0.140985,0.1421503,0.1423791,0.14272067,0.142729,453548.8710955998,453.5488710955998,140.98499999999999,2.2028906249999998,113387.21777389995,10656,9984,20856,sub-physical,0.03125,0.015625,Intel(R) Xeon(R) 6760P,AVX512,"avx2,avx512f,avx512bw,avx512vl,avx512_vnni,avx512_bf16,amx_bf16,amx_int8,amx_tile,fma",True,True,,,,,,256,128,sh14l07002s1404,3.11.9,2.1.2+cu121
20260428_134843,2026-04-28T19:13:48.474089,cpu,pytorch,separator1_grid_search_6ports_learned_dense_hd16_depth3_stages1_share1,/home/liangyi/SRS_AI/Model_AIIC_refactor/experiments_refactored/20260428_054018_default_6port_separator1_learned_dense_v2/separator1_grid_search_6ports_learned_dense_hd16_depth3_stages1_share1,default_6port_separator1_learned_dense_v2,separator1_grid_search_6ports_learned_dense_hd16_depth3_stages1_share1,supervised_nmse_plateau,separator1,12,6,jit,fp32,float32,64,8,ok,,174.06807,20,50,0.14388142,0.005009935017901931,0.141736,0.1431405,0.1445527,0.14611805,0.16270047999999993,0.178159,444810.73372781556,444.81073372781555,143.1405,2.2365703125,55601.341715976945,10656,9984,20856,sub-physical,0.0625,0.03125,Intel(R) Xeon(R) 6760P,AVX512,"avx2,avx512f,avx512bw,avx512vl,avx512_vnni,avx512_bf16,amx_bf16,amx_int8,amx_tile,fma",True,True,,,,,,256,128,sh14l07002s1404,3.11.9,2.1.2+cu121
20260428_134843,2026-04-28T19:13:48.474089,cpu,pytorch,separator1_grid_search_6ports_learned_dense_hd16_depth3_stages1_share1,/home/liangyi/SRS_AI/Model_AIIC_refactor/experiments_refactored/20260428_054018_default_6port_separator1_learned_dense_v2/separator1_grid_search_6ports_learned_dense_hd16_depth3_stages1_share1,default_6port_separator1_learned_dense_v2,separator1_grid_search_6ports_learned_dense_hd16_depth3_stages1_share1,supervised_nmse_plateau,separator1,12,6,jit,fp32,float32,128,1,ok,,175.93063,20,50,0.17662474,0.0020548599447164275,0.173848,0.1761825,0.1791867,0.18080745,0.18312961,0.184213,724700.2883061569,724.7002883061568,176.1825,1.37642578125,724700.2883061569,10656,9984,20856,single-thread,0.0078125,0.00390625,Intel(R) Xeon(R) 6760P,AVX512,"avx2,avx512f,avx512bw,avx512vl,avx512_vnni,avx512_bf16,amx_bf16,amx_int8,amx_tile,fma",True,True,,,,,,256,128,sh14l07002s1404,3.11.9,2.1.2+cu121
20260428_134843,2026-04-28T19:13:48.474089,cpu,pytorch,separator1_grid_search_6ports_learned_dense_hd16_depth3_stages1_share1,/home/liangyi/SRS_AI/Model_AIIC_refactor/experiments_refactored/20260428_054018_default_6port_separator1_learned_dense_v2/separator1_grid_search_6ports_learned_dense_hd16_depth3_stages1_share1,default_6port_separator1_learned_dense_v2,separator1_grid_search_6ports_learned_dense_hd16_depth3_stages1_share1,supervised_nmse_plateau,separator1,12,6,jit,fp32,float32,128,2,ok,,174.097723,20,50,0.17381538,0.0023096630827027587,0.171027,0.173011,0.17789349999999998,0.1784255,0.18023755,0.180289,736413.5440718768,736.4135440718768,173.011,1.3516484375,368206.7720359384,10656,9984,20856,sub-physical,0.015625,0.0078125,Intel(R) Xeon(R) 6760P,AVX512,"avx2,avx512f,avx512bw,avx512vl,avx512_vnni,avx512_bf16,amx_bf16,amx_int8,amx_tile,fma",True,True,,,,,,256,128,sh14l07002s1404,3.11.9,2.1.2+cu121
20260428_134843,2026-04-28T19:13:48.474089,cpu,pytorch,separator1_grid_search_6ports_learned_dense_hd16_depth3_stages1_share1,/home/liangyi/SRS_AI/Model_AIIC_refactor/experiments_refactored/20260428_054018_default_6port_separator1_learned_dense_v2/separator1_grid_search_6ports_learned_dense_hd16_depth3_stages1_share1,default_6port_separator1_learned_dense_v2,separator1_grid_search_6ports_learned_dense_hd16_depth3_stages1_share1,supervised_nmse_plateau,separator1,12,6,jit,fp32,float32,128,4,ok,,175.117548,20,50,0.17758296,0.002407564511783641,0.174275,0.176838,0.1815306,0.18284140000000002,0.18444338,0.184952,720789.877587354,720.789877587354,176.838,1.381546875,180197.4693968385,10656,9984,20856,sub-physical,0.03125,0.015625,Intel(R) Xeon(R) 6760P,AVX512,"avx2,avx512f,avx512bw,avx512vl,avx512_vnni,avx512_bf16,amx_bf16,amx_int8,amx_tile,fma",True,True,,,,,,256,128,sh14l07002s1404,3.11.9,2.1.2+cu121
20260428_134843,2026-04-28T19:13:48.474089,cpu,pytorch,separator1_grid_search_6ports_learned_dense_hd16_depth3_stages1_share1,/home/liangyi/SRS_AI/Model_AIIC_refactor/experiments_refactored/20260428_054018_default_6port_separator1_learned_dense_v2/separator1_grid_search_6ports_learned_dense_hd16_depth3_stages1_share1,default_6port_separator1_learned_dense_v2,separator1_grid_search_6ports_learned_dense_hd16_depth3_stages1_share1,supervised_nmse_plateau,separator1,12,6,jit,fp32,float32,128,8,ok,,177.968267,20,50,0.17857682,0.0019433424473314016,0.176302,0.17794100000000002,0.1815651,0.1822831,0.18375808999999999,0.184032,716778.3590277842,716.7783590277842,177.941,1.3901640625,89597.29487847303,10656,9984,20856,sub-physical,0.0625,0.03125,Intel(R) Xeon(R) 6760P,AVX512,"avx2,avx512f,avx512bw,avx512vl,avx512_vnni,avx512_bf16,amx_bf16,amx_int8,amx_tile,fma",True,True,,,,,,256,128,sh14l07002s1404,3.11.9,2.1.2+cu121
20260428_134843,2026-04-28T19:13:48.474089,cpu,pytorch,separator1_grid_search_6ports_learned_dense_hd16_depth3_stages1_share1,/home/liangyi/SRS_AI/Model_AIIC_refactor/experiments_refactored/20260428_054018_default_6port_separator1_learned_dense_v2/separator1_grid_search_6ports_learned_dense_hd16_depth3_stages1_share1,default_6port_separator1_learned_dense_v2,separator1_grid_search_6ports_learned_dense_hd16_depth3_stages1_share1,supervised_nmse_plateau,separator1,12,6,jit,bf16,bfloat16,1,1,ok,,174.691437,20,50,0.08422678,0.0007017907178069536,0.083464,0.08403450000000001,0.085268,0.0858939,0.08646441,0.086754,11872.708418866303,11.872708418866303,84.03450000000001,84.03450000000001,11872.708418866303,10656,9984,20856,single-thread,0.0078125,0.00390625,Intel(R) Xeon(R) 6760P,AVX512,"avx2,avx512f,avx512bw,avx512vl,avx512_vnni,avx512_bf16,amx_bf16,amx_int8,amx_tile,fma",True,True,,,,,,256,128,sh14l07002s1404,3.11.9,2.1.2+cu121
20260428_134843,2026-04-28T19:13:48.474089,cpu,pytorch,separator1_grid_search_6ports_learned_dense_hd16_depth3_stages1_share1,/home/liangyi/SRS_AI/Model_AIIC_refactor/experiments_refactored/20260428_054018_default_6port_separator1_learned_dense_v2/separator1_grid_search_6ports_learned_dense_hd16_depth3_stages1_share1,default_6port_separator1_learned_dense_v2,separator1_grid_search_6ports_learned_dense_hd16_depth3_stages1_share1,supervised_nmse_plateau,separator1,12,6,jit,bf16,bfloat16,1,2,ok,,172.506407,20,50,0.08424658,0.0006041621004333196,0.0832,0.0841365,0.08506140000000001,0.08558625,0.08605836,0.08637,11869.91804296388,11.86991804296388,84.1365,84.1365,5934.95902148194,10656,9984,20856,sub-physical,0.015625,0.0078125,Intel(R) Xeon(R) 6760P,AVX512,"avx2,avx512f,avx512bw,avx512vl,avx512_vnni,avx512_bf16,amx_bf16,amx_int8,amx_tile,fma",True,True,,,,,,256,128,sh14l07002s1404,3.11.9,2.1.2+cu121
20260428_134843,2026-04-28T19:13:48.474089,cpu,pytorch,separator1_grid_search_6ports_learned_dense_hd16_depth3_stages1_share1,/home/liangyi/SRS_AI/Model_AIIC_refactor/experiments_refactored/20260428_054018_default_6port_separator1_learned_dense_v2/separator1_grid_search_6ports_learned_dense_hd16_depth3_stages1_share1,default_6port_separator1_learned_dense_v2,separator1_grid_search_6ports_learned_dense_hd16_depth3_stages1_share1,supervised_nmse_plateau,separator1,12,6,jit,bf16,bfloat16,1,4,ok,,170.41665,20,50,0.0847718,0.0008020592746175311,0.083451,0.08448,0.0860509,0.086293,0.08665032,0.086911,11796.375681535606,11.796375681535606,84.48,84.48,2949.0939203839016,10656,9984,20856,sub-physical,0.03125,0.015625,Intel(R) Xeon(R) 6760P,AVX512,"avx2,avx512f,avx512bw,avx512vl,avx512_vnni,avx512_bf16,amx_bf16,amx_int8,amx_tile,fma",True,True,,,,,,256,128,sh14l07002s1404,3.11.9,2.1.2+cu121
20260428_134843,2026-04-28T19:13:48.474089,cpu,pytorch,separator1_grid_search_6ports_learned_dense_hd16_depth3_stages1_share1,/home/liangyi/SRS_AI/Model_AIIC_refactor/experiments_refactored/20260428_054018_default_6port_separator1_learned_dense_v2/separator1_grid_search_6ports_learned_dense_hd16_depth3_stages1_share1,default_6port_separator1_learned_dense_v2,separator1_grid_search_6ports_learned_dense_hd16_depth3_stages1_share1,supervised_nmse_plateau,separator1,12,6,jit,bf16,bfloat16,1,8,ok,,171.396401,20,50,0.08307978,0.0005960868154891541,0.082178,0.082988,0.0836993,0.0844201,0.08496173,0.085316,12036.623110942277,12.036623110942276,82.988,82.988,1504.5778888677846,10656,9984,20856,sub-physical,0.0625,0.03125,Intel(R) Xeon(R) 6760P,AVX512,"avx2,avx512f,avx512bw,avx512vl,avx512_vnni,avx512_bf16,amx_bf16,amx_int8,amx_tile,fma",True,True,,,,,,256,128,sh14l07002s1404,3.11.9,2.1.2+cu121
20260428_134843,2026-04-28T19:13:48.474089,cpu,pytorch,separator1_grid_search_6ports_learned_dense_hd16_depth3_stages1_share1,/home/liangyi/SRS_AI/Model_AIIC_refactor/experiments_refactored/20260428_054018_default_6port_separator1_learned_dense_v2/separator1_grid_search_6ports_learned_dense_hd16_depth3_stages1_share1,default_6port_separator1_learned_dense_v2,separator1_grid_search_6ports_learned_dense_hd16_depth3_stages1_share1,supervised_nmse_plateau,separator1,12,6,jit,bf16,bfloat16,2,1,ok,,173.487601,20,50,0.0924639,0.0012805011089413393,0.091115,0.0921605,0.0933621,0.0937185,0.09787649,0.099248,21630.063192229616,21.630063192229617,92.16050000000001,46.08025000000001,21630.063192229616,10656,9984,20856,single-thread,0.0078125,0.00390625,Intel(R) Xeon(R) 6760P,AVX512,"avx2,avx512f,avx512bw,avx512vl,avx512_vnni,avx512_bf16,amx_bf16,amx_int8,amx_tile,fma",True,True,,,,,,256,128,sh14l07002s1404,3.11.9,2.1.2+cu121
20260428_134843,2026-04-28T19:13:48.474089,cpu,pytorch,separator1_grid_search_6ports_learned_dense_hd16_depth3_stages1_share1,/home/liangyi/SRS_AI/Model_AIIC_refactor/experiments_refactored/20260428_054018_default_6port_separator1_learned_dense_v2/separator1_grid_search_6ports_learned_dense_hd16_depth3_stages1_share1,default_6port_separator1_learned_dense_v2,separator1_grid_search_6ports_learned_dense_hd16_depth3_stages1_share1,supervised_nmse_plateau,separator1,12,6,jit,bf16,bfloat16,2,2,ok,,175.644505,20,50,0.09704486,0.0006266260131848982,0.09618,0.0968785,0.0979029,0.09845709999999999,0.09875341,0.098798,20609.025557870867,20.60902555787087,96.8785,48.43925,10304.512778935434,10656,9984,20856,sub-physical,0.015625,0.0078125,Intel(R) Xeon(R) 6760P,AVX512,"avx2,avx512f,avx512bw,avx512vl,avx512_vnni,avx512_bf16,amx_bf16,amx_int8,amx_tile,fma",True,True,,,,,,256,128,sh14l07002s1404,3.11.9,2.1.2+cu121
20260428_134843,2026-04-28T19:13:48.474089,cpu,pytorch,separator1_grid_search_6ports_learned_dense_hd16_depth3_stages1_share1,/home/liangyi/SRS_AI/Model_AIIC_refactor/experiments_refactored/20260428_054018_default_6port_separator1_learned_dense_v2/separator1_grid_search_6ports_learned_dense_hd16_depth3_stages1_share1,default_6port_separator1_learned_dense_v2,separator1_grid_search_6ports_learned_dense_hd16_depth3_stages1_share1,supervised_nmse_plateau,separator1,12,6,jit,bf16,bfloat16,2,4,ok,,170.981841,20,50,0.09408732,0.0009960446062300618,0.093102,0.09382299999999999,0.0951139,0.0957074,0.09767812,0.099399,21256.849488326374,21.256849488326374,93.823,46.9115,5314.2123720815935,10656,9984,20856,sub-physical,0.03125,0.015625,Intel(R) Xeon(R) 6760P,AVX512,"avx2,avx512f,avx512bw,avx512vl,avx512_vnni,avx512_bf16,amx_bf16,amx_int8,amx_tile,fma",True,True,,,,,,256,128,sh14l07002s1404,3.11.9,2.1.2+cu121
20260428_134843,2026-04-28T19:13:48.474089,cpu,pytorch,separator1_grid_search_6ports_learned_dense_hd16_depth3_stages1_share1,/home/liangyi/SRS_AI/Model_AIIC_refactor/experiments_refactored/20260428_054018_default_6port_separator1_learned_dense_v2/separator1_grid_search_6ports_learned_dense_hd16_depth3_stages1_share1,default_6port_separator1_learned_dense_v2,separator1_grid_search_6ports_learned_dense_hd16_depth3_stages1_share1,supervised_nmse_plateau,separator1,12,6,jit,bf16,bfloat16,2,8,ok,,173.669949,20,50,0.09182644,0.0006323926362632625,0.090106,0.091775,0.0927796,0.0929037,0.09331202,0.093558,21780.21929195992,21.78021929195992,91.77499999999999,45.887499999999996,2722.52741149499,10656,9984,20856,sub-physical,0.0625,0.03125,Intel(R) Xeon(R) 6760P,AVX512,"avx2,avx512f,avx512bw,avx512vl,avx512_vnni,avx512_bf16,amx_bf16,amx_int8,amx_tile,fma",True,True,,,,,,256,128,sh14l07002s1404,3.11.9,2.1.2+cu121
20260428_134843,2026-04-28T19:13:48.474089,cpu,pytorch,separator1_grid_search_6ports_learned_dense_hd16_depth3_stages1_share1,/home/liangyi/SRS_AI/Model_AIIC_refactor/experiments_refactored/20260428_054018_default_6port_separator1_learned_dense_v2/separator1_grid_search_6ports_learned_dense_hd16_depth3_stages1_share1,default_6port_separator1_learned_dense_v2,separator1_grid_search_6ports_learned_dense_hd16_depth3_stages1_share1,supervised_nmse_plateau,separator1,12,6,jit,bf16,bfloat16,4,1,ok,,175.447061,20,50,0.10751642,0.0009390072223364423,0.106158,0.10734650000000001,0.108546,0.10939075,0.11051601,0.110541,37203.61968897402,37.203619688974015,107.3465,26.836625,37203.61968897402,10656,9984,20856,single-thread,0.0078125,0.00390625,Intel(R) Xeon(R) 6760P,AVX512,"avx2,avx512f,avx512bw,avx512vl,avx512_vnni,avx512_bf16,amx_bf16,amx_int8,amx_tile,fma",True,True,,,,,,256,128,sh14l07002s1404,3.11.9,2.1.2+cu121
20260428_134843,2026-04-28T19:13:48.474089,cpu,pytorch,separator1_grid_search_6ports_learned_dense_hd16_depth3_stages1_share1,/home/liangyi/SRS_AI/Model_AIIC_refactor/experiments_refactored/20260428_054018_default_6port_separator1_learned_dense_v2/separator1_grid_search_6ports_learned_dense_hd16_depth3_stages1_share1,default_6port_separator1_learned_dense_v2,separator1_grid_search_6ports_learned_dense_hd16_depth3_stages1_share1,supervised_nmse_plateau,separator1,12,6,jit,bf16,bfloat16,4,2,ok,,171.705845,20,50,0.10640352,0.0012588127937068325,0.104792,0.1059805,0.1080197,0.1097724,0.11022467,0.110233,37592.741292769264,37.59274129276926,105.9805,26.495125,18796.370646384632,10656,9984,20856,sub-physical,0.015625,0.0078125,Intel(R) Xeon(R) 6760P,AVX512,"avx2,avx512f,avx512bw,avx512vl,avx512_vnni,avx512_bf16,amx_bf16,amx_int8,amx_tile,fma",True,True,,,,,,256,128,sh14l07002s1404,3.11.9,2.1.2+cu121
20260428_134843,2026-04-28T19:13:48.474089,cpu,pytorch,separator1_grid_search_6ports_learned_dense_hd16_depth3_stages1_share1,/home/liangyi/SRS_AI/Model_AIIC_refactor/experiments_refactored/20260428_054018_default_6port_separator1_learned_dense_v2/separator1_grid_search_6ports_learned_dense_hd16_depth3_stages1_share1,default_6port_separator1_learned_dense_v2,separator1_grid_search_6ports_learned_dense_hd16_depth3_stages1_share1,supervised_nmse_plateau,separator1,12,6,jit,bf16,bfloat16,4,4,ok,,171.470681,20,50,0.11008998,0.0016466203143408614,0.108571,0.109639,0.1116096,0.11428704999999999,0.11572388,0.116159,36333.9152209856,36.333915220985595,109.639,27.40975,9083.4788052464,10656,9984,20856,sub-physical,0.03125,0.015625,Intel(R) Xeon(R) 6760P,AVX512,"avx2,avx512f,avx512bw,avx512vl,avx512_vnni,avx512_bf16,amx_bf16,amx_int8,amx_tile,fma",True,True,,,,,,256,128,sh14l07002s1404,3.11.9,2.1.2+cu121
20260428_134843,2026-04-28T19:13:48.474089,cpu,pytorch,separator1_grid_search_6ports_learned_dense_hd16_depth3_stages1_share1,/home/liangyi/SRS_AI/Model_AIIC_refactor/experiments_refactored/20260428_054018_default_6port_separator1_learned_dense_v2/separator1_grid_search_6ports_learned_dense_hd16_depth3_stages1_share1,default_6port_separator1_learned_dense_v2,separator1_grid_search_6ports_learned_dense_hd16_depth3_stages1_share1,supervised_nmse_plateau,separator1,12,6,jit,bf16,bfloat16,4,8,ok,,171.479026,20,50,0.1072541,0.0015932595049143751,0.106,0.10679050000000001,0.1083737,0.10945815,0.11414550999999999,0.114783,37294.6115812822,37.294611581282204,106.79050000000001,26.697625000000002,4661.826447660275,10656,9984,20856,sub-physical,0.0625,0.03125,Intel(R) Xeon(R) 6760P,AVX512,"avx2,avx512f,avx512bw,avx512vl,avx512_vnni,avx512_bf16,amx_bf16,amx_int8,amx_tile,fma",True,True,,,,,,256,128,sh14l07002s1404,3.11.9,2.1.2+cu121
20260428_134843,2026-04-28T19:13:48.474089,cpu,pytorch,separator1_grid_search_6ports_learned_dense_hd16_depth3_stages1_share1,/home/liangyi/SRS_AI/Model_AIIC_refactor/experiments_refactored/20260428_054018_default_6port_separator1_learned_dense_v2/separator1_grid_search_6ports_learned_dense_hd16_depth3_stages1_share1,default_6port_separator1_learned_dense_v2,separator1_grid_search_6ports_learned_dense_hd16_depth3_stages1_share1,supervised_nmse_plateau,separator1,12,6,jit,bf16,bfloat16,8,1,ok,,171.823535,20,50,0.13741636,0.0018148169688428646,0.134778,0.13666499999999998,0.1404261,0.14132285,0.142099,0.142246,58217.23119430613,58.21723119430613,136.665,17.083125,58217.23119430613,10656,9984,20856,single-thread,0.0078125,0.00390625,Intel(R) Xeon(R) 6760P,AVX512,"avx2,avx512f,avx512bw,avx512vl,avx512_vnni,avx512_bf16,amx_bf16,amx_int8,amx_tile,fma",True,True,,,,,,256,128,sh14l07002s1404,3.11.9,2.1.2+cu121
20260428_134843,2026-04-28T19:13:48.474089,cpu,pytorch,separator1_grid_search_6ports_learned_dense_hd16_depth3_stages1_share1,/home/liangyi/SRS_AI/Model_AIIC_refactor/experiments_refactored/20260428_054018_default_6port_separator1_learned_dense_v2/separator1_grid_search_6ports_learned_dense_hd16_depth3_stages1_share1,default_6port_separator1_learned_dense_v2,separator1_grid_search_6ports_learned_dense_hd16_depth3_stages1_share1,supervised_nmse_plateau,separator1,12,6,jit,bf16,bfloat16,8,2,ok,,171.812667,20,50,0.13910398,0.003167387595416763,0.135855,0.1381325,0.1425059,0.14630149999999997,0.15042277999999998,0.152323,57510.93534491249,57.51093534491249,138.1325,17.2665625,28755.467672456245,10656,9984,20856,sub-physical,0.015625,0.0078125,Intel(R) Xeon(R) 6760P,AVX512,"avx2,avx512f,avx512bw,avx512vl,avx512_vnni,avx512_bf16,amx_bf16,amx_int8,amx_tile,fma",True,True,,,,,,256,128,sh14l07002s1404,3.11.9,2.1.2+cu121
20260428_134843,2026-04-28T19:13:48.474089,cpu,pytorch,separator1_grid_search_6ports_learned_dense_hd16_depth3_stages1_share1,/home/liangyi/SRS_AI/Model_AIIC_refactor/experiments_refactored/20260428_054018_default_6port_separator1_learned_dense_v2/separator1_grid_search_6ports_learned_dense_hd16_depth3_stages1_share1,default_6port_separator1_learned_dense_v2,separator1_grid_search_6ports_learned_dense_hd16_depth3_stages1_share1,supervised_nmse_plateau,separator1,12,6,jit,bf16,bfloat16,8,4,ok,,174.316093,20,50,0.1372149,0.002249122044265273,0.134094,0.136369,0.14090439999999999,0.1412023,0.14244093,0.142854,58302.70619298633,58.30270619298633,136.369,17.046125,14575.676548246582,10656,9984,20856,sub-physical,0.03125,0.015625,Intel(R) Xeon(R) 6760P,AVX512,"avx2,avx512f,avx512bw,avx512vl,avx512_vnni,avx512_bf16,amx_bf16,amx_int8,amx_tile,fma",True,True,,,,,,256,128,sh14l07002s1404,3.11.9,2.1.2+cu121
20260428_134843,2026-04-28T19:13:48.474089,cpu,pytorch,separator1_grid_search_6ports_learned_dense_hd16_depth3_stages1_share1,/home/liangyi/SRS_AI/Model_AIIC_refactor/experiments_refactored/20260428_054018_default_6port_separator1_learned_dense_v2/separator1_grid_search_6ports_learned_dense_hd16_depth3_stages1_share1,default_6port_separator1_learned_dense_v2,separator1_grid_search_6ports_learned_dense_hd16_depth3_stages1_share1,supervised_nmse_plateau,separator1,12,6,jit,bf16,bfloat16,8,8,ok,,174.976365,20,50,0.13645056,0.0020251462185234908,0.134594,0.1356325,0.1400611,0.14130055,0.1426629,0.143099,58629.29400949326,58.62929400949326,135.6325,16.9540625,7328.661751186657,10656,9984,20856,sub-physical,0.0625,0.03125,Intel(R) Xeon(R) 6760P,AVX512,"avx2,avx512f,avx512bw,avx512vl,avx512_vnni,avx512_bf16,amx_bf16,amx_int8,amx_tile,fma",True,True,,,,,,256,128,sh14l07002s1404,3.11.9,2.1.2+cu121
20260428_134843,2026-04-28T19:13:48.474089,cpu,pytorch,separator1_grid_search_6ports_learned_dense_hd16_depth3_stages1_share1,/home/liangyi/SRS_AI/Model_AIIC_refactor/experiments_refactored/20260428_054018_default_6port_separator1_learned_dense_v2/separator1_grid_search_6ports_learned_dense_hd16_depth3_stages1_share1,default_6port_separator1_learned_dense_v2,separator1_grid_search_6ports_learned_dense_hd16_depth3_stages1_share1,supervised_nmse_plateau,separator1,12,6,jit,bf16,bfloat16,16,1,ok,,177.895148,20,50,0.28386662,0.002584437137095812,0.279521,0.28356099999999995,0.2875881,0.2879874,0.28913654,0.2898,56364.499637188754,56.36449963718876,283.561,17.7225625,56364.499637188754,10656,9984,20856,single-thread,0.0078125,0.00390625,Intel(R) Xeon(R) 6760P,AVX512,"avx2,avx512f,avx512bw,avx512vl,avx512_vnni,avx512_bf16,amx_bf16,amx_int8,amx_tile,fma",True,True,,,,,,256,128,sh14l07002s1404,3.11.9,2.1.2+cu121
20260428_134843,2026-04-28T19:13:48.474089,cpu,pytorch,separator1_grid_search_6ports_learned_dense_hd16_depth3_stages1_share1,/home/liangyi/SRS_AI/Model_AIIC_refactor/experiments_refactored/20260428_054018_default_6port_separator1_learned_dense_v2/separator1_grid_search_6ports_learned_dense_hd16_depth3_stages1_share1,default_6port_separator1_learned_dense_v2,separator1_grid_search_6ports_learned_dense_hd16_depth3_stages1_share1,supervised_nmse_plateau,separator1,12,6,jit,bf16,bfloat16,16,2,ok,,179.783415,20,50,0.32318242,0.0032233177199277136,0.316953,0.32254649999999996,0.3272989,0.32998365,0.33228279,0.333179,49507.64339223649,49.50764339223649,322.5465,20.15915625,24753.821696118244,10656,9984,20856,sub-physical,0.015625,0.0078125,Intel(R) Xeon(R) 6760P,AVX512,"avx2,avx512f,avx512bw,avx512vl,avx512_vnni,avx512_bf16,amx_bf16,amx_int8,amx_tile,fma",True,True,,,,,,256,128,sh14l07002s1404,3.11.9,2.1.2+cu121
20260428_134843,2026-04-28T19:13:48.474089,cpu,pytorch,separator1_grid_search_6ports_learned_dense_hd16_depth3_stages1_share1,/home/liangyi/SRS_AI/Model_AIIC_refactor/experiments_refactored/20260428_054018_default_6port_separator1_learned_dense_v2/separator1_grid_search_6ports_learned_dense_hd16_depth3_stages1_share1,default_6port_separator1_learned_dense_v2,separator1_grid_search_6ports_learned_dense_hd16_depth3_stages1_share1,supervised_nmse_plateau,separator1,12,6,jit,bf16,bfloat16,16,4,ok,,182.78634,20,50,0.33073836,0.0070152823542891,0.323721,0.32933599999999996,0.3345813,0.33861274999999996,0.35995713999999995,0.367902,48376.60802333301,48.376608023333006,329.33599999999996,20.583499999999997,12094.152005833252,10656,9984,20856,sub-physical,0.03125,0.015625,Intel(R) Xeon(R) 6760P,AVX512,"avx2,avx512f,avx512bw,avx512vl,avx512_vnni,avx512_bf16,amx_bf16,amx_int8,amx_tile,fma",True,True,,,,,,256,128,sh14l07002s1404,3.11.9,2.1.2+cu121
20260428_134843,2026-04-28T19:13:48.474089,cpu,pytorch,separator1_grid_search_6ports_learned_dense_hd16_depth3_stages1_share1,/home/liangyi/SRS_AI/Model_AIIC_refactor/experiments_refactored/20260428_054018_default_6port_separator1_learned_dense_v2/separator1_grid_search_6ports_learned_dense_hd16_depth3_stages1_share1,default_6port_separator1_learned_dense_v2,separator1_grid_search_6ports_learned_dense_hd16_depth3_stages1_share1,supervised_nmse_plateau,separator1,12,6,jit,bf16,bfloat16,16,8,ok,,183.388905,20,50,0.35317646,0.007708475369902923,0.335555,0.3536835,0.36193830000000005,0.36382970000000003,0.37450421,0.375862,45303.13260402463,45.303132604024626,353.6835,22.10521875,5662.8915755030785,10656,9984,20856,sub-physical,0.0625,0.03125,Intel(R) Xeon(R) 6760P,AVX512,"avx2,avx512f,avx512bw,avx512vl,avx512_vnni,avx512_bf16,amx_bf16,amx_int8,amx_tile,fma",True,True,,,,,,256,128,sh14l07002s1404,3.11.9,2.1.2+cu121
20260428_134843,2026-04-28T19:13:48.474089,cpu,pytorch,separator1_grid_search_6ports_learned_dense_hd16_depth3_stages1_share1,/home/liangyi/SRS_AI/Model_AIIC_refactor/experiments_refactored/20260428_054018_default_6port_separator1_learned_dense_v2/separator1_grid_search_6ports_learned_dense_hd16_depth3_stages1_share1,default_6port_separator1_learned_dense_v2,separator1_grid_search_6ports_learned_dense_hd16_depth3_stages1_share1,supervised_nmse_plateau,separator1,12,6,jit,bf16,bfloat16,32,1,ok,,181.764405,20,50,0.46726492000000003,0.02915115365321929,0.448875,0.455812,0.5232301,0.52809205,0.5624732899999999,0.594607,68483.63450866373,68.48363450866373,455.812,14.244125,68483.63450866373,10656,9984,20856,single-thread,0.0078125,0.00390625,Intel(R) Xeon(R) 6760P,AVX512,"avx2,avx512f,avx512bw,avx512vl,avx512_vnni,avx512_bf16,amx_bf16,amx_int8,amx_tile,fma",True,True,,,,,,256,128,sh14l07002s1404,3.11.9,2.1.2+cu121
20260428_134843,2026-04-28T19:13:48.474089,cpu,pytorch,separator1_grid_search_6ports_learned_dense_hd16_depth3_stages1_share1,/home/liangyi/SRS_AI/Model_AIIC_refactor/experiments_refactored/20260428_054018_default_6port_separator1_learned_dense_v2/separator1_grid_search_6ports_learned_dense_hd16_depth3_stages1_share1,default_6port_separator1_learned_dense_v2,separator1_grid_search_6ports_learned_dense_hd16_depth3_stages1_share1,supervised_nmse_plateau,separator1,12,6,jit,bf16,bfloat16,32,2,ok,,184.960675,20,50,0.5808761,0.004968551665223975,0.569269,0.5805739999999999,0.5863169,0.5875002,0.59281922,0.597387,55089.200605774626,55.08920060577463,580.574,18.1429375,27544.600302887313,10656,9984,20856,sub-physical,0.015625,0.0078125,Intel(R) Xeon(R) 6760P,AVX512,"avx2,avx512f,avx512bw,avx512vl,avx512_vnni,avx512_bf16,amx_bf16,amx_int8,amx_tile,fma",True,True,,,,,,256,128,sh14l07002s1404,3.11.9,2.1.2+cu121
20260428_134843,2026-04-28T19:13:48.474089,cpu,pytorch,separator1_grid_search_6ports_learned_dense_hd16_depth3_stages1_share1,/home/liangyi/SRS_AI/Model_AIIC_refactor/experiments_refactored/20260428_054018_default_6port_separator1_learned_dense_v2/separator1_grid_search_6ports_learned_dense_hd16_depth3_stages1_share1,default_6port_separator1_learned_dense_v2,separator1_grid_search_6ports_learned_dense_hd16_depth3_stages1_share1,supervised_nmse_plateau,separator1,12,6,jit,bf16,bfloat16,32,4,ok,,181.555067,20,50,0.58337756,0.005959387143524078,0.572824,0.5831635,0.5909015,0.5931578000000001,0.59610122,0.596504,54852.984060614195,54.8529840606142,583.1635,18.223859375,13713.246015153549,10656,9984,20856,sub-physical,0.03125,0.015625,Intel(R) Xeon(R) 6760P,AVX512,"avx2,avx512f,avx512bw,avx512vl,avx512_vnni,avx512_bf16,amx_bf16,amx_int8,amx_tile,fma",True,True,,,,,,256,128,sh14l07002s1404,3.11.9,2.1.2+cu121
20260428_134843,2026-04-28T19:13:48.474089,cpu,pytorch,separator1_grid_search_6ports_learned_dense_hd16_depth3_stages1_share1,/home/liangyi/SRS_AI/Model_AIIC_refactor/experiments_refactored/20260428_054018_default_6port_separator1_learned_dense_v2/separator1_grid_search_6ports_learned_dense_hd16_depth3_stages1_share1,default_6port_separator1_learned_dense_v2,separator1_grid_search_6ports_learned_dense_hd16_depth3_stages1_share1,supervised_nmse_plateau,separator1,12,6,jit,bf16,bfloat16,32,8,ok,,187.592032,20,50,0.66716902,0.012779679074984628,0.634997,0.6674775,0.6854636,0.68817645,0.68916685,0.689821,47963.857794236304,47.963857794236304,667.4775,20.858671875,5995.482224279538,10656,9984,20856,sub-physical,0.0625,0.03125,Intel(R) Xeon(R) 6760P,AVX512,"avx2,avx512f,avx512bw,avx512vl,avx512_vnni,avx512_bf16,amx_bf16,amx_int8,amx_tile,fma",True,True,,,,,,256,128,sh14l07002s1404,3.11.9,2.1.2+cu121
20260428_134843,2026-04-28T19:13:48.474089,cpu,pytorch,separator1_grid_search_6ports_learned_dense_hd16_depth3_stages1_share1,/home/liangyi/SRS_AI/Model_AIIC_refactor/experiments_refactored/20260428_054018_default_6port_separator1_learned_dense_v2/separator1_grid_search_6ports_learned_dense_hd16_depth3_stages1_share1,default_6port_separator1_learned_dense_v2,separator1_grid_search_6ports_learned_dense_hd16_depth3_stages1_share1,supervised_nmse_plateau,separator1,12,6,jit,bf16,bfloat16,64,1,ok,,179.623595,20,50,0.52601644,0.012020087998280214,0.510868,0.5215015000000001,0.5468959000000001,0.5510343,0.5542385799999999,0.555443,121669.20106147253,121.66920106147253,521.5015000000001,8.148460937500001,121669.20106147253,10656,9984,20856,single-thread,0.0078125,0.00390625,Intel(R) Xeon(R) 6760P,AVX512,"avx2,avx512f,avx512bw,avx512vl,avx512_vnni,avx512_bf16,amx_bf16,amx_int8,amx_tile,fma",True,True,,,,,,256,128,sh14l07002s1404,3.11.9,2.1.2+cu121
20260428_134843,2026-04-28T19:13:48.474089,cpu,pytorch,separator1_grid_search_6ports_learned_dense_hd16_depth3_stages1_share1,/home/liangyi/SRS_AI/Model_AIIC_refactor/experiments_refactored/20260428_054018_default_6port_separator1_learned_dense_v2/separator1_grid_search_6ports_learned_dense_hd16_depth3_stages1_share1,default_6port_separator1_learned_dense_v2,separator1_grid_search_6ports_learned_dense_hd16_depth3_stages1_share1,supervised_nmse_plateau,separator1,12,6,jit,bf16,bfloat16,64,2,ok,,184.599206,20,50,0.6444029,0.020172481527318355,0.619161,0.636628,0.6759287,0.68126355,0.68772714,0.689596,99316.74733307377,99.31674733307376,636.6279999999999,9.947312499999999,49658.373666536885,10656,9984,20856,sub-physical,0.015625,0.0078125,Intel(R) Xeon(R) 6760P,AVX512,"avx2,avx512f,avx512bw,avx512vl,avx512_vnni,avx512_bf16,amx_bf16,amx_int8,amx_tile,fma",True,True,,,,,,256,128,sh14l07002s1404,3.11.9,2.1.2+cu121
20260428_134843,2026-04-28T19:13:48.474089,cpu,pytorch,separator1_grid_search_6ports_learned_dense_hd16_depth3_stages1_share1,/home/liangyi/SRS_AI/Model_AIIC_refactor/experiments_refactored/20260428_054018_default_6port_separator1_learned_dense_v2/separator1_grid_search_6ports_learned_dense_hd16_depth3_stages1_share1,default_6port_separator1_learned_dense_v2,separator1_grid_search_6ports_learned_dense_hd16_depth3_stages1_share1,supervised_nmse_plateau,separator1,12,6,jit,bf16,bfloat16,64,4,ok,,183.984474,20,50,0.68674952,0.0232768310001512,0.657742,0.676276,0.7252841000000001,0.73289585,0.73617673,0.737266,93192.63885324594,93.19263885324594,676.276,10.5668125,23298.159713311485,10656,9984,20856,sub-physical,0.03125,0.015625,Intel(R) Xeon(R) 6760P,AVX512,"avx2,avx512f,avx512bw,avx512vl,avx512_vnni,avx512_bf16,amx_bf16,amx_int8,amx_tile,fma",True,True,,,,,,256,128,sh14l07002s1404,3.11.9,2.1.2+cu121
20260428_134843,2026-04-28T19:13:48.474089,cpu,pytorch,separator1_grid_search_6ports_learned_dense_hd16_depth3_stages1_share1,/home/liangyi/SRS_AI/Model_AIIC_refactor/experiments_refactored/20260428_054018_default_6port_separator1_learned_dense_v2/separator1_grid_search_6ports_learned_dense_hd16_depth3_stages1_share1,default_6port_separator1_learned_dense_v2,separator1_grid_search_6ports_learned_dense_hd16_depth3_stages1_share1,supervised_nmse_plateau,separator1,12,6,jit,bf16,bfloat16,64,8,ok,,186.828313,20,50,0.72504722,0.01466614075248154,0.69463,0.723457,0.7406872,0.74883925,0.7699911599999999,0.782396,88270.11294519548,88.27011294519548,723.457,11.304015625,11033.764118149435,10656,9984,20856,sub-physical,0.0625,0.03125,Intel(R) Xeon(R) 6760P,AVX512,"avx2,avx512f,avx512bw,avx512vl,avx512_vnni,avx512_bf16,amx_bf16,amx_int8,amx_tile,fma",True,True,,,,,,256,128,sh14l07002s1404,3.11.9,2.1.2+cu121
20260428_134843,2026-04-28T19:13:48.474089,cpu,pytorch,separator1_grid_search_6ports_learned_dense_hd16_depth3_stages1_share1,/home/liangyi/SRS_AI/Model_AIIC_refactor/experiments_refactored/20260428_054018_default_6port_separator1_learned_dense_v2/separator1_grid_search_6ports_learned_dense_hd16_depth3_stages1_share1,default_6port_separator1_learned_dense_v2,separator1_grid_search_6ports_learned_dense_hd16_depth3_stages1_share1,supervised_nmse_plateau,separator1,12,6,jit,bf16,bfloat16,128,1,ok,,180.643918,20,50,0.6346835,0.013830560159660924,0.620256,0.6287855,0.6603205,0.6615906500000001,0.66221027,0.662346,201675.32321227825,201.67532321227824,628.7855,4.91238671875,201675.32321227825,10656,9984,20856,single-thread,0.0078125,0.00390625,Intel(R) Xeon(R) 6760P,AVX512,"avx2,avx512f,avx512bw,avx512vl,avx512_vnni,avx512_bf16,amx_bf16,amx_int8,amx_tile,fma",True,True,,,,,,256,128,sh14l07002s1404,3.11.9,2.1.2+cu121
20260428_134843,2026-04-28T19:13:48.474089,cpu,pytorch,separator1_grid_search_6ports_learned_dense_hd16_depth3_stages1_share1,/home/liangyi/SRS_AI/Model_AIIC_refactor/experiments_refactored/20260428_054018_default_6port_separator1_learned_dense_v2/separator1_grid_search_6ports_learned_dense_hd16_depth3_stages1_share1,default_6port_separator1_learned_dense_v2,separator1_grid_search_6ports_learned_dense_hd16_depth3_stages1_share1,supervised_nmse_plateau,separator1,12,6,jit,bf16,bfloat16,128,2,ok,,182.313854,20,50,0.76866456,0.015070795656713015,0.744832,0.764874,0.7937401,0.79555985,0.7966127700000001,0.796675,166522.57260306107,166.52257260306106,764.874,5.975578125,83261.28630153053,10656,9984,20856,sub-physical,0.015625,0.0078125,Intel(R) Xeon(R) 6760P,AVX512,"avx2,avx512f,avx512bw,avx512vl,avx512_vnni,avx512_bf16,amx_bf16,amx_int8,amx_tile,fma",True,True,,,,,,256,128,sh14l07002s1404,3.11.9,2.1.2+cu121
20260428_134843,2026-04-28T19:13:48.474089,cpu,pytorch,separator1_grid_search_6ports_learned_dense_hd16_depth3_stages1_share1,/home/liangyi/SRS_AI/Model_AIIC_refactor/experiments_refactored/20260428_054018_default_6port_separator1_learned_dense_v2/separator1_grid_search_6ports_learned_dense_hd16_depth3_stages1_share1,default_6port_separator1_learned_dense_v2,separator1_grid_search_6ports_learned_dense_hd16_depth3_stages1_share1,supervised_nmse_plateau,separator1,12,6,jit,bf16,bfloat16,128,4,ok,,185.396432,20,50,0.77642776,0.01151157421651791,0.746823,0.7786695,0.7901174,0.7922443499999999,0.79721254,0.798415,164857.5779928322,164.8575779928322,778.6695,6.08335546875,41214.39449820805,10656,9984,20856,sub-physical,0.03125,0.015625,Intel(R) Xeon(R) 6760P,AVX512,"avx2,avx512f,avx512bw,avx512vl,avx512_vnni,avx512_bf16,amx_bf16,amx_int8,amx_tile,fma",True,True,,,,,,256,128,sh14l07002s1404,3.11.9,2.1.2+cu121
20260428_134843,2026-04-28T19:13:48.474089,cpu,pytorch,separator1_grid_search_6ports_learned_dense_hd16_depth3_stages1_share1,/home/liangyi/SRS_AI/Model_AIIC_refactor/experiments_refactored/20260428_054018_default_6port_separator1_learned_dense_v2/separator1_grid_search_6ports_learned_dense_hd16_depth3_stages1_share1,default_6port_separator1_learned_dense_v2,separator1_grid_search_6ports_learned_dense_hd16_depth3_stages1_share1,supervised_nmse_plateau,separator1,12,6,jit,bf16,bfloat16,128,8,ok,,188.775804,20,50,0.83498642,0.01171765446169155,0.809142,0.836908,0.8499774,0.8527954,0.85452726,0.855177,153295.90629749405,153.29590629749404,836.908,6.53834375,19161.988287186756,10656,9984,20856,sub-physical,0.0625,0.03125,Intel(R) Xeon(R) 6760P,AVX512,"avx2,avx512f,avx512bw,avx512vl,avx512_vnni,avx512_bf16,amx_bf16,amx_int8,amx_tile,fma",True,True,,,,,,256,128,sh14l07002s1404,3.11.9,2.1.2+cu121
20260428_134843,2026-04-28T19:13:48.474089,cpu,pytorch,separator1_grid_search_6ports_learned_dense_hd16_depth3_stages1_share1,/home/liangyi/SRS_AI/Model_AIIC_refactor/experiments_refactored/20260428_054018_default_6port_separator1_learned_dense_v2/separator1_grid_search_6ports_learned_dense_hd16_depth3_stages1_share1,default_6port_separator1_learned_dense_v2,separator1_grid_search_6ports_learned_dense_hd16_depth3_stages1_share1,supervised_nmse_plateau,separator1,12,6,compile,fp32,float32,1,1,ok,,494.407806,20,50,0.25508078,0.002828165683194677,0.251427,0.2545235,0.2584783,0.25969355,0.26450654,0.265366,3920.3267294384154,3.9203267294384156,254.5235,254.5235,3920.3267294384154,10656,9984,20856,single-thread,0.0078125,0.00390625,Intel(R) Xeon(R) 6760P,AVX512,"avx2,avx512f,avx512bw,avx512vl,avx512_vnni,avx512_bf16,amx_bf16,amx_int8,amx_tile,fma",True,True,,,,,,256,128,sh14l07002s1404,3.11.9,2.1.2+cu121
20260428_134843,2026-04-28T19:13:48.474089,cpu,pytorch,separator1_grid_search_6ports_learned_dense_hd16_depth3_stages1_share1,/home/liangyi/SRS_AI/Model_AIIC_refactor/experiments_refactored/20260428_054018_default_6port_separator1_learned_dense_v2/separator1_grid_search_6ports_learned_dense_hd16_depth3_stages1_share1,default_6port_separator1_learned_dense_v2,separator1_grid_search_6ports_learned_dense_hd16_depth3_stages1_share1,supervised_nmse_plateau,separator1,12,6,compile,fp32,float32,1,2,ok,,507.039084,20,50,0.2588652,0.0027488778146727393,0.254296,0.2582315,0.26261419999999996,0.2637617,0.26636349,0.267049,3863.0144183150146,3.863014418315015,258.2315,258.2315,1931.5072091575073,10656,9984,20856,sub-physical,0.015625,0.0078125,Intel(R) Xeon(R) 6760P,AVX512,"avx2,avx512f,avx512bw,avx512vl,avx512_vnni,avx512_bf16,amx_bf16,amx_int8,amx_tile,fma",True,True,,,,,,256,128,sh14l07002s1404,3.11.9,2.1.2+cu121
20260428_134843,2026-04-28T19:13:48.474089,cpu,pytorch,separator1_grid_search_6ports_learned_dense_hd16_depth3_stages1_share1,/home/liangyi/SRS_AI/Model_AIIC_refactor/experiments_refactored/20260428_054018_default_6port_separator1_learned_dense_v2/separator1_grid_search_6ports_learned_dense_hd16_depth3_stages1_share1,default_6port_separator1_learned_dense_v2,separator1_grid_search_6ports_learned_dense_hd16_depth3_stages1_share1,supervised_nmse_plateau,separator1,12,6,compile,fp32,float32,1,4,ok,,510.371878,20,50,0.25759642,0.0029587016415312988,0.252479,0.2567695,0.262032,0.2631655,0.26509391,0.266241,3882.0415283721727,3.8820415283721728,256.7695,256.7695,970.5103820930432,10656,9984,20856,sub-physical,0.03125,0.015625,Intel(R) Xeon(R) 6760P,AVX512,"avx2,avx512f,avx512bw,avx512vl,avx512_vnni,avx512_bf16,amx_bf16,amx_int8,amx_tile,fma",True,True,,,,,,256,128,sh14l07002s1404,3.11.9,2.1.2+cu121
20260428_134843,2026-04-28T19:13:48.474089,cpu,pytorch,separator1_grid_search_6ports_learned_dense_hd16_depth3_stages1_share1,/home/liangyi/SRS_AI/Model_AIIC_refactor/experiments_refactored/20260428_054018_default_6port_separator1_learned_dense_v2/separator1_grid_search_6ports_learned_dense_hd16_depth3_stages1_share1,default_6port_separator1_learned_dense_v2,separator1_grid_search_6ports_learned_dense_hd16_depth3_stages1_share1,supervised_nmse_plateau,separator1,12,6,compile,fp32,float32,1,8,ok,,539.13221,20,50,0.25967646,0.007123538441561189,0.253274,0.25777300000000003,0.2622982,0.27399155,0.28817451,0.289645,3850.945903991452,3.8509459039914518,257.773,257.773,481.3682379989315,10656,9984,20856,sub-physical,0.0625,0.03125,Intel(R) Xeon(R) 6760P,AVX512,"avx2,avx512f,avx512bw,avx512vl,avx512_vnni,avx512_bf16,amx_bf16,amx_int8,amx_tile,fma",True,True,,,,,,256,128,sh14l07002s1404,3.11.9,2.1.2+cu121
20260428_134843,2026-04-28T19:13:48.474089,cpu,pytorch,separator1_grid_search_6ports_learned_dense_hd16_depth3_stages1_share1,/home/liangyi/SRS_AI/Model_AIIC_refactor/experiments_refactored/20260428_054018_default_6port_separator1_learned_dense_v2/separator1_grid_search_6ports_learned_dense_hd16_depth3_stages1_share1,default_6port_separator1_learned_dense_v2,separator1_grid_search_6ports_learned_dense_hd16_depth3_stages1_share1,supervised_nmse_plateau,separator1,12,6,compile,fp32,float32,2,1,ok,,493.304712,20,50,0.26105702,0.0032984922585326767,0.257179,0.26002000000000003,0.2644766,0.26470140000000003,0.27200577,0.278242,7661.161534748234,7.661161534748234,260.02000000000004,130.01000000000002,7661.161534748234,10656,9984,20856,single-thread,0.0078125,0.00390625,Intel(R) Xeon(R) 6760P,AVX512,"avx2,avx512f,avx512bw,avx512vl,avx512_vnni,avx512_bf16,amx_bf16,amx_int8,amx_tile,fma",True,True,,,,,,256,128,sh14l07002s1404,3.11.9,2.1.2+cu121
20260428_134843,2026-04-28T19:13:48.474089,cpu,pytorch,separator1_grid_search_6ports_learned_dense_hd16_depth3_stages1_share1,/home/liangyi/SRS_AI/Model_AIIC_refactor/experiments_refactored/20260428_054018_default_6port_separator1_learned_dense_v2/separator1_grid_search_6ports_learned_dense_hd16_depth3_stages1_share1,default_6port_separator1_learned_dense_v2,separator1_grid_search_6ports_learned_dense_hd16_depth3_stages1_share1,supervised_nmse_plateau,separator1,12,6,compile,fp32,float32,2,2,ok,,509.694791,20,50,0.25939328,0.0022989798958668577,0.255376,0.25935050000000004,0.2618781,0.26273075,0.26582287,0.267213,7710.299973846663,7.710299973846663,259.3505,129.67525,3855.1499869233317,10656,9984,20856,sub-physical,0.015625,0.0078125,Intel(R) Xeon(R) 6760P,AVX512,"avx2,avx512f,avx512bw,avx512vl,avx512_vnni,avx512_bf16,amx_bf16,amx_int8,amx_tile,fma",True,True,,,,,,256,128,sh14l07002s1404,3.11.9,2.1.2+cu121
20260428_134843,2026-04-28T19:13:48.474089,cpu,pytorch,separator1_grid_search_6ports_learned_dense_hd16_depth3_stages1_share1,/home/liangyi/SRS_AI/Model_AIIC_refactor/experiments_refactored/20260428_054018_default_6port_separator1_learned_dense_v2/separator1_grid_search_6ports_learned_dense_hd16_depth3_stages1_share1,default_6port_separator1_learned_dense_v2,separator1_grid_search_6ports_learned_dense_hd16_depth3_stages1_share1,supervised_nmse_plateau,separator1,12,6,compile,fp32,float32,2,4,ok,,517.206015,20,50,0.2571855,0.0031297288844243324,0.252051,0.256492,0.26073440000000003,0.2635937,0.26723819,0.268742,7776.488176821788,7.776488176821788,256.492,128.246,1944.122044205447,10656,9984,20856,sub-physical,0.03125,0.015625,Intel(R) Xeon(R) 6760P,AVX512,"avx2,avx512f,avx512bw,avx512vl,avx512_vnni,avx512_bf16,amx_bf16,amx_int8,amx_tile,fma",True,True,,,,,,256,128,sh14l07002s1404,3.11.9,2.1.2+cu121
20260428_134843,2026-04-28T19:13:48.474089,cpu,pytorch,separator1_grid_search_6ports_learned_dense_hd16_depth3_stages1_share1,/home/liangyi/SRS_AI/Model_AIIC_refactor/experiments_refactored/20260428_054018_default_6port_separator1_learned_dense_v2/separator1_grid_search_6ports_learned_dense_hd16_depth3_stages1_share1,default_6port_separator1_learned_dense_v2,separator1_grid_search_6ports_learned_dense_hd16_depth3_stages1_share1,supervised_nmse_plateau,separator1,12,6,compile,fp32,float32,2,8,ok,,540.783381,20,50,0.25352116,0.0022770448248552325,0.248057,0.2534805,0.2562192,0.2570971,0.25970468999999996,0.261625,7888.887854568037,7.888887854568037,253.4805,126.74025,986.1109818210047,10656,9984,20856,sub-physical,0.0625,0.03125,Intel(R) Xeon(R) 6760P,AVX512,"avx2,avx512f,avx512bw,avx512vl,avx512_vnni,avx512_bf16,amx_bf16,amx_int8,amx_tile,fma",True,True,,,,,,256,128,sh14l07002s1404,3.11.9,2.1.2+cu121
20260428_134843,2026-04-28T19:13:48.474089,cpu,pytorch,separator1_grid_search_6ports_learned_dense_hd16_depth3_stages1_share1,/home/liangyi/SRS_AI/Model_AIIC_refactor/experiments_refactored/20260428_054018_default_6port_separator1_learned_dense_v2/separator1_grid_search_6ports_learned_dense_hd16_depth3_stages1_share1,default_6port_separator1_learned_dense_v2,separator1_grid_search_6ports_learned_dense_hd16_depth3_stages1_share1,supervised_nmse_plateau,separator1,12,6,compile,fp32,float32,4,1,ok,,491.136839,20,50,0.25733904,0.0024358984294095692,0.252905,0.257331,0.26023240000000003,0.2620612,0.26361839,0.264152,15543.696751180853,15.543696751180853,257.33099999999996,64.33274999999999,15543.696751180853,10656,9984,20856,single-thread,0.0078125,0.00390625,Intel(R) Xeon(R) 6760P,AVX512,"avx2,avx512f,avx512bw,avx512vl,avx512_vnni,avx512_bf16,amx_bf16,amx_int8,amx_tile,fma",True,True,,,,,,256,128,sh14l07002s1404,3.11.9,2.1.2+cu121
20260428_134843,2026-04-28T19:13:48.474089,cpu,pytorch,separator1_grid_search_6ports_learned_dense_hd16_depth3_stages1_share1,/home/liangyi/SRS_AI/Model_AIIC_refactor/experiments_refactored/20260428_054018_default_6port_separator1_learned_dense_v2/separator1_grid_search_6ports_learned_dense_hd16_depth3_stages1_share1,default_6port_separator1_learned_dense_v2,separator1_grid_search_6ports_learned_dense_hd16_depth3_stages1_share1,supervised_nmse_plateau,separator1,12,6,compile,fp32,float32,4,2,ok,,518.987487,20,50,0.26157728,0.00921225305349348,0.253835,0.2591795,0.2680188,0.28325659999999997,0.29584754999999996,0.299917,15291.847977010848,15.291847977010848,259.1795,64.794875,7645.923988505424,10656,9984,20856,sub-physical,0.015625,0.0078125,Intel(R) Xeon(R) 6760P,AVX512,"avx2,avx512f,avx512bw,avx512vl,avx512_vnni,avx512_bf16,amx_bf16,amx_int8,amx_tile,fma",True,True,,,,,,256,128,sh14l07002s1404,3.11.9,2.1.2+cu121
20260428_134843,2026-04-28T19:13:48.474089,cpu,pytorch,separator1_grid_search_6ports_learned_dense_hd16_depth3_stages1_share1,/home/liangyi/SRS_AI/Model_AIIC_refactor/experiments_refactored/20260428_054018_default_6port_separator1_learned_dense_v2/separator1_grid_search_6ports_learned_dense_hd16_depth3_stages1_share1,default_6port_separator1_learned_dense_v2,separator1_grid_search_6ports_learned_dense_hd16_depth3_stages1_share1,supervised_nmse_plateau,separator1,12,6,compile,fp32,float32,4,4,ok,,505.390048,20,50,0.25561488,0.003036405925695705,0.250645,0.2549,0.25969990000000004,0.26191925,0.26302518999999996,0.263794,15648.541274279494,15.648541274279495,254.9,63.725,3912.1353185698736,10656,9984,20856,sub-physical,0.03125,0.015625,Intel(R) Xeon(R) 6760P,AVX512,"avx2,avx512f,avx512bw,avx512vl,avx512_vnni,avx512_bf16,amx_bf16,amx_int8,amx_tile,fma",True,True,,,,,,256,128,sh14l07002s1404,3.11.9,2.1.2+cu121
20260428_134843,2026-04-28T19:13:48.474089,cpu,pytorch,separator1_grid_search_6ports_learned_dense_hd16_depth3_stages1_share1,/home/liangyi/SRS_AI/Model_AIIC_refactor/experiments_refactored/20260428_054018_default_6port_separator1_learned_dense_v2/separator1_grid_search_6ports_learned_dense_hd16_depth3_stages1_share1,default_6port_separator1_learned_dense_v2,separator1_grid_search_6ports_learned_dense_hd16_depth3_stages1_share1,supervised_nmse_plateau,separator1,12,6,compile,fp32,float32,4,8,ok,,534.718287,20,50,0.26109498,0.0029437054437562163,0.255327,0.2607125,0.2647704,0.26652425,0.26791433,0.268004,15320.095392105972,15.320095392105971,260.71250000000003,65.17812500000001,1915.0119240132465,10656,9984,20856,sub-physical,0.0625,0.03125,Intel(R) Xeon(R) 6760P,AVX512,"avx2,avx512f,avx512bw,avx512vl,avx512_vnni,avx512_bf16,amx_bf16,amx_int8,amx_tile,fma",True,True,,,,,,256,128,sh14l07002s1404,3.11.9,2.1.2+cu121
20260428_134843,2026-04-28T19:13:48.474089,cpu,pytorch,separator1_grid_search_6ports_learned_dense_hd16_depth3_stages1_share1,/home/liangyi/SRS_AI/Model_AIIC_refactor/experiments_refactored/20260428_054018_default_6port_separator1_learned_dense_v2/separator1_grid_search_6ports_learned_dense_hd16_depth3_stages1_share1,default_6port_separator1_learned_dense_v2,separator1_grid_search_6ports_learned_dense_hd16_depth3_stages1_share1,supervised_nmse_plateau,separator1,12,6,compile,fp32,float32,8,1,ok,,498.02884,20,50,0.25907194,0.002619985239729417,0.25462,0.258396,0.2628391,0.264022,0.26594278000000005,0.266863,30879.453791869546,30.879453791869548,258.396,32.2995,30879.453791869546,10656,9984,20856,single-thread,0.0078125,0.00390625,Intel(R) Xeon(R) 6760P,AVX512,"avx2,avx512f,avx512bw,avx512vl,avx512_vnni,avx512_bf16,amx_bf16,amx_int8,amx_tile,fma",True,True,,,,,,256,128,sh14l07002s1404,3.11.9,2.1.2+cu121
20260428_134843,2026-04-28T19:13:48.474089,cpu,pytorch,separator1_grid_search_6ports_learned_dense_hd16_depth3_stages1_share1,/home/liangyi/SRS_AI/Model_AIIC_refactor/experiments_refactored/20260428_054018_default_6port_separator1_learned_dense_v2/separator1_grid_search_6ports_learned_dense_hd16_depth3_stages1_share1,default_6port_separator1_learned_dense_v2,separator1_grid_search_6ports_learned_dense_hd16_depth3_stages1_share1,supervised_nmse_plateau,separator1,12,6,compile,fp32,float32,8,2,ok,,514.515113,20,50,0.26232304,0.009590472167646384,0.25424,0.2595285,0.2664877,0.28542339999999994,0.29823437999999997,0.298645,30496.749351486622,30.49674935148662,259.5285,32.4410625,15248.374675743311,10656,9984,20856,sub-physical,0.015625,0.0078125,Intel(R) Xeon(R) 6760P,AVX512,"avx2,avx512f,avx512bw,avx512vl,avx512_vnni,avx512_bf16,amx_bf16,amx_int8,amx_tile,fma",True,True,,,,,,256,128,sh14l07002s1404,3.11.9,2.1.2+cu121
20260428_134843,2026-04-28T19:13:48.474089,cpu,pytorch,separator1_grid_search_6ports_learned_dense_hd16_depth3_stages1_share1,/home/liangyi/SRS_AI/Model_AIIC_refactor/experiments_refactored/20260428_054018_default_6port_separator1_learned_dense_v2/separator1_grid_search_6ports_learned_dense_hd16_depth3_stages1_share1,default_6port_separator1_learned_dense_v2,separator1_grid_search_6ports_learned_dense_hd16_depth3_stages1_share1,supervised_nmse_plateau,separator1,12,6,compile,fp32,float32,8,4,ok,,524.078174,20,50,0.2583769,0.002581715795745147,0.25395,0.257977,0.26175980000000004,0.2637258,0.26503794999999997,0.265991,30962.520256261294,30.962520256261293,257.97700000000003,32.247125000000004,7740.6300640653235,10656,9984,20856,sub-physical,0.03125,0.015625,Intel(R) Xeon(R) 6760P,AVX512,"avx2,avx512f,avx512bw,avx512vl,avx512_vnni,avx512_bf16,amx_bf16,amx_int8,amx_tile,fma",True,True,,,,,,256,128,sh14l07002s1404,3.11.9,2.1.2+cu121
20260428_134843,2026-04-28T19:13:48.474089,cpu,pytorch,separator1_grid_search_6ports_learned_dense_hd16_depth3_stages1_share1,/home/liangyi/SRS_AI/Model_AIIC_refactor/experiments_refactored/20260428_054018_default_6port_separator1_learned_dense_v2/separator1_grid_search_6ports_learned_dense_hd16_depth3_stages1_share1,default_6port_separator1_learned_dense_v2,separator1_grid_search_6ports_learned_dense_hd16_depth3_stages1_share1,supervised_nmse_plateau,separator1,12,6,compile,fp32,float32,8,8,ok,,534.660638,20,50,0.25889522,0.003070439136605701,0.254313,0.258303,0.2632139,0.26485745,0.26675179,0.267599,30900.531883130174,30.900531883130174,258.303,32.287875,3862.5664853912717,10656,9984,20856,sub-physical,0.0625,0.03125,Intel(R) Xeon(R) 6760P,AVX512,"avx2,avx512f,avx512bw,avx512vl,avx512_vnni,avx512_bf16,amx_bf16,amx_int8,amx_tile,fma",True,True,,,,,,256,128,sh14l07002s1404,3.11.9,2.1.2+cu121
20260428_134843,2026-04-28T19:13:48.474089,cpu,pytorch,separator1_grid_search_6ports_learned_dense_hd16_depth3_stages1_share1,/home/liangyi/SRS_AI/Model_AIIC_refactor/experiments_refactored/20260428_054018_default_6port_separator1_learned_dense_v2/separator1_grid_search_6ports_learned_dense_hd16_depth3_stages1_share1,default_6port_separator1_learned_dense_v2,separator1_grid_search_6ports_learned_dense_hd16_depth3_stages1_share1,supervised_nmse_plateau,separator1,12,6,compile,fp32,float32,16,1,ok,,497.857921,20,50,0.26488592,0.002287349880013986,0.261267,0.26426950000000005,0.2677721,0.2681143,0.27042839,0.27106,60403.36156787798,60.40336156787798,264.26950000000005,16.516843750000003,60403.36156787798,10656,9984,20856,single-thread,0.0078125,0.00390625,Intel(R) Xeon(R) 6760P,AVX512,"avx2,avx512f,avx512bw,avx512vl,avx512_vnni,avx512_bf16,amx_bf16,amx_int8,amx_tile,fma",True,True,,,,,,256,128,sh14l07002s1404,3.11.9,2.1.2+cu121
20260428_134843,2026-04-28T19:13:48.474089,cpu,pytorch,separator1_grid_search_6ports_learned_dense_hd16_depth3_stages1_share1,/home/liangyi/SRS_AI/Model_AIIC_refactor/experiments_refactored/20260428_054018_default_6port_separator1_learned_dense_v2/separator1_grid_search_6ports_learned_dense_hd16_depth3_stages1_share1,default_6port_separator1_learned_dense_v2,separator1_grid_search_6ports_learned_dense_hd16_depth3_stages1_share1,supervised_nmse_plateau,separator1,12,6,compile,fp32,float32,16,2,ok,,508.566776,20,50,0.2610286,0.002758263344932825,0.255287,0.260888,0.264996,0.26702225,0.26771754999999997,0.267818,61295.96526970608,61.29596526970608,260.88800000000003,16.305500000000002,30647.98263485304,10656,9984,20856,sub-physical,0.015625,0.0078125,Intel(R) Xeon(R) 6760P,AVX512,"avx2,avx512f,avx512bw,avx512vl,avx512_vnni,avx512_bf16,amx_bf16,amx_int8,amx_tile,fma",True,True,,,,,,256,128,sh14l07002s1404,3.11.9,2.1.2+cu121
20260428_134843,2026-04-28T19:13:48.474089,cpu,pytorch,separator1_grid_search_6ports_learned_dense_hd16_depth3_stages1_share1,/home/liangyi/SRS_AI/Model_AIIC_refactor/experiments_refactored/20260428_054018_default_6port_separator1_learned_dense_v2/separator1_grid_search_6ports_learned_dense_hd16_depth3_stages1_share1,default_6port_separator1_learned_dense_v2,separator1_grid_search_6ports_learned_dense_hd16_depth3_stages1_share1,supervised_nmse_plateau,separator1,12,6,compile,fp32,float32,16,4,ok,,503.048637,20,50,0.26490364,0.002191886609840938,0.260999,0.2648525,0.2675579,0.26898725,0.27016524,0.27052,60399.32105123207,60.39932105123207,264.85249999999996,16.553281249999998,15099.830262808018,10656,9984,20856,sub-physical,0.03125,0.015625,Intel(R) Xeon(R) 6760P,AVX512,"avx2,avx512f,avx512bw,avx512vl,avx512_vnni,avx512_bf16,amx_bf16,amx_int8,amx_tile,fma",True,True,,,,,,256,128,sh14l07002s1404,3.11.9,2.1.2+cu121
20260428_134843,2026-04-28T19:13:48.474089,cpu,pytorch,separator1_grid_search_6ports_learned_dense_hd16_depth3_stages1_share1,/home/liangyi/SRS_AI/Model_AIIC_refactor/experiments_refactored/20260428_054018_default_6port_separator1_learned_dense_v2/separator1_grid_search_6ports_learned_dense_hd16_depth3_stages1_share1,default_6port_separator1_learned_dense_v2,separator1_grid_search_6ports_learned_dense_hd16_depth3_stages1_share1,supervised_nmse_plateau,separator1,12,6,compile,fp32,float32,16,8,ok,,543.382255,20,50,0.2624742,0.009624083692487302,0.25591,0.25963,0.2646947,0.28256989999999993,0.30037014,0.300671,60958.372289543135,60.958372289543135,259.63000000000005,16.226875000000003,7619.796536192892,10656,9984,20856,sub-physical,0.0625,0.03125,Intel(R) Xeon(R) 6760P,AVX512,"avx2,avx512f,avx512bw,avx512vl,avx512_vnni,avx512_bf16,amx_bf16,amx_int8,amx_tile,fma",True,True,,,,,,256,128,sh14l07002s1404,3.11.9,2.1.2+cu121
20260428_134843,2026-04-28T19:13:48.474089,cpu,pytorch,separator1_grid_search_6ports_learned_dense_hd16_depth3_stages1_share1,/home/liangyi/SRS_AI/Model_AIIC_refactor/experiments_refactored/20260428_054018_default_6port_separator1_learned_dense_v2/separator1_grid_search_6ports_learned_dense_hd16_depth3_stages1_share1,default_6port_separator1_learned_dense_v2,separator1_grid_search_6ports_learned_dense_hd16_depth3_stages1_share1,supervised_nmse_plateau,separator1,12,6,compile,fp32,float32,32,1,ok,,492.601817,20,50,0.27040508,0.003456605397438363,0.265084,0.270285,0.2750656,0.2755217,0.27863647999999996,0.281159,118340.971996532,118.34097199653199,270.285,8.44640625,118340.971996532,10656,9984,20856,single-thread,0.0078125,0.00390625,Intel(R) Xeon(R) 6760P,AVX512,"avx2,avx512f,avx512bw,avx512vl,avx512_vnni,avx512_bf16,amx_bf16,amx_int8,amx_tile,fma",True,True,,,,,,256,128,sh14l07002s1404,3.11.9,2.1.2+cu121
20260428_134843,2026-04-28T19:13:48.474089,cpu,pytorch,separator1_grid_search_6ports_learned_dense_hd16_depth3_stages1_share1,/home/liangyi/SRS_AI/Model_AIIC_refactor/experiments_refactored/20260428_054018_default_6port_separator1_learned_dense_v2/separator1_grid_search_6ports_learned_dense_hd16_depth3_stages1_share1,default_6port_separator1_learned_dense_v2,separator1_grid_search_6ports_learned_dense_hd16_depth3_stages1_share1,supervised_nmse_plateau,separator1,12,6,compile,fp32,float32,32,2,ok,,517.681544,20,50,0.26867144,0.005062454990061638,0.263238,0.267864,0.2716136,0.2730465,0.2871374299999999,0.299629,119104.58365057336,119.10458365057336,267.864,8.37075,59552.29182528668,10656,9984,20856,sub-physical,0.015625,0.0078125,Intel(R) Xeon(R) 6760P,AVX512,"avx2,avx512f,avx512bw,avx512vl,avx512_vnni,avx512_bf16,amx_bf16,amx_int8,amx_tile,fma",True,True,,,,,,256,128,sh14l07002s1404,3.11.9,2.1.2+cu121
20260428_134843,2026-04-28T19:13:48.474089,cpu,pytorch,separator1_grid_search_6ports_learned_dense_hd16_depth3_stages1_share1,/home/liangyi/SRS_AI/Model_AIIC_refactor/experiments_refactored/20260428_054018_default_6port_separator1_learned_dense_v2/separator1_grid_search_6ports_learned_dense_hd16_depth3_stages1_share1,default_6port_separator1_learned_dense_v2,separator1_grid_search_6ports_learned_dense_hd16_depth3_stages1_share1,supervised_nmse_plateau,separator1,12,6,compile,fp32,float32,32,4,ok,,507.34704,20,50,0.27479264,0.014317348724900151,0.262445,0.270018,0.28489700000000007,0.31408115,0.31939543,0.322871,116451.44498775514,116.45144498775514,270.018,8.4380625,29112.861246938784,10656,9984,20856,sub-physical,0.03125,0.015625,Intel(R) Xeon(R) 6760P,AVX512,"avx2,avx512f,avx512bw,avx512vl,avx512_vnni,avx512_bf16,amx_bf16,amx_int8,amx_tile,fma",True,True,,,,,,256,128,sh14l07002s1404,3.11.9,2.1.2+cu121
20260428_134843,2026-04-28T19:13:48.474089,cpu,pytorch,separator1_grid_search_6ports_learned_dense_hd16_depth3_stages1_share1,/home/liangyi/SRS_AI/Model_AIIC_refactor/experiments_refactored/20260428_054018_default_6port_separator1_learned_dense_v2/separator1_grid_search_6ports_learned_dense_hd16_depth3_stages1_share1,default_6port_separator1_learned_dense_v2,separator1_grid_search_6ports_learned_dense_hd16_depth3_stages1_share1,supervised_nmse_plateau,separator1,12,6,compile,fp32,float32,32,8,ok,,539.529131,20,50,0.26835675999999997,0.003291989055631868,0.262583,0.26797649999999995,0.2730072,0.2743412,0.27661652999999997,0.27701,119244.24784380317,119.24424784380317,267.97649999999993,8.374265624999998,14905.530980475396,10656,9984,20856,sub-physical,0.0625,0.03125,Intel(R) Xeon(R) 6760P,AVX512,"avx2,avx512f,avx512bw,avx512vl,avx512_vnni,avx512_bf16,amx_bf16,amx_int8,amx_tile,fma",True,True,,,,,,256,128,sh14l07002s1404,3.11.9,2.1.2+cu121
20260428_134843,2026-04-28T19:13:48.474089,cpu,pytorch,separator1_grid_search_6ports_learned_dense_hd16_depth3_stages1_share1,/home/liangyi/SRS_AI/Model_AIIC_refactor/experiments_refactored/20260428_054018_default_6port_separator1_learned_dense_v2/separator1_grid_search_6ports_learned_dense_hd16_depth3_stages1_share1,default_6port_separator1_learned_dense_v2,separator1_grid_search_6ports_learned_dense_hd16_depth3_stages1_share1,supervised_nmse_plateau,separator1,12,6,compile,fp32,float32,64,1,ok,,498.938628,20,50,0.28309614,0.0033404916285481078,0.277972,0.28218,0.2889121,0.2903125,0.29100757,0.291305,226071.60945394737,226.07160945394736,282.18,4.4090625,226071.60945394737,10656,9984,20856,single-thread,0.0078125,0.00390625,Intel(R) Xeon(R) 6760P,AVX512,"avx2,avx512f,avx512bw,avx512vl,avx512_vnni,avx512_bf16,amx_bf16,amx_int8,amx_tile,fma",True,True,,,,,,256,128,sh14l07002s1404,3.11.9,2.1.2+cu121
20260428_134843,2026-04-28T19:13:48.474089,cpu,pytorch,separator1_grid_search_6ports_learned_dense_hd16_depth3_stages1_share1,/home/liangyi/SRS_AI/Model_AIIC_refactor/experiments_refactored/20260428_054018_default_6port_separator1_learned_dense_v2/separator1_grid_search_6ports_learned_dense_hd16_depth3_stages1_share1,default_6port_separator1_learned_dense_v2,separator1_grid_search_6ports_learned_dense_hd16_depth3_stages1_share1,supervised_nmse_plateau,separator1,12,6,compile,fp32,float32,64,2,ok,,504.611725,20,50,0.28875022,0.005427527880315309,0.279539,0.287481,0.2957291,0.30150965,0.30278212,0.303376,221644.85277275287,221.64485277275287,287.481,4.491890625,110822.42638637644,10656,9984,20856,sub-physical,0.015625,0.0078125,Intel(R) Xeon(R) 6760P,AVX512,"avx2,avx512f,avx512bw,avx512vl,avx512_vnni,avx512_bf16,amx_bf16,amx_int8,amx_tile,fma",True,True,,,,,,256,128,sh14l07002s1404,3.11.9,2.1.2+cu121
20260428_134843,2026-04-28T19:13:48.474089,cpu,pytorch,separator1_grid_search_6ports_learned_dense_hd16_depth3_stages1_share1,/home/liangyi/SRS_AI/Model_AIIC_refactor/experiments_refactored/20260428_054018_default_6port_separator1_learned_dense_v2/separator1_grid_search_6ports_learned_dense_hd16_depth3_stages1_share1,default_6port_separator1_learned_dense_v2,separator1_grid_search_6ports_learned_dense_hd16_depth3_stages1_share1,supervised_nmse_plateau,separator1,12,6,compile,fp32,float32,64,4,ok,,516.473261,20,50,0.2809441,0.0026537625458959227,0.27762,0.280763,0.2846722,0.28588,0.28798066,0.288013,227803.3245759566,227.8033245759566,280.763,4.386921875,56950.83114398915,10656,9984,20856,sub-physical,0.03125,0.015625,Intel(R) Xeon(R) 6760P,AVX512,"avx2,avx512f,avx512bw,avx512vl,avx512_vnni,avx512_bf16,amx_bf16,amx_int8,amx_tile,fma",True,True,,,,,,256,128,sh14l07002s1404,3.11.9,2.1.2+cu121
20260428_134843,2026-04-28T19:13:48.474089,cpu,pytorch,separator1_grid_search_6ports_learned_dense_hd16_depth3_stages1_share1,/home/liangyi/SRS_AI/Model_AIIC_refactor/experiments_refactored/20260428_054018_default_6port_separator1_learned_dense_v2/separator1_grid_search_6ports_learned_dense_hd16_depth3_stages1_share1,default_6port_separator1_learned_dense_v2,separator1_grid_search_6ports_learned_dense_hd16_depth3_stages1_share1,supervised_nmse_plateau,separator1,12,6,compile,fp32,float32,64,8,ok,,545.902184,20,50,0.27766428,0.002648630695585929,0.272631,0.27738050000000003,0.2806504,0.28160655,0.28547592,0.288559,230494.17807720896,230.49417807720894,277.38050000000004,4.334070312500001,28811.77225965112,10656,9984,20856,sub-physical,0.0625,0.03125,Intel(R) Xeon(R) 6760P,AVX512,"avx2,avx512f,avx512bw,avx512vl,avx512_vnni,avx512_bf16,amx_bf16,amx_int8,amx_tile,fma",True,True,,,,,,256,128,sh14l07002s1404,3.11.9,2.1.2+cu121
20260428_134843,2026-04-28T19:13:48.474089,cpu,pytorch,separator1_grid_search_6ports_learned_dense_hd16_depth3_stages1_share1,/home/liangyi/SRS_AI/Model_AIIC_refactor/experiments_refactored/20260428_054018_default_6port_separator1_learned_dense_v2/separator1_grid_search_6ports_learned_dense_hd16_depth3_stages1_share1,default_6port_separator1_learned_dense_v2,separator1_grid_search_6ports_learned_dense_hd16_depth3_stages1_share1,supervised_nmse_plateau,separator1,12,6,compile,fp32,float32,128,1,ok,,493.356942,20,50,0.30096654,0.0024408133907367845,0.295811,0.300829,0.3038126,0.30482085000000003,0.30680926,0.307214,425296.446575091,425.296446575091,300.829,2.3502265625,425296.446575091,10656,9984,20856,single-thread,0.0078125,0.00390625,Intel(R) Xeon(R) 6760P,AVX512,"avx2,avx512f,avx512bw,avx512vl,avx512_vnni,avx512_bf16,amx_bf16,amx_int8,amx_tile,fma",True,True,,,,,,256,128,sh14l07002s1404,3.11.9,2.1.2+cu121
20260428_134843,2026-04-28T19:13:48.474089,cpu,pytorch,separator1_grid_search_6ports_learned_dense_hd16_depth3_stages1_share1,/home/liangyi/SRS_AI/Model_AIIC_refactor/experiments_refactored/20260428_054018_default_6port_separator1_learned_dense_v2/separator1_grid_search_6ports_learned_dense_hd16_depth3_stages1_share1,default_6port_separator1_learned_dense_v2,separator1_grid_search_6ports_learned_dense_hd16_depth3_stages1_share1,supervised_nmse_plateau,separator1,12,6,compile,fp32,float32,128,2,ok,,509.958686,20,50,0.31372404,0.006718586443471574,0.303555,0.3127345,0.3236063,0.3251523,0.32689339,0.327378,408001.885988718,408.001885988718,312.7345,2.44323828125,204000.942994359,10656,9984,20856,sub-physical,0.015625,0.0078125,Intel(R) Xeon(R) 6760P,AVX512,"avx2,avx512f,avx512bw,avx512vl,avx512_vnni,avx512_bf16,amx_bf16,amx_int8,amx_tile,fma",True,True,,,,,,256,128,sh14l07002s1404,3.11.9,2.1.2+cu121
20260428_134843,2026-04-28T19:13:48.474089,cpu,pytorch,separator1_grid_search_6ports_learned_dense_hd16_depth3_stages1_share1,/home/liangyi/SRS_AI/Model_AIIC_refactor/experiments_refactored/20260428_054018_default_6port_separator1_learned_dense_v2/separator1_grid_search_6ports_learned_dense_hd16_depth3_stages1_share1,default_6port_separator1_learned_dense_v2,separator1_grid_search_6ports_learned_dense_hd16_depth3_stages1_share1,supervised_nmse_plateau,separator1,12,6,compile,fp32,float32,128,4,ok,,516.080767,20,50,0.31575982,0.008540279179722405,0.2969,0.31679,0.3274257,0.3295249,0.33677343,0.337554,405371.399058943,405.371399058943,316.79,2.474921875,101342.84976473574,10656,9984,20856,sub-physical,0.03125,0.015625,Intel(R) Xeon(R) 6760P,AVX512,"avx2,avx512f,avx512bw,avx512vl,avx512_vnni,avx512_bf16,amx_bf16,amx_int8,amx_tile,fma",True,True,,,,,,256,128,sh14l07002s1404,3.11.9,2.1.2+cu121
20260428_134843,2026-04-28T19:13:48.474089,cpu,pytorch,separator1_grid_search_6ports_learned_dense_hd16_depth3_stages1_share1,/home/liangyi/SRS_AI/Model_AIIC_refactor/experiments_refactored/20260428_054018_default_6port_separator1_learned_dense_v2/separator1_grid_search_6ports_learned_dense_hd16_depth3_stages1_share1,default_6port_separator1_learned_dense_v2,separator1_grid_search_6ports_learned_dense_hd16_depth3_stages1_share1,supervised_nmse_plateau,separator1,12,6,compile,fp32,float32,128,8,ok,,537.68989,20,50,0.30334874,0.002518717910445711,0.2986,0.303485,0.3061097,0.30738975,0.30998643,0.310816,421956.5902927436,421.95659029274356,303.485,2.3709765625,52744.57378659295,10656,9984,20856,sub-physical,0.0625,0.03125,Intel(R) Xeon(R) 6760P,AVX512,"avx2,avx512f,avx512bw,avx512vl,avx512_vnni,avx512_bf16,amx_bf16,amx_int8,amx_tile,fma",True,True,,,,,,256,128,sh14l07002s1404,3.11.9,2.1.2+cu121
20260428_134843,2026-04-28T19:13:48.474089,cpu,pytorch,separator1_grid_search_6ports_learned_dense_hd16_depth3_stages1_share1,/home/liangyi/SRS_AI/Model_AIIC_refactor/experiments_refactored/20260428_054018_default_6port_separator1_learned_dense_v2/separator1_grid_search_6ports_learned_dense_hd16_depth3_stages1_share1,default_6port_separator1_learned_dense_v2,separator1_grid_search_6ports_learned_dense_hd16_depth3_stages1_share1,supervised_nmse_plateau,separator1,12,6,compile,bf16,bfloat16,1,1,ok,,495.409864,20,50,0.26037384,0.002506478265295752,0.253616,0.260403,0.26349069999999997,0.26493659999999997,0.26622968,0.266361,3840.6316087668406,3.8406316087668406,260.403,260.403,3840.6316087668406,10656,9984,20856,single-thread,0.0078125,0.00390625,Intel(R) Xeon(R) 6760P,AVX512,"avx2,avx512f,avx512bw,avx512vl,avx512_vnni,avx512_bf16,amx_bf16,amx_int8,amx_tile,fma",True,True,,,,,,256,128,sh14l07002s1404,3.11.9,2.1.2+cu121
20260428_134843,2026-04-28T19:13:48.474089,cpu,pytorch,separator1_grid_search_6ports_learned_dense_hd16_depth3_stages1_share1,/home/liangyi/SRS_AI/Model_AIIC_refactor/experiments_refactored/20260428_054018_default_6port_separator1_learned_dense_v2/separator1_grid_search_6ports_learned_dense_hd16_depth3_stages1_share1,default_6port_separator1_learned_dense_v2,separator1_grid_search_6ports_learned_dense_hd16_depth3_stages1_share1,supervised_nmse_plateau,separator1,12,6,compile,bf16,bfloat16,1,2,ok,,510.084733,20,50,0.25713138,0.0023633964956392773,0.25396,0.2566855,0.2589183,0.26061635,0.26575221,0.267894,3889.062470710498,3.889062470710498,256.6855,256.6855,1944.531235355249,10656,9984,20856,sub-physical,0.015625,0.0078125,Intel(R) Xeon(R) 6760P,AVX512,"avx2,avx512f,avx512bw,avx512vl,avx512_vnni,avx512_bf16,amx_bf16,amx_int8,amx_tile,fma",True,True,,,,,,256,128,sh14l07002s1404,3.11.9,2.1.2+cu121
20260428_134843,2026-04-28T19:13:48.474089,cpu,pytorch,separator1_grid_search_6ports_learned_dense_hd16_depth3_stages1_share1,/home/liangyi/SRS_AI/Model_AIIC_refactor/experiments_refactored/20260428_054018_default_6port_separator1_learned_dense_v2/separator1_grid_search_6ports_learned_dense_hd16_depth3_stages1_share1,default_6port_separator1_learned_dense_v2,separator1_grid_search_6ports_learned_dense_hd16_depth3_stages1_share1,supervised_nmse_plateau,separator1,12,6,compile,bf16,bfloat16,1,4,ok,,506.701109,20,50,0.2678822,0.002187819105867762,0.264404,0.2675015,0.2707571,0.27136005,0.27397202,0.27559,3732.9841251117095,3.7329841251117095,267.5015,267.5015,933.2460312779274,10656,9984,20856,sub-physical,0.03125,0.015625,Intel(R) Xeon(R) 6760P,AVX512,"avx2,avx512f,avx512bw,avx512vl,avx512_vnni,avx512_bf16,amx_bf16,amx_int8,amx_tile,fma",True,True,,,,,,256,128,sh14l07002s1404,3.11.9,2.1.2+cu121
20260428_134843,2026-04-28T19:13:48.474089,cpu,pytorch,separator1_grid_search_6ports_learned_dense_hd16_depth3_stages1_share1,/home/liangyi/SRS_AI/Model_AIIC_refactor/experiments_refactored/20260428_054018_default_6port_separator1_learned_dense_v2/separator1_grid_search_6ports_learned_dense_hd16_depth3_stages1_share1,default_6port_separator1_learned_dense_v2,separator1_grid_search_6ports_learned_dense_hd16_depth3_stages1_share1,supervised_nmse_plateau,separator1,12,6,compile,bf16,bfloat16,1,8,ok,,513.165607,20,50,0.2574392,0.002095353316269123,0.253237,0.257114,0.2606419,0.26103705,0.26200548,0.262568,3884.4123194913595,3.8844123194913593,257.11400000000003,257.11400000000003,485.55153993641994,10656,9984,20856,sub-physical,0.0625,0.03125,Intel(R) Xeon(R) 6760P,AVX512,"avx2,avx512f,avx512bw,avx512vl,avx512_vnni,avx512_bf16,amx_bf16,amx_int8,amx_tile,fma",True,True,,,,,,256,128,sh14l07002s1404,3.11.9,2.1.2+cu121
20260428_134843,2026-04-28T19:13:48.474089,cpu,pytorch,separator1_grid_search_6ports_learned_dense_hd16_depth3_stages1_share1,/home/liangyi/SRS_AI/Model_AIIC_refactor/experiments_refactored/20260428_054018_default_6port_separator1_learned_dense_v2/separator1_grid_search_6ports_learned_dense_hd16_depth3_stages1_share1,default_6port_separator1_learned_dense_v2,separator1_grid_search_6ports_learned_dense_hd16_depth3_stages1_share1,supervised_nmse_plateau,separator1,12,6,compile,bf16,bfloat16,2,1,ok,,491.139278,20,50,0.25723874,0.002246852685958739,0.252932,0.25743150000000004,0.25987109999999997,0.26080675000000003,0.26140828,0.261569,7774.8786982862675,7.774878698286267,257.4315,128.71575,7774.8786982862675,10656,9984,20856,single-thread,0.0078125,0.00390625,Intel(R) Xeon(R) 6760P,AVX512,"avx2,avx512f,avx512bw,avx512vl,avx512_vnni,avx512_bf16,amx_bf16,amx_int8,amx_tile,fma",True,True,,,,,,256,128,sh14l07002s1404,3.11.9,2.1.2+cu121
20260428_134843,2026-04-28T19:13:48.474089,cpu,pytorch,separator1_grid_search_6ports_learned_dense_hd16_depth3_stages1_share1,/home/liangyi/SRS_AI/Model_AIIC_refactor/experiments_refactored/20260428_054018_default_6port_separator1_learned_dense_v2/separator1_grid_search_6ports_learned_dense_hd16_depth3_stages1_share1,default_6port_separator1_learned_dense_v2,separator1_grid_search_6ports_learned_dense_hd16_depth3_stages1_share1,supervised_nmse_plateau,separator1,12,6,compile,bf16,bfloat16,2,2,ok,,505.39101,20,50,0.25781676,0.002735000062595978,0.252794,0.25747600000000004,0.2613214,0.26253614999999997,0.26538067,0.265977,7757.447576332897,7.757447576332897,257.47600000000006,128.73800000000003,3878.7237881664487,10656,9984,20856,sub-physical,0.015625,0.0078125,Intel(R) Xeon(R) 6760P,AVX512,"avx2,avx512f,avx512bw,avx512vl,avx512_vnni,avx512_bf16,amx_bf16,amx_int8,amx_tile,fma",True,True,,,,,,256,128,sh14l07002s1404,3.11.9,2.1.2+cu121
20260428_134843,2026-04-28T19:13:48.474089,cpu,pytorch,separator1_grid_search_6ports_learned_dense_hd16_depth3_stages1_share1,/home/liangyi/SRS_AI/Model_AIIC_refactor/experiments_refactored/20260428_054018_default_6port_separator1_learned_dense_v2/separator1_grid_search_6ports_learned_dense_hd16_depth3_stages1_share1,default_6port_separator1_learned_dense_v2,separator1_grid_search_6ports_learned_dense_hd16_depth3_stages1_share1,supervised_nmse_plateau,separator1,12,6,compile,bf16,bfloat16,2,4,ok,,511.207719,20,50,0.25957776,0.0019336826064274386,0.25508,0.25944449999999997,0.2615534,0.2627065,0.26515394000000003,0.265886,7704.820320508198,7.704820320508198,259.44449999999995,129.72224999999997,1926.2050801270495,10656,9984,20856,sub-physical,0.03125,0.015625,Intel(R) Xeon(R) 6760P,AVX512,"avx2,avx512f,avx512bw,avx512vl,avx512_vnni,avx512_bf16,amx_bf16,amx_int8,amx_tile,fma",True,True,,,,,,256,128,sh14l07002s1404,3.11.9,2.1.2+cu121
20260428_134843,2026-04-28T19:13:48.474089,cpu,pytorch,separator1_grid_search_6ports_learned_dense_hd16_depth3_stages1_share1,/home/liangyi/SRS_AI/Model_AIIC_refactor/experiments_refactored/20260428_054018_default_6port_separator1_learned_dense_v2/separator1_grid_search_6ports_learned_dense_hd16_depth3_stages1_share1,default_6port_separator1_learned_dense_v2,separator1_grid_search_6ports_learned_dense_hd16_depth3_stages1_share1,supervised_nmse_plateau,separator1,12,6,compile,bf16,bfloat16,2,8,ok,,509.794379,20,50,0.25702994,0.0028798376718836122,0.251629,0.256105,0.2610081,0.2620919,0.26430689,0.264963,7781.194673274249,7.781194673274249,256.105,128.0525,972.6493341592811,10656,9984,20856,sub-physical,0.0625,0.03125,Intel(R) Xeon(R) 6760P,AVX512,"avx2,avx512f,avx512bw,avx512vl,avx512_vnni,avx512_bf16,amx_bf16,amx_int8,amx_tile,fma",True,True,,,,,,256,128,sh14l07002s1404,3.11.9,2.1.2+cu121
20260428_134843,2026-04-28T19:13:48.474089,cpu,pytorch,separator1_grid_search_6ports_learned_dense_hd16_depth3_stages1_share1,/home/liangyi/SRS_AI/Model_AIIC_refactor/experiments_refactored/20260428_054018_default_6port_separator1_learned_dense_v2/separator1_grid_search_6ports_learned_dense_hd16_depth3_stages1_share1,default_6port_separator1_learned_dense_v2,separator1_grid_search_6ports_learned_dense_hd16_depth3_stages1_share1,supervised_nmse_plateau,separator1,12,6,compile,bf16,bfloat16,4,1,ok,,491.904803,20,50,0.2684345,0.0025983190354535017,0.263526,0.26806050000000003,0.27259950000000005,0.27323605,0.27453206,0.275025,14901.21426269723,14.90121426269723,268.06050000000005,67.01512500000001,14901.21426269723,10656,9984,20856,single-thread,0.0078125,0.00390625,Intel(R) Xeon(R) 6760P,AVX512,"avx2,avx512f,avx512bw,avx512vl,avx512_vnni,avx512_bf16,amx_bf16,amx_int8,amx_tile,fma",True,True,,,,,,256,128,sh14l07002s1404,3.11.9,2.1.2+cu121
20260428_134843,2026-04-28T19:13:48.474089,cpu,pytorch,separator1_grid_search_6ports_learned_dense_hd16_depth3_stages1_share1,/home/liangyi/SRS_AI/Model_AIIC_refactor/experiments_refactored/20260428_054018_default_6port_separator1_learned_dense_v2/separator1_grid_search_6ports_learned_dense_hd16_depth3_stages1_share1,default_6port_separator1_learned_dense_v2,separator1_grid_search_6ports_learned_dense_hd16_depth3_stages1_share1,supervised_nmse_plateau,separator1,12,6,compile,bf16,bfloat16,4,2,ok,,500.681337,20,50,0.27200032,0.0021326180571307196,0.26827,0.2721995,0.27445010000000003,0.27577579999999996,0.27666857,0.277015,14705.865051923467,14.705865051923467,272.1995,68.049875,7352.9325259617335,10656,9984,20856,sub-physical,0.015625,0.0078125,Intel(R) Xeon(R) 6760P,AVX512,"avx2,avx512f,avx512bw,avx512vl,avx512_vnni,avx512_bf16,amx_bf16,amx_int8,amx_tile,fma",True,True,,,,,,256,128,sh14l07002s1404,3.11.9,2.1.2+cu121
20260428_134843,2026-04-28T19:13:48.474089,cpu,pytorch,separator1_grid_search_6ports_learned_dense_hd16_depth3_stages1_share1,/home/liangyi/SRS_AI/Model_AIIC_refactor/experiments_refactored/20260428_054018_default_6port_separator1_learned_dense_v2/separator1_grid_search_6ports_learned_dense_hd16_depth3_stages1_share1,default_6port_separator1_learned_dense_v2,separator1_grid_search_6ports_learned_dense_hd16_depth3_stages1_share1,supervised_nmse_plateau,separator1,12,6,compile,bf16,bfloat16,4,4,ok,,502.635335,20,50,0.2757477,0.002015473773086616,0.270332,0.27583250000000004,0.27785899999999997,0.27858825000000004,0.28121062,0.281927,14506.014012084235,14.506014012084234,275.83250000000004,68.95812500000001,3626.503503021059,10656,9984,20856,sub-physical,0.03125,0.015625,Intel(R) Xeon(R) 6760P,AVX512,"avx2,avx512f,avx512bw,avx512vl,avx512_vnni,avx512_bf16,amx_bf16,amx_int8,amx_tile,fma",True,True,,,,,,256,128,sh14l07002s1404,3.11.9,2.1.2+cu121
20260428_134843,2026-04-28T19:13:48.474089,cpu,pytorch,separator1_grid_search_6ports_learned_dense_hd16_depth3_stages1_share1,/home/liangyi/SRS_AI/Model_AIIC_refactor/experiments_refactored/20260428_054018_default_6port_separator1_learned_dense_v2/separator1_grid_search_6ports_learned_dense_hd16_depth3_stages1_share1,default_6port_separator1_learned_dense_v2,separator1_grid_search_6ports_learned_dense_hd16_depth3_stages1_share1,supervised_nmse_plateau,separator1,12,6,compile,bf16,bfloat16,4,8,ok,,504.966212,20,50,0.26767318,0.0032272811943801854,0.26304,0.2671655,0.27305830000000003,0.2740532,0.27605253999999996,0.276618,14943.596515721149,14.943596515721149,267.1655,66.791375,1867.9495644651436,10656,9984,20856,sub-physical,0.0625,0.03125,Intel(R) Xeon(R) 6760P,AVX512,"avx2,avx512f,avx512bw,avx512vl,avx512_vnni,avx512_bf16,amx_bf16,amx_int8,amx_tile,fma",True,True,,,,,,256,128,sh14l07002s1404,3.11.9,2.1.2+cu121
20260428_134843,2026-04-28T19:13:48.474089,cpu,pytorch,separator1_grid_search_6ports_learned_dense_hd16_depth3_stages1_share1,/home/liangyi/SRS_AI/Model_AIIC_refactor/experiments_refactored/20260428_054018_default_6port_separator1_learned_dense_v2/separator1_grid_search_6ports_learned_dense_hd16_depth3_stages1_share1,default_6port_separator1_learned_dense_v2,separator1_grid_search_6ports_learned_dense_hd16_depth3_stages1_share1,supervised_nmse_plateau,separator1,12,6,compile,bf16,bfloat16,8,1,ok,,492.918965,20,50,0.29284438,0.002795607747091853,0.286764,0.292329,0.29622370000000003,0.29755665,0.30062256,0.302316,27318.263713990345,27.318263713990344,292.329,36.541125,27318.263713990345,10656,9984,20856,single-thread,0.0078125,0.00390625,Intel(R) Xeon(R) 6760P,AVX512,"avx2,avx512f,avx512bw,avx512vl,avx512_vnni,avx512_bf16,amx_bf16,amx_int8,amx_tile,fma",True,True,,,,,,256,128,sh14l07002s1404,3.11.9,2.1.2+cu121
20260428_134843,2026-04-28T19:13:48.474089,cpu,pytorch,separator1_grid_search_6ports_learned_dense_hd16_depth3_stages1_share1,/home/liangyi/SRS_AI/Model_AIIC_refactor/experiments_refactored/20260428_054018_default_6port_separator1_learned_dense_v2/separator1_grid_search_6ports_learned_dense_hd16_depth3_stages1_share1,default_6port_separator1_learned_dense_v2,separator1_grid_search_6ports_learned_dense_hd16_depth3_stages1_share1,supervised_nmse_plateau,separator1,12,6,compile,bf16,bfloat16,8,2,ok,,511.178506,20,50,0.30445562,0.012105804736389891,0.295496,0.300022,0.3202434,0.3287486,0.34776972999999994,0.36155,26276.4077076324,26.276407707632398,300.022,37.50275,13138.2038538162,10656,9984,20856,sub-physical,0.015625,0.0078125,Intel(R) Xeon(R) 6760P,AVX512,"avx2,avx512f,avx512bw,avx512vl,avx512_vnni,avx512_bf16,amx_bf16,amx_int8,amx_tile,fma",True,True,,,,,,256,128,sh14l07002s1404,3.11.9,2.1.2+cu121
20260428_134843,2026-04-28T19:13:48.474089,cpu,pytorch,separator1_grid_search_6ports_learned_dense_hd16_depth3_stages1_share1,/home/liangyi/SRS_AI/Model_AIIC_refactor/experiments_refactored/20260428_054018_default_6port_separator1_learned_dense_v2/separator1_grid_search_6ports_learned_dense_hd16_depth3_stages1_share1,default_6port_separator1_learned_dense_v2,separator1_grid_search_6ports_learned_dense_hd16_depth3_stages1_share1,supervised_nmse_plateau,separator1,12,6,compile,bf16,bfloat16,8,4,ok,,508.445973,20,50,0.2953251,0.002388599415975814,0.289715,0.29498800000000003,0.29772170000000003,0.30091615,0.3013134,0.301333,27088.791301518224,27.088791301518224,294.98800000000006,36.87350000000001,6772.197825379556,10656,9984,20856,sub-physical,0.03125,0.015625,Intel(R) Xeon(R) 6760P,AVX512,"avx2,avx512f,avx512bw,avx512vl,avx512_vnni,avx512_bf16,amx_bf16,amx_int8,amx_tile,fma",True,True,,,,,,256,128,sh14l07002s1404,3.11.9,2.1.2+cu121
20260428_134843,2026-04-28T19:13:48.474089,cpu,pytorch,separator1_grid_search_6ports_learned_dense_hd16_depth3_stages1_share1,/home/liangyi/SRS_AI/Model_AIIC_refactor/experiments_refactored/20260428_054018_default_6port_separator1_learned_dense_v2/separator1_grid_search_6ports_learned_dense_hd16_depth3_stages1_share1,default_6port_separator1_learned_dense_v2,separator1_grid_search_6ports_learned_dense_hd16_depth3_stages1_share1,supervised_nmse_plateau,separator1,12,6,compile,bf16,bfloat16,8,8,ok,,506.147613,20,50,0.29369388,0.002611269473953236,0.288884,0.2932965,0.2981032,0.2985561,0.30032947,0.301847,27239.24652430619,27.23924652430619,293.29650000000004,36.662062500000005,3404.9058155382736,10656,9984,20856,sub-physical,0.0625,0.03125,Intel(R) Xeon(R) 6760P,AVX512,"avx2,avx512f,avx512bw,avx512vl,avx512_vnni,avx512_bf16,amx_bf16,amx_int8,amx_tile,fma",True,True,,,,,,256,128,sh14l07002s1404,3.11.9,2.1.2+cu121
20260428_134843,2026-04-28T19:13:48.474089,cpu,pytorch,separator1_grid_search_6ports_learned_dense_hd16_depth3_stages1_share1,/home/liangyi/SRS_AI/Model_AIIC_refactor/experiments_refactored/20260428_054018_default_6port_separator1_learned_dense_v2/separator1_grid_search_6ports_learned_dense_hd16_depth3_stages1_share1,default_6port_separator1_learned_dense_v2,separator1_grid_search_6ports_learned_dense_hd16_depth3_stages1_share1,supervised_nmse_plateau,separator1,12,6,compile,bf16,bfloat16,16,1,ok,,496.232888,20,50,0.46526828,0.01197739241912028,0.455145,0.46107,0.4859708,0.4899958,0.50572697,0.514276,34388.76168390418,34.38876168390418,461.07,28.816875,34388.76168390418,10656,9984,20856,single-thread,0.0078125,0.00390625,Intel(R) Xeon(R) 6760P,AVX512,"avx2,avx512f,avx512bw,avx512vl,avx512_vnni,avx512_bf16,amx_bf16,amx_int8,amx_tile,fma",True,True,,,,,,256,128,sh14l07002s1404,3.11.9,2.1.2+cu121
20260428_134843,2026-04-28T19:13:48.474089,cpu,pytorch,separator1_grid_search_6ports_learned_dense_hd16_depth3_stages1_share1,/home/liangyi/SRS_AI/Model_AIIC_refactor/experiments_refactored/20260428_054018_default_6port_separator1_learned_dense_v2/separator1_grid_search_6ports_learned_dense_hd16_depth3_stages1_share1,default_6port_separator1_learned_dense_v2,separator1_grid_search_6ports_learned_dense_hd16_depth3_stages1_share1,supervised_nmse_plateau,separator1,12,6,compile,bf16,bfloat16,16,2,ok,,502.083115,20,50,0.4558468,0.011599402394951216,0.445269,0.4512585,0.47429920000000003,0.47874854999999994,0.4942141,0.499952,35099.51150254867,35.099511502548665,451.2585,28.20365625,17549.755751274333,10656,9984,20856,sub-physical,0.015625,0.0078125,Intel(R) Xeon(R) 6760P,AVX512,"avx2,avx512f,avx512bw,avx512vl,avx512_vnni,avx512_bf16,amx_bf16,amx_int8,amx_tile,fma",True,True,,,,,,256,128,sh14l07002s1404,3.11.9,2.1.2+cu121
20260428_134843,2026-04-28T19:13:48.474089,cpu,pytorch,separator1_grid_search_6ports_learned_dense_hd16_depth3_stages1_share1,/home/liangyi/SRS_AI/Model_AIIC_refactor/experiments_refactored/20260428_054018_default_6port_separator1_learned_dense_v2/separator1_grid_search_6ports_learned_dense_hd16_depth3_stages1_share1,default_6port_separator1_learned_dense_v2,separator1_grid_search_6ports_learned_dense_hd16_depth3_stages1_share1,supervised_nmse_plateau,separator1,12,6,compile,bf16,bfloat16,16,4,ok,,505.762091,20,50,0.46519642,0.010424017360096826,0.454904,0.4617645,0.477601,0.4869171,0.5009465099999999,0.509081,34394.0737979024,34.3940737979024,461.7645,28.86028125,8598.5184494756,10656,9984,20856,sub-physical,0.03125,0.015625,Intel(R) Xeon(R) 6760P,AVX512,"avx2,avx512f,avx512bw,avx512vl,avx512_vnni,avx512_bf16,amx_bf16,amx_int8,amx_tile,fma",True,True,,,,,,256,128,sh14l07002s1404,3.11.9,2.1.2+cu121
20260428_134843,2026-04-28T19:13:48.474089,cpu,pytorch,separator1_grid_search_6ports_learned_dense_hd16_depth3_stages1_share1,/home/liangyi/SRS_AI/Model_AIIC_refactor/experiments_refactored/20260428_054018_default_6port_separator1_learned_dense_v2/separator1_grid_search_6ports_learned_dense_hd16_depth3_stages1_share1,default_6port_separator1_learned_dense_v2,separator1_grid_search_6ports_learned_dense_hd16_depth3_stages1_share1,supervised_nmse_plateau,separator1,12,6,compile,bf16,bfloat16,16,8,ok,,501.518689,20,50,0.46377154,0.01069608129028571,0.453545,0.459693,0.4791577,0.48397809999999997,0.49976495,0.50307,34499.7452840681,34.4997452840681,459.69300000000004,28.730812500000003,4312.4681605085125,10656,9984,20856,sub-physical,0.0625,0.03125,Intel(R) Xeon(R) 6760P,AVX512,"avx2,avx512f,avx512bw,avx512vl,avx512_vnni,avx512_bf16,amx_bf16,amx_int8,amx_tile,fma",True,True,,,,,,256,128,sh14l07002s1404,3.11.9,2.1.2+cu121
20260428_134843,2026-04-28T19:13:48.474089,cpu,pytorch,separator1_grid_search_6ports_learned_dense_hd16_depth3_stages1_share1,/home/liangyi/SRS_AI/Model_AIIC_refactor/experiments_refactored/20260428_054018_default_6port_separator1_learned_dense_v2/separator1_grid_search_6ports_learned_dense_hd16_depth3_stages1_share1,default_6port_separator1_learned_dense_v2,separator1_grid_search_6ports_learned_dense_hd16_depth3_stages1_share1,supervised_nmse_plateau,separator1,12,6,compile,bf16,bfloat16,32,1,ok,,489.262239,20,50,0.72858058,0.03828484627425844,0.697566,0.7087105,0.8059002,0.80962115,0.81161964,0.812092,43921.01694503029,43.921016945030296,708.7105,22.147203125,43921.01694503029,10656,9984,20856,single-thread,0.0078125,0.00390625,Intel(R) Xeon(R) 6760P,AVX512,"avx2,avx512f,avx512bw,avx512vl,avx512_vnni,avx512_bf16,amx_bf16,amx_int8,amx_tile,fma",True,True,,,,,,256,128,sh14l07002s1404,3.11.9,2.1.2+cu121
20260428_134843,2026-04-28T19:13:48.474089,cpu,pytorch,separator1_grid_search_6ports_learned_dense_hd16_depth3_stages1_share1,/home/liangyi/SRS_AI/Model_AIIC_refactor/experiments_refactored/20260428_054018_default_6port_separator1_learned_dense_v2/separator1_grid_search_6ports_learned_dense_hd16_depth3_stages1_share1,default_6port_separator1_learned_dense_v2,separator1_grid_search_6ports_learned_dense_hd16_depth3_stages1_share1,supervised_nmse_plateau,separator1,12,6,compile,bf16,bfloat16,32,2,ok,,505.765033,20,50,0.8257401,0.0116722291774108,0.809512,0.8242339999999999,0.8431856,0.8490568,0.86255906,0.864816,38753.11372185994,38.75311372185994,824.2339999999999,25.757312499999998,19376.55686092997,10656,9984,20856,sub-physical,0.015625,0.0078125,Intel(R) Xeon(R) 6760P,AVX512,"avx2,avx512f,avx512bw,avx512vl,avx512_vnni,avx512_bf16,amx_bf16,amx_int8,amx_tile,fma",True,True,,,,,,256,128,sh14l07002s1404,3.11.9,2.1.2+cu121
20260428_134843,2026-04-28T19:13:48.474089,cpu,pytorch,separator1_grid_search_6ports_learned_dense_hd16_depth3_stages1_share1,/home/liangyi/SRS_AI/Model_AIIC_refactor/experiments_refactored/20260428_054018_default_6port_separator1_learned_dense_v2/separator1_grid_search_6ports_learned_dense_hd16_depth3_stages1_share1,default_6port_separator1_learned_dense_v2,separator1_grid_search_6ports_learned_dense_hd16_depth3_stages1_share1,supervised_nmse_plateau,separator1,12,6,compile,bf16,bfloat16,32,4,ok,,500.21154,20,50,0.83219102,0.010880532809545677,0.818575,0.8301434999999999,0.8423952,0.8530598500000001,0.86833551,0.877695,38452.71005207434,38.45271005207434,830.1434999999999,25.941984374999997,9613.177513018585,10656,9984,20856,sub-physical,0.03125,0.015625,Intel(R) Xeon(R) 6760P,AVX512,"avx2,avx512f,avx512bw,avx512vl,avx512_vnni,avx512_bf16,amx_bf16,amx_int8,amx_tile,fma",True,True,,,,,,256,128,sh14l07002s1404,3.11.9,2.1.2+cu121
20260428_134843,2026-04-28T19:13:48.474089,cpu,pytorch,separator1_grid_search_6ports_learned_dense_hd16_depth3_stages1_share1,/home/liangyi/SRS_AI/Model_AIIC_refactor/experiments_refactored/20260428_054018_default_6port_separator1_learned_dense_v2/separator1_grid_search_6ports_learned_dense_hd16_depth3_stages1_share1,default_6port_separator1_learned_dense_v2,separator1_grid_search_6ports_learned_dense_hd16_depth3_stages1_share1,supervised_nmse_plateau,separator1,12,6,compile,bf16,bfloat16,32,8,ok,,506.665747,20,50,0.88573332,0.018242968404774473,0.861531,0.880595,0.9101582,0.9188599,0.9417826999999999,0.956664,36128.25585019202,36.12825585019202,880.595,27.51859375,4516.031981274003,10656,9984,20856,sub-physical,0.0625,0.03125,Intel(R) Xeon(R) 6760P,AVX512,"avx2,avx512f,avx512bw,avx512vl,avx512_vnni,avx512_bf16,amx_bf16,amx_int8,amx_tile,fma",True,True,,,,,,256,128,sh14l07002s1404,3.11.9,2.1.2+cu121
20260428_134843,2026-04-28T19:13:48.474089,cpu,pytorch,separator1_grid_search_6ports_learned_dense_hd16_depth3_stages1_share1,/home/liangyi/SRS_AI/Model_AIIC_refactor/experiments_refactored/20260428_054018_default_6port_separator1_learned_dense_v2/separator1_grid_search_6ports_learned_dense_hd16_depth3_stages1_share1,default_6port_separator1_learned_dense_v2,separator1_grid_search_6ports_learned_dense_hd16_depth3_stages1_share1,supervised_nmse_plateau,separator1,12,6,compile,bf16,bfloat16,64,1,ok,,492.368744,20,50,0.76368852,0.01584596555876605,0.741692,0.758936,0.7910073,0.792552,0.8012995199999999,0.802844,83803.80000998313,83.80380000998312,758.936,11.858375,83803.80000998313,10656,9984,20856,single-thread,0.0078125,0.00390625,Intel(R) Xeon(R) 6760P,AVX512,"avx2,avx512f,avx512bw,avx512vl,avx512_vnni,avx512_bf16,amx_bf16,amx_int8,amx_tile,fma",True,True,,,,,,256,128,sh14l07002s1404,3.11.9,2.1.2+cu121
20260428_134843,2026-04-28T19:13:48.474089,cpu,pytorch,separator1_grid_search_6ports_learned_dense_hd16_depth3_stages1_share1,/home/liangyi/SRS_AI/Model_AIIC_refactor/experiments_refactored/20260428_054018_default_6port_separator1_learned_dense_v2/separator1_grid_search_6ports_learned_dense_hd16_depth3_stages1_share1,default_6port_separator1_learned_dense_v2,separator1_grid_search_6ports_learned_dense_hd16_depth3_stages1_share1,supervised_nmse_plateau,separator1,12,6,compile,bf16,bfloat16,64,2,ok,,502.412742,20,50,0.90284212,0.010181082340576568,0.89033,0.9002035,0.9142806,0.9230780999999999,0.93803934,0.942613,70887.25545945951,70.88725545945951,900.2035000000001,14.065679687500001,35443.62772972976,10656,9984,20856,sub-physical,0.015625,0.0078125,Intel(R) Xeon(R) 6760P,AVX512,"avx2,avx512f,avx512bw,avx512vl,avx512_vnni,avx512_bf16,amx_bf16,amx_int8,amx_tile,fma",True,True,,,,,,256,128,sh14l07002s1404,3.11.9,2.1.2+cu121
20260428_134843,2026-04-28T19:13:48.474089,cpu,pytorch,separator1_grid_search_6ports_learned_dense_hd16_depth3_stages1_share1,/home/liangyi/SRS_AI/Model_AIIC_refactor/experiments_refactored/20260428_054018_default_6port_separator1_learned_dense_v2/separator1_grid_search_6ports_learned_dense_hd16_depth3_stages1_share1,default_6port_separator1_learned_dense_v2,separator1_grid_search_6ports_learned_dense_hd16_depth3_stages1_share1,supervised_nmse_plateau,separator1,12,6,compile,bf16,bfloat16,64,4,ok,,505.722475,20,50,0.89147348,0.008510223957664102,0.876961,0.890193,0.9032199000000001,0.905026,0.91831057,0.924096,71791.25508029695,71.79125508029695,890.193,13.909265625,17947.813770074237,10656,9984,20856,sub-physical,0.03125,0.015625,Intel(R) Xeon(R) 6760P,AVX512,"avx2,avx512f,avx512bw,avx512vl,avx512_vnni,avx512_bf16,amx_bf16,amx_int8,amx_tile,fma",True,True,,,,,,256,128,sh14l07002s1404,3.11.9,2.1.2+cu121
20260428_134843,2026-04-28T19:13:48.474089,cpu,pytorch,separator1_grid_search_6ports_learned_dense_hd16_depth3_stages1_share1,/home/liangyi/SRS_AI/Model_AIIC_refactor/experiments_refactored/20260428_054018_default_6port_separator1_learned_dense_v2/separator1_grid_search_6ports_learned_dense_hd16_depth3_stages1_share1,default_6port_separator1_learned_dense_v2,separator1_grid_search_6ports_learned_dense_hd16_depth3_stages1_share1,supervised_nmse_plateau,separator1,12,6,compile,bf16,bfloat16,64,8,ok,,503.695106,20,50,0.89669508,0.010305446117155715,0.876838,0.8954584999999999,0.9111183,0.9155244,0.92119164,0.924947,71373.2030290609,71.3732030290609,895.4585,13.9915390625,8921.650378632612,10656,9984,20856,sub-physical,0.0625,0.03125,Intel(R) Xeon(R) 6760P,AVX512,"avx2,avx512f,avx512bw,avx512vl,avx512_vnni,avx512_bf16,amx_bf16,amx_int8,amx_tile,fma",True,True,,,,,,256,128,sh14l07002s1404,3.11.9,2.1.2+cu121
20260428_134843,2026-04-28T19:13:48.474089,cpu,pytorch,separator1_grid_search_6ports_learned_dense_hd16_depth3_stages1_share1,/home/liangyi/SRS_AI/Model_AIIC_refactor/experiments_refactored/20260428_054018_default_6port_separator1_learned_dense_v2/separator1_grid_search_6ports_learned_dense_hd16_depth3_stages1_share1,default_6port_separator1_learned_dense_v2,separator1_grid_search_6ports_learned_dense_hd16_depth3_stages1_share1,supervised_nmse_plateau,separator1,12,6,compile,bf16,bfloat16,128,1,ok,,493.422501,20,50,0.79885878,0.0187693561267189,0.768885,0.792141,0.8337863000000001,0.83680125,0.83983592,0.840518,160228.57006090615,160.22857006090615,792.141,6.1886015625,160228.57006090615,10656,9984,20856,single-thread,0.0078125,0.00390625,Intel(R) Xeon(R) 6760P,AVX512,"avx2,avx512f,avx512bw,avx512vl,avx512_vnni,avx512_bf16,amx_bf16,amx_int8,amx_tile,fma",True,True,,,,,,256,128,sh14l07002s1404,3.11.9,2.1.2+cu121
20260428_134843,2026-04-28T19:13:48.474089,cpu,pytorch,separator1_grid_search_6ports_learned_dense_hd16_depth3_stages1_share1,/home/liangyi/SRS_AI/Model_AIIC_refactor/experiments_refactored/20260428_054018_default_6port_separator1_learned_dense_v2/separator1_grid_search_6ports_learned_dense_hd16_depth3_stages1_share1,default_6port_separator1_learned_dense_v2,separator1_grid_search_6ports_learned_dense_hd16_depth3_stages1_share1,supervised_nmse_plateau,separator1,12,6,compile,bf16,bfloat16,128,2,ok,,499.977858,20,50,0.92828018,0.028526699588063097,0.9084,0.9207985000000001,0.9475405,0.9929045499999999,1.0395707699999999,1.060458,137889.4031756662,137.8894031756662,920.7985000000001,7.193738281250001,68944.7015878331,10656,9984,20856,sub-physical,0.015625,0.0078125,Intel(R) Xeon(R) 6760P,AVX512,"avx2,avx512f,avx512bw,avx512vl,avx512_vnni,avx512_bf16,amx_bf16,amx_int8,amx_tile,fma",True,True,,,,,,256,128,sh14l07002s1404,3.11.9,2.1.2+cu121
20260428_134843,2026-04-28T19:13:48.474089,cpu,pytorch,separator1_grid_search_6ports_learned_dense_hd16_depth3_stages1_share1,/home/liangyi/SRS_AI/Model_AIIC_refactor/experiments_refactored/20260428_054018_default_6port_separator1_learned_dense_v2/separator1_grid_search_6ports_learned_dense_hd16_depth3_stages1_share1,default_6port_separator1_learned_dense_v2,separator1_grid_search_6ports_learned_dense_hd16_depth3_stages1_share1,supervised_nmse_plateau,separator1,12,6,compile,bf16,bfloat16,128,4,ok,,507.410935,20,50,0.92299312,0.015311731885897163,0.905134,0.917178,0.9418573,0.9533936,0.9733687599999999,0.973455,138679.25689413588,138.67925689413588,917.178,7.165453125,34669.81422353397,10656,9984,20856,sub-physical,0.03125,0.015625,Intel(R) Xeon(R) 6760P,AVX512,"avx2,avx512f,avx512bw,avx512vl,avx512_vnni,avx512_bf16,amx_bf16,amx_int8,amx_tile,fma",True,True,,,,,,256,128,sh14l07002s1404,3.11.9,2.1.2+cu121
20260428_134843,2026-04-28T19:13:48.474089,cpu,pytorch,separator1_grid_search_6ports_learned_dense_hd16_depth3_stages1_share1,/home/liangyi/SRS_AI/Model_AIIC_refactor/experiments_refactored/20260428_054018_default_6port_separator1_learned_dense_v2/separator1_grid_search_6ports_learned_dense_hd16_depth3_stages1_share1,default_6port_separator1_learned_dense_v2,separator1_grid_search_6ports_learned_dense_hd16_depth3_stages1_share1,supervised_nmse_plateau,separator1,12,6,compile,bf16,bfloat16,128,8,ok,,502.472435,20,50,1.0278003,0.021304528380839582,0.993637,1.0212284999999999,1.0661118,1.0671434,1.07559598,1.080789,124537.81147952574,124.53781147952574,1021.2284999999998,7.978347656249999,15567.226434940718,10656,9984,20856,sub-physical,0.0625,0.03125,Intel(R) Xeon(R) 6760P,AVX512,"avx2,avx512f,avx512bw,avx512vl,avx512_vnni,avx512_bf16,amx_bf16,amx_int8,amx_tile,fma",True,True,,,,,,256,128,sh14l07002s1404,3.11.9,2.1.2+cu121
20260428_134843,2026-04-28T19:13:48.474089,cpu,onnxruntime,separator1_grid_search_6ports_learned_dense_hd16_depth3_stages1_share1,/home/liangyi/SRS_AI/Model_AIIC_refactor/experiments_refactored/20260428_054018_default_6port_separator1_learned_dense_v2/separator1_grid_search_6ports_learned_dense_hd16_depth3_stages1_share1,default_6port_separator1_learned_dense_v2,separator1_grid_search_6ports_learned_dense_hd16_depth3_stages1_share1,supervised_nmse_plateau,separator1,12,6,onnxruntime,fp32,float32,1,1,ok,,8.674196,20,50,0.03101788,0.002872384379848909,0.028568,0.0304395,0.0308304,0.03469544999999998,0.04398193,0.044248,32239.469622037355,32.239469622037355,30.439500000000002,30.439500000000002,32239.469622037355,10656,9984,20856,single-thread,0.0078125,0.00390625,Intel(R) Xeon(R) 6760P,AVX512,"avx2,avx512f,avx512bw,avx512vl,avx512_vnni,avx512_bf16,amx_bf16,amx_int8,amx_tile,fma",True,True,,1.23.2,CPUExecutionProvider,,,256,128,sh14l07002s1404,3.11.9,2.1.2+cu121
20260428_134843,2026-04-28T19:13:48.474089,cpu,onnxruntime,separator1_grid_search_6ports_learned_dense_hd16_depth3_stages1_share1,/home/liangyi/SRS_AI/Model_AIIC_refactor/experiments_refactored/20260428_054018_default_6port_separator1_learned_dense_v2/separator1_grid_search_6ports_learned_dense_hd16_depth3_stages1_share1,default_6port_separator1_learned_dense_v2,separator1_grid_search_6ports_learned_dense_hd16_depth3_stages1_share1,supervised_nmse_plateau,separator1,12,6,onnxruntime,fp32,float32,1,2,ok,,7.971746,20,50,0.0316694,0.0018397528529669413,0.029796,0.031402,0.0318951,0.03459454999999999,0.03965313,0.040027,31576.221841904175,31.576221841904175,31.402,31.402,15788.110920952087,10656,9984,20856,sub-physical,0.015625,0.0078125,Intel(R) Xeon(R) 6760P,AVX512,"avx2,avx512f,avx512bw,avx512vl,avx512_vnni,avx512_bf16,amx_bf16,amx_int8,amx_tile,fma",True,True,,1.23.2,CPUExecutionProvider,,,256,128,sh14l07002s1404,3.11.9,2.1.2+cu121
20260428_134843,2026-04-28T19:13:48.474089,cpu,onnxruntime,separator1_grid_search_6ports_learned_dense_hd16_depth3_stages1_share1,/home/liangyi/SRS_AI/Model_AIIC_refactor/experiments_refactored/20260428_054018_default_6port_separator1_learned_dense_v2/separator1_grid_search_6ports_learned_dense_hd16_depth3_stages1_share1,default_6port_separator1_learned_dense_v2,separator1_grid_search_6ports_learned_dense_hd16_depth3_stages1_share1,supervised_nmse_plateau,separator1,12,6,onnxruntime,fp32,float32,1,4,ok,,8.054082,20,50,0.03263442,0.0015641904243409756,0.030494,0.032363,0.032951799999999996,0.03324695,0.03995808,0.04055,30642.493416460293,30.642493416460294,32.363,32.363,7660.623354115073,10656,9984,20856,sub-physical,0.03125,0.015625,Intel(R) Xeon(R) 6760P,AVX512,"avx2,avx512f,avx512bw,avx512vl,avx512_vnni,avx512_bf16,amx_bf16,amx_int8,amx_tile,fma",True,True,,1.23.2,CPUExecutionProvider,,,256,128,sh14l07002s1404,3.11.9,2.1.2+cu121
20260428_134843,2026-04-28T19:13:48.474089,cpu,onnxruntime,separator1_grid_search_6ports_learned_dense_hd16_depth3_stages1_share1,/home/liangyi/SRS_AI/Model_AIIC_refactor/experiments_refactored/20260428_054018_default_6port_separator1_learned_dense_v2/separator1_grid_search_6ports_learned_dense_hd16_depth3_stages1_share1,default_6port_separator1_learned_dense_v2,separator1_grid_search_6ports_learned_dense_hd16_depth3_stages1_share1,supervised_nmse_plateau,separator1,12,6,onnxruntime,fp32,float32,1,8,ok,,8.642691,20,50,0.0323429,0.001674379864307977,0.030606,0.031971,0.0324034,0.036357949999999986,0.03902531,0.039261,30918.68694520281,30.91868694520281,31.971,31.971,3864.8358681503514,10656,9984,20856,sub-physical,0.0625,0.03125,Intel(R) Xeon(R) 6760P,AVX512,"avx2,avx512f,avx512bw,avx512vl,avx512_vnni,avx512_bf16,amx_bf16,amx_int8,amx_tile,fma",True,True,,1.23.2,CPUExecutionProvider,,,256,128,sh14l07002s1404,3.11.9,2.1.2+cu121
20260428_134843,2026-04-28T19:13:48.474089,cpu,onnxruntime,separator1_grid_search_6ports_learned_dense_hd16_depth3_stages1_share1,/home/liangyi/SRS_AI/Model_AIIC_refactor/experiments_refactored/20260428_054018_default_6port_separator1_learned_dense_v2/separator1_grid_search_6ports_learned_dense_hd16_depth3_stages1_share1,default_6port_separator1_learned_dense_v2,separator1_grid_search_6ports_learned_dense_hd16_depth3_stages1_share1,supervised_nmse_plateau,separator1,12,6,onnxruntime,fp32,float32,2,1,ok,,7.55062,20,50,0.0315842,0.0012255135902959216,0.030371,0.031409,0.032045500000000005,0.03299795,0.03652176999999999,0.038985,63322.80064082674,63.32280064082674,31.409,15.7045,63322.80064082674,10656,9984,20856,single-thread,0.0078125,0.00390625,Intel(R) Xeon(R) 6760P,AVX512,"avx2,avx512f,avx512bw,avx512vl,avx512_vnni,avx512_bf16,amx_bf16,amx_int8,amx_tile,fma",True,True,,1.23.2,CPUExecutionProvider,,,256,128,sh14l07002s1404,3.11.9,2.1.2+cu121
20260428_134843,2026-04-28T19:13:48.474089,cpu,onnxruntime,separator1_grid_search_6ports_learned_dense_hd16_depth3_stages1_share1,/home/liangyi/SRS_AI/Model_AIIC_refactor/experiments_refactored/20260428_054018_default_6port_separator1_learned_dense_v2/separator1_grid_search_6ports_learned_dense_hd16_depth3_stages1_share1,default_6port_separator1_learned_dense_v2,separator1_grid_search_6ports_learned_dense_hd16_depth3_stages1_share1,supervised_nmse_plateau,separator1,12,6,onnxruntime,fp32,float32,2,2,ok,,7.881082,20,50,0.0335782,0.0010457540437406874,0.032048,0.0333725,0.03397360000000001,0.0344926,0.03829215,0.038324,59562.45421136332,59.562454211363324,33.3725,16.68625,29781.22710568166,10656,9984,20856,sub-physical,0.015625,0.0078125,Intel(R) Xeon(R) 6760P,AVX512,"avx2,avx512f,avx512bw,avx512vl,avx512_vnni,avx512_bf16,amx_bf16,amx_int8,amx_tile,fma",True,True,,1.23.2,CPUExecutionProvider,,,256,128,sh14l07002s1404,3.11.9,2.1.2+cu121
20260428_134843,2026-04-28T19:13:48.474089,cpu,onnxruntime,separator1_grid_search_6ports_learned_dense_hd16_depth3_stages1_share1,/home/liangyi/SRS_AI/Model_AIIC_refactor/experiments_refactored/20260428_054018_default_6port_separator1_learned_dense_v2/separator1_grid_search_6ports_learned_dense_hd16_depth3_stages1_share1,default_6port_separator1_learned_dense_v2,separator1_grid_search_6ports_learned_dense_hd16_depth3_stages1_share1,supervised_nmse_plateau,separator1,12,6,onnxruntime,fp32,float32,2,4,ok,,8.128184,20,50,0.03259556,0.0023489788007557666,0.030914,0.032197500000000004,0.0326247,0.03307735,0.043367849999999986,0.047158,61358.04999208481,61.35804999208481,32.197500000000005,16.098750000000003,15339.512498021202,10656,9984,20856,sub-physical,0.03125,0.015625,Intel(R) Xeon(R) 6760P,AVX512,"avx2,avx512f,avx512bw,avx512vl,avx512_vnni,avx512_bf16,amx_bf16,amx_int8,amx_tile,fma",True,True,,1.23.2,CPUExecutionProvider,,,256,128,sh14l07002s1404,3.11.9,2.1.2+cu121
20260428_134843,2026-04-28T19:13:48.474089,cpu,onnxruntime,separator1_grid_search_6ports_learned_dense_hd16_depth3_stages1_share1,/home/liangyi/SRS_AI/Model_AIIC_refactor/experiments_refactored/20260428_054018_default_6port_separator1_learned_dense_v2/separator1_grid_search_6ports_learned_dense_hd16_depth3_stages1_share1,default_6port_separator1_learned_dense_v2,separator1_grid_search_6ports_learned_dense_hd16_depth3_stages1_share1,supervised_nmse_plateau,separator1,12,6,onnxruntime,fp32,float32,2,8,ok,,8.843169,20,50,0.03261604,0.0013927155913538128,0.031559,0.03234,0.032796,0.03328725,0.03927306,0.039521,61319.522541669685,61.319522541669684,32.34,16.17,7664.940317708711,10656,9984,20856,sub-physical,0.0625,0.03125,Intel(R) Xeon(R) 6760P,AVX512,"avx2,avx512f,avx512bw,avx512vl,avx512_vnni,avx512_bf16,amx_bf16,amx_int8,amx_tile,fma",True,True,,1.23.2,CPUExecutionProvider,,,256,128,sh14l07002s1404,3.11.9,2.1.2+cu121
20260428_134843,2026-04-28T19:13:48.474089,cpu,onnxruntime,separator1_grid_search_6ports_learned_dense_hd16_depth3_stages1_share1,/home/liangyi/SRS_AI/Model_AIIC_refactor/experiments_refactored/20260428_054018_default_6port_separator1_learned_dense_v2/separator1_grid_search_6ports_learned_dense_hd16_depth3_stages1_share1,default_6port_separator1_learned_dense_v2,separator1_grid_search_6ports_learned_dense_hd16_depth3_stages1_share1,supervised_nmse_plateau,separator1,12,6,onnxruntime,fp32,float32,4,1,ok,,7.73038,20,50,0.03267342,0.0013682961534697087,0.030741,0.032687,0.0332067,0.033968399999999996,0.03830526,0.03871,122423.67037181905,122.42367037181906,32.687,8.17175,122423.67037181905,10656,9984,20856,single-thread,0.0078125,0.00390625,Intel(R) Xeon(R) 6760P,AVX512,"avx2,avx512f,avx512bw,avx512vl,avx512_vnni,avx512_bf16,amx_bf16,amx_int8,amx_tile,fma",True,True,,1.23.2,CPUExecutionProvider,,,256,128,sh14l07002s1404,3.11.9,2.1.2+cu121
20260428_134843,2026-04-28T19:13:48.474089,cpu,onnxruntime,separator1_grid_search_6ports_learned_dense_hd16_depth3_stages1_share1,/home/liangyi/SRS_AI/Model_AIIC_refactor/experiments_refactored/20260428_054018_default_6port_separator1_learned_dense_v2/separator1_grid_search_6ports_learned_dense_hd16_depth3_stages1_share1,default_6port_separator1_learned_dense_v2,separator1_grid_search_6ports_learned_dense_hd16_depth3_stages1_share1,supervised_nmse_plateau,separator1,12,6,onnxruntime,fp32,float32,4,2,ok,,8.033286,20,50,0.03310632,0.0015300970745674928,0.031386,0.033139,0.0337303,0.034415749999999995,0.039609139999999994,0.040596,120822.85195092659,120.82285195092659,33.139,8.28475,60411.425975463295,10656,9984,20856,sub-physical,0.015625,0.0078125,Intel(R) Xeon(R) 6760P,AVX512,"avx2,avx512f,avx512bw,avx512vl,avx512_vnni,avx512_bf16,amx_bf16,amx_int8,amx_tile,fma",True,True,,1.23.2,CPUExecutionProvider,,,256,128,sh14l07002s1404,3.11.9,2.1.2+cu121
20260428_134843,2026-04-28T19:13:48.474089,cpu,onnxruntime,separator1_grid_search_6ports_learned_dense_hd16_depth3_stages1_share1,/home/liangyi/SRS_AI/Model_AIIC_refactor/experiments_refactored/20260428_054018_default_6port_separator1_learned_dense_v2/separator1_grid_search_6ports_learned_dense_hd16_depth3_stages1_share1,default_6port_separator1_learned_dense_v2,separator1_grid_search_6ports_learned_dense_hd16_depth3_stages1_share1,supervised_nmse_plateau,separator1,12,6,onnxruntime,fp32,float32,4,4,ok,,8.124996,20,50,0.03314828,0.001038663892508063,0.032353,0.033031000000000005,0.03332280000000001,0.0334451,0.03736313999999999,0.040016,120669.91107834253,120.66991107834252,33.031000000000006,8.257750000000001,30167.477769585632,10656,9984,20856,sub-physical,0.03125,0.015625,Intel(R) Xeon(R) 6760P,AVX512,"avx2,avx512f,avx512bw,avx512vl,avx512_vnni,avx512_bf16,amx_bf16,amx_int8,amx_tile,fma",True,True,,1.23.2,CPUExecutionProvider,,,256,128,sh14l07002s1404,3.11.9,2.1.2+cu121
20260428_134843,2026-04-28T19:13:48.474089,cpu,onnxruntime,separator1_grid_search_6ports_learned_dense_hd16_depth3_stages1_share1,/home/liangyi/SRS_AI/Model_AIIC_refactor/experiments_refactored/20260428_054018_default_6port_separator1_learned_dense_v2/separator1_grid_search_6ports_learned_dense_hd16_depth3_stages1_share1,default_6port_separator1_learned_dense_v2,separator1_grid_search_6ports_learned_dense_hd16_depth3_stages1_share1,supervised_nmse_plateau,separator1,12,6,onnxruntime,fp32,float32,4,8,ok,,8.676309,20,50,0.03326262,0.0018371293246802194,0.031704,0.0331835,0.033820199999999995,0.03404765,0.04125803999999999,0.04371,120255.10918863278,120.25510918863277,33.183499999999995,8.295874999999999,15031.888648579097,10656,9984,20856,sub-physical,0.0625,0.03125,Intel(R) Xeon(R) 6760P,AVX512,"avx2,avx512f,avx512bw,avx512vl,avx512_vnni,avx512_bf16,amx_bf16,amx_int8,amx_tile,fma",True,True,,1.23.2,CPUExecutionProvider,,,256,128,sh14l07002s1404,3.11.9,2.1.2+cu121
20260428_134843,2026-04-28T19:13:48.474089,cpu,onnxruntime,separator1_grid_search_6ports_learned_dense_hd16_depth3_stages1_share1,/home/liangyi/SRS_AI/Model_AIIC_refactor/experiments_refactored/20260428_054018_default_6port_separator1_learned_dense_v2/separator1_grid_search_6ports_learned_dense_hd16_depth3_stages1_share1,default_6port_separator1_learned_dense_v2,separator1_grid_search_6ports_learned_dense_hd16_depth3_stages1_share1,supervised_nmse_plateau,separator1,12,6,onnxruntime,fp32,float32,8,1,ok,,7.709502,20,50,0.0352151,0.0015960083740381816,0.033032,0.035247,0.0359504,0.03693655,0.04150552,0.041678,227175.27424315136,227.17527424315136,35.247,4.405875,227175.27424315136,10656,9984,20856,single-thread,0.0078125,0.00390625,Intel(R) Xeon(R) 6760P,AVX512,"avx2,avx512f,avx512bw,avx512vl,avx512_vnni,avx512_bf16,amx_bf16,amx_int8,amx_tile,fma",True,True,,1.23.2,CPUExecutionProvider,,,256,128,sh14l07002s1404,3.11.9,2.1.2+cu121
20260428_134843,2026-04-28T19:13:48.474089,cpu,onnxruntime,separator1_grid_search_6ports_learned_dense_hd16_depth3_stages1_share1,/home/liangyi/SRS_AI/Model_AIIC_refactor/experiments_refactored/20260428_054018_default_6port_separator1_learned_dense_v2/separator1_grid_search_6ports_learned_dense_hd16_depth3_stages1_share1,default_6port_separator1_learned_dense_v2,separator1_grid_search_6ports_learned_dense_hd16_depth3_stages1_share1,supervised_nmse_plateau,separator1,12,6,onnxruntime,fp32,float32,8,2,ok,,7.876925,20,50,0.03649384,0.0011010669799789655,0.034369,0.036389,0.036975600000000004,0.0371412,0.0414301,0.041435,219215.07848995883,219.21507848995884,36.388999999999996,4.5486249999999995,109607.53924497942,10656,9984,20856,sub-physical,0.015625,0.0078125,Intel(R) Xeon(R) 6760P,AVX512,"avx2,avx512f,avx512bw,avx512vl,avx512_vnni,avx512_bf16,amx_bf16,amx_int8,amx_tile,fma",True,True,,1.23.2,CPUExecutionProvider,,,256,128,sh14l07002s1404,3.11.9,2.1.2+cu121
20260428_134843,2026-04-28T19:13:48.474089,cpu,onnxruntime,separator1_grid_search_6ports_learned_dense_hd16_depth3_stages1_share1,/home/liangyi/SRS_AI/Model_AIIC_refactor/experiments_refactored/20260428_054018_default_6port_separator1_learned_dense_v2/separator1_grid_search_6ports_learned_dense_hd16_depth3_stages1_share1,default_6port_separator1_learned_dense_v2,separator1_grid_search_6ports_learned_dense_hd16_depth3_stages1_share1,supervised_nmse_plateau,separator1,12,6,onnxruntime,fp32,float32,8,4,ok,,8.221585,20,50,0.03589444,0.0013265049741331544,0.034037,0.0358425,0.036230399999999996,0.03678095,0.04162651,0.042166,222875.74342990166,222.87574342990166,35.8425,4.4803125,55718.935857475415,10656,9984,20856,sub-physical,0.03125,0.015625,Intel(R) Xeon(R) 6760P,AVX512,"avx2,avx512f,avx512bw,avx512vl,avx512_vnni,avx512_bf16,amx_bf16,amx_int8,amx_tile,fma",True,True,,1.23.2,CPUExecutionProvider,,,256,128,sh14l07002s1404,3.11.9,2.1.2+cu121
20260428_134843,2026-04-28T19:13:48.474089,cpu,onnxruntime,separator1_grid_search_6ports_learned_dense_hd16_depth3_stages1_share1,/home/liangyi/SRS_AI/Model_AIIC_refactor/experiments_refactored/20260428_054018_default_6port_separator1_learned_dense_v2/separator1_grid_search_6ports_learned_dense_hd16_depth3_stages1_share1,default_6port_separator1_learned_dense_v2,separator1_grid_search_6ports_learned_dense_hd16_depth3_stages1_share1,supervised_nmse_plateau,separator1,12,6,onnxruntime,fp32,float32,8,8,ok,,9.051615,20,50,0.03660352,0.0027481642617572916,0.034311,0.0361505,0.0366478,0.0368891,0.04887611999999998,0.054174,218558.2151661917,218.5582151661917,36.1505,4.5188125,27319.77689577396,10656,9984,20856,sub-physical,0.0625,0.03125,Intel(R) Xeon(R) 6760P,AVX512,"avx2,avx512f,avx512bw,avx512vl,avx512_vnni,avx512_bf16,amx_bf16,amx_int8,amx_tile,fma",True,True,,1.23.2,CPUExecutionProvider,,,256,128,sh14l07002s1404,3.11.9,2.1.2+cu121
20260428_134843,2026-04-28T19:13:48.474089,cpu,onnxruntime,separator1_grid_search_6ports_learned_dense_hd16_depth3_stages1_share1,/home/liangyi/SRS_AI/Model_AIIC_refactor/experiments_refactored/20260428_054018_default_6port_separator1_learned_dense_v2/separator1_grid_search_6ports_learned_dense_hd16_depth3_stages1_share1,default_6port_separator1_learned_dense_v2,separator1_grid_search_6ports_learned_dense_hd16_depth3_stages1_share1,supervised_nmse_plateau,separator1,12,6,onnxruntime,fp32,float32,16,1,ok,,7.732705,20,50,0.03964218,0.0012833084849715592,0.037514,0.03993,0.0408254,0.041050899999999994,0.04316784999999999,0.045047,403610.49770724017,403.61049770724014,39.93,2.495625,403610.49770724017,10656,9984,20856,single-thread,0.0078125,0.00390625,Intel(R) Xeon(R) 6760P,AVX512,"avx2,avx512f,avx512bw,avx512vl,avx512_vnni,avx512_bf16,amx_bf16,amx_int8,amx_tile,fma",True,True,,1.23.2,CPUExecutionProvider,,,256,128,sh14l07002s1404,3.11.9,2.1.2+cu121
20260428_134843,2026-04-28T19:13:48.474089,cpu,onnxruntime,separator1_grid_search_6ports_learned_dense_hd16_depth3_stages1_share1,/home/liangyi/SRS_AI/Model_AIIC_refactor/experiments_refactored/20260428_054018_default_6port_separator1_learned_dense_v2/separator1_grid_search_6ports_learned_dense_hd16_depth3_stages1_share1,default_6port_separator1_learned_dense_v2,separator1_grid_search_6ports_learned_dense_hd16_depth3_stages1_share1,supervised_nmse_plateau,separator1,12,6,onnxruntime,fp32,float32,16,2,ok,,7.823188,20,50,0.04063618,0.0016767836675015658,0.03909,0.040276,0.040806,0.043997349999999984,0.047409440000000004,0.047627,393737.7972043632,393.73779720436323,40.275999999999996,2.5172499999999998,196868.8986021816,10656,9984,20856,sub-physical,0.015625,0.0078125,Intel(R) Xeon(R) 6760P,AVX512,"avx2,avx512f,avx512bw,avx512vl,avx512_vnni,avx512_bf16,amx_bf16,amx_int8,amx_tile,fma",True,True,,1.23.2,CPUExecutionProvider,,,256,128,sh14l07002s1404,3.11.9,2.1.2+cu121
20260428_134843,2026-04-28T19:13:48.474089,cpu,onnxruntime,separator1_grid_search_6ports_learned_dense_hd16_depth3_stages1_share1,/home/liangyi/SRS_AI/Model_AIIC_refactor/experiments_refactored/20260428_054018_default_6port_separator1_learned_dense_v2/separator1_grid_search_6ports_learned_dense_hd16_depth3_stages1_share1,default_6port_separator1_learned_dense_v2,separator1_grid_search_6ports_learned_dense_hd16_depth3_stages1_share1,supervised_nmse_plateau,separator1,12,6,onnxruntime,fp32,float32,16,4,ok,,7.995973,20,50,0.04091204,0.0017285809435487831,0.038402,0.040579500000000004,0.041520800000000004,0.043990199999999986,0.047865239999999996,0.048367,391082.9183780618,391.0829183780618,40.5795,2.53621875,97770.72959451545,10656,9984,20856,sub-physical,0.03125,0.015625,Intel(R) Xeon(R) 6760P,AVX512,"avx2,avx512f,avx512bw,avx512vl,avx512_vnni,avx512_bf16,amx_bf16,amx_int8,amx_tile,fma",True,True,,1.23.2,CPUExecutionProvider,,,256,128,sh14l07002s1404,3.11.9,2.1.2+cu121
20260428_134843,2026-04-28T19:13:48.474089,cpu,onnxruntime,separator1_grid_search_6ports_learned_dense_hd16_depth3_stages1_share1,/home/liangyi/SRS_AI/Model_AIIC_refactor/experiments_refactored/20260428_054018_default_6port_separator1_learned_dense_v2/separator1_grid_search_6ports_learned_dense_hd16_depth3_stages1_share1,default_6port_separator1_learned_dense_v2,separator1_grid_search_6ports_learned_dense_hd16_depth3_stages1_share1,supervised_nmse_plateau,separator1,12,6,onnxruntime,fp32,float32,16,8,ok,,8.813864,20,50,0.04027944,0.0027713567735677767,0.037961,0.0398825,0.0410844,0.04344074999999999,0.05242402999999999,0.054165,397224.98624608485,397.2249862460848,39.8825,2.49265625,49653.12328076061,10656,9984,20856,sub-physical,0.0625,0.03125,Intel(R) Xeon(R) 6760P,AVX512,"avx2,avx512f,avx512bw,avx512vl,avx512_vnni,avx512_bf16,amx_bf16,amx_int8,amx_tile,fma",True,True,,1.23.2,CPUExecutionProvider,,,256,128,sh14l07002s1404,3.11.9,2.1.2+cu121
20260428_134843,2026-04-28T19:13:48.474089,cpu,onnxruntime,separator1_grid_search_6ports_learned_dense_hd16_depth3_stages1_share1,/home/liangyi/SRS_AI/Model_AIIC_refactor/experiments_refactored/20260428_054018_default_6port_separator1_learned_dense_v2/separator1_grid_search_6ports_learned_dense_hd16_depth3_stages1_share1,default_6port_separator1_learned_dense_v2,separator1_grid_search_6ports_learned_dense_hd16_depth3_stages1_share1,supervised_nmse_plateau,separator1,12,6,onnxruntime,fp32,float32,32,1,ok,,7.640098,20,50,0.048722760000000004,0.001409959269766329,0.046629,0.048841999999999997,0.0505272,0.0506932,0.052225469999999996,0.053449,656777.243325296,656.777243325296,48.842,1.5263125,656777.243325296,10656,9984,20856,single-thread,0.0078125,0.00390625,Intel(R) Xeon(R) 6760P,AVX512,"avx2,avx512f,avx512bw,avx512vl,avx512_vnni,avx512_bf16,amx_bf16,amx_int8,amx_tile,fma",True,True,,1.23.2,CPUExecutionProvider,,,256,128,sh14l07002s1404,3.11.9,2.1.2+cu121
20260428_134843,2026-04-28T19:13:48.474089,cpu,onnxruntime,separator1_grid_search_6ports_learned_dense_hd16_depth3_stages1_share1,/home/liangyi/SRS_AI/Model_AIIC_refactor/experiments_refactored/20260428_054018_default_6port_separator1_learned_dense_v2/separator1_grid_search_6ports_learned_dense_hd16_depth3_stages1_share1,default_6port_separator1_learned_dense_v2,separator1_grid_search_6ports_learned_dense_hd16_depth3_stages1_share1,supervised_nmse_plateau,separator1,12,6,onnxruntime,fp32,float32,32,2,ok,,7.88884,20,50,0.04996136,0.0014202935437436864,0.047926,0.050072500000000006,0.0513082,0.0528243,0.05407949,0.054275,640494.9745163062,640.4949745163062,50.072500000000005,1.5647656250000002,320247.4872581531,10656,9984,20856,sub-physical,0.015625,0.0078125,Intel(R) Xeon(R) 6760P,AVX512,"avx2,avx512f,avx512bw,avx512vl,avx512_vnni,avx512_bf16,amx_bf16,amx_int8,amx_tile,fma",True,True,,1.23.2,CPUExecutionProvider,,,256,128,sh14l07002s1404,3.11.9,2.1.2+cu121
20260428_134843,2026-04-28T19:13:48.474089,cpu,onnxruntime,separator1_grid_search_6ports_learned_dense_hd16_depth3_stages1_share1,/home/liangyi/SRS_AI/Model_AIIC_refactor/experiments_refactored/20260428_054018_default_6port_separator1_learned_dense_v2/separator1_grid_search_6ports_learned_dense_hd16_depth3_stages1_share1,default_6port_separator1_learned_dense_v2,separator1_grid_search_6ports_learned_dense_hd16_depth3_stages1_share1,supervised_nmse_plateau,separator1,12,6,onnxruntime,fp32,float32,32,4,ok,,8.145569,20,50,0.05046558,0.001973637080012432,0.047828,0.0503985,0.0520152,0.054409549999999994,0.05714030999999999,0.058699,634095.555822404,634.095555822404,50.3985,1.574953125,158523.888955601,10656,9984,20856,sub-physical,0.03125,0.015625,Intel(R) Xeon(R) 6760P,AVX512,"avx2,avx512f,avx512bw,avx512vl,avx512_vnni,avx512_bf16,amx_bf16,amx_int8,amx_tile,fma",True,True,,1.23.2,CPUExecutionProvider,,,256,128,sh14l07002s1404,3.11.9,2.1.2+cu121
20260428_134843,2026-04-28T19:13:48.474089,cpu,onnxruntime,separator1_grid_search_6ports_learned_dense_hd16_depth3_stages1_share1,/home/liangyi/SRS_AI/Model_AIIC_refactor/experiments_refactored/20260428_054018_default_6port_separator1_learned_dense_v2/separator1_grid_search_6ports_learned_dense_hd16_depth3_stages1_share1,default_6port_separator1_learned_dense_v2,separator1_grid_search_6ports_learned_dense_hd16_depth3_stages1_share1,supervised_nmse_plateau,separator1,12,6,onnxruntime,fp32,float32,32,8,ok,,8.908186,20,50,0.05003208,0.002014833619334361,0.047413,0.050020999999999996,0.051753400000000005,0.05479284999999999,0.05634202,0.056833,639589.6392874332,639.5896392874332,50.020999999999994,1.5631562499999998,79948.70491092915,10656,9984,20856,sub-physical,0.0625,0.03125,Intel(R) Xeon(R) 6760P,AVX512,"avx2,avx512f,avx512bw,avx512vl,avx512_vnni,avx512_bf16,amx_bf16,amx_int8,amx_tile,fma",True,True,,1.23.2,CPUExecutionProvider,,,256,128,sh14l07002s1404,3.11.9,2.1.2+cu121
20260428_134843,2026-04-28T19:13:48.474089,cpu,onnxruntime,separator1_grid_search_6ports_learned_dense_hd16_depth3_stages1_share1,/home/liangyi/SRS_AI/Model_AIIC_refactor/experiments_refactored/20260428_054018_default_6port_separator1_learned_dense_v2/separator1_grid_search_6ports_learned_dense_hd16_depth3_stages1_share1,default_6port_separator1_learned_dense_v2,separator1_grid_search_6ports_learned_dense_hd16_depth3_stages1_share1,supervised_nmse_plateau,separator1,12,6,onnxruntime,fp32,float32,64,1,ok,,7.723948,20,50,0.06697858,0.0017969089803326155,0.064756,0.06701750000000001,0.0682959,0.0712999,0.07269178999999999,0.072902,955529.3647610924,955.5293647610923,67.01750000000001,1.0471484375000002,955529.3647610924,10656,9984,20856,single-thread,0.0078125,0.00390625,Intel(R) Xeon(R) 6760P,AVX512,"avx2,avx512f,avx512bw,avx512vl,avx512_vnni,avx512_bf16,amx_bf16,amx_int8,amx_tile,fma",True,True,,1.23.2,CPUExecutionProvider,,,256,128,sh14l07002s1404,3.11.9,2.1.2+cu121
20260428_134843,2026-04-28T19:13:48.474089,cpu,onnxruntime,separator1_grid_search_6ports_learned_dense_hd16_depth3_stages1_share1,/home/liangyi/SRS_AI/Model_AIIC_refactor/experiments_refactored/20260428_054018_default_6port_separator1_learned_dense_v2/separator1_grid_search_6ports_learned_dense_hd16_depth3_stages1_share1,default_6port_separator1_learned_dense_v2,separator1_grid_search_6ports_learned_dense_hd16_depth3_stages1_share1,supervised_nmse_plateau,separator1,12,6,onnxruntime,fp32,float32,64,2,ok,,8.01628,20,50,0.07947564,0.0029849719781599297,0.073934,0.0790655,0.0834071,0.0845661,0.08616733,0.087482,805278.1959352577,805.2781959352577,79.0655,1.2353984375,402639.09796762886,10656,9984,20856,sub-physical,0.015625,0.0078125,Intel(R) Xeon(R) 6760P,AVX512,"avx2,avx512f,avx512bw,avx512vl,avx512_vnni,avx512_bf16,amx_bf16,amx_int8,amx_tile,fma",True,True,,1.23.2,CPUExecutionProvider,,,256,128,sh14l07002s1404,3.11.9,2.1.2+cu121
20260428_134843,2026-04-28T19:13:48.474089,cpu,onnxruntime,separator1_grid_search_6ports_learned_dense_hd16_depth3_stages1_share1,/home/liangyi/SRS_AI/Model_AIIC_refactor/experiments_refactored/20260428_054018_default_6port_separator1_learned_dense_v2/separator1_grid_search_6ports_learned_dense_hd16_depth3_stages1_share1,default_6port_separator1_learned_dense_v2,separator1_grid_search_6ports_learned_dense_hd16_depth3_stages1_share1,supervised_nmse_plateau,separator1,12,6,onnxruntime,fp32,float32,64,4,ok,,8.240795,20,50,0.09050422,0.005388825906595981,0.080517,0.090487,0.0975073,0.0991435,0.1033099,0.105657,707149.3461851834,707.1493461851834,90.487,1.413859375,176787.33654629585,10656,9984,20856,sub-physical,0.03125,0.015625,Intel(R) Xeon(R) 6760P,AVX512,"avx2,avx512f,avx512bw,avx512vl,avx512_vnni,avx512_bf16,amx_bf16,amx_int8,amx_tile,fma",True,True,,1.23.2,CPUExecutionProvider,,,256,128,sh14l07002s1404,3.11.9,2.1.2+cu121
20260428_134843,2026-04-28T19:13:48.474089,cpu,onnxruntime,separator1_grid_search_6ports_learned_dense_hd16_depth3_stages1_share1,/home/liangyi/SRS_AI/Model_AIIC_refactor/experiments_refactored/20260428_054018_default_6port_separator1_learned_dense_v2/separator1_grid_search_6ports_learned_dense_hd16_depth3_stages1_share1,default_6port_separator1_learned_dense_v2,separator1_grid_search_6ports_learned_dense_hd16_depth3_stages1_share1,supervised_nmse_plateau,separator1,12,6,onnxruntime,fp32,float32,64,8,ok,,8.966495,20,50,0.08852876,0.006168797541044771,0.072943,0.090963,0.0946933,0.09648635,0.09956734,0.099584,722928.9103337717,722.9289103337717,90.96300000000001,1.4212968750000001,90366.11379172147,10656,9984,20856,sub-physical,0.0625,0.03125,Intel(R) Xeon(R) 6760P,AVX512,"avx2,avx512f,avx512bw,avx512vl,avx512_vnni,avx512_bf16,amx_bf16,amx_int8,amx_tile,fma",True,True,,1.23.2,CPUExecutionProvider,,,256,128,sh14l07002s1404,3.11.9,2.1.2+cu121
20260428_134843,2026-04-28T19:13:48.474089,cpu,onnxruntime,separator1_grid_search_6ports_learned_dense_hd16_depth3_stages1_share1,/home/liangyi/SRS_AI/Model_AIIC_refactor/experiments_refactored/20260428_054018_default_6port_separator1_learned_dense_v2/separator1_grid_search_6ports_learned_dense_hd16_depth3_stages1_share1,default_6port_separator1_learned_dense_v2,separator1_grid_search_6ports_learned_dense_hd16_depth3_stages1_share1,supervised_nmse_plateau,separator1,12,6,onnxruntime,fp32,float32,128,1,ok,,7.835971,20,50,0.0993698,0.0012331401218028714,0.097384,0.0992535,0.10118239999999999,0.1018262,0.10215678,0.102195,1288117.7178579408,1288.1177178579408,99.25349999999999,0.7754179687499999,1288117.7178579408,10656,9984,20856,single-thread,0.0078125,0.00390625,Intel(R) Xeon(R) 6760P,AVX512,"avx2,avx512f,avx512bw,avx512vl,avx512_vnni,avx512_bf16,amx_bf16,amx_int8,amx_tile,fma",True,True,,1.23.2,CPUExecutionProvider,,,256,128,sh14l07002s1404,3.11.9,2.1.2+cu121
20260428_134843,2026-04-28T19:13:48.474089,cpu,onnxruntime,separator1_grid_search_6ports_learned_dense_hd16_depth3_stages1_share1,/home/liangyi/SRS_AI/Model_AIIC_refactor/experiments_refactored/20260428_054018_default_6port_separator1_learned_dense_v2/separator1_grid_search_6ports_learned_dense_hd16_depth3_stages1_share1,default_6port_separator1_learned_dense_v2,separator1_grid_search_6ports_learned_dense_hd16_depth3_stages1_share1,supervised_nmse_plateau,separator1,12,6,onnxruntime,fp32,float32,128,2,ok,,7.884256,20,50,0.12129208,0.004792087185517392,0.109589,0.1221515,0.1260818,0.1279803,0.12862611000000002,0.128705,1055303.8582568623,1055.3038582568622,122.1515,0.95430859375,527651.9291284311,10656,9984,20856,sub-physical,0.015625,0.0078125,Intel(R) Xeon(R) 6760P,AVX512,"avx2,avx512f,avx512bw,avx512vl,avx512_vnni,avx512_bf16,amx_bf16,amx_int8,amx_tile,fma",True,True,,1.23.2,CPUExecutionProvider,,,256,128,sh14l07002s1404,3.11.9,2.1.2+cu121
20260428_134843,2026-04-28T19:13:48.474089,cpu,onnxruntime,separator1_grid_search_6ports_learned_dense_hd16_depth3_stages1_share1,/home/liangyi/SRS_AI/Model_AIIC_refactor/experiments_refactored/20260428_054018_default_6port_separator1_learned_dense_v2/separator1_grid_search_6ports_learned_dense_hd16_depth3_stages1_share1,default_6port_separator1_learned_dense_v2,separator1_grid_search_6ports_learned_dense_hd16_depth3_stages1_share1,supervised_nmse_plateau,separator1,12,6,onnxruntime,fp32,float32,128,4,ok,,8.056494,20,50,0.12709002,0.005393722927589068,0.114384,0.127523,0.1335438,0.13430384999999997,0.13636846,0.13693,1007160.1216208794,1007.1601216208794,127.523,0.9962734375,251790.03040521985,10656,9984,20856,sub-physical,0.03125,0.015625,Intel(R) Xeon(R) 6760P,AVX512,"avx2,avx512f,avx512bw,avx512vl,avx512_vnni,avx512_bf16,amx_bf16,amx_int8,amx_tile,fma",True,True,,1.23.2,CPUExecutionProvider,,,256,128,sh14l07002s1404,3.11.9,2.1.2+cu121
20260428_134843,2026-04-28T19:13:48.474089,cpu,onnxruntime,separator1_grid_search_6ports_learned_dense_hd16_depth3_stages1_share1,/home/liangyi/SRS_AI/Model_AIIC_refactor/experiments_refactored/20260428_054018_default_6port_separator1_learned_dense_v2/separator1_grid_search_6ports_learned_dense_hd16_depth3_stages1_share1,default_6port_separator1_learned_dense_v2,separator1_grid_search_6ports_learned_dense_hd16_depth3_stages1_share1,supervised_nmse_plateau,separator1,12,6,onnxruntime,fp32,float32,128,8,ok,,14.429897,20,50,0.13041708,0.010278615519300253,0.115028,0.1340865,0.141794,0.14234155,0.14298021,0.143064,981466.5379718669,981.466537971867,134.0865,1.04755078125,122683.31724648336,10656,9984,20856,sub-physical,0.0625,0.03125,Intel(R) Xeon(R) 6760P,AVX512,"avx2,avx512f,avx512bw,avx512vl,avx512_vnni,avx512_bf16,amx_bf16,amx_int8,amx_tile,fma",True,True,,1.23.2,CPUExecutionProvider,,,256,128,sh14l07002s1404,3.11.9,2.1.2+cu121
20260428_134843,2026-04-28T19:13:48.474089,cpu,openvino,separator1_grid_search_6ports_learned_dense_hd16_depth3_stages1_share1,/home/liangyi/SRS_AI/Model_AIIC_refactor/experiments_refactored/20260428_054018_default_6port_separator1_learned_dense_v2/separator1_grid_search_6ports_learned_dense_hd16_depth3_stages1_share1,default_6port_separator1_learned_dense_v2,separator1_grid_search_6ports_learned_dense_hd16_depth3_stages1_share1,supervised_nmse_plateau,separator1,12,6,openvino,fp32,float32,1,1,ok,,299.103928,20,50,0.36139348,0.027233118089003326,0.307065,0.36019650000000003,0.3939923,0.40101485,0.42406617999999996,0.438383,2767.0670760302596,2.76706707603026,360.1965,360.1965,2767.0670760302596,10656,9984,20856,single-thread,0.0078125,0.00390625,Intel(R) Xeon(R) 6760P,AVX512,"avx2,avx512f,avx512bw,avx512vl,avx512_vnni,avx512_bf16,amx_bf16,amx_int8,amx_tile,fma",True,True,,,,2026.1.0,CPU,256,128,sh14l07002s1404,3.11.9,2.1.2+cu121
20260428_134843,2026-04-28T19:13:48.474089,cpu,openvino,separator1_grid_search_6ports_learned_dense_hd16_depth3_stages1_share1,/home/liangyi/SRS_AI/Model_AIIC_refactor/experiments_refactored/20260428_054018_default_6port_separator1_learned_dense_v2/separator1_grid_search_6ports_learned_dense_hd16_depth3_stages1_share1,default_6port_separator1_learned_dense_v2,separator1_grid_search_6ports_learned_dense_hd16_depth3_stages1_share1,supervised_nmse_plateau,separator1,12,6,openvino,fp32,float32,1,2,ok,,259.463714,20,50,0.73801852,0.20206929758053202,0.416026,0.660496,1.0344765,1.050571,1.2722823899999995,1.414573,1354.979547125728,1.354979547125728,660.496,660.496,677.489773562864,10656,9984,20856,sub-physical,0.015625,0.0078125,Intel(R) Xeon(R) 6760P,AVX512,"avx2,avx512f,avx512bw,avx512vl,avx512_vnni,avx512_bf16,amx_bf16,amx_int8,amx_tile,fma",True,True,,,,2026.1.0,CPU,256,128,sh14l07002s1404,3.11.9,2.1.2+cu121
20260428_134843,2026-04-28T19:13:48.474089,cpu,openvino,separator1_grid_search_6ports_learned_dense_hd16_depth3_stages1_share1,/home/liangyi/SRS_AI/Model_AIIC_refactor/experiments_refactored/20260428_054018_default_6port_separator1_learned_dense_v2/separator1_grid_search_6ports_learned_dense_hd16_depth3_stages1_share1,default_6port_separator1_learned_dense_v2,separator1_grid_search_6ports_learned_dense_hd16_depth3_stages1_share1,supervised_nmse_plateau,separator1,12,6,openvino,fp32,float32,1,4,ok,,260.789593,20,50,0.50906656,0.16045913986534516,0.343718,0.47677899999999995,0.6138846,0.6640750499999999,1.0965749299999983,1.474141,1964.379667758967,1.9643796677589669,476.77899999999994,476.77899999999994,491.0949169397417,10656,9984,20856,sub-physical,0.03125,0.015625,Intel(R) Xeon(R) 6760P,AVX512,"avx2,avx512f,avx512bw,avx512vl,avx512_vnni,avx512_bf16,amx_bf16,amx_int8,amx_tile,fma",True,True,,,,2026.1.0,CPU,256,128,sh14l07002s1404,3.11.9,2.1.2+cu121
20260428_134843,2026-04-28T19:13:48.474089,cpu,openvino,separator1_grid_search_6ports_learned_dense_hd16_depth3_stages1_share1,/home/liangyi/SRS_AI/Model_AIIC_refactor/experiments_refactored/20260428_054018_default_6port_separator1_learned_dense_v2/separator1_grid_search_6ports_learned_dense_hd16_depth3_stages1_share1,default_6port_separator1_learned_dense_v2,separator1_grid_search_6ports_learned_dense_hd16_depth3_stages1_share1,supervised_nmse_plateau,separator1,12,6,openvino,fp32,float32,1,8,ok,,264.854018,20,50,0.38809326,0.043903448311407155,0.321912,0.384066,0.4441817,0.45956179999999996,0.5213278599999999,0.553759,2576.700249831703,2.576700249831703,384.06600000000003,384.06600000000003,322.08753122896286,10656,9984,20856,sub-physical,0.0625,0.03125,Intel(R) Xeon(R) 6760P,AVX512,"avx2,avx512f,avx512bw,avx512vl,avx512_vnni,avx512_bf16,amx_bf16,amx_int8,amx_tile,fma",True,True,,,,2026.1.0,CPU,256,128,sh14l07002s1404,3.11.9,2.1.2+cu121
20260428_134843,2026-04-28T19:13:48.474089,cpu,openvino,separator1_grid_search_6ports_learned_dense_hd16_depth3_stages1_share1,/home/liangyi/SRS_AI/Model_AIIC_refactor/experiments_refactored/20260428_054018_default_6port_separator1_learned_dense_v2/separator1_grid_search_6ports_learned_dense_hd16_depth3_stages1_share1,default_6port_separator1_learned_dense_v2,separator1_grid_search_6ports_learned_dense_hd16_depth3_stages1_share1,supervised_nmse_plateau,separator1,12,6,openvino,fp32,float32,2,1,ok,,260.109545,20,50,0.47642812,0.15563767981111,0.250157,0.4648635,0.6423513,0.7002767,0.8888914199999994,1.034246,4197.905027100415,4.197905027100416,464.8635,232.43175,4197.905027100415,10656,9984,20856,single-thread,0.0078125,0.00390625,Intel(R) Xeon(R) 6760P,AVX512,"avx2,avx512f,avx512bw,avx512vl,avx512_vnni,avx512_bf16,amx_bf16,amx_int8,amx_tile,fma",True,True,,,,2026.1.0,CPU,256,128,sh14l07002s1404,3.11.9,2.1.2+cu121
20260428_134843,2026-04-28T19:13:48.474089,cpu,openvino,separator1_grid_search_6ports_learned_dense_hd16_depth3_stages1_share1,/home/liangyi/SRS_AI/Model_AIIC_refactor/experiments_refactored/20260428_054018_default_6port_separator1_learned_dense_v2/separator1_grid_search_6ports_learned_dense_hd16_depth3_stages1_share1,default_6port_separator1_learned_dense_v2,separator1_grid_search_6ports_learned_dense_hd16_depth3_stages1_share1,supervised_nmse_plateau,separator1,12,6,openvino,fp32,float32,2,2,ok,,259.357734,20,50,0.5546077,0.6871463178307878,0.225962,0.5323585,0.6294597000000001,0.68731395,3.0536622799999913,5.25309,3606.1526011990095,3.6061526011990095,532.3584999999999,266.17924999999997,1803.0763005995047,10656,9984,20856,sub-physical,0.015625,0.0078125,Intel(R) Xeon(R) 6760P,AVX512,"avx2,avx512f,avx512bw,avx512vl,avx512_vnni,avx512_bf16,amx_bf16,amx_int8,amx_tile,fma",True,True,,,,2026.1.0,CPU,256,128,sh14l07002s1404,3.11.9,2.1.2+cu121
20260428_134843,2026-04-28T19:13:48.474089,cpu,openvino,separator1_grid_search_6ports_learned_dense_hd16_depth3_stages1_share1,/home/liangyi/SRS_AI/Model_AIIC_refactor/experiments_refactored/20260428_054018_default_6port_separator1_learned_dense_v2/separator1_grid_search_6ports_learned_dense_hd16_depth3_stages1_share1,default_6port_separator1_learned_dense_v2,separator1_grid_search_6ports_learned_dense_hd16_depth3_stages1_share1,supervised_nmse_plateau,separator1,12,6,openvino,fp32,float32,2,4,ok,,255.670123,20,50,0.5895145,0.1468766359873823,0.246073,0.5738945,0.6819547,0.73119335,1.125508329999999,1.37393,3392.622234058704,3.3926222340587042,573.8945,286.94725,848.155558514676,10656,9984,20856,sub-physical,0.03125,0.015625,Intel(R) Xeon(R) 6760P,AVX512,"avx2,avx512f,avx512bw,avx512vl,avx512_vnni,avx512_bf16,amx_bf16,amx_int8,amx_tile,fma",True,True,,,,2026.1.0,CPU,256,128,sh14l07002s1404,3.11.9,2.1.2+cu121
20260428_134843,2026-04-28T19:13:48.474089,cpu,openvino,separator1_grid_search_6ports_learned_dense_hd16_depth3_stages1_share1,/home/liangyi/SRS_AI/Model_AIIC_refactor/experiments_refactored/20260428_054018_default_6port_separator1_learned_dense_v2/separator1_grid_search_6ports_learned_dense_hd16_depth3_stages1_share1,default_6port_separator1_learned_dense_v2,separator1_grid_search_6ports_learned_dense_hd16_depth3_stages1_share1,supervised_nmse_plateau,separator1,12,6,openvino,fp32,float32,2,8,ok,,259.069691,20,50,0.5582581,0.04558808407478867,0.465485,0.543722,0.6284358999999999,0.6378701999999999,0.6694585499999999,0.694255,3582.5722904871423,3.582572290487142,543.7220000000001,271.86100000000005,447.8215363108928,10656,9984,20856,sub-physical,0.0625,0.03125,Intel(R) Xeon(R) 6760P,AVX512,"avx2,avx512f,avx512bw,avx512vl,avx512_vnni,avx512_bf16,amx_bf16,amx_int8,amx_tile,fma",True,True,,,,2026.1.0,CPU,256,128,sh14l07002s1404,3.11.9,2.1.2+cu121
20260428_134843,2026-04-28T19:13:48.474089,cpu,openvino,separator1_grid_search_6ports_learned_dense_hd16_depth3_stages1_share1,/home/liangyi/SRS_AI/Model_AIIC_refactor/experiments_refactored/20260428_054018_default_6port_separator1_learned_dense_v2/separator1_grid_search_6ports_learned_dense_hd16_depth3_stages1_share1,default_6port_separator1_learned_dense_v2,separator1_grid_search_6ports_learned_dense_hd16_depth3_stages1_share1,supervised_nmse_plateau,separator1,12,6,openvino,fp32,float32,4,1,ok,,258.320058,20,50,0.57695162,0.24027630677400466,0.197117,0.619985,0.7133981,0.74525695,1.3239186799999985,1.703408,6932.990325947953,6.932990325947953,619.985,154.99625,6932.990325947953,10656,9984,20856,single-thread,0.0078125,0.00390625,Intel(R) Xeon(R) 6760P,AVX512,"avx2,avx512f,avx512bw,avx512vl,avx512_vnni,avx512_bf16,amx_bf16,amx_int8,amx_tile,fma",True,True,,,,2026.1.0,CPU,256,128,sh14l07002s1404,3.11.9,2.1.2+cu121
20260428_134843,2026-04-28T19:13:48.474089,cpu,openvino,separator1_grid_search_6ports_learned_dense_hd16_depth3_stages1_share1,/home/liangyi/SRS_AI/Model_AIIC_refactor/experiments_refactored/20260428_054018_default_6port_separator1_learned_dense_v2/separator1_grid_search_6ports_learned_dense_hd16_depth3_stages1_share1,default_6port_separator1_learned_dense_v2,separator1_grid_search_6ports_learned_dense_hd16_depth3_stages1_share1,supervised_nmse_plateau,separator1,12,6,openvino,fp32,float32,4,2,ok,,259.572281,20,50,0.6285835,0.042937561670057606,0.568903,0.6226780000000001,0.6932824000000001,0.7153794,0.7468714399999999,0.770952,6363.514155239519,6.363514155239519,622.6780000000001,155.66950000000003,3181.7570776197595,10656,9984,20856,sub-physical,0.015625,0.0078125,Intel(R) Xeon(R) 6760P,AVX512,"avx2,avx512f,avx512bw,avx512vl,avx512_vnni,avx512_bf16,amx_bf16,amx_int8,amx_tile,fma",True,True,,,,2026.1.0,CPU,256,128,sh14l07002s1404,3.11.9,2.1.2+cu121
20260428_134843,2026-04-28T19:13:48.474089,cpu,openvino,separator1_grid_search_6ports_learned_dense_hd16_depth3_stages1_share1,/home/liangyi/SRS_AI/Model_AIIC_refactor/experiments_refactored/20260428_054018_default_6port_separator1_learned_dense_v2/separator1_grid_search_6ports_learned_dense_hd16_depth3_stages1_share1,default_6port_separator1_learned_dense_v2,separator1_grid_search_6ports_learned_dense_hd16_depth3_stages1_share1,supervised_nmse_plateau,separator1,12,6,openvino,fp32,float32,4,4,ok,,259.008665,20,50,0.66568998,0.05580953052176304,0.558533,0.663665,0.7487848,0.7702288,0.7807813299999999,0.789152,6008.803076771563,6.008803076771563,663.665,165.91625,1502.2007691928907,10656,9984,20856,sub-physical,0.03125,0.015625,Intel(R) Xeon(R) 6760P,AVX512,"avx2,avx512f,avx512bw,avx512vl,avx512_vnni,avx512_bf16,amx_bf16,amx_int8,amx_tile,fma",True,True,,,,2026.1.0,CPU,256,128,sh14l07002s1404,3.11.9,2.1.2+cu121
20260428_134843,2026-04-28T19:13:48.474089,cpu,openvino,separator1_grid_search_6ports_learned_dense_hd16_depth3_stages1_share1,/home/liangyi/SRS_AI/Model_AIIC_refactor/experiments_refactored/20260428_054018_default_6port_separator1_learned_dense_v2/separator1_grid_search_6ports_learned_dense_hd16_depth3_stages1_share1,default_6port_separator1_learned_dense_v2,separator1_grid_search_6ports_learned_dense_hd16_depth3_stages1_share1,supervised_nmse_plateau,separator1,12,6,openvino,fp32,float32,4,8,ok,,260.984102,20,50,0.6308579,0.28927563907451664,0.265215,0.6219235000000001,0.7565938999999999,1.0327582999999987,1.7193766099999985,2.059638,6340.572100309753,6.340572100309753,621.9235000000001,155.48087500000003,792.5715125387192,10656,9984,20856,sub-physical,0.0625,0.03125,Intel(R) Xeon(R) 6760P,AVX512,"avx2,avx512f,avx512bw,avx512vl,avx512_vnni,avx512_bf16,amx_bf16,amx_int8,amx_tile,fma",True,True,,,,2026.1.0,CPU,256,128,sh14l07002s1404,3.11.9,2.1.2+cu121
20260428_134843,2026-04-28T19:13:48.474089,cpu,openvino,separator1_grid_search_6ports_learned_dense_hd16_depth3_stages1_share1,/home/liangyi/SRS_AI/Model_AIIC_refactor/experiments_refactored/20260428_054018_default_6port_separator1_learned_dense_v2/separator1_grid_search_6ports_learned_dense_hd16_depth3_stages1_share1,default_6port_separator1_learned_dense_v2,separator1_grid_search_6ports_learned_dense_hd16_depth3_stages1_share1,supervised_nmse_plateau,separator1,12,6,openvino,fp32,float32,8,1,ok,,256.532684,20,50,0.73556448,0.06623941639182519,0.616471,0.7227224999999999,0.8325149,0.8460013999999999,0.87260089,0.888398,10876.000972749527,10.876000972749527,722.7225,90.3403125,10876.000972749527,10656,9984,20856,single-thread,0.0078125,0.00390625,Intel(R) Xeon(R) 6760P,AVX512,"avx2,avx512f,avx512bw,avx512vl,avx512_vnni,avx512_bf16,amx_bf16,amx_int8,amx_tile,fma",True,True,,,,2026.1.0,CPU,256,128,sh14l07002s1404,3.11.9,2.1.2+cu121
20260428_134843,2026-04-28T19:13:48.474089,cpu,openvino,separator1_grid_search_6ports_learned_dense_hd16_depth3_stages1_share1,/home/liangyi/SRS_AI/Model_AIIC_refactor/experiments_refactored/20260428_054018_default_6port_separator1_learned_dense_v2/separator1_grid_search_6ports_learned_dense_hd16_depth3_stages1_share1,default_6port_separator1_learned_dense_v2,separator1_grid_search_6ports_learned_dense_hd16_depth3_stages1_share1,supervised_nmse_plateau,separator1,12,6,openvino,fp32,float32,8,2,ok,,259.614665,20,50,0.74343646,0.057489217690349544,0.596614,0.7371145,0.7944027,0.8496796999999999,0.89776976,0.910841,10760.838928991994,10.760838928991994,737.1145,92.1393125,5380.419464495997,10656,9984,20856,sub-physical,0.015625,0.0078125,Intel(R) Xeon(R) 6760P,AVX512,"avx2,avx512f,avx512bw,avx512vl,avx512_vnni,avx512_bf16,amx_bf16,amx_int8,amx_tile,fma",True,True,,,,2026.1.0,CPU,256,128,sh14l07002s1404,3.11.9,2.1.2+cu121
20260428_134843,2026-04-28T19:13:48.474089,cpu,openvino,separator1_grid_search_6ports_learned_dense_hd16_depth3_stages1_share1,/home/liangyi/SRS_AI/Model_AIIC_refactor/experiments_refactored/20260428_054018_default_6port_separator1_learned_dense_v2/separator1_grid_search_6ports_learned_dense_hd16_depth3_stages1_share1,default_6port_separator1_learned_dense_v2,separator1_grid_search_6ports_learned_dense_hd16_depth3_stages1_share1,supervised_nmse_plateau,separator1,12,6,openvino,fp32,float32,8,4,ok,,262.853309,20,50,0.73211232,0.05583279957281024,0.626273,0.7239145,0.8135974,0.8307167,0.8469540999999999,0.853966,10927.285037356016,10.927285037356016,723.9145,90.4893125,2731.821259339004,10656,9984,20856,sub-physical,0.03125,0.015625,Intel(R) Xeon(R) 6760P,AVX512,"avx2,avx512f,avx512bw,avx512vl,avx512_vnni,avx512_bf16,amx_bf16,amx_int8,amx_tile,fma",True,True,,,,2026.1.0,CPU,256,128,sh14l07002s1404,3.11.9,2.1.2+cu121
20260428_134843,2026-04-28T19:13:48.474089,cpu,openvino,separator1_grid_search_6ports_learned_dense_hd16_depth3_stages1_share1,/home/liangyi/SRS_AI/Model_AIIC_refactor/experiments_refactored/20260428_054018_default_6port_separator1_learned_dense_v2/separator1_grid_search_6ports_learned_dense_hd16_depth3_stages1_share1,default_6port_separator1_learned_dense_v2,separator1_grid_search_6ports_learned_dense_hd16_depth3_stages1_share1,supervised_nmse_plateau,separator1,12,6,openvino,fp32,float32,8,8,ok,,259.328971,20,50,0.7236946,0.05290909151365198,0.594365,0.7207885,0.7915684000000001,0.81728875,0.8530701099999999,0.87319,11054.38675374944,11.05438675374944,720.7885,90.0985625,1381.79834421868,10656,9984,20856,sub-physical,0.0625,0.03125,Intel(R) Xeon(R) 6760P,AVX512,"avx2,avx512f,avx512bw,avx512vl,avx512_vnni,avx512_bf16,amx_bf16,amx_int8,amx_tile,fma",True,True,,,,2026.1.0,CPU,256,128,sh14l07002s1404,3.11.9,2.1.2+cu121
20260428_134843,2026-04-28T19:13:48.474089,cpu,openvino,separator1_grid_search_6ports_learned_dense_hd16_depth3_stages1_share1,/home/liangyi/SRS_AI/Model_AIIC_refactor/experiments_refactored/20260428_054018_default_6port_separator1_learned_dense_v2/separator1_grid_search_6ports_learned_dense_hd16_depth3_stages1_share1,default_6port_separator1_learned_dense_v2,separator1_grid_search_6ports_learned_dense_hd16_depth3_stages1_share1,supervised_nmse_plateau,separator1,12,6,openvino,fp32,float32,16,1,ok,,258.461709,20,50,0.9555321999999999,0.07547671365341764,0.780627,0.9637045,1.0519603,1.08650995,1.1147399599999999,1.118658,16744.59531557388,16.74459531557388,963.7044999999999,60.231531249999996,16744.59531557388,10656,9984,20856,single-thread,0.0078125,0.00390625,Intel(R) Xeon(R) 6760P,AVX512,"avx2,avx512f,avx512bw,avx512vl,avx512_vnni,avx512_bf16,amx_bf16,amx_int8,amx_tile,fma",True,True,,,,2026.1.0,CPU,256,128,sh14l07002s1404,3.11.9,2.1.2+cu121
20260428_134843,2026-04-28T19:13:48.474089,cpu,openvino,separator1_grid_search_6ports_learned_dense_hd16_depth3_stages1_share1,/home/liangyi/SRS_AI/Model_AIIC_refactor/experiments_refactored/20260428_054018_default_6port_separator1_learned_dense_v2/separator1_grid_search_6ports_learned_dense_hd16_depth3_stages1_share1,default_6port_separator1_learned_dense_v2,separator1_grid_search_6ports_learned_dense_hd16_depth3_stages1_share1,supervised_nmse_plateau,separator1,12,6,openvino,fp32,float32,16,2,ok,,256.026977,20,50,1.06793902,0.7047345028743659,0.594372,0.929584,1.0776033,2.0895834999999954,4.071877559999996,4.98894,14982.12884851796,14.98212884851796,929.584,58.099,7491.06442425898,10656,9984,20856,sub-physical,0.015625,0.0078125,Intel(R) Xeon(R) 6760P,AVX512,"avx2,avx512f,avx512bw,avx512vl,avx512_vnni,avx512_bf16,amx_bf16,amx_int8,amx_tile,fma",True,True,,,,2026.1.0,CPU,256,128,sh14l07002s1404,3.11.9,2.1.2+cu121
20260428_134843,2026-04-28T19:13:48.474089,cpu,openvino,separator1_grid_search_6ports_learned_dense_hd16_depth3_stages1_share1,/home/liangyi/SRS_AI/Model_AIIC_refactor/experiments_refactored/20260428_054018_default_6port_separator1_learned_dense_v2/separator1_grid_search_6ports_learned_dense_hd16_depth3_stages1_share1,default_6port_separator1_learned_dense_v2,separator1_grid_search_6ports_learned_dense_hd16_depth3_stages1_share1,supervised_nmse_plateau,separator1,12,6,openvino,fp32,float32,16,4,ok,,258.483018,20,50,0.91375788,0.06595372738902329,0.783607,0.9106985000000001,1.0101551,1.03815435,1.05598825,1.067099,17510.108914190703,17.510108914190702,910.6985000000001,56.918656250000005,4377.527228547676,10656,9984,20856,sub-physical,0.03125,0.015625,Intel(R) Xeon(R) 6760P,AVX512,"avx2,avx512f,avx512bw,avx512vl,avx512_vnni,avx512_bf16,amx_bf16,amx_int8,amx_tile,fma",True,True,,,,2026.1.0,CPU,256,128,sh14l07002s1404,3.11.9,2.1.2+cu121
20260428_134843,2026-04-28T19:13:48.474089,cpu,openvino,separator1_grid_search_6ports_learned_dense_hd16_depth3_stages1_share1,/home/liangyi/SRS_AI/Model_AIIC_refactor/experiments_refactored/20260428_054018_default_6port_separator1_learned_dense_v2/separator1_grid_search_6ports_learned_dense_hd16_depth3_stages1_share1,default_6port_separator1_learned_dense_v2,separator1_grid_search_6ports_learned_dense_hd16_depth3_stages1_share1,supervised_nmse_plateau,separator1,12,6,openvino,fp32,float32,16,8,ok,,260.564859,20,50,1.06437336,0.8305310306355027,0.530939,0.9095234999999999,1.0712741,1.5079006499999987,4.665857939999992,6.457246,15032.319110279122,15.032319110279122,909.5234999999999,56.845218749999994,1879.0398887848903,10656,9984,20856,sub-physical,0.0625,0.03125,Intel(R) Xeon(R) 6760P,AVX512,"avx2,avx512f,avx512bw,avx512vl,avx512_vnni,avx512_bf16,amx_bf16,amx_int8,amx_tile,fma",True,True,,,,2026.1.0,CPU,256,128,sh14l07002s1404,3.11.9,2.1.2+cu121
20260428_134843,2026-04-28T19:13:48.474089,cpu,openvino,separator1_grid_search_6ports_learned_dense_hd16_depth3_stages1_share1,/home/liangyi/SRS_AI/Model_AIIC_refactor/experiments_refactored/20260428_054018_default_6port_separator1_learned_dense_v2/separator1_grid_search_6ports_learned_dense_hd16_depth3_stages1_share1,default_6port_separator1_learned_dense_v2,separator1_grid_search_6ports_learned_dense_hd16_depth3_stages1_share1,supervised_nmse_plateau,separator1,12,6,openvino,fp32,float32,32,1,ok,,258.839277,20,50,1.00761428,0.1313898733403819,0.83747,0.9897855,1.0942285,1.1991573499999997,1.4715065899999993,1.672411,31758.18429250526,31.75818429250526,989.7855,30.930796875,31758.18429250526,10656,9984,20856,single-thread,0.0078125,0.00390625,Intel(R) Xeon(R) 6760P,AVX512,"avx2,avx512f,avx512bw,avx512vl,avx512_vnni,avx512_bf16,amx_bf16,amx_int8,amx_tile,fma",True,True,,,,2026.1.0,CPU,256,128,sh14l07002s1404,3.11.9,2.1.2+cu121
20260428_134843,2026-04-28T19:13:48.474089,cpu,openvino,separator1_grid_search_6ports_learned_dense_hd16_depth3_stages1_share1,/home/liangyi/SRS_AI/Model_AIIC_refactor/experiments_refactored/20260428_054018_default_6port_separator1_learned_dense_v2/separator1_grid_search_6ports_learned_dense_hd16_depth3_stages1_share1,default_6port_separator1_learned_dense_v2,separator1_grid_search_6ports_learned_dense_hd16_depth3_stages1_share1,supervised_nmse_plateau,separator1,12,6,openvino,fp32,float32,32,2,ok,,257.906426,20,50,0.93937518,0.0753048619077653,0.815745,0.9213089999999999,1.0276694,1.08102495,1.15403378,1.174113,34065.19640001559,34.065196400015594,921.309,28.79090625,17032.598200007797,10656,9984,20856,sub-physical,0.015625,0.0078125,Intel(R) Xeon(R) 6760P,AVX512,"avx2,avx512f,avx512bw,avx512vl,avx512_vnni,avx512_bf16,amx_bf16,amx_int8,amx_tile,fma",True,True,,,,2026.1.0,CPU,256,128,sh14l07002s1404,3.11.9,2.1.2+cu121
20260428_134843,2026-04-28T19:13:48.474089,cpu,openvino,separator1_grid_search_6ports_learned_dense_hd16_depth3_stages1_share1,/home/liangyi/SRS_AI/Model_AIIC_refactor/experiments_refactored/20260428_054018_default_6port_separator1_learned_dense_v2/separator1_grid_search_6ports_learned_dense_hd16_depth3_stages1_share1,default_6port_separator1_learned_dense_v2,separator1_grid_search_6ports_learned_dense_hd16_depth3_stages1_share1,supervised_nmse_plateau,separator1,12,6,openvino,fp32,float32,32,4,ok,,260.036518,20,50,1.02002316,0.39618710797906387,0.830783,0.9490419999999999,1.0947951,1.1925811499999996,2.5611302999999954,3.695103,31371.836694374662,31.37183669437466,949.0419999999999,29.657562499999997,7842.959173593666,10656,9984,20856,sub-physical,0.03125,0.015625,Intel(R) Xeon(R) 6760P,AVX512,"avx2,avx512f,avx512bw,avx512vl,avx512_vnni,avx512_bf16,amx_bf16,amx_int8,amx_tile,fma",True,True,,,,2026.1.0,CPU,256,128,sh14l07002s1404,3.11.9,2.1.2+cu121
20260428_134843,2026-04-28T19:13:48.474089,cpu,openvino,separator1_grid_search_6ports_learned_dense_hd16_depth3_stages1_share1,/home/liangyi/SRS_AI/Model_AIIC_refactor/experiments_refactored/20260428_054018_default_6port_separator1_learned_dense_v2/separator1_grid_search_6ports_learned_dense_hd16_depth3_stages1_share1,default_6port_separator1_learned_dense_v2,separator1_grid_search_6ports_learned_dense_hd16_depth3_stages1_share1,supervised_nmse_plateau,separator1,12,6,openvino,fp32,float32,32,8,ok,,258.855255,20,50,0.94703296,0.0867441858480348,0.776589,0.9444505,1.0729209000000002,1.0939747,1.11405303,1.116627,33789.742650562024,33.789742650562026,944.4504999999999,29.514078124999997,4223.717831320253,10656,9984,20856,sub-physical,0.0625,0.03125,Intel(R) Xeon(R) 6760P,AVX512,"avx2,avx512f,avx512bw,avx512vl,avx512_vnni,avx512_bf16,amx_bf16,amx_int8,amx_tile,fma",True,True,,,,2026.1.0,CPU,256,128,sh14l07002s1404,3.11.9,2.1.2+cu121
20260428_134843,2026-04-28T19:13:48.474089,cpu,openvino,separator1_grid_search_6ports_learned_dense_hd16_depth3_stages1_share1,/home/liangyi/SRS_AI/Model_AIIC_refactor/experiments_refactored/20260428_054018_default_6port_separator1_learned_dense_v2/separator1_grid_search_6ports_learned_dense_hd16_depth3_stages1_share1,default_6port_separator1_learned_dense_v2,separator1_grid_search_6ports_learned_dense_hd16_depth3_stages1_share1,supervised_nmse_plateau,separator1,12,6,openvino,fp32,float32,64,1,ok,,258.054853,20,50,1.76613196,0.11336944265346988,1.567293,1.7512865,1.9094578,1.9707279500000001,2.02608109,2.060018,36237.382851052644,36.237382851052644,1751.2865,27.3638515625,36237.382851052644,10656,9984,20856,single-thread,0.0078125,0.00390625,Intel(R) Xeon(R) 6760P,AVX512,"avx2,avx512f,avx512bw,avx512vl,avx512_vnni,avx512_bf16,amx_bf16,amx_int8,amx_tile,fma",True,True,,,,2026.1.0,CPU,256,128,sh14l07002s1404,3.11.9,2.1.2+cu121
20260428_134843,2026-04-28T19:13:48.474089,cpu,openvino,separator1_grid_search_6ports_learned_dense_hd16_depth3_stages1_share1,/home/liangyi/SRS_AI/Model_AIIC_refactor/experiments_refactored/20260428_054018_default_6port_separator1_learned_dense_v2/separator1_grid_search_6ports_learned_dense_hd16_depth3_stages1_share1,default_6port_separator1_learned_dense_v2,separator1_grid_search_6ports_learned_dense_hd16_depth3_stages1_share1,supervised_nmse_plateau,separator1,12,6,openvino,fp32,float32,64,2,ok,,259.725108,20,50,1.80957312,0.10422868853144801,1.58612,1.8060375,1.9510859,1.96619895,2.01472734,2.039979,35367.457270806495,35.3674572708065,1806.0375,28.2193359375,17683.728635403248,10656,9984,20856,sub-physical,0.015625,0.0078125,Intel(R) Xeon(R) 6760P,AVX512,"avx2,avx512f,avx512bw,avx512vl,avx512_vnni,avx512_bf16,amx_bf16,amx_int8,amx_tile,fma",True,True,,,,2026.1.0,CPU,256,128,sh14l07002s1404,3.11.9,2.1.2+cu121
20260428_134843,2026-04-28T19:13:48.474089,cpu,openvino,separator1_grid_search_6ports_learned_dense_hd16_depth3_stages1_share1,/home/liangyi/SRS_AI/Model_AIIC_refactor/experiments_refactored/20260428_054018_default_6port_separator1_learned_dense_v2/separator1_grid_search_6ports_learned_dense_hd16_depth3_stages1_share1,default_6port_separator1_learned_dense_v2,separator1_grid_search_6ports_learned_dense_hd16_depth3_stages1_share1,supervised_nmse_plateau,separator1,12,6,openvino,fp32,float32,64,4,ok,,295.970821,20,50,1.6875577,0.12032050709122696,1.356008,1.6831070000000001,1.8410901,1.9180592,1.96165524,1.97916,37924.629184531,37.924629184531,1683.1070000000002,26.298546875000003,9481.15729613275,10656,9984,20856,sub-physical,0.03125,0.015625,Intel(R) Xeon(R) 6760P,AVX512,"avx2,avx512f,avx512bw,avx512vl,avx512_vnni,avx512_bf16,amx_bf16,amx_int8,amx_tile,fma",True,True,,,,2026.1.0,CPU,256,128,sh14l07002s1404,3.11.9,2.1.2+cu121
20260428_134843,2026-04-28T19:13:48.474089,cpu,openvino,separator1_grid_search_6ports_learned_dense_hd16_depth3_stages1_share1,/home/liangyi/SRS_AI/Model_AIIC_refactor/experiments_refactored/20260428_054018_default_6port_separator1_learned_dense_v2/separator1_grid_search_6ports_learned_dense_hd16_depth3_stages1_share1,default_6port_separator1_learned_dense_v2,separator1_grid_search_6ports_learned_dense_hd16_depth3_stages1_share1,supervised_nmse_plateau,separator1,12,6,openvino,fp32,float32,64,8,ok,,261.911197,20,50,1.63338062,0.08762046726145438,1.476166,1.608378,1.760861,1.7928237,1.82885305,1.832898,39182.53909489877,39.18253909489877,1608.3780000000002,25.130906250000002,4897.817386862346,10656,9984,20856,sub-physical,0.0625,0.03125,Intel(R) Xeon(R) 6760P,AVX512,"avx2,avx512f,avx512bw,avx512vl,avx512_vnni,avx512_bf16,amx_bf16,amx_int8,amx_tile,fma",True,True,,,,2026.1.0,CPU,256,128,sh14l07002s1404,3.11.9,2.1.2+cu121
20260428_134843,2026-04-28T19:13:48.474089,cpu,openvino,separator1_grid_search_6ports_learned_dense_hd16_depth3_stages1_share1,/home/liangyi/SRS_AI/Model_AIIC_refactor/experiments_refactored/20260428_054018_default_6port_separator1_learned_dense_v2/separator1_grid_search_6ports_learned_dense_hd16_depth3_stages1_share1,default_6port_separator1_learned_dense_v2,separator1_grid_search_6ports_learned_dense_hd16_depth3_stages1_share1,supervised_nmse_plateau,separator1,12,6,openvino,fp32,float32,128,1,ok,,262.751062,20,50,1.89002442,0.15094307532591084,1.382986,1.8837175,2.063403,2.1201122999999997,2.219919,2.227661,67723.99268788284,67.72399268788284,1883.7175,14.71654296875,67723.99268788284,10656,9984,20856,single-thread,0.0078125,0.00390625,Intel(R) Xeon(R) 6760P,AVX512,"avx2,avx512f,avx512bw,avx512vl,avx512_vnni,avx512_bf16,amx_bf16,amx_int8,amx_tile,fma",True,True,,,,2026.1.0,CPU,256,128,sh14l07002s1404,3.11.9,2.1.2+cu121
20260428_134843,2026-04-28T19:13:48.474089,cpu,openvino,separator1_grid_search_6ports_learned_dense_hd16_depth3_stages1_share1,/home/liangyi/SRS_AI/Model_AIIC_refactor/experiments_refactored/20260428_054018_default_6port_separator1_learned_dense_v2/separator1_grid_search_6ports_learned_dense_hd16_depth3_stages1_share1,default_6port_separator1_learned_dense_v2,separator1_grid_search_6ports_learned_dense_hd16_depth3_stages1_share1,supervised_nmse_plateau,separator1,12,6,openvino,fp32,float32,128,2,ok,,257.738276,20,50,1.79869126,0.13544400133676054,1.428799,1.7887425000000001,1.9676006000000001,1.9939712499999998,2.186139839999999,2.346558,71162.85203943227,71.16285203943227,1788.7425,13.97455078125,35581.426019716135,10656,9984,20856,sub-physical,0.015625,0.0078125,Intel(R) Xeon(R) 6760P,AVX512,"avx2,avx512f,avx512bw,avx512vl,avx512_vnni,avx512_bf16,amx_bf16,amx_int8,amx_tile,fma",True,True,,,,2026.1.0,CPU,256,128,sh14l07002s1404,3.11.9,2.1.2+cu121
20260428_134843,2026-04-28T19:13:48.474089,cpu,openvino,separator1_grid_search_6ports_learned_dense_hd16_depth3_stages1_share1,/home/liangyi/SRS_AI/Model_AIIC_refactor/experiments_refactored/20260428_054018_default_6port_separator1_learned_dense_v2/separator1_grid_search_6ports_learned_dense_hd16_depth3_stages1_share1,default_6port_separator1_learned_dense_v2,separator1_grid_search_6ports_learned_dense_hd16_depth3_stages1_share1,supervised_nmse_plateau,separator1,12,6,openvino,fp32,float32,128,4,ok,,259.356635,20,50,1.92439266,0.15630056681235804,1.517987,1.92103,2.131365,2.1443381,2.26897813,2.363236,66514.49190208406,66.51449190208406,1921.03,15.008046875,16628.622975521015,10656,9984,20856,sub-physical,0.03125,0.015625,Intel(R) Xeon(R) 6760P,AVX512,"avx2,avx512f,avx512bw,avx512vl,avx512_vnni,avx512_bf16,amx_bf16,amx_int8,amx_tile,fma",True,True,,,,2026.1.0,CPU,256,128,sh14l07002s1404,3.11.9,2.1.2+cu121
20260428_134843,2026-04-28T19:13:48.474089,cpu,openvino,separator1_grid_search_6ports_learned_dense_hd16_depth3_stages1_share1,/home/liangyi/SRS_AI/Model_AIIC_refactor/experiments_refactored/20260428_054018_default_6port_separator1_learned_dense_v2/separator1_grid_search_6ports_learned_dense_hd16_depth3_stages1_share1,default_6port_separator1_learned_dense_v2,separator1_grid_search_6ports_learned_dense_hd16_depth3_stages1_share1,supervised_nmse_plateau,separator1,12,6,openvino,fp32,float32,128,8,ok,,257.766499,20,50,1.92487198,0.13551642294696092,1.651439,1.9319955000000002,2.0689097,2.12071245,2.2811163699999994,2.376611,66497.92886485884,66.49792886485884,1931.9955000000002,15.093714843750002,8312.241108107355,10656,9984,20856,sub-physical,0.0625,0.03125,Intel(R) Xeon(R) 6760P,AVX512,"avx2,avx512f,avx512bw,avx512vl,avx512_vnni,avx512_bf16,amx_bf16,amx_int8,amx_tile,fma",True,True,,,,2026.1.0,CPU,256,128,sh14l07002s1404,3.11.9,2.1.2+cu121
