benchmark_id,timestamp,device,run_name,run_dir,experiment_name,model_label,training_label,model_type,seq_len,num_ports,execution_mode,requested_precision_profile,effective_execution_dtype,batch_size,num_threads,status,skip_reason,graph_prep_time_ms,warmup_iters,measure_iters,mean_latency_ms,std_latency_ms,min_latency_ms,p50_latency_ms,p90_latency_ms,p95_latency_ms,p99_latency_ms,max_latency_ms,throughput_samples_per_sec,samples_per_ms,p50_latency_us,latency_per_sample_us,throughput_per_thread,trainable_parameters,macs_per_sample,flops_per_sample_estimate,thread_group,threads_per_physical_core_ratio,threads_per_logical_cpu_ratio,cpu_model_name,cpu_capability,cpu_flag_summary,mkldnn_available,mkldnn_enabled,onednn_version,logical_cpu_count,physical_cpu_count,hostname,python_version,pytorch_version
20260424_010536,2026-04-24T06:14:22.682444,cpu,full_mlp_capacity_search_hd64_depth5,/home/liangyi/SRS_AI/Model_AIIC_refactor/experiments_refactored/20260422_050408_full_mlp_capacity_search_v2/full_mlp_capacity_search_hd64_depth5,full_mlp_capacity_search_v2,full_mlp_capacity_search_hd64_depth5,supervised_nmse_plateau,full_mlp,12,6,eager,fp32,float32,1,1,ok,,0.0,20,50,0.05178246,0.00669161385081357,0.046844,0.050918,0.0565128,0.0574217,0.07525560999999993,0.09148,19311.558392552226,19.311558392552225,50.918,50.918,19311.558392552226,19280,18944,38296,single-thread,0.0078125,0.00390625,Intel(R) Xeon(R) 6760P,AVX512,"avx2,avx512f,avx512bw,avx512vl,avx512_vnni,avx512_bf16,amx_bf16,amx_int8,amx_tile,fma",True,True,,256,128,sh14l07002s1404,3.11.9,2.1.2+cu121
20260424_010536,2026-04-24T06:14:22.682444,cpu,full_mlp_capacity_search_hd64_depth5,/home/liangyi/SRS_AI/Model_AIIC_refactor/experiments_refactored/20260422_050408_full_mlp_capacity_search_v2/full_mlp_capacity_search_hd64_depth5,full_mlp_capacity_search_v2,full_mlp_capacity_search_hd64_depth5,supervised_nmse_plateau,full_mlp,12,6,eager,fp32,float32,1,2,ok,,0.0,20,50,0.05205472,0.0037518133964257864,0.048058,0.050011,0.0561842,0.06026259999999999,0.062319099999999995,0.06301,19210.553817213888,19.21055381721389,50.011,50.011,9605.276908606944,19280,18944,38296,sub-physical,0.015625,0.0078125,Intel(R) Xeon(R) 6760P,AVX512,"avx2,avx512f,avx512bw,avx512vl,avx512_vnni,avx512_bf16,amx_bf16,amx_int8,amx_tile,fma",True,True,,256,128,sh14l07002s1404,3.11.9,2.1.2+cu121
20260424_010536,2026-04-24T06:14:22.682444,cpu,full_mlp_capacity_search_hd64_depth5,/home/liangyi/SRS_AI/Model_AIIC_refactor/experiments_refactored/20260422_050408_full_mlp_capacity_search_v2/full_mlp_capacity_search_hd64_depth5,full_mlp_capacity_search_v2,full_mlp_capacity_search_hd64_depth5,supervised_nmse_plateau,full_mlp,12,6,eager,fp32,float32,1,4,ok,,0.0,20,50,0.05021732,0.00395634013927013,0.046639,0.0479225,0.0550455,0.0563378,0.06051833999999998,0.063328,19913.44818879223,19.91344818879223,47.9225,47.9225,4978.362047198058,19280,18944,38296,sub-physical,0.03125,0.015625,Intel(R) Xeon(R) 6760P,AVX512,"avx2,avx512f,avx512bw,avx512vl,avx512_vnni,avx512_bf16,amx_bf16,amx_int8,amx_tile,fma",True,True,,256,128,sh14l07002s1404,3.11.9,2.1.2+cu121
20260424_010536,2026-04-24T06:14:22.682444,cpu,full_mlp_capacity_search_hd64_depth5,/home/liangyi/SRS_AI/Model_AIIC_refactor/experiments_refactored/20260422_050408_full_mlp_capacity_search_v2/full_mlp_capacity_search_hd64_depth5,full_mlp_capacity_search_v2,full_mlp_capacity_search_hd64_depth5,supervised_nmse_plateau,full_mlp,12,6,eager,fp32,float32,1,8,ok,,0.0,20,50,0.05063328,0.003799124588849384,0.046,0.048973,0.0560374,0.05691235,0.05945516,0.059904,19749.85622104671,19.74985622104671,48.973000000000006,48.973000000000006,2468.7320276308387,19280,18944,38296,sub-physical,0.0625,0.03125,Intel(R) Xeon(R) 6760P,AVX512,"avx2,avx512f,avx512bw,avx512vl,avx512_vnni,avx512_bf16,amx_bf16,amx_int8,amx_tile,fma",True,True,,256,128,sh14l07002s1404,3.11.9,2.1.2+cu121
20260424_010536,2026-04-24T06:14:22.682444,cpu,full_mlp_capacity_search_hd64_depth5,/home/liangyi/SRS_AI/Model_AIIC_refactor/experiments_refactored/20260422_050408_full_mlp_capacity_search_v2/full_mlp_capacity_search_hd64_depth5,full_mlp_capacity_search_v2,full_mlp_capacity_search_hd64_depth5,supervised_nmse_plateau,full_mlp,12,6,eager,fp32,float32,1,128,ok,,0.0,20,50,0.04903974,0.0023198863748899426,0.047045,0.0485695,0.0499017,0.0511114,0.05963503,0.060249,20391.62524107999,20.39162524107999,48.569500000000005,48.569500000000005,159.30957219593742,19280,18944,38296,all-physical,1.0,0.5,Intel(R) Xeon(R) 6760P,AVX512,"avx2,avx512f,avx512bw,avx512vl,avx512_vnni,avx512_bf16,amx_bf16,amx_int8,amx_tile,fma",True,True,,256,128,sh14l07002s1404,3.11.9,2.1.2+cu121
20260424_010536,2026-04-24T06:14:22.682444,cpu,full_mlp_capacity_search_hd64_depth5,/home/liangyi/SRS_AI/Model_AIIC_refactor/experiments_refactored/20260422_050408_full_mlp_capacity_search_v2/full_mlp_capacity_search_hd64_depth5,full_mlp_capacity_search_v2,full_mlp_capacity_search_hd64_depth5,supervised_nmse_plateau,full_mlp,12,6,eager,fp32,float32,2,1,ok,,0.0,20,50,0.05344916,0.003634009325029313,0.04931,0.051764,0.058325100000000005,0.05922835,0.06190575999999999,0.064295,37418.73586039519,37.41873586039519,51.763999999999996,25.881999999999998,37418.73586039519,19280,18944,38296,single-thread,0.0078125,0.00390625,Intel(R) Xeon(R) 6760P,AVX512,"avx2,avx512f,avx512bw,avx512vl,avx512_vnni,avx512_bf16,amx_bf16,amx_int8,amx_tile,fma",True,True,,256,128,sh14l07002s1404,3.11.9,2.1.2+cu121
20260424_010536,2026-04-24T06:14:22.682444,cpu,full_mlp_capacity_search_hd64_depth5,/home/liangyi/SRS_AI/Model_AIIC_refactor/experiments_refactored/20260422_050408_full_mlp_capacity_search_v2/full_mlp_capacity_search_hd64_depth5,full_mlp_capacity_search_v2,full_mlp_capacity_search_hd64_depth5,supervised_nmse_plateau,full_mlp,12,6,eager,fp32,float32,2,2,ok,,0.0,20,50,0.05197154,0.0032447047952625825,0.048211,0.0500025,0.056232000000000004,0.05713095,0.058583029999999994,0.059246,38482.60028469428,38.48260028469428,50.0025,25.00125,19241.30014234714,19280,18944,38296,sub-physical,0.015625,0.0078125,Intel(R) Xeon(R) 6760P,AVX512,"avx2,avx512f,avx512bw,avx512vl,avx512_vnni,avx512_bf16,amx_bf16,amx_int8,amx_tile,fma",True,True,,256,128,sh14l07002s1404,3.11.9,2.1.2+cu121
20260424_010536,2026-04-24T06:14:22.682444,cpu,full_mlp_capacity_search_hd64_depth5,/home/liangyi/SRS_AI/Model_AIIC_refactor/experiments_refactored/20260422_050408_full_mlp_capacity_search_v2/full_mlp_capacity_search_hd64_depth5,full_mlp_capacity_search_v2,full_mlp_capacity_search_hd64_depth5,supervised_nmse_plateau,full_mlp,12,6,eager,fp32,float32,2,4,ok,,0.0,20,50,0.05299606,0.003925553853458134,0.048735,0.051989,0.0576035,0.059569449999999996,0.06420959,0.064655,37738.654533940826,37.738654533940824,51.989,25.9945,9434.663633485206,19280,18944,38296,sub-physical,0.03125,0.015625,Intel(R) Xeon(R) 6760P,AVX512,"avx2,avx512f,avx512bw,avx512vl,avx512_vnni,avx512_bf16,amx_bf16,amx_int8,amx_tile,fma",True,True,,256,128,sh14l07002s1404,3.11.9,2.1.2+cu121
20260424_010536,2026-04-24T06:14:22.682444,cpu,full_mlp_capacity_search_hd64_depth5,/home/liangyi/SRS_AI/Model_AIIC_refactor/experiments_refactored/20260422_050408_full_mlp_capacity_search_v2/full_mlp_capacity_search_hd64_depth5,full_mlp_capacity_search_v2,full_mlp_capacity_search_hd64_depth5,supervised_nmse_plateau,full_mlp,12,6,eager,fp32,float32,2,8,ok,,0.0,20,50,0.05172192,0.0032136511935180524,0.047794,0.0500435,0.055705,0.0576543,0.0591197,0.059399,38668.32476443257,38.66832476443257,50.043499999999995,25.021749999999997,4833.540595554071,19280,18944,38296,sub-physical,0.0625,0.03125,Intel(R) Xeon(R) 6760P,AVX512,"avx2,avx512f,avx512bw,avx512vl,avx512_vnni,avx512_bf16,amx_bf16,amx_int8,amx_tile,fma",True,True,,256,128,sh14l07002s1404,3.11.9,2.1.2+cu121
20260424_010536,2026-04-24T06:14:22.682444,cpu,full_mlp_capacity_search_hd64_depth5,/home/liangyi/SRS_AI/Model_AIIC_refactor/experiments_refactored/20260422_050408_full_mlp_capacity_search_v2/full_mlp_capacity_search_hd64_depth5,full_mlp_capacity_search_v2,full_mlp_capacity_search_hd64_depth5,supervised_nmse_plateau,full_mlp,12,6,eager,fp32,float32,2,128,ok,,0.0,20,50,0.0514574,0.0027967944507954106,0.049339,0.0505435,0.0537813,0.05655869999999999,0.06238861999999999,0.064232,38867.10171909191,38.867101719091906,50.5435,25.27175,303.64923218040553,19280,18944,38296,all-physical,1.0,0.5,Intel(R) Xeon(R) 6760P,AVX512,"avx2,avx512f,avx512bw,avx512vl,avx512_vnni,avx512_bf16,amx_bf16,amx_int8,amx_tile,fma",True,True,,256,128,sh14l07002s1404,3.11.9,2.1.2+cu121
20260424_010536,2026-04-24T06:14:22.682444,cpu,full_mlp_capacity_search_hd64_depth5,/home/liangyi/SRS_AI/Model_AIIC_refactor/experiments_refactored/20260422_050408_full_mlp_capacity_search_v2/full_mlp_capacity_search_hd64_depth5,full_mlp_capacity_search_v2,full_mlp_capacity_search_hd64_depth5,supervised_nmse_plateau,full_mlp,12,6,eager,fp32,float32,4,1,ok,,0.0,20,50,0.05561584,0.003367275921928585,0.051694,0.0544265,0.0599188,0.06048895,0.06230517,0.062975,71921.95604705422,71.92195604705422,54.426500000000004,13.606625000000001,71921.95604705422,19280,18944,38296,single-thread,0.0078125,0.00390625,Intel(R) Xeon(R) 6760P,AVX512,"avx2,avx512f,avx512bw,avx512vl,avx512_vnni,avx512_bf16,amx_bf16,amx_int8,amx_tile,fma",True,True,,256,128,sh14l07002s1404,3.11.9,2.1.2+cu121
20260424_010536,2026-04-24T06:14:22.682444,cpu,full_mlp_capacity_search_hd64_depth5,/home/liangyi/SRS_AI/Model_AIIC_refactor/experiments_refactored/20260422_050408_full_mlp_capacity_search_v2/full_mlp_capacity_search_hd64_depth5,full_mlp_capacity_search_v2,full_mlp_capacity_search_hd64_depth5,supervised_nmse_plateau,full_mlp,12,6,eager,fp32,float32,4,2,ok,,0.0,20,50,0.05380774,0.003681625889793801,0.049427,0.0525245,0.0591161,0.060043099999999995,0.0609322,0.061089,74338.74754821518,74.33874754821518,52.5245,13.131125,37169.37377410759,19280,18944,38296,sub-physical,0.015625,0.0078125,Intel(R) Xeon(R) 6760P,AVX512,"avx2,avx512f,avx512bw,avx512vl,avx512_vnni,avx512_bf16,amx_bf16,amx_int8,amx_tile,fma",True,True,,256,128,sh14l07002s1404,3.11.9,2.1.2+cu121
20260424_010536,2026-04-24T06:14:22.682444,cpu,full_mlp_capacity_search_hd64_depth5,/home/liangyi/SRS_AI/Model_AIIC_refactor/experiments_refactored/20260422_050408_full_mlp_capacity_search_v2/full_mlp_capacity_search_hd64_depth5,full_mlp_capacity_search_v2,full_mlp_capacity_search_hd64_depth5,supervised_nmse_plateau,full_mlp,12,6,eager,fp32,float32,4,4,ok,,0.0,20,50,0.05496948,0.003565303219867842,0.051376,0.0527415,0.0591761,0.06051805,0.06388698,0.065993,72767.65215897985,72.76765215897986,52.741499999999995,13.185374999999999,18191.913039744963,19280,18944,38296,sub-physical,0.03125,0.015625,Intel(R) Xeon(R) 6760P,AVX512,"avx2,avx512f,avx512bw,avx512vl,avx512_vnni,avx512_bf16,amx_bf16,amx_int8,amx_tile,fma",True,True,,256,128,sh14l07002s1404,3.11.9,2.1.2+cu121
20260424_010536,2026-04-24T06:14:22.682444,cpu,full_mlp_capacity_search_hd64_depth5,/home/liangyi/SRS_AI/Model_AIIC_refactor/experiments_refactored/20260422_050408_full_mlp_capacity_search_v2/full_mlp_capacity_search_hd64_depth5,full_mlp_capacity_search_v2,full_mlp_capacity_search_hd64_depth5,supervised_nmse_plateau,full_mlp,12,6,eager,fp32,float32,4,8,ok,,0.0,20,50,0.0560245,0.00984823803174964,0.050912,0.053670499999999996,0.0597357,0.06103485,0.09250845999999989,0.120951,71397.3350944676,71.3973350944676,53.6705,13.417625,8924.66688680845,19280,18944,38296,sub-physical,0.0625,0.03125,Intel(R) Xeon(R) 6760P,AVX512,"avx2,avx512f,avx512bw,avx512vl,avx512_vnni,avx512_bf16,amx_bf16,amx_int8,amx_tile,fma",True,True,,256,128,sh14l07002s1404,3.11.9,2.1.2+cu121
20260424_010536,2026-04-24T06:14:22.682444,cpu,full_mlp_capacity_search_hd64_depth5,/home/liangyi/SRS_AI/Model_AIIC_refactor/experiments_refactored/20260422_050408_full_mlp_capacity_search_v2/full_mlp_capacity_search_hd64_depth5,full_mlp_capacity_search_v2,full_mlp_capacity_search_hd64_depth5,supervised_nmse_plateau,full_mlp,12,6,eager,fp32,float32,4,128,ok,,0.0,20,50,0.05344554,0.0014743723303155137,0.051887,0.0532035,0.0540845,0.05510075,0.05952336999999999,0.061477,74842.54064979042,74.84254064979042,53.2035,13.300875,584.7073488264876,19280,18944,38296,all-physical,1.0,0.5,Intel(R) Xeon(R) 6760P,AVX512,"avx2,avx512f,avx512bw,avx512vl,avx512_vnni,avx512_bf16,amx_bf16,amx_int8,amx_tile,fma",True,True,,256,128,sh14l07002s1404,3.11.9,2.1.2+cu121
20260424_010536,2026-04-24T06:14:22.682444,cpu,full_mlp_capacity_search_hd64_depth5,/home/liangyi/SRS_AI/Model_AIIC_refactor/experiments_refactored/20260422_050408_full_mlp_capacity_search_v2/full_mlp_capacity_search_hd64_depth5,full_mlp_capacity_search_v2,full_mlp_capacity_search_hd64_depth5,supervised_nmse_plateau,full_mlp,12,6,eager,fp32,float32,8,1,ok,,0.0,20,50,0.0573225,0.006892774875911732,0.052652,0.0542165,0.0616684,0.062336550000000004,0.08243907999999993,0.098466,139561.25430677307,139.56125430677307,54.2165,6.7770625,139561.25430677307,19280,18944,38296,single-thread,0.0078125,0.00390625,Intel(R) Xeon(R) 6760P,AVX512,"avx2,avx512f,avx512bw,avx512vl,avx512_vnni,avx512_bf16,amx_bf16,amx_int8,amx_tile,fma",True,True,,256,128,sh14l07002s1404,3.11.9,2.1.2+cu121
20260424_010536,2026-04-24T06:14:22.682444,cpu,full_mlp_capacity_search_hd64_depth5,/home/liangyi/SRS_AI/Model_AIIC_refactor/experiments_refactored/20260422_050408_full_mlp_capacity_search_v2/full_mlp_capacity_search_hd64_depth5,full_mlp_capacity_search_v2,full_mlp_capacity_search_hd64_depth5,supervised_nmse_plateau,full_mlp,12,6,eager,fp32,float32,8,2,ok,,0.0,20,50,0.05679628,0.00707829226308154,0.052442,0.054151000000000005,0.0611943,0.06273095,0.08280230999999992,0.100727,140854.29538695142,140.8542953869514,54.151,6.768875,70427.14769347571,19280,18944,38296,sub-physical,0.015625,0.0078125,Intel(R) Xeon(R) 6760P,AVX512,"avx2,avx512f,avx512bw,avx512vl,avx512_vnni,avx512_bf16,amx_bf16,amx_int8,amx_tile,fma",True,True,,256,128,sh14l07002s1404,3.11.9,2.1.2+cu121
20260424_010536,2026-04-24T06:14:22.682444,cpu,full_mlp_capacity_search_hd64_depth5,/home/liangyi/SRS_AI/Model_AIIC_refactor/experiments_refactored/20260422_050408_full_mlp_capacity_search_v2/full_mlp_capacity_search_hd64_depth5,full_mlp_capacity_search_v2,full_mlp_capacity_search_hd64_depth5,supervised_nmse_plateau,full_mlp,12,6,eager,fp32,float32,8,4,ok,,0.0,20,50,0.05661792,0.004130447287352787,0.052452,0.054423,0.0629785,0.06363795,0.06551831,0.066538,141298.02013214192,141.29802013214191,54.423,6.802875,35324.50503303548,19280,18944,38296,sub-physical,0.03125,0.015625,Intel(R) Xeon(R) 6760P,AVX512,"avx2,avx512f,avx512bw,avx512vl,avx512_vnni,avx512_bf16,amx_bf16,amx_int8,amx_tile,fma",True,True,,256,128,sh14l07002s1404,3.11.9,2.1.2+cu121
20260424_010536,2026-04-24T06:14:22.682444,cpu,full_mlp_capacity_search_hd64_depth5,/home/liangyi/SRS_AI/Model_AIIC_refactor/experiments_refactored/20260422_050408_full_mlp_capacity_search_v2/full_mlp_capacity_search_hd64_depth5,full_mlp_capacity_search_v2,full_mlp_capacity_search_hd64_depth5,supervised_nmse_plateau,full_mlp,12,6,eager,fp32,float32,8,8,ok,,0.0,20,50,0.05970616,0.015038557302294657,0.052208,0.0560735,0.0629673,0.0643161,0.12552409999999986,0.154684,133989.52469895905,133.98952469895906,56.073499999999996,7.0091874999999995,16748.69058736988,19280,18944,38296,sub-physical,0.0625,0.03125,Intel(R) Xeon(R) 6760P,AVX512,"avx2,avx512f,avx512bw,avx512vl,avx512_vnni,avx512_bf16,amx_bf16,amx_int8,amx_tile,fma",True,True,,256,128,sh14l07002s1404,3.11.9,2.1.2+cu121
20260424_010536,2026-04-24T06:14:22.682444,cpu,full_mlp_capacity_search_hd64_depth5,/home/liangyi/SRS_AI/Model_AIIC_refactor/experiments_refactored/20260422_050408_full_mlp_capacity_search_v2/full_mlp_capacity_search_hd64_depth5,full_mlp_capacity_search_v2,full_mlp_capacity_search_hd64_depth5,supervised_nmse_plateau,full_mlp,12,6,eager,fp32,float32,8,128,ok,,0.0,20,50,0.05507962,0.0028983294353126937,0.052919,0.0541125,0.0568288,0.05873205,0.06766433999999999,0.068563,145244.28454662542,145.2442845466254,54.112500000000004,6.7640625000000005,1134.720973020511,19280,18944,38296,all-physical,1.0,0.5,Intel(R) Xeon(R) 6760P,AVX512,"avx2,avx512f,avx512bw,avx512vl,avx512_vnni,avx512_bf16,amx_bf16,amx_int8,amx_tile,fma",True,True,,256,128,sh14l07002s1404,3.11.9,2.1.2+cu121
20260424_010536,2026-04-24T06:14:22.682444,cpu,full_mlp_capacity_search_hd64_depth5,/home/liangyi/SRS_AI/Model_AIIC_refactor/experiments_refactored/20260422_050408_full_mlp_capacity_search_v2/full_mlp_capacity_search_hd64_depth5,full_mlp_capacity_search_v2,full_mlp_capacity_search_hd64_depth5,supervised_nmse_plateau,full_mlp,12,6,eager,fp32,float32,16,1,ok,,0.0,20,50,0.05847728,0.003306186843117007,0.054623,0.056766,0.06299010000000001,0.06347595,0.06560134,0.065961,273610.53728901205,273.61053728901203,56.766,3.547875,273610.53728901205,19280,18944,38296,single-thread,0.0078125,0.00390625,Intel(R) Xeon(R) 6760P,AVX512,"avx2,avx512f,avx512bw,avx512vl,avx512_vnni,avx512_bf16,amx_bf16,amx_int8,amx_tile,fma",True,True,,256,128,sh14l07002s1404,3.11.9,2.1.2+cu121
20260424_010536,2026-04-24T06:14:22.682444,cpu,full_mlp_capacity_search_hd64_depth5,/home/liangyi/SRS_AI/Model_AIIC_refactor/experiments_refactored/20260422_050408_full_mlp_capacity_search_v2/full_mlp_capacity_search_hd64_depth5,full_mlp_capacity_search_v2,full_mlp_capacity_search_hd64_depth5,supervised_nmse_plateau,full_mlp,12,6,eager,fp32,float32,16,2,ok,,0.0,20,50,0.0576183,0.0036155682056904967,0.054059,0.0553545,0.0627524,0.06322515000000001,0.06515736999999999,0.066474,277689.5534925536,277.6895534925536,55.3545,3.45965625,138844.7767462768,19280,18944,38296,sub-physical,0.015625,0.0078125,Intel(R) Xeon(R) 6760P,AVX512,"avx2,avx512f,avx512bw,avx512vl,avx512_vnni,avx512_bf16,amx_bf16,amx_int8,amx_tile,fma",True,True,,256,128,sh14l07002s1404,3.11.9,2.1.2+cu121
20260424_010536,2026-04-24T06:14:22.682444,cpu,full_mlp_capacity_search_hd64_depth5,/home/liangyi/SRS_AI/Model_AIIC_refactor/experiments_refactored/20260422_050408_full_mlp_capacity_search_v2/full_mlp_capacity_search_hd64_depth5,full_mlp_capacity_search_v2,full_mlp_capacity_search_hd64_depth5,supervised_nmse_plateau,full_mlp,12,6,eager,fp32,float32,16,4,ok,,0.0,20,50,0.06505452,0.0034689424108220656,0.061121,0.0629715,0.070099,0.0710432,0.07139746,0.07142,245947.55291407884,245.94755291407884,62.9715,3.93571875,61486.88822851971,19280,18944,38296,sub-physical,0.03125,0.015625,Intel(R) Xeon(R) 6760P,AVX512,"avx2,avx512f,avx512bw,avx512vl,avx512_vnni,avx512_bf16,amx_bf16,amx_int8,amx_tile,fma",True,True,,256,128,sh14l07002s1404,3.11.9,2.1.2+cu121
20260424_010536,2026-04-24T06:14:22.682444,cpu,full_mlp_capacity_search_hd64_depth5,/home/liangyi/SRS_AI/Model_AIIC_refactor/experiments_refactored/20260422_050408_full_mlp_capacity_search_v2/full_mlp_capacity_search_hd64_depth5,full_mlp_capacity_search_v2,full_mlp_capacity_search_hd64_depth5,supervised_nmse_plateau,full_mlp,12,6,eager,fp32,float32,16,8,ok,,0.0,20,50,0.05899576,0.0037056035651969036,0.055153,0.056555,0.0639127,0.06507075,0.06725458999999999,0.069023,271205.9307312932,271.2059307312932,56.555,3.5346875,33900.74134141165,19280,18944,38296,sub-physical,0.0625,0.03125,Intel(R) Xeon(R) 6760P,AVX512,"avx2,avx512f,avx512bw,avx512vl,avx512_vnni,avx512_bf16,amx_bf16,amx_int8,amx_tile,fma",True,True,,256,128,sh14l07002s1404,3.11.9,2.1.2+cu121
20260424_010536,2026-04-24T06:14:22.682444,cpu,full_mlp_capacity_search_hd64_depth5,/home/liangyi/SRS_AI/Model_AIIC_refactor/experiments_refactored/20260422_050408_full_mlp_capacity_search_v2/full_mlp_capacity_search_hd64_depth5,full_mlp_capacity_search_v2,full_mlp_capacity_search_hd64_depth5,supervised_nmse_plateau,full_mlp,12,6,eager,fp32,float32,16,128,ok,,0.0,20,50,0.05699064,0.0013586819460050246,0.055125,0.056640499999999996,0.0586741,0.0595913,0.06042343,0.060518,280747.85613918357,280.74785613918357,56.640499999999996,3.5400312499999997,2193.3426260873716,19280,18944,38296,all-physical,1.0,0.5,Intel(R) Xeon(R) 6760P,AVX512,"avx2,avx512f,avx512bw,avx512vl,avx512_vnni,avx512_bf16,amx_bf16,amx_int8,amx_tile,fma",True,True,,256,128,sh14l07002s1404,3.11.9,2.1.2+cu121
20260424_010536,2026-04-24T06:14:22.682444,cpu,full_mlp_capacity_search_hd64_depth5,/home/liangyi/SRS_AI/Model_AIIC_refactor/experiments_refactored/20260422_050408_full_mlp_capacity_search_v2/full_mlp_capacity_search_hd64_depth5,full_mlp_capacity_search_v2,full_mlp_capacity_search_hd64_depth5,supervised_nmse_plateau,full_mlp,12,6,eager,fp32,float32,32,1,ok,,0.0,20,50,0.06762304,0.02031577717534823,0.060484,0.06192,0.070901,0.07308044999999999,0.14624159999999975,0.205855,473211.49714653473,473.2114971465347,61.92,1.935,473211.49714653473,19280,18944,38296,single-thread,0.0078125,0.00390625,Intel(R) Xeon(R) 6760P,AVX512,"avx2,avx512f,avx512bw,avx512vl,avx512_vnni,avx512_bf16,amx_bf16,amx_int8,amx_tile,fma",True,True,,256,128,sh14l07002s1404,3.11.9,2.1.2+cu121
20260424_010536,2026-04-24T06:14:22.682444,cpu,full_mlp_capacity_search_hd64_depth5,/home/liangyi/SRS_AI/Model_AIIC_refactor/experiments_refactored/20260422_050408_full_mlp_capacity_search_v2/full_mlp_capacity_search_hd64_depth5,full_mlp_capacity_search_v2,full_mlp_capacity_search_hd64_depth5,supervised_nmse_plateau,full_mlp,12,6,eager,fp32,float32,32,2,ok,,0.0,20,50,0.07547436,0.0047012872397248825,0.070979,0.07290250000000001,0.0813068,0.08338994999999999,0.08855571,0.090869,423985.0460474259,423.9850460474259,72.9025,2.278203125,211992.52302371294,19280,18944,38296,sub-physical,0.015625,0.0078125,Intel(R) Xeon(R) 6760P,AVX512,"avx2,avx512f,avx512bw,avx512vl,avx512_vnni,avx512_bf16,amx_bf16,amx_int8,amx_tile,fma",True,True,,256,128,sh14l07002s1404,3.11.9,2.1.2+cu121
20260424_010536,2026-04-24T06:14:22.682444,cpu,full_mlp_capacity_search_hd64_depth5,/home/liangyi/SRS_AI/Model_AIIC_refactor/experiments_refactored/20260422_050408_full_mlp_capacity_search_v2/full_mlp_capacity_search_hd64_depth5,full_mlp_capacity_search_v2,full_mlp_capacity_search_hd64_depth5,supervised_nmse_plateau,full_mlp,12,6,eager,fp32,float32,32,4,ok,,0.0,20,50,0.0849657,0.009471507800239622,0.078528,0.0810315,0.0905663,0.09905044999999997,0.12516844,0.128865,376622.56651801843,376.6225665180184,81.03150000000001,2.5322343750000003,94155.64162950461,19280,18944,38296,sub-physical,0.03125,0.015625,Intel(R) Xeon(R) 6760P,AVX512,"avx2,avx512f,avx512bw,avx512vl,avx512_vnni,avx512_bf16,amx_bf16,amx_int8,amx_tile,fma",True,True,,256,128,sh14l07002s1404,3.11.9,2.1.2+cu121
20260424_010536,2026-04-24T06:14:22.682444,cpu,full_mlp_capacity_search_hd64_depth5,/home/liangyi/SRS_AI/Model_AIIC_refactor/experiments_refactored/20260422_050408_full_mlp_capacity_search_v2/full_mlp_capacity_search_hd64_depth5,full_mlp_capacity_search_v2,full_mlp_capacity_search_hd64_depth5,supervised_nmse_plateau,full_mlp,12,6,eager,fp32,float32,32,8,ok,,0.0,20,50,0.0697204,0.003751331635566229,0.064536,0.068334,0.0765435,0.07796655,0.07918093,0.079202,458976.1389779748,458.9761389779748,68.334,2.1354375,57372.01737224685,19280,18944,38296,sub-physical,0.0625,0.03125,Intel(R) Xeon(R) 6760P,AVX512,"avx2,avx512f,avx512bw,avx512vl,avx512_vnni,avx512_bf16,amx_bf16,amx_int8,amx_tile,fma",True,True,,256,128,sh14l07002s1404,3.11.9,2.1.2+cu121
20260424_010536,2026-04-24T06:14:22.682444,cpu,full_mlp_capacity_search_hd64_depth5,/home/liangyi/SRS_AI/Model_AIIC_refactor/experiments_refactored/20260422_050408_full_mlp_capacity_search_v2/full_mlp_capacity_search_hd64_depth5,full_mlp_capacity_search_v2,full_mlp_capacity_search_hd64_depth5,supervised_nmse_plateau,full_mlp,12,6,eager,fp32,float32,32,128,ok,,0.0,20,50,0.13801266,0.005553140709940639,0.126779,0.13741799999999998,0.14444020000000002,0.14557314999999998,0.15222858,0.15309,231862.7870805475,231.86278708054752,137.41799999999998,4.294312499999999,1811.4280240667774,19280,18944,38296,all-physical,1.0,0.5,Intel(R) Xeon(R) 6760P,AVX512,"avx2,avx512f,avx512bw,avx512vl,avx512_vnni,avx512_bf16,amx_bf16,amx_int8,amx_tile,fma",True,True,,256,128,sh14l07002s1404,3.11.9,2.1.2+cu121
20260424_010536,2026-04-24T06:14:22.682444,cpu,full_mlp_capacity_search_hd64_depth5,/home/liangyi/SRS_AI/Model_AIIC_refactor/experiments_refactored/20260422_050408_full_mlp_capacity_search_v2/full_mlp_capacity_search_hd64_depth5,full_mlp_capacity_search_v2,full_mlp_capacity_search_hd64_depth5,supervised_nmse_plateau,full_mlp,12,6,eager,fp32,float32,64,1,ok,,0.0,20,50,0.07840304,0.021622328338974043,0.070007,0.07297600000000001,0.0842495,0.08593365,0.15735081999999972,0.224766,816294.8783618596,816.2948783618596,72.97600000000001,1.1402500000000002,816294.8783618596,19280,18944,38296,single-thread,0.0078125,0.00390625,Intel(R) Xeon(R) 6760P,AVX512,"avx2,avx512f,avx512bw,avx512vl,avx512_vnni,avx512_bf16,amx_bf16,amx_int8,amx_tile,fma",True,True,,256,128,sh14l07002s1404,3.11.9,2.1.2+cu121
20260424_010536,2026-04-24T06:14:22.682444,cpu,full_mlp_capacity_search_hd64_depth5,/home/liangyi/SRS_AI/Model_AIIC_refactor/experiments_refactored/20260422_050408_full_mlp_capacity_search_v2/full_mlp_capacity_search_hd64_depth5,full_mlp_capacity_search_v2,full_mlp_capacity_search_hd64_depth5,supervised_nmse_plateau,full_mlp,12,6,eager,fp32,float32,64,2,ok,,0.0,20,50,0.10460706,0.01059967049187851,0.093567,0.102985,0.1144093,0.11727535,0.14364692999999998,0.1519,611813.3900331393,611.8133900331393,102.985,1.609140625,305906.69501656963,19280,18944,38296,sub-physical,0.015625,0.0078125,Intel(R) Xeon(R) 6760P,AVX512,"avx2,avx512f,avx512bw,avx512vl,avx512_vnni,avx512_bf16,amx_bf16,amx_int8,amx_tile,fma",True,True,,256,128,sh14l07002s1404,3.11.9,2.1.2+cu121
20260424_010536,2026-04-24T06:14:22.682444,cpu,full_mlp_capacity_search_hd64_depth5,/home/liangyi/SRS_AI/Model_AIIC_refactor/experiments_refactored/20260422_050408_full_mlp_capacity_search_v2/full_mlp_capacity_search_hd64_depth5,full_mlp_capacity_search_v2,full_mlp_capacity_search_hd64_depth5,supervised_nmse_plateau,full_mlp,12,6,eager,fp32,float32,64,4,ok,,0.0,20,50,0.10482986,0.0057037178331681175,0.094471,0.10434099999999999,0.1133047,0.1150089,0.11540419,0.115634,610513.0732789303,610.5130732789303,104.341,1.630328125,152628.26831973257,19280,18944,38296,sub-physical,0.03125,0.015625,Intel(R) Xeon(R) 6760P,AVX512,"avx2,avx512f,avx512bw,avx512vl,avx512_vnni,avx512_bf16,amx_bf16,amx_int8,amx_tile,fma",True,True,,256,128,sh14l07002s1404,3.11.9,2.1.2+cu121
20260424_010536,2026-04-24T06:14:22.682444,cpu,full_mlp_capacity_search_hd64_depth5,/home/liangyi/SRS_AI/Model_AIIC_refactor/experiments_refactored/20260422_050408_full_mlp_capacity_search_v2/full_mlp_capacity_search_hd64_depth5,full_mlp_capacity_search_v2,full_mlp_capacity_search_hd64_depth5,supervised_nmse_plateau,full_mlp,12,6,eager,fp32,float32,64,8,ok,,0.0,20,50,0.10351752,0.009584184412332643,0.095088,0.101463,0.1100547,0.11181165,0.1391594799999999,0.16432,618252.832950403,618.252832950403,101.463,1.585359375,77281.60411880037,19280,18944,38296,sub-physical,0.0625,0.03125,Intel(R) Xeon(R) 6760P,AVX512,"avx2,avx512f,avx512bw,avx512vl,avx512_vnni,avx512_bf16,amx_bf16,amx_int8,amx_tile,fma",True,True,,256,128,sh14l07002s1404,3.11.9,2.1.2+cu121
20260424_010536,2026-04-24T06:14:22.682444,cpu,full_mlp_capacity_search_hd64_depth5,/home/liangyi/SRS_AI/Model_AIIC_refactor/experiments_refactored/20260422_050408_full_mlp_capacity_search_v2/full_mlp_capacity_search_hd64_depth5,full_mlp_capacity_search_v2,full_mlp_capacity_search_hd64_depth5,supervised_nmse_plateau,full_mlp,12,6,eager,fp32,float32,64,128,ok,,0.0,20,50,0.3374966,0.013492783545288201,0.31015,0.33600549999999996,0.35483230000000004,0.36244909999999997,0.36795511,0.369014,189631.53999181028,189.63153999181029,336.0055,5.2500859375,1481.4964061860178,19280,18944,38296,all-physical,1.0,0.5,Intel(R) Xeon(R) 6760P,AVX512,"avx2,avx512f,avx512bw,avx512vl,avx512_vnni,avx512_bf16,amx_bf16,amx_int8,amx_tile,fma",True,True,,256,128,sh14l07002s1404,3.11.9,2.1.2+cu121
20260424_010536,2026-04-24T06:14:22.682444,cpu,full_mlp_capacity_search_hd64_depth5,/home/liangyi/SRS_AI/Model_AIIC_refactor/experiments_refactored/20260422_050408_full_mlp_capacity_search_v2/full_mlp_capacity_search_hd64_depth5,full_mlp_capacity_search_v2,full_mlp_capacity_search_hd64_depth5,supervised_nmse_plateau,full_mlp,12,6,eager,fp32,float32,128,1,ok,,0.0,20,50,0.09772948000000001,0.024769831301193795,0.086896,0.09060850000000001,0.10553030000000001,0.10805189999999999,0.1918553399999997,0.26204,1309737.8600602397,1309.7378600602397,90.6085,0.70787890625,1309737.8600602397,19280,18944,38296,single-thread,0.0078125,0.00390625,Intel(R) Xeon(R) 6760P,AVX512,"avx2,avx512f,avx512bw,avx512vl,avx512_vnni,avx512_bf16,amx_bf16,amx_int8,amx_tile,fma",True,True,,256,128,sh14l07002s1404,3.11.9,2.1.2+cu121
20260424_010536,2026-04-24T06:14:22.682444,cpu,full_mlp_capacity_search_hd64_depth5,/home/liangyi/SRS_AI/Model_AIIC_refactor/experiments_refactored/20260422_050408_full_mlp_capacity_search_v2/full_mlp_capacity_search_hd64_depth5,full_mlp_capacity_search_v2,full_mlp_capacity_search_hd64_depth5,supervised_nmse_plateau,full_mlp,12,6,eager,fp32,float32,128,2,ok,,0.0,20,50,0.15000526,0.02803743368128403,0.12823,0.136631,0.1892677,0.19391325,0.24274507999999986,0.279303,853303.4108270603,853.3034108270604,136.631,1.0674296875,426651.7054135302,19280,18944,38296,sub-physical,0.015625,0.0078125,Intel(R) Xeon(R) 6760P,AVX512,"avx2,avx512f,avx512bw,avx512vl,avx512_vnni,avx512_bf16,amx_bf16,amx_int8,amx_tile,fma",True,True,,256,128,sh14l07002s1404,3.11.9,2.1.2+cu121
20260424_010536,2026-04-24T06:14:22.682444,cpu,full_mlp_capacity_search_hd64_depth5,/home/liangyi/SRS_AI/Model_AIIC_refactor/experiments_refactored/20260422_050408_full_mlp_capacity_search_v2/full_mlp_capacity_search_hd64_depth5,full_mlp_capacity_search_v2,full_mlp_capacity_search_hd64_depth5,supervised_nmse_plateau,full_mlp,12,6,eager,fp32,float32,128,4,ok,,0.0,20,50,0.1494385,0.015600360119240835,0.136554,0.14387650000000002,0.1623117,0.167481,0.20764248999999987,0.240717,856539.6467443128,856.5396467443128,143.87650000000002,1.1240351562500002,214134.9116860782,19280,18944,38296,sub-physical,0.03125,0.015625,Intel(R) Xeon(R) 6760P,AVX512,"avx2,avx512f,avx512bw,avx512vl,avx512_vnni,avx512_bf16,amx_bf16,amx_int8,amx_tile,fma",True,True,,256,128,sh14l07002s1404,3.11.9,2.1.2+cu121
20260424_010536,2026-04-24T06:14:22.682444,cpu,full_mlp_capacity_search_hd64_depth5,/home/liangyi/SRS_AI/Model_AIIC_refactor/experiments_refactored/20260422_050408_full_mlp_capacity_search_v2/full_mlp_capacity_search_hd64_depth5,full_mlp_capacity_search_v2,full_mlp_capacity_search_hd64_depth5,supervised_nmse_plateau,full_mlp,12,6,eager,fp32,float32,128,8,ok,,0.0,20,50,0.12601934,0.014551535202321437,0.111763,0.123508,0.13906200000000002,0.1402831,0.17782686999999986,0.207343,1015717.1113576695,1015.7171113576694,123.50800000000001,0.9649062500000001,126964.63891970868,19280,18944,38296,sub-physical,0.0625,0.03125,Intel(R) Xeon(R) 6760P,AVX512,"avx2,avx512f,avx512bw,avx512vl,avx512_vnni,avx512_bf16,amx_bf16,amx_int8,amx_tile,fma",True,True,,256,128,sh14l07002s1404,3.11.9,2.1.2+cu121
20260424_010536,2026-04-24T06:14:22.682444,cpu,full_mlp_capacity_search_hd64_depth5,/home/liangyi/SRS_AI/Model_AIIC_refactor/experiments_refactored/20260422_050408_full_mlp_capacity_search_v2/full_mlp_capacity_search_hd64_depth5,full_mlp_capacity_search_v2,full_mlp_capacity_search_hd64_depth5,supervised_nmse_plateau,full_mlp,12,6,eager,fp32,float32,128,128,ok,,0.0,20,50,0.51019954,0.020637882530153136,0.451709,0.5113405,0.5342608,0.53846285,0.54373307,0.547338,250882.2332532875,250.8822332532875,511.34049999999996,3.9948476562499997,1960.0174472913086,19280,18944,38296,all-physical,1.0,0.5,Intel(R) Xeon(R) 6760P,AVX512,"avx2,avx512f,avx512bw,avx512vl,avx512_vnni,avx512_bf16,amx_bf16,amx_int8,amx_tile,fma",True,True,,256,128,sh14l07002s1404,3.11.9,2.1.2+cu121
20260424_010536,2026-04-24T06:14:22.682444,cpu,full_mlp_capacity_search_hd64_depth5,/home/liangyi/SRS_AI/Model_AIIC_refactor/experiments_refactored/20260422_050408_full_mlp_capacity_search_v2/full_mlp_capacity_search_hd64_depth5,full_mlp_capacity_search_v2,full_mlp_capacity_search_hd64_depth5,supervised_nmse_plateau,full_mlp,12,6,eager,bf16,bfloat16,1,1,ok,,0.0,20,50,0.06650856,0.003956216481235575,0.062009,0.0642635,0.0717498,0.0726965,0.07449101,0.074859,15035.658567859537,15.035658567859537,64.26350000000001,64.26350000000001,15035.658567859537,19280,18944,38296,single-thread,0.0078125,0.00390625,Intel(R) Xeon(R) 6760P,AVX512,"avx2,avx512f,avx512bw,avx512vl,avx512_vnni,avx512_bf16,amx_bf16,amx_int8,amx_tile,fma",True,True,,256,128,sh14l07002s1404,3.11.9,2.1.2+cu121
20260424_010536,2026-04-24T06:14:22.682444,cpu,full_mlp_capacity_search_hd64_depth5,/home/liangyi/SRS_AI/Model_AIIC_refactor/experiments_refactored/20260422_050408_full_mlp_capacity_search_v2/full_mlp_capacity_search_hd64_depth5,full_mlp_capacity_search_v2,full_mlp_capacity_search_hd64_depth5,supervised_nmse_plateau,full_mlp,12,6,eager,bf16,bfloat16,1,2,ok,,0.0,20,50,0.0694728,0.004256475556137965,0.064651,0.0670935,0.07520800000000001,0.07693135,0.07850462,0.078731,14394.12259186329,14.39412259186329,67.0935,67.0935,7197.061295931645,19280,18944,38296,sub-physical,0.015625,0.0078125,Intel(R) Xeon(R) 6760P,AVX512,"avx2,avx512f,avx512bw,avx512vl,avx512_vnni,avx512_bf16,amx_bf16,amx_int8,amx_tile,fma",True,True,,256,128,sh14l07002s1404,3.11.9,2.1.2+cu121
20260424_010536,2026-04-24T06:14:22.682444,cpu,full_mlp_capacity_search_hd64_depth5,/home/liangyi/SRS_AI/Model_AIIC_refactor/experiments_refactored/20260422_050408_full_mlp_capacity_search_v2/full_mlp_capacity_search_hd64_depth5,full_mlp_capacity_search_v2,full_mlp_capacity_search_hd64_depth5,supervised_nmse_plateau,full_mlp,12,6,eager,bf16,bfloat16,1,4,ok,,0.0,20,50,0.07075684,0.012405149329790434,0.064176,0.067077,0.0765179,0.07935885,0.11729993999999985,0.152822,14132.909270679696,14.132909270679697,67.077,67.077,3533.227317669924,19280,18944,38296,sub-physical,0.03125,0.015625,Intel(R) Xeon(R) 6760P,AVX512,"avx2,avx512f,avx512bw,avx512vl,avx512_vnni,avx512_bf16,amx_bf16,amx_int8,amx_tile,fma",True,True,,256,128,sh14l07002s1404,3.11.9,2.1.2+cu121
20260424_010536,2026-04-24T06:14:22.682444,cpu,full_mlp_capacity_search_hd64_depth5,/home/liangyi/SRS_AI/Model_AIIC_refactor/experiments_refactored/20260422_050408_full_mlp_capacity_search_v2/full_mlp_capacity_search_hd64_depth5,full_mlp_capacity_search_v2,full_mlp_capacity_search_hd64_depth5,supervised_nmse_plateau,full_mlp,12,6,eager,bf16,bfloat16,1,8,ok,,0.0,20,50,0.07138592,0.012310892909679624,0.063782,0.06765399999999999,0.07649360000000001,0.07792475,0.11581408999999986,0.15176,14008.364674714565,14.008364674714565,67.654,67.654,1751.0455843393206,19280,18944,38296,sub-physical,0.0625,0.03125,Intel(R) Xeon(R) 6760P,AVX512,"avx2,avx512f,avx512bw,avx512vl,avx512_vnni,avx512_bf16,amx_bf16,amx_int8,amx_tile,fma",True,True,,256,128,sh14l07002s1404,3.11.9,2.1.2+cu121
20260424_010536,2026-04-24T06:14:22.682444,cpu,full_mlp_capacity_search_hd64_depth5,/home/liangyi/SRS_AI/Model_AIIC_refactor/experiments_refactored/20260422_050408_full_mlp_capacity_search_v2/full_mlp_capacity_search_hd64_depth5,full_mlp_capacity_search_v2,full_mlp_capacity_search_hd64_depth5,supervised_nmse_plateau,full_mlp,12,6,eager,bf16,bfloat16,1,128,ok,,0.0,20,50,0.1481353,0.0070414025683808185,0.136948,0.146869,0.1550011,0.16426,0.16940536,0.17006,6750.585444522676,6.750585444522676,146.869,146.869,52.738948785333406,19280,18944,38296,all-physical,1.0,0.5,Intel(R) Xeon(R) 6760P,AVX512,"avx2,avx512f,avx512bw,avx512vl,avx512_vnni,avx512_bf16,amx_bf16,amx_int8,amx_tile,fma",True,True,,256,128,sh14l07002s1404,3.11.9,2.1.2+cu121
20260424_010536,2026-04-24T06:14:22.682444,cpu,full_mlp_capacity_search_hd64_depth5,/home/liangyi/SRS_AI/Model_AIIC_refactor/experiments_refactored/20260422_050408_full_mlp_capacity_search_v2/full_mlp_capacity_search_hd64_depth5,full_mlp_capacity_search_v2,full_mlp_capacity_search_hd64_depth5,supervised_nmse_plateau,full_mlp,12,6,eager,bf16,bfloat16,2,1,ok,,0.0,20,50,0.0976997,0.01735054703143391,0.086516,0.09067800000000001,0.1048624,0.12047509999999997,0.17044326999999992,0.189836,20470.891926996705,20.470891926996703,90.67800000000001,45.339000000000006,20470.891926996705,19280,18944,38296,single-thread,0.0078125,0.00390625,Intel(R) Xeon(R) 6760P,AVX512,"avx2,avx512f,avx512bw,avx512vl,avx512_vnni,avx512_bf16,amx_bf16,amx_int8,amx_tile,fma",True,True,,256,128,sh14l07002s1404,3.11.9,2.1.2+cu121
20260424_010536,2026-04-24T06:14:22.682444,cpu,full_mlp_capacity_search_hd64_depth5,/home/liangyi/SRS_AI/Model_AIIC_refactor/experiments_refactored/20260422_050408_full_mlp_capacity_search_v2/full_mlp_capacity_search_hd64_depth5,full_mlp_capacity_search_v2,full_mlp_capacity_search_hd64_depth5,supervised_nmse_plateau,full_mlp,12,6,eager,bf16,bfloat16,2,2,ok,,0.0,20,50,0.09897312,0.017671966380275853,0.088166,0.09260850000000001,0.1107385,0.11256319999999999,0.17792782,0.184142,20207.50684630332,20.20750684630332,92.6085,46.30425,10103.75342315166,19280,18944,38296,sub-physical,0.015625,0.0078125,Intel(R) Xeon(R) 6760P,AVX512,"avx2,avx512f,avx512bw,avx512vl,avx512_vnni,avx512_bf16,amx_bf16,amx_int8,amx_tile,fma",True,True,,256,128,sh14l07002s1404,3.11.9,2.1.2+cu121
20260424_010536,2026-04-24T06:14:22.682444,cpu,full_mlp_capacity_search_hd64_depth5,/home/liangyi/SRS_AI/Model_AIIC_refactor/experiments_refactored/20260422_050408_full_mlp_capacity_search_v2/full_mlp_capacity_search_hd64_depth5,full_mlp_capacity_search_v2,full_mlp_capacity_search_hd64_depth5,supervised_nmse_plateau,full_mlp,12,6,eager,bf16,bfloat16,2,4,ok,,0.0,20,50,0.09496934,0.00741927159392349,0.086437,0.09122,0.1047322,0.10912499999999999,0.11200095,0.112513,21059.428232311606,21.059428232311607,91.22,45.61,5264.8570580779015,19280,18944,38296,sub-physical,0.03125,0.015625,Intel(R) Xeon(R) 6760P,AVX512,"avx2,avx512f,avx512bw,avx512vl,avx512_vnni,avx512_bf16,amx_bf16,amx_int8,amx_tile,fma",True,True,,256,128,sh14l07002s1404,3.11.9,2.1.2+cu121
20260424_010536,2026-04-24T06:14:22.682444,cpu,full_mlp_capacity_search_hd64_depth5,/home/liangyi/SRS_AI/Model_AIIC_refactor/experiments_refactored/20260422_050408_full_mlp_capacity_search_v2/full_mlp_capacity_search_hd64_depth5,full_mlp_capacity_search_v2,full_mlp_capacity_search_hd64_depth5,supervised_nmse_plateau,full_mlp,12,6,eager,bf16,bfloat16,2,8,ok,,0.0,20,50,0.09791568,0.011078258847743178,0.090581,0.0948475,0.10424090000000001,0.1070467,0.14054634999999988,0.168126,20425.737736795578,20.42573773679558,94.8475,47.42375,2553.217217099447,19280,18944,38296,sub-physical,0.0625,0.03125,Intel(R) Xeon(R) 6760P,AVX512,"avx2,avx512f,avx512bw,avx512vl,avx512_vnni,avx512_bf16,amx_bf16,amx_int8,amx_tile,fma",True,True,,256,128,sh14l07002s1404,3.11.9,2.1.2+cu121
20260424_010536,2026-04-24T06:14:22.682444,cpu,full_mlp_capacity_search_hd64_depth5,/home/liangyi/SRS_AI/Model_AIIC_refactor/experiments_refactored/20260422_050408_full_mlp_capacity_search_v2/full_mlp_capacity_search_hd64_depth5,full_mlp_capacity_search_v2,full_mlp_capacity_search_hd64_depth5,supervised_nmse_plateau,full_mlp,12,6,eager,bf16,bfloat16,2,128,ok,,0.0,20,50,0.1747406,0.005491620882763121,0.165003,0.1739395,0.1826517,0.18585155,0.18976194,0.191621,11445.536984535936,11.445536984535936,173.9395,86.96975,89.418257691687,19280,18944,38296,all-physical,1.0,0.5,Intel(R) Xeon(R) 6760P,AVX512,"avx2,avx512f,avx512bw,avx512vl,avx512_vnni,avx512_bf16,amx_bf16,amx_int8,amx_tile,fma",True,True,,256,128,sh14l07002s1404,3.11.9,2.1.2+cu121
20260424_010536,2026-04-24T06:14:22.682444,cpu,full_mlp_capacity_search_hd64_depth5,/home/liangyi/SRS_AI/Model_AIIC_refactor/experiments_refactored/20260422_050408_full_mlp_capacity_search_v2/full_mlp_capacity_search_hd64_depth5,full_mlp_capacity_search_v2,full_mlp_capacity_search_hd64_depth5,supervised_nmse_plateau,full_mlp,12,6,eager,bf16,bfloat16,4,1,ok,,0.0,20,50,0.11203662,0.01781972704716882,0.100159,0.10592950000000001,0.1204896,0.13300784999999998,0.19007285,0.196215,35702.61223517811,35.70261223517811,105.9295,26.482375,35702.61223517811,19280,18944,38296,single-thread,0.0078125,0.00390625,Intel(R) Xeon(R) 6760P,AVX512,"avx2,avx512f,avx512bw,avx512vl,avx512_vnni,avx512_bf16,amx_bf16,amx_int8,amx_tile,fma",True,True,,256,128,sh14l07002s1404,3.11.9,2.1.2+cu121
20260424_010536,2026-04-24T06:14:22.682444,cpu,full_mlp_capacity_search_hd64_depth5,/home/liangyi/SRS_AI/Model_AIIC_refactor/experiments_refactored/20260422_050408_full_mlp_capacity_search_v2/full_mlp_capacity_search_hd64_depth5,full_mlp_capacity_search_v2,full_mlp_capacity_search_hd64_depth5,supervised_nmse_plateau,full_mlp,12,6,eager,bf16,bfloat16,4,2,ok,,0.0,20,50,0.11721128,0.02366526710860454,0.103822,0.11031550000000001,0.1260852,0.12676165,0.21517971999999977,0.267302,34126.408311554995,34.126408311555,110.31550000000001,27.578875000000004,17063.204155777497,19280,18944,38296,sub-physical,0.015625,0.0078125,Intel(R) Xeon(R) 6760P,AVX512,"avx2,avx512f,avx512bw,avx512vl,avx512_vnni,avx512_bf16,amx_bf16,amx_int8,amx_tile,fma",True,True,,256,128,sh14l07002s1404,3.11.9,2.1.2+cu121
20260424_010536,2026-04-24T06:14:22.682444,cpu,full_mlp_capacity_search_hd64_depth5,/home/liangyi/SRS_AI/Model_AIIC_refactor/experiments_refactored/20260422_050408_full_mlp_capacity_search_v2/full_mlp_capacity_search_hd64_depth5,full_mlp_capacity_search_v2,full_mlp_capacity_search_hd64_depth5,supervised_nmse_plateau,full_mlp,12,6,eager,bf16,bfloat16,4,4,ok,,0.0,20,50,0.1175785,0.025289980525298947,0.102748,0.1097915,0.13008370000000002,0.13521049999999998,0.21718220999999974,0.278663,34019.825053049666,34.019825053049665,109.7915,27.447875,8504.956263262417,19280,18944,38296,sub-physical,0.03125,0.015625,Intel(R) Xeon(R) 6760P,AVX512,"avx2,avx512f,avx512bw,avx512vl,avx512_vnni,avx512_bf16,amx_bf16,amx_int8,amx_tile,fma",True,True,,256,128,sh14l07002s1404,3.11.9,2.1.2+cu121
20260424_010536,2026-04-24T06:14:22.682444,cpu,full_mlp_capacity_search_hd64_depth5,/home/liangyi/SRS_AI/Model_AIIC_refactor/experiments_refactored/20260422_050408_full_mlp_capacity_search_v2/full_mlp_capacity_search_hd64_depth5,full_mlp_capacity_search_v2,full_mlp_capacity_search_hd64_depth5,supervised_nmse_plateau,full_mlp,12,6,eager,bf16,bfloat16,4,8,ok,,0.0,20,50,0.10829442,0.00590709256433315,0.10177,0.1064375,0.1155112,0.12250649999999999,0.12700367999999998,0.128262,36936.344458006235,36.93634445800623,106.4375,26.609375,4617.043057250779,19280,18944,38296,sub-physical,0.0625,0.03125,Intel(R) Xeon(R) 6760P,AVX512,"avx2,avx512f,avx512bw,avx512vl,avx512_vnni,avx512_bf16,amx_bf16,amx_int8,amx_tile,fma",True,True,,256,128,sh14l07002s1404,3.11.9,2.1.2+cu121
20260424_010536,2026-04-24T06:14:22.682444,cpu,full_mlp_capacity_search_hd64_depth5,/home/liangyi/SRS_AI/Model_AIIC_refactor/experiments_refactored/20260422_050408_full_mlp_capacity_search_v2/full_mlp_capacity_search_hd64_depth5,full_mlp_capacity_search_v2,full_mlp_capacity_search_hd64_depth5,supervised_nmse_plateau,full_mlp,12,6,eager,bf16,bfloat16,4,128,ok,,0.0,20,50,2.29885728,2.676998548962588,0.205057,0.235701,6.001554,6.00511765,6.009246460000001,6.01118,1739.9949247828035,1.7399949247828035,235.701,58.92525,13.593710349865653,19280,18944,38296,all-physical,1.0,0.5,Intel(R) Xeon(R) 6760P,AVX512,"avx2,avx512f,avx512bw,avx512vl,avx512_vnni,avx512_bf16,amx_bf16,amx_int8,amx_tile,fma",True,True,,256,128,sh14l07002s1404,3.11.9,2.1.2+cu121
20260424_010536,2026-04-24T06:14:22.682444,cpu,full_mlp_capacity_search_hd64_depth5,/home/liangyi/SRS_AI/Model_AIIC_refactor/experiments_refactored/20260422_050408_full_mlp_capacity_search_v2/full_mlp_capacity_search_hd64_depth5,full_mlp_capacity_search_v2,full_mlp_capacity_search_hd64_depth5,supervised_nmse_plateau,full_mlp,12,6,eager,bf16,bfloat16,8,1,ok,,0.0,20,50,0.10495954,0.008143917573772466,0.095692,0.101182,0.116045,0.11756925,0.12016807,0.121617,76219.84623789319,76.2198462378932,101.18199999999999,12.647749999999998,76219.84623789319,19280,18944,38296,single-thread,0.0078125,0.00390625,Intel(R) Xeon(R) 6760P,AVX512,"avx2,avx512f,avx512bw,avx512vl,avx512_vnni,avx512_bf16,amx_bf16,amx_int8,amx_tile,fma",True,True,,256,128,sh14l07002s1404,3.11.9,2.1.2+cu121
20260424_010536,2026-04-24T06:14:22.682444,cpu,full_mlp_capacity_search_hd64_depth5,/home/liangyi/SRS_AI/Model_AIIC_refactor/experiments_refactored/20260422_050408_full_mlp_capacity_search_v2/full_mlp_capacity_search_hd64_depth5,full_mlp_capacity_search_v2,full_mlp_capacity_search_hd64_depth5,supervised_nmse_plateau,full_mlp,12,6,eager,bf16,bfloat16,8,2,ok,,0.0,20,50,0.11767142,0.021632998452447594,0.102403,0.1095275,0.1310614,0.14426944999999994,0.19886714999999983,0.240059,67985.92215509935,67.98592215509936,109.5275,13.6909375,33992.96107754968,19280,18944,38296,sub-physical,0.015625,0.0078125,Intel(R) Xeon(R) 6760P,AVX512,"avx2,avx512f,avx512bw,avx512vl,avx512_vnni,avx512_bf16,amx_bf16,amx_int8,amx_tile,fma",True,True,,256,128,sh14l07002s1404,3.11.9,2.1.2+cu121
20260424_010536,2026-04-24T06:14:22.682444,cpu,full_mlp_capacity_search_hd64_depth5,/home/liangyi/SRS_AI/Model_AIIC_refactor/experiments_refactored/20260422_050408_full_mlp_capacity_search_v2/full_mlp_capacity_search_hd64_depth5,full_mlp_capacity_search_v2,full_mlp_capacity_search_hd64_depth5,supervised_nmse_plateau,full_mlp,12,6,eager,bf16,bfloat16,8,4,ok,,0.0,20,50,0.11475004,0.0196846179256393,0.102455,0.1077415,0.1263955,0.13002434999999998,0.19352498999999984,0.234317,69716.75129699301,69.71675129699301,107.7415,13.4676875,17429.187824248253,19280,18944,38296,sub-physical,0.03125,0.015625,Intel(R) Xeon(R) 6760P,AVX512,"avx2,avx512f,avx512bw,avx512vl,avx512_vnni,avx512_bf16,amx_bf16,amx_int8,amx_tile,fma",True,True,,256,128,sh14l07002s1404,3.11.9,2.1.2+cu121
20260424_010536,2026-04-24T06:14:22.682444,cpu,full_mlp_capacity_search_hd64_depth5,/home/liangyi/SRS_AI/Model_AIIC_refactor/experiments_refactored/20260422_050408_full_mlp_capacity_search_v2/full_mlp_capacity_search_hd64_depth5,full_mlp_capacity_search_v2,full_mlp_capacity_search_hd64_depth5,supervised_nmse_plateau,full_mlp,12,6,eager,bf16,bfloat16,8,8,ok,,0.0,20,50,0.11698334,0.016204220417668974,0.105189,0.1116685,0.1309672,0.1351426,0.17367245999999986,0.210102,68385.80604725424,68.38580604725425,111.66850000000001,13.958562500000001,8548.22575590678,19280,18944,38296,sub-physical,0.0625,0.03125,Intel(R) Xeon(R) 6760P,AVX512,"avx2,avx512f,avx512bw,avx512vl,avx512_vnni,avx512_bf16,amx_bf16,amx_int8,amx_tile,fma",True,True,,256,128,sh14l07002s1404,3.11.9,2.1.2+cu121
20260424_010536,2026-04-24T06:14:22.682444,cpu,full_mlp_capacity_search_hd64_depth5,/home/liangyi/SRS_AI/Model_AIIC_refactor/experiments_refactored/20260422_050408_full_mlp_capacity_search_v2/full_mlp_capacity_search_hd64_depth5,full_mlp_capacity_search_v2,full_mlp_capacity_search_hd64_depth5,supervised_nmse_plateau,full_mlp,12,6,eager,bf16,bfloat16,8,128,ok,,0.0,20,50,0.1884025,0.01100069697837369,0.174319,0.18630200000000002,0.20190300000000003,0.2135987,0.22116534000000002,0.222701,42462.28155146561,42.46228155146561,186.30200000000002,23.287750000000003,331.7365746208251,19280,18944,38296,all-physical,1.0,0.5,Intel(R) Xeon(R) 6760P,AVX512,"avx2,avx512f,avx512bw,avx512vl,avx512_vnni,avx512_bf16,amx_bf16,amx_int8,amx_tile,fma",True,True,,256,128,sh14l07002s1404,3.11.9,2.1.2+cu121
20260424_010536,2026-04-24T06:14:22.682444,cpu,full_mlp_capacity_search_hd64_depth5,/home/liangyi/SRS_AI/Model_AIIC_refactor/experiments_refactored/20260422_050408_full_mlp_capacity_search_v2/full_mlp_capacity_search_hd64_depth5,full_mlp_capacity_search_v2,full_mlp_capacity_search_hd64_depth5,supervised_nmse_plateau,full_mlp,12,6,eager,bf16,bfloat16,16,1,ok,,0.0,20,50,0.11029026,0.02362317288749333,0.097939,0.1046195,0.12050459999999999,0.12312284999999999,0.20292773999999975,0.265341,145071.74069586923,145.07174069586924,104.6195,6.53871875,145071.74069586923,19280,18944,38296,single-thread,0.0078125,0.00390625,Intel(R) Xeon(R) 6760P,AVX512,"avx2,avx512f,avx512bw,avx512vl,avx512_vnni,avx512_bf16,amx_bf16,amx_int8,amx_tile,fma",True,True,,256,128,sh14l07002s1404,3.11.9,2.1.2+cu121
20260424_010536,2026-04-24T06:14:22.682444,cpu,full_mlp_capacity_search_hd64_depth5,/home/liangyi/SRS_AI/Model_AIIC_refactor/experiments_refactored/20260422_050408_full_mlp_capacity_search_v2/full_mlp_capacity_search_hd64_depth5,full_mlp_capacity_search_v2,full_mlp_capacity_search_hd64_depth5,supervised_nmse_plateau,full_mlp,12,6,eager,bf16,bfloat16,16,2,ok,,0.0,20,50,0.11776546,0.02116802898543934,0.103676,0.113025,0.1289418,0.13445259999999998,0.20228580999999982,0.249292,135863.26585061528,135.86326585061528,113.025,7.0640625,67931.63292530764,19280,18944,38296,sub-physical,0.015625,0.0078125,Intel(R) Xeon(R) 6760P,AVX512,"avx2,avx512f,avx512bw,avx512vl,avx512_vnni,avx512_bf16,amx_bf16,amx_int8,amx_tile,fma",True,True,,256,128,sh14l07002s1404,3.11.9,2.1.2+cu121
20260424_010536,2026-04-24T06:14:22.682444,cpu,full_mlp_capacity_search_hd64_depth5,/home/liangyi/SRS_AI/Model_AIIC_refactor/experiments_refactored/20260422_050408_full_mlp_capacity_search_v2/full_mlp_capacity_search_hd64_depth5,full_mlp_capacity_search_v2,full_mlp_capacity_search_hd64_depth5,supervised_nmse_plateau,full_mlp,12,6,eager,bf16,bfloat16,16,4,ok,,0.0,20,50,0.12305548,0.018688169628125702,0.105867,0.1156655,0.1402139,0.14335869999999998,0.19896174999999997,0.205981,130022.65319675322,130.02265319675323,115.66550000000001,7.2290937500000005,32505.663299188305,19280,18944,38296,sub-physical,0.03125,0.015625,Intel(R) Xeon(R) 6760P,AVX512,"avx2,avx512f,avx512bw,avx512vl,avx512_vnni,avx512_bf16,amx_bf16,amx_int8,amx_tile,fma",True,True,,256,128,sh14l07002s1404,3.11.9,2.1.2+cu121
20260424_010536,2026-04-24T06:14:22.682444,cpu,full_mlp_capacity_search_hd64_depth5,/home/liangyi/SRS_AI/Model_AIIC_refactor/experiments_refactored/20260422_050408_full_mlp_capacity_search_v2/full_mlp_capacity_search_hd64_depth5,full_mlp_capacity_search_v2,full_mlp_capacity_search_hd64_depth5,supervised_nmse_plateau,full_mlp,12,6,eager,bf16,bfloat16,16,8,ok,,0.0,20,50,0.12159958,0.0147411743196938,0.10928,0.1159515,0.13424590000000003,0.13815755,0.17270341999999989,0.204476,131579.40183674978,131.57940183674978,115.9515,7.24696875,16447.425229593722,19280,18944,38296,sub-physical,0.0625,0.03125,Intel(R) Xeon(R) 6760P,AVX512,"avx2,avx512f,avx512bw,avx512vl,avx512_vnni,avx512_bf16,amx_bf16,amx_int8,amx_tile,fma",True,True,,256,128,sh14l07002s1404,3.11.9,2.1.2+cu121
20260424_010536,2026-04-24T06:14:22.682444,cpu,full_mlp_capacity_search_hd64_depth5,/home/liangyi/SRS_AI/Model_AIIC_refactor/experiments_refactored/20260422_050408_full_mlp_capacity_search_v2/full_mlp_capacity_search_hd64_depth5,full_mlp_capacity_search_v2,full_mlp_capacity_search_hd64_depth5,supervised_nmse_plateau,full_mlp,12,6,eager,bf16,bfloat16,16,128,ok,,0.0,20,50,0.20243332,0.010754667783692808,0.186576,0.1988835,0.21307900000000002,0.22383014999999998,0.23786433999999998,0.241997,79038.37174631133,79.03837174631133,198.8835,12.43021875,617.4872792680573,19280,18944,38296,all-physical,1.0,0.5,Intel(R) Xeon(R) 6760P,AVX512,"avx2,avx512f,avx512bw,avx512vl,avx512_vnni,avx512_bf16,amx_bf16,amx_int8,amx_tile,fma",True,True,,256,128,sh14l07002s1404,3.11.9,2.1.2+cu121
20260424_010536,2026-04-24T06:14:22.682444,cpu,full_mlp_capacity_search_hd64_depth5,/home/liangyi/SRS_AI/Model_AIIC_refactor/experiments_refactored/20260422_050408_full_mlp_capacity_search_v2/full_mlp_capacity_search_hd64_depth5,full_mlp_capacity_search_v2,full_mlp_capacity_search_hd64_depth5,supervised_nmse_plateau,full_mlp,12,6,eager,bf16,bfloat16,32,1,ok,,0.0,20,50,0.12233796,0.025129087879157092,0.108845,0.11604600000000001,0.1307991,0.132184,0.22478688999999974,0.286448,261570.48883273845,261.5704888327385,116.046,3.6264375,261570.48883273845,19280,18944,38296,single-thread,0.0078125,0.00390625,Intel(R) Xeon(R) 6760P,AVX512,"avx2,avx512f,avx512bw,avx512vl,avx512_vnni,avx512_bf16,amx_bf16,amx_int8,amx_tile,fma",True,True,,256,128,sh14l07002s1404,3.11.9,2.1.2+cu121
20260424_010536,2026-04-24T06:14:22.682444,cpu,full_mlp_capacity_search_hd64_depth5,/home/liangyi/SRS_AI/Model_AIIC_refactor/experiments_refactored/20260422_050408_full_mlp_capacity_search_v2/full_mlp_capacity_search_hd64_depth5,full_mlp_capacity_search_v2,full_mlp_capacity_search_hd64_depth5,supervised_nmse_plateau,full_mlp,12,6,eager,bf16,bfloat16,32,2,ok,,0.0,20,50,0.13110888,0.021813860043229397,0.11418,0.12577549999999998,0.1416036,0.15400084999999997,0.22307353999999988,0.252647,244071.94997013168,244.07194997013167,125.77549999999998,3.9304843749999994,122035.97498506584,19280,18944,38296,sub-physical,0.015625,0.0078125,Intel(R) Xeon(R) 6760P,AVX512,"avx2,avx512f,avx512bw,avx512vl,avx512_vnni,avx512_bf16,amx_bf16,amx_int8,amx_tile,fma",True,True,,256,128,sh14l07002s1404,3.11.9,2.1.2+cu121
20260424_010536,2026-04-24T06:14:22.682444,cpu,full_mlp_capacity_search_hd64_depth5,/home/liangyi/SRS_AI/Model_AIIC_refactor/experiments_refactored/20260422_050408_full_mlp_capacity_search_v2/full_mlp_capacity_search_hd64_depth5,full_mlp_capacity_search_v2,full_mlp_capacity_search_hd64_depth5,supervised_nmse_plateau,full_mlp,12,6,eager,bf16,bfloat16,32,4,ok,,0.0,20,50,0.12987042,0.02743059765742628,0.114089,0.121922,0.1447035,0.1484643,0.23889728999999976,0.302881,246399.44954362977,246.39944954362977,121.922,3.8100625,61599.86238590744,19280,18944,38296,sub-physical,0.03125,0.015625,Intel(R) Xeon(R) 6760P,AVX512,"avx2,avx512f,avx512bw,avx512vl,avx512_vnni,avx512_bf16,amx_bf16,amx_int8,amx_tile,fma",True,True,,256,128,sh14l07002s1404,3.11.9,2.1.2+cu121
20260424_010536,2026-04-24T06:14:22.682444,cpu,full_mlp_capacity_search_hd64_depth5,/home/liangyi/SRS_AI/Model_AIIC_refactor/experiments_refactored/20260422_050408_full_mlp_capacity_search_v2/full_mlp_capacity_search_hd64_depth5,full_mlp_capacity_search_v2,full_mlp_capacity_search_hd64_depth5,supervised_nmse_plateau,full_mlp,12,6,eager,bf16,bfloat16,32,8,ok,,0.0,20,50,0.11908594,0.004947407156925736,0.112541,0.1179,0.12610880000000002,0.13092235,0.13263985,0.133735,268713.5021984963,268.7135021984963,117.9,3.684375,33589.18777481204,19280,18944,38296,sub-physical,0.0625,0.03125,Intel(R) Xeon(R) 6760P,AVX512,"avx2,avx512f,avx512bw,avx512vl,avx512_vnni,avx512_bf16,amx_bf16,amx_int8,amx_tile,fma",True,True,,256,128,sh14l07002s1404,3.11.9,2.1.2+cu121
20260424_010536,2026-04-24T06:14:22.682444,cpu,full_mlp_capacity_search_hd64_depth5,/home/liangyi/SRS_AI/Model_AIIC_refactor/experiments_refactored/20260422_050408_full_mlp_capacity_search_v2/full_mlp_capacity_search_hd64_depth5,full_mlp_capacity_search_v2,full_mlp_capacity_search_hd64_depth5,supervised_nmse_plateau,full_mlp,12,6,eager,bf16,bfloat16,32,128,ok,,0.0,20,50,5.96740544,0.21513974723766507,4.461923,5.9987405,6.0025701,6.00426515,6.00639522,6.007043,5362.464528637759,5.3624645286377595,5998.7405,187.460640625,41.89425412998249,19280,18944,38296,all-physical,1.0,0.5,Intel(R) Xeon(R) 6760P,AVX512,"avx2,avx512f,avx512bw,avx512vl,avx512_vnni,avx512_bf16,amx_bf16,amx_int8,amx_tile,fma",True,True,,256,128,sh14l07002s1404,3.11.9,2.1.2+cu121
20260424_010536,2026-04-24T06:14:22.682444,cpu,full_mlp_capacity_search_hd64_depth5,/home/liangyi/SRS_AI/Model_AIIC_refactor/experiments_refactored/20260422_050408_full_mlp_capacity_search_v2/full_mlp_capacity_search_hd64_depth5,full_mlp_capacity_search_v2,full_mlp_capacity_search_hd64_depth5,supervised_nmse_plateau,full_mlp,12,6,eager,bf16,bfloat16,64,1,ok,,0.0,20,50,0.12675498,0.023127470818479053,0.114926,0.1203615,0.13816029999999999,0.14160855,0.21579552999999974,0.278909,504911.1285410641,504.9111285410641,120.36149999999999,1.8806484374999999,504911.1285410641,19280,18944,38296,single-thread,0.0078125,0.00390625,Intel(R) Xeon(R) 6760P,AVX512,"avx2,avx512f,avx512bw,avx512vl,avx512_vnni,avx512_bf16,amx_bf16,amx_int8,amx_tile,fma",True,True,,256,128,sh14l07002s1404,3.11.9,2.1.2+cu121
20260424_010536,2026-04-24T06:14:22.682444,cpu,full_mlp_capacity_search_hd64_depth5,/home/liangyi/SRS_AI/Model_AIIC_refactor/experiments_refactored/20260422_050408_full_mlp_capacity_search_v2/full_mlp_capacity_search_hd64_depth5,full_mlp_capacity_search_v2,full_mlp_capacity_search_hd64_depth5,supervised_nmse_plateau,full_mlp,12,6,eager,bf16,bfloat16,64,2,ok,,0.0,20,50,0.16283858,0.012579012419248182,0.149839,0.1586885,0.1791923,0.18660174999999998,0.20579461999999998,0.210235,393027.254352132,393.027254352132,158.6885,2.4795078125,196513.627176066,19280,18944,38296,sub-physical,0.015625,0.0078125,Intel(R) Xeon(R) 6760P,AVX512,"avx2,avx512f,avx512bw,avx512vl,avx512_vnni,avx512_bf16,amx_bf16,amx_int8,amx_tile,fma",True,True,,256,128,sh14l07002s1404,3.11.9,2.1.2+cu121
20260424_010536,2026-04-24T06:14:22.682444,cpu,full_mlp_capacity_search_hd64_depth5,/home/liangyi/SRS_AI/Model_AIIC_refactor/experiments_refactored/20260422_050408_full_mlp_capacity_search_v2/full_mlp_capacity_search_hd64_depth5,full_mlp_capacity_search_v2,full_mlp_capacity_search_hd64_depth5,supervised_nmse_plateau,full_mlp,12,6,eager,bf16,bfloat16,64,4,ok,,0.0,20,50,0.17540386,0.016116768530955575,0.15796,0.17089549999999998,0.1899429,0.1923812,0.23076722999999985,0.26525,364872.24397456244,364.8722439745624,170.89549999999997,2.6702421874999995,91218.06099364061,19280,18944,38296,sub-physical,0.03125,0.015625,Intel(R) Xeon(R) 6760P,AVX512,"avx2,avx512f,avx512bw,avx512vl,avx512_vnni,avx512_bf16,amx_bf16,amx_int8,amx_tile,fma",True,True,,256,128,sh14l07002s1404,3.11.9,2.1.2+cu121
20260424_010536,2026-04-24T06:14:22.682444,cpu,full_mlp_capacity_search_hd64_depth5,/home/liangyi/SRS_AI/Model_AIIC_refactor/experiments_refactored/20260422_050408_full_mlp_capacity_search_v2/full_mlp_capacity_search_hd64_depth5,full_mlp_capacity_search_v2,full_mlp_capacity_search_hd64_depth5,supervised_nmse_plateau,full_mlp,12,6,eager,bf16,bfloat16,64,8,ok,,0.0,20,50,0.17509748,0.025264885761261614,0.160909,0.1695975,0.178505,0.1851687,0.29597875999999995,0.30317,365510.68581912207,365.51068581912205,169.59750000000003,2.6499609375000004,45688.83572739026,19280,18944,38296,sub-physical,0.0625,0.03125,Intel(R) Xeon(R) 6760P,AVX512,"avx2,avx512f,avx512bw,avx512vl,avx512_vnni,avx512_bf16,amx_bf16,amx_int8,amx_tile,fma",True,True,,256,128,sh14l07002s1404,3.11.9,2.1.2+cu121
20260424_010536,2026-04-24T06:14:22.682444,cpu,full_mlp_capacity_search_hd64_depth5,/home/liangyi/SRS_AI/Model_AIIC_refactor/experiments_refactored/20260422_050408_full_mlp_capacity_search_v2/full_mlp_capacity_search_hd64_depth5,full_mlp_capacity_search_v2,full_mlp_capacity_search_hd64_depth5,supervised_nmse_plateau,full_mlp,12,6,eager,bf16,bfloat16,64,128,ok,,0.0,20,50,0.44963274,0.014063464231561159,0.420778,0.44638100000000003,0.46840830000000006,0.4737573,0.48705,0.491999,142338.38932636447,142.33838932636448,446.38100000000003,6.9747031250000004,1112.0186666122224,19280,18944,38296,all-physical,1.0,0.5,Intel(R) Xeon(R) 6760P,AVX512,"avx2,avx512f,avx512bw,avx512vl,avx512_vnni,avx512_bf16,amx_bf16,amx_int8,amx_tile,fma",True,True,,256,128,sh14l07002s1404,3.11.9,2.1.2+cu121
20260424_010536,2026-04-24T06:14:22.682444,cpu,full_mlp_capacity_search_hd64_depth5,/home/liangyi/SRS_AI/Model_AIIC_refactor/experiments_refactored/20260422_050408_full_mlp_capacity_search_v2/full_mlp_capacity_search_hd64_depth5,full_mlp_capacity_search_v2,full_mlp_capacity_search_hd64_depth5,supervised_nmse_plateau,full_mlp,12,6,eager,bf16,bfloat16,128,1,ok,,0.0,20,50,0.13949014,0.007148587379363842,0.133902,0.13685350000000002,0.14664169999999999,0.16000499999999998,0.16277448,0.162798,917627.5828528095,917.6275828528095,136.85350000000003,1.0691679687500002,917627.5828528095,19280,18944,38296,single-thread,0.0078125,0.00390625,Intel(R) Xeon(R) 6760P,AVX512,"avx2,avx512f,avx512bw,avx512vl,avx512_vnni,avx512_bf16,amx_bf16,amx_int8,amx_tile,fma",True,True,,256,128,sh14l07002s1404,3.11.9,2.1.2+cu121
20260424_010536,2026-04-24T06:14:22.682444,cpu,full_mlp_capacity_search_hd64_depth5,/home/liangyi/SRS_AI/Model_AIIC_refactor/experiments_refactored/20260422_050408_full_mlp_capacity_search_v2/full_mlp_capacity_search_hd64_depth5,full_mlp_capacity_search_v2,full_mlp_capacity_search_hd64_depth5,supervised_nmse_plateau,full_mlp,12,6,eager,bf16,bfloat16,128,2,ok,,0.0,20,50,0.19178228,0.013377690746971243,0.175071,0.1891135,0.2133857,0.21875675,0.22458641,0.228845,667423.4971030691,667.423497103069,189.1135,1.47744921875,333711.74855153455,19280,18944,38296,sub-physical,0.015625,0.0078125,Intel(R) Xeon(R) 6760P,AVX512,"avx2,avx512f,avx512bw,avx512vl,avx512_vnni,avx512_bf16,amx_bf16,amx_int8,amx_tile,fma",True,True,,256,128,sh14l07002s1404,3.11.9,2.1.2+cu121
20260424_010536,2026-04-24T06:14:22.682444,cpu,full_mlp_capacity_search_hd64_depth5,/home/liangyi/SRS_AI/Model_AIIC_refactor/experiments_refactored/20260422_050408_full_mlp_capacity_search_v2/full_mlp_capacity_search_hd64_depth5,full_mlp_capacity_search_v2,full_mlp_capacity_search_hd64_depth5,supervised_nmse_plateau,full_mlp,12,6,eager,bf16,bfloat16,128,4,ok,,0.0,20,50,0.2138085,0.005431272341726201,0.203754,0.2135205,0.2197964,0.22252059999999999,0.22798952,0.231494,598666.563770851,598.666563770851,213.5205,1.66812890625,149666.64094271275,19280,18944,38296,sub-physical,0.03125,0.015625,Intel(R) Xeon(R) 6760P,AVX512,"avx2,avx512f,avx512bw,avx512vl,avx512_vnni,avx512_bf16,amx_bf16,amx_int8,amx_tile,fma",True,True,,256,128,sh14l07002s1404,3.11.9,2.1.2+cu121
20260424_010536,2026-04-24T06:14:22.682444,cpu,full_mlp_capacity_search_hd64_depth5,/home/liangyi/SRS_AI/Model_AIIC_refactor/experiments_refactored/20260422_050408_full_mlp_capacity_search_v2/full_mlp_capacity_search_hd64_depth5,full_mlp_capacity_search_v2,full_mlp_capacity_search_hd64_depth5,supervised_nmse_plateau,full_mlp,12,6,eager,bf16,bfloat16,128,8,ok,,0.0,20,50,0.20688664,0.010218304880477976,0.192119,0.2033195,0.2227097,0.22844615,0.23488759999999997,0.239327,618696.3063443826,618.6963063443826,203.31949999999998,1.5884335937499998,77337.03829304782,19280,18944,38296,sub-physical,0.0625,0.03125,Intel(R) Xeon(R) 6760P,AVX512,"avx2,avx512f,avx512bw,avx512vl,avx512_vnni,avx512_bf16,amx_bf16,amx_int8,amx_tile,fma",True,True,,256,128,sh14l07002s1404,3.11.9,2.1.2+cu121
20260424_010536,2026-04-24T06:14:22.682444,cpu,full_mlp_capacity_search_hd64_depth5,/home/liangyi/SRS_AI/Model_AIIC_refactor/experiments_refactored/20260422_050408_full_mlp_capacity_search_v2/full_mlp_capacity_search_hd64_depth5,full_mlp_capacity_search_v2,full_mlp_capacity_search_hd64_depth5,supervised_nmse_plateau,full_mlp,12,6,eager,bf16,bfloat16,128,128,ok,,0.0,20,50,0.49727776,0.013836084147705957,0.470419,0.498468,0.5137283,0.5195558,0.5253927899999999,0.527759,257401.41686609917,257.40141686609917,498.468,3.89428125,2010.9485692663998,19280,18944,38296,all-physical,1.0,0.5,Intel(R) Xeon(R) 6760P,AVX512,"avx2,avx512f,avx512bw,avx512vl,avx512_vnni,avx512_bf16,amx_bf16,amx_int8,amx_tile,fma",True,True,,256,128,sh14l07002s1404,3.11.9,2.1.2+cu121
20260424_010536,2026-04-24T06:14:22.682444,cpu,full_mlp_capacity_search_hd64_depth5,/home/liangyi/SRS_AI/Model_AIIC_refactor/experiments_refactored/20260422_050408_full_mlp_capacity_search_v2/full_mlp_capacity_search_hd64_depth5,full_mlp_capacity_search_v2,full_mlp_capacity_search_hd64_depth5,supervised_nmse_plateau,full_mlp,12,6,jit,fp32,float32,1,1,ok,,53.649806,20,50,0.02398114,0.0009512383720182865,0.021517,0.023659,0.025087400000000003,0.02515105,0.02618458,0.026409,41699.43547304256,41.69943547304256,23.659,23.659,41699.43547304256,19280,18944,38296,single-thread,0.0078125,0.00390625,Intel(R) Xeon(R) 6760P,AVX512,"avx2,avx512f,avx512bw,avx512vl,avx512_vnni,avx512_bf16,amx_bf16,amx_int8,amx_tile,fma",True,True,,256,128,sh14l07002s1404,3.11.9,2.1.2+cu121
20260424_010536,2026-04-24T06:14:22.682444,cpu,full_mlp_capacity_search_hd64_depth5,/home/liangyi/SRS_AI/Model_AIIC_refactor/experiments_refactored/20260422_050408_full_mlp_capacity_search_v2/full_mlp_capacity_search_hd64_depth5,full_mlp_capacity_search_v2,full_mlp_capacity_search_hd64_depth5,supervised_nmse_plateau,full_mlp,12,6,jit,fp32,float32,1,2,ok,,51.878532,20,50,0.02400838,0.0016420092312773396,0.022866,0.0235,0.0251336,0.026891949999999998,0.030922989999999997,0.031388,41652.12313367249,41.65212313367249,23.5,23.5,20826.061566836244,19280,18944,38296,sub-physical,0.015625,0.0078125,Intel(R) Xeon(R) 6760P,AVX512,"avx2,avx512f,avx512bw,avx512vl,avx512_vnni,avx512_bf16,amx_bf16,amx_int8,amx_tile,fma",True,True,,256,128,sh14l07002s1404,3.11.9,2.1.2+cu121
20260424_010536,2026-04-24T06:14:22.682444,cpu,full_mlp_capacity_search_hd64_depth5,/home/liangyi/SRS_AI/Model_AIIC_refactor/experiments_refactored/20260422_050408_full_mlp_capacity_search_v2/full_mlp_capacity_search_hd64_depth5,full_mlp_capacity_search_v2,full_mlp_capacity_search_hd64_depth5,supervised_nmse_plateau,full_mlp,12,6,jit,fp32,float32,1,4,ok,,51.648658,20,50,0.02425764,0.001504710400841305,0.022188,0.023625,0.025377900000000002,0.026797099999999994,0.029971519999999998,0.030585,41224.12567751851,41.22412567751851,23.625,23.625,10306.031419379628,19280,18944,38296,sub-physical,0.03125,0.015625,Intel(R) Xeon(R) 6760P,AVX512,"avx2,avx512f,avx512bw,avx512vl,avx512_vnni,avx512_bf16,amx_bf16,amx_int8,amx_tile,fma",True,True,,256,128,sh14l07002s1404,3.11.9,2.1.2+cu121
20260424_010536,2026-04-24T06:14:22.682444,cpu,full_mlp_capacity_search_hd64_depth5,/home/liangyi/SRS_AI/Model_AIIC_refactor/experiments_refactored/20260422_050408_full_mlp_capacity_search_v2/full_mlp_capacity_search_hd64_depth5,full_mlp_capacity_search_v2,full_mlp_capacity_search_hd64_depth5,supervised_nmse_plateau,full_mlp,12,6,jit,fp32,float32,1,8,ok,,52.875883,20,50,0.02391634,0.0009717695531348984,0.021876,0.023434,0.02503,0.0254127,0.02626995,0.026537,41812.41778633352,41.81241778633352,23.434,23.434,5226.55222329169,19280,18944,38296,sub-physical,0.0625,0.03125,Intel(R) Xeon(R) 6760P,AVX512,"avx2,avx512f,avx512bw,avx512vl,avx512_vnni,avx512_bf16,amx_bf16,amx_int8,amx_tile,fma",True,True,,256,128,sh14l07002s1404,3.11.9,2.1.2+cu121
20260424_010536,2026-04-24T06:14:22.682444,cpu,full_mlp_capacity_search_hd64_depth5,/home/liangyi/SRS_AI/Model_AIIC_refactor/experiments_refactored/20260422_050408_full_mlp_capacity_search_v2/full_mlp_capacity_search_hd64_depth5,full_mlp_capacity_search_v2,full_mlp_capacity_search_hd64_depth5,supervised_nmse_plateau,full_mlp,12,6,jit,fp32,float32,1,128,ok,,55.442869,20,50,0.02349902,0.001086729248525133,0.021969,0.023505,0.0239826,0.0242796,0.02791148,0.027935,42554.96612199148,42.55496612199148,23.505000000000003,23.505000000000003,332.4606728280584,19280,18944,38296,all-physical,1.0,0.5,Intel(R) Xeon(R) 6760P,AVX512,"avx2,avx512f,avx512bw,avx512vl,avx512_vnni,avx512_bf16,amx_bf16,amx_int8,amx_tile,fma",True,True,,256,128,sh14l07002s1404,3.11.9,2.1.2+cu121
20260424_010536,2026-04-24T06:14:22.682444,cpu,full_mlp_capacity_search_hd64_depth5,/home/liangyi/SRS_AI/Model_AIIC_refactor/experiments_refactored/20260422_050408_full_mlp_capacity_search_v2/full_mlp_capacity_search_hd64_depth5,full_mlp_capacity_search_v2,full_mlp_capacity_search_hd64_depth5,supervised_nmse_plateau,full_mlp,12,6,jit,fp32,float32,2,1,ok,,52.838576,20,50,0.02570414,0.0009287948107090178,0.023876,0.025462,0.0261768,0.0277858,0.029302659999999998,0.029727,77808.47754486243,77.80847754486243,25.462,12.731,77808.47754486243,19280,18944,38296,single-thread,0.0078125,0.00390625,Intel(R) Xeon(R) 6760P,AVX512,"avx2,avx512f,avx512bw,avx512vl,avx512_vnni,avx512_bf16,amx_bf16,amx_int8,amx_tile,fma",True,True,,256,128,sh14l07002s1404,3.11.9,2.1.2+cu121
20260424_010536,2026-04-24T06:14:22.682444,cpu,full_mlp_capacity_search_hd64_depth5,/home/liangyi/SRS_AI/Model_AIIC_refactor/experiments_refactored/20260422_050408_full_mlp_capacity_search_v2/full_mlp_capacity_search_hd64_depth5,full_mlp_capacity_search_v2,full_mlp_capacity_search_hd64_depth5,supervised_nmse_plateau,full_mlp,12,6,jit,fp32,float32,2,2,ok,,52.045589,20,50,0.02537672,0.0009945013029654612,0.023594,0.024977,0.0265865,0.02690735,0.028274269999999997,0.028704,78812.39182999222,78.81239182999222,24.977,12.4885,39406.19591499611,19280,18944,38296,sub-physical,0.015625,0.0078125,Intel(R) Xeon(R) 6760P,AVX512,"avx2,avx512f,avx512bw,avx512vl,avx512_vnni,avx512_bf16,amx_bf16,amx_int8,amx_tile,fma",True,True,,256,128,sh14l07002s1404,3.11.9,2.1.2+cu121
20260424_010536,2026-04-24T06:14:22.682444,cpu,full_mlp_capacity_search_hd64_depth5,/home/liangyi/SRS_AI/Model_AIIC_refactor/experiments_refactored/20260422_050408_full_mlp_capacity_search_v2/full_mlp_capacity_search_hd64_depth5,full_mlp_capacity_search_v2,full_mlp_capacity_search_hd64_depth5,supervised_nmse_plateau,full_mlp,12,6,jit,fp32,float32,2,4,ok,,52.946348,20,50,0.02562646,0.0006549948155520013,0.024646,0.025542000000000002,0.025955699999999998,0.02610055,0.028127259999999994,0.029659,78044.33386429495,78.04433386429496,25.542,12.771,19511.08346607374,19280,18944,38296,sub-physical,0.03125,0.015625,Intel(R) Xeon(R) 6760P,AVX512,"avx2,avx512f,avx512bw,avx512vl,avx512_vnni,avx512_bf16,amx_bf16,amx_int8,amx_tile,fma",True,True,,256,128,sh14l07002s1404,3.11.9,2.1.2+cu121
20260424_010536,2026-04-24T06:14:22.682444,cpu,full_mlp_capacity_search_hd64_depth5,/home/liangyi/SRS_AI/Model_AIIC_refactor/experiments_refactored/20260422_050408_full_mlp_capacity_search_v2/full_mlp_capacity_search_hd64_depth5,full_mlp_capacity_search_v2,full_mlp_capacity_search_hd64_depth5,supervised_nmse_plateau,full_mlp,12,6,jit,fp32,float32,2,8,ok,,52.529412,20,50,0.025908,0.0011324151182318257,0.023743,0.025366,0.0268901,0.028010649999999995,0.02941308,0.029711,77196.2328238382,77.1962328238382,25.366,12.683,9649.529102979775,19280,18944,38296,sub-physical,0.0625,0.03125,Intel(R) Xeon(R) 6760P,AVX512,"avx2,avx512f,avx512bw,avx512vl,avx512_vnni,avx512_bf16,amx_bf16,amx_int8,amx_tile,fma",True,True,,256,128,sh14l07002s1404,3.11.9,2.1.2+cu121
20260424_010536,2026-04-24T06:14:22.682444,cpu,full_mlp_capacity_search_hd64_depth5,/home/liangyi/SRS_AI/Model_AIIC_refactor/experiments_refactored/20260422_050408_full_mlp_capacity_search_v2/full_mlp_capacity_search_hd64_depth5,full_mlp_capacity_search_v2,full_mlp_capacity_search_hd64_depth5,supervised_nmse_plateau,full_mlp,12,6,jit,fp32,float32,2,128,ok,,55.235908,20,50,0.0256529,0.0008864166796715864,0.023903,0.0254,0.026886399999999998,0.02754135,0.028744299999999997,0.029641,77963.89492026242,77.96389492026242,25.4,12.7,609.0929290645502,19280,18944,38296,all-physical,1.0,0.5,Intel(R) Xeon(R) 6760P,AVX512,"avx2,avx512f,avx512bw,avx512vl,avx512_vnni,avx512_bf16,amx_bf16,amx_int8,amx_tile,fma",True,True,,256,128,sh14l07002s1404,3.11.9,2.1.2+cu121
20260424_010536,2026-04-24T06:14:22.682444,cpu,full_mlp_capacity_search_hd64_depth5,/home/liangyi/SRS_AI/Model_AIIC_refactor/experiments_refactored/20260422_050408_full_mlp_capacity_search_v2/full_mlp_capacity_search_hd64_depth5,full_mlp_capacity_search_v2,full_mlp_capacity_search_hd64_depth5,supervised_nmse_plateau,full_mlp,12,6,jit,fp32,float32,4,1,ok,,53.076242,20,50,0.0251587,0.0008399778866136896,0.02394,0.0252305,0.0258648,0.026754999999999998,0.02763382,0.027772,158990.72686585554,158.99072686585555,25.2305,6.307625,158990.72686585554,19280,18944,38296,single-thread,0.0078125,0.00390625,Intel(R) Xeon(R) 6760P,AVX512,"avx2,avx512f,avx512bw,avx512vl,avx512_vnni,avx512_bf16,amx_bf16,amx_int8,amx_tile,fma",True,True,,256,128,sh14l07002s1404,3.11.9,2.1.2+cu121
20260424_010536,2026-04-24T06:14:22.682444,cpu,full_mlp_capacity_search_hd64_depth5,/home/liangyi/SRS_AI/Model_AIIC_refactor/experiments_refactored/20260422_050408_full_mlp_capacity_search_v2/full_mlp_capacity_search_hd64_depth5,full_mlp_capacity_search_v2,full_mlp_capacity_search_hd64_depth5,supervised_nmse_plateau,full_mlp,12,6,jit,fp32,float32,4,2,ok,,51.827914,20,50,0.02540482,0.0007276098594714063,0.024451,0.0250195,0.02615,0.0263578,0.027768269999999998,0.028443,157450.436570698,157.45043657069797,25.0195,6.254875,78725.218285349,19280,18944,38296,sub-physical,0.015625,0.0078125,Intel(R) Xeon(R) 6760P,AVX512,"avx2,avx512f,avx512bw,avx512vl,avx512_vnni,avx512_bf16,amx_bf16,amx_int8,amx_tile,fma",True,True,,256,128,sh14l07002s1404,3.11.9,2.1.2+cu121
20260424_010536,2026-04-24T06:14:22.682444,cpu,full_mlp_capacity_search_hd64_depth5,/home/liangyi/SRS_AI/Model_AIIC_refactor/experiments_refactored/20260422_050408_full_mlp_capacity_search_v2/full_mlp_capacity_search_hd64_depth5,full_mlp_capacity_search_v2,full_mlp_capacity_search_hd64_depth5,supervised_nmse_plateau,full_mlp,12,6,jit,fp32,float32,4,4,ok,,51.210585,20,50,0.02597322,0.0008277697576017139,0.024899,0.025833500000000002,0.0262662,0.0268763,0.029503889999999998,0.030405,154004.77876828518,154.00477876828518,25.8335,6.458375,38501.194692071294,19280,18944,38296,sub-physical,0.03125,0.015625,Intel(R) Xeon(R) 6760P,AVX512,"avx2,avx512f,avx512bw,avx512vl,avx512_vnni,avx512_bf16,amx_bf16,amx_int8,amx_tile,fma",True,True,,256,128,sh14l07002s1404,3.11.9,2.1.2+cu121
20260424_010536,2026-04-24T06:14:22.682444,cpu,full_mlp_capacity_search_hd64_depth5,/home/liangyi/SRS_AI/Model_AIIC_refactor/experiments_refactored/20260422_050408_full_mlp_capacity_search_v2/full_mlp_capacity_search_hd64_depth5,full_mlp_capacity_search_v2,full_mlp_capacity_search_hd64_depth5,supervised_nmse_plateau,full_mlp,12,6,jit,fp32,float32,4,8,ok,,51.65119,20,50,0.02547304,0.0011901547791779014,0.024532,0.0250755,0.0262017,0.027293599999999994,0.03012652999999999,0.03199,157028.76452908645,157.02876452908646,25.0755,6.268875,19628.595566135806,19280,18944,38296,sub-physical,0.0625,0.03125,Intel(R) Xeon(R) 6760P,AVX512,"avx2,avx512f,avx512bw,avx512vl,avx512_vnni,avx512_bf16,amx_bf16,amx_int8,amx_tile,fma",True,True,,256,128,sh14l07002s1404,3.11.9,2.1.2+cu121
20260424_010536,2026-04-24T06:14:22.682444,cpu,full_mlp_capacity_search_hd64_depth5,/home/liangyi/SRS_AI/Model_AIIC_refactor/experiments_refactored/20260422_050408_full_mlp_capacity_search_v2/full_mlp_capacity_search_hd64_depth5,full_mlp_capacity_search_v2,full_mlp_capacity_search_hd64_depth5,supervised_nmse_plateau,full_mlp,12,6,jit,fp32,float32,4,128,ok,,58.454424,20,50,0.02636874,0.0010315293657477715,0.025343,0.025946,0.0273851,0.028492749999999997,0.03001346,0.030281,151694.7719155333,151.6947719155333,25.946,6.4865,1185.1154055901038,19280,18944,38296,all-physical,1.0,0.5,Intel(R) Xeon(R) 6760P,AVX512,"avx2,avx512f,avx512bw,avx512vl,avx512_vnni,avx512_bf16,amx_bf16,amx_int8,amx_tile,fma",True,True,,256,128,sh14l07002s1404,3.11.9,2.1.2+cu121
20260424_010536,2026-04-24T06:14:22.682444,cpu,full_mlp_capacity_search_hd64_depth5,/home/liangyi/SRS_AI/Model_AIIC_refactor/experiments_refactored/20260422_050408_full_mlp_capacity_search_v2/full_mlp_capacity_search_hd64_depth5,full_mlp_capacity_search_v2,full_mlp_capacity_search_hd64_depth5,supervised_nmse_plateau,full_mlp,12,6,jit,fp32,float32,8,1,ok,,53.541076,20,50,0.02890022,0.0029132411935162525,0.025966,0.027738,0.0339613,0.03605384999999999,0.038329619999999995,0.039095,276814.5017581181,276.8145017581181,27.738,3.46725,276814.5017581181,19280,18944,38296,single-thread,0.0078125,0.00390625,Intel(R) Xeon(R) 6760P,AVX512,"avx2,avx512f,avx512bw,avx512vl,avx512_vnni,avx512_bf16,amx_bf16,amx_int8,amx_tile,fma",True,True,,256,128,sh14l07002s1404,3.11.9,2.1.2+cu121
20260424_010536,2026-04-24T06:14:22.682444,cpu,full_mlp_capacity_search_hd64_depth5,/home/liangyi/SRS_AI/Model_AIIC_refactor/experiments_refactored/20260422_050408_full_mlp_capacity_search_v2/full_mlp_capacity_search_hd64_depth5,full_mlp_capacity_search_v2,full_mlp_capacity_search_hd64_depth5,supervised_nmse_plateau,full_mlp,12,6,jit,fp32,float32,8,2,ok,,51.914425,20,50,0.02774806,0.0008211849587029708,0.026743,0.027853500000000003,0.0283354,0.02860485,0.030658339999999996,0.031361,288308.443905628,288.308443905628,27.853500000000004,3.4816875000000005,144154.221952814,19280,18944,38296,sub-physical,0.015625,0.0078125,Intel(R) Xeon(R) 6760P,AVX512,"avx2,avx512f,avx512bw,avx512vl,avx512_vnni,avx512_bf16,amx_bf16,amx_int8,amx_tile,fma",True,True,,256,128,sh14l07002s1404,3.11.9,2.1.2+cu121
20260424_010536,2026-04-24T06:14:22.682444,cpu,full_mlp_capacity_search_hd64_depth5,/home/liangyi/SRS_AI/Model_AIIC_refactor/experiments_refactored/20260422_050408_full_mlp_capacity_search_v2/full_mlp_capacity_search_hd64_depth5,full_mlp_capacity_search_v2,full_mlp_capacity_search_hd64_depth5,supervised_nmse_plateau,full_mlp,12,6,jit,fp32,float32,8,4,ok,,52.917552,20,50,0.02804798,0.0009853401339639017,0.027347,0.0278635,0.0282237,0.028494150000000003,0.03268388,0.033413,285225.53139299154,285.22553139299157,27.8635,3.4829375,71306.38284824789,19280,18944,38296,sub-physical,0.03125,0.015625,Intel(R) Xeon(R) 6760P,AVX512,"avx2,avx512f,avx512bw,avx512vl,avx512_vnni,avx512_bf16,amx_bf16,amx_int8,amx_tile,fma",True,True,,256,128,sh14l07002s1404,3.11.9,2.1.2+cu121
20260424_010536,2026-04-24T06:14:22.682444,cpu,full_mlp_capacity_search_hd64_depth5,/home/liangyi/SRS_AI/Model_AIIC_refactor/experiments_refactored/20260422_050408_full_mlp_capacity_search_v2/full_mlp_capacity_search_hd64_depth5,full_mlp_capacity_search_v2,full_mlp_capacity_search_hd64_depth5,supervised_nmse_plateau,full_mlp,12,6,jit,fp32,float32,8,8,ok,,52.942022,20,50,0.02728742,0.0014197123805898151,0.025983,0.026992000000000002,0.027991799999999997,0.02811825,0.033171339999999994,0.035295,293175.3899782391,293.1753899782391,26.992,3.374,36646.923747279885,19280,18944,38296,sub-physical,0.0625,0.03125,Intel(R) Xeon(R) 6760P,AVX512,"avx2,avx512f,avx512bw,avx512vl,avx512_vnni,avx512_bf16,amx_bf16,amx_int8,amx_tile,fma",True,True,,256,128,sh14l07002s1404,3.11.9,2.1.2+cu121
20260424_010536,2026-04-24T06:14:22.682444,cpu,full_mlp_capacity_search_hd64_depth5,/home/liangyi/SRS_AI/Model_AIIC_refactor/experiments_refactored/20260422_050408_full_mlp_capacity_search_v2/full_mlp_capacity_search_hd64_depth5,full_mlp_capacity_search_v2,full_mlp_capacity_search_hd64_depth5,supervised_nmse_plateau,full_mlp,12,6,jit,fp32,float32,8,128,ok,,57.650042,20,50,0.0286312,0.0028850747719946527,0.026134,0.027722,0.0303538,0.0374209,0.038728689999999996,0.039081,279415.4628517142,279.4154628517142,27.722,3.46525,2182.9333035290174,19280,18944,38296,all-physical,1.0,0.5,Intel(R) Xeon(R) 6760P,AVX512,"avx2,avx512f,avx512bw,avx512vl,avx512_vnni,avx512_bf16,amx_bf16,amx_int8,amx_tile,fma",True,True,,256,128,sh14l07002s1404,3.11.9,2.1.2+cu121
20260424_010536,2026-04-24T06:14:22.682444,cpu,full_mlp_capacity_search_hd64_depth5,/home/liangyi/SRS_AI/Model_AIIC_refactor/experiments_refactored/20260422_050408_full_mlp_capacity_search_v2/full_mlp_capacity_search_hd64_depth5,full_mlp_capacity_search_v2,full_mlp_capacity_search_hd64_depth5,supervised_nmse_plateau,full_mlp,12,6,jit,fp32,float32,16,1,ok,,52.652893,20,50,0.02952298,0.0008745193763433715,0.028359,0.0295555,0.030412599999999998,0.03054845,0.032406359999999995,0.032718,541950.710937717,541.950710937717,29.5555,1.84721875,541950.710937717,19280,18944,38296,single-thread,0.0078125,0.00390625,Intel(R) Xeon(R) 6760P,AVX512,"avx2,avx512f,avx512bw,avx512vl,avx512_vnni,avx512_bf16,amx_bf16,amx_int8,amx_tile,fma",True,True,,256,128,sh14l07002s1404,3.11.9,2.1.2+cu121
20260424_010536,2026-04-24T06:14:22.682444,cpu,full_mlp_capacity_search_hd64_depth5,/home/liangyi/SRS_AI/Model_AIIC_refactor/experiments_refactored/20260422_050408_full_mlp_capacity_search_v2/full_mlp_capacity_search_hd64_depth5,full_mlp_capacity_search_v2,full_mlp_capacity_search_hd64_depth5,supervised_nmse_plateau,full_mlp,12,6,jit,fp32,float32,16,2,ok,,53.183777,20,50,0.03039048,0.0006093568491450636,0.02937,0.030289999999999997,0.030695300000000002,0.03115495,0.03289918,0.033153,526480.661049118,526.480661049118,30.29,1.893125,263240.330524559,19280,18944,38296,sub-physical,0.015625,0.0078125,Intel(R) Xeon(R) 6760P,AVX512,"avx2,avx512f,avx512bw,avx512vl,avx512_vnni,avx512_bf16,amx_bf16,amx_int8,amx_tile,fma",True,True,,256,128,sh14l07002s1404,3.11.9,2.1.2+cu121
20260424_010536,2026-04-24T06:14:22.682444,cpu,full_mlp_capacity_search_hd64_depth5,/home/liangyi/SRS_AI/Model_AIIC_refactor/experiments_refactored/20260422_050408_full_mlp_capacity_search_v2/full_mlp_capacity_search_hd64_depth5,full_mlp_capacity_search_v2,full_mlp_capacity_search_hd64_depth5,supervised_nmse_plateau,full_mlp,12,6,jit,fp32,float32,16,4,ok,,53.897714,20,50,0.03681438,0.001771582726151957,0.035524,0.036372,0.03759,0.039831149999999996,0.04398721999999999,0.04684,434612.7790281949,434.6127790281949,36.372,2.27325,108653.19475704872,19280,18944,38296,sub-physical,0.03125,0.015625,Intel(R) Xeon(R) 6760P,AVX512,"avx2,avx512f,avx512bw,avx512vl,avx512_vnni,avx512_bf16,amx_bf16,amx_int8,amx_tile,fma",True,True,,256,128,sh14l07002s1404,3.11.9,2.1.2+cu121
20260424_010536,2026-04-24T06:14:22.682444,cpu,full_mlp_capacity_search_hd64_depth5,/home/liangyi/SRS_AI/Model_AIIC_refactor/experiments_refactored/20260422_050408_full_mlp_capacity_search_v2/full_mlp_capacity_search_hd64_depth5,full_mlp_capacity_search_v2,full_mlp_capacity_search_hd64_depth5,supervised_nmse_plateau,full_mlp,12,6,jit,fp32,float32,16,8,ok,,51.96985,20,50,0.02972004,0.0007406578956576377,0.029063,0.0294515,0.0303694,0.030754999999999998,0.032610969999999996,0.032977,538357.2835029832,538.3572835029831,29.4515,1.84071875,67294.6604378729,19280,18944,38296,sub-physical,0.0625,0.03125,Intel(R) Xeon(R) 6760P,AVX512,"avx2,avx512f,avx512bw,avx512vl,avx512_vnni,avx512_bf16,amx_bf16,amx_int8,amx_tile,fma",True,True,,256,128,sh14l07002s1404,3.11.9,2.1.2+cu121
20260424_010536,2026-04-24T06:14:22.682444,cpu,full_mlp_capacity_search_hd64_depth5,/home/liangyi/SRS_AI/Model_AIIC_refactor/experiments_refactored/20260422_050408_full_mlp_capacity_search_v2/full_mlp_capacity_search_hd64_depth5,full_mlp_capacity_search_v2,full_mlp_capacity_search_hd64_depth5,supervised_nmse_plateau,full_mlp,12,6,jit,fp32,float32,16,128,ok,,55.351815,20,50,0.02982348,0.0011418092001731286,0.028455,0.0296025,0.0301038,0.031403799999999996,0.03487187,0.03489,536490.0407330063,536.4900407330064,29.6025,1.85015625,4191.328443226612,19280,18944,38296,all-physical,1.0,0.5,Intel(R) Xeon(R) 6760P,AVX512,"avx2,avx512f,avx512bw,avx512vl,avx512_vnni,avx512_bf16,amx_bf16,amx_int8,amx_tile,fma",True,True,,256,128,sh14l07002s1404,3.11.9,2.1.2+cu121
20260424_010536,2026-04-24T06:14:22.682444,cpu,full_mlp_capacity_search_hd64_depth5,/home/liangyi/SRS_AI/Model_AIIC_refactor/experiments_refactored/20260422_050408_full_mlp_capacity_search_v2/full_mlp_capacity_search_hd64_depth5,full_mlp_capacity_search_v2,full_mlp_capacity_search_hd64_depth5,supervised_nmse_plateau,full_mlp,12,6,jit,fp32,float32,32,1,ok,,52.255272,20,50,0.03503286,0.0011625151871696127,0.034005,0.034823999999999994,0.0352081,0.03760269999999999,0.03950052,0.039526,913428.1357559732,913.4281357559731,34.82399999999999,1.0882499999999997,913428.1357559732,19280,18944,38296,single-thread,0.0078125,0.00390625,Intel(R) Xeon(R) 6760P,AVX512,"avx2,avx512f,avx512bw,avx512vl,avx512_vnni,avx512_bf16,amx_bf16,amx_int8,amx_tile,fma",True,True,,256,128,sh14l07002s1404,3.11.9,2.1.2+cu121
20260424_010536,2026-04-24T06:14:22.682444,cpu,full_mlp_capacity_search_hd64_depth5,/home/liangyi/SRS_AI/Model_AIIC_refactor/experiments_refactored/20260422_050408_full_mlp_capacity_search_v2/full_mlp_capacity_search_hd64_depth5,full_mlp_capacity_search_v2,full_mlp_capacity_search_hd64_depth5,supervised_nmse_plateau,full_mlp,12,6,jit,fp32,float32,32,2,ok,,54.11967,20,50,0.04174634,0.0019790996499418614,0.039649,0.041276,0.0437558,0.045365699999999995,0.04884578999999999,0.050771,766534.2638420517,766.5342638420517,41.276,1.289875,383267.13192102587,19280,18944,38296,sub-physical,0.015625,0.0078125,Intel(R) Xeon(R) 6760P,AVX512,"avx2,avx512f,avx512bw,avx512vl,avx512_vnni,avx512_bf16,amx_bf16,amx_int8,amx_tile,fma",True,True,,256,128,sh14l07002s1404,3.11.9,2.1.2+cu121
20260424_010536,2026-04-24T06:14:22.682444,cpu,full_mlp_capacity_search_hd64_depth5,/home/liangyi/SRS_AI/Model_AIIC_refactor/experiments_refactored/20260422_050408_full_mlp_capacity_search_v2/full_mlp_capacity_search_hd64_depth5,full_mlp_capacity_search_v2,full_mlp_capacity_search_hd64_depth5,supervised_nmse_plateau,full_mlp,12,6,jit,fp32,float32,32,4,ok,,54.301117,20,50,0.05237596,0.002676649323015624,0.049906,0.051148,0.0561522,0.05760085,0.060617399999999995,0.06147,610967.3216490925,610.9673216490925,51.147999999999996,1.5983749999999999,152741.83041227312,19280,18944,38296,sub-physical,0.03125,0.015625,Intel(R) Xeon(R) 6760P,AVX512,"avx2,avx512f,avx512bw,avx512vl,avx512_vnni,avx512_bf16,amx_bf16,amx_int8,amx_tile,fma",True,True,,256,128,sh14l07002s1404,3.11.9,2.1.2+cu121
20260424_010536,2026-04-24T06:14:22.682444,cpu,full_mlp_capacity_search_hd64_depth5,/home/liangyi/SRS_AI/Model_AIIC_refactor/experiments_refactored/20260422_050408_full_mlp_capacity_search_v2/full_mlp_capacity_search_hd64_depth5,full_mlp_capacity_search_v2,full_mlp_capacity_search_hd64_depth5,supervised_nmse_plateau,full_mlp,12,6,jit,fp32,float32,32,8,ok,,52.556935,20,50,0.04041208,0.0016889104279386757,0.038234,0.0401535,0.0413101,0.043202,0.047060809999999995,0.047811,791842.4391914495,791.8424391914496,40.1535,1.254796875,98980.3048989312,19280,18944,38296,sub-physical,0.0625,0.03125,Intel(R) Xeon(R) 6760P,AVX512,"avx2,avx512f,avx512bw,avx512vl,avx512_vnni,avx512_bf16,amx_bf16,amx_int8,amx_tile,fma",True,True,,256,128,sh14l07002s1404,3.11.9,2.1.2+cu121
20260424_010536,2026-04-24T06:14:22.682444,cpu,full_mlp_capacity_search_hd64_depth5,/home/liangyi/SRS_AI/Model_AIIC_refactor/experiments_refactored/20260422_050408_full_mlp_capacity_search_v2/full_mlp_capacity_search_hd64_depth5,full_mlp_capacity_search_v2,full_mlp_capacity_search_hd64_depth5,supervised_nmse_plateau,full_mlp,12,6,jit,fp32,float32,32,128,ok,,81.548184,20,50,0.11152584,0.007815488121313984,0.100345,0.1106365,0.1159722,0.12578509999999996,0.14192528,0.142625,286929.02021630143,286.9290202163014,110.6365,3.457390625,2241.632970439855,19280,18944,38296,all-physical,1.0,0.5,Intel(R) Xeon(R) 6760P,AVX512,"avx2,avx512f,avx512bw,avx512vl,avx512_vnni,avx512_bf16,amx_bf16,amx_int8,amx_tile,fma",True,True,,256,128,sh14l07002s1404,3.11.9,2.1.2+cu121
20260424_010536,2026-04-24T06:14:22.682444,cpu,full_mlp_capacity_search_hd64_depth5,/home/liangyi/SRS_AI/Model_AIIC_refactor/experiments_refactored/20260422_050408_full_mlp_capacity_search_v2/full_mlp_capacity_search_hd64_depth5,full_mlp_capacity_search_v2,full_mlp_capacity_search_hd64_depth5,supervised_nmse_plateau,full_mlp,12,6,jit,fp32,float32,64,1,ok,,52.563183,20,50,0.04334366,0.001586758855150965,0.041555,0.043150999999999995,0.043512,0.04478055,0.04965887999999999,0.053377,1476571.198648199,1476.571198648199,43.150999999999996,0.6742343749999999,1476571.198648199,19280,18944,38296,single-thread,0.0078125,0.00390625,Intel(R) Xeon(R) 6760P,AVX512,"avx2,avx512f,avx512bw,avx512vl,avx512_vnni,avx512_bf16,amx_bf16,amx_int8,amx_tile,fma",True,True,,256,128,sh14l07002s1404,3.11.9,2.1.2+cu121
20260424_010536,2026-04-24T06:14:22.682444,cpu,full_mlp_capacity_search_hd64_depth5,/home/liangyi/SRS_AI/Model_AIIC_refactor/experiments_refactored/20260422_050408_full_mlp_capacity_search_v2/full_mlp_capacity_search_hd64_depth5,full_mlp_capacity_search_v2,full_mlp_capacity_search_hd64_depth5,supervised_nmse_plateau,full_mlp,12,6,jit,fp32,float32,64,2,ok,,53.343338,20,50,0.07047292,0.002941010451120498,0.0664,0.0697975,0.074587,0.07651135,0.07744081,0.078142,908150.2511886836,908.1502511886836,69.7975,1.0905859375,454075.1255943418,19280,18944,38296,sub-physical,0.015625,0.0078125,Intel(R) Xeon(R) 6760P,AVX512,"avx2,avx512f,avx512bw,avx512vl,avx512_vnni,avx512_bf16,amx_bf16,amx_int8,amx_tile,fma",True,True,,256,128,sh14l07002s1404,3.11.9,2.1.2+cu121
20260424_010536,2026-04-24T06:14:22.682444,cpu,full_mlp_capacity_search_hd64_depth5,/home/liangyi/SRS_AI/Model_AIIC_refactor/experiments_refactored/20260422_050408_full_mlp_capacity_search_v2/full_mlp_capacity_search_hd64_depth5,full_mlp_capacity_search_v2,full_mlp_capacity_search_hd64_depth5,supervised_nmse_plateau,full_mlp,12,6,jit,fp32,float32,64,4,ok,,52.5576,20,50,0.06845696,0.002313352847794733,0.06368,0.06781799999999999,0.0716496,0.0723881,0.07458732,0.075289,934893.9830223253,934.8939830223253,67.81799999999998,1.0596562499999997,233723.49575558133,19280,18944,38296,sub-physical,0.03125,0.015625,Intel(R) Xeon(R) 6760P,AVX512,"avx2,avx512f,avx512bw,avx512vl,avx512_vnni,avx512_bf16,amx_bf16,amx_int8,amx_tile,fma",True,True,,256,128,sh14l07002s1404,3.11.9,2.1.2+cu121
20260424_010536,2026-04-24T06:14:22.682444,cpu,full_mlp_capacity_search_hd64_depth5,/home/liangyi/SRS_AI/Model_AIIC_refactor/experiments_refactored/20260422_050408_full_mlp_capacity_search_v2/full_mlp_capacity_search_hd64_depth5,full_mlp_capacity_search_v2,full_mlp_capacity_search_hd64_depth5,supervised_nmse_plateau,full_mlp,12,6,jit,fp32,float32,64,8,ok,,54.890831,20,50,0.06893772,0.002690009963104226,0.064044,0.06865299999999999,0.0732984,0.07381585,0.07454727,0.074732,928374.1905012236,928.3741905012236,68.65299999999999,1.0727031249999999,116046.77381265294,19280,18944,38296,sub-physical,0.0625,0.03125,Intel(R) Xeon(R) 6760P,AVX512,"avx2,avx512f,avx512bw,avx512vl,avx512_vnni,avx512_bf16,amx_bf16,amx_int8,amx_tile,fma",True,True,,256,128,sh14l07002s1404,3.11.9,2.1.2+cu121
20260424_010536,2026-04-24T06:14:22.682444,cpu,full_mlp_capacity_search_hd64_depth5,/home/liangyi/SRS_AI/Model_AIIC_refactor/experiments_refactored/20260422_050408_full_mlp_capacity_search_v2/full_mlp_capacity_search_hd64_depth5,full_mlp_capacity_search_v2,full_mlp_capacity_search_hd64_depth5,supervised_nmse_plateau,full_mlp,12,6,jit,fp32,float32,64,128,ok,,92.191236,20,50,0.30572632,0.01462722764906597,0.274957,0.301624,0.327246,0.3296241,0.34032229999999997,0.346413,209337.55392731642,209.3375539273164,301.624,4.712875,1635.4496400571595,19280,18944,38296,all-physical,1.0,0.5,Intel(R) Xeon(R) 6760P,AVX512,"avx2,avx512f,avx512bw,avx512vl,avx512_vnni,avx512_bf16,amx_bf16,amx_int8,amx_tile,fma",True,True,,256,128,sh14l07002s1404,3.11.9,2.1.2+cu121
20260424_010536,2026-04-24T06:14:22.682444,cpu,full_mlp_capacity_search_hd64_depth5,/home/liangyi/SRS_AI/Model_AIIC_refactor/experiments_refactored/20260422_050408_full_mlp_capacity_search_v2/full_mlp_capacity_search_hd64_depth5,full_mlp_capacity_search_v2,full_mlp_capacity_search_hd64_depth5,supervised_nmse_plateau,full_mlp,12,6,jit,fp32,float32,128,1,ok,,54.979507,20,50,0.0609223,0.0017875657666223074,0.059546,0.060053,0.0623009,0.0640607,0.06771274,0.069709,2101036.8945361553,2101.036894536155,60.053000000000004,0.46916406250000003,2101036.8945361553,19280,18944,38296,single-thread,0.0078125,0.00390625,Intel(R) Xeon(R) 6760P,AVX512,"avx2,avx512f,avx512bw,avx512vl,avx512_vnni,avx512_bf16,amx_bf16,amx_int8,amx_tile,fma",True,True,,256,128,sh14l07002s1404,3.11.9,2.1.2+cu121
20260424_010536,2026-04-24T06:14:22.682444,cpu,full_mlp_capacity_search_hd64_depth5,/home/liangyi/SRS_AI/Model_AIIC_refactor/experiments_refactored/20260422_050408_full_mlp_capacity_search_v2/full_mlp_capacity_search_hd64_depth5,full_mlp_capacity_search_v2,full_mlp_capacity_search_hd64_depth5,supervised_nmse_plateau,full_mlp,12,6,jit,fp32,float32,128,2,ok,,55.221384,20,50,0.11626854,0.0025365871182358394,0.110816,0.116313,0.1187785,0.1203386,0.12344576,0.123581,1100899.6930726059,1100.899693072606,116.313,0.9086953125,550449.8465363029,19280,18944,38296,sub-physical,0.015625,0.0078125,Intel(R) Xeon(R) 6760P,AVX512,"avx2,avx512f,avx512bw,avx512vl,avx512_vnni,avx512_bf16,amx_bf16,amx_int8,amx_tile,fma",True,True,,256,128,sh14l07002s1404,3.11.9,2.1.2+cu121
20260424_010536,2026-04-24T06:14:22.682444,cpu,full_mlp_capacity_search_hd64_depth5,/home/liangyi/SRS_AI/Model_AIIC_refactor/experiments_refactored/20260422_050408_full_mlp_capacity_search_v2/full_mlp_capacity_search_hd64_depth5,full_mlp_capacity_search_v2,full_mlp_capacity_search_hd64_depth5,supervised_nmse_plateau,full_mlp,12,6,jit,fp32,float32,128,4,ok,,55.557871,20,50,0.11669774,0.0026515426212678534,0.11272,0.116228,0.11968179999999999,0.12162465,0.12390451,0.125228,1096850.7187885558,1096.850718788556,116.228,0.90803125,274212.67969713896,19280,18944,38296,sub-physical,0.03125,0.015625,Intel(R) Xeon(R) 6760P,AVX512,"avx2,avx512f,avx512bw,avx512vl,avx512_vnni,avx512_bf16,amx_bf16,amx_int8,amx_tile,fma",True,True,,256,128,sh14l07002s1404,3.11.9,2.1.2+cu121
20260424_010536,2026-04-24T06:14:22.682444,cpu,full_mlp_capacity_search_hd64_depth5,/home/liangyi/SRS_AI/Model_AIIC_refactor/experiments_refactored/20260422_050408_full_mlp_capacity_search_v2/full_mlp_capacity_search_hd64_depth5,full_mlp_capacity_search_v2,full_mlp_capacity_search_hd64_depth5,supervised_nmse_plateau,full_mlp,12,6,jit,fp32,float32,128,8,ok,,55.824709,20,50,0.08999208,0.0032694097194447807,0.086337,0.08899699999999999,0.09471320000000001,0.09574869999999999,0.10139853,0.102429,1422347.3887924359,1422.3473887924358,88.99699999999999,0.6952890624999999,177793.42359905448,19280,18944,38296,sub-physical,0.0625,0.03125,Intel(R) Xeon(R) 6760P,AVX512,"avx2,avx512f,avx512bw,avx512vl,avx512_vnni,avx512_bf16,amx_bf16,amx_int8,amx_tile,fma",True,True,,256,128,sh14l07002s1404,3.11.9,2.1.2+cu121
20260424_010536,2026-04-24T06:14:22.682444,cpu,full_mlp_capacity_search_hd64_depth5,/home/liangyi/SRS_AI/Model_AIIC_refactor/experiments_refactored/20260422_050408_full_mlp_capacity_search_v2/full_mlp_capacity_search_hd64_depth5,full_mlp_capacity_search_v2,full_mlp_capacity_search_hd64_depth5,supervised_nmse_plateau,full_mlp,12,6,jit,fp32,float32,128,128,ok,,85.841828,20,50,0.50344002,0.061008937041876085,0.462436,0.49202,0.5175540000000001,0.534018,0.7309165499999992,0.913689,254250.74470639025,254.25074470639026,492.02000000000004,3.8439062500000003,1986.3339430186738,19280,18944,38296,all-physical,1.0,0.5,Intel(R) Xeon(R) 6760P,AVX512,"avx2,avx512f,avx512bw,avx512vl,avx512_vnni,avx512_bf16,amx_bf16,amx_int8,amx_tile,fma",True,True,,256,128,sh14l07002s1404,3.11.9,2.1.2+cu121
20260424_010536,2026-04-24T06:14:22.682444,cpu,full_mlp_capacity_search_hd64_depth5,/home/liangyi/SRS_AI/Model_AIIC_refactor/experiments_refactored/20260422_050408_full_mlp_capacity_search_v2/full_mlp_capacity_search_hd64_depth5,full_mlp_capacity_search_v2,full_mlp_capacity_search_hd64_depth5,supervised_nmse_plateau,full_mlp,12,6,jit,bf16,bfloat16,1,1,ok,,54.317874,20,50,0.0368895,0.0016999011647739993,0.034768,0.0366085,0.0381079,0.0398831,0.04330185999999999,0.045598,27107.984656880686,27.107984656880685,36.6085,36.6085,27107.984656880686,19280,18944,38296,single-thread,0.0078125,0.00390625,Intel(R) Xeon(R) 6760P,AVX512,"avx2,avx512f,avx512bw,avx512vl,avx512_vnni,avx512_bf16,amx_bf16,amx_int8,amx_tile,fma",True,True,,256,128,sh14l07002s1404,3.11.9,2.1.2+cu121
20260424_010536,2026-04-24T06:14:22.682444,cpu,full_mlp_capacity_search_hd64_depth5,/home/liangyi/SRS_AI/Model_AIIC_refactor/experiments_refactored/20260422_050408_full_mlp_capacity_search_v2/full_mlp_capacity_search_hd64_depth5,full_mlp_capacity_search_v2,full_mlp_capacity_search_hd64_depth5,supervised_nmse_plateau,full_mlp,12,6,jit,bf16,bfloat16,1,2,ok,,54.660442,20,50,0.0392497,0.0015240509604340666,0.037898,0.0388,0.0408634,0.04219895,0.045229979999999996,0.045523,25477.901741924143,25.477901741924143,38.800000000000004,38.800000000000004,12738.950870962071,19280,18944,38296,sub-physical,0.015625,0.0078125,Intel(R) Xeon(R) 6760P,AVX512,"avx2,avx512f,avx512bw,avx512vl,avx512_vnni,avx512_bf16,amx_bf16,amx_int8,amx_tile,fma",True,True,,256,128,sh14l07002s1404,3.11.9,2.1.2+cu121
20260424_010536,2026-04-24T06:14:22.682444,cpu,full_mlp_capacity_search_hd64_depth5,/home/liangyi/SRS_AI/Model_AIIC_refactor/experiments_refactored/20260422_050408_full_mlp_capacity_search_v2/full_mlp_capacity_search_hd64_depth5,full_mlp_capacity_search_v2,full_mlp_capacity_search_hd64_depth5,supervised_nmse_plateau,full_mlp,12,6,jit,bf16,bfloat16,1,4,ok,,54.332563,20,50,0.0398402,0.0015855704084019732,0.036822,0.0394625,0.0409838,0.04296475,0.045822659999999994,0.046296,25100.2756010261,25.1002756010261,39.4625,39.4625,6275.068900256525,19280,18944,38296,sub-physical,0.03125,0.015625,Intel(R) Xeon(R) 6760P,AVX512,"avx2,avx512f,avx512bw,avx512vl,avx512_vnni,avx512_bf16,amx_bf16,amx_int8,amx_tile,fma",True,True,,256,128,sh14l07002s1404,3.11.9,2.1.2+cu121
20260424_010536,2026-04-24T06:14:22.682444,cpu,full_mlp_capacity_search_hd64_depth5,/home/liangyi/SRS_AI/Model_AIIC_refactor/experiments_refactored/20260422_050408_full_mlp_capacity_search_v2/full_mlp_capacity_search_hd64_depth5,full_mlp_capacity_search_v2,full_mlp_capacity_search_hd64_depth5,supervised_nmse_plateau,full_mlp,12,6,jit,bf16,bfloat16,1,8,ok,,55.138395,20,50,0.03983892,0.0016345371802439976,0.037794,0.039474,0.04152840000000001,0.0430876,0.04580697999999999,0.047227,25101.082057445336,25.101082057445335,39.474000000000004,39.474000000000004,3137.635257180667,19280,18944,38296,sub-physical,0.0625,0.03125,Intel(R) Xeon(R) 6760P,AVX512,"avx2,avx512f,avx512bw,avx512vl,avx512_vnni,avx512_bf16,amx_bf16,amx_int8,amx_tile,fma",True,True,,256,128,sh14l07002s1404,3.11.9,2.1.2+cu121
20260424_010536,2026-04-24T06:14:22.682444,cpu,full_mlp_capacity_search_hd64_depth5,/home/liangyi/SRS_AI/Model_AIIC_refactor/experiments_refactored/20260422_050408_full_mlp_capacity_search_v2/full_mlp_capacity_search_hd64_depth5,full_mlp_capacity_search_v2,full_mlp_capacity_search_hd64_depth5,supervised_nmse_plateau,full_mlp,12,6,jit,bf16,bfloat16,1,128,ok,,94.603448,20,50,0.11264658,0.012643493182012636,0.095854,0.11113,0.12058870000000001,0.13874749999999997,0.15714253999999994,0.172653,8877.32232971476,8.87732232971476,111.13000000000001,111.13000000000001,69.35408070089656,19280,18944,38296,all-physical,1.0,0.5,Intel(R) Xeon(R) 6760P,AVX512,"avx2,avx512f,avx512bw,avx512vl,avx512_vnni,avx512_bf16,amx_bf16,amx_int8,amx_tile,fma",True,True,,256,128,sh14l07002s1404,3.11.9,2.1.2+cu121
20260424_010536,2026-04-24T06:14:22.682444,cpu,full_mlp_capacity_search_hd64_depth5,/home/liangyi/SRS_AI/Model_AIIC_refactor/experiments_refactored/20260422_050408_full_mlp_capacity_search_v2/full_mlp_capacity_search_hd64_depth5,full_mlp_capacity_search_v2,full_mlp_capacity_search_hd64_depth5,supervised_nmse_plateau,full_mlp,12,6,jit,bf16,bfloat16,2,1,ok,,55.311123,20,50,0.0551288,0.0021380522725134667,0.051852,0.054406,0.057985999999999996,0.059304,0.06115672,0.062466,36278.67829519235,36.27867829519235,54.406000000000006,27.203000000000003,36278.67829519235,19280,18944,38296,single-thread,0.0078125,0.00390625,Intel(R) Xeon(R) 6760P,AVX512,"avx2,avx512f,avx512bw,avx512vl,avx512_vnni,avx512_bf16,amx_bf16,amx_int8,amx_tile,fma",True,True,,256,128,sh14l07002s1404,3.11.9,2.1.2+cu121
20260424_010536,2026-04-24T06:14:22.682444,cpu,full_mlp_capacity_search_hd64_depth5,/home/liangyi/SRS_AI/Model_AIIC_refactor/experiments_refactored/20260422_050408_full_mlp_capacity_search_v2/full_mlp_capacity_search_hd64_depth5,full_mlp_capacity_search_v2,full_mlp_capacity_search_hd64_depth5,supervised_nmse_plateau,full_mlp,12,6,jit,bf16,bfloat16,2,2,ok,,54.593885,20,50,0.0609507,0.0024076502922974505,0.057259,0.060127,0.063846,0.06534709999999999,0.06826929999999999,0.068872,32813.40493218289,32.81340493218289,60.127,30.0635,16406.702466091447,19280,18944,38296,sub-physical,0.015625,0.0078125,Intel(R) Xeon(R) 6760P,AVX512,"avx2,avx512f,avx512bw,avx512vl,avx512_vnni,avx512_bf16,amx_bf16,amx_int8,amx_tile,fma",True,True,,256,128,sh14l07002s1404,3.11.9,2.1.2+cu121
20260424_010536,2026-04-24T06:14:22.682444,cpu,full_mlp_capacity_search_hd64_depth5,/home/liangyi/SRS_AI/Model_AIIC_refactor/experiments_refactored/20260422_050408_full_mlp_capacity_search_v2/full_mlp_capacity_search_hd64_depth5,full_mlp_capacity_search_v2,full_mlp_capacity_search_hd64_depth5,supervised_nmse_plateau,full_mlp,12,6,jit,bf16,bfloat16,2,4,ok,,55.313119,20,50,0.05839918,0.0024512992611266378,0.055575,0.057568999999999995,0.062403799999999995,0.06285495,0.06490502,0.065592,34247.05620866594,34.24705620866594,57.568999999999996,28.784499999999998,8561.764052166485,19280,18944,38296,sub-physical,0.03125,0.015625,Intel(R) Xeon(R) 6760P,AVX512,"avx2,avx512f,avx512bw,avx512vl,avx512_vnni,avx512_bf16,amx_bf16,amx_int8,amx_tile,fma",True,True,,256,128,sh14l07002s1404,3.11.9,2.1.2+cu121
20260424_010536,2026-04-24T06:14:22.682444,cpu,full_mlp_capacity_search_hd64_depth5,/home/liangyi/SRS_AI/Model_AIIC_refactor/experiments_refactored/20260422_050408_full_mlp_capacity_search_v2/full_mlp_capacity_search_hd64_depth5,full_mlp_capacity_search_v2,full_mlp_capacity_search_hd64_depth5,supervised_nmse_plateau,full_mlp,12,6,jit,bf16,bfloat16,2,8,ok,,54.061462,20,50,0.05930362,0.0018769103216722957,0.05657,0.05884,0.0619521,0.06250225,0.06557004,0.066062,33724.75407066213,33.72475407066213,58.84,29.42,4215.594258832766,19280,18944,38296,sub-physical,0.0625,0.03125,Intel(R) Xeon(R) 6760P,AVX512,"avx2,avx512f,avx512bw,avx512vl,avx512_vnni,avx512_bf16,amx_bf16,amx_int8,amx_tile,fma",True,True,,256,128,sh14l07002s1404,3.11.9,2.1.2+cu121
20260424_010536,2026-04-24T06:14:22.682444,cpu,full_mlp_capacity_search_hd64_depth5,/home/liangyi/SRS_AI/Model_AIIC_refactor/experiments_refactored/20260422_050408_full_mlp_capacity_search_v2/full_mlp_capacity_search_hd64_depth5,full_mlp_capacity_search_v2,full_mlp_capacity_search_hd64_depth5,supervised_nmse_plateau,full_mlp,12,6,jit,bf16,bfloat16,2,128,ok,,90.298421,20,50,0.12975884,0.011638507473658294,0.113267,0.128104,0.137963,0.15036259999999999,0.17146830999999998,0.17631,15413.208071218889,15.41320807121889,128.10399999999998,64.05199999999999,120.41568805639757,19280,18944,38296,all-physical,1.0,0.5,Intel(R) Xeon(R) 6760P,AVX512,"avx2,avx512f,avx512bw,avx512vl,avx512_vnni,avx512_bf16,amx_bf16,amx_int8,amx_tile,fma",True,True,,256,128,sh14l07002s1404,3.11.9,2.1.2+cu121
20260424_010536,2026-04-24T06:14:22.682444,cpu,full_mlp_capacity_search_hd64_depth5,/home/liangyi/SRS_AI/Model_AIIC_refactor/experiments_refactored/20260422_050408_full_mlp_capacity_search_v2/full_mlp_capacity_search_hd64_depth5,full_mlp_capacity_search_v2,full_mlp_capacity_search_hd64_depth5,supervised_nmse_plateau,full_mlp,12,6,jit,bf16,bfloat16,4,1,ok,,53.594903,20,50,0.06818372,0.0034029437435255964,0.06365,0.06625149999999999,0.0719915,0.07289115,0.07583219,0.076944,58665.0303034214,58.6650303034214,66.2515,16.562875,58665.0303034214,19280,18944,38296,single-thread,0.0078125,0.00390625,Intel(R) Xeon(R) 6760P,AVX512,"avx2,avx512f,avx512bw,avx512vl,avx512_vnni,avx512_bf16,amx_bf16,amx_int8,amx_tile,fma",True,True,,256,128,sh14l07002s1404,3.11.9,2.1.2+cu121
20260424_010536,2026-04-24T06:14:22.682444,cpu,full_mlp_capacity_search_hd64_depth5,/home/liangyi/SRS_AI/Model_AIIC_refactor/experiments_refactored/20260422_050408_full_mlp_capacity_search_v2/full_mlp_capacity_search_hd64_depth5,full_mlp_capacity_search_v2,full_mlp_capacity_search_hd64_depth5,supervised_nmse_plateau,full_mlp,12,6,jit,bf16,bfloat16,4,2,ok,,55.227695,20,50,0.0688629,0.0035607338077986122,0.063318,0.06748799999999999,0.0737872,0.07430135,0.07996721999999999,0.083212,58086.42970307669,58.08642970307669,67.488,16.872,29043.214851538345,19280,18944,38296,sub-physical,0.015625,0.0078125,Intel(R) Xeon(R) 6760P,AVX512,"avx2,avx512f,avx512bw,avx512vl,avx512_vnni,avx512_bf16,amx_bf16,amx_int8,amx_tile,fma",True,True,,256,128,sh14l07002s1404,3.11.9,2.1.2+cu121
20260424_010536,2026-04-24T06:14:22.682444,cpu,full_mlp_capacity_search_hd64_depth5,/home/liangyi/SRS_AI/Model_AIIC_refactor/experiments_refactored/20260422_050408_full_mlp_capacity_search_v2/full_mlp_capacity_search_hd64_depth5,full_mlp_capacity_search_v2,full_mlp_capacity_search_hd64_depth5,supervised_nmse_plateau,full_mlp,12,6,jit,bf16,bfloat16,4,4,ok,,55.602959,20,50,0.07170006,0.004308082763411121,0.066816,0.070182,0.07637240000000001,0.08118199999999999,0.0851312,0.086317,55787.95889431613,55.78795889431613,70.18199999999999,17.545499999999997,13946.989723579032,19280,18944,38296,sub-physical,0.03125,0.015625,Intel(R) Xeon(R) 6760P,AVX512,"avx2,avx512f,avx512bw,avx512vl,avx512_vnni,avx512_bf16,amx_bf16,amx_int8,amx_tile,fma",True,True,,256,128,sh14l07002s1404,3.11.9,2.1.2+cu121
20260424_010536,2026-04-24T06:14:22.682444,cpu,full_mlp_capacity_search_hd64_depth5,/home/liangyi/SRS_AI/Model_AIIC_refactor/experiments_refactored/20260422_050408_full_mlp_capacity_search_v2/full_mlp_capacity_search_hd64_depth5,full_mlp_capacity_search_v2,full_mlp_capacity_search_hd64_depth5,supervised_nmse_plateau,full_mlp,12,6,jit,bf16,bfloat16,4,8,ok,,55.3257,20,50,0.0687538,0.0037648062739004257,0.064166,0.067648,0.0748659,0.07542095,0.08217647,0.084037,58178.60249178955,58.17860249178955,67.648,16.912,7272.325311473694,19280,18944,38296,sub-physical,0.0625,0.03125,Intel(R) Xeon(R) 6760P,AVX512,"avx2,avx512f,avx512bw,avx512vl,avx512_vnni,avx512_bf16,amx_bf16,amx_int8,amx_tile,fma",True,True,,256,128,sh14l07002s1404,3.11.9,2.1.2+cu121
20260424_010536,2026-04-24T06:14:22.682444,cpu,full_mlp_capacity_search_hd64_depth5,/home/liangyi/SRS_AI/Model_AIIC_refactor/experiments_refactored/20260422_050408_full_mlp_capacity_search_v2/full_mlp_capacity_search_hd64_depth5,full_mlp_capacity_search_v2,full_mlp_capacity_search_hd64_depth5,supervised_nmse_plateau,full_mlp,12,6,jit,bf16,bfloat16,4,128,ok,,93.921357,20,50,0.16073328,0.013254699470059668,0.146774,0.1560235,0.17482319999999998,0.1901473,0.2042887,0.204813,24885.947701683184,24.885947701683186,156.0235,39.005875,194.42146641939988,19280,18944,38296,all-physical,1.0,0.5,Intel(R) Xeon(R) 6760P,AVX512,"avx2,avx512f,avx512bw,avx512vl,avx512_vnni,avx512_bf16,amx_bf16,amx_int8,amx_tile,fma",True,True,,256,128,sh14l07002s1404,3.11.9,2.1.2+cu121
20260424_010536,2026-04-24T06:14:22.682444,cpu,full_mlp_capacity_search_hd64_depth5,/home/liangyi/SRS_AI/Model_AIIC_refactor/experiments_refactored/20260422_050408_full_mlp_capacity_search_v2/full_mlp_capacity_search_hd64_depth5,full_mlp_capacity_search_v2,full_mlp_capacity_search_hd64_depth5,supervised_nmse_plateau,full_mlp,12,6,jit,bf16,bfloat16,8,1,ok,,53.342988,20,50,0.06808436,0.005559370646970753,0.063152,0.06672249999999999,0.0794784,0.0806891,0.08146161,0.081467,117501.2881078709,117.5012881078709,66.7225,8.3403125,117501.2881078709,19280,18944,38296,single-thread,0.0078125,0.00390625,Intel(R) Xeon(R) 6760P,AVX512,"avx2,avx512f,avx512bw,avx512vl,avx512_vnni,avx512_bf16,amx_bf16,amx_int8,amx_tile,fma",True,True,,256,128,sh14l07002s1404,3.11.9,2.1.2+cu121
20260424_010536,2026-04-24T06:14:22.682444,cpu,full_mlp_capacity_search_hd64_depth5,/home/liangyi/SRS_AI/Model_AIIC_refactor/experiments_refactored/20260422_050408_full_mlp_capacity_search_v2/full_mlp_capacity_search_hd64_depth5,full_mlp_capacity_search_v2,full_mlp_capacity_search_hd64_depth5,supervised_nmse_plateau,full_mlp,12,6,jit,bf16,bfloat16,8,2,ok,,55.623726,20,50,0.07232322,0.004836966356260916,0.066037,0.07107050000000001,0.08028030000000001,0.08155965,0.08578593,0.088159,110614.54398739438,110.61454398739438,71.07050000000001,8.883812500000001,55307.27199369719,19280,18944,38296,sub-physical,0.015625,0.0078125,Intel(R) Xeon(R) 6760P,AVX512,"avx2,avx512f,avx512bw,avx512vl,avx512_vnni,avx512_bf16,amx_bf16,amx_int8,amx_tile,fma",True,True,,256,128,sh14l07002s1404,3.11.9,2.1.2+cu121
20260424_010536,2026-04-24T06:14:22.682444,cpu,full_mlp_capacity_search_hd64_depth5,/home/liangyi/SRS_AI/Model_AIIC_refactor/experiments_refactored/20260422_050408_full_mlp_capacity_search_v2/full_mlp_capacity_search_hd64_depth5,full_mlp_capacity_search_v2,full_mlp_capacity_search_hd64_depth5,supervised_nmse_plateau,full_mlp,12,6,jit,bf16,bfloat16,8,4,ok,,55.483509,20,50,0.07109574,0.004805629693640574,0.065546,0.0696595,0.0782665,0.08177525,0.08518503999999999,0.087,112524.32283565793,112.52432283565794,69.6595,8.7074375,28131.080708914484,19280,18944,38296,sub-physical,0.03125,0.015625,Intel(R) Xeon(R) 6760P,AVX512,"avx2,avx512f,avx512bw,avx512vl,avx512_vnni,avx512_bf16,amx_bf16,amx_int8,amx_tile,fma",True,True,,256,128,sh14l07002s1404,3.11.9,2.1.2+cu121
20260424_010536,2026-04-24T06:14:22.682444,cpu,full_mlp_capacity_search_hd64_depth5,/home/liangyi/SRS_AI/Model_AIIC_refactor/experiments_refactored/20260422_050408_full_mlp_capacity_search_v2/full_mlp_capacity_search_hd64_depth5,full_mlp_capacity_search_v2,full_mlp_capacity_search_hd64_depth5,supervised_nmse_plateau,full_mlp,12,6,jit,bf16,bfloat16,8,8,ok,,54.919525,20,50,0.07419662,0.0048879320203538005,0.067055,0.073148,0.0827676,0.08338675,0.08456329,0.084994,107821.62314132368,107.82162314132368,73.14800000000001,9.143500000000001,13477.70289266546,19280,18944,38296,sub-physical,0.0625,0.03125,Intel(R) Xeon(R) 6760P,AVX512,"avx2,avx512f,avx512bw,avx512vl,avx512_vnni,avx512_bf16,amx_bf16,amx_int8,amx_tile,fma",True,True,,256,128,sh14l07002s1404,3.11.9,2.1.2+cu121
20260424_010536,2026-04-24T06:14:22.682444,cpu,full_mlp_capacity_search_hd64_depth5,/home/liangyi/SRS_AI/Model_AIIC_refactor/experiments_refactored/20260422_050408_full_mlp_capacity_search_v2/full_mlp_capacity_search_hd64_depth5,full_mlp_capacity_search_v2,full_mlp_capacity_search_hd64_depth5,supervised_nmse_plateau,full_mlp,12,6,jit,bf16,bfloat16,8,128,ok,,113.907994,20,50,0.1817179,0.0173904901681925,0.161796,0.17557050000000002,0.2171528,0.2204914,0.23465155999999998,0.238697,44024.28159251236,44.02428159251236,175.5705,21.9463125,343.9396999415028,19280,18944,38296,all-physical,1.0,0.5,Intel(R) Xeon(R) 6760P,AVX512,"avx2,avx512f,avx512bw,avx512vl,avx512_vnni,avx512_bf16,amx_bf16,amx_int8,amx_tile,fma",True,True,,256,128,sh14l07002s1404,3.11.9,2.1.2+cu121
20260424_010536,2026-04-24T06:14:22.682444,cpu,full_mlp_capacity_search_hd64_depth5,/home/liangyi/SRS_AI/Model_AIIC_refactor/experiments_refactored/20260422_050408_full_mlp_capacity_search_v2/full_mlp_capacity_search_hd64_depth5,full_mlp_capacity_search_v2,full_mlp_capacity_search_hd64_depth5,supervised_nmse_plateau,full_mlp,12,6,jit,bf16,bfloat16,16,1,ok,,54.953719,20,50,0.0728484,0.0060682522854607806,0.06705,0.07036300000000001,0.0834287,0.08368265,0.08708216999999999,0.089957,219634.19924116388,219.63419924116388,70.36300000000001,4.397687500000001,219634.19924116388,19280,18944,38296,single-thread,0.0078125,0.00390625,Intel(R) Xeon(R) 6760P,AVX512,"avx2,avx512f,avx512bw,avx512vl,avx512_vnni,avx512_bf16,amx_bf16,amx_int8,amx_tile,fma",True,True,,256,128,sh14l07002s1404,3.11.9,2.1.2+cu121
20260424_010536,2026-04-24T06:14:22.682444,cpu,full_mlp_capacity_search_hd64_depth5,/home/liangyi/SRS_AI/Model_AIIC_refactor/experiments_refactored/20260422_050408_full_mlp_capacity_search_v2/full_mlp_capacity_search_hd64_depth5,full_mlp_capacity_search_v2,full_mlp_capacity_search_hd64_depth5,supervised_nmse_plateau,full_mlp,12,6,jit,bf16,bfloat16,16,2,ok,,55.950703,20,50,0.07669534,0.006039891004347678,0.070041,0.074355,0.08527599999999999,0.0882892,0.09110712,0.091799,208617.62918059947,208.61762918059947,74.355,4.6471875,104308.81459029973,19280,18944,38296,sub-physical,0.015625,0.0078125,Intel(R) Xeon(R) 6760P,AVX512,"avx2,avx512f,avx512bw,avx512vl,avx512_vnni,avx512_bf16,amx_bf16,amx_int8,amx_tile,fma",True,True,,256,128,sh14l07002s1404,3.11.9,2.1.2+cu121
20260424_010536,2026-04-24T06:14:22.682444,cpu,full_mlp_capacity_search_hd64_depth5,/home/liangyi/SRS_AI/Model_AIIC_refactor/experiments_refactored/20260422_050408_full_mlp_capacity_search_v2/full_mlp_capacity_search_hd64_depth5,full_mlp_capacity_search_v2,full_mlp_capacity_search_hd64_depth5,supervised_nmse_plateau,full_mlp,12,6,jit,bf16,bfloat16,16,4,ok,,54.246197,20,50,0.08218566,0.006066112078127143,0.073224,0.080459,0.0899921,0.09217335,0.09473807999999999,0.096555,194681.16457299245,194.68116457299246,80.459,5.0286875,48670.29114324811,19280,18944,38296,sub-physical,0.03125,0.015625,Intel(R) Xeon(R) 6760P,AVX512,"avx2,avx512f,avx512bw,avx512vl,avx512_vnni,avx512_bf16,amx_bf16,amx_int8,amx_tile,fma",True,True,,256,128,sh14l07002s1404,3.11.9,2.1.2+cu121
20260424_010536,2026-04-24T06:14:22.682444,cpu,full_mlp_capacity_search_hd64_depth5,/home/liangyi/SRS_AI/Model_AIIC_refactor/experiments_refactored/20260422_050408_full_mlp_capacity_search_v2/full_mlp_capacity_search_hd64_depth5,full_mlp_capacity_search_v2,full_mlp_capacity_search_hd64_depth5,supervised_nmse_plateau,full_mlp,12,6,jit,bf16,bfloat16,16,8,ok,,54.662212,20,50,0.08024944,0.0065868237327561755,0.071684,0.0787805,0.0896613,0.09138429999999999,0.09480365999999998,0.096061,199378.3383410526,199.3783383410526,78.7805,4.92378125,24922.292292631573,19280,18944,38296,sub-physical,0.0625,0.03125,Intel(R) Xeon(R) 6760P,AVX512,"avx2,avx512f,avx512bw,avx512vl,avx512_vnni,avx512_bf16,amx_bf16,amx_int8,amx_tile,fma",True,True,,256,128,sh14l07002s1404,3.11.9,2.1.2+cu121
20260424_010536,2026-04-24T06:14:22.682444,cpu,full_mlp_capacity_search_hd64_depth5,/home/liangyi/SRS_AI/Model_AIIC_refactor/experiments_refactored/20260422_050408_full_mlp_capacity_search_v2/full_mlp_capacity_search_hd64_depth5,full_mlp_capacity_search_v2,full_mlp_capacity_search_hd64_depth5,supervised_nmse_plateau,full_mlp,12,6,jit,bf16,bfloat16,16,128,ok,,93.672148,20,50,0.15217816,0.0097367052771664,0.136034,0.15166200000000002,0.1651129,0.1680273,0.17796118999999996,0.184463,105139.92283781062,105.13992283781062,151.662,9.478875,821.4056471703955,19280,18944,38296,all-physical,1.0,0.5,Intel(R) Xeon(R) 6760P,AVX512,"avx2,avx512f,avx512bw,avx512vl,avx512_vnni,avx512_bf16,amx_bf16,amx_int8,amx_tile,fma",True,True,,256,128,sh14l07002s1404,3.11.9,2.1.2+cu121
20260424_010536,2026-04-24T06:14:22.682444,cpu,full_mlp_capacity_search_hd64_depth5,/home/liangyi/SRS_AI/Model_AIIC_refactor/experiments_refactored/20260422_050408_full_mlp_capacity_search_v2/full_mlp_capacity_search_hd64_depth5,full_mlp_capacity_search_v2,full_mlp_capacity_search_hd64_depth5,supervised_nmse_plateau,full_mlp,12,6,jit,bf16,bfloat16,32,1,ok,,55.481016,20,50,0.07955102,0.005301789488427469,0.074568,0.0774155,0.0892564,0.09117784999999999,0.09469353,0.096753,402257.5700474991,402.2575700474991,77.4155,2.419234375,402257.5700474991,19280,18944,38296,single-thread,0.0078125,0.00390625,Intel(R) Xeon(R) 6760P,AVX512,"avx2,avx512f,avx512bw,avx512vl,avx512_vnni,avx512_bf16,amx_bf16,amx_int8,amx_tile,fma",True,True,,256,128,sh14l07002s1404,3.11.9,2.1.2+cu121
20260424_010536,2026-04-24T06:14:22.682444,cpu,full_mlp_capacity_search_hd64_depth5,/home/liangyi/SRS_AI/Model_AIIC_refactor/experiments_refactored/20260422_050408_full_mlp_capacity_search_v2/full_mlp_capacity_search_hd64_depth5,full_mlp_capacity_search_v2,full_mlp_capacity_search_hd64_depth5,supervised_nmse_plateau,full_mlp,12,6,jit,bf16,bfloat16,32,2,ok,,55.864056,20,50,0.08873888,0.004056076294351476,0.082804,0.087694,0.0927071,0.09758009999999999,0.10259504,0.104312,360608.56301093724,360.60856301093725,87.69399999999999,2.7404374999999996,180304.28150546862,19280,18944,38296,sub-physical,0.015625,0.0078125,Intel(R) Xeon(R) 6760P,AVX512,"avx2,avx512f,avx512bw,avx512vl,avx512_vnni,avx512_bf16,amx_bf16,amx_int8,amx_tile,fma",True,True,,256,128,sh14l07002s1404,3.11.9,2.1.2+cu121
20260424_010536,2026-04-24T06:14:22.682444,cpu,full_mlp_capacity_search_hd64_depth5,/home/liangyi/SRS_AI/Model_AIIC_refactor/experiments_refactored/20260422_050408_full_mlp_capacity_search_v2/full_mlp_capacity_search_hd64_depth5,full_mlp_capacity_search_v2,full_mlp_capacity_search_hd64_depth5,supervised_nmse_plateau,full_mlp,12,6,jit,bf16,bfloat16,32,4,ok,,54.861625,20,50,0.09039574,0.00577722683580972,0.081966,0.088748,0.0993569,0.10152554999999999,0.10411548999999999,0.104997,353998.9826954235,353.9989826954235,88.74799999999999,2.7733749999999997,88499.74567385587,19280,18944,38296,sub-physical,0.03125,0.015625,Intel(R) Xeon(R) 6760P,AVX512,"avx2,avx512f,avx512bw,avx512vl,avx512_vnni,avx512_bf16,amx_bf16,amx_int8,amx_tile,fma",True,True,,256,128,sh14l07002s1404,3.11.9,2.1.2+cu121
20260424_010536,2026-04-24T06:14:22.682444,cpu,full_mlp_capacity_search_hd64_depth5,/home/liangyi/SRS_AI/Model_AIIC_refactor/experiments_refactored/20260422_050408_full_mlp_capacity_search_v2/full_mlp_capacity_search_hd64_depth5,full_mlp_capacity_search_v2,full_mlp_capacity_search_hd64_depth5,supervised_nmse_plateau,full_mlp,12,6,jit,bf16,bfloat16,32,8,ok,,55.75167,20,50,0.09105054,0.006205635877845236,0.083352,0.089279,0.1021202,0.10381855,0.10577182,0.106253,351453.1599702758,351.4531599702758,89.279,2.78996875,43931.64499628448,19280,18944,38296,sub-physical,0.0625,0.03125,Intel(R) Xeon(R) 6760P,AVX512,"avx2,avx512f,avx512bw,avx512vl,avx512_vnni,avx512_bf16,amx_bf16,amx_int8,amx_tile,fma",True,True,,256,128,sh14l07002s1404,3.11.9,2.1.2+cu121
20260424_010536,2026-04-24T06:14:22.682444,cpu,full_mlp_capacity_search_hd64_depth5,/home/liangyi/SRS_AI/Model_AIIC_refactor/experiments_refactored/20260422_050408_full_mlp_capacity_search_v2/full_mlp_capacity_search_hd64_depth5,full_mlp_capacity_search_v2,full_mlp_capacity_search_hd64_depth5,supervised_nmse_plateau,full_mlp,12,6,jit,bf16,bfloat16,32,128,ok,,111.078465,20,50,0.20882696,0.014080975013059289,0.184312,0.2042175,0.2303488,0.23666805,0.24484497,0.249425,153236.9192177102,153.2369192177102,204.2175,6.381796875,1197.163431388361,19280,18944,38296,all-physical,1.0,0.5,Intel(R) Xeon(R) 6760P,AVX512,"avx2,avx512f,avx512bw,avx512vl,avx512_vnni,avx512_bf16,amx_bf16,amx_int8,amx_tile,fma",True,True,,256,128,sh14l07002s1404,3.11.9,2.1.2+cu121
20260424_010536,2026-04-24T06:14:22.682444,cpu,full_mlp_capacity_search_hd64_depth5,/home/liangyi/SRS_AI/Model_AIIC_refactor/experiments_refactored/20260422_050408_full_mlp_capacity_search_v2/full_mlp_capacity_search_hd64_depth5,full_mlp_capacity_search_v2,full_mlp_capacity_search_hd64_depth5,supervised_nmse_plateau,full_mlp,12,6,jit,bf16,bfloat16,64,1,ok,,56.338831,20,50,0.09084464,0.005420416924038224,0.085601,0.089228,0.1014628,0.10350469999999999,0.10595348,0.106222,704499.4619385359,704.4994619385359,89.22800000000001,1.3941875000000001,704499.4619385359,19280,18944,38296,single-thread,0.0078125,0.00390625,Intel(R) Xeon(R) 6760P,AVX512,"avx2,avx512f,avx512bw,avx512vl,avx512_vnni,avx512_bf16,amx_bf16,amx_int8,amx_tile,fma",True,True,,256,128,sh14l07002s1404,3.11.9,2.1.2+cu121
20260424_010536,2026-04-24T06:14:22.682444,cpu,full_mlp_capacity_search_hd64_depth5,/home/liangyi/SRS_AI/Model_AIIC_refactor/experiments_refactored/20260422_050408_full_mlp_capacity_search_v2/full_mlp_capacity_search_hd64_depth5,full_mlp_capacity_search_v2,full_mlp_capacity_search_hd64_depth5,supervised_nmse_plateau,full_mlp,12,6,jit,bf16,bfloat16,64,2,ok,,55.42336,20,50,0.11980328,0.0036292483852169728,0.113865,0.119223,0.1248141,0.12699824999999998,0.1283115,0.129218,534209.0800852865,534.2090800852865,119.223,1.862859375,267104.54004264326,19280,18944,38296,sub-physical,0.015625,0.0078125,Intel(R) Xeon(R) 6760P,AVX512,"avx2,avx512f,avx512bw,avx512vl,avx512_vnni,avx512_bf16,amx_bf16,amx_int8,amx_tile,fma",True,True,,256,128,sh14l07002s1404,3.11.9,2.1.2+cu121
20260424_010536,2026-04-24T06:14:22.682444,cpu,full_mlp_capacity_search_hd64_depth5,/home/liangyi/SRS_AI/Model_AIIC_refactor/experiments_refactored/20260422_050408_full_mlp_capacity_search_v2/full_mlp_capacity_search_hd64_depth5,full_mlp_capacity_search_v2,full_mlp_capacity_search_hd64_depth5,supervised_nmse_plateau,full_mlp,12,6,jit,bf16,bfloat16,64,4,ok,,56.949018,20,50,0.12351982,0.0035811638146837133,0.116458,0.1231965,0.1287461,0.1297256,0.13134937,0.132029,518135.470080834,518.135470080834,123.1965,1.9249453125,129533.8675202085,19280,18944,38296,sub-physical,0.03125,0.015625,Intel(R) Xeon(R) 6760P,AVX512,"avx2,avx512f,avx512bw,avx512vl,avx512_vnni,avx512_bf16,amx_bf16,amx_int8,amx_tile,fma",True,True,,256,128,sh14l07002s1404,3.11.9,2.1.2+cu121
20260424_010536,2026-04-24T06:14:22.682444,cpu,full_mlp_capacity_search_hd64_depth5,/home/liangyi/SRS_AI/Model_AIIC_refactor/experiments_refactored/20260422_050408_full_mlp_capacity_search_v2/full_mlp_capacity_search_hd64_depth5,full_mlp_capacity_search_v2,full_mlp_capacity_search_hd64_depth5,supervised_nmse_plateau,full_mlp,12,6,jit,bf16,bfloat16,64,8,ok,,57.354674,20,50,0.12633482,0.0043326558999763655,0.117936,0.125365,0.131099,0.13218975,0.13938351999999998,0.144162,506590.3446096651,506.5903446096651,125.36500000000001,1.9588281250000001,63323.79307620814,19280,18944,38296,sub-physical,0.0625,0.03125,Intel(R) Xeon(R) 6760P,AVX512,"avx2,avx512f,avx512bw,avx512vl,avx512_vnni,avx512_bf16,amx_bf16,amx_int8,amx_tile,fma",True,True,,256,128,sh14l07002s1404,3.11.9,2.1.2+cu121
20260424_010536,2026-04-24T06:14:22.682444,cpu,full_mlp_capacity_search_hd64_depth5,/home/liangyi/SRS_AI/Model_AIIC_refactor/experiments_refactored/20260422_050408_full_mlp_capacity_search_v2/full_mlp_capacity_search_hd64_depth5,full_mlp_capacity_search_v2,full_mlp_capacity_search_hd64_depth5,supervised_nmse_plateau,full_mlp,12,6,jit,bf16,bfloat16,64,128,ok,,99.86521,20,50,0.4774399,0.021170202607674778,0.426877,0.4707545,0.5125306,0.51523115,0.52928362,0.53245,134048.28544912147,134.04828544912147,470.7545,7.3555390625,1047.2522300712615,19280,18944,38296,all-physical,1.0,0.5,Intel(R) Xeon(R) 6760P,AVX512,"avx2,avx512f,avx512bw,avx512vl,avx512_vnni,avx512_bf16,amx_bf16,amx_int8,amx_tile,fma",True,True,,256,128,sh14l07002s1404,3.11.9,2.1.2+cu121
20260424_010536,2026-04-24T06:14:22.682444,cpu,full_mlp_capacity_search_hd64_depth5,/home/liangyi/SRS_AI/Model_AIIC_refactor/experiments_refactored/20260422_050408_full_mlp_capacity_search_v2/full_mlp_capacity_search_hd64_depth5,full_mlp_capacity_search_v2,full_mlp_capacity_search_hd64_depth5,supervised_nmse_plateau,full_mlp,12,6,jit,bf16,bfloat16,128,1,ok,,55.544558,20,50,0.11330264,0.004253379897258178,0.108783,0.1116305,0.121582,0.12259285,0.12548956,0.125566,1129717.7188457393,1129.7177188457392,111.6305,0.87211328125,1129717.7188457393,19280,18944,38296,single-thread,0.0078125,0.00390625,Intel(R) Xeon(R) 6760P,AVX512,"avx2,avx512f,avx512bw,avx512vl,avx512_vnni,avx512_bf16,amx_bf16,amx_int8,amx_tile,fma",True,True,,256,128,sh14l07002s1404,3.11.9,2.1.2+cu121
20260424_010536,2026-04-24T06:14:22.682444,cpu,full_mlp_capacity_search_hd64_depth5,/home/liangyi/SRS_AI/Model_AIIC_refactor/experiments_refactored/20260422_050408_full_mlp_capacity_search_v2/full_mlp_capacity_search_hd64_depth5,full_mlp_capacity_search_v2,full_mlp_capacity_search_hd64_depth5,supervised_nmse_plateau,full_mlp,12,6,jit,bf16,bfloat16,128,2,ok,,57.410708,20,50,0.15922256,0.0075303318071915,0.146195,0.1578675,0.1676497,0.17266199999999998,0.18236141,0.184072,803906.1801292481,803.906180129248,157.8675,1.23333984375,401953.09006462403,19280,18944,38296,sub-physical,0.015625,0.0078125,Intel(R) Xeon(R) 6760P,AVX512,"avx2,avx512f,avx512bw,avx512vl,avx512_vnni,avx512_bf16,amx_bf16,amx_int8,amx_tile,fma",True,True,,256,128,sh14l07002s1404,3.11.9,2.1.2+cu121
20260424_010536,2026-04-24T06:14:22.682444,cpu,full_mlp_capacity_search_hd64_depth5,/home/liangyi/SRS_AI/Model_AIIC_refactor/experiments_refactored/20260422_050408_full_mlp_capacity_search_v2/full_mlp_capacity_search_hd64_depth5,full_mlp_capacity_search_v2,full_mlp_capacity_search_hd64_depth5,supervised_nmse_plateau,full_mlp,12,6,jit,bf16,bfloat16,128,4,ok,,55.695456,20,50,0.17014372,0.005750048306023176,0.157832,0.17070950000000001,0.1761126,0.17769959999999999,0.18343379999999998,0.188079,752305.1688302101,752.3051688302102,170.70950000000002,1.3336679687500002,188076.29220755253,19280,18944,38296,sub-physical,0.03125,0.015625,Intel(R) Xeon(R) 6760P,AVX512,"avx2,avx512f,avx512bw,avx512vl,avx512_vnni,avx512_bf16,amx_bf16,amx_int8,amx_tile,fma",True,True,,256,128,sh14l07002s1404,3.11.9,2.1.2+cu121
20260424_010536,2026-04-24T06:14:22.682444,cpu,full_mlp_capacity_search_hd64_depth5,/home/liangyi/SRS_AI/Model_AIIC_refactor/experiments_refactored/20260422_050408_full_mlp_capacity_search_v2/full_mlp_capacity_search_hd64_depth5,full_mlp_capacity_search_v2,full_mlp_capacity_search_hd64_depth5,supervised_nmse_plateau,full_mlp,12,6,jit,bf16,bfloat16,128,8,ok,,56.615498,20,50,0.16805958000000001,0.0049106984150525885,0.157099,0.16792400000000002,0.1742925,0.17598325,0.18008763,0.182544,761634.6536151047,761.6346536151048,167.924,1.31190625,95204.33170188809,19280,18944,38296,sub-physical,0.0625,0.03125,Intel(R) Xeon(R) 6760P,AVX512,"avx2,avx512f,avx512bw,avx512vl,avx512_vnni,avx512_bf16,amx_bf16,amx_int8,amx_tile,fma",True,True,,256,128,sh14l07002s1404,3.11.9,2.1.2+cu121
20260424_010536,2026-04-24T06:14:22.682444,cpu,full_mlp_capacity_search_hd64_depth5,/home/liangyi/SRS_AI/Model_AIIC_refactor/experiments_refactored/20260422_050408_full_mlp_capacity_search_v2/full_mlp_capacity_search_hd64_depth5,full_mlp_capacity_search_v2,full_mlp_capacity_search_hd64_depth5,supervised_nmse_plateau,full_mlp,12,6,jit,bf16,bfloat16,128,128,ok,,107.606755,20,50,0.4169516,0.011703458018893392,0.395383,0.4162865,0.43379280000000003,0.43639325,0.44465789,0.445657,306990.0679119591,306.9900679119591,416.2865,3.25223828125,2398.3599055621803,19280,18944,38296,all-physical,1.0,0.5,Intel(R) Xeon(R) 6760P,AVX512,"avx2,avx512f,avx512bw,avx512vl,avx512_vnni,avx512_bf16,amx_bf16,amx_int8,amx_tile,fma",True,True,,256,128,sh14l07002s1404,3.11.9,2.1.2+cu121
20260424_010536,2026-04-24T06:14:22.682444,cpu,full_mlp_capacity_search_hd64_depth5,/home/liangyi/SRS_AI/Model_AIIC_refactor/experiments_refactored/20260422_050408_full_mlp_capacity_search_v2/full_mlp_capacity_search_hd64_depth5,full_mlp_capacity_search_v2,full_mlp_capacity_search_hd64_depth5,supervised_nmse_plateau,full_mlp,12,6,compile,fp32,float32,1,1,ok,,502.577584,20,50,0.04496364,0.0017187598524517613,0.042369,0.0444615,0.047500600000000004,0.04875255,0.04930061,0.049355,22240.19229759868,22.240192297598682,44.4615,44.4615,22240.19229759868,19280,18944,38296,single-thread,0.0078125,0.00390625,Intel(R) Xeon(R) 6760P,AVX512,"avx2,avx512f,avx512bw,avx512vl,avx512_vnni,avx512_bf16,amx_bf16,amx_int8,amx_tile,fma",True,True,,256,128,sh14l07002s1404,3.11.9,2.1.2+cu121
20260424_010536,2026-04-24T06:14:22.682444,cpu,full_mlp_capacity_search_hd64_depth5,/home/liangyi/SRS_AI/Model_AIIC_refactor/experiments_refactored/20260422_050408_full_mlp_capacity_search_v2/full_mlp_capacity_search_hd64_depth5,full_mlp_capacity_search_v2,full_mlp_capacity_search_hd64_depth5,supervised_nmse_plateau,full_mlp,12,6,compile,fp32,float32,1,2,ok,,509.2051,20,50,0.04712258,0.0019364523034663158,0.044625,0.046671000000000004,0.0489691,0.04936055,0.05429248,0.055492,21221.248921430022,21.22124892143002,46.67100000000001,46.67100000000001,10610.624460715011,19280,18944,38296,sub-physical,0.015625,0.0078125,Intel(R) Xeon(R) 6760P,AVX512,"avx2,avx512f,avx512bw,avx512vl,avx512_vnni,avx512_bf16,amx_bf16,amx_int8,amx_tile,fma",True,True,,256,128,sh14l07002s1404,3.11.9,2.1.2+cu121
20260424_010536,2026-04-24T06:14:22.682444,cpu,full_mlp_capacity_search_hd64_depth5,/home/liangyi/SRS_AI/Model_AIIC_refactor/experiments_refactored/20260422_050408_full_mlp_capacity_search_v2/full_mlp_capacity_search_hd64_depth5,full_mlp_capacity_search_v2,full_mlp_capacity_search_hd64_depth5,supervised_nmse_plateau,full_mlp,12,6,compile,fp32,float32,1,4,ok,,517.334668,20,50,0.0469232,0.0017648709754540131,0.043875,0.046726500000000004,0.0492399,0.0503029,0.051828339999999994,0.052825,21311.419511030792,21.311419511030792,46.7265,46.7265,5327.854877757698,19280,18944,38296,sub-physical,0.03125,0.015625,Intel(R) Xeon(R) 6760P,AVX512,"avx2,avx512f,avx512bw,avx512vl,avx512_vnni,avx512_bf16,amx_bf16,amx_int8,amx_tile,fma",True,True,,256,128,sh14l07002s1404,3.11.9,2.1.2+cu121
20260424_010536,2026-04-24T06:14:22.682444,cpu,full_mlp_capacity_search_hd64_depth5,/home/liangyi/SRS_AI/Model_AIIC_refactor/experiments_refactored/20260422_050408_full_mlp_capacity_search_v2/full_mlp_capacity_search_hd64_depth5,full_mlp_capacity_search_v2,full_mlp_capacity_search_hd64_depth5,supervised_nmse_plateau,full_mlp,12,6,compile,fp32,float32,1,8,ok,,543.364159,20,50,0.04464466,0.0017129297663360278,0.04217,0.0441295,0.0462484,0.04687715,0.05039854999999999,0.05241,22399.095434929957,22.399095434929958,44.1295,44.1295,2799.8869293662447,19280,18944,38296,sub-physical,0.0625,0.03125,Intel(R) Xeon(R) 6760P,AVX512,"avx2,avx512f,avx512bw,avx512vl,avx512_vnni,avx512_bf16,amx_bf16,amx_int8,amx_tile,fma",True,True,,256,128,sh14l07002s1404,3.11.9,2.1.2+cu121
20260424_010536,2026-04-24T06:14:22.682444,cpu,full_mlp_capacity_search_hd64_depth5,/home/liangyi/SRS_AI/Model_AIIC_refactor/experiments_refactored/20260422_050408_full_mlp_capacity_search_v2/full_mlp_capacity_search_hd64_depth5,full_mlp_capacity_search_v2,full_mlp_capacity_search_hd64_depth5,supervised_nmse_plateau,full_mlp,12,6,compile,fp32,float32,1,128,ok,,697.112449,20,50,0.0443836,0.0016083219826887902,0.041892,0.044164,0.046574300000000006,0.04691355,0.049234,0.049577,22530.844726430485,22.530844726430484,44.164,44.164,176.02222442523816,19280,18944,38296,all-physical,1.0,0.5,Intel(R) Xeon(R) 6760P,AVX512,"avx2,avx512f,avx512bw,avx512vl,avx512_vnni,avx512_bf16,amx_bf16,amx_int8,amx_tile,fma",True,True,,256,128,sh14l07002s1404,3.11.9,2.1.2+cu121
20260424_010536,2026-04-24T06:14:22.682444,cpu,full_mlp_capacity_search_hd64_depth5,/home/liangyi/SRS_AI/Model_AIIC_refactor/experiments_refactored/20260422_050408_full_mlp_capacity_search_v2/full_mlp_capacity_search_hd64_depth5,full_mlp_capacity_search_v2,full_mlp_capacity_search_hd64_depth5,supervised_nmse_plateau,full_mlp,12,6,compile,fp32,float32,2,1,ok,,500.072762,20,50,0.04775256,0.0021431443176790493,0.04508,0.0472765,0.0497042,0.0515828,0.05530276,0.055389,41882.57132183071,41.8825713218307,47.2765,23.63825,41882.57132183071,19280,18944,38296,single-thread,0.0078125,0.00390625,Intel(R) Xeon(R) 6760P,AVX512,"avx2,avx512f,avx512bw,avx512vl,avx512_vnni,avx512_bf16,amx_bf16,amx_int8,amx_tile,fma",True,True,,256,128,sh14l07002s1404,3.11.9,2.1.2+cu121
20260424_010536,2026-04-24T06:14:22.682444,cpu,full_mlp_capacity_search_hd64_depth5,/home/liangyi/SRS_AI/Model_AIIC_refactor/experiments_refactored/20260422_050408_full_mlp_capacity_search_v2/full_mlp_capacity_search_hd64_depth5,full_mlp_capacity_search_v2,full_mlp_capacity_search_hd64_depth5,supervised_nmse_plateau,full_mlp,12,6,compile,fp32,float32,2,2,ok,,511.616183,20,50,0.0474695,0.0020826354289697462,0.044011,0.0471745,0.049425,0.051960549999999994,0.05402954,0.054889,42132.316540094165,42.132316540094166,47.1745,23.58725,21066.158270047083,19280,18944,38296,sub-physical,0.015625,0.0078125,Intel(R) Xeon(R) 6760P,AVX512,"avx2,avx512f,avx512bw,avx512vl,avx512_vnni,avx512_bf16,amx_bf16,amx_int8,amx_tile,fma",True,True,,256,128,sh14l07002s1404,3.11.9,2.1.2+cu121
20260424_010536,2026-04-24T06:14:22.682444,cpu,full_mlp_capacity_search_hd64_depth5,/home/liangyi/SRS_AI/Model_AIIC_refactor/experiments_refactored/20260422_050408_full_mlp_capacity_search_v2/full_mlp_capacity_search_hd64_depth5,full_mlp_capacity_search_v2,full_mlp_capacity_search_hd64_depth5,supervised_nmse_plateau,full_mlp,12,6,compile,fp32,float32,2,4,ok,,511.484782,20,50,0.05057084,0.0027054526376190735,0.046713,0.0503745,0.054768,0.05692385,0.05839395,0.059249,39548.48288064822,39.548482880648216,50.374500000000005,25.187250000000002,9887.120720162055,19280,18944,38296,sub-physical,0.03125,0.015625,Intel(R) Xeon(R) 6760P,AVX512,"avx2,avx512f,avx512bw,avx512vl,avx512_vnni,avx512_bf16,amx_bf16,amx_int8,amx_tile,fma",True,True,,256,128,sh14l07002s1404,3.11.9,2.1.2+cu121
20260424_010536,2026-04-24T06:14:22.682444,cpu,full_mlp_capacity_search_hd64_depth5,/home/liangyi/SRS_AI/Model_AIIC_refactor/experiments_refactored/20260422_050408_full_mlp_capacity_search_v2/full_mlp_capacity_search_hd64_depth5,full_mlp_capacity_search_v2,full_mlp_capacity_search_hd64_depth5,supervised_nmse_plateau,full_mlp,12,6,compile,fp32,float32,2,8,ok,,549.771317,20,50,0.04985164,0.0026026513847228943,0.047149,0.049052,0.052449800000000005,0.055489949999999996,0.058349689999999996,0.059633,40119.041219105326,40.11904121910533,49.052,24.526,5014.880152388166,19280,18944,38296,sub-physical,0.0625,0.03125,Intel(R) Xeon(R) 6760P,AVX512,"avx2,avx512f,avx512bw,avx512vl,avx512_vnni,avx512_bf16,amx_bf16,amx_int8,amx_tile,fma",True,True,,256,128,sh14l07002s1404,3.11.9,2.1.2+cu121
20260424_010536,2026-04-24T06:14:22.682444,cpu,full_mlp_capacity_search_hd64_depth5,/home/liangyi/SRS_AI/Model_AIIC_refactor/experiments_refactored/20260422_050408_full_mlp_capacity_search_v2/full_mlp_capacity_search_hd64_depth5,full_mlp_capacity_search_v2,full_mlp_capacity_search_hd64_depth5,supervised_nmse_plateau,full_mlp,12,6,compile,fp32,float32,2,128,ok,,816.375288,20,50,0.04846926,0.002533319204600952,0.045325,0.0480425,0.0522564,0.05342234999999999,0.05611123999999999,0.058034,41263.26665602074,41.26326665602075,48.042500000000004,24.021250000000002,322.36927075016206,19280,18944,38296,all-physical,1.0,0.5,Intel(R) Xeon(R) 6760P,AVX512,"avx2,avx512f,avx512bw,avx512vl,avx512_vnni,avx512_bf16,amx_bf16,amx_int8,amx_tile,fma",True,True,,256,128,sh14l07002s1404,3.11.9,2.1.2+cu121
20260424_010536,2026-04-24T06:14:22.682444,cpu,full_mlp_capacity_search_hd64_depth5,/home/liangyi/SRS_AI/Model_AIIC_refactor/experiments_refactored/20260422_050408_full_mlp_capacity_search_v2/full_mlp_capacity_search_hd64_depth5,full_mlp_capacity_search_v2,full_mlp_capacity_search_hd64_depth5,supervised_nmse_plateau,full_mlp,12,6,compile,fp32,float32,4,1,ok,,500.759151,20,50,0.05104888,0.0030947471666680623,0.04699,0.050314,0.0557355,0.0578857,0.060602199999999995,0.061298,78356.27343832029,78.35627343832029,50.314,12.5785,78356.27343832029,19280,18944,38296,single-thread,0.0078125,0.00390625,Intel(R) Xeon(R) 6760P,AVX512,"avx2,avx512f,avx512bw,avx512vl,avx512_vnni,avx512_bf16,amx_bf16,amx_int8,amx_tile,fma",True,True,,256,128,sh14l07002s1404,3.11.9,2.1.2+cu121
20260424_010536,2026-04-24T06:14:22.682444,cpu,full_mlp_capacity_search_hd64_depth5,/home/liangyi/SRS_AI/Model_AIIC_refactor/experiments_refactored/20260422_050408_full_mlp_capacity_search_v2/full_mlp_capacity_search_hd64_depth5,full_mlp_capacity_search_v2,full_mlp_capacity_search_hd64_depth5,supervised_nmse_plateau,full_mlp,12,6,compile,fp32,float32,4,2,ok,,508.38396,20,50,0.04992004,0.002929276367705854,0.045642,0.0490705,0.054642,0.0552868,0.056871569999999996,0.057561,80128.14092296401,80.12814092296401,49.0705,12.267625,40064.070461482006,19280,18944,38296,sub-physical,0.015625,0.0078125,Intel(R) Xeon(R) 6760P,AVX512,"avx2,avx512f,avx512bw,avx512vl,avx512_vnni,avx512_bf16,amx_bf16,amx_int8,amx_tile,fma",True,True,,256,128,sh14l07002s1404,3.11.9,2.1.2+cu121
20260424_010536,2026-04-24T06:14:22.682444,cpu,full_mlp_capacity_search_hd64_depth5,/home/liangyi/SRS_AI/Model_AIIC_refactor/experiments_refactored/20260422_050408_full_mlp_capacity_search_v2/full_mlp_capacity_search_hd64_depth5,full_mlp_capacity_search_v2,full_mlp_capacity_search_hd64_depth5,supervised_nmse_plateau,full_mlp,12,6,compile,fp32,float32,4,4,ok,,509.74513,20,50,0.04629818,0.0016620917025242622,0.043992,0.046052499999999996,0.0477257,0.048406,0.05159592,0.051984,86396.48469983053,86.39648469983052,46.052499999999995,11.513124999999999,21599.121174957632,19280,18944,38296,sub-physical,0.03125,0.015625,Intel(R) Xeon(R) 6760P,AVX512,"avx2,avx512f,avx512bw,avx512vl,avx512_vnni,avx512_bf16,amx_bf16,amx_int8,amx_tile,fma",True,True,,256,128,sh14l07002s1404,3.11.9,2.1.2+cu121
20260424_010536,2026-04-24T06:14:22.682444,cpu,full_mlp_capacity_search_hd64_depth5,/home/liangyi/SRS_AI/Model_AIIC_refactor/experiments_refactored/20260422_050408_full_mlp_capacity_search_v2/full_mlp_capacity_search_hd64_depth5,full_mlp_capacity_search_v2,full_mlp_capacity_search_hd64_depth5,supervised_nmse_plateau,full_mlp,12,6,compile,fp32,float32,4,8,ok,,546.323103,20,50,0.048098300000000004,0.0029281658781564954,0.044414,0.0469995,0.0530049,0.05343625,0.05568073999999999,0.057138,83163.02239372284,83.16302239372284,46.9995,11.749875,10395.377799215355,19280,18944,38296,sub-physical,0.0625,0.03125,Intel(R) Xeon(R) 6760P,AVX512,"avx2,avx512f,avx512bw,avx512vl,avx512_vnni,avx512_bf16,amx_bf16,amx_int8,amx_tile,fma",True,True,,256,128,sh14l07002s1404,3.11.9,2.1.2+cu121
20260424_010536,2026-04-24T06:14:22.682444,cpu,full_mlp_capacity_search_hd64_depth5,/home/liangyi/SRS_AI/Model_AIIC_refactor/experiments_refactored/20260422_050408_full_mlp_capacity_search_v2/full_mlp_capacity_search_hd64_depth5,full_mlp_capacity_search_v2,full_mlp_capacity_search_hd64_depth5,supervised_nmse_plateau,full_mlp,12,6,compile,fp32,float32,4,128,ok,,755.381107,20,50,0.04715726,0.00242418479336869,0.044726,0.04646,0.0516069,0.05327805,0.05421479,0.054229,84822.57026807748,84.82257026807748,46.46,11.615,662.6763302193553,19280,18944,38296,all-physical,1.0,0.5,Intel(R) Xeon(R) 6760P,AVX512,"avx2,avx512f,avx512bw,avx512vl,avx512_vnni,avx512_bf16,amx_bf16,amx_int8,amx_tile,fma",True,True,,256,128,sh14l07002s1404,3.11.9,2.1.2+cu121
20260424_010536,2026-04-24T06:14:22.682444,cpu,full_mlp_capacity_search_hd64_depth5,/home/liangyi/SRS_AI/Model_AIIC_refactor/experiments_refactored/20260422_050408_full_mlp_capacity_search_v2/full_mlp_capacity_search_hd64_depth5,full_mlp_capacity_search_v2,full_mlp_capacity_search_hd64_depth5,supervised_nmse_plateau,full_mlp,12,6,compile,fp32,float32,8,1,ok,,496.407072,20,50,0.05187842,0.0017519403538933625,0.04845,0.0518735,0.0535106,0.0538168,0.05716956,0.057393,154206.7009750875,154.2067009750875,51.8735,6.4841875,154206.7009750875,19280,18944,38296,single-thread,0.0078125,0.00390625,Intel(R) Xeon(R) 6760P,AVX512,"avx2,avx512f,avx512bw,avx512vl,avx512_vnni,avx512_bf16,amx_bf16,amx_int8,amx_tile,fma",True,True,,256,128,sh14l07002s1404,3.11.9,2.1.2+cu121
20260424_010536,2026-04-24T06:14:22.682444,cpu,full_mlp_capacity_search_hd64_depth5,/home/liangyi/SRS_AI/Model_AIIC_refactor/experiments_refactored/20260422_050408_full_mlp_capacity_search_v2/full_mlp_capacity_search_hd64_depth5,full_mlp_capacity_search_v2,full_mlp_capacity_search_hd64_depth5,supervised_nmse_plateau,full_mlp,12,6,compile,fp32,float32,8,2,ok,,512.894174,20,50,0.04726794,0.0015541575648562794,0.044951,0.046995999999999996,0.0490656,0.05030635,0.051777809999999994,0.052822,169247.90883630636,169.24790883630635,46.995999999999995,5.874499999999999,84623.95441815318,19280,18944,38296,sub-physical,0.015625,0.0078125,Intel(R) Xeon(R) 6760P,AVX512,"avx2,avx512f,avx512bw,avx512vl,avx512_vnni,avx512_bf16,amx_bf16,amx_int8,amx_tile,fma",True,True,,256,128,sh14l07002s1404,3.11.9,2.1.2+cu121
20260424_010536,2026-04-24T06:14:22.682444,cpu,full_mlp_capacity_search_hd64_depth5,/home/liangyi/SRS_AI/Model_AIIC_refactor/experiments_refactored/20260422_050408_full_mlp_capacity_search_v2/full_mlp_capacity_search_hd64_depth5,full_mlp_capacity_search_v2,full_mlp_capacity_search_hd64_depth5,supervised_nmse_plateau,full_mlp,12,6,compile,fp32,float32,8,4,ok,,514.052513,20,50,0.04809764,0.002904171384474408,0.045038,0.0472825,0.050397700000000004,0.05386215,0.058914569999999986,0.062495,166328.32712790067,166.32832712790068,47.2825,5.9103125,41582.08178197517,19280,18944,38296,sub-physical,0.03125,0.015625,Intel(R) Xeon(R) 6760P,AVX512,"avx2,avx512f,avx512bw,avx512vl,avx512_vnni,avx512_bf16,amx_bf16,amx_int8,amx_tile,fma",True,True,,256,128,sh14l07002s1404,3.11.9,2.1.2+cu121
20260424_010536,2026-04-24T06:14:22.682444,cpu,full_mlp_capacity_search_hd64_depth5,/home/liangyi/SRS_AI/Model_AIIC_refactor/experiments_refactored/20260422_050408_full_mlp_capacity_search_v2/full_mlp_capacity_search_hd64_depth5,full_mlp_capacity_search_v2,full_mlp_capacity_search_hd64_depth5,supervised_nmse_plateau,full_mlp,12,6,compile,fp32,float32,8,8,ok,,548.503047,20,50,0.0476339,0.001855757098868276,0.044924,0.047396,0.0491599,0.049967649999999995,0.054079929999999984,0.057139,167947.61713821458,167.94761713821458,47.396,5.9245,20993.452142276823,19280,18944,38296,sub-physical,0.0625,0.03125,Intel(R) Xeon(R) 6760P,AVX512,"avx2,avx512f,avx512bw,avx512vl,avx512_vnni,avx512_bf16,amx_bf16,amx_int8,amx_tile,fma",True,True,,256,128,sh14l07002s1404,3.11.9,2.1.2+cu121
20260424_010536,2026-04-24T06:14:22.682444,cpu,full_mlp_capacity_search_hd64_depth5,/home/liangyi/SRS_AI/Model_AIIC_refactor/experiments_refactored/20260422_050408_full_mlp_capacity_search_v2/full_mlp_capacity_search_hd64_depth5,full_mlp_capacity_search_v2,full_mlp_capacity_search_hd64_depth5,supervised_nmse_plateau,full_mlp,12,6,compile,fp32,float32,8,128,ok,,707.472096,20,50,0.049233,0.002673106941369911,0.045634,0.048454,0.0548304,0.055746649999999995,0.05600857,0.056159,162492.63705238356,162.49263705238357,48.45399999999999,6.056749999999999,1269.4737269717466,19280,18944,38296,all-physical,1.0,0.5,Intel(R) Xeon(R) 6760P,AVX512,"avx2,avx512f,avx512bw,avx512vl,avx512_vnni,avx512_bf16,amx_bf16,amx_int8,amx_tile,fma",True,True,,256,128,sh14l07002s1404,3.11.9,2.1.2+cu121
20260424_010536,2026-04-24T06:14:22.682444,cpu,full_mlp_capacity_search_hd64_depth5,/home/liangyi/SRS_AI/Model_AIIC_refactor/experiments_refactored/20260422_050408_full_mlp_capacity_search_v2/full_mlp_capacity_search_hd64_depth5,full_mlp_capacity_search_v2,full_mlp_capacity_search_hd64_depth5,supervised_nmse_plateau,full_mlp,12,6,compile,fp32,float32,16,1,ok,,500.015715,20,50,0.05371476,0.003072607235297086,0.049084,0.0526905,0.0597243,0.06082705,0.06183071,0.062184,297869.7102993665,297.8697102993665,52.6905,3.29315625,297869.7102993665,19280,18944,38296,single-thread,0.0078125,0.00390625,Intel(R) Xeon(R) 6760P,AVX512,"avx2,avx512f,avx512bw,avx512vl,avx512_vnni,avx512_bf16,amx_bf16,amx_int8,amx_tile,fma",True,True,,256,128,sh14l07002s1404,3.11.9,2.1.2+cu121
20260424_010536,2026-04-24T06:14:22.682444,cpu,full_mlp_capacity_search_hd64_depth5,/home/liangyi/SRS_AI/Model_AIIC_refactor/experiments_refactored/20260422_050408_full_mlp_capacity_search_v2/full_mlp_capacity_search_hd64_depth5,full_mlp_capacity_search_v2,full_mlp_capacity_search_hd64_depth5,supervised_nmse_plateau,full_mlp,12,6,compile,fp32,float32,16,2,ok,,509.759385,20,50,0.05203666,0.0019669110768918865,0.049537,0.05178,0.0534354,0.0543066,0.05988664,0.060114,307475.5374384136,307.4755374384136,51.78,3.23625,153737.7687192068,19280,18944,38296,sub-physical,0.015625,0.0078125,Intel(R) Xeon(R) 6760P,AVX512,"avx2,avx512f,avx512bw,avx512vl,avx512_vnni,avx512_bf16,amx_bf16,amx_int8,amx_tile,fma",True,True,,256,128,sh14l07002s1404,3.11.9,2.1.2+cu121
20260424_010536,2026-04-24T06:14:22.682444,cpu,full_mlp_capacity_search_hd64_depth5,/home/liangyi/SRS_AI/Model_AIIC_refactor/experiments_refactored/20260422_050408_full_mlp_capacity_search_v2/full_mlp_capacity_search_hd64_depth5,full_mlp_capacity_search_v2,full_mlp_capacity_search_hd64_depth5,supervised_nmse_plateau,full_mlp,12,6,compile,fp32,float32,16,4,ok,,504.980629,20,50,0.06109964,0.001892877848779472,0.058584,0.060594499999999996,0.0637171,0.06456125,0.06658414,0.067424,261867.33669789217,261.86733669789214,60.5945,3.78715625,65466.83417447304,19280,18944,38296,sub-physical,0.03125,0.015625,Intel(R) Xeon(R) 6760P,AVX512,"avx2,avx512f,avx512bw,avx512vl,avx512_vnni,avx512_bf16,amx_bf16,amx_int8,amx_tile,fma",True,True,,256,128,sh14l07002s1404,3.11.9,2.1.2+cu121
20260424_010536,2026-04-24T06:14:22.682444,cpu,full_mlp_capacity_search_hd64_depth5,/home/liangyi/SRS_AI/Model_AIIC_refactor/experiments_refactored/20260422_050408_full_mlp_capacity_search_v2/full_mlp_capacity_search_hd64_depth5,full_mlp_capacity_search_v2,full_mlp_capacity_search_hd64_depth5,supervised_nmse_plateau,full_mlp,12,6,compile,fp32,float32,16,8,ok,,548.581741,20,50,0.0508945,0.002495397966257086,0.047703,0.05035,0.0540717,0.05698824999999999,0.05887355,0.058974,314375.8166403049,314.37581664030495,50.35,3.146875,39296.977080038116,19280,18944,38296,sub-physical,0.0625,0.03125,Intel(R) Xeon(R) 6760P,AVX512,"avx2,avx512f,avx512bw,avx512vl,avx512_vnni,avx512_bf16,amx_bf16,amx_int8,amx_tile,fma",True,True,,256,128,sh14l07002s1404,3.11.9,2.1.2+cu121
20260424_010536,2026-04-24T06:14:22.682444,cpu,full_mlp_capacity_search_hd64_depth5,/home/liangyi/SRS_AI/Model_AIIC_refactor/experiments_refactored/20260422_050408_full_mlp_capacity_search_v2/full_mlp_capacity_search_hd64_depth5,full_mlp_capacity_search_v2,full_mlp_capacity_search_hd64_depth5,supervised_nmse_plateau,full_mlp,12,6,compile,fp32,float32,16,128,ok,,737.303659,20,50,0.0525401,0.0011788416729993899,0.050811,0.0522845,0.0538698,0.0546913,0.05583147,0.056075,304529.3023804675,304.52930238046747,52.284499999999994,3.2677812499999996,2379.135174847402,19280,18944,38296,all-physical,1.0,0.5,Intel(R) Xeon(R) 6760P,AVX512,"avx2,avx512f,avx512bw,avx512vl,avx512_vnni,avx512_bf16,amx_bf16,amx_int8,amx_tile,fma",True,True,,256,128,sh14l07002s1404,3.11.9,2.1.2+cu121
20260424_010536,2026-04-24T06:14:22.682444,cpu,full_mlp_capacity_search_hd64_depth5,/home/liangyi/SRS_AI/Model_AIIC_refactor/experiments_refactored/20260422_050408_full_mlp_capacity_search_v2/full_mlp_capacity_search_hd64_depth5,full_mlp_capacity_search_v2,full_mlp_capacity_search_hd64_depth5,supervised_nmse_plateau,full_mlp,12,6,compile,fp32,float32,32,1,ok,,497.695668,20,50,0.05615114,0.0011835440508912204,0.054053,0.055869,0.0578461,0.058538,0.05911589,0.05938,569890.4777356257,569.8904777356257,55.869,1.74590625,569890.4777356257,19280,18944,38296,single-thread,0.0078125,0.00390625,Intel(R) Xeon(R) 6760P,AVX512,"avx2,avx512f,avx512bw,avx512vl,avx512_vnni,avx512_bf16,amx_bf16,amx_int8,amx_tile,fma",True,True,,256,128,sh14l07002s1404,3.11.9,2.1.2+cu121
20260424_010536,2026-04-24T06:14:22.682444,cpu,full_mlp_capacity_search_hd64_depth5,/home/liangyi/SRS_AI/Model_AIIC_refactor/experiments_refactored/20260422_050408_full_mlp_capacity_search_v2/full_mlp_capacity_search_hd64_depth5,full_mlp_capacity_search_v2,full_mlp_capacity_search_hd64_depth5,supervised_nmse_plateau,full_mlp,12,6,compile,fp32,float32,32,2,ok,,509.778951,20,50,0.07109448,0.002376145022846881,0.066909,0.070406,0.0734559,0.0757276,0.07799578,0.078867,450105.26836963993,450.10526836963993,70.40599999999999,2.2001874999999997,225052.63418481997,19280,18944,38296,sub-physical,0.015625,0.0078125,Intel(R) Xeon(R) 6760P,AVX512,"avx2,avx512f,avx512bw,avx512vl,avx512_vnni,avx512_bf16,amx_bf16,amx_int8,amx_tile,fma",True,True,,256,128,sh14l07002s1404,3.11.9,2.1.2+cu121
20260424_010536,2026-04-24T06:14:22.682444,cpu,full_mlp_capacity_search_hd64_depth5,/home/liangyi/SRS_AI/Model_AIIC_refactor/experiments_refactored/20260422_050408_full_mlp_capacity_search_v2/full_mlp_capacity_search_hd64_depth5,full_mlp_capacity_search_v2,full_mlp_capacity_search_hd64_depth5,supervised_nmse_plateau,full_mlp,12,6,compile,fp32,float32,32,4,ok,,509.43462,20,50,0.08391854,0.0028261971000622015,0.079374,0.0834685,0.0874511,0.08937685,0.09306351999999998,0.095049,381322.17266887624,381.32217266887625,83.4685,2.608390625,95330.54316721906,19280,18944,38296,sub-physical,0.03125,0.015625,Intel(R) Xeon(R) 6760P,AVX512,"avx2,avx512f,avx512bw,avx512vl,avx512_vnni,avx512_bf16,amx_bf16,amx_int8,amx_tile,fma",True,True,,256,128,sh14l07002s1404,3.11.9,2.1.2+cu121
20260424_010536,2026-04-24T06:14:22.682444,cpu,full_mlp_capacity_search_hd64_depth5,/home/liangyi/SRS_AI/Model_AIIC_refactor/experiments_refactored/20260422_050408_full_mlp_capacity_search_v2/full_mlp_capacity_search_hd64_depth5,full_mlp_capacity_search_v2,full_mlp_capacity_search_hd64_depth5,supervised_nmse_plateau,full_mlp,12,6,compile,fp32,float32,32,8,ok,,538.3816,20,50,0.06740982,0.0023932298066838466,0.064703,0.0666725,0.0702826,0.07286385,0.07452138,0.07552,474708.284341955,474.708284341955,66.6725,2.083515625,59338.53554274437,19280,18944,38296,sub-physical,0.0625,0.03125,Intel(R) Xeon(R) 6760P,AVX512,"avx2,avx512f,avx512bw,avx512vl,avx512_vnni,avx512_bf16,amx_bf16,amx_int8,amx_tile,fma",True,True,,256,128,sh14l07002s1404,3.11.9,2.1.2+cu121
20260424_010536,2026-04-24T06:14:22.682444,cpu,full_mlp_capacity_search_hd64_depth5,/home/liangyi/SRS_AI/Model_AIIC_refactor/experiments_refactored/20260422_050408_full_mlp_capacity_search_v2/full_mlp_capacity_search_hd64_depth5,full_mlp_capacity_search_v2,full_mlp_capacity_search_hd64_depth5,supervised_nmse_plateau,full_mlp,12,6,compile,fp32,float32,32,128,ok,,742.952202,20,50,3.28169532,2.9511311810397345,0.124083,5.0062425,6.0016771,6.0035133,7.477744049999994,8.893773,9751.05757227944,9.75105757227944,5006.2425,156.445078125,76.18013728343313,19280,18944,38296,all-physical,1.0,0.5,Intel(R) Xeon(R) 6760P,AVX512,"avx2,avx512f,avx512bw,avx512vl,avx512_vnni,avx512_bf16,amx_bf16,amx_int8,amx_tile,fma",True,True,,256,128,sh14l07002s1404,3.11.9,2.1.2+cu121
20260424_010536,2026-04-24T06:14:22.682444,cpu,full_mlp_capacity_search_hd64_depth5,/home/liangyi/SRS_AI/Model_AIIC_refactor/experiments_refactored/20260422_050408_full_mlp_capacity_search_v2/full_mlp_capacity_search_hd64_depth5,full_mlp_capacity_search_v2,full_mlp_capacity_search_hd64_depth5,supervised_nmse_plateau,full_mlp,12,6,compile,fp32,float32,64,1,ok,,503.286192,20,50,0.06557366,0.001278871449521022,0.063216,0.065337,0.0673858,0.0677974,0.06855364,0.069173,976001.644562771,976.0016445627709,65.337,1.020890625,976001.644562771,19280,18944,38296,single-thread,0.0078125,0.00390625,Intel(R) Xeon(R) 6760P,AVX512,"avx2,avx512f,avx512bw,avx512vl,avx512_vnni,avx512_bf16,amx_bf16,amx_int8,amx_tile,fma",True,True,,256,128,sh14l07002s1404,3.11.9,2.1.2+cu121
20260424_010536,2026-04-24T06:14:22.682444,cpu,full_mlp_capacity_search_hd64_depth5,/home/liangyi/SRS_AI/Model_AIIC_refactor/experiments_refactored/20260422_050408_full_mlp_capacity_search_v2/full_mlp_capacity_search_hd64_depth5,full_mlp_capacity_search_v2,full_mlp_capacity_search_hd64_depth5,supervised_nmse_plateau,full_mlp,12,6,compile,fp32,float32,64,2,ok,,512.778363,20,50,0.1316302,0.003354837945415547,0.125245,0.13124550000000001,0.1365141,0.1383095,0.14071571,0.141902,486210.61124270875,486.21061124270875,131.24550000000002,2.0507109375000003,243105.30562135438,19280,18944,38296,sub-physical,0.015625,0.0078125,Intel(R) Xeon(R) 6760P,AVX512,"avx2,avx512f,avx512bw,avx512vl,avx512_vnni,avx512_bf16,amx_bf16,amx_int8,amx_tile,fma",True,True,,256,128,sh14l07002s1404,3.11.9,2.1.2+cu121
20260424_010536,2026-04-24T06:14:22.682444,cpu,full_mlp_capacity_search_hd64_depth5,/home/liangyi/SRS_AI/Model_AIIC_refactor/experiments_refactored/20260422_050408_full_mlp_capacity_search_v2/full_mlp_capacity_search_hd64_depth5,full_mlp_capacity_search_v2,full_mlp_capacity_search_hd64_depth5,supervised_nmse_plateau,full_mlp,12,6,compile,fp32,float32,64,4,ok,,525.895959,20,50,0.1022635,0.002941842193252385,0.097352,0.10131699999999999,0.1064417,0.10673645,0.1107969,0.111723,625834.2419338279,625.8342419338279,101.317,1.583078125,156458.56048345697,19280,18944,38296,sub-physical,0.03125,0.015625,Intel(R) Xeon(R) 6760P,AVX512,"avx2,avx512f,avx512bw,avx512vl,avx512_vnni,avx512_bf16,amx_bf16,amx_int8,amx_tile,fma",True,True,,256,128,sh14l07002s1404,3.11.9,2.1.2+cu121
20260424_010536,2026-04-24T06:14:22.682444,cpu,full_mlp_capacity_search_hd64_depth5,/home/liangyi/SRS_AI/Model_AIIC_refactor/experiments_refactored/20260422_050408_full_mlp_capacity_search_v2/full_mlp_capacity_search_hd64_depth5,full_mlp_capacity_search_v2,full_mlp_capacity_search_hd64_depth5,supervised_nmse_plateau,full_mlp,12,6,compile,fp32,float32,64,8,ok,,540.730268,20,50,0.10185436,0.0037074676681530215,0.096849,0.10120950000000001,0.1053324,0.10909775,0.11371325,0.115318,628348.1630045095,628.3481630045095,101.2095,1.5813984375,78543.52037556369,19280,18944,38296,sub-physical,0.0625,0.03125,Intel(R) Xeon(R) 6760P,AVX512,"avx2,avx512f,avx512bw,avx512vl,avx512_vnni,avx512_bf16,amx_bf16,amx_int8,amx_tile,fma",True,True,,256,128,sh14l07002s1404,3.11.9,2.1.2+cu121
20260424_010536,2026-04-24T06:14:22.682444,cpu,full_mlp_capacity_search_hd64_depth5,/home/liangyi/SRS_AI/Model_AIIC_refactor/experiments_refactored/20260422_050408_full_mlp_capacity_search_v2/full_mlp_capacity_search_hd64_depth5,full_mlp_capacity_search_v2,full_mlp_capacity_search_hd64_depth5,supervised_nmse_plateau,full_mlp,12,6,compile,fp32,float32,64,128,ok,,741.839916,20,50,0.21722258,0.006427860076541806,0.20798,0.215773,0.22634020000000002,0.22967815,0.23160166,0.23183,294628.6707394784,294.62867073947837,215.773,3.371453125,2301.786490152175,19280,18944,38296,all-physical,1.0,0.5,Intel(R) Xeon(R) 6760P,AVX512,"avx2,avx512f,avx512bw,avx512vl,avx512_vnni,avx512_bf16,amx_bf16,amx_int8,amx_tile,fma",True,True,,256,128,sh14l07002s1404,3.11.9,2.1.2+cu121
20260424_010536,2026-04-24T06:14:22.682444,cpu,full_mlp_capacity_search_hd64_depth5,/home/liangyi/SRS_AI/Model_AIIC_refactor/experiments_refactored/20260422_050408_full_mlp_capacity_search_v2/full_mlp_capacity_search_hd64_depth5,full_mlp_capacity_search_v2,full_mlp_capacity_search_hd64_depth5,supervised_nmse_plateau,full_mlp,12,6,compile,fp32,float32,128,1,ok,,496.765225,20,50,0.0837447,0.002311360865377798,0.080945,0.082957,0.08614720000000001,0.08673375,0.09171234999999998,0.095625,1528454.9350585765,1528.4549350585764,82.95700000000001,0.6481015625000001,1528454.9350585765,19280,18944,38296,single-thread,0.0078125,0.00390625,Intel(R) Xeon(R) 6760P,AVX512,"avx2,avx512f,avx512bw,avx512vl,avx512_vnni,avx512_bf16,amx_bf16,amx_int8,amx_tile,fma",True,True,,256,128,sh14l07002s1404,3.11.9,2.1.2+cu121
20260424_010536,2026-04-24T06:14:22.682444,cpu,full_mlp_capacity_search_hd64_depth5,/home/liangyi/SRS_AI/Model_AIIC_refactor/experiments_refactored/20260422_050408_full_mlp_capacity_search_v2/full_mlp_capacity_search_hd64_depth5,full_mlp_capacity_search_v2,full_mlp_capacity_search_hd64_depth5,supervised_nmse_plateau,full_mlp,12,6,compile,fp32,float32,128,2,ok,,516.345502,20,50,0.16978044,0.01868818497571126,0.148763,0.15746749999999998,0.1917336,0.19311605,0.20286136999999999,0.206481,753914.8797117029,753.914879711703,157.46749999999997,1.2302148437499998,376957.43985585147,19280,18944,38296,sub-physical,0.015625,0.0078125,Intel(R) Xeon(R) 6760P,AVX512,"avx2,avx512f,avx512bw,avx512vl,avx512_vnni,avx512_bf16,amx_bf16,amx_int8,amx_tile,fma",True,True,,256,128,sh14l07002s1404,3.11.9,2.1.2+cu121
20260424_010536,2026-04-24T06:14:22.682444,cpu,full_mlp_capacity_search_hd64_depth5,/home/liangyi/SRS_AI/Model_AIIC_refactor/experiments_refactored/20260422_050408_full_mlp_capacity_search_v2/full_mlp_capacity_search_hd64_depth5,full_mlp_capacity_search_v2,full_mlp_capacity_search_hd64_depth5,supervised_nmse_plateau,full_mlp,12,6,compile,fp32,float32,128,4,ok,,505.965218,20,50,0.16683202,0.02329805363586409,0.126564,0.17907099999999998,0.1872293,0.18945995,0.19576411,0.199616,767238.8070347647,767.2388070347647,179.07099999999997,1.3989921874999998,191809.70175869117,19280,18944,38296,sub-physical,0.03125,0.015625,Intel(R) Xeon(R) 6760P,AVX512,"avx2,avx512f,avx512bw,avx512vl,avx512_vnni,avx512_bf16,amx_bf16,amx_int8,amx_tile,fma",True,True,,256,128,sh14l07002s1404,3.11.9,2.1.2+cu121
20260424_010536,2026-04-24T06:14:22.682444,cpu,full_mlp_capacity_search_hd64_depth5,/home/liangyi/SRS_AI/Model_AIIC_refactor/experiments_refactored/20260422_050408_full_mlp_capacity_search_v2/full_mlp_capacity_search_hd64_depth5,full_mlp_capacity_search_v2,full_mlp_capacity_search_hd64_depth5,supervised_nmse_plateau,full_mlp,12,6,compile,fp32,float32,128,8,ok,,544.308274,20,50,0.12923662,0.004837566515883787,0.117882,0.1301395,0.1332612,0.13368045,0.14228212,0.142435,990431.3498759099,990.4313498759099,130.1395,1.01671484375,123803.91873448873,19280,18944,38296,sub-physical,0.0625,0.03125,Intel(R) Xeon(R) 6760P,AVX512,"avx2,avx512f,avx512bw,avx512vl,avx512_vnni,avx512_bf16,amx_bf16,amx_int8,amx_tile,fma",True,True,,256,128,sh14l07002s1404,3.11.9,2.1.2+cu121
20260424_010536,2026-04-24T06:14:22.682444,cpu,full_mlp_capacity_search_hd64_depth5,/home/liangyi/SRS_AI/Model_AIIC_refactor/experiments_refactored/20260422_050408_full_mlp_capacity_search_v2/full_mlp_capacity_search_hd64_depth5,full_mlp_capacity_search_v2,full_mlp_capacity_search_hd64_depth5,supervised_nmse_plateau,full_mlp,12,6,compile,fp32,float32,128,128,ok,,674.838947,20,50,0.34168672,0.007674017070713357,0.325899,0.3406185,0.353103,0.3548423,0.35910956,0.360754,374612.15934877424,374.61215934877424,340.6185,2.66108203125,2926.6574949122987,19280,18944,38296,all-physical,1.0,0.5,Intel(R) Xeon(R) 6760P,AVX512,"avx2,avx512f,avx512bw,avx512vl,avx512_vnni,avx512_bf16,amx_bf16,amx_int8,amx_tile,fma",True,True,,256,128,sh14l07002s1404,3.11.9,2.1.2+cu121
20260424_010536,2026-04-24T06:14:22.682444,cpu,full_mlp_capacity_search_hd64_depth5,/home/liangyi/SRS_AI/Model_AIIC_refactor/experiments_refactored/20260422_050408_full_mlp_capacity_search_v2/full_mlp_capacity_search_hd64_depth5,full_mlp_capacity_search_v2,full_mlp_capacity_search_hd64_depth5,supervised_nmse_plateau,full_mlp,12,6,compile,bf16,bfloat16,1,1,ok,,499.581223,20,50,0.0617964,0.002672982207198544,0.058034,0.0611095,0.0659911,0.0669259,0.06788339,0.068417,16182.172424283614,16.182172424283614,61.1095,61.1095,16182.172424283614,19280,18944,38296,single-thread,0.0078125,0.00390625,Intel(R) Xeon(R) 6760P,AVX512,"avx2,avx512f,avx512bw,avx512vl,avx512_vnni,avx512_bf16,amx_bf16,amx_int8,amx_tile,fma",True,True,,256,128,sh14l07002s1404,3.11.9,2.1.2+cu121
20260424_010536,2026-04-24T06:14:22.682444,cpu,full_mlp_capacity_search_hd64_depth5,/home/liangyi/SRS_AI/Model_AIIC_refactor/experiments_refactored/20260422_050408_full_mlp_capacity_search_v2/full_mlp_capacity_search_hd64_depth5,full_mlp_capacity_search_v2,full_mlp_capacity_search_hd64_depth5,supervised_nmse_plateau,full_mlp,12,6,compile,bf16,bfloat16,1,2,ok,,512.685254,20,50,0.06506256,0.0026157931658294387,0.061754,0.064613,0.0664709,0.07163629999999999,0.07444055,0.075864,15369.822521585376,15.369822521585377,64.613,64.613,7684.911260792688,19280,18944,38296,sub-physical,0.015625,0.0078125,Intel(R) Xeon(R) 6760P,AVX512,"avx2,avx512f,avx512bw,avx512vl,avx512_vnni,avx512_bf16,amx_bf16,amx_int8,amx_tile,fma",True,True,,256,128,sh14l07002s1404,3.11.9,2.1.2+cu121
20260424_010536,2026-04-24T06:14:22.682444,cpu,full_mlp_capacity_search_hd64_depth5,/home/liangyi/SRS_AI/Model_AIIC_refactor/experiments_refactored/20260422_050408_full_mlp_capacity_search_v2/full_mlp_capacity_search_hd64_depth5,full_mlp_capacity_search_v2,full_mlp_capacity_search_hd64_depth5,supervised_nmse_plateau,full_mlp,12,6,compile,bf16,bfloat16,1,4,ok,,502.568295,20,50,0.06766522,0.0031043458202333063,0.063554,0.0665945,0.07306560000000001,0.07435245,0.07549472,0.075775,14778.641080306841,14.77864108030684,66.5945,66.5945,3694.6602700767103,19280,18944,38296,sub-physical,0.03125,0.015625,Intel(R) Xeon(R) 6760P,AVX512,"avx2,avx512f,avx512bw,avx512vl,avx512_vnni,avx512_bf16,amx_bf16,amx_int8,amx_tile,fma",True,True,,256,128,sh14l07002s1404,3.11.9,2.1.2+cu121
20260424_010536,2026-04-24T06:14:22.682444,cpu,full_mlp_capacity_search_hd64_depth5,/home/liangyi/SRS_AI/Model_AIIC_refactor/experiments_refactored/20260422_050408_full_mlp_capacity_search_v2/full_mlp_capacity_search_hd64_depth5,full_mlp_capacity_search_v2,full_mlp_capacity_search_hd64_depth5,supervised_nmse_plateau,full_mlp,12,6,compile,bf16,bfloat16,1,8,ok,,502.905656,20,50,0.06802224,0.003107284850540742,0.064316,0.06714149999999999,0.0720125,0.07374349999999999,0.07772860999999999,0.080968,14701.074236896638,14.701074236896638,67.1415,67.1415,1837.6342796120798,19280,18944,38296,sub-physical,0.0625,0.03125,Intel(R) Xeon(R) 6760P,AVX512,"avx2,avx512f,avx512bw,avx512vl,avx512_vnni,avx512_bf16,amx_bf16,amx_int8,amx_tile,fma",True,True,,256,128,sh14l07002s1404,3.11.9,2.1.2+cu121
20260424_010536,2026-04-24T06:14:22.682444,cpu,full_mlp_capacity_search_hd64_depth5,/home/liangyi/SRS_AI/Model_AIIC_refactor/experiments_refactored/20260422_050408_full_mlp_capacity_search_v2/full_mlp_capacity_search_hd64_depth5,full_mlp_capacity_search_v2,full_mlp_capacity_search_hd64_depth5,supervised_nmse_plateau,full_mlp,12,6,compile,bf16,bfloat16,1,128,ok,,532.571854,20,50,0.74899056,1.7540070594980643,0.127338,0.14486,1.6728558000000069,5.9960176999999995,5.9997608300000005,6.00061,1335.1303119227564,1.3351303119227564,144.85999999999999,144.85999999999999,10.430705561896534,19280,18944,38296,all-physical,1.0,0.5,Intel(R) Xeon(R) 6760P,AVX512,"avx2,avx512f,avx512bw,avx512vl,avx512_vnni,avx512_bf16,amx_bf16,amx_int8,amx_tile,fma",True,True,,256,128,sh14l07002s1404,3.11.9,2.1.2+cu121
20260424_010536,2026-04-24T06:14:22.682444,cpu,full_mlp_capacity_search_hd64_depth5,/home/liangyi/SRS_AI/Model_AIIC_refactor/experiments_refactored/20260422_050408_full_mlp_capacity_search_v2/full_mlp_capacity_search_hd64_depth5,full_mlp_capacity_search_v2,full_mlp_capacity_search_hd64_depth5,supervised_nmse_plateau,full_mlp,12,6,compile,bf16,bfloat16,2,1,ok,,497.663544,20,50,0.08549242,0.0034544473311370672,0.080133,0.08491,0.0906748,0.0910935,0.09573774,0.096803,23393.88684985172,23.393886849851718,84.91,42.455,23393.88684985172,19280,18944,38296,single-thread,0.0078125,0.00390625,Intel(R) Xeon(R) 6760P,AVX512,"avx2,avx512f,avx512bw,avx512vl,avx512_vnni,avx512_bf16,amx_bf16,amx_int8,amx_tile,fma",True,True,,256,128,sh14l07002s1404,3.11.9,2.1.2+cu121
20260424_010536,2026-04-24T06:14:22.682444,cpu,full_mlp_capacity_search_hd64_depth5,/home/liangyi/SRS_AI/Model_AIIC_refactor/experiments_refactored/20260422_050408_full_mlp_capacity_search_v2/full_mlp_capacity_search_hd64_depth5,full_mlp_capacity_search_v2,full_mlp_capacity_search_hd64_depth5,supervised_nmse_plateau,full_mlp,12,6,compile,bf16,bfloat16,2,2,ok,,510.227882,20,50,0.09329562,0.00347725644087404,0.089506,0.0921815,0.0957366,0.10083325,0.10643925,0.106819,21437.23360217768,21.437233602177677,92.1815,46.09075,10718.61680108884,19280,18944,38296,sub-physical,0.015625,0.0078125,Intel(R) Xeon(R) 6760P,AVX512,"avx2,avx512f,avx512bw,avx512vl,avx512_vnni,avx512_bf16,amx_bf16,amx_int8,amx_tile,fma",True,True,,256,128,sh14l07002s1404,3.11.9,2.1.2+cu121
20260424_010536,2026-04-24T06:14:22.682444,cpu,full_mlp_capacity_search_hd64_depth5,/home/liangyi/SRS_AI/Model_AIIC_refactor/experiments_refactored/20260422_050408_full_mlp_capacity_search_v2/full_mlp_capacity_search_hd64_depth5,full_mlp_capacity_search_v2,full_mlp_capacity_search_hd64_depth5,supervised_nmse_plateau,full_mlp,12,6,compile,bf16,bfloat16,2,4,ok,,507.458594,20,50,0.09150486,0.002970241680469791,0.087084,0.090781,0.09635439999999999,0.098214,0.09932492,0.100056,21856.7625806979,21.8567625806979,90.781,45.3905,5464.190645174475,19280,18944,38296,sub-physical,0.03125,0.015625,Intel(R) Xeon(R) 6760P,AVX512,"avx2,avx512f,avx512bw,avx512vl,avx512_vnni,avx512_bf16,amx_bf16,amx_int8,amx_tile,fma",True,True,,256,128,sh14l07002s1404,3.11.9,2.1.2+cu121
20260424_010536,2026-04-24T06:14:22.682444,cpu,full_mlp_capacity_search_hd64_depth5,/home/liangyi/SRS_AI/Model_AIIC_refactor/experiments_refactored/20260422_050408_full_mlp_capacity_search_v2/full_mlp_capacity_search_hd64_depth5,full_mlp_capacity_search_v2,full_mlp_capacity_search_hd64_depth5,supervised_nmse_plateau,full_mlp,12,6,compile,bf16,bfloat16,2,8,ok,,506.465414,20,50,0.10035642,0.003450991892717223,0.095433,0.0995085,0.10425300000000001,0.10699204999999999,0.11272073999999999,0.116481,19928.96916809109,19.92896916809109,99.5085,49.75425,2491.1211460113864,19280,18944,38296,sub-physical,0.0625,0.03125,Intel(R) Xeon(R) 6760P,AVX512,"avx2,avx512f,avx512bw,avx512vl,avx512_vnni,avx512_bf16,amx_bf16,amx_int8,amx_tile,fma",True,True,,256,128,sh14l07002s1404,3.11.9,2.1.2+cu121
20260424_010536,2026-04-24T06:14:22.682444,cpu,full_mlp_capacity_search_hd64_depth5,/home/liangyi/SRS_AI/Model_AIIC_refactor/experiments_refactored/20260422_050408_full_mlp_capacity_search_v2/full_mlp_capacity_search_hd64_depth5,full_mlp_capacity_search_v2,full_mlp_capacity_search_hd64_depth5,supervised_nmse_plateau,full_mlp,12,6,compile,bf16,bfloat16,2,128,ok,,620.989063,20,50,0.19075274,0.011802741149089054,0.177622,0.1893255,0.2028539,0.2117778,0.23114833999999995,0.24513,10484.777309096582,10.484777309096582,189.3255,94.66275,81.91232272731705,19280,18944,38296,all-physical,1.0,0.5,Intel(R) Xeon(R) 6760P,AVX512,"avx2,avx512f,avx512bw,avx512vl,avx512_vnni,avx512_bf16,amx_bf16,amx_int8,amx_tile,fma",True,True,,256,128,sh14l07002s1404,3.11.9,2.1.2+cu121
20260424_010536,2026-04-24T06:14:22.682444,cpu,full_mlp_capacity_search_hd64_depth5,/home/liangyi/SRS_AI/Model_AIIC_refactor/experiments_refactored/20260422_050408_full_mlp_capacity_search_v2/full_mlp_capacity_search_hd64_depth5,full_mlp_capacity_search_v2,full_mlp_capacity_search_hd64_depth5,supervised_nmse_plateau,full_mlp,12,6,compile,bf16,bfloat16,4,1,ok,,532.763542,20,50,0.0939431,0.002852190514324035,0.090217,0.0938625,0.0962769,0.09927965,0.10266663,0.105417,42578.96535243142,42.57896535243142,93.8625,23.465625,42578.96535243142,19280,18944,38296,single-thread,0.0078125,0.00390625,Intel(R) Xeon(R) 6760P,AVX512,"avx2,avx512f,avx512bw,avx512vl,avx512_vnni,avx512_bf16,amx_bf16,amx_int8,amx_tile,fma",True,True,,256,128,sh14l07002s1404,3.11.9,2.1.2+cu121
20260424_010536,2026-04-24T06:14:22.682444,cpu,full_mlp_capacity_search_hd64_depth5,/home/liangyi/SRS_AI/Model_AIIC_refactor/experiments_refactored/20260422_050408_full_mlp_capacity_search_v2/full_mlp_capacity_search_hd64_depth5,full_mlp_capacity_search_v2,full_mlp_capacity_search_hd64_depth5,supervised_nmse_plateau,full_mlp,12,6,compile,bf16,bfloat16,4,2,ok,,511.481896,20,50,0.1015108,0.0030333331897435868,0.095732,0.1009915,0.1056062,0.10847885,0.10975912,0.109961,39404.67418245153,39.40467418245153,100.9915,25.247875,19702.337091225763,19280,18944,38296,sub-physical,0.015625,0.0078125,Intel(R) Xeon(R) 6760P,AVX512,"avx2,avx512f,avx512bw,avx512vl,avx512_vnni,avx512_bf16,amx_bf16,amx_int8,amx_tile,fma",True,True,,256,128,sh14l07002s1404,3.11.9,2.1.2+cu121
20260424_010536,2026-04-24T06:14:22.682444,cpu,full_mlp_capacity_search_hd64_depth5,/home/liangyi/SRS_AI/Model_AIIC_refactor/experiments_refactored/20260422_050408_full_mlp_capacity_search_v2/full_mlp_capacity_search_hd64_depth5,full_mlp_capacity_search_v2,full_mlp_capacity_search_hd64_depth5,supervised_nmse_plateau,full_mlp,12,6,compile,bf16,bfloat16,4,4,ok,,511.205956,20,50,0.09885528,0.0031552043359503673,0.096116,0.0980905,0.1015196,0.10575214999999999,0.11035801999999999,0.113201,40463.19023121476,40.46319023121476,98.09049999999999,24.522624999999998,10115.79755780369,19280,18944,38296,sub-physical,0.03125,0.015625,Intel(R) Xeon(R) 6760P,AVX512,"avx2,avx512f,avx512bw,avx512vl,avx512_vnni,avx512_bf16,amx_bf16,amx_int8,amx_tile,fma",True,True,,256,128,sh14l07002s1404,3.11.9,2.1.2+cu121
20260424_010536,2026-04-24T06:14:22.682444,cpu,full_mlp_capacity_search_hd64_depth5,/home/liangyi/SRS_AI/Model_AIIC_refactor/experiments_refactored/20260422_050408_full_mlp_capacity_search_v2/full_mlp_capacity_search_hd64_depth5,full_mlp_capacity_search_v2,full_mlp_capacity_search_hd64_depth5,supervised_nmse_plateau,full_mlp,12,6,compile,bf16,bfloat16,4,8,ok,,505.603206,20,50,0.11078282,0.003642878091235006,0.106384,0.1100485,0.11485740000000001,0.11890025,0.12237618,0.123316,36106.68152336256,36.10668152336256,110.04849999999999,27.512124999999997,4513.33519042032,19280,18944,38296,sub-physical,0.0625,0.03125,Intel(R) Xeon(R) 6760P,AVX512,"avx2,avx512f,avx512bw,avx512vl,avx512_vnni,avx512_bf16,amx_bf16,amx_int8,amx_tile,fma",True,True,,256,128,sh14l07002s1404,3.11.9,2.1.2+cu121
20260424_010536,2026-04-24T06:14:22.682444,cpu,full_mlp_capacity_search_hd64_depth5,/home/liangyi/SRS_AI/Model_AIIC_refactor/experiments_refactored/20260422_050408_full_mlp_capacity_search_v2/full_mlp_capacity_search_hd64_depth5,full_mlp_capacity_search_v2,full_mlp_capacity_search_hd64_depth5,supervised_nmse_plateau,full_mlp,12,6,compile,bf16,bfloat16,4,128,ok,,526.313253,20,50,0.19315372,0.0166768711742221,0.168414,0.18870199999999998,0.2151544,0.22585969999999997,0.24063486,0.24249,20708.894449457148,20.708894449457148,188.70199999999997,47.17549999999999,161.78823788638397,19280,18944,38296,all-physical,1.0,0.5,Intel(R) Xeon(R) 6760P,AVX512,"avx2,avx512f,avx512bw,avx512vl,avx512_vnni,avx512_bf16,amx_bf16,amx_int8,amx_tile,fma",True,True,,256,128,sh14l07002s1404,3.11.9,2.1.2+cu121
20260424_010536,2026-04-24T06:14:22.682444,cpu,full_mlp_capacity_search_hd64_depth5,/home/liangyi/SRS_AI/Model_AIIC_refactor/experiments_refactored/20260422_050408_full_mlp_capacity_search_v2/full_mlp_capacity_search_hd64_depth5,full_mlp_capacity_search_v2,full_mlp_capacity_search_hd64_depth5,supervised_nmse_plateau,full_mlp,12,6,compile,bf16,bfloat16,8,1,ok,,534.956472,20,50,0.10237878,0.003740812025697095,0.097989,0.10133,0.1061061,0.108691,0.11548873,0.116431,78141.1929308007,78.1411929308007,101.33,12.66625,78141.1929308007,19280,18944,38296,single-thread,0.0078125,0.00390625,Intel(R) Xeon(R) 6760P,AVX512,"avx2,avx512f,avx512bw,avx512vl,avx512_vnni,avx512_bf16,amx_bf16,amx_int8,amx_tile,fma",True,True,,256,128,sh14l07002s1404,3.11.9,2.1.2+cu121
20260424_010536,2026-04-24T06:14:22.682444,cpu,full_mlp_capacity_search_hd64_depth5,/home/liangyi/SRS_AI/Model_AIIC_refactor/experiments_refactored/20260422_050408_full_mlp_capacity_search_v2/full_mlp_capacity_search_hd64_depth5,full_mlp_capacity_search_v2,full_mlp_capacity_search_hd64_depth5,supervised_nmse_plateau,full_mlp,12,6,compile,bf16,bfloat16,8,2,ok,,501.708397,20,50,0.10288162,0.0033263309149271364,0.097566,0.101684,0.1070944,0.10862,0.11287708999999999,0.11516,77759.27323072868,77.75927323072868,101.684,12.7105,38879.63661536434,19280,18944,38296,sub-physical,0.015625,0.0078125,Intel(R) Xeon(R) 6760P,AVX512,"avx2,avx512f,avx512bw,avx512vl,avx512_vnni,avx512_bf16,amx_bf16,amx_int8,amx_tile,fma",True,True,,256,128,sh14l07002s1404,3.11.9,2.1.2+cu121
20260424_010536,2026-04-24T06:14:22.682444,cpu,full_mlp_capacity_search_hd64_depth5,/home/liangyi/SRS_AI/Model_AIIC_refactor/experiments_refactored/20260422_050408_full_mlp_capacity_search_v2/full_mlp_capacity_search_hd64_depth5,full_mlp_capacity_search_v2,full_mlp_capacity_search_hd64_depth5,supervised_nmse_plateau,full_mlp,12,6,compile,bf16,bfloat16,8,4,ok,,517.992504,20,50,0.10128868,0.003869936477204761,0.096386,0.099908,0.1056255,0.10860845,0.11365017999999999,0.113855,78982.17253892537,78.98217253892537,99.908,12.4885,19745.543134731342,19280,18944,38296,sub-physical,0.03125,0.015625,Intel(R) Xeon(R) 6760P,AVX512,"avx2,avx512f,avx512bw,avx512vl,avx512_vnni,avx512_bf16,amx_bf16,amx_int8,amx_tile,fma",True,True,,256,128,sh14l07002s1404,3.11.9,2.1.2+cu121
20260424_010536,2026-04-24T06:14:22.682444,cpu,full_mlp_capacity_search_hd64_depth5,/home/liangyi/SRS_AI/Model_AIIC_refactor/experiments_refactored/20260422_050408_full_mlp_capacity_search_v2/full_mlp_capacity_search_hd64_depth5,full_mlp_capacity_search_v2,full_mlp_capacity_search_hd64_depth5,supervised_nmse_plateau,full_mlp,12,6,compile,bf16,bfloat16,8,8,ok,,516.42313,20,50,0.11712084,0.005547485550625615,0.111226,0.115467,0.1265291,0.1291292,0.13347973999999999,0.135819,68305.52103280679,68.3055210328068,115.467,14.433375,8538.190129100849,19280,18944,38296,sub-physical,0.0625,0.03125,Intel(R) Xeon(R) 6760P,AVX512,"avx2,avx512f,avx512bw,avx512vl,avx512_vnni,avx512_bf16,amx_bf16,amx_int8,amx_tile,fma",True,True,,256,128,sh14l07002s1404,3.11.9,2.1.2+cu121
20260424_010536,2026-04-24T06:14:22.682444,cpu,full_mlp_capacity_search_hd64_depth5,/home/liangyi/SRS_AI/Model_AIIC_refactor/experiments_refactored/20260422_050408_full_mlp_capacity_search_v2/full_mlp_capacity_search_hd64_depth5,full_mlp_capacity_search_v2,full_mlp_capacity_search_hd64_depth5,supervised_nmse_plateau,full_mlp,12,6,compile,bf16,bfloat16,8,128,ok,,528.194286,20,50,2.14975164,2.7403594566085068,0.179878,0.2003045,6.001283,6.00322675,6.712436889999998,7.018902,3721.3601102311527,3.721360110231153,200.3045,25.0380625,29.07312586118088,19280,18944,38296,all-physical,1.0,0.5,Intel(R) Xeon(R) 6760P,AVX512,"avx2,avx512f,avx512bw,avx512vl,avx512_vnni,avx512_bf16,amx_bf16,amx_int8,amx_tile,fma",True,True,,256,128,sh14l07002s1404,3.11.9,2.1.2+cu121
20260424_010536,2026-04-24T06:14:22.682444,cpu,full_mlp_capacity_search_hd64_depth5,/home/liangyi/SRS_AI/Model_AIIC_refactor/experiments_refactored/20260422_050408_full_mlp_capacity_search_v2/full_mlp_capacity_search_hd64_depth5,full_mlp_capacity_search_v2,full_mlp_capacity_search_hd64_depth5,supervised_nmse_plateau,full_mlp,12,6,compile,bf16,bfloat16,16,1,ok,,492.591914,20,50,0.09702526,0.0033167158926263184,0.092161,0.0958815,0.1011177,0.10389775,0.10490867,0.105113,164905.5101733301,164.9055101733301,95.88149999999999,5.992593749999999,164905.5101733301,19280,18944,38296,single-thread,0.0078125,0.00390625,Intel(R) Xeon(R) 6760P,AVX512,"avx2,avx512f,avx512bw,avx512vl,avx512_vnni,avx512_bf16,amx_bf16,amx_int8,amx_tile,fma",True,True,,256,128,sh14l07002s1404,3.11.9,2.1.2+cu121
20260424_010536,2026-04-24T06:14:22.682444,cpu,full_mlp_capacity_search_hd64_depth5,/home/liangyi/SRS_AI/Model_AIIC_refactor/experiments_refactored/20260422_050408_full_mlp_capacity_search_v2/full_mlp_capacity_search_hd64_depth5,full_mlp_capacity_search_v2,full_mlp_capacity_search_hd64_depth5,supervised_nmse_plateau,full_mlp,12,6,compile,bf16,bfloat16,16,2,ok,,508.229103,20,50,0.11266124,0.003567231321683527,0.107177,0.112205,0.11630159999999999,0.11889449999999999,0.12492719000000001,0.125843,142018.67474563568,142.01867474563568,112.205,7.0128125,71009.33737281784,19280,18944,38296,sub-physical,0.015625,0.0078125,Intel(R) Xeon(R) 6760P,AVX512,"avx2,avx512f,avx512bw,avx512vl,avx512_vnni,avx512_bf16,amx_bf16,amx_int8,amx_tile,fma",True,True,,256,128,sh14l07002s1404,3.11.9,2.1.2+cu121
20260424_010536,2026-04-24T06:14:22.682444,cpu,full_mlp_capacity_search_hd64_depth5,/home/liangyi/SRS_AI/Model_AIIC_refactor/experiments_refactored/20260422_050408_full_mlp_capacity_search_v2/full_mlp_capacity_search_hd64_depth5,full_mlp_capacity_search_v2,full_mlp_capacity_search_hd64_depth5,supervised_nmse_plateau,full_mlp,12,6,compile,bf16,bfloat16,16,4,ok,,504.227535,20,50,0.10402142,0.004022197419769448,0.09843,0.1026215,0.109978,0.11270000000000001,0.11413847,0.114284,153814.47398045516,153.81447398045518,102.6215,6.41384375,38453.61849511379,19280,18944,38296,sub-physical,0.03125,0.015625,Intel(R) Xeon(R) 6760P,AVX512,"avx2,avx512f,avx512bw,avx512vl,avx512_vnni,avx512_bf16,amx_bf16,amx_int8,amx_tile,fma",True,True,,256,128,sh14l07002s1404,3.11.9,2.1.2+cu121
20260424_010536,2026-04-24T06:14:22.682444,cpu,full_mlp_capacity_search_hd64_depth5,/home/liangyi/SRS_AI/Model_AIIC_refactor/experiments_refactored/20260422_050408_full_mlp_capacity_search_v2/full_mlp_capacity_search_hd64_depth5,full_mlp_capacity_search_v2,full_mlp_capacity_search_hd64_depth5,supervised_nmse_plateau,full_mlp,12,6,compile,bf16,bfloat16,16,8,ok,,509.406891,20,50,0.11511332,0.004933204919481859,0.108844,0.1140275,0.12084900000000001,0.1225246,0.13244846,0.138057,138993.4718241121,138.99347182411208,114.0275,7.12671875,17374.18397801401,19280,18944,38296,sub-physical,0.0625,0.03125,Intel(R) Xeon(R) 6760P,AVX512,"avx2,avx512f,avx512bw,avx512vl,avx512_vnni,avx512_bf16,amx_bf16,amx_int8,amx_tile,fma",True,True,,256,128,sh14l07002s1404,3.11.9,2.1.2+cu121
20260424_010536,2026-04-24T06:14:22.682444,cpu,full_mlp_capacity_search_hd64_depth5,/home/liangyi/SRS_AI/Model_AIIC_refactor/experiments_refactored/20260422_050408_full_mlp_capacity_search_v2/full_mlp_capacity_search_hd64_depth5,full_mlp_capacity_search_v2,full_mlp_capacity_search_hd64_depth5,supervised_nmse_plateau,full_mlp,12,6,compile,bf16,bfloat16,16,128,ok,,650.810693,20,50,2.28153488,2.7994379002028578,0.17322,0.19180399999999997,6.0001961,6.0033798,6.524026309999998,7.009362,7012.822876501455,7.012822876501454,191.80399999999997,11.987749999999998,54.787678722667614,19280,18944,38296,all-physical,1.0,0.5,Intel(R) Xeon(R) 6760P,AVX512,"avx2,avx512f,avx512bw,avx512vl,avx512_vnni,avx512_bf16,amx_bf16,amx_int8,amx_tile,fma",True,True,,256,128,sh14l07002s1404,3.11.9,2.1.2+cu121
20260424_010536,2026-04-24T06:14:22.682444,cpu,full_mlp_capacity_search_hd64_depth5,/home/liangyi/SRS_AI/Model_AIIC_refactor/experiments_refactored/20260422_050408_full_mlp_capacity_search_v2/full_mlp_capacity_search_hd64_depth5,full_mlp_capacity_search_v2,full_mlp_capacity_search_hd64_depth5,supervised_nmse_plateau,full_mlp,12,6,compile,bf16,bfloat16,32,1,ok,,510.460977,20,50,0.0980279,0.003145540781805253,0.09335,0.09661,0.1027038,0.10323945,0.10435298,0.104597,326437.6774367298,326.43767743672976,96.61,3.0190625,326437.6774367298,19280,18944,38296,single-thread,0.0078125,0.00390625,Intel(R) Xeon(R) 6760P,AVX512,"avx2,avx512f,avx512bw,avx512vl,avx512_vnni,avx512_bf16,amx_bf16,amx_int8,amx_tile,fma",True,True,,256,128,sh14l07002s1404,3.11.9,2.1.2+cu121
20260424_010536,2026-04-24T06:14:22.682444,cpu,full_mlp_capacity_search_hd64_depth5,/home/liangyi/SRS_AI/Model_AIIC_refactor/experiments_refactored/20260422_050408_full_mlp_capacity_search_v2/full_mlp_capacity_search_hd64_depth5,full_mlp_capacity_search_v2,full_mlp_capacity_search_hd64_depth5,supervised_nmse_plateau,full_mlp,12,6,compile,bf16,bfloat16,32,2,ok,,510.948783,20,50,0.1163372,0.00483703968145807,0.110858,0.1148255,0.1227082,0.1271349,0.13089205999999998,0.132855,275062.49075961945,275.06249075961944,114.82549999999999,3.5882968749999997,137531.24537980973,19280,18944,38296,sub-physical,0.015625,0.0078125,Intel(R) Xeon(R) 6760P,AVX512,"avx2,avx512f,avx512bw,avx512vl,avx512_vnni,avx512_bf16,amx_bf16,amx_int8,amx_tile,fma",True,True,,256,128,sh14l07002s1404,3.11.9,2.1.2+cu121
20260424_010536,2026-04-24T06:14:22.682444,cpu,full_mlp_capacity_search_hd64_depth5,/home/liangyi/SRS_AI/Model_AIIC_refactor/experiments_refactored/20260422_050408_full_mlp_capacity_search_v2/full_mlp_capacity_search_hd64_depth5,full_mlp_capacity_search_v2,full_mlp_capacity_search_hd64_depth5,supervised_nmse_plateau,full_mlp,12,6,compile,bf16,bfloat16,32,4,ok,,496.049897,20,50,0.107782,0.0027993273763531126,0.10359,0.10730500000000001,0.11168259999999999,0.1136669,0.11527938,0.115886,296895.5855337626,296.8955855337626,107.305,3.35328125,74223.89638344065,19280,18944,38296,sub-physical,0.03125,0.015625,Intel(R) Xeon(R) 6760P,AVX512,"avx2,avx512f,avx512bw,avx512vl,avx512_vnni,avx512_bf16,amx_bf16,amx_int8,amx_tile,fma",True,True,,256,128,sh14l07002s1404,3.11.9,2.1.2+cu121
20260424_010536,2026-04-24T06:14:22.682444,cpu,full_mlp_capacity_search_hd64_depth5,/home/liangyi/SRS_AI/Model_AIIC_refactor/experiments_refactored/20260422_050408_full_mlp_capacity_search_v2/full_mlp_capacity_search_hd64_depth5,full_mlp_capacity_search_v2,full_mlp_capacity_search_hd64_depth5,supervised_nmse_plateau,full_mlp,12,6,compile,bf16,bfloat16,32,8,ok,,507.246747,20,50,0.11968038,0.00391324811321746,0.113922,0.118749,0.1257763,0.1265753,0.13064962,0.13264,267378.8301808534,267.37883018085336,118.749,3.71090625,33422.35377260667,19280,18944,38296,sub-physical,0.0625,0.03125,Intel(R) Xeon(R) 6760P,AVX512,"avx2,avx512f,avx512bw,avx512vl,avx512_vnni,avx512_bf16,amx_bf16,amx_int8,amx_tile,fma",True,True,,256,128,sh14l07002s1404,3.11.9,2.1.2+cu121
20260424_010536,2026-04-24T06:14:22.682444,cpu,full_mlp_capacity_search_hd64_depth5,/home/liangyi/SRS_AI/Model_AIIC_refactor/experiments_refactored/20260422_050408_full_mlp_capacity_search_v2/full_mlp_capacity_search_hd64_depth5,full_mlp_capacity_search_v2,full_mlp_capacity_search_hd64_depth5,supervised_nmse_plateau,full_mlp,12,6,compile,bf16,bfloat16,32,128,ok,,533.0383,20,50,0.19130356,0.014985987082818402,0.170948,0.18673299999999998,0.2211259,0.22677365,0.23459075,0.239405,167273.41613506826,167.27341613506826,186.73299999999998,5.835406249999999,1306.8235635552207,19280,18944,38296,all-physical,1.0,0.5,Intel(R) Xeon(R) 6760P,AVX512,"avx2,avx512f,avx512bw,avx512vl,avx512_vnni,avx512_bf16,amx_bf16,amx_int8,amx_tile,fma",True,True,,256,128,sh14l07002s1404,3.11.9,2.1.2+cu121
20260424_010536,2026-04-24T06:14:22.682444,cpu,full_mlp_capacity_search_hd64_depth5,/home/liangyi/SRS_AI/Model_AIIC_refactor/experiments_refactored/20260422_050408_full_mlp_capacity_search_v2/full_mlp_capacity_search_hd64_depth5,full_mlp_capacity_search_v2,full_mlp_capacity_search_hd64_depth5,supervised_nmse_plateau,full_mlp,12,6,compile,bf16,bfloat16,64,1,ok,,542.144946,20,50,0.11520926,0.0027178378966376923,0.111732,0.11436750000000001,0.1192908,0.12145595,0.12275007,0.122974,555510.9025090518,555.5109025090518,114.3675,1.7869921875,555510.9025090518,19280,18944,38296,single-thread,0.0078125,0.00390625,Intel(R) Xeon(R) 6760P,AVX512,"avx2,avx512f,avx512bw,avx512vl,avx512_vnni,avx512_bf16,amx_bf16,amx_int8,amx_tile,fma",True,True,,256,128,sh14l07002s1404,3.11.9,2.1.2+cu121
20260424_010536,2026-04-24T06:14:22.682444,cpu,full_mlp_capacity_search_hd64_depth5,/home/liangyi/SRS_AI/Model_AIIC_refactor/experiments_refactored/20260422_050408_full_mlp_capacity_search_v2/full_mlp_capacity_search_hd64_depth5,full_mlp_capacity_search_v2,full_mlp_capacity_search_hd64_depth5,supervised_nmse_plateau,full_mlp,12,6,compile,bf16,bfloat16,64,2,ok,,509.592402,20,50,0.1458613,0.00741055729145926,0.131294,0.147258,0.15339799999999998,0.15939019999999998,0.16143533,0.161966,438772.9987323574,438.7729987323574,147.258,2.30090625,219386.4993661787,19280,18944,38296,sub-physical,0.015625,0.0078125,Intel(R) Xeon(R) 6760P,AVX512,"avx2,avx512f,avx512bw,avx512vl,avx512_vnni,avx512_bf16,amx_bf16,amx_int8,amx_tile,fma",True,True,,256,128,sh14l07002s1404,3.11.9,2.1.2+cu121
20260424_010536,2026-04-24T06:14:22.682444,cpu,full_mlp_capacity_search_hd64_depth5,/home/liangyi/SRS_AI/Model_AIIC_refactor/experiments_refactored/20260422_050408_full_mlp_capacity_search_v2/full_mlp_capacity_search_hd64_depth5,full_mlp_capacity_search_v2,full_mlp_capacity_search_hd64_depth5,supervised_nmse_plateau,full_mlp,12,6,compile,bf16,bfloat16,64,4,ok,,509.092243,20,50,0.13808082,0.007599136984395004,0.123854,0.138888,0.14771890000000001,0.1501815,0.15440973,0.157998,463496.6681107485,463.49666811074854,138.888,2.170125,115874.16702768713,19280,18944,38296,sub-physical,0.03125,0.015625,Intel(R) Xeon(R) 6760P,AVX512,"avx2,avx512f,avx512bw,avx512vl,avx512_vnni,avx512_bf16,amx_bf16,amx_int8,amx_tile,fma",True,True,,256,128,sh14l07002s1404,3.11.9,2.1.2+cu121
20260424_010536,2026-04-24T06:14:22.682444,cpu,full_mlp_capacity_search_hd64_depth5,/home/liangyi/SRS_AI/Model_AIIC_refactor/experiments_refactored/20260422_050408_full_mlp_capacity_search_v2/full_mlp_capacity_search_hd64_depth5,full_mlp_capacity_search_v2,full_mlp_capacity_search_hd64_depth5,supervised_nmse_plateau,full_mlp,12,6,compile,bf16,bfloat16,64,8,ok,,508.581531,20,50,0.15514024,0.006336838648916351,0.137764,0.155356,0.16418080000000002,0.1649382,0.16889727,0.172512,412529.97932709137,412.5299793270914,155.356,2.4274375,51566.24741588642,19280,18944,38296,sub-physical,0.0625,0.03125,Intel(R) Xeon(R) 6760P,AVX512,"avx2,avx512f,avx512bw,avx512vl,avx512_vnni,avx512_bf16,amx_bf16,amx_int8,amx_tile,fma",True,True,,256,128,sh14l07002s1404,3.11.9,2.1.2+cu121
20260424_010536,2026-04-24T06:14:22.682444,cpu,full_mlp_capacity_search_hd64_depth5,/home/liangyi/SRS_AI/Model_AIIC_refactor/experiments_refactored/20260422_050408_full_mlp_capacity_search_v2/full_mlp_capacity_search_hd64_depth5,full_mlp_capacity_search_v2,full_mlp_capacity_search_hd64_depth5,supervised_nmse_plateau,full_mlp,12,6,compile,bf16,bfloat16,64,128,ok,,639.690224,20,50,0.48729928,0.019486677519823647,0.457058,0.4838605,0.5040112000000001,0.52001975,0.54977305,0.556856,131336.1267433024,131.3361267433024,483.8605,7.5603203125,1026.06349018205,19280,18944,38296,all-physical,1.0,0.5,Intel(R) Xeon(R) 6760P,AVX512,"avx2,avx512f,avx512bw,avx512vl,avx512_vnni,avx512_bf16,amx_bf16,amx_int8,amx_tile,fma",True,True,,256,128,sh14l07002s1404,3.11.9,2.1.2+cu121
20260424_010536,2026-04-24T06:14:22.682444,cpu,full_mlp_capacity_search_hd64_depth5,/home/liangyi/SRS_AI/Model_AIIC_refactor/experiments_refactored/20260422_050408_full_mlp_capacity_search_v2/full_mlp_capacity_search_hd64_depth5,full_mlp_capacity_search_v2,full_mlp_capacity_search_hd64_depth5,supervised_nmse_plateau,full_mlp,12,6,compile,bf16,bfloat16,128,1,ok,,502.772313,20,50,0.1150918,0.0029765749646195696,0.111083,0.1138145,0.1189939,0.12049735,0.12393591999999999,0.125598,1112155.6878943592,1112.1556878943593,113.8145,0.88917578125,1112155.6878943592,19280,18944,38296,single-thread,0.0078125,0.00390625,Intel(R) Xeon(R) 6760P,AVX512,"avx2,avx512f,avx512bw,avx512vl,avx512_vnni,avx512_bf16,amx_bf16,amx_int8,amx_tile,fma",True,True,,256,128,sh14l07002s1404,3.11.9,2.1.2+cu121
20260424_010536,2026-04-24T06:14:22.682444,cpu,full_mlp_capacity_search_hd64_depth5,/home/liangyi/SRS_AI/Model_AIIC_refactor/experiments_refactored/20260422_050408_full_mlp_capacity_search_v2/full_mlp_capacity_search_hd64_depth5,full_mlp_capacity_search_v2,full_mlp_capacity_search_hd64_depth5,supervised_nmse_plateau,full_mlp,12,6,compile,bf16,bfloat16,128,2,ok,,506.61221,20,50,0.17519148,0.011905666345467606,0.147738,0.1774285,0.18653989999999998,0.188407,0.19700088999999998,0.204468,730629.1379009984,730.6291379009983,177.42849999999999,1.3861601562499999,365314.5689504992,19280,18944,38296,sub-physical,0.015625,0.0078125,Intel(R) Xeon(R) 6760P,AVX512,"avx2,avx512f,avx512bw,avx512vl,avx512_vnni,avx512_bf16,amx_bf16,amx_int8,amx_tile,fma",True,True,,256,128,sh14l07002s1404,3.11.9,2.1.2+cu121
20260424_010536,2026-04-24T06:14:22.682444,cpu,full_mlp_capacity_search_hd64_depth5,/home/liangyi/SRS_AI/Model_AIIC_refactor/experiments_refactored/20260422_050408_full_mlp_capacity_search_v2/full_mlp_capacity_search_hd64_depth5,full_mlp_capacity_search_v2,full_mlp_capacity_search_hd64_depth5,supervised_nmse_plateau,full_mlp,12,6,compile,bf16,bfloat16,128,4,ok,,504.839817,20,50,0.1862993,0.01383577473544579,0.166077,0.1811705,0.209604,0.212296,0.21441693,0.214585,687066.4570398278,687.0664570398278,181.1705,1.41539453125,171766.61425995696,19280,18944,38296,sub-physical,0.03125,0.015625,Intel(R) Xeon(R) 6760P,AVX512,"avx2,avx512f,avx512bw,avx512vl,avx512_vnni,avx512_bf16,amx_bf16,amx_int8,amx_tile,fma",True,True,,256,128,sh14l07002s1404,3.11.9,2.1.2+cu121
20260424_010536,2026-04-24T06:14:22.682444,cpu,full_mlp_capacity_search_hd64_depth5,/home/liangyi/SRS_AI/Model_AIIC_refactor/experiments_refactored/20260422_050408_full_mlp_capacity_search_v2/full_mlp_capacity_search_hd64_depth5,full_mlp_capacity_search_v2,full_mlp_capacity_search_hd64_depth5,supervised_nmse_plateau,full_mlp,12,6,compile,bf16,bfloat16,128,8,ok,,625.890103,20,50,0.18925784,0.0161580292057664,0.163963,0.192535,0.2082403,0.21270215,0.2176215,0.219214,676326.0111179543,676.3260111179543,192.53500000000003,1.5041796875000002,84540.75138974428,19280,18944,38296,sub-physical,0.0625,0.03125,Intel(R) Xeon(R) 6760P,AVX512,"avx2,avx512f,avx512bw,avx512vl,avx512_vnni,avx512_bf16,amx_bf16,amx_int8,amx_tile,fma",True,True,,256,128,sh14l07002s1404,3.11.9,2.1.2+cu121
20260424_010536,2026-04-24T06:14:22.682444,cpu,full_mlp_capacity_search_hd64_depth5,/home/liangyi/SRS_AI/Model_AIIC_refactor/experiments_refactored/20260422_050408_full_mlp_capacity_search_v2/full_mlp_capacity_search_hd64_depth5,full_mlp_capacity_search_v2,full_mlp_capacity_search_hd64_depth5,supervised_nmse_plateau,full_mlp,12,6,compile,bf16,bfloat16,128,128,ok,,534.170127,20,50,0.62996758,0.04383091154703038,0.578744,0.6249145,0.6478232,0.66515265,0.7907965999999996,0.900684,203185.05914224984,203.18505914224983,624.9145000000001,4.882144531250001,1587.3832745488269,19280,18944,38296,all-physical,1.0,0.5,Intel(R) Xeon(R) 6760P,AVX512,"avx2,avx512f,avx512bw,avx512vl,avx512_vnni,avx512_bf16,amx_bf16,amx_int8,amx_tile,fma",True,True,,256,128,sh14l07002s1404,3.11.9,2.1.2+cu121
