{
  "hyperparameters": {
    "num_stages": 3,
    "share_weights": true,
    "num_ports": 6,
    "pos_values": [
      0,
      2,
      4,
      6,
      8,
      10
    ],
    "batch_size": 4096,
    "max_batches": 100000,
    "snr_db": "(0.0, 30.0)",
    "tdl_configs": [
      "A-30",
      "B-100",
      "C-300"
    ],
    "early_stop_loss": 0.001,
    "validation_interval": 100,
    "patience": 5
  },
  "results": {
    "final_train_loss": 0.016686929389834404,
    "final_train_loss_db": -17.776235717532625,
    "best_val_loss": 0.016653679311275482,
    "best_val_loss_db": -17.784898025145413,
    "test_nmse": 0.01680264249444008,
    "test_nmse_db": -17.74622344970703,
    "port_wise_nmse": [
      0.01661607250571251,
      0.01974845863878727,
      0.018346644937992096,
      0.015563522465527058,
      0.015365641564130783,
      0.015953807160258293
    ],
    "port_wise_nmse_db": [
      -17.794715881347656,
      -17.044668197631836,
      -17.36443328857422,
      -18.078920364379883,
      -18.134492874145508,
      -17.971357345581055
    ],
    "num_batches_trained": 100000,
    "stopped_early": false
  },
  "timestamp": "2025-12-04T04:09:50.261238"
}