snr_db,nmse_db,num_samples
-10.0,6.7922384676057845,10
-5.0,1.377902328997152,10
0.0,-3.2820069015724584,10
5.0,-8.829678189009428,10
10.0,-13.281639192253351,10
15.0,-18.452108159661293,10
20.0,-23.14836997538805,10
25.0,-27.20443733036518,10
30.0,-30.856941729784012,10
