{
  "timestamp": "2025-12-08T14:18:15.582191",
  "config": {
    "snr_list": [
      30.0,
      27.0,
      24.0,
      21.0,
      18.0,
      15.0,
      12.0,
      9.0,
      6.0,
      3.0,
      0.0
    ],
    "tdl_list": [
      "A-30",
      "B-100",
      "C-300"
    ],
    "num_batches": 10,
    "batch_size": 100,
    "total_samples_per_point": 1000
  },
  "models": {
    "stages=2_share=False_loss=weighted_act=relu": {
      "config": {
        "seq_len": 12,
        "num_ports": 4,
        "hidden_dim": 64,
        "num_stages": 2,
        "share_weights": false,
        "onnx_mode": false,
        "activation_type": "relu",
        "pos_values": [
          0,
          3,
          6,
          9
        ],
        "num_params": 92352
      },
      "tdl_results": {
        "A-30": {
          "snr": [
            30.0,
            27.0,
            24.0,
            21.0,
            18.0,
            15.0,
            12.0,
            9.0,
            6.0,
            3.0,
            0.0
          ],
          "nmse": [
            0.01924692807116337,
            0.020850829280433362,
            0.028333154485129224,
            0.04237401281094249,
            0.06696496900482099,
            0.11061416414778738,
            0.17034558193081098,
            0.2505431342595991,
            0.37018286930876915,
            0.5723176875218899,
            0.98879256946886
          ],
          "nmse_db": [
            -17.15638576711529,
            -16.80876667560532,
            -15.477050704065448,
            -13.729004064467802,
            -11.741523278447424,
            -9.561892580461135,
            -7.68669125776476,
            -6.011174939154181,
            -4.3158368265716245,
            -2.4236283198003656,
            -0.04894805858411583
          ],
          "port_nmse": [
            [
              0.016085161619706873,
              0.020825442149711777,
              0.02027967442033317,
              0.019835310859455394
            ],
            [
              0.018214052566221068,
              0.023282809682032907,
              0.02005547558373526,
              0.02199338404972583
            ],
            [
              0.026924921252400088,
              0.028711672774461156,
              0.028117250662510355,
              0.029488308368424677
            ],
            [
              0.040353364297617024,
              0.04324824547666423,
              0.04326267608899652,
              0.04258963744406702
            ],
            [
              0.06395151613450369,
              0.07389098500358046,
              0.06251832160460884,
              0.06835437657998668
            ],
            [
              0.1157898272317381,
              0.11204027047276012,
              0.1071020394539991,
              0.10794180667376811
            ],
            [
              0.1683700727408854,
              0.17235959686731842,
              0.16988507247434464,
              0.17080874433531731
            ],
            [
              0.2587208978710648,
              0.24603352811725995,
              0.24528865247730908,
              0.25196237280863304
            ],
            [
              0.3895165917020095,
              0.3853157687760838,
              0.36862409062938306,
              0.3398735147331037
            ],
            [
              0.5677266596660745,
              0.560609162970593,
              0.5906602272202977,
              0.5703601284484451
            ],
            [
              1.082383703071663,
              0.9837609183662603,
              0.9392970655337333,
              0.9616783829622145
            ]
          ],
          "port_nmse_db": [
            [
              -17.935745710570544,
              -16.814057692180995,
              -16.92939021655652,
              -17.025609888632253
            ],
            [
              -17.39593414373396,
              -16.329646118325666,
              -16.977670349566818,
              -16.57707942033041
            ],
            [
              -15.69845558213755,
              -15.419415042797093,
              -15.510271473959964,
              -15.303501405485978
            ],
            [
              -13.941202518964982,
              -13.640315065866615,
              -13.63886620016247,
              -13.70696056961031
            ],
            [
              -11.941491550001262,
              -11.314085440412022,
              -12.039926897641939,
              -11.652336732880109
            ],
            [
              -9.363295940730717,
              -9.5062585143107,
              -9.70202259185093,
              -9.668103172150175
            ],
            [
              -7.737351004761165,
              -7.63564530355913,
              -7.698447802059105,
              -7.674898999270635
            ],
            [
              -5.87168490249315,
              -6.090057055628111,
              -6.103225426231267,
              -5.986643104156574
            ],
            [
              -4.094740385532637,
              -4.141832174279363,
              -4.334162858138399,
              -4.686826772922748
            ],
            [
              -2.458607114219108,
              -2.5133980811864203,
              -2.286622718716819,
              -2.4385084185194197
            ],
            [
              0.34381244676659156,
              -0.07110434546571959,
              -0.2719703444453344,
              -0.16970146110225517
            ]
          ]
        },
        "B-100": {
          "snr": [
            30.0,
            27.0,
            24.0,
            21.0,
            18.0,
            15.0,
            12.0,
            9.0,
            6.0,
            3.0,
            0.0
          ],
          "nmse": [
            0.05620200939631672,
            0.055607021374232235,
            0.06171166898660025,
            0.07540889876155735,
            0.10432319351658947,
            0.14570782604671398,
            0.20814422844032768,
            0.2897857307674478,
            0.41148022658928973,
            0.6403872356862517,
            1.0324018266321269
          ],
          "nmse_db": [
            -12.502481567773483,
            -12.548703675625577,
            -12.096327079711385,
            -11.225774014113698,
            -9.816191268901044,
            -8.365171214103434,
            -6.816356270124624,
            -5.379230032731575,
            -3.8565102968497866,
            -1.9355733310232024,
            0.1384876427124174
          ],