{
  "timestamp": "2025-12-08T15:18:42.202005",
  "config": {
    "snr_list": [
      30.0,
      27.0,
      24.0,
      21.0,
      18.0,
      15.0,
      12.0,
      9.0,
      6.0,
      3.0,
      0.0
    ],
    "tdl_list": [
      "A-30",
      "B-100",
      "C-300"
    ],
    "num_batches": 100,
    "batch_size": 2048,
    "total_samples_per_point": 204800
  },
  "models": {
    "stages=2_share=True_loss=nmse": {
      "config": {
        "seq_len": 12,
        "num_ports": 4,
        "hidden_dim": 64,
        "num_stages": 2,
        "share_weights": true,
        "normalize_energy": true,
        "pos_values": [
          0,
          3,
          6,
          9
        ],
        "num_params": 52320
      },
      "tdl_results": {
        "A-30": {
          "snr": [
            30.0,
            27.0,
            24.0,
            21.0,
            18.0,
            15.0,
            12.0,
            9.0,
            6.0,
            3.0,
            0.0
          ],
          "nmse": [
            0.03256635115128854,
            0.034425233755022544,
            0.038169825032969174,
            0.04528501123101307,
            0.05866844720486958,
            0.08303933412195073,
            0.1259217459711912,
            0.19766598863721555,
            0.31394050729955164,
            0.5052892662525611,
            0.8341339695409314
          ],
          "nmse_db": [
            -14.872308985930529,
            -14.631231021045394,
            -14.182798308130222,
            -13.440455202130085,
            -12.31595406231955,
            -10.807161420139444,
            -8.998992632220103,
            -7.040680510600587,
            -5.031526442818576,
            -2.964599272848157,
            -0.7876419209628973
          ],
          "port_nmse": [
            [
              0.035566344134278054,
              0.03066758064941683,
              0.028539388105461,
              0.03550355845964731
            ],
            [
              0.03750030601164583,
              0.032458418232674424,
              0.03047583588596977,
              0.037242040520609324
            ],
            [
              0.041442799957150674,
              0.036036278074487546,
              0.03413441756519398,
              0.04105392187798572
            ],
            [
              0.048949371380986144,
              0.042764846738973294,
              0.04102197415824358,
              0.04841590008697531
            ],
            [
              0.06313472634140224,
              0.055828958698641636,
              0.05408229839248982,
              0.06163248399238679
            ],
            [
              0.08877621907367332,
              0.0799716611880742,
              0.07804003550257181,
              0.0853712596962617
            ],
            [
              0.13329343797697962,
              0.12354297947037325,
              0.119969392595935,
              0.12688321572728256
            ],
            [
              0.20633211833955215,
              0.1982394970376934,
              0.19097052532312497,
              0.1951328224223685
            ],
            [
              0.32191851631346347,
              0.3223106031501763,
              0.3062563919111094,
              0.30527397196996425
            ],
            [
              0.5063328000619941,
              0.5387663198335372,
              0.4916677733677458,
              0.48420337571941535
            ],
            [
              0.8245653811635639,
              0.921341946461843,
              0.8048304288922737,
              0.7858489580790391
            ]
          ],
          "port_nmse_db": [
            [
              -14.489607736645947,
              -15.133204839474786,
              -15.445553425483018,
              -14.497281161860617
            ],
            [
              -14.259651883088962,
              -14.886726480821595,
              -15.160443737920843,
              -14.28966531703505
            ],
            [
              -13.825509104814213,
              -14.432600705004928,
              -14.66807503106147,
              -13.866453484444275
            ],
            [
              -13.102528811340186,
              -13.68913080060381,
              -13.869834432996576,
              -13.150119898837758
            ],
            [
              -11.99731697649397,
              -12.531404723761753,
              -12.669448600034594,
              -12.101903284165402
            ],
            [
              -10.517033552602616,
              -10.970638826332188,
              -11.076825417048964,
              -10.686883102955683
            ],
            [
              -8.751912303350954,
              -9.081819290470643,
              -9.20929539970701,
              -8.965958231308488
            ],
            [
              -6.854331630500209,
              -7.02809812834595,
              -7.1903365724081,
              -7.096696737218375
            ],
            [
              -4.9225404257040095,
              -4.917254071346798,
              -5.139148383245389,
              -5.153102225984715
            ],
            [
              -2.955639382569853,
              -2.68599561367075,
              -3.0832825684555347,
              -3.149721871140214
            ],
            [
              -0.8377490272074104,
              -0.3557915601384858,
              -0.9429561224567189,
              -1.046609183070538
            ]
          ]
        },
        "B-100": {
          "snr": [
            30.0,
            27.0,
            24.0,
            21.0,
            18.0,
            15.0,
            12.0,
            9.0,
            6.0,
            3.0,
            0.0
          ],
          "nmse": [
            0.045063486065590054,
            0.04705997931471604,
            0.05087655446733357,
            0.058377048259954,
            0.07246848207097735,
            0.09851060660906784,
            0.1431557378846505,
            0.21694032128271362,
            0.33434474566775935,
            0.5267069903327819,
            0.8559534056034285
          ],
          "nmse_db": [
            -13.461752147318538,
            -13.273482680547415,
            -12.934823082576955,
            -12.337578681836101,
            -11.398508353438237,
            -10.065170066212053,
            -8.441912401558247,
            -6.636597210004291,
            -4.7580549748405625,
            -2.784309177488261,
            -0.6754987579023028
          ],