benchmark_id,timestamp,device,run_name,run_dir,experiment_name,model_label,training_label,model_type,seq_len,num_ports,execution_mode,requested_precision_profile,effective_execution_dtype,batch_size,num_threads,status,skip_reason,graph_prep_time_ms,warmup_iters,measure_iters,mean_latency_ms,std_latency_ms,min_latency_ms,p50_latency_ms,p90_latency_ms,p95_latency_ms,p99_latency_ms,max_latency_ms,throughput_samples_per_sec,samples_per_ms,p50_latency_us,latency_per_sample_us,throughput_per_thread,trainable_parameters,macs_per_sample,flops_per_sample_estimate,thread_group,threads_per_physical_core_ratio,threads_per_logical_cpu_ratio,cpu_model_name,cpu_capability,cpu_flag_summary,mkldnn_available,mkldnn_enabled,onednn_version,logical_cpu_count,physical_cpu_count,hostname,python_version,pytorch_version
20260424_010536,2026-04-24T06:14:13.342248,cpu,full_mlp_capacity_search_hd256_depth3,/home/liangyi/SRS_AI/Model_AIIC_refactor/experiments_refactored/20260422_050408_full_mlp_capacity_search_v2/full_mlp_capacity_search_hd256_depth3,full_mlp_capacity_search_v2,full_mlp_capacity_search_hd256_depth3,supervised_nmse_plateau,full_mlp,12,6,eager,fp32,float32,1,1,ok,,0.0,20,50,0.03872246,0.0025288581155137983,0.035782,0.037255,0.041608400000000004,0.0429208,0.04504768,0.045473,25824.805552126596,25.824805552126595,37.255,37.255,25824.805552126596,43408,43008,86488,single-thread,0.0078125,0.00390625,Intel(R) Xeon(R) 6760P,AVX512,"avx2,avx512f,avx512bw,avx512vl,avx512_vnni,avx512_bf16,amx_bf16,amx_int8,amx_tile,fma",True,True,,256,128,sh14l07002s1404,3.11.9,2.1.2+cu121
20260424_010536,2026-04-24T06:14:13.342248,cpu,full_mlp_capacity_search_hd256_depth3,/home/liangyi/SRS_AI/Model_AIIC_refactor/experiments_refactored/20260422_050408_full_mlp_capacity_search_v2/full_mlp_capacity_search_hd256_depth3,full_mlp_capacity_search_v2,full_mlp_capacity_search_hd256_depth3,supervised_nmse_plateau,full_mlp,12,6,eager,fp32,float32,1,2,ok,,0.0,20,50,0.0447159,0.0057996518904154925,0.039735,0.043192999999999995,0.0491573,0.049672249999999994,0.06503560999999994,0.079104,22363.409883285363,22.363409883285364,43.193,43.193,11181.704941642682,43408,43008,86488,sub-physical,0.015625,0.0078125,Intel(R) Xeon(R) 6760P,AVX512,"avx2,avx512f,avx512bw,avx512vl,avx512_vnni,avx512_bf16,amx_bf16,amx_int8,amx_tile,fma",True,True,,256,128,sh14l07002s1404,3.11.9,2.1.2+cu121
20260424_010536,2026-04-24T06:14:13.342248,cpu,full_mlp_capacity_search_hd256_depth3,/home/liangyi/SRS_AI/Model_AIIC_refactor/experiments_refactored/20260422_050408_full_mlp_capacity_search_v2/full_mlp_capacity_search_hd256_depth3,full_mlp_capacity_search_v2,full_mlp_capacity_search_hd256_depth3,supervised_nmse_plateau,full_mlp,12,6,eager,fp32,float32,1,4,ok,,0.0,20,50,0.04049106,0.0025831642255961964,0.0371,0.0396665,0.0436258,0.0439532,0.04694438999999999,0.049634,24696.80961674009,24.69680961674009,39.6665,39.6665,6174.202404185023,43408,43008,86488,sub-physical,0.03125,0.015625,Intel(R) Xeon(R) 6760P,AVX512,"avx2,avx512f,avx512bw,avx512vl,avx512_vnni,avx512_bf16,amx_bf16,amx_int8,amx_tile,fma",True,True,,256,128,sh14l07002s1404,3.11.9,2.1.2+cu121
20260424_010536,2026-04-24T06:14:13.342248,cpu,full_mlp_capacity_search_hd256_depth3,/home/liangyi/SRS_AI/Model_AIIC_refactor/experiments_refactored/20260422_050408_full_mlp_capacity_search_v2/full_mlp_capacity_search_hd256_depth3,full_mlp_capacity_search_v2,full_mlp_capacity_search_hd256_depth3,supervised_nmse_plateau,full_mlp,12,6,eager,fp32,float32,1,8,ok,,0.0,20,50,0.04132664,0.003039386995826626,0.038226,0.0395635,0.0462566,0.04658985,0.04716472,0.047347,24197.46681559401,24.19746681559401,39.563500000000005,39.563500000000005,3024.683351949251,43408,43008,86488,sub-physical,0.0625,0.03125,Intel(R) Xeon(R) 6760P,AVX512,"avx2,avx512f,avx512bw,avx512vl,avx512_vnni,avx512_bf16,amx_bf16,amx_int8,amx_tile,fma",True,True,,256,128,sh14l07002s1404,3.11.9,2.1.2+cu121
20260424_010536,2026-04-24T06:14:13.342248,cpu,full_mlp_capacity_search_hd256_depth3,/home/liangyi/SRS_AI/Model_AIIC_refactor/experiments_refactored/20260422_050408_full_mlp_capacity_search_v2/full_mlp_capacity_search_hd256_depth3,full_mlp_capacity_search_v2,full_mlp_capacity_search_hd256_depth3,supervised_nmse_plateau,full_mlp,12,6,eager,fp32,float32,1,128,ok,,0.0,20,50,0.0419993,0.004980242798298091,0.037421,0.039624,0.046698,0.049206849999999996,0.05875934999999999,0.061202,23809.9206415345,23.8099206415345,39.624,39.624,186.01500501198828,43408,43008,86488,all-physical,1.0,0.5,Intel(R) Xeon(R) 6760P,AVX512,"avx2,avx512f,avx512bw,avx512vl,avx512_vnni,avx512_bf16,amx_bf16,amx_int8,amx_tile,fma",True,True,,256,128,sh14l07002s1404,3.11.9,2.1.2+cu121
20260424_010536,2026-04-24T06:14:13.342248,cpu,full_mlp_capacity_search_hd256_depth3,/home/liangyi/SRS_AI/Model_AIIC_refactor/experiments_refactored/20260422_050408_full_mlp_capacity_search_v2/full_mlp_capacity_search_hd256_depth3,full_mlp_capacity_search_v2,full_mlp_capacity_search_hd256_depth3,supervised_nmse_plateau,full_mlp,12,6,eager,fp32,float32,2,1,ok,,0.0,20,50,0.04008266,0.002752352460060303,0.037187,0.0385345,0.0440294,0.04472525,0.04703366,0.048291,49896.888080781064,49.89688808078106,38.5345,19.26725,49896.888080781064,43408,43008,86488,single-thread,0.0078125,0.00390625,Intel(R) Xeon(R) 6760P,AVX512,"avx2,avx512f,avx512bw,avx512vl,avx512_vnni,avx512_bf16,amx_bf16,amx_int8,amx_tile,fma",True,True,,256,128,sh14l07002s1404,3.11.9,2.1.2+cu121
20260424_010536,2026-04-24T06:14:13.342248,cpu,full_mlp_capacity_search_hd256_depth3,/home/liangyi/SRS_AI/Model_AIIC_refactor/experiments_refactored/20260422_050408_full_mlp_capacity_search_v2/full_mlp_capacity_search_hd256_depth3,full_mlp_capacity_search_v2,full_mlp_capacity_search_hd256_depth3,supervised_nmse_plateau,full_mlp,12,6,eager,fp32,float32,2,2,ok,,0.0,20,50,0.04110242,0.003183152909239517,0.03779,0.0394445,0.0441424,0.0459963,0.05104380999999999,0.053901,48658.93541061572,48.65893541061572,39.4445,19.72225,24329.46770530786,43408,43008,86488,sub-physical,0.015625,0.0078125,Intel(R) Xeon(R) 6760P,AVX512,"avx2,avx512f,avx512bw,avx512vl,avx512_vnni,avx512_bf16,amx_bf16,amx_int8,amx_tile,fma",True,True,,256,128,sh14l07002s1404,3.11.9,2.1.2+cu121
20260424_010536,2026-04-24T06:14:13.342248,cpu,full_mlp_capacity_search_hd256_depth3,/home/liangyi/SRS_AI/Model_AIIC_refactor/experiments_refactored/20260422_050408_full_mlp_capacity_search_v2/full_mlp_capacity_search_hd256_depth3,full_mlp_capacity_search_v2,full_mlp_capacity_search_hd256_depth3,supervised_nmse_plateau,full_mlp,12,6,eager,fp32,float32,2,4,ok,,0.0,20,50,0.04061914,0.0030258156256454225,0.037663,0.038893,0.044330600000000005,0.04480745,0.049538879999999993,0.050954,49237.871604371736,49.23787160437173,38.892999999999994,19.446499999999997,12309.467901092934,43408,43008,86488,sub-physical,0.03125,0.015625,Intel(R) Xeon(R) 6760P,AVX512,"avx2,avx512f,avx512bw,avx512vl,avx512_vnni,avx512_bf16,amx_bf16,amx_int8,amx_tile,fma",True,True,,256,128,sh14l07002s1404,3.11.9,2.1.2+cu121
20260424_010536,2026-04-24T06:14:13.342248,cpu,full_mlp_capacity_search_hd256_depth3,/home/liangyi/SRS_AI/Model_AIIC_refactor/experiments_refactored/20260422_050408_full_mlp_capacity_search_v2/full_mlp_capacity_search_hd256_depth3,full_mlp_capacity_search_v2,full_mlp_capacity_search_hd256_depth3,supervised_nmse_plateau,full_mlp,12,6,eager,fp32,float32,2,8,ok,,0.0,20,50,0.04033912,0.00305106749607412,0.03769,0.0388535,0.0438942,0.045112849999999996,0.049937809999999985,0.052795,49579.66361189833,49.57966361189833,38.8535,19.42675,6197.457951487291,43408,43008,86488,sub-physical,0.0625,0.03125,Intel(R) Xeon(R) 6760P,AVX512,"avx2,avx512f,avx512bw,avx512vl,avx512_vnni,avx512_bf16,amx_bf16,amx_int8,amx_tile,fma",True,True,,256,128,sh14l07002s1404,3.11.9,2.1.2+cu121
20260424_010536,2026-04-24T06:14:13.342248,cpu,full_mlp_capacity_search_hd256_depth3,/home/liangyi/SRS_AI/Model_AIIC_refactor/experiments_refactored/20260422_050408_full_mlp_capacity_search_v2/full_mlp_capacity_search_hd256_depth3,full_mlp_capacity_search_v2,full_mlp_capacity_search_hd256_depth3,supervised_nmse_plateau,full_mlp,12,6,eager,fp32,float32,2,128,ok,,0.0,20,50,0.046685,0.006256519128077528,0.042257,0.0442325,0.0582473,0.0591056,0.06822392999999996,0.076183,42840.31273428296,42.84031273428296,44.2325,22.11625,334.68994323658563,43408,43008,86488,all-physical,1.0,0.5,Intel(R) Xeon(R) 6760P,AVX512,"avx2,avx512f,avx512bw,avx512vl,avx512_vnni,avx512_bf16,amx_bf16,amx_int8,amx_tile,fma",True,True,,256,128,sh14l07002s1404,3.11.9,2.1.2+cu121
20260424_010536,2026-04-24T06:14:13.342248,cpu,full_mlp_capacity_search_hd256_depth3,/home/liangyi/SRS_AI/Model_AIIC_refactor/experiments_refactored/20260422_050408_full_mlp_capacity_search_v2/full_mlp_capacity_search_hd256_depth3,full_mlp_capacity_search_v2,full_mlp_capacity_search_hd256_depth3,supervised_nmse_plateau,full_mlp,12,6,eager,fp32,float32,4,1,ok,,0.0,20,50,0.042863860000000004,0.002989570009282271,0.03973,0.041362499999999996,0.0462689,0.04737455,0.05086292999999999,0.053824,93318.70718129443,93.31870718129443,41.3625,10.340625,93318.70718129443,43408,43008,86488,single-thread,0.0078125,0.00390625,Intel(R) Xeon(R) 6760P,AVX512,"avx2,avx512f,avx512bw,avx512vl,avx512_vnni,avx512_bf16,amx_bf16,amx_int8,amx_tile,fma",True,True,,256,128,sh14l07002s1404,3.11.9,2.1.2+cu121
20260424_010536,2026-04-24T06:14:13.342248,cpu,full_mlp_capacity_search_hd256_depth3,/home/liangyi/SRS_AI/Model_AIIC_refactor/experiments_refactored/20260422_050408_full_mlp_capacity_search_v2/full_mlp_capacity_search_hd256_depth3,full_mlp_capacity_search_v2,full_mlp_capacity_search_hd256_depth3,supervised_nmse_plateau,full_mlp,12,6,eager,fp32,float32,4,2,ok,,0.0,20,50,0.04228954,0.0025637727684800775,0.039653,0.040909,0.046272400000000005,0.04694405,0.0474612,0.047765,94586.0371146151,94.5860371146151,40.909,10.22725,47293.01855730755,43408,43008,86488,sub-physical,0.015625,0.0078125,Intel(R) Xeon(R) 6760P,AVX512,"avx2,avx512f,avx512bw,avx512vl,avx512_vnni,avx512_bf16,amx_bf16,amx_int8,amx_tile,fma",True,True,,256,128,sh14l07002s1404,3.11.9,2.1.2+cu121
20260424_010536,2026-04-24T06:14:13.342248,cpu,full_mlp_capacity_search_hd256_depth3,/home/liangyi/SRS_AI/Model_AIIC_refactor/experiments_refactored/20260422_050408_full_mlp_capacity_search_v2/full_mlp_capacity_search_hd256_depth3,full_mlp_capacity_search_v2,full_mlp_capacity_search_hd256_depth3,supervised_nmse_plateau,full_mlp,12,6,eager,fp32,float32,4,4,ok,,0.0,20,50,0.0484961,0.0031121392594162622,0.044291,0.047742,0.0516229,0.054554200000000004,0.05758542,0.058341,82480.85928559204,82.48085928559205,47.742,11.9355,20620.21482139801,43408,43008,86488,sub-physical,0.03125,0.015625,Intel(R) Xeon(R) 6760P,AVX512,"avx2,avx512f,avx512bw,avx512vl,avx512_vnni,avx512_bf16,amx_bf16,amx_int8,amx_tile,fma",True,True,,256,128,sh14l07002s1404,3.11.9,2.1.2+cu121
20260424_010536,2026-04-24T06:14:13.342248,cpu,full_mlp_capacity_search_hd256_depth3,/home/liangyi/SRS_AI/Model_AIIC_refactor/experiments_refactored/20260422_050408_full_mlp_capacity_search_v2/full_mlp_capacity_search_hd256_depth3,full_mlp_capacity_search_v2,full_mlp_capacity_search_hd256_depth3,supervised_nmse_plateau,full_mlp,12,6,eager,fp32,float32,4,8,ok,,0.0,20,50,0.04601846,0.012896609559430727,0.040185,0.044137499999999996,0.0491444,0.0508785,0.09445553999999984,0.133437,86921.63970719578,86.92163970719578,44.137499999999996,11.034374999999999,10865.204963399472,43408,43008,86488,sub-physical,0.0625,0.03125,Intel(R) Xeon(R) 6760P,AVX512,"avx2,avx512f,avx512bw,avx512vl,avx512_vnni,avx512_bf16,amx_bf16,amx_int8,amx_tile,fma",True,True,,256,128,sh14l07002s1404,3.11.9,2.1.2+cu121
20260424_010536,2026-04-24T06:14:13.342248,cpu,full_mlp_capacity_search_hd256_depth3,/home/liangyi/SRS_AI/Model_AIIC_refactor/experiments_refactored/20260422_050408_full_mlp_capacity_search_v2/full_mlp_capacity_search_hd256_depth3,full_mlp_capacity_search_v2,full_mlp_capacity_search_hd256_depth3,supervised_nmse_plateau,full_mlp,12,6,eager,fp32,float32,4,128,ok,,0.0,20,50,0.04935448,0.010326433909612747,0.039746,0.0453605,0.060583,0.06141515,0.07576770999999996,0.086166,81046.3406766721,81.0463406766721,45.360499999999995,11.340124999999999,633.1745365365008,43408,43008,86488,all-physical,1.0,0.5,Intel(R) Xeon(R) 6760P,AVX512,"avx2,avx512f,avx512bw,avx512vl,avx512_vnni,avx512_bf16,amx_bf16,amx_int8,amx_tile,fma",True,True,,256,128,sh14l07002s1404,3.11.9,2.1.2+cu121
20260424_010536,2026-04-24T06:14:13.342248,cpu,full_mlp_capacity_search_hd256_depth3,/home/liangyi/SRS_AI/Model_AIIC_refactor/experiments_refactored/20260422_050408_full_mlp_capacity_search_v2/full_mlp_capacity_search_hd256_depth3,full_mlp_capacity_search_v2,full_mlp_capacity_search_hd256_depth3,supervised_nmse_plateau,full_mlp,12,6,eager,fp32,float32,8,1,ok,,0.0,20,50,0.04775294,0.0035035258663808954,0.043074,0.0476145,0.052926100000000004,0.05347855,0.056048209999999994,0.057847,167528.95214409835,167.52895214409835,47.6145,5.9518125,167528.95214409835,43408,43008,86488,single-thread,0.0078125,0.00390625,Intel(R) Xeon(R) 6760P,AVX512,"avx2,avx512f,avx512bw,avx512vl,avx512_vnni,avx512_bf16,amx_bf16,amx_int8,amx_tile,fma",True,True,,256,128,sh14l07002s1404,3.11.9,2.1.2+cu121
20260424_010536,2026-04-24T06:14:13.342248,cpu,full_mlp_capacity_search_hd256_depth3,/home/liangyi/SRS_AI/Model_AIIC_refactor/experiments_refactored/20260422_050408_full_mlp_capacity_search_v2/full_mlp_capacity_search_hd256_depth3,full_mlp_capacity_search_v2,full_mlp_capacity_search_hd256_depth3,supervised_nmse_plateau,full_mlp,12,6,eager,fp32,float32,8,2,ok,,0.0,20,50,0.05719094,0.004022246806997303,0.053111,0.0552275,0.0607011,0.0630486,0.07167643999999998,0.076696,139882.29604199546,139.88229604199546,55.2275,6.9034375,69941.14802099773,43408,43008,86488,sub-physical,0.015625,0.0078125,Intel(R) Xeon(R) 6760P,AVX512,"avx2,avx512f,avx512bw,avx512vl,avx512_vnni,avx512_bf16,amx_bf16,amx_int8,amx_tile,fma",True,True,,256,128,sh14l07002s1404,3.11.9,2.1.2+cu121
20260424_010536,2026-04-24T06:14:13.342248,cpu,full_mlp_capacity_search_hd256_depth3,/home/liangyi/SRS_AI/Model_AIIC_refactor/experiments_refactored/20260422_050408_full_mlp_capacity_search_v2/full_mlp_capacity_search_hd256_depth3,full_mlp_capacity_search_v2,full_mlp_capacity_search_hd256_depth3,supervised_nmse_plateau,full_mlp,12,6,eager,fp32,float32,8,4,ok,,0.0,20,50,0.05404202,0.0029086188027309455,0.049591,0.05365,0.0579774,0.059140649999999996,0.060898539999999994,0.06166,148032.95657712276,148.03295657712277,53.650000000000006,6.706250000000001,37008.23914428069,43408,43008,86488,sub-physical,0.03125,0.015625,Intel(R) Xeon(R) 6760P,AVX512,"avx2,avx512f,avx512bw,avx512vl,avx512_vnni,avx512_bf16,amx_bf16,amx_int8,amx_tile,fma",True,True,,256,128,sh14l07002s1404,3.11.9,2.1.2+cu121
20260424_010536,2026-04-24T06:14:13.342248,cpu,full_mlp_capacity_search_hd256_depth3,/home/liangyi/SRS_AI/Model_AIIC_refactor/experiments_refactored/20260422_050408_full_mlp_capacity_search_v2/full_mlp_capacity_search_hd256_depth3,full_mlp_capacity_search_v2,full_mlp_capacity_search_hd256_depth3,supervised_nmse_plateau,full_mlp,12,6,eager,fp32,float32,8,8,ok,,0.0,20,50,0.05085226,0.003691100897076643,0.046026,0.049822500000000006,0.0547482,0.05509685,0.06245783,0.063307,157318.4751277524,157.3184751277524,49.822500000000005,6.227812500000001,19664.80939096905,43408,43008,86488,sub-physical,0.0625,0.03125,Intel(R) Xeon(R) 6760P,AVX512,"avx2,avx512f,avx512bw,avx512vl,avx512_vnni,avx512_bf16,amx_bf16,amx_int8,amx_tile,fma",True,True,,256,128,sh14l07002s1404,3.11.9,2.1.2+cu121
20260424_010536,2026-04-24T06:14:13.342248,cpu,full_mlp_capacity_search_hd256_depth3,/home/liangyi/SRS_AI/Model_AIIC_refactor/experiments_refactored/20260422_050408_full_mlp_capacity_search_v2/full_mlp_capacity_search_hd256_depth3,full_mlp_capacity_search_v2,full_mlp_capacity_search_hd256_depth3,supervised_nmse_plateau,full_mlp,12,6,eager,fp32,float32,8,128,ok,,0.0,20,50,0.10853208,0.0059682937958515404,0.102359,0.10682649999999999,0.1163187,0.1199734,0.12859849999999998,0.13465,73710.92491731477,73.71092491731477,106.8265,13.3533125,575.8666009165216,43408,43008,86488,all-physical,1.0,0.5,Intel(R) Xeon(R) 6760P,AVX512,"avx2,avx512f,avx512bw,avx512vl,avx512_vnni,avx512_bf16,amx_bf16,amx_int8,amx_tile,fma",True,True,,256,128,sh14l07002s1404,3.11.9,2.1.2+cu121
20260424_010536,2026-04-24T06:14:13.342248,cpu,full_mlp_capacity_search_hd256_depth3,/home/liangyi/SRS_AI/Model_AIIC_refactor/experiments_refactored/20260422_050408_full_mlp_capacity_search_v2/full_mlp_capacity_search_hd256_depth3,full_mlp_capacity_search_v2,full_mlp_capacity_search_hd256_depth3,supervised_nmse_plateau,full_mlp,12,6,eager,fp32,float32,16,1,ok,,0.0,20,50,0.05523144,0.006968942680665412,0.050541,0.052348,0.059300700000000005,0.06129905,0.08088925999999994,0.09717,289690.075073183,289.690075073183,52.348,3.27175,289690.075073183,43408,43008,86488,single-thread,0.0078125,0.00390625,Intel(R) Xeon(R) 6760P,AVX512,"avx2,avx512f,avx512bw,avx512vl,avx512_vnni,avx512_bf16,amx_bf16,amx_int8,amx_tile,fma",True,True,,256,128,sh14l07002s1404,3.11.9,2.1.2+cu121
20260424_010536,2026-04-24T06:14:13.342248,cpu,full_mlp_capacity_search_hd256_depth3,/home/liangyi/SRS_AI/Model_AIIC_refactor/experiments_refactored/20260422_050408_full_mlp_capacity_search_v2/full_mlp_capacity_search_hd256_depth3,full_mlp_capacity_search_v2,full_mlp_capacity_search_hd256_depth3,supervised_nmse_plateau,full_mlp,12,6,eager,fp32,float32,16,2,ok,,0.0,20,50,0.0623026,0.00511227362726214,0.055923,0.062466999999999995,0.06981849999999999,0.0706569,0.07599767999999998,0.079363,256811.11221682563,256.8111122168256,62.46699999999999,3.9041874999999995,128405.55610841281,43408,43008,86488,sub-physical,0.015625,0.0078125,Intel(R) Xeon(R) 6760P,AVX512,"avx2,avx512f,avx512bw,avx512vl,avx512_vnni,avx512_bf16,amx_bf16,amx_int8,amx_tile,fma",True,True,,256,128,sh14l07002s1404,3.11.9,2.1.2+cu121
20260424_010536,2026-04-24T06:14:13.342248,cpu,full_mlp_capacity_search_hd256_depth3,/home/liangyi/SRS_AI/Model_AIIC_refactor/experiments_refactored/20260422_050408_full_mlp_capacity_search_v2/full_mlp_capacity_search_hd256_depth3,full_mlp_capacity_search_v2,full_mlp_capacity_search_hd256_depth3,supervised_nmse_plateau,full_mlp,12,6,eager,fp32,float32,16,4,ok,,0.0,20,50,0.06048172,0.0041188725886582124,0.053488,0.0603045,0.0659459,0.06716254999999999,0.06798779,0.068443,264542.7411786569,264.5427411786569,60.3045,3.76903125,66135.68529466423,43408,43008,86488,sub-physical,0.03125,0.015625,Intel(R) Xeon(R) 6760P,AVX512,"avx2,avx512f,avx512bw,avx512vl,avx512_vnni,avx512_bf16,amx_bf16,amx_int8,amx_tile,fma",True,True,,256,128,sh14l07002s1404,3.11.9,2.1.2+cu121
20260424_010536,2026-04-24T06:14:13.342248,cpu,full_mlp_capacity_search_hd256_depth3,/home/liangyi/SRS_AI/Model_AIIC_refactor/experiments_refactored/20260422_050408_full_mlp_capacity_search_v2/full_mlp_capacity_search_hd256_depth3,full_mlp_capacity_search_v2,full_mlp_capacity_search_hd256_depth3,supervised_nmse_plateau,full_mlp,12,6,eager,fp32,float32,16,8,ok,,0.0,20,50,0.06012426,0.011043309423918178,0.053379,0.057387999999999995,0.06681200000000001,0.0711462,0.10287324999999989,0.129615,266115.5413804677,266.11554138046773,57.38799999999999,3.5867499999999994,33264.44267255846,43408,43008,86488,sub-physical,0.0625,0.03125,Intel(R) Xeon(R) 6760P,AVX512,"avx2,avx512f,avx512bw,avx512vl,avx512_vnni,avx512_bf16,amx_bf16,amx_int8,amx_tile,fma",True,True,,256,128,sh14l07002s1404,3.11.9,2.1.2+cu121
20260424_010536,2026-04-24T06:14:13.342248,cpu,full_mlp_capacity_search_hd256_depth3,/home/liangyi/SRS_AI/Model_AIIC_refactor/experiments_refactored/20260422_050408_full_mlp_capacity_search_v2/full_mlp_capacity_search_hd256_depth3,full_mlp_capacity_search_v2,full_mlp_capacity_search_hd256_depth3,supervised_nmse_plateau,full_mlp,12,6,eager,fp32,float32,16,128,ok,,0.0,20,50,0.13936618,0.01111415554091268,0.122938,0.1373075,0.1507513,0.15569475,0.17954505999999995,0.191553,114805.4714565614,114.80547145656139,137.3075,8.58171875,896.9177457543859,43408,43008,86488,all-physical,1.0,0.5,Intel(R) Xeon(R) 6760P,AVX512,"avx2,avx512f,avx512bw,avx512vl,avx512_vnni,avx512_bf16,amx_bf16,amx_int8,amx_tile,fma",True,True,,256,128,sh14l07002s1404,3.11.9,2.1.2+cu121
20260424_010536,2026-04-24T06:14:13.342248,cpu,full_mlp_capacity_search_hd256_depth3,/home/liangyi/SRS_AI/Model_AIIC_refactor/experiments_refactored/20260422_050408_full_mlp_capacity_search_v2/full_mlp_capacity_search_hd256_depth3,full_mlp_capacity_search_v2,full_mlp_capacity_search_hd256_depth3,supervised_nmse_plateau,full_mlp,12,6,eager,fp32,float32,32,1,ok,,0.0,20,50,0.06511216,0.007537156517838806,0.05924,0.0601105,0.0775012,0.07778735,0.08063239999999999,0.081534,491459.6597624775,491.4596597624775,60.110499999999995,1.8784531249999998,491459.6597624775,43408,43008,86488,single-thread,0.0078125,0.00390625,Intel(R) Xeon(R) 6760P,AVX512,"avx2,avx512f,avx512bw,avx512vl,avx512_vnni,avx512_bf16,amx_bf16,amx_int8,amx_tile,fma",True,True,,256,128,sh14l07002s1404,3.11.9,2.1.2+cu121
20260424_010536,2026-04-24T06:14:13.342248,cpu,full_mlp_capacity_search_hd256_depth3,/home/liangyi/SRS_AI/Model_AIIC_refactor/experiments_refactored/20260422_050408_full_mlp_capacity_search_v2/full_mlp_capacity_search_hd256_depth3,full_mlp_capacity_search_v2,full_mlp_capacity_search_hd256_depth3,supervised_nmse_plateau,full_mlp,12,6,eager,fp32,float32,32,2,ok,,0.0,20,50,0.09525552,0.01444161103373166,0.079195,0.0941645,0.0996669,0.10323219999999998,0.1568586099999999,0.179698,335938.53668532806,335.9385366853281,94.1645,2.942640625,167969.26834266403,43408,43008,86488,sub-physical,0.015625,0.0078125,Intel(R) Xeon(R) 6760P,AVX512,"avx2,avx512f,avx512bw,avx512vl,avx512_vnni,avx512_bf16,amx_bf16,amx_int8,amx_tile,fma",True,True,,256,128,sh14l07002s1404,3.11.9,2.1.2+cu121
20260424_010536,2026-04-24T06:14:13.342248,cpu,full_mlp_capacity_search_hd256_depth3,/home/liangyi/SRS_AI/Model_AIIC_refactor/experiments_refactored/20260422_050408_full_mlp_capacity_search_v2/full_mlp_capacity_search_hd256_depth3,full_mlp_capacity_search_v2,full_mlp_capacity_search_hd256_depth3,supervised_nmse_plateau,full_mlp,12,6,eager,fp32,float32,32,4,ok,,0.0,20,50,0.07916292,0.006525466649489522,0.070195,0.07782049999999999,0.0891494,0.0920484,0.09277243,0.092965,404229.6570161889,404.2296570161889,77.82049999999998,2.4318906249999994,101057.41425404722,43408,43008,86488,sub-physical,0.03125,0.015625,Intel(R) Xeon(R) 6760P,AVX512,"avx2,avx512f,avx512bw,avx512vl,avx512_vnni,avx512_bf16,amx_bf16,amx_int8,amx_tile,fma",True,True,,256,128,sh14l07002s1404,3.11.9,2.1.2+cu121
20260424_010536,2026-04-24T06:14:13.342248,cpu,full_mlp_capacity_search_hd256_depth3,/home/liangyi/SRS_AI/Model_AIIC_refactor/experiments_refactored/20260422_050408_full_mlp_capacity_search_v2/full_mlp_capacity_search_hd256_depth3,full_mlp_capacity_search_v2,full_mlp_capacity_search_hd256_depth3,supervised_nmse_plateau,full_mlp,12,6,eager,fp32,float32,32,8,ok,,0.0,20,50,0.07003896,0.013812633614137456,0.060179,0.0667815,0.0740683,0.07844289999999998,0.12589062999999986,0.159511,456888.56602096895,456.88856602096894,66.7815,2.086921875,57111.07075262112,43408,43008,86488,sub-physical,0.0625,0.03125,Intel(R) Xeon(R) 6760P,AVX512,"avx2,avx512f,avx512bw,avx512vl,avx512_vnni,avx512_bf16,amx_bf16,amx_int8,amx_tile,fma",True,True,,256,128,sh14l07002s1404,3.11.9,2.1.2+cu121
20260424_010536,2026-04-24T06:14:13.342248,cpu,full_mlp_capacity_search_hd256_depth3,/home/liangyi/SRS_AI/Model_AIIC_refactor/experiments_refactored/20260422_050408_full_mlp_capacity_search_v2/full_mlp_capacity_search_hd256_depth3,full_mlp_capacity_search_v2,full_mlp_capacity_search_hd256_depth3,supervised_nmse_plateau,full_mlp,12,6,eager,fp32,float32,32,128,ok,,0.0,20,50,0.11779732,0.006058505087692839,0.104222,0.11847450000000001,0.1248944,0.1262631,0.13093272,0.130968,271653.0393051387,271.6530393051387,118.4745,3.702328125,2122.289369571396,43408,43008,86488,all-physical,1.0,0.5,Intel(R) Xeon(R) 6760P,AVX512,"avx2,avx512f,avx512bw,avx512vl,avx512_vnni,avx512_bf16,amx_bf16,amx_int8,amx_tile,fma",True,True,,256,128,sh14l07002s1404,3.11.9,2.1.2+cu121
20260424_010536,2026-04-24T06:14:13.342248,cpu,full_mlp_capacity_search_hd256_depth3,/home/liangyi/SRS_AI/Model_AIIC_refactor/experiments_refactored/20260422_050408_full_mlp_capacity_search_v2/full_mlp_capacity_search_hd256_depth3,full_mlp_capacity_search_v2,full_mlp_capacity_search_hd256_depth3,supervised_nmse_plateau,full_mlp,12,6,eager,fp32,float32,64,1,ok,,0.0,20,50,0.08981272,0.02374970058088312,0.075401,0.0835025,0.1005214,0.10665005,0.18837615999999982,0.233219,712593.9399229864,712.5939399229865,83.5025,1.3047265625,712593.9399229864,43408,43008,86488,single-thread,0.0078125,0.00390625,Intel(R) Xeon(R) 6760P,AVX512,"avx2,avx512f,avx512bw,avx512vl,avx512_vnni,avx512_bf16,amx_bf16,amx_int8,amx_tile,fma",True,True,,256,128,sh14l07002s1404,3.11.9,2.1.2+cu121
20260424_010536,2026-04-24T06:14:13.342248,cpu,full_mlp_capacity_search_hd256_depth3,/home/liangyi/SRS_AI/Model_AIIC_refactor/experiments_refactored/20260422_050408_full_mlp_capacity_search_v2/full_mlp_capacity_search_hd256_depth3,full_mlp_capacity_search_v2,full_mlp_capacity_search_hd256_depth3,supervised_nmse_plateau,full_mlp,12,6,eager,fp32,float32,64,2,ok,,0.0,20,50,0.1066616,0.014647432347001983,0.094478,0.1042305,0.1138095,0.11709379999999998,0.16122912999999983,0.19997,600028.5013538144,600.0285013538144,104.2305,1.6286015625,300014.2506769072,43408,43008,86488,sub-physical,0.015625,0.0078125,Intel(R) Xeon(R) 6760P,AVX512,"avx2,avx512f,avx512bw,avx512vl,avx512_vnni,avx512_bf16,amx_bf16,amx_int8,amx_tile,fma",True,True,,256,128,sh14l07002s1404,3.11.9,2.1.2+cu121
20260424_010536,2026-04-24T06:14:13.342248,cpu,full_mlp_capacity_search_hd256_depth3,/home/liangyi/SRS_AI/Model_AIIC_refactor/experiments_refactored/20260422_050408_full_mlp_capacity_search_v2/full_mlp_capacity_search_hd256_depth3,full_mlp_capacity_search_v2,full_mlp_capacity_search_hd256_depth3,supervised_nmse_plateau,full_mlp,12,6,eager,fp32,float32,64,4,ok,,0.0,20,50,0.1028508,0.006500870243282817,0.091767,0.103006,0.1109193,0.11296574999999999,0.11903477999999999,0.120984,622260.5949589113,622.2605949589113,103.006,1.60946875,155565.14873972783,43408,43008,86488,sub-physical,0.03125,0.015625,Intel(R) Xeon(R) 6760P,AVX512,"avx2,avx512f,avx512bw,avx512vl,avx512_vnni,avx512_bf16,amx_bf16,amx_int8,amx_tile,fma",True,True,,256,128,sh14l07002s1404,3.11.9,2.1.2+cu121
20260424_010536,2026-04-24T06:14:13.342248,cpu,full_mlp_capacity_search_hd256_depth3,/home/liangyi/SRS_AI/Model_AIIC_refactor/experiments_refactored/20260422_050408_full_mlp_capacity_search_v2/full_mlp_capacity_search_hd256_depth3,full_mlp_capacity_search_v2,full_mlp_capacity_search_hd256_depth3,supervised_nmse_plateau,full_mlp,12,6,eager,fp32,float32,64,8,ok,,0.0,20,50,0.09300376,0.0065535099131991854,0.084319,0.092137,0.1028108,0.10343745,0.10582777,0.106233,688144.2212658928,688.1442212658928,92.137,1.439640625,86018.0276582366,43408,43008,86488,sub-physical,0.0625,0.03125,Intel(R) Xeon(R) 6760P,AVX512,"avx2,avx512f,avx512bw,avx512vl,avx512_vnni,avx512_bf16,amx_bf16,amx_int8,amx_tile,fma",True,True,,256,128,sh14l07002s1404,3.11.9,2.1.2+cu121
20260424_010536,2026-04-24T06:14:13.342248,cpu,full_mlp_capacity_search_hd256_depth3,/home/liangyi/SRS_AI/Model_AIIC_refactor/experiments_refactored/20260422_050408_full_mlp_capacity_search_v2/full_mlp_capacity_search_hd256_depth3,full_mlp_capacity_search_v2,full_mlp_capacity_search_hd256_depth3,supervised_nmse_plateau,full_mlp,12,6,eager,fp32,float32,64,128,ok,,0.0,20,50,0.27643942,0.008896028172369959,0.251482,0.27672699999999995,0.28660399999999997,0.28796525,0.29994571,0.299956,231515.46186864376,231.51546186864377,276.7269999999999,4.323859374999999,1808.7145458487794,43408,43008,86488,all-physical,1.0,0.5,Intel(R) Xeon(R) 6760P,AVX512,"avx2,avx512f,avx512bw,avx512vl,avx512_vnni,avx512_bf16,amx_bf16,amx_int8,amx_tile,fma",True,True,,256,128,sh14l07002s1404,3.11.9,2.1.2+cu121
20260424_010536,2026-04-24T06:14:13.342248,cpu,full_mlp_capacity_search_hd256_depth3,/home/liangyi/SRS_AI/Model_AIIC_refactor/experiments_refactored/20260422_050408_full_mlp_capacity_search_v2/full_mlp_capacity_search_hd256_depth3,full_mlp_capacity_search_v2,full_mlp_capacity_search_hd256_depth3,supervised_nmse_plateau,full_mlp,12,6,eager,fp32,float32,128,1,ok,,0.0,20,50,0.11983272,0.01328546924581891,0.107401,0.11412649999999999,0.1384207,0.14217354999999998,0.15505798999999998,0.165421,1068155.6756785626,1068.1556756785626,114.1265,0.89161328125,1068155.6756785626,43408,43008,86488,single-thread,0.0078125,0.00390625,Intel(R) Xeon(R) 6760P,AVX512,"avx2,avx512f,avx512bw,avx512vl,avx512_vnni,avx512_bf16,amx_bf16,amx_int8,amx_tile,fma",True,True,,256,128,sh14l07002s1404,3.11.9,2.1.2+cu121
20260424_010536,2026-04-24T06:14:13.342248,cpu,full_mlp_capacity_search_hd256_depth3,/home/liangyi/SRS_AI/Model_AIIC_refactor/experiments_refactored/20260422_050408_full_mlp_capacity_search_v2/full_mlp_capacity_search_hd256_depth3,full_mlp_capacity_search_v2,full_mlp_capacity_search_hd256_depth3,supervised_nmse_plateau,full_mlp,12,6,eager,fp32,float32,128,2,ok,,0.0,20,50,0.14843812,0.0075441486322579835,0.138421,0.1449995,0.1590688,0.1615692,0.16485782999999998,0.166736,862312.1877318305,862.3121877318305,144.9995,1.13280859375,431156.09386591526,43408,43008,86488,sub-physical,0.015625,0.0078125,Intel(R) Xeon(R) 6760P,AVX512,"avx2,avx512f,avx512bw,avx512vl,avx512_vnni,avx512_bf16,amx_bf16,amx_int8,amx_tile,fma",True,True,,256,128,sh14l07002s1404,3.11.9,2.1.2+cu121
20260424_010536,2026-04-24T06:14:13.342248,cpu,full_mlp_capacity_search_hd256_depth3,/home/liangyi/SRS_AI/Model_AIIC_refactor/experiments_refactored/20260422_050408_full_mlp_capacity_search_v2/full_mlp_capacity_search_hd256_depth3,full_mlp_capacity_search_v2,full_mlp_capacity_search_hd256_depth3,supervised_nmse_plateau,full_mlp,12,6,eager,fp32,float32,128,4,ok,,0.0,20,50,0.16502054,0.017736800564036342,0.138688,0.164591,0.1763334,0.1831003,0.22084171999999985,0.256206,775661.0177133101,775.6610177133101,164.59099999999998,1.2858671874999998,193915.25442832752,43408,43008,86488,sub-physical,0.03125,0.015625,Intel(R) Xeon(R) 6760P,AVX512,"avx2,avx512f,avx512bw,avx512vl,avx512_vnni,avx512_bf16,amx_bf16,amx_int8,amx_tile,fma",True,True,,256,128,sh14l07002s1404,3.11.9,2.1.2+cu121
20260424_010536,2026-04-24T06:14:13.342248,cpu,full_mlp_capacity_search_hd256_depth3,/home/liangyi/SRS_AI/Model_AIIC_refactor/experiments_refactored/20260422_050408_full_mlp_capacity_search_v2/full_mlp_capacity_search_hd256_depth3,full_mlp_capacity_search_v2,full_mlp_capacity_search_hd256_depth3,supervised_nmse_plateau,full_mlp,12,6,eager,fp32,float32,128,8,ok,,0.0,20,50,0.12185836,0.01337491000606733,0.111793,0.118625,0.1280842,0.13874859999999997,0.1750493799999999,0.201283,1050399.8248458293,1050.3998248458292,118.625,0.9267578125,131299.97810572866,43408,43008,86488,sub-physical,0.0625,0.03125,Intel(R) Xeon(R) 6760P,AVX512,"avx2,avx512f,avx512bw,avx512vl,avx512_vnni,avx512_bf16,amx_bf16,amx_int8,amx_tile,fma",True,True,,256,128,sh14l07002s1404,3.11.9,2.1.2+cu121
20260424_010536,2026-04-24T06:14:13.342248,cpu,full_mlp_capacity_search_hd256_depth3,/home/liangyi/SRS_AI/Model_AIIC_refactor/experiments_refactored/20260422_050408_full_mlp_capacity_search_v2/full_mlp_capacity_search_hd256_depth3,full_mlp_capacity_search_v2,full_mlp_capacity_search_hd256_depth3,supervised_nmse_plateau,full_mlp,12,6,eager,fp32,float32,128,128,ok,,0.0,20,50,0.42857004,0.012109398521743347,0.396696,0.4309315,0.4428101,0.44535569999999997,0.45131158,0.455211,298667.634349802,298.667634349802,430.9315,3.36665234375,2333.340893357828,43408,43008,86488,all-physical,1.0,0.5,Intel(R) Xeon(R) 6760P,AVX512,"avx2,avx512f,avx512bw,avx512vl,avx512_vnni,avx512_bf16,amx_bf16,amx_int8,amx_tile,fma",True,True,,256,128,sh14l07002s1404,3.11.9,2.1.2+cu121
20260424_010536,2026-04-24T06:14:13.342248,cpu,full_mlp_capacity_search_hd256_depth3,/home/liangyi/SRS_AI/Model_AIIC_refactor/experiments_refactored/20260422_050408_full_mlp_capacity_search_v2/full_mlp_capacity_search_hd256_depth3,full_mlp_capacity_search_v2,full_mlp_capacity_search_hd256_depth3,supervised_nmse_plateau,full_mlp,12,6,eager,bf16,bfloat16,1,1,ok,,0.0,20,50,0.06203718,0.004252599452993428,0.058028,0.0596625,0.0691115,0.06989125,0.07319643999999999,0.074639,16119.365838356933,16.119365838356934,59.6625,59.6625,16119.365838356933,43408,43008,86488,single-thread,0.0078125,0.00390625,Intel(R) Xeon(R) 6760P,AVX512,"avx2,avx512f,avx512bw,avx512vl,avx512_vnni,avx512_bf16,amx_bf16,amx_int8,amx_tile,fma",True,True,,256,128,sh14l07002s1404,3.11.9,2.1.2+cu121
20260424_010536,2026-04-24T06:14:13.342248,cpu,full_mlp_capacity_search_hd256_depth3,/home/liangyi/SRS_AI/Model_AIIC_refactor/experiments_refactored/20260422_050408_full_mlp_capacity_search_v2/full_mlp_capacity_search_hd256_depth3,full_mlp_capacity_search_v2,full_mlp_capacity_search_hd256_depth3,supervised_nmse_plateau,full_mlp,12,6,eager,bf16,bfloat16,1,2,ok,,0.0,20,50,0.07169718,0.00465193397068359,0.066816,0.0690765,0.0776467,0.07867515,0.08353199,0.084046,13947.549959426577,13.947549959426576,69.0765,69.0765,6973.774979713288,43408,43008,86488,sub-physical,0.015625,0.0078125,Intel(R) Xeon(R) 6760P,AVX512,"avx2,avx512f,avx512bw,avx512vl,avx512_vnni,avx512_bf16,amx_bf16,amx_int8,amx_tile,fma",True,True,,256,128,sh14l07002s1404,3.11.9,2.1.2+cu121
20260424_010536,2026-04-24T06:14:13.342248,cpu,full_mlp_capacity_search_hd256_depth3,/home/liangyi/SRS_AI/Model_AIIC_refactor/experiments_refactored/20260422_050408_full_mlp_capacity_search_v2/full_mlp_capacity_search_hd256_depth3,full_mlp_capacity_search_v2,full_mlp_capacity_search_hd256_depth3,supervised_nmse_plateau,full_mlp,12,6,eager,bf16,bfloat16,1,4,ok,,0.0,20,50,0.07900214,0.006771131731136237,0.069794,0.0774165,0.08609230000000001,0.08744715,0.10075831999999996,0.112044,12657.884963622504,12.657884963622504,77.4165,77.4165,3164.471240905626,43408,43008,86488,sub-physical,0.03125,0.015625,Intel(R) Xeon(R) 6760P,AVX512,"avx2,avx512f,avx512bw,avx512vl,avx512_vnni,avx512_bf16,amx_bf16,amx_int8,amx_tile,fma",True,True,,256,128,sh14l07002s1404,3.11.9,2.1.2+cu121
20260424_010536,2026-04-24T06:14:13.342248,cpu,full_mlp_capacity_search_hd256_depth3,/home/liangyi/SRS_AI/Model_AIIC_refactor/experiments_refactored/20260422_050408_full_mlp_capacity_search_v2/full_mlp_capacity_search_hd256_depth3,full_mlp_capacity_search_v2,full_mlp_capacity_search_hd256_depth3,supervised_nmse_plateau,full_mlp,12,6,eager,bf16,bfloat16,1,8,ok,,0.0,20,50,0.07710138,0.014778308847618526,0.067837,0.0731295,0.08351380000000001,0.08791425,0.13294837999999984,0.17349,12969.93646546923,12.96993646546923,73.1295,73.1295,1621.2420581836539,43408,43008,86488,sub-physical,0.0625,0.03125,Intel(R) Xeon(R) 6760P,AVX512,"avx2,avx512f,avx512bw,avx512vl,avx512_vnni,avx512_bf16,amx_bf16,amx_int8,amx_tile,fma",True,True,,256,128,sh14l07002s1404,3.11.9,2.1.2+cu121
20260424_010536,2026-04-24T06:14:13.342248,cpu,full_mlp_capacity_search_hd256_depth3,/home/liangyi/SRS_AI/Model_AIIC_refactor/experiments_refactored/20260422_050408_full_mlp_capacity_search_v2/full_mlp_capacity_search_hd256_depth3,full_mlp_capacity_search_v2,full_mlp_capacity_search_hd256_depth3,supervised_nmse_plateau,full_mlp,12,6,eager,bf16,bfloat16,1,128,ok,,0.0,20,50,0.22359072,0.010781551066595198,0.203385,0.22258650000000002,0.2363602,0.24180505,0.25314305,0.261255,4472.457533121232,4.472457533121232,222.58650000000003,222.58650000000003,34.94107447750962,43408,43008,86488,all-physical,1.0,0.5,Intel(R) Xeon(R) 6760P,AVX512,"avx2,avx512f,avx512bw,avx512vl,avx512_vnni,avx512_bf16,amx_bf16,amx_int8,amx_tile,fma",True,True,,256,128,sh14l07002s1404,3.11.9,2.1.2+cu121
20260424_010536,2026-04-24T06:14:13.342248,cpu,full_mlp_capacity_search_hd256_depth3,/home/liangyi/SRS_AI/Model_AIIC_refactor/experiments_refactored/20260422_050408_full_mlp_capacity_search_v2/full_mlp_capacity_search_hd256_depth3,full_mlp_capacity_search_v2,full_mlp_capacity_search_hd256_depth3,supervised_nmse_plateau,full_mlp,12,6,eager,bf16,bfloat16,2,1,ok,,0.0,20,50,0.0708632,0.022387753975778812,0.061495,0.0653885,0.0758776,0.0782781,0.15725722999999972,0.222708,28223.393806658463,28.223393806658464,65.38850000000001,32.694250000000004,28223.393806658463,43408,43008,86488,single-thread,0.0078125,0.00390625,Intel(R) Xeon(R) 6760P,AVX512,"avx2,avx512f,avx512bw,avx512vl,avx512_vnni,avx512_bf16,amx_bf16,amx_int8,amx_tile,fma",True,True,,256,128,sh14l07002s1404,3.11.9,2.1.2+cu121
20260424_010536,2026-04-24T06:14:13.342248,cpu,full_mlp_capacity_search_hd256_depth3,/home/liangyi/SRS_AI/Model_AIIC_refactor/experiments_refactored/20260422_050408_full_mlp_capacity_search_v2/full_mlp_capacity_search_hd256_depth3,full_mlp_capacity_search_v2,full_mlp_capacity_search_hd256_depth3,supervised_nmse_plateau,full_mlp,12,6,eager,bf16,bfloat16,2,2,ok,,0.0,20,50,0.07573966,0.005505375310040179,0.068451,0.0741815,0.0834783,0.0853751,0.08561983000000001,0.085636,26406.244760010803,26.406244760010804,74.1815,37.09075,13203.122380005401,43408,43008,86488,sub-physical,0.015625,0.0078125,Intel(R) Xeon(R) 6760P,AVX512,"avx2,avx512f,avx512bw,avx512vl,avx512_vnni,avx512_bf16,amx_bf16,amx_int8,amx_tile,fma",True,True,,256,128,sh14l07002s1404,3.11.9,2.1.2+cu121
20260424_010536,2026-04-24T06:14:13.342248,cpu,full_mlp_capacity_search_hd256_depth3,/home/liangyi/SRS_AI/Model_AIIC_refactor/experiments_refactored/20260422_050408_full_mlp_capacity_search_v2/full_mlp_capacity_search_hd256_depth3,full_mlp_capacity_search_v2,full_mlp_capacity_search_hd256_depth3,supervised_nmse_plateau,full_mlp,12,6,eager,bf16,bfloat16,2,4,ok,,0.0,20,50,0.08085046,0.007626755323753345,0.069036,0.0790015,0.09085750000000001,0.0921587,0.10351300999999999,0.104616,24737.026851795275,24.737026851795274,79.00150000000001,39.500750000000004,6184.256712948819,43408,43008,86488,sub-physical,0.03125,0.015625,Intel(R) Xeon(R) 6760P,AVX512,"avx2,avx512f,avx512bw,avx512vl,avx512_vnni,avx512_bf16,amx_bf16,amx_int8,amx_tile,fma",True,True,,256,128,sh14l07002s1404,3.11.9,2.1.2+cu121
20260424_010536,2026-04-24T06:14:13.342248,cpu,full_mlp_capacity_search_hd256_depth3,/home/liangyi/SRS_AI/Model_AIIC_refactor/experiments_refactored/20260422_050408_full_mlp_capacity_search_v2/full_mlp_capacity_search_hd256_depth3,full_mlp_capacity_search_v2,full_mlp_capacity_search_hd256_depth3,supervised_nmse_plateau,full_mlp,12,6,eager,bf16,bfloat16,2,8,ok,,0.0,20,50,0.08473972,0.015405117954809693,0.073891,0.0804985,0.09358430000000001,0.09792719999999999,0.14460668999999987,0.178034,23601.6828943971,23.6016828943971,80.4985,40.24925,2950.2103617996377,43408,43008,86488,sub-physical,0.0625,0.03125,Intel(R) Xeon(R) 6760P,AVX512,"avx2,avx512f,avx512bw,avx512vl,avx512_vnni,avx512_bf16,amx_bf16,amx_int8,amx_tile,fma",True,True,,256,128,sh14l07002s1404,3.11.9,2.1.2+cu121
20260424_010536,2026-04-24T06:14:13.342248,cpu,full_mlp_capacity_search_hd256_depth3,/home/liangyi/SRS_AI/Model_AIIC_refactor/experiments_refactored/20260422_050408_full_mlp_capacity_search_v2/full_mlp_capacity_search_hd256_depth3,full_mlp_capacity_search_v2,full_mlp_capacity_search_hd256_depth3,supervised_nmse_plateau,full_mlp,12,6,eager,bf16,bfloat16,2,128,ok,,0.0,20,50,0.17820196,0.006175614676969411,0.167347,0.17644300000000002,0.1872146,0.19075315,0.19425262999999998,0.194455,11223.221113841846,11.223221113841847,176.443,88.2215,87.68141495188942,43408,43008,86488,all-physical,1.0,0.5,Intel(R) Xeon(R) 6760P,AVX512,"avx2,avx512f,avx512bw,avx512vl,avx512_vnni,avx512_bf16,amx_bf16,amx_int8,amx_tile,fma",True,True,,256,128,sh14l07002s1404,3.11.9,2.1.2+cu121
20260424_010536,2026-04-24T06:14:13.342248,cpu,full_mlp_capacity_search_hd256_depth3,/home/liangyi/SRS_AI/Model_AIIC_refactor/experiments_refactored/20260422_050408_full_mlp_capacity_search_v2/full_mlp_capacity_search_hd256_depth3,full_mlp_capacity_search_v2,full_mlp_capacity_search_hd256_depth3,supervised_nmse_plateau,full_mlp,12,6,eager,bf16,bfloat16,4,1,ok,,0.0,20,50,0.06927612,0.00538495830119417,0.063104,0.067469,0.07724239999999999,0.07803195,0.07989096999999999,0.081237,57739.95425840824,57.73995425840824,67.469,16.86725,57739.95425840824,43408,43008,86488,single-thread,0.0078125,0.00390625,Intel(R) Xeon(R) 6760P,AVX512,"avx2,avx512f,avx512bw,avx512vl,avx512_vnni,avx512_bf16,amx_bf16,amx_int8,amx_tile,fma",True,True,,256,128,sh14l07002s1404,3.11.9,2.1.2+cu121
20260424_010536,2026-04-24T06:14:13.342248,cpu,full_mlp_capacity_search_hd256_depth3,/home/liangyi/SRS_AI/Model_AIIC_refactor/experiments_refactored/20260422_050408_full_mlp_capacity_search_v2/full_mlp_capacity_search_hd256_depth3,full_mlp_capacity_search_v2,full_mlp_capacity_search_hd256_depth3,supervised_nmse_plateau,full_mlp,12,6,eager,bf16,bfloat16,4,2,ok,,0.0,20,50,0.08034362,0.007404194076035555,0.071931,0.0788705,0.08853520000000001,0.09174505,0.10305384999999999,0.10606,49786.156013383516,49.78615601338352,78.87049999999999,19.717624999999998,24893.078006691758,43408,43008,86488,sub-physical,0.015625,0.0078125,Intel(R) Xeon(R) 6760P,AVX512,"avx2,avx512f,avx512bw,avx512vl,avx512_vnni,avx512_bf16,amx_bf16,amx_int8,amx_tile,fma",True,True,,256,128,sh14l07002s1404,3.11.9,2.1.2+cu121
20260424_010536,2026-04-24T06:14:13.342248,cpu,full_mlp_capacity_search_hd256_depth3,/home/liangyi/SRS_AI/Model_AIIC_refactor/experiments_refactored/20260422_050408_full_mlp_capacity_search_v2/full_mlp_capacity_search_hd256_depth3,full_mlp_capacity_search_v2,full_mlp_capacity_search_hd256_depth3,supervised_nmse_plateau,full_mlp,12,6,eager,bf16,bfloat16,4,4,ok,,0.0,20,50,0.09134376,0.018106008960077313,0.079216,0.08583350000000001,0.09860239999999999,0.11248229999999995,0.1678275299999999,0.194681,43790.62127506028,43.79062127506028,85.8335,21.458375,10947.65531876507,43408,43008,86488,sub-physical,0.03125,0.015625,Intel(R) Xeon(R) 6760P,AVX512,"avx2,avx512f,avx512bw,avx512vl,avx512_vnni,avx512_bf16,amx_bf16,amx_int8,amx_tile,fma",True,True,,256,128,sh14l07002s1404,3.11.9,2.1.2+cu121
20260424_010536,2026-04-24T06:14:13.342248,cpu,full_mlp_capacity_search_hd256_depth3,/home/liangyi/SRS_AI/Model_AIIC_refactor/experiments_refactored/20260422_050408_full_mlp_capacity_search_v2/full_mlp_capacity_search_hd256_depth3,full_mlp_capacity_search_v2,full_mlp_capacity_search_hd256_depth3,supervised_nmse_plateau,full_mlp,12,6,eager,bf16,bfloat16,4,8,ok,,0.0,20,50,0.0827898,0.014005765295763029,0.073529,0.0791445,0.0932847,0.0945722,0.13305759999999986,0.169298,48315.13060787682,48.31513060787682,79.14450000000001,19.786125000000002,6039.391325984602,43408,43008,86488,sub-physical,0.0625,0.03125,Intel(R) Xeon(R) 6760P,AVX512,"avx2,avx512f,avx512bw,avx512vl,avx512_vnni,avx512_bf16,amx_bf16,amx_int8,amx_tile,fma",True,True,,256,128,sh14l07002s1404,3.11.9,2.1.2+cu121
20260424_010536,2026-04-24T06:14:13.342248,cpu,full_mlp_capacity_search_hd256_depth3,/home/liangyi/SRS_AI/Model_AIIC_refactor/experiments_refactored/20260422_050408_full_mlp_capacity_search_v2/full_mlp_capacity_search_hd256_depth3,full_mlp_capacity_search_v2,full_mlp_capacity_search_hd256_depth3,supervised_nmse_plateau,full_mlp,12,6,eager,bf16,bfloat16,4,128,ok,,0.0,20,50,0.25880968,0.010979541914743074,0.233039,0.258535,0.27192120000000003,0.27627134999999997,0.28707535,0.287656,15455.372457475318,15.455372457475319,258.535,64.63375,120.74509732402592,43408,43008,86488,all-physical,1.0,0.5,Intel(R) Xeon(R) 6760P,AVX512,"avx2,avx512f,avx512bw,avx512vl,avx512_vnni,avx512_bf16,amx_bf16,amx_int8,amx_tile,fma",True,True,,256,128,sh14l07002s1404,3.11.9,2.1.2+cu121
20260424_010536,2026-04-24T06:14:13.342248,cpu,full_mlp_capacity_search_hd256_depth3,/home/liangyi/SRS_AI/Model_AIIC_refactor/experiments_refactored/20260422_050408_full_mlp_capacity_search_v2/full_mlp_capacity_search_hd256_depth3,full_mlp_capacity_search_v2,full_mlp_capacity_search_hd256_depth3,supervised_nmse_plateau,full_mlp,12,6,eager,bf16,bfloat16,8,1,ok,,0.0,20,50,0.07218726,0.004876453275937338,0.066209,0.0707325,0.0798254,0.0805947,0.08142433,0.08171,110822.87927260295,110.82287927260295,70.7325,8.8415625,110822.87927260295,43408,43008,86488,single-thread,0.0078125,0.00390625,Intel(R) Xeon(R) 6760P,AVX512,"avx2,avx512f,avx512bw,avx512vl,avx512_vnni,avx512_bf16,amx_bf16,amx_int8,amx_tile,fma",True,True,,256,128,sh14l07002s1404,3.11.9,2.1.2+cu121
20260424_010536,2026-04-24T06:14:13.342248,cpu,full_mlp_capacity_search_hd256_depth3,/home/liangyi/SRS_AI/Model_AIIC_refactor/experiments_refactored/20260422_050408_full_mlp_capacity_search_v2/full_mlp_capacity_search_hd256_depth3,full_mlp_capacity_search_v2,full_mlp_capacity_search_hd256_depth3,supervised_nmse_plateau,full_mlp,12,6,eager,bf16,bfloat16,8,2,ok,,0.0,20,50,0.08747584,0.018520100210700805,0.077168,0.08064450000000001,0.09289080000000001,0.10517779999999996,0.16298875999999984,0.20301,91453.82313562236,91.45382313562236,80.64450000000001,10.080562500000001,45726.91156781118,43408,43008,86488,sub-physical,0.015625,0.0078125,Intel(R) Xeon(R) 6760P,AVX512,"avx2,avx512f,avx512bw,avx512vl,avx512_vnni,avx512_bf16,amx_bf16,amx_int8,amx_tile,fma",True,True,,256,128,sh14l07002s1404,3.11.9,2.1.2+cu121
20260424_010536,2026-04-24T06:14:13.342248,cpu,full_mlp_capacity_search_hd256_depth3,/home/liangyi/SRS_AI/Model_AIIC_refactor/experiments_refactored/20260422_050408_full_mlp_capacity_search_v2/full_mlp_capacity_search_hd256_depth3,full_mlp_capacity_search_v2,full_mlp_capacity_search_hd256_depth3,supervised_nmse_plateau,full_mlp,12,6,eager,bf16,bfloat16,8,4,ok,,0.0,20,50,0.08839486,0.010303089754068922,0.07799,0.084425,0.0973784,0.10219524999999999,0.12651725999999994,0.142651,90502.99983505828,90.50299983505828,84.425,10.553125,22625.74995876457,43408,43008,86488,sub-physical,0.03125,0.015625,Intel(R) Xeon(R) 6760P,AVX512,"avx2,avx512f,avx512bw,avx512vl,avx512_vnni,avx512_bf16,amx_bf16,amx_int8,amx_tile,fma",True,True,,256,128,sh14l07002s1404,3.11.9,2.1.2+cu121
20260424_010536,2026-04-24T06:14:13.342248,cpu,full_mlp_capacity_search_hd256_depth3,/home/liangyi/SRS_AI/Model_AIIC_refactor/experiments_refactored/20260422_050408_full_mlp_capacity_search_v2/full_mlp_capacity_search_hd256_depth3,full_mlp_capacity_search_v2,full_mlp_capacity_search_hd256_depth3,supervised_nmse_plateau,full_mlp,12,6,eager,bf16,bfloat16,8,8,ok,,0.0,20,50,0.09263268,0.015029617101496633,0.078662,0.087479,0.1048084,0.10812354999999998,0.1464488099999999,0.17508,86362.60982625138,86.36260982625139,87.479,10.934875,10795.326228281423,43408,43008,86488,sub-physical,0.0625,0.03125,Intel(R) Xeon(R) 6760P,AVX512,"avx2,avx512f,avx512bw,avx512vl,avx512_vnni,avx512_bf16,amx_bf16,amx_int8,amx_tile,fma",True,True,,256,128,sh14l07002s1404,3.11.9,2.1.2+cu121
20260424_010536,2026-04-24T06:14:13.342248,cpu,full_mlp_capacity_search_hd256_depth3,/home/liangyi/SRS_AI/Model_AIIC_refactor/experiments_refactored/20260422_050408_full_mlp_capacity_search_v2/full_mlp_capacity_search_hd256_depth3,full_mlp_capacity_search_v2,full_mlp_capacity_search_hd256_depth3,supervised_nmse_plateau,full_mlp,12,6,eager,bf16,bfloat16,8,128,ok,,0.0,20,50,0.22772320000000001,0.011926662143282168,0.204382,0.2263875,0.24314600000000003,0.25008020000000003,0.25710675,0.259275,35130.36879861165,35.13036879861165,226.3875,28.2984375,274.4560062391535,43408,43008,86488,all-physical,1.0,0.5,Intel(R) Xeon(R) 6760P,AVX512,"avx2,avx512f,avx512bw,avx512vl,avx512_vnni,avx512_bf16,amx_bf16,amx_int8,amx_tile,fma",True,True,,256,128,sh14l07002s1404,3.11.9,2.1.2+cu121
20260424_010536,2026-04-24T06:14:13.342248,cpu,full_mlp_capacity_search_hd256_depth3,/home/liangyi/SRS_AI/Model_AIIC_refactor/experiments_refactored/20260422_050408_full_mlp_capacity_search_v2/full_mlp_capacity_search_hd256_depth3,full_mlp_capacity_search_v2,full_mlp_capacity_search_hd256_depth3,supervised_nmse_plateau,full_mlp,12,6,eager,bf16,bfloat16,16,1,ok,,0.0,20,50,0.07369324000000001,0.006108738333109383,0.065893,0.07139999999999999,0.08161510000000001,0.08266515,0.08863291999999999,0.091667,217116.25109711554,217.11625109711554,71.39999999999999,4.4624999999999995,217116.25109711554,43408,43008,86488,single-thread,0.0078125,0.00390625,Intel(R) Xeon(R) 6760P,AVX512,"avx2,avx512f,avx512bw,avx512vl,avx512_vnni,avx512_bf16,amx_bf16,amx_int8,amx_tile,fma",True,True,,256,128,sh14l07002s1404,3.11.9,2.1.2+cu121
20260424_010536,2026-04-24T06:14:13.342248,cpu,full_mlp_capacity_search_hd256_depth3,/home/liangyi/SRS_AI/Model_AIIC_refactor/experiments_refactored/20260422_050408_full_mlp_capacity_search_v2/full_mlp_capacity_search_hd256_depth3,full_mlp_capacity_search_v2,full_mlp_capacity_search_hd256_depth3,supervised_nmse_plateau,full_mlp,12,6,eager,bf16,bfloat16,16,2,ok,,0.0,20,50,0.09209742,0.017705946901637314,0.080664,0.08802399999999999,0.1022507,0.10909299999999997,0.16261070999999983,0.201625,173729.07948995748,173.72907948995748,88.02399999999999,5.501499999999999,86864.53974497874,43408,43008,86488,sub-physical,0.015625,0.0078125,Intel(R) Xeon(R) 6760P,AVX512,"avx2,avx512f,avx512bw,avx512vl,avx512_vnni,avx512_bf16,amx_bf16,amx_int8,amx_tile,fma",True,True,,256,128,sh14l07002s1404,3.11.9,2.1.2+cu121
20260424_010536,2026-04-24T06:14:13.342248,cpu,full_mlp_capacity_search_hd256_depth3,/home/liangyi/SRS_AI/Model_AIIC_refactor/experiments_refactored/20260422_050408_full_mlp_capacity_search_v2/full_mlp_capacity_search_hd256_depth3,full_mlp_capacity_search_v2,full_mlp_capacity_search_hd256_depth3,supervised_nmse_plateau,full_mlp,12,6,eager,bf16,bfloat16,16,4,ok,,0.0,20,50,0.09684892,0.015372373224508962,0.084465,0.0932585,0.1060202,0.10646115,0.15145068999999983,0.193453,165205.76584643382,165.20576584643382,93.2585,5.82865625,41301.441461608454,43408,43008,86488,sub-physical,0.03125,0.015625,Intel(R) Xeon(R) 6760P,AVX512,"avx2,avx512f,avx512bw,avx512vl,avx512_vnni,avx512_bf16,amx_bf16,amx_int8,amx_tile,fma",True,True,,256,128,sh14l07002s1404,3.11.9,2.1.2+cu121
20260424_010536,2026-04-24T06:14:13.342248,cpu,full_mlp_capacity_search_hd256_depth3,/home/liangyi/SRS_AI/Model_AIIC_refactor/experiments_refactored/20260422_050408_full_mlp_capacity_search_v2/full_mlp_capacity_search_hd256_depth3,full_mlp_capacity_search_v2,full_mlp_capacity_search_hd256_depth3,supervised_nmse_plateau,full_mlp,12,6,eager,bf16,bfloat16,16,8,ok,,0.0,20,50,0.09281622,0.010659900773065386,0.08238,0.08761050000000001,0.10418830000000001,0.11316119999999999,0.12766240999999998,0.132068,172383.66311405486,172.38366311405485,87.6105,5.47565625,21547.957889256857,43408,43008,86488,sub-physical,0.0625,0.03125,Intel(R) Xeon(R) 6760P,AVX512,"avx2,avx512f,avx512bw,avx512vl,avx512_vnni,avx512_bf16,amx_bf16,amx_int8,amx_tile,fma",True,True,,256,128,sh14l07002s1404,3.11.9,2.1.2+cu121
20260424_010536,2026-04-24T06:14:13.342248,cpu,full_mlp_capacity_search_hd256_depth3,/home/liangyi/SRS_AI/Model_AIIC_refactor/experiments_refactored/20260422_050408_full_mlp_capacity_search_v2/full_mlp_capacity_search_hd256_depth3,full_mlp_capacity_search_v2,full_mlp_capacity_search_hd256_depth3,supervised_nmse_plateau,full_mlp,12,6,eager,bf16,bfloat16,16,128,ok,,0.0,20,50,0.2084484,0.008558324600060457,0.194794,0.2075455,0.2173001,0.22010045,0.23514996999999996,0.24463,76757.60523947414,76.75760523947415,207.5455,12.97159375,599.6687909333917,43408,43008,86488,all-physical,1.0,0.5,Intel(R) Xeon(R) 6760P,AVX512,"avx2,avx512f,avx512bw,avx512vl,avx512_vnni,avx512_bf16,amx_bf16,amx_int8,amx_tile,fma",True,True,,256,128,sh14l07002s1404,3.11.9,2.1.2+cu121
20260424_010536,2026-04-24T06:14:13.342248,cpu,full_mlp_capacity_search_hd256_depth3,/home/liangyi/SRS_AI/Model_AIIC_refactor/experiments_refactored/20260422_050408_full_mlp_capacity_search_v2/full_mlp_capacity_search_hd256_depth3,full_mlp_capacity_search_v2,full_mlp_capacity_search_hd256_depth3,supervised_nmse_plateau,full_mlp,12,6,eager,bf16,bfloat16,32,1,ok,,0.0,20,50,0.08621014,0.0178862802605908,0.07505,0.0817515,0.09430909999999999,0.1025864,0.15520537999999984,0.197364,371186.0344966381,371.1860344966381,81.75150000000001,2.5547343750000002,371186.0344966381,43408,43008,86488,single-thread,0.0078125,0.00390625,Intel(R) Xeon(R) 6760P,AVX512,"avx2,avx512f,avx512bw,avx512vl,avx512_vnni,avx512_bf16,amx_bf16,amx_int8,amx_tile,fma",True,True,,256,128,sh14l07002s1404,3.11.9,2.1.2+cu121
20260424_010536,2026-04-24T06:14:13.342248,cpu,full_mlp_capacity_search_hd256_depth3,/home/liangyi/SRS_AI/Model_AIIC_refactor/experiments_refactored/20260422_050408_full_mlp_capacity_search_v2/full_mlp_capacity_search_hd256_depth3,full_mlp_capacity_search_v2,full_mlp_capacity_search_hd256_depth3,supervised_nmse_plateau,full_mlp,12,6,eager,bf16,bfloat16,32,2,ok,,0.0,20,50,0.1003361,0.009704957457402892,0.088507,0.098026,0.109461,0.11377309999999999,0.13283838999999995,0.149346,318928.0827139982,318.9280827139982,98.026,3.0633125,159464.0413569991,43408,43008,86488,sub-physical,0.015625,0.0078125,Intel(R) Xeon(R) 6760P,AVX512,"avx2,avx512f,avx512bw,avx512vl,avx512_vnni,avx512_bf16,amx_bf16,amx_int8,amx_tile,fma",True,True,,256,128,sh14l07002s1404,3.11.9,2.1.2+cu121
20260424_010536,2026-04-24T06:14:13.342248,cpu,full_mlp_capacity_search_hd256_depth3,/home/liangyi/SRS_AI/Model_AIIC_refactor/experiments_refactored/20260422_050408_full_mlp_capacity_search_v2/full_mlp_capacity_search_hd256_depth3,full_mlp_capacity_search_v2,full_mlp_capacity_search_hd256_depth3,supervised_nmse_plateau,full_mlp,12,6,eager,bf16,bfloat16,32,4,ok,,0.0,20,50,0.10771662,0.01401678749198974,0.093801,0.1038675,0.1173993,0.12061455,0.16131685999999992,0.183017,297075.7901612583,297.0757901612583,103.8675,3.245859375,74268.94754031458,43408,43008,86488,sub-physical,0.03125,0.015625,Intel(R) Xeon(R) 6760P,AVX512,"avx2,avx512f,avx512bw,avx512vl,avx512_vnni,avx512_bf16,amx_bf16,amx_int8,amx_tile,fma",True,True,,256,128,sh14l07002s1404,3.11.9,2.1.2+cu121
20260424_010536,2026-04-24T06:14:13.342248,cpu,full_mlp_capacity_search_hd256_depth3,/home/liangyi/SRS_AI/Model_AIIC_refactor/experiments_refactored/20260422_050408_full_mlp_capacity_search_v2/full_mlp_capacity_search_hd256_depth3,full_mlp_capacity_search_v2,full_mlp_capacity_search_hd256_depth3,supervised_nmse_plateau,full_mlp,12,6,eager,bf16,bfloat16,32,8,ok,,0.0,20,50,0.09894598,0.00646626074788204,0.090789,0.096855,0.1109218,0.11341815,0.11549174999999999,0.116533,323408.79336381325,323.40879336381323,96.85499999999999,3.0267187499999997,40426.09917047666,43408,43008,86488,sub-physical,0.0625,0.03125,Intel(R) Xeon(R) 6760P,AVX512,"avx2,avx512f,avx512bw,avx512vl,avx512_vnni,avx512_bf16,amx_bf16,amx_int8,amx_tile,fma",True,True,,256,128,sh14l07002s1404,3.11.9,2.1.2+cu121
20260424_010536,2026-04-24T06:14:13.342248,cpu,full_mlp_capacity_search_hd256_depth3,/home/liangyi/SRS_AI/Model_AIIC_refactor/experiments_refactored/20260422_050408_full_mlp_capacity_search_v2/full_mlp_capacity_search_hd256_depth3,full_mlp_capacity_search_v2,full_mlp_capacity_search_hd256_depth3,supervised_nmse_plateau,full_mlp,12,6,eager,bf16,bfloat16,32,128,ok,,0.0,20,50,0.29695252,0.016137103317807697,0.274703,0.29476749999999996,0.3139907,0.32203085,0.34475522,0.350156,107761.33504440374,107.76133504440374,294.7675,9.211484375,841.8854300344042,43408,43008,86488,all-physical,1.0,0.5,Intel(R) Xeon(R) 6760P,AVX512,"avx2,avx512f,avx512bw,avx512vl,avx512_vnni,avx512_bf16,amx_bf16,amx_int8,amx_tile,fma",True,True,,256,128,sh14l07002s1404,3.11.9,2.1.2+cu121
20260424_010536,2026-04-24T06:14:13.342248,cpu,full_mlp_capacity_search_hd256_depth3,/home/liangyi/SRS_AI/Model_AIIC_refactor/experiments_refactored/20260422_050408_full_mlp_capacity_search_v2/full_mlp_capacity_search_hd256_depth3,full_mlp_capacity_search_v2,full_mlp_capacity_search_hd256_depth3,supervised_nmse_plateau,full_mlp,12,6,eager,bf16,bfloat16,64,1,ok,,0.0,20,50,0.09137662,0.006362995486058434,0.085549,0.088002,0.1029774,0.1052967,0.10814353,0.109076,700397.9792642801,700.39797926428,88.002,1.37503125,700397.9792642801,43408,43008,86488,single-thread,0.0078125,0.00390625,Intel(R) Xeon(R) 6760P,AVX512,"avx2,avx512f,avx512bw,avx512vl,avx512_vnni,avx512_bf16,amx_bf16,amx_int8,amx_tile,fma",True,True,,256,128,sh14l07002s1404,3.11.9,2.1.2+cu121
20260424_010536,2026-04-24T06:14:13.342248,cpu,full_mlp_capacity_search_hd256_depth3,/home/liangyi/SRS_AI/Model_AIIC_refactor/experiments_refactored/20260422_050408_full_mlp_capacity_search_v2/full_mlp_capacity_search_hd256_depth3,full_mlp_capacity_search_v2,full_mlp_capacity_search_hd256_depth3,supervised_nmse_plateau,full_mlp,12,6,eager,bf16,bfloat16,64,2,ok,,0.0,20,50,0.12769038,0.021893814392097147,0.11185,0.1216655,0.1383472,0.1440593,0.21915631999999985,0.258323,501212.3857725226,501.2123857725226,121.6655,1.9010234375,250606.1928862613,43408,43008,86488,sub-physical,0.015625,0.0078125,Intel(R) Xeon(R) 6760P,AVX512,"avx2,avx512f,avx512bw,avx512vl,avx512_vnni,avx512_bf16,amx_bf16,amx_int8,amx_tile,fma",True,True,,256,128,sh14l07002s1404,3.11.9,2.1.2+cu121
20260424_010536,2026-04-24T06:14:13.342248,cpu,full_mlp_capacity_search_hd256_depth3,/home/liangyi/SRS_AI/Model_AIIC_refactor/experiments_refactored/20260422_050408_full_mlp_capacity_search_v2/full_mlp_capacity_search_hd256_depth3,full_mlp_capacity_search_v2,full_mlp_capacity_search_hd256_depth3,supervised_nmse_plateau,full_mlp,12,6,eager,bf16,bfloat16,64,4,ok,,0.0,20,50,0.1300869,0.008453951216443116,0.118267,0.128263,0.139338,0.1498642,0.15523716999999998,0.159533,491978.82338652085,491.97882338652084,128.26299999999998,2.0041093749999996,122994.70584663021,43408,43008,86488,sub-physical,0.03125,0.015625,Intel(R) Xeon(R) 6760P,AVX512,"avx2,avx512f,avx512bw,avx512vl,avx512_vnni,avx512_bf16,amx_bf16,amx_int8,amx_tile,fma",True,True,,256,128,sh14l07002s1404,3.11.9,2.1.2+cu121
20260424_010536,2026-04-24T06:14:13.342248,cpu,full_mlp_capacity_search_hd256_depth3,/home/liangyi/SRS_AI/Model_AIIC_refactor/experiments_refactored/20260422_050408_full_mlp_capacity_search_v2/full_mlp_capacity_search_hd256_depth3,full_mlp_capacity_search_v2,full_mlp_capacity_search_hd256_depth3,supervised_nmse_plateau,full_mlp,12,6,eager,bf16,bfloat16,64,8,ok,,0.0,20,50,0.13241476,0.010479418637615352,0.114779,0.129577,0.1474916,0.1497541,0.15895541,0.164929,483329.8040188269,483.3298040188269,129.577,2.024640625,60416.225502353365,43408,43008,86488,sub-physical,0.0625,0.03125,Intel(R) Xeon(R) 6760P,AVX512,"avx2,avx512f,avx512bw,avx512vl,avx512_vnni,avx512_bf16,amx_bf16,amx_int8,amx_tile,fma",True,True,,256,128,sh14l07002s1404,3.11.9,2.1.2+cu121
20260424_010536,2026-04-24T06:14:13.342248,cpu,full_mlp_capacity_search_hd256_depth3,/home/liangyi/SRS_AI/Model_AIIC_refactor/experiments_refactored/20260422_050408_full_mlp_capacity_search_v2/full_mlp_capacity_search_hd256_depth3,full_mlp_capacity_search_v2,full_mlp_capacity_search_hd256_depth3,supervised_nmse_plateau,full_mlp,12,6,eager,bf16,bfloat16,64,128,ok,,0.0,20,50,0.34144872,0.02168274444164299,0.282574,0.3421925,0.3706725,0.3772382,0.38775653,0.395941,187436.63763038855,187.43663763038856,342.1925,5.3467578125,1464.3487314874105,43408,43008,86488,all-physical,1.0,0.5,Intel(R) Xeon(R) 6760P,AVX512,"avx2,avx512f,avx512bw,avx512vl,avx512_vnni,avx512_bf16,amx_bf16,amx_int8,amx_tile,fma",True,True,,256,128,sh14l07002s1404,3.11.9,2.1.2+cu121
20260424_010536,2026-04-24T06:14:13.342248,cpu,full_mlp_capacity_search_hd256_depth3,/home/liangyi/SRS_AI/Model_AIIC_refactor/experiments_refactored/20260422_050408_full_mlp_capacity_search_v2/full_mlp_capacity_search_hd256_depth3,full_mlp_capacity_search_v2,full_mlp_capacity_search_hd256_depth3,supervised_nmse_plateau,full_mlp,12,6,eager,bf16,bfloat16,128,1,ok,,0.0,20,50,0.11266932,0.004817316080308619,0.107023,0.1114325,0.1197107,0.12254734999999999,0.12659957,0.126701,1136067.9198205865,1136.0679198205864,111.4325,0.87056640625,1136067.9198205865,43408,43008,86488,single-thread,0.0078125,0.00390625,Intel(R) Xeon(R) 6760P,AVX512,"avx2,avx512f,avx512bw,avx512vl,avx512_vnni,avx512_bf16,amx_bf16,amx_int8,amx_tile,fma",True,True,,256,128,sh14l07002s1404,3.11.9,2.1.2+cu121
20260424_010536,2026-04-24T06:14:13.342248,cpu,full_mlp_capacity_search_hd256_depth3,/home/liangyi/SRS_AI/Model_AIIC_refactor/experiments_refactored/20260422_050408_full_mlp_capacity_search_v2/full_mlp_capacity_search_hd256_depth3,full_mlp_capacity_search_v2,full_mlp_capacity_search_hd256_depth3,supervised_nmse_plateau,full_mlp,12,6,eager,bf16,bfloat16,128,2,ok,,0.0,20,50,0.1712058,0.0206700389094941,0.150778,0.1676925,0.18287530000000002,0.19074665,0.25108486999999985,0.29486,747638.2225368534,747.6382225368534,167.6925,1.31009765625,373819.1112684267,43408,43008,86488,sub-physical,0.015625,0.0078125,Intel(R) Xeon(R) 6760P,AVX512,"avx2,avx512f,avx512bw,avx512vl,avx512_vnni,avx512_bf16,amx_bf16,amx_int8,amx_tile,fma",True,True,,256,128,sh14l07002s1404,3.11.9,2.1.2+cu121
20260424_010536,2026-04-24T06:14:13.342248,cpu,full_mlp_capacity_search_hd256_depth3,/home/liangyi/SRS_AI/Model_AIIC_refactor/experiments_refactored/20260422_050408_full_mlp_capacity_search_v2/full_mlp_capacity_search_hd256_depth3,full_mlp_capacity_search_v2,full_mlp_capacity_search_hd256_depth3,supervised_nmse_plateau,full_mlp,12,6,eager,bf16,bfloat16,128,4,ok,,0.0,20,50,0.17729134,0.016675363758083362,0.159988,0.173213,0.19066339999999998,0.20244689999999999,0.23812972999999987,0.268766,721975.478328496,721.975478328496,173.213,1.3532265625,180493.869582124,43408,43008,86488,sub-physical,0.03125,0.015625,Intel(R) Xeon(R) 6760P,AVX512,"avx2,avx512f,avx512bw,avx512vl,avx512_vnni,avx512_bf16,amx_bf16,amx_int8,amx_tile,fma",True,True,,256,128,sh14l07002s1404,3.11.9,2.1.2+cu121
20260424_010536,2026-04-24T06:14:13.342248,cpu,full_mlp_capacity_search_hd256_depth3,/home/liangyi/SRS_AI/Model_AIIC_refactor/experiments_refactored/20260422_050408_full_mlp_capacity_search_v2/full_mlp_capacity_search_hd256_depth3,full_mlp_capacity_search_v2,full_mlp_capacity_search_hd256_depth3,supervised_nmse_plateau,full_mlp,12,6,eager,bf16,bfloat16,128,8,ok,,0.0,20,50,0.16524038,0.005831608703916955,0.1524,0.165539,0.17141230000000002,0.17562475,0.17679678000000001,0.176933,774629.0585872534,774.6290585872534,165.539,1.2932734375,96828.63232340668,43408,43008,86488,sub-physical,0.0625,0.03125,Intel(R) Xeon(R) 6760P,AVX512,"avx2,avx512f,avx512bw,avx512vl,avx512_vnni,avx512_bf16,amx_bf16,amx_int8,amx_tile,fma",True,True,,256,128,sh14l07002s1404,3.11.9,2.1.2+cu121
20260424_010536,2026-04-24T06:14:13.342248,cpu,full_mlp_capacity_search_hd256_depth3,/home/liangyi/SRS_AI/Model_AIIC_refactor/experiments_refactored/20260422_050408_full_mlp_capacity_search_v2/full_mlp_capacity_search_hd256_depth3,full_mlp_capacity_search_v2,full_mlp_capacity_search_hd256_depth3,supervised_nmse_plateau,full_mlp,12,6,eager,bf16,bfloat16,128,128,ok,,0.0,20,50,0.2628489,0.006966301768513908,0.252037,0.26202499999999995,0.2708888,0.27517825,0.28317512,0.288424,486971.7925393639,486.9717925393639,262.025,2.0470703125,3804.4671292137805,43408,43008,86488,all-physical,1.0,0.5,Intel(R) Xeon(R) 6760P,AVX512,"avx2,avx512f,avx512bw,avx512vl,avx512_vnni,avx512_bf16,amx_bf16,amx_int8,amx_tile,fma",True,True,,256,128,sh14l07002s1404,3.11.9,2.1.2+cu121
20260424_010536,2026-04-24T06:14:13.342248,cpu,full_mlp_capacity_search_hd256_depth3,/home/liangyi/SRS_AI/Model_AIIC_refactor/experiments_refactored/20260422_050408_full_mlp_capacity_search_v2/full_mlp_capacity_search_hd256_depth3,full_mlp_capacity_search_v2,full_mlp_capacity_search_hd256_depth3,supervised_nmse_plateau,full_mlp,12,6,jit,fp32,float32,1,1,ok,,47.3515,20,50,0.02139196,0.0008620027136848234,0.020331,0.0212,0.021681199999999998,0.022422549999999996,0.025212279999999997,0.025618,46746.53467938421,46.74653467938421,21.2,21.2,46746.53467938421,43408,43008,86488,single-thread,0.0078125,0.00390625,Intel(R) Xeon(R) 6760P,AVX512,"avx2,avx512f,avx512bw,avx512vl,avx512_vnni,avx512_bf16,amx_bf16,amx_int8,amx_tile,fma",True,True,,256,128,sh14l07002s1404,3.11.9,2.1.2+cu121
20260424_010536,2026-04-24T06:14:13.342248,cpu,full_mlp_capacity_search_hd256_depth3,/home/liangyi/SRS_AI/Model_AIIC_refactor/experiments_refactored/20260422_050408_full_mlp_capacity_search_v2/full_mlp_capacity_search_hd256_depth3,full_mlp_capacity_search_v2,full_mlp_capacity_search_hd256_depth3,supervised_nmse_plateau,full_mlp,12,6,jit,fp32,float32,1,2,ok,,47.098781,20,50,0.02514418,0.0016721313069253867,0.023603,0.024981,0.0257803,0.0261933,0.032613619999999996,0.033722,39770.63479501022,39.770634795010224,24.980999999999998,24.980999999999998,19885.31739750511,43408,43008,86488,sub-physical,0.015625,0.0078125,Intel(R) Xeon(R) 6760P,AVX512,"avx2,avx512f,avx512bw,avx512vl,avx512_vnni,avx512_bf16,amx_bf16,amx_int8,amx_tile,fma",True,True,,256,128,sh14l07002s1404,3.11.9,2.1.2+cu121
20260424_010536,2026-04-24T06:14:13.342248,cpu,full_mlp_capacity_search_hd256_depth3,/home/liangyi/SRS_AI/Model_AIIC_refactor/experiments_refactored/20260422_050408_full_mlp_capacity_search_v2/full_mlp_capacity_search_hd256_depth3,full_mlp_capacity_search_v2,full_mlp_capacity_search_hd256_depth3,supervised_nmse_plateau,full_mlp,12,6,jit,fp32,float32,1,4,ok,,45.801208,20,50,0.02439494,0.0012437573301894546,0.022869,0.0241825,0.025113,0.026993899999999998,0.029127269999999997,0.029655,40992.10737964512,40.99210737964512,24.182499999999997,24.182499999999997,10248.02684491128,43408,43008,86488,sub-physical,0.03125,0.015625,Intel(R) Xeon(R) 6760P,AVX512,"avx2,avx512f,avx512bw,avx512vl,avx512_vnni,avx512_bf16,amx_bf16,amx_int8,amx_tile,fma",True,True,,256,128,sh14l07002s1404,3.11.9,2.1.2+cu121
20260424_010536,2026-04-24T06:14:13.342248,cpu,full_mlp_capacity_search_hd256_depth3,/home/liangyi/SRS_AI/Model_AIIC_refactor/experiments_refactored/20260422_050408_full_mlp_capacity_search_v2/full_mlp_capacity_search_hd256_depth3,full_mlp_capacity_search_v2,full_mlp_capacity_search_hd256_depth3,supervised_nmse_plateau,full_mlp,12,6,jit,fp32,float32,1,8,ok,,47.640555,20,50,0.02439096,0.00153186045004106,0.022385,0.024322,0.025441,0.027204049999999997,0.030155169999999995,0.031462,40998.79627534135,40.998796275341356,24.322,24.322,5124.849534417669,43408,43008,86488,sub-physical,0.0625,0.03125,Intel(R) Xeon(R) 6760P,AVX512,"avx2,avx512f,avx512bw,avx512vl,avx512_vnni,avx512_bf16,amx_bf16,amx_int8,amx_tile,fma",True,True,,256,128,sh14l07002s1404,3.11.9,2.1.2+cu121
20260424_010536,2026-04-24T06:14:13.342248,cpu,full_mlp_capacity_search_hd256_depth3,/home/liangyi/SRS_AI/Model_AIIC_refactor/experiments_refactored/20260422_050408_full_mlp_capacity_search_v2/full_mlp_capacity_search_hd256_depth3,full_mlp_capacity_search_v2,full_mlp_capacity_search_hd256_depth3,supervised_nmse_plateau,full_mlp,12,6,jit,fp32,float32,1,128,ok,,50.332753,20,50,0.02140926,0.0007018101683503884,0.020484,0.021337000000000002,0.0215726,0.02177,0.024046709999999992,0.025968,46708.76060172094,46.70876060172094,21.337000000000003,21.337000000000003,364.91219220094484,43408,43008,86488,all-physical,1.0,0.5,Intel(R) Xeon(R) 6760P,AVX512,"avx2,avx512f,avx512bw,avx512vl,avx512_vnni,avx512_bf16,amx_bf16,amx_int8,amx_tile,fma",True,True,,256,128,sh14l07002s1404,3.11.9,2.1.2+cu121
20260424_010536,2026-04-24T06:14:13.342248,cpu,full_mlp_capacity_search_hd256_depth3,/home/liangyi/SRS_AI/Model_AIIC_refactor/experiments_refactored/20260422_050408_full_mlp_capacity_search_v2/full_mlp_capacity_search_hd256_depth3,full_mlp_capacity_search_v2,full_mlp_capacity_search_hd256_depth3,supervised_nmse_plateau,full_mlp,12,6,jit,fp32,float32,2,1,ok,,46.758238,20,50,0.0233649,0.0008379996002385681,0.022702,0.023272,0.0235224,0.02365535,0.02649096999999999,0.029013,85598.48319487779,85.59848319487779,23.272000000000002,11.636000000000001,85598.48319487779,43408,43008,86488,single-thread,0.0078125,0.00390625,Intel(R) Xeon(R) 6760P,AVX512,"avx2,avx512f,avx512bw,avx512vl,avx512_vnni,avx512_bf16,amx_bf16,amx_int8,amx_tile,fma",True,True,,256,128,sh14l07002s1404,3.11.9,2.1.2+cu121
20260424_010536,2026-04-24T06:14:13.342248,cpu,full_mlp_capacity_search_hd256_depth3,/home/liangyi/SRS_AI/Model_AIIC_refactor/experiments_refactored/20260422_050408_full_mlp_capacity_search_v2/full_mlp_capacity_search_hd256_depth3,full_mlp_capacity_search_v2,full_mlp_capacity_search_hd256_depth3,supervised_nmse_plateau,full_mlp,12,6,jit,fp32,float32,2,2,ok,,47.175621,20,50,0.02336324,0.0018816036198944773,0.021997,0.0224855,0.0271161,0.027431949999999997,0.028062,0.028258,85604.56512024874,85.60456512024874,22.4855,11.24275,42802.28256012437,43408,43008,86488,sub-physical,0.015625,0.0078125,Intel(R) Xeon(R) 6760P,AVX512,"avx2,avx512f,avx512bw,avx512vl,avx512_vnni,avx512_bf16,amx_bf16,amx_int8,amx_tile,fma",True,True,,256,128,sh14l07002s1404,3.11.9,2.1.2+cu121
20260424_010536,2026-04-24T06:14:13.342248,cpu,full_mlp_capacity_search_hd256_depth3,/home/liangyi/SRS_AI/Model_AIIC_refactor/experiments_refactored/20260422_050408_full_mlp_capacity_search_v2/full_mlp_capacity_search_hd256_depth3,full_mlp_capacity_search_v2,full_mlp_capacity_search_hd256_depth3,supervised_nmse_plateau,full_mlp,12,6,jit,fp32,float32,2,4,ok,,46.750902,20,50,0.0231601,0.00045532530129567826,0.022595,0.023099,0.0233957,0.023478,0.024824259999999997,0.026013,86355.41297317369,86.35541297317369,23.099,11.5495,21588.853243293423,43408,43008,86488,sub-physical,0.03125,0.015625,Intel(R) Xeon(R) 6760P,AVX512,"avx2,avx512f,avx512bw,avx512vl,avx512_vnni,avx512_bf16,amx_bf16,amx_int8,amx_tile,fma",True,True,,256,128,sh14l07002s1404,3.11.9,2.1.2+cu121
20260424_010536,2026-04-24T06:14:13.342248,cpu,full_mlp_capacity_search_hd256_depth3,/home/liangyi/SRS_AI/Model_AIIC_refactor/experiments_refactored/20260422_050408_full_mlp_capacity_search_v2/full_mlp_capacity_search_hd256_depth3,full_mlp_capacity_search_v2,full_mlp_capacity_search_hd256_depth3,supervised_nmse_plateau,full_mlp,12,6,jit,fp32,float32,2,8,ok,,46.776458,20,50,0.02273058,0.0005797837903908662,0.021405,0.022773500000000002,0.0233119,0.02355455,0.024096479999999997,0.024463,87987.19610322306,87.98719610322306,22.773500000000002,11.386750000000001,10998.399512902883,43408,43008,86488,sub-physical,0.0625,0.03125,Intel(R) Xeon(R) 6760P,AVX512,"avx2,avx512f,avx512bw,avx512vl,avx512_vnni,avx512_bf16,amx_bf16,amx_int8,amx_tile,fma",True,True,,256,128,sh14l07002s1404,3.11.9,2.1.2+cu121
20260424_010536,2026-04-24T06:14:13.342248,cpu,full_mlp_capacity_search_hd256_depth3,/home/liangyi/SRS_AI/Model_AIIC_refactor/experiments_refactored/20260422_050408_full_mlp_capacity_search_v2/full_mlp_capacity_search_hd256_depth3,full_mlp_capacity_search_v2,full_mlp_capacity_search_hd256_depth3,supervised_nmse_plateau,full_mlp,12,6,jit,fp32,float32,2,128,ok,,50.750553,20,50,0.02292842,0.0014568921043097186,0.021438,0.022845499999999998,0.0236237,0.024118149999999998,0.02916172,0.029491,87227.99041538841,87.22799041538842,22.845499999999998,11.422749999999999,681.468675120222,43408,43008,86488,all-physical,1.0,0.5,Intel(R) Xeon(R) 6760P,AVX512,"avx2,avx512f,avx512bw,avx512vl,avx512_vnni,avx512_bf16,amx_bf16,amx_int8,amx_tile,fma",True,True,,256,128,sh14l07002s1404,3.11.9,2.1.2+cu121
20260424_010536,2026-04-24T06:14:13.342248,cpu,full_mlp_capacity_search_hd256_depth3,/home/liangyi/SRS_AI/Model_AIIC_refactor/experiments_refactored/20260422_050408_full_mlp_capacity_search_v2/full_mlp_capacity_search_hd256_depth3,full_mlp_capacity_search_v2,full_mlp_capacity_search_hd256_depth3,supervised_nmse_plateau,full_mlp,12,6,jit,fp32,float32,4,1,ok,,45.858486,20,50,0.02344294,0.0006675006040446705,0.022164,0.0235205,0.0237883,0.0238392,0.025602149999999997,0.026761,170627.06298783346,170.62706298783345,23.5205,5.880125,170627.06298783346,43408,43008,86488,single-thread,0.0078125,0.00390625,Intel(R) Xeon(R) 6760P,AVX512,"avx2,avx512f,avx512bw,avx512vl,avx512_vnni,avx512_bf16,amx_bf16,amx_int8,amx_tile,fma",True,True,,256,128,sh14l07002s1404,3.11.9,2.1.2+cu121
20260424_010536,2026-04-24T06:14:13.342248,cpu,full_mlp_capacity_search_hd256_depth3,/home/liangyi/SRS_AI/Model_AIIC_refactor/experiments_refactored/20260422_050408_full_mlp_capacity_search_v2/full_mlp_capacity_search_hd256_depth3,full_mlp_capacity_search_v2,full_mlp_capacity_search_hd256_depth3,supervised_nmse_plateau,full_mlp,12,6,jit,fp32,float32,4,2,ok,,47.492657,20,50,0.0246521,0.002485370887815338,0.022974,0.023473,0.0286485,0.02918965,0.03157242,0.03272,162257.98207860588,162.2579820786059,23.473000000000003,5.868250000000001,81128.99103930294,43408,43008,86488,sub-physical,0.015625,0.0078125,Intel(R) Xeon(R) 6760P,AVX512,"avx2,avx512f,avx512bw,avx512vl,avx512_vnni,avx512_bf16,amx_bf16,amx_int8,amx_tile,fma",True,True,,256,128,sh14l07002s1404,3.11.9,2.1.2+cu121
20260424_010536,2026-04-24T06:14:13.342248,cpu,full_mlp_capacity_search_hd256_depth3,/home/liangyi/SRS_AI/Model_AIIC_refactor/experiments_refactored/20260422_050408_full_mlp_capacity_search_v2/full_mlp_capacity_search_hd256_depth3,full_mlp_capacity_search_v2,full_mlp_capacity_search_hd256_depth3,supervised_nmse_plateau,full_mlp,12,6,jit,fp32,float32,4,4,ok,,47.68844,20,50,0.0286405,0.0017735620344380403,0.026496,0.028319,0.0291644,0.03240394999999999,0.03537677,0.035439,139662.36622963985,139.66236622963984,28.319,7.07975,34915.59155740996,43408,43008,86488,sub-physical,0.03125,0.015625,Intel(R) Xeon(R) 6760P,AVX512,"avx2,avx512f,avx512bw,avx512vl,avx512_vnni,avx512_bf16,amx_bf16,amx_int8,amx_tile,fma",True,True,,256,128,sh14l07002s1404,3.11.9,2.1.2+cu121
20260424_010536,2026-04-24T06:14:13.342248,cpu,full_mlp_capacity_search_hd256_depth3,/home/liangyi/SRS_AI/Model_AIIC_refactor/experiments_refactored/20260422_050408_full_mlp_capacity_search_v2/full_mlp_capacity_search_hd256_depth3,full_mlp_capacity_search_v2,full_mlp_capacity_search_hd256_depth3,supervised_nmse_plateau,full_mlp,12,6,jit,fp32,float32,4,8,ok,,46.981795,20,50,0.0237441,0.000996907262487339,0.022536,0.023912000000000003,0.024314099999999998,0.02442575,0.02713320999999999,0.029177,168462.90236311336,168.46290236311336,23.912000000000003,5.978000000000001,21057.86279538917,43408,43008,86488,sub-physical,0.0625,0.03125,Intel(R) Xeon(R) 6760P,AVX512,"avx2,avx512f,avx512bw,avx512vl,avx512_vnni,avx512_bf16,amx_bf16,amx_int8,amx_tile,fma",True,True,,256,128,sh14l07002s1404,3.11.9,2.1.2+cu121
20260424_010536,2026-04-24T06:14:13.342248,cpu,full_mlp_capacity_search_hd256_depth3,/home/liangyi/SRS_AI/Model_AIIC_refactor/experiments_refactored/20260422_050408_full_mlp_capacity_search_v2/full_mlp_capacity_search_hd256_depth3,full_mlp_capacity_search_v2,full_mlp_capacity_search_hd256_depth3,supervised_nmse_plateau,full_mlp,12,6,jit,fp32,float32,4,128,ok,,55.111211,20,50,0.02506162,0.0025682787379098866,0.02303,0.0234865,0.0288204,0.029753349999999998,0.0300417,0.030223,159606.60164825738,159.60660164825737,23.4865,5.871625,1246.9265753770107,43408,43008,86488,all-physical,1.0,0.5,Intel(R) Xeon(R) 6760P,AVX512,"avx2,avx512f,avx512bw,avx512vl,avx512_vnni,avx512_bf16,amx_bf16,amx_int8,amx_tile,fma",True,True,,256,128,sh14l07002s1404,3.11.9,2.1.2+cu121
20260424_010536,2026-04-24T06:14:13.342248,cpu,full_mlp_capacity_search_hd256_depth3,/home/liangyi/SRS_AI/Model_AIIC_refactor/experiments_refactored/20260422_050408_full_mlp_capacity_search_v2/full_mlp_capacity_search_hd256_depth3,full_mlp_capacity_search_v2,full_mlp_capacity_search_hd256_depth3,supervised_nmse_plateau,full_mlp,12,6,jit,fp32,float32,8,1,ok,,48.563916,20,50,0.02591838,0.0010106278224945127,0.024518,0.0257965,0.0260981,0.026185399999999998,0.03061114,0.030814,308661.26663780684,308.6612666378068,25.7965,3.2245625,308661.26663780684,43408,43008,86488,single-thread,0.0078125,0.00390625,Intel(R) Xeon(R) 6760P,AVX512,"avx2,avx512f,avx512bw,avx512vl,avx512_vnni,avx512_bf16,amx_bf16,amx_int8,amx_tile,fma",True,True,,256,128,sh14l07002s1404,3.11.9,2.1.2+cu121
20260424_010536,2026-04-24T06:14:13.342248,cpu,full_mlp_capacity_search_hd256_depth3,/home/liangyi/SRS_AI/Model_AIIC_refactor/experiments_refactored/20260422_050408_full_mlp_capacity_search_v2/full_mlp_capacity_search_hd256_depth3,full_mlp_capacity_search_v2,full_mlp_capacity_search_hd256_depth3,supervised_nmse_plateau,full_mlp,12,6,jit,fp32,float32,8,2,ok,,47.244433,20,50,0.03120806,0.0017899540375104603,0.028546,0.0308135,0.0323732,0.03475064999999999,0.03767350999999999,0.038507,256344.03420142105,256.34403420142104,30.8135,3.8516875,128172.01710071052,43408,43008,86488,sub-physical,0.015625,0.0078125,Intel(R) Xeon(R) 6760P,AVX512,"avx2,avx512f,avx512bw,avx512vl,avx512_vnni,avx512_bf16,amx_bf16,amx_int8,amx_tile,fma",True,True,,256,128,sh14l07002s1404,3.11.9,2.1.2+cu121
20260424_010536,2026-04-24T06:14:13.342248,cpu,full_mlp_capacity_search_hd256_depth3,/home/liangyi/SRS_AI/Model_AIIC_refactor/experiments_refactored/20260422_050408_full_mlp_capacity_search_v2/full_mlp_capacity_search_hd256_depth3,full_mlp_capacity_search_v2,full_mlp_capacity_search_hd256_depth3,supervised_nmse_plateau,full_mlp,12,6,jit,fp32,float32,8,4,ok,,46.110405,20,50,0.030201060000000002,0.0012771010204365198,0.028841,0.029845,0.0307353,0.03119825,0.03593656,0.036454,264891.364740178,264.891364740178,29.845,3.730625,66222.8411850445,43408,43008,86488,sub-physical,0.03125,0.015625,Intel(R) Xeon(R) 6760P,AVX512,"avx2,avx512f,avx512bw,avx512vl,avx512_vnni,avx512_bf16,amx_bf16,amx_int8,amx_tile,fma",True,True,,256,128,sh14l07002s1404,3.11.9,2.1.2+cu121
20260424_010536,2026-04-24T06:14:13.342248,cpu,full_mlp_capacity_search_hd256_depth3,/home/liangyi/SRS_AI/Model_AIIC_refactor/experiments_refactored/20260422_050408_full_mlp_capacity_search_v2/full_mlp_capacity_search_hd256_depth3,full_mlp_capacity_search_v2,full_mlp_capacity_search_hd256_depth3,supervised_nmse_plateau,full_mlp,12,6,jit,fp32,float32,8,8,ok,,46.642804,20,50,0.0307436,0.0017424061868577029,0.029035,0.030376,0.0310649,0.03411595,0.03781121999999999,0.040027,260216.76056154777,260.21676056154774,30.376,3.797,32527.09507019347,43408,43008,86488,sub-physical,0.0625,0.03125,Intel(R) Xeon(R) 6760P,AVX512,"avx2,avx512f,avx512bw,avx512vl,avx512_vnni,avx512_bf16,amx_bf16,amx_int8,amx_tile,fma",True,True,,256,128,sh14l07002s1404,3.11.9,2.1.2+cu121
20260424_010536,2026-04-24T06:14:13.342248,cpu,full_mlp_capacity_search_hd256_depth3,/home/liangyi/SRS_AI/Model_AIIC_refactor/experiments_refactored/20260422_050408_full_mlp_capacity_search_v2/full_mlp_capacity_search_hd256_depth3,full_mlp_capacity_search_v2,full_mlp_capacity_search_hd256_depth3,supervised_nmse_plateau,full_mlp,12,6,jit,fp32,float32,8,128,ok,,90.088834,20,50,1.21524518,2.470995424177987,0.079363,0.08603,5.9977397,6.01212825,8.503040839999999,8.998668,6583.033721639612,6.5830337216396115,86.03,10.75375,51.42995095030947,43408,43008,86488,all-physical,1.0,0.5,Intel(R) Xeon(R) 6760P,AVX512,"avx2,avx512f,avx512bw,avx512vl,avx512_vnni,avx512_bf16,amx_bf16,amx_int8,amx_tile,fma",True,True,,256,128,sh14l07002s1404,3.11.9,2.1.2+cu121
20260424_010536,2026-04-24T06:14:13.342248,cpu,full_mlp_capacity_search_hd256_depth3,/home/liangyi/SRS_AI/Model_AIIC_refactor/experiments_refactored/20260422_050408_full_mlp_capacity_search_v2/full_mlp_capacity_search_hd256_depth3,full_mlp_capacity_search_v2,full_mlp_capacity_search_hd256_depth3,supervised_nmse_plateau,full_mlp,12,6,jit,fp32,float32,16,1,ok,,47.449823,20,50,0.02985688,0.0013851205816101354,0.028529,0.0298105,0.0302865,0.0309973,0.03544648999999999,0.037994,535889.8853463591,535.889885346359,29.8105,1.86315625,535889.8853463591,43408,43008,86488,single-thread,0.0078125,0.00390625,Intel(R) Xeon(R) 6760P,AVX512,"avx2,avx512f,avx512bw,avx512vl,avx512_vnni,avx512_bf16,amx_bf16,amx_int8,amx_tile,fma",True,True,,256,128,sh14l07002s1404,3.11.9,2.1.2+cu121
20260424_010536,2026-04-24T06:14:13.342248,cpu,full_mlp_capacity_search_hd256_depth3,/home/liangyi/SRS_AI/Model_AIIC_refactor/experiments_refactored/20260422_050408_full_mlp_capacity_search_v2/full_mlp_capacity_search_hd256_depth3,full_mlp_capacity_search_v2,full_mlp_capacity_search_hd256_depth3,supervised_nmse_plateau,full_mlp,12,6,jit,fp32,float32,16,2,ok,,46.463549,20,50,0.0393911,0.0027692430175049643,0.032974,0.0388665,0.0422215,0.043168399999999996,0.048131089999999994,0.049826,406183.1225835278,406.1831225835278,38.866499999999995,2.4291562499999997,203091.5612917639,43408,43008,86488,sub-physical,0.015625,0.0078125,Intel(R) Xeon(R) 6760P,AVX512,"avx2,avx512f,avx512bw,avx512vl,avx512_vnni,avx512_bf16,amx_bf16,amx_int8,amx_tile,fma",True,True,,256,128,sh14l07002s1404,3.11.9,2.1.2+cu121
20260424_010536,2026-04-24T06:14:13.342248,cpu,full_mlp_capacity_search_hd256_depth3,/home/liangyi/SRS_AI/Model_AIIC_refactor/experiments_refactored/20260422_050408_full_mlp_capacity_search_v2/full_mlp_capacity_search_hd256_depth3,full_mlp_capacity_search_v2,full_mlp_capacity_search_hd256_depth3,supervised_nmse_plateau,full_mlp,12,6,jit,fp32,float32,16,4,ok,,46.460303,20,50,0.0367083,0.0014707179913226063,0.032211,0.0368255,0.038065800000000004,0.03866315,0.04106214,0.041951,435868.7272360746,435.8687272360746,36.8255,2.30159375,108967.18180901866,43408,43008,86488,sub-physical,0.03125,0.015625,Intel(R) Xeon(R) 6760P,AVX512,"avx2,avx512f,avx512bw,avx512vl,avx512_vnni,avx512_bf16,amx_bf16,amx_int8,amx_tile,fma",True,True,,256,128,sh14l07002s1404,3.11.9,2.1.2+cu121
20260424_010536,2026-04-24T06:14:13.342248,cpu,full_mlp_capacity_search_hd256_depth3,/home/liangyi/SRS_AI/Model_AIIC_refactor/experiments_refactored/20260422_050408_full_mlp_capacity_search_v2/full_mlp_capacity_search_hd256_depth3,full_mlp_capacity_search_v2,full_mlp_capacity_search_hd256_depth3,supervised_nmse_plateau,full_mlp,12,6,jit,fp32,float32,16,8,ok,,47.864215,20,50,0.035508,0.0019197287620911446,0.033321,0.0350545,0.0363958,0.038014299999999994,0.04381958999999999,0.045686,450602.68108595244,450.60268108595244,35.054500000000004,2.1909062500000003,56325.335135744055,43408,43008,86488,sub-physical,0.0625,0.03125,Intel(R) Xeon(R) 6760P,AVX512,"avx2,avx512f,avx512bw,avx512vl,avx512_vnni,avx512_bf16,amx_bf16,amx_int8,amx_tile,fma",True,True,,256,128,sh14l07002s1404,3.11.9,2.1.2+cu121
20260424_010536,2026-04-24T06:14:13.342248,cpu,full_mlp_capacity_search_hd256_depth3,/home/liangyi/SRS_AI/Model_AIIC_refactor/experiments_refactored/20260422_050408_full_mlp_capacity_search_v2/full_mlp_capacity_search_hd256_depth3,full_mlp_capacity_search_v2,full_mlp_capacity_search_hd256_depth3,supervised_nmse_plateau,full_mlp,12,6,jit,fp32,float32,16,128,ok,,63.240235,20,50,0.11331914,0.01052631907745533,0.102051,0.111314,0.12620230000000002,0.14175215,0.14516281,0.146697,141194.1530795239,141.19415307952391,111.314,6.957125,1103.0793209337805,43408,43008,86488,all-physical,1.0,0.5,Intel(R) Xeon(R) 6760P,AVX512,"avx2,avx512f,avx512bw,avx512vl,avx512_vnni,avx512_bf16,amx_bf16,amx_int8,amx_tile,fma",True,True,,256,128,sh14l07002s1404,3.11.9,2.1.2+cu121
20260424_010536,2026-04-24T06:14:13.342248,cpu,full_mlp_capacity_search_hd256_depth3,/home/liangyi/SRS_AI/Model_AIIC_refactor/experiments_refactored/20260422_050408_full_mlp_capacity_search_v2/full_mlp_capacity_search_hd256_depth3,full_mlp_capacity_search_v2,full_mlp_capacity_search_hd256_depth3,supervised_nmse_plateau,full_mlp,12,6,jit,fp32,float32,32,1,ok,,46.622459,20,50,0.03746904,0.0007142764999634242,0.036699,0.037223000000000006,0.0382042,0.0387026,0.039899149999999994,0.040666,854038.4274590436,854.0384274590435,37.223000000000006,1.1632187500000002,854038.4274590436,43408,43008,86488,single-thread,0.0078125,0.00390625,Intel(R) Xeon(R) 6760P,AVX512,"avx2,avx512f,avx512bw,avx512vl,avx512_vnni,avx512_bf16,amx_bf16,amx_int8,amx_tile,fma",True,True,,256,128,sh14l07002s1404,3.11.9,2.1.2+cu121
20260424_010536,2026-04-24T06:14:13.342248,cpu,full_mlp_capacity_search_hd256_depth3,/home/liangyi/SRS_AI/Model_AIIC_refactor/experiments_refactored/20260422_050408_full_mlp_capacity_search_v2/full_mlp_capacity_search_hd256_depth3,full_mlp_capacity_search_v2,full_mlp_capacity_search_hd256_depth3,supervised_nmse_plateau,full_mlp,12,6,jit,fp32,float32,32,2,ok,,47.832635,20,50,0.06210118,0.0028867119197453707,0.055151,0.062975,0.06495469999999999,0.06641265,0.06767161000000001,0.067677,515288.1152982923,515.2881152982923,62.975,1.96796875,257644.05764914615,43408,43008,86488,sub-physical,0.015625,0.0078125,Intel(R) Xeon(R) 6760P,AVX512,"avx2,avx512f,avx512bw,avx512vl,avx512_vnni,avx512_bf16,amx_bf16,amx_int8,amx_tile,fma",True,True,,256,128,sh14l07002s1404,3.11.9,2.1.2+cu121
20260424_010536,2026-04-24T06:14:13.342248,cpu,full_mlp_capacity_search_hd256_depth3,/home/liangyi/SRS_AI/Model_AIIC_refactor/experiments_refactored/20260422_050408_full_mlp_capacity_search_v2/full_mlp_capacity_search_hd256_depth3,full_mlp_capacity_search_v2,full_mlp_capacity_search_hd256_depth3,supervised_nmse_plateau,full_mlp,12,6,jit,fp32,float32,32,4,ok,,47.381215,20,50,0.05822914,0.00294820493188652,0.049759,0.058769,0.0610794,0.061716099999999996,0.06487636,0.067785,549553.0244822438,549.5530244822438,58.769,1.83653125,137388.25612056095,43408,43008,86488,sub-physical,0.03125,0.015625,Intel(R) Xeon(R) 6760P,AVX512,"avx2,avx512f,avx512bw,avx512vl,avx512_vnni,avx512_bf16,amx_bf16,amx_int8,amx_tile,fma",True,True,,256,128,sh14l07002s1404,3.11.9,2.1.2+cu121
20260424_010536,2026-04-24T06:14:13.342248,cpu,full_mlp_capacity_search_hd256_depth3,/home/liangyi/SRS_AI/Model_AIIC_refactor/experiments_refactored/20260422_050408_full_mlp_capacity_search_v2/full_mlp_capacity_search_hd256_depth3,full_mlp_capacity_search_v2,full_mlp_capacity_search_hd256_depth3,supervised_nmse_plateau,full_mlp,12,6,jit,fp32,float32,32,8,ok,,46.448344,20,50,0.05323774,0.0025044072257522335,0.044322,0.053656499999999996,0.0550767,0.0566623,0.05882704,0.059613,601077.3560260072,601.0773560260072,53.656499999999994,1.6767656249999998,75134.6695032509,43408,43008,86488,sub-physical,0.0625,0.03125,Intel(R) Xeon(R) 6760P,AVX512,"avx2,avx512f,avx512bw,avx512vl,avx512_vnni,avx512_bf16,amx_bf16,amx_int8,amx_tile,fma",True,True,,256,128,sh14l07002s1404,3.11.9,2.1.2+cu121
20260424_010536,2026-04-24T06:14:13.342248,cpu,full_mlp_capacity_search_hd256_depth3,/home/liangyi/SRS_AI/Model_AIIC_refactor/experiments_refactored/20260422_050408_full_mlp_capacity_search_v2/full_mlp_capacity_search_hd256_depth3,full_mlp_capacity_search_v2,full_mlp_capacity_search_hd256_depth3,supervised_nmse_plateau,full_mlp,12,6,jit,fp32,float32,32,128,ok,,61.647733,20,50,0.12901516,0.013317925418562759,0.109314,0.125811,0.1490185,0.15530615,0.16365068,0.164223,248032.86683518434,248.03286683518434,125.811,3.93159375,1937.7567721498776,43408,43008,86488,all-physical,1.0,0.5,Intel(R) Xeon(R) 6760P,AVX512,"avx2,avx512f,avx512bw,avx512vl,avx512_vnni,avx512_bf16,amx_bf16,amx_int8,amx_tile,fma",True,True,,256,128,sh14l07002s1404,3.11.9,2.1.2+cu121
20260424_010536,2026-04-24T06:14:13.342248,cpu,full_mlp_capacity_search_hd256_depth3,/home/liangyi/SRS_AI/Model_AIIC_refactor/experiments_refactored/20260422_050408_full_mlp_capacity_search_v2/full_mlp_capacity_search_hd256_depth3,full_mlp_capacity_search_v2,full_mlp_capacity_search_hd256_depth3,supervised_nmse_plateau,full_mlp,12,6,jit,fp32,float32,64,1,ok,,47.715457,20,50,0.05351628,0.0016089794658727008,0.052323,0.052919499999999994,0.054971700000000005,0.0578274,0.05849776,0.058829,1195897.7716687333,1195.8977716687334,52.91949999999999,0.8268671874999999,1195897.7716687333,43408,43008,86488,single-thread,0.0078125,0.00390625,Intel(R) Xeon(R) 6760P,AVX512,"avx2,avx512f,avx512bw,avx512vl,avx512_vnni,avx512_bf16,amx_bf16,amx_int8,amx_tile,fma",True,True,,256,128,sh14l07002s1404,3.11.9,2.1.2+cu121
20260424_010536,2026-04-24T06:14:13.342248,cpu,full_mlp_capacity_search_hd256_depth3,/home/liangyi/SRS_AI/Model_AIIC_refactor/experiments_refactored/20260422_050408_full_mlp_capacity_search_v2/full_mlp_capacity_search_hd256_depth3,full_mlp_capacity_search_v2,full_mlp_capacity_search_hd256_depth3,supervised_nmse_plateau,full_mlp,12,6,jit,fp32,float32,64,2,ok,,47.16183,20,50,0.08997392,0.0028578032251364,0.080843,0.0901435,0.092503,0.09423985,0.09526918000000001,0.09567,711317.2350387757,711.3172350387757,90.1435,1.4084921875,355658.61751938786,43408,43008,86488,sub-physical,0.015625,0.0078125,Intel(R) Xeon(R) 6760P,AVX512,"avx2,avx512f,avx512bw,avx512vl,avx512_vnni,avx512_bf16,amx_bf16,amx_int8,amx_tile,fma",True,True,,256,128,sh14l07002s1404,3.11.9,2.1.2+cu121
20260424_010536,2026-04-24T06:14:13.342248,cpu,full_mlp_capacity_search_hd256_depth3,/home/liangyi/SRS_AI/Model_AIIC_refactor/experiments_refactored/20260422_050408_full_mlp_capacity_search_v2/full_mlp_capacity_search_hd256_depth3,full_mlp_capacity_search_v2,full_mlp_capacity_search_hd256_depth3,supervised_nmse_plateau,full_mlp,12,6,jit,fp32,float32,64,4,ok,,46.96442,20,50,0.07904538,0.005857317307061314,0.070938,0.07667,0.0883207,0.08896949999999999,0.09093377,0.092221,809661.4881223924,809.6614881223925,76.67,1.19796875,202415.3720305981,43408,43008,86488,sub-physical,0.03125,0.015625,Intel(R) Xeon(R) 6760P,AVX512,"avx2,avx512f,avx512bw,avx512vl,avx512_vnni,avx512_bf16,amx_bf16,amx_int8,amx_tile,fma",True,True,,256,128,sh14l07002s1404,3.11.9,2.1.2+cu121
20260424_010536,2026-04-24T06:14:13.342248,cpu,full_mlp_capacity_search_hd256_depth3,/home/liangyi/SRS_AI/Model_AIIC_refactor/experiments_refactored/20260422_050408_full_mlp_capacity_search_v2/full_mlp_capacity_search_hd256_depth3,full_mlp_capacity_search_v2,full_mlp_capacity_search_hd256_depth3,supervised_nmse_plateau,full_mlp,12,6,jit,fp32,float32,64,8,ok,,46.390689,20,50,0.08609912,0.0033273850251511325,0.080871,0.085633,0.0901689,0.09232385,0.09661477,0.097363,743329.3162578201,743.3293162578201,85.633,1.338015625,92916.16453222751,43408,43008,86488,sub-physical,0.0625,0.03125,Intel(R) Xeon(R) 6760P,AVX512,"avx2,avx512f,avx512bw,avx512vl,avx512_vnni,avx512_bf16,amx_bf16,amx_int8,amx_tile,fma",True,True,,256,128,sh14l07002s1404,3.11.9,2.1.2+cu121
20260424_010536,2026-04-24T06:14:13.342248,cpu,full_mlp_capacity_search_hd256_depth3,/home/liangyi/SRS_AI/Model_AIIC_refactor/experiments_refactored/20260422_050408_full_mlp_capacity_search_v2/full_mlp_capacity_search_hd256_depth3,full_mlp_capacity_search_v2,full_mlp_capacity_search_hd256_depth3,supervised_nmse_plateau,full_mlp,12,6,jit,fp32,float32,64,128,ok,,60.949481,20,50,34.5489085,6.603504598883515,17.27218,35.6225375,40.4785096,43.12333984999999,53.503104149999984,57.554946,1852.446365997351,1.852446365997351,35622.5375,556.6021484375,14.472237234354305,43408,43008,86488,all-physical,1.0,0.5,Intel(R) Xeon(R) 6760P,AVX512,"avx2,avx512f,avx512bw,avx512vl,avx512_vnni,avx512_bf16,amx_bf16,amx_int8,amx_tile,fma",True,True,,256,128,sh14l07002s1404,3.11.9,2.1.2+cu121
20260424_010536,2026-04-24T06:14:13.342248,cpu,full_mlp_capacity_search_hd256_depth3,/home/liangyi/SRS_AI/Model_AIIC_refactor/experiments_refactored/20260422_050408_full_mlp_capacity_search_v2/full_mlp_capacity_search_hd256_depth3,full_mlp_capacity_search_v2,full_mlp_capacity_search_hd256_depth3,supervised_nmse_plateau,full_mlp,12,6,jit,fp32,float32,128,1,ok,,49.325535,20,50,0.08491412,0.0018464435614445405,0.083451,0.08406,0.0862402,0.08822275,0.09186199999999999,0.093871,1507405.3643846277,1507.4053643846278,84.06,0.65671875,1507405.3643846277,43408,43008,86488,single-thread,0.0078125,0.00390625,Intel(R) Xeon(R) 6760P,AVX512,"avx2,avx512f,avx512bw,avx512vl,avx512_vnni,avx512_bf16,amx_bf16,amx_int8,amx_tile,fma",True,True,,256,128,sh14l07002s1404,3.11.9,2.1.2+cu121
20260424_010536,2026-04-24T06:14:13.342248,cpu,full_mlp_capacity_search_hd256_depth3,/home/liangyi/SRS_AI/Model_AIIC_refactor/experiments_refactored/20260422_050408_full_mlp_capacity_search_v2/full_mlp_capacity_search_hd256_depth3,full_mlp_capacity_search_v2,full_mlp_capacity_search_hd256_depth3,supervised_nmse_plateau,full_mlp,12,6,jit,fp32,float32,128,2,ok,,49.57005,20,50,0.12601774,0.003560041560487743,0.117563,0.125245,0.1317049,0.13351245,0.13510929,0.135932,1015730.0075370341,1015.7300075370341,125.24499999999999,0.9784765624999999,507865.00376851705,43408,43008,86488,sub-physical,0.015625,0.0078125,Intel(R) Xeon(R) 6760P,AVX512,"avx2,avx512f,avx512bw,avx512vl,avx512_vnni,avx512_bf16,amx_bf16,amx_int8,amx_tile,fma",True,True,,256,128,sh14l07002s1404,3.11.9,2.1.2+cu121
20260424_010536,2026-04-24T06:14:13.342248,cpu,full_mlp_capacity_search_hd256_depth3,/home/liangyi/SRS_AI/Model_AIIC_refactor/experiments_refactored/20260422_050408_full_mlp_capacity_search_v2/full_mlp_capacity_search_hd256_depth3,full_mlp_capacity_search_v2,full_mlp_capacity_search_hd256_depth3,supervised_nmse_plateau,full_mlp,12,6,jit,fp32,float32,128,4,ok,,50.324973,20,50,0.11553144,0.003880891516958442,0.109071,0.115017,0.12122390000000001,0.12376264999999999,0.12669840999999998,0.127772,1107923.5228090293,1107.9235228090292,115.017,0.8985703125,276980.88070225733,43408,43008,86488,sub-physical,0.03125,0.015625,Intel(R) Xeon(R) 6760P,AVX512,"avx2,avx512f,avx512bw,avx512vl,avx512_vnni,avx512_bf16,amx_bf16,amx_int8,amx_tile,fma",True,True,,256,128,sh14l07002s1404,3.11.9,2.1.2+cu121
20260424_010536,2026-04-24T06:14:13.342248,cpu,full_mlp_capacity_search_hd256_depth3,/home/liangyi/SRS_AI/Model_AIIC_refactor/experiments_refactored/20260422_050408_full_mlp_capacity_search_v2/full_mlp_capacity_search_hd256_depth3,full_mlp_capacity_search_v2,full_mlp_capacity_search_hd256_depth3,supervised_nmse_plateau,full_mlp,12,6,jit,fp32,float32,128,8,ok,,48.876282,20,50,0.128172,0.004272929440091423,0.119952,0.1280955,0.13285880000000003,0.13324015,0.13936466,0.141406,998658.0532409573,998.6580532409573,128.0955,1.00074609375,124832.25665511967,43408,43008,86488,sub-physical,0.0625,0.03125,Intel(R) Xeon(R) 6760P,AVX512,"avx2,avx512f,avx512bw,avx512vl,avx512_vnni,avx512_bf16,amx_bf16,amx_int8,amx_tile,fma",True,True,,256,128,sh14l07002s1404,3.11.9,2.1.2+cu121
20260424_010536,2026-04-24T06:14:13.342248,cpu,full_mlp_capacity_search_hd256_depth3,/home/liangyi/SRS_AI/Model_AIIC_refactor/experiments_refactored/20260422_050408_full_mlp_capacity_search_v2/full_mlp_capacity_search_hd256_depth3,full_mlp_capacity_search_v2,full_mlp_capacity_search_hd256_depth3,supervised_nmse_plateau,full_mlp,12,6,jit,fp32,float32,128,128,ok,,105.057375,20,50,28.1400381,6.64644820155475,16.775123,28.372972500000003,34.78790620000001,42.6725308,45.96103884,45.986707,4548.678987040888,4.548678987040889,28372.972500000003,221.66384765625003,35.53655458625694,43408,43008,86488,all-physical,1.0,0.5,Intel(R) Xeon(R) 6760P,AVX512,"avx2,avx512f,avx512bw,avx512vl,avx512_vnni,avx512_bf16,amx_bf16,amx_int8,amx_tile,fma",True,True,,256,128,sh14l07002s1404,3.11.9,2.1.2+cu121
20260424_010536,2026-04-24T06:14:13.342248,cpu,full_mlp_capacity_search_hd256_depth3,/home/liangyi/SRS_AI/Model_AIIC_refactor/experiments_refactored/20260422_050408_full_mlp_capacity_search_v2/full_mlp_capacity_search_hd256_depth3,full_mlp_capacity_search_v2,full_mlp_capacity_search_hd256_depth3,supervised_nmse_plateau,full_mlp,12,6,jit,bf16,bfloat16,1,1,ok,,48.349856,20,50,0.04243562,0.001389090377045353,0.04011,0.0425905,0.0437068,0.0443556,0.04590030999999999,0.04692,23565.10874590733,23.56510874590733,42.590500000000006,42.590500000000006,23565.10874590733,43408,43008,86488,single-thread,0.0078125,0.00390625,Intel(R) Xeon(R) 6760P,AVX512,"avx2,avx512f,avx512bw,avx512vl,avx512_vnni,avx512_bf16,amx_bf16,amx_int8,amx_tile,fma",True,True,,256,128,sh14l07002s1404,3.11.9,2.1.2+cu121
20260424_010536,2026-04-24T06:14:13.342248,cpu,full_mlp_capacity_search_hd256_depth3,/home/liangyi/SRS_AI/Model_AIIC_refactor/experiments_refactored/20260422_050408_full_mlp_capacity_search_v2/full_mlp_capacity_search_hd256_depth3,full_mlp_capacity_search_v2,full_mlp_capacity_search_hd256_depth3,supervised_nmse_plateau,full_mlp,12,6,jit,bf16,bfloat16,1,2,ok,,46.887549,20,50,0.05024478,0.014419283585934499,0.04442,0.0480095,0.05037370000000001,0.05589964999999999,0.10714974999999984,0.148714,19902.565002772426,19.902565002772427,48.009499999999996,48.009499999999996,9951.282501386213,43408,43008,86488,sub-physical,0.015625,0.0078125,Intel(R) Xeon(R) 6760P,AVX512,"avx2,avx512f,avx512bw,avx512vl,avx512_vnni,avx512_bf16,amx_bf16,amx_int8,amx_tile,fma",True,True,,256,128,sh14l07002s1404,3.11.9,2.1.2+cu121
20260424_010536,2026-04-24T06:14:13.342248,cpu,full_mlp_capacity_search_hd256_depth3,/home/liangyi/SRS_AI/Model_AIIC_refactor/experiments_refactored/20260422_050408_full_mlp_capacity_search_v2/full_mlp_capacity_search_hd256_depth3,full_mlp_capacity_search_v2,full_mlp_capacity_search_hd256_depth3,supervised_nmse_plateau,full_mlp,12,6,jit,bf16,bfloat16,1,4,ok,,46.7907,20,50,0.050891399999999996,0.002714805156912739,0.046889,0.050712,0.0537134,0.05581385,0.058975679999999996,0.060234,19649.68540853661,19.64968540853661,50.712,50.712,4912.421352134153,43408,43008,86488,sub-physical,0.03125,0.015625,Intel(R) Xeon(R) 6760P,AVX512,"avx2,avx512f,avx512bw,avx512vl,avx512_vnni,avx512_bf16,amx_bf16,amx_int8,amx_tile,fma",True,True,,256,128,sh14l07002s1404,3.11.9,2.1.2+cu121
20260424_010536,2026-04-24T06:14:13.342248,cpu,full_mlp_capacity_search_hd256_depth3,/home/liangyi/SRS_AI/Model_AIIC_refactor/experiments_refactored/20260422_050408_full_mlp_capacity_search_v2/full_mlp_capacity_search_hd256_depth3,full_mlp_capacity_search_v2,full_mlp_capacity_search_hd256_depth3,supervised_nmse_plateau,full_mlp,12,6,jit,bf16,bfloat16,1,8,ok,,47.914269,20,50,0.05018516,0.004739021335085969,0.046426,0.0486555,0.054546700000000004,0.05633855,0.06802822999999997,0.077178,19926.209261861473,19.926209261861473,48.655499999999996,48.655499999999996,2490.776157732684,43408,43008,86488,sub-physical,0.0625,0.03125,Intel(R) Xeon(R) 6760P,AVX512,"avx2,avx512f,avx512bw,avx512vl,avx512_vnni,avx512_bf16,amx_bf16,amx_int8,amx_tile,fma",True,True,,256,128,sh14l07002s1404,3.11.9,2.1.2+cu121
20260424_010536,2026-04-24T06:14:13.342248,cpu,full_mlp_capacity_search_hd256_depth3,/home/liangyi/SRS_AI/Model_AIIC_refactor/experiments_refactored/20260422_050408_full_mlp_capacity_search_v2/full_mlp_capacity_search_hd256_depth3,full_mlp_capacity_search_v2,full_mlp_capacity_search_hd256_depth3,supervised_nmse_plateau,full_mlp,12,6,jit,bf16,bfloat16,1,128,ok,,68.984097,20,50,0.17817652,0.020537319242043252,0.157263,0.1721135,0.1983117,0.20516384999999998,0.26241414999999996,0.277342,5612.411781305415,5.612411781305416,172.11350000000002,172.11350000000002,43.84696704144856,43408,43008,86488,all-physical,1.0,0.5,Intel(R) Xeon(R) 6760P,AVX512,"avx2,avx512f,avx512bw,avx512vl,avx512_vnni,avx512_bf16,amx_bf16,amx_int8,amx_tile,fma",True,True,,256,128,sh14l07002s1404,3.11.9,2.1.2+cu121
20260424_010536,2026-04-24T06:14:13.342248,cpu,full_mlp_capacity_search_hd256_depth3,/home/liangyi/SRS_AI/Model_AIIC_refactor/experiments_refactored/20260422_050408_full_mlp_capacity_search_v2/full_mlp_capacity_search_hd256_depth3,full_mlp_capacity_search_v2,full_mlp_capacity_search_hd256_depth3,supervised_nmse_plateau,full_mlp,12,6,jit,bf16,bfloat16,2,1,ok,,48.601045,20,50,0.04823244,0.002605393660543451,0.042667,0.04847,0.0515223,0.0518816,0.05398791,0.054841,41465.86819990861,41.46586819990861,48.47,24.235,41465.86819990861,43408,43008,86488,single-thread,0.0078125,0.00390625,Intel(R) Xeon(R) 6760P,AVX512,"avx2,avx512f,avx512bw,avx512vl,avx512_vnni,avx512_bf16,amx_bf16,amx_int8,amx_tile,fma",True,True,,256,128,sh14l07002s1404,3.11.9,2.1.2+cu121
20260424_010536,2026-04-24T06:14:13.342248,cpu,full_mlp_capacity_search_hd256_depth3,/home/liangyi/SRS_AI/Model_AIIC_refactor/experiments_refactored/20260422_050408_full_mlp_capacity_search_v2/full_mlp_capacity_search_hd256_depth3,full_mlp_capacity_search_v2,full_mlp_capacity_search_hd256_depth3,supervised_nmse_plateau,full_mlp,12,6,jit,bf16,bfloat16,2,2,ok,,47.291391,20,50,0.0563694,0.003236230634550016,0.051548,0.056364,0.0591589,0.06393304999999999,0.06599094999999999,0.067287,35480.242826781905,35.480242826781904,56.364,28.182,17740.121413390953,43408,43008,86488,sub-physical,0.015625,0.0078125,Intel(R) Xeon(R) 6760P,AVX512,"avx2,avx512f,avx512bw,avx512vl,avx512_vnni,avx512_bf16,amx_bf16,amx_int8,amx_tile,fma",True,True,,256,128,sh14l07002s1404,3.11.9,2.1.2+cu121
20260424_010536,2026-04-24T06:14:13.342248,cpu,full_mlp_capacity_search_hd256_depth3,/home/liangyi/SRS_AI/Model_AIIC_refactor/experiments_refactored/20260422_050408_full_mlp_capacity_search_v2/full_mlp_capacity_search_hd256_depth3,full_mlp_capacity_search_v2,full_mlp_capacity_search_hd256_depth3,supervised_nmse_plateau,full_mlp,12,6,jit,bf16,bfloat16,2,4,ok,,49.148232,20,50,0.0586262,0.003648011535069482,0.052776,0.058441999999999994,0.062428700000000004,0.0658771,0.06934863,0.070237,34114.44030143519,34.114440301435195,58.44199999999999,29.220999999999997,8528.610075358798,43408,43008,86488,sub-physical,0.03125,0.015625,Intel(R) Xeon(R) 6760P,AVX512,"avx2,avx512f,avx512bw,avx512vl,avx512_vnni,avx512_bf16,amx_bf16,amx_int8,amx_tile,fma",True,True,,256,128,sh14l07002s1404,3.11.9,2.1.2+cu121
20260424_010536,2026-04-24T06:14:13.342248,cpu,full_mlp_capacity_search_hd256_depth3,/home/liangyi/SRS_AI/Model_AIIC_refactor/experiments_refactored/20260422_050408_full_mlp_capacity_search_v2/full_mlp_capacity_search_hd256_depth3,full_mlp_capacity_search_v2,full_mlp_capacity_search_hd256_depth3,supervised_nmse_plateau,full_mlp,12,6,jit,bf16,bfloat16,2,8,ok,,49.018628,20,50,0.05583196,0.0029971344978829365,0.050489,0.0553815,0.0603545,0.060923899999999996,0.06234293,0.063197,35821.77663116251,35.82177663116251,55.3815,27.69075,4477.722078895314,43408,43008,86488,sub-physical,0.0625,0.03125,Intel(R) Xeon(R) 6760P,AVX512,"avx2,avx512f,avx512bw,avx512vl,avx512_vnni,avx512_bf16,amx_bf16,amx_int8,amx_tile,fma",True,True,,256,128,sh14l07002s1404,3.11.9,2.1.2+cu121
20260424_010536,2026-04-24T06:14:13.342248,cpu,full_mlp_capacity_search_hd256_depth3,/home/liangyi/SRS_AI/Model_AIIC_refactor/experiments_refactored/20260422_050408_full_mlp_capacity_search_v2/full_mlp_capacity_search_hd256_depth3,full_mlp_capacity_search_v2,full_mlp_capacity_search_hd256_depth3,supervised_nmse_plateau,full_mlp,12,6,jit,bf16,bfloat16,2,128,ok,,70.389964,20,50,0.13375786,0.006905847235524399,0.125916,0.1317845,0.1440689,0.1493816,0.15757577999999997,0.161681,14952.392330439496,14.952392330439496,131.7845,65.89225,116.81556508155856,43408,43008,86488,all-physical,1.0,0.5,Intel(R) Xeon(R) 6760P,AVX512,"avx2,avx512f,avx512bw,avx512vl,avx512_vnni,avx512_bf16,amx_bf16,amx_int8,amx_tile,fma",True,True,,256,128,sh14l07002s1404,3.11.9,2.1.2+cu121
20260424_010536,2026-04-24T06:14:13.342248,cpu,full_mlp_capacity_search_hd256_depth3,/home/liangyi/SRS_AI/Model_AIIC_refactor/experiments_refactored/20260422_050408_full_mlp_capacity_search_v2/full_mlp_capacity_search_hd256_depth3,full_mlp_capacity_search_v2,full_mlp_capacity_search_hd256_depth3,supervised_nmse_plateau,full_mlp,12,6,jit,bf16,bfloat16,4,1,ok,,46.717189,20,50,0.05124496,0.002375434839855642,0.047156,0.050908999999999996,0.05343,0.0554432,0.05812196,0.058953,78056.45667398316,78.05645667398316,50.909,12.72725,78056.45667398316,43408,43008,86488,single-thread,0.0078125,0.00390625,Intel(R) Xeon(R) 6760P,AVX512,"avx2,avx512f,avx512bw,avx512vl,avx512_vnni,avx512_bf16,amx_bf16,amx_int8,amx_tile,fma",True,True,,256,128,sh14l07002s1404,3.11.9,2.1.2+cu121
20260424_010536,2026-04-24T06:14:13.342248,cpu,full_mlp_capacity_search_hd256_depth3,/home/liangyi/SRS_AI/Model_AIIC_refactor/experiments_refactored/20260422_050408_full_mlp_capacity_search_v2/full_mlp_capacity_search_hd256_depth3,full_mlp_capacity_search_v2,full_mlp_capacity_search_hd256_depth3,supervised_nmse_plateau,full_mlp,12,6,jit,bf16,bfloat16,4,2,ok,,47.313987,20,50,0.0561682,0.0032277059097755483,0.051293,0.0563145,0.0601286,0.061268399999999994,0.06486694999999999,0.066163,71214.6730712396,71.21467307123959,56.3145,14.078625,35607.3365356198,43408,43008,86488,sub-physical,0.015625,0.0078125,Intel(R) Xeon(R) 6760P,AVX512,"avx2,avx512f,avx512bw,avx512vl,avx512_vnni,avx512_bf16,amx_bf16,amx_int8,amx_tile,fma",True,True,,256,128,sh14l07002s1404,3.11.9,2.1.2+cu121
20260424_010536,2026-04-24T06:14:13.342248,cpu,full_mlp_capacity_search_hd256_depth3,/home/liangyi/SRS_AI/Model_AIIC_refactor/experiments_refactored/20260422_050408_full_mlp_capacity_search_v2/full_mlp_capacity_search_hd256_depth3,full_mlp_capacity_search_v2,full_mlp_capacity_search_hd256_depth3,supervised_nmse_plateau,full_mlp,12,6,jit,bf16,bfloat16,4,4,ok,,47.120897,20,50,0.060381080000000004,0.004301077957163762,0.052009,0.0608705,0.06741240000000001,0.06770905,0.06823042,0.0683,66245.91676730526,66.24591676730526,60.8705,15.217625,16561.479191826314,43408,43008,86488,sub-physical,0.03125,0.015625,Intel(R) Xeon(R) 6760P,AVX512,"avx2,avx512f,avx512bw,avx512vl,avx512_vnni,avx512_bf16,amx_bf16,amx_int8,amx_tile,fma",True,True,,256,128,sh14l07002s1404,3.11.9,2.1.2+cu121
20260424_010536,2026-04-24T06:14:13.342248,cpu,full_mlp_capacity_search_hd256_depth3,/home/liangyi/SRS_AI/Model_AIIC_refactor/experiments_refactored/20260422_050408_full_mlp_capacity_search_v2/full_mlp_capacity_search_hd256_depth3,full_mlp_capacity_search_v2,full_mlp_capacity_search_hd256_depth3,supervised_nmse_plateau,full_mlp,12,6,jit,bf16,bfloat16,4,8,ok,,48.11572,20,50,0.06653434,0.0035263765800606153,0.060421,0.066249,0.0696635,0.07335545,0.07501253,0.07521,60119.33085982367,60.11933085982367,66.249,16.56225,7514.916357477959,43408,43008,86488,sub-physical,0.0625,0.03125,Intel(R) Xeon(R) 6760P,AVX512,"avx2,avx512f,avx512bw,avx512vl,avx512_vnni,avx512_bf16,amx_bf16,amx_int8,amx_tile,fma",True,True,,256,128,sh14l07002s1404,3.11.9,2.1.2+cu121
20260424_010536,2026-04-24T06:14:13.342248,cpu,full_mlp_capacity_search_hd256_depth3,/home/liangyi/SRS_AI/Model_AIIC_refactor/experiments_refactored/20260422_050408_full_mlp_capacity_search_v2/full_mlp_capacity_search_hd256_depth3,full_mlp_capacity_search_v2,full_mlp_capacity_search_hd256_depth3,supervised_nmse_plateau,full_mlp,12,6,jit,bf16,bfloat16,4,128,ok,,77.347647,20,50,0.25713718,0.01303840089994168,0.229831,0.2558325,0.2728922,0.28025774999999997,0.29164837,0.291985,15555.898995236703,15.555898995236703,255.8325,63.958125,121.53046090028674,43408,43008,86488,all-physical,1.0,0.5,Intel(R) Xeon(R) 6760P,AVX512,"avx2,avx512f,avx512bw,avx512vl,avx512_vnni,avx512_bf16,amx_bf16,amx_int8,amx_tile,fma",True,True,,256,128,sh14l07002s1404,3.11.9,2.1.2+cu121
20260424_010536,2026-04-24T06:14:13.342248,cpu,full_mlp_capacity_search_hd256_depth3,/home/liangyi/SRS_AI/Model_AIIC_refactor/experiments_refactored/20260422_050408_full_mlp_capacity_search_v2/full_mlp_capacity_search_hd256_depth3,full_mlp_capacity_search_v2,full_mlp_capacity_search_hd256_depth3,supervised_nmse_plateau,full_mlp,12,6,jit,bf16,bfloat16,8,1,ok,,48.301407,20,50,0.05159282,0.0026487298064544066,0.046094,0.0519655,0.0546615,0.05535025,0.059503289999999986,0.062139,155060.3359149587,155.0603359149587,51.9655,6.4956875,155060.3359149587,43408,43008,86488,single-thread,0.0078125,0.00390625,Intel(R) Xeon(R) 6760P,AVX512,"avx2,avx512f,avx512bw,avx512vl,avx512_vnni,avx512_bf16,amx_bf16,amx_int8,amx_tile,fma",True,True,,256,128,sh14l07002s1404,3.11.9,2.1.2+cu121
20260424_010536,2026-04-24T06:14:13.342248,cpu,full_mlp_capacity_search_hd256_depth3,/home/liangyi/SRS_AI/Model_AIIC_refactor/experiments_refactored/20260422_050408_full_mlp_capacity_search_v2/full_mlp_capacity_search_hd256_depth3,full_mlp_capacity_search_v2,full_mlp_capacity_search_hd256_depth3,supervised_nmse_plateau,full_mlp,12,6,jit,bf16,bfloat16,8,2,ok,,47.173464,20,50,0.05947226,0.003636386177566954,0.054148,0.058677,0.064928,0.06574325,0.06662794,0.066821,134516.49558970856,134.51649558970857,58.677,7.334625,67258.24779485428,43408,43008,86488,sub-physical,0.015625,0.0078125,Intel(R) Xeon(R) 6760P,AVX512,"avx2,avx512f,avx512bw,avx512vl,avx512_vnni,avx512_bf16,amx_bf16,amx_int8,amx_tile,fma",True,True,,256,128,sh14l07002s1404,3.11.9,2.1.2+cu121
20260424_010536,2026-04-24T06:14:13.342248,cpu,full_mlp_capacity_search_hd256_depth3,/home/liangyi/SRS_AI/Model_AIIC_refactor/experiments_refactored/20260422_050408_full_mlp_capacity_search_v2/full_mlp_capacity_search_hd256_depth3,full_mlp_capacity_search_v2,full_mlp_capacity_search_hd256_depth3,supervised_nmse_plateau,full_mlp,12,6,jit,bf16,bfloat16,8,4,ok,,46.910292,20,50,0.0655587,0.0028862699475274305,0.058483,0.065604,0.0692734,0.06955085,0.07119062,0.072152,122028.04509546408,122.02804509546408,65.604,8.2005,30507.01127386602,43408,43008,86488,sub-physical,0.03125,0.015625,Intel(R) Xeon(R) 6760P,AVX512,"avx2,avx512f,avx512bw,avx512vl,avx512_vnni,avx512_bf16,amx_bf16,amx_int8,amx_tile,fma",True,True,,256,128,sh14l07002s1404,3.11.9,2.1.2+cu121
20260424_010536,2026-04-24T06:14:13.342248,cpu,full_mlp_capacity_search_hd256_depth3,/home/liangyi/SRS_AI/Model_AIIC_refactor/experiments_refactored/20260422_050408_full_mlp_capacity_search_v2/full_mlp_capacity_search_hd256_depth3,full_mlp_capacity_search_v2,full_mlp_capacity_search_hd256_depth3,supervised_nmse_plateau,full_mlp,12,6,jit,bf16,bfloat16,8,8,ok,,47.494839,20,50,0.06709768,0.002753685903947652,0.059921,0.0668165,0.0696323,0.07131865,0.07610322,0.076996,119229.15963711412,119.22915963711412,66.8165,8.3520625,14903.644954639265,43408,43008,86488,sub-physical,0.0625,0.03125,Intel(R) Xeon(R) 6760P,AVX512,"avx2,avx512f,avx512bw,avx512vl,avx512_vnni,avx512_bf16,amx_bf16,amx_int8,amx_tile,fma",True,True,,256,128,sh14l07002s1404,3.11.9,2.1.2+cu121
20260424_010536,2026-04-24T06:14:13.342248,cpu,full_mlp_capacity_search_hd256_depth3,/home/liangyi/SRS_AI/Model_AIIC_refactor/experiments_refactored/20260422_050408_full_mlp_capacity_search_v2/full_mlp_capacity_search_hd256_depth3,full_mlp_capacity_search_v2,full_mlp_capacity_search_hd256_depth3,supervised_nmse_plateau,full_mlp,12,6,jit,bf16,bfloat16,8,128,ok,,76.440748,20,50,0.2345254,0.017302931692635214,0.211002,0.2271235,0.2624858,0.2693898,0.27295452,0.273127,34111.4437924421,34.1114437924421,227.1235,28.3904375,266.4956546284539,43408,43008,86488,all-physical,1.0,0.5,Intel(R) Xeon(R) 6760P,AVX512,"avx2,avx512f,avx512bw,avx512vl,avx512_vnni,avx512_bf16,amx_bf16,amx_int8,amx_tile,fma",True,True,,256,128,sh14l07002s1404,3.11.9,2.1.2+cu121
20260424_010536,2026-04-24T06:14:13.342248,cpu,full_mlp_capacity_search_hd256_depth3,/home/liangyi/SRS_AI/Model_AIIC_refactor/experiments_refactored/20260422_050408_full_mlp_capacity_search_v2/full_mlp_capacity_search_hd256_depth3,full_mlp_capacity_search_v2,full_mlp_capacity_search_hd256_depth3,supervised_nmse_plateau,full_mlp,12,6,jit,bf16,bfloat16,16,1,ok,,48.76268,20,50,0.055898500000000004,0.0034903903005251424,0.05081,0.055757,0.058793399999999996,0.06096904999999999,0.06792241999999998,0.069658,286233.083177545,286.233083177545,55.757,3.4848125,286233.083177545,43408,43008,86488,single-thread,0.0078125,0.00390625,Intel(R) Xeon(R) 6760P,AVX512,"avx2,avx512f,avx512bw,avx512vl,avx512_vnni,avx512_bf16,amx_bf16,amx_int8,amx_tile,fma",True,True,,256,128,sh14l07002s1404,3.11.9,2.1.2+cu121
20260424_010536,2026-04-24T06:14:13.342248,cpu,full_mlp_capacity_search_hd256_depth3,/home/liangyi/SRS_AI/Model_AIIC_refactor/experiments_refactored/20260422_050408_full_mlp_capacity_search_v2/full_mlp_capacity_search_hd256_depth3,full_mlp_capacity_search_v2,full_mlp_capacity_search_hd256_depth3,supervised_nmse_plateau,full_mlp,12,6,jit,bf16,bfloat16,16,2,ok,,47.574931,20,50,0.0696124,0.0034020395177011098,0.060917,0.069774,0.07271490000000001,0.07697949999999999,0.07808719,0.078219,229844.10823359052,229.84410823359053,69.774,4.360875,114922.05411679526,43408,43008,86488,sub-physical,0.015625,0.0078125,Intel(R) Xeon(R) 6760P,AVX512,"avx2,avx512f,avx512bw,avx512vl,avx512_vnni,avx512_bf16,amx_bf16,amx_int8,amx_tile,fma",True,True,,256,128,sh14l07002s1404,3.11.9,2.1.2+cu121
20260424_010536,2026-04-24T06:14:13.342248,cpu,full_mlp_capacity_search_hd256_depth3,/home/liangyi/SRS_AI/Model_AIIC_refactor/experiments_refactored/20260422_050408_full_mlp_capacity_search_v2/full_mlp_capacity_search_hd256_depth3,full_mlp_capacity_search_v2,full_mlp_capacity_search_hd256_depth3,supervised_nmse_plateau,full_mlp,12,6,jit,bf16,bfloat16,16,4,ok,,47.598971,20,50,0.0718734,0.0035720339416080577,0.064205,0.07188,0.0769613,0.07775675,0.0795467,0.08061,222613.65122562725,222.61365122562725,71.88,4.4925,55653.41280640681,43408,43008,86488,sub-physical,0.03125,0.015625,Intel(R) Xeon(R) 6760P,AVX512,"avx2,avx512f,avx512bw,avx512vl,avx512_vnni,avx512_bf16,amx_bf16,amx_int8,amx_tile,fma",True,True,,256,128,sh14l07002s1404,3.11.9,2.1.2+cu121
20260424_010536,2026-04-24T06:14:13.342248,cpu,full_mlp_capacity_search_hd256_depth3,/home/liangyi/SRS_AI/Model_AIIC_refactor/experiments_refactored/20260422_050408_full_mlp_capacity_search_v2/full_mlp_capacity_search_hd256_depth3,full_mlp_capacity_search_v2,full_mlp_capacity_search_hd256_depth3,supervised_nmse_plateau,full_mlp,12,6,jit,bf16,bfloat16,16,8,ok,,49.175929,20,50,0.07318918,0.0046139733665898,0.066315,0.0727735,0.0769855,0.08031355,0.08892788999999998,0.094974,218611.54886555634,218.61154886555633,72.7735,4.54834375,27326.443608194542,43408,43008,86488,sub-physical,0.0625,0.03125,Intel(R) Xeon(R) 6760P,AVX512,"avx2,avx512f,avx512bw,avx512vl,avx512_vnni,avx512_bf16,amx_bf16,amx_int8,amx_tile,fma",True,True,,256,128,sh14l07002s1404,3.11.9,2.1.2+cu121
20260424_010536,2026-04-24T06:14:13.342248,cpu,full_mlp_capacity_search_hd256_depth3,/home/liangyi/SRS_AI/Model_AIIC_refactor/experiments_refactored/20260422_050408_full_mlp_capacity_search_v2/full_mlp_capacity_search_hd256_depth3,full_mlp_capacity_search_v2,full_mlp_capacity_search_hd256_depth3,supervised_nmse_plateau,full_mlp,12,6,jit,bf16,bfloat16,16,128,ok,,88.246989,20,50,0.27188884,0.013740595619346348,0.241082,0.269455,0.2909333,0.29407035,0.30236386,0.306277,58847.579032666436,58.84757903266644,269.455,16.8409375,459.7467111927065,43408,43008,86488,all-physical,1.0,0.5,Intel(R) Xeon(R) 6760P,AVX512,"avx2,avx512f,avx512bw,avx512vl,avx512_vnni,avx512_bf16,amx_bf16,amx_int8,amx_tile,fma",True,True,,256,128,sh14l07002s1404,3.11.9,2.1.2+cu121
20260424_010536,2026-04-24T06:14:13.342248,cpu,full_mlp_capacity_search_hd256_depth3,/home/liangyi/SRS_AI/Model_AIIC_refactor/experiments_refactored/20260422_050408_full_mlp_capacity_search_v2/full_mlp_capacity_search_hd256_depth3,full_mlp_capacity_search_v2,full_mlp_capacity_search_hd256_depth3,supervised_nmse_plateau,full_mlp,12,6,jit,bf16,bfloat16,32,1,ok,,48.440617,20,50,0.06179776,0.003257391843545999,0.05602,0.062281,0.0651818,0.0686655,0.06930031,0.069389,517818.1215629822,517.8181215629822,62.281000000000006,1.9462812500000002,517818.1215629822,43408,43008,86488,single-thread,0.0078125,0.00390625,Intel(R) Xeon(R) 6760P,AVX512,"avx2,avx512f,avx512bw,avx512vl,avx512_vnni,avx512_bf16,amx_bf16,amx_int8,amx_tile,fma",True,True,,256,128,sh14l07002s1404,3.11.9,2.1.2+cu121
20260424_010536,2026-04-24T06:14:13.342248,cpu,full_mlp_capacity_search_hd256_depth3,/home/liangyi/SRS_AI/Model_AIIC_refactor/experiments_refactored/20260422_050408_full_mlp_capacity_search_v2/full_mlp_capacity_search_hd256_depth3,full_mlp_capacity_search_v2,full_mlp_capacity_search_hd256_depth3,supervised_nmse_plateau,full_mlp,12,6,jit,bf16,bfloat16,32,2,ok,,49.344859,20,50,0.0798749,0.003847838501028857,0.071856,0.08015249999999999,0.08366649999999999,0.0849096,0.08956709999999998,0.093394,400626.47965756455,400.6264796575646,80.15249999999999,2.5047656249999997,200313.23982878227,43408,43008,86488,sub-physical,0.015625,0.0078125,Intel(R) Xeon(R) 6760P,AVX512,"avx2,avx512f,avx512bw,avx512vl,avx512_vnni,avx512_bf16,amx_bf16,amx_int8,amx_tile,fma",True,True,,256,128,sh14l07002s1404,3.11.9,2.1.2+cu121
20260424_010536,2026-04-24T06:14:13.342248,cpu,full_mlp_capacity_search_hd256_depth3,/home/liangyi/SRS_AI/Model_AIIC_refactor/experiments_refactored/20260422_050408_full_mlp_capacity_search_v2/full_mlp_capacity_search_hd256_depth3,full_mlp_capacity_search_v2,full_mlp_capacity_search_hd256_depth3,supervised_nmse_plateau,full_mlp,12,6,jit,bf16,bfloat16,32,4,ok,,48.266238,20,50,0.08565128,0.00425936399026897,0.075998,0.08536650000000001,0.08994289999999999,0.09200024999999999,0.09801796,0.098653,373607.9600911977,373.6079600911977,85.36650000000002,2.6677031250000005,93401.99002279942,43408,43008,86488,sub-physical,0.03125,0.015625,Intel(R) Xeon(R) 6760P,AVX512,"avx2,avx512f,avx512bw,avx512vl,avx512_vnni,avx512_bf16,amx_bf16,amx_int8,amx_tile,fma",True,True,,256,128,sh14l07002s1404,3.11.9,2.1.2+cu121
20260424_010536,2026-04-24T06:14:13.342248,cpu,full_mlp_capacity_search_hd256_depth3,/home/liangyi/SRS_AI/Model_AIIC_refactor/experiments_refactored/20260422_050408_full_mlp_capacity_search_v2/full_mlp_capacity_search_hd256_depth3,full_mlp_capacity_search_v2,full_mlp_capacity_search_hd256_depth3,supervised_nmse_plateau,full_mlp,12,6,jit,bf16,bfloat16,32,8,ok,,47.95029,20,50,0.08675122,0.006133888927230424,0.079825,0.086112,0.08953620000000001,0.0902252,0.11294994999999998,0.119048,368870.89311251184,368.87089311251185,86.112,2.691,46108.86163906398,43408,43008,86488,sub-physical,0.0625,0.03125,Intel(R) Xeon(R) 6760P,AVX512,"avx2,avx512f,avx512bw,avx512vl,avx512_vnni,avx512_bf16,amx_bf16,amx_int8,amx_tile,fma",True,True,,256,128,sh14l07002s1404,3.11.9,2.1.2+cu121
20260424_010536,2026-04-24T06:14:13.342248,cpu,full_mlp_capacity_search_hd256_depth3,/home/liangyi/SRS_AI/Model_AIIC_refactor/experiments_refactored/20260422_050408_full_mlp_capacity_search_v2/full_mlp_capacity_search_hd256_depth3,full_mlp_capacity_search_v2,full_mlp_capacity_search_hd256_depth3,supervised_nmse_plateau,full_mlp,12,6,jit,bf16,bfloat16,32,128,ok,,79.046195,20,50,0.25969848,0.017391473794063573,0.218157,0.257226,0.2829754,0.2902008,0.30231098,0.303976,123219.82015451149,123.21982015451148,257.226,8.0383125,962.654844957121,43408,43008,86488,all-physical,1.0,0.5,Intel(R) Xeon(R) 6760P,AVX512,"avx2,avx512f,avx512bw,avx512vl,avx512_vnni,avx512_bf16,amx_bf16,amx_int8,amx_tile,fma",True,True,,256,128,sh14l07002s1404,3.11.9,2.1.2+cu121
20260424_010536,2026-04-24T06:14:13.342248,cpu,full_mlp_capacity_search_hd256_depth3,/home/liangyi/SRS_AI/Model_AIIC_refactor/experiments_refactored/20260422_050408_full_mlp_capacity_search_v2/full_mlp_capacity_search_hd256_depth3,full_mlp_capacity_search_v2,full_mlp_capacity_search_hd256_depth3,supervised_nmse_plateau,full_mlp,12,6,jit,bf16,bfloat16,64,1,ok,,49.5175,20,50,0.07500182,0.0030359961903138155,0.07059,0.074573,0.0787778,0.0797057,0.08413177999999999,0.086571,853312.626280269,853.312626280269,74.57300000000001,1.1652031250000001,853312.626280269,43408,43008,86488,single-thread,0.0078125,0.00390625,Intel(R) Xeon(R) 6760P,AVX512,"avx2,avx512f,avx512bw,avx512vl,avx512_vnni,avx512_bf16,amx_bf16,amx_int8,amx_tile,fma",True,True,,256,128,sh14l07002s1404,3.11.9,2.1.2+cu121
20260424_010536,2026-04-24T06:14:13.342248,cpu,full_mlp_capacity_search_hd256_depth3,/home/liangyi/SRS_AI/Model_AIIC_refactor/experiments_refactored/20260422_050408_full_mlp_capacity_search_v2/full_mlp_capacity_search_hd256_depth3,full_mlp_capacity_search_v2,full_mlp_capacity_search_hd256_depth3,supervised_nmse_plateau,full_mlp,12,6,jit,bf16,bfloat16,64,2,ok,,48.756096,20,50,0.1021934,0.004802693198612629,0.093973,0.1022045,0.1069505,0.10906695,0.11608276,0.11955,626263.5356099317,626.2635356099316,102.20450000000001,1.5969453125000002,313131.76780496584,43408,43008,86488,sub-physical,0.015625,0.0078125,Intel(R) Xeon(R) 6760P,AVX512,"avx2,avx512f,avx512bw,avx512vl,avx512_vnni,avx512_bf16,amx_bf16,amx_int8,amx_tile,fma",True,True,,256,128,sh14l07002s1404,3.11.9,2.1.2+cu121
20260424_010536,2026-04-24T06:14:13.342248,cpu,full_mlp_capacity_search_hd256_depth3,/home/liangyi/SRS_AI/Model_AIIC_refactor/experiments_refactored/20260422_050408_full_mlp_capacity_search_v2/full_mlp_capacity_search_hd256_depth3,full_mlp_capacity_search_v2,full_mlp_capacity_search_hd256_depth3,supervised_nmse_plateau,full_mlp,12,6,jit,bf16,bfloat16,64,4,ok,,48.953678,20,50,0.10916206,0.004679584068739442,0.099515,0.10851,0.1150085,0.1162312,0.12216177999999998,0.127247,586284.2822863548,586.2842822863548,108.50999999999999,1.6954687499999999,146571.0705715887,43408,43008,86488,sub-physical,0.03125,0.015625,Intel(R) Xeon(R) 6760P,AVX512,"avx2,avx512f,avx512bw,avx512vl,avx512_vnni,avx512_bf16,amx_bf16,amx_int8,amx_tile,fma",True,True,,256,128,sh14l07002s1404,3.11.9,2.1.2+cu121
20260424_010536,2026-04-24T06:14:13.342248,cpu,full_mlp_capacity_search_hd256_depth3,/home/liangyi/SRS_AI/Model_AIIC_refactor/experiments_refactored/20260422_050408_full_mlp_capacity_search_v2/full_mlp_capacity_search_hd256_depth3,full_mlp_capacity_search_v2,full_mlp_capacity_search_hd256_depth3,supervised_nmse_plateau,full_mlp,12,6,jit,bf16,bfloat16,64,8,ok,,49.066352,20,50,0.10987822,0.004492392441851002,0.101072,0.11031350000000001,0.1147398,0.11622355,0.12138384999999999,0.123067,582463.0213339824,582.4630213339824,110.3135,1.7236484375,72807.8776667478,43408,43008,86488,sub-physical,0.0625,0.03125,Intel(R) Xeon(R) 6760P,AVX512,"avx2,avx512f,avx512bw,avx512vl,avx512_vnni,avx512_bf16,amx_bf16,amx_int8,amx_tile,fma",True,True,,256,128,sh14l07002s1404,3.11.9,2.1.2+cu121
20260424_010536,2026-04-24T06:14:13.342248,cpu,full_mlp_capacity_search_hd256_depth3,/home/liangyi/SRS_AI/Model_AIIC_refactor/experiments_refactored/20260422_050408_full_mlp_capacity_search_v2/full_mlp_capacity_search_hd256_depth3,full_mlp_capacity_search_v2,full_mlp_capacity_search_hd256_depth3,supervised_nmse_plateau,full_mlp,12,6,jit,bf16,bfloat16,64,128,ok,,90.674994,20,50,0.2734487,0.015522644517285062,0.251432,0.2684525,0.2942767,0.3048437,0.31597979,0.322413,234047.55626923806,234.04755626923807,268.4525,4.1945703125,1828.4965333534224,43408,43008,86488,all-physical,1.0,0.5,Intel(R) Xeon(R) 6760P,AVX512,"avx2,avx512f,avx512bw,avx512vl,avx512_vnni,avx512_bf16,amx_bf16,amx_int8,amx_tile,fma",True,True,,256,128,sh14l07002s1404,3.11.9,2.1.2+cu121
20260424_010536,2026-04-24T06:14:13.342248,cpu,full_mlp_capacity_search_hd256_depth3,/home/liangyi/SRS_AI/Model_AIIC_refactor/experiments_refactored/20260422_050408_full_mlp_capacity_search_v2/full_mlp_capacity_search_hd256_depth3,full_mlp_capacity_search_v2,full_mlp_capacity_search_hd256_depth3,supervised_nmse_plateau,full_mlp,12,6,jit,bf16,bfloat16,128,1,ok,,50.504294,20,50,0.10014278,0.003017412211084193,0.095739,0.099815,0.1033026,0.1048924,0.10959527,0.111397,1278175.021704011,1278.175021704011,99.815,0.7798046875,1278175.021704011,43408,43008,86488,single-thread,0.0078125,0.00390625,Intel(R) Xeon(R) 6760P,AVX512,"avx2,avx512f,avx512bw,avx512vl,avx512_vnni,avx512_bf16,amx_bf16,amx_int8,amx_tile,fma",True,True,,256,128,sh14l07002s1404,3.11.9,2.1.2+cu121
20260424_010536,2026-04-24T06:14:13.342248,cpu,full_mlp_capacity_search_hd256_depth3,/home/liangyi/SRS_AI/Model_AIIC_refactor/experiments_refactored/20260422_050408_full_mlp_capacity_search_v2/full_mlp_capacity_search_hd256_depth3,full_mlp_capacity_search_v2,full_mlp_capacity_search_hd256_depth3,supervised_nmse_plateau,full_mlp,12,6,jit,bf16,bfloat16,128,2,ok,,49.239021,20,50,0.14934998,0.0071855613350384805,0.132069,0.149565,0.15808989999999998,0.16264185,0.164752,0.165683,857047.3193233772,857.0473193233772,149.565,1.1684765625,428523.6596616886,43408,43008,86488,sub-physical,0.015625,0.0078125,Intel(R) Xeon(R) 6760P,AVX512,"avx2,avx512f,avx512bw,avx512vl,avx512_vnni,avx512_bf16,amx_bf16,amx_int8,amx_tile,fma",True,True,,256,128,sh14l07002s1404,3.11.9,2.1.2+cu121
20260424_010536,2026-04-24T06:14:13.342248,cpu,full_mlp_capacity_search_hd256_depth3,/home/liangyi/SRS_AI/Model_AIIC_refactor/experiments_refactored/20260422_050408_full_mlp_capacity_search_v2/full_mlp_capacity_search_hd256_depth3,full_mlp_capacity_search_v2,full_mlp_capacity_search_hd256_depth3,supervised_nmse_plateau,full_mlp,12,6,jit,bf16,bfloat16,128,4,ok,,51.20187,20,50,0.1515752,0.007379083609771608,0.13851,0.14991,0.1621801,0.1641086,0.16905323,0.169089,844465.3215037816,844.4653215037816,149.91,1.171171875,211116.3303759454,43408,43008,86488,sub-physical,0.03125,0.015625,Intel(R) Xeon(R) 6760P,AVX512,"avx2,avx512f,avx512bw,avx512vl,avx512_vnni,avx512_bf16,amx_bf16,amx_int8,amx_tile,fma",True,True,,256,128,sh14l07002s1404,3.11.9,2.1.2+cu121
20260424_010536,2026-04-24T06:14:13.342248,cpu,full_mlp_capacity_search_hd256_depth3,/home/liangyi/SRS_AI/Model_AIIC_refactor/experiments_refactored/20260422_050408_full_mlp_capacity_search_v2/full_mlp_capacity_search_hd256_depth3,full_mlp_capacity_search_v2,full_mlp_capacity_search_hd256_depth3,supervised_nmse_plateau,full_mlp,12,6,jit,bf16,bfloat16,128,8,ok,,50.246086,20,50,0.13984026,0.0072339030400192655,0.123235,0.140935,0.14878999999999998,0.1504071,0.15505916999999997,0.158375,915330.1059365879,915.3301059365879,140.935,1.1010546875,114416.26324207349,43408,43008,86488,sub-physical,0.0625,0.03125,Intel(R) Xeon(R) 6760P,AVX512,"avx2,avx512f,avx512bw,avx512vl,avx512_vnni,avx512_bf16,amx_bf16,amx_int8,amx_tile,fma",True,True,,256,128,sh14l07002s1404,3.11.9,2.1.2+cu121
20260424_010536,2026-04-24T06:14:13.342248,cpu,full_mlp_capacity_search_hd256_depth3,/home/liangyi/SRS_AI/Model_AIIC_refactor/experiments_refactored/20260422_050408_full_mlp_capacity_search_v2/full_mlp_capacity_search_hd256_depth3,full_mlp_capacity_search_v2,full_mlp_capacity_search_hd256_depth3,supervised_nmse_plateau,full_mlp,12,6,jit,bf16,bfloat16,128,128,ok,,93.3101,20,50,0.4589712,0.04808970586892792,0.394245,0.45362349999999996,0.497518,0.5250199999999999,0.6319231199999997,0.705331,278884.6010381479,278.88460103814793,453.6235,3.54393359375,2178.7859456105307,43408,43008,86488,all-physical,1.0,0.5,Intel(R) Xeon(R) 6760P,AVX512,"avx2,avx512f,avx512bw,avx512vl,avx512_vnni,avx512_bf16,amx_bf16,amx_int8,amx_tile,fma",True,True,,256,128,sh14l07002s1404,3.11.9,2.1.2+cu121
20260424_010536,2026-04-24T06:14:13.342248,cpu,full_mlp_capacity_search_hd256_depth3,/home/liangyi/SRS_AI/Model_AIIC_refactor/experiments_refactored/20260422_050408_full_mlp_capacity_search_v2/full_mlp_capacity_search_hd256_depth3,full_mlp_capacity_search_v2,full_mlp_capacity_search_hd256_depth3,supervised_nmse_plateau,full_mlp,12,6,compile,fp32,float32,1,1,ok,,519.112958,20,50,0.035936499999999996,0.0022974995995647092,0.032901,0.0352765,0.0397246,0.0404931,0.04352747,0.043771,27826.861269183144,27.826861269183144,35.276500000000006,35.276500000000006,27826.861269183144,43408,43008,86488,single-thread,0.0078125,0.00390625,Intel(R) Xeon(R) 6760P,AVX512,"avx2,avx512f,avx512bw,avx512vl,avx512_vnni,avx512_bf16,amx_bf16,amx_int8,amx_tile,fma",True,True,,256,128,sh14l07002s1404,3.11.9,2.1.2+cu121
20260424_010536,2026-04-24T06:14:13.342248,cpu,full_mlp_capacity_search_hd256_depth3,/home/liangyi/SRS_AI/Model_AIIC_refactor/experiments_refactored/20260422_050408_full_mlp_capacity_search_v2/full_mlp_capacity_search_hd256_depth3,full_mlp_capacity_search_v2,full_mlp_capacity_search_hd256_depth3,supervised_nmse_plateau,full_mlp,12,6,compile,fp32,float32,1,2,ok,,501.675343,20,50,0.0422457,0.0037304691032094077,0.038844,0.0408245,0.0466979,0.04773555,0.05523389999999999,0.059149,23671.04817768436,23.67104817768436,40.8245,40.8245,11835.52408884218,43408,43008,86488,sub-physical,0.015625,0.0078125,Intel(R) Xeon(R) 6760P,AVX512,"avx2,avx512f,avx512bw,avx512vl,avx512_vnni,avx512_bf16,amx_bf16,amx_int8,amx_tile,fma",True,True,,256,128,sh14l07002s1404,3.11.9,2.1.2+cu121
20260424_010536,2026-04-24T06:14:13.342248,cpu,full_mlp_capacity_search_hd256_depth3,/home/liangyi/SRS_AI/Model_AIIC_refactor/experiments_refactored/20260422_050408_full_mlp_capacity_search_v2/full_mlp_capacity_search_hd256_depth3,full_mlp_capacity_search_v2,full_mlp_capacity_search_hd256_depth3,supervised_nmse_plateau,full_mlp,12,6,compile,fp32,float32,1,4,ok,,516.036996,20,50,0.04078838,0.0018769804995257674,0.038874,0.040533,0.0427556,0.04329234999999999,0.04709698999999999,0.05011,24516.786398479177,24.516786398479177,40.533,40.533,6129.196599619794,43408,43008,86488,sub-physical,0.03125,0.015625,Intel(R) Xeon(R) 6760P,AVX512,"avx2,avx512f,avx512bw,avx512vl,avx512_vnni,avx512_bf16,amx_bf16,amx_int8,amx_tile,fma",True,True,,256,128,sh14l07002s1404,3.11.9,2.1.2+cu121
20260424_010536,2026-04-24T06:14:13.342248,cpu,full_mlp_capacity_search_hd256_depth3,/home/liangyi/SRS_AI/Model_AIIC_refactor/experiments_refactored/20260422_050408_full_mlp_capacity_search_v2/full_mlp_capacity_search_hd256_depth3,full_mlp_capacity_search_v2,full_mlp_capacity_search_hd256_depth3,supervised_nmse_plateau,full_mlp,12,6,compile,fp32,float32,1,8,ok,,497.323113,20,50,0.04061542,0.0018585303128009507,0.038166,0.040168999999999996,0.0427019,0.0442153,0.045929229999999995,0.046602,24621.19067093237,24.62119067093237,40.169,40.169,3077.6488338665463,43408,43008,86488,sub-physical,0.0625,0.03125,Intel(R) Xeon(R) 6760P,AVX512,"avx2,avx512f,avx512bw,avx512vl,avx512_vnni,avx512_bf16,amx_bf16,amx_int8,amx_tile,fma",True,True,,256,128,sh14l07002s1404,3.11.9,2.1.2+cu121
20260424_010536,2026-04-24T06:14:13.342248,cpu,full_mlp_capacity_search_hd256_depth3,/home/liangyi/SRS_AI/Model_AIIC_refactor/experiments_refactored/20260422_050408_full_mlp_capacity_search_v2/full_mlp_capacity_search_hd256_depth3,full_mlp_capacity_search_v2,full_mlp_capacity_search_hd256_depth3,supervised_nmse_plateau,full_mlp,12,6,compile,fp32,float32,1,128,ok,,541.606504,20,50,0.0354057,0.00204225480535608,0.033027,0.0349765,0.0372173,0.03848125,0.04266785999999999,0.045895,28244.03980150089,28.24403980150089,34.9765,34.9765,220.6565609492257,43408,43008,86488,all-physical,1.0,0.5,Intel(R) Xeon(R) 6760P,AVX512,"avx2,avx512f,avx512bw,avx512vl,avx512_vnni,avx512_bf16,amx_bf16,amx_int8,amx_tile,fma",True,True,,256,128,sh14l07002s1404,3.11.9,2.1.2+cu121
20260424_010536,2026-04-24T06:14:13.342248,cpu,full_mlp_capacity_search_hd256_depth3,/home/liangyi/SRS_AI/Model_AIIC_refactor/experiments_refactored/20260422_050408_full_mlp_capacity_search_v2/full_mlp_capacity_search_hd256_depth3,full_mlp_capacity_search_v2,full_mlp_capacity_search_hd256_depth3,supervised_nmse_plateau,full_mlp,12,6,compile,fp32,float32,2,1,ok,,499.914955,20,50,0.037344340000000004,0.0032313621499918573,0.033406,0.0358765,0.041739700000000005,0.041780149999999995,0.045711569999999986,0.049096,53555.639221365265,53.55563922136527,35.8765,17.93825,53555.639221365265,43408,43008,86488,single-thread,0.0078125,0.00390625,Intel(R) Xeon(R) 6760P,AVX512,"avx2,avx512f,avx512bw,avx512vl,avx512_vnni,avx512_bf16,amx_bf16,amx_int8,amx_tile,fma",True,True,,256,128,sh14l07002s1404,3.11.9,2.1.2+cu121
20260424_010536,2026-04-24T06:14:13.342248,cpu,full_mlp_capacity_search_hd256_depth3,/home/liangyi/SRS_AI/Model_AIIC_refactor/experiments_refactored/20260422_050408_full_mlp_capacity_search_v2/full_mlp_capacity_search_hd256_depth3,full_mlp_capacity_search_v2,full_mlp_capacity_search_hd256_depth3,supervised_nmse_plateau,full_mlp,12,6,compile,fp32,float32,2,2,ok,,506.710853,20,50,0.03633548,0.002767846312496415,0.033798,0.0355285,0.040052000000000004,0.041346549999999996,0.04671597999999999,0.048724,55042.61950027906,55.04261950027906,35.5285,17.76425,27521.30975013953,43408,43008,86488,sub-physical,0.015625,0.0078125,Intel(R) Xeon(R) 6760P,AVX512,"avx2,avx512f,avx512bw,avx512vl,avx512_vnni,avx512_bf16,amx_bf16,amx_int8,amx_tile,fma",True,True,,256,128,sh14l07002s1404,3.11.9,2.1.2+cu121
20260424_010536,2026-04-24T06:14:13.342248,cpu,full_mlp_capacity_search_hd256_depth3,/home/liangyi/SRS_AI/Model_AIIC_refactor/experiments_refactored/20260422_050408_full_mlp_capacity_search_v2/full_mlp_capacity_search_hd256_depth3,full_mlp_capacity_search_v2,full_mlp_capacity_search_hd256_depth3,supervised_nmse_plateau,full_mlp,12,6,compile,fp32,float32,2,4,ok,,501.57865,20,50,0.0401702,0.0026533582946899575,0.036522,0.039491,0.0437784,0.04442785,0.047909389999999996,0.049325,49788.15141572608,49.788151415726084,39.491,19.7455,12447.03785393152,43408,43008,86488,sub-physical,0.03125,0.015625,Intel(R) Xeon(R) 6760P,AVX512,"avx2,avx512f,avx512bw,avx512vl,avx512_vnni,avx512_bf16,amx_bf16,amx_int8,amx_tile,fma",True,True,,256,128,sh14l07002s1404,3.11.9,2.1.2+cu121
20260424_010536,2026-04-24T06:14:13.342248,cpu,full_mlp_capacity_search_hd256_depth3,/home/liangyi/SRS_AI/Model_AIIC_refactor/experiments_refactored/20260422_050408_full_mlp_capacity_search_v2/full_mlp_capacity_search_hd256_depth3,full_mlp_capacity_search_v2,full_mlp_capacity_search_hd256_depth3,supervised_nmse_plateau,full_mlp,12,6,compile,fp32,float32,2,8,ok,,510.130036,20,50,0.03869316,0.003048664168845103,0.034976,0.037661,0.0430448,0.04345845,0.04645574999999999,0.048673,51688.72224444838,51.68872224444838,37.661,18.8305,6461.090280556047,43408,43008,86488,sub-physical,0.0625,0.03125,Intel(R) Xeon(R) 6760P,AVX512,"avx2,avx512f,avx512bw,avx512vl,avx512_vnni,avx512_bf16,amx_bf16,amx_int8,amx_tile,fma",True,True,,256,128,sh14l07002s1404,3.11.9,2.1.2+cu121
20260424_010536,2026-04-24T06:14:13.342248,cpu,full_mlp_capacity_search_hd256_depth3,/home/liangyi/SRS_AI/Model_AIIC_refactor/experiments_refactored/20260422_050408_full_mlp_capacity_search_v2/full_mlp_capacity_search_hd256_depth3,full_mlp_capacity_search_v2,full_mlp_capacity_search_hd256_depth3,supervised_nmse_plateau,full_mlp,12,6,compile,fp32,float32,2,128,ok,,646.233218,20,50,0.03985376,0.0019458561463787604,0.036848,0.039184,0.0431018,0.04389655,0.044870839999999995,0.045549,50183.47076913194,50.183470769131944,39.184,19.592,392.0583653838433,43408,43008,86488,all-physical,1.0,0.5,Intel(R) Xeon(R) 6760P,AVX512,"avx2,avx512f,avx512bw,avx512vl,avx512_vnni,avx512_bf16,amx_bf16,amx_int8,amx_tile,fma",True,True,,256,128,sh14l07002s1404,3.11.9,2.1.2+cu121
20260424_010536,2026-04-24T06:14:13.342248,cpu,full_mlp_capacity_search_hd256_depth3,/home/liangyi/SRS_AI/Model_AIIC_refactor/experiments_refactored/20260422_050408_full_mlp_capacity_search_v2/full_mlp_capacity_search_hd256_depth3,full_mlp_capacity_search_v2,full_mlp_capacity_search_hd256_depth3,supervised_nmse_plateau,full_mlp,12,6,compile,fp32,float32,4,1,ok,,507.315009,20,50,0.04048938,0.0018216336502162008,0.037845,0.040127499999999997,0.0425692,0.04479075,0.045768159999999995,0.045825,98791.33738279025,98.79133738279026,40.1275,10.031875,98791.33738279025,43408,43008,86488,single-thread,0.0078125,0.00390625,Intel(R) Xeon(R) 6760P,AVX512,"avx2,avx512f,avx512bw,avx512vl,avx512_vnni,avx512_bf16,amx_bf16,amx_int8,amx_tile,fma",True,True,,256,128,sh14l07002s1404,3.11.9,2.1.2+cu121
20260424_010536,2026-04-24T06:14:13.342248,cpu,full_mlp_capacity_search_hd256_depth3,/home/liangyi/SRS_AI/Model_AIIC_refactor/experiments_refactored/20260422_050408_full_mlp_capacity_search_v2/full_mlp_capacity_search_hd256_depth3,full_mlp_capacity_search_v2,full_mlp_capacity_search_hd256_depth3,supervised_nmse_plateau,full_mlp,12,6,compile,fp32,float32,4,2,ok,,504.540893,20,50,0.0397163,0.0015738068909494584,0.037497,0.0395205,0.0413358,0.0423447,0.04505855,0.045551,100714.31628827458,100.71431628827459,39.5205,9.880125,50357.15814413729,43408,43008,86488,sub-physical,0.015625,0.0078125,Intel(R) Xeon(R) 6760P,AVX512,"avx2,avx512f,avx512bw,avx512vl,avx512_vnni,avx512_bf16,amx_bf16,amx_int8,amx_tile,fma",True,True,,256,128,sh14l07002s1404,3.11.9,2.1.2+cu121
20260424_010536,2026-04-24T06:14:13.342248,cpu,full_mlp_capacity_search_hd256_depth3,/home/liangyi/SRS_AI/Model_AIIC_refactor/experiments_refactored/20260422_050408_full_mlp_capacity_search_v2/full_mlp_capacity_search_hd256_depth3,full_mlp_capacity_search_v2,full_mlp_capacity_search_hd256_depth3,supervised_nmse_plateau,full_mlp,12,6,compile,fp32,float32,4,4,ok,,504.975827,20,50,0.04826562,0.0066950769790645424,0.043742,0.046704999999999997,0.0509911,0.05316114999999999,0.07777178999999997,0.087586,82874.72532208226,82.87472532208226,46.705,11.67625,20718.681330520565,43408,43008,86488,sub-physical,0.03125,0.015625,Intel(R) Xeon(R) 6760P,AVX512,"avx2,avx512f,avx512bw,avx512vl,avx512_vnni,avx512_bf16,amx_bf16,amx_int8,amx_tile,fma",True,True,,256,128,sh14l07002s1404,3.11.9,2.1.2+cu121
20260424_010536,2026-04-24T06:14:13.342248,cpu,full_mlp_capacity_search_hd256_depth3,/home/liangyi/SRS_AI/Model_AIIC_refactor/experiments_refactored/20260422_050408_full_mlp_capacity_search_v2/full_mlp_capacity_search_hd256_depth3,full_mlp_capacity_search_v2,full_mlp_capacity_search_hd256_depth3,supervised_nmse_plateau,full_mlp,12,6,compile,fp32,float32,4,8,ok,,511.409284,20,50,0.04168524,0.002425345959322092,0.038667,0.0408135,0.0460215,0.0465609,0.047918039999999995,0.048802,95957.2261068906,95.95722610689059,40.813500000000005,10.203375000000001,11994.653263361324,43408,43008,86488,sub-physical,0.0625,0.03125,Intel(R) Xeon(R) 6760P,AVX512,"avx2,avx512f,avx512bw,avx512vl,avx512_vnni,avx512_bf16,amx_bf16,amx_int8,amx_tile,fma",True,True,,256,128,sh14l07002s1404,3.11.9,2.1.2+cu121
20260424_010536,2026-04-24T06:14:13.342248,cpu,full_mlp_capacity_search_hd256_depth3,/home/liangyi/SRS_AI/Model_AIIC_refactor/experiments_refactored/20260422_050408_full_mlp_capacity_search_v2/full_mlp_capacity_search_hd256_depth3,full_mlp_capacity_search_v2,full_mlp_capacity_search_hd256_depth3,supervised_nmse_plateau,full_mlp,12,6,compile,fp32,float32,4,128,ok,,643.387355,20,50,0.039390220000000004,0.0025817357904324755,0.035966,0.038484000000000004,0.0442714,0.0458588,0.04606859,0.046171,101548.04923658715,101.54804923658715,38.484,9.621,793.3441346608371,43408,43008,86488,all-physical,1.0,0.5,Intel(R) Xeon(R) 6760P,AVX512,"avx2,avx512f,avx512bw,avx512vl,avx512_vnni,avx512_bf16,amx_bf16,amx_int8,amx_tile,fma",True,True,,256,128,sh14l07002s1404,3.11.9,2.1.2+cu121
20260424_010536,2026-04-24T06:14:13.342248,cpu,full_mlp_capacity_search_hd256_depth3,/home/liangyi/SRS_AI/Model_AIIC_refactor/experiments_refactored/20260422_050408_full_mlp_capacity_search_v2/full_mlp_capacity_search_hd256_depth3,full_mlp_capacity_search_v2,full_mlp_capacity_search_hd256_depth3,supervised_nmse_plateau,full_mlp,12,6,compile,fp32,float32,8,1,ok,,503.83081,20,50,0.04265348,0.0019299520847938173,0.039685,0.042370500000000005,0.043877000000000006,0.04721709999999999,0.04900028,0.049063,187557.9671342174,187.55796713421742,42.37050000000001,5.296312500000001,187557.9671342174,43408,43008,86488,single-thread,0.0078125,0.00390625,Intel(R) Xeon(R) 6760P,AVX512,"avx2,avx512f,avx512bw,avx512vl,avx512_vnni,avx512_bf16,amx_bf16,amx_int8,amx_tile,fma",True,True,,256,128,sh14l07002s1404,3.11.9,2.1.2+cu121
20260424_010536,2026-04-24T06:14:13.342248,cpu,full_mlp_capacity_search_hd256_depth3,/home/liangyi/SRS_AI/Model_AIIC_refactor/experiments_refactored/20260422_050408_full_mlp_capacity_search_v2/full_mlp_capacity_search_hd256_depth3,full_mlp_capacity_search_v2,full_mlp_capacity_search_hd256_depth3,supervised_nmse_plateau,full_mlp,12,6,compile,fp32,float32,8,2,ok,,502.420666,20,50,0.05427868,0.0029890094107580187,0.051289,0.053722,0.0568523,0.0574427,0.06487107999999997,0.071098,147387.51937224707,147.38751937224708,53.722,6.71525,73693.75968612354,43408,43008,86488,sub-physical,0.015625,0.0078125,Intel(R) Xeon(R) 6760P,AVX512,"avx2,avx512f,avx512bw,avx512vl,avx512_vnni,avx512_bf16,amx_bf16,amx_int8,amx_tile,fma",True,True,,256,128,sh14l07002s1404,3.11.9,2.1.2+cu121
20260424_010536,2026-04-24T06:14:13.342248,cpu,full_mlp_capacity_search_hd256_depth3,/home/liangyi/SRS_AI/Model_AIIC_refactor/experiments_refactored/20260422_050408_full_mlp_capacity_search_v2/full_mlp_capacity_search_hd256_depth3,full_mlp_capacity_search_v2,full_mlp_capacity_search_hd256_depth3,supervised_nmse_plateau,full_mlp,12,6,compile,fp32,float32,8,4,ok,,512.28936,20,50,0.05427508,0.002173225233058001,0.051021,0.053719,0.057624999999999996,0.0586035,0.05952771,0.060322,147397.29540702657,147.39729540702658,53.719,6.714875,36849.32385175664,43408,43008,86488,sub-physical,0.03125,0.015625,Intel(R) Xeon(R) 6760P,AVX512,"avx2,avx512f,avx512bw,avx512vl,avx512_vnni,avx512_bf16,amx_bf16,amx_int8,amx_tile,fma",True,True,,256,128,sh14l07002s1404,3.11.9,2.1.2+cu121
20260424_010536,2026-04-24T06:14:13.342248,cpu,full_mlp_capacity_search_hd256_depth3,/home/liangyi/SRS_AI/Model_AIIC_refactor/experiments_refactored/20260422_050408_full_mlp_capacity_search_v2/full_mlp_capacity_search_hd256_depth3,full_mlp_capacity_search_v2,full_mlp_capacity_search_hd256_depth3,supervised_nmse_plateau,full_mlp,12,6,compile,fp32,float32,8,8,ok,,515.789151,20,50,0.05329514,0.0026344680374603144,0.049274,0.0527045,0.0563021,0.0587732,0.06130238,0.06186,150107.49573037992,150.10749573037992,52.7045,6.5880625,18763.43696629749,43408,43008,86488,sub-physical,0.0625,0.03125,Intel(R) Xeon(R) 6760P,AVX512,"avx2,avx512f,avx512bw,avx512vl,avx512_vnni,avx512_bf16,amx_bf16,amx_int8,amx_tile,fma",True,True,,256,128,sh14l07002s1404,3.11.9,2.1.2+cu121
20260424_010536,2026-04-24T06:14:13.342248,cpu,full_mlp_capacity_search_hd256_depth3,/home/liangyi/SRS_AI/Model_AIIC_refactor/experiments_refactored/20260422_050408_full_mlp_capacity_search_v2/full_mlp_capacity_search_hd256_depth3,full_mlp_capacity_search_v2,full_mlp_capacity_search_hd256_depth3,supervised_nmse_plateau,full_mlp,12,6,compile,fp32,float32,8,128,ok,,602.600826,20,50,6.01879322,0.13969529639945508,5.96814,5.9991915,6.0117929,6.01406825,6.519834599999998,6.993743,1329.1701023083162,1.3291701023083162,5999.1915,749.8989375,10.38414142428372,43408,43008,86488,all-physical,1.0,0.5,Intel(R) Xeon(R) 6760P,AVX512,"avx2,avx512f,avx512bw,avx512vl,avx512_vnni,avx512_bf16,amx_bf16,amx_int8,amx_tile,fma",True,True,,256,128,sh14l07002s1404,3.11.9,2.1.2+cu121
20260424_010536,2026-04-24T06:14:13.342248,cpu,full_mlp_capacity_search_hd256_depth3,/home/liangyi/SRS_AI/Model_AIIC_refactor/experiments_refactored/20260422_050408_full_mlp_capacity_search_v2/full_mlp_capacity_search_hd256_depth3,full_mlp_capacity_search_v2,full_mlp_capacity_search_hd256_depth3,supervised_nmse_plateau,full_mlp,12,6,compile,fp32,float32,16,1,ok,,494.494966,20,50,0.04908284,0.0021029800794111196,0.046498,0.048644,0.0505896,0.0546447,0.0557231,0.056267,325979.5072982737,325.9795072982737,48.644,3.04025,325979.5072982737,43408,43008,86488,single-thread,0.0078125,0.00390625,Intel(R) Xeon(R) 6760P,AVX512,"avx2,avx512f,avx512bw,avx512vl,avx512_vnni,avx512_bf16,amx_bf16,amx_int8,amx_tile,fma",True,True,,256,128,sh14l07002s1404,3.11.9,2.1.2+cu121
20260424_010536,2026-04-24T06:14:13.342248,cpu,full_mlp_capacity_search_hd256_depth3,/home/liangyi/SRS_AI/Model_AIIC_refactor/experiments_refactored/20260422_050408_full_mlp_capacity_search_v2/full_mlp_capacity_search_hd256_depth3,full_mlp_capacity_search_v2,full_mlp_capacity_search_hd256_depth3,supervised_nmse_plateau,full_mlp,12,6,compile,fp32,float32,16,2,ok,,504.556861,20,50,0.06685274,0.00212302086480562,0.063881,0.0664395,0.0687144,0.0701179,0.07427581999999999,0.076423,239332.00045353413,239.33200045353414,66.4395,4.15246875,119666.00022676706,43408,43008,86488,sub-physical,0.015625,0.0078125,Intel(R) Xeon(R) 6760P,AVX512,"avx2,avx512f,avx512bw,avx512vl,avx512_vnni,avx512_bf16,amx_bf16,amx_int8,amx_tile,fma",True,True,,256,128,sh14l07002s1404,3.11.9,2.1.2+cu121
20260424_010536,2026-04-24T06:14:13.342248,cpu,full_mlp_capacity_search_hd256_depth3,/home/liangyi/SRS_AI/Model_AIIC_refactor/experiments_refactored/20260422_050408_full_mlp_capacity_search_v2/full_mlp_capacity_search_hd256_depth3,full_mlp_capacity_search_v2,full_mlp_capacity_search_hd256_depth3,supervised_nmse_plateau,full_mlp,12,6,compile,fp32,float32,16,4,ok,,509.883087,20,50,0.06381116,0.002969441027264222,0.059634,0.06314800000000001,0.06644810000000001,0.07085785,0.07353074999999999,0.073886,250739.83923815208,250.7398392381521,63.14800000000001,3.9467500000000006,62684.95980953802,43408,43008,86488,sub-physical,0.03125,0.015625,Intel(R) Xeon(R) 6760P,AVX512,"avx2,avx512f,avx512bw,avx512vl,avx512_vnni,avx512_bf16,amx_bf16,amx_int8,amx_tile,fma",True,True,,256,128,sh14l07002s1404,3.11.9,2.1.2+cu121
20260424_010536,2026-04-24T06:14:13.342248,cpu,full_mlp_capacity_search_hd256_depth3,/home/liangyi/SRS_AI/Model_AIIC_refactor/experiments_refactored/20260422_050408_full_mlp_capacity_search_v2/full_mlp_capacity_search_hd256_depth3,full_mlp_capacity_search_v2,full_mlp_capacity_search_hd256_depth3,supervised_nmse_plateau,full_mlp,12,6,compile,fp32,float32,16,8,ok,,509.015172,20,50,0.05448436,0.0023006412824254025,0.05136,0.0538715,0.0574909,0.059525499999999995,0.061445980000000004,0.061837,293662.2546360093,293.66225463600927,53.871500000000005,3.3669687500000003,36707.78182950116,43408,43008,86488,sub-physical,0.0625,0.03125,Intel(R) Xeon(R) 6760P,AVX512,"avx2,avx512f,avx512bw,avx512vl,avx512_vnni,avx512_bf16,amx_bf16,amx_int8,amx_tile,fma",True,True,,256,128,sh14l07002s1404,3.11.9,2.1.2+cu121
20260424_010536,2026-04-24T06:14:13.342248,cpu,full_mlp_capacity_search_hd256_depth3,/home/liangyi/SRS_AI/Model_AIIC_refactor/experiments_refactored/20260422_050408_full_mlp_capacity_search_v2/full_mlp_capacity_search_hd256_depth3,full_mlp_capacity_search_v2,full_mlp_capacity_search_hd256_depth3,supervised_nmse_plateau,full_mlp,12,6,compile,fp32,float32,16,128,ok,,647.248806,20,50,0.15258432,0.011536481278864887,0.1352,0.1516965,0.1700391,0.17462424999999998,0.18570469,0.186841,104860.05377223558,104.86005377223557,151.69650000000001,9.481031250000001,819.2191700955905,43408,43008,86488,all-physical,1.0,0.5,Intel(R) Xeon(R) 6760P,AVX512,"avx2,avx512f,avx512bw,avx512vl,avx512_vnni,avx512_bf16,amx_bf16,amx_int8,amx_tile,fma",True,True,,256,128,sh14l07002s1404,3.11.9,2.1.2+cu121
20260424_010536,2026-04-24T06:14:13.342248,cpu,full_mlp_capacity_search_hd256_depth3,/home/liangyi/SRS_AI/Model_AIIC_refactor/experiments_refactored/20260422_050408_full_mlp_capacity_search_v2/full_mlp_capacity_search_hd256_depth3,full_mlp_capacity_search_v2,full_mlp_capacity_search_hd256_depth3,supervised_nmse_plateau,full_mlp,12,6,compile,fp32,float32,32,1,ok,,499.54388,20,50,0.0584455,0.0023709788379485796,0.054837,0.058201,0.060757900000000004,0.062293949999999994,0.06644056,0.066566,547518.6284658357,547.5186284658357,58.201,1.81878125,547518.6284658357,43408,43008,86488,single-thread,0.0078125,0.00390625,Intel(R) Xeon(R) 6760P,AVX512,"avx2,avx512f,avx512bw,avx512vl,avx512_vnni,avx512_bf16,amx_bf16,amx_int8,amx_tile,fma",True,True,,256,128,sh14l07002s1404,3.11.9,2.1.2+cu121
20260424_010536,2026-04-24T06:14:13.342248,cpu,full_mlp_capacity_search_hd256_depth3,/home/liangyi/SRS_AI/Model_AIIC_refactor/experiments_refactored/20260422_050408_full_mlp_capacity_search_v2/full_mlp_capacity_search_hd256_depth3,full_mlp_capacity_search_v2,full_mlp_capacity_search_hd256_depth3,supervised_nmse_plateau,full_mlp,12,6,compile,fp32,float32,32,2,ok,,503.865035,20,50,0.10224543999999999,0.0033394678687479534,0.09505,0.102461,0.1062318,0.10684194999999999,0.11075253999999998,0.113131,312972.3927052395,312.9723927052395,102.461,3.20190625,156486.19635261974,43408,43008,86488,sub-physical,0.015625,0.0078125,Intel(R) Xeon(R) 6760P,AVX512,"avx2,avx512f,avx512bw,avx512vl,avx512_vnni,avx512_bf16,amx_bf16,amx_int8,amx_tile,fma",True,True,,256,128,sh14l07002s1404,3.11.9,2.1.2+cu121
20260424_010536,2026-04-24T06:14:13.342248,cpu,full_mlp_capacity_search_hd256_depth3,/home/liangyi/SRS_AI/Model_AIIC_refactor/experiments_refactored/20260422_050408_full_mlp_capacity_search_v2/full_mlp_capacity_search_hd256_depth3,full_mlp_capacity_search_v2,full_mlp_capacity_search_hd256_depth3,supervised_nmse_plateau,full_mlp,12,6,compile,fp32,float32,32,4,ok,,501.311273,20,50,0.0815147,0.0036535405471952807,0.075526,0.0809365,0.0867211,0.08886555,0.09108136,0.091344,392567.2302051041,392.5672302051041,80.9365,2.529265625,98141.80755127603,43408,43008,86488,sub-physical,0.03125,0.015625,Intel(R) Xeon(R) 6760P,AVX512,"avx2,avx512f,avx512bw,avx512vl,avx512_vnni,avx512_bf16,amx_bf16,amx_int8,amx_tile,fma",True,True,,256,128,sh14l07002s1404,3.11.9,2.1.2+cu121
20260424_010536,2026-04-24T06:14:13.342248,cpu,full_mlp_capacity_search_hd256_depth3,/home/liangyi/SRS_AI/Model_AIIC_refactor/experiments_refactored/20260422_050408_full_mlp_capacity_search_v2/full_mlp_capacity_search_hd256_depth3,full_mlp_capacity_search_v2,full_mlp_capacity_search_hd256_depth3,supervised_nmse_plateau,full_mlp,12,6,compile,fp32,float32,32,8,ok,,503.581683,20,50,0.06946328,0.005078220853960568,0.062214,0.068396,0.0741352,0.07639214999999999,0.08684521999999997,0.094304,460675.05018478824,460.67505018478823,68.396,2.137375,57584.38127309853,43408,43008,86488,sub-physical,0.0625,0.03125,Intel(R) Xeon(R) 6760P,AVX512,"avx2,avx512f,avx512bw,avx512vl,avx512_vnni,avx512_bf16,amx_bf16,amx_int8,amx_tile,fma",True,True,,256,128,sh14l07002s1404,3.11.9,2.1.2+cu121
20260424_010536,2026-04-24T06:14:13.342248,cpu,full_mlp_capacity_search_hd256_depth3,/home/liangyi/SRS_AI/Model_AIIC_refactor/experiments_refactored/20260422_050408_full_mlp_capacity_search_v2/full_mlp_capacity_search_hd256_depth3,full_mlp_capacity_search_v2,full_mlp_capacity_search_hd256_depth3,supervised_nmse_plateau,full_mlp,12,6,compile,fp32,float32,32,128,ok,,634.177986,20,50,0.14257436,0.009002075400173006,0.127404,0.1404755,0.1525502,0.1597148,0.16755911999999998,0.172171,224444.28296925194,224.44428296925196,140.4755,4.389859375,1753.4709606972808,43408,43008,86488,all-physical,1.0,0.5,Intel(R) Xeon(R) 6760P,AVX512,"avx2,avx512f,avx512bw,avx512vl,avx512_vnni,avx512_bf16,amx_bf16,amx_int8,amx_tile,fma",True,True,,256,128,sh14l07002s1404,3.11.9,2.1.2+cu121
20260424_010536,2026-04-24T06:14:13.342248,cpu,full_mlp_capacity_search_hd256_depth3,/home/liangyi/SRS_AI/Model_AIIC_refactor/experiments_refactored/20260422_050408_full_mlp_capacity_search_v2/full_mlp_capacity_search_hd256_depth3,full_mlp_capacity_search_v2,full_mlp_capacity_search_hd256_depth3,supervised_nmse_plateau,full_mlp,12,6,compile,fp32,float32,64,1,ok,,503.711952,20,50,0.07265806,0.0018424957357888237,0.069966,0.072048,0.07496950000000001,0.07591345,0.07804583,0.079532,880838.2717622793,880.8382717622793,72.048,1.12575,880838.2717622793,43408,43008,86488,single-thread,0.0078125,0.00390625,Intel(R) Xeon(R) 6760P,AVX512,"avx2,avx512f,avx512bw,avx512vl,avx512_vnni,avx512_bf16,amx_bf16,amx_int8,amx_tile,fma",True,True,,256,128,sh14l07002s1404,3.11.9,2.1.2+cu121
20260424_010536,2026-04-24T06:14:13.342248,cpu,full_mlp_capacity_search_hd256_depth3,/home/liangyi/SRS_AI/Model_AIIC_refactor/experiments_refactored/20260422_050408_full_mlp_capacity_search_v2/full_mlp_capacity_search_hd256_depth3,full_mlp_capacity_search_v2,full_mlp_capacity_search_hd256_depth3,supervised_nmse_plateau,full_mlp,12,6,compile,fp32,float32,64,2,ok,,508.658186,20,50,0.12110068,0.017842276433728963,0.105332,0.116286,0.1605433,0.1648942,0.17388307,0.176508,528485.8846374769,528.4858846374768,116.286,1.81696875,264242.94231873844,43408,43008,86488,sub-physical,0.015625,0.0078125,Intel(R) Xeon(R) 6760P,AVX512,"avx2,avx512f,avx512bw,avx512vl,avx512_vnni,avx512_bf16,amx_bf16,amx_int8,amx_tile,fma",True,True,,256,128,sh14l07002s1404,3.11.9,2.1.2+cu121
20260424_010536,2026-04-24T06:14:13.342248,cpu,full_mlp_capacity_search_hd256_depth3,/home/liangyi/SRS_AI/Model_AIIC_refactor/experiments_refactored/20260422_050408_full_mlp_capacity_search_v2/full_mlp_capacity_search_hd256_depth3,full_mlp_capacity_search_v2,full_mlp_capacity_search_hd256_depth3,supervised_nmse_plateau,full_mlp,12,6,compile,fp32,float32,64,4,ok,,504.256267,20,50,0.1220996,0.005748731366136358,0.112618,0.123791,0.1291871,0.1295175,0.13312184999999999,0.135736,524162.24131774384,524.1622413177438,123.791,1.934234375,131040.56032943596,43408,43008,86488,sub-physical,0.03125,0.015625,Intel(R) Xeon(R) 6760P,AVX512,"avx2,avx512f,avx512bw,avx512vl,avx512_vnni,avx512_bf16,amx_bf16,amx_int8,amx_tile,fma",True,True,,256,128,sh14l07002s1404,3.11.9,2.1.2+cu121
20260424_010536,2026-04-24T06:14:13.342248,cpu,full_mlp_capacity_search_hd256_depth3,/home/liangyi/SRS_AI/Model_AIIC_refactor/experiments_refactored/20260422_050408_full_mlp_capacity_search_v2/full_mlp_capacity_search_hd256_depth3,full_mlp_capacity_search_v2,full_mlp_capacity_search_hd256_depth3,supervised_nmse_plateau,full_mlp,12,6,compile,fp32,float32,64,8,ok,,504.83551,20,50,0.09988714,0.004997052018980791,0.092812,0.099317,0.1055602,0.1076496,0.11093789999999999,0.113824,640723.12011336,640.72312011336,99.31700000000001,1.5518281250000001,80090.39001417,43408,43008,86488,sub-physical,0.0625,0.03125,Intel(R) Xeon(R) 6760P,AVX512,"avx2,avx512f,avx512bw,avx512vl,avx512_vnni,avx512_bf16,amx_bf16,amx_int8,amx_tile,fma",True,True,,256,128,sh14l07002s1404,3.11.9,2.1.2+cu121
20260424_010536,2026-04-24T06:14:13.342248,cpu,full_mlp_capacity_search_hd256_depth3,/home/liangyi/SRS_AI/Model_AIIC_refactor/experiments_refactored/20260422_050408_full_mlp_capacity_search_v2/full_mlp_capacity_search_hd256_depth3,full_mlp_capacity_search_v2,full_mlp_capacity_search_hd256_depth3,supervised_nmse_plateau,full_mlp,12,6,compile,fp32,float32,64,128,ok,,629.11563,20,50,0.28935282,0.01629691347794422,0.257601,0.2883685,0.3119677,0.3191844,0.3370394,0.338284,221183.2599385069,221.1832599385069,288.36850000000004,4.505757812500001,1727.9942182695852,43408,43008,86488,all-physical,1.0,0.5,Intel(R) Xeon(R) 6760P,AVX512,"avx2,avx512f,avx512bw,avx512vl,avx512_vnni,avx512_bf16,amx_bf16,amx_int8,amx_tile,fma",True,True,,256,128,sh14l07002s1404,3.11.9,2.1.2+cu121
20260424_010536,2026-04-24T06:14:13.342248,cpu,full_mlp_capacity_search_hd256_depth3,/home/liangyi/SRS_AI/Model_AIIC_refactor/experiments_refactored/20260422_050408_full_mlp_capacity_search_v2/full_mlp_capacity_search_hd256_depth3,full_mlp_capacity_search_v2,full_mlp_capacity_search_hd256_depth3,supervised_nmse_plateau,full_mlp,12,6,compile,fp32,float32,128,1,ok,,503.509269,20,50,0.10666842,0.0027815172341008423,0.103351,0.105459,0.1110648,0.1118313,0.11461104,0.115936,1199980.2753242243,1199.9802753242243,105.459,0.8238984375,1199980.2753242243,43408,43008,86488,single-thread,0.0078125,0.00390625,Intel(R) Xeon(R) 6760P,AVX512,"avx2,avx512f,avx512bw,avx512vl,avx512_vnni,avx512_bf16,amx_bf16,amx_int8,amx_tile,fma",True,True,,256,128,sh14l07002s1404,3.11.9,2.1.2+cu121
20260424_010536,2026-04-24T06:14:13.342248,cpu,full_mlp_capacity_search_hd256_depth3,/home/liangyi/SRS_AI/Model_AIIC_refactor/experiments_refactored/20260422_050408_full_mlp_capacity_search_v2/full_mlp_capacity_search_hd256_depth3,full_mlp_capacity_search_v2,full_mlp_capacity_search_hd256_depth3,supervised_nmse_plateau,full_mlp,12,6,compile,fp32,float32,128,2,ok,,510.301048,20,50,0.1908111,0.054852001567217215,0.139258,0.155127,0.27552920000000003,0.2763771,0.27820975,0.279594,670820.5130623952,670.8205130623952,155.12699999999998,1.2119296874999999,335410.2565311976,43408,43008,86488,sub-physical,0.015625,0.0078125,Intel(R) Xeon(R) 6760P,AVX512,"avx2,avx512f,avx512bw,avx512vl,avx512_vnni,avx512_bf16,amx_bf16,amx_int8,amx_tile,fma",True,True,,256,128,sh14l07002s1404,3.11.9,2.1.2+cu121
20260424_010536,2026-04-24T06:14:13.342248,cpu,full_mlp_capacity_search_hd256_depth3,/home/liangyi/SRS_AI/Model_AIIC_refactor/experiments_refactored/20260422_050408_full_mlp_capacity_search_v2/full_mlp_capacity_search_hd256_depth3,full_mlp_capacity_search_v2,full_mlp_capacity_search_hd256_depth3,supervised_nmse_plateau,full_mlp,12,6,compile,fp32,float32,128,4,ok,,503.131337,20,50,0.18364366,0.03357693629181197,0.138373,0.1603165,0.2264084,0.22729695,0.23179685,0.232206,697002.0092171982,697.0020092171983,160.3165,1.25247265625,174250.50230429956,43408,43008,86488,sub-physical,0.03125,0.015625,Intel(R) Xeon(R) 6760P,AVX512,"avx2,avx512f,avx512bw,avx512vl,avx512_vnni,avx512_bf16,amx_bf16,amx_int8,amx_tile,fma",True,True,,256,128,sh14l07002s1404,3.11.9,2.1.2+cu121
20260424_010536,2026-04-24T06:14:13.342248,cpu,full_mlp_capacity_search_hd256_depth3,/home/liangyi/SRS_AI/Model_AIIC_refactor/experiments_refactored/20260422_050408_full_mlp_capacity_search_v2/full_mlp_capacity_search_hd256_depth3,full_mlp_capacity_search_v2,full_mlp_capacity_search_hd256_depth3,supervised_nmse_plateau,full_mlp,12,6,compile,fp32,float32,128,8,ok,,514.853685,20,50,0.14473174,0.005033698913562471,0.13496,0.14447900000000002,0.1508746,0.15235325,0.15981323,0.161123,884394.8120847577,884.3948120847577,144.479,1.1287421875,110549.35151059472,43408,43008,86488,sub-physical,0.0625,0.03125,Intel(R) Xeon(R) 6760P,AVX512,"avx2,avx512f,avx512bw,avx512vl,avx512_vnni,avx512_bf16,amx_bf16,amx_int8,amx_tile,fma",True,True,,256,128,sh14l07002s1404,3.11.9,2.1.2+cu121
20260424_010536,2026-04-24T06:14:13.342248,cpu,full_mlp_capacity_search_hd256_depth3,/home/liangyi/SRS_AI/Model_AIIC_refactor/experiments_refactored/20260422_050408_full_mlp_capacity_search_v2/full_mlp_capacity_search_hd256_depth3,full_mlp_capacity_search_v2,full_mlp_capacity_search_hd256_depth3,supervised_nmse_plateau,full_mlp,12,6,compile,fp32,float32,128,128,ok,,555.808655,20,50,2.05839602,4.205310450830856,0.213001,0.22694,11.990774100000001,11.99697775,12.00261993,12.003768,62184.34098993254,62.184340989932544,226.94,1.77296875,485.815163983848,43408,43008,86488,all-physical,1.0,0.5,Intel(R) Xeon(R) 6760P,AVX512,"avx2,avx512f,avx512bw,avx512vl,avx512_vnni,avx512_bf16,amx_bf16,amx_int8,amx_tile,fma",True,True,,256,128,sh14l07002s1404,3.11.9,2.1.2+cu121
20260424_010536,2026-04-24T06:14:13.342248,cpu,full_mlp_capacity_search_hd256_depth3,/home/liangyi/SRS_AI/Model_AIIC_refactor/experiments_refactored/20260422_050408_full_mlp_capacity_search_v2/full_mlp_capacity_search_hd256_depth3,full_mlp_capacity_search_v2,full_mlp_capacity_search_hd256_depth3,supervised_nmse_plateau,full_mlp,12,6,compile,bf16,bfloat16,1,1,ok,,497.329131,20,50,0.06816234,0.0026209045965849267,0.063849,0.0675605,0.0712537,0.0718402,0.07415787,0.074372,14670.857837333637,14.670857837333637,67.56049999999999,67.56049999999999,14670.857837333637,43408,43008,86488,single-thread,0.0078125,0.00390625,Intel(R) Xeon(R) 6760P,AVX512,"avx2,avx512f,avx512bw,avx512vl,avx512_vnni,avx512_bf16,amx_bf16,amx_int8,amx_tile,fma",True,True,,256,128,sh14l07002s1404,3.11.9,2.1.2+cu121
20260424_010536,2026-04-24T06:14:13.342248,cpu,full_mlp_capacity_search_hd256_depth3,/home/liangyi/SRS_AI/Model_AIIC_refactor/experiments_refactored/20260422_050408_full_mlp_capacity_search_v2/full_mlp_capacity_search_hd256_depth3,full_mlp_capacity_search_v2,full_mlp_capacity_search_hd256_depth3,supervised_nmse_plateau,full_mlp,12,6,compile,bf16,bfloat16,1,2,ok,,501.292603,20,50,0.07188484,0.004304176280590747,0.066415,0.0704435,0.0764337,0.07956559999999999,0.08518379999999999,0.087379,13911.138982850902,13.911138982850902,70.4435,70.4435,6955.569491425451,43408,43008,86488,sub-physical,0.015625,0.0078125,Intel(R) Xeon(R) 6760P,AVX512,"avx2,avx512f,avx512bw,avx512vl,avx512_vnni,avx512_bf16,amx_bf16,amx_int8,amx_tile,fma",True,True,,256,128,sh14l07002s1404,3.11.9,2.1.2+cu121
20260424_010536,2026-04-24T06:14:13.342248,cpu,full_mlp_capacity_search_hd256_depth3,/home/liangyi/SRS_AI/Model_AIIC_refactor/experiments_refactored/20260422_050408_full_mlp_capacity_search_v2/full_mlp_capacity_search_hd256_depth3,full_mlp_capacity_search_v2,full_mlp_capacity_search_hd256_depth3,supervised_nmse_plateau,full_mlp,12,6,compile,bf16,bfloat16,1,4,ok,,505.205486,20,50,0.08102194,0.0038154058049439505,0.076465,0.079784,0.0862454,0.09090825,0.09223578,0.09247,12342.335915432288,12.342335915432288,79.78399999999999,79.78399999999999,3085.583978858072,43408,43008,86488,sub-physical,0.03125,0.015625,Intel(R) Xeon(R) 6760P,AVX512,"avx2,avx512f,avx512bw,avx512vl,avx512_vnni,avx512_bf16,amx_bf16,amx_int8,amx_tile,fma",True,True,,256,128,sh14l07002s1404,3.11.9,2.1.2+cu121
20260424_010536,2026-04-24T06:14:13.342248,cpu,full_mlp_capacity_search_hd256_depth3,/home/liangyi/SRS_AI/Model_AIIC_refactor/experiments_refactored/20260422_050408_full_mlp_capacity_search_v2/full_mlp_capacity_search_hd256_depth3,full_mlp_capacity_search_v2,full_mlp_capacity_search_hd256_depth3,supervised_nmse_plateau,full_mlp,12,6,compile,bf16,bfloat16,1,8,ok,,508.739306,20,50,0.07295032,0.0038803209426025572,0.068236,0.071738,0.0785682,0.07953255,0.08431316,0.084811,13707.95906035779,13.70795906035779,71.738,71.738,1713.4948825447239,43408,43008,86488,sub-physical,0.0625,0.03125,Intel(R) Xeon(R) 6760P,AVX512,"avx2,avx512f,avx512bw,avx512vl,avx512_vnni,avx512_bf16,amx_bf16,amx_int8,amx_tile,fma",True,True,,256,128,sh14l07002s1404,3.11.9,2.1.2+cu121
20260424_010536,2026-04-24T06:14:13.342248,cpu,full_mlp_capacity_search_hd256_depth3,/home/liangyi/SRS_AI/Model_AIIC_refactor/experiments_refactored/20260422_050408_full_mlp_capacity_search_v2/full_mlp_capacity_search_hd256_depth3,full_mlp_capacity_search_v2,full_mlp_capacity_search_hd256_depth3,supervised_nmse_plateau,full_mlp,12,6,compile,bf16,bfloat16,1,128,ok,,557.075754,20,50,0.24441546,0.026085088341970396,0.215065,0.2374595,0.276846,0.29981679999999994,0.33275933999999996,0.335716,4091.3942186799477,4.091394218679948,237.4595,237.4595,31.96401733343709,43408,43008,86488,all-physical,1.0,0.5,Intel(R) Xeon(R) 6760P,AVX512,"avx2,avx512f,avx512bw,avx512vl,avx512_vnni,avx512_bf16,amx_bf16,amx_int8,amx_tile,fma",True,True,,256,128,sh14l07002s1404,3.11.9,2.1.2+cu121
20260424_010536,2026-04-24T06:14:13.342248,cpu,full_mlp_capacity_search_hd256_depth3,/home/liangyi/SRS_AI/Model_AIIC_refactor/experiments_refactored/20260422_050408_full_mlp_capacity_search_v2/full_mlp_capacity_search_hd256_depth3,full_mlp_capacity_search_v2,full_mlp_capacity_search_hd256_depth3,supervised_nmse_plateau,full_mlp,12,6,compile,bf16,bfloat16,2,1,ok,,496.888798,20,50,0.06505048000000001,0.0035041200906361647,0.060329,0.06436800000000001,0.069608,0.07228035,0.07357162,0.0737,30745.353454732387,30.74535345473239,64.36800000000001,32.184000000000005,30745.353454732387,43408,43008,86488,single-thread,0.0078125,0.00390625,Intel(R) Xeon(R) 6760P,AVX512,"avx2,avx512f,avx512bw,avx512vl,avx512_vnni,avx512_bf16,amx_bf16,amx_int8,amx_tile,fma",True,True,,256,128,sh14l07002s1404,3.11.9,2.1.2+cu121
20260424_010536,2026-04-24T06:14:13.342248,cpu,full_mlp_capacity_search_hd256_depth3,/home/liangyi/SRS_AI/Model_AIIC_refactor/experiments_refactored/20260422_050408_full_mlp_capacity_search_v2/full_mlp_capacity_search_hd256_depth3,full_mlp_capacity_search_v2,full_mlp_capacity_search_hd256_depth3,supervised_nmse_plateau,full_mlp,12,6,compile,bf16,bfloat16,2,2,ok,,502.087554,20,50,0.07663816,0.004945256722800142,0.070594,0.07602400000000001,0.08276069999999999,0.08669909999999999,0.09039239,0.090436,26096.659940687514,26.096659940687513,76.02400000000002,38.01200000000001,13048.329970343757,43408,43008,86488,sub-physical,0.015625,0.0078125,Intel(R) Xeon(R) 6760P,AVX512,"avx2,avx512f,avx512bw,avx512vl,avx512_vnni,avx512_bf16,amx_bf16,amx_int8,amx_tile,fma",True,True,,256,128,sh14l07002s1404,3.11.9,2.1.2+cu121
20260424_010536,2026-04-24T06:14:13.342248,cpu,full_mlp_capacity_search_hd256_depth3,/home/liangyi/SRS_AI/Model_AIIC_refactor/experiments_refactored/20260422_050408_full_mlp_capacity_search_v2/full_mlp_capacity_search_hd256_depth3,full_mlp_capacity_search_v2,full_mlp_capacity_search_hd256_depth3,supervised_nmse_plateau,full_mlp,12,6,compile,bf16,bfloat16,2,4,ok,,502.769778,20,50,0.07838196,0.004788079017560174,0.071656,0.07672999999999999,0.0846931,0.0870132,0.09193570999999999,0.095376,25516.075382651823,25.516075382651824,76.72999999999999,38.364999999999995,6379.018845662956,43408,43008,86488,sub-physical,0.03125,0.015625,Intel(R) Xeon(R) 6760P,AVX512,"avx2,avx512f,avx512bw,avx512vl,avx512_vnni,avx512_bf16,amx_bf16,amx_int8,amx_tile,fma",True,True,,256,128,sh14l07002s1404,3.11.9,2.1.2+cu121
20260424_010536,2026-04-24T06:14:13.342248,cpu,full_mlp_capacity_search_hd256_depth3,/home/liangyi/SRS_AI/Model_AIIC_refactor/experiments_refactored/20260422_050408_full_mlp_capacity_search_v2/full_mlp_capacity_search_hd256_depth3,full_mlp_capacity_search_v2,full_mlp_capacity_search_hd256_depth3,supervised_nmse_plateau,full_mlp,12,6,compile,bf16,bfloat16,2,8,ok,,510.437091,20,50,0.0770517,0.0035272979984685158,0.072629,0.0755065,0.0820343,0.0839027,0.08597221999999999,0.087061,25956.597972530133,25.956597972530133,75.5065,37.75325,3244.5747465662666,43408,43008,86488,sub-physical,0.0625,0.03125,Intel(R) Xeon(R) 6760P,AVX512,"avx2,avx512f,avx512bw,avx512vl,avx512_vnni,avx512_bf16,amx_bf16,amx_int8,amx_tile,fma",True,True,,256,128,sh14l07002s1404,3.11.9,2.1.2+cu121
20260424_010536,2026-04-24T06:14:13.342248,cpu,full_mlp_capacity_search_hd256_depth3,/home/liangyi/SRS_AI/Model_AIIC_refactor/experiments_refactored/20260422_050408_full_mlp_capacity_search_v2/full_mlp_capacity_search_hd256_depth3,full_mlp_capacity_search_v2,full_mlp_capacity_search_hd256_depth3,supervised_nmse_plateau,full_mlp,12,6,compile,bf16,bfloat16,2,128,ok,,627.703961,20,50,0.27017412,0.028508307340591094,0.229851,0.267637,0.3077278,0.3141447,0.3611500499999999,0.392831,7402.633531294558,7.402633531294558,267.637,133.8185,57.83307446323874,43408,43008,86488,all-physical,1.0,0.5,Intel(R) Xeon(R) 6760P,AVX512,"avx2,avx512f,avx512bw,avx512vl,avx512_vnni,avx512_bf16,amx_bf16,amx_int8,amx_tile,fma",True,True,,256,128,sh14l07002s1404,3.11.9,2.1.2+cu121
20260424_010536,2026-04-24T06:14:13.342248,cpu,full_mlp_capacity_search_hd256_depth3,/home/liangyi/SRS_AI/Model_AIIC_refactor/experiments_refactored/20260422_050408_full_mlp_capacity_search_v2/full_mlp_capacity_search_hd256_depth3,full_mlp_capacity_search_v2,full_mlp_capacity_search_hd256_depth3,supervised_nmse_plateau,full_mlp,12,6,compile,bf16,bfloat16,4,1,ok,,499.290326,20,50,0.074367,0.0030689322507999432,0.069983,0.0740895,0.0780818,0.07933215,0.08521967999999999,0.086037,53787.2981295467,53.787298129546706,74.0895,18.522375,53787.2981295467,43408,43008,86488,single-thread,0.0078125,0.00390625,Intel(R) Xeon(R) 6760P,AVX512,"avx2,avx512f,avx512bw,avx512vl,avx512_vnni,avx512_bf16,amx_bf16,amx_int8,amx_tile,fma",True,True,,256,128,sh14l07002s1404,3.11.9,2.1.2+cu121
20260424_010536,2026-04-24T06:14:13.342248,cpu,full_mlp_capacity_search_hd256_depth3,/home/liangyi/SRS_AI/Model_AIIC_refactor/experiments_refactored/20260422_050408_full_mlp_capacity_search_v2/full_mlp_capacity_search_hd256_depth3,full_mlp_capacity_search_v2,full_mlp_capacity_search_hd256_depth3,supervised_nmse_plateau,full_mlp,12,6,compile,bf16,bfloat16,4,2,ok,,514.789679,20,50,0.08531,0.004337895535856067,0.078423,0.0846485,0.0912677,0.09321775,0.09516490999999999,0.095577,46887.820888524206,46.8878208885242,84.6485,21.162125,23443.910444262103,43408,43008,86488,sub-physical,0.015625,0.0078125,Intel(R) Xeon(R) 6760P,AVX512,"avx2,avx512f,avx512bw,avx512vl,avx512_vnni,avx512_bf16,amx_bf16,amx_int8,amx_tile,fma",True,True,,256,128,sh14l07002s1404,3.11.9,2.1.2+cu121
20260424_010536,2026-04-24T06:14:13.342248,cpu,full_mlp_capacity_search_hd256_depth3,/home/liangyi/SRS_AI/Model_AIIC_refactor/experiments_refactored/20260422_050408_full_mlp_capacity_search_v2/full_mlp_capacity_search_hd256_depth3,full_mlp_capacity_search_v2,full_mlp_capacity_search_hd256_depth3,supervised_nmse_plateau,full_mlp,12,6,compile,bf16,bfloat16,4,4,ok,,509.340063,20,50,0.08659414,0.003875159320647346,0.080527,0.0860095,0.092111,0.09381244999999999,0.09779982999999999,0.101246,46192.502171625005,46.192502171625,86.0095,21.502375,11548.125542906251,43408,43008,86488,sub-physical,0.03125,0.015625,Intel(R) Xeon(R) 6760P,AVX512,"avx2,avx512f,avx512bw,avx512vl,avx512_vnni,avx512_bf16,amx_bf16,amx_int8,amx_tile,fma",True,True,,256,128,sh14l07002s1404,3.11.9,2.1.2+cu121
20260424_010536,2026-04-24T06:14:13.342248,cpu,full_mlp_capacity_search_hd256_depth3,/home/liangyi/SRS_AI/Model_AIIC_refactor/experiments_refactored/20260422_050408_full_mlp_capacity_search_v2/full_mlp_capacity_search_hd256_depth3,full_mlp_capacity_search_v2,full_mlp_capacity_search_hd256_depth3,supervised_nmse_plateau,full_mlp,12,6,compile,bf16,bfloat16,4,8,ok,,511.038357,20,50,0.0791239,0.004289857439356231,0.073425,0.07794799999999999,0.0851657,0.088867,0.09151440999999999,0.092343,50553.62539005282,50.553625390052815,77.948,19.487,6319.203173756602,43408,43008,86488,sub-physical,0.0625,0.03125,Intel(R) Xeon(R) 6760P,AVX512,"avx2,avx512f,avx512bw,avx512vl,avx512_vnni,avx512_bf16,amx_bf16,amx_int8,amx_tile,fma",True,True,,256,128,sh14l07002s1404,3.11.9,2.1.2+cu121
20260424_010536,2026-04-24T06:14:13.342248,cpu,full_mlp_capacity_search_hd256_depth3,/home/liangyi/SRS_AI/Model_AIIC_refactor/experiments_refactored/20260422_050408_full_mlp_capacity_search_v2/full_mlp_capacity_search_hd256_depth3,full_mlp_capacity_search_v2,full_mlp_capacity_search_hd256_depth3,supervised_nmse_plateau,full_mlp,12,6,compile,bf16,bfloat16,4,128,ok,,658.085349,20,50,0.26959324,0.019978465502195106,0.231487,0.265772,0.29562479999999997,0.29864864999999996,0.31957530999999995,0.332551,14837.167282087636,14.837167282087636,265.772,66.443,115.91536939130965,43408,43008,86488,all-physical,1.0,0.5,Intel(R) Xeon(R) 6760P,AVX512,"avx2,avx512f,avx512bw,avx512vl,avx512_vnni,avx512_bf16,amx_bf16,amx_int8,amx_tile,fma",True,True,,256,128,sh14l07002s1404,3.11.9,2.1.2+cu121
20260424_010536,2026-04-24T06:14:13.342248,cpu,full_mlp_capacity_search_hd256_depth3,/home/liangyi/SRS_AI/Model_AIIC_refactor/experiments_refactored/20260422_050408_full_mlp_capacity_search_v2/full_mlp_capacity_search_hd256_depth3,full_mlp_capacity_search_v2,full_mlp_capacity_search_hd256_depth3,supervised_nmse_plateau,full_mlp,12,6,compile,bf16,bfloat16,8,1,ok,,499.727515,20,50,0.07664664,0.003542944316581902,0.072331,0.075484,0.0816795,0.08387835,0.08592092,0.086799,104375.09067586002,104.37509067586002,75.484,9.4355,104375.09067586002,43408,43008,86488,single-thread,0.0078125,0.00390625,Intel(R) Xeon(R) 6760P,AVX512,"avx2,avx512f,avx512bw,avx512vl,avx512_vnni,avx512_bf16,amx_bf16,amx_int8,amx_tile,fma",True,True,,256,128,sh14l07002s1404,3.11.9,2.1.2+cu121
20260424_010536,2026-04-24T06:14:13.342248,cpu,full_mlp_capacity_search_hd256_depth3,/home/liangyi/SRS_AI/Model_AIIC_refactor/experiments_refactored/20260422_050408_full_mlp_capacity_search_v2/full_mlp_capacity_search_hd256_depth3,full_mlp_capacity_search_v2,full_mlp_capacity_search_hd256_depth3,supervised_nmse_plateau,full_mlp,12,6,compile,bf16,bfloat16,8,2,ok,,510.202607,20,50,0.07948566,0.004035001589144669,0.073961,0.0791765,0.08506190000000001,0.0855387,0.08931273,0.089422,100647.08527299139,100.64708527299139,79.17649999999999,9.897062499999999,50323.542636495695,43408,43008,86488,sub-physical,0.015625,0.0078125,Intel(R) Xeon(R) 6760P,AVX512,"avx2,avx512f,avx512bw,avx512vl,avx512_vnni,avx512_bf16,amx_bf16,amx_int8,amx_tile,fma",True,True,,256,128,sh14l07002s1404,3.11.9,2.1.2+cu121
20260424_010536,2026-04-24T06:14:13.342248,cpu,full_mlp_capacity_search_hd256_depth3,/home/liangyi/SRS_AI/Model_AIIC_refactor/experiments_refactored/20260422_050408_full_mlp_capacity_search_v2/full_mlp_capacity_search_hd256_depth3,full_mlp_capacity_search_v2,full_mlp_capacity_search_hd256_depth3,supervised_nmse_plateau,full_mlp,12,6,compile,bf16,bfloat16,8,4,ok,,505.408665,20,50,0.07945896,0.0034608934162149514,0.073413,0.079086,0.0847205,0.08480295,0.08737069,0.087429,100680.90496024615,100.68090496024614,79.086,9.88575,25170.226240061536,43408,43008,86488,sub-physical,0.03125,0.015625,Intel(R) Xeon(R) 6760P,AVX512,"avx2,avx512f,avx512bw,avx512vl,avx512_vnni,avx512_bf16,amx_bf16,amx_int8,amx_tile,fma",True,True,,256,128,sh14l07002s1404,3.11.9,2.1.2+cu121
20260424_010536,2026-04-24T06:14:13.342248,cpu,full_mlp_capacity_search_hd256_depth3,/home/liangyi/SRS_AI/Model_AIIC_refactor/experiments_refactored/20260422_050408_full_mlp_capacity_search_v2/full_mlp_capacity_search_hd256_depth3,full_mlp_capacity_search_v2,full_mlp_capacity_search_hd256_depth3,supervised_nmse_plateau,full_mlp,12,6,compile,bf16,bfloat16,8,8,ok,,506.081068,20,50,0.0787311,0.004038375238880112,0.07285,0.0781635,0.0831278,0.08696265,0.08966732999999999,0.090002,101611.6883925158,101.6116883925158,78.1635,9.7704375,12701.461049064475,43408,43008,86488,sub-physical,0.0625,0.03125,Intel(R) Xeon(R) 6760P,AVX512,"avx2,avx512f,avx512bw,avx512vl,avx512_vnni,avx512_bf16,amx_bf16,amx_int8,amx_tile,fma",True,True,,256,128,sh14l07002s1404,3.11.9,2.1.2+cu121
20260424_010536,2026-04-24T06:14:13.342248,cpu,full_mlp_capacity_search_hd256_depth3,/home/liangyi/SRS_AI/Model_AIIC_refactor/experiments_refactored/20260422_050408_full_mlp_capacity_search_v2/full_mlp_capacity_search_hd256_depth3,full_mlp_capacity_search_v2,full_mlp_capacity_search_hd256_depth3,supervised_nmse_plateau,full_mlp,12,6,compile,bf16,bfloat16,8,128,ok,,639.54997,20,50,0.21976648000000001,0.020577820770178754,0.190997,0.2147595,0.24576480000000003,0.26242295,0.28135177999999994,0.298638,36402.2757246692,36.402275724669195,214.7595,26.8449375,284.3927790989781,43408,43008,86488,all-physical,1.0,0.5,Intel(R) Xeon(R) 6760P,AVX512,"avx2,avx512f,avx512bw,avx512vl,avx512_vnni,avx512_bf16,amx_bf16,amx_int8,amx_tile,fma",True,True,,256,128,sh14l07002s1404,3.11.9,2.1.2+cu121
20260424_010536,2026-04-24T06:14:13.342248,cpu,full_mlp_capacity_search_hd256_depth3,/home/liangyi/SRS_AI/Model_AIIC_refactor/experiments_refactored/20260422_050408_full_mlp_capacity_search_v2/full_mlp_capacity_search_hd256_depth3,full_mlp_capacity_search_v2,full_mlp_capacity_search_hd256_depth3,supervised_nmse_plateau,full_mlp,12,6,compile,bf16,bfloat16,16,1,ok,,502.104514,20,50,0.0757389,0.0036748938610523165,0.070973,0.074873,0.0813383,0.08171205000000001,0.08497019,0.0852,211252.0778622346,211.25207786223461,74.87299999999999,4.679562499999999,211252.0778622346,43408,43008,86488,single-thread,0.0078125,0.00390625,Intel(R) Xeon(R) 6760P,AVX512,"avx2,avx512f,avx512bw,avx512vl,avx512_vnni,avx512_bf16,amx_bf16,amx_int8,amx_tile,fma",True,True,,256,128,sh14l07002s1404,3.11.9,2.1.2+cu121
20260424_010536,2026-04-24T06:14:13.342248,cpu,full_mlp_capacity_search_hd256_depth3,/home/liangyi/SRS_AI/Model_AIIC_refactor/experiments_refactored/20260422_050408_full_mlp_capacity_search_v2/full_mlp_capacity_search_hd256_depth3,full_mlp_capacity_search_v2,full_mlp_capacity_search_hd256_depth3,supervised_nmse_plateau,full_mlp,12,6,compile,bf16,bfloat16,16,2,ok,,504.429282,20,50,0.08420092,0.00427112435239247,0.078998,0.082456,0.09172939999999999,0.09245750000000001,0.09369409999999999,0.094777,190021.67672277216,190.02167672277216,82.456,5.1535,95010.83836138608,43408,43008,86488,sub-physical,0.015625,0.0078125,Intel(R) Xeon(R) 6760P,AVX512,"avx2,avx512f,avx512bw,avx512vl,avx512_vnni,avx512_bf16,amx_bf16,amx_int8,amx_tile,fma",True,True,,256,128,sh14l07002s1404,3.11.9,2.1.2+cu121
20260424_010536,2026-04-24T06:14:13.342248,cpu,full_mlp_capacity_search_hd256_depth3,/home/liangyi/SRS_AI/Model_AIIC_refactor/experiments_refactored/20260422_050408_full_mlp_capacity_search_v2/full_mlp_capacity_search_hd256_depth3,full_mlp_capacity_search_v2,full_mlp_capacity_search_hd256_depth3,supervised_nmse_plateau,full_mlp,12,6,compile,bf16,bfloat16,16,4,ok,,500.158956,20,50,0.08210794,0.003349026511749348,0.077221,0.081868,0.0857676,0.0873832,0.09304642999999999,0.096669,194865.44175873854,194.86544175873854,81.868,5.11675,48716.360439684635,43408,43008,86488,sub-physical,0.03125,0.015625,Intel(R) Xeon(R) 6760P,AVX512,"avx2,avx512f,avx512bw,avx512vl,avx512_vnni,avx512_bf16,amx_bf16,amx_int8,amx_tile,fma",True,True,,256,128,sh14l07002s1404,3.11.9,2.1.2+cu121
20260424_010536,2026-04-24T06:14:13.342248,cpu,full_mlp_capacity_search_hd256_depth3,/home/liangyi/SRS_AI/Model_AIIC_refactor/experiments_refactored/20260422_050408_full_mlp_capacity_search_v2/full_mlp_capacity_search_hd256_depth3,full_mlp_capacity_search_v2,full_mlp_capacity_search_hd256_depth3,supervised_nmse_plateau,full_mlp,12,6,compile,bf16,bfloat16,16,8,ok,,504.877535,20,50,0.09417062,0.004492612215137202,0.086482,0.09342349999999999,0.10017480000000001,0.1023258,0.10650985999999998,0.109884,169904.37144833498,169.90437144833498,93.42349999999999,5.838968749999999,21238.046431041872,43408,43008,86488,sub-physical,0.0625,0.03125,Intel(R) Xeon(R) 6760P,AVX512,"avx2,avx512f,avx512bw,avx512vl,avx512_vnni,avx512_bf16,amx_bf16,amx_int8,amx_tile,fma",True,True,,256,128,sh14l07002s1404,3.11.9,2.1.2+cu121
20260424_010536,2026-04-24T06:14:13.342248,cpu,full_mlp_capacity_search_hd256_depth3,/home/liangyi/SRS_AI/Model_AIIC_refactor/experiments_refactored/20260422_050408_full_mlp_capacity_search_v2/full_mlp_capacity_search_hd256_depth3,full_mlp_capacity_search_v2,full_mlp_capacity_search_hd256_depth3,supervised_nmse_plateau,full_mlp,12,6,compile,bf16,bfloat16,16,128,ok,,640.981407,20,50,0.29193886,0.026546671682160083,0.25448,0.285377,0.33430920000000003,0.34317349999999996,0.35263427999999997,0.358087,54805.99602259185,54.80599602259185,285.377,17.8360625,428.1718439264988,43408,43008,86488,all-physical,1.0,0.5,Intel(R) Xeon(R) 6760P,AVX512,"avx2,avx512f,avx512bw,avx512vl,avx512_vnni,avx512_bf16,amx_bf16,amx_int8,amx_tile,fma",True,True,,256,128,sh14l07002s1404,3.11.9,2.1.2+cu121
20260424_010536,2026-04-24T06:14:13.342248,cpu,full_mlp_capacity_search_hd256_depth3,/home/liangyi/SRS_AI/Model_AIIC_refactor/experiments_refactored/20260422_050408_full_mlp_capacity_search_v2/full_mlp_capacity_search_hd256_depth3,full_mlp_capacity_search_v2,full_mlp_capacity_search_hd256_depth3,supervised_nmse_plateau,full_mlp,12,6,compile,bf16,bfloat16,32,1,ok,,495.508608,20,50,0.06794248,0.004216433014954703,0.062042,0.0670345,0.0745992,0.07653009999999999,0.07931811,0.081014,470986.6345767773,470.9866345767773,67.0345,2.094828125,470986.6345767773,43408,43008,86488,single-thread,0.0078125,0.00390625,Intel(R) Xeon(R) 6760P,AVX512,"avx2,avx512f,avx512bw,avx512vl,avx512_vnni,avx512_bf16,amx_bf16,amx_int8,amx_tile,fma",True,True,,256,128,sh14l07002s1404,3.11.9,2.1.2+cu121
20260424_010536,2026-04-24T06:14:13.342248,cpu,full_mlp_capacity_search_hd256_depth3,/home/liangyi/SRS_AI/Model_AIIC_refactor/experiments_refactored/20260422_050408_full_mlp_capacity_search_v2/full_mlp_capacity_search_hd256_depth3,full_mlp_capacity_search_v2,full_mlp_capacity_search_hd256_depth3,supervised_nmse_plateau,full_mlp,12,6,compile,bf16,bfloat16,32,2,ok,,504.032747,20,50,0.10248514,0.004101529734184552,0.095982,0.101793,0.10720489999999999,0.1093555,0.11464457,0.116706,312240.3891920331,312.2403891920331,101.79299999999999,3.1810312499999998,156120.19459601655,43408,43008,86488,sub-physical,0.015625,0.0078125,Intel(R) Xeon(R) 6760P,AVX512,"avx2,avx512f,avx512bw,avx512vl,avx512_vnni,avx512_bf16,amx_bf16,amx_int8,amx_tile,fma",True,True,,256,128,sh14l07002s1404,3.11.9,2.1.2+cu121
20260424_010536,2026-04-24T06:14:13.342248,cpu,full_mlp_capacity_search_hd256_depth3,/home/liangyi/SRS_AI/Model_AIIC_refactor/experiments_refactored/20260422_050408_full_mlp_capacity_search_v2/full_mlp_capacity_search_hd256_depth3,full_mlp_capacity_search_v2,full_mlp_capacity_search_hd256_depth3,supervised_nmse_plateau,full_mlp,12,6,compile,bf16,bfloat16,32,4,ok,,500.732888,20,50,0.09706936,0.009679295694956323,0.089791,0.095083,0.100717,0.1023622,0.1336587799999999,0.161137,329661.18247817847,329.6611824781785,95.083,2.97134375,82415.29561954462,43408,43008,86488,sub-physical,0.03125,0.015625,Intel(R) Xeon(R) 6760P,AVX512,"avx2,avx512f,avx512bw,avx512vl,avx512_vnni,avx512_bf16,amx_bf16,amx_int8,amx_tile,fma",True,True,,256,128,sh14l07002s1404,3.11.9,2.1.2+cu121
20260424_010536,2026-04-24T06:14:13.342248,cpu,full_mlp_capacity_search_hd256_depth3,/home/liangyi/SRS_AI/Model_AIIC_refactor/experiments_refactored/20260422_050408_full_mlp_capacity_search_v2/full_mlp_capacity_search_hd256_depth3,full_mlp_capacity_search_v2,full_mlp_capacity_search_hd256_depth3,supervised_nmse_plateau,full_mlp,12,6,compile,bf16,bfloat16,32,8,ok,,513.651629,20,50,0.0935323,0.004087803430939408,0.08481,0.09266949999999999,0.0980804,0.09900975000000001,0.10464870999999998,0.107207,342127.79970127967,342.1277997012797,92.66949999999999,2.8959218749999995,42765.97496265996,43408,43008,86488,sub-physical,0.0625,0.03125,Intel(R) Xeon(R) 6760P,AVX512,"avx2,avx512f,avx512bw,avx512vl,avx512_vnni,avx512_bf16,amx_bf16,amx_int8,amx_tile,fma",True,True,,256,128,sh14l07002s1404,3.11.9,2.1.2+cu121
20260424_010536,2026-04-24T06:14:13.342248,cpu,full_mlp_capacity_search_hd256_depth3,/home/liangyi/SRS_AI/Model_AIIC_refactor/experiments_refactored/20260422_050408_full_mlp_capacity_search_v2/full_mlp_capacity_search_hd256_depth3,full_mlp_capacity_search_v2,full_mlp_capacity_search_hd256_depth3,supervised_nmse_plateau,full_mlp,12,6,compile,bf16,bfloat16,32,128,ok,,660.499155,20,50,0.29228968,0.02266512768765268,0.251643,0.286985,0.3243534,0.33420194999999997,0.35269537,0.362146,109480.4305098969,109.4804305098969,286.985,8.96828125,855.3158633585696,43408,43008,86488,all-physical,1.0,0.5,Intel(R) Xeon(R) 6760P,AVX512,"avx2,avx512f,avx512bw,avx512vl,avx512_vnni,avx512_bf16,amx_bf16,amx_int8,amx_tile,fma",True,True,,256,128,sh14l07002s1404,3.11.9,2.1.2+cu121
20260424_010536,2026-04-24T06:14:13.342248,cpu,full_mlp_capacity_search_hd256_depth3,/home/liangyi/SRS_AI/Model_AIIC_refactor/experiments_refactored/20260422_050408_full_mlp_capacity_search_v2/full_mlp_capacity_search_hd256_depth3,full_mlp_capacity_search_v2,full_mlp_capacity_search_hd256_depth3,supervised_nmse_plateau,full_mlp,12,6,compile,bf16,bfloat16,64,1,ok,,496.870463,20,50,0.07412456,0.004311692772728595,0.068478,0.073267,0.0804604,0.08268945,0.08437976999999999,0.085324,863411.533235408,863.411533235408,73.267,1.144796875,863411.533235408,43408,43008,86488,single-thread,0.0078125,0.00390625,Intel(R) Xeon(R) 6760P,AVX512,"avx2,avx512f,avx512bw,avx512vl,avx512_vnni,avx512_bf16,amx_bf16,amx_int8,amx_tile,fma",True,True,,256,128,sh14l07002s1404,3.11.9,2.1.2+cu121
20260424_010536,2026-04-24T06:14:13.342248,cpu,full_mlp_capacity_search_hd256_depth3,/home/liangyi/SRS_AI/Model_AIIC_refactor/experiments_refactored/20260422_050408_full_mlp_capacity_search_v2/full_mlp_capacity_search_hd256_depth3,full_mlp_capacity_search_v2,full_mlp_capacity_search_hd256_depth3,supervised_nmse_plateau,full_mlp,12,6,compile,bf16,bfloat16,64,2,ok,,499.378947,20,50,0.12079556,0.005175748251837601,0.111899,0.119649,0.1274556,0.1284632,0.13191419,0.133369,529820.7980491999,529.8207980491999,119.649,1.869515625,264910.39902459993,43408,43008,86488,sub-physical,0.015625,0.0078125,Intel(R) Xeon(R) 6760P,AVX512,"avx2,avx512f,avx512bw,avx512vl,avx512_vnni,avx512_bf16,amx_bf16,amx_int8,amx_tile,fma",True,True,,256,128,sh14l07002s1404,3.11.9,2.1.2+cu121
20260424_010536,2026-04-24T06:14:13.342248,cpu,full_mlp_capacity_search_hd256_depth3,/home/liangyi/SRS_AI/Model_AIIC_refactor/experiments_refactored/20260422_050408_full_mlp_capacity_search_v2/full_mlp_capacity_search_hd256_depth3,full_mlp_capacity_search_v2,full_mlp_capacity_search_hd256_depth3,supervised_nmse_plateau,full_mlp,12,6,compile,bf16,bfloat16,64,4,ok,,503.985045,20,50,0.11820918,0.004895591672882859,0.10958,0.11757200000000001,0.12358730000000001,0.12657055,0.13208715999999998,0.135427,541413.1119089059,541.4131119089059,117.572,1.8370625,135353.27797722648,43408,43008,86488,sub-physical,0.03125,0.015625,Intel(R) Xeon(R) 6760P,AVX512,"avx2,avx512f,avx512bw,avx512vl,avx512_vnni,avx512_bf16,amx_bf16,amx_int8,amx_tile,fma",True,True,,256,128,sh14l07002s1404,3.11.9,2.1.2+cu121
20260424_010536,2026-04-24T06:14:13.342248,cpu,full_mlp_capacity_search_hd256_depth3,/home/liangyi/SRS_AI/Model_AIIC_refactor/experiments_refactored/20260422_050408_full_mlp_capacity_search_v2/full_mlp_capacity_search_hd256_depth3,full_mlp_capacity_search_v2,full_mlp_capacity_search_hd256_depth3,supervised_nmse_plateau,full_mlp,12,6,compile,bf16,bfloat16,64,8,ok,,507.733905,20,50,0.11414582,0.004832595409052986,0.108153,0.1132495,0.12106610000000001,0.12214414999999999,0.12599527,0.12814,560686.3221097365,560.6863221097365,113.2495,1.7695234375,70085.79026371706,43408,43008,86488,sub-physical,0.0625,0.03125,Intel(R) Xeon(R) 6760P,AVX512,"avx2,avx512f,avx512bw,avx512vl,avx512_vnni,avx512_bf16,amx_bf16,amx_int8,amx_tile,fma",True,True,,256,128,sh14l07002s1404,3.11.9,2.1.2+cu121
20260424_010536,2026-04-24T06:14:13.342248,cpu,full_mlp_capacity_search_hd256_depth3,/home/liangyi/SRS_AI/Model_AIIC_refactor/experiments_refactored/20260422_050408_full_mlp_capacity_search_v2/full_mlp_capacity_search_hd256_depth3,full_mlp_capacity_search_v2,full_mlp_capacity_search_hd256_depth3,supervised_nmse_plateau,full_mlp,12,6,compile,bf16,bfloat16,64,128,ok,,651.033251,20,50,0.31901696,0.02569781377702002,0.274577,0.3147915,0.3488319,0.36698329999999996,0.39529476999999996,0.412213,200616.29325287283,200.61629325287282,314.7915,4.9186171875,1567.314791038069,43408,43008,86488,all-physical,1.0,0.5,Intel(R) Xeon(R) 6760P,AVX512,"avx2,avx512f,avx512bw,avx512vl,avx512_vnni,avx512_bf16,amx_bf16,amx_int8,amx_tile,fma",True,True,,256,128,sh14l07002s1404,3.11.9,2.1.2+cu121
20260424_010536,2026-04-24T06:14:13.342248,cpu,full_mlp_capacity_search_hd256_depth3,/home/liangyi/SRS_AI/Model_AIIC_refactor/experiments_refactored/20260422_050408_full_mlp_capacity_search_v2/full_mlp_capacity_search_hd256_depth3,full_mlp_capacity_search_v2,full_mlp_capacity_search_hd256_depth3,supervised_nmse_plateau,full_mlp,12,6,compile,bf16,bfloat16,128,1,ok,,496.103018,20,50,0.08872654,0.003539893491109584,0.084227,0.0872595,0.0946667,0.09644625,0.0976543,0.098551,1442634.8643821792,1442.6348643821793,87.2595,0.68171484375,1442634.8643821792,43408,43008,86488,single-thread,0.0078125,0.00390625,Intel(R) Xeon(R) 6760P,AVX512,"avx2,avx512f,avx512bw,avx512vl,avx512_vnni,avx512_bf16,amx_bf16,amx_int8,amx_tile,fma",True,True,,256,128,sh14l07002s1404,3.11.9,2.1.2+cu121
20260424_010536,2026-04-24T06:14:13.342248,cpu,full_mlp_capacity_search_hd256_depth3,/home/liangyi/SRS_AI/Model_AIIC_refactor/experiments_refactored/20260422_050408_full_mlp_capacity_search_v2/full_mlp_capacity_search_hd256_depth3,full_mlp_capacity_search_v2,full_mlp_capacity_search_hd256_depth3,supervised_nmse_plateau,full_mlp,12,6,compile,bf16,bfloat16,128,2,ok,,504.813442,20,50,0.1618265,0.009823241522532163,0.13155,0.16483199999999998,0.1686948,0.1715811,0.18004573999999998,0.185178,790970.5765124995,790.9705765124995,164.83199999999997,1.2877499999999997,395485.28825624974,43408,43008,86488,sub-physical,0.015625,0.0078125,Intel(R) Xeon(R) 6760P,AVX512,"avx2,avx512f,avx512bw,avx512vl,avx512_vnni,avx512_bf16,amx_bf16,amx_int8,amx_tile,fma",True,True,,256,128,sh14l07002s1404,3.11.9,2.1.2+cu121
20260424_010536,2026-04-24T06:14:13.342248,cpu,full_mlp_capacity_search_hd256_depth3,/home/liangyi/SRS_AI/Model_AIIC_refactor/experiments_refactored/20260422_050408_full_mlp_capacity_search_v2/full_mlp_capacity_search_hd256_depth3,full_mlp_capacity_search_v2,full_mlp_capacity_search_hd256_depth3,supervised_nmse_plateau,full_mlp,12,6,compile,bf16,bfloat16,128,4,ok,,516.405118,20,50,0.1493474,0.01316050097982596,0.118379,0.153149,0.1639366,0.16608395,0.1667153,0.166877,857062.124951623,857.062124951623,153.149,1.1964765625,214265.53123790576,43408,43008,86488,sub-physical,0.03125,0.015625,Intel(R) Xeon(R) 6760P,AVX512,"avx2,avx512f,avx512bw,avx512vl,avx512_vnni,avx512_bf16,amx_bf16,amx_int8,amx_tile,fma",True,True,,256,128,sh14l07002s1404,3.11.9,2.1.2+cu121
20260424_010536,2026-04-24T06:14:13.342248,cpu,full_mlp_capacity_search_hd256_depth3,/home/liangyi/SRS_AI/Model_AIIC_refactor/experiments_refactored/20260422_050408_full_mlp_capacity_search_v2/full_mlp_capacity_search_hd256_depth3,full_mlp_capacity_search_v2,full_mlp_capacity_search_hd256_depth3,supervised_nmse_plateau,full_mlp,12,6,compile,bf16,bfloat16,128,8,ok,,503.205803,20,50,0.12645712,0.006033094548040832,0.112325,0.12603150000000002,0.1339326,0.13666395,0.1392032,0.14083,1012200.8155808072,1012.2008155808072,126.03150000000002,0.9846210937500002,126525.1019476009,43408,43008,86488,sub-physical,0.0625,0.03125,Intel(R) Xeon(R) 6760P,AVX512,"avx2,avx512f,avx512bw,avx512vl,avx512_vnni,avx512_bf16,amx_bf16,amx_int8,amx_tile,fma",True,True,,256,128,sh14l07002s1404,3.11.9,2.1.2+cu121
20260424_010536,2026-04-24T06:14:13.342248,cpu,full_mlp_capacity_search_hd256_depth3,/home/liangyi/SRS_AI/Model_AIIC_refactor/experiments_refactored/20260422_050408_full_mlp_capacity_search_v2/full_mlp_capacity_search_hd256_depth3,full_mlp_capacity_search_v2,full_mlp_capacity_search_hd256_depth3,supervised_nmse_plateau,full_mlp,12,6,compile,bf16,bfloat16,128,128,ok,,545.840678,20,50,8.09361402,5.529844958031888,0.186204,11.9950735,12.0068253,12.98965265,13.00431098,13.008671,15814.937515391917,15.814937515391918,11995.0735,93.71151171875,123.55419933899935,43408,43008,86488,all-physical,1.0,0.5,Intel(R) Xeon(R) 6760P,AVX512,"avx2,avx512f,avx512bw,avx512vl,avx512_vnni,avx512_bf16,amx_bf16,amx_int8,amx_tile,fma",True,True,,256,128,sh14l07002s1404,3.11.9,2.1.2+cu121
