benchmark_id,timestamp,device,runtime_backend,run_name,run_dir,experiment_name,model_label,training_label,model_type,seq_len,num_ports,execution_mode,requested_precision_profile,effective_execution_dtype,batch_size,num_threads,status,skip_reason,graph_prep_time_ms,warmup_iters,measure_iters,mean_latency_ms,std_latency_ms,min_latency_ms,p50_latency_ms,p90_latency_ms,p95_latency_ms,p99_latency_ms,max_latency_ms,throughput_samples_per_sec,samples_per_ms,p50_latency_us,latency_per_sample_us,throughput_per_thread,trainable_parameters,macs_per_sample,flops_per_sample_estimate,thread_group,threads_per_physical_core_ratio,threads_per_logical_cpu_ratio,cpu_model_name,cpu_capability,cpu_flag_summary,mkldnn_available,mkldnn_enabled,onednn_version,onnxruntime_version,onnxruntime_providers,openvino_version,openvino_device,logical_cpu_count,physical_cpu_count,hostname,python_version,pytorch_version
20260427_080229,2026-04-27T12:13:31.706311,cpu,pytorch,full_mlp_capacity_search_hd512_depth5,/home/liangyi/SRS_AI/Model_AIIC_refactor/experiments_refactored/20260425_135159_full_mlp_capacity_search_v2/full_mlp_capacity_search_hd512_depth5,full_mlp_capacity_search_v2,full_mlp_capacity_search_hd512_depth5,supervised_nmse_plateau,full_mlp,12,6,eager,fp32,float32,1,1,ok,,0.0,20,50,0.15797682,0.013127773308051904,0.138228,0.1574625,0.1755892,0.18054969999999998,0.19093495,0.194681,6330.042597388655,6.330042597388655,157.4625,157.4625,6330.042597388655,611984,610304,1222360,single-thread,0.0078125,0.00390625,Intel(R) Xeon(R) 6760P,AVX512,"avx2,avx512f,avx512bw,avx512vl,avx512_vnni,avx512_bf16,amx_bf16,amx_int8,amx_tile,fma",True,True,,,,,,256,128,sh14l07002s1404,3.11.9,2.1.2+cu121
20260427_080229,2026-04-27T12:13:31.706311,cpu,pytorch,full_mlp_capacity_search_hd512_depth5,/home/liangyi/SRS_AI/Model_AIIC_refactor/experiments_refactored/20260425_135159_full_mlp_capacity_search_v2/full_mlp_capacity_search_hd512_depth5,full_mlp_capacity_search_v2,full_mlp_capacity_search_hd512_depth5,supervised_nmse_plateau,full_mlp,12,6,eager,fp32,float32,1,2,ok,,0.0,20,50,0.1021793,0.01758629577625715,0.089455,0.092477,0.1327888,0.1379941,0.14557214000000002,0.146314,9786.718053460925,9.786718053460925,92.477,92.477,4893.359026730463,611984,610304,1222360,sub-physical,0.015625,0.0078125,Intel(R) Xeon(R) 6760P,AVX512,"avx2,avx512f,avx512bw,avx512vl,avx512_vnni,avx512_bf16,amx_bf16,amx_int8,amx_tile,fma",True,True,,,,,,256,128,sh14l07002s1404,3.11.9,2.1.2+cu121
20260427_080229,2026-04-27T12:13:31.706311,cpu,pytorch,full_mlp_capacity_search_hd512_depth5,/home/liangyi/SRS_AI/Model_AIIC_refactor/experiments_refactored/20260425_135159_full_mlp_capacity_search_v2/full_mlp_capacity_search_hd512_depth5,full_mlp_capacity_search_v2,full_mlp_capacity_search_hd512_depth5,supervised_nmse_plateau,full_mlp,12,6,eager,fp32,float32,1,4,ok,,0.0,20,50,0.08906514,0.004083575766457627,0.08396,0.0882095,0.0952657,0.09567935,0.09885781999999999,0.101593,11227.737361665855,11.227737361665856,88.20949999999999,88.20949999999999,2806.934340416464,611984,610304,1222360,sub-physical,0.03125,0.015625,Intel(R) Xeon(R) 6760P,AVX512,"avx2,avx512f,avx512bw,avx512vl,avx512_vnni,avx512_bf16,amx_bf16,amx_int8,amx_tile,fma",True,True,,,,,,256,128,sh14l07002s1404,3.11.9,2.1.2+cu121
20260427_080229,2026-04-27T12:13:31.706311,cpu,pytorch,full_mlp_capacity_search_hd512_depth5,/home/liangyi/SRS_AI/Model_AIIC_refactor/experiments_refactored/20260425_135159_full_mlp_capacity_search_v2/full_mlp_capacity_search_hd512_depth5,full_mlp_capacity_search_v2,full_mlp_capacity_search_hd512_depth5,supervised_nmse_plateau,full_mlp,12,6,eager,fp32,float32,1,8,ok,,0.0,20,50,0.08064216,0.004664318026721592,0.075581,0.078946,0.0871182,0.08891569999999999,0.09378047999999999,0.095715,12400.461495575018,12.40046149557502,78.946,78.946,1550.0576869468773,611984,610304,1222360,sub-physical,0.0625,0.03125,Intel(R) Xeon(R) 6760P,AVX512,"avx2,avx512f,avx512bw,avx512vl,avx512_vnni,avx512_bf16,amx_bf16,amx_int8,amx_tile,fma",True,True,,,,,,256,128,sh14l07002s1404,3.11.9,2.1.2+cu121
20260427_080229,2026-04-27T12:13:31.706311,cpu,pytorch,full_mlp_capacity_search_hd512_depth5,/home/liangyi/SRS_AI/Model_AIIC_refactor/experiments_refactored/20260425_135159_full_mlp_capacity_search_v2/full_mlp_capacity_search_hd512_depth5,full_mlp_capacity_search_v2,full_mlp_capacity_search_hd512_depth5,supervised_nmse_plateau,full_mlp,12,6,eager,fp32,float32,2,1,ok,,0.0,20,50,0.17141858,0.017634011872617077,0.146926,0.16739700000000002,0.1995904,0.2016744,0.21170130999999998,0.215808,11667.346678522246,11.667346678522247,167.39700000000002,83.69850000000001,11667.346678522246,611984,610304,1222360,single-thread,0.0078125,0.00390625,Intel(R) Xeon(R) 6760P,AVX512,"avx2,avx512f,avx512bw,avx512vl,avx512_vnni,avx512_bf16,amx_bf16,amx_int8,amx_tile,fma",True,True,,,,,,256,128,sh14l07002s1404,3.11.9,2.1.2+cu121
20260427_080229,2026-04-27T12:13:31.706311,cpu,pytorch,full_mlp_capacity_search_hd512_depth5,/home/liangyi/SRS_AI/Model_AIIC_refactor/experiments_refactored/20260425_135159_full_mlp_capacity_search_v2/full_mlp_capacity_search_hd512_depth5,full_mlp_capacity_search_v2,full_mlp_capacity_search_hd512_depth5,supervised_nmse_plateau,full_mlp,12,6,eager,fp32,float32,2,2,ok,,0.0,20,50,0.1251697,0.02179172657432173,0.113765,0.119209,0.1332216,0.14391075,0.20928219999999975,0.266279,15978.30784926384,15.978307849263839,119.20899999999999,59.604499999999994,7989.15392463192,611984,610304,1222360,sub-physical,0.015625,0.0078125,Intel(R) Xeon(R) 6760P,AVX512,"avx2,avx512f,avx512bw,avx512vl,avx512_vnni,avx512_bf16,amx_bf16,amx_int8,amx_tile,fma",True,True,,,,,,256,128,sh14l07002s1404,3.11.9,2.1.2+cu121
20260427_080229,2026-04-27T12:13:31.706311,cpu,pytorch,full_mlp_capacity_search_hd512_depth5,/home/liangyi/SRS_AI/Model_AIIC_refactor/experiments_refactored/20260425_135159_full_mlp_capacity_search_v2/full_mlp_capacity_search_hd512_depth5,full_mlp_capacity_search_v2,full_mlp_capacity_search_hd512_depth5,supervised_nmse_plateau,full_mlp,12,6,eager,fp32,float32,2,4,ok,,0.0,20,50,0.09034236,0.0043031429154049726,0.07558,0.0894885,0.0956217,0.09669905,0.09935338999999999,0.101847,22138.009235091933,22.138009235091932,89.4885,44.74425,5534.502308772983,611984,610304,1222360,sub-physical,0.03125,0.015625,Intel(R) Xeon(R) 6760P,AVX512,"avx2,avx512f,avx512bw,avx512vl,avx512_vnni,avx512_bf16,amx_bf16,amx_int8,amx_tile,fma",True,True,,,,,,256,128,sh14l07002s1404,3.11.9,2.1.2+cu121
20260427_080229,2026-04-27T12:13:31.706311,cpu,pytorch,full_mlp_capacity_search_hd512_depth5,/home/liangyi/SRS_AI/Model_AIIC_refactor/experiments_refactored/20260425_135159_full_mlp_capacity_search_v2/full_mlp_capacity_search_hd512_depth5,full_mlp_capacity_search_v2,full_mlp_capacity_search_hd512_depth5,supervised_nmse_plateau,full_mlp,12,6,eager,fp32,float32,2,8,ok,,0.0,20,50,0.07740948,0.004239452338404101,0.073182,0.0755855,0.0837244,0.0853994,0.08934924999999999,0.091395,25836.62879533618,25.83662879533618,75.5855,37.79275,3229.5785994170224,611984,610304,1222360,sub-physical,0.0625,0.03125,Intel(R) Xeon(R) 6760P,AVX512,"avx2,avx512f,avx512bw,avx512vl,avx512_vnni,avx512_bf16,amx_bf16,amx_int8,amx_tile,fma",True,True,,,,,,256,128,sh14l07002s1404,3.11.9,2.1.2+cu121
20260427_080229,2026-04-27T12:13:31.706311,cpu,pytorch,full_mlp_capacity_search_hd512_depth5,/home/liangyi/SRS_AI/Model_AIIC_refactor/experiments_refactored/20260425_135159_full_mlp_capacity_search_v2/full_mlp_capacity_search_hd512_depth5,full_mlp_capacity_search_v2,full_mlp_capacity_search_hd512_depth5,supervised_nmse_plateau,full_mlp,12,6,eager,fp32,float32,4,1,ok,,0.0,20,50,0.1969847,0.019997098722814768,0.176812,0.19064550000000002,0.2298545,0.23708375,0.24804891999999998,0.253435,20306.14560420175,20.30614560420175,190.64550000000003,47.66137500000001,20306.14560420175,611984,610304,1222360,single-thread,0.0078125,0.00390625,Intel(R) Xeon(R) 6760P,AVX512,"avx2,avx512f,avx512bw,avx512vl,avx512_vnni,avx512_bf16,amx_bf16,amx_int8,amx_tile,fma",True,True,,,,,,256,128,sh14l07002s1404,3.11.9,2.1.2+cu121
20260427_080229,2026-04-27T12:13:31.706311,cpu,pytorch,full_mlp_capacity_search_hd512_depth5,/home/liangyi/SRS_AI/Model_AIIC_refactor/experiments_refactored/20260425_135159_full_mlp_capacity_search_v2/full_mlp_capacity_search_hd512_depth5,full_mlp_capacity_search_v2,full_mlp_capacity_search_hd512_depth5,supervised_nmse_plateau,full_mlp,12,6,eager,fp32,float32,4,2,ok,,0.0,20,50,0.1289816,0.006111049206151101,0.122813,0.12633850000000002,0.1375883,0.1400259,0.14737298000000001,0.148009,31012.175380054206,31.012175380054206,126.33850000000002,31.584625000000006,15506.087690027103,611984,610304,1222360,sub-physical,0.015625,0.0078125,Intel(R) Xeon(R) 6760P,AVX512,"avx2,avx512f,avx512bw,avx512vl,avx512_vnni,avx512_bf16,amx_bf16,amx_int8,amx_tile,fma",True,True,,,,,,256,128,sh14l07002s1404,3.11.9,2.1.2+cu121
20260427_080229,2026-04-27T12:13:31.706311,cpu,pytorch,full_mlp_capacity_search_hd512_depth5,/home/liangyi/SRS_AI/Model_AIIC_refactor/experiments_refactored/20260425_135159_full_mlp_capacity_search_v2/full_mlp_capacity_search_hd512_depth5,full_mlp_capacity_search_v2,full_mlp_capacity_search_hd512_depth5,supervised_nmse_plateau,full_mlp,12,6,eager,fp32,float32,4,4,ok,,0.0,20,50,0.1189467,0.015535395769982816,0.091261,0.1251995,0.133023,0.1337743,0.1409973,0.147235,33628.50755842743,33.62850755842743,125.19949999999999,31.299874999999997,8407.126889606858,611984,610304,1222360,sub-physical,0.03125,0.015625,Intel(R) Xeon(R) 6760P,AVX512,"avx2,avx512f,avx512bw,avx512vl,avx512_vnni,avx512_bf16,amx_bf16,amx_int8,amx_tile,fma",True,True,,,,,,256,128,sh14l07002s1404,3.11.9,2.1.2+cu121
20260427_080229,2026-04-27T12:13:31.706311,cpu,pytorch,full_mlp_capacity_search_hd512_depth5,/home/liangyi/SRS_AI/Model_AIIC_refactor/experiments_refactored/20260425_135159_full_mlp_capacity_search_v2/full_mlp_capacity_search_hd512_depth5,full_mlp_capacity_search_v2,full_mlp_capacity_search_hd512_depth5,supervised_nmse_plateau,full_mlp,12,6,eager,fp32,float32,4,8,ok,,0.0,20,50,0.1004787,0.00397827687447719,0.096248,0.099441,0.1061219,0.10804335,0.11249150999999999,0.115089,39809.43224782964,39.80943224782964,99.441,24.86025,4976.179030978705,611984,610304,1222360,sub-physical,0.0625,0.03125,Intel(R) Xeon(R) 6760P,AVX512,"avx2,avx512f,avx512bw,avx512vl,avx512_vnni,avx512_bf16,amx_bf16,amx_int8,amx_tile,fma",True,True,,,,,,256,128,sh14l07002s1404,3.11.9,2.1.2+cu121
20260427_080229,2026-04-27T12:13:31.706311,cpu,pytorch,full_mlp_capacity_search_hd512_depth5,/home/liangyi/SRS_AI/Model_AIIC_refactor/experiments_refactored/20260425_135159_full_mlp_capacity_search_v2/full_mlp_capacity_search_hd512_depth5,full_mlp_capacity_search_v2,full_mlp_capacity_search_hd512_depth5,supervised_nmse_plateau,full_mlp,12,6,eager,fp32,float32,8,1,ok,,0.0,20,50,0.24681592,0.010226711938526478,0.236773,0.24466,0.258763,0.26411615,0.27997058999999996,0.292323,32412.820048236757,32.41282004823676,244.66,30.5825,32412.820048236757,611984,610304,1222360,single-thread,0.0078125,0.00390625,Intel(R) Xeon(R) 6760P,AVX512,"avx2,avx512f,avx512bw,avx512vl,avx512_vnni,avx512_bf16,amx_bf16,amx_int8,amx_tile,fma",True,True,,,,,,256,128,sh14l07002s1404,3.11.9,2.1.2+cu121
20260427_080229,2026-04-27T12:13:31.706311,cpu,pytorch,full_mlp_capacity_search_hd512_depth5,/home/liangyi/SRS_AI/Model_AIIC_refactor/experiments_refactored/20260425_135159_full_mlp_capacity_search_v2/full_mlp_capacity_search_hd512_depth5,full_mlp_capacity_search_v2,full_mlp_capacity_search_hd512_depth5,supervised_nmse_plateau,full_mlp,12,6,eager,fp32,float32,8,2,ok,,0.0,20,50,0.16845888,0.010832078998308682,0.151632,0.165543,0.180868,0.18912879999999999,0.2033272,0.204219,47489.333895607044,47.48933389560705,165.543,20.692875,23744.666947803522,611984,610304,1222360,sub-physical,0.015625,0.0078125,Intel(R) Xeon(R) 6760P,AVX512,"avx2,avx512f,avx512bw,avx512vl,avx512_vnni,avx512_bf16,amx_bf16,amx_int8,amx_tile,fma",True,True,,,,,,256,128,sh14l07002s1404,3.11.9,2.1.2+cu121
20260427_080229,2026-04-27T12:13:31.706311,cpu,pytorch,full_mlp_capacity_search_hd512_depth5,/home/liangyi/SRS_AI/Model_AIIC_refactor/experiments_refactored/20260425_135159_full_mlp_capacity_search_v2/full_mlp_capacity_search_hd512_depth5,full_mlp_capacity_search_v2,full_mlp_capacity_search_hd512_depth5,supervised_nmse_plateau,full_mlp,12,6,eager,fp32,float32,8,4,ok,,0.0,20,50,0.13639386,0.02086320911366226,0.119177,0.12448100000000001,0.1716489,0.17276785,0.17783025,0.179876,58653.66666798637,58.65366666798637,124.48100000000001,15.560125000000001,14663.416666996593,611984,610304,1222360,sub-physical,0.03125,0.015625,Intel(R) Xeon(R) 6760P,AVX512,"avx2,avx512f,avx512bw,avx512vl,avx512_vnni,avx512_bf16,amx_bf16,amx_int8,amx_tile,fma",True,True,,,,,,256,128,sh14l07002s1404,3.11.9,2.1.2+cu121
20260427_080229,2026-04-27T12:13:31.706311,cpu,pytorch,full_mlp_capacity_search_hd512_depth5,/home/liangyi/SRS_AI/Model_AIIC_refactor/experiments_refactored/20260425_135159_full_mlp_capacity_search_v2/full_mlp_capacity_search_hd512_depth5,full_mlp_capacity_search_v2,full_mlp_capacity_search_hd512_depth5,supervised_nmse_plateau,full_mlp,12,6,eager,fp32,float32,8,8,ok,,0.0,20,50,0.1263055,0.004625340529085397,0.11987,0.124998,0.1314023,0.1329911,0.14400839999999998,0.145057,63338.492781391156,63.33849278139115,124.998,15.62475,7917.3115976738945,611984,610304,1222360,sub-physical,0.0625,0.03125,Intel(R) Xeon(R) 6760P,AVX512,"avx2,avx512f,avx512bw,avx512vl,avx512_vnni,avx512_bf16,amx_bf16,amx_int8,amx_tile,fma",True,True,,,,,,256,128,sh14l07002s1404,3.11.9,2.1.2+cu121
20260427_080229,2026-04-27T12:13:31.706311,cpu,pytorch,full_mlp_capacity_search_hd512_depth5,/home/liangyi/SRS_AI/Model_AIIC_refactor/experiments_refactored/20260425_135159_full_mlp_capacity_search_v2/full_mlp_capacity_search_hd512_depth5,full_mlp_capacity_search_v2,full_mlp_capacity_search_hd512_depth5,supervised_nmse_plateau,full_mlp,12,6,eager,fp32,float32,16,1,ok,,0.0,20,50,0.3118037,0.008644732114415112,0.301117,0.309284,0.3212974,0.3286692,0.33641677999999997,0.341502,51314.336552132,51.314336552132,309.284,19.33025,51314.336552132,611984,610304,1222360,single-thread,0.0078125,0.00390625,Intel(R) Xeon(R) 6760P,AVX512,"avx2,avx512f,avx512bw,avx512vl,avx512_vnni,avx512_bf16,amx_bf16,amx_int8,amx_tile,fma",True,True,,,,,,256,128,sh14l07002s1404,3.11.9,2.1.2+cu121
20260427_080229,2026-04-27T12:13:31.706311,cpu,pytorch,full_mlp_capacity_search_hd512_depth5,/home/liangyi/SRS_AI/Model_AIIC_refactor/experiments_refactored/20260425_135159_full_mlp_capacity_search_v2/full_mlp_capacity_search_hd512_depth5,full_mlp_capacity_search_v2,full_mlp_capacity_search_hd512_depth5,supervised_nmse_plateau,full_mlp,12,6,eager,fp32,float32,16,2,ok,,0.0,20,50,0.26998806,0.013365016442054983,0.255785,0.2652015,0.2920907,0.2974127,0.30528573,0.311471,59261.87995128378,59.26187995128378,265.20149999999995,16.575093749999997,29630.93997564189,611984,610304,1222360,sub-physical,0.015625,0.0078125,Intel(R) Xeon(R) 6760P,AVX512,"avx2,avx512f,avx512bw,avx512vl,avx512_vnni,avx512_bf16,amx_bf16,amx_int8,amx_tile,fma",True,True,,,,,,256,128,sh14l07002s1404,3.11.9,2.1.2+cu121
20260427_080229,2026-04-27T12:13:31.706311,cpu,pytorch,full_mlp_capacity_search_hd512_depth5,/home/liangyi/SRS_AI/Model_AIIC_refactor/experiments_refactored/20260425_135159_full_mlp_capacity_search_v2/full_mlp_capacity_search_hd512_depth5,full_mlp_capacity_search_v2,full_mlp_capacity_search_hd512_depth5,supervised_nmse_plateau,full_mlp,12,6,eager,fp32,float32,16,4,ok,,0.0,20,50,0.19405248,0.03453374129933796,0.175402,0.183525,0.1980272,0.3000180499999999,0.31972107,0.323179,82451.92228411612,82.45192228411612,183.525,11.4703125,20612.98057102903,611984,610304,1222360,sub-physical,0.03125,0.015625,Intel(R) Xeon(R) 6760P,AVX512,"avx2,avx512f,avx512bw,avx512vl,avx512_vnni,avx512_bf16,amx_bf16,amx_int8,amx_tile,fma",True,True,,,,,,256,128,sh14l07002s1404,3.11.9,2.1.2+cu121
20260427_080229,2026-04-27T12:13:31.706311,cpu,pytorch,full_mlp_capacity_search_hd512_depth5,/home/liangyi/SRS_AI/Model_AIIC_refactor/experiments_refactored/20260425_135159_full_mlp_capacity_search_v2/full_mlp_capacity_search_hd512_depth5,full_mlp_capacity_search_v2,full_mlp_capacity_search_hd512_depth5,supervised_nmse_plateau,full_mlp,12,6,eager,fp32,float32,16,8,ok,,0.0,20,50,0.16001762,0.019240784932938678,0.13827,0.1492995,0.1868364,0.18852335,0.19059188999999999,0.191885,99988.98871261803,99.98898871261802,149.2995,9.33121875,12498.623589077253,611984,610304,1222360,sub-physical,0.0625,0.03125,Intel(R) Xeon(R) 6760P,AVX512,"avx2,avx512f,avx512bw,avx512vl,avx512_vnni,avx512_bf16,amx_bf16,amx_int8,amx_tile,fma",True,True,,,,,,256,128,sh14l07002s1404,3.11.9,2.1.2+cu121
20260427_080229,2026-04-27T12:13:31.706311,cpu,pytorch,full_mlp_capacity_search_hd512_depth5,/home/liangyi/SRS_AI/Model_AIIC_refactor/experiments_refactored/20260425_135159_full_mlp_capacity_search_v2/full_mlp_capacity_search_hd512_depth5,full_mlp_capacity_search_v2,full_mlp_capacity_search_hd512_depth5,supervised_nmse_plateau,full_mlp,12,6,eager,fp32,float32,32,1,ok,,0.0,20,50,0.43387392,0.012650503245072902,0.415246,0.4300285,0.451008,0.4607059,0.46954829,0.473164,73754.14498294803,73.75414498294802,430.0285,13.438390625,73754.14498294803,611984,610304,1222360,single-thread,0.0078125,0.00390625,Intel(R) Xeon(R) 6760P,AVX512,"avx2,avx512f,avx512bw,avx512vl,avx512_vnni,avx512_bf16,amx_bf16,amx_int8,amx_tile,fma",True,True,,,,,,256,128,sh14l07002s1404,3.11.9,2.1.2+cu121
20260427_080229,2026-04-27T12:13:31.706311,cpu,pytorch,full_mlp_capacity_search_hd512_depth5,/home/liangyi/SRS_AI/Model_AIIC_refactor/experiments_refactored/20260425_135159_full_mlp_capacity_search_v2/full_mlp_capacity_search_hd512_depth5,full_mlp_capacity_search_v2,full_mlp_capacity_search_hd512_depth5,supervised_nmse_plateau,full_mlp,12,6,eager,fp32,float32,32,2,ok,,0.0,20,50,0.34286372,0.00490249767787808,0.332183,0.342148,0.3494784,0.35170635,0.35314488,0.353384,93331.54292323493,93.33154292323492,342.148,10.692125,46665.77146161746,611984,610304,1222360,sub-physical,0.015625,0.0078125,Intel(R) Xeon(R) 6760P,AVX512,"avx2,avx512f,avx512bw,avx512vl,avx512_vnni,avx512_bf16,amx_bf16,amx_int8,amx_tile,fma",True,True,,,,,,256,128,sh14l07002s1404,3.11.9,2.1.2+cu121
20260427_080229,2026-04-27T12:13:31.706311,cpu,pytorch,full_mlp_capacity_search_hd512_depth5,/home/liangyi/SRS_AI/Model_AIIC_refactor/experiments_refactored/20260425_135159_full_mlp_capacity_search_v2/full_mlp_capacity_search_hd512_depth5,full_mlp_capacity_search_v2,full_mlp_capacity_search_hd512_depth5,supervised_nmse_plateau,full_mlp,12,6,eager,fp32,float32,32,4,ok,,0.0,20,50,0.24211898,0.00847316672204672,0.231469,0.23978549999999998,0.2539412,0.25688475,0.27029225999999995,0.276773,132166.4249535497,132.1664249535497,239.78549999999998,7.4932968749999995,33041.60623838742,611984,610304,1222360,sub-physical,0.03125,0.015625,Intel(R) Xeon(R) 6760P,AVX512,"avx2,avx512f,avx512bw,avx512vl,avx512_vnni,avx512_bf16,amx_bf16,amx_int8,amx_tile,fma",True,True,,,,,,256,128,sh14l07002s1404,3.11.9,2.1.2+cu121
20260427_080229,2026-04-27T12:13:31.706311,cpu,pytorch,full_mlp_capacity_search_hd512_depth5,/home/liangyi/SRS_AI/Model_AIIC_refactor/experiments_refactored/20260425_135159_full_mlp_capacity_search_v2/full_mlp_capacity_search_hd512_depth5,full_mlp_capacity_search_v2,full_mlp_capacity_search_hd512_depth5,supervised_nmse_plateau,full_mlp,12,6,eager,fp32,float32,32,8,ok,,0.0,20,50,0.22431166,0.03435411348273158,0.195087,0.2075515,0.2858982,0.28918475,0.29602715,0.297529,142658.6562642352,142.65865626423522,207.5515,6.485984375,17832.3320330294,611984,610304,1222360,sub-physical,0.0625,0.03125,Intel(R) Xeon(R) 6760P,AVX512,"avx2,avx512f,avx512bw,avx512vl,avx512_vnni,avx512_bf16,amx_bf16,amx_int8,amx_tile,fma",True,True,,,,,,256,128,sh14l07002s1404,3.11.9,2.1.2+cu121
20260427_080229,2026-04-27T12:13:31.706311,cpu,pytorch,full_mlp_capacity_search_hd512_depth5,/home/liangyi/SRS_AI/Model_AIIC_refactor/experiments_refactored/20260425_135159_full_mlp_capacity_search_v2/full_mlp_capacity_search_hd512_depth5,full_mlp_capacity_search_v2,full_mlp_capacity_search_hd512_depth5,supervised_nmse_plateau,full_mlp,12,6,eager,fp32,float32,64,1,ok,,0.0,20,50,0.70490916,0.015188460454384439,0.679692,0.7042390000000001,0.7235131,0.7279928,0.73249162,0.732865,90791.84046920315,90.79184046920315,704.239,11.003734375,90791.84046920315,611984,610304,1222360,single-thread,0.0078125,0.00390625,Intel(R) Xeon(R) 6760P,AVX512,"avx2,avx512f,avx512bw,avx512vl,avx512_vnni,avx512_bf16,amx_bf16,amx_int8,amx_tile,fma",True,True,,,,,,256,128,sh14l07002s1404,3.11.9,2.1.2+cu121
20260427_080229,2026-04-27T12:13:31.706311,cpu,pytorch,full_mlp_capacity_search_hd512_depth5,/home/liangyi/SRS_AI/Model_AIIC_refactor/experiments_refactored/20260425_135159_full_mlp_capacity_search_v2/full_mlp_capacity_search_hd512_depth5,full_mlp_capacity_search_v2,full_mlp_capacity_search_hd512_depth5,supervised_nmse_plateau,full_mlp,12,6,eager,fp32,float32,64,2,ok,,0.0,20,50,0.51123444,0.00904743561272475,0.479866,0.511833,0.5222656,0.524133,0.52810002,0.529865,125187.18418109705,125.18718418109705,511.83299999999997,7.9973906249999995,62593.592090548525,611984,610304,1222360,sub-physical,0.015625,0.0078125,Intel(R) Xeon(R) 6760P,AVX512,"avx2,avx512f,avx512bw,avx512vl,avx512_vnni,avx512_bf16,amx_bf16,amx_int8,amx_tile,fma",True,True,,,,,,256,128,sh14l07002s1404,3.11.9,2.1.2+cu121
20260427_080229,2026-04-27T12:13:31.706311,cpu,pytorch,full_mlp_capacity_search_hd512_depth5,/home/liangyi/SRS_AI/Model_AIIC_refactor/experiments_refactored/20260425_135159_full_mlp_capacity_search_v2/full_mlp_capacity_search_hd512_depth5,full_mlp_capacity_search_v2,full_mlp_capacity_search_hd512_depth5,supervised_nmse_plateau,full_mlp,12,6,eager,fp32,float32,64,4,ok,,0.0,20,50,0.36418964,0.010850071955079378,0.351277,0.36092250000000003,0.384157,0.3871079,0.39338059999999997,0.395125,175732.6210597314,175.7326210597314,360.9225,5.6394140625,43933.15526493285,611984,610304,1222360,sub-physical,0.03125,0.015625,Intel(R) Xeon(R) 6760P,AVX512,"avx2,avx512f,avx512bw,avx512vl,avx512_vnni,avx512_bf16,amx_bf16,amx_int8,amx_tile,fma",True,True,,,,,,256,128,sh14l07002s1404,3.11.9,2.1.2+cu121
20260427_080229,2026-04-27T12:13:31.706311,cpu,pytorch,full_mlp_capacity_search_hd512_depth5,/home/liangyi/SRS_AI/Model_AIIC_refactor/experiments_refactored/20260425_135159_full_mlp_capacity_search_v2/full_mlp_capacity_search_hd512_depth5,full_mlp_capacity_search_v2,full_mlp_capacity_search_hd512_depth5,supervised_nmse_plateau,full_mlp,12,6,eager,fp32,float32,64,8,ok,,0.0,20,50,0.29955994,0.010259270064502642,0.286728,0.2963125,0.3173629,0.32045049999999997,0.32685133,0.330861,213646.72459207996,213.64672459207995,296.3125,4.6298828125,26705.840574009995,611984,610304,1222360,sub-physical,0.0625,0.03125,Intel(R) Xeon(R) 6760P,AVX512,"avx2,avx512f,avx512bw,avx512vl,avx512_vnni,avx512_bf16,amx_bf16,amx_int8,amx_tile,fma",True,True,,,,,,256,128,sh14l07002s1404,3.11.9,2.1.2+cu121
20260427_080229,2026-04-27T12:13:31.706311,cpu,pytorch,full_mlp_capacity_search_hd512_depth5,/home/liangyi/SRS_AI/Model_AIIC_refactor/experiments_refactored/20260425_135159_full_mlp_capacity_search_v2/full_mlp_capacity_search_hd512_depth5,full_mlp_capacity_search_v2,full_mlp_capacity_search_hd512_depth5,supervised_nmse_plateau,full_mlp,12,6,eager,fp32,float32,128,1,ok,,0.0,20,50,1.13507824,0.009918544805685957,1.124538,1.1313925,1.1539964,1.15573685,1.16105814,1.16278,112767.55688665126,112.76755688665126,1131.3925,8.83900390625,112767.55688665126,611984,610304,1222360,single-thread,0.0078125,0.00390625,Intel(R) Xeon(R) 6760P,AVX512,"avx2,avx512f,avx512bw,avx512vl,avx512_vnni,avx512_bf16,amx_bf16,amx_int8,amx_tile,fma",True,True,,,,,,256,128,sh14l07002s1404,3.11.9,2.1.2+cu121
20260427_080229,2026-04-27T12:13:31.706311,cpu,pytorch,full_mlp_capacity_search_hd512_depth5,/home/liangyi/SRS_AI/Model_AIIC_refactor/experiments_refactored/20260425_135159_full_mlp_capacity_search_v2/full_mlp_capacity_search_hd512_depth5,full_mlp_capacity_search_v2,full_mlp_capacity_search_hd512_depth5,supervised_nmse_plateau,full_mlp,12,6,eager,fp32,float32,128,2,ok,,0.0,20,50,0.7791539199999999,0.012381337932291488,0.758545,0.779738,0.7889925999999999,0.7950246,0.8188218799999999,0.839053,164280.76239416213,164.28076239416214,779.738,6.091703125,82140.38119708106,611984,610304,1222360,sub-physical,0.015625,0.0078125,Intel(R) Xeon(R) 6760P,AVX512,"avx2,avx512f,avx512bw,avx512vl,avx512_vnni,avx512_bf16,amx_bf16,amx_int8,amx_tile,fma",True,True,,,,,,256,128,sh14l07002s1404,3.11.9,2.1.2+cu121
20260427_080229,2026-04-27T12:13:31.706311,cpu,pytorch,full_mlp_capacity_search_hd512_depth5,/home/liangyi/SRS_AI/Model_AIIC_refactor/experiments_refactored/20260425_135159_full_mlp_capacity_search_v2/full_mlp_capacity_search_hd512_depth5,full_mlp_capacity_search_v2,full_mlp_capacity_search_hd512_depth5,supervised_nmse_plateau,full_mlp,12,6,eager,fp32,float32,128,4,ok,,0.0,20,50,0.54260766,0.00702620556377338,0.530379,0.5423355,0.5523475,0.5528773,0.55816266,0.560449,235897.88614484356,235.89788614484357,542.3355,4.23699609375,58974.47153621089,611984,610304,1222360,sub-physical,0.03125,0.015625,Intel(R) Xeon(R) 6760P,AVX512,"avx2,avx512f,avx512bw,avx512vl,avx512_vnni,avx512_bf16,amx_bf16,amx_int8,amx_tile,fma",True,True,,,,,,256,128,sh14l07002s1404,3.11.9,2.1.2+cu121
20260427_080229,2026-04-27T12:13:31.706311,cpu,pytorch,full_mlp_capacity_search_hd512_depth5,/home/liangyi/SRS_AI/Model_AIIC_refactor/experiments_refactored/20260425_135159_full_mlp_capacity_search_v2/full_mlp_capacity_search_hd512_depth5,full_mlp_capacity_search_v2,full_mlp_capacity_search_hd512_depth5,supervised_nmse_plateau,full_mlp,12,6,eager,fp32,float32,128,8,ok,,0.0,20,50,0.44730246,0.011927484724299591,0.421208,0.4494125,0.46223630000000004,0.46398185000000003,0.46844609,0.471954,286159.83913882344,286.15983913882343,449.41249999999997,3.5110351562499997,35769.97989235293,611984,610304,1222360,sub-physical,0.0625,0.03125,Intel(R) Xeon(R) 6760P,AVX512,"avx2,avx512f,avx512bw,avx512vl,avx512_vnni,avx512_bf16,amx_bf16,amx_int8,amx_tile,fma",True,True,,,,,,256,128,sh14l07002s1404,3.11.9,2.1.2+cu121
20260427_080229,2026-04-27T12:13:31.706311,cpu,pytorch,full_mlp_capacity_search_hd512_depth5,/home/liangyi/SRS_AI/Model_AIIC_refactor/experiments_refactored/20260425_135159_full_mlp_capacity_search_v2/full_mlp_capacity_search_hd512_depth5,full_mlp_capacity_search_v2,full_mlp_capacity_search_hd512_depth5,supervised_nmse_plateau,full_mlp,12,6,eager,bf16,bfloat16,1,1,ok,,0.0,20,50,0.19010506,0.008626723471654808,0.180156,0.18616500000000002,0.2058394,0.20889375,0.21465525,0.216211,5260.24925375474,5.26024925375474,186.16500000000002,186.16500000000002,5260.24925375474,611984,610304,1222360,single-thread,0.0078125,0.00390625,Intel(R) Xeon(R) 6760P,AVX512,"avx2,avx512f,avx512bw,avx512vl,avx512_vnni,avx512_bf16,amx_bf16,amx_int8,amx_tile,fma",True,True,,,,,,256,128,sh14l07002s1404,3.11.9,2.1.2+cu121
20260427_080229,2026-04-27T12:13:31.706311,cpu,pytorch,full_mlp_capacity_search_hd512_depth5,/home/liangyi/SRS_AI/Model_AIIC_refactor/experiments_refactored/20260425_135159_full_mlp_capacity_search_v2/full_mlp_capacity_search_hd512_depth5,full_mlp_capacity_search_v2,full_mlp_capacity_search_hd512_depth5,supervised_nmse_plateau,full_mlp,12,6,eager,bf16,bfloat16,1,2,ok,,0.0,20,50,0.15208912,0.010294687203873656,0.141544,0.149158,0.1674291,0.171516,0.17865484999999998,0.184405,6575.092287995355,6.575092287995355,149.15800000000002,149.15800000000002,3287.5461439976775,611984,610304,1222360,sub-physical,0.015625,0.0078125,Intel(R) Xeon(R) 6760P,AVX512,"avx2,avx512f,avx512bw,avx512vl,avx512_vnni,avx512_bf16,amx_bf16,amx_int8,amx_tile,fma",True,True,,,,,,256,128,sh14l07002s1404,3.11.9,2.1.2+cu121
20260427_080229,2026-04-27T12:13:31.706311,cpu,pytorch,full_mlp_capacity_search_hd512_depth5,/home/liangyi/SRS_AI/Model_AIIC_refactor/experiments_refactored/20260425_135159_full_mlp_capacity_search_v2/full_mlp_capacity_search_hd512_depth5,full_mlp_capacity_search_v2,full_mlp_capacity_search_hd512_depth5,supervised_nmse_plateau,full_mlp,12,6,eager,bf16,bfloat16,1,4,ok,,0.0,20,50,0.12988302,0.003150349615455402,0.125623,0.1288555,0.1335534,0.13438765,0.13940413999999998,0.140342,7699.2358200479175,7.699235820047917,128.8555,128.8555,1924.8089550119794,611984,610304,1222360,sub-physical,0.03125,0.015625,Intel(R) Xeon(R) 6760P,AVX512,"avx2,avx512f,avx512bw,avx512vl,avx512_vnni,avx512_bf16,amx_bf16,amx_int8,amx_tile,fma",True,True,,,,,,256,128,sh14l07002s1404,3.11.9,2.1.2+cu121
20260427_080229,2026-04-27T12:13:31.706311,cpu,pytorch,full_mlp_capacity_search_hd512_depth5,/home/liangyi/SRS_AI/Model_AIIC_refactor/experiments_refactored/20260425_135159_full_mlp_capacity_search_v2/full_mlp_capacity_search_hd512_depth5,full_mlp_capacity_search_v2,full_mlp_capacity_search_hd512_depth5,supervised_nmse_plateau,full_mlp,12,6,eager,bf16,bfloat16,1,8,ok,,0.0,20,50,0.1397347,0.0068624264841235265,0.129509,0.13791150000000002,0.1491948,0.15127055,0.15548981,0.157612,7156.4185560208025,7.156418556020802,137.91150000000002,137.91150000000002,894.5523195026003,611984,610304,1222360,sub-physical,0.0625,0.03125,Intel(R) Xeon(R) 6760P,AVX512,"avx2,avx512f,avx512bw,avx512vl,avx512_vnni,avx512_bf16,amx_bf16,amx_int8,amx_tile,fma",True,True,,,,,,256,128,sh14l07002s1404,3.11.9,2.1.2+cu121
20260427_080229,2026-04-27T12:13:31.706311,cpu,pytorch,full_mlp_capacity_search_hd512_depth5,/home/liangyi/SRS_AI/Model_AIIC_refactor/experiments_refactored/20260425_135159_full_mlp_capacity_search_v2/full_mlp_capacity_search_hd512_depth5,full_mlp_capacity_search_v2,full_mlp_capacity_search_hd512_depth5,supervised_nmse_plateau,full_mlp,12,6,eager,bf16,bfloat16,2,1,ok,,0.0,20,50,0.18783036,0.008940907306890055,0.178124,0.1847415,0.2003916,0.2060169,0.21036546,0.210976,10647.905908288734,10.647905908288735,184.7415,92.37075,10647.905908288734,611984,610304,1222360,single-thread,0.0078125,0.00390625,Intel(R) Xeon(R) 6760P,AVX512,"avx2,avx512f,avx512bw,avx512vl,avx512_vnni,avx512_bf16,amx_bf16,amx_int8,amx_tile,fma",True,True,,,,,,256,128,sh14l07002s1404,3.11.9,2.1.2+cu121
20260427_080229,2026-04-27T12:13:31.706311,cpu,pytorch,full_mlp_capacity_search_hd512_depth5,/home/liangyi/SRS_AI/Model_AIIC_refactor/experiments_refactored/20260425_135159_full_mlp_capacity_search_v2/full_mlp_capacity_search_hd512_depth5,full_mlp_capacity_search_v2,full_mlp_capacity_search_hd512_depth5,supervised_nmse_plateau,full_mlp,12,6,eager,bf16,bfloat16,2,2,ok,,0.0,20,50,0.15776152,0.014643502474804311,0.145908,0.15115800000000001,0.1766503,0.18241475,0.20514139999999992,0.226525,12677.362642043512,12.677362642043512,151.15800000000002,75.57900000000001,6338.681321021756,611984,610304,1222360,sub-physical,0.015625,0.0078125,Intel(R) Xeon(R) 6760P,AVX512,"avx2,avx512f,avx512bw,avx512vl,avx512_vnni,avx512_bf16,amx_bf16,amx_int8,amx_tile,fma",True,True,,,,,,256,128,sh14l07002s1404,3.11.9,2.1.2+cu121
20260427_080229,2026-04-27T12:13:31.706311,cpu,pytorch,full_mlp_capacity_search_hd512_depth5,/home/liangyi/SRS_AI/Model_AIIC_refactor/experiments_refactored/20260425_135159_full_mlp_capacity_search_v2/full_mlp_capacity_search_hd512_depth5,full_mlp_capacity_search_v2,full_mlp_capacity_search_hd512_depth5,supervised_nmse_plateau,full_mlp,12,6,eager,bf16,bfloat16,2,4,ok,,0.0,20,50,0.14602414,0.004948334746194927,0.138318,0.14476050000000001,0.1521827,0.1554778,0.16136433,0.165031,13696.365546135043,13.696365546135043,144.7605,72.38025,3424.0913865337607,611984,610304,1222360,sub-physical,0.03125,0.015625,Intel(R) Xeon(R) 6760P,AVX512,"avx2,avx512f,avx512bw,avx512vl,avx512_vnni,avx512_bf16,amx_bf16,amx_int8,amx_tile,fma",True,True,,,,,,256,128,sh14l07002s1404,3.11.9,2.1.2+cu121
20260427_080229,2026-04-27T12:13:31.706311,cpu,pytorch,full_mlp_capacity_search_hd512_depth5,/home/liangyi/SRS_AI/Model_AIIC_refactor/experiments_refactored/20260425_135159_full_mlp_capacity_search_v2/full_mlp_capacity_search_hd512_depth5,full_mlp_capacity_search_v2,full_mlp_capacity_search_hd512_depth5,supervised_nmse_plateau,full_mlp,12,6,eager,bf16,bfloat16,2,8,ok,,0.0,20,50,0.1383623,0.007168478564521204,0.127883,0.1360045,0.1488496,0.14995255,0.15736765,0.160805,14454.80452406472,14.45480452406472,136.0045,68.00225,1806.85056550809,611984,610304,1222360,sub-physical,0.0625,0.03125,Intel(R) Xeon(R) 6760P,AVX512,"avx2,avx512f,avx512bw,avx512vl,avx512_vnni,avx512_bf16,amx_bf16,amx_int8,amx_tile,fma",True,True,,,,,,256,128,sh14l07002s1404,3.11.9,2.1.2+cu121
20260427_080229,2026-04-27T12:13:31.706311,cpu,pytorch,full_mlp_capacity_search_hd512_depth5,/home/liangyi/SRS_AI/Model_AIIC_refactor/experiments_refactored/20260425_135159_full_mlp_capacity_search_v2/full_mlp_capacity_search_hd512_depth5,full_mlp_capacity_search_v2,full_mlp_capacity_search_hd512_depth5,supervised_nmse_plateau,full_mlp,12,6,eager,bf16,bfloat16,4,1,ok,,0.0,20,50,0.19241008,0.008629295080920573,0.182802,0.188606,0.2021673,0.20825799999999997,0.22120679999999998,0.227469,20788.931640171864,20.788931640171864,188.606,47.1515,20788.931640171864,611984,610304,1222360,single-thread,0.0078125,0.00390625,Intel(R) Xeon(R) 6760P,AVX512,"avx2,avx512f,avx512bw,avx512vl,avx512_vnni,avx512_bf16,amx_bf16,amx_int8,amx_tile,fma",True,True,,,,,,256,128,sh14l07002s1404,3.11.9,2.1.2+cu121
20260427_080229,2026-04-27T12:13:31.706311,cpu,pytorch,full_mlp_capacity_search_hd512_depth5,/home/liangyi/SRS_AI/Model_AIIC_refactor/experiments_refactored/20260425_135159_full_mlp_capacity_search_v2/full_mlp_capacity_search_hd512_depth5,full_mlp_capacity_search_v2,full_mlp_capacity_search_hd512_depth5,supervised_nmse_plateau,full_mlp,12,6,eager,bf16,bfloat16,4,2,ok,,0.0,20,50,0.16945892,0.015217086117703352,0.151329,0.163547,0.19998280000000002,0.20563489999999998,0.21543348999999998,0.222538,23604.540852732924,23.604540852732924,163.547,40.88675,11802.270426366462,611984,610304,1222360,sub-physical,0.015625,0.0078125,Intel(R) Xeon(R) 6760P,AVX512,"avx2,avx512f,avx512bw,avx512vl,avx512_vnni,avx512_bf16,amx_bf16,amx_int8,amx_tile,fma",True,True,,,,,,256,128,sh14l07002s1404,3.11.9,2.1.2+cu121
20260427_080229,2026-04-27T12:13:31.706311,cpu,pytorch,full_mlp_capacity_search_hd512_depth5,/home/liangyi/SRS_AI/Model_AIIC_refactor/experiments_refactored/20260425_135159_full_mlp_capacity_search_v2/full_mlp_capacity_search_hd512_depth5,full_mlp_capacity_search_v2,full_mlp_capacity_search_hd512_depth5,supervised_nmse_plateau,full_mlp,12,6,eager,bf16,bfloat16,4,4,ok,,0.0,20,50,0.1502018,0.01231715934783666,0.135575,0.143241,0.16660039999999998,0.16759765000000001,0.17526993999999999,0.176296,26630.83931084714,26.63083931084714,143.241,35.81025,6657.709827711785,611984,610304,1222360,sub-physical,0.03125,0.015625,Intel(R) Xeon(R) 6760P,AVX512,"avx2,avx512f,avx512bw,avx512vl,avx512_vnni,avx512_bf16,amx_bf16,amx_int8,amx_tile,fma",True,True,,,,,,256,128,sh14l07002s1404,3.11.9,2.1.2+cu121
20260427_080229,2026-04-27T12:13:31.706311,cpu,pytorch,full_mlp_capacity_search_hd512_depth5,/home/liangyi/SRS_AI/Model_AIIC_refactor/experiments_refactored/20260425_135159_full_mlp_capacity_search_v2/full_mlp_capacity_search_hd512_depth5,full_mlp_capacity_search_v2,full_mlp_capacity_search_hd512_depth5,supervised_nmse_plateau,full_mlp,12,6,eager,bf16,bfloat16,4,8,ok,,0.0,20,50,0.14889182,0.00524818467544731,0.136619,0.1483105,0.155814,0.15700845,0.16079356,0.16283,26865.142759353734,26.865142759353734,148.31050000000002,37.077625000000005,3358.1428449192167,611984,610304,1222360,sub-physical,0.0625,0.03125,Intel(R) Xeon(R) 6760P,AVX512,"avx2,avx512f,avx512bw,avx512vl,avx512_vnni,avx512_bf16,amx_bf16,amx_int8,amx_tile,fma",True,True,,,,,,256,128,sh14l07002s1404,3.11.9,2.1.2+cu121
20260427_080229,2026-04-27T12:13:31.706311,cpu,pytorch,full_mlp_capacity_search_hd512_depth5,/home/liangyi/SRS_AI/Model_AIIC_refactor/experiments_refactored/20260425_135159_full_mlp_capacity_search_v2/full_mlp_capacity_search_hd512_depth5,full_mlp_capacity_search_v2,full_mlp_capacity_search_hd512_depth5,supervised_nmse_plateau,full_mlp,12,6,eager,bf16,bfloat16,8,1,ok,,0.0,20,50,0.18847824,0.007946984866123755,0.180635,0.18524649999999998,0.1998401,0.2029646,0.21407263999999998,0.214839,42445.21807928597,42.44521807928597,185.24649999999997,23.155812499999996,42445.21807928597,611984,610304,1222360,single-thread,0.0078125,0.00390625,Intel(R) Xeon(R) 6760P,AVX512,"avx2,avx512f,avx512bw,avx512vl,avx512_vnni,avx512_bf16,amx_bf16,amx_int8,amx_tile,fma",True,True,,,,,,256,128,sh14l07002s1404,3.11.9,2.1.2+cu121
20260427_080229,2026-04-27T12:13:31.706311,cpu,pytorch,full_mlp_capacity_search_hd512_depth5,/home/liangyi/SRS_AI/Model_AIIC_refactor/experiments_refactored/20260425_135159_full_mlp_capacity_search_v2/full_mlp_capacity_search_hd512_depth5,full_mlp_capacity_search_v2,full_mlp_capacity_search_hd512_depth5,supervised_nmse_plateau,full_mlp,12,6,eager,bf16,bfloat16,8,2,ok,,0.0,20,50,0.18196738,0.015334699627824471,0.157374,0.1879055,0.1990332,0.2046656,0.20852237999999998,0.209913,43963.923643897055,43.963923643897054,187.9055,23.4881875,21981.961821948527,611984,610304,1222360,sub-physical,0.015625,0.0078125,Intel(R) Xeon(R) 6760P,AVX512,"avx2,avx512f,avx512bw,avx512vl,avx512_vnni,avx512_bf16,amx_bf16,amx_int8,amx_tile,fma",True,True,,,,,,256,128,sh14l07002s1404,3.11.9,2.1.2+cu121
20260427_080229,2026-04-27T12:13:31.706311,cpu,pytorch,full_mlp_capacity_search_hd512_depth5,/home/liangyi/SRS_AI/Model_AIIC_refactor/experiments_refactored/20260425_135159_full_mlp_capacity_search_v2/full_mlp_capacity_search_hd512_depth5,full_mlp_capacity_search_v2,full_mlp_capacity_search_hd512_depth5,supervised_nmse_plateau,full_mlp,12,6,eager,bf16,bfloat16,8,4,ok,,0.0,20,50,0.16755924,0.007430645042148092,0.151705,0.16791699999999998,0.1763124,0.17896615,0.18356054,0.186429,47744.308221975705,47.74430822197571,167.91699999999997,20.989624999999997,11936.077055493926,611984,610304,1222360,sub-physical,0.03125,0.015625,Intel(R) Xeon(R) 6760P,AVX512,"avx2,avx512f,avx512bw,avx512vl,avx512_vnni,avx512_bf16,amx_bf16,amx_int8,amx_tile,fma",True,True,,,,,,256,128,sh14l07002s1404,3.11.9,2.1.2+cu121
20260427_080229,2026-04-27T12:13:31.706311,cpu,pytorch,full_mlp_capacity_search_hd512_depth5,/home/liangyi/SRS_AI/Model_AIIC_refactor/experiments_refactored/20260425_135159_full_mlp_capacity_search_v2/full_mlp_capacity_search_hd512_depth5,full_mlp_capacity_search_v2,full_mlp_capacity_search_hd512_depth5,supervised_nmse_plateau,full_mlp,12,6,eager,bf16,bfloat16,8,8,ok,,0.0,20,50,0.15744072,0.008196846137484833,0.141822,0.1560965,0.1674287,0.16909065,0.17911236,0.183295,50812.77575458242,50.81277575458242,156.0965,19.5120625,6351.596969322803,611984,610304,1222360,sub-physical,0.0625,0.03125,Intel(R) Xeon(R) 6760P,AVX512,"avx2,avx512f,avx512bw,avx512vl,avx512_vnni,avx512_bf16,amx_bf16,amx_int8,amx_tile,fma",True,True,,,,,,256,128,sh14l07002s1404,3.11.9,2.1.2+cu121
20260427_080229,2026-04-27T12:13:31.706311,cpu,pytorch,full_mlp_capacity_search_hd512_depth5,/home/liangyi/SRS_AI/Model_AIIC_refactor/experiments_refactored/20260425_135159_full_mlp_capacity_search_v2/full_mlp_capacity_search_hd512_depth5,full_mlp_capacity_search_v2,full_mlp_capacity_search_hd512_depth5,supervised_nmse_plateau,full_mlp,12,6,eager,bf16,bfloat16,16,1,ok,,0.0,20,50,0.19901822,0.005672860856005548,0.192804,0.19736199999999998,0.2056934,0.2070522,0.21977623,0.22285,80394.64929391892,80.39464929391892,197.362,12.335125,80394.64929391892,611984,610304,1222360,single-thread,0.0078125,0.00390625,Intel(R) Xeon(R) 6760P,AVX512,"avx2,avx512f,avx512bw,avx512vl,avx512_vnni,avx512_bf16,amx_bf16,amx_int8,amx_tile,fma",True,True,,,,,,256,128,sh14l07002s1404,3.11.9,2.1.2+cu121
20260427_080229,2026-04-27T12:13:31.706311,cpu,pytorch,full_mlp_capacity_search_hd512_depth5,/home/liangyi/SRS_AI/Model_AIIC_refactor/experiments_refactored/20260425_135159_full_mlp_capacity_search_v2/full_mlp_capacity_search_hd512_depth5,full_mlp_capacity_search_v2,full_mlp_capacity_search_hd512_depth5,supervised_nmse_plateau,full_mlp,12,6,eager,bf16,bfloat16,16,2,ok,,0.0,20,50,0.1918649,0.02447674125470954,0.171644,0.1788585,0.23339359999999998,0.23654035,0.24447061999999997,0.24945,83392.01177495206,83.39201177495205,178.8585,11.17865625,41696.00588747603,611984,610304,1222360,sub-physical,0.015625,0.0078125,Intel(R) Xeon(R) 6760P,AVX512,"avx2,avx512f,avx512bw,avx512vl,avx512_vnni,avx512_bf16,amx_bf16,amx_int8,amx_tile,fma",True,True,,,,,,256,128,sh14l07002s1404,3.11.9,2.1.2+cu121
20260427_080229,2026-04-27T12:13:31.706311,cpu,pytorch,full_mlp_capacity_search_hd512_depth5,/home/liangyi/SRS_AI/Model_AIIC_refactor/experiments_refactored/20260425_135159_full_mlp_capacity_search_v2/full_mlp_capacity_search_hd512_depth5,full_mlp_capacity_search_v2,full_mlp_capacity_search_hd512_depth5,supervised_nmse_plateau,full_mlp,12,6,eager,bf16,bfloat16,16,4,ok,,0.0,20,50,0.1871681,0.015546044023159074,0.17034,0.18140250000000002,0.2156433,0.22382475,0.22848479,0.229871,85484.6525663294,85.4846525663294,181.40250000000003,11.337656250000002,21371.16314158235,611984,610304,1222360,sub-physical,0.03125,0.015625,Intel(R) Xeon(R) 6760P,AVX512,"avx2,avx512f,avx512bw,avx512vl,avx512_vnni,avx512_bf16,amx_bf16,amx_int8,amx_tile,fma",True,True,,,,,,256,128,sh14l07002s1404,3.11.9,2.1.2+cu121
20260427_080229,2026-04-27T12:13:31.706311,cpu,pytorch,full_mlp_capacity_search_hd512_depth5,/home/liangyi/SRS_AI/Model_AIIC_refactor/experiments_refactored/20260425_135159_full_mlp_capacity_search_v2/full_mlp_capacity_search_hd512_depth5,full_mlp_capacity_search_v2,full_mlp_capacity_search_hd512_depth5,supervised_nmse_plateau,full_mlp,12,6,eager,bf16,bfloat16,16,8,ok,,0.0,20,50,0.17934226,0.008329121206489914,0.169746,0.1768565,0.1894844,0.1954281,0.20490364999999996,0.213094,89214.89000975007,89.21489000975008,176.8565,11.05353125,11151.86125121876,611984,610304,1222360,sub-physical,0.0625,0.03125,Intel(R) Xeon(R) 6760P,AVX512,"avx2,avx512f,avx512bw,avx512vl,avx512_vnni,avx512_bf16,amx_bf16,amx_int8,amx_tile,fma",True,True,,,,,,256,128,sh14l07002s1404,3.11.9,2.1.2+cu121
20260427_080229,2026-04-27T12:13:31.706311,cpu,pytorch,full_mlp_capacity_search_hd512_depth5,/home/liangyi/SRS_AI/Model_AIIC_refactor/experiments_refactored/20260425_135159_full_mlp_capacity_search_v2/full_mlp_capacity_search_hd512_depth5,full_mlp_capacity_search_v2,full_mlp_capacity_search_hd512_depth5,supervised_nmse_plateau,full_mlp,12,6,eager,bf16,bfloat16,32,1,ok,,0.0,20,50,0.22767738,0.016108063926977695,0.215852,0.2207405,0.2458015,0.2668953499999999,0.28472267,0.288602,140549.7550964439,140.5497550964439,220.7405,6.898140625,140549.7550964439,611984,610304,1222360,single-thread,0.0078125,0.00390625,Intel(R) Xeon(R) 6760P,AVX512,"avx2,avx512f,avx512bw,avx512vl,avx512_vnni,avx512_bf16,amx_bf16,amx_int8,amx_tile,fma",True,True,,,,,,256,128,sh14l07002s1404,3.11.9,2.1.2+cu121
20260427_080229,2026-04-27T12:13:31.706311,cpu,pytorch,full_mlp_capacity_search_hd512_depth5,/home/liangyi/SRS_AI/Model_AIIC_refactor/experiments_refactored/20260425_135159_full_mlp_capacity_search_v2/full_mlp_capacity_search_hd512_depth5,full_mlp_capacity_search_v2,full_mlp_capacity_search_hd512_depth5,supervised_nmse_plateau,full_mlp,12,6,eager,bf16,bfloat16,32,2,ok,,0.0,20,50,0.23056194,0.011973340755879289,0.214385,0.227155,0.2491751,0.2509301,0.2532625,0.254071,138791.3373733757,138.79133737337568,227.155,7.09859375,69395.66868668784,611984,610304,1222360,sub-physical,0.015625,0.0078125,Intel(R) Xeon(R) 6760P,AVX512,"avx2,avx512f,avx512bw,avx512vl,avx512_vnni,avx512_bf16,amx_bf16,amx_int8,amx_tile,fma",True,True,,,,,,256,128,sh14l07002s1404,3.11.9,2.1.2+cu121
20260427_080229,2026-04-27T12:13:31.706311,cpu,pytorch,full_mlp_capacity_search_hd512_depth5,/home/liangyi/SRS_AI/Model_AIIC_refactor/experiments_refactored/20260425_135159_full_mlp_capacity_search_v2/full_mlp_capacity_search_hd512_depth5,full_mlp_capacity_search_v2,full_mlp_capacity_search_hd512_depth5,supervised_nmse_plateau,full_mlp,12,6,eager,bf16,bfloat16,32,4,ok,,0.0,20,50,0.2200168,0.013029205656524113,0.20761,0.2155395,0.2295047,0.2494898499999999,0.26685209,0.268547,145443.4388646685,145.4434388646685,215.5395,6.735609375,36360.85971616713,611984,610304,1222360,sub-physical,0.03125,0.015625,Intel(R) Xeon(R) 6760P,AVX512,"avx2,avx512f,avx512bw,avx512vl,avx512_vnni,avx512_bf16,amx_bf16,amx_int8,amx_tile,fma",True,True,,,,,,256,128,sh14l07002s1404,3.11.9,2.1.2+cu121
20260427_080229,2026-04-27T12:13:31.706311,cpu,pytorch,full_mlp_capacity_search_hd512_depth5,/home/liangyi/SRS_AI/Model_AIIC_refactor/experiments_refactored/20260425_135159_full_mlp_capacity_search_v2/full_mlp_capacity_search_hd512_depth5,full_mlp_capacity_search_v2,full_mlp_capacity_search_hd512_depth5,supervised_nmse_plateau,full_mlp,12,6,eager,bf16,bfloat16,32,8,ok,,0.0,20,50,0.22207198,0.007401270213929497,0.206987,0.22157549999999998,0.23190460000000002,0.2358564,0.238001,0.238589,144097.42282659883,144.09742282659883,221.57549999999998,6.924234374999999,18012.177853324854,611984,610304,1222360,sub-physical,0.0625,0.03125,Intel(R) Xeon(R) 6760P,AVX512,"avx2,avx512f,avx512bw,avx512vl,avx512_vnni,avx512_bf16,amx_bf16,amx_int8,amx_tile,fma",True,True,,,,,,256,128,sh14l07002s1404,3.11.9,2.1.2+cu121
20260427_080229,2026-04-27T12:13:31.706311,cpu,pytorch,full_mlp_capacity_search_hd512_depth5,/home/liangyi/SRS_AI/Model_AIIC_refactor/experiments_refactored/20260425_135159_full_mlp_capacity_search_v2/full_mlp_capacity_search_hd512_depth5,full_mlp_capacity_search_v2,full_mlp_capacity_search_hd512_depth5,supervised_nmse_plateau,full_mlp,12,6,eager,bf16,bfloat16,64,1,ok,,0.0,20,50,0.2766805,0.008241963951025263,0.265759,0.2745665,0.28898330000000005,0.29202545,0.29914584,0.299432,231313.73551804337,231.31373551804336,274.5665,4.2901015625,231313.73551804337,611984,610304,1222360,single-thread,0.0078125,0.00390625,Intel(R) Xeon(R) 6760P,AVX512,"avx2,avx512f,avx512bw,avx512vl,avx512_vnni,avx512_bf16,amx_bf16,amx_int8,amx_tile,fma",True,True,,,,,,256,128,sh14l07002s1404,3.11.9,2.1.2+cu121
20260427_080229,2026-04-27T12:13:31.706311,cpu,pytorch,full_mlp_capacity_search_hd512_depth5,/home/liangyi/SRS_AI/Model_AIIC_refactor/experiments_refactored/20260425_135159_full_mlp_capacity_search_v2/full_mlp_capacity_search_hd512_depth5,full_mlp_capacity_search_v2,full_mlp_capacity_search_hd512_depth5,supervised_nmse_plateau,full_mlp,12,6,eager,bf16,bfloat16,64,2,ok,,0.0,20,50,0.31211228,0.017532712192972314,0.291058,0.3081555,0.3260772,0.3486487,0.37426007999999994,0.392884,205054.41182897383,205.05441182897383,308.1555,4.8149296875,102527.20591448691,611984,610304,1222360,sub-physical,0.015625,0.0078125,Intel(R) Xeon(R) 6760P,AVX512,"avx2,avx512f,avx512bw,avx512vl,avx512_vnni,avx512_bf16,amx_bf16,amx_int8,amx_tile,fma",True,True,,,,,,256,128,sh14l07002s1404,3.11.9,2.1.2+cu121
20260427_080229,2026-04-27T12:13:31.706311,cpu,pytorch,full_mlp_capacity_search_hd512_depth5,/home/liangyi/SRS_AI/Model_AIIC_refactor/experiments_refactored/20260425_135159_full_mlp_capacity_search_v2/full_mlp_capacity_search_hd512_depth5,full_mlp_capacity_search_v2,full_mlp_capacity_search_hd512_depth5,supervised_nmse_plateau,full_mlp,12,6,eager,bf16,bfloat16,64,4,ok,,0.0,20,50,0.30343006,0.011742661642762255,0.276608,0.3029325,0.3163881,0.31847254999999997,0.32796772,0.330992,210921.7524460167,210.9217524460167,302.9325,4.7333203125,52730.438111504176,611984,610304,1222360,sub-physical,0.03125,0.015625,Intel(R) Xeon(R) 6760P,AVX512,"avx2,avx512f,avx512bw,avx512vl,avx512_vnni,avx512_bf16,amx_bf16,amx_int8,amx_tile,fma",True,True,,,,,,256,128,sh14l07002s1404,3.11.9,2.1.2+cu121
20260427_080229,2026-04-27T12:13:31.706311,cpu,pytorch,full_mlp_capacity_search_hd512_depth5,/home/liangyi/SRS_AI/Model_AIIC_refactor/experiments_refactored/20260425_135159_full_mlp_capacity_search_v2/full_mlp_capacity_search_hd512_depth5,full_mlp_capacity_search_v2,full_mlp_capacity_search_hd512_depth5,supervised_nmse_plateau,full_mlp,12,6,eager,bf16,bfloat16,64,8,ok,,0.0,20,50,0.29942512,0.012957027101368583,0.281065,0.2960205,0.315033,0.32172445,0.34068821999999993,0.351871,213742.9217695563,213.7429217695563,296.0205,4.6253203125,26717.865221194537,611984,610304,1222360,sub-physical,0.0625,0.03125,Intel(R) Xeon(R) 6760P,AVX512,"avx2,avx512f,avx512bw,avx512vl,avx512_vnni,avx512_bf16,amx_bf16,amx_int8,amx_tile,fma",True,True,,,,,,256,128,sh14l07002s1404,3.11.9,2.1.2+cu121
20260427_080229,2026-04-27T12:13:31.706311,cpu,pytorch,full_mlp_capacity_search_hd512_depth5,/home/liangyi/SRS_AI/Model_AIIC_refactor/experiments_refactored/20260425_135159_full_mlp_capacity_search_v2/full_mlp_capacity_search_hd512_depth5,full_mlp_capacity_search_v2,full_mlp_capacity_search_hd512_depth5,supervised_nmse_plateau,full_mlp,12,6,eager,bf16,bfloat16,128,1,ok,,0.0,20,50,0.36673068,0.009841351422320005,0.356149,0.364795,0.37563870000000005,0.38171665,0.4006246399999999,0.415993,349029.97480330797,349.029974803308,364.79499999999996,2.8499609374999997,349029.97480330797,611984,610304,1222360,single-thread,0.0078125,0.00390625,Intel(R) Xeon(R) 6760P,AVX512,"avx2,avx512f,avx512bw,avx512vl,avx512_vnni,avx512_bf16,amx_bf16,amx_int8,amx_tile,fma",True,True,,,,,,256,128,sh14l07002s1404,3.11.9,2.1.2+cu121
20260427_080229,2026-04-27T12:13:31.706311,cpu,pytorch,full_mlp_capacity_search_hd512_depth5,/home/liangyi/SRS_AI/Model_AIIC_refactor/experiments_refactored/20260425_135159_full_mlp_capacity_search_v2/full_mlp_capacity_search_hd512_depth5,full_mlp_capacity_search_v2,full_mlp_capacity_search_hd512_depth5,supervised_nmse_plateau,full_mlp,12,6,eager,bf16,bfloat16,128,2,ok,,0.0,20,50,0.39950254,0.009494325659487352,0.386898,0.39710999999999996,0.4145703,0.41839395,0.42041202,0.421344,320398.46354919294,320.3984635491929,397.10999999999996,3.1024218749999997,160199.23177459647,611984,610304,1222360,sub-physical,0.015625,0.0078125,Intel(R) Xeon(R) 6760P,AVX512,"avx2,avx512f,avx512bw,avx512vl,avx512_vnni,avx512_bf16,amx_bf16,amx_int8,amx_tile,fma",True,True,,,,,,256,128,sh14l07002s1404,3.11.9,2.1.2+cu121
20260427_080229,2026-04-27T12:13:31.706311,cpu,pytorch,full_mlp_capacity_search_hd512_depth5,/home/liangyi/SRS_AI/Model_AIIC_refactor/experiments_refactored/20260425_135159_full_mlp_capacity_search_v2/full_mlp_capacity_search_hd512_depth5,full_mlp_capacity_search_v2,full_mlp_capacity_search_hd512_depth5,supervised_nmse_plateau,full_mlp,12,6,eager,bf16,bfloat16,128,4,ok,,0.0,20,50,0.3946014,0.012951825882090907,0.362778,0.39437500000000003,0.41038840000000004,0.41574075,0.41771146,0.418077,324377.9672347843,324.37796723478425,394.37500000000006,3.0810546875000004,81094.49180869607,611984,610304,1222360,sub-physical,0.03125,0.015625,Intel(R) Xeon(R) 6760P,AVX512,"avx2,avx512f,avx512bw,avx512vl,avx512_vnni,avx512_bf16,amx_bf16,amx_int8,amx_tile,fma",True,True,,,,,,256,128,sh14l07002s1404,3.11.9,2.1.2+cu121
20260427_080229,2026-04-27T12:13:31.706311,cpu,pytorch,full_mlp_capacity_search_hd512_depth5,/home/liangyi/SRS_AI/Model_AIIC_refactor/experiments_refactored/20260425_135159_full_mlp_capacity_search_v2/full_mlp_capacity_search_hd512_depth5,full_mlp_capacity_search_v2,full_mlp_capacity_search_hd512_depth5,supervised_nmse_plateau,full_mlp,12,6,eager,bf16,bfloat16,128,8,ok,,0.0,20,50,0.36330024,0.011416763400473883,0.339168,0.364541,0.37845589999999996,0.37906225000000004,0.38287196,0.382919,352325.66870861413,352.32566870861416,364.541,2.8479765625,44040.70858857677,611984,610304,1222360,sub-physical,0.0625,0.03125,Intel(R) Xeon(R) 6760P,AVX512,"avx2,avx512f,avx512bw,avx512vl,avx512_vnni,avx512_bf16,amx_bf16,amx_int8,amx_tile,fma",True,True,,,,,,256,128,sh14l07002s1404,3.11.9,2.1.2+cu121
20260427_080229,2026-04-27T12:13:31.706311,cpu,pytorch,full_mlp_capacity_search_hd512_depth5,/home/liangyi/SRS_AI/Model_AIIC_refactor/experiments_refactored/20260425_135159_full_mlp_capacity_search_v2/full_mlp_capacity_search_hd512_depth5,full_mlp_capacity_search_v2,full_mlp_capacity_search_hd512_depth5,supervised_nmse_plateau,full_mlp,12,6,jit,fp32,float32,1,1,ok,,54.12014,20,50,0.13098516,0.009582858129723095,0.117236,0.13017299999999998,0.1431485,0.15003039999999998,0.15434335,0.156688,7634.45263570316,7.63445263570316,130.17299999999997,130.17299999999997,7634.45263570316,611984,610304,1222360,single-thread,0.0078125,0.00390625,Intel(R) Xeon(R) 6760P,AVX512,"avx2,avx512f,avx512bw,avx512vl,avx512_vnni,avx512_bf16,amx_bf16,amx_int8,amx_tile,fma",True,True,,,,,,256,128,sh14l07002s1404,3.11.9,2.1.2+cu121
20260427_080229,2026-04-27T12:13:31.706311,cpu,pytorch,full_mlp_capacity_search_hd512_depth5,/home/liangyi/SRS_AI/Model_AIIC_refactor/experiments_refactored/20260425_135159_full_mlp_capacity_search_v2/full_mlp_capacity_search_hd512_depth5,full_mlp_capacity_search_v2,full_mlp_capacity_search_hd512_depth5,supervised_nmse_plateau,full_mlp,12,6,jit,fp32,float32,1,2,ok,,54.316965,20,50,0.07034328,0.0030160584081877456,0.06726,0.069341,0.0730145,0.07716925,0.08098915999999999,0.082663,14215.999026488387,14.215999026488387,69.341,69.341,7107.999513244194,611984,610304,1222360,sub-physical,0.015625,0.0078125,Intel(R) Xeon(R) 6760P,AVX512,"avx2,avx512f,avx512bw,avx512vl,avx512_vnni,avx512_bf16,amx_bf16,amx_int8,amx_tile,fma",True,True,,,,,,256,128,sh14l07002s1404,3.11.9,2.1.2+cu121
20260427_080229,2026-04-27T12:13:31.706311,cpu,pytorch,full_mlp_capacity_search_hd512_depth5,/home/liangyi/SRS_AI/Model_AIIC_refactor/experiments_refactored/20260425_135159_full_mlp_capacity_search_v2/full_mlp_capacity_search_hd512_depth5,full_mlp_capacity_search_v2,full_mlp_capacity_search_hd512_depth5,supervised_nmse_plateau,full_mlp,12,6,jit,fp32,float32,1,4,ok,,55.447306,20,50,0.05458552,0.0039968482194849475,0.051085,0.0534415,0.0578429,0.06156235,0.06992075999999998,0.07329,18319.876773180873,18.319876773180873,53.441500000000005,53.441500000000005,4579.969193295218,611984,610304,1222360,sub-physical,0.03125,0.015625,Intel(R) Xeon(R) 6760P,AVX512,"avx2,avx512f,avx512bw,avx512vl,avx512_vnni,avx512_bf16,amx_bf16,amx_int8,amx_tile,fma",True,True,,,,,,256,128,sh14l07002s1404,3.11.9,2.1.2+cu121
20260427_080229,2026-04-27T12:13:31.706311,cpu,pytorch,full_mlp_capacity_search_hd512_depth5,/home/liangyi/SRS_AI/Model_AIIC_refactor/experiments_refactored/20260425_135159_full_mlp_capacity_search_v2/full_mlp_capacity_search_hd512_depth5,full_mlp_capacity_search_v2,full_mlp_capacity_search_hd512_depth5,supervised_nmse_plateau,full_mlp,12,6,jit,fp32,float32,1,8,ok,,54.931383,20,50,0.07164576,0.003141044861570748,0.068715,0.0707435,0.0735752,0.0762741,0.08481930999999998,0.087848,13957.56008450465,13.95756008450465,70.7435,70.7435,1744.6950105630813,611984,610304,1222360,sub-physical,0.0625,0.03125,Intel(R) Xeon(R) 6760P,AVX512,"avx2,avx512f,avx512bw,avx512vl,avx512_vnni,avx512_bf16,amx_bf16,amx_int8,amx_tile,fma",True,True,,,,,,256,128,sh14l07002s1404,3.11.9,2.1.2+cu121
20260427_080229,2026-04-27T12:13:31.706311,cpu,pytorch,full_mlp_capacity_search_hd512_depth5,/home/liangyi/SRS_AI/Model_AIIC_refactor/experiments_refactored/20260425_135159_full_mlp_capacity_search_v2/full_mlp_capacity_search_hd512_depth5,full_mlp_capacity_search_v2,full_mlp_capacity_search_hd512_depth5,supervised_nmse_plateau,full_mlp,12,6,jit,fp32,float32,2,1,ok,,55.641486,20,50,0.14457974,0.010599138928818698,0.129759,0.145012,0.1587766,0.16239415,0.16514383,0.165748,13833.19682273602,13.833196822736019,145.012,72.506,13833.19682273602,611984,610304,1222360,single-thread,0.0078125,0.00390625,Intel(R) Xeon(R) 6760P,AVX512,"avx2,avx512f,avx512bw,avx512vl,avx512_vnni,avx512_bf16,amx_bf16,amx_int8,amx_tile,fma",True,True,,,,,,256,128,sh14l07002s1404,3.11.9,2.1.2+cu121
20260427_080229,2026-04-27T12:13:31.706311,cpu,pytorch,full_mlp_capacity_search_hd512_depth5,/home/liangyi/SRS_AI/Model_AIIC_refactor/experiments_refactored/20260425_135159_full_mlp_capacity_search_v2/full_mlp_capacity_search_hd512_depth5,full_mlp_capacity_search_v2,full_mlp_capacity_search_hd512_depth5,supervised_nmse_plateau,full_mlp,12,6,jit,fp32,float32,2,2,ok,,55.634764,20,50,0.09664104,0.007343233914182497,0.085665,0.0944045,0.1060393,0.10765274999999999,0.11389267999999998,0.116376,20695.14152579484,20.69514152579484,94.4045,47.20225,10347.57076289742,611984,610304,1222360,sub-physical,0.015625,0.0078125,Intel(R) Xeon(R) 6760P,AVX512,"avx2,avx512f,avx512bw,avx512vl,avx512_vnni,avx512_bf16,amx_bf16,amx_int8,amx_tile,fma",True,True,,,,,,256,128,sh14l07002s1404,3.11.9,2.1.2+cu121
20260427_080229,2026-04-27T12:13:31.706311,cpu,pytorch,full_mlp_capacity_search_hd512_depth5,/home/liangyi/SRS_AI/Model_AIIC_refactor/experiments_refactored/20260425_135159_full_mlp_capacity_search_v2/full_mlp_capacity_search_hd512_depth5,full_mlp_capacity_search_v2,full_mlp_capacity_search_hd512_depth5,supervised_nmse_plateau,full_mlp,12,6,jit,fp32,float32,2,4,ok,,53.813547,20,50,0.07449248,0.004583736223824404,0.068362,0.072827,0.0802676,0.08274455,0.08891587,0.090355,26848.34764529252,26.84834764529252,72.827,36.4135,6712.08691132313,611984,610304,1222360,sub-physical,0.03125,0.015625,Intel(R) Xeon(R) 6760P,AVX512,"avx2,avx512f,avx512bw,avx512vl,avx512_vnni,avx512_bf16,amx_bf16,amx_int8,amx_tile,fma",True,True,,,,,,256,128,sh14l07002s1404,3.11.9,2.1.2+cu121
20260427_080229,2026-04-27T12:13:31.706311,cpu,pytorch,full_mlp_capacity_search_hd512_depth5,/home/liangyi/SRS_AI/Model_AIIC_refactor/experiments_refactored/20260425_135159_full_mlp_capacity_search_v2/full_mlp_capacity_search_hd512_depth5,full_mlp_capacity_search_v2,full_mlp_capacity_search_hd512_depth5,supervised_nmse_plateau,full_mlp,12,6,jit,fp32,float32,2,8,ok,,55.603738,20,50,0.05199606,0.003492922852912729,0.047488,0.050574,0.0574787,0.058806699999999996,0.061131819999999996,0.06127,38464.45288354541,38.46445288354541,50.574,25.287,4808.056610443176,611984,610304,1222360,sub-physical,0.0625,0.03125,Intel(R) Xeon(R) 6760P,AVX512,"avx2,avx512f,avx512bw,avx512vl,avx512_vnni,avx512_bf16,amx_bf16,amx_int8,amx_tile,fma",True,True,,,,,,256,128,sh14l07002s1404,3.11.9,2.1.2+cu121
20260427_080229,2026-04-27T12:13:31.706311,cpu,pytorch,full_mlp_capacity_search_hd512_depth5,/home/liangyi/SRS_AI/Model_AIIC_refactor/experiments_refactored/20260425_135159_full_mlp_capacity_search_v2/full_mlp_capacity_search_hd512_depth5,full_mlp_capacity_search_v2,full_mlp_capacity_search_hd512_depth5,supervised_nmse_plateau,full_mlp,12,6,jit,fp32,float32,4,1,ok,,54.53781,20,50,0.13505124,0.011539379920186353,0.119093,0.134344,0.1538745,0.15590615,0.15769615,0.15812,29618.38780599127,29.618387805991272,134.344,33.586,29618.38780599127,611984,610304,1222360,single-thread,0.0078125,0.00390625,Intel(R) Xeon(R) 6760P,AVX512,"avx2,avx512f,avx512bw,avx512vl,avx512_vnni,avx512_bf16,amx_bf16,amx_int8,amx_tile,fma",True,True,,,,,,256,128,sh14l07002s1404,3.11.9,2.1.2+cu121
20260427_080229,2026-04-27T12:13:31.706311,cpu,pytorch,full_mlp_capacity_search_hd512_depth5,/home/liangyi/SRS_AI/Model_AIIC_refactor/experiments_refactored/20260425_135159_full_mlp_capacity_search_v2/full_mlp_capacity_search_hd512_depth5,full_mlp_capacity_search_v2,full_mlp_capacity_search_hd512_depth5,supervised_nmse_plateau,full_mlp,12,6,jit,fp32,float32,4,2,ok,,54.173936,20,50,0.09925178,0.0074045256466299045,0.088611,0.0978665,0.1085907,0.11387285,0.11526524,0.116012,40301.544214118876,40.30154421411888,97.8665,24.466625,20150.772107059438,611984,610304,1222360,sub-physical,0.015625,0.0078125,Intel(R) Xeon(R) 6760P,AVX512,"avx2,avx512f,avx512bw,avx512vl,avx512_vnni,avx512_bf16,amx_bf16,amx_int8,amx_tile,fma",True,True,,,,,,256,128,sh14l07002s1404,3.11.9,2.1.2+cu121
20260427_080229,2026-04-27T12:13:31.706311,cpu,pytorch,full_mlp_capacity_search_hd512_depth5,/home/liangyi/SRS_AI/Model_AIIC_refactor/experiments_refactored/20260425_135159_full_mlp_capacity_search_v2/full_mlp_capacity_search_hd512_depth5,full_mlp_capacity_search_v2,full_mlp_capacity_search_hd512_depth5,supervised_nmse_plateau,full_mlp,12,6,jit,fp32,float32,4,4,ok,,53.626979,20,50,0.07996774,0.0022202958794719225,0.07735,0.0794405,0.08191910000000001,0.08613935,0.08668480999999999,0.086847,50020.170633808084,50.020170633808085,79.4405,19.860125,12505.042658452021,611984,610304,1222360,sub-physical,0.03125,0.015625,Intel(R) Xeon(R) 6760P,AVX512,"avx2,avx512f,avx512bw,avx512vl,avx512_vnni,avx512_bf16,amx_bf16,amx_int8,amx_tile,fma",True,True,,,,,,256,128,sh14l07002s1404,3.11.9,2.1.2+cu121
20260427_080229,2026-04-27T12:13:31.706311,cpu,pytorch,full_mlp_capacity_search_hd512_depth5,/home/liangyi/SRS_AI/Model_AIIC_refactor/experiments_refactored/20260425_135159_full_mlp_capacity_search_v2/full_mlp_capacity_search_hd512_depth5,full_mlp_capacity_search_v2,full_mlp_capacity_search_hd512_depth5,supervised_nmse_plateau,full_mlp,12,6,jit,fp32,float32,4,8,ok,,55.611024,20,50,0.0595923,0.003591055161091236,0.055042,0.058787,0.06407990000000001,0.06639445,0.07011547,0.071241,67122.76586069005,67.12276586069005,58.787,14.69675,8390.345732586256,611984,610304,1222360,sub-physical,0.0625,0.03125,Intel(R) Xeon(R) 6760P,AVX512,"avx2,avx512f,avx512bw,avx512vl,avx512_vnni,avx512_bf16,amx_bf16,amx_int8,amx_tile,fma",True,True,,,,,,256,128,sh14l07002s1404,3.11.9,2.1.2+cu121
20260427_080229,2026-04-27T12:13:31.706311,cpu,pytorch,full_mlp_capacity_search_hd512_depth5,/home/liangyi/SRS_AI/Model_AIIC_refactor/experiments_refactored/20260425_135159_full_mlp_capacity_search_v2/full_mlp_capacity_search_hd512_depth5,full_mlp_capacity_search_v2,full_mlp_capacity_search_hd512_depth5,supervised_nmse_plateau,full_mlp,12,6,jit,fp32,float32,8,1,ok,,55.016963,20,50,0.1555698,0.014144818870526411,0.13453,0.1560225,0.1762427,0.17758875,0.18534754,0.186844,51423.8624720222,51.4238624720222,156.0225,19.5028125,51423.8624720222,611984,610304,1222360,single-thread,0.0078125,0.00390625,Intel(R) Xeon(R) 6760P,AVX512,"avx2,avx512f,avx512bw,avx512vl,avx512_vnni,avx512_bf16,amx_bf16,amx_int8,amx_tile,fma",True,True,,,,,,256,128,sh14l07002s1404,3.11.9,2.1.2+cu121
20260427_080229,2026-04-27T12:13:31.706311,cpu,pytorch,full_mlp_capacity_search_hd512_depth5,/home/liangyi/SRS_AI/Model_AIIC_refactor/experiments_refactored/20260425_135159_full_mlp_capacity_search_v2/full_mlp_capacity_search_hd512_depth5,full_mlp_capacity_search_v2,full_mlp_capacity_search_hd512_depth5,supervised_nmse_plateau,full_mlp,12,6,jit,fp32,float32,8,2,ok,,54.968426,20,50,0.11409818000000001,0.008165341444642716,0.101005,0.112934,0.1262879,0.12792955,0.13147795,0.132333,70115.05354423707,70.11505354423707,112.93400000000001,14.116750000000001,35057.52677211854,611984,610304,1222360,sub-physical,0.015625,0.0078125,Intel(R) Xeon(R) 6760P,AVX512,"avx2,avx512f,avx512bw,avx512vl,avx512_vnni,avx512_bf16,amx_bf16,amx_int8,amx_tile,fma",True,True,,,,,,256,128,sh14l07002s1404,3.11.9,2.1.2+cu121
20260427_080229,2026-04-27T12:13:31.706311,cpu,pytorch,full_mlp_capacity_search_hd512_depth5,/home/liangyi/SRS_AI/Model_AIIC_refactor/experiments_refactored/20260425_135159_full_mlp_capacity_search_v2/full_mlp_capacity_search_hd512_depth5,full_mlp_capacity_search_v2,full_mlp_capacity_search_hd512_depth5,supervised_nmse_plateau,full_mlp,12,6,jit,fp32,float32,8,4,ok,,54.266059,20,50,0.09723128,0.017715840904727047,0.084042,0.09366250000000001,0.1065675,0.11168339999999999,0.1630419399999998,0.211794,82278.0487925285,82.2780487925285,93.66250000000001,11.707812500000001,20569.512198132124,611984,610304,1222360,sub-physical,0.03125,0.015625,Intel(R) Xeon(R) 6760P,AVX512,"avx2,avx512f,avx512bw,avx512vl,avx512_vnni,avx512_bf16,amx_bf16,amx_int8,amx_tile,fma",True,True,,,,,,256,128,sh14l07002s1404,3.11.9,2.1.2+cu121
20260427_080229,2026-04-27T12:13:31.706311,cpu,pytorch,full_mlp_capacity_search_hd512_depth5,/home/liangyi/SRS_AI/Model_AIIC_refactor/experiments_refactored/20260425_135159_full_mlp_capacity_search_v2/full_mlp_capacity_search_hd512_depth5,full_mlp_capacity_search_v2,full_mlp_capacity_search_hd512_depth5,supervised_nmse_plateau,full_mlp,12,6,jit,fp32,float32,8,8,ok,,54.176572,20,50,0.0719704,0.0037742828404877136,0.065901,0.0716425,0.0767346,0.07851995,0.08271498,0.083547,111156.8089103298,111.1568089103298,71.6425,8.9553125,13894.601113791225,611984,610304,1222360,sub-physical,0.0625,0.03125,Intel(R) Xeon(R) 6760P,AVX512,"avx2,avx512f,avx512bw,avx512vl,avx512_vnni,avx512_bf16,amx_bf16,amx_int8,amx_tile,fma",True,True,,,,,,256,128,sh14l07002s1404,3.11.9,2.1.2+cu121
20260427_080229,2026-04-27T12:13:31.706311,cpu,pytorch,full_mlp_capacity_search_hd512_depth5,/home/liangyi/SRS_AI/Model_AIIC_refactor/experiments_refactored/20260425_135159_full_mlp_capacity_search_v2/full_mlp_capacity_search_hd512_depth5,full_mlp_capacity_search_v2,full_mlp_capacity_search_hd512_depth5,supervised_nmse_plateau,full_mlp,12,6,jit,fp32,float32,16,1,ok,,55.877954,20,50,0.19452802,0.011628144439230194,0.181797,0.191546,0.2128403,0.21525215,0.22310251999999997,0.229939,82250.36167026221,82.25036167026221,191.546,11.971625,82250.36167026221,611984,610304,1222360,single-thread,0.0078125,0.00390625,Intel(R) Xeon(R) 6760P,AVX512,"avx2,avx512f,avx512bw,avx512vl,avx512_vnni,avx512_bf16,amx_bf16,amx_int8,amx_tile,fma",True,True,,,,,,256,128,sh14l07002s1404,3.11.9,2.1.2+cu121
20260427_080229,2026-04-27T12:13:31.706311,cpu,pytorch,full_mlp_capacity_search_hd512_depth5,/home/liangyi/SRS_AI/Model_AIIC_refactor/experiments_refactored/20260425_135159_full_mlp_capacity_search_v2/full_mlp_capacity_search_hd512_depth5,full_mlp_capacity_search_v2,full_mlp_capacity_search_hd512_depth5,supervised_nmse_plateau,full_mlp,12,6,jit,fp32,float32,16,2,ok,,57.244713,20,50,0.15179916,0.012134834947966949,0.134128,0.1499365,0.16992690000000002,0.172423,0.17830696,0.182862,105402.42778682042,105.40242778682043,149.9365,9.37103125,52701.21389341021,611984,610304,1222360,sub-physical,0.015625,0.0078125,Intel(R) Xeon(R) 6760P,AVX512,"avx2,avx512f,avx512bw,avx512vl,avx512_vnni,avx512_bf16,amx_bf16,amx_int8,amx_tile,fma",True,True,,,,,,256,128,sh14l07002s1404,3.11.9,2.1.2+cu121
20260427_080229,2026-04-27T12:13:31.706311,cpu,pytorch,full_mlp_capacity_search_hd512_depth5,/home/liangyi/SRS_AI/Model_AIIC_refactor/experiments_refactored/20260425_135159_full_mlp_capacity_search_v2/full_mlp_capacity_search_hd512_depth5,full_mlp_capacity_search_v2,full_mlp_capacity_search_hd512_depth5,supervised_nmse_plateau,full_mlp,12,6,jit,fp32,float32,16,4,ok,,55.790135,20,50,0.12181762,0.006537112031746129,0.106676,0.121444,0.1296251,0.1323712,0.13824473999999998,0.141711,131343.8893322657,131.34388933226572,121.444,7.59025,32835.97233306643,611984,610304,1222360,sub-physical,0.03125,0.015625,Intel(R) Xeon(R) 6760P,AVX512,"avx2,avx512f,avx512bw,avx512vl,avx512_vnni,avx512_bf16,amx_bf16,amx_int8,amx_tile,fma",True,True,,,,,,256,128,sh14l07002s1404,3.11.9,2.1.2+cu121
20260427_080229,2026-04-27T12:13:31.706311,cpu,pytorch,full_mlp_capacity_search_hd512_depth5,/home/liangyi/SRS_AI/Model_AIIC_refactor/experiments_refactored/20260425_135159_full_mlp_capacity_search_v2/full_mlp_capacity_search_hd512_depth5,full_mlp_capacity_search_v2,full_mlp_capacity_search_hd512_depth5,supervised_nmse_plateau,full_mlp,12,6,jit,fp32,float32,16,8,ok,,55.871306,20,50,0.10975506,0.019720249397418888,0.10019,0.106806,0.1122182,0.11324805,0.18311076999999976,0.245942,145779.15587673133,145.77915587673132,106.806,6.675375,18222.394484591416,611984,610304,1222360,sub-physical,0.0625,0.03125,Intel(R) Xeon(R) 6760P,AVX512,"avx2,avx512f,avx512bw,avx512vl,avx512_vnni,avx512_bf16,amx_bf16,amx_int8,amx_tile,fma",True,True,,,,,,256,128,sh14l07002s1404,3.11.9,2.1.2+cu121
20260427_080229,2026-04-27T12:13:31.706311,cpu,pytorch,full_mlp_capacity_search_hd512_depth5,/home/liangyi/SRS_AI/Model_AIIC_refactor/experiments_refactored/20260425_135159_full_mlp_capacity_search_v2/full_mlp_capacity_search_hd512_depth5,full_mlp_capacity_search_v2,full_mlp_capacity_search_hd512_depth5,supervised_nmse_plateau,full_mlp,12,6,jit,fp32,float32,32,1,ok,,55.854973,20,50,0.28550804,0.007346670870428318,0.269577,0.2850605,0.29590370000000005,0.2977405,0.30381338,0.306282,112080.9067233273,112.08090672332729,285.0605,8.908140625,112080.9067233273,611984,610304,1222360,single-thread,0.0078125,0.00390625,Intel(R) Xeon(R) 6760P,AVX512,"avx2,avx512f,avx512bw,avx512vl,avx512_vnni,avx512_bf16,amx_bf16,amx_int8,amx_tile,fma",True,True,,,,,,256,128,sh14l07002s1404,3.11.9,2.1.2+cu121
20260427_080229,2026-04-27T12:13:31.706311,cpu,pytorch,full_mlp_capacity_search_hd512_depth5,/home/liangyi/SRS_AI/Model_AIIC_refactor/experiments_refactored/20260425_135159_full_mlp_capacity_search_v2/full_mlp_capacity_search_hd512_depth5,full_mlp_capacity_search_v2,full_mlp_capacity_search_hd512_depth5,supervised_nmse_plateau,full_mlp,12,6,jit,fp32,float32,32,2,ok,,55.441971,20,50,0.25574834,0.005258725209059698,0.247363,0.25473250000000003,0.2627948,0.26460635,0.26933046,0.270725,125123.00177588638,125.12300177588638,254.73250000000002,7.9603906250000005,62561.50088794319,611984,610304,1222360,sub-physical,0.015625,0.0078125,Intel(R) Xeon(R) 6760P,AVX512,"avx2,avx512f,avx512bw,avx512vl,avx512_vnni,avx512_bf16,amx_bf16,amx_int8,amx_tile,fma",True,True,,,,,,256,128,sh14l07002s1404,3.11.9,2.1.2+cu121
20260427_080229,2026-04-27T12:13:31.706311,cpu,pytorch,full_mlp_capacity_search_hd512_depth5,/home/liangyi/SRS_AI/Model_AIIC_refactor/experiments_refactored/20260425_135159_full_mlp_capacity_search_v2/full_mlp_capacity_search_hd512_depth5,full_mlp_capacity_search_v2,full_mlp_capacity_search_hd512_depth5,supervised_nmse_plateau,full_mlp,12,6,jit,fp32,float32,32,4,ok,,56.27626,20,50,0.21372874,0.00470645175821446,0.205774,0.2135,0.21985180000000001,0.22297399999999998,0.22609308,0.227077,149722.49403613198,149.72249403613196,213.5,6.671875,37430.623509032994,611984,610304,1222360,sub-physical,0.03125,0.015625,Intel(R) Xeon(R) 6760P,AVX512,"avx2,avx512f,avx512bw,avx512vl,avx512_vnni,avx512_bf16,amx_bf16,amx_int8,amx_tile,fma",True,True,,,,,,256,128,sh14l07002s1404,3.11.9,2.1.2+cu121
20260427_080229,2026-04-27T12:13:31.706311,cpu,pytorch,full_mlp_capacity_search_hd512_depth5,/home/liangyi/SRS_AI/Model_AIIC_refactor/experiments_refactored/20260425_135159_full_mlp_capacity_search_v2/full_mlp_capacity_search_hd512_depth5,full_mlp_capacity_search_v2,full_mlp_capacity_search_hd512_depth5,supervised_nmse_plateau,full_mlp,12,6,jit,fp32,float32,32,8,ok,,54.598104,20,50,0.18527474,0.00456865823983366,0.1761,0.185172,0.19112389999999999,0.19296195,0.19682895999999997,0.199424,172716.4750035542,172.7164750035542,185.172,5.786625,21589.559375444274,611984,610304,1222360,sub-physical,0.0625,0.03125,Intel(R) Xeon(R) 6760P,AVX512,"avx2,avx512f,avx512bw,avx512vl,avx512_vnni,avx512_bf16,amx_bf16,amx_int8,amx_tile,fma",True,True,,,,,,256,128,sh14l07002s1404,3.11.9,2.1.2+cu121
20260427_080229,2026-04-27T12:13:31.706311,cpu,pytorch,full_mlp_capacity_search_hd512_depth5,/home/liangyi/SRS_AI/Model_AIIC_refactor/experiments_refactored/20260425_135159_full_mlp_capacity_search_v2/full_mlp_capacity_search_hd512_depth5,full_mlp_capacity_search_v2,full_mlp_capacity_search_hd512_depth5,supervised_nmse_plateau,full_mlp,12,6,jit,fp32,float32,64,1,ok,,59.493456,20,50,0.49791782,0.024238017544089697,0.482217,0.49497199999999997,0.5042169999999999,0.5061179499999999,0.5983356599999997,0.656188,128535.26712500467,128.53526712500468,494.972,7.7339375,128535.26712500467,611984,610304,1222360,single-thread,0.0078125,0.00390625,Intel(R) Xeon(R) 6760P,AVX512,"avx2,avx512f,avx512bw,avx512vl,avx512_vnni,avx512_bf16,amx_bf16,amx_int8,amx_tile,fma",True,True,,,,,,256,128,sh14l07002s1404,3.11.9,2.1.2+cu121
20260427_080229,2026-04-27T12:13:31.706311,cpu,pytorch,full_mlp_capacity_search_hd512_depth5,/home/liangyi/SRS_AI/Model_AIIC_refactor/experiments_refactored/20260425_135159_full_mlp_capacity_search_v2/full_mlp_capacity_search_hd512_depth5,full_mlp_capacity_search_v2,full_mlp_capacity_search_hd512_depth5,supervised_nmse_plateau,full_mlp,12,6,jit,fp32,float32,64,2,ok,,57.176336,20,50,0.41052924,0.008866310153744908,0.397245,0.409894,0.41884540000000003,0.42263155,0.4385072,0.452678,155896.32543591777,155.89632543591776,409.894,6.40459375,77948.16271795888,611984,610304,1222360,sub-physical,0.015625,0.0078125,Intel(R) Xeon(R) 6760P,AVX512,"avx2,avx512f,avx512bw,avx512vl,avx512_vnni,avx512_bf16,amx_bf16,amx_int8,amx_tile,fma",True,True,,,,,,256,128,sh14l07002s1404,3.11.9,2.1.2+cu121
20260427_080229,2026-04-27T12:13:31.706311,cpu,pytorch,full_mlp_capacity_search_hd512_depth5,/home/liangyi/SRS_AI/Model_AIIC_refactor/experiments_refactored/20260425_135159_full_mlp_capacity_search_v2/full_mlp_capacity_search_hd512_depth5,full_mlp_capacity_search_v2,full_mlp_capacity_search_hd512_depth5,supervised_nmse_plateau,full_mlp,12,6,jit,fp32,float32,64,4,ok,,57.935012,20,50,0.32480598,0.005727925423711454,0.316127,0.3241225,0.33208699999999997,0.3335806,0.33992619,0.340156,197040.70719387618,197.0407071938762,324.1225,5.0644140625,49260.176798469045,611984,610304,1222360,sub-physical,0.03125,0.015625,Intel(R) Xeon(R) 6760P,AVX512,"avx2,avx512f,avx512bw,avx512vl,avx512_vnni,avx512_bf16,amx_bf16,amx_int8,amx_tile,fma",True,True,,,,,,256,128,sh14l07002s1404,3.11.9,2.1.2+cu121
20260427_080229,2026-04-27T12:13:31.706311,cpu,pytorch,full_mlp_capacity_search_hd512_depth5,/home/liangyi/SRS_AI/Model_AIIC_refactor/experiments_refactored/20260425_135159_full_mlp_capacity_search_v2/full_mlp_capacity_search_hd512_depth5,full_mlp_capacity_search_v2,full_mlp_capacity_search_hd512_depth5,supervised_nmse_plateau,full_mlp,12,6,jit,fp32,float32,64,8,ok,,57.395271,20,50,0.28738696,0.005845102671330929,0.275855,0.2869085,0.2943372,0.29683814999999997,0.30150418999999995,0.304135,222696.25594703393,222.69625594703393,286.9085,4.4829453125,27837.03199337924,611984,610304,1222360,sub-physical,0.0625,0.03125,Intel(R) Xeon(R) 6760P,AVX512,"avx2,avx512f,avx512bw,avx512vl,avx512_vnni,avx512_bf16,amx_bf16,amx_int8,amx_tile,fma",True,True,,,,,,256,128,sh14l07002s1404,3.11.9,2.1.2+cu121
20260427_080229,2026-04-27T12:13:31.706311,cpu,pytorch,full_mlp_capacity_search_hd512_depth5,/home/liangyi/SRS_AI/Model_AIIC_refactor/experiments_refactored/20260425_135159_full_mlp_capacity_search_v2/full_mlp_capacity_search_hd512_depth5,full_mlp_capacity_search_v2,full_mlp_capacity_search_hd512_depth5,supervised_nmse_plateau,full_mlp,12,6,jit,fp32,float32,128,1,ok,,60.573569,20,50,0.90425476,0.009129968866452932,0.890904,0.9032789999999999,0.9100054,0.91289195,0.9365318799999999,0.957498,141553.02870620223,141.5530287062022,903.279,7.0568671875,141553.02870620223,611984,610304,1222360,single-thread,0.0078125,0.00390625,Intel(R) Xeon(R) 6760P,AVX512,"avx2,avx512f,avx512bw,avx512vl,avx512_vnni,avx512_bf16,amx_bf16,amx_int8,amx_tile,fma",True,True,,,,,,256,128,sh14l07002s1404,3.11.9,2.1.2+cu121
20260427_080229,2026-04-27T12:13:31.706311,cpu,pytorch,full_mlp_capacity_search_hd512_depth5,/home/liangyi/SRS_AI/Model_AIIC_refactor/experiments_refactored/20260425_135159_full_mlp_capacity_search_v2/full_mlp_capacity_search_hd512_depth5,full_mlp_capacity_search_v2,full_mlp_capacity_search_hd512_depth5,supervised_nmse_plateau,full_mlp,12,6,jit,fp32,float32,128,2,ok,,60.186256,20,50,0.72961604,0.010584184905716647,0.703714,0.7297985,0.7403667,0.7428164,0.75814883,0.767622,175434.73962003356,175.43473962003355,729.7985,5.70155078125,87717.36981001678,611984,610304,1222360,sub-physical,0.015625,0.0078125,Intel(R) Xeon(R) 6760P,AVX512,"avx2,avx512f,avx512bw,avx512vl,avx512_vnni,avx512_bf16,amx_bf16,amx_int8,amx_tile,fma",True,True,,,,,,256,128,sh14l07002s1404,3.11.9,2.1.2+cu121
20260427_080229,2026-04-27T12:13:31.706311,cpu,pytorch,full_mlp_capacity_search_hd512_depth5,/home/liangyi/SRS_AI/Model_AIIC_refactor/experiments_refactored/20260425_135159_full_mlp_capacity_search_v2/full_mlp_capacity_search_hd512_depth5,full_mlp_capacity_search_v2,full_mlp_capacity_search_hd512_depth5,supervised_nmse_plateau,full_mlp,12,6,jit,fp32,float32,128,4,ok,,58.196056,20,50,0.46729534,0.011363966530415335,0.442427,0.466545,0.48016040000000004,0.4860474,0.49771135999999994,0.505814,273916.70543943363,273.91670543943366,466.54499999999996,3.6448828124999997,68479.17635985841,611984,610304,1222360,sub-physical,0.03125,0.015625,Intel(R) Xeon(R) 6760P,AVX512,"avx2,avx512f,avx512bw,avx512vl,avx512_vnni,avx512_bf16,amx_bf16,amx_int8,amx_tile,fma",True,True,,,,,,256,128,sh14l07002s1404,3.11.9,2.1.2+cu121
20260427_080229,2026-04-27T12:13:31.706311,cpu,pytorch,full_mlp_capacity_search_hd512_depth5,/home/liangyi/SRS_AI/Model_AIIC_refactor/experiments_refactored/20260425_135159_full_mlp_capacity_search_v2/full_mlp_capacity_search_hd512_depth5,full_mlp_capacity_search_v2,full_mlp_capacity_search_hd512_depth5,supervised_nmse_plateau,full_mlp,12,6,jit,fp32,float32,128,8,ok,,56.961376,20,50,0.40734984,0.006182437918361979,0.39369,0.407411,0.4147229,0.41543275,0.42052682,0.422233,314226.21891787165,314.2262189178717,407.411,3.1828984375,39278.277364733956,611984,610304,1222360,sub-physical,0.0625,0.03125,Intel(R) Xeon(R) 6760P,AVX512,"avx2,avx512f,avx512bw,avx512vl,avx512_vnni,avx512_bf16,amx_bf16,amx_int8,amx_tile,fma",True,True,,,,,,256,128,sh14l07002s1404,3.11.9,2.1.2+cu121
20260427_080229,2026-04-27T12:13:31.706311,cpu,pytorch,full_mlp_capacity_search_hd512_depth5,/home/liangyi/SRS_AI/Model_AIIC_refactor/experiments_refactored/20260425_135159_full_mlp_capacity_search_v2/full_mlp_capacity_search_hd512_depth5,full_mlp_capacity_search_v2,full_mlp_capacity_search_hd512_depth5,supervised_nmse_plateau,full_mlp,12,6,jit,bf16,bfloat16,1,1,ok,,56.231036,20,50,0.14066004,0.0045325594975024865,0.135409,0.138811,0.1474927,0.15012224999999998,0.15376937,0.156654,7109.339653251913,7.109339653251912,138.81099999999998,138.81099999999998,7109.339653251913,611984,610304,1222360,single-thread,0.0078125,0.00390625,Intel(R) Xeon(R) 6760P,AVX512,"avx2,avx512f,avx512bw,avx512vl,avx512_vnni,avx512_bf16,amx_bf16,amx_int8,amx_tile,fma",True,True,,,,,,256,128,sh14l07002s1404,3.11.9,2.1.2+cu121
20260427_080229,2026-04-27T12:13:31.706311,cpu,pytorch,full_mlp_capacity_search_hd512_depth5,/home/liangyi/SRS_AI/Model_AIIC_refactor/experiments_refactored/20260425_135159_full_mlp_capacity_search_v2/full_mlp_capacity_search_hd512_depth5,full_mlp_capacity_search_v2,full_mlp_capacity_search_hd512_depth5,supervised_nmse_plateau,full_mlp,12,6,jit,bf16,bfloat16,1,2,ok,,55.937224,20,50,0.11133696,0.003967196637223823,0.106785,0.110507,0.11539519999999999,0.1176395,0.12503978,0.131007,8981.743349198685,8.981743349198684,110.50699999999999,110.50699999999999,4490.871674599342,611984,610304,1222360,sub-physical,0.015625,0.0078125,Intel(R) Xeon(R) 6760P,AVX512,"avx2,avx512f,avx512bw,avx512vl,avx512_vnni,avx512_bf16,amx_bf16,amx_int8,amx_tile,fma",True,True,,,,,,256,128,sh14l07002s1404,3.11.9,2.1.2+cu121
20260427_080229,2026-04-27T12:13:31.706311,cpu,pytorch,full_mlp_capacity_search_hd512_depth5,/home/liangyi/SRS_AI/Model_AIIC_refactor/experiments_refactored/20260425_135159_full_mlp_capacity_search_v2/full_mlp_capacity_search_hd512_depth5,full_mlp_capacity_search_v2,full_mlp_capacity_search_hd512_depth5,supervised_nmse_plateau,full_mlp,12,6,jit,bf16,bfloat16,1,4,ok,,56.209375,20,50,0.0982712,0.005901668204838358,0.090692,0.0963625,0.1047388,0.11079104999999999,0.11830156,0.119799,10175.921327917029,10.17592132791703,96.3625,96.3625,2543.9803319792572,611984,610304,1222360,sub-physical,0.03125,0.015625,Intel(R) Xeon(R) 6760P,AVX512,"avx2,avx512f,avx512bw,avx512vl,avx512_vnni,avx512_bf16,amx_bf16,amx_int8,amx_tile,fma",True,True,,,,,,256,128,sh14l07002s1404,3.11.9,2.1.2+cu121
20260427_080229,2026-04-27T12:13:31.706311,cpu,pytorch,full_mlp_capacity_search_hd512_depth5,/home/liangyi/SRS_AI/Model_AIIC_refactor/experiments_refactored/20260425_135159_full_mlp_capacity_search_v2/full_mlp_capacity_search_hd512_depth5,full_mlp_capacity_search_v2,full_mlp_capacity_search_hd512_depth5,supervised_nmse_plateau,full_mlp,12,6,jit,bf16,bfloat16,1,8,ok,,54.114651,20,50,0.097889,0.007847894777582074,0.088868,0.094899,0.10838740000000001,0.11375165,0.11747052,0.118868,10215.652422641971,10.215652422641972,94.899,94.899,1276.9565528302464,611984,610304,1222360,sub-physical,0.0625,0.03125,Intel(R) Xeon(R) 6760P,AVX512,"avx2,avx512f,avx512bw,avx512vl,avx512_vnni,avx512_bf16,amx_bf16,amx_int8,amx_tile,fma",True,True,,,,,,256,128,sh14l07002s1404,3.11.9,2.1.2+cu121
20260427_080229,2026-04-27T12:13:31.706311,cpu,pytorch,full_mlp_capacity_search_hd512_depth5,/home/liangyi/SRS_AI/Model_AIIC_refactor/experiments_refactored/20260425_135159_full_mlp_capacity_search_v2/full_mlp_capacity_search_hd512_depth5,full_mlp_capacity_search_v2,full_mlp_capacity_search_hd512_depth5,supervised_nmse_plateau,full_mlp,12,6,jit,bf16,bfloat16,2,1,ok,,56.221075,20,50,0.14096294,0.006396834443410271,0.131512,0.13993100000000003,0.1480337,0.15392955,0.16070248999999998,0.163495,14188.126325969079,14.188126325969078,139.93100000000004,69.96550000000002,14188.126325969079,611984,610304,1222360,single-thread,0.0078125,0.00390625,Intel(R) Xeon(R) 6760P,AVX512,"avx2,avx512f,avx512bw,avx512vl,avx512_vnni,avx512_bf16,amx_bf16,amx_int8,amx_tile,fma",True,True,,,,,,256,128,sh14l07002s1404,3.11.9,2.1.2+cu121
20260427_080229,2026-04-27T12:13:31.706311,cpu,pytorch,full_mlp_capacity_search_hd512_depth5,/home/liangyi/SRS_AI/Model_AIIC_refactor/experiments_refactored/20260425_135159_full_mlp_capacity_search_v2/full_mlp_capacity_search_hd512_depth5,full_mlp_capacity_search_v2,full_mlp_capacity_search_hd512_depth5,supervised_nmse_plateau,full_mlp,12,6,jit,bf16,bfloat16,2,2,ok,,56.129979,20,50,0.12254094,0.004882337847425146,0.116952,0.120792,0.12856610000000002,0.1320584,0.13662392999999998,0.140271,16321.076042015018,16.32107604201502,120.792,60.396,8160.538021007509,611984,610304,1222360,sub-physical,0.015625,0.0078125,Intel(R) Xeon(R) 6760P,AVX512,"avx2,avx512f,avx512bw,avx512vl,avx512_vnni,avx512_bf16,amx_bf16,amx_int8,amx_tile,fma",True,True,,,,,,256,128,sh14l07002s1404,3.11.9,2.1.2+cu121
20260427_080229,2026-04-27T12:13:31.706311,cpu,pytorch,full_mlp_capacity_search_hd512_depth5,/home/liangyi/SRS_AI/Model_AIIC_refactor/experiments_refactored/20260425_135159_full_mlp_capacity_search_v2/full_mlp_capacity_search_hd512_depth5,full_mlp_capacity_search_v2,full_mlp_capacity_search_hd512_depth5,supervised_nmse_plateau,full_mlp,12,6,jit,bf16,bfloat16,2,4,ok,,54.318662,20,50,0.10375966,0.004768131007470327,0.097002,0.102301,0.1086412,0.11310949999999997,0.11898885999999999,0.121579,19275.31373946291,19.27531373946291,102.301,51.1505,4818.828434865727,611984,610304,1222360,sub-physical,0.03125,0.015625,Intel(R) Xeon(R) 6760P,AVX512,"avx2,avx512f,avx512bw,avx512vl,avx512_vnni,avx512_bf16,amx_bf16,amx_int8,amx_tile,fma",True,True,,,,,,256,128,sh14l07002s1404,3.11.9,2.1.2+cu121
20260427_080229,2026-04-27T12:13:31.706311,cpu,pytorch,full_mlp_capacity_search_hd512_depth5,/home/liangyi/SRS_AI/Model_AIIC_refactor/experiments_refactored/20260425_135159_full_mlp_capacity_search_v2/full_mlp_capacity_search_hd512_depth5,full_mlp_capacity_search_v2,full_mlp_capacity_search_hd512_depth5,supervised_nmse_plateau,full_mlp,12,6,jit,bf16,bfloat16,2,8,ok,,55.627658,20,50,0.10526722,0.007339633582924967,0.096682,0.10230349999999999,0.1165119,0.1172373,0.12269485999999998,0.126853,18999.266818293483,18.99926681829348,102.30349999999999,51.15174999999999,2374.9083522866854,611984,610304,1222360,sub-physical,0.0625,0.03125,Intel(R) Xeon(R) 6760P,AVX512,"avx2,avx512f,avx512bw,avx512vl,avx512_vnni,avx512_bf16,amx_bf16,amx_int8,amx_tile,fma",True,True,,,,,,256,128,sh14l07002s1404,3.11.9,2.1.2+cu121
20260427_080229,2026-04-27T12:13:31.706311,cpu,pytorch,full_mlp_capacity_search_hd512_depth5,/home/liangyi/SRS_AI/Model_AIIC_refactor/experiments_refactored/20260425_135159_full_mlp_capacity_search_v2/full_mlp_capacity_search_hd512_depth5,full_mlp_capacity_search_v2,full_mlp_capacity_search_hd512_depth5,supervised_nmse_plateau,full_mlp,12,6,jit,bf16,bfloat16,4,1,ok,,56.350418,20,50,0.14211888,0.0048361745197624964,0.13747,0.1405435,0.14753039999999998,0.1500297,0.15915284,0.162036,28145.451188469822,28.14545118846982,140.5435,35.135875,28145.451188469822,611984,610304,1222360,single-thread,0.0078125,0.00390625,Intel(R) Xeon(R) 6760P,AVX512,"avx2,avx512f,avx512bw,avx512vl,avx512_vnni,avx512_bf16,amx_bf16,amx_int8,amx_tile,fma",True,True,,,,,,256,128,sh14l07002s1404,3.11.9,2.1.2+cu121
20260427_080229,2026-04-27T12:13:31.706311,cpu,pytorch,full_mlp_capacity_search_hd512_depth5,/home/liangyi/SRS_AI/Model_AIIC_refactor/experiments_refactored/20260425_135159_full_mlp_capacity_search_v2/full_mlp_capacity_search_hd512_depth5,full_mlp_capacity_search_v2,full_mlp_capacity_search_hd512_depth5,supervised_nmse_plateau,full_mlp,12,6,jit,bf16,bfloat16,4,2,ok,,54.959363,20,50,0.13182914,0.007037347591273291,0.121227,0.1294585,0.1412007,0.14235575,0.15587476999999997,0.160886,30342.30519898711,30.34230519898711,129.45850000000002,32.364625000000004,15171.152599493555,611984,610304,1222360,sub-physical,0.015625,0.0078125,Intel(R) Xeon(R) 6760P,AVX512,"avx2,avx512f,avx512bw,avx512vl,avx512_vnni,avx512_bf16,amx_bf16,amx_int8,amx_tile,fma",True,True,,,,,,256,128,sh14l07002s1404,3.11.9,2.1.2+cu121
20260427_080229,2026-04-27T12:13:31.706311,cpu,pytorch,full_mlp_capacity_search_hd512_depth5,/home/liangyi/SRS_AI/Model_AIIC_refactor/experiments_refactored/20260425_135159_full_mlp_capacity_search_v2/full_mlp_capacity_search_hd512_depth5,full_mlp_capacity_search_v2,full_mlp_capacity_search_hd512_depth5,supervised_nmse_plateau,full_mlp,12,6,jit,bf16,bfloat16,4,4,ok,,55.769497,20,50,0.11434314,0.0074984552409412975,0.105257,0.1116415,0.1254431,0.12734095,0.13675726,0.140984,34982.42220740134,34.982422207401335,111.64150000000001,27.910375000000002,8745.605551850334,611984,610304,1222360,sub-physical,0.03125,0.015625,Intel(R) Xeon(R) 6760P,AVX512,"avx2,avx512f,avx512bw,avx512vl,avx512_vnni,avx512_bf16,amx_bf16,amx_int8,amx_tile,fma",True,True,,,,,,256,128,sh14l07002s1404,3.11.9,2.1.2+cu121
20260427_080229,2026-04-27T12:13:31.706311,cpu,pytorch,full_mlp_capacity_search_hd512_depth5,/home/liangyi/SRS_AI/Model_AIIC_refactor/experiments_refactored/20260425_135159_full_mlp_capacity_search_v2/full_mlp_capacity_search_hd512_depth5,full_mlp_capacity_search_v2,full_mlp_capacity_search_hd512_depth5,supervised_nmse_plateau,full_mlp,12,6,jit,bf16,bfloat16,4,8,ok,,54.075447,20,50,0.111633,0.00729485242893919,0.103215,0.10859450000000001,0.1213104,0.12735069999999998,0.13290695,0.134791,35831.69851208872,35.83169851208872,108.59450000000001,27.148625000000003,4478.96231401109,611984,610304,1222360,sub-physical,0.0625,0.03125,Intel(R) Xeon(R) 6760P,AVX512,"avx2,avx512f,avx512bw,avx512vl,avx512_vnni,avx512_bf16,amx_bf16,amx_int8,amx_tile,fma",True,True,,,,,,256,128,sh14l07002s1404,3.11.9,2.1.2+cu121
20260427_080229,2026-04-27T12:13:31.706311,cpu,pytorch,full_mlp_capacity_search_hd512_depth5,/home/liangyi/SRS_AI/Model_AIIC_refactor/experiments_refactored/20260425_135159_full_mlp_capacity_search_v2/full_mlp_capacity_search_hd512_depth5,full_mlp_capacity_search_v2,full_mlp_capacity_search_hd512_depth5,supervised_nmse_plateau,full_mlp,12,6,jit,bf16,bfloat16,8,1,ok,,56.184618,20,50,0.15527406,0.006604707634437726,0.148956,0.15298250000000002,0.1644122,0.16726565,0.17696345999999996,0.183356,51521.806024779675,51.52180602477967,152.98250000000002,19.122812500000002,51521.806024779675,611984,610304,1222360,single-thread,0.0078125,0.00390625,Intel(R) Xeon(R) 6760P,AVX512,"avx2,avx512f,avx512bw,avx512vl,avx512_vnni,avx512_bf16,amx_bf16,amx_int8,amx_tile,fma",True,True,,,,,,256,128,sh14l07002s1404,3.11.9,2.1.2+cu121
20260427_080229,2026-04-27T12:13:31.706311,cpu,pytorch,full_mlp_capacity_search_hd512_depth5,/home/liangyi/SRS_AI/Model_AIIC_refactor/experiments_refactored/20260425_135159_full_mlp_capacity_search_v2/full_mlp_capacity_search_hd512_depth5,full_mlp_capacity_search_v2,full_mlp_capacity_search_hd512_depth5,supervised_nmse_plateau,full_mlp,12,6,jit,bf16,bfloat16,8,2,ok,,55.464728,20,50,0.13649626,0.005414457726531809,0.129456,0.13523200000000002,0.1417503,0.1444553,0.15697788,0.158834,58609.66446992759,58.609664469927594,135.23200000000003,16.904000000000003,29304.832234963797,611984,610304,1222360,sub-physical,0.015625,0.0078125,Intel(R) Xeon(R) 6760P,AVX512,"avx2,avx512f,avx512bw,avx512vl,avx512_vnni,avx512_bf16,amx_bf16,amx_int8,amx_tile,fma",True,True,,,,,,256,128,sh14l07002s1404,3.11.9,2.1.2+cu121
20260427_080229,2026-04-27T12:13:31.706311,cpu,pytorch,full_mlp_capacity_search_hd512_depth5,/home/liangyi/SRS_AI/Model_AIIC_refactor/experiments_refactored/20260425_135159_full_mlp_capacity_search_v2/full_mlp_capacity_search_hd512_depth5,full_mlp_capacity_search_v2,full_mlp_capacity_search_hd512_depth5,supervised_nmse_plateau,full_mlp,12,6,jit,bf16,bfloat16,8,4,ok,,56.19575,20,50,0.12203102,0.007208116004865625,0.113082,0.1202825,0.13416060000000002,0.13830694999999998,0.14314204,0.145643,65557.10179264256,65.55710179264256,120.2825,15.0353125,16389.27544816064,611984,610304,1222360,sub-physical,0.03125,0.015625,Intel(R) Xeon(R) 6760P,AVX512,"avx2,avx512f,avx512bw,avx512vl,avx512_vnni,avx512_bf16,amx_bf16,amx_int8,amx_tile,fma",True,True,,,,,,256,128,sh14l07002s1404,3.11.9,2.1.2+cu121
20260427_080229,2026-04-27T12:13:31.706311,cpu,pytorch,full_mlp_capacity_search_hd512_depth5,/home/liangyi/SRS_AI/Model_AIIC_refactor/experiments_refactored/20260425_135159_full_mlp_capacity_search_v2/full_mlp_capacity_search_hd512_depth5,full_mlp_capacity_search_v2,full_mlp_capacity_search_hd512_depth5,supervised_nmse_plateau,full_mlp,12,6,jit,bf16,bfloat16,8,8,ok,,53.81415,20,50,0.12094592,0.00746042555579774,0.111548,0.1176105,0.1313698,0.1336462,0.14366441,0.145032,66145.26558647038,66.14526558647039,117.6105,14.7013125,8268.158198308798,611984,610304,1222360,sub-physical,0.0625,0.03125,Intel(R) Xeon(R) 6760P,AVX512,"avx2,avx512f,avx512bw,avx512vl,avx512_vnni,avx512_bf16,amx_bf16,amx_int8,amx_tile,fma",True,True,,,,,,256,128,sh14l07002s1404,3.11.9,2.1.2+cu121
20260427_080229,2026-04-27T12:13:31.706311,cpu,pytorch,full_mlp_capacity_search_hd512_depth5,/home/liangyi/SRS_AI/Model_AIIC_refactor/experiments_refactored/20260425_135159_full_mlp_capacity_search_v2/full_mlp_capacity_search_hd512_depth5,full_mlp_capacity_search_v2,full_mlp_capacity_search_hd512_depth5,supervised_nmse_plateau,full_mlp,12,6,jit,bf16,bfloat16,16,1,ok,,55.226916,20,50,0.17416186,0.006414770720797433,0.165395,0.1735875,0.1816533,0.18394595,0.19391622999999997,0.200175,91868.56410467825,91.86856410467826,173.5875,10.84921875,91868.56410467825,611984,610304,1222360,single-thread,0.0078125,0.00390625,Intel(R) Xeon(R) 6760P,AVX512,"avx2,avx512f,avx512bw,avx512vl,avx512_vnni,avx512_bf16,amx_bf16,amx_int8,amx_tile,fma",True,True,,,,,,256,128,sh14l07002s1404,3.11.9,2.1.2+cu121
20260427_080229,2026-04-27T12:13:31.706311,cpu,pytorch,full_mlp_capacity_search_hd512_depth5,/home/liangyi/SRS_AI/Model_AIIC_refactor/experiments_refactored/20260425_135159_full_mlp_capacity_search_v2/full_mlp_capacity_search_hd512_depth5,full_mlp_capacity_search_v2,full_mlp_capacity_search_hd512_depth5,supervised_nmse_plateau,full_mlp,12,6,jit,bf16,bfloat16,16,2,ok,,56.854757,20,50,0.1598041,0.0055978264505073755,0.150698,0.1586255,0.166964,0.17070380000000002,0.17640655,0.176507,100122.5875931844,100.1225875931844,158.62550000000002,9.914093750000001,50061.2937965922,611984,610304,1222360,sub-physical,0.015625,0.0078125,Intel(R) Xeon(R) 6760P,AVX512,"avx2,avx512f,avx512bw,avx512vl,avx512_vnni,avx512_bf16,amx_bf16,amx_int8,amx_tile,fma",True,True,,,,,,256,128,sh14l07002s1404,3.11.9,2.1.2+cu121
20260427_080229,2026-04-27T12:13:31.706311,cpu,pytorch,full_mlp_capacity_search_hd512_depth5,/home/liangyi/SRS_AI/Model_AIIC_refactor/experiments_refactored/20260425_135159_full_mlp_capacity_search_v2/full_mlp_capacity_search_hd512_depth5,full_mlp_capacity_search_v2,full_mlp_capacity_search_hd512_depth5,supervised_nmse_plateau,full_mlp,12,6,jit,bf16,bfloat16,16,4,ok,,54.042698,20,50,0.14332258,0.006002432100707179,0.133074,0.142849,0.15201220000000001,0.15427805,0.15854696,0.161779,111636.28229410887,111.63628229410887,142.849,8.9280625,27909.070573527217,611984,610304,1222360,sub-physical,0.03125,0.015625,Intel(R) Xeon(R) 6760P,AVX512,"avx2,avx512f,avx512bw,avx512vl,avx512_vnni,avx512_bf16,amx_bf16,amx_int8,amx_tile,fma",True,True,,,,,,256,128,sh14l07002s1404,3.11.9,2.1.2+cu121
20260427_080229,2026-04-27T12:13:31.706311,cpu,pytorch,full_mlp_capacity_search_hd512_depth5,/home/liangyi/SRS_AI/Model_AIIC_refactor/experiments_refactored/20260425_135159_full_mlp_capacity_search_v2/full_mlp_capacity_search_hd512_depth5,full_mlp_capacity_search_v2,full_mlp_capacity_search_hd512_depth5,supervised_nmse_plateau,full_mlp,12,6,jit,bf16,bfloat16,16,8,ok,,54.559739,20,50,0.14372112,0.005744500596709867,0.135359,0.1431685,0.1521308,0.15228235,0.15922326999999997,0.164112,111326.71384692799,111.32671384692799,143.1685,8.94803125,13915.839230865999,611984,610304,1222360,sub-physical,0.0625,0.03125,Intel(R) Xeon(R) 6760P,AVX512,"avx2,avx512f,avx512bw,avx512vl,avx512_vnni,avx512_bf16,amx_bf16,amx_int8,amx_tile,fma",True,True,,,,,,256,128,sh14l07002s1404,3.11.9,2.1.2+cu121
20260427_080229,2026-04-27T12:13:31.706311,cpu,pytorch,full_mlp_capacity_search_hd512_depth5,/home/liangyi/SRS_AI/Model_AIIC_refactor/experiments_refactored/20260425_135159_full_mlp_capacity_search_v2/full_mlp_capacity_search_hd512_depth5,full_mlp_capacity_search_v2,full_mlp_capacity_search_hd512_depth5,supervised_nmse_plateau,full_mlp,12,6,jit,bf16,bfloat16,32,1,ok,,57.557517,20,50,0.19971632,0.008798125803692512,0.186461,0.200552,0.210359,0.2162108,0.21919175999999999,0.220307,160227.26635459735,160.22726635459736,200.55200000000002,6.267250000000001,160227.26635459735,611984,610304,1222360,single-thread,0.0078125,0.00390625,Intel(R) Xeon(R) 6760P,AVX512,"avx2,avx512f,avx512bw,avx512vl,avx512_vnni,avx512_bf16,amx_bf16,amx_int8,amx_tile,fma",True,True,,,,,,256,128,sh14l07002s1404,3.11.9,2.1.2+cu121
20260427_080229,2026-04-27T12:13:31.706311,cpu,pytorch,full_mlp_capacity_search_hd512_depth5,/home/liangyi/SRS_AI/Model_AIIC_refactor/experiments_refactored/20260425_135159_full_mlp_capacity_search_v2/full_mlp_capacity_search_hd512_depth5,full_mlp_capacity_search_v2,full_mlp_capacity_search_hd512_depth5,supervised_nmse_plateau,full_mlp,12,6,jit,bf16,bfloat16,32,2,ok,,57.428094,20,50,0.19616416,0.005410710272635192,0.186516,0.19506649999999998,0.203632,0.2068051,0.21269318999999998,0.214687,163128.6775321241,163.1286775321241,195.06649999999996,6.095828124999999,81564.33876606205,611984,610304,1222360,sub-physical,0.015625,0.0078125,Intel(R) Xeon(R) 6760P,AVX512,"avx2,avx512f,avx512bw,avx512vl,avx512_vnni,avx512_bf16,amx_bf16,amx_int8,amx_tile,fma",True,True,,,,,,256,128,sh14l07002s1404,3.11.9,2.1.2+cu121
20260427_080229,2026-04-27T12:13:31.706311,cpu,pytorch,full_mlp_capacity_search_hd512_depth5,/home/liangyi/SRS_AI/Model_AIIC_refactor/experiments_refactored/20260425_135159_full_mlp_capacity_search_v2/full_mlp_capacity_search_hd512_depth5,full_mlp_capacity_search_v2,full_mlp_capacity_search_hd512_depth5,supervised_nmse_plateau,full_mlp,12,6,jit,bf16,bfloat16,32,4,ok,,55.466622,20,50,0.18021562,0.004525356714735315,0.171578,0.179404,0.1863639,0.1878136,0.19195410999999998,0.194581,177565.0745479221,177.56507454792208,179.404,5.606375,44391.26863698052,611984,610304,1222360,sub-physical,0.03125,0.015625,Intel(R) Xeon(R) 6760P,AVX512,"avx2,avx512f,avx512bw,avx512vl,avx512_vnni,avx512_bf16,amx_bf16,amx_int8,amx_tile,fma",True,True,,,,,,256,128,sh14l07002s1404,3.11.9,2.1.2+cu121
20260427_080229,2026-04-27T12:13:31.706311,cpu,pytorch,full_mlp_capacity_search_hd512_depth5,/home/liangyi/SRS_AI/Model_AIIC_refactor/experiments_refactored/20260425_135159_full_mlp_capacity_search_v2/full_mlp_capacity_search_hd512_depth5,full_mlp_capacity_search_v2,full_mlp_capacity_search_hd512_depth5,supervised_nmse_plateau,full_mlp,12,6,jit,bf16,bfloat16,32,8,ok,,54.990753,20,50,0.18049554,0.005556590613712694,0.167759,0.17986649999999998,0.18735000000000002,0.190235,0.1921728,0.193486,177289.69923578165,177.28969923578165,179.86649999999997,5.620828124999999,22161.212404472706,611984,610304,1222360,sub-physical,0.0625,0.03125,Intel(R) Xeon(R) 6760P,AVX512,"avx2,avx512f,avx512bw,avx512vl,avx512_vnni,avx512_bf16,amx_bf16,amx_int8,amx_tile,fma",True,True,,,,,,256,128,sh14l07002s1404,3.11.9,2.1.2+cu121
20260427_080229,2026-04-27T12:13:31.706311,cpu,pytorch,full_mlp_capacity_search_hd512_depth5,/home/liangyi/SRS_AI/Model_AIIC_refactor/experiments_refactored/20260425_135159_full_mlp_capacity_search_v2/full_mlp_capacity_search_hd512_depth5,full_mlp_capacity_search_v2,full_mlp_capacity_search_hd512_depth5,supervised_nmse_plateau,full_mlp,12,6,jit,bf16,bfloat16,64,1,ok,,58.990463,20,50,0.25182022,0.010962018402265157,0.242999,0.2475655,0.26132299999999997,0.27025855,0.29474880999999997,0.30182,254149.56749700246,254.14956749700247,247.5655,3.8682109375,254149.56749700246,611984,610304,1222360,single-thread,0.0078125,0.00390625,Intel(R) Xeon(R) 6760P,AVX512,"avx2,avx512f,avx512bw,avx512vl,avx512_vnni,avx512_bf16,amx_bf16,amx_int8,amx_tile,fma",True,True,,,,,,256,128,sh14l07002s1404,3.11.9,2.1.2+cu121
20260427_080229,2026-04-27T12:13:31.706311,cpu,pytorch,full_mlp_capacity_search_hd512_depth5,/home/liangyi/SRS_AI/Model_AIIC_refactor/experiments_refactored/20260425_135159_full_mlp_capacity_search_v2/full_mlp_capacity_search_hd512_depth5,full_mlp_capacity_search_v2,full_mlp_capacity_search_hd512_depth5,supervised_nmse_plateau,full_mlp,12,6,jit,bf16,bfloat16,64,2,ok,,58.067252,20,50,0.26780206,0.009001695850027375,0.251086,0.2667035,0.27963899999999997,0.2832425,0.29179415999999997,0.296898,238982.47832746318,238.98247832746318,266.70349999999996,4.167242187499999,119491.23916373159,611984,610304,1222360,sub-physical,0.015625,0.0078125,Intel(R) Xeon(R) 6760P,AVX512,"avx2,avx512f,avx512bw,avx512vl,avx512_vnni,avx512_bf16,amx_bf16,amx_int8,amx_tile,fma",True,True,,,,,,256,128,sh14l07002s1404,3.11.9,2.1.2+cu121
20260427_080229,2026-04-27T12:13:31.706311,cpu,pytorch,full_mlp_capacity_search_hd512_depth5,/home/liangyi/SRS_AI/Model_AIIC_refactor/experiments_refactored/20260425_135159_full_mlp_capacity_search_v2/full_mlp_capacity_search_hd512_depth5,full_mlp_capacity_search_v2,full_mlp_capacity_search_hd512_depth5,supervised_nmse_plateau,full_mlp,12,6,jit,bf16,bfloat16,64,4,ok,,57.037293,20,50,0.25433144,0.007151500917038325,0.238891,0.25487899999999997,0.2615783,0.26413165,0.27344107,0.27832,251640.14327131555,251.64014327131557,254.87899999999996,3.9824843749999994,62910.03581782889,611984,610304,1222360,sub-physical,0.03125,0.015625,Intel(R) Xeon(R) 6760P,AVX512,"avx2,avx512f,avx512bw,avx512vl,avx512_vnni,avx512_bf16,amx_bf16,amx_int8,amx_tile,fma",True,True,,,,,,256,128,sh14l07002s1404,3.11.9,2.1.2+cu121
20260427_080229,2026-04-27T12:13:31.706311,cpu,pytorch,full_mlp_capacity_search_hd512_depth5,/home/liangyi/SRS_AI/Model_AIIC_refactor/experiments_refactored/20260425_135159_full_mlp_capacity_search_v2/full_mlp_capacity_search_hd512_depth5,full_mlp_capacity_search_v2,full_mlp_capacity_search_hd512_depth5,supervised_nmse_plateau,full_mlp,12,6,jit,bf16,bfloat16,64,8,ok,,56.340636,20,50,0.25035446,0.005519524302727544,0.23691,0.24978450000000002,0.2566444,0.2593318,0.25968485,0.259849,255637.54686055923,255.63754686055924,249.7845,3.9028828125,31954.693357569904,611984,610304,1222360,sub-physical,0.0625,0.03125,Intel(R) Xeon(R) 6760P,AVX512,"avx2,avx512f,avx512bw,avx512vl,avx512_vnni,avx512_bf16,amx_bf16,amx_int8,amx_tile,fma",True,True,,,,,,256,128,sh14l07002s1404,3.11.9,2.1.2+cu121
20260427_080229,2026-04-27T12:13:31.706311,cpu,pytorch,full_mlp_capacity_search_hd512_depth5,/home/liangyi/SRS_AI/Model_AIIC_refactor/experiments_refactored/20260425_135159_full_mlp_capacity_search_v2/full_mlp_capacity_search_hd512_depth5,full_mlp_capacity_search_v2,full_mlp_capacity_search_hd512_depth5,supervised_nmse_plateau,full_mlp,12,6,jit,bf16,bfloat16,128,1,ok,,57.921352,20,50,0.360194,0.005478689854335612,0.352145,0.3586745,0.3663321,0.37036169999999996,0.37490061,0.37716,355364.0538154439,355.36405381544387,358.6745,2.80214453125,355364.0538154439,611984,610304,1222360,single-thread,0.0078125,0.00390625,Intel(R) Xeon(R) 6760P,AVX512,"avx2,avx512f,avx512bw,avx512vl,avx512_vnni,avx512_bf16,amx_bf16,amx_int8,amx_tile,fma",True,True,,,,,,256,128,sh14l07002s1404,3.11.9,2.1.2+cu121
20260427_080229,2026-04-27T12:13:31.706311,cpu,pytorch,full_mlp_capacity_search_hd512_depth5,/home/liangyi/SRS_AI/Model_AIIC_refactor/experiments_refactored/20260425_135159_full_mlp_capacity_search_v2/full_mlp_capacity_search_hd512_depth5,full_mlp_capacity_search_v2,full_mlp_capacity_search_hd512_depth5,supervised_nmse_plateau,full_mlp,12,6,jit,bf16,bfloat16,128,2,ok,,60.047536,20,50,0.37428782,0.014403766083479697,0.359621,0.37203149999999996,0.3854704,0.3905064,0.4284406399999999,0.45895,341982.80884480826,341.98280884480823,372.03149999999994,2.9064960937499995,170991.40442240413,611984,610304,1222360,sub-physical,0.015625,0.0078125,Intel(R) Xeon(R) 6760P,AVX512,"avx2,avx512f,avx512bw,avx512vl,avx512_vnni,avx512_bf16,amx_bf16,amx_int8,amx_tile,fma",True,True,,,,,,256,128,sh14l07002s1404,3.11.9,2.1.2+cu121
20260427_080229,2026-04-27T12:13:31.706311,cpu,pytorch,full_mlp_capacity_search_hd512_depth5,/home/liangyi/SRS_AI/Model_AIIC_refactor/experiments_refactored/20260425_135159_full_mlp_capacity_search_v2/full_mlp_capacity_search_hd512_depth5,full_mlp_capacity_search_v2,full_mlp_capacity_search_hd512_depth5,supervised_nmse_plateau,full_mlp,12,6,jit,bf16,bfloat16,128,4,ok,,56.89302,20,50,0.33958582,0.006719432513806507,0.328345,0.33992100000000003,0.3473447,0.34864945,0.35702291999999997,0.362164,376929.75519413623,376.92975519413625,339.92100000000005,2.6556328125000004,94232.43879853406,611984,610304,1222360,sub-physical,0.03125,0.015625,Intel(R) Xeon(R) 6760P,AVX512,"avx2,avx512f,avx512bw,avx512vl,avx512_vnni,avx512_bf16,amx_bf16,amx_int8,amx_tile,fma",True,True,,,,,,256,128,sh14l07002s1404,3.11.9,2.1.2+cu121
20260427_080229,2026-04-27T12:13:31.706311,cpu,pytorch,full_mlp_capacity_search_hd512_depth5,/home/liangyi/SRS_AI/Model_AIIC_refactor/experiments_refactored/20260425_135159_full_mlp_capacity_search_v2/full_mlp_capacity_search_hd512_depth5,full_mlp_capacity_search_v2,full_mlp_capacity_search_hd512_depth5,supervised_nmse_plateau,full_mlp,12,6,jit,bf16,bfloat16,128,8,ok,,57.286872,20,50,0.32824438,0.0067187940343189576,0.313752,0.32862199999999997,0.3375481,0.33890155,0.33961673,0.340069,389953.3634056431,389.9533634056431,328.62199999999996,2.5673593749999997,48744.170425705386,611984,610304,1222360,sub-physical,0.0625,0.03125,Intel(R) Xeon(R) 6760P,AVX512,"avx2,avx512f,avx512bw,avx512vl,avx512_vnni,avx512_bf16,amx_bf16,amx_int8,amx_tile,fma",True,True,,,,,,256,128,sh14l07002s1404,3.11.9,2.1.2+cu121
20260427_080229,2026-04-27T12:13:31.706311,cpu,pytorch,full_mlp_capacity_search_hd512_depth5,/home/liangyi/SRS_AI/Model_AIIC_refactor/experiments_refactored/20260425_135159_full_mlp_capacity_search_v2/full_mlp_capacity_search_hd512_depth5,full_mlp_capacity_search_v2,full_mlp_capacity_search_hd512_depth5,supervised_nmse_plateau,full_mlp,12,6,compile,fp32,float32,1,1,ok,,498.984352,20,50,0.14511484,0.012456773123662482,0.126355,0.14181749999999999,0.1634353,0.16958535,0.17150527999999998,0.172646,6891.093977707587,6.8910939777075875,141.8175,141.8175,6891.093977707587,611984,610304,1222360,single-thread,0.0078125,0.00390625,Intel(R) Xeon(R) 6760P,AVX512,"avx2,avx512f,avx512bw,avx512vl,avx512_vnni,avx512_bf16,amx_bf16,amx_int8,amx_tile,fma",True,True,,,,,,256,128,sh14l07002s1404,3.11.9,2.1.2+cu121
20260427_080229,2026-04-27T12:13:31.706311,cpu,pytorch,full_mlp_capacity_search_hd512_depth5,/home/liangyi/SRS_AI/Model_AIIC_refactor/experiments_refactored/20260425_135159_full_mlp_capacity_search_v2/full_mlp_capacity_search_hd512_depth5,full_mlp_capacity_search_v2,full_mlp_capacity_search_hd512_depth5,supervised_nmse_plateau,full_mlp,12,6,compile,fp32,float32,1,2,ok,,512.770002,20,50,0.13884396,0.017725902902769156,0.104669,0.1467,0.1521854,0.15548485,0.15843316,0.160009,7202.329867284108,7.202329867284108,146.7,146.7,3601.164933642054,611984,610304,1222360,sub-physical,0.015625,0.0078125,Intel(R) Xeon(R) 6760P,AVX512,"avx2,avx512f,avx512bw,avx512vl,avx512_vnni,avx512_bf16,amx_bf16,amx_int8,amx_tile,fma",True,True,,,,,,256,128,sh14l07002s1404,3.11.9,2.1.2+cu121
20260427_080229,2026-04-27T12:13:31.706311,cpu,pytorch,full_mlp_capacity_search_hd512_depth5,/home/liangyi/SRS_AI/Model_AIIC_refactor/experiments_refactored/20260425_135159_full_mlp_capacity_search_v2/full_mlp_capacity_search_hd512_depth5,full_mlp_capacity_search_v2,full_mlp_capacity_search_hd512_depth5,supervised_nmse_plateau,full_mlp,12,6,compile,fp32,float32,1,4,ok,,515.257711,20,50,0.09348048,0.002687627528062622,0.09034,0.09271199999999999,0.0967208,0.09987965,0.10199443999999999,0.102849,10697.420466818314,10.697420466818313,92.71199999999999,92.71199999999999,2674.3551167045784,611984,610304,1222360,sub-physical,0.03125,0.015625,Intel(R) Xeon(R) 6760P,AVX512,"avx2,avx512f,avx512bw,avx512vl,avx512_vnni,avx512_bf16,amx_bf16,amx_int8,amx_tile,fma",True,True,,,,,,256,128,sh14l07002s1404,3.11.9,2.1.2+cu121
20260427_080229,2026-04-27T12:13:31.706311,cpu,pytorch,full_mlp_capacity_search_hd512_depth5,/home/liangyi/SRS_AI/Model_AIIC_refactor/experiments_refactored/20260425_135159_full_mlp_capacity_search_v2/full_mlp_capacity_search_hd512_depth5,full_mlp_capacity_search_v2,full_mlp_capacity_search_hd512_depth5,supervised_nmse_plateau,full_mlp,12,6,compile,fp32,float32,1,8,ok,,517.629954,20,50,0.08170856,0.0023587756413868625,0.078592,0.081052,0.0843579,0.08630565,0.08930452,0.089967,12238.619796995567,12.238619796995566,81.05199999999999,81.05199999999999,1529.8274746244458,611984,610304,1222360,sub-physical,0.0625,0.03125,Intel(R) Xeon(R) 6760P,AVX512,"avx2,avx512f,avx512bw,avx512vl,avx512_vnni,avx512_bf16,amx_bf16,amx_int8,amx_tile,fma",True,True,,,,,,256,128,sh14l07002s1404,3.11.9,2.1.2+cu121
20260427_080229,2026-04-27T12:13:31.706311,cpu,pytorch,full_mlp_capacity_search_hd512_depth5,/home/liangyi/SRS_AI/Model_AIIC_refactor/experiments_refactored/20260425_135159_full_mlp_capacity_search_v2/full_mlp_capacity_search_hd512_depth5,full_mlp_capacity_search_v2,full_mlp_capacity_search_hd512_depth5,supervised_nmse_plateau,full_mlp,12,6,compile,fp32,float32,2,1,ok,,494.42752,20,50,0.15535538,0.012785634986014576,0.137635,0.151974,0.1707397,0.18043495,0.18708367999999997,0.190792,12873.70929799792,12.873709297997921,151.974,75.987,12873.70929799792,611984,610304,1222360,single-thread,0.0078125,0.00390625,Intel(R) Xeon(R) 6760P,AVX512,"avx2,avx512f,avx512bw,avx512vl,avx512_vnni,avx512_bf16,amx_bf16,amx_int8,amx_tile,fma",True,True,,,,,,256,128,sh14l07002s1404,3.11.9,2.1.2+cu121
20260427_080229,2026-04-27T12:13:31.706311,cpu,pytorch,full_mlp_capacity_search_hd512_depth5,/home/liangyi/SRS_AI/Model_AIIC_refactor/experiments_refactored/20260425_135159_full_mlp_capacity_search_v2/full_mlp_capacity_search_hd512_depth5,full_mlp_capacity_search_v2,full_mlp_capacity_search_hd512_depth5,supervised_nmse_plateau,full_mlp,12,6,compile,fp32,float32,2,2,ok,,509.456477,20,50,0.12594376,0.008774599518063487,0.099056,0.126539,0.1345022,0.1369215,0.14280865999999998,0.147692,15880.103944808381,15.880103944808381,126.53900000000002,63.26950000000001,7940.051972404191,611984,610304,1222360,sub-physical,0.015625,0.0078125,Intel(R) Xeon(R) 6760P,AVX512,"avx2,avx512f,avx512bw,avx512vl,avx512_vnni,avx512_bf16,amx_bf16,amx_int8,amx_tile,fma",True,True,,,,,,256,128,sh14l07002s1404,3.11.9,2.1.2+cu121
20260427_080229,2026-04-27T12:13:31.706311,cpu,pytorch,full_mlp_capacity_search_hd512_depth5,/home/liangyi/SRS_AI/Model_AIIC_refactor/experiments_refactored/20260425_135159_full_mlp_capacity_search_v2/full_mlp_capacity_search_hd512_depth5,full_mlp_capacity_search_v2,full_mlp_capacity_search_hd512_depth5,supervised_nmse_plateau,full_mlp,12,6,compile,fp32,float32,2,4,ok,,513.137661,20,50,0.0970792,0.0033561144080617986,0.09386,0.0960915,0.10112589999999999,0.10336959999999999,0.10830287999999998,0.11256,20601.73549019769,20.60173549019769,96.0915,48.04575,5150.433872549423,611984,610304,1222360,sub-physical,0.03125,0.015625,Intel(R) Xeon(R) 6760P,AVX512,"avx2,avx512f,avx512bw,avx512vl,avx512_vnni,avx512_bf16,amx_bf16,amx_int8,amx_tile,fma",True,True,,,,,,256,128,sh14l07002s1404,3.11.9,2.1.2+cu121
20260427_080229,2026-04-27T12:13:31.706311,cpu,pytorch,full_mlp_capacity_search_hd512_depth5,/home/liangyi/SRS_AI/Model_AIIC_refactor/experiments_refactored/20260425_135159_full_mlp_capacity_search_v2/full_mlp_capacity_search_hd512_depth5,full_mlp_capacity_search_v2,full_mlp_capacity_search_hd512_depth5,supervised_nmse_plateau,full_mlp,12,6,compile,fp32,float32,2,8,ok,,507.393787,20,50,0.08269748,0.0030194054397513427,0.078953,0.081911,0.0857195,0.08926585,0.09217505,0.093721,24184.533797160446,24.184533797160444,81.911,40.9555,3023.0667246450557,611984,610304,1222360,sub-physical,0.0625,0.03125,Intel(R) Xeon(R) 6760P,AVX512,"avx2,avx512f,avx512bw,avx512vl,avx512_vnni,avx512_bf16,amx_bf16,amx_int8,amx_tile,fma",True,True,,,,,,256,128,sh14l07002s1404,3.11.9,2.1.2+cu121
20260427_080229,2026-04-27T12:13:31.706311,cpu,pytorch,full_mlp_capacity_search_hd512_depth5,/home/liangyi/SRS_AI/Model_AIIC_refactor/experiments_refactored/20260425_135159_full_mlp_capacity_search_v2/full_mlp_capacity_search_hd512_depth5,full_mlp_capacity_search_v2,full_mlp_capacity_search_hd512_depth5,supervised_nmse_plateau,full_mlp,12,6,compile,fp32,float32,4,1,ok,,493.588988,20,50,0.1994374,0.006192438811970613,0.187597,0.19811250000000002,0.2062833,0.20938765,0.21706296999999997,0.22228,20056.418705819473,20.056418705819475,198.1125,49.528125,20056.418705819473,611984,610304,1222360,single-thread,0.0078125,0.00390625,Intel(R) Xeon(R) 6760P,AVX512,"avx2,avx512f,avx512bw,avx512vl,avx512_vnni,avx512_bf16,amx_bf16,amx_int8,amx_tile,fma",True,True,,,,,,256,128,sh14l07002s1404,3.11.9,2.1.2+cu121
20260427_080229,2026-04-27T12:13:31.706311,cpu,pytorch,full_mlp_capacity_search_hd512_depth5,/home/liangyi/SRS_AI/Model_AIIC_refactor/experiments_refactored/20260425_135159_full_mlp_capacity_search_v2/full_mlp_capacity_search_hd512_depth5,full_mlp_capacity_search_v2,full_mlp_capacity_search_hd512_depth5,supervised_nmse_plateau,full_mlp,12,6,compile,fp32,float32,4,2,ok,,501.410024,20,50,0.14635572,0.022318824582885186,0.120046,0.1481365,0.1707685,0.17207405,0.17657617,0.177589,27330.670779386004,27.330670779386004,148.1365,37.034125,13665.335389693002,611984,610304,1222360,sub-physical,0.015625,0.0078125,Intel(R) Xeon(R) 6760P,AVX512,"avx2,avx512f,avx512bw,avx512vl,avx512_vnni,avx512_bf16,amx_bf16,amx_int8,amx_tile,fma",True,True,,,,,,256,128,sh14l07002s1404,3.11.9,2.1.2+cu121
20260427_080229,2026-04-27T12:13:31.706311,cpu,pytorch,full_mlp_capacity_search_hd512_depth5,/home/liangyi/SRS_AI/Model_AIIC_refactor/experiments_refactored/20260425_135159_full_mlp_capacity_search_v2/full_mlp_capacity_search_hd512_depth5,full_mlp_capacity_search_v2,full_mlp_capacity_search_hd512_depth5,supervised_nmse_plateau,full_mlp,12,6,compile,fp32,float32,4,4,ok,,513.109739,20,50,0.12946508,0.012836869041693929,0.109946,0.1354775,0.1435294,0.1457767,0.14679172,0.147121,30896.36216962906,30.89636216962906,135.4775,33.869375,7724.090542407265,611984,610304,1222360,sub-physical,0.03125,0.015625,Intel(R) Xeon(R) 6760P,AVX512,"avx2,avx512f,avx512bw,avx512vl,avx512_vnni,avx512_bf16,amx_bf16,amx_int8,amx_tile,fma",True,True,,,,,,256,128,sh14l07002s1404,3.11.9,2.1.2+cu121
20260427_080229,2026-04-27T12:13:31.706311,cpu,pytorch,full_mlp_capacity_search_hd512_depth5,/home/liangyi/SRS_AI/Model_AIIC_refactor/experiments_refactored/20260425_135159_full_mlp_capacity_search_v2/full_mlp_capacity_search_hd512_depth5,full_mlp_capacity_search_v2,full_mlp_capacity_search_hd512_depth5,supervised_nmse_plateau,full_mlp,12,6,compile,fp32,float32,4,8,ok,,505.80513,20,50,0.11043942,0.0031682370560928677,0.103022,0.11012649999999999,0.11447850000000001,0.1166802,0.11948492,0.120902,36218.951530169215,36.218951530169214,110.1265,27.531625,4527.368941271152,611984,610304,1222360,sub-physical,0.0625,0.03125,Intel(R) Xeon(R) 6760P,AVX512,"avx2,avx512f,avx512bw,avx512vl,avx512_vnni,avx512_bf16,amx_bf16,amx_int8,amx_tile,fma",True,True,,,,,,256,128,sh14l07002s1404,3.11.9,2.1.2+cu121
20260427_080229,2026-04-27T12:13:31.706311,cpu,pytorch,full_mlp_capacity_search_hd512_depth5,/home/liangyi/SRS_AI/Model_AIIC_refactor/experiments_refactored/20260425_135159_full_mlp_capacity_search_v2/full_mlp_capacity_search_hd512_depth5,full_mlp_capacity_search_v2,full_mlp_capacity_search_hd512_depth5,supervised_nmse_plateau,full_mlp,12,6,compile,fp32,float32,8,1,ok,,496.365167,20,50,0.2945714,0.005701524301447813,0.279119,0.2940135,0.30255560000000004,0.30366139999999997,0.30574974,0.306913,27158.101567226146,27.158101567226147,294.01349999999996,36.751687499999996,27158.101567226146,611984,610304,1222360,single-thread,0.0078125,0.00390625,Intel(R) Xeon(R) 6760P,AVX512,"avx2,avx512f,avx512bw,avx512vl,avx512_vnni,avx512_bf16,amx_bf16,amx_int8,amx_tile,fma",True,True,,,,,,256,128,sh14l07002s1404,3.11.9,2.1.2+cu121
20260427_080229,2026-04-27T12:13:31.706311,cpu,pytorch,full_mlp_capacity_search_hd512_depth5,/home/liangyi/SRS_AI/Model_AIIC_refactor/experiments_refactored/20260425_135159_full_mlp_capacity_search_v2/full_mlp_capacity_search_hd512_depth5,full_mlp_capacity_search_v2,full_mlp_capacity_search_hd512_depth5,supervised_nmse_plateau,full_mlp,12,6,compile,fp32,float32,8,2,ok,,508.890178,20,50,0.20088174,0.06875236700123422,0.141471,0.1585435,0.296088,0.3001834,0.30628226,0.307716,39824.426052860756,39.82442605286076,158.5435,19.8179375,19912.213026430378,611984,610304,1222360,sub-physical,0.015625,0.0078125,Intel(R) Xeon(R) 6760P,AVX512,"avx2,avx512f,avx512bw,avx512vl,avx512_vnni,avx512_bf16,amx_bf16,amx_int8,amx_tile,fma",True,True,,,,,,256,128,sh14l07002s1404,3.11.9,2.1.2+cu121
20260427_080229,2026-04-27T12:13:31.706311,cpu,pytorch,full_mlp_capacity_search_hd512_depth5,/home/liangyi/SRS_AI/Model_AIIC_refactor/experiments_refactored/20260425_135159_full_mlp_capacity_search_v2/full_mlp_capacity_search_hd512_depth5,full_mlp_capacity_search_v2,full_mlp_capacity_search_hd512_depth5,supervised_nmse_plateau,full_mlp,12,6,compile,fp32,float32,8,4,ok,,512.127481,20,50,0.16394046,0.020517082340537604,0.136365,0.173977,0.1845263,0.1878432,0.19195380999999997,0.193684,48798.20393330603,48.798203933306034,173.977,21.747125,12199.550983326508,611984,610304,1222360,sub-physical,0.03125,0.015625,Intel(R) Xeon(R) 6760P,AVX512,"avx2,avx512f,avx512bw,avx512vl,avx512_vnni,avx512_bf16,amx_bf16,amx_int8,amx_tile,fma",True,True,,,,,,256,128,sh14l07002s1404,3.11.9,2.1.2+cu121
20260427_080229,2026-04-27T12:13:31.706311,cpu,pytorch,full_mlp_capacity_search_hd512_depth5,/home/liangyi/SRS_AI/Model_AIIC_refactor/experiments_refactored/20260425_135159_full_mlp_capacity_search_v2/full_mlp_capacity_search_hd512_depth5,full_mlp_capacity_search_v2,full_mlp_capacity_search_hd512_depth5,supervised_nmse_plateau,full_mlp,12,6,compile,fp32,float32,8,8,ok,,509.141364,20,50,0.1463458,0.0026011776025485064,0.141347,0.1462705,0.14939539999999998,0.15116359999999998,0.15208981,0.152301,54665.04675911437,54.66504675911437,146.2705,18.2838125,6833.130844889296,611984,610304,1222360,sub-physical,0.0625,0.03125,Intel(R) Xeon(R) 6760P,AVX512,"avx2,avx512f,avx512bw,avx512vl,avx512_vnni,avx512_bf16,amx_bf16,amx_int8,amx_tile,fma",True,True,,,,,,256,128,sh14l07002s1404,3.11.9,2.1.2+cu121
20260427_080229,2026-04-27T12:13:31.706311,cpu,pytorch,full_mlp_capacity_search_hd512_depth5,/home/liangyi/SRS_AI/Model_AIIC_refactor/experiments_refactored/20260425_135159_full_mlp_capacity_search_v2/full_mlp_capacity_search_hd512_depth5,full_mlp_capacity_search_v2,full_mlp_capacity_search_hd512_depth5,supervised_nmse_plateau,full_mlp,12,6,compile,fp32,float32,16,1,ok,,496.021368,20,50,0.30639764,0.00582221765913986,0.297429,0.3054795,0.3148596,0.3177274,0.32245581,0.324921,52219.72336340449,52.21972336340449,305.47950000000003,19.092468750000002,52219.72336340449,611984,610304,1222360,single-thread,0.0078125,0.00390625,Intel(R) Xeon(R) 6760P,AVX512,"avx2,avx512f,avx512bw,avx512vl,avx512_vnni,avx512_bf16,amx_bf16,amx_int8,amx_tile,fma",True,True,,,,,,256,128,sh14l07002s1404,3.11.9,2.1.2+cu121
20260427_080229,2026-04-27T12:13:31.706311,cpu,pytorch,full_mlp_capacity_search_hd512_depth5,/home/liangyi/SRS_AI/Model_AIIC_refactor/experiments_refactored/20260425_135159_full_mlp_capacity_search_v2/full_mlp_capacity_search_hd512_depth5,full_mlp_capacity_search_v2,full_mlp_capacity_search_hd512_depth5,supervised_nmse_plateau,full_mlp,12,6,compile,fp32,float32,16,2,ok,,510.623572,20,50,0.27237938,0.021693190944524505,0.251158,0.26098849999999996,0.3010159,0.30489125,0.32867074,0.328805,58741.59784048264,58.74159784048264,260.98849999999993,16.311781249999996,29370.79892024132,611984,610304,1222360,sub-physical,0.015625,0.0078125,Intel(R) Xeon(R) 6760P,AVX512,"avx2,avx512f,avx512bw,avx512vl,avx512_vnni,avx512_bf16,amx_bf16,amx_int8,amx_tile,fma",True,True,,,,,,256,128,sh14l07002s1404,3.11.9,2.1.2+cu121
20260427_080229,2026-04-27T12:13:31.706311,cpu,pytorch,full_mlp_capacity_search_hd512_depth5,/home/liangyi/SRS_AI/Model_AIIC_refactor/experiments_refactored/20260425_135159_full_mlp_capacity_search_v2/full_mlp_capacity_search_hd512_depth5,full_mlp_capacity_search_v2,full_mlp_capacity_search_hd512_depth5,supervised_nmse_plateau,full_mlp,12,6,compile,fp32,float32,16,4,ok,,509.45287,20,50,0.22931822,0.0741027966212585,0.174245,0.196882,0.3836076,0.39394755,0.3997078,0.401021,69772.03991902607,69.77203991902607,196.882,12.305125,17443.009979756516,611984,610304,1222360,sub-physical,0.03125,0.015625,Intel(R) Xeon(R) 6760P,AVX512,"avx2,avx512f,avx512bw,avx512vl,avx512_vnni,avx512_bf16,amx_bf16,amx_int8,amx_tile,fma",True,True,,,,,,256,128,sh14l07002s1404,3.11.9,2.1.2+cu121
20260427_080229,2026-04-27T12:13:31.706311,cpu,pytorch,full_mlp_capacity_search_hd512_depth5,/home/liangyi/SRS_AI/Model_AIIC_refactor/experiments_refactored/20260425_135159_full_mlp_capacity_search_v2/full_mlp_capacity_search_hd512_depth5,full_mlp_capacity_search_v2,full_mlp_capacity_search_hd512_depth5,supervised_nmse_plateau,full_mlp,12,6,compile,fp32,float32,16,8,ok,,510.94995,20,50,0.19976306,0.040094566783248825,0.137,0.18675150000000001,0.25589110000000004,0.25855385,0.26044135,0.261708,80094.88841430443,80.09488841430442,186.75150000000002,11.671968750000001,10011.861051788053,611984,610304,1222360,sub-physical,0.0625,0.03125,Intel(R) Xeon(R) 6760P,AVX512,"avx2,avx512f,avx512bw,avx512vl,avx512_vnni,avx512_bf16,amx_bf16,amx_int8,amx_tile,fma",True,True,,,,,,256,128,sh14l07002s1404,3.11.9,2.1.2+cu121
20260427_080229,2026-04-27T12:13:31.706311,cpu,pytorch,full_mlp_capacity_search_hd512_depth5,/home/liangyi/SRS_AI/Model_AIIC_refactor/experiments_refactored/20260425_135159_full_mlp_capacity_search_v2/full_mlp_capacity_search_hd512_depth5,full_mlp_capacity_search_v2,full_mlp_capacity_search_hd512_depth5,supervised_nmse_plateau,full_mlp,12,6,compile,fp32,float32,32,1,ok,,490.367258,20,50,0.46838986,0.022458652159922682,0.453065,0.4644325,0.48110800000000004,0.49093095,0.5574450799999998,0.607478,68319.15618327007,68.31915618327007,464.4325,14.513515625,68319.15618327007,611984,610304,1222360,single-thread,0.0078125,0.00390625,Intel(R) Xeon(R) 6760P,AVX512,"avx2,avx512f,avx512bw,avx512vl,avx512_vnni,avx512_bf16,amx_bf16,amx_int8,amx_tile,fma",True,True,,,,,,256,128,sh14l07002s1404,3.11.9,2.1.2+cu121
20260427_080229,2026-04-27T12:13:31.706311,cpu,pytorch,full_mlp_capacity_search_hd512_depth5,/home/liangyi/SRS_AI/Model_AIIC_refactor/experiments_refactored/20260425_135159_full_mlp_capacity_search_v2/full_mlp_capacity_search_hd512_depth5,full_mlp_capacity_search_v2,full_mlp_capacity_search_hd512_depth5,supervised_nmse_plateau,full_mlp,12,6,compile,fp32,float32,32,2,ok,,515.749988,20,50,0.33579748,0.01850184744855497,0.319669,0.3292305,0.3702875,0.37693964999999996,0.38130358,0.382753,95295.53348643356,95.29553348643356,329.2305,10.288453125,47647.76674321678,611984,610304,1222360,sub-physical,0.015625,0.0078125,Intel(R) Xeon(R) 6760P,AVX512,"avx2,avx512f,avx512bw,avx512vl,avx512_vnni,avx512_bf16,amx_bf16,amx_int8,amx_tile,fma",True,True,,,,,,256,128,sh14l07002s1404,3.11.9,2.1.2+cu121
20260427_080229,2026-04-27T12:13:31.706311,cpu,pytorch,full_mlp_capacity_search_hd512_depth5,/home/liangyi/SRS_AI/Model_AIIC_refactor/experiments_refactored/20260425_135159_full_mlp_capacity_search_v2/full_mlp_capacity_search_hd512_depth5,full_mlp_capacity_search_v2,full_mlp_capacity_search_hd512_depth5,supervised_nmse_plateau,full_mlp,12,6,compile,fp32,float32,32,4,ok,,501.366917,20,50,0.25243068,0.020900019960220135,0.22982,0.2410655,0.284702,0.2859867,0.29053729,0.293418,126767.47533223772,126.76747533223772,241.0655,7.533296875,31691.86883305943,611984,610304,1222360,sub-physical,0.03125,0.015625,Intel(R) Xeon(R) 6760P,AVX512,"avx2,avx512f,avx512bw,avx512vl,avx512_vnni,avx512_bf16,amx_bf16,amx_int8,amx_tile,fma",True,True,,,,,,256,128,sh14l07002s1404,3.11.9,2.1.2+cu121
20260427_080229,2026-04-27T12:13:31.706311,cpu,pytorch,full_mlp_capacity_search_hd512_depth5,/home/liangyi/SRS_AI/Model_AIIC_refactor/experiments_refactored/20260425_135159_full_mlp_capacity_search_v2/full_mlp_capacity_search_hd512_depth5,full_mlp_capacity_search_v2,full_mlp_capacity_search_hd512_depth5,supervised_nmse_plateau,full_mlp,12,6,compile,fp32,float32,32,8,ok,,508.549454,20,50,0.33384402,0.029615120786848057,0.303304,0.3201065,0.3943375,0.39666385,0.40147475,0.4033,95853.147227259,95.853147227259,320.10650000000004,10.003328125000001,11981.643403407375,611984,610304,1222360,sub-physical,0.0625,0.03125,Intel(R) Xeon(R) 6760P,AVX512,"avx2,avx512f,avx512bw,avx512vl,avx512_vnni,avx512_bf16,amx_bf16,amx_int8,amx_tile,fma",True,True,,,,,,256,128,sh14l07002s1404,3.11.9,2.1.2+cu121
20260427_080229,2026-04-27T12:13:31.706311,cpu,pytorch,full_mlp_capacity_search_hd512_depth5,/home/liangyi/SRS_AI/Model_AIIC_refactor/experiments_refactored/20260425_135159_full_mlp_capacity_search_v2/full_mlp_capacity_search_hd512_depth5,full_mlp_capacity_search_v2,full_mlp_capacity_search_hd512_depth5,supervised_nmse_plateau,full_mlp,12,6,compile,fp32,float32,64,1,ok,,495.705216,20,50,0.69572194,0.016600443135543094,0.670174,0.6947225,0.716582,0.72141035,0.7258508499999999,0.726799,91990.77436022788,91.99077436022787,694.7225,10.8550390625,91990.77436022788,611984,610304,1222360,single-thread,0.0078125,0.00390625,Intel(R) Xeon(R) 6760P,AVX512,"avx2,avx512f,avx512bw,avx512vl,avx512_vnni,avx512_bf16,amx_bf16,amx_int8,amx_tile,fma",True,True,,,,,,256,128,sh14l07002s1404,3.11.9,2.1.2+cu121
20260427_080229,2026-04-27T12:13:31.706311,cpu,pytorch,full_mlp_capacity_search_hd512_depth5,/home/liangyi/SRS_AI/Model_AIIC_refactor/experiments_refactored/20260425_135159_full_mlp_capacity_search_v2/full_mlp_capacity_search_hd512_depth5,full_mlp_capacity_search_v2,full_mlp_capacity_search_hd512_depth5,supervised_nmse_plateau,full_mlp,12,6,compile,fp32,float32,64,2,ok,,508.441083,20,50,0.48367862,0.011662157795005174,0.462849,0.4827945,0.4947789,0.5019791,0.5164728,0.526165,132319.26604487913,132.31926604487913,482.7945,7.5436640625,66159.63302243956,611984,610304,1222360,sub-physical,0.015625,0.0078125,Intel(R) Xeon(R) 6760P,AVX512,"avx2,avx512f,avx512bw,avx512vl,avx512_vnni,avx512_bf16,amx_bf16,amx_int8,amx_tile,fma",True,True,,,,,,256,128,sh14l07002s1404,3.11.9,2.1.2+cu121
20260427_080229,2026-04-27T12:13:31.706311,cpu,pytorch,full_mlp_capacity_search_hd512_depth5,/home/liangyi/SRS_AI/Model_AIIC_refactor/experiments_refactored/20260425_135159_full_mlp_capacity_search_v2/full_mlp_capacity_search_hd512_depth5,full_mlp_capacity_search_v2,full_mlp_capacity_search_hd512_depth5,supervised_nmse_plateau,full_mlp,12,6,compile,fp32,float32,64,4,ok,,513.148711,20,50,0.332648,0.00430010955209283,0.32321,0.332255,0.3396402,0.34042515,0.34234520999999996,0.342919,192395.56528222025,192.39556528222025,332.255,5.191484375,48098.89132055506,611984,610304,1222360,sub-physical,0.03125,0.015625,Intel(R) Xeon(R) 6760P,AVX512,"avx2,avx512f,avx512bw,avx512vl,avx512_vnni,avx512_bf16,amx_bf16,amx_int8,amx_tile,fma",True,True,,,,,,256,128,sh14l07002s1404,3.11.9,2.1.2+cu121
20260427_080229,2026-04-27T12:13:31.706311,cpu,pytorch,full_mlp_capacity_search_hd512_depth5,/home/liangyi/SRS_AI/Model_AIIC_refactor/experiments_refactored/20260425_135159_full_mlp_capacity_search_v2/full_mlp_capacity_search_hd512_depth5,full_mlp_capacity_search_v2,full_mlp_capacity_search_hd512_depth5,supervised_nmse_plateau,full_mlp,12,6,compile,fp32,float32,64,8,ok,,512.934061,20,50,0.29690694,0.03664127532191531,0.265384,0.286799,0.3165152,0.3254445,0.4300505199999996,0.527782,215555.75629185358,215.55575629185358,286.79900000000004,4.4812343750000005,26944.469536481698,611984,610304,1222360,sub-physical,0.0625,0.03125,Intel(R) Xeon(R) 6760P,AVX512,"avx2,avx512f,avx512bw,avx512vl,avx512_vnni,avx512_bf16,amx_bf16,amx_int8,amx_tile,fma",True,True,,,,,,256,128,sh14l07002s1404,3.11.9,2.1.2+cu121
20260427_080229,2026-04-27T12:13:31.706311,cpu,pytorch,full_mlp_capacity_search_hd512_depth5,/home/liangyi/SRS_AI/Model_AIIC_refactor/experiments_refactored/20260425_135159_full_mlp_capacity_search_v2/full_mlp_capacity_search_hd512_depth5,full_mlp_capacity_search_v2,full_mlp_capacity_search_hd512_depth5,supervised_nmse_plateau,full_mlp,12,6,compile,fp32,float32,128,1,ok,,496.664288,20,50,1.09834268,0.010288803122696047,1.082705,1.0964144999999998,1.1112049,1.1135674,1.1310873799999999,1.147129,116539.22071024317,116.53922071024317,1096.4144999999999,8.565738281249999,116539.22071024317,611984,610304,1222360,single-thread,0.0078125,0.00390625,Intel(R) Xeon(R) 6760P,AVX512,"avx2,avx512f,avx512bw,avx512vl,avx512_vnni,avx512_bf16,amx_bf16,amx_int8,amx_tile,fma",True,True,,,,,,256,128,sh14l07002s1404,3.11.9,2.1.2+cu121
20260427_080229,2026-04-27T12:13:31.706311,cpu,pytorch,full_mlp_capacity_search_hd512_depth5,/home/liangyi/SRS_AI/Model_AIIC_refactor/experiments_refactored/20260425_135159_full_mlp_capacity_search_v2/full_mlp_capacity_search_hd512_depth5,full_mlp_capacity_search_v2,full_mlp_capacity_search_hd512_depth5,supervised_nmse_plateau,full_mlp,12,6,compile,fp32,float32,128,2,ok,,514.115614,20,50,0.7334892199999999,0.009451725927659993,0.716788,0.7319374999999999,0.7439394,0.7462889500000001,0.7633328399999999,0.773811,174508.35882768666,174.50835882768666,731.9374999999999,5.718261718749999,87254.17941384333,611984,610304,1222360,sub-physical,0.015625,0.0078125,Intel(R) Xeon(R) 6760P,AVX512,"avx2,avx512f,avx512bw,avx512vl,avx512_vnni,avx512_bf16,amx_bf16,amx_int8,amx_tile,fma",True,True,,,,,,256,128,sh14l07002s1404,3.11.9,2.1.2+cu121
20260427_080229,2026-04-27T12:13:31.706311,cpu,pytorch,full_mlp_capacity_search_hd512_depth5,/home/liangyi/SRS_AI/Model_AIIC_refactor/experiments_refactored/20260425_135159_full_mlp_capacity_search_v2/full_mlp_capacity_search_hd512_depth5,full_mlp_capacity_search_v2,full_mlp_capacity_search_hd512_depth5,supervised_nmse_plateau,full_mlp,12,6,compile,fp32,float32,128,4,ok,,504.440672,20,50,0.47662102,0.008453125553285003,0.465194,0.476757,0.4832927,0.48435775,0.5057507099999999,0.519187,268557.18616858317,268.55718616858314,476.757,3.7246640625,67139.29654214579,611984,610304,1222360,sub-physical,0.03125,0.015625,Intel(R) Xeon(R) 6760P,AVX512,"avx2,avx512f,avx512bw,avx512vl,avx512_vnni,avx512_bf16,amx_bf16,amx_int8,amx_tile,fma",True,True,,,,,,256,128,sh14l07002s1404,3.11.9,2.1.2+cu121
20260427_080229,2026-04-27T12:13:31.706311,cpu,pytorch,full_mlp_capacity_search_hd512_depth5,/home/liangyi/SRS_AI/Model_AIIC_refactor/experiments_refactored/20260425_135159_full_mlp_capacity_search_v2/full_mlp_capacity_search_hd512_depth5,full_mlp_capacity_search_v2,full_mlp_capacity_search_hd512_depth5,supervised_nmse_plateau,full_mlp,12,6,compile,fp32,float32,128,8,ok,,507.137046,20,50,0.39955746,0.012861813391913286,0.381108,0.395789,0.4153147,0.4235507,0.44141843999999997,0.443449,320354.42411712196,320.35442411712194,395.789,3.0921015625,40044.303014640245,611984,610304,1222360,sub-physical,0.0625,0.03125,Intel(R) Xeon(R) 6760P,AVX512,"avx2,avx512f,avx512bw,avx512vl,avx512_vnni,avx512_bf16,amx_bf16,amx_int8,amx_tile,fma",True,True,,,,,,256,128,sh14l07002s1404,3.11.9,2.1.2+cu121
20260427_080229,2026-04-27T12:13:31.706311,cpu,pytorch,full_mlp_capacity_search_hd512_depth5,/home/liangyi/SRS_AI/Model_AIIC_refactor/experiments_refactored/20260425_135159_full_mlp_capacity_search_v2/full_mlp_capacity_search_hd512_depth5,full_mlp_capacity_search_v2,full_mlp_capacity_search_hd512_depth5,supervised_nmse_plateau,full_mlp,12,6,compile,bf16,bfloat16,1,1,ok,,493.574165,20,50,0.1794927,0.007183227236416792,0.172376,0.17719200000000002,0.1865564,0.1903185,0.20637311,0.209882,5571.257215474501,5.5712572154745015,177.192,177.192,5571.257215474501,611984,610304,1222360,single-thread,0.0078125,0.00390625,Intel(R) Xeon(R) 6760P,AVX512,"avx2,avx512f,avx512bw,avx512vl,avx512_vnni,avx512_bf16,amx_bf16,amx_int8,amx_tile,fma",True,True,,,,,,256,128,sh14l07002s1404,3.11.9,2.1.2+cu121
20260427_080229,2026-04-27T12:13:31.706311,cpu,pytorch,full_mlp_capacity_search_hd512_depth5,/home/liangyi/SRS_AI/Model_AIIC_refactor/experiments_refactored/20260425_135159_full_mlp_capacity_search_v2/full_mlp_capacity_search_hd512_depth5,full_mlp_capacity_search_v2,full_mlp_capacity_search_hd512_depth5,supervised_nmse_plateau,full_mlp,12,6,compile,bf16,bfloat16,1,2,ok,,510.739917,20,50,0.1856789,0.025274441640716815,0.15675,0.16830499999999998,0.21392160000000002,0.21544165,0.22950604999999996,0.240068,5385.641556471953,5.385641556471953,168.30499999999998,168.30499999999998,2692.8207782359764,611984,610304,1222360,sub-physical,0.015625,0.0078125,Intel(R) Xeon(R) 6760P,AVX512,"avx2,avx512f,avx512bw,avx512vl,avx512_vnni,avx512_bf16,amx_bf16,amx_int8,amx_tile,fma",True,True,,,,,,256,128,sh14l07002s1404,3.11.9,2.1.2+cu121
20260427_080229,2026-04-27T12:13:31.706311,cpu,pytorch,full_mlp_capacity_search_hd512_depth5,/home/liangyi/SRS_AI/Model_AIIC_refactor/experiments_refactored/20260425_135159_full_mlp_capacity_search_v2/full_mlp_capacity_search_hd512_depth5,full_mlp_capacity_search_v2,full_mlp_capacity_search_hd512_depth5,supervised_nmse_plateau,full_mlp,12,6,compile,bf16,bfloat16,1,4,ok,,513.040725,20,50,0.16671794,0.013412187677496912,0.133841,0.16393249999999998,0.1819044,0.18827144999999998,0.19404622,0.194204,5998.154727679575,5.998154727679576,163.93249999999998,163.93249999999998,1499.5386819198939,611984,610304,1222360,sub-physical,0.03125,0.015625,Intel(R) Xeon(R) 6760P,AVX512,"avx2,avx512f,avx512bw,avx512vl,avx512_vnni,avx512_bf16,amx_bf16,amx_int8,amx_tile,fma",True,True,,,,,,256,128,sh14l07002s1404,3.11.9,2.1.2+cu121
20260427_080229,2026-04-27T12:13:31.706311,cpu,pytorch,full_mlp_capacity_search_hd512_depth5,/home/liangyi/SRS_AI/Model_AIIC_refactor/experiments_refactored/20260425_135159_full_mlp_capacity_search_v2/full_mlp_capacity_search_hd512_depth5,full_mlp_capacity_search_v2,full_mlp_capacity_search_hd512_depth5,supervised_nmse_plateau,full_mlp,12,6,compile,bf16,bfloat16,1,8,ok,,512.964197,20,50,0.14796646,0.0084049550533242,0.135919,0.1483685,0.16092599999999999,0.16297975,0.16467247999999998,0.16548,6758.2883310177185,6.758288331017718,148.36849999999998,148.36849999999998,844.7860413772148,611984,610304,1222360,sub-physical,0.0625,0.03125,Intel(R) Xeon(R) 6760P,AVX512,"avx2,avx512f,avx512bw,avx512vl,avx512_vnni,avx512_bf16,amx_bf16,amx_int8,amx_tile,fma",True,True,,,,,,256,128,sh14l07002s1404,3.11.9,2.1.2+cu121
20260427_080229,2026-04-27T12:13:31.706311,cpu,pytorch,full_mlp_capacity_search_hd512_depth5,/home/liangyi/SRS_AI/Model_AIIC_refactor/experiments_refactored/20260425_135159_full_mlp_capacity_search_v2/full_mlp_capacity_search_hd512_depth5,full_mlp_capacity_search_v2,full_mlp_capacity_search_hd512_depth5,supervised_nmse_plateau,full_mlp,12,6,compile,bf16,bfloat16,2,1,ok,,502.842307,20,50,0.18516774,0.004832015802167869,0.179439,0.1836715,0.1911508,0.19625694999999999,0.20066293999999998,0.201689,10801.017499052481,10.801017499052481,183.67149999999998,91.83574999999999,10801.017499052481,611984,610304,1222360,single-thread,0.0078125,0.00390625,Intel(R) Xeon(R) 6760P,AVX512,"avx2,avx512f,avx512bw,avx512vl,avx512_vnni,avx512_bf16,amx_bf16,amx_int8,amx_tile,fma",True,True,,,,,,256,128,sh14l07002s1404,3.11.9,2.1.2+cu121
20260427_080229,2026-04-27T12:13:31.706311,cpu,pytorch,full_mlp_capacity_search_hd512_depth5,/home/liangyi/SRS_AI/Model_AIIC_refactor/experiments_refactored/20260425_135159_full_mlp_capacity_search_v2/full_mlp_capacity_search_hd512_depth5,full_mlp_capacity_search_v2,full_mlp_capacity_search_hd512_depth5,supervised_nmse_plateau,full_mlp,12,6,compile,bf16,bfloat16,2,2,ok,,501.486325,20,50,0.17420026,0.03565316798480045,0.137236,0.16105799999999998,0.2079545,0.21017305,0.2951849599999997,0.371623,11481.039121296375,11.481039121296375,161.058,80.529,5740.5195606481875,611984,610304,1222360,sub-physical,0.015625,0.0078125,Intel(R) Xeon(R) 6760P,AVX512,"avx2,avx512f,avx512bw,avx512vl,avx512_vnni,avx512_bf16,amx_bf16,amx_int8,amx_tile,fma",True,True,,,,,,256,128,sh14l07002s1404,3.11.9,2.1.2+cu121
20260427_080229,2026-04-27T12:13:31.706311,cpu,pytorch,full_mlp_capacity_search_hd512_depth5,/home/liangyi/SRS_AI/Model_AIIC_refactor/experiments_refactored/20260425_135159_full_mlp_capacity_search_v2/full_mlp_capacity_search_hd512_depth5,full_mlp_capacity_search_v2,full_mlp_capacity_search_hd512_depth5,supervised_nmse_plateau,full_mlp,12,6,compile,bf16,bfloat16,2,4,ok,,513.71294,20,50,0.1708104,0.01037804007700876,0.155296,0.1734495,0.1816155,0.18690175,0.19122367999999998,0.195079,11708.888920112593,11.708888920112592,173.4495,86.72475,2927.2222300281483,611984,610304,1222360,sub-physical,0.03125,0.015625,Intel(R) Xeon(R) 6760P,AVX512,"avx2,avx512f,avx512bw,avx512vl,avx512_vnni,avx512_bf16,amx_bf16,amx_int8,amx_tile,fma",True,True,,,,,,256,128,sh14l07002s1404,3.11.9,2.1.2+cu121
20260427_080229,2026-04-27T12:13:31.706311,cpu,pytorch,full_mlp_capacity_search_hd512_depth5,/home/liangyi/SRS_AI/Model_AIIC_refactor/experiments_refactored/20260425_135159_full_mlp_capacity_search_v2/full_mlp_capacity_search_hd512_depth5,full_mlp_capacity_search_v2,full_mlp_capacity_search_hd512_depth5,supervised_nmse_plateau,full_mlp,12,6,compile,bf16,bfloat16,2,8,ok,,506.968283,20,50,0.16178438,0.011404106796921889,0.139536,0.1643615,0.1754204,0.17944875,0.18165184,0.182134,12362.132858561501,12.362132858561502,164.3615,82.18075,1545.2666073201876,611984,610304,1222360,sub-physical,0.0625,0.03125,Intel(R) Xeon(R) 6760P,AVX512,"avx2,avx512f,avx512bw,avx512vl,avx512_vnni,avx512_bf16,amx_bf16,amx_int8,amx_tile,fma",True,True,,,,,,256,128,sh14l07002s1404,3.11.9,2.1.2+cu121
20260427_080229,2026-04-27T12:13:31.706311,cpu,pytorch,full_mlp_capacity_search_hd512_depth5,/home/liangyi/SRS_AI/Model_AIIC_refactor/experiments_refactored/20260425_135159_full_mlp_capacity_search_v2/full_mlp_capacity_search_hd512_depth5,full_mlp_capacity_search_v2,full_mlp_capacity_search_hd512_depth5,supervised_nmse_plateau,full_mlp,12,6,compile,bf16,bfloat16,4,1,ok,,494.670218,20,50,0.19371732,0.0076429266369369255,0.186137,0.1902955,0.2063581,0.21262555,0.21385152,0.214661,20648.64411710837,20.648644117108372,190.2955,47.573875,20648.64411710837,611984,610304,1222360,single-thread,0.0078125,0.00390625,Intel(R) Xeon(R) 6760P,AVX512,"avx2,avx512f,avx512bw,avx512vl,avx512_vnni,avx512_bf16,amx_bf16,amx_int8,amx_tile,fma",True,True,,,,,,256,128,sh14l07002s1404,3.11.9,2.1.2+cu121
20260427_080229,2026-04-27T12:13:31.706311,cpu,pytorch,full_mlp_capacity_search_hd512_depth5,/home/liangyi/SRS_AI/Model_AIIC_refactor/experiments_refactored/20260425_135159_full_mlp_capacity_search_v2/full_mlp_capacity_search_hd512_depth5,full_mlp_capacity_search_v2,full_mlp_capacity_search_hd512_depth5,supervised_nmse_plateau,full_mlp,12,6,compile,bf16,bfloat16,4,2,ok,,505.369172,20,50,0.1876162,0.022019963030849982,0.148824,0.1863685,0.2187475,0.22024739999999998,0.22829792,0.233243,21320.120543961555,21.320120543961554,186.36849999999998,46.592124999999996,10660.060271980778,611984,610304,1222360,sub-physical,0.015625,0.0078125,Intel(R) Xeon(R) 6760P,AVX512,"avx2,avx512f,avx512bw,avx512vl,avx512_vnni,avx512_bf16,amx_bf16,amx_int8,amx_tile,fma",True,True,,,,,,256,128,sh14l07002s1404,3.11.9,2.1.2+cu121
20260427_080229,2026-04-27T12:13:31.706311,cpu,pytorch,full_mlp_capacity_search_hd512_depth5,/home/liangyi/SRS_AI/Model_AIIC_refactor/experiments_refactored/20260425_135159_full_mlp_capacity_search_v2/full_mlp_capacity_search_hd512_depth5,full_mlp_capacity_search_v2,full_mlp_capacity_search_hd512_depth5,supervised_nmse_plateau,full_mlp,12,6,compile,bf16,bfloat16,4,4,ok,,510.730078,20,50,0.16939099999999999,0.015199331541880386,0.130787,0.173254,0.1826628,0.18386945,0.18535711,0.186024,23614.005466642266,23.614005466642265,173.254,43.3135,5903.501366660566,611984,610304,1222360,sub-physical,0.03125,0.015625,Intel(R) Xeon(R) 6760P,AVX512,"avx2,avx512f,avx512bw,avx512vl,avx512_vnni,avx512_bf16,amx_bf16,amx_int8,amx_tile,fma",True,True,,,,,,256,128,sh14l07002s1404,3.11.9,2.1.2+cu121
20260427_080229,2026-04-27T12:13:31.706311,cpu,pytorch,full_mlp_capacity_search_hd512_depth5,/home/liangyi/SRS_AI/Model_AIIC_refactor/experiments_refactored/20260425_135159_full_mlp_capacity_search_v2/full_mlp_capacity_search_hd512_depth5,full_mlp_capacity_search_v2,full_mlp_capacity_search_hd512_depth5,supervised_nmse_plateau,full_mlp,12,6,compile,bf16,bfloat16,4,8,ok,,513.669598,20,50,0.16232576,0.007449170744613122,0.151427,0.1614975,0.1706877,0.1751982,0.17930764,0.180564,24641.806697840195,24.641806697840195,161.4975,40.374375,3080.2258372300244,611984,610304,1222360,sub-physical,0.0625,0.03125,Intel(R) Xeon(R) 6760P,AVX512,"avx2,avx512f,avx512bw,avx512vl,avx512_vnni,avx512_bf16,amx_bf16,amx_int8,amx_tile,fma",True,True,,,,,,256,128,sh14l07002s1404,3.11.9,2.1.2+cu121
20260427_080229,2026-04-27T12:13:31.706311,cpu,pytorch,full_mlp_capacity_search_hd512_depth5,/home/liangyi/SRS_AI/Model_AIIC_refactor/experiments_refactored/20260425_135159_full_mlp_capacity_search_v2/full_mlp_capacity_search_hd512_depth5,full_mlp_capacity_search_v2,full_mlp_capacity_search_hd512_depth5,supervised_nmse_plateau,full_mlp,12,6,compile,bf16,bfloat16,8,1,ok,,496.11447,20,50,0.18460144,0.006441214435679037,0.176983,0.1820835,0.192956,0.19457180000000002,0.2052501,0.210155,43336.60669169211,43.33660669169211,182.08350000000002,22.760437500000002,43336.60669169211,611984,610304,1222360,single-thread,0.0078125,0.00390625,Intel(R) Xeon(R) 6760P,AVX512,"avx2,avx512f,avx512bw,avx512vl,avx512_vnni,avx512_bf16,amx_bf16,amx_int8,amx_tile,fma",True,True,,,,,,256,128,sh14l07002s1404,3.11.9,2.1.2+cu121
20260427_080229,2026-04-27T12:13:31.706311,cpu,pytorch,full_mlp_capacity_search_hd512_depth5,/home/liangyi/SRS_AI/Model_AIIC_refactor/experiments_refactored/20260425_135159_full_mlp_capacity_search_v2/full_mlp_capacity_search_hd512_depth5,full_mlp_capacity_search_v2,full_mlp_capacity_search_hd512_depth5,supervised_nmse_plateau,full_mlp,12,6,compile,bf16,bfloat16,8,2,ok,,510.257023,20,50,0.18167758,0.028273364377158938,0.154242,0.163317,0.22014039999999999,0.22231315000000001,0.23039706999999998,0.236158,44034.05197273103,44.03405197273103,163.31699999999998,20.414624999999997,22017.025986365516,611984,610304,1222360,sub-physical,0.015625,0.0078125,Intel(R) Xeon(R) 6760P,AVX512,"avx2,avx512f,avx512bw,avx512vl,avx512_vnni,avx512_bf16,amx_bf16,amx_int8,amx_tile,fma",True,True,,,,,,256,128,sh14l07002s1404,3.11.9,2.1.2+cu121
20260427_080229,2026-04-27T12:13:31.706311,cpu,pytorch,full_mlp_capacity_search_hd512_depth5,/home/liangyi/SRS_AI/Model_AIIC_refactor/experiments_refactored/20260425_135159_full_mlp_capacity_search_v2/full_mlp_capacity_search_hd512_depth5,full_mlp_capacity_search_v2,full_mlp_capacity_search_hd512_depth5,supervised_nmse_plateau,full_mlp,12,6,compile,bf16,bfloat16,8,4,ok,,506.313036,20,50,0.1822119,0.016149942972345135,0.149191,0.1822895,0.1992625,0.2014659,0.21120458999999997,0.215521,43904.92607782478,43.904926077824776,182.2895,22.7861875,10976.231519456194,611984,610304,1222360,sub-physical,0.03125,0.015625,Intel(R) Xeon(R) 6760P,AVX512,"avx2,avx512f,avx512bw,avx512vl,avx512_vnni,avx512_bf16,amx_bf16,amx_int8,amx_tile,fma",True,True,,,,,,256,128,sh14l07002s1404,3.11.9,2.1.2+cu121
20260427_080229,2026-04-27T12:13:31.706311,cpu,pytorch,full_mlp_capacity_search_hd512_depth5,/home/liangyi/SRS_AI/Model_AIIC_refactor/experiments_refactored/20260425_135159_full_mlp_capacity_search_v2/full_mlp_capacity_search_hd512_depth5,full_mlp_capacity_search_v2,full_mlp_capacity_search_hd512_depth5,supervised_nmse_plateau,full_mlp,12,6,compile,bf16,bfloat16,8,8,ok,,504.331486,20,50,0.15834556,0.009067221109380756,0.13156,0.159358,0.1668927,0.17190794999999998,0.17682744,0.176996,50522.41439545258,50.52241439545258,159.358,19.91975,6315.301799431572,611984,610304,1222360,sub-physical,0.0625,0.03125,Intel(R) Xeon(R) 6760P,AVX512,"avx2,avx512f,avx512bw,avx512vl,avx512_vnni,avx512_bf16,amx_bf16,amx_int8,amx_tile,fma",True,True,,,,,,256,128,sh14l07002s1404,3.11.9,2.1.2+cu121
20260427_080229,2026-04-27T12:13:31.706311,cpu,pytorch,full_mlp_capacity_search_hd512_depth5,/home/liangyi/SRS_AI/Model_AIIC_refactor/experiments_refactored/20260425_135159_full_mlp_capacity_search_v2/full_mlp_capacity_search_hd512_depth5,full_mlp_capacity_search_v2,full_mlp_capacity_search_hd512_depth5,supervised_nmse_plateau,full_mlp,12,6,compile,bf16,bfloat16,16,1,ok,,497.316528,20,50,0.18026488,0.0053955026480949865,0.173857,0.178461,0.1871885,0.1906397,0.19823988,0.201223,88758.27615451218,88.75827615451217,178.461,11.1538125,88758.27615451218,611984,610304,1222360,single-thread,0.0078125,0.00390625,Intel(R) Xeon(R) 6760P,AVX512,"avx2,avx512f,avx512bw,avx512vl,avx512_vnni,avx512_bf16,amx_bf16,amx_int8,amx_tile,fma",True,True,,,,,,256,128,sh14l07002s1404,3.11.9,2.1.2+cu121
20260427_080229,2026-04-27T12:13:31.706311,cpu,pytorch,full_mlp_capacity_search_hd512_depth5,/home/liangyi/SRS_AI/Model_AIIC_refactor/experiments_refactored/20260425_135159_full_mlp_capacity_search_v2/full_mlp_capacity_search_hd512_depth5,full_mlp_capacity_search_v2,full_mlp_capacity_search_hd512_depth5,supervised_nmse_plateau,full_mlp,12,6,compile,bf16,bfloat16,16,2,ok,,510.975437,20,50,0.21984316,0.03294640512672665,0.18308,0.207612,0.2753732,0.2778433,0.28678007,0.292149,72779.15765039039,72.77915765039039,207.612,12.97575,36389.578825195196,611984,610304,1222360,sub-physical,0.015625,0.0078125,Intel(R) Xeon(R) 6760P,AVX512,"avx2,avx512f,avx512bw,avx512vl,avx512_vnni,avx512_bf16,amx_bf16,amx_int8,amx_tile,fma",True,True,,,,,,256,128,sh14l07002s1404,3.11.9,2.1.2+cu121
20260427_080229,2026-04-27T12:13:31.706311,cpu,pytorch,full_mlp_capacity_search_hd512_depth5,/home/liangyi/SRS_AI/Model_AIIC_refactor/experiments_refactored/20260425_135159_full_mlp_capacity_search_v2/full_mlp_capacity_search_hd512_depth5,full_mlp_capacity_search_v2,full_mlp_capacity_search_hd512_depth5,supervised_nmse_plateau,full_mlp,12,6,compile,bf16,bfloat16,16,4,ok,,511.994187,20,50,0.18560662,0.019979267140603527,0.150962,0.17874849999999998,0.21335230000000002,0.2188994,0.22199572999999997,0.222987,86203.82182488966,86.20382182488966,178.74849999999998,11.171781249999999,21550.955456222415,611984,610304,1222360,sub-physical,0.03125,0.015625,Intel(R) Xeon(R) 6760P,AVX512,"avx2,avx512f,avx512bw,avx512vl,avx512_vnni,avx512_bf16,amx_bf16,amx_int8,amx_tile,fma",True,True,,,,,,256,128,sh14l07002s1404,3.11.9,2.1.2+cu121
20260427_080229,2026-04-27T12:13:31.706311,cpu,pytorch,full_mlp_capacity_search_hd512_depth5,/home/liangyi/SRS_AI/Model_AIIC_refactor/experiments_refactored/20260425_135159_full_mlp_capacity_search_v2/full_mlp_capacity_search_hd512_depth5,full_mlp_capacity_search_v2,full_mlp_capacity_search_hd512_depth5,supervised_nmse_plateau,full_mlp,12,6,compile,bf16,bfloat16,16,8,ok,,514.755662,20,50,0.17260786,0.010502731103879599,0.149928,0.1720085,0.1843389,0.1863818,0.19516451999999998,0.20009,92695.66287421674,92.69566287421674,172.0085,10.75053125,11586.957859277092,611984,610304,1222360,sub-physical,0.0625,0.03125,Intel(R) Xeon(R) 6760P,AVX512,"avx2,avx512f,avx512bw,avx512vl,avx512_vnni,avx512_bf16,amx_bf16,amx_int8,amx_tile,fma",True,True,,,,,,256,128,sh14l07002s1404,3.11.9,2.1.2+cu121
20260427_080229,2026-04-27T12:13:31.706311,cpu,pytorch,full_mlp_capacity_search_hd512_depth5,/home/liangyi/SRS_AI/Model_AIIC_refactor/experiments_refactored/20260425_135159_full_mlp_capacity_search_v2/full_mlp_capacity_search_hd512_depth5,full_mlp_capacity_search_v2,full_mlp_capacity_search_hd512_depth5,supervised_nmse_plateau,full_mlp,12,6,compile,bf16,bfloat16,32,1,ok,,495.947547,20,50,0.22250074,0.009091695751200654,0.211383,0.2185375,0.2363835,0.2384885,0.24167299,0.242481,143819.74639724792,143.8197463972479,218.5375,6.829296875,143819.74639724792,611984,610304,1222360,single-thread,0.0078125,0.00390625,Intel(R) Xeon(R) 6760P,AVX512,"avx2,avx512f,avx512bw,avx512vl,avx512_vnni,avx512_bf16,amx_bf16,amx_int8,amx_tile,fma",True,True,,,,,,256,128,sh14l07002s1404,3.11.9,2.1.2+cu121
20260427_080229,2026-04-27T12:13:31.706311,cpu,pytorch,full_mlp_capacity_search_hd512_depth5,/home/liangyi/SRS_AI/Model_AIIC_refactor/experiments_refactored/20260425_135159_full_mlp_capacity_search_v2/full_mlp_capacity_search_hd512_depth5,full_mlp_capacity_search_v2,full_mlp_capacity_search_hd512_depth5,supervised_nmse_plateau,full_mlp,12,6,compile,bf16,bfloat16,32,2,ok,,509.24858,20,50,0.23289044,0.04804605222748691,0.195578,0.2048735,0.3095955,0.31558814999999996,0.32133376999999996,0.325463,137403.6650023075,137.4036650023075,204.87349999999998,6.402296874999999,68701.83250115375,611984,610304,1222360,sub-physical,0.015625,0.0078125,Intel(R) Xeon(R) 6760P,AVX512,"avx2,avx512f,avx512bw,avx512vl,avx512_vnni,avx512_bf16,amx_bf16,amx_int8,amx_tile,fma",True,True,,,,,,256,128,sh14l07002s1404,3.11.9,2.1.2+cu121
20260427_080229,2026-04-27T12:13:31.706311,cpu,pytorch,full_mlp_capacity_search_hd512_depth5,/home/liangyi/SRS_AI/Model_AIIC_refactor/experiments_refactored/20260425_135159_full_mlp_capacity_search_v2/full_mlp_capacity_search_hd512_depth5,full_mlp_capacity_search_v2,full_mlp_capacity_search_hd512_depth5,supervised_nmse_plateau,full_mlp,12,6,compile,bf16,bfloat16,32,4,ok,,514.095823,20,50,0.21232366,0.025018956083426025,0.180514,0.21254299999999998,0.2545865,0.2625066,0.27123278,0.271957,150713.302511835,150.713302511835,212.54299999999998,6.641968749999999,37678.32562795875,611984,610304,1222360,sub-physical,0.03125,0.015625,Intel(R) Xeon(R) 6760P,AVX512,"avx2,avx512f,avx512bw,avx512vl,avx512_vnni,avx512_bf16,amx_bf16,amx_int8,amx_tile,fma",True,True,,,,,,256,128,sh14l07002s1404,3.11.9,2.1.2+cu121
20260427_080229,2026-04-27T12:13:31.706311,cpu,pytorch,full_mlp_capacity_search_hd512_depth5,/home/liangyi/SRS_AI/Model_AIIC_refactor/experiments_refactored/20260425_135159_full_mlp_capacity_search_v2/full_mlp_capacity_search_hd512_depth5,full_mlp_capacity_search_v2,full_mlp_capacity_search_hd512_depth5,supervised_nmse_plateau,full_mlp,12,6,compile,bf16,bfloat16,32,8,ok,,507.079635,20,50,0.21291480000000002,0.02163839530187024,0.181883,0.215908,0.2385719,0.24487925,0.26089125999999996,0.269185,150294.85972792874,150.29485972792872,215.908,6.747125,18786.857465991092,611984,610304,1222360,sub-physical,0.0625,0.03125,Intel(R) Xeon(R) 6760P,AVX512,"avx2,avx512f,avx512bw,avx512vl,avx512_vnni,avx512_bf16,amx_bf16,amx_int8,amx_tile,fma",True,True,,,,,,256,128,sh14l07002s1404,3.11.9,2.1.2+cu121
20260427_080229,2026-04-27T12:13:31.706311,cpu,pytorch,full_mlp_capacity_search_hd512_depth5,/home/liangyi/SRS_AI/Model_AIIC_refactor/experiments_refactored/20260425_135159_full_mlp_capacity_search_v2/full_mlp_capacity_search_hd512_depth5,full_mlp_capacity_search_v2,full_mlp_capacity_search_hd512_depth5,supervised_nmse_plateau,full_mlp,12,6,compile,bf16,bfloat16,64,1,ok,,492.185078,20,50,0.25591826,0.006654827852950066,0.246568,0.253336,0.26646410000000004,0.26758745,0.27227487,0.272783,250079.84971451433,250.07984971451432,253.336,3.958375,250079.84971451433,611984,610304,1222360,single-thread,0.0078125,0.00390625,Intel(R) Xeon(R) 6760P,AVX512,"avx2,avx512f,avx512bw,avx512vl,avx512_vnni,avx512_bf16,amx_bf16,amx_int8,amx_tile,fma",True,True,,,,,,256,128,sh14l07002s1404,3.11.9,2.1.2+cu121
20260427_080229,2026-04-27T12:13:31.706311,cpu,pytorch,full_mlp_capacity_search_hd512_depth5,/home/liangyi/SRS_AI/Model_AIIC_refactor/experiments_refactored/20260425_135159_full_mlp_capacity_search_v2/full_mlp_capacity_search_hd512_depth5,full_mlp_capacity_search_v2,full_mlp_capacity_search_hd512_depth5,supervised_nmse_plateau,full_mlp,12,6,compile,bf16,bfloat16,64,2,ok,,504.601644,20,50,0.27480744,0.03959957801399404,0.250913,0.262567,0.28144790000000003,0.39876225,0.41042216,0.41337,232890.34678245976,232.89034678245977,262.567,4.102609375,116445.17339122988,611984,610304,1222360,sub-physical,0.015625,0.0078125,Intel(R) Xeon(R) 6760P,AVX512,"avx2,avx512f,avx512bw,avx512vl,avx512_vnni,avx512_bf16,amx_bf16,amx_int8,amx_tile,fma",True,True,,,,,,256,128,sh14l07002s1404,3.11.9,2.1.2+cu121
20260427_080229,2026-04-27T12:13:31.706311,cpu,pytorch,full_mlp_capacity_search_hd512_depth5,/home/liangyi/SRS_AI/Model_AIIC_refactor/experiments_refactored/20260425_135159_full_mlp_capacity_search_v2/full_mlp_capacity_search_hd512_depth5,full_mlp_capacity_search_v2,full_mlp_capacity_search_hd512_depth5,supervised_nmse_plateau,full_mlp,12,6,compile,bf16,bfloat16,64,4,ok,,507.585859,20,50,0.2549592,0.03256639668431249,0.224855,0.236924,0.30866129999999997,0.31317005,0.31593829,0.31681,251020.5554457341,251.0205554457341,236.924,3.7019375,62755.13886143352,611984,610304,1222360,sub-physical,0.03125,0.015625,Intel(R) Xeon(R) 6760P,AVX512,"avx2,avx512f,avx512bw,avx512vl,avx512_vnni,avx512_bf16,amx_bf16,amx_int8,amx_tile,fma",True,True,,,,,,256,128,sh14l07002s1404,3.11.9,2.1.2+cu121
20260427_080229,2026-04-27T12:13:31.706311,cpu,pytorch,full_mlp_capacity_search_hd512_depth5,/home/liangyi/SRS_AI/Model_AIIC_refactor/experiments_refactored/20260425_135159_full_mlp_capacity_search_v2/full_mlp_capacity_search_hd512_depth5,full_mlp_capacity_search_v2,full_mlp_capacity_search_hd512_depth5,supervised_nmse_plateau,full_mlp,12,6,compile,bf16,bfloat16,64,8,ok,,504.574839,20,50,0.25080008,0.021579887667770654,0.23152,0.2472375,0.2655073,0.31465365,0.31866535999999995,0.321329,255183.33167995804,255.18333167995803,247.2375,3.8630859375,31897.916459994754,611984,610304,1222360,sub-physical,0.0625,0.03125,Intel(R) Xeon(R) 6760P,AVX512,"avx2,avx512f,avx512bw,avx512vl,avx512_vnni,avx512_bf16,amx_bf16,amx_int8,amx_tile,fma",True,True,,,,,,256,128,sh14l07002s1404,3.11.9,2.1.2+cu121
20260427_080229,2026-04-27T12:13:31.706311,cpu,pytorch,full_mlp_capacity_search_hd512_depth5,/home/liangyi/SRS_AI/Model_AIIC_refactor/experiments_refactored/20260425_135159_full_mlp_capacity_search_v2/full_mlp_capacity_search_hd512_depth5,full_mlp_capacity_search_v2,full_mlp_capacity_search_hd512_depth5,supervised_nmse_plateau,full_mlp,12,6,compile,bf16,bfloat16,128,1,ok,,493.148184,20,50,0.32214272,0.0052103632082226275,0.314618,0.319894,0.3294405,0.33098255,0.33575613,0.339658,397339.4152753165,397.3394152753165,319.894,2.499171875,397339.4152753165,611984,610304,1222360,single-thread,0.0078125,0.00390625,Intel(R) Xeon(R) 6760P,AVX512,"avx2,avx512f,avx512bw,avx512vl,avx512_vnni,avx512_bf16,amx_bf16,amx_int8,amx_tile,fma",True,True,,,,,,256,128,sh14l07002s1404,3.11.9,2.1.2+cu121
20260427_080229,2026-04-27T12:13:31.706311,cpu,pytorch,full_mlp_capacity_search_hd512_depth5,/home/liangyi/SRS_AI/Model_AIIC_refactor/experiments_refactored/20260425_135159_full_mlp_capacity_search_v2/full_mlp_capacity_search_hd512_depth5,full_mlp_capacity_search_v2,full_mlp_capacity_search_hd512_depth5,supervised_nmse_plateau,full_mlp,12,6,compile,bf16,bfloat16,128,2,ok,,507.946852,20,50,0.37538782,0.009555019268824108,0.357101,0.37480800000000003,0.38703529999999997,0.38785644999999996,0.40594448,0.413171,340980.69564430724,340.9806956443072,374.80800000000005,2.9281875000000004,170490.34782215362,611984,610304,1222360,sub-physical,0.015625,0.0078125,Intel(R) Xeon(R) 6760P,AVX512,"avx2,avx512f,avx512bw,avx512vl,avx512_vnni,avx512_bf16,amx_bf16,amx_int8,amx_tile,fma",True,True,,,,,,256,128,sh14l07002s1404,3.11.9,2.1.2+cu121
20260427_080229,2026-04-27T12:13:31.706311,cpu,pytorch,full_mlp_capacity_search_hd512_depth5,/home/liangyi/SRS_AI/Model_AIIC_refactor/experiments_refactored/20260425_135159_full_mlp_capacity_search_v2/full_mlp_capacity_search_hd512_depth5,full_mlp_capacity_search_v2,full_mlp_capacity_search_hd512_depth5,supervised_nmse_plateau,full_mlp,12,6,compile,bf16,bfloat16,128,4,ok,,510.381166,20,50,0.30894796,0.017239986704124802,0.293913,0.30270149999999996,0.3453677,0.3496166,0.35412599,0.355228,414309.25777920656,414.3092577792066,302.70149999999995,2.3648554687499996,103577.31444480164,611984,610304,1222360,sub-physical,0.03125,0.015625,Intel(R) Xeon(R) 6760P,AVX512,"avx2,avx512f,avx512bw,avx512vl,avx512_vnni,avx512_bf16,amx_bf16,amx_int8,amx_tile,fma",True,True,,,,,,256,128,sh14l07002s1404,3.11.9,2.1.2+cu121
20260427_080229,2026-04-27T12:13:31.706311,cpu,pytorch,full_mlp_capacity_search_hd512_depth5,/home/liangyi/SRS_AI/Model_AIIC_refactor/experiments_refactored/20260425_135159_full_mlp_capacity_search_v2/full_mlp_capacity_search_hd512_depth5,full_mlp_capacity_search_v2,full_mlp_capacity_search_hd512_depth5,supervised_nmse_plateau,full_mlp,12,6,compile,bf16,bfloat16,128,8,ok,,505.334903,20,50,0.30278244,0.015089637700302813,0.285363,0.29891650000000003,0.32305789999999995,0.3277247,0.35189837999999996,0.366421,422745.78406858735,422.74578406858734,298.91650000000004,2.3352851562500003,52843.22300857342,611984,610304,1222360,sub-physical,0.0625,0.03125,Intel(R) Xeon(R) 6760P,AVX512,"avx2,avx512f,avx512bw,avx512vl,avx512_vnni,avx512_bf16,amx_bf16,amx_int8,amx_tile,fma",True,True,,,,,,256,128,sh14l07002s1404,3.11.9,2.1.2+cu121
20260427_080229,2026-04-27T12:13:31.706311,cpu,onnxruntime,full_mlp_capacity_search_hd512_depth5,/home/liangyi/SRS_AI/Model_AIIC_refactor/experiments_refactored/20260425_135159_full_mlp_capacity_search_v2/full_mlp_capacity_search_hd512_depth5,full_mlp_capacity_search_v2,full_mlp_capacity_search_hd512_depth5,supervised_nmse_plateau,full_mlp,12,6,onnxruntime,fp32,float32,1,1,ok,,9.259727,20,50,0.11016128,0.011486576668511815,0.091674,0.109991,0.1263547,0.128489,0.13568560999999998,0.140199,9077.599679306559,9.077599679306559,109.991,109.991,9077.599679306559,611984,610304,1222360,single-thread,0.0078125,0.00390625,Intel(R) Xeon(R) 6760P,AVX512,"avx2,avx512f,avx512bw,avx512vl,avx512_vnni,avx512_bf16,amx_bf16,amx_int8,amx_tile,fma",True,True,,1.23.2,CPUExecutionProvider,,,256,128,sh14l07002s1404,3.11.9,2.1.2+cu121
20260427_080229,2026-04-27T12:13:31.706311,cpu,onnxruntime,full_mlp_capacity_search_hd512_depth5,/home/liangyi/SRS_AI/Model_AIIC_refactor/experiments_refactored/20260425_135159_full_mlp_capacity_search_v2/full_mlp_capacity_search_hd512_depth5,full_mlp_capacity_search_v2,full_mlp_capacity_search_hd512_depth5,supervised_nmse_plateau,full_mlp,12,6,onnxruntime,fp32,float32,1,2,ok,,10.705009,20,50,0.05595898,0.005478091979841157,0.045915,0.0575175,0.0602582,0.061173,0.06788314999999999,0.071198,17870.232802670816,17.870232802670817,57.5175,57.5175,8935.116401335408,611984,610304,1222360,sub-physical,0.015625,0.0078125,Intel(R) Xeon(R) 6760P,AVX512,"avx2,avx512f,avx512bw,avx512vl,avx512_vnni,avx512_bf16,amx_bf16,amx_int8,amx_tile,fma",True,True,,1.23.2,CPUExecutionProvider,,,256,128,sh14l07002s1404,3.11.9,2.1.2+cu121
20260427_080229,2026-04-27T12:13:31.706311,cpu,onnxruntime,full_mlp_capacity_search_hd512_depth5,/home/liangyi/SRS_AI/Model_AIIC_refactor/experiments_refactored/20260425_135159_full_mlp_capacity_search_v2/full_mlp_capacity_search_hd512_depth5,full_mlp_capacity_search_v2,full_mlp_capacity_search_hd512_depth5,supervised_nmse_plateau,full_mlp,12,6,onnxruntime,fp32,float32,1,4,ok,,9.940715,20,50,0.04058108,0.004817510281628883,0.034874,0.039221000000000006,0.0478048,0.0504544,0.054463689999999995,0.055649,24642.025298488854,24.642025298488853,39.221000000000004,39.221000000000004,6160.5063246222135,611984,610304,1222360,sub-physical,0.03125,0.015625,Intel(R) Xeon(R) 6760P,AVX512,"avx2,avx512f,avx512bw,avx512vl,avx512_vnni,avx512_bf16,amx_bf16,amx_int8,amx_tile,fma",True,True,,1.23.2,CPUExecutionProvider,,,256,128,sh14l07002s1404,3.11.9,2.1.2+cu121
20260427_080229,2026-04-27T12:13:31.706311,cpu,onnxruntime,full_mlp_capacity_search_hd512_depth5,/home/liangyi/SRS_AI/Model_AIIC_refactor/experiments_refactored/20260425_135159_full_mlp_capacity_search_v2/full_mlp_capacity_search_hd512_depth5,full_mlp_capacity_search_v2,full_mlp_capacity_search_hd512_depth5,supervised_nmse_plateau,full_mlp,12,6,onnxruntime,fp32,float32,1,8,ok,,10.710633,20,50,0.04232872,0.0042861625122713205,0.036686,0.041556499999999996,0.0477956,0.05047815,0.055077799999999996,0.055705,23624.621769805464,23.624621769805465,41.5565,41.5565,2953.077721225683,611984,610304,1222360,sub-physical,0.0625,0.03125,Intel(R) Xeon(R) 6760P,AVX512,"avx2,avx512f,avx512bw,avx512vl,avx512_vnni,avx512_bf16,amx_bf16,amx_int8,amx_tile,fma",True,True,,1.23.2,CPUExecutionProvider,,,256,128,sh14l07002s1404,3.11.9,2.1.2+cu121
20260427_080229,2026-04-27T12:13:31.706311,cpu,onnxruntime,full_mlp_capacity_search_hd512_depth5,/home/liangyi/SRS_AI/Model_AIIC_refactor/experiments_refactored/20260425_135159_full_mlp_capacity_search_v2/full_mlp_capacity_search_hd512_depth5,full_mlp_capacity_search_v2,full_mlp_capacity_search_hd512_depth5,supervised_nmse_plateau,full_mlp,12,6,onnxruntime,fp32,float32,2,1,ok,,9.344821,20,50,0.1044214,0.007199461513196664,0.093937,0.1032835,0.1137613,0.1161816,0.12070402,0.122959,19153.162091295464,19.153162091295464,103.2835,51.64175,19153.162091295464,611984,610304,1222360,single-thread,0.0078125,0.00390625,Intel(R) Xeon(R) 6760P,AVX512,"avx2,avx512f,avx512bw,avx512vl,avx512_vnni,avx512_bf16,amx_bf16,amx_int8,amx_tile,fma",True,True,,1.23.2,CPUExecutionProvider,,,256,128,sh14l07002s1404,3.11.9,2.1.2+cu121
20260427_080229,2026-04-27T12:13:31.706311,cpu,onnxruntime,full_mlp_capacity_search_hd512_depth5,/home/liangyi/SRS_AI/Model_AIIC_refactor/experiments_refactored/20260425_135159_full_mlp_capacity_search_v2/full_mlp_capacity_search_hd512_depth5,full_mlp_capacity_search_v2,full_mlp_capacity_search_hd512_depth5,supervised_nmse_plateau,full_mlp,12,6,onnxruntime,fp32,float32,2,2,ok,,9.240608,20,50,0.0490159,0.002312497759998915,0.046661,0.0487215,0.0502535,0.051327349999999994,0.05896764,0.059097,40803.08634545117,40.80308634545117,48.7215,24.36075,20401.543172725585,611984,610304,1222360,sub-physical,0.015625,0.0078125,Intel(R) Xeon(R) 6760P,AVX512,"avx2,avx512f,avx512bw,avx512vl,avx512_vnni,avx512_bf16,amx_bf16,amx_int8,amx_tile,fma",True,True,,1.23.2,CPUExecutionProvider,,,256,128,sh14l07002s1404,3.11.9,2.1.2+cu121
20260427_080229,2026-04-27T12:13:31.706311,cpu,onnxruntime,full_mlp_capacity_search_hd512_depth5,/home/liangyi/SRS_AI/Model_AIIC_refactor/experiments_refactored/20260425_135159_full_mlp_capacity_search_v2/full_mlp_capacity_search_hd512_depth5,full_mlp_capacity_search_v2,full_mlp_capacity_search_hd512_depth5,supervised_nmse_plateau,full_mlp,12,6,onnxruntime,fp32,float32,2,4,ok,,10.045175,20,50,0.04583116,0.011356116056751095,0.037157,0.040894,0.0641113,0.06945754999999998,0.08015794,0.083095,43638.432891508746,43.63843289150875,40.894,20.447,10909.608222877187,611984,610304,1222360,sub-physical,0.03125,0.015625,Intel(R) Xeon(R) 6760P,AVX512,"avx2,avx512f,avx512bw,avx512vl,avx512_vnni,avx512_bf16,amx_bf16,amx_int8,amx_tile,fma",True,True,,1.23.2,CPUExecutionProvider,,,256,128,sh14l07002s1404,3.11.9,2.1.2+cu121
20260427_080229,2026-04-27T12:13:31.706311,cpu,onnxruntime,full_mlp_capacity_search_hd512_depth5,/home/liangyi/SRS_AI/Model_AIIC_refactor/experiments_refactored/20260425_135159_full_mlp_capacity_search_v2/full_mlp_capacity_search_hd512_depth5,full_mlp_capacity_search_v2,full_mlp_capacity_search_hd512_depth5,supervised_nmse_plateau,full_mlp,12,6,onnxruntime,fp32,float32,2,8,ok,,9.993251,20,50,0.043981,0.005086988704528447,0.037234,0.0426735,0.0488472,0.05521849999999998,0.060774579999999995,0.062616,45474.18203315068,45.47418203315068,42.673500000000004,21.336750000000002,5684.272754143835,611984,610304,1222360,sub-physical,0.0625,0.03125,Intel(R) Xeon(R) 6760P,AVX512,"avx2,avx512f,avx512bw,avx512vl,avx512_vnni,avx512_bf16,amx_bf16,amx_int8,amx_tile,fma",True,True,,1.23.2,CPUExecutionProvider,,,256,128,sh14l07002s1404,3.11.9,2.1.2+cu121
20260427_080229,2026-04-27T12:13:31.706311,cpu,onnxruntime,full_mlp_capacity_search_hd512_depth5,/home/liangyi/SRS_AI/Model_AIIC_refactor/experiments_refactored/20260425_135159_full_mlp_capacity_search_v2/full_mlp_capacity_search_hd512_depth5,full_mlp_capacity_search_v2,full_mlp_capacity_search_hd512_depth5,supervised_nmse_plateau,full_mlp,12,6,onnxruntime,fp32,float32,4,1,ok,,8.619995,20,50,0.10555914,0.008244698039370515,0.094901,0.1036035,0.1167285,0.11775329999999999,0.12802785,0.128731,37893.4500603169,37.8934500603169,103.6035,25.900875,37893.4500603169,611984,610304,1222360,single-thread,0.0078125,0.00390625,Intel(R) Xeon(R) 6760P,AVX512,"avx2,avx512f,avx512bw,avx512vl,avx512_vnni,avx512_bf16,amx_bf16,amx_int8,amx_tile,fma",True,True,,1.23.2,CPUExecutionProvider,,,256,128,sh14l07002s1404,3.11.9,2.1.2+cu121
20260427_080229,2026-04-27T12:13:31.706311,cpu,onnxruntime,full_mlp_capacity_search_hd512_depth5,/home/liangyi/SRS_AI/Model_AIIC_refactor/experiments_refactored/20260425_135159_full_mlp_capacity_search_v2/full_mlp_capacity_search_hd512_depth5,full_mlp_capacity_search_v2,full_mlp_capacity_search_hd512_depth5,supervised_nmse_plateau,full_mlp,12,6,onnxruntime,fp32,float32,4,2,ok,,9.685963,20,50,0.06672112,0.013015144719349071,0.060321,0.06256149999999999,0.06840170000000002,0.10716795,0.11184561999999998,0.115012,59951.031997064805,59.9510319970648,62.561499999999995,15.640374999999999,29975.515998532403,611984,610304,1222360,sub-physical,0.015625,0.0078125,Intel(R) Xeon(R) 6760P,AVX512,"avx2,avx512f,avx512bw,avx512vl,avx512_vnni,avx512_bf16,amx_bf16,amx_int8,amx_tile,fma",True,True,,1.23.2,CPUExecutionProvider,,,256,128,sh14l07002s1404,3.11.9,2.1.2+cu121
20260427_080229,2026-04-27T12:13:31.706311,cpu,onnxruntime,full_mlp_capacity_search_hd512_depth5,/home/liangyi/SRS_AI/Model_AIIC_refactor/experiments_refactored/20260425_135159_full_mlp_capacity_search_v2/full_mlp_capacity_search_hd512_depth5,full_mlp_capacity_search_v2,full_mlp_capacity_search_hd512_depth5,supervised_nmse_plateau,full_mlp,12,6,onnxruntime,fp32,float32,4,4,ok,,9.649098,20,50,0.0571881,0.0034465357462240254,0.052696,0.056091,0.060549900000000004,0.061973,0.06842416999999999,0.069535,69944.62134604927,69.94462134604927,56.091,14.02275,17486.155336512318,611984,610304,1222360,sub-physical,0.03125,0.015625,Intel(R) Xeon(R) 6760P,AVX512,"avx2,avx512f,avx512bw,avx512vl,avx512_vnni,avx512_bf16,amx_bf16,amx_int8,amx_tile,fma",True,True,,1.23.2,CPUExecutionProvider,,,256,128,sh14l07002s1404,3.11.9,2.1.2+cu121
20260427_080229,2026-04-27T12:13:31.706311,cpu,onnxruntime,full_mlp_capacity_search_hd512_depth5,/home/liangyi/SRS_AI/Model_AIIC_refactor/experiments_refactored/20260425_135159_full_mlp_capacity_search_v2/full_mlp_capacity_search_hd512_depth5,full_mlp_capacity_search_v2,full_mlp_capacity_search_hd512_depth5,supervised_nmse_plateau,full_mlp,12,6,onnxruntime,fp32,float32,4,8,ok,,20.128936,20,50,0.05054106,0.00314897997078419,0.045058,0.049795,0.055044800000000005,0.05584025,0.05811918999999999,0.060113,79143.57158318405,79.14357158318406,49.795,12.44875,9892.946447898006,611984,610304,1222360,sub-physical,0.0625,0.03125,Intel(R) Xeon(R) 6760P,AVX512,"avx2,avx512f,avx512bw,avx512vl,avx512_vnni,avx512_bf16,amx_bf16,amx_int8,amx_tile,fma",True,True,,1.23.2,CPUExecutionProvider,,,256,128,sh14l07002s1404,3.11.9,2.1.2+cu121
20260427_080229,2026-04-27T12:13:31.706311,cpu,onnxruntime,full_mlp_capacity_search_hd512_depth5,/home/liangyi/SRS_AI/Model_AIIC_refactor/experiments_refactored/20260425_135159_full_mlp_capacity_search_v2/full_mlp_capacity_search_hd512_depth5,full_mlp_capacity_search_v2,full_mlp_capacity_search_hd512_depth5,supervised_nmse_plateau,full_mlp,12,6,onnxruntime,fp32,float32,8,1,ok,,8.800722,20,50,0.12835644,0.009636773977135709,0.114185,0.126474,0.14282140000000002,0.1465706,0.15005637,0.151716,62326.44034066386,62.32644034066386,126.474,15.80925,62326.44034066386,611984,610304,1222360,single-thread,0.0078125,0.00390625,Intel(R) Xeon(R) 6760P,AVX512,"avx2,avx512f,avx512bw,avx512vl,avx512_vnni,avx512_bf16,amx_bf16,amx_int8,amx_tile,fma",True,True,,1.23.2,CPUExecutionProvider,,,256,128,sh14l07002s1404,3.11.9,2.1.2+cu121
20260427_080229,2026-04-27T12:13:31.706311,cpu,onnxruntime,full_mlp_capacity_search_hd512_depth5,/home/liangyi/SRS_AI/Model_AIIC_refactor/experiments_refactored/20260425_135159_full_mlp_capacity_search_v2/full_mlp_capacity_search_hd512_depth5,full_mlp_capacity_search_v2,full_mlp_capacity_search_hd512_depth5,supervised_nmse_plateau,full_mlp,12,6,onnxruntime,fp32,float32,8,2,ok,,8.628184,20,50,0.11130748,0.03329122939768972,0.091487,0.110927,0.1150449,0.1170404,0.23269156999999957,0.335693,71872.97744949396,71.87297744949396,110.92699999999999,13.865874999999999,35936.48872474698,611984,610304,1222360,sub-physical,0.015625,0.0078125,Intel(R) Xeon(R) 6760P,AVX512,"avx2,avx512f,avx512bw,avx512vl,avx512_vnni,avx512_bf16,amx_bf16,amx_int8,amx_tile,fma",True,True,,1.23.2,CPUExecutionProvider,,,256,128,sh14l07002s1404,3.11.9,2.1.2+cu121
20260427_080229,2026-04-27T12:13:31.706311,cpu,onnxruntime,full_mlp_capacity_search_hd512_depth5,/home/liangyi/SRS_AI/Model_AIIC_refactor/experiments_refactored/20260425_135159_full_mlp_capacity_search_v2/full_mlp_capacity_search_hd512_depth5,full_mlp_capacity_search_v2,full_mlp_capacity_search_hd512_depth5,supervised_nmse_plateau,full_mlp,12,6,onnxruntime,fp32,float32,8,4,ok,,9.031087,20,50,0.08557532,0.004925636935219647,0.070791,0.0875505,0.0902315,0.0918418,0.09302477,0.09343,93484.89728113198,93.48489728113198,87.5505,10.9438125,23371.224320282996,611984,610304,1222360,sub-physical,0.03125,0.015625,Intel(R) Xeon(R) 6760P,AVX512,"avx2,avx512f,avx512bw,avx512vl,avx512_vnni,avx512_bf16,amx_bf16,amx_int8,amx_tile,fma",True,True,,1.23.2,CPUExecutionProvider,,,256,128,sh14l07002s1404,3.11.9,2.1.2+cu121
20260427_080229,2026-04-27T12:13:31.706311,cpu,onnxruntime,full_mlp_capacity_search_hd512_depth5,/home/liangyi/SRS_AI/Model_AIIC_refactor/experiments_refactored/20260425_135159_full_mlp_capacity_search_v2/full_mlp_capacity_search_hd512_depth5,full_mlp_capacity_search_v2,full_mlp_capacity_search_hd512_depth5,supervised_nmse_plateau,full_mlp,12,6,onnxruntime,fp32,float32,8,8,ok,,10.139976,20,50,0.07438336,0.012016619014947591,0.061665,0.069865,0.1002538,0.1030586,0.10474976999999999,0.105547,107550.93612334803,107.55093612334802,69.865,8.733125,13443.867015418504,611984,610304,1222360,sub-physical,0.0625,0.03125,Intel(R) Xeon(R) 6760P,AVX512,"avx2,avx512f,avx512bw,avx512vl,avx512_vnni,avx512_bf16,amx_bf16,amx_int8,amx_tile,fma",True,True,,1.23.2,CPUExecutionProvider,,,256,128,sh14l07002s1404,3.11.9,2.1.2+cu121
20260427_080229,2026-04-27T12:13:31.706311,cpu,onnxruntime,full_mlp_capacity_search_hd512_depth5,/home/liangyi/SRS_AI/Model_AIIC_refactor/experiments_refactored/20260425_135159_full_mlp_capacity_search_v2/full_mlp_capacity_search_hd512_depth5,full_mlp_capacity_search_v2,full_mlp_capacity_search_hd512_depth5,supervised_nmse_plateau,full_mlp,12,6,onnxruntime,fp32,float32,16,1,ok,,8.822562,20,50,0.15175544,0.008828787794844773,0.139969,0.14957199999999998,0.16245880000000001,0.1686823,0.17272145,0.173454,105432.79371072298,105.43279371072298,149.57199999999997,9.348249999999998,105432.79371072298,611984,610304,1222360,single-thread,0.0078125,0.00390625,Intel(R) Xeon(R) 6760P,AVX512,"avx2,avx512f,avx512bw,avx512vl,avx512_vnni,avx512_bf16,amx_bf16,amx_int8,amx_tile,fma",True,True,,1.23.2,CPUExecutionProvider,,,256,128,sh14l07002s1404,3.11.9,2.1.2+cu121
20260427_080229,2026-04-27T12:13:31.706311,cpu,onnxruntime,full_mlp_capacity_search_hd512_depth5,/home/liangyi/SRS_AI/Model_AIIC_refactor/experiments_refactored/20260425_135159_full_mlp_capacity_search_v2/full_mlp_capacity_search_hd512_depth5,full_mlp_capacity_search_v2,full_mlp_capacity_search_hd512_depth5,supervised_nmse_plateau,full_mlp,12,6,onnxruntime,fp32,float32,16,2,ok,,8.876827,20,50,0.14150544,0.018764099632180595,0.1259,0.1319215,0.1788968,0.1796623,0.18189349999999999,0.182163,113069.85795033746,113.06985795033746,131.9215,8.24509375,56534.92897516873,611984,610304,1222360,sub-physical,0.015625,0.0078125,Intel(R) Xeon(R) 6760P,AVX512,"avx2,avx512f,avx512bw,avx512vl,avx512_vnni,avx512_bf16,amx_bf16,amx_int8,amx_tile,fma",True,True,,1.23.2,CPUExecutionProvider,,,256,128,sh14l07002s1404,3.11.9,2.1.2+cu121
20260427_080229,2026-04-27T12:13:31.706311,cpu,onnxruntime,full_mlp_capacity_search_hd512_depth5,/home/liangyi/SRS_AI/Model_AIIC_refactor/experiments_refactored/20260425_135159_full_mlp_capacity_search_v2/full_mlp_capacity_search_hd512_depth5,full_mlp_capacity_search_v2,full_mlp_capacity_search_hd512_depth5,supervised_nmse_plateau,full_mlp,12,6,onnxruntime,fp32,float32,16,4,ok,,10.03926,20,50,0.11171984,0.00324139522650355,0.105166,0.1123065,0.1150817,0.1180033,0.11890237999999999,0.119166,143215.38591533966,143.21538591533965,112.3065,7.01915625,35803.846478834916,611984,610304,1222360,sub-physical,0.03125,0.015625,Intel(R) Xeon(R) 6760P,AVX512,"avx2,avx512f,avx512bw,avx512vl,avx512_vnni,avx512_bf16,amx_bf16,amx_int8,amx_tile,fma",True,True,,1.23.2,CPUExecutionProvider,,,256,128,sh14l07002s1404,3.11.9,2.1.2+cu121
20260427_080229,2026-04-27T12:13:31.706311,cpu,onnxruntime,full_mlp_capacity_search_hd512_depth5,/home/liangyi/SRS_AI/Model_AIIC_refactor/experiments_refactored/20260425_135159_full_mlp_capacity_search_v2/full_mlp_capacity_search_hd512_depth5,full_mlp_capacity_search_v2,full_mlp_capacity_search_hd512_depth5,supervised_nmse_plateau,full_mlp,12,6,onnxruntime,fp32,float32,16,8,ok,,9.81402,20,50,0.10256558,0.00935001364296331,0.09507,0.1001685,0.1090967,0.12331224999999994,0.13833012,0.141129,155997.75285237015,155.99775285237016,100.1685,6.26053125,19499.71910654627,611984,610304,1222360,sub-physical,0.0625,0.03125,Intel(R) Xeon(R) 6760P,AVX512,"avx2,avx512f,avx512bw,avx512vl,avx512_vnni,avx512_bf16,amx_bf16,amx_int8,amx_tile,fma",True,True,,1.23.2,CPUExecutionProvider,,,256,128,sh14l07002s1404,3.11.9,2.1.2+cu121
20260427_080229,2026-04-27T12:13:31.706311,cpu,onnxruntime,full_mlp_capacity_search_hd512_depth5,/home/liangyi/SRS_AI/Model_AIIC_refactor/experiments_refactored/20260425_135159_full_mlp_capacity_search_v2/full_mlp_capacity_search_hd512_depth5,full_mlp_capacity_search_v2,full_mlp_capacity_search_hd512_depth5,supervised_nmse_plateau,full_mlp,12,6,onnxruntime,fp32,float32,32,1,ok,,8.437857,20,50,0.26499756,0.003990327736715369,0.257916,0.26463349999999997,0.27004680000000003,0.27171065,0.27448636,0.274994,120755.8288461222,120.7558288461222,264.63349999999997,8.269796874999999,120755.8288461222,611984,610304,1222360,single-thread,0.0078125,0.00390625,Intel(R) Xeon(R) 6760P,AVX512,"avx2,avx512f,avx512bw,avx512vl,avx512_vnni,avx512_bf16,amx_bf16,amx_int8,amx_tile,fma",True,True,,1.23.2,CPUExecutionProvider,,,256,128,sh14l07002s1404,3.11.9,2.1.2+cu121
20260427_080229,2026-04-27T12:13:31.706311,cpu,onnxruntime,full_mlp_capacity_search_hd512_depth5,/home/liangyi/SRS_AI/Model_AIIC_refactor/experiments_refactored/20260425_135159_full_mlp_capacity_search_v2/full_mlp_capacity_search_hd512_depth5,full_mlp_capacity_search_v2,full_mlp_capacity_search_hd512_depth5,supervised_nmse_plateau,full_mlp,12,6,onnxruntime,fp32,float32,32,2,ok,,9.084005,20,50,0.23456478,0.0042000511820214775,0.224964,0.234776,0.23986000000000002,0.24214214999999997,0.24434139000000002,0.244679,136422.86791734037,136.42286791734037,234.776,7.33675,68211.43395867018,611984,610304,1222360,sub-physical,0.015625,0.0078125,Intel(R) Xeon(R) 6760P,AVX512,"avx2,avx512f,avx512bw,avx512vl,avx512_vnni,avx512_bf16,amx_bf16,amx_int8,amx_tile,fma",True,True,,1.23.2,CPUExecutionProvider,,,256,128,sh14l07002s1404,3.11.9,2.1.2+cu121
20260427_080229,2026-04-27T12:13:31.706311,cpu,onnxruntime,full_mlp_capacity_search_hd512_depth5,/home/liangyi/SRS_AI/Model_AIIC_refactor/experiments_refactored/20260425_135159_full_mlp_capacity_search_v2/full_mlp_capacity_search_hd512_depth5,full_mlp_capacity_search_v2,full_mlp_capacity_search_hd512_depth5,supervised_nmse_plateau,full_mlp,12,6,onnxruntime,fp32,float32,32,4,ok,,9.763112,20,50,0.18042164,0.010387348192411766,0.166935,0.1766295,0.1983991,0.2015384,0.20289677,0.204037,177362.31640506096,177.36231640506097,176.6295,5.519671875,44340.57910126524,611984,610304,1222360,sub-physical,0.03125,0.015625,Intel(R) Xeon(R) 6760P,AVX512,"avx2,avx512f,avx512bw,avx512vl,avx512_vnni,avx512_bf16,amx_bf16,amx_int8,amx_tile,fma",True,True,,1.23.2,CPUExecutionProvider,,,256,128,sh14l07002s1404,3.11.9,2.1.2+cu121
20260427_080229,2026-04-27T12:13:31.706311,cpu,onnxruntime,full_mlp_capacity_search_hd512_depth5,/home/liangyi/SRS_AI/Model_AIIC_refactor/experiments_refactored/20260425_135159_full_mlp_capacity_search_v2/full_mlp_capacity_search_hd512_depth5,full_mlp_capacity_search_v2,full_mlp_capacity_search_hd512_depth5,supervised_nmse_plateau,full_mlp,12,6,onnxruntime,fp32,float32,32,8,ok,,10.251959,20,50,0.14670184,0.0075884259721236,0.132237,0.147009,0.156671,0.15973875,0.16277497,0.164807,218129.50676010607,218.12950676010607,147.00900000000001,4.5940312500000005,27266.18834501326,611984,610304,1222360,sub-physical,0.0625,0.03125,Intel(R) Xeon(R) 6760P,AVX512,"avx2,avx512f,avx512bw,avx512vl,avx512_vnni,avx512_bf16,amx_bf16,amx_int8,amx_tile,fma",True,True,,1.23.2,CPUExecutionProvider,,,256,128,sh14l07002s1404,3.11.9,2.1.2+cu121
20260427_080229,2026-04-27T12:13:31.706311,cpu,onnxruntime,full_mlp_capacity_search_hd512_depth5,/home/liangyi/SRS_AI/Model_AIIC_refactor/experiments_refactored/20260425_135159_full_mlp_capacity_search_v2/full_mlp_capacity_search_hd512_depth5,full_mlp_capacity_search_v2,full_mlp_capacity_search_hd512_depth5,supervised_nmse_plateau,full_mlp,12,6,onnxruntime,fp32,float32,64,1,ok,,9.171596,20,50,0.48998254,0.005473789061372384,0.481745,0.48964799999999997,0.4967264,0.49881955,0.50363684,0.504903,130616.89912460961,130.6168991246096,489.64799999999997,7.6507499999999995,130616.89912460961,611984,610304,1222360,single-thread,0.0078125,0.00390625,Intel(R) Xeon(R) 6760P,AVX512,"avx2,avx512f,avx512bw,avx512vl,avx512_vnni,avx512_bf16,amx_bf16,amx_int8,amx_tile,fma",True,True,,1.23.2,CPUExecutionProvider,,,256,128,sh14l07002s1404,3.11.9,2.1.2+cu121
20260427_080229,2026-04-27T12:13:31.706311,cpu,onnxruntime,full_mlp_capacity_search_hd512_depth5,/home/liangyi/SRS_AI/Model_AIIC_refactor/experiments_refactored/20260425_135159_full_mlp_capacity_search_v2/full_mlp_capacity_search_hd512_depth5,full_mlp_capacity_search_v2,full_mlp_capacity_search_hd512_depth5,supervised_nmse_plateau,full_mlp,12,6,onnxruntime,fp32,float32,64,2,ok,,9.417569,20,50,0.38541776,0.005282036495746696,0.376193,0.38392499999999996,0.3931181,0.39408350000000003,0.39872586,0.402002,166053.5830004305,166.05358300043048,383.92499999999995,5.998828124999999,83026.79150021524,611984,610304,1222360,sub-physical,0.015625,0.0078125,Intel(R) Xeon(R) 6760P,AVX512,"avx2,avx512f,avx512bw,avx512vl,avx512_vnni,avx512_bf16,amx_bf16,amx_int8,amx_tile,fma",True,True,,1.23.2,CPUExecutionProvider,,,256,128,sh14l07002s1404,3.11.9,2.1.2+cu121
20260427_080229,2026-04-27T12:13:31.706311,cpu,onnxruntime,full_mlp_capacity_search_hd512_depth5,/home/liangyi/SRS_AI/Model_AIIC_refactor/experiments_refactored/20260425_135159_full_mlp_capacity_search_v2/full_mlp_capacity_search_hd512_depth5,full_mlp_capacity_search_v2,full_mlp_capacity_search_hd512_depth5,supervised_nmse_plateau,full_mlp,12,6,onnxruntime,fp32,float32,64,4,ok,,9.453734,20,50,0.28600144,0.006362875749721981,0.272396,0.2866475,0.2940986,0.29485255,0.29888380000000003,0.300246,223775.0970764343,223.7750970764343,286.6475,4.4788671875,55943.77426910857,611984,610304,1222360,sub-physical,0.03125,0.015625,Intel(R) Xeon(R) 6760P,AVX512,"avx2,avx512f,avx512bw,avx512vl,avx512_vnni,avx512_bf16,amx_bf16,amx_int8,amx_tile,fma",True,True,,1.23.2,CPUExecutionProvider,,,256,128,sh14l07002s1404,3.11.9,2.1.2+cu121
20260427_080229,2026-04-27T12:13:31.706311,cpu,onnxruntime,full_mlp_capacity_search_hd512_depth5,/home/liangyi/SRS_AI/Model_AIIC_refactor/experiments_refactored/20260425_135159_full_mlp_capacity_search_v2/full_mlp_capacity_search_hd512_depth5,full_mlp_capacity_search_v2,full_mlp_capacity_search_hd512_depth5,supervised_nmse_plateau,full_mlp,12,6,onnxruntime,fp32,float32,64,8,ok,,16.894681,20,50,0.23108136,0.007276828160015873,0.211536,0.2308735,0.2408445,0.24281699999999998,0.24589686,0.247654,276958.7300334393,276.9587300334393,230.8735,3.6073984375,34619.84125417991,611984,610304,1222360,sub-physical,0.0625,0.03125,Intel(R) Xeon(R) 6760P,AVX512,"avx2,avx512f,avx512bw,avx512vl,avx512_vnni,avx512_bf16,amx_bf16,amx_int8,amx_tile,fma",True,True,,1.23.2,CPUExecutionProvider,,,256,128,sh14l07002s1404,3.11.9,2.1.2+cu121
20260427_080229,2026-04-27T12:13:31.706311,cpu,onnxruntime,full_mlp_capacity_search_hd512_depth5,/home/liangyi/SRS_AI/Model_AIIC_refactor/experiments_refactored/20260425_135159_full_mlp_capacity_search_v2/full_mlp_capacity_search_hd512_depth5,full_mlp_capacity_search_v2,full_mlp_capacity_search_hd512_depth5,supervised_nmse_plateau,full_mlp,12,6,onnxruntime,fp32,float32,128,1,ok,,8.883297,20,50,0.89505088,0.00554847006891089,0.880383,0.8949985,0.9021973,0.90325055,0.90702106,0.907906,143008.62985576867,143.00862985576867,894.9985,6.99217578125,143008.62985576867,611984,610304,1222360,single-thread,0.0078125,0.00390625,Intel(R) Xeon(R) 6760P,AVX512,"avx2,avx512f,avx512bw,avx512vl,avx512_vnni,avx512_bf16,amx_bf16,amx_int8,amx_tile,fma",True,True,,1.23.2,CPUExecutionProvider,,,256,128,sh14l07002s1404,3.11.9,2.1.2+cu121
20260427_080229,2026-04-27T12:13:31.706311,cpu,onnxruntime,full_mlp_capacity_search_hd512_depth5,/home/liangyi/SRS_AI/Model_AIIC_refactor/experiments_refactored/20260425_135159_full_mlp_capacity_search_v2/full_mlp_capacity_search_hd512_depth5,full_mlp_capacity_search_v2,full_mlp_capacity_search_hd512_depth5,supervised_nmse_plateau,full_mlp,12,6,onnxruntime,fp32,float32,128,2,ok,,8.767543,20,50,0.72966974,0.005206353940369394,0.719089,0.7304675,0.7360651,0.737606,0.74026969,0.740377,175421.82851107407,175.42182851107407,730.4675000000001,5.706777343750001,87710.91425553703,611984,610304,1222360,sub-physical,0.015625,0.0078125,Intel(R) Xeon(R) 6760P,AVX512,"avx2,avx512f,avx512bw,avx512vl,avx512_vnni,avx512_bf16,amx_bf16,amx_int8,amx_tile,fma",True,True,,1.23.2,CPUExecutionProvider,,,256,128,sh14l07002s1404,3.11.9,2.1.2+cu121
20260427_080229,2026-04-27T12:13:31.706311,cpu,onnxruntime,full_mlp_capacity_search_hd512_depth5,/home/liangyi/SRS_AI/Model_AIIC_refactor/experiments_refactored/20260425_135159_full_mlp_capacity_search_v2/full_mlp_capacity_search_hd512_depth5,full_mlp_capacity_search_v2,full_mlp_capacity_search_hd512_depth5,supervised_nmse_plateau,full_mlp,12,6,onnxruntime,fp32,float32,128,4,ok,,9.496737,20,50,0.53162286,0.005367939709087659,0.519699,0.531612,0.5384019000000001,0.5400504,0.54101438,0.541033,240772.18951796013,240.77218951796013,531.612,4.15321875,60193.04737949003,611984,610304,1222360,sub-physical,0.03125,0.015625,Intel(R) Xeon(R) 6760P,AVX512,"avx2,avx512f,avx512bw,avx512vl,avx512_vnni,avx512_bf16,amx_bf16,amx_int8,amx_tile,fma",True,True,,1.23.2,CPUExecutionProvider,,,256,128,sh14l07002s1404,3.11.9,2.1.2+cu121
20260427_080229,2026-04-27T12:13:31.706311,cpu,onnxruntime,full_mlp_capacity_search_hd512_depth5,/home/liangyi/SRS_AI/Model_AIIC_refactor/experiments_refactored/20260425_135159_full_mlp_capacity_search_v2/full_mlp_capacity_search_hd512_depth5,full_mlp_capacity_search_v2,full_mlp_capacity_search_hd512_depth5,supervised_nmse_plateau,full_mlp,12,6,onnxruntime,fp32,float32,128,8,ok,,10.457429,20,50,0.39941912,0.01596528800321497,0.369227,0.39809300000000003,0.4230035,0.42784495,0.42985282999999996,0.431339,320465.3798245812,320.4653798245812,398.093,3.1101015625,40058.17247807265,611984,610304,1222360,sub-physical,0.0625,0.03125,Intel(R) Xeon(R) 6760P,AVX512,"avx2,avx512f,avx512bw,avx512vl,avx512_vnni,avx512_bf16,amx_bf16,amx_int8,amx_tile,fma",True,True,,1.23.2,CPUExecutionProvider,,,256,128,sh14l07002s1404,3.11.9,2.1.2+cu121
20260427_080229,2026-04-27T12:13:31.706311,cpu,onnxruntime,full_mlp_capacity_search_hd512_depth5,/home/liangyi/SRS_AI/Model_AIIC_refactor/experiments_refactored/20260425_135159_full_mlp_capacity_search_v2/full_mlp_capacity_search_hd512_depth5,,,,,,,onnxruntime,bf16,,1,1,skipped,ONNX Runtime benchmark currently supports precision profile fp32 only,0.0,,,,,,,,,,,,,,,,611984,610304,1222360,single-thread,0.0078125,0.00390625,Intel(R) Xeon(R) 6760P,AVX512,"avx2,avx512f,avx512bw,avx512vl,avx512_vnni,avx512_bf16,amx_bf16,amx_int8,amx_tile,fma",True,True,,1.23.2,,,,256,128,sh14l07002s1404,3.11.9,2.1.2+cu121
20260427_080229,2026-04-27T12:13:31.706311,cpu,onnxruntime,full_mlp_capacity_search_hd512_depth5,/home/liangyi/SRS_AI/Model_AIIC_refactor/experiments_refactored/20260425_135159_full_mlp_capacity_search_v2/full_mlp_capacity_search_hd512_depth5,,,,,,,onnxruntime,bf16,,1,2,skipped,ONNX Runtime benchmark currently supports precision profile fp32 only,0.0,,,,,,,,,,,,,,,,611984,610304,1222360,sub-physical,0.015625,0.0078125,Intel(R) Xeon(R) 6760P,AVX512,"avx2,avx512f,avx512bw,avx512vl,avx512_vnni,avx512_bf16,amx_bf16,amx_int8,amx_tile,fma",True,True,,1.23.2,,,,256,128,sh14l07002s1404,3.11.9,2.1.2+cu121
20260427_080229,2026-04-27T12:13:31.706311,cpu,onnxruntime,full_mlp_capacity_search_hd512_depth5,/home/liangyi/SRS_AI/Model_AIIC_refactor/experiments_refactored/20260425_135159_full_mlp_capacity_search_v2/full_mlp_capacity_search_hd512_depth5,,,,,,,onnxruntime,bf16,,1,4,skipped,ONNX Runtime benchmark currently supports precision profile fp32 only,0.0,,,,,,,,,,,,,,,,611984,610304,1222360,sub-physical,0.03125,0.015625,Intel(R) Xeon(R) 6760P,AVX512,"avx2,avx512f,avx512bw,avx512vl,avx512_vnni,avx512_bf16,amx_bf16,amx_int8,amx_tile,fma",True,True,,1.23.2,,,,256,128,sh14l07002s1404,3.11.9,2.1.2+cu121
20260427_080229,2026-04-27T12:13:31.706311,cpu,onnxruntime,full_mlp_capacity_search_hd512_depth5,/home/liangyi/SRS_AI/Model_AIIC_refactor/experiments_refactored/20260425_135159_full_mlp_capacity_search_v2/full_mlp_capacity_search_hd512_depth5,,,,,,,onnxruntime,bf16,,1,8,skipped,ONNX Runtime benchmark currently supports precision profile fp32 only,0.0,,,,,,,,,,,,,,,,611984,610304,1222360,sub-physical,0.0625,0.03125,Intel(R) Xeon(R) 6760P,AVX512,"avx2,avx512f,avx512bw,avx512vl,avx512_vnni,avx512_bf16,amx_bf16,amx_int8,amx_tile,fma",True,True,,1.23.2,,,,256,128,sh14l07002s1404,3.11.9,2.1.2+cu121
20260427_080229,2026-04-27T12:13:31.706311,cpu,onnxruntime,full_mlp_capacity_search_hd512_depth5,/home/liangyi/SRS_AI/Model_AIIC_refactor/experiments_refactored/20260425_135159_full_mlp_capacity_search_v2/full_mlp_capacity_search_hd512_depth5,,,,,,,onnxruntime,bf16,,2,1,skipped,ONNX Runtime benchmark currently supports precision profile fp32 only,0.0,,,,,,,,,,,,,,,,611984,610304,1222360,single-thread,0.0078125,0.00390625,Intel(R) Xeon(R) 6760P,AVX512,"avx2,avx512f,avx512bw,avx512vl,avx512_vnni,avx512_bf16,amx_bf16,amx_int8,amx_tile,fma",True,True,,1.23.2,,,,256,128,sh14l07002s1404,3.11.9,2.1.2+cu121
20260427_080229,2026-04-27T12:13:31.706311,cpu,onnxruntime,full_mlp_capacity_search_hd512_depth5,/home/liangyi/SRS_AI/Model_AIIC_refactor/experiments_refactored/20260425_135159_full_mlp_capacity_search_v2/full_mlp_capacity_search_hd512_depth5,,,,,,,onnxruntime,bf16,,2,2,skipped,ONNX Runtime benchmark currently supports precision profile fp32 only,0.0,,,,,,,,,,,,,,,,611984,610304,1222360,sub-physical,0.015625,0.0078125,Intel(R) Xeon(R) 6760P,AVX512,"avx2,avx512f,avx512bw,avx512vl,avx512_vnni,avx512_bf16,amx_bf16,amx_int8,amx_tile,fma",True,True,,1.23.2,,,,256,128,sh14l07002s1404,3.11.9,2.1.2+cu121
20260427_080229,2026-04-27T12:13:31.706311,cpu,onnxruntime,full_mlp_capacity_search_hd512_depth5,/home/liangyi/SRS_AI/Model_AIIC_refactor/experiments_refactored/20260425_135159_full_mlp_capacity_search_v2/full_mlp_capacity_search_hd512_depth5,,,,,,,onnxruntime,bf16,,2,4,skipped,ONNX Runtime benchmark currently supports precision profile fp32 only,0.0,,,,,,,,,,,,,,,,611984,610304,1222360,sub-physical,0.03125,0.015625,Intel(R) Xeon(R) 6760P,AVX512,"avx2,avx512f,avx512bw,avx512vl,avx512_vnni,avx512_bf16,amx_bf16,amx_int8,amx_tile,fma",True,True,,1.23.2,,,,256,128,sh14l07002s1404,3.11.9,2.1.2+cu121
20260427_080229,2026-04-27T12:13:31.706311,cpu,onnxruntime,full_mlp_capacity_search_hd512_depth5,/home/liangyi/SRS_AI/Model_AIIC_refactor/experiments_refactored/20260425_135159_full_mlp_capacity_search_v2/full_mlp_capacity_search_hd512_depth5,,,,,,,onnxruntime,bf16,,2,8,skipped,ONNX Runtime benchmark currently supports precision profile fp32 only,0.0,,,,,,,,,,,,,,,,611984,610304,1222360,sub-physical,0.0625,0.03125,Intel(R) Xeon(R) 6760P,AVX512,"avx2,avx512f,avx512bw,avx512vl,avx512_vnni,avx512_bf16,amx_bf16,amx_int8,amx_tile,fma",True,True,,1.23.2,,,,256,128,sh14l07002s1404,3.11.9,2.1.2+cu121
20260427_080229,2026-04-27T12:13:31.706311,cpu,onnxruntime,full_mlp_capacity_search_hd512_depth5,/home/liangyi/SRS_AI/Model_AIIC_refactor/experiments_refactored/20260425_135159_full_mlp_capacity_search_v2/full_mlp_capacity_search_hd512_depth5,,,,,,,onnxruntime,bf16,,4,1,skipped,ONNX Runtime benchmark currently supports precision profile fp32 only,0.0,,,,,,,,,,,,,,,,611984,610304,1222360,single-thread,0.0078125,0.00390625,Intel(R) Xeon(R) 6760P,AVX512,"avx2,avx512f,avx512bw,avx512vl,avx512_vnni,avx512_bf16,amx_bf16,amx_int8,amx_tile,fma",True,True,,1.23.2,,,,256,128,sh14l07002s1404,3.11.9,2.1.2+cu121
20260427_080229,2026-04-27T12:13:31.706311,cpu,onnxruntime,full_mlp_capacity_search_hd512_depth5,/home/liangyi/SRS_AI/Model_AIIC_refactor/experiments_refactored/20260425_135159_full_mlp_capacity_search_v2/full_mlp_capacity_search_hd512_depth5,,,,,,,onnxruntime,bf16,,4,2,skipped,ONNX Runtime benchmark currently supports precision profile fp32 only,0.0,,,,,,,,,,,,,,,,611984,610304,1222360,sub-physical,0.015625,0.0078125,Intel(R) Xeon(R) 6760P,AVX512,"avx2,avx512f,avx512bw,avx512vl,avx512_vnni,avx512_bf16,amx_bf16,amx_int8,amx_tile,fma",True,True,,1.23.2,,,,256,128,sh14l07002s1404,3.11.9,2.1.2+cu121
20260427_080229,2026-04-27T12:13:31.706311,cpu,onnxruntime,full_mlp_capacity_search_hd512_depth5,/home/liangyi/SRS_AI/Model_AIIC_refactor/experiments_refactored/20260425_135159_full_mlp_capacity_search_v2/full_mlp_capacity_search_hd512_depth5,,,,,,,onnxruntime,bf16,,4,4,skipped,ONNX Runtime benchmark currently supports precision profile fp32 only,0.0,,,,,,,,,,,,,,,,611984,610304,1222360,sub-physical,0.03125,0.015625,Intel(R) Xeon(R) 6760P,AVX512,"avx2,avx512f,avx512bw,avx512vl,avx512_vnni,avx512_bf16,amx_bf16,amx_int8,amx_tile,fma",True,True,,1.23.2,,,,256,128,sh14l07002s1404,3.11.9,2.1.2+cu121
20260427_080229,2026-04-27T12:13:31.706311,cpu,onnxruntime,full_mlp_capacity_search_hd512_depth5,/home/liangyi/SRS_AI/Model_AIIC_refactor/experiments_refactored/20260425_135159_full_mlp_capacity_search_v2/full_mlp_capacity_search_hd512_depth5,,,,,,,onnxruntime,bf16,,4,8,skipped,ONNX Runtime benchmark currently supports precision profile fp32 only,0.0,,,,,,,,,,,,,,,,611984,610304,1222360,sub-physical,0.0625,0.03125,Intel(R) Xeon(R) 6760P,AVX512,"avx2,avx512f,avx512bw,avx512vl,avx512_vnni,avx512_bf16,amx_bf16,amx_int8,amx_tile,fma",True,True,,1.23.2,,,,256,128,sh14l07002s1404,3.11.9,2.1.2+cu121
20260427_080229,2026-04-27T12:13:31.706311,cpu,onnxruntime,full_mlp_capacity_search_hd512_depth5,/home/liangyi/SRS_AI/Model_AIIC_refactor/experiments_refactored/20260425_135159_full_mlp_capacity_search_v2/full_mlp_capacity_search_hd512_depth5,,,,,,,onnxruntime,bf16,,8,1,skipped,ONNX Runtime benchmark currently supports precision profile fp32 only,0.0,,,,,,,,,,,,,,,,611984,610304,1222360,single-thread,0.0078125,0.00390625,Intel(R) Xeon(R) 6760P,AVX512,"avx2,avx512f,avx512bw,avx512vl,avx512_vnni,avx512_bf16,amx_bf16,amx_int8,amx_tile,fma",True,True,,1.23.2,,,,256,128,sh14l07002s1404,3.11.9,2.1.2+cu121
20260427_080229,2026-04-27T12:13:31.706311,cpu,onnxruntime,full_mlp_capacity_search_hd512_depth5,/home/liangyi/SRS_AI/Model_AIIC_refactor/experiments_refactored/20260425_135159_full_mlp_capacity_search_v2/full_mlp_capacity_search_hd512_depth5,,,,,,,onnxruntime,bf16,,8,2,skipped,ONNX Runtime benchmark currently supports precision profile fp32 only,0.0,,,,,,,,,,,,,,,,611984,610304,1222360,sub-physical,0.015625,0.0078125,Intel(R) Xeon(R) 6760P,AVX512,"avx2,avx512f,avx512bw,avx512vl,avx512_vnni,avx512_bf16,amx_bf16,amx_int8,amx_tile,fma",True,True,,1.23.2,,,,256,128,sh14l07002s1404,3.11.9,2.1.2+cu121
20260427_080229,2026-04-27T12:13:31.706311,cpu,onnxruntime,full_mlp_capacity_search_hd512_depth5,/home/liangyi/SRS_AI/Model_AIIC_refactor/experiments_refactored/20260425_135159_full_mlp_capacity_search_v2/full_mlp_capacity_search_hd512_depth5,,,,,,,onnxruntime,bf16,,8,4,skipped,ONNX Runtime benchmark currently supports precision profile fp32 only,0.0,,,,,,,,,,,,,,,,611984,610304,1222360,sub-physical,0.03125,0.015625,Intel(R) Xeon(R) 6760P,AVX512,"avx2,avx512f,avx512bw,avx512vl,avx512_vnni,avx512_bf16,amx_bf16,amx_int8,amx_tile,fma",True,True,,1.23.2,,,,256,128,sh14l07002s1404,3.11.9,2.1.2+cu121
20260427_080229,2026-04-27T12:13:31.706311,cpu,onnxruntime,full_mlp_capacity_search_hd512_depth5,/home/liangyi/SRS_AI/Model_AIIC_refactor/experiments_refactored/20260425_135159_full_mlp_capacity_search_v2/full_mlp_capacity_search_hd512_depth5,,,,,,,onnxruntime,bf16,,8,8,skipped,ONNX Runtime benchmark currently supports precision profile fp32 only,0.0,,,,,,,,,,,,,,,,611984,610304,1222360,sub-physical,0.0625,0.03125,Intel(R) Xeon(R) 6760P,AVX512,"avx2,avx512f,avx512bw,avx512vl,avx512_vnni,avx512_bf16,amx_bf16,amx_int8,amx_tile,fma",True,True,,1.23.2,,,,256,128,sh14l07002s1404,3.11.9,2.1.2+cu121
20260427_080229,2026-04-27T12:13:31.706311,cpu,onnxruntime,full_mlp_capacity_search_hd512_depth5,/home/liangyi/SRS_AI/Model_AIIC_refactor/experiments_refactored/20260425_135159_full_mlp_capacity_search_v2/full_mlp_capacity_search_hd512_depth5,,,,,,,onnxruntime,bf16,,16,1,skipped,ONNX Runtime benchmark currently supports precision profile fp32 only,0.0,,,,,,,,,,,,,,,,611984,610304,1222360,single-thread,0.0078125,0.00390625,Intel(R) Xeon(R) 6760P,AVX512,"avx2,avx512f,avx512bw,avx512vl,avx512_vnni,avx512_bf16,amx_bf16,amx_int8,amx_tile,fma",True,True,,1.23.2,,,,256,128,sh14l07002s1404,3.11.9,2.1.2+cu121
20260427_080229,2026-04-27T12:13:31.706311,cpu,onnxruntime,full_mlp_capacity_search_hd512_depth5,/home/liangyi/SRS_AI/Model_AIIC_refactor/experiments_refactored/20260425_135159_full_mlp_capacity_search_v2/full_mlp_capacity_search_hd512_depth5,,,,,,,onnxruntime,bf16,,16,2,skipped,ONNX Runtime benchmark currently supports precision profile fp32 only,0.0,,,,,,,,,,,,,,,,611984,610304,1222360,sub-physical,0.015625,0.0078125,Intel(R) Xeon(R) 6760P,AVX512,"avx2,avx512f,avx512bw,avx512vl,avx512_vnni,avx512_bf16,amx_bf16,amx_int8,amx_tile,fma",True,True,,1.23.2,,,,256,128,sh14l07002s1404,3.11.9,2.1.2+cu121
20260427_080229,2026-04-27T12:13:31.706311,cpu,onnxruntime,full_mlp_capacity_search_hd512_depth5,/home/liangyi/SRS_AI/Model_AIIC_refactor/experiments_refactored/20260425_135159_full_mlp_capacity_search_v2/full_mlp_capacity_search_hd512_depth5,,,,,,,onnxruntime,bf16,,16,4,skipped,ONNX Runtime benchmark currently supports precision profile fp32 only,0.0,,,,,,,,,,,,,,,,611984,610304,1222360,sub-physical,0.03125,0.015625,Intel(R) Xeon(R) 6760P,AVX512,"avx2,avx512f,avx512bw,avx512vl,avx512_vnni,avx512_bf16,amx_bf16,amx_int8,amx_tile,fma",True,True,,1.23.2,,,,256,128,sh14l07002s1404,3.11.9,2.1.2+cu121
20260427_080229,2026-04-27T12:13:31.706311,cpu,onnxruntime,full_mlp_capacity_search_hd512_depth5,/home/liangyi/SRS_AI/Model_AIIC_refactor/experiments_refactored/20260425_135159_full_mlp_capacity_search_v2/full_mlp_capacity_search_hd512_depth5,,,,,,,onnxruntime,bf16,,16,8,skipped,ONNX Runtime benchmark currently supports precision profile fp32 only,0.0,,,,,,,,,,,,,,,,611984,610304,1222360,sub-physical,0.0625,0.03125,Intel(R) Xeon(R) 6760P,AVX512,"avx2,avx512f,avx512bw,avx512vl,avx512_vnni,avx512_bf16,amx_bf16,amx_int8,amx_tile,fma",True,True,,1.23.2,,,,256,128,sh14l07002s1404,3.11.9,2.1.2+cu121
20260427_080229,2026-04-27T12:13:31.706311,cpu,onnxruntime,full_mlp_capacity_search_hd512_depth5,/home/liangyi/SRS_AI/Model_AIIC_refactor/experiments_refactored/20260425_135159_full_mlp_capacity_search_v2/full_mlp_capacity_search_hd512_depth5,,,,,,,onnxruntime,bf16,,32,1,skipped,ONNX Runtime benchmark currently supports precision profile fp32 only,0.0,,,,,,,,,,,,,,,,611984,610304,1222360,single-thread,0.0078125,0.00390625,Intel(R) Xeon(R) 6760P,AVX512,"avx2,avx512f,avx512bw,avx512vl,avx512_vnni,avx512_bf16,amx_bf16,amx_int8,amx_tile,fma",True,True,,1.23.2,,,,256,128,sh14l07002s1404,3.11.9,2.1.2+cu121
20260427_080229,2026-04-27T12:13:31.706311,cpu,onnxruntime,full_mlp_capacity_search_hd512_depth5,/home/liangyi/SRS_AI/Model_AIIC_refactor/experiments_refactored/20260425_135159_full_mlp_capacity_search_v2/full_mlp_capacity_search_hd512_depth5,,,,,,,onnxruntime,bf16,,32,2,skipped,ONNX Runtime benchmark currently supports precision profile fp32 only,0.0,,,,,,,,,,,,,,,,611984,610304,1222360,sub-physical,0.015625,0.0078125,Intel(R) Xeon(R) 6760P,AVX512,"avx2,avx512f,avx512bw,avx512vl,avx512_vnni,avx512_bf16,amx_bf16,amx_int8,amx_tile,fma",True,True,,1.23.2,,,,256,128,sh14l07002s1404,3.11.9,2.1.2+cu121
20260427_080229,2026-04-27T12:13:31.706311,cpu,onnxruntime,full_mlp_capacity_search_hd512_depth5,/home/liangyi/SRS_AI/Model_AIIC_refactor/experiments_refactored/20260425_135159_full_mlp_capacity_search_v2/full_mlp_capacity_search_hd512_depth5,,,,,,,onnxruntime,bf16,,32,4,skipped,ONNX Runtime benchmark currently supports precision profile fp32 only,0.0,,,,,,,,,,,,,,,,611984,610304,1222360,sub-physical,0.03125,0.015625,Intel(R) Xeon(R) 6760P,AVX512,"avx2,avx512f,avx512bw,avx512vl,avx512_vnni,avx512_bf16,amx_bf16,amx_int8,amx_tile,fma",True,True,,1.23.2,,,,256,128,sh14l07002s1404,3.11.9,2.1.2+cu121
20260427_080229,2026-04-27T12:13:31.706311,cpu,onnxruntime,full_mlp_capacity_search_hd512_depth5,/home/liangyi/SRS_AI/Model_AIIC_refactor/experiments_refactored/20260425_135159_full_mlp_capacity_search_v2/full_mlp_capacity_search_hd512_depth5,,,,,,,onnxruntime,bf16,,32,8,skipped,ONNX Runtime benchmark currently supports precision profile fp32 only,0.0,,,,,,,,,,,,,,,,611984,610304,1222360,sub-physical,0.0625,0.03125,Intel(R) Xeon(R) 6760P,AVX512,"avx2,avx512f,avx512bw,avx512vl,avx512_vnni,avx512_bf16,amx_bf16,amx_int8,amx_tile,fma",True,True,,1.23.2,,,,256,128,sh14l07002s1404,3.11.9,2.1.2+cu121
20260427_080229,2026-04-27T12:13:31.706311,cpu,onnxruntime,full_mlp_capacity_search_hd512_depth5,/home/liangyi/SRS_AI/Model_AIIC_refactor/experiments_refactored/20260425_135159_full_mlp_capacity_search_v2/full_mlp_capacity_search_hd512_depth5,,,,,,,onnxruntime,bf16,,64,1,skipped,ONNX Runtime benchmark currently supports precision profile fp32 only,0.0,,,,,,,,,,,,,,,,611984,610304,1222360,single-thread,0.0078125,0.00390625,Intel(R) Xeon(R) 6760P,AVX512,"avx2,avx512f,avx512bw,avx512vl,avx512_vnni,avx512_bf16,amx_bf16,amx_int8,amx_tile,fma",True,True,,1.23.2,,,,256,128,sh14l07002s1404,3.11.9,2.1.2+cu121
20260427_080229,2026-04-27T12:13:31.706311,cpu,onnxruntime,full_mlp_capacity_search_hd512_depth5,/home/liangyi/SRS_AI/Model_AIIC_refactor/experiments_refactored/20260425_135159_full_mlp_capacity_search_v2/full_mlp_capacity_search_hd512_depth5,,,,,,,onnxruntime,bf16,,64,2,skipped,ONNX Runtime benchmark currently supports precision profile fp32 only,0.0,,,,,,,,,,,,,,,,611984,610304,1222360,sub-physical,0.015625,0.0078125,Intel(R) Xeon(R) 6760P,AVX512,"avx2,avx512f,avx512bw,avx512vl,avx512_vnni,avx512_bf16,amx_bf16,amx_int8,amx_tile,fma",True,True,,1.23.2,,,,256,128,sh14l07002s1404,3.11.9,2.1.2+cu121
20260427_080229,2026-04-27T12:13:31.706311,cpu,onnxruntime,full_mlp_capacity_search_hd512_depth5,/home/liangyi/SRS_AI/Model_AIIC_refactor/experiments_refactored/20260425_135159_full_mlp_capacity_search_v2/full_mlp_capacity_search_hd512_depth5,,,,,,,onnxruntime,bf16,,64,4,skipped,ONNX Runtime benchmark currently supports precision profile fp32 only,0.0,,,,,,,,,,,,,,,,611984,610304,1222360,sub-physical,0.03125,0.015625,Intel(R) Xeon(R) 6760P,AVX512,"avx2,avx512f,avx512bw,avx512vl,avx512_vnni,avx512_bf16,amx_bf16,amx_int8,amx_tile,fma",True,True,,1.23.2,,,,256,128,sh14l07002s1404,3.11.9,2.1.2+cu121
20260427_080229,2026-04-27T12:13:31.706311,cpu,onnxruntime,full_mlp_capacity_search_hd512_depth5,/home/liangyi/SRS_AI/Model_AIIC_refactor/experiments_refactored/20260425_135159_full_mlp_capacity_search_v2/full_mlp_capacity_search_hd512_depth5,,,,,,,onnxruntime,bf16,,64,8,skipped,ONNX Runtime benchmark currently supports precision profile fp32 only,0.0,,,,,,,,,,,,,,,,611984,610304,1222360,sub-physical,0.0625,0.03125,Intel(R) Xeon(R) 6760P,AVX512,"avx2,avx512f,avx512bw,avx512vl,avx512_vnni,avx512_bf16,amx_bf16,amx_int8,amx_tile,fma",True,True,,1.23.2,,,,256,128,sh14l07002s1404,3.11.9,2.1.2+cu121
20260427_080229,2026-04-27T12:13:31.706311,cpu,onnxruntime,full_mlp_capacity_search_hd512_depth5,/home/liangyi/SRS_AI/Model_AIIC_refactor/experiments_refactored/20260425_135159_full_mlp_capacity_search_v2/full_mlp_capacity_search_hd512_depth5,,,,,,,onnxruntime,bf16,,128,1,skipped,ONNX Runtime benchmark currently supports precision profile fp32 only,0.0,,,,,,,,,,,,,,,,611984,610304,1222360,single-thread,0.0078125,0.00390625,Intel(R) Xeon(R) 6760P,AVX512,"avx2,avx512f,avx512bw,avx512vl,avx512_vnni,avx512_bf16,amx_bf16,amx_int8,amx_tile,fma",True,True,,1.23.2,,,,256,128,sh14l07002s1404,3.11.9,2.1.2+cu121
20260427_080229,2026-04-27T12:13:31.706311,cpu,onnxruntime,full_mlp_capacity_search_hd512_depth5,/home/liangyi/SRS_AI/Model_AIIC_refactor/experiments_refactored/20260425_135159_full_mlp_capacity_search_v2/full_mlp_capacity_search_hd512_depth5,,,,,,,onnxruntime,bf16,,128,2,skipped,ONNX Runtime benchmark currently supports precision profile fp32 only,0.0,,,,,,,,,,,,,,,,611984,610304,1222360,sub-physical,0.015625,0.0078125,Intel(R) Xeon(R) 6760P,AVX512,"avx2,avx512f,avx512bw,avx512vl,avx512_vnni,avx512_bf16,amx_bf16,amx_int8,amx_tile,fma",True,True,,1.23.2,,,,256,128,sh14l07002s1404,3.11.9,2.1.2+cu121
20260427_080229,2026-04-27T12:13:31.706311,cpu,onnxruntime,full_mlp_capacity_search_hd512_depth5,/home/liangyi/SRS_AI/Model_AIIC_refactor/experiments_refactored/20260425_135159_full_mlp_capacity_search_v2/full_mlp_capacity_search_hd512_depth5,,,,,,,onnxruntime,bf16,,128,4,skipped,ONNX Runtime benchmark currently supports precision profile fp32 only,0.0,,,,,,,,,,,,,,,,611984,610304,1222360,sub-physical,0.03125,0.015625,Intel(R) Xeon(R) 6760P,AVX512,"avx2,avx512f,avx512bw,avx512vl,avx512_vnni,avx512_bf16,amx_bf16,amx_int8,amx_tile,fma",True,True,,1.23.2,,,,256,128,sh14l07002s1404,3.11.9,2.1.2+cu121
20260427_080229,2026-04-27T12:13:31.706311,cpu,onnxruntime,full_mlp_capacity_search_hd512_depth5,/home/liangyi/SRS_AI/Model_AIIC_refactor/experiments_refactored/20260425_135159_full_mlp_capacity_search_v2/full_mlp_capacity_search_hd512_depth5,,,,,,,onnxruntime,bf16,,128,8,skipped,ONNX Runtime benchmark currently supports precision profile fp32 only,0.0,,,,,,,,,,,,,,,,611984,610304,1222360,sub-physical,0.0625,0.03125,Intel(R) Xeon(R) 6760P,AVX512,"avx2,avx512f,avx512bw,avx512vl,avx512_vnni,avx512_bf16,amx_bf16,amx_int8,amx_tile,fma",True,True,,1.23.2,,,,256,128,sh14l07002s1404,3.11.9,2.1.2+cu121
20260427_080229,2026-04-27T12:13:31.706311,cpu,openvino,full_mlp_capacity_search_hd512_depth5,/home/liangyi/SRS_AI/Model_AIIC_refactor/experiments_refactored/20260425_135159_full_mlp_capacity_search_v2/full_mlp_capacity_search_hd512_depth5,full_mlp_capacity_search_v2,full_mlp_capacity_search_hd512_depth5,supervised_nmse_plateau,full_mlp,12,6,openvino,fp32,float32,1,1,ok,,236.214305,20,50,0.49691167999999997,0.2355953921016657,0.218874,0.5206025,0.7539608,0.9327649999999992,1.1443689799999996,1.204932,2012.4300559809747,2.0124300559809747,520.6025,520.6025,2012.4300559809747,611984,610304,1222360,single-thread,0.0078125,0.00390625,Intel(R) Xeon(R) 6760P,AVX512,"avx2,avx512f,avx512bw,avx512vl,avx512_vnni,avx512_bf16,amx_bf16,amx_int8,amx_tile,fma",True,True,,,,2026.1.0,CPU,256,128,sh14l07002s1404,3.11.9,2.1.2+cu121
20260427_080229,2026-04-27T12:13:31.706311,cpu,openvino,full_mlp_capacity_search_hd512_depth5,/home/liangyi/SRS_AI/Model_AIIC_refactor/experiments_refactored/20260425_135159_full_mlp_capacity_search_v2/full_mlp_capacity_search_hd512_depth5,full_mlp_capacity_search_v2,full_mlp_capacity_search_hd512_depth5,supervised_nmse_plateau,full_mlp,12,6,openvino,fp32,float32,1,2,ok,,251.961471,20,50,0.26051764,0.03531794131359301,0.199168,0.249616,0.3033138,0.32296909999999995,0.35354325,0.369603,3838.5116646995575,3.8385116646995576,249.616,249.616,1919.2558323497788,611984,610304,1222360,sub-physical,0.015625,0.0078125,Intel(R) Xeon(R) 6760P,AVX512,"avx2,avx512f,avx512bw,avx512vl,avx512_vnni,avx512_bf16,amx_bf16,amx_int8,amx_tile,fma",True,True,,,,2026.1.0,CPU,256,128,sh14l07002s1404,3.11.9,2.1.2+cu121
20260427_080229,2026-04-27T12:13:31.706311,cpu,openvino,full_mlp_capacity_search_hd512_depth5,/home/liangyi/SRS_AI/Model_AIIC_refactor/experiments_refactored/20260425_135159_full_mlp_capacity_search_v2/full_mlp_capacity_search_hd512_depth5,full_mlp_capacity_search_v2,full_mlp_capacity_search_hd512_depth5,supervised_nmse_plateau,full_mlp,12,6,openvino,fp32,float32,1,4,ok,,223.578068,20,50,0.26423862,0.06179561695715644,0.179001,0.252529,0.31065390000000004,0.32223085,0.48605151999999946,0.623963,3784.458153770255,3.784458153770255,252.529,252.529,946.1145384425638,611984,610304,1222360,sub-physical,0.03125,0.015625,Intel(R) Xeon(R) 6760P,AVX512,"avx2,avx512f,avx512bw,avx512vl,avx512_vnni,avx512_bf16,amx_bf16,amx_int8,amx_tile,fma",True,True,,,,2026.1.0,CPU,256,128,sh14l07002s1404,3.11.9,2.1.2+cu121
20260427_080229,2026-04-27T12:13:31.706311,cpu,openvino,full_mlp_capacity_search_hd512_depth5,/home/liangyi/SRS_AI/Model_AIIC_refactor/experiments_refactored/20260425_135159_full_mlp_capacity_search_v2/full_mlp_capacity_search_hd512_depth5,full_mlp_capacity_search_v2,full_mlp_capacity_search_hd512_depth5,supervised_nmse_plateau,full_mlp,12,6,openvino,fp32,float32,1,8,ok,,230.081112,20,50,0.22374102,0.042130063233985306,0.137157,0.225993,0.2826989,0.28821854999999996,0.29975711,0.305618,4469.4531203978595,4.469453120397859,225.993,225.993,558.6816400497324,611984,610304,1222360,sub-physical,0.0625,0.03125,Intel(R) Xeon(R) 6760P,AVX512,"avx2,avx512f,avx512bw,avx512vl,avx512_vnni,avx512_bf16,amx_bf16,amx_int8,amx_tile,fma",True,True,,,,2026.1.0,CPU,256,128,sh14l07002s1404,3.11.9,2.1.2+cu121
20260427_080229,2026-04-27T12:13:31.706311,cpu,openvino,full_mlp_capacity_search_hd512_depth5,/home/liangyi/SRS_AI/Model_AIIC_refactor/experiments_refactored/20260425_135159_full_mlp_capacity_search_v2/full_mlp_capacity_search_hd512_depth5,full_mlp_capacity_search_v2,full_mlp_capacity_search_hd512_depth5,supervised_nmse_plateau,full_mlp,12,6,openvino,fp32,float32,2,1,ok,,220.91695,20,50,0.28112216,0.06647677380961263,0.178901,0.271426,0.3648545,0.40252594999999997,0.4406114999999999,0.466851,7114.344881243086,7.1143448812430865,271.426,135.713,7114.344881243086,611984,610304,1222360,single-thread,0.0078125,0.00390625,Intel(R) Xeon(R) 6760P,AVX512,"avx2,avx512f,avx512bw,avx512vl,avx512_vnni,avx512_bf16,amx_bf16,amx_int8,amx_tile,fma",True,True,,,,2026.1.0,CPU,256,128,sh14l07002s1404,3.11.9,2.1.2+cu121
20260427_080229,2026-04-27T12:13:31.706311,cpu,openvino,full_mlp_capacity_search_hd512_depth5,/home/liangyi/SRS_AI/Model_AIIC_refactor/experiments_refactored/20260425_135159_full_mlp_capacity_search_v2/full_mlp_capacity_search_hd512_depth5,full_mlp_capacity_search_v2,full_mlp_capacity_search_hd512_depth5,supervised_nmse_plateau,full_mlp,12,6,openvino,fp32,float32,2,2,ok,,221.469335,20,50,0.30978604,0.04932079356132056,0.202523,0.30852650000000004,0.3702876,0.39546159999999997,0.4348136999999999,0.461063,6456.068840287316,6.456068840287315,308.52650000000006,154.26325000000003,3228.034420143658,611984,610304,1222360,sub-physical,0.015625,0.0078125,Intel(R) Xeon(R) 6760P,AVX512,"avx2,avx512f,avx512bw,avx512vl,avx512_vnni,avx512_bf16,amx_bf16,amx_int8,amx_tile,fma",True,True,,,,2026.1.0,CPU,256,128,sh14l07002s1404,3.11.9,2.1.2+cu121
20260427_080229,2026-04-27T12:13:31.706311,cpu,openvino,full_mlp_capacity_search_hd512_depth5,/home/liangyi/SRS_AI/Model_AIIC_refactor/experiments_refactored/20260425_135159_full_mlp_capacity_search_v2/full_mlp_capacity_search_hd512_depth5,full_mlp_capacity_search_v2,full_mlp_capacity_search_hd512_depth5,supervised_nmse_plateau,full_mlp,12,6,openvino,fp32,float32,2,4,ok,,227.423001,20,50,0.26303832,0.04866674295345436,0.177627,0.2731755,0.3148648,0.32946815,0.36426973999999984,0.396499,7603.454888245942,7.603454888245942,273.1755,136.58775,1900.8637220614855,611984,610304,1222360,sub-physical,0.03125,0.015625,Intel(R) Xeon(R) 6760P,AVX512,"avx2,avx512f,avx512bw,avx512vl,avx512_vnni,avx512_bf16,amx_bf16,amx_int8,amx_tile,fma",True,True,,,,2026.1.0,CPU,256,128,sh14l07002s1404,3.11.9,2.1.2+cu121
20260427_080229,2026-04-27T12:13:31.706311,cpu,openvino,full_mlp_capacity_search_hd512_depth5,/home/liangyi/SRS_AI/Model_AIIC_refactor/experiments_refactored/20260425_135159_full_mlp_capacity_search_v2/full_mlp_capacity_search_hd512_depth5,full_mlp_capacity_search_v2,full_mlp_capacity_search_hd512_depth5,supervised_nmse_plateau,full_mlp,12,6,openvino,fp32,float32,2,8,ok,,223.920215,20,50,0.24884844,0.060284004766159985,0.166859,0.238368,0.3341659,0.3518251,0.3935794899999999,0.416315,8037.020445054829,8.037020445054829,238.368,119.184,1004.6275556318536,611984,610304,1222360,sub-physical,0.0625,0.03125,Intel(R) Xeon(R) 6760P,AVX512,"avx2,avx512f,avx512bw,avx512vl,avx512_vnni,avx512_bf16,amx_bf16,amx_int8,amx_tile,fma",True,True,,,,2026.1.0,CPU,256,128,sh14l07002s1404,3.11.9,2.1.2+cu121
20260427_080229,2026-04-27T12:13:31.706311,cpu,openvino,full_mlp_capacity_search_hd512_depth5,/home/liangyi/SRS_AI/Model_AIIC_refactor/experiments_refactored/20260425_135159_full_mlp_capacity_search_v2/full_mlp_capacity_search_hd512_depth5,full_mlp_capacity_search_v2,full_mlp_capacity_search_hd512_depth5,supervised_nmse_plateau,full_mlp,12,6,openvino,fp32,float32,4,1,ok,,223.738616,20,50,0.31219626,0.04297022081386597,0.215467,0.3180545,0.3583214,0.36737755,0.3982601599999999,0.422229,12812.45329460385,12.81245329460385,318.0545,79.513625,12812.45329460385,611984,610304,1222360,single-thread,0.0078125,0.00390625,Intel(R) Xeon(R) 6760P,AVX512,"avx2,avx512f,avx512bw,avx512vl,avx512_vnni,avx512_bf16,amx_bf16,amx_int8,amx_tile,fma",True,True,,,,2026.1.0,CPU,256,128,sh14l07002s1404,3.11.9,2.1.2+cu121
20260427_080229,2026-04-27T12:13:31.706311,cpu,openvino,full_mlp_capacity_search_hd512_depth5,/home/liangyi/SRS_AI/Model_AIIC_refactor/experiments_refactored/20260425_135159_full_mlp_capacity_search_v2/full_mlp_capacity_search_hd512_depth5,full_mlp_capacity_search_v2,full_mlp_capacity_search_hd512_depth5,supervised_nmse_plateau,full_mlp,12,6,openvino,fp32,float32,4,2,ok,,221.58302,20,50,0.3029254,0.0867051147275638,0.189472,0.288176,0.3740355,0.41081709999999994,0.6194872299999994,0.765837,13204.571158443629,13.20457115844363,288.176,72.044,6602.285579221814,611984,610304,1222360,sub-physical,0.015625,0.0078125,Intel(R) Xeon(R) 6760P,AVX512,"avx2,avx512f,avx512bw,avx512vl,avx512_vnni,avx512_bf16,amx_bf16,amx_int8,amx_tile,fma",True,True,,,,2026.1.0,CPU,256,128,sh14l07002s1404,3.11.9,2.1.2+cu121
20260427_080229,2026-04-27T12:13:31.706311,cpu,openvino,full_mlp_capacity_search_hd512_depth5,/home/liangyi/SRS_AI/Model_AIIC_refactor/experiments_refactored/20260425_135159_full_mlp_capacity_search_v2/full_mlp_capacity_search_hd512_depth5,full_mlp_capacity_search_v2,full_mlp_capacity_search_hd512_depth5,supervised_nmse_plateau,full_mlp,12,6,openvino,fp32,float32,4,4,ok,,222.168438,20,50,0.3180158,0.038883804287646546,0.252365,0.31298349999999997,0.3655625,0.3861075999999999,0.42515001,0.428164,12577.99140797407,12.57799140797407,312.9835,78.245875,3144.4978519935175,611984,610304,1222360,sub-physical,0.03125,0.015625,Intel(R) Xeon(R) 6760P,AVX512,"avx2,avx512f,avx512bw,avx512vl,avx512_vnni,avx512_bf16,amx_bf16,amx_int8,amx_tile,fma",True,True,,,,2026.1.0,CPU,256,128,sh14l07002s1404,3.11.9,2.1.2+cu121
20260427_080229,2026-04-27T12:13:31.706311,cpu,openvino,full_mlp_capacity_search_hd512_depth5,/home/liangyi/SRS_AI/Model_AIIC_refactor/experiments_refactored/20260425_135159_full_mlp_capacity_search_v2/full_mlp_capacity_search_hd512_depth5,full_mlp_capacity_search_v2,full_mlp_capacity_search_hd512_depth5,supervised_nmse_plateau,full_mlp,12,6,openvino,fp32,float32,4,8,ok,,223.088661,20,50,0.33182088,0.04412924037807132,0.240669,0.33069499999999996,0.3769211,0.4077028999999999,0.4562575499999999,0.472234,12054.696497700808,12.054696497700808,330.69499999999994,82.67374999999998,1506.837062212601,611984,610304,1222360,sub-physical,0.0625,0.03125,Intel(R) Xeon(R) 6760P,AVX512,"avx2,avx512f,avx512bw,avx512vl,avx512_vnni,avx512_bf16,amx_bf16,amx_int8,amx_tile,fma",True,True,,,,2026.1.0,CPU,256,128,sh14l07002s1404,3.11.9,2.1.2+cu121
20260427_080229,2026-04-27T12:13:31.706311,cpu,openvino,full_mlp_capacity_search_hd512_depth5,/home/liangyi/SRS_AI/Model_AIIC_refactor/experiments_refactored/20260425_135159_full_mlp_capacity_search_v2/full_mlp_capacity_search_hd512_depth5,full_mlp_capacity_search_v2,full_mlp_capacity_search_hd512_depth5,supervised_nmse_plateau,full_mlp,12,6,openvino,fp32,float32,8,1,ok,,220.401632,20,50,0.3551584,0.17220448061127794,0.198261,0.292164,0.6055833,0.7854834499999993,0.8978438799999999,0.899651,22525.16060439511,22.52516060439511,292.164,36.5205,22525.16060439511,611984,610304,1222360,single-thread,0.0078125,0.00390625,Intel(R) Xeon(R) 6760P,AVX512,"avx2,avx512f,avx512bw,avx512vl,avx512_vnni,avx512_bf16,amx_bf16,amx_int8,amx_tile,fma",True,True,,,,2026.1.0,CPU,256,128,sh14l07002s1404,3.11.9,2.1.2+cu121
20260427_080229,2026-04-27T12:13:31.706311,cpu,openvino,full_mlp_capacity_search_hd512_depth5,/home/liangyi/SRS_AI/Model_AIIC_refactor/experiments_refactored/20260425_135159_full_mlp_capacity_search_v2/full_mlp_capacity_search_hd512_depth5,full_mlp_capacity_search_v2,full_mlp_capacity_search_hd512_depth5,supervised_nmse_plateau,full_mlp,12,6,openvino,fp32,float32,8,2,ok,,222.678041,20,50,0.30778026,0.0644623116485315,0.203297,0.3106015,0.393342,0.40750365,0.4306404099999999,0.448864,25992.570153784392,25.992570153784392,310.6015,38.8251875,12996.285076892196,611984,610304,1222360,sub-physical,0.015625,0.0078125,Intel(R) Xeon(R) 6760P,AVX512,"avx2,avx512f,avx512bw,avx512vl,avx512_vnni,avx512_bf16,amx_bf16,amx_int8,amx_tile,fma",True,True,,,,2026.1.0,CPU,256,128,sh14l07002s1404,3.11.9,2.1.2+cu121
20260427_080229,2026-04-27T12:13:31.706311,cpu,openvino,full_mlp_capacity_search_hd512_depth5,/home/liangyi/SRS_AI/Model_AIIC_refactor/experiments_refactored/20260425_135159_full_mlp_capacity_search_v2/full_mlp_capacity_search_hd512_depth5,full_mlp_capacity_search_v2,full_mlp_capacity_search_hd512_depth5,supervised_nmse_plateau,full_mlp,12,6,openvino,fp32,float32,8,4,ok,,223.815595,20,50,0.33532714,0.04064617672845012,0.255095,0.33504449999999997,0.39303000000000005,0.40100464999999996,0.41935767999999995,0.427525,23857.299471793423,23.857299471793425,335.04449999999997,41.880562499999996,5964.324867948356,611984,610304,1222360,sub-physical,0.03125,0.015625,Intel(R) Xeon(R) 6760P,AVX512,"avx2,avx512f,avx512bw,avx512vl,avx512_vnni,avx512_bf16,amx_bf16,amx_int8,amx_tile,fma",True,True,,,,2026.1.0,CPU,256,128,sh14l07002s1404,3.11.9,2.1.2+cu121
20260427_080229,2026-04-27T12:13:31.706311,cpu,openvino,full_mlp_capacity_search_hd512_depth5,/home/liangyi/SRS_AI/Model_AIIC_refactor/experiments_refactored/20260425_135159_full_mlp_capacity_search_v2/full_mlp_capacity_search_hd512_depth5,full_mlp_capacity_search_v2,full_mlp_capacity_search_hd512_depth5,supervised_nmse_plateau,full_mlp,12,6,openvino,fp32,float32,8,8,ok,,236.223935,20,50,0.29064838,0.059486370062692515,0.192362,0.2842135,0.36918870000000004,0.4174617499999999,0.44223968,0.44291,27524.667434926014,27.524667434926013,284.2135,35.5266875,3440.5834293657517,611984,610304,1222360,sub-physical,0.0625,0.03125,Intel(R) Xeon(R) 6760P,AVX512,"avx2,avx512f,avx512bw,avx512vl,avx512_vnni,avx512_bf16,amx_bf16,amx_int8,amx_tile,fma",True,True,,,,2026.1.0,CPU,256,128,sh14l07002s1404,3.11.9,2.1.2+cu121
20260427_080229,2026-04-27T12:13:31.706311,cpu,openvino,full_mlp_capacity_search_hd512_depth5,/home/liangyi/SRS_AI/Model_AIIC_refactor/experiments_refactored/20260425_135159_full_mlp_capacity_search_v2/full_mlp_capacity_search_hd512_depth5,full_mlp_capacity_search_v2,full_mlp_capacity_search_hd512_depth5,supervised_nmse_plateau,full_mlp,12,6,openvino,fp32,float32,16,1,ok,,223.175069,20,50,0.28740918,0.06569624582050028,0.192832,0.2773295,0.36730999999999997,0.41030599999999995,0.4569817599999999,0.487742,55669.75974810547,55.66975974810547,277.3295,17.33309375,55669.75974810547,611984,610304,1222360,single-thread,0.0078125,0.00390625,Intel(R) Xeon(R) 6760P,AVX512,"avx2,avx512f,avx512bw,avx512vl,avx512_vnni,avx512_bf16,amx_bf16,amx_int8,amx_tile,fma",True,True,,,,2026.1.0,CPU,256,128,sh14l07002s1404,3.11.9,2.1.2+cu121
20260427_080229,2026-04-27T12:13:31.706311,cpu,openvino,full_mlp_capacity_search_hd512_depth5,/home/liangyi/SRS_AI/Model_AIIC_refactor/experiments_refactored/20260425_135159_full_mlp_capacity_search_v2/full_mlp_capacity_search_hd512_depth5,full_mlp_capacity_search_v2,full_mlp_capacity_search_hd512_depth5,supervised_nmse_plateau,full_mlp,12,6,openvino,fp32,float32,16,2,ok,,220.280988,20,50,0.35866832,0.04008621432335062,0.307105,0.3549605,0.4135606,0.43860044999999986,0.47807229999999995,0.489994,44609.459792824746,44.609459792824744,354.9605,22.18503125,22304.729896412373,611984,610304,1222360,sub-physical,0.015625,0.0078125,Intel(R) Xeon(R) 6760P,AVX512,"avx2,avx512f,avx512bw,avx512vl,avx512_vnni,avx512_bf16,amx_bf16,amx_int8,amx_tile,fma",True,True,,,,2026.1.0,CPU,256,128,sh14l07002s1404,3.11.9,2.1.2+cu121
20260427_080229,2026-04-27T12:13:31.706311,cpu,openvino,full_mlp_capacity_search_hd512_depth5,/home/liangyi/SRS_AI/Model_AIIC_refactor/experiments_refactored/20260425_135159_full_mlp_capacity_search_v2/full_mlp_capacity_search_hd512_depth5,full_mlp_capacity_search_v2,full_mlp_capacity_search_hd512_depth5,supervised_nmse_plateau,full_mlp,12,6,openvino,fp32,float32,16,4,ok,,220.044414,20,50,0.34464766,0.04239337176003343,0.270457,0.34234,0.3968567,0.41261549999999997,0.4419560099999999,0.462708,46424.223509888325,46.42422350988832,342.34,21.39625,11606.055877472081,611984,610304,1222360,sub-physical,0.03125,0.015625,Intel(R) Xeon(R) 6760P,AVX512,"avx2,avx512f,avx512bw,avx512vl,avx512_vnni,avx512_bf16,amx_bf16,amx_int8,amx_tile,fma",True,True,,,,2026.1.0,CPU,256,128,sh14l07002s1404,3.11.9,2.1.2+cu121
20260427_080229,2026-04-27T12:13:31.706311,cpu,openvino,full_mlp_capacity_search_hd512_depth5,/home/liangyi/SRS_AI/Model_AIIC_refactor/experiments_refactored/20260425_135159_full_mlp_capacity_search_v2/full_mlp_capacity_search_hd512_depth5,full_mlp_capacity_search_v2,full_mlp_capacity_search_hd512_depth5,supervised_nmse_plateau,full_mlp,12,6,openvino,fp32,float32,16,8,ok,,226.164495,20,50,0.35326584,0.04472037031615906,0.287676,0.3479565,0.4010047,0.42603784999999994,0.47924555999999996,0.482703,45291.67043153677,45.291670431536765,347.9565,21.74728125,5661.458803942096,611984,610304,1222360,sub-physical,0.0625,0.03125,Intel(R) Xeon(R) 6760P,AVX512,"avx2,avx512f,avx512bw,avx512vl,avx512_vnni,avx512_bf16,amx_bf16,amx_int8,amx_tile,fma",True,True,,,,2026.1.0,CPU,256,128,sh14l07002s1404,3.11.9,2.1.2+cu121
20260427_080229,2026-04-27T12:13:31.706311,cpu,openvino,full_mlp_capacity_search_hd512_depth5,/home/liangyi/SRS_AI/Model_AIIC_refactor/experiments_refactored/20260425_135159_full_mlp_capacity_search_v2/full_mlp_capacity_search_hd512_depth5,full_mlp_capacity_search_v2,full_mlp_capacity_search_hd512_depth5,supervised_nmse_plateau,full_mlp,12,6,openvino,fp32,float32,32,1,ok,,222.977078,20,50,0.26692474,0.05957191078312328,0.209629,0.245601,0.3500024,0.37581149999999997,0.45773429999999987,0.480338,119883.97928195041,119.8839792819504,245.60100000000003,7.675031250000001,119883.97928195041,611984,610304,1222360,single-thread,0.0078125,0.00390625,Intel(R) Xeon(R) 6760P,AVX512,"avx2,avx512f,avx512bw,avx512vl,avx512_vnni,avx512_bf16,amx_bf16,amx_int8,amx_tile,fma",True,True,,,,2026.1.0,CPU,256,128,sh14l07002s1404,3.11.9,2.1.2+cu121
20260427_080229,2026-04-27T12:13:31.706311,cpu,openvino,full_mlp_capacity_search_hd512_depth5,/home/liangyi/SRS_AI/Model_AIIC_refactor/experiments_refactored/20260425_135159_full_mlp_capacity_search_v2/full_mlp_capacity_search_hd512_depth5,full_mlp_capacity_search_v2,full_mlp_capacity_search_hd512_depth5,supervised_nmse_plateau,full_mlp,12,6,openvino,fp32,float32,32,2,ok,,226.584132,20,50,0.34108838,0.0651543707469852,0.23718,0.330694,0.4243185,0.4313195,0.49930193999999983,0.542713,93817.32675853689,93.8173267585369,330.69399999999996,10.334187499999999,46908.663379268444,611984,610304,1222360,sub-physical,0.015625,0.0078125,Intel(R) Xeon(R) 6760P,AVX512,"avx2,avx512f,avx512bw,avx512vl,avx512_vnni,avx512_bf16,amx_bf16,amx_int8,amx_tile,fma",True,True,,,,2026.1.0,CPU,256,128,sh14l07002s1404,3.11.9,2.1.2+cu121
20260427_080229,2026-04-27T12:13:31.706311,cpu,openvino,full_mlp_capacity_search_hd512_depth5,/home/liangyi/SRS_AI/Model_AIIC_refactor/experiments_refactored/20260425_135159_full_mlp_capacity_search_v2/full_mlp_capacity_search_hd512_depth5,full_mlp_capacity_search_v2,full_mlp_capacity_search_hd512_depth5,supervised_nmse_plateau,full_mlp,12,6,openvino,fp32,float32,32,4,ok,,225.255357,20,50,0.28076302,0.06218501176537317,0.204491,0.25745,0.3805285,0.39983785,0.4465398799999999,0.46927,113975.12393191953,113.97512393191953,257.45,8.0453125,28493.780982979883,611984,610304,1222360,sub-physical,0.03125,0.015625,Intel(R) Xeon(R) 6760P,AVX512,"avx2,avx512f,avx512bw,avx512vl,avx512_vnni,avx512_bf16,amx_bf16,amx_int8,amx_tile,fma",True,True,,,,2026.1.0,CPU,256,128,sh14l07002s1404,3.11.9,2.1.2+cu121
20260427_080229,2026-04-27T12:13:31.706311,cpu,openvino,full_mlp_capacity_search_hd512_depth5,/home/liangyi/SRS_AI/Model_AIIC_refactor/experiments_refactored/20260425_135159_full_mlp_capacity_search_v2/full_mlp_capacity_search_hd512_depth5,full_mlp_capacity_search_v2,full_mlp_capacity_search_hd512_depth5,supervised_nmse_plateau,full_mlp,12,6,openvino,fp32,float32,32,8,ok,,224.54705,20,50,0.30320658,0.04961980368364631,0.227596,0.291103,0.37895199999999996,0.3902428,0.39929584999999995,0.402645,105538.60671493343,105.53860671493342,291.103,9.09696875,13192.325839366678,611984,610304,1222360,sub-physical,0.0625,0.03125,Intel(R) Xeon(R) 6760P,AVX512,"avx2,avx512f,avx512bw,avx512vl,avx512_vnni,avx512_bf16,amx_bf16,amx_int8,amx_tile,fma",True,True,,,,2026.1.0,CPU,256,128,sh14l07002s1404,3.11.9,2.1.2+cu121
20260427_080229,2026-04-27T12:13:31.706311,cpu,openvino,full_mlp_capacity_search_hd512_depth5,/home/liangyi/SRS_AI/Model_AIIC_refactor/experiments_refactored/20260425_135159_full_mlp_capacity_search_v2/full_mlp_capacity_search_hd512_depth5,full_mlp_capacity_search_v2,full_mlp_capacity_search_hd512_depth5,supervised_nmse_plateau,full_mlp,12,6,openvino,fp32,float32,64,1,ok,,225.394618,20,50,0.31693514,0.06322355679776645,0.223587,0.30490700000000004,0.4078413,0.42456625,0.47347061999999995,0.485065,201934.06133507317,201.93406133507318,304.90700000000004,4.764171875000001,201934.06133507317,611984,610304,1222360,single-thread,0.0078125,0.00390625,Intel(R) Xeon(R) 6760P,AVX512,"avx2,avx512f,avx512bw,avx512vl,avx512_vnni,avx512_bf16,amx_bf16,amx_int8,amx_tile,fma",True,True,,,,2026.1.0,CPU,256,128,sh14l07002s1404,3.11.9,2.1.2+cu121
20260427_080229,2026-04-27T12:13:31.706311,cpu,openvino,full_mlp_capacity_search_hd512_depth5,/home/liangyi/SRS_AI/Model_AIIC_refactor/experiments_refactored/20260425_135159_full_mlp_capacity_search_v2/full_mlp_capacity_search_hd512_depth5,full_mlp_capacity_search_v2,full_mlp_capacity_search_hd512_depth5,supervised_nmse_plateau,full_mlp,12,6,openvino,fp32,float32,64,2,ok,,223.500232,20,50,0.34908036,0.054466301059925115,0.266023,0.3418605,0.4104863,0.4399159999999999,0.49999483999999983,0.539334,183338.8736049201,183.3388736049201,341.8605,5.3415703125,91669.43680246006,611984,610304,1222360,sub-physical,0.015625,0.0078125,Intel(R) Xeon(R) 6760P,AVX512,"avx2,avx512f,avx512bw,avx512vl,avx512_vnni,avx512_bf16,amx_bf16,amx_int8,amx_tile,fma",True,True,,,,2026.1.0,CPU,256,128,sh14l07002s1404,3.11.9,2.1.2+cu121
20260427_080229,2026-04-27T12:13:31.706311,cpu,openvino,full_mlp_capacity_search_hd512_depth5,/home/liangyi/SRS_AI/Model_AIIC_refactor/experiments_refactored/20260425_135159_full_mlp_capacity_search_v2/full_mlp_capacity_search_hd512_depth5,full_mlp_capacity_search_v2,full_mlp_capacity_search_hd512_depth5,supervised_nmse_plateau,full_mlp,12,6,openvino,fp32,float32,64,4,ok,,225.673082,20,50,0.3048137,0.05174927851410104,0.230792,0.2951095,0.3711104,0.3934696,0.4288211899999999,0.451199,209964.31590837284,209.96431590837284,295.1095,4.6110859375,52491.07897709321,611984,610304,1222360,sub-physical,0.03125,0.015625,Intel(R) Xeon(R) 6760P,AVX512,"avx2,avx512f,avx512bw,avx512vl,avx512_vnni,avx512_bf16,amx_bf16,amx_int8,amx_tile,fma",True,True,,,,2026.1.0,CPU,256,128,sh14l07002s1404,3.11.9,2.1.2+cu121
20260427_080229,2026-04-27T12:13:31.706311,cpu,openvino,full_mlp_capacity_search_hd512_depth5,/home/liangyi/SRS_AI/Model_AIIC_refactor/experiments_refactored/20260425_135159_full_mlp_capacity_search_v2/full_mlp_capacity_search_hd512_depth5,full_mlp_capacity_search_v2,full_mlp_capacity_search_hd512_depth5,supervised_nmse_plateau,full_mlp,12,6,openvino,fp32,float32,64,8,ok,,224.917087,20,50,0.32045216,0.07474987921524957,0.230259,0.302299,0.4249246,0.44824924999999993,0.4834974899999999,0.498687,199717.79875036574,199.71779875036574,302.299,4.723421875,24964.724843795717,611984,610304,1222360,sub-physical,0.0625,0.03125,Intel(R) Xeon(R) 6760P,AVX512,"avx2,avx512f,avx512bw,avx512vl,avx512_vnni,avx512_bf16,amx_bf16,amx_int8,amx_tile,fma",True,True,,,,2026.1.0,CPU,256,128,sh14l07002s1404,3.11.9,2.1.2+cu121
20260427_080229,2026-04-27T12:13:31.706311,cpu,openvino,full_mlp_capacity_search_hd512_depth5,/home/liangyi/SRS_AI/Model_AIIC_refactor/experiments_refactored/20260425_135159_full_mlp_capacity_search_v2/full_mlp_capacity_search_hd512_depth5,full_mlp_capacity_search_v2,full_mlp_capacity_search_hd512_depth5,supervised_nmse_plateau,full_mlp,12,6,openvino,fp32,float32,128,1,ok,,221.275119,20,50,0.44649166,0.07261303755954848,0.316378,0.4557065,0.520362,0.53690945,0.6156840499999997,0.676569,286679.4869135966,286.6794869135966,455.7065,3.56020703125,286679.4869135966,611984,610304,1222360,single-thread,0.0078125,0.00390625,Intel(R) Xeon(R) 6760P,AVX512,"avx2,avx512f,avx512bw,avx512vl,avx512_vnni,avx512_bf16,amx_bf16,amx_int8,amx_tile,fma",True,True,,,,2026.1.0,CPU,256,128,sh14l07002s1404,3.11.9,2.1.2+cu121
20260427_080229,2026-04-27T12:13:31.706311,cpu,openvino,full_mlp_capacity_search_hd512_depth5,/home/liangyi/SRS_AI/Model_AIIC_refactor/experiments_refactored/20260425_135159_full_mlp_capacity_search_v2/full_mlp_capacity_search_hd512_depth5,full_mlp_capacity_search_v2,full_mlp_capacity_search_hd512_depth5,supervised_nmse_plateau,full_mlp,12,6,openvino,fp32,float32,128,2,ok,,224.717486,20,50,0.4361107,0.029604093867740655,0.38581,0.429752,0.47462340000000003,0.47893905,0.5196246099999999,0.541974,293503.461391798,293.503461391798,429.752,3.3574375,146751.730695899,611984,610304,1222360,sub-physical,0.015625,0.0078125,Intel(R) Xeon(R) 6760P,AVX512,"avx2,avx512f,avx512bw,avx512vl,avx512_vnni,avx512_bf16,amx_bf16,amx_int8,amx_tile,fma",True,True,,,,2026.1.0,CPU,256,128,sh14l07002s1404,3.11.9,2.1.2+cu121
20260427_080229,2026-04-27T12:13:31.706311,cpu,openvino,full_mlp_capacity_search_hd512_depth5,/home/liangyi/SRS_AI/Model_AIIC_refactor/experiments_refactored/20260425_135159_full_mlp_capacity_search_v2/full_mlp_capacity_search_hd512_depth5,full_mlp_capacity_search_v2,full_mlp_capacity_search_hd512_depth5,supervised_nmse_plateau,full_mlp,12,6,openvino,fp32,float32,128,4,ok,,224.383782,20,50,0.48999184,0.052944672130200224,0.420699,0.477632,0.549489,0.5947103,0.6475435099999999,0.684637,261228.84005578537,261.2288400557854,477.632,3.7315,65307.210013946344,611984,610304,1222360,sub-physical,0.03125,0.015625,Intel(R) Xeon(R) 6760P,AVX512,"avx2,avx512f,avx512bw,avx512vl,avx512_vnni,avx512_bf16,amx_bf16,amx_int8,amx_tile,fma",True,True,,,,2026.1.0,CPU,256,128,sh14l07002s1404,3.11.9,2.1.2+cu121
20260427_080229,2026-04-27T12:13:31.706311,cpu,openvino,full_mlp_capacity_search_hd512_depth5,/home/liangyi/SRS_AI/Model_AIIC_refactor/experiments_refactored/20260425_135159_full_mlp_capacity_search_v2/full_mlp_capacity_search_hd512_depth5,full_mlp_capacity_search_v2,full_mlp_capacity_search_hd512_depth5,supervised_nmse_plateau,full_mlp,12,6,openvino,fp32,float32,128,8,ok,,223.820088,20,50,0.40298898,0.07418316783165572,0.29626,0.3969685,0.4828715,0.49597284999999997,0.5879412199999999,0.615245,317626.55147542746,317.62655147542745,396.9685,3.10131640625,39703.31893442843,611984,610304,1222360,sub-physical,0.0625,0.03125,Intel(R) Xeon(R) 6760P,AVX512,"avx2,avx512f,avx512bw,avx512vl,avx512_vnni,avx512_bf16,amx_bf16,amx_int8,amx_tile,fma",True,True,,,,2026.1.0,CPU,256,128,sh14l07002s1404,3.11.9,2.1.2+cu121
20260427_080229,2026-04-27T12:13:31.706311,cpu,openvino,full_mlp_capacity_search_hd512_depth5,/home/liangyi/SRS_AI/Model_AIIC_refactor/experiments_refactored/20260425_135159_full_mlp_capacity_search_v2/full_mlp_capacity_search_hd512_depth5,,,,,,,openvino,bf16,,1,1,skipped,OpenVINO benchmark currently supports precision profile fp32 only,0.0,,,,,,,,,,,,,,,,611984,610304,1222360,single-thread,0.0078125,0.00390625,Intel(R) Xeon(R) 6760P,AVX512,"avx2,avx512f,avx512bw,avx512vl,avx512_vnni,avx512_bf16,amx_bf16,amx_int8,amx_tile,fma",True,True,,,,2026.1.0,,256,128,sh14l07002s1404,3.11.9,2.1.2+cu121
20260427_080229,2026-04-27T12:13:31.706311,cpu,openvino,full_mlp_capacity_search_hd512_depth5,/home/liangyi/SRS_AI/Model_AIIC_refactor/experiments_refactored/20260425_135159_full_mlp_capacity_search_v2/full_mlp_capacity_search_hd512_depth5,,,,,,,openvino,bf16,,1,2,skipped,OpenVINO benchmark currently supports precision profile fp32 only,0.0,,,,,,,,,,,,,,,,611984,610304,1222360,sub-physical,0.015625,0.0078125,Intel(R) Xeon(R) 6760P,AVX512,"avx2,avx512f,avx512bw,avx512vl,avx512_vnni,avx512_bf16,amx_bf16,amx_int8,amx_tile,fma",True,True,,,,2026.1.0,,256,128,sh14l07002s1404,3.11.9,2.1.2+cu121
20260427_080229,2026-04-27T12:13:31.706311,cpu,openvino,full_mlp_capacity_search_hd512_depth5,/home/liangyi/SRS_AI/Model_AIIC_refactor/experiments_refactored/20260425_135159_full_mlp_capacity_search_v2/full_mlp_capacity_search_hd512_depth5,,,,,,,openvino,bf16,,1,4,skipped,OpenVINO benchmark currently supports precision profile fp32 only,0.0,,,,,,,,,,,,,,,,611984,610304,1222360,sub-physical,0.03125,0.015625,Intel(R) Xeon(R) 6760P,AVX512,"avx2,avx512f,avx512bw,avx512vl,avx512_vnni,avx512_bf16,amx_bf16,amx_int8,amx_tile,fma",True,True,,,,2026.1.0,,256,128,sh14l07002s1404,3.11.9,2.1.2+cu121
20260427_080229,2026-04-27T12:13:31.706311,cpu,openvino,full_mlp_capacity_search_hd512_depth5,/home/liangyi/SRS_AI/Model_AIIC_refactor/experiments_refactored/20260425_135159_full_mlp_capacity_search_v2/full_mlp_capacity_search_hd512_depth5,,,,,,,openvino,bf16,,1,8,skipped,OpenVINO benchmark currently supports precision profile fp32 only,0.0,,,,,,,,,,,,,,,,611984,610304,1222360,sub-physical,0.0625,0.03125,Intel(R) Xeon(R) 6760P,AVX512,"avx2,avx512f,avx512bw,avx512vl,avx512_vnni,avx512_bf16,amx_bf16,amx_int8,amx_tile,fma",True,True,,,,2026.1.0,,256,128,sh14l07002s1404,3.11.9,2.1.2+cu121
20260427_080229,2026-04-27T12:13:31.706311,cpu,openvino,full_mlp_capacity_search_hd512_depth5,/home/liangyi/SRS_AI/Model_AIIC_refactor/experiments_refactored/20260425_135159_full_mlp_capacity_search_v2/full_mlp_capacity_search_hd512_depth5,,,,,,,openvino,bf16,,2,1,skipped,OpenVINO benchmark currently supports precision profile fp32 only,0.0,,,,,,,,,,,,,,,,611984,610304,1222360,single-thread,0.0078125,0.00390625,Intel(R) Xeon(R) 6760P,AVX512,"avx2,avx512f,avx512bw,avx512vl,avx512_vnni,avx512_bf16,amx_bf16,amx_int8,amx_tile,fma",True,True,,,,2026.1.0,,256,128,sh14l07002s1404,3.11.9,2.1.2+cu121
20260427_080229,2026-04-27T12:13:31.706311,cpu,openvino,full_mlp_capacity_search_hd512_depth5,/home/liangyi/SRS_AI/Model_AIIC_refactor/experiments_refactored/20260425_135159_full_mlp_capacity_search_v2/full_mlp_capacity_search_hd512_depth5,,,,,,,openvino,bf16,,2,2,skipped,OpenVINO benchmark currently supports precision profile fp32 only,0.0,,,,,,,,,,,,,,,,611984,610304,1222360,sub-physical,0.015625,0.0078125,Intel(R) Xeon(R) 6760P,AVX512,"avx2,avx512f,avx512bw,avx512vl,avx512_vnni,avx512_bf16,amx_bf16,amx_int8,amx_tile,fma",True,True,,,,2026.1.0,,256,128,sh14l07002s1404,3.11.9,2.1.2+cu121
20260427_080229,2026-04-27T12:13:31.706311,cpu,openvino,full_mlp_capacity_search_hd512_depth5,/home/liangyi/SRS_AI/Model_AIIC_refactor/experiments_refactored/20260425_135159_full_mlp_capacity_search_v2/full_mlp_capacity_search_hd512_depth5,,,,,,,openvino,bf16,,2,4,skipped,OpenVINO benchmark currently supports precision profile fp32 only,0.0,,,,,,,,,,,,,,,,611984,610304,1222360,sub-physical,0.03125,0.015625,Intel(R) Xeon(R) 6760P,AVX512,"avx2,avx512f,avx512bw,avx512vl,avx512_vnni,avx512_bf16,amx_bf16,amx_int8,amx_tile,fma",True,True,,,,2026.1.0,,256,128,sh14l07002s1404,3.11.9,2.1.2+cu121
20260427_080229,2026-04-27T12:13:31.706311,cpu,openvino,full_mlp_capacity_search_hd512_depth5,/home/liangyi/SRS_AI/Model_AIIC_refactor/experiments_refactored/20260425_135159_full_mlp_capacity_search_v2/full_mlp_capacity_search_hd512_depth5,,,,,,,openvino,bf16,,2,8,skipped,OpenVINO benchmark currently supports precision profile fp32 only,0.0,,,,,,,,,,,,,,,,611984,610304,1222360,sub-physical,0.0625,0.03125,Intel(R) Xeon(R) 6760P,AVX512,"avx2,avx512f,avx512bw,avx512vl,avx512_vnni,avx512_bf16,amx_bf16,amx_int8,amx_tile,fma",True,True,,,,2026.1.0,,256,128,sh14l07002s1404,3.11.9,2.1.2+cu121
20260427_080229,2026-04-27T12:13:31.706311,cpu,openvino,full_mlp_capacity_search_hd512_depth5,/home/liangyi/SRS_AI/Model_AIIC_refactor/experiments_refactored/20260425_135159_full_mlp_capacity_search_v2/full_mlp_capacity_search_hd512_depth5,,,,,,,openvino,bf16,,4,1,skipped,OpenVINO benchmark currently supports precision profile fp32 only,0.0,,,,,,,,,,,,,,,,611984,610304,1222360,single-thread,0.0078125,0.00390625,Intel(R) Xeon(R) 6760P,AVX512,"avx2,avx512f,avx512bw,avx512vl,avx512_vnni,avx512_bf16,amx_bf16,amx_int8,amx_tile,fma",True,True,,,,2026.1.0,,256,128,sh14l07002s1404,3.11.9,2.1.2+cu121
20260427_080229,2026-04-27T12:13:31.706311,cpu,openvino,full_mlp_capacity_search_hd512_depth5,/home/liangyi/SRS_AI/Model_AIIC_refactor/experiments_refactored/20260425_135159_full_mlp_capacity_search_v2/full_mlp_capacity_search_hd512_depth5,,,,,,,openvino,bf16,,4,2,skipped,OpenVINO benchmark currently supports precision profile fp32 only,0.0,,,,,,,,,,,,,,,,611984,610304,1222360,sub-physical,0.015625,0.0078125,Intel(R) Xeon(R) 6760P,AVX512,"avx2,avx512f,avx512bw,avx512vl,avx512_vnni,avx512_bf16,amx_bf16,amx_int8,amx_tile,fma",True,True,,,,2026.1.0,,256,128,sh14l07002s1404,3.11.9,2.1.2+cu121
20260427_080229,2026-04-27T12:13:31.706311,cpu,openvino,full_mlp_capacity_search_hd512_depth5,/home/liangyi/SRS_AI/Model_AIIC_refactor/experiments_refactored/20260425_135159_full_mlp_capacity_search_v2/full_mlp_capacity_search_hd512_depth5,,,,,,,openvino,bf16,,4,4,skipped,OpenVINO benchmark currently supports precision profile fp32 only,0.0,,,,,,,,,,,,,,,,611984,610304,1222360,sub-physical,0.03125,0.015625,Intel(R) Xeon(R) 6760P,AVX512,"avx2,avx512f,avx512bw,avx512vl,avx512_vnni,avx512_bf16,amx_bf16,amx_int8,amx_tile,fma",True,True,,,,2026.1.0,,256,128,sh14l07002s1404,3.11.9,2.1.2+cu121
20260427_080229,2026-04-27T12:13:31.706311,cpu,openvino,full_mlp_capacity_search_hd512_depth5,/home/liangyi/SRS_AI/Model_AIIC_refactor/experiments_refactored/20260425_135159_full_mlp_capacity_search_v2/full_mlp_capacity_search_hd512_depth5,,,,,,,openvino,bf16,,4,8,skipped,OpenVINO benchmark currently supports precision profile fp32 only,0.0,,,,,,,,,,,,,,,,611984,610304,1222360,sub-physical,0.0625,0.03125,Intel(R) Xeon(R) 6760P,AVX512,"avx2,avx512f,avx512bw,avx512vl,avx512_vnni,avx512_bf16,amx_bf16,amx_int8,amx_tile,fma",True,True,,,,2026.1.0,,256,128,sh14l07002s1404,3.11.9,2.1.2+cu121
20260427_080229,2026-04-27T12:13:31.706311,cpu,openvino,full_mlp_capacity_search_hd512_depth5,/home/liangyi/SRS_AI/Model_AIIC_refactor/experiments_refactored/20260425_135159_full_mlp_capacity_search_v2/full_mlp_capacity_search_hd512_depth5,,,,,,,openvino,bf16,,8,1,skipped,OpenVINO benchmark currently supports precision profile fp32 only,0.0,,,,,,,,,,,,,,,,611984,610304,1222360,single-thread,0.0078125,0.00390625,Intel(R) Xeon(R) 6760P,AVX512,"avx2,avx512f,avx512bw,avx512vl,avx512_vnni,avx512_bf16,amx_bf16,amx_int8,amx_tile,fma",True,True,,,,2026.1.0,,256,128,sh14l07002s1404,3.11.9,2.1.2+cu121
20260427_080229,2026-04-27T12:13:31.706311,cpu,openvino,full_mlp_capacity_search_hd512_depth5,/home/liangyi/SRS_AI/Model_AIIC_refactor/experiments_refactored/20260425_135159_full_mlp_capacity_search_v2/full_mlp_capacity_search_hd512_depth5,,,,,,,openvino,bf16,,8,2,skipped,OpenVINO benchmark currently supports precision profile fp32 only,0.0,,,,,,,,,,,,,,,,611984,610304,1222360,sub-physical,0.015625,0.0078125,Intel(R) Xeon(R) 6760P,AVX512,"avx2,avx512f,avx512bw,avx512vl,avx512_vnni,avx512_bf16,amx_bf16,amx_int8,amx_tile,fma",True,True,,,,2026.1.0,,256,128,sh14l07002s1404,3.11.9,2.1.2+cu121
20260427_080229,2026-04-27T12:13:31.706311,cpu,openvino,full_mlp_capacity_search_hd512_depth5,/home/liangyi/SRS_AI/Model_AIIC_refactor/experiments_refactored/20260425_135159_full_mlp_capacity_search_v2/full_mlp_capacity_search_hd512_depth5,,,,,,,openvino,bf16,,8,4,skipped,OpenVINO benchmark currently supports precision profile fp32 only,0.0,,,,,,,,,,,,,,,,611984,610304,1222360,sub-physical,0.03125,0.015625,Intel(R) Xeon(R) 6760P,AVX512,"avx2,avx512f,avx512bw,avx512vl,avx512_vnni,avx512_bf16,amx_bf16,amx_int8,amx_tile,fma",True,True,,,,2026.1.0,,256,128,sh14l07002s1404,3.11.9,2.1.2+cu121
20260427_080229,2026-04-27T12:13:31.706311,cpu,openvino,full_mlp_capacity_search_hd512_depth5,/home/liangyi/SRS_AI/Model_AIIC_refactor/experiments_refactored/20260425_135159_full_mlp_capacity_search_v2/full_mlp_capacity_search_hd512_depth5,,,,,,,openvino,bf16,,8,8,skipped,OpenVINO benchmark currently supports precision profile fp32 only,0.0,,,,,,,,,,,,,,,,611984,610304,1222360,sub-physical,0.0625,0.03125,Intel(R) Xeon(R) 6760P,AVX512,"avx2,avx512f,avx512bw,avx512vl,avx512_vnni,avx512_bf16,amx_bf16,amx_int8,amx_tile,fma",True,True,,,,2026.1.0,,256,128,sh14l07002s1404,3.11.9,2.1.2+cu121
20260427_080229,2026-04-27T12:13:31.706311,cpu,openvino,full_mlp_capacity_search_hd512_depth5,/home/liangyi/SRS_AI/Model_AIIC_refactor/experiments_refactored/20260425_135159_full_mlp_capacity_search_v2/full_mlp_capacity_search_hd512_depth5,,,,,,,openvino,bf16,,16,1,skipped,OpenVINO benchmark currently supports precision profile fp32 only,0.0,,,,,,,,,,,,,,,,611984,610304,1222360,single-thread,0.0078125,0.00390625,Intel(R) Xeon(R) 6760P,AVX512,"avx2,avx512f,avx512bw,avx512vl,avx512_vnni,avx512_bf16,amx_bf16,amx_int8,amx_tile,fma",True,True,,,,2026.1.0,,256,128,sh14l07002s1404,3.11.9,2.1.2+cu121
20260427_080229,2026-04-27T12:13:31.706311,cpu,openvino,full_mlp_capacity_search_hd512_depth5,/home/liangyi/SRS_AI/Model_AIIC_refactor/experiments_refactored/20260425_135159_full_mlp_capacity_search_v2/full_mlp_capacity_search_hd512_depth5,,,,,,,openvino,bf16,,16,2,skipped,OpenVINO benchmark currently supports precision profile fp32 only,0.0,,,,,,,,,,,,,,,,611984,610304,1222360,sub-physical,0.015625,0.0078125,Intel(R) Xeon(R) 6760P,AVX512,"avx2,avx512f,avx512bw,avx512vl,avx512_vnni,avx512_bf16,amx_bf16,amx_int8,amx_tile,fma",True,True,,,,2026.1.0,,256,128,sh14l07002s1404,3.11.9,2.1.2+cu121
20260427_080229,2026-04-27T12:13:31.706311,cpu,openvino,full_mlp_capacity_search_hd512_depth5,/home/liangyi/SRS_AI/Model_AIIC_refactor/experiments_refactored/20260425_135159_full_mlp_capacity_search_v2/full_mlp_capacity_search_hd512_depth5,,,,,,,openvino,bf16,,16,4,skipped,OpenVINO benchmark currently supports precision profile fp32 only,0.0,,,,,,,,,,,,,,,,611984,610304,1222360,sub-physical,0.03125,0.015625,Intel(R) Xeon(R) 6760P,AVX512,"avx2,avx512f,avx512bw,avx512vl,avx512_vnni,avx512_bf16,amx_bf16,amx_int8,amx_tile,fma",True,True,,,,2026.1.0,,256,128,sh14l07002s1404,3.11.9,2.1.2+cu121
20260427_080229,2026-04-27T12:13:31.706311,cpu,openvino,full_mlp_capacity_search_hd512_depth5,/home/liangyi/SRS_AI/Model_AIIC_refactor/experiments_refactored/20260425_135159_full_mlp_capacity_search_v2/full_mlp_capacity_search_hd512_depth5,,,,,,,openvino,bf16,,16,8,skipped,OpenVINO benchmark currently supports precision profile fp32 only,0.0,,,,,,,,,,,,,,,,611984,610304,1222360,sub-physical,0.0625,0.03125,Intel(R) Xeon(R) 6760P,AVX512,"avx2,avx512f,avx512bw,avx512vl,avx512_vnni,avx512_bf16,amx_bf16,amx_int8,amx_tile,fma",True,True,,,,2026.1.0,,256,128,sh14l07002s1404,3.11.9,2.1.2+cu121
20260427_080229,2026-04-27T12:13:31.706311,cpu,openvino,full_mlp_capacity_search_hd512_depth5,/home/liangyi/SRS_AI/Model_AIIC_refactor/experiments_refactored/20260425_135159_full_mlp_capacity_search_v2/full_mlp_capacity_search_hd512_depth5,,,,,,,openvino,bf16,,32,1,skipped,OpenVINO benchmark currently supports precision profile fp32 only,0.0,,,,,,,,,,,,,,,,611984,610304,1222360,single-thread,0.0078125,0.00390625,Intel(R) Xeon(R) 6760P,AVX512,"avx2,avx512f,avx512bw,avx512vl,avx512_vnni,avx512_bf16,amx_bf16,amx_int8,amx_tile,fma",True,True,,,,2026.1.0,,256,128,sh14l07002s1404,3.11.9,2.1.2+cu121
20260427_080229,2026-04-27T12:13:31.706311,cpu,openvino,full_mlp_capacity_search_hd512_depth5,/home/liangyi/SRS_AI/Model_AIIC_refactor/experiments_refactored/20260425_135159_full_mlp_capacity_search_v2/full_mlp_capacity_search_hd512_depth5,,,,,,,openvino,bf16,,32,2,skipped,OpenVINO benchmark currently supports precision profile fp32 only,0.0,,,,,,,,,,,,,,,,611984,610304,1222360,sub-physical,0.015625,0.0078125,Intel(R) Xeon(R) 6760P,AVX512,"avx2,avx512f,avx512bw,avx512vl,avx512_vnni,avx512_bf16,amx_bf16,amx_int8,amx_tile,fma",True,True,,,,2026.1.0,,256,128,sh14l07002s1404,3.11.9,2.1.2+cu121
20260427_080229,2026-04-27T12:13:31.706311,cpu,openvino,full_mlp_capacity_search_hd512_depth5,/home/liangyi/SRS_AI/Model_AIIC_refactor/experiments_refactored/20260425_135159_full_mlp_capacity_search_v2/full_mlp_capacity_search_hd512_depth5,,,,,,,openvino,bf16,,32,4,skipped,OpenVINO benchmark currently supports precision profile fp32 only,0.0,,,,,,,,,,,,,,,,611984,610304,1222360,sub-physical,0.03125,0.015625,Intel(R) Xeon(R) 6760P,AVX512,"avx2,avx512f,avx512bw,avx512vl,avx512_vnni,avx512_bf16,amx_bf16,amx_int8,amx_tile,fma",True,True,,,,2026.1.0,,256,128,sh14l07002s1404,3.11.9,2.1.2+cu121
20260427_080229,2026-04-27T12:13:31.706311,cpu,openvino,full_mlp_capacity_search_hd512_depth5,/home/liangyi/SRS_AI/Model_AIIC_refactor/experiments_refactored/20260425_135159_full_mlp_capacity_search_v2/full_mlp_capacity_search_hd512_depth5,,,,,,,openvino,bf16,,32,8,skipped,OpenVINO benchmark currently supports precision profile fp32 only,0.0,,,,,,,,,,,,,,,,611984,610304,1222360,sub-physical,0.0625,0.03125,Intel(R) Xeon(R) 6760P,AVX512,"avx2,avx512f,avx512bw,avx512vl,avx512_vnni,avx512_bf16,amx_bf16,amx_int8,amx_tile,fma",True,True,,,,2026.1.0,,256,128,sh14l07002s1404,3.11.9,2.1.2+cu121
20260427_080229,2026-04-27T12:13:31.706311,cpu,openvino,full_mlp_capacity_search_hd512_depth5,/home/liangyi/SRS_AI/Model_AIIC_refactor/experiments_refactored/20260425_135159_full_mlp_capacity_search_v2/full_mlp_capacity_search_hd512_depth5,,,,,,,openvino,bf16,,64,1,skipped,OpenVINO benchmark currently supports precision profile fp32 only,0.0,,,,,,,,,,,,,,,,611984,610304,1222360,single-thread,0.0078125,0.00390625,Intel(R) Xeon(R) 6760P,AVX512,"avx2,avx512f,avx512bw,avx512vl,avx512_vnni,avx512_bf16,amx_bf16,amx_int8,amx_tile,fma",True,True,,,,2026.1.0,,256,128,sh14l07002s1404,3.11.9,2.1.2+cu121
20260427_080229,2026-04-27T12:13:31.706311,cpu,openvino,full_mlp_capacity_search_hd512_depth5,/home/liangyi/SRS_AI/Model_AIIC_refactor/experiments_refactored/20260425_135159_full_mlp_capacity_search_v2/full_mlp_capacity_search_hd512_depth5,,,,,,,openvino,bf16,,64,2,skipped,OpenVINO benchmark currently supports precision profile fp32 only,0.0,,,,,,,,,,,,,,,,611984,610304,1222360,sub-physical,0.015625,0.0078125,Intel(R) Xeon(R) 6760P,AVX512,"avx2,avx512f,avx512bw,avx512vl,avx512_vnni,avx512_bf16,amx_bf16,amx_int8,amx_tile,fma",True,True,,,,2026.1.0,,256,128,sh14l07002s1404,3.11.9,2.1.2+cu121
20260427_080229,2026-04-27T12:13:31.706311,cpu,openvino,full_mlp_capacity_search_hd512_depth5,/home/liangyi/SRS_AI/Model_AIIC_refactor/experiments_refactored/20260425_135159_full_mlp_capacity_search_v2/full_mlp_capacity_search_hd512_depth5,,,,,,,openvino,bf16,,64,4,skipped,OpenVINO benchmark currently supports precision profile fp32 only,0.0,,,,,,,,,,,,,,,,611984,610304,1222360,sub-physical,0.03125,0.015625,Intel(R) Xeon(R) 6760P,AVX512,"avx2,avx512f,avx512bw,avx512vl,avx512_vnni,avx512_bf16,amx_bf16,amx_int8,amx_tile,fma",True,True,,,,2026.1.0,,256,128,sh14l07002s1404,3.11.9,2.1.2+cu121
20260427_080229,2026-04-27T12:13:31.706311,cpu,openvino,full_mlp_capacity_search_hd512_depth5,/home/liangyi/SRS_AI/Model_AIIC_refactor/experiments_refactored/20260425_135159_full_mlp_capacity_search_v2/full_mlp_capacity_search_hd512_depth5,,,,,,,openvino,bf16,,64,8,skipped,OpenVINO benchmark currently supports precision profile fp32 only,0.0,,,,,,,,,,,,,,,,611984,610304,1222360,sub-physical,0.0625,0.03125,Intel(R) Xeon(R) 6760P,AVX512,"avx2,avx512f,avx512bw,avx512vl,avx512_vnni,avx512_bf16,amx_bf16,amx_int8,amx_tile,fma",True,True,,,,2026.1.0,,256,128,sh14l07002s1404,3.11.9,2.1.2+cu121
20260427_080229,2026-04-27T12:13:31.706311,cpu,openvino,full_mlp_capacity_search_hd512_depth5,/home/liangyi/SRS_AI/Model_AIIC_refactor/experiments_refactored/20260425_135159_full_mlp_capacity_search_v2/full_mlp_capacity_search_hd512_depth5,,,,,,,openvino,bf16,,128,1,skipped,OpenVINO benchmark currently supports precision profile fp32 only,0.0,,,,,,,,,,,,,,,,611984,610304,1222360,single-thread,0.0078125,0.00390625,Intel(R) Xeon(R) 6760P,AVX512,"avx2,avx512f,avx512bw,avx512vl,avx512_vnni,avx512_bf16,amx_bf16,amx_int8,amx_tile,fma",True,True,,,,2026.1.0,,256,128,sh14l07002s1404,3.11.9,2.1.2+cu121
20260427_080229,2026-04-27T12:13:31.706311,cpu,openvino,full_mlp_capacity_search_hd512_depth5,/home/liangyi/SRS_AI/Model_AIIC_refactor/experiments_refactored/20260425_135159_full_mlp_capacity_search_v2/full_mlp_capacity_search_hd512_depth5,,,,,,,openvino,bf16,,128,2,skipped,OpenVINO benchmark currently supports precision profile fp32 only,0.0,,,,,,,,,,,,,,,,611984,610304,1222360,sub-physical,0.015625,0.0078125,Intel(R) Xeon(R) 6760P,AVX512,"avx2,avx512f,avx512bw,avx512vl,avx512_vnni,avx512_bf16,amx_bf16,amx_int8,amx_tile,fma",True,True,,,,2026.1.0,,256,128,sh14l07002s1404,3.11.9,2.1.2+cu121
20260427_080229,2026-04-27T12:13:31.706311,cpu,openvino,full_mlp_capacity_search_hd512_depth5,/home/liangyi/SRS_AI/Model_AIIC_refactor/experiments_refactored/20260425_135159_full_mlp_capacity_search_v2/full_mlp_capacity_search_hd512_depth5,,,,,,,openvino,bf16,,128,4,skipped,OpenVINO benchmark currently supports precision profile fp32 only,0.0,,,,,,,,,,,,,,,,611984,610304,1222360,sub-physical,0.03125,0.015625,Intel(R) Xeon(R) 6760P,AVX512,"avx2,avx512f,avx512bw,avx512vl,avx512_vnni,avx512_bf16,amx_bf16,amx_int8,amx_tile,fma",True,True,,,,2026.1.0,,256,128,sh14l07002s1404,3.11.9,2.1.2+cu121
20260427_080229,2026-04-27T12:13:31.706311,cpu,openvino,full_mlp_capacity_search_hd512_depth5,/home/liangyi/SRS_AI/Model_AIIC_refactor/experiments_refactored/20260425_135159_full_mlp_capacity_search_v2/full_mlp_capacity_search_hd512_depth5,,,,,,,openvino,bf16,,128,8,skipped,OpenVINO benchmark currently supports precision profile fp32 only,0.0,,,,,,,,,,,,,,,,611984,610304,1222360,sub-physical,0.0625,0.03125,Intel(R) Xeon(R) 6760P,AVX512,"avx2,avx512f,avx512bw,avx512vl,avx512_vnni,avx512_bf16,amx_bf16,amx_int8,amx_tile,fma",True,True,,,,2026.1.0,,256,128,sh14l07002s1404,3.11.9,2.1.2+cu121
