benchmark_id,timestamp,device,runtime_backend,run_name,run_dir,experiment_name,model_label,training_label,model_type,seq_len,num_ports,execution_mode,requested_precision_profile,effective_execution_dtype,batch_size,num_threads,status,skip_reason,graph_prep_time_ms,warmup_iters,measure_iters,mean_latency_ms,std_latency_ms,min_latency_ms,p50_latency_ms,p90_latency_ms,p95_latency_ms,p99_latency_ms,max_latency_ms,throughput_samples_per_sec,samples_per_ms,p50_latency_us,latency_per_sample_us,throughput_per_thread,trainable_parameters,macs_per_sample,flops_per_sample_estimate,thread_group,threads_per_physical_core_ratio,threads_per_logical_cpu_ratio,cpu_model_name,cpu_capability,cpu_flag_summary,mkldnn_available,mkldnn_enabled,onednn_version,onnxruntime_version,onnxruntime_providers,openvino_version,openvino_device,logical_cpu_count,physical_cpu_count,hostname,python_version,pytorch_version
20260427_080229,2026-04-27T12:13:30.828731,cpu,pytorch,full_mlp_capacity_search_hd512_depth4,/home/liangyi/SRS_AI/Model_AIIC_refactor/experiments_refactored/20260425_135159_full_mlp_capacity_search_v2/full_mlp_capacity_search_hd512_depth4,full_mlp_capacity_search_v2,full_mlp_capacity_search_hd512_depth4,supervised_nmse_plateau,full_mlp,12,6,eager,fp32,float32,1,1,ok,,0.0,20,50,0.0903519,0.005125505295090426,0.084842,0.0883815,0.0981673,0.10215025,0.10389925,0.103936,11067.835872848274,11.067835872848274,88.3815,88.3815,11067.835872848274,349328,348160,697560,single-thread,0.0078125,0.00390625,Intel(R) Xeon(R) 6760P,AVX512,"avx2,avx512f,avx512bw,avx512vl,avx512_vnni,avx512_bf16,amx_bf16,amx_int8,amx_tile,fma",True,True,,,,,,256,128,sh14l07002s1404,3.11.9,2.1.2+cu121
20260427_080229,2026-04-27T12:13:30.828731,cpu,pytorch,full_mlp_capacity_search_hd512_depth4,/home/liangyi/SRS_AI/Model_AIIC_refactor/experiments_refactored/20260425_135159_full_mlp_capacity_search_v2/full_mlp_capacity_search_hd512_depth4,full_mlp_capacity_search_v2,full_mlp_capacity_search_hd512_depth4,supervised_nmse_plateau,full_mlp,12,6,eager,fp32,float32,1,2,ok,,0.0,20,50,0.09220074,0.01849187457215736,0.084693,0.0871885,0.097025,0.10363444999999998,0.17546465999999988,0.206318,10845.89993529336,10.84589993529336,87.1885,87.1885,5422.94996764668,349328,348160,697560,sub-physical,0.015625,0.0078125,Intel(R) Xeon(R) 6760P,AVX512,"avx2,avx512f,avx512bw,avx512vl,avx512_vnni,avx512_bf16,amx_bf16,amx_int8,amx_tile,fma",True,True,,,,,,256,128,sh14l07002s1404,3.11.9,2.1.2+cu121
20260427_080229,2026-04-27T12:13:30.828731,cpu,pytorch,full_mlp_capacity_search_hd512_depth4,/home/liangyi/SRS_AI/Model_AIIC_refactor/experiments_refactored/20260425_135159_full_mlp_capacity_search_v2/full_mlp_capacity_search_hd512_depth4,full_mlp_capacity_search_v2,full_mlp_capacity_search_hd512_depth4,supervised_nmse_plateau,full_mlp,12,6,eager,fp32,float32,1,4,ok,,0.0,20,50,0.06595108,0.0032635546071116996,0.061759,0.06475700000000001,0.0698531,0.07121859999999999,0.07309791,0.073951,15162.753968547597,15.162753968547596,64.757,64.757,3790.688492136899,349328,348160,697560,sub-physical,0.03125,0.015625,Intel(R) Xeon(R) 6760P,AVX512,"avx2,avx512f,avx512bw,avx512vl,avx512_vnni,avx512_bf16,amx_bf16,amx_int8,amx_tile,fma",True,True,,,,,,256,128,sh14l07002s1404,3.11.9,2.1.2+cu121
20260427_080229,2026-04-27T12:13:30.828731,cpu,pytorch,full_mlp_capacity_search_hd512_depth4,/home/liangyi/SRS_AI/Model_AIIC_refactor/experiments_refactored/20260425_135159_full_mlp_capacity_search_v2/full_mlp_capacity_search_hd512_depth4,full_mlp_capacity_search_v2,full_mlp_capacity_search_hd512_depth4,supervised_nmse_plateau,full_mlp,12,6,eager,fp32,float32,1,8,ok,,0.0,20,50,0.06491128,0.008995629374401772,0.052431,0.0647445,0.07184460000000001,0.08243179999999996,0.09427007,0.094886,15405.642902127332,15.405642902127333,64.7445,64.7445,1925.7053627659166,349328,348160,697560,sub-physical,0.0625,0.03125,Intel(R) Xeon(R) 6760P,AVX512,"avx2,avx512f,avx512bw,avx512vl,avx512_vnni,avx512_bf16,amx_bf16,amx_int8,amx_tile,fma",True,True,,,,,,256,128,sh14l07002s1404,3.11.9,2.1.2+cu121
20260427_080229,2026-04-27T12:13:30.828731,cpu,pytorch,full_mlp_capacity_search_hd512_depth4,/home/liangyi/SRS_AI/Model_AIIC_refactor/experiments_refactored/20260425_135159_full_mlp_capacity_search_v2/full_mlp_capacity_search_hd512_depth4,full_mlp_capacity_search_v2,full_mlp_capacity_search_hd512_depth4,supervised_nmse_plateau,full_mlp,12,6,eager,fp32,float32,2,1,ok,,0.0,20,50,0.10580288,0.015832515128860608,0.097297,0.10141900000000001,0.1124986,0.12085554999999999,0.16596382999999984,0.207238,18903.07711850566,18.903077118505657,101.41900000000001,50.709500000000006,18903.07711850566,349328,348160,697560,single-thread,0.0078125,0.00390625,Intel(R) Xeon(R) 6760P,AVX512,"avx2,avx512f,avx512bw,avx512vl,avx512_vnni,avx512_bf16,amx_bf16,amx_int8,amx_tile,fma",True,True,,,,,,256,128,sh14l07002s1404,3.11.9,2.1.2+cu121
20260427_080229,2026-04-27T12:13:30.828731,cpu,pytorch,full_mlp_capacity_search_hd512_depth4,/home/liangyi/SRS_AI/Model_AIIC_refactor/experiments_refactored/20260425_135159_full_mlp_capacity_search_v2/full_mlp_capacity_search_hd512_depth4,full_mlp_capacity_search_v2,full_mlp_capacity_search_hd512_depth4,supervised_nmse_plateau,full_mlp,12,6,eager,fp32,float32,2,2,ok,,0.0,20,50,0.07591062,0.007953683737464043,0.065427,0.0742915,0.08618959999999999,0.08985755,0.09452888999999999,0.097047,26346.774667365382,26.34677466736538,74.2915,37.14575,13173.387333682691,349328,348160,697560,sub-physical,0.015625,0.0078125,Intel(R) Xeon(R) 6760P,AVX512,"avx2,avx512f,avx512bw,avx512vl,avx512_vnni,avx512_bf16,amx_bf16,amx_int8,amx_tile,fma",True,True,,,,,,256,128,sh14l07002s1404,3.11.9,2.1.2+cu121
20260427_080229,2026-04-27T12:13:30.828731,cpu,pytorch,full_mlp_capacity_search_hd512_depth4,/home/liangyi/SRS_AI/Model_AIIC_refactor/experiments_refactored/20260425_135159_full_mlp_capacity_search_v2/full_mlp_capacity_search_hd512_depth4,full_mlp_capacity_search_v2,full_mlp_capacity_search_hd512_depth4,supervised_nmse_plateau,full_mlp,12,6,eager,fp32,float32,2,4,ok,,0.0,20,50,0.06854268,0.015386296130570215,0.059533,0.066785,0.0738416,0.08124984999999998,0.12999471999999984,0.165506,29178.899920458323,29.178899920458324,66.785,33.3925,7294.724980114581,349328,348160,697560,sub-physical,0.03125,0.015625,Intel(R) Xeon(R) 6760P,AVX512,"avx2,avx512f,avx512bw,avx512vl,avx512_vnni,avx512_bf16,amx_bf16,amx_int8,amx_tile,fma",True,True,,,,,,256,128,sh14l07002s1404,3.11.9,2.1.2+cu121
20260427_080229,2026-04-27T12:13:30.828731,cpu,pytorch,full_mlp_capacity_search_hd512_depth4,/home/liangyi/SRS_AI/Model_AIIC_refactor/experiments_refactored/20260425_135159_full_mlp_capacity_search_v2/full_mlp_capacity_search_hd512_depth4,full_mlp_capacity_search_v2,full_mlp_capacity_search_hd512_depth4,supervised_nmse_plateau,full_mlp,12,6,eager,fp32,float32,2,8,ok,,0.0,20,50,0.06393006,0.01603189608550405,0.054715,0.06251899999999999,0.0664978,0.07208724999999999,0.13097102999999985,0.1676,31284.187751427107,31.28418775142711,62.51899999999999,31.259499999999996,3910.5234689283884,349328,348160,697560,sub-physical,0.0625,0.03125,Intel(R) Xeon(R) 6760P,AVX512,"avx2,avx512f,avx512bw,avx512vl,avx512_vnni,avx512_bf16,amx_bf16,amx_int8,amx_tile,fma",True,True,,,,,,256,128,sh14l07002s1404,3.11.9,2.1.2+cu121
20260427_080229,2026-04-27T12:13:30.828731,cpu,pytorch,full_mlp_capacity_search_hd512_depth4,/home/liangyi/SRS_AI/Model_AIIC_refactor/experiments_refactored/20260425_135159_full_mlp_capacity_search_v2/full_mlp_capacity_search_hd512_depth4,full_mlp_capacity_search_v2,full_mlp_capacity_search_hd512_depth4,supervised_nmse_plateau,full_mlp,12,6,eager,fp32,float32,4,1,ok,,0.0,20,50,0.12631218,0.005356081219287102,0.120202,0.1244835,0.13134120000000002,0.13823285,0.14228121,0.144423,31667.57156752421,31.66757156752421,124.48349999999999,31.120874999999998,31667.57156752421,349328,348160,697560,single-thread,0.0078125,0.00390625,Intel(R) Xeon(R) 6760P,AVX512,"avx2,avx512f,avx512bw,avx512vl,avx512_vnni,avx512_bf16,amx_bf16,amx_int8,amx_tile,fma",True,True,,,,,,256,128,sh14l07002s1404,3.11.9,2.1.2+cu121
20260427_080229,2026-04-27T12:13:30.828731,cpu,pytorch,full_mlp_capacity_search_hd512_depth4,/home/liangyi/SRS_AI/Model_AIIC_refactor/experiments_refactored/20260425_135159_full_mlp_capacity_search_v2/full_mlp_capacity_search_hd512_depth4,full_mlp_capacity_search_v2,full_mlp_capacity_search_hd512_depth4,supervised_nmse_plateau,full_mlp,12,6,eager,fp32,float32,4,2,ok,,0.0,20,50,0.09523612,0.030078771426798667,0.074058,0.084482,0.1173203,0.1300168,0.21029719999999982,0.254652,42000.87109806658,42.000871098066575,84.482,21.1205,21000.43554903329,349328,348160,697560,sub-physical,0.015625,0.0078125,Intel(R) Xeon(R) 6760P,AVX512,"avx2,avx512f,avx512bw,avx512vl,avx512_vnni,avx512_bf16,amx_bf16,amx_int8,amx_tile,fma",True,True,,,,,,256,128,sh14l07002s1404,3.11.9,2.1.2+cu121
20260427_080229,2026-04-27T12:13:30.828731,cpu,pytorch,full_mlp_capacity_search_hd512_depth4,/home/liangyi/SRS_AI/Model_AIIC_refactor/experiments_refactored/20260425_135159_full_mlp_capacity_search_v2/full_mlp_capacity_search_hd512_depth4,full_mlp_capacity_search_v2,full_mlp_capacity_search_hd512_depth4,supervised_nmse_plateau,full_mlp,12,6,eager,fp32,float32,4,4,ok,,0.0,20,50,0.07854026,0.014242228724199033,0.071827,0.0751395,0.0822852,0.08576045,0.13291408999999982,0.174985,50929.294097065635,50.929294097065636,75.1395,18.784875,12732.323524266409,349328,348160,697560,sub-physical,0.03125,0.015625,Intel(R) Xeon(R) 6760P,AVX512,"avx2,avx512f,avx512bw,avx512vl,avx512_vnni,avx512_bf16,amx_bf16,amx_int8,amx_tile,fma",True,True,,,,,,256,128,sh14l07002s1404,3.11.9,2.1.2+cu121
20260427_080229,2026-04-27T12:13:30.828731,cpu,pytorch,full_mlp_capacity_search_hd512_depth4,/home/liangyi/SRS_AI/Model_AIIC_refactor/experiments_refactored/20260425_135159_full_mlp_capacity_search_v2/full_mlp_capacity_search_hd512_depth4,full_mlp_capacity_search_v2,full_mlp_capacity_search_hd512_depth4,supervised_nmse_plateau,full_mlp,12,6,eager,fp32,float32,4,8,ok,,0.0,20,50,0.0743705,0.010055097957255316,0.06861,0.07149900000000001,0.0782099,0.0808415,0.11355910999999991,0.14,53784.7668094204,53.7847668094204,71.49900000000001,17.874750000000002,6723.09585117755,349328,348160,697560,sub-physical,0.0625,0.03125,Intel(R) Xeon(R) 6760P,AVX512,"avx2,avx512f,avx512bw,avx512vl,avx512_vnni,avx512_bf16,amx_bf16,amx_int8,amx_tile,fma",True,True,,,,,,256,128,sh14l07002s1404,3.11.9,2.1.2+cu121
20260427_080229,2026-04-27T12:13:30.828731,cpu,pytorch,full_mlp_capacity_search_hd512_depth4,/home/liangyi/SRS_AI/Model_AIIC_refactor/experiments_refactored/20260425_135159_full_mlp_capacity_search_v2/full_mlp_capacity_search_hd512_depth4,full_mlp_capacity_search_v2,full_mlp_capacity_search_hd512_depth4,supervised_nmse_plateau,full_mlp,12,6,eager,fp32,float32,8,1,ok,,0.0,20,50,0.14539796,0.007458878974644917,0.137665,0.142644,0.15516590000000002,0.15952064999999999,0.16974381,0.175296,55021.40470196418,55.02140470196418,142.644,17.8305,55021.40470196418,349328,348160,697560,single-thread,0.0078125,0.00390625,Intel(R) Xeon(R) 6760P,AVX512,"avx2,avx512f,avx512bw,avx512vl,avx512_vnni,avx512_bf16,amx_bf16,amx_int8,amx_tile,fma",True,True,,,,,,256,128,sh14l07002s1404,3.11.9,2.1.2+cu121
20260427_080229,2026-04-27T12:13:30.828731,cpu,pytorch,full_mlp_capacity_search_hd512_depth4,/home/liangyi/SRS_AI/Model_AIIC_refactor/experiments_refactored/20260425_135159_full_mlp_capacity_search_v2/full_mlp_capacity_search_hd512_depth4,full_mlp_capacity_search_v2,full_mlp_capacity_search_hd512_depth4,supervised_nmse_plateau,full_mlp,12,6,eager,fp32,float32,8,2,ok,,0.0,20,50,0.11062444,0.02330741766833898,0.092269,0.1004465,0.14188130000000002,0.15256404999999998,0.1856378799999999,0.212582,72316.75025880357,72.31675025880357,100.4465,12.5558125,36158.375129401786,349328,348160,697560,sub-physical,0.015625,0.0078125,Intel(R) Xeon(R) 6760P,AVX512,"avx2,avx512f,avx512bw,avx512vl,avx512_vnni,avx512_bf16,amx_bf16,amx_int8,amx_tile,fma",True,True,,,,,,256,128,sh14l07002s1404,3.11.9,2.1.2+cu121
20260427_080229,2026-04-27T12:13:30.828731,cpu,pytorch,full_mlp_capacity_search_hd512_depth4,/home/liangyi/SRS_AI/Model_AIIC_refactor/experiments_refactored/20260425_135159_full_mlp_capacity_search_v2/full_mlp_capacity_search_hd512_depth4,full_mlp_capacity_search_v2,full_mlp_capacity_search_hd512_depth4,supervised_nmse_plateau,full_mlp,12,6,eager,fp32,float32,8,4,ok,,0.0,20,50,0.0987798,0.012807802973187869,0.089799,0.09545000000000001,0.1044243,0.10747084999999999,0.1524441399999999,0.178715,80988.21823895168,80.98821823895169,95.45,11.93125,20247.05455973792,349328,348160,697560,sub-physical,0.03125,0.015625,Intel(R) Xeon(R) 6760P,AVX512,"avx2,avx512f,avx512bw,avx512vl,avx512_vnni,avx512_bf16,amx_bf16,amx_int8,amx_tile,fma",True,True,,,,,,256,128,sh14l07002s1404,3.11.9,2.1.2+cu121
20260427_080229,2026-04-27T12:13:30.828731,cpu,pytorch,full_mlp_capacity_search_hd512_depth4,/home/liangyi/SRS_AI/Model_AIIC_refactor/experiments_refactored/20260425_135159_full_mlp_capacity_search_v2/full_mlp_capacity_search_hd512_depth4,full_mlp_capacity_search_v2,full_mlp_capacity_search_hd512_depth4,supervised_nmse_plateau,full_mlp,12,6,eager,fp32,float32,8,8,ok,,0.0,20,50,0.08456588,0.0064132595850784025,0.076372,0.081512,0.0942148,0.0957335,0.10284793999999998,0.107451,94600.80117418515,94.60080117418515,81.512,10.189,11825.100146773144,349328,348160,697560,sub-physical,0.0625,0.03125,Intel(R) Xeon(R) 6760P,AVX512,"avx2,avx512f,avx512bw,avx512vl,avx512_vnni,avx512_bf16,amx_bf16,amx_int8,amx_tile,fma",True,True,,,,,,256,128,sh14l07002s1404,3.11.9,2.1.2+cu121
20260427_080229,2026-04-27T12:13:30.828731,cpu,pytorch,full_mlp_capacity_search_hd512_depth4,/home/liangyi/SRS_AI/Model_AIIC_refactor/experiments_refactored/20260425_135159_full_mlp_capacity_search_v2/full_mlp_capacity_search_hd512_depth4,full_mlp_capacity_search_v2,full_mlp_capacity_search_hd512_depth4,supervised_nmse_plateau,full_mlp,12,6,eager,fp32,float32,16,1,ok,,0.0,20,50,0.22424302,0.035631691797325594,0.203182,0.21344049999999998,0.2444634,0.25797644999999997,0.3718145999999997,0.443531,71351.16178867017,71.35116178867017,213.4405,13.34003125,71351.16178867017,349328,348160,697560,single-thread,0.0078125,0.00390625,Intel(R) Xeon(R) 6760P,AVX512,"avx2,avx512f,avx512bw,avx512vl,avx512_vnni,avx512_bf16,amx_bf16,amx_int8,amx_tile,fma",True,True,,,,,,256,128,sh14l07002s1404,3.11.9,2.1.2+cu121
20260427_080229,2026-04-27T12:13:30.828731,cpu,pytorch,full_mlp_capacity_search_hd512_depth4,/home/liangyi/SRS_AI/Model_AIIC_refactor/experiments_refactored/20260425_135159_full_mlp_capacity_search_v2/full_mlp_capacity_search_hd512_depth4,full_mlp_capacity_search_v2,full_mlp_capacity_search_hd512_depth4,supervised_nmse_plateau,full_mlp,12,6,eager,fp32,float32,16,2,ok,,0.0,20,50,0.17878848,0.0313949577749294,0.160208,0.16912850000000001,0.1935567,0.2150338999999999,0.3165931199999999,0.33958,89491.22449052647,89.49122449052646,169.1285,10.57053125,44745.61224526323,349328,348160,697560,sub-physical,0.015625,0.0078125,Intel(R) Xeon(R) 6760P,AVX512,"avx2,avx512f,avx512bw,avx512vl,avx512_vnni,avx512_bf16,amx_bf16,amx_int8,amx_tile,fma",True,True,,,,,,256,128,sh14l07002s1404,3.11.9,2.1.2+cu121
20260427_080229,2026-04-27T12:13:30.828731,cpu,pytorch,full_mlp_capacity_search_hd512_depth4,/home/liangyi/SRS_AI/Model_AIIC_refactor/experiments_refactored/20260425_135159_full_mlp_capacity_search_v2/full_mlp_capacity_search_hd512_depth4,full_mlp_capacity_search_v2,full_mlp_capacity_search_hd512_depth4,supervised_nmse_plateau,full_mlp,12,6,eager,fp32,float32,16,4,ok,,0.0,20,50,0.17540552,0.0291332572454506,0.127149,0.193639,0.2001781,0.20349925,0.20736632,0.208803,91217.19772559039,91.2171977255904,193.639,12.1024375,22804.299431397598,349328,348160,697560,sub-physical,0.03125,0.015625,Intel(R) Xeon(R) 6760P,AVX512,"avx2,avx512f,avx512bw,avx512vl,avx512_vnni,avx512_bf16,amx_bf16,amx_int8,amx_tile,fma",True,True,,,,,,256,128,sh14l07002s1404,3.11.9,2.1.2+cu121
20260427_080229,2026-04-27T12:13:30.828731,cpu,pytorch,full_mlp_capacity_search_hd512_depth4,/home/liangyi/SRS_AI/Model_AIIC_refactor/experiments_refactored/20260425_135159_full_mlp_capacity_search_v2/full_mlp_capacity_search_hd512_depth4,full_mlp_capacity_search_v2,full_mlp_capacity_search_hd512_depth4,supervised_nmse_plateau,full_mlp,12,6,eager,fp32,float32,16,8,ok,,0.0,20,50,0.11745554,0.011043442030834407,0.101945,0.1135195,0.1306835,0.1358642,0.15036927999999994,0.16229,136221.75676004725,136.22175676004724,113.5195,7.09496875,17027.719595005907,349328,348160,697560,sub-physical,0.0625,0.03125,Intel(R) Xeon(R) 6760P,AVX512,"avx2,avx512f,avx512bw,avx512vl,avx512_vnni,avx512_bf16,amx_bf16,amx_int8,amx_tile,fma",True,True,,,,,,256,128,sh14l07002s1404,3.11.9,2.1.2+cu121
20260427_080229,2026-04-27T12:13:30.828731,cpu,pytorch,full_mlp_capacity_search_hd512_depth4,/home/liangyi/SRS_AI/Model_AIIC_refactor/experiments_refactored/20260425_135159_full_mlp_capacity_search_v2/full_mlp_capacity_search_hd512_depth4,full_mlp_capacity_search_v2,full_mlp_capacity_search_hd512_depth4,supervised_nmse_plateau,full_mlp,12,6,eager,fp32,float32,32,1,ok,,0.0,20,50,0.29834502,0.014629293629550273,0.28229,0.296165,0.31220410000000004,0.33240775,0.3443126,0.348801,107258.3681805716,107.25836818057161,296.165,9.25515625,107258.3681805716,349328,348160,697560,single-thread,0.0078125,0.00390625,Intel(R) Xeon(R) 6760P,AVX512,"avx2,avx512f,avx512bw,avx512vl,avx512_vnni,avx512_bf16,amx_bf16,amx_int8,amx_tile,fma",True,True,,,,,,256,128,sh14l07002s1404,3.11.9,2.1.2+cu121
20260427_080229,2026-04-27T12:13:30.828731,cpu,pytorch,full_mlp_capacity_search_hd512_depth4,/home/liangyi/SRS_AI/Model_AIIC_refactor/experiments_refactored/20260425_135159_full_mlp_capacity_search_v2/full_mlp_capacity_search_hd512_depth4,full_mlp_capacity_search_v2,full_mlp_capacity_search_hd512_depth4,supervised_nmse_plateau,full_mlp,12,6,eager,fp32,float32,32,2,ok,,0.0,20,50,0.22225078,0.020633020150516018,0.208366,0.21653450000000002,0.2351879,0.24052384999999998,0.31691281999999993,0.32788,143981.49693782852,143.98149693782852,216.5345,6.766703125,71990.74846891426,349328,348160,697560,sub-physical,0.015625,0.0078125,Intel(R) Xeon(R) 6760P,AVX512,"avx2,avx512f,avx512bw,avx512vl,avx512_vnni,avx512_bf16,amx_bf16,amx_int8,amx_tile,fma",True,True,,,,,,256,128,sh14l07002s1404,3.11.9,2.1.2+cu121
20260427_080229,2026-04-27T12:13:30.828731,cpu,pytorch,full_mlp_capacity_search_hd512_depth4,/home/liangyi/SRS_AI/Model_AIIC_refactor/experiments_refactored/20260425_135159_full_mlp_capacity_search_v2/full_mlp_capacity_search_hd512_depth4,full_mlp_capacity_search_v2,full_mlp_capacity_search_hd512_depth4,supervised_nmse_plateau,full_mlp,12,6,eager,fp32,float32,32,4,ok,,0.0,20,50,0.17668732,0.008716274067375348,0.16154,0.173959,0.18932970000000002,0.1910865,0.19499951999999998,0.19723,181110.9025820302,181.11090258203018,173.959,5.43621875,45277.72564550755,349328,348160,697560,sub-physical,0.03125,0.015625,Intel(R) Xeon(R) 6760P,AVX512,"avx2,avx512f,avx512bw,avx512vl,avx512_vnni,avx512_bf16,amx_bf16,amx_int8,amx_tile,fma",True,True,,,,,,256,128,sh14l07002s1404,3.11.9,2.1.2+cu121
20260427_080229,2026-04-27T12:13:30.828731,cpu,pytorch,full_mlp_capacity_search_hd512_depth4,/home/liangyi/SRS_AI/Model_AIIC_refactor/experiments_refactored/20260425_135159_full_mlp_capacity_search_v2/full_mlp_capacity_search_hd512_depth4,full_mlp_capacity_search_v2,full_mlp_capacity_search_hd512_depth4,supervised_nmse_plateau,full_mlp,12,6,eager,fp32,float32,32,8,ok,,0.0,20,50,0.1483393,0.011988709585689363,0.136996,0.142946,0.159385,0.1605045,0.19413387999999998,0.19893,215721.65973548478,215.72165973548476,142.946,4.4670625,26965.207466935597,349328,348160,697560,sub-physical,0.0625,0.03125,Intel(R) Xeon(R) 6760P,AVX512,"avx2,avx512f,avx512bw,avx512vl,avx512_vnni,avx512_bf16,amx_bf16,amx_int8,amx_tile,fma",True,True,,,,,,256,128,sh14l07002s1404,3.11.9,2.1.2+cu121
20260427_080229,2026-04-27T12:13:30.828731,cpu,pytorch,full_mlp_capacity_search_hd512_depth4,/home/liangyi/SRS_AI/Model_AIIC_refactor/experiments_refactored/20260425_135159_full_mlp_capacity_search_v2/full_mlp_capacity_search_hd512_depth4,full_mlp_capacity_search_v2,full_mlp_capacity_search_hd512_depth4,supervised_nmse_plateau,full_mlp,12,6,eager,fp32,float32,64,1,ok,,0.0,20,50,0.42964244,0.02124944643999933,0.409431,0.422916,0.44770190000000004,0.47799805,0.5052675,0.513426,148961.07563303103,148.96107563303102,422.916,6.6080625,148961.07563303103,349328,348160,697560,single-thread,0.0078125,0.00390625,Intel(R) Xeon(R) 6760P,AVX512,"avx2,avx512f,avx512bw,avx512vl,avx512_vnni,avx512_bf16,amx_bf16,amx_int8,amx_tile,fma",True,True,,,,,,256,128,sh14l07002s1404,3.11.9,2.1.2+cu121
20260427_080229,2026-04-27T12:13:30.828731,cpu,pytorch,full_mlp_capacity_search_hd512_depth4,/home/liangyi/SRS_AI/Model_AIIC_refactor/experiments_refactored/20260425_135159_full_mlp_capacity_search_v2/full_mlp_capacity_search_hd512_depth4,full_mlp_capacity_search_v2,full_mlp_capacity_search_hd512_depth4,supervised_nmse_plateau,full_mlp,12,6,eager,fp32,float32,64,2,ok,,0.0,20,50,0.3162781,0.014651873395917671,0.29551,0.310929,0.3347844,0.3499467,0.35449667,0.356024,202353.5616282,202.3535616282,310.92900000000003,4.8582656250000005,101176.7808141,349328,348160,697560,sub-physical,0.015625,0.0078125,Intel(R) Xeon(R) 6760P,AVX512,"avx2,avx512f,avx512bw,avx512vl,avx512_vnni,avx512_bf16,amx_bf16,amx_int8,amx_tile,fma",True,True,,,,,,256,128,sh14l07002s1404,3.11.9,2.1.2+cu121
20260427_080229,2026-04-27T12:13:30.828731,cpu,pytorch,full_mlp_capacity_search_hd512_depth4,/home/liangyi/SRS_AI/Model_AIIC_refactor/experiments_refactored/20260425_135159_full_mlp_capacity_search_v2/full_mlp_capacity_search_hd512_depth4,full_mlp_capacity_search_v2,full_mlp_capacity_search_hd512_depth4,supervised_nmse_plateau,full_mlp,12,6,eager,fp32,float32,64,4,ok,,0.0,20,50,0.24172388,0.01050474120888278,0.226623,0.24006650000000002,0.257092,0.25785635,0.26325807,0.265197,264764.9044852333,264.76490448523333,240.06650000000002,3.7510390625000003,66191.22612130833,349328,348160,697560,sub-physical,0.03125,0.015625,Intel(R) Xeon(R) 6760P,AVX512,"avx2,avx512f,avx512bw,avx512vl,avx512_vnni,avx512_bf16,amx_bf16,amx_int8,amx_tile,fma",True,True,,,,,,256,128,sh14l07002s1404,3.11.9,2.1.2+cu121
20260427_080229,2026-04-27T12:13:30.828731,cpu,pytorch,full_mlp_capacity_search_hd512_depth4,/home/liangyi/SRS_AI/Model_AIIC_refactor/experiments_refactored/20260425_135159_full_mlp_capacity_search_v2/full_mlp_capacity_search_hd512_depth4,full_mlp_capacity_search_v2,full_mlp_capacity_search_hd512_depth4,supervised_nmse_plateau,full_mlp,12,6,eager,fp32,float32,64,8,ok,,0.0,20,50,0.20858968,0.009404783766658325,0.198319,0.206407,0.2163264,0.2217134,0.24281648999999994,0.254478,306822.46600119426,306.82246600119424,206.407,3.225109375,38352.80825014928,349328,348160,697560,sub-physical,0.0625,0.03125,Intel(R) Xeon(R) 6760P,AVX512,"avx2,avx512f,avx512bw,avx512vl,avx512_vnni,avx512_bf16,amx_bf16,amx_int8,amx_tile,fma",True,True,,,,,,256,128,sh14l07002s1404,3.11.9,2.1.2+cu121
20260427_080229,2026-04-27T12:13:30.828731,cpu,pytorch,full_mlp_capacity_search_hd512_depth4,/home/liangyi/SRS_AI/Model_AIIC_refactor/experiments_refactored/20260425_135159_full_mlp_capacity_search_v2/full_mlp_capacity_search_hd512_depth4,full_mlp_capacity_search_v2,full_mlp_capacity_search_hd512_depth4,supervised_nmse_plateau,full_mlp,12,6,eager,fp32,float32,128,1,ok,,0.0,20,50,0.6852135,0.01102918048315468,0.665216,0.6856530000000001,0.6980777,0.70165865,0.71071673,0.713276,186803.09129928116,186.80309129928116,685.653,5.3566640625,186803.09129928116,349328,348160,697560,single-thread,0.0078125,0.00390625,Intel(R) Xeon(R) 6760P,AVX512,"avx2,avx512f,avx512bw,avx512vl,avx512_vnni,avx512_bf16,amx_bf16,amx_int8,amx_tile,fma",True,True,,,,,,256,128,sh14l07002s1404,3.11.9,2.1.2+cu121
20260427_080229,2026-04-27T12:13:30.828731,cpu,pytorch,full_mlp_capacity_search_hd512_depth4,/home/liangyi/SRS_AI/Model_AIIC_refactor/experiments_refactored/20260425_135159_full_mlp_capacity_search_v2/full_mlp_capacity_search_hd512_depth4,full_mlp_capacity_search_v2,full_mlp_capacity_search_hd512_depth4,supervised_nmse_plateau,full_mlp,12,6,eager,fp32,float32,128,2,ok,,0.0,20,50,0.48595524,0.00844867923301625,0.469954,0.48631,0.4960948,0.4989652,0.50617581,0.512561,263398.74429587385,263.3987442958738,486.31,3.799296875,131699.37214793693,349328,348160,697560,sub-physical,0.015625,0.0078125,Intel(R) Xeon(R) 6760P,AVX512,"avx2,avx512f,avx512bw,avx512vl,avx512_vnni,avx512_bf16,amx_bf16,amx_int8,amx_tile,fma",True,True,,,,,,256,128,sh14l07002s1404,3.11.9,2.1.2+cu121
20260427_080229,2026-04-27T12:13:30.828731,cpu,pytorch,full_mlp_capacity_search_hd512_depth4,/home/liangyi/SRS_AI/Model_AIIC_refactor/experiments_refactored/20260425_135159_full_mlp_capacity_search_v2/full_mlp_capacity_search_hd512_depth4,full_mlp_capacity_search_v2,full_mlp_capacity_search_hd512_depth4,supervised_nmse_plateau,full_mlp,12,6,eager,fp32,float32,128,4,ok,,0.0,20,50,0.37040272,0.004677817807653478,0.36145,0.37059699999999995,0.3754616,0.3777103,0.38210574,0.384004,345569.81654994324,345.56981654994325,370.597,2.8952890625,86392.45413748581,349328,348160,697560,sub-physical,0.03125,0.015625,Intel(R) Xeon(R) 6760P,AVX512,"avx2,avx512f,avx512bw,avx512vl,avx512_vnni,avx512_bf16,amx_bf16,amx_int8,amx_tile,fma",True,True,,,,,,256,128,sh14l07002s1404,3.11.9,2.1.2+cu121
20260427_080229,2026-04-27T12:13:30.828731,cpu,pytorch,full_mlp_capacity_search_hd512_depth4,/home/liangyi/SRS_AI/Model_AIIC_refactor/experiments_refactored/20260425_135159_full_mlp_capacity_search_v2/full_mlp_capacity_search_hd512_depth4,full_mlp_capacity_search_v2,full_mlp_capacity_search_hd512_depth4,supervised_nmse_plateau,full_mlp,12,6,eager,fp32,float32,128,8,ok,,0.0,20,50,0.30845002,0.008034589578789946,0.295233,0.307743,0.3191775,0.32150185000000003,0.33215945999999996,0.335661,414978.089481077,414.978089481077,307.743,2.4042421875,51872.26118513462,349328,348160,697560,sub-physical,0.0625,0.03125,Intel(R) Xeon(R) 6760P,AVX512,"avx2,avx512f,avx512bw,avx512vl,avx512_vnni,avx512_bf16,amx_bf16,amx_int8,amx_tile,fma",True,True,,,,,,256,128,sh14l07002s1404,3.11.9,2.1.2+cu121
20260427_080229,2026-04-27T12:13:30.828731,cpu,pytorch,full_mlp_capacity_search_hd512_depth4,/home/liangyi/SRS_AI/Model_AIIC_refactor/experiments_refactored/20260425_135159_full_mlp_capacity_search_v2/full_mlp_capacity_search_hd512_depth4,full_mlp_capacity_search_v2,full_mlp_capacity_search_hd512_depth4,supervised_nmse_plateau,full_mlp,12,6,eager,bf16,bfloat16,1,1,ok,,0.0,20,50,0.12140256,0.008939082998070887,0.109021,0.1217065,0.1322903,0.13927425,0.14443039,0.144572,8237.058592504143,8.237058592504143,121.70649999999999,121.70649999999999,8237.058592504143,349328,348160,697560,single-thread,0.0078125,0.00390625,Intel(R) Xeon(R) 6760P,AVX512,"avx2,avx512f,avx512bw,avx512vl,avx512_vnni,avx512_bf16,amx_bf16,amx_int8,amx_tile,fma",True,True,,,,,,256,128,sh14l07002s1404,3.11.9,2.1.2+cu121
20260427_080229,2026-04-27T12:13:30.828731,cpu,pytorch,full_mlp_capacity_search_hd512_depth4,/home/liangyi/SRS_AI/Model_AIIC_refactor/experiments_refactored/20260425_135159_full_mlp_capacity_search_v2/full_mlp_capacity_search_hd512_depth4,full_mlp_capacity_search_v2,full_mlp_capacity_search_hd512_depth4,supervised_nmse_plateau,full_mlp,12,6,eager,bf16,bfloat16,1,2,ok,,0.0,20,50,0.13014868,0.021768999167109174,0.107723,0.126739,0.14042800000000003,0.14521409999999998,0.22349429999999998,0.232182,7683.520109462502,7.683520109462502,126.73899999999999,126.73899999999999,3841.760054731251,349328,348160,697560,sub-physical,0.015625,0.0078125,Intel(R) Xeon(R) 6760P,AVX512,"avx2,avx512f,avx512bw,avx512vl,avx512_vnni,avx512_bf16,amx_bf16,amx_int8,amx_tile,fma",True,True,,,,,,256,128,sh14l07002s1404,3.11.9,2.1.2+cu121
20260427_080229,2026-04-27T12:13:30.828731,cpu,pytorch,full_mlp_capacity_search_hd512_depth4,/home/liangyi/SRS_AI/Model_AIIC_refactor/experiments_refactored/20260425_135159_full_mlp_capacity_search_v2/full_mlp_capacity_search_hd512_depth4,full_mlp_capacity_search_v2,full_mlp_capacity_search_hd512_depth4,supervised_nmse_plateau,full_mlp,12,6,eager,bf16,bfloat16,1,4,ok,,0.0,20,50,0.10515066,0.008286524356109744,0.096411,0.1033135,0.11729250000000001,0.1237575,0.12880924,0.131026,9510.163797355146,9.510163797355146,103.3135,103.3135,2377.5409493387865,349328,348160,697560,sub-physical,0.03125,0.015625,Intel(R) Xeon(R) 6760P,AVX512,"avx2,avx512f,avx512bw,avx512vl,avx512_vnni,avx512_bf16,amx_bf16,amx_int8,amx_tile,fma",True,True,,,,,,256,128,sh14l07002s1404,3.11.9,2.1.2+cu121
20260427_080229,2026-04-27T12:13:30.828731,cpu,pytorch,full_mlp_capacity_search_hd512_depth4,/home/liangyi/SRS_AI/Model_AIIC_refactor/experiments_refactored/20260425_135159_full_mlp_capacity_search_v2/full_mlp_capacity_search_hd512_depth4,full_mlp_capacity_search_v2,full_mlp_capacity_search_hd512_depth4,supervised_nmse_plateau,full_mlp,12,6,eager,bf16,bfloat16,1,8,ok,,0.0,20,50,0.10609884,0.003692189742469907,0.099858,0.105338,0.110628,0.11326825,0.11520064999999999,0.116188,9425.173734227443,9.425173734227442,105.33800000000001,105.33800000000001,1178.1467167784303,349328,348160,697560,sub-physical,0.0625,0.03125,Intel(R) Xeon(R) 6760P,AVX512,"avx2,avx512f,avx512bw,avx512vl,avx512_vnni,avx512_bf16,amx_bf16,amx_int8,amx_tile,fma",True,True,,,,,,256,128,sh14l07002s1404,3.11.9,2.1.2+cu121
20260427_080229,2026-04-27T12:13:30.828731,cpu,pytorch,full_mlp_capacity_search_hd512_depth4,/home/liangyi/SRS_AI/Model_AIIC_refactor/experiments_refactored/20260425_135159_full_mlp_capacity_search_v2/full_mlp_capacity_search_hd512_depth4,full_mlp_capacity_search_v2,full_mlp_capacity_search_hd512_depth4,supervised_nmse_plateau,full_mlp,12,6,eager,bf16,bfloat16,2,1,ok,,0.0,20,50,0.14171536,0.030092442770077672,0.119811,0.13502,0.1519866,0.16179209999999997,0.27116098999999977,0.324399,14112.796241705908,14.112796241705908,135.02,67.51,14112.796241705908,349328,348160,697560,single-thread,0.0078125,0.00390625,Intel(R) Xeon(R) 6760P,AVX512,"avx2,avx512f,avx512bw,avx512vl,avx512_vnni,avx512_bf16,amx_bf16,amx_int8,amx_tile,fma",True,True,,,,,,256,128,sh14l07002s1404,3.11.9,2.1.2+cu121
20260427_080229,2026-04-27T12:13:30.828731,cpu,pytorch,full_mlp_capacity_search_hd512_depth4,/home/liangyi/SRS_AI/Model_AIIC_refactor/experiments_refactored/20260425_135159_full_mlp_capacity_search_v2/full_mlp_capacity_search_hd512_depth4,full_mlp_capacity_search_v2,full_mlp_capacity_search_hd512_depth4,supervised_nmse_plateau,full_mlp,12,6,eager,bf16,bfloat16,2,2,ok,,0.0,20,50,0.12035416,0.006133032973529493,0.113077,0.1182025,0.1296036,0.1334479,0.13845754,0.140591,16617.622523392627,16.617622523392626,118.2025,59.10125,8308.811261696314,349328,348160,697560,sub-physical,0.015625,0.0078125,Intel(R) Xeon(R) 6760P,AVX512,"avx2,avx512f,avx512bw,avx512vl,avx512_vnni,avx512_bf16,amx_bf16,amx_int8,amx_tile,fma",True,True,,,,,,256,128,sh14l07002s1404,3.11.9,2.1.2+cu121
20260427_080229,2026-04-27T12:13:30.828731,cpu,pytorch,full_mlp_capacity_search_hd512_depth4,/home/liangyi/SRS_AI/Model_AIIC_refactor/experiments_refactored/20260425_135159_full_mlp_capacity_search_v2/full_mlp_capacity_search_hd512_depth4,full_mlp_capacity_search_v2,full_mlp_capacity_search_hd512_depth4,supervised_nmse_plateau,full_mlp,12,6,eager,bf16,bfloat16,2,4,ok,,0.0,20,50,0.12033202,0.005794363832173471,0.111565,0.1183115,0.12926400000000002,0.13203120000000002,0.13522787,0.135393,16620.680015178004,16.620680015178003,118.3115,59.15575,4155.170003794501,349328,348160,697560,sub-physical,0.03125,0.015625,Intel(R) Xeon(R) 6760P,AVX512,"avx2,avx512f,avx512bw,avx512vl,avx512_vnni,avx512_bf16,amx_bf16,amx_int8,amx_tile,fma",True,True,,,,,,256,128,sh14l07002s1404,3.11.9,2.1.2+cu121
20260427_080229,2026-04-27T12:13:30.828731,cpu,pytorch,full_mlp_capacity_search_hd512_depth4,/home/liangyi/SRS_AI/Model_AIIC_refactor/experiments_refactored/20260425_135159_full_mlp_capacity_search_v2/full_mlp_capacity_search_hd512_depth4,full_mlp_capacity_search_v2,full_mlp_capacity_search_hd512_depth4,supervised_nmse_plateau,full_mlp,12,6,eager,bf16,bfloat16,2,8,ok,,0.0,20,50,0.11582884,0.007660869191834567,0.10619,0.1138905,0.1294407,0.13333845,0.13604868,0.137307,17266.85685533931,17.26685685533931,113.8905,56.94525,2158.3571069174136,349328,348160,697560,sub-physical,0.0625,0.03125,Intel(R) Xeon(R) 6760P,AVX512,"avx2,avx512f,avx512bw,avx512vl,avx512_vnni,avx512_bf16,amx_bf16,amx_int8,amx_tile,fma",True,True,,,,,,256,128,sh14l07002s1404,3.11.9,2.1.2+cu121
20260427_080229,2026-04-27T12:13:30.828731,cpu,pytorch,full_mlp_capacity_search_hd512_depth4,/home/liangyi/SRS_AI/Model_AIIC_refactor/experiments_refactored/20260425_135159_full_mlp_capacity_search_v2/full_mlp_capacity_search_hd512_depth4,full_mlp_capacity_search_v2,full_mlp_capacity_search_hd512_depth4,supervised_nmse_plateau,full_mlp,12,6,eager,bf16,bfloat16,4,1,ok,,0.0,20,50,0.13333282,0.03124969493399255,0.11853,0.1247825,0.14047030000000002,0.15499569999999996,0.2660830599999997,0.33057,30000.11550044468,30.000115500444682,124.7825,31.195625,30000.11550044468,349328,348160,697560,single-thread,0.0078125,0.00390625,Intel(R) Xeon(R) 6760P,AVX512,"avx2,avx512f,avx512bw,avx512vl,avx512_vnni,avx512_bf16,amx_bf16,amx_int8,amx_tile,fma",True,True,,,,,,256,128,sh14l07002s1404,3.11.9,2.1.2+cu121
20260427_080229,2026-04-27T12:13:30.828731,cpu,pytorch,full_mlp_capacity_search_hd512_depth4,/home/liangyi/SRS_AI/Model_AIIC_refactor/experiments_refactored/20260425_135159_full_mlp_capacity_search_v2/full_mlp_capacity_search_hd512_depth4,full_mlp_capacity_search_v2,full_mlp_capacity_search_hd512_depth4,supervised_nmse_plateau,full_mlp,12,6,eager,bf16,bfloat16,4,2,ok,,0.0,20,50,0.12006462,0.005889807147572832,0.113283,0.117722,0.1279571,0.13388695,0.13761236,0.140521,33315.392994205955,33.31539299420596,117.722,29.4305,16657.696497102977,349328,348160,697560,sub-physical,0.015625,0.0078125,Intel(R) Xeon(R) 6760P,AVX512,"avx2,avx512f,avx512bw,avx512vl,avx512_vnni,avx512_bf16,amx_bf16,amx_int8,amx_tile,fma",True,True,,,,,,256,128,sh14l07002s1404,3.11.9,2.1.2+cu121
20260427_080229,2026-04-27T12:13:30.828731,cpu,pytorch,full_mlp_capacity_search_hd512_depth4,/home/liangyi/SRS_AI/Model_AIIC_refactor/experiments_refactored/20260425_135159_full_mlp_capacity_search_v2/full_mlp_capacity_search_hd512_depth4,full_mlp_capacity_search_v2,full_mlp_capacity_search_hd512_depth4,supervised_nmse_plateau,full_mlp,12,6,eager,bf16,bfloat16,4,4,ok,,0.0,20,50,0.11712718,0.009384763621295956,0.104505,0.11380599999999999,0.1309403,0.133026,0.13887628999999999,0.139552,34150.91185495971,34.15091185495971,113.806,28.4515,8537.727963739928,349328,348160,697560,sub-physical,0.03125,0.015625,Intel(R) Xeon(R) 6760P,AVX512,"avx2,avx512f,avx512bw,avx512vl,avx512_vnni,avx512_bf16,amx_bf16,amx_int8,amx_tile,fma",True,True,,,,,,256,128,sh14l07002s1404,3.11.9,2.1.2+cu121
20260427_080229,2026-04-27T12:13:30.828731,cpu,pytorch,full_mlp_capacity_search_hd512_depth4,/home/liangyi/SRS_AI/Model_AIIC_refactor/experiments_refactored/20260425_135159_full_mlp_capacity_search_v2/full_mlp_capacity_search_hd512_depth4,full_mlp_capacity_search_v2,full_mlp_capacity_search_hd512_depth4,supervised_nmse_plateau,full_mlp,12,6,eager,bf16,bfloat16,4,8,ok,,0.0,20,50,0.11346878,0.005478349686867389,0.104919,0.113468,0.1196453,0.12271594999999999,0.12956536999999999,0.13245,35251.98737485324,35.25198737485324,113.468,28.367,4406.498421856655,349328,348160,697560,sub-physical,0.0625,0.03125,Intel(R) Xeon(R) 6760P,AVX512,"avx2,avx512f,avx512bw,avx512vl,avx512_vnni,avx512_bf16,amx_bf16,amx_int8,amx_tile,fma",True,True,,,,,,256,128,sh14l07002s1404,3.11.9,2.1.2+cu121
20260427_080229,2026-04-27T12:13:30.828731,cpu,pytorch,full_mlp_capacity_search_hd512_depth4,/home/liangyi/SRS_AI/Model_AIIC_refactor/experiments_refactored/20260425_135159_full_mlp_capacity_search_v2/full_mlp_capacity_search_hd512_depth4,full_mlp_capacity_search_v2,full_mlp_capacity_search_hd512_depth4,supervised_nmse_plateau,full_mlp,12,6,eager,bf16,bfloat16,8,1,ok,,0.0,20,50,0.1401244,0.027259763743657062,0.125025,0.1342755,0.14732810000000002,0.1512685,0.2554086599999998,0.315711,57092.12671026601,57.092126710266015,134.2755,16.7844375,57092.12671026601,349328,348160,697560,single-thread,0.0078125,0.00390625,Intel(R) Xeon(R) 6760P,AVX512,"avx2,avx512f,avx512bw,avx512vl,avx512_vnni,avx512_bf16,amx_bf16,amx_int8,amx_tile,fma",True,True,,,,,,256,128,sh14l07002s1404,3.11.9,2.1.2+cu121
20260427_080229,2026-04-27T12:13:30.828731,cpu,pytorch,full_mlp_capacity_search_hd512_depth4,/home/liangyi/SRS_AI/Model_AIIC_refactor/experiments_refactored/20260425_135159_full_mlp_capacity_search_v2/full_mlp_capacity_search_hd512_depth4,full_mlp_capacity_search_v2,full_mlp_capacity_search_hd512_depth4,supervised_nmse_plateau,full_mlp,12,6,eager,bf16,bfloat16,8,2,ok,,0.0,20,50,0.13281184000000001,0.005958044230651533,0.124642,0.131616,0.13921240000000001,0.1435117,0.1541083,0.157651,60235.59345311381,60.235593453113815,131.616,16.452,30117.796726556906,349328,348160,697560,sub-physical,0.015625,0.0078125,Intel(R) Xeon(R) 6760P,AVX512,"avx2,avx512f,avx512bw,avx512vl,avx512_vnni,avx512_bf16,amx_bf16,amx_int8,amx_tile,fma",True,True,,,,,,256,128,sh14l07002s1404,3.11.9,2.1.2+cu121
20260427_080229,2026-04-27T12:13:30.828731,cpu,pytorch,full_mlp_capacity_search_hd512_depth4,/home/liangyi/SRS_AI/Model_AIIC_refactor/experiments_refactored/20260425_135159_full_mlp_capacity_search_v2/full_mlp_capacity_search_hd512_depth4,full_mlp_capacity_search_v2,full_mlp_capacity_search_hd512_depth4,supervised_nmse_plateau,full_mlp,12,6,eager,bf16,bfloat16,8,4,ok,,0.0,20,50,0.12587996,0.006128845124360705,0.118965,0.1239275,0.13408879999999998,0.1372271,0.14632204999999998,0.153552,63552.609962697796,63.552609962697794,123.9275,15.4909375,15888.152490674449,349328,348160,697560,sub-physical,0.03125,0.015625,Intel(R) Xeon(R) 6760P,AVX512,"avx2,avx512f,avx512bw,avx512vl,avx512_vnni,avx512_bf16,amx_bf16,amx_int8,amx_tile,fma",True,True,,,,,,256,128,sh14l07002s1404,3.11.9,2.1.2+cu121
20260427_080229,2026-04-27T12:13:30.828731,cpu,pytorch,full_mlp_capacity_search_hd512_depth4,/home/liangyi/SRS_AI/Model_AIIC_refactor/experiments_refactored/20260425_135159_full_mlp_capacity_search_v2/full_mlp_capacity_search_hd512_depth4,full_mlp_capacity_search_v2,full_mlp_capacity_search_hd512_depth4,supervised_nmse_plateau,full_mlp,12,6,eager,bf16,bfloat16,8,8,ok,,0.0,20,50,0.12307442,0.007767045572391089,0.112245,0.1213895,0.1323116,0.13503379999999998,0.14794787999999998,0.15392,65001.321964385446,65.00132196438544,121.3895,15.1736875,8125.165245548181,349328,348160,697560,sub-physical,0.0625,0.03125,Intel(R) Xeon(R) 6760P,AVX512,"avx2,avx512f,avx512bw,avx512vl,avx512_vnni,avx512_bf16,amx_bf16,amx_int8,amx_tile,fma",True,True,,,,,,256,128,sh14l07002s1404,3.11.9,2.1.2+cu121
20260427_080229,2026-04-27T12:13:30.828731,cpu,pytorch,full_mlp_capacity_search_hd512_depth4,/home/liangyi/SRS_AI/Model_AIIC_refactor/experiments_refactored/20260425_135159_full_mlp_capacity_search_v2/full_mlp_capacity_search_hd512_depth4,full_mlp_capacity_search_v2,full_mlp_capacity_search_hd512_depth4,supervised_nmse_plateau,full_mlp,12,6,eager,bf16,bfloat16,16,1,ok,,0.0,20,50,0.14649954,0.02731561425134716,0.13337,0.1406385,0.15395720000000002,0.15918715,0.26329933999999977,0.322361,109215.35999362182,109.21535999362182,140.6385,8.78990625,109215.35999362182,349328,348160,697560,single-thread,0.0078125,0.00390625,Intel(R) Xeon(R) 6760P,AVX512,"avx2,avx512f,avx512bw,avx512vl,avx512_vnni,avx512_bf16,amx_bf16,amx_int8,amx_tile,fma",True,True,,,,,,256,128,sh14l07002s1404,3.11.9,2.1.2+cu121
20260427_080229,2026-04-27T12:13:30.828731,cpu,pytorch,full_mlp_capacity_search_hd512_depth4,/home/liangyi/SRS_AI/Model_AIIC_refactor/experiments_refactored/20260425_135159_full_mlp_capacity_search_v2/full_mlp_capacity_search_hd512_depth4,full_mlp_capacity_search_v2,full_mlp_capacity_search_hd512_depth4,supervised_nmse_plateau,full_mlp,12,6,eager,bf16,bfloat16,16,2,ok,,0.0,20,50,0.15240802,0.0221377181339812,0.133011,0.145582,0.1652627,0.16763909999999999,0.2470551199999999,0.269601,104981.352031212,104.981352031212,145.582,9.098875,52490.676015606,349328,348160,697560,sub-physical,0.015625,0.0078125,Intel(R) Xeon(R) 6760P,AVX512,"avx2,avx512f,avx512bw,avx512vl,avx512_vnni,avx512_bf16,amx_bf16,amx_int8,amx_tile,fma",True,True,,,,,,256,128,sh14l07002s1404,3.11.9,2.1.2+cu121
20260427_080229,2026-04-27T12:13:30.828731,cpu,pytorch,full_mlp_capacity_search_hd512_depth4,/home/liangyi/SRS_AI/Model_AIIC_refactor/experiments_refactored/20260425_135159_full_mlp_capacity_search_v2/full_mlp_capacity_search_hd512_depth4,full_mlp_capacity_search_v2,full_mlp_capacity_search_hd512_depth4,supervised_nmse_plateau,full_mlp,12,6,eager,bf16,bfloat16,16,4,ok,,0.0,20,50,0.14827456,0.00922716417359093,0.133329,0.1455245,0.1603696,0.16370115,0.16817106999999998,0.169669,107907.92432633082,107.90792432633081,145.5245,9.09528125,26976.981081582704,349328,348160,697560,sub-physical,0.03125,0.015625,Intel(R) Xeon(R) 6760P,AVX512,"avx2,avx512f,avx512bw,avx512vl,avx512_vnni,avx512_bf16,amx_bf16,amx_int8,amx_tile,fma",True,True,,,,,,256,128,sh14l07002s1404,3.11.9,2.1.2+cu121
20260427_080229,2026-04-27T12:13:30.828731,cpu,pytorch,full_mlp_capacity_search_hd512_depth4,/home/liangyi/SRS_AI/Model_AIIC_refactor/experiments_refactored/20260425_135159_full_mlp_capacity_search_v2/full_mlp_capacity_search_hd512_depth4,full_mlp_capacity_search_v2,full_mlp_capacity_search_hd512_depth4,supervised_nmse_plateau,full_mlp,12,6,eager,bf16,bfloat16,16,8,ok,,0.0,20,50,0.15543086,0.01102132433242031,0.13908,0.1532235,0.1700911,0.1784866,0.18569060999999998,0.190057,102939.66075977447,102.93966075977447,153.2235,9.57646875,12867.45759497181,349328,348160,697560,sub-physical,0.0625,0.03125,Intel(R) Xeon(R) 6760P,AVX512,"avx2,avx512f,avx512bw,avx512vl,avx512_vnni,avx512_bf16,amx_bf16,amx_int8,amx_tile,fma",True,True,,,,,,256,128,sh14l07002s1404,3.11.9,2.1.2+cu121
20260427_080229,2026-04-27T12:13:30.828731,cpu,pytorch,full_mlp_capacity_search_hd512_depth4,/home/liangyi/SRS_AI/Model_AIIC_refactor/experiments_refactored/20260425_135159_full_mlp_capacity_search_v2/full_mlp_capacity_search_hd512_depth4,full_mlp_capacity_search_v2,full_mlp_capacity_search_hd512_depth4,supervised_nmse_plateau,full_mlp,12,6,eager,bf16,bfloat16,32,1,ok,,0.0,20,50,0.15409362,0.008501182493959295,0.14391,0.14997749999999999,0.1672472,0.1719248,0.17602604,0.176469,207665.96306842557,207.66596306842555,149.9775,4.686796875,207665.96306842557,349328,348160,697560,single-thread,0.0078125,0.00390625,Intel(R) Xeon(R) 6760P,AVX512,"avx2,avx512f,avx512bw,avx512vl,avx512_vnni,avx512_bf16,amx_bf16,amx_int8,amx_tile,fma",True,True,,,,,,256,128,sh14l07002s1404,3.11.9,2.1.2+cu121
20260427_080229,2026-04-27T12:13:30.828731,cpu,pytorch,full_mlp_capacity_search_hd512_depth4,/home/liangyi/SRS_AI/Model_AIIC_refactor/experiments_refactored/20260425_135159_full_mlp_capacity_search_v2/full_mlp_capacity_search_hd512_depth4,full_mlp_capacity_search_v2,full_mlp_capacity_search_hd512_depth4,supervised_nmse_plateau,full_mlp,12,6,eager,bf16,bfloat16,32,2,ok,,0.0,20,50,0.16589808,0.00655649915683667,0.157235,0.16472599999999998,0.1714157,0.1764016,0.18843952999999997,0.195595,192889.51385091376,192.88951385091377,164.72599999999997,5.147687499999999,96444.75692545688,349328,348160,697560,sub-physical,0.015625,0.0078125,Intel(R) Xeon(R) 6760P,AVX512,"avx2,avx512f,avx512bw,avx512vl,avx512_vnni,avx512_bf16,amx_bf16,amx_int8,amx_tile,fma",True,True,,,,,,256,128,sh14l07002s1404,3.11.9,2.1.2+cu121
20260427_080229,2026-04-27T12:13:30.828731,cpu,pytorch,full_mlp_capacity_search_hd512_depth4,/home/liangyi/SRS_AI/Model_AIIC_refactor/experiments_refactored/20260425_135159_full_mlp_capacity_search_v2/full_mlp_capacity_search_hd512_depth4,full_mlp_capacity_search_v2,full_mlp_capacity_search_hd512_depth4,supervised_nmse_plateau,full_mlp,12,6,eager,bf16,bfloat16,32,4,ok,,0.0,20,50,0.17507768,0.009119645119060282,0.159066,0.17443399999999998,0.18586149999999999,0.19132395,0.19729878,0.197827,182776.01119685842,182.77601119685843,174.43399999999997,5.451062499999999,45694.002799214606,349328,348160,697560,sub-physical,0.03125,0.015625,Intel(R) Xeon(R) 6760P,AVX512,"avx2,avx512f,avx512bw,avx512vl,avx512_vnni,avx512_bf16,amx_bf16,amx_int8,amx_tile,fma",True,True,,,,,,256,128,sh14l07002s1404,3.11.9,2.1.2+cu121
20260427_080229,2026-04-27T12:13:30.828731,cpu,pytorch,full_mlp_capacity_search_hd512_depth4,/home/liangyi/SRS_AI/Model_AIIC_refactor/experiments_refactored/20260425_135159_full_mlp_capacity_search_v2/full_mlp_capacity_search_hd512_depth4,full_mlp_capacity_search_v2,full_mlp_capacity_search_hd512_depth4,supervised_nmse_plateau,full_mlp,12,6,eager,bf16,bfloat16,32,8,ok,,0.0,20,50,0.17811484,0.0055280637672154255,0.169497,0.17715350000000002,0.1856005,0.1885272,0.19158323,0.194118,179659.3703253474,179.6593703253474,177.1535,5.536046875,22457.421290668426,349328,348160,697560,sub-physical,0.0625,0.03125,Intel(R) Xeon(R) 6760P,AVX512,"avx2,avx512f,avx512bw,avx512vl,avx512_vnni,avx512_bf16,amx_bf16,amx_int8,amx_tile,fma",True,True,,,,,,256,128,sh14l07002s1404,3.11.9,2.1.2+cu121
20260427_080229,2026-04-27T12:13:30.828731,cpu,pytorch,full_mlp_capacity_search_hd512_depth4,/home/liangyi/SRS_AI/Model_AIIC_refactor/experiments_refactored/20260425_135159_full_mlp_capacity_search_v2/full_mlp_capacity_search_hd512_depth4,full_mlp_capacity_search_v2,full_mlp_capacity_search_hd512_depth4,supervised_nmse_plateau,full_mlp,12,6,eager,bf16,bfloat16,64,1,ok,,0.0,20,50,0.1885209,0.008326730228006668,0.181398,0.1848235,0.1979863,0.2012612,0.21772863999999995,0.227658,339484.9059175932,339.4849059175932,184.8235,2.8878671875,339484.9059175932,349328,348160,697560,single-thread,0.0078125,0.00390625,Intel(R) Xeon(R) 6760P,AVX512,"avx2,avx512f,avx512bw,avx512vl,avx512_vnni,avx512_bf16,amx_bf16,amx_int8,amx_tile,fma",True,True,,,,,,256,128,sh14l07002s1404,3.11.9,2.1.2+cu121
20260427_080229,2026-04-27T12:13:30.828731,cpu,pytorch,full_mlp_capacity_search_hd512_depth4,/home/liangyi/SRS_AI/Model_AIIC_refactor/experiments_refactored/20260425_135159_full_mlp_capacity_search_v2/full_mlp_capacity_search_hd512_depth4,full_mlp_capacity_search_v2,full_mlp_capacity_search_hd512_depth4,supervised_nmse_plateau,full_mlp,12,6,eager,bf16,bfloat16,64,2,ok,,0.0,20,50,0.23476134,0.007905686782588845,0.213933,0.23607299999999998,0.244002,0.24642055,0.24894382999999998,0.250283,272617.2886898669,272.6172886898669,236.07299999999998,3.6886406249999997,136308.64434493345,349328,348160,697560,sub-physical,0.015625,0.0078125,Intel(R) Xeon(R) 6760P,AVX512,"avx2,avx512f,avx512bw,avx512vl,avx512_vnni,avx512_bf16,amx_bf16,amx_int8,amx_tile,fma",True,True,,,,,,256,128,sh14l07002s1404,3.11.9,2.1.2+cu121
20260427_080229,2026-04-27T12:13:30.828731,cpu,pytorch,full_mlp_capacity_search_hd512_depth4,/home/liangyi/SRS_AI/Model_AIIC_refactor/experiments_refactored/20260425_135159_full_mlp_capacity_search_v2/full_mlp_capacity_search_hd512_depth4,full_mlp_capacity_search_v2,full_mlp_capacity_search_hd512_depth4,supervised_nmse_plateau,full_mlp,12,6,eager,bf16,bfloat16,64,4,ok,,0.0,20,50,0.22101372,0.007055892578660761,0.200247,0.2206965,0.2268018,0.23515329999999998,0.241321,0.24284,289574.7829591756,289.5747829591756,220.6965,3.4483828125,72393.6957397939,349328,348160,697560,sub-physical,0.03125,0.015625,Intel(R) Xeon(R) 6760P,AVX512,"avx2,avx512f,avx512bw,avx512vl,avx512_vnni,avx512_bf16,amx_bf16,amx_int8,amx_tile,fma",True,True,,,,,,256,128,sh14l07002s1404,3.11.9,2.1.2+cu121
20260427_080229,2026-04-27T12:13:30.828731,cpu,pytorch,full_mlp_capacity_search_hd512_depth4,/home/liangyi/SRS_AI/Model_AIIC_refactor/experiments_refactored/20260425_135159_full_mlp_capacity_search_v2/full_mlp_capacity_search_hd512_depth4,full_mlp_capacity_search_v2,full_mlp_capacity_search_hd512_depth4,supervised_nmse_plateau,full_mlp,12,6,eager,bf16,bfloat16,64,8,ok,,0.0,20,50,0.2173596,0.010371349819575078,0.19502,0.217699,0.2285686,0.23490815,0.23844688,0.238588,294442.9415585969,294.4429415585969,217.699,3.401546875,36805.367694824614,349328,348160,697560,sub-physical,0.0625,0.03125,Intel(R) Xeon(R) 6760P,AVX512,"avx2,avx512f,avx512bw,avx512vl,avx512_vnni,avx512_bf16,amx_bf16,amx_int8,amx_tile,fma",True,True,,,,,,256,128,sh14l07002s1404,3.11.9,2.1.2+cu121
20260427_080229,2026-04-27T12:13:30.828731,cpu,pytorch,full_mlp_capacity_search_hd512_depth4,/home/liangyi/SRS_AI/Model_AIIC_refactor/experiments_refactored/20260425_135159_full_mlp_capacity_search_v2/full_mlp_capacity_search_hd512_depth4,full_mlp_capacity_search_v2,full_mlp_capacity_search_hd512_depth4,supervised_nmse_plateau,full_mlp,12,6,eager,bf16,bfloat16,128,1,ok,,0.0,20,50,0.25755912,0.04287423897710139,0.231916,0.238704,0.330111,0.36135375,0.39643876999999994,0.40684,496973.277436264,496.97327743626397,238.704,1.864875,496973.277436264,349328,348160,697560,single-thread,0.0078125,0.00390625,Intel(R) Xeon(R) 6760P,AVX512,"avx2,avx512f,avx512bw,avx512vl,avx512_vnni,avx512_bf16,amx_bf16,amx_int8,amx_tile,fma",True,True,,,,,,256,128,sh14l07002s1404,3.11.9,2.1.2+cu121
20260427_080229,2026-04-27T12:13:30.828731,cpu,pytorch,full_mlp_capacity_search_hd512_depth4,/home/liangyi/SRS_AI/Model_AIIC_refactor/experiments_refactored/20260425_135159_full_mlp_capacity_search_v2/full_mlp_capacity_search_hd512_depth4,full_mlp_capacity_search_v2,full_mlp_capacity_search_hd512_depth4,supervised_nmse_plateau,full_mlp,12,6,eager,bf16,bfloat16,128,2,ok,,0.0,20,50,0.29467002,0.009268607473596016,0.278092,0.29243850000000005,0.3050668,0.3115811,0.31965349,0.324161,434384.19694002124,434.38419694002124,292.43850000000003,2.2846757812500003,217192.09847001062,349328,348160,697560,sub-physical,0.015625,0.0078125,Intel(R) Xeon(R) 6760P,AVX512,"avx2,avx512f,avx512bw,avx512vl,avx512_vnni,avx512_bf16,amx_bf16,amx_int8,amx_tile,fma",True,True,,,,,,256,128,sh14l07002s1404,3.11.9,2.1.2+cu121
20260427_080229,2026-04-27T12:13:30.828731,cpu,pytorch,full_mlp_capacity_search_hd512_depth4,/home/liangyi/SRS_AI/Model_AIIC_refactor/experiments_refactored/20260425_135159_full_mlp_capacity_search_v2/full_mlp_capacity_search_hd512_depth4,full_mlp_capacity_search_v2,full_mlp_capacity_search_hd512_depth4,supervised_nmse_plateau,full_mlp,12,6,eager,bf16,bfloat16,128,4,ok,,0.0,20,50,0.29290788,0.010750301461149823,0.269844,0.29301299999999997,0.3047153,0.30699204999999996,0.31968478,0.320115,436997.46145443403,436.997461454434,293.013,2.2891640625,109249.36536360851,349328,348160,697560,sub-physical,0.03125,0.015625,Intel(R) Xeon(R) 6760P,AVX512,"avx2,avx512f,avx512bw,avx512vl,avx512_vnni,avx512_bf16,amx_bf16,amx_int8,amx_tile,fma",True,True,,,,,,256,128,sh14l07002s1404,3.11.9,2.1.2+cu121
20260427_080229,2026-04-27T12:13:30.828731,cpu,pytorch,full_mlp_capacity_search_hd512_depth4,/home/liangyi/SRS_AI/Model_AIIC_refactor/experiments_refactored/20260425_135159_full_mlp_capacity_search_v2/full_mlp_capacity_search_hd512_depth4,full_mlp_capacity_search_v2,full_mlp_capacity_search_hd512_depth4,supervised_nmse_plateau,full_mlp,12,6,eager,bf16,bfloat16,128,8,ok,,0.0,20,50,0.28348936,0.007986833614793788,0.265587,0.283995,0.2933326,0.29644005,0.30190803,0.304629,451516.06395386404,451.51606395386403,283.995,2.2187109375,56439.507994233005,349328,348160,697560,sub-physical,0.0625,0.03125,Intel(R) Xeon(R) 6760P,AVX512,"avx2,avx512f,avx512bw,avx512vl,avx512_vnni,avx512_bf16,amx_bf16,amx_int8,amx_tile,fma",True,True,,,,,,256,128,sh14l07002s1404,3.11.9,2.1.2+cu121
20260427_080229,2026-04-27T12:13:30.828731,cpu,pytorch,full_mlp_capacity_search_hd512_depth4,/home/liangyi/SRS_AI/Model_AIIC_refactor/experiments_refactored/20260425_135159_full_mlp_capacity_search_v2/full_mlp_capacity_search_hd512_depth4,full_mlp_capacity_search_v2,full_mlp_capacity_search_hd512_depth4,supervised_nmse_plateau,full_mlp,12,6,jit,fp32,float32,1,1,ok,,51.829305,20,50,0.06478786,0.002716948634111436,0.061301,0.064526,0.06749949999999999,0.06962925,0.07297740999999999,0.07361,15434.990444197414,15.434990444197414,64.526,64.526,15434.990444197414,349328,348160,697560,single-thread,0.0078125,0.00390625,Intel(R) Xeon(R) 6760P,AVX512,"avx2,avx512f,avx512bw,avx512vl,avx512_vnni,avx512_bf16,amx_bf16,amx_int8,amx_tile,fma",True,True,,,,,,256,128,sh14l07002s1404,3.11.9,2.1.2+cu121
20260427_080229,2026-04-27T12:13:30.828731,cpu,pytorch,full_mlp_capacity_search_hd512_depth4,/home/liangyi/SRS_AI/Model_AIIC_refactor/experiments_refactored/20260425_135159_full_mlp_capacity_search_v2/full_mlp_capacity_search_hd512_depth4,full_mlp_capacity_search_v2,full_mlp_capacity_search_hd512_depth4,supervised_nmse_plateau,full_mlp,12,6,jit,fp32,float32,1,2,ok,,50.47811,20,50,0.04169458,0.0027666701869937444,0.038471,0.0404415,0.044922000000000004,0.046425749999999995,0.050662399999999996,0.05078,23983.932683816456,23.983932683816455,40.4415,40.4415,11991.966341908228,349328,348160,697560,sub-physical,0.015625,0.0078125,Intel(R) Xeon(R) 6760P,AVX512,"avx2,avx512f,avx512bw,avx512vl,avx512_vnni,avx512_bf16,amx_bf16,amx_int8,amx_tile,fma",True,True,,,,,,256,128,sh14l07002s1404,3.11.9,2.1.2+cu121
20260427_080229,2026-04-27T12:13:30.828731,cpu,pytorch,full_mlp_capacity_search_hd512_depth4,/home/liangyi/SRS_AI/Model_AIIC_refactor/experiments_refactored/20260425_135159_full_mlp_capacity_search_v2/full_mlp_capacity_search_hd512_depth4,full_mlp_capacity_search_v2,full_mlp_capacity_search_hd512_depth4,supervised_nmse_plateau,full_mlp,12,6,jit,fp32,float32,1,4,ok,,49.326391,20,50,0.04093856,0.0020110638891890037,0.038172,0.0402505,0.0433301,0.044391,0.0458936,0.04607,24426.84842847428,24.42684842847428,40.2505,40.2505,6106.71210711857,349328,348160,697560,sub-physical,0.03125,0.015625,Intel(R) Xeon(R) 6760P,AVX512,"avx2,avx512f,avx512bw,avx512vl,avx512_vnni,avx512_bf16,amx_bf16,amx_int8,amx_tile,fma",True,True,,,,,,256,128,sh14l07002s1404,3.11.9,2.1.2+cu121
20260427_080229,2026-04-27T12:13:30.828731,cpu,pytorch,full_mlp_capacity_search_hd512_depth4,/home/liangyi/SRS_AI/Model_AIIC_refactor/experiments_refactored/20260425_135159_full_mlp_capacity_search_v2/full_mlp_capacity_search_hd512_depth4,full_mlp_capacity_search_v2,full_mlp_capacity_search_hd512_depth4,supervised_nmse_plateau,full_mlp,12,6,jit,fp32,float32,1,8,ok,,50.006918,20,50,0.04027476,0.002891181028991439,0.035136,0.0399045,0.043712100000000004,0.04580375,0.047856749999999997,0.04831,24829.44653177325,24.82944653177325,39.904500000000006,39.904500000000006,3103.6808164716563,349328,348160,697560,sub-physical,0.0625,0.03125,Intel(R) Xeon(R) 6760P,AVX512,"avx2,avx512f,avx512bw,avx512vl,avx512_vnni,avx512_bf16,amx_bf16,amx_int8,amx_tile,fma",True,True,,,,,,256,128,sh14l07002s1404,3.11.9,2.1.2+cu121
20260427_080229,2026-04-27T12:13:30.828731,cpu,pytorch,full_mlp_capacity_search_hd512_depth4,/home/liangyi/SRS_AI/Model_AIIC_refactor/experiments_refactored/20260425_135159_full_mlp_capacity_search_v2/full_mlp_capacity_search_hd512_depth4,full_mlp_capacity_search_v2,full_mlp_capacity_search_hd512_depth4,supervised_nmse_plateau,full_mlp,12,6,jit,fp32,float32,2,1,ok,,50.20066,20,50,0.05810134,0.0020090406029744643,0.055605,0.057626,0.059447,0.06280954999999999,0.06509920999999999,0.065673,34422.61400511589,34.42261400511589,57.626,28.813,34422.61400511589,349328,348160,697560,single-thread,0.0078125,0.00390625,Intel(R) Xeon(R) 6760P,AVX512,"avx2,avx512f,avx512bw,avx512vl,avx512_vnni,avx512_bf16,amx_bf16,amx_int8,amx_tile,fma",True,True,,,,,,256,128,sh14l07002s1404,3.11.9,2.1.2+cu121
20260427_080229,2026-04-27T12:13:30.828731,cpu,pytorch,full_mlp_capacity_search_hd512_depth4,/home/liangyi/SRS_AI/Model_AIIC_refactor/experiments_refactored/20260425_135159_full_mlp_capacity_search_v2/full_mlp_capacity_search_hd512_depth4,full_mlp_capacity_search_v2,full_mlp_capacity_search_hd512_depth4,supervised_nmse_plateau,full_mlp,12,6,jit,fp32,float32,2,2,ok,,51.655447,20,50,0.05215774,0.002038016327805055,0.05028,0.05156,0.053680700000000005,0.0568413,0.05977567,0.059882,38345.21971235717,38.34521971235717,51.56,25.78,19172.609856178584,349328,348160,697560,sub-physical,0.015625,0.0078125,Intel(R) Xeon(R) 6760P,AVX512,"avx2,avx512f,avx512bw,avx512vl,avx512_vnni,avx512_bf16,amx_bf16,amx_int8,amx_tile,fma",True,True,,,,,,256,128,sh14l07002s1404,3.11.9,2.1.2+cu121
20260427_080229,2026-04-27T12:13:30.828731,cpu,pytorch,full_mlp_capacity_search_hd512_depth4,/home/liangyi/SRS_AI/Model_AIIC_refactor/experiments_refactored/20260425_135159_full_mlp_capacity_search_v2/full_mlp_capacity_search_hd512_depth4,full_mlp_capacity_search_v2,full_mlp_capacity_search_hd512_depth4,supervised_nmse_plateau,full_mlp,12,6,jit,fp32,float32,2,4,ok,,50.344846,20,50,0.04184428,0.0020916122875906037,0.038988,0.0420305,0.0450807,0.04572175,0.0462852,0.046393,47796.257935373724,47.796257935373724,42.030499999999996,21.015249999999998,11949.064483843431,349328,348160,697560,sub-physical,0.03125,0.015625,Intel(R) Xeon(R) 6760P,AVX512,"avx2,avx512f,avx512bw,avx512vl,avx512_vnni,avx512_bf16,amx_bf16,amx_int8,amx_tile,fma",True,True,,,,,,256,128,sh14l07002s1404,3.11.9,2.1.2+cu121
20260427_080229,2026-04-27T12:13:30.828731,cpu,pytorch,full_mlp_capacity_search_hd512_depth4,/home/liangyi/SRS_AI/Model_AIIC_refactor/experiments_refactored/20260425_135159_full_mlp_capacity_search_v2/full_mlp_capacity_search_hd512_depth4,full_mlp_capacity_search_v2,full_mlp_capacity_search_hd512_depth4,supervised_nmse_plateau,full_mlp,12,6,jit,fp32,float32,2,8,ok,,49.90919,20,50,0.03619446,0.0024791114070166352,0.033628,0.0354935,0.0388755,0.0419832,0.04466899,0.04533,55257.07525405822,55.257075254058215,35.4935,17.74675,6907.134406757277,349328,348160,697560,sub-physical,0.0625,0.03125,Intel(R) Xeon(R) 6760P,AVX512,"avx2,avx512f,avx512bw,avx512vl,avx512_vnni,avx512_bf16,amx_bf16,amx_int8,amx_tile,fma",True,True,,,,,,256,128,sh14l07002s1404,3.11.9,2.1.2+cu121
20260427_080229,2026-04-27T12:13:30.828731,cpu,pytorch,full_mlp_capacity_search_hd512_depth4,/home/liangyi/SRS_AI/Model_AIIC_refactor/experiments_refactored/20260425_135159_full_mlp_capacity_search_v2/full_mlp_capacity_search_hd512_depth4,full_mlp_capacity_search_v2,full_mlp_capacity_search_hd512_depth4,supervised_nmse_plateau,full_mlp,12,6,jit,fp32,float32,4,1,ok,,50.75974,20,50,0.0908445,0.005715319260548793,0.085404,0.089131,0.098169,0.10434689999999998,0.10921299000000001,0.109825,44031.284227443604,44.03128422744361,89.131,22.28275,44031.284227443604,349328,348160,697560,single-thread,0.0078125,0.00390625,Intel(R) Xeon(R) 6760P,AVX512,"avx2,avx512f,avx512bw,avx512vl,avx512_vnni,avx512_bf16,amx_bf16,amx_int8,amx_tile,fma",True,True,,,,,,256,128,sh14l07002s1404,3.11.9,2.1.2+cu121
20260427_080229,2026-04-27T12:13:30.828731,cpu,pytorch,full_mlp_capacity_search_hd512_depth4,/home/liangyi/SRS_AI/Model_AIIC_refactor/experiments_refactored/20260425_135159_full_mlp_capacity_search_v2/full_mlp_capacity_search_hd512_depth4,full_mlp_capacity_search_v2,full_mlp_capacity_search_hd512_depth4,supervised_nmse_plateau,full_mlp,12,6,jit,fp32,float32,4,2,ok,,51.979729,20,50,0.05794212,0.002590677398982745,0.054523,0.057082,0.0611561,0.06353975,0.0656026,0.065828,69034.40882038834,69.03440882038835,57.082,14.2705,34517.20441019417,349328,348160,697560,sub-physical,0.015625,0.0078125,Intel(R) Xeon(R) 6760P,AVX512,"avx2,avx512f,avx512bw,avx512vl,avx512_vnni,avx512_bf16,amx_bf16,amx_int8,amx_tile,fma",True,True,,,,,,256,128,sh14l07002s1404,3.11.9,2.1.2+cu121
20260427_080229,2026-04-27T12:13:30.828731,cpu,pytorch,full_mlp_capacity_search_hd512_depth4,/home/liangyi/SRS_AI/Model_AIIC_refactor/experiments_refactored/20260425_135159_full_mlp_capacity_search_v2/full_mlp_capacity_search_hd512_depth4,full_mlp_capacity_search_v2,full_mlp_capacity_search_hd512_depth4,supervised_nmse_plateau,full_mlp,12,6,jit,fp32,float32,4,4,ok,,50.200198,20,50,0.047409019999999996,0.0024747864998015488,0.044184,0.047419,0.0502909,0.05287554999999999,0.05399175,0.0542,84372.13002926449,84.37213002926448,47.419000000000004,11.854750000000001,21093.032507316122,349328,348160,697560,sub-physical,0.03125,0.015625,Intel(R) Xeon(R) 6760P,AVX512,"avx2,avx512f,avx512bw,avx512vl,avx512_vnni,avx512_bf16,amx_bf16,amx_int8,amx_tile,fma",True,True,,,,,,256,128,sh14l07002s1404,3.11.9,2.1.2+cu121
20260427_080229,2026-04-27T12:13:30.828731,cpu,pytorch,full_mlp_capacity_search_hd512_depth4,/home/liangyi/SRS_AI/Model_AIIC_refactor/experiments_refactored/20260425_135159_full_mlp_capacity_search_v2/full_mlp_capacity_search_hd512_depth4,full_mlp_capacity_search_v2,full_mlp_capacity_search_hd512_depth4,supervised_nmse_plateau,full_mlp,12,6,jit,fp32,float32,4,8,ok,,49.071565,20,50,0.04694238,0.002741843459353579,0.04173,0.047213000000000005,0.0501592,0.051744599999999995,0.053073209999999996,0.053794,85210.84785219668,85.21084785219668,47.21300000000001,11.803250000000002,10651.355981524584,349328,348160,697560,sub-physical,0.0625,0.03125,Intel(R) Xeon(R) 6760P,AVX512,"avx2,avx512f,avx512bw,avx512vl,avx512_vnni,avx512_bf16,amx_bf16,amx_int8,amx_tile,fma",True,True,,,,,,256,128,sh14l07002s1404,3.11.9,2.1.2+cu121
20260427_080229,2026-04-27T12:13:30.828731,cpu,pytorch,full_mlp_capacity_search_hd512_depth4,/home/liangyi/SRS_AI/Model_AIIC_refactor/experiments_refactored/20260425_135159_full_mlp_capacity_search_v2/full_mlp_capacity_search_hd512_depth4,full_mlp_capacity_search_v2,full_mlp_capacity_search_hd512_depth4,supervised_nmse_plateau,full_mlp,12,6,jit,fp32,float32,8,1,ok,,50.342975,20,50,0.10787564,0.017950986460648896,0.090457,0.097773,0.13294809999999999,0.13777055,0.14048986,0.141708,74159.46732737808,74.15946732737808,97.773,12.221625,74159.46732737808,349328,348160,697560,single-thread,0.0078125,0.00390625,Intel(R) Xeon(R) 6760P,AVX512,"avx2,avx512f,avx512bw,avx512vl,avx512_vnni,avx512_bf16,amx_bf16,amx_int8,amx_tile,fma",True,True,,,,,,256,128,sh14l07002s1404,3.11.9,2.1.2+cu121
20260427_080229,2026-04-27T12:13:30.828731,cpu,pytorch,full_mlp_capacity_search_hd512_depth4,/home/liangyi/SRS_AI/Model_AIIC_refactor/experiments_refactored/20260425_135159_full_mlp_capacity_search_v2/full_mlp_capacity_search_hd512_depth4,full_mlp_capacity_search_v2,full_mlp_capacity_search_hd512_depth4,supervised_nmse_plateau,full_mlp,12,6,jit,fp32,float32,8,2,ok,,52.028808,20,50,0.07013716,0.003374801465923588,0.065994,0.06910250000000001,0.0740359,0.0770948,0.08067129999999999,0.082842,114062.21751778941,114.0622175177894,69.1025,8.6378125,57031.108758894705,349328,348160,697560,sub-physical,0.015625,0.0078125,Intel(R) Xeon(R) 6760P,AVX512,"avx2,avx512f,avx512bw,avx512vl,avx512_vnni,avx512_bf16,amx_bf16,amx_int8,amx_tile,fma",True,True,,,,,,256,128,sh14l07002s1404,3.11.9,2.1.2+cu121
20260427_080229,2026-04-27T12:13:30.828731,cpu,pytorch,full_mlp_capacity_search_hd512_depth4,/home/liangyi/SRS_AI/Model_AIIC_refactor/experiments_refactored/20260425_135159_full_mlp_capacity_search_v2/full_mlp_capacity_search_hd512_depth4,full_mlp_capacity_search_v2,full_mlp_capacity_search_hd512_depth4,supervised_nmse_plateau,full_mlp,12,6,jit,fp32,float32,8,4,ok,,49.530153,20,50,0.05703002,0.002741408429913354,0.05253,0.056234000000000006,0.0608584,0.06258115,0.06455835,0.065433,140276.99797404945,140.27699797404944,56.23400000000001,7.029250000000001,35069.24949351236,349328,348160,697560,sub-physical,0.03125,0.015625,Intel(R) Xeon(R) 6760P,AVX512,"avx2,avx512f,avx512bw,avx512vl,avx512_vnni,avx512_bf16,amx_bf16,amx_int8,amx_tile,fma",True,True,,,,,,256,128,sh14l07002s1404,3.11.9,2.1.2+cu121
20260427_080229,2026-04-27T12:13:30.828731,cpu,pytorch,full_mlp_capacity_search_hd512_depth4,/home/liangyi/SRS_AI/Model_AIIC_refactor/experiments_refactored/20260425_135159_full_mlp_capacity_search_v2/full_mlp_capacity_search_hd512_depth4,full_mlp_capacity_search_v2,full_mlp_capacity_search_hd512_depth4,supervised_nmse_plateau,full_mlp,12,6,jit,fp32,float32,8,8,ok,,51.752807,20,50,0.05490804,0.002977509939261328,0.050192,0.054983000000000004,0.0583226,0.0587374,0.06401256,0.065951,145698.15276597015,145.69815276597015,54.983000000000004,6.8728750000000005,18212.26909574627,349328,348160,697560,sub-physical,0.0625,0.03125,Intel(R) Xeon(R) 6760P,AVX512,"avx2,avx512f,avx512bw,avx512vl,avx512_vnni,avx512_bf16,amx_bf16,amx_int8,amx_tile,fma",True,True,,,,,,256,128,sh14l07002s1404,3.11.9,2.1.2+cu121
20260427_080229,2026-04-27T12:13:30.828731,cpu,pytorch,full_mlp_capacity_search_hd512_depth4,/home/liangyi/SRS_AI/Model_AIIC_refactor/experiments_refactored/20260425_135159_full_mlp_capacity_search_v2/full_mlp_capacity_search_hd512_depth4,full_mlp_capacity_search_v2,full_mlp_capacity_search_hd512_depth4,supervised_nmse_plateau,full_mlp,12,6,jit,fp32,float32,16,1,ok,,52.547288,20,50,0.12057726,0.0027869225379260195,0.116565,0.1195845,0.1248068,0.1253653,0.12958891,0.131079,132695.0040165119,132.6950040165119,119.58449999999999,7.4740312499999995,132695.0040165119,349328,348160,697560,single-thread,0.0078125,0.00390625,Intel(R) Xeon(R) 6760P,AVX512,"avx2,avx512f,avx512bw,avx512vl,avx512_vnni,avx512_bf16,amx_bf16,amx_int8,amx_tile,fma",True,True,,,,,,256,128,sh14l07002s1404,3.11.9,2.1.2+cu121
20260427_080229,2026-04-27T12:13:30.828731,cpu,pytorch,full_mlp_capacity_search_hd512_depth4,/home/liangyi/SRS_AI/Model_AIIC_refactor/experiments_refactored/20260425_135159_full_mlp_capacity_search_v2/full_mlp_capacity_search_hd512_depth4,full_mlp_capacity_search_v2,full_mlp_capacity_search_hd512_depth4,supervised_nmse_plateau,full_mlp,12,6,jit,fp32,float32,16,2,ok,,52.356585,20,50,0.10375428,0.0036489263025717574,0.10001,0.1023725,0.1093577,0.11032375,0.11519474999999998,0.119421,154210.5058220249,154.21050582202488,102.3725,6.39828125,77105.25291101245,349328,348160,697560,sub-physical,0.015625,0.0078125,Intel(R) Xeon(R) 6760P,AVX512,"avx2,avx512f,avx512bw,avx512vl,avx512_vnni,avx512_bf16,amx_bf16,amx_int8,amx_tile,fma",True,True,,,,,,256,128,sh14l07002s1404,3.11.9,2.1.2+cu121
20260427_080229,2026-04-27T12:13:30.828731,cpu,pytorch,full_mlp_capacity_search_hd512_depth4,/home/liangyi/SRS_AI/Model_AIIC_refactor/experiments_refactored/20260425_135159_full_mlp_capacity_search_v2/full_mlp_capacity_search_hd512_depth4,full_mlp_capacity_search_v2,full_mlp_capacity_search_hd512_depth4,supervised_nmse_plateau,full_mlp,12,6,jit,fp32,float32,16,4,ok,,51.49767,20,50,0.0843223,0.0028983182727229935,0.079584,0.0836615,0.0884839,0.09008094999999999,0.09309914999999999,0.094356,189748.14491540196,189.74814491540195,83.6615,5.22884375,47437.03622885049,349328,348160,697560,sub-physical,0.03125,0.015625,Intel(R) Xeon(R) 6760P,AVX512,"avx2,avx512f,avx512bw,avx512vl,avx512_vnni,avx512_bf16,amx_bf16,amx_int8,amx_tile,fma",True,True,,,,,,256,128,sh14l07002s1404,3.11.9,2.1.2+cu121
20260427_080229,2026-04-27T12:13:30.828731,cpu,pytorch,full_mlp_capacity_search_hd512_depth4,/home/liangyi/SRS_AI/Model_AIIC_refactor/experiments_refactored/20260425_135159_full_mlp_capacity_search_v2/full_mlp_capacity_search_hd512_depth4,full_mlp_capacity_search_v2,full_mlp_capacity_search_hd512_depth4,supervised_nmse_plateau,full_mlp,12,6,jit,fp32,float32,16,8,ok,,50.688881,20,50,0.07662812,0.003310862278259245,0.070488,0.0761505,0.0818216,0.0823859,0.08452217999999999,0.085854,208800.63350112207,208.80063350112206,76.1505,4.75940625,26100.079187640258,349328,348160,697560,sub-physical,0.0625,0.03125,Intel(R) Xeon(R) 6760P,AVX512,"avx2,avx512f,avx512bw,avx512vl,avx512_vnni,avx512_bf16,amx_bf16,amx_int8,amx_tile,fma",True,True,,,,,,256,128,sh14l07002s1404,3.11.9,2.1.2+cu121
20260427_080229,2026-04-27T12:13:30.828731,cpu,pytorch,full_mlp_capacity_search_hd512_depth4,/home/liangyi/SRS_AI/Model_AIIC_refactor/experiments_refactored/20260425_135159_full_mlp_capacity_search_v2/full_mlp_capacity_search_hd512_depth4,full_mlp_capacity_search_v2,full_mlp_capacity_search_hd512_depth4,supervised_nmse_plateau,full_mlp,12,6,jit,fp32,float32,32,1,ok,,52.949649,20,50,0.17946636,0.005523022479621099,0.174086,0.17723899999999998,0.187116,0.19223284999999998,0.19557802,0.196265,178306.3968088504,178.3063968088504,177.23899999999998,5.538718749999999,178306.3968088504,349328,348160,697560,single-thread,0.0078125,0.00390625,Intel(R) Xeon(R) 6760P,AVX512,"avx2,avx512f,avx512bw,avx512vl,avx512_vnni,avx512_bf16,amx_bf16,amx_int8,amx_tile,fma",True,True,,,,,,256,128,sh14l07002s1404,3.11.9,2.1.2+cu121
20260427_080229,2026-04-27T12:13:30.828731,cpu,pytorch,full_mlp_capacity_search_hd512_depth4,/home/liangyi/SRS_AI/Model_AIIC_refactor/experiments_refactored/20260425_135159_full_mlp_capacity_search_v2/full_mlp_capacity_search_hd512_depth4,full_mlp_capacity_search_v2,full_mlp_capacity_search_hd512_depth4,supervised_nmse_plateau,full_mlp,12,6,jit,fp32,float32,32,2,ok,,51.375327,20,50,0.15365592,0.004546397377440737,0.147589,0.15315600000000001,0.1587232,0.160334,0.16767089,0.17357,208257.51458193085,208.25751458193085,153.156,4.786125,104128.75729096543,349328,348160,697560,sub-physical,0.015625,0.0078125,Intel(R) Xeon(R) 6760P,AVX512,"avx2,avx512f,avx512bw,avx512vl,avx512_vnni,avx512_bf16,amx_bf16,amx_int8,amx_tile,fma",True,True,,,,,,256,128,sh14l07002s1404,3.11.9,2.1.2+cu121
20260427_080229,2026-04-27T12:13:30.828731,cpu,pytorch,full_mlp_capacity_search_hd512_depth4,/home/liangyi/SRS_AI/Model_AIIC_refactor/experiments_refactored/20260425_135159_full_mlp_capacity_search_v2/full_mlp_capacity_search_hd512_depth4,full_mlp_capacity_search_v2,full_mlp_capacity_search_hd512_depth4,supervised_nmse_plateau,full_mlp,12,6,jit,fp32,float32,32,4,ok,,51.087192,20,50,0.13985778,0.0035840779918411376,0.133754,0.1392255,0.1439786,0.1464744,0.14998884,0.150324,228803.86060754006,228.80386060754006,139.2255,4.350796875,57200.965151885015,349328,348160,697560,sub-physical,0.03125,0.015625,Intel(R) Xeon(R) 6760P,AVX512,"avx2,avx512f,avx512bw,avx512vl,avx512_vnni,avx512_bf16,amx_bf16,amx_int8,amx_tile,fma",True,True,,,,,,256,128,sh14l07002s1404,3.11.9,2.1.2+cu121
20260427_080229,2026-04-27T12:13:30.828731,cpu,pytorch,full_mlp_capacity_search_hd512_depth4,/home/liangyi/SRS_AI/Model_AIIC_refactor/experiments_refactored/20260425_135159_full_mlp_capacity_search_v2/full_mlp_capacity_search_hd512_depth4,full_mlp_capacity_search_v2,full_mlp_capacity_search_hd512_depth4,supervised_nmse_plateau,full_mlp,12,6,jit,fp32,float32,32,8,ok,,52.204242,20,50,0.13146414,0.004280756078124519,0.124571,0.130709,0.13685550000000002,0.1379312,0.14292143,0.147573,243412.38606969168,243.41238606969168,130.709,4.08465625,30426.54825871146,349328,348160,697560,sub-physical,0.0625,0.03125,Intel(R) Xeon(R) 6760P,AVX512,"avx2,avx512f,avx512bw,avx512vl,avx512_vnni,avx512_bf16,amx_bf16,amx_int8,amx_tile,fma",True,True,,,,,,256,128,sh14l07002s1404,3.11.9,2.1.2+cu121
20260427_080229,2026-04-27T12:13:30.828731,cpu,pytorch,full_mlp_capacity_search_hd512_depth4,/home/liangyi/SRS_AI/Model_AIIC_refactor/experiments_refactored/20260425_135159_full_mlp_capacity_search_v2/full_mlp_capacity_search_hd512_depth4,full_mlp_capacity_search_v2,full_mlp_capacity_search_hd512_depth4,supervised_nmse_plateau,full_mlp,12,6,jit,fp32,float32,64,1,ok,,54.10775,20,50,0.30099768,0.009090408647448145,0.292958,0.29764,0.30833649999999996,0.3103075,0.33619998999999995,0.352786,212626.22356424807,212.62622356424808,297.64000000000004,4.650625000000001,212626.22356424807,349328,348160,697560,single-thread,0.0078125,0.00390625,Intel(R) Xeon(R) 6760P,AVX512,"avx2,avx512f,avx512bw,avx512vl,avx512_vnni,avx512_bf16,amx_bf16,amx_int8,amx_tile,fma",True,True,,,,,,256,128,sh14l07002s1404,3.11.9,2.1.2+cu121
20260427_080229,2026-04-27T12:13:30.828731,cpu,pytorch,full_mlp_capacity_search_hd512_depth4,/home/liangyi/SRS_AI/Model_AIIC_refactor/experiments_refactored/20260425_135159_full_mlp_capacity_search_v2/full_mlp_capacity_search_hd512_depth4,full_mlp_capacity_search_v2,full_mlp_capacity_search_hd512_depth4,supervised_nmse_plateau,full_mlp,12,6,jit,fp32,float32,64,2,ok,,53.116301,20,50,0.25146598,0.004778205635968382,0.243401,0.2504645,0.25779389999999996,0.25996425,0.26064478,0.260732,254507.58786536456,254.50758786536457,250.4645,3.9135078125,127253.79393268228,349328,348160,697560,sub-physical,0.015625,0.0078125,Intel(R) Xeon(R) 6760P,AVX512,"avx2,avx512f,avx512bw,avx512vl,avx512_vnni,avx512_bf16,amx_bf16,amx_int8,amx_tile,fma",True,True,,,,,,256,128,sh14l07002s1404,3.11.9,2.1.2+cu121
20260427_080229,2026-04-27T12:13:30.828731,cpu,pytorch,full_mlp_capacity_search_hd512_depth4,/home/liangyi/SRS_AI/Model_AIIC_refactor/experiments_refactored/20260425_135159_full_mlp_capacity_search_v2/full_mlp_capacity_search_hd512_depth4,full_mlp_capacity_search_v2,full_mlp_capacity_search_hd512_depth4,supervised_nmse_plateau,full_mlp,12,6,jit,fp32,float32,64,4,ok,,53.161931,20,50,0.22033787999999999,0.0032912656084855864,0.212956,0.2199275,0.22497879999999998,0.2253254,0.22825301999999997,0.229283,290462.99256396585,290.4629925639658,219.9275,3.4363671875,72615.74814099146,349328,348160,697560,sub-physical,0.03125,0.015625,Intel(R) Xeon(R) 6760P,AVX512,"avx2,avx512f,avx512bw,avx512vl,avx512_vnni,avx512_bf16,amx_bf16,amx_int8,amx_tile,fma",True,True,,,,,,256,128,sh14l07002s1404,3.11.9,2.1.2+cu121
20260427_080229,2026-04-27T12:13:30.828731,cpu,pytorch,full_mlp_capacity_search_hd512_depth4,/home/liangyi/SRS_AI/Model_AIIC_refactor/experiments_refactored/20260425_135159_full_mlp_capacity_search_v2/full_mlp_capacity_search_hd512_depth4,full_mlp_capacity_search_v2,full_mlp_capacity_search_hd512_depth4,supervised_nmse_plateau,full_mlp,12,6,jit,fp32,float32,64,8,ok,,52.349966,20,50,0.20343522,0.006837661235510281,0.192309,0.20336500000000002,0.2120476,0.2142184,0.22416542999999997,0.230924,314596.459747727,314.596459747727,203.365,3.177578125,39324.55746846588,349328,348160,697560,sub-physical,0.0625,0.03125,Intel(R) Xeon(R) 6760P,AVX512,"avx2,avx512f,avx512bw,avx512vl,avx512_vnni,avx512_bf16,amx_bf16,amx_int8,amx_tile,fma",True,True,,,,,,256,128,sh14l07002s1404,3.11.9,2.1.2+cu121
20260427_080229,2026-04-27T12:13:30.828731,cpu,pytorch,full_mlp_capacity_search_hd512_depth4,/home/liangyi/SRS_AI/Model_AIIC_refactor/experiments_refactored/20260425_135159_full_mlp_capacity_search_v2/full_mlp_capacity_search_hd512_depth4,full_mlp_capacity_search_v2,full_mlp_capacity_search_hd512_depth4,supervised_nmse_plateau,full_mlp,12,6,jit,fp32,float32,128,1,ok,,54.575657,20,50,0.55260696,0.010127667682067763,0.542606,0.5517160000000001,0.5614659000000001,0.5636365,0.5925454099999999,0.59847,231629.36637642063,231.62936637642062,551.7160000000001,4.310281250000001,231629.36637642063,349328,348160,697560,single-thread,0.0078125,0.00390625,Intel(R) Xeon(R) 6760P,AVX512,"avx2,avx512f,avx512bw,avx512vl,avx512_vnni,avx512_bf16,amx_bf16,amx_int8,amx_tile,fma",True,True,,,,,,256,128,sh14l07002s1404,3.11.9,2.1.2+cu121
20260427_080229,2026-04-27T12:13:30.828731,cpu,pytorch,full_mlp_capacity_search_hd512_depth4,/home/liangyi/SRS_AI/Model_AIIC_refactor/experiments_refactored/20260425_135159_full_mlp_capacity_search_v2/full_mlp_capacity_search_hd512_depth4,full_mlp_capacity_search_v2,full_mlp_capacity_search_hd512_depth4,supervised_nmse_plateau,full_mlp,12,6,jit,fp32,float32,128,2,ok,,53.560249,20,50,0.4603504,0.005442084317612141,0.448235,0.459888,0.467014,0.46807615,0.47267805,0.47344,278049.0687094005,278.0490687094005,459.88800000000003,3.5928750000000003,139024.53435470024,349328,348160,697560,sub-physical,0.015625,0.0078125,Intel(R) Xeon(R) 6760P,AVX512,"avx2,avx512f,avx512bw,avx512vl,avx512_vnni,avx512_bf16,amx_bf16,amx_int8,amx_tile,fma",True,True,,,,,,256,128,sh14l07002s1404,3.11.9,2.1.2+cu121
20260427_080229,2026-04-27T12:13:30.828731,cpu,pytorch,full_mlp_capacity_search_hd512_depth4,/home/liangyi/SRS_AI/Model_AIIC_refactor/experiments_refactored/20260425_135159_full_mlp_capacity_search_v2/full_mlp_capacity_search_hd512_depth4,full_mlp_capacity_search_v2,full_mlp_capacity_search_hd512_depth4,supervised_nmse_plateau,full_mlp,12,6,jit,fp32,float32,128,4,ok,,53.431395,20,50,0.32580604,0.00704135298919178,0.316111,0.32514350000000003,0.3330316,0.33412325,0.34995497,0.363404,392871.78346969874,392.87178346969876,325.1435,2.54018359375,98217.94586742469,349328,348160,697560,sub-physical,0.03125,0.015625,Intel(R) Xeon(R) 6760P,AVX512,"avx2,avx512f,avx512bw,avx512vl,avx512_vnni,avx512_bf16,amx_bf16,amx_int8,amx_tile,fma",True,True,,,,,,256,128,sh14l07002s1404,3.11.9,2.1.2+cu121
20260427_080229,2026-04-27T12:13:30.828731,cpu,pytorch,full_mlp_capacity_search_hd512_depth4,/home/liangyi/SRS_AI/Model_AIIC_refactor/experiments_refactored/20260425_135159_full_mlp_capacity_search_v2/full_mlp_capacity_search_hd512_depth4,full_mlp_capacity_search_v2,full_mlp_capacity_search_hd512_depth4,supervised_nmse_plateau,full_mlp,12,6,jit,fp32,float32,128,8,ok,,53.961483,20,50,0.24744254,0.005181406199903653,0.235508,0.24688749999999998,0.2536648,0.2567797,0.2603642,0.260962,517291.8124749286,517.2918124749286,246.8875,1.92880859375,64661.47655936608,349328,348160,697560,sub-physical,0.0625,0.03125,Intel(R) Xeon(R) 6760P,AVX512,"avx2,avx512f,avx512bw,avx512vl,avx512_vnni,avx512_bf16,amx_bf16,amx_int8,amx_tile,fma",True,True,,,,,,256,128,sh14l07002s1404,3.11.9,2.1.2+cu121
20260427_080229,2026-04-27T12:13:30.828731,cpu,pytorch,full_mlp_capacity_search_hd512_depth4,/home/liangyi/SRS_AI/Model_AIIC_refactor/experiments_refactored/20260425_135159_full_mlp_capacity_search_v2/full_mlp_capacity_search_hd512_depth4,full_mlp_capacity_search_v2,full_mlp_capacity_search_hd512_depth4,supervised_nmse_plateau,full_mlp,12,6,jit,bf16,bfloat16,1,1,ok,,52.243296,20,50,0.08700584,0.007970285910455156,0.080503,0.08490400000000001,0.0935938,0.09626654999999999,0.11603587999999992,0.131759,11493.4813571135,11.4934813571135,84.90400000000001,84.90400000000001,11493.4813571135,349328,348160,697560,single-thread,0.0078125,0.00390625,Intel(R) Xeon(R) 6760P,AVX512,"avx2,avx512f,avx512bw,avx512vl,avx512_vnni,avx512_bf16,amx_bf16,amx_int8,amx_tile,fma",True,True,,,,,,256,128,sh14l07002s1404,3.11.9,2.1.2+cu121
20260427_080229,2026-04-27T12:13:30.828731,cpu,pytorch,full_mlp_capacity_search_hd512_depth4,/home/liangyi/SRS_AI/Model_AIIC_refactor/experiments_refactored/20260425_135159_full_mlp_capacity_search_v2/full_mlp_capacity_search_hd512_depth4,full_mlp_capacity_search_v2,full_mlp_capacity_search_hd512_depth4,supervised_nmse_plateau,full_mlp,12,6,jit,bf16,bfloat16,1,2,ok,,51.352253,20,50,0.0835893,0.004806013346839561,0.077105,0.0824705,0.09096670000000001,0.09247019999999999,0.09795005,0.100084,11963.253670027143,11.963253670027143,82.4705,82.4705,5981.6268350135715,349328,348160,697560,sub-physical,0.015625,0.0078125,Intel(R) Xeon(R) 6760P,AVX512,"avx2,avx512f,avx512bw,avx512vl,avx512_vnni,avx512_bf16,amx_bf16,amx_int8,amx_tile,fma",True,True,,,,,,256,128,sh14l07002s1404,3.11.9,2.1.2+cu121
20260427_080229,2026-04-27T12:13:30.828731,cpu,pytorch,full_mlp_capacity_search_hd512_depth4,/home/liangyi/SRS_AI/Model_AIIC_refactor/experiments_refactored/20260425_135159_full_mlp_capacity_search_v2/full_mlp_capacity_search_hd512_depth4,full_mlp_capacity_search_v2,full_mlp_capacity_search_hd512_depth4,supervised_nmse_plateau,full_mlp,12,6,jit,bf16,bfloat16,1,4,ok,,51.021778,20,50,0.07400564,0.004699274189744624,0.0673,0.072362,0.07782460000000001,0.08533774999999999,0.08927248,0.089737,13512.48364313855,13.51248364313855,72.362,72.362,3378.1209107846375,349328,348160,697560,sub-physical,0.03125,0.015625,Intel(R) Xeon(R) 6760P,AVX512,"avx2,avx512f,avx512bw,avx512vl,avx512_vnni,avx512_bf16,amx_bf16,amx_int8,amx_tile,fma",True,True,,,,,,256,128,sh14l07002s1404,3.11.9,2.1.2+cu121
20260427_080229,2026-04-27T12:13:30.828731,cpu,pytorch,full_mlp_capacity_search_hd512_depth4,/home/liangyi/SRS_AI/Model_AIIC_refactor/experiments_refactored/20260425_135159_full_mlp_capacity_search_v2/full_mlp_capacity_search_hd512_depth4,full_mlp_capacity_search_v2,full_mlp_capacity_search_hd512_depth4,supervised_nmse_plateau,full_mlp,12,6,jit,bf16,bfloat16,1,8,ok,,51.507685,20,50,0.07963916,0.005484912912198333,0.069206,0.07963,0.0865677,0.0887587,0.0934438,0.096129,12556.636709879913,12.556636709879912,79.63000000000001,79.63000000000001,1569.579588734989,349328,348160,697560,sub-physical,0.0625,0.03125,Intel(R) Xeon(R) 6760P,AVX512,"avx2,avx512f,avx512bw,avx512vl,avx512_vnni,avx512_bf16,amx_bf16,amx_int8,amx_tile,fma",True,True,,,,,,256,128,sh14l07002s1404,3.11.9,2.1.2+cu121
20260427_080229,2026-04-27T12:13:30.828731,cpu,pytorch,full_mlp_capacity_search_hd512_depth4,/home/liangyi/SRS_AI/Model_AIIC_refactor/experiments_refactored/20260425_135159_full_mlp_capacity_search_v2/full_mlp_capacity_search_hd512_depth4,full_mlp_capacity_search_v2,full_mlp_capacity_search_hd512_depth4,supervised_nmse_plateau,full_mlp,12,6,jit,bf16,bfloat16,2,1,ok,,50.511604,20,50,0.09331192,0.007779320604885752,0.087772,0.090325,0.1002026,0.10440485,0.12206891999999994,0.136863,21433.488883306654,21.433488883306655,90.325,45.1625,21433.488883306654,349328,348160,697560,single-thread,0.0078125,0.00390625,Intel(R) Xeon(R) 6760P,AVX512,"avx2,avx512f,avx512bw,avx512vl,avx512_vnni,avx512_bf16,amx_bf16,amx_int8,amx_tile,fma",True,True,,,,,,256,128,sh14l07002s1404,3.11.9,2.1.2+cu121
20260427_080229,2026-04-27T12:13:30.828731,cpu,pytorch,full_mlp_capacity_search_hd512_depth4,/home/liangyi/SRS_AI/Model_AIIC_refactor/experiments_refactored/20260425_135159_full_mlp_capacity_search_v2/full_mlp_capacity_search_hd512_depth4,full_mlp_capacity_search_v2,full_mlp_capacity_search_hd512_depth4,supervised_nmse_plateau,full_mlp,12,6,jit,bf16,bfloat16,2,2,ok,,51.42757,20,50,0.08681894,0.0045534789443237795,0.081084,0.08563799999999999,0.09170800000000001,0.0955386,0.10183139,0.104521,23036.448037720802,23.036448037720803,85.63799999999999,42.818999999999996,11518.224018860401,349328,348160,697560,sub-physical,0.015625,0.0078125,Intel(R) Xeon(R) 6760P,AVX512,"avx2,avx512f,avx512bw,avx512vl,avx512_vnni,avx512_bf16,amx_bf16,amx_int8,amx_tile,fma",True,True,,,,,,256,128,sh14l07002s1404,3.11.9,2.1.2+cu121
20260427_080229,2026-04-27T12:13:30.828731,cpu,pytorch,full_mlp_capacity_search_hd512_depth4,/home/liangyi/SRS_AI/Model_AIIC_refactor/experiments_refactored/20260425_135159_full_mlp_capacity_search_v2/full_mlp_capacity_search_hd512_depth4,full_mlp_capacity_search_v2,full_mlp_capacity_search_hd512_depth4,supervised_nmse_plateau,full_mlp,12,6,jit,bf16,bfloat16,2,4,ok,,52.342803,20,50,0.09028344,0.008466267910147894,0.078269,0.09122649999999999,0.1028365,0.1041071,0.1058476,0.106563,22152.45675175868,22.15245675175868,91.22649999999999,45.613249999999994,5538.11418793967,349328,348160,697560,sub-physical,0.03125,0.015625,Intel(R) Xeon(R) 6760P,AVX512,"avx2,avx512f,avx512bw,avx512vl,avx512_vnni,avx512_bf16,amx_bf16,amx_int8,amx_tile,fma",True,True,,,,,,256,128,sh14l07002s1404,3.11.9,2.1.2+cu121
20260427_080229,2026-04-27T12:13:30.828731,cpu,pytorch,full_mlp_capacity_search_hd512_depth4,/home/liangyi/SRS_AI/Model_AIIC_refactor/experiments_refactored/20260425_135159_full_mlp_capacity_search_v2/full_mlp_capacity_search_hd512_depth4,full_mlp_capacity_search_v2,full_mlp_capacity_search_hd512_depth4,supervised_nmse_plateau,full_mlp,12,6,jit,bf16,bfloat16,2,8,ok,,50.639194,20,50,0.08496454,0.006289249730166547,0.076235,0.08487249999999999,0.0935539,0.0952946,0.09735687999999999,0.098478,23539.231778339526,23.539231778339527,84.87249999999999,42.436249999999994,2942.403972292441,349328,348160,697560,sub-physical,0.0625,0.03125,Intel(R) Xeon(R) 6760P,AVX512,"avx2,avx512f,avx512bw,avx512vl,avx512_vnni,avx512_bf16,amx_bf16,amx_int8,amx_tile,fma",True,True,,,,,,256,128,sh14l07002s1404,3.11.9,2.1.2+cu121
20260427_080229,2026-04-27T12:13:30.828731,cpu,pytorch,full_mlp_capacity_search_hd512_depth4,/home/liangyi/SRS_AI/Model_AIIC_refactor/experiments_refactored/20260425_135159_full_mlp_capacity_search_v2/full_mlp_capacity_search_hd512_depth4,full_mlp_capacity_search_v2,full_mlp_capacity_search_hd512_depth4,supervised_nmse_plateau,full_mlp,12,6,jit,bf16,bfloat16,4,1,ok,,50.773406,20,50,0.09071538,0.004434705410238655,0.086102,0.0889035,0.094027,0.10289374999999999,0.10508638,0.105105,44093.95628392892,44.09395628392892,88.9035,22.225875,44093.95628392892,349328,348160,697560,single-thread,0.0078125,0.00390625,Intel(R) Xeon(R) 6760P,AVX512,"avx2,avx512f,avx512bw,avx512vl,avx512_vnni,avx512_bf16,amx_bf16,amx_int8,amx_tile,fma",True,True,,,,,,256,128,sh14l07002s1404,3.11.9,2.1.2+cu121
20260427_080229,2026-04-27T12:13:30.828731,cpu,pytorch,full_mlp_capacity_search_hd512_depth4,/home/liangyi/SRS_AI/Model_AIIC_refactor/experiments_refactored/20260425_135159_full_mlp_capacity_search_v2/full_mlp_capacity_search_hd512_depth4,full_mlp_capacity_search_v2,full_mlp_capacity_search_hd512_depth4,supervised_nmse_plateau,full_mlp,12,6,jit,bf16,bfloat16,4,2,ok,,52.368922,20,50,0.09000048,0.004617136070076341,0.083755,0.0885335,0.09649550000000001,0.0980841,0.10299881,0.104141,44444.2074086716,44.4442074086716,88.5335,22.133375,22222.1037043358,349328,348160,697560,sub-physical,0.015625,0.0078125,Intel(R) Xeon(R) 6760P,AVX512,"avx2,avx512f,avx512bw,avx512vl,avx512_vnni,avx512_bf16,amx_bf16,amx_int8,amx_tile,fma",True,True,,,,,,256,128,sh14l07002s1404,3.11.9,2.1.2+cu121
20260427_080229,2026-04-27T12:13:30.828731,cpu,pytorch,full_mlp_capacity_search_hd512_depth4,/home/liangyi/SRS_AI/Model_AIIC_refactor/experiments_refactored/20260425_135159_full_mlp_capacity_search_v2/full_mlp_capacity_search_hd512_depth4,full_mlp_capacity_search_v2,full_mlp_capacity_search_hd512_depth4,supervised_nmse_plateau,full_mlp,12,6,jit,bf16,bfloat16,4,4,ok,,52.049024,20,50,0.08674646,0.005607283767422511,0.079689,0.0854545,0.093377,0.09703774999999999,0.10196245,0.102891,46111.391750164796,46.1113917501648,85.4545,21.363625,11527.847937541199,349328,348160,697560,sub-physical,0.03125,0.015625,Intel(R) Xeon(R) 6760P,AVX512,"avx2,avx512f,avx512bw,avx512vl,avx512_vnni,avx512_bf16,amx_bf16,amx_int8,amx_tile,fma",True,True,,,,,,256,128,sh14l07002s1404,3.11.9,2.1.2+cu121
20260427_080229,2026-04-27T12:13:30.828731,cpu,pytorch,full_mlp_capacity_search_hd512_depth4,/home/liangyi/SRS_AI/Model_AIIC_refactor/experiments_refactored/20260425_135159_full_mlp_capacity_search_v2/full_mlp_capacity_search_hd512_depth4,full_mlp_capacity_search_v2,full_mlp_capacity_search_hd512_depth4,supervised_nmse_plateau,full_mlp,12,6,jit,bf16,bfloat16,4,8,ok,,50.568592,20,50,0.08308148,0.005258319751555623,0.073241,0.0832705,0.0885506,0.09201789999999999,0.09642102,0.098333,48145.50727791561,48.14550727791561,83.2705,20.817625,6018.188409739451,349328,348160,697560,sub-physical,0.0625,0.03125,Intel(R) Xeon(R) 6760P,AVX512,"avx2,avx512f,avx512bw,avx512vl,avx512_vnni,avx512_bf16,amx_bf16,amx_int8,amx_tile,fma",True,True,,,,,,256,128,sh14l07002s1404,3.11.9,2.1.2+cu121
20260427_080229,2026-04-27T12:13:30.828731,cpu,pytorch,full_mlp_capacity_search_hd512_depth4,/home/liangyi/SRS_AI/Model_AIIC_refactor/experiments_refactored/20260425_135159_full_mlp_capacity_search_v2/full_mlp_capacity_search_hd512_depth4,full_mlp_capacity_search_v2,full_mlp_capacity_search_hd512_depth4,supervised_nmse_plateau,full_mlp,12,6,jit,bf16,bfloat16,8,1,ok,,52.714378,20,50,0.09492257999999999,0.0051166245986587686,0.089762,0.093355,0.1010354,0.10223265,0.11297091,0.114412,84279.20943573174,84.27920943573174,93.35499999999999,11.669374999999999,84279.20943573174,349328,348160,697560,single-thread,0.0078125,0.00390625,Intel(R) Xeon(R) 6760P,AVX512,"avx2,avx512f,avx512bw,avx512vl,avx512_vnni,avx512_bf16,amx_bf16,amx_int8,amx_tile,fma",True,True,,,,,,256,128,sh14l07002s1404,3.11.9,2.1.2+cu121
20260427_080229,2026-04-27T12:13:30.828731,cpu,pytorch,full_mlp_capacity_search_hd512_depth4,/home/liangyi/SRS_AI/Model_AIIC_refactor/experiments_refactored/20260425_135159_full_mlp_capacity_search_v2/full_mlp_capacity_search_hd512_depth4,full_mlp_capacity_search_v2,full_mlp_capacity_search_hd512_depth4,supervised_nmse_plateau,full_mlp,12,6,jit,bf16,bfloat16,8,2,ok,,52.93171,20,50,0.09601334,0.005583439350830275,0.089667,0.0944955,0.10166570000000001,0.1090465,0.11245648,0.114538,83321.75508111685,83.32175508111685,94.49549999999999,11.811937499999999,41660.877540558424,349328,348160,697560,sub-physical,0.015625,0.0078125,Intel(R) Xeon(R) 6760P,AVX512,"avx2,avx512f,avx512bw,avx512vl,avx512_vnni,avx512_bf16,amx_bf16,amx_int8,amx_tile,fma",True,True,,,,,,256,128,sh14l07002s1404,3.11.9,2.1.2+cu121
20260427_080229,2026-04-27T12:13:30.828731,cpu,pytorch,full_mlp_capacity_search_hd512_depth4,/home/liangyi/SRS_AI/Model_AIIC_refactor/experiments_refactored/20260425_135159_full_mlp_capacity_search_v2/full_mlp_capacity_search_hd512_depth4,full_mlp_capacity_search_v2,full_mlp_capacity_search_hd512_depth4,supervised_nmse_plateau,full_mlp,12,6,jit,bf16,bfloat16,8,4,ok,,50.926812,20,50,0.09744498,0.00738845067518218,0.085082,0.0975945,0.1072347,0.10893755,0.11269545999999998,0.115364,82097.61036433073,82.09761036433073,97.5945,12.1993125,20524.402591082682,349328,348160,697560,sub-physical,0.03125,0.015625,Intel(R) Xeon(R) 6760P,AVX512,"avx2,avx512f,avx512bw,avx512vl,avx512_vnni,avx512_bf16,amx_bf16,amx_int8,amx_tile,fma",True,True,,,,,,256,128,sh14l07002s1404,3.11.9,2.1.2+cu121
20260427_080229,2026-04-27T12:13:30.828731,cpu,pytorch,full_mlp_capacity_search_hd512_depth4,/home/liangyi/SRS_AI/Model_AIIC_refactor/experiments_refactored/20260425_135159_full_mlp_capacity_search_v2/full_mlp_capacity_search_hd512_depth4,full_mlp_capacity_search_v2,full_mlp_capacity_search_hd512_depth4,supervised_nmse_plateau,full_mlp,12,6,jit,bf16,bfloat16,8,8,ok,,52.191414,20,50,0.087507,0.005195557021147973,0.080356,0.0865885,0.0937084,0.09404544999999999,0.10353235,0.105093,91421.2577279532,91.4212577279532,86.5885,10.8235625,11427.65721599415,349328,348160,697560,sub-physical,0.0625,0.03125,Intel(R) Xeon(R) 6760P,AVX512,"avx2,avx512f,avx512bw,avx512vl,avx512_vnni,avx512_bf16,amx_bf16,amx_int8,amx_tile,fma",True,True,,,,,,256,128,sh14l07002s1404,3.11.9,2.1.2+cu121
20260427_080229,2026-04-27T12:13:30.828731,cpu,pytorch,full_mlp_capacity_search_hd512_depth4,/home/liangyi/SRS_AI/Model_AIIC_refactor/experiments_refactored/20260425_135159_full_mlp_capacity_search_v2/full_mlp_capacity_search_hd512_depth4,full_mlp_capacity_search_v2,full_mlp_capacity_search_hd512_depth4,supervised_nmse_plateau,full_mlp,12,6,jit,bf16,bfloat16,16,1,ok,,53.023405,20,50,0.1038697,0.0049945318068864075,0.098719,0.10224549999999999,0.1112375,0.1143473,0.12084997,0.12102,154039.14712375216,154.03914712375217,102.24549999999999,6.3903437499999995,154039.14712375216,349328,348160,697560,single-thread,0.0078125,0.00390625,Intel(R) Xeon(R) 6760P,AVX512,"avx2,avx512f,avx512bw,avx512vl,avx512_vnni,avx512_bf16,amx_bf16,amx_int8,amx_tile,fma",True,True,,,,,,256,128,sh14l07002s1404,3.11.9,2.1.2+cu121
20260427_080229,2026-04-27T12:13:30.828731,cpu,pytorch,full_mlp_capacity_search_hd512_depth4,/home/liangyi/SRS_AI/Model_AIIC_refactor/experiments_refactored/20260425_135159_full_mlp_capacity_search_v2/full_mlp_capacity_search_hd512_depth4,full_mlp_capacity_search_v2,full_mlp_capacity_search_hd512_depth4,supervised_nmse_plateau,full_mlp,12,6,jit,bf16,bfloat16,16,2,ok,,51.859895,20,50,0.1089888,0.005443956906515702,0.100545,0.10757549999999999,0.11830320000000001,0.12029135,0.12139939999999999,0.121517,146804.0752811298,146.8040752811298,107.57549999999999,6.723468749999999,73402.0376405649,349328,348160,697560,sub-physical,0.015625,0.0078125,Intel(R) Xeon(R) 6760P,AVX512,"avx2,avx512f,avx512bw,avx512vl,avx512_vnni,avx512_bf16,amx_bf16,amx_int8,amx_tile,fma",True,True,,,,,,256,128,sh14l07002s1404,3.11.9,2.1.2+cu121
20260427_080229,2026-04-27T12:13:30.828731,cpu,pytorch,full_mlp_capacity_search_hd512_depth4,/home/liangyi/SRS_AI/Model_AIIC_refactor/experiments_refactored/20260425_135159_full_mlp_capacity_search_v2/full_mlp_capacity_search_hd512_depth4,full_mlp_capacity_search_v2,full_mlp_capacity_search_hd512_depth4,supervised_nmse_plateau,full_mlp,12,6,jit,bf16,bfloat16,16,4,ok,,51.183587,20,50,0.11435814,0.005939401707276583,0.100624,0.11340549999999999,0.121762,0.12350355,0.12664461999999999,0.128243,139911.33468942394,139.91133468942394,113.40549999999999,7.087843749999999,34977.833672355984,349328,348160,697560,sub-physical,0.03125,0.015625,Intel(R) Xeon(R) 6760P,AVX512,"avx2,avx512f,avx512bw,avx512vl,avx512_vnni,avx512_bf16,amx_bf16,amx_int8,amx_tile,fma",True,True,,,,,,256,128,sh14l07002s1404,3.11.9,2.1.2+cu121
20260427_080229,2026-04-27T12:13:30.828731,cpu,pytorch,full_mlp_capacity_search_hd512_depth4,/home/liangyi/SRS_AI/Model_AIIC_refactor/experiments_refactored/20260425_135159_full_mlp_capacity_search_v2/full_mlp_capacity_search_hd512_depth4,full_mlp_capacity_search_v2,full_mlp_capacity_search_hd512_depth4,supervised_nmse_plateau,full_mlp,12,6,jit,bf16,bfloat16,16,8,ok,,50.664569,20,50,0.11219128,0.0048079115010158,0.101232,0.1119955,0.1185437,0.1195249,0.1215455,0.122599,142613.5792371742,142.6135792371742,111.99549999999999,6.9997187499999995,17826.697404646777,349328,348160,697560,sub-physical,0.0625,0.03125,Intel(R) Xeon(R) 6760P,AVX512,"avx2,avx512f,avx512bw,avx512vl,avx512_vnni,avx512_bf16,amx_bf16,amx_int8,amx_tile,fma",True,True,,,,,,256,128,sh14l07002s1404,3.11.9,2.1.2+cu121
20260427_080229,2026-04-27T12:13:30.828731,cpu,pytorch,full_mlp_capacity_search_hd512_depth4,/home/liangyi/SRS_AI/Model_AIIC_refactor/experiments_refactored/20260425_135159_full_mlp_capacity_search_v2/full_mlp_capacity_search_hd512_depth4,full_mlp_capacity_search_v2,full_mlp_capacity_search_hd512_depth4,supervised_nmse_plateau,full_mlp,12,6,jit,bf16,bfloat16,32,1,ok,,53.931975,20,50,0.12372286,0.0070595148842112375,0.117271,0.1207415,0.1340959,0.1365662,0.14752948,0.149807,258642.58230047382,258.6425823004738,120.7415,3.773171875,258642.58230047382,349328,348160,697560,single-thread,0.0078125,0.00390625,Intel(R) Xeon(R) 6760P,AVX512,"avx2,avx512f,avx512bw,avx512vl,avx512_vnni,avx512_bf16,amx_bf16,amx_int8,amx_tile,fma",True,True,,,,,,256,128,sh14l07002s1404,3.11.9,2.1.2+cu121
20260427_080229,2026-04-27T12:13:30.828731,cpu,pytorch,full_mlp_capacity_search_hd512_depth4,/home/liangyi/SRS_AI/Model_AIIC_refactor/experiments_refactored/20260425_135159_full_mlp_capacity_search_v2/full_mlp_capacity_search_hd512_depth4,full_mlp_capacity_search_v2,full_mlp_capacity_search_hd512_depth4,supervised_nmse_plateau,full_mlp,12,6,jit,bf16,bfloat16,32,2,ok,,52.483206,20,50,0.1341342,0.004548783797895872,0.127021,0.1332575,0.1407845,0.1442898,0.14611889,0.146971,238567.04703200224,238.56704703200225,133.2575,4.164296875,119283.52351600112,349328,348160,697560,sub-physical,0.015625,0.0078125,Intel(R) Xeon(R) 6760P,AVX512,"avx2,avx512f,avx512bw,avx512vl,avx512_vnni,avx512_bf16,amx_bf16,amx_int8,amx_tile,fma",True,True,,,,,,256,128,sh14l07002s1404,3.11.9,2.1.2+cu121
20260427_080229,2026-04-27T12:13:30.828731,cpu,pytorch,full_mlp_capacity_search_hd512_depth4,/home/liangyi/SRS_AI/Model_AIIC_refactor/experiments_refactored/20260425_135159_full_mlp_capacity_search_v2/full_mlp_capacity_search_hd512_depth4,full_mlp_capacity_search_v2,full_mlp_capacity_search_hd512_depth4,supervised_nmse_plateau,full_mlp,12,6,jit,bf16,bfloat16,32,4,ok,,53.501828,20,50,0.13706156,0.006253440752609719,0.125697,0.137464,0.1444002,0.14902664999999998,0.15346005,0.154614,233471.73343131365,233.47173343131365,137.464,4.29575,58367.93335782841,349328,348160,697560,sub-physical,0.03125,0.015625,Intel(R) Xeon(R) 6760P,AVX512,"avx2,avx512f,avx512bw,avx512vl,avx512_vnni,avx512_bf16,amx_bf16,amx_int8,amx_tile,fma",True,True,,,,,,256,128,sh14l07002s1404,3.11.9,2.1.2+cu121
20260427_080229,2026-04-27T12:13:30.828731,cpu,pytorch,full_mlp_capacity_search_hd512_depth4,/home/liangyi/SRS_AI/Model_AIIC_refactor/experiments_refactored/20260425_135159_full_mlp_capacity_search_v2/full_mlp_capacity_search_hd512_depth4,full_mlp_capacity_search_v2,full_mlp_capacity_search_hd512_depth4,supervised_nmse_plateau,full_mlp,12,6,jit,bf16,bfloat16,32,8,ok,,52.904555,20,50,0.13433706,0.0048034595300054305,0.125129,0.1348705,0.140702,0.1409405,0.14394468,0.146085,238206.79118628916,238.20679118628917,134.8705,4.214703125,29775.848898286145,349328,348160,697560,sub-physical,0.0625,0.03125,Intel(R) Xeon(R) 6760P,AVX512,"avx2,avx512f,avx512bw,avx512vl,avx512_vnni,avx512_bf16,amx_bf16,amx_int8,amx_tile,fma",True,True,,,,,,256,128,sh14l07002s1404,3.11.9,2.1.2+cu121
20260427_080229,2026-04-27T12:13:30.828731,cpu,pytorch,full_mlp_capacity_search_hd512_depth4,/home/liangyi/SRS_AI/Model_AIIC_refactor/experiments_refactored/20260425_135159_full_mlp_capacity_search_v2/full_mlp_capacity_search_hd512_depth4,full_mlp_capacity_search_v2,full_mlp_capacity_search_hd512_depth4,supervised_nmse_plateau,full_mlp,12,6,jit,bf16,bfloat16,64,1,ok,,53.803956,20,50,0.15272156,0.0037910476238633556,0.148119,0.1513595,0.1580308,0.15927825,0.16392663999999998,0.165967,419063.2940103545,419.0632940103545,151.3595,2.3649921875,419063.2940103545,349328,348160,697560,single-thread,0.0078125,0.00390625,Intel(R) Xeon(R) 6760P,AVX512,"avx2,avx512f,avx512bw,avx512vl,avx512_vnni,avx512_bf16,amx_bf16,amx_int8,amx_tile,fma",True,True,,,,,,256,128,sh14l07002s1404,3.11.9,2.1.2+cu121
20260427_080229,2026-04-27T12:13:30.828731,cpu,pytorch,full_mlp_capacity_search_hd512_depth4,/home/liangyi/SRS_AI/Model_AIIC_refactor/experiments_refactored/20260425_135159_full_mlp_capacity_search_v2/full_mlp_capacity_search_hd512_depth4,full_mlp_capacity_search_v2,full_mlp_capacity_search_hd512_depth4,supervised_nmse_plateau,full_mlp,12,6,jit,bf16,bfloat16,64,2,ok,,55.272706,20,50,0.19712818000000001,0.004401293835635152,0.188929,0.19743149999999998,0.2025934,0.20384195,0.20727757,0.20782,324661.8519990394,324.6618519990394,197.43149999999997,3.0848671874999996,162330.9259995197,349328,348160,697560,sub-physical,0.015625,0.0078125,Intel(R) Xeon(R) 6760P,AVX512,"avx2,avx512f,avx512bw,avx512vl,avx512_vnni,avx512_bf16,amx_bf16,amx_int8,amx_tile,fma",True,True,,,,,,256,128,sh14l07002s1404,3.11.9,2.1.2+cu121
20260427_080229,2026-04-27T12:13:30.828731,cpu,pytorch,full_mlp_capacity_search_hd512_depth4,/home/liangyi/SRS_AI/Model_AIIC_refactor/experiments_refactored/20260425_135159_full_mlp_capacity_search_v2/full_mlp_capacity_search_hd512_depth4,full_mlp_capacity_search_v2,full_mlp_capacity_search_hd512_depth4,supervised_nmse_plateau,full_mlp,12,6,jit,bf16,bfloat16,64,4,ok,,53.735274,20,50,0.19748576,0.007052563736854847,0.186029,0.196389,0.20597200000000002,0.20697975,0.21503227999999996,0.221906,324073.9990569446,324.0739990569446,196.389,3.068578125,81018.49976423616,349328,348160,697560,sub-physical,0.03125,0.015625,Intel(R) Xeon(R) 6760P,AVX512,"avx2,avx512f,avx512bw,avx512vl,avx512_vnni,avx512_bf16,amx_bf16,amx_int8,amx_tile,fma",True,True,,,,,,256,128,sh14l07002s1404,3.11.9,2.1.2+cu121
20260427_080229,2026-04-27T12:13:30.828731,cpu,pytorch,full_mlp_capacity_search_hd512_depth4,/home/liangyi/SRS_AI/Model_AIIC_refactor/experiments_refactored/20260425_135159_full_mlp_capacity_search_v2/full_mlp_capacity_search_hd512_depth4,full_mlp_capacity_search_v2,full_mlp_capacity_search_hd512_depth4,supervised_nmse_plateau,full_mlp,12,6,jit,bf16,bfloat16,64,8,ok,,63.533795,20,50,0.41303406,0.039889257829851886,0.327055,0.398655,0.4795203,0.4898415,0.49569570999999996,0.499479,154950.90162782217,154.95090162782216,398.655,6.228984375,19368.86270347777,349328,348160,697560,sub-physical,0.0625,0.03125,Intel(R) Xeon(R) 6760P,AVX512,"avx2,avx512f,avx512bw,avx512vl,avx512_vnni,avx512_bf16,amx_bf16,amx_int8,amx_tile,fma",True,True,,,,,,256,128,sh14l07002s1404,3.11.9,2.1.2+cu121
20260427_080229,2026-04-27T12:13:30.828731,cpu,pytorch,full_mlp_capacity_search_hd512_depth4,/home/liangyi/SRS_AI/Model_AIIC_refactor/experiments_refactored/20260425_135159_full_mlp_capacity_search_v2/full_mlp_capacity_search_hd512_depth4,full_mlp_capacity_search_v2,full_mlp_capacity_search_hd512_depth4,supervised_nmse_plateau,full_mlp,12,6,jit,bf16,bfloat16,128,1,ok,,55.185651,20,50,0.22736636,0.0035359509428723687,0.223578,0.2259825,0.23089,0.23383945,0.23957304,0.240016,562968.0661642294,562.9680661642294,225.98250000000002,1.7654882812500001,562968.0661642294,349328,348160,697560,single-thread,0.0078125,0.00390625,Intel(R) Xeon(R) 6760P,AVX512,"avx2,avx512f,avx512bw,avx512vl,avx512_vnni,avx512_bf16,amx_bf16,amx_int8,amx_tile,fma",True,True,,,,,,256,128,sh14l07002s1404,3.11.9,2.1.2+cu121
20260427_080229,2026-04-27T12:13:30.828731,cpu,pytorch,full_mlp_capacity_search_hd512_depth4,/home/liangyi/SRS_AI/Model_AIIC_refactor/experiments_refactored/20260425_135159_full_mlp_capacity_search_v2/full_mlp_capacity_search_hd512_depth4,full_mlp_capacity_search_v2,full_mlp_capacity_search_hd512_depth4,supervised_nmse_plateau,full_mlp,12,6,jit,bf16,bfloat16,128,2,ok,,54.109975,20,50,0.25463424,0.010043714055188944,0.245806,0.2528005,0.2593522,0.2606508,0.2909438599999999,0.319063,502681.8074427068,502.68180744270677,252.80049999999997,1.9750039062499998,251340.9037213534,349328,348160,697560,sub-physical,0.015625,0.0078125,Intel(R) Xeon(R) 6760P,AVX512,"avx2,avx512f,avx512bw,avx512vl,avx512_vnni,avx512_bf16,amx_bf16,amx_int8,amx_tile,fma",True,True,,,,,,256,128,sh14l07002s1404,3.11.9,2.1.2+cu121
20260427_080229,2026-04-27T12:13:30.828731,cpu,pytorch,full_mlp_capacity_search_hd512_depth4,/home/liangyi/SRS_AI/Model_AIIC_refactor/experiments_refactored/20260425_135159_full_mlp_capacity_search_v2/full_mlp_capacity_search_hd512_depth4,full_mlp_capacity_search_v2,full_mlp_capacity_search_hd512_depth4,supervised_nmse_plateau,full_mlp,12,6,jit,bf16,bfloat16,128,4,ok,,53.635477,20,50,0.25599268,0.006221707011552375,0.239523,0.257392,0.2645941,0.2652314,0.26704924,0.267355,500014.297283813,500.014297283813,257.392,2.010875,125003.57432095325,349328,348160,697560,sub-physical,0.03125,0.015625,Intel(R) Xeon(R) 6760P,AVX512,"avx2,avx512f,avx512bw,avx512vl,avx512_vnni,avx512_bf16,amx_bf16,amx_int8,amx_tile,fma",True,True,,,,,,256,128,sh14l07002s1404,3.11.9,2.1.2+cu121
20260427_080229,2026-04-27T12:13:30.828731,cpu,pytorch,full_mlp_capacity_search_hd512_depth4,/home/liangyi/SRS_AI/Model_AIIC_refactor/experiments_refactored/20260425_135159_full_mlp_capacity_search_v2/full_mlp_capacity_search_hd512_depth4,full_mlp_capacity_search_v2,full_mlp_capacity_search_hd512_depth4,supervised_nmse_plateau,full_mlp,12,6,jit,bf16,bfloat16,128,8,ok,,55.239352,20,50,0.24495562,0.007327250013176842,0.22632,0.2463185,0.25300469999999997,0.2563072,0.25772924,0.25828,522543.634638797,522.543634638797,246.3185,1.92436328125,65317.95432984963,349328,348160,697560,sub-physical,0.0625,0.03125,Intel(R) Xeon(R) 6760P,AVX512,"avx2,avx512f,avx512bw,avx512vl,avx512_vnni,avx512_bf16,amx_bf16,amx_int8,amx_tile,fma",True,True,,,,,,256,128,sh14l07002s1404,3.11.9,2.1.2+cu121
20260427_080229,2026-04-27T12:13:30.828731,cpu,pytorch,full_mlp_capacity_search_hd512_depth4,/home/liangyi/SRS_AI/Model_AIIC_refactor/experiments_refactored/20260425_135159_full_mlp_capacity_search_v2/full_mlp_capacity_search_hd512_depth4,full_mlp_capacity_search_v2,full_mlp_capacity_search_hd512_depth4,supervised_nmse_plateau,full_mlp,12,6,compile,fp32,float32,1,1,ok,,497.982784,20,50,0.07977632,0.0027190979786686615,0.076196,0.079372,0.0831368,0.084271,0.0884128,0.089187,12535.04799419176,12.53504799419176,79.372,79.372,12535.04799419176,349328,348160,697560,single-thread,0.0078125,0.00390625,Intel(R) Xeon(R) 6760P,AVX512,"avx2,avx512f,avx512bw,avx512vl,avx512_vnni,avx512_bf16,amx_bf16,amx_int8,amx_tile,fma",True,True,,,,,,256,128,sh14l07002s1404,3.11.9,2.1.2+cu121
20260427_080229,2026-04-27T12:13:30.828731,cpu,pytorch,full_mlp_capacity_search_hd512_depth4,/home/liangyi/SRS_AI/Model_AIIC_refactor/experiments_refactored/20260425_135159_full_mlp_capacity_search_v2/full_mlp_capacity_search_hd512_depth4,full_mlp_capacity_search_v2,full_mlp_capacity_search_hd512_depth4,supervised_nmse_plateau,full_mlp,12,6,compile,fp32,float32,1,2,ok,,499.354782,20,50,0.09519786,0.002472223015910984,0.092161,0.0944695,0.0987609,0.10093980000000001,0.10198717,0.102118,10504.437809841524,10.504437809841523,94.4695,94.4695,5252.218904920762,349328,348160,697560,sub-physical,0.015625,0.0078125,Intel(R) Xeon(R) 6760P,AVX512,"avx2,avx512f,avx512bw,avx512vl,avx512_vnni,avx512_bf16,amx_bf16,amx_int8,amx_tile,fma",True,True,,,,,,256,128,sh14l07002s1404,3.11.9,2.1.2+cu121
20260427_080229,2026-04-27T12:13:30.828731,cpu,pytorch,full_mlp_capacity_search_hd512_depth4,/home/liangyi/SRS_AI/Model_AIIC_refactor/experiments_refactored/20260425_135159_full_mlp_capacity_search_v2/full_mlp_capacity_search_hd512_depth4,full_mlp_capacity_search_v2,full_mlp_capacity_search_hd512_depth4,supervised_nmse_plateau,full_mlp,12,6,compile,fp32,float32,1,4,ok,,506.35724,20,50,0.06826078,0.0018786113519299297,0.065757,0.068048,0.0700971,0.071661,0.07471697999999999,0.076235,14649.700750562772,14.649700750562772,68.048,68.048,3662.425187640693,349328,348160,697560,sub-physical,0.03125,0.015625,Intel(R) Xeon(R) 6760P,AVX512,"avx2,avx512f,avx512bw,avx512vl,avx512_vnni,avx512_bf16,amx_bf16,amx_int8,amx_tile,fma",True,True,,,,,,256,128,sh14l07002s1404,3.11.9,2.1.2+cu121
20260427_080229,2026-04-27T12:13:30.828731,cpu,pytorch,full_mlp_capacity_search_hd512_depth4,/home/liangyi/SRS_AI/Model_AIIC_refactor/experiments_refactored/20260425_135159_full_mlp_capacity_search_v2/full_mlp_capacity_search_hd512_depth4,full_mlp_capacity_search_v2,full_mlp_capacity_search_hd512_depth4,supervised_nmse_plateau,full_mlp,12,6,compile,fp32,float32,1,8,ok,,515.209387,20,50,0.06488388,0.0028931614309609483,0.061323,0.0639685,0.0678684,0.07174605,0.07443512,0.076352,15412.148595305953,15.412148595305952,63.9685,63.9685,1926.518574413244,349328,348160,697560,sub-physical,0.0625,0.03125,Intel(R) Xeon(R) 6760P,AVX512,"avx2,avx512f,avx512bw,avx512vl,avx512_vnni,avx512_bf16,amx_bf16,amx_int8,amx_tile,fma",True,True,,,,,,256,128,sh14l07002s1404,3.11.9,2.1.2+cu121
20260427_080229,2026-04-27T12:13:30.828731,cpu,pytorch,full_mlp_capacity_search_hd512_depth4,/home/liangyi/SRS_AI/Model_AIIC_refactor/experiments_refactored/20260425_135159_full_mlp_capacity_search_v2/full_mlp_capacity_search_hd512_depth4,full_mlp_capacity_search_v2,full_mlp_capacity_search_hd512_depth4,supervised_nmse_plateau,full_mlp,12,6,compile,fp32,float32,2,1,ok,,494.381303,20,50,0.08440092,0.0022825295865771386,0.081377,0.083699,0.0876664,0.08860275,0.09025991,0.090525,23696.424162201074,23.696424162201073,83.699,41.8495,23696.424162201074,349328,348160,697560,single-thread,0.0078125,0.00390625,Intel(R) Xeon(R) 6760P,AVX512,"avx2,avx512f,avx512bw,avx512vl,avx512_vnni,avx512_bf16,amx_bf16,amx_int8,amx_tile,fma",True,True,,,,,,256,128,sh14l07002s1404,3.11.9,2.1.2+cu121
20260427_080229,2026-04-27T12:13:30.828731,cpu,pytorch,full_mlp_capacity_search_hd512_depth4,/home/liangyi/SRS_AI/Model_AIIC_refactor/experiments_refactored/20260425_135159_full_mlp_capacity_search_v2/full_mlp_capacity_search_hd512_depth4,full_mlp_capacity_search_v2,full_mlp_capacity_search_hd512_depth4,supervised_nmse_plateau,full_mlp,12,6,compile,fp32,float32,2,2,ok,,508.920122,20,50,0.0765131,0.0028312476278135753,0.073191,0.075549,0.0789622,0.08251929999999999,0.08661912999999999,0.08812,26139.314705586363,26.13931470558636,75.549,37.7745,13069.657352793181,349328,348160,697560,sub-physical,0.015625,0.0078125,Intel(R) Xeon(R) 6760P,AVX512,"avx2,avx512f,avx512bw,avx512vl,avx512_vnni,avx512_bf16,amx_bf16,amx_int8,amx_tile,fma",True,True,,,,,,256,128,sh14l07002s1404,3.11.9,2.1.2+cu121
20260427_080229,2026-04-27T12:13:30.828731,cpu,pytorch,full_mlp_capacity_search_hd512_depth4,/home/liangyi/SRS_AI/Model_AIIC_refactor/experiments_refactored/20260425_135159_full_mlp_capacity_search_v2/full_mlp_capacity_search_hd512_depth4,full_mlp_capacity_search_v2,full_mlp_capacity_search_hd512_depth4,supervised_nmse_plateau,full_mlp,12,6,compile,fp32,float32,2,4,ok,,507.543608,20,50,0.07029468,0.002389772771122811,0.067103,0.069742,0.07327879999999999,0.07455595,0.07849458999999999,0.079773,28451.65523194643,28.451655231946432,69.742,34.871,7112.913807986608,349328,348160,697560,sub-physical,0.03125,0.015625,Intel(R) Xeon(R) 6760P,AVX512,"avx2,avx512f,avx512bw,avx512vl,avx512_vnni,avx512_bf16,amx_bf16,amx_int8,amx_tile,fma",True,True,,,,,,256,128,sh14l07002s1404,3.11.9,2.1.2+cu121
20260427_080229,2026-04-27T12:13:30.828731,cpu,pytorch,full_mlp_capacity_search_hd512_depth4,/home/liangyi/SRS_AI/Model_AIIC_refactor/experiments_refactored/20260425_135159_full_mlp_capacity_search_v2/full_mlp_capacity_search_hd512_depth4,full_mlp_capacity_search_v2,full_mlp_capacity_search_hd512_depth4,supervised_nmse_plateau,full_mlp,12,6,compile,fp32,float32,2,8,ok,,512.527665,20,50,0.05939112,0.001793290792258746,0.056946,0.059118000000000004,0.061363,0.06162695,0.06595211,0.066815,33675.067922612005,33.675067922612,59.118,29.559,4209.383490326501,349328,348160,697560,sub-physical,0.0625,0.03125,Intel(R) Xeon(R) 6760P,AVX512,"avx2,avx512f,avx512bw,avx512vl,avx512_vnni,avx512_bf16,amx_bf16,amx_int8,amx_tile,fma",True,True,,,,,,256,128,sh14l07002s1404,3.11.9,2.1.2+cu121
20260427_080229,2026-04-27T12:13:30.828731,cpu,pytorch,full_mlp_capacity_search_hd512_depth4,/home/liangyi/SRS_AI/Model_AIIC_refactor/experiments_refactored/20260425_135159_full_mlp_capacity_search_v2/full_mlp_capacity_search_hd512_depth4,full_mlp_capacity_search_v2,full_mlp_capacity_search_hd512_depth4,supervised_nmse_plateau,full_mlp,12,6,compile,fp32,float32,4,1,ok,,494.917702,20,50,0.11114954,0.0034962865398019075,0.106685,0.110214,0.1151344,0.11931805,0.12066118999999999,0.121136,35987.553344800166,35.98755334480017,110.21400000000001,27.553500000000003,35987.553344800166,349328,348160,697560,single-thread,0.0078125,0.00390625,Intel(R) Xeon(R) 6760P,AVX512,"avx2,avx512f,avx512bw,avx512vl,avx512_vnni,avx512_bf16,amx_bf16,amx_int8,amx_tile,fma",True,True,,,,,,256,128,sh14l07002s1404,3.11.9,2.1.2+cu121
20260427_080229,2026-04-27T12:13:30.828731,cpu,pytorch,full_mlp_capacity_search_hd512_depth4,/home/liangyi/SRS_AI/Model_AIIC_refactor/experiments_refactored/20260425_135159_full_mlp_capacity_search_v2/full_mlp_capacity_search_hd512_depth4,full_mlp_capacity_search_v2,full_mlp_capacity_search_hd512_depth4,supervised_nmse_plateau,full_mlp,12,6,compile,fp32,float32,4,2,ok,,525.755262,20,50,0.12457784,0.013172740227242014,0.095108,0.12552950000000002,0.1316207,0.133409,0.16665685999999996,0.177528,32108.439189505938,32.10843918950594,125.52950000000001,31.382375000000003,16054.219594752969,349328,348160,697560,sub-physical,0.015625,0.0078125,Intel(R) Xeon(R) 6760P,AVX512,"avx2,avx512f,avx512bw,avx512vl,avx512_vnni,avx512_bf16,amx_bf16,amx_int8,amx_tile,fma",True,True,,,,,,256,128,sh14l07002s1404,3.11.9,2.1.2+cu121
20260427_080229,2026-04-27T12:13:30.828731,cpu,pytorch,full_mlp_capacity_search_hd512_depth4,/home/liangyi/SRS_AI/Model_AIIC_refactor/experiments_refactored/20260425_135159_full_mlp_capacity_search_v2/full_mlp_capacity_search_hd512_depth4,full_mlp_capacity_search_v2,full_mlp_capacity_search_hd512_depth4,supervised_nmse_plateau,full_mlp,12,6,compile,fp32,float32,4,4,ok,,508.604933,20,50,0.09315378,0.0024613825894403327,0.089822,0.092556,0.096123,0.09888995,0.10111360999999999,0.101168,42939.74973425662,42.93974973425662,92.556,23.139,10734.937433564155,349328,348160,697560,sub-physical,0.03125,0.015625,Intel(R) Xeon(R) 6760P,AVX512,"avx2,avx512f,avx512bw,avx512vl,avx512_vnni,avx512_bf16,amx_bf16,amx_int8,amx_tile,fma",True,True,,,,,,256,128,sh14l07002s1404,3.11.9,2.1.2+cu121
20260427_080229,2026-04-27T12:13:30.828731,cpu,pytorch,full_mlp_capacity_search_hd512_depth4,/home/liangyi/SRS_AI/Model_AIIC_refactor/experiments_refactored/20260425_135159_full_mlp_capacity_search_v2/full_mlp_capacity_search_hd512_depth4,full_mlp_capacity_search_v2,full_mlp_capacity_search_hd512_depth4,supervised_nmse_plateau,full_mlp,12,6,compile,fp32,float32,4,8,ok,,502.239334,20,50,0.08582278,0.002157564277512955,0.082223,0.08571300000000001,0.0880393,0.0898484,0.09249400999999999,0.093597,46607.67222874859,46.60767222874859,85.71300000000001,21.428250000000002,5825.959028593574,349328,348160,697560,sub-physical,0.0625,0.03125,Intel(R) Xeon(R) 6760P,AVX512,"avx2,avx512f,avx512bw,avx512vl,avx512_vnni,avx512_bf16,amx_bf16,amx_int8,amx_tile,fma",True,True,,,,,,256,128,sh14l07002s1404,3.11.9,2.1.2+cu121
20260427_080229,2026-04-27T12:13:30.828731,cpu,pytorch,full_mlp_capacity_search_hd512_depth4,/home/liangyi/SRS_AI/Model_AIIC_refactor/experiments_refactored/20260425_135159_full_mlp_capacity_search_v2/full_mlp_capacity_search_hd512_depth4,full_mlp_capacity_search_v2,full_mlp_capacity_search_hd512_depth4,supervised_nmse_plateau,full_mlp,12,6,compile,fp32,float32,8,1,ok,,494.940939,20,50,0.13454826,0.004500827358653074,0.128818,0.1330015,0.1408107,0.14307799999999998,0.14693995999999998,0.147232,59458.219675230284,59.45821967523028,133.0015,16.6251875,59458.219675230284,349328,348160,697560,single-thread,0.0078125,0.00390625,Intel(R) Xeon(R) 6760P,AVX512,"avx2,avx512f,avx512bw,avx512vl,avx512_vnni,avx512_bf16,amx_bf16,amx_int8,amx_tile,fma",True,True,,,,,,256,128,sh14l07002s1404,3.11.9,2.1.2+cu121
20260427_080229,2026-04-27T12:13:30.828731,cpu,pytorch,full_mlp_capacity_search_hd512_depth4,/home/liangyi/SRS_AI/Model_AIIC_refactor/experiments_refactored/20260425_135159_full_mlp_capacity_search_v2/full_mlp_capacity_search_hd512_depth4,full_mlp_capacity_search_v2,full_mlp_capacity_search_hd512_depth4,supervised_nmse_plateau,full_mlp,12,6,compile,fp32,float32,8,2,ok,,511.815086,20,50,0.14498854,0.038316112955888416,0.084649,0.17007,0.1765884,0.18021835,0.185461,0.189332,55176.774660949064,55.176774660949064,170.07,21.25875,27588.387330474532,349328,348160,697560,sub-physical,0.015625,0.0078125,Intel(R) Xeon(R) 6760P,AVX512,"avx2,avx512f,avx512bw,avx512vl,avx512_vnni,avx512_bf16,amx_bf16,amx_int8,amx_tile,fma",True,True,,,,,,256,128,sh14l07002s1404,3.11.9,2.1.2+cu121
20260427_080229,2026-04-27T12:13:30.828731,cpu,pytorch,full_mlp_capacity_search_hd512_depth4,/home/liangyi/SRS_AI/Model_AIIC_refactor/experiments_refactored/20260425_135159_full_mlp_capacity_search_v2/full_mlp_capacity_search_hd512_depth4,full_mlp_capacity_search_v2,full_mlp_capacity_search_hd512_depth4,supervised_nmse_plateau,full_mlp,12,6,compile,fp32,float32,8,4,ok,,503.27966,20,50,0.1245597,0.002542671573365307,0.121298,0.12385650000000001,0.12983619999999998,0.1304239,0.13171268,0.132285,64226.23047422241,64.2262304742224,123.85650000000001,15.482062500000001,16056.557618555602,349328,348160,697560,sub-physical,0.03125,0.015625,Intel(R) Xeon(R) 6760P,AVX512,"avx2,avx512f,avx512bw,avx512vl,avx512_vnni,avx512_bf16,amx_bf16,amx_int8,amx_tile,fma",True,True,,,,,,256,128,sh14l07002s1404,3.11.9,2.1.2+cu121
20260427_080229,2026-04-27T12:13:30.828731,cpu,pytorch,full_mlp_capacity_search_hd512_depth4,/home/liangyi/SRS_AI/Model_AIIC_refactor/experiments_refactored/20260425_135159_full_mlp_capacity_search_v2/full_mlp_capacity_search_hd512_depth4,full_mlp_capacity_search_v2,full_mlp_capacity_search_hd512_depth4,supervised_nmse_plateau,full_mlp,12,6,compile,fp32,float32,8,8,ok,,504.015069,20,50,0.1063521,0.004161698827402098,0.099438,0.10576650000000001,0.11191290000000001,0.11564685,0.11900161,0.121408,75221.83388950476,75.22183388950477,105.76650000000001,13.220812500000001,9402.729236188095,349328,348160,697560,sub-physical,0.0625,0.03125,Intel(R) Xeon(R) 6760P,AVX512,"avx2,avx512f,avx512bw,avx512vl,avx512_vnni,avx512_bf16,amx_bf16,amx_int8,amx_tile,fma",True,True,,,,,,256,128,sh14l07002s1404,3.11.9,2.1.2+cu121
20260427_080229,2026-04-27T12:13:30.828731,cpu,pytorch,full_mlp_capacity_search_hd512_depth4,/home/liangyi/SRS_AI/Model_AIIC_refactor/experiments_refactored/20260425_135159_full_mlp_capacity_search_v2/full_mlp_capacity_search_hd512_depth4,full_mlp_capacity_search_v2,full_mlp_capacity_search_hd512_depth4,supervised_nmse_plateau,full_mlp,12,6,compile,fp32,float32,16,1,ok,,494.015587,20,50,0.2064591,0.005549041716368691,0.197439,0.2062865,0.2120579,0.21714624999999999,0.22108208,0.222801,77497.18951598645,77.49718951598645,206.28650000000002,12.892906250000001,77497.18951598645,349328,348160,697560,single-thread,0.0078125,0.00390625,Intel(R) Xeon(R) 6760P,AVX512,"avx2,avx512f,avx512bw,avx512vl,avx512_vnni,avx512_bf16,amx_bf16,amx_int8,amx_tile,fma",True,True,,,,,,256,128,sh14l07002s1404,3.11.9,2.1.2+cu121
20260427_080229,2026-04-27T12:13:30.828731,cpu,pytorch,full_mlp_capacity_search_hd512_depth4,/home/liangyi/SRS_AI/Model_AIIC_refactor/experiments_refactored/20260425_135159_full_mlp_capacity_search_v2/full_mlp_capacity_search_hd512_depth4,full_mlp_capacity_search_v2,full_mlp_capacity_search_hd512_depth4,supervised_nmse_plateau,full_mlp,12,6,compile,fp32,float32,16,2,ok,,501.437687,20,50,0.2146292,0.07839095806430739,0.158815,0.1988915,0.4001989,0.4057865,0.41102333,0.411407,74547.17251893033,74.54717251893032,198.8915,12.43071875,37273.58625946516,349328,348160,697560,sub-physical,0.015625,0.0078125,Intel(R) Xeon(R) 6760P,AVX512,"avx2,avx512f,avx512bw,avx512vl,avx512_vnni,avx512_bf16,amx_bf16,amx_int8,amx_tile,fma",True,True,,,,,,256,128,sh14l07002s1404,3.11.9,2.1.2+cu121
20260427_080229,2026-04-27T12:13:30.828731,cpu,pytorch,full_mlp_capacity_search_hd512_depth4,/home/liangyi/SRS_AI/Model_AIIC_refactor/experiments_refactored/20260425_135159_full_mlp_capacity_search_v2/full_mlp_capacity_search_hd512_depth4,full_mlp_capacity_search_v2,full_mlp_capacity_search_hd512_depth4,supervised_nmse_plateau,full_mlp,12,6,compile,fp32,float32,16,4,ok,,506.119487,20,50,0.1944064,0.057796926588184604,0.12868,0.197477,0.2570237,0.2596793,0.26283708,0.263919,82301.81722412432,82.30181722412432,197.477,12.3423125,20575.45430603108,349328,348160,697560,sub-physical,0.03125,0.015625,Intel(R) Xeon(R) 6760P,AVX512,"avx2,avx512f,avx512bw,avx512vl,avx512_vnni,avx512_bf16,amx_bf16,amx_int8,amx_tile,fma",True,True,,,,,,256,128,sh14l07002s1404,3.11.9,2.1.2+cu121
20260427_080229,2026-04-27T12:13:30.828731,cpu,pytorch,full_mlp_capacity_search_hd512_depth4,/home/liangyi/SRS_AI/Model_AIIC_refactor/experiments_refactored/20260425_135159_full_mlp_capacity_search_v2/full_mlp_capacity_search_hd512_depth4,full_mlp_capacity_search_v2,full_mlp_capacity_search_hd512_depth4,supervised_nmse_plateau,full_mlp,12,6,compile,fp32,float32,16,8,ok,,499.448221,20,50,0.161513,0.00596930342334849,0.138481,0.162041,0.1670823,0.16955499999999998,0.17075223,0.171523,99063.23330010589,99.06323330010589,162.041,10.1275625,12382.904162513236,349328,348160,697560,sub-physical,0.0625,0.03125,Intel(R) Xeon(R) 6760P,AVX512,"avx2,avx512f,avx512bw,avx512vl,avx512_vnni,avx512_bf16,amx_bf16,amx_int8,amx_tile,fma",True,True,,,,,,256,128,sh14l07002s1404,3.11.9,2.1.2+cu121
20260427_080229,2026-04-27T12:13:30.828731,cpu,pytorch,full_mlp_capacity_search_hd512_depth4,/home/liangyi/SRS_AI/Model_AIIC_refactor/experiments_refactored/20260425_135159_full_mlp_capacity_search_v2/full_mlp_capacity_search_hd512_depth4,full_mlp_capacity_search_v2,full_mlp_capacity_search_hd512_depth4,supervised_nmse_plateau,full_mlp,12,6,compile,fp32,float32,32,1,ok,,491.951741,20,50,0.2781855,0.007066033317923146,0.26465,0.2775705,0.2875455,0.29344685,0.29488954,0.295553,115031.15726736297,115.03115726736297,277.5705,8.674078125,115031.15726736297,349328,348160,697560,single-thread,0.0078125,0.00390625,Intel(R) Xeon(R) 6760P,AVX512,"avx2,avx512f,avx512bw,avx512vl,avx512_vnni,avx512_bf16,amx_bf16,amx_int8,amx_tile,fma",True,True,,,,,,256,128,sh14l07002s1404,3.11.9,2.1.2+cu121
20260427_080229,2026-04-27T12:13:30.828731,cpu,pytorch,full_mlp_capacity_search_hd512_depth4,/home/liangyi/SRS_AI/Model_AIIC_refactor/experiments_refactored/20260425_135159_full_mlp_capacity_search_v2/full_mlp_capacity_search_hd512_depth4,full_mlp_capacity_search_v2,full_mlp_capacity_search_hd512_depth4,supervised_nmse_plateau,full_mlp,12,6,compile,fp32,float32,32,2,ok,,508.645585,20,50,0.2440202,0.06800657454952426,0.203839,0.2181765,0.248656,0.4507781499999998,0.48627407,0.486449,131136.6845859482,131.13668458594822,218.1765,6.818015625,65568.3422929741,349328,348160,697560,sub-physical,0.015625,0.0078125,Intel(R) Xeon(R) 6760P,AVX512,"avx2,avx512f,avx512bw,avx512vl,avx512_vnni,avx512_bf16,amx_bf16,amx_int8,amx_tile,fma",True,True,,,,,,256,128,sh14l07002s1404,3.11.9,2.1.2+cu121
20260427_080229,2026-04-27T12:13:30.828731,cpu,pytorch,full_mlp_capacity_search_hd512_depth4,/home/liangyi/SRS_AI/Model_AIIC_refactor/experiments_refactored/20260425_135159_full_mlp_capacity_search_v2/full_mlp_capacity_search_hd512_depth4,full_mlp_capacity_search_v2,full_mlp_capacity_search_hd512_depth4,supervised_nmse_plateau,full_mlp,12,6,compile,fp32,float32,32,4,ok,,509.008236,20,50,0.21299032,0.05723989652137397,0.157731,0.2214345,0.3403675,0.34509154999999997,0.35173867,0.352286,150241.56966382323,150.24156966382324,221.4345,6.919828125,37560.39241595581,349328,348160,697560,sub-physical,0.03125,0.015625,Intel(R) Xeon(R) 6760P,AVX512,"avx2,avx512f,avx512bw,avx512vl,avx512_vnni,avx512_bf16,amx_bf16,amx_int8,amx_tile,fma",True,True,,,,,,256,128,sh14l07002s1404,3.11.9,2.1.2+cu121
20260427_080229,2026-04-27T12:13:30.828731,cpu,pytorch,full_mlp_capacity_search_hd512_depth4,/home/liangyi/SRS_AI/Model_AIIC_refactor/experiments_refactored/20260425_135159_full_mlp_capacity_search_v2/full_mlp_capacity_search_hd512_depth4,full_mlp_capacity_search_v2,full_mlp_capacity_search_hd512_depth4,supervised_nmse_plateau,full_mlp,12,6,compile,fp32,float32,32,8,ok,,511.086934,20,50,0.19540138,0.03373676376411348,0.145912,0.1798815,0.24628029999999998,0.2479753,0.24950512,0.250442,163765.47596542048,163.76547596542048,179.8815,5.621296875,20470.68449567756,349328,348160,697560,sub-physical,0.0625,0.03125,Intel(R) Xeon(R) 6760P,AVX512,"avx2,avx512f,avx512bw,avx512vl,avx512_vnni,avx512_bf16,amx_bf16,amx_int8,amx_tile,fma",True,True,,,,,,256,128,sh14l07002s1404,3.11.9,2.1.2+cu121
20260427_080229,2026-04-27T12:13:30.828731,cpu,pytorch,full_mlp_capacity_search_hd512_depth4,/home/liangyi/SRS_AI/Model_AIIC_refactor/experiments_refactored/20260425_135159_full_mlp_capacity_search_v2/full_mlp_capacity_search_hd512_depth4,full_mlp_capacity_search_v2,full_mlp_capacity_search_hd512_depth4,supervised_nmse_plateau,full_mlp,12,6,compile,fp32,float32,64,1,ok,,493.098467,20,50,0.39084293999999997,0.0065265838580684755,0.380542,0.390611,0.3983386,0.40090345,0.40501506,0.407321,163748.64031060663,163.74864031060662,390.611,6.103296875,163748.64031060663,349328,348160,697560,single-thread,0.0078125,0.00390625,Intel(R) Xeon(R) 6760P,AVX512,"avx2,avx512f,avx512bw,avx512vl,avx512_vnni,avx512_bf16,amx_bf16,amx_int8,amx_tile,fma",True,True,,,,,,256,128,sh14l07002s1404,3.11.9,2.1.2+cu121
20260427_080229,2026-04-27T12:13:30.828731,cpu,pytorch,full_mlp_capacity_search_hd512_depth4,/home/liangyi/SRS_AI/Model_AIIC_refactor/experiments_refactored/20260425_135159_full_mlp_capacity_search_v2/full_mlp_capacity_search_hd512_depth4,full_mlp_capacity_search_v2,full_mlp_capacity_search_hd512_depth4,supervised_nmse_plateau,full_mlp,12,6,compile,fp32,float32,64,2,ok,,494.789152,20,50,0.30522818,0.024356344622040477,0.28122,0.297142,0.3594914,0.36265035,0.36931874,0.372148,209679.19803472926,209.67919803472927,297.142,4.64284375,104839.59901736463,349328,348160,697560,sub-physical,0.015625,0.0078125,Intel(R) Xeon(R) 6760P,AVX512,"avx2,avx512f,avx512bw,avx512vl,avx512_vnni,avx512_bf16,amx_bf16,amx_int8,amx_tile,fma",True,True,,,,,,256,128,sh14l07002s1404,3.11.9,2.1.2+cu121
20260427_080229,2026-04-27T12:13:30.828731,cpu,pytorch,full_mlp_capacity_search_hd512_depth4,/home/liangyi/SRS_AI/Model_AIIC_refactor/experiments_refactored/20260425_135159_full_mlp_capacity_search_v2/full_mlp_capacity_search_hd512_depth4,full_mlp_capacity_search_v2,full_mlp_capacity_search_hd512_depth4,supervised_nmse_plateau,full_mlp,12,6,compile,fp32,float32,64,4,ok,,497.246543,20,50,0.25042454,0.06133785497886603,0.207329,0.225371,0.3864628,0.3922975,0.39430649,0.394551,255566.00802780752,255.56600802780753,225.37099999999998,3.5214218749999997,63891.50200695188,349328,348160,697560,sub-physical,0.03125,0.015625,Intel(R) Xeon(R) 6760P,AVX512,"avx2,avx512f,avx512bw,avx512vl,avx512_vnni,avx512_bf16,amx_bf16,amx_int8,amx_tile,fma",True,True,,,,,,256,128,sh14l07002s1404,3.11.9,2.1.2+cu121
20260427_080229,2026-04-27T12:13:30.828731,cpu,pytorch,full_mlp_capacity_search_hd512_depth4,/home/liangyi/SRS_AI/Model_AIIC_refactor/experiments_refactored/20260425_135159_full_mlp_capacity_search_v2/full_mlp_capacity_search_hd512_depth4,full_mlp_capacity_search_v2,full_mlp_capacity_search_hd512_depth4,supervised_nmse_plateau,full_mlp,12,6,compile,fp32,float32,64,8,ok,,508.011916,20,50,0.2320088,0.04934724683667773,0.188996,0.218864,0.3381267,0.34202295000000005,0.34566562,0.346823,275851.60562875203,275.85160562875205,218.864,3.41975,34481.450703594004,349328,348160,697560,sub-physical,0.0625,0.03125,Intel(R) Xeon(R) 6760P,AVX512,"avx2,avx512f,avx512bw,avx512vl,avx512_vnni,avx512_bf16,amx_bf16,amx_int8,amx_tile,fma",True,True,,,,,,256,128,sh14l07002s1404,3.11.9,2.1.2+cu121
20260427_080229,2026-04-27T12:13:30.828731,cpu,pytorch,full_mlp_capacity_search_hd512_depth4,/home/liangyi/SRS_AI/Model_AIIC_refactor/experiments_refactored/20260425_135159_full_mlp_capacity_search_v2/full_mlp_capacity_search_hd512_depth4,full_mlp_capacity_search_v2,full_mlp_capacity_search_hd512_depth4,supervised_nmse_plateau,full_mlp,12,6,compile,fp32,float32,128,1,ok,,493.214717,20,50,0.67885604,0.008739195772975902,0.663641,0.676914,0.6902532,0.6928277500000001,0.69671647,0.697499,188552.49487063562,188.55249487063563,676.914,5.288390625,188552.49487063562,349328,348160,697560,single-thread,0.0078125,0.00390625,Intel(R) Xeon(R) 6760P,AVX512,"avx2,avx512f,avx512bw,avx512vl,avx512_vnni,avx512_bf16,amx_bf16,amx_int8,amx_tile,fma",True,True,,,,,,256,128,sh14l07002s1404,3.11.9,2.1.2+cu121
20260427_080229,2026-04-27T12:13:30.828731,cpu,pytorch,full_mlp_capacity_search_hd512_depth4,/home/liangyi/SRS_AI/Model_AIIC_refactor/experiments_refactored/20260425_135159_full_mlp_capacity_search_v2/full_mlp_capacity_search_hd512_depth4,full_mlp_capacity_search_v2,full_mlp_capacity_search_hd512_depth4,supervised_nmse_plateau,full_mlp,12,6,compile,fp32,float32,128,2,ok,,508.728833,20,50,0.46212994,0.006521284948259812,0.45135,0.461537,0.47228169999999997,0.4746832,0.47935925,0.480474,276978.375389398,276.978375389398,461.537,3.6057578125,138489.187694699,349328,348160,697560,sub-physical,0.015625,0.0078125,Intel(R) Xeon(R) 6760P,AVX512,"avx2,avx512f,avx512bw,avx512vl,avx512_vnni,avx512_bf16,amx_bf16,amx_int8,amx_tile,fma",True,True,,,,,,256,128,sh14l07002s1404,3.11.9,2.1.2+cu121
20260427_080229,2026-04-27T12:13:30.828731,cpu,pytorch,full_mlp_capacity_search_hd512_depth4,/home/liangyi/SRS_AI/Model_AIIC_refactor/experiments_refactored/20260425_135159_full_mlp_capacity_search_v2/full_mlp_capacity_search_hd512_depth4,full_mlp_capacity_search_v2,full_mlp_capacity_search_hd512_depth4,supervised_nmse_plateau,full_mlp,12,6,compile,fp32,float32,128,4,ok,,519.782167,20,50,0.33455254,0.01673323903398263,0.320594,0.330742,0.3442161,0.3577358,0.4018244299999999,0.430878,382600.59242114855,382.6005924211486,330.74199999999996,2.5839218749999997,95650.14810528714,349328,348160,697560,sub-physical,0.03125,0.015625,Intel(R) Xeon(R) 6760P,AVX512,"avx2,avx512f,avx512bw,avx512vl,avx512_vnni,avx512_bf16,amx_bf16,amx_int8,amx_tile,fma",True,True,,,,,,256,128,sh14l07002s1404,3.11.9,2.1.2+cu121
20260427_080229,2026-04-27T12:13:30.828731,cpu,pytorch,full_mlp_capacity_search_hd512_depth4,/home/liangyi/SRS_AI/Model_AIIC_refactor/experiments_refactored/20260425_135159_full_mlp_capacity_search_v2/full_mlp_capacity_search_hd512_depth4,full_mlp_capacity_search_v2,full_mlp_capacity_search_hd512_depth4,supervised_nmse_plateau,full_mlp,12,6,compile,fp32,float32,128,8,ok,,499.897893,20,50,0.28279278,0.047469701810856156,0.252776,0.26522049999999997,0.31734599999999996,0.38486754999999995,0.4715518299999999,0.503075,452628.24602523446,452.6282460252345,265.22049999999996,2.0720351562499997,56578.53075315431,349328,348160,697560,sub-physical,0.0625,0.03125,Intel(R) Xeon(R) 6760P,AVX512,"avx2,avx512f,avx512bw,avx512vl,avx512_vnni,avx512_bf16,amx_bf16,amx_int8,amx_tile,fma",True,True,,,,,,256,128,sh14l07002s1404,3.11.9,2.1.2+cu121
20260427_080229,2026-04-27T12:13:30.828731,cpu,pytorch,full_mlp_capacity_search_hd512_depth4,/home/liangyi/SRS_AI/Model_AIIC_refactor/experiments_refactored/20260425_135159_full_mlp_capacity_search_v2/full_mlp_capacity_search_hd512_depth4,full_mlp_capacity_search_v2,full_mlp_capacity_search_hd512_depth4,supervised_nmse_plateau,full_mlp,12,6,compile,bf16,bfloat16,1,1,ok,,495.578457,20,50,0.11437068,0.006315822661981573,0.108478,0.1116525,0.1194816,0.1257887,0.13737918999999998,0.142656,8743.499645188784,8.743499645188784,111.6525,111.6525,8743.499645188784,349328,348160,697560,single-thread,0.0078125,0.00390625,Intel(R) Xeon(R) 6760P,AVX512,"avx2,avx512f,avx512bw,avx512vl,avx512_vnni,avx512_bf16,amx_bf16,amx_int8,amx_tile,fma",True,True,,,,,,256,128,sh14l07002s1404,3.11.9,2.1.2+cu121
20260427_080229,2026-04-27T12:13:30.828731,cpu,pytorch,full_mlp_capacity_search_hd512_depth4,/home/liangyi/SRS_AI/Model_AIIC_refactor/experiments_refactored/20260425_135159_full_mlp_capacity_search_v2/full_mlp_capacity_search_hd512_depth4,full_mlp_capacity_search_v2,full_mlp_capacity_search_hd512_depth4,supervised_nmse_plateau,full_mlp,12,6,compile,bf16,bfloat16,1,2,ok,,501.617952,20,50,0.1473214,0.0034961931926024907,0.143013,0.14659899999999998,0.15281720000000001,0.1544133,0.15896232,0.160154,6787.880104316142,6.787880104316142,146.599,146.599,3393.940052158071,349328,348160,697560,sub-physical,0.015625,0.0078125,Intel(R) Xeon(R) 6760P,AVX512,"avx2,avx512f,avx512bw,avx512vl,avx512_vnni,avx512_bf16,amx_bf16,amx_int8,amx_tile,fma",True,True,,,,,,256,128,sh14l07002s1404,3.11.9,2.1.2+cu121
20260427_080229,2026-04-27T12:13:30.828731,cpu,pytorch,full_mlp_capacity_search_hd512_depth4,/home/liangyi/SRS_AI/Model_AIIC_refactor/experiments_refactored/20260425_135159_full_mlp_capacity_search_v2/full_mlp_capacity_search_hd512_depth4,full_mlp_capacity_search_v2,full_mlp_capacity_search_hd512_depth4,supervised_nmse_plateau,full_mlp,12,6,compile,bf16,bfloat16,1,4,ok,,509.771086,20,50,0.13032406,0.005585399661295511,0.124594,0.1285265,0.1372684,0.1427882,0.14959638,0.15231,7673.180224741311,7.67318022474131,128.5265,128.5265,1918.2950561853277,349328,348160,697560,sub-physical,0.03125,0.015625,Intel(R) Xeon(R) 6760P,AVX512,"avx2,avx512f,avx512bw,avx512vl,avx512_vnni,avx512_bf16,amx_bf16,amx_int8,amx_tile,fma",True,True,,,,,,256,128,sh14l07002s1404,3.11.9,2.1.2+cu121
20260427_080229,2026-04-27T12:13:30.828731,cpu,pytorch,full_mlp_capacity_search_hd512_depth4,/home/liangyi/SRS_AI/Model_AIIC_refactor/experiments_refactored/20260425_135159_full_mlp_capacity_search_v2/full_mlp_capacity_search_hd512_depth4,full_mlp_capacity_search_v2,full_mlp_capacity_search_hd512_depth4,supervised_nmse_plateau,full_mlp,12,6,compile,bf16,bfloat16,1,8,ok,,523.745479,20,50,0.12628504,0.0034765164918924237,0.120889,0.125666,0.1310744,0.1343507,0.13629464,0.136522,7918.594316476441,7.918594316476441,125.666,125.666,989.8242895595552,349328,348160,697560,sub-physical,0.0625,0.03125,Intel(R) Xeon(R) 6760P,AVX512,"avx2,avx512f,avx512bw,avx512vl,avx512_vnni,avx512_bf16,amx_bf16,amx_int8,amx_tile,fma",True,True,,,,,,256,128,sh14l07002s1404,3.11.9,2.1.2+cu121
20260427_080229,2026-04-27T12:13:30.828731,cpu,pytorch,full_mlp_capacity_search_hd512_depth4,/home/liangyi/SRS_AI/Model_AIIC_refactor/experiments_refactored/20260425_135159_full_mlp_capacity_search_v2/full_mlp_capacity_search_hd512_depth4,full_mlp_capacity_search_v2,full_mlp_capacity_search_hd512_depth4,supervised_nmse_plateau,full_mlp,12,6,compile,bf16,bfloat16,2,1,ok,,494.328215,20,50,0.12929832,0.004293420163179931,0.123042,0.1285355,0.13593229999999998,0.13630865,0.14064562999999997,0.144278,15468.10507669396,15.468105076693961,128.53549999999998,64.26774999999999,15468.10507669396,349328,348160,697560,single-thread,0.0078125,0.00390625,Intel(R) Xeon(R) 6760P,AVX512,"avx2,avx512f,avx512bw,avx512vl,avx512_vnni,avx512_bf16,amx_bf16,amx_int8,amx_tile,fma",True,True,,,,,,256,128,sh14l07002s1404,3.11.9,2.1.2+cu121
20260427_080229,2026-04-27T12:13:30.828731,cpu,pytorch,full_mlp_capacity_search_hd512_depth4,/home/liangyi/SRS_AI/Model_AIIC_refactor/experiments_refactored/20260425_135159_full_mlp_capacity_search_v2/full_mlp_capacity_search_hd512_depth4,full_mlp_capacity_search_v2,full_mlp_capacity_search_hd512_depth4,supervised_nmse_plateau,full_mlp,12,6,compile,bf16,bfloat16,2,2,ok,,504.946984,20,50,0.1323455,0.011199183083153878,0.118985,0.13362649999999998,0.14658459999999998,0.15095165,0.15615426,0.157,15111.960739126,15.111960739126,133.6265,66.81325,7555.980369563,349328,348160,697560,sub-physical,0.015625,0.0078125,Intel(R) Xeon(R) 6760P,AVX512,"avx2,avx512f,avx512bw,avx512vl,avx512_vnni,avx512_bf16,amx_bf16,amx_int8,amx_tile,fma",True,True,,,,,,256,128,sh14l07002s1404,3.11.9,2.1.2+cu121
20260427_080229,2026-04-27T12:13:30.828731,cpu,pytorch,full_mlp_capacity_search_hd512_depth4,/home/liangyi/SRS_AI/Model_AIIC_refactor/experiments_refactored/20260425_135159_full_mlp_capacity_search_v2/full_mlp_capacity_search_hd512_depth4,full_mlp_capacity_search_v2,full_mlp_capacity_search_hd512_depth4,supervised_nmse_plateau,full_mlp,12,6,compile,bf16,bfloat16,2,4,ok,,510.701553,20,50,0.12515912,0.009098273176026317,0.103562,0.126674,0.1340294,0.13681274999999998,0.14356876999999998,0.147257,15979.658533872718,15.979658533872719,126.674,63.337,3994.9146334681795,349328,348160,697560,sub-physical,0.03125,0.015625,Intel(R) Xeon(R) 6760P,AVX512,"avx2,avx512f,avx512bw,avx512vl,avx512_vnni,avx512_bf16,amx_bf16,amx_int8,amx_tile,fma",True,True,,,,,,256,128,sh14l07002s1404,3.11.9,2.1.2+cu121
20260427_080229,2026-04-27T12:13:30.828731,cpu,pytorch,full_mlp_capacity_search_hd512_depth4,/home/liangyi/SRS_AI/Model_AIIC_refactor/experiments_refactored/20260425_135159_full_mlp_capacity_search_v2/full_mlp_capacity_search_hd512_depth4,full_mlp_capacity_search_v2,full_mlp_capacity_search_hd512_depth4,supervised_nmse_plateau,full_mlp,12,6,compile,bf16,bfloat16,2,8,ok,,511.076532,20,50,0.12907042,0.00522475317346188,0.115646,0.12882949999999999,0.1345016,0.13888545,0.13929646999999998,0.139393,15495.417152899947,15.495417152899947,128.8295,64.41475,1936.9271441124934,349328,348160,697560,sub-physical,0.0625,0.03125,Intel(R) Xeon(R) 6760P,AVX512,"avx2,avx512f,avx512bw,avx512vl,avx512_vnni,avx512_bf16,amx_bf16,amx_int8,amx_tile,fma",True,True,,,,,,256,128,sh14l07002s1404,3.11.9,2.1.2+cu121
20260427_080229,2026-04-27T12:13:30.828731,cpu,pytorch,full_mlp_capacity_search_hd512_depth4,/home/liangyi/SRS_AI/Model_AIIC_refactor/experiments_refactored/20260425_135159_full_mlp_capacity_search_v2/full_mlp_capacity_search_hd512_depth4,full_mlp_capacity_search_v2,full_mlp_capacity_search_hd512_depth4,supervised_nmse_plateau,full_mlp,12,6,compile,bf16,bfloat16,4,1,ok,,491.357788,20,50,0.1279345,0.003385845833761485,0.123026,0.127255,0.1314389,0.13284284999999998,0.13963144,0.141172,31265.99939812951,31.26599939812951,127.25500000000001,31.813750000000002,31265.99939812951,349328,348160,697560,single-thread,0.0078125,0.00390625,Intel(R) Xeon(R) 6760P,AVX512,"avx2,avx512f,avx512bw,avx512vl,avx512_vnni,avx512_bf16,amx_bf16,amx_int8,amx_tile,fma",True,True,,,,,,256,128,sh14l07002s1404,3.11.9,2.1.2+cu121
20260427_080229,2026-04-27T12:13:30.828731,cpu,pytorch,full_mlp_capacity_search_hd512_depth4,/home/liangyi/SRS_AI/Model_AIIC_refactor/experiments_refactored/20260425_135159_full_mlp_capacity_search_v2/full_mlp_capacity_search_hd512_depth4,full_mlp_capacity_search_v2,full_mlp_capacity_search_hd512_depth4,supervised_nmse_plateau,full_mlp,12,6,compile,bf16,bfloat16,4,2,ok,,503.147935,20,50,0.13844758,0.012692618779574213,0.117463,0.144482,0.1517077,0.1525367,0.15643987,0.156948,28891.801503500457,28.891801503500457,144.482,36.1205,14445.900751750229,349328,348160,697560,sub-physical,0.015625,0.0078125,Intel(R) Xeon(R) 6760P,AVX512,"avx2,avx512f,avx512bw,avx512vl,avx512_vnni,avx512_bf16,amx_bf16,amx_int8,amx_tile,fma",True,True,,,,,,256,128,sh14l07002s1404,3.11.9,2.1.2+cu121
20260427_080229,2026-04-27T12:13:30.828731,cpu,pytorch,full_mlp_capacity_search_hd512_depth4,/home/liangyi/SRS_AI/Model_AIIC_refactor/experiments_refactored/20260425_135159_full_mlp_capacity_search_v2/full_mlp_capacity_search_hd512_depth4,full_mlp_capacity_search_v2,full_mlp_capacity_search_hd512_depth4,supervised_nmse_plateau,full_mlp,12,6,compile,bf16,bfloat16,4,4,ok,,501.664921,20,50,0.13981864,0.009429249053365809,0.116741,0.1405205,0.1503941,0.15305749999999999,0.15579241,0.156817,28608.488825238182,28.608488825238183,140.5205,35.130125,7152.122206309546,349328,348160,697560,sub-physical,0.03125,0.015625,Intel(R) Xeon(R) 6760P,AVX512,"avx2,avx512f,avx512bw,avx512vl,avx512_vnni,avx512_bf16,amx_bf16,amx_int8,amx_tile,fma",True,True,,,,,,256,128,sh14l07002s1404,3.11.9,2.1.2+cu121
20260427_080229,2026-04-27T12:13:30.828731,cpu,pytorch,full_mlp_capacity_search_hd512_depth4,/home/liangyi/SRS_AI/Model_AIIC_refactor/experiments_refactored/20260425_135159_full_mlp_capacity_search_v2/full_mlp_capacity_search_hd512_depth4,full_mlp_capacity_search_v2,full_mlp_capacity_search_hd512_depth4,supervised_nmse_plateau,full_mlp,12,6,compile,bf16,bfloat16,4,8,ok,,510.965095,20,50,0.12210012,0.004615823664916153,0.112556,0.120676,0.1284816,0.1323425,0.13381543999999998,0.134229,32760.00056347201,32.76000056347201,120.676,30.169,4095.0000704340014,349328,348160,697560,sub-physical,0.0625,0.03125,Intel(R) Xeon(R) 6760P,AVX512,"avx2,avx512f,avx512bw,avx512vl,avx512_vnni,avx512_bf16,amx_bf16,amx_int8,amx_tile,fma",True,True,,,,,,256,128,sh14l07002s1404,3.11.9,2.1.2+cu121
20260427_080229,2026-04-27T12:13:30.828731,cpu,pytorch,full_mlp_capacity_search_hd512_depth4,/home/liangyi/SRS_AI/Model_AIIC_refactor/experiments_refactored/20260425_135159_full_mlp_capacity_search_v2/full_mlp_capacity_search_hd512_depth4,full_mlp_capacity_search_v2,full_mlp_capacity_search_hd512_depth4,supervised_nmse_plateau,full_mlp,12,6,compile,bf16,bfloat16,8,1,ok,,494.308734,20,50,0.12804918,0.0038781874667942503,0.121816,0.12704300000000002,0.1330809,0.13572765,0.13945023,0.140858,62475.99555108435,62.47599555108435,127.04300000000002,15.880375000000003,62475.99555108435,349328,348160,697560,single-thread,0.0078125,0.00390625,Intel(R) Xeon(R) 6760P,AVX512,"avx2,avx512f,avx512bw,avx512vl,avx512_vnni,avx512_bf16,amx_bf16,amx_int8,amx_tile,fma",True,True,,,,,,256,128,sh14l07002s1404,3.11.9,2.1.2+cu121
20260427_080229,2026-04-27T12:13:30.828731,cpu,pytorch,full_mlp_capacity_search_hd512_depth4,/home/liangyi/SRS_AI/Model_AIIC_refactor/experiments_refactored/20260425_135159_full_mlp_capacity_search_v2/full_mlp_capacity_search_hd512_depth4,full_mlp_capacity_search_v2,full_mlp_capacity_search_hd512_depth4,supervised_nmse_plateau,full_mlp,12,6,compile,bf16,bfloat16,8,2,ok,,507.224628,20,50,0.1529438,0.01176328143504184,0.118935,0.15498,0.1625347,0.16560350000000001,0.16845795,0.169068,52306.795044977305,52.30679504497731,154.98000000000002,19.372500000000002,26153.397522488653,349328,348160,697560,sub-physical,0.015625,0.0078125,Intel(R) Xeon(R) 6760P,AVX512,"avx2,avx512f,avx512bw,avx512vl,avx512_vnni,avx512_bf16,amx_bf16,amx_int8,amx_tile,fma",True,True,,,,,,256,128,sh14l07002s1404,3.11.9,2.1.2+cu121
20260427_080229,2026-04-27T12:13:30.828731,cpu,pytorch,full_mlp_capacity_search_hd512_depth4,/home/liangyi/SRS_AI/Model_AIIC_refactor/experiments_refactored/20260425_135159_full_mlp_capacity_search_v2/full_mlp_capacity_search_hd512_depth4,full_mlp_capacity_search_v2,full_mlp_capacity_search_hd512_depth4,supervised_nmse_plateau,full_mlp,12,6,compile,bf16,bfloat16,8,4,ok,,509.265741,20,50,0.14159346,0.008415402213109009,0.117761,0.142496,0.1501354,0.15220495,0.15938820999999997,0.164862,56499.78466519569,56.49978466519569,142.496,17.812,14124.946166298923,349328,348160,697560,sub-physical,0.03125,0.015625,Intel(R) Xeon(R) 6760P,AVX512,"avx2,avx512f,avx512bw,avx512vl,avx512_vnni,avx512_bf16,amx_bf16,amx_int8,amx_tile,fma",True,True,,,,,,256,128,sh14l07002s1404,3.11.9,2.1.2+cu121
20260427_080229,2026-04-27T12:13:30.828731,cpu,pytorch,full_mlp_capacity_search_hd512_depth4,/home/liangyi/SRS_AI/Model_AIIC_refactor/experiments_refactored/20260425_135159_full_mlp_capacity_search_v2/full_mlp_capacity_search_hd512_depth4,full_mlp_capacity_search_v2,full_mlp_capacity_search_hd512_depth4,supervised_nmse_plateau,full_mlp,12,6,compile,bf16,bfloat16,8,8,ok,,508.179628,20,50,0.13564842,0.004043464772147768,0.128795,0.1353975,0.1392516,0.14140005,0.14871938999999998,0.152781,58975.99102149513,58.97599102149513,135.3975,16.9246875,7371.998877686891,349328,348160,697560,sub-physical,0.0625,0.03125,Intel(R) Xeon(R) 6760P,AVX512,"avx2,avx512f,avx512bw,avx512vl,avx512_vnni,avx512_bf16,amx_bf16,amx_int8,amx_tile,fma",True,True,,,,,,256,128,sh14l07002s1404,3.11.9,2.1.2+cu121
20260427_080229,2026-04-27T12:13:30.828731,cpu,pytorch,full_mlp_capacity_search_hd512_depth4,/home/liangyi/SRS_AI/Model_AIIC_refactor/experiments_refactored/20260425_135159_full_mlp_capacity_search_v2/full_mlp_capacity_search_hd512_depth4,full_mlp_capacity_search_v2,full_mlp_capacity_search_hd512_depth4,supervised_nmse_plateau,full_mlp,12,6,compile,bf16,bfloat16,16,1,ok,,492.223738,20,50,0.12279759999999999,0.005581482828066391,0.115861,0.120774,0.1302259,0.13279145,0.14094679,0.144881,130295.70610500532,130.2957061050053,120.774,7.548375,130295.70610500532,349328,348160,697560,single-thread,0.0078125,0.00390625,Intel(R) Xeon(R) 6760P,AVX512,"avx2,avx512f,avx512bw,avx512vl,avx512_vnni,avx512_bf16,amx_bf16,amx_int8,amx_tile,fma",True,True,,,,,,256,128,sh14l07002s1404,3.11.9,2.1.2+cu121
20260427_080229,2026-04-27T12:13:30.828731,cpu,pytorch,full_mlp_capacity_search_hd512_depth4,/home/liangyi/SRS_AI/Model_AIIC_refactor/experiments_refactored/20260425_135159_full_mlp_capacity_search_v2/full_mlp_capacity_search_hd512_depth4,full_mlp_capacity_search_v2,full_mlp_capacity_search_hd512_depth4,supervised_nmse_plateau,full_mlp,12,6,compile,bf16,bfloat16,16,2,ok,,505.274547,20,50,0.1667372,0.018917075356407503,0.127969,0.173465,0.1825649,0.18389195,0.19215051999999996,0.19884,95959.38998615785,95.95938998615786,173.465,10.8415625,47979.69499307893,349328,348160,697560,sub-physical,0.015625,0.0078125,Intel(R) Xeon(R) 6760P,AVX512,"avx2,avx512f,avx512bw,avx512vl,avx512_vnni,avx512_bf16,amx_bf16,amx_int8,amx_tile,fma",True,True,,,,,,256,128,sh14l07002s1404,3.11.9,2.1.2+cu121
20260427_080229,2026-04-27T12:13:30.828731,cpu,pytorch,full_mlp_capacity_search_hd512_depth4,/home/liangyi/SRS_AI/Model_AIIC_refactor/experiments_refactored/20260425_135159_full_mlp_capacity_search_v2/full_mlp_capacity_search_hd512_depth4,full_mlp_capacity_search_v2,full_mlp_capacity_search_hd512_depth4,supervised_nmse_plateau,full_mlp,12,6,compile,bf16,bfloat16,16,4,ok,,507.580695,20,50,0.15371172,0.00913316275567232,0.142199,0.15086850000000002,0.1634951,0.17083255,0.17642086999999998,0.179085,104090.95675983588,104.09095675983589,150.8685,9.42928125,26022.73918995897,349328,348160,697560,sub-physical,0.03125,0.015625,Intel(R) Xeon(R) 6760P,AVX512,"avx2,avx512f,avx512bw,avx512vl,avx512_vnni,avx512_bf16,amx_bf16,amx_int8,amx_tile,fma",True,True,,,,,,256,128,sh14l07002s1404,3.11.9,2.1.2+cu121
20260427_080229,2026-04-27T12:13:30.828731,cpu,pytorch,full_mlp_capacity_search_hd512_depth4,/home/liangyi/SRS_AI/Model_AIIC_refactor/experiments_refactored/20260425_135159_full_mlp_capacity_search_v2/full_mlp_capacity_search_hd512_depth4,full_mlp_capacity_search_v2,full_mlp_capacity_search_hd512_depth4,supervised_nmse_plateau,full_mlp,12,6,compile,bf16,bfloat16,16,8,ok,,508.136513,20,50,0.1407411,0.004652034154001883,0.132554,0.1396305,0.1478442,0.14944965,0.15231364,0.152933,113683.92033315072,113.68392033315071,139.63049999999998,8.726906249999999,14210.49004164384,349328,348160,697560,sub-physical,0.0625,0.03125,Intel(R) Xeon(R) 6760P,AVX512,"avx2,avx512f,avx512bw,avx512vl,avx512_vnni,avx512_bf16,amx_bf16,amx_int8,amx_tile,fma",True,True,,,,,,256,128,sh14l07002s1404,3.11.9,2.1.2+cu121
20260427_080229,2026-04-27T12:13:30.828731,cpu,pytorch,full_mlp_capacity_search_hd512_depth4,/home/liangyi/SRS_AI/Model_AIIC_refactor/experiments_refactored/20260425_135159_full_mlp_capacity_search_v2/full_mlp_capacity_search_hd512_depth4,full_mlp_capacity_search_v2,full_mlp_capacity_search_hd512_depth4,supervised_nmse_plateau,full_mlp,12,6,compile,bf16,bfloat16,32,1,ok,,486.822969,20,50,0.13392956,0.004629474813237459,0.128272,0.132722,0.139708,0.1439287,0.14964365,0.149749,238931.5696997735,238.93156969977352,132.722,4.1475625,238931.5696997735,349328,348160,697560,single-thread,0.0078125,0.00390625,Intel(R) Xeon(R) 6760P,AVX512,"avx2,avx512f,avx512bw,avx512vl,avx512_vnni,avx512_bf16,amx_bf16,amx_int8,amx_tile,fma",True,True,,,,,,256,128,sh14l07002s1404,3.11.9,2.1.2+cu121
20260427_080229,2026-04-27T12:13:30.828731,cpu,pytorch,full_mlp_capacity_search_hd512_depth4,/home/liangyi/SRS_AI/Model_AIIC_refactor/experiments_refactored/20260425_135159_full_mlp_capacity_search_v2/full_mlp_capacity_search_hd512_depth4,full_mlp_capacity_search_v2,full_mlp_capacity_search_hd512_depth4,supervised_nmse_plateau,full_mlp,12,6,compile,bf16,bfloat16,32,2,ok,,507.855159,20,50,0.18916012,0.024088256625700417,0.155074,0.17465150000000002,0.2237338,0.2247328,0.23050054,0.231115,169168.85017835684,169.16885017835685,174.65150000000003,5.457859375000001,84584.42508917842,349328,348160,697560,sub-physical,0.015625,0.0078125,Intel(R) Xeon(R) 6760P,AVX512,"avx2,avx512f,avx512bw,avx512vl,avx512_vnni,avx512_bf16,amx_bf16,amx_int8,amx_tile,fma",True,True,,,,,,256,128,sh14l07002s1404,3.11.9,2.1.2+cu121
20260427_080229,2026-04-27T12:13:30.828731,cpu,pytorch,full_mlp_capacity_search_hd512_depth4,/home/liangyi/SRS_AI/Model_AIIC_refactor/experiments_refactored/20260425_135159_full_mlp_capacity_search_v2/full_mlp_capacity_search_hd512_depth4,full_mlp_capacity_search_v2,full_mlp_capacity_search_hd512_depth4,supervised_nmse_plateau,full_mlp,12,6,compile,bf16,bfloat16,32,4,ok,,501.747485,20,50,0.16336238,0.01692901764768411,0.133021,0.1694795,0.1825657,0.18388805,0.18837210999999998,0.189774,195883.53205921705,195.88353205921706,169.4795,5.296234375,48970.88301480426,349328,348160,697560,sub-physical,0.03125,0.015625,Intel(R) Xeon(R) 6760P,AVX512,"avx2,avx512f,avx512bw,avx512vl,avx512_vnni,avx512_bf16,amx_bf16,amx_int8,amx_tile,fma",True,True,,,,,,256,128,sh14l07002s1404,3.11.9,2.1.2+cu121
20260427_080229,2026-04-27T12:13:30.828731,cpu,pytorch,full_mlp_capacity_search_hd512_depth4,/home/liangyi/SRS_AI/Model_AIIC_refactor/experiments_refactored/20260425_135159_full_mlp_capacity_search_v2/full_mlp_capacity_search_hd512_depth4,full_mlp_capacity_search_v2,full_mlp_capacity_search_hd512_depth4,supervised_nmse_plateau,full_mlp,12,6,compile,bf16,bfloat16,32,8,ok,,504.584582,20,50,0.16371688,0.017075207188950885,0.135884,0.16963899999999998,0.1828113,0.1867805,0.18890145,0.190418,195459.38085309224,195.45938085309223,169.63899999999998,5.301218749999999,24432.42260663653,349328,348160,697560,sub-physical,0.0625,0.03125,Intel(R) Xeon(R) 6760P,AVX512,"avx2,avx512f,avx512bw,avx512vl,avx512_vnni,avx512_bf16,amx_bf16,amx_int8,amx_tile,fma",True,True,,,,,,256,128,sh14l07002s1404,3.11.9,2.1.2+cu121
20260427_080229,2026-04-27T12:13:30.828731,cpu,pytorch,full_mlp_capacity_search_hd512_depth4,/home/liangyi/SRS_AI/Model_AIIC_refactor/experiments_refactored/20260425_135159_full_mlp_capacity_search_v2/full_mlp_capacity_search_hd512_depth4,full_mlp_capacity_search_v2,full_mlp_capacity_search_hd512_depth4,supervised_nmse_plateau,full_mlp,12,6,compile,bf16,bfloat16,64,1,ok,,495.198997,20,50,0.17301942,0.010102561980190966,0.162769,0.168699,0.1852782,0.194654,0.2033912,0.206733,369900.67357756716,369.90067357756715,168.69899999999998,2.6359218749999997,369900.67357756716,349328,348160,697560,single-thread,0.0078125,0.00390625,Intel(R) Xeon(R) 6760P,AVX512,"avx2,avx512f,avx512bw,avx512vl,avx512_vnni,avx512_bf16,amx_bf16,amx_int8,amx_tile,fma",True,True,,,,,,256,128,sh14l07002s1404,3.11.9,2.1.2+cu121
20260427_080229,2026-04-27T12:13:30.828731,cpu,pytorch,full_mlp_capacity_search_hd512_depth4,/home/liangyi/SRS_AI/Model_AIIC_refactor/experiments_refactored/20260425_135159_full_mlp_capacity_search_v2/full_mlp_capacity_search_hd512_depth4,full_mlp_capacity_search_v2,full_mlp_capacity_search_hd512_depth4,supervised_nmse_plateau,full_mlp,12,6,compile,bf16,bfloat16,64,2,ok,,505.195342,20,50,0.22153234,0.027566471438042268,0.187826,0.203551,0.25899110000000003,0.26251375,0.26603931000000003,0.267353,288896.87167119706,288.89687167119706,203.55100000000002,3.1804843750000003,144448.43583559853,349328,348160,697560,sub-physical,0.015625,0.0078125,Intel(R) Xeon(R) 6760P,AVX512,"avx2,avx512f,avx512bw,avx512vl,avx512_vnni,avx512_bf16,amx_bf16,amx_int8,amx_tile,fma",True,True,,,,,,256,128,sh14l07002s1404,3.11.9,2.1.2+cu121
20260427_080229,2026-04-27T12:13:30.828731,cpu,pytorch,full_mlp_capacity_search_hd512_depth4,/home/liangyi/SRS_AI/Model_AIIC_refactor/experiments_refactored/20260425_135159_full_mlp_capacity_search_v2/full_mlp_capacity_search_hd512_depth4,full_mlp_capacity_search_v2,full_mlp_capacity_search_hd512_depth4,supervised_nmse_plateau,full_mlp,12,6,compile,bf16,bfloat16,64,4,ok,,515.3689,20,50,0.19555106,0.02835090251996222,0.161497,0.178159,0.2345827,0.24153729999999998,0.24371766,0.244044,327280.2509994065,327.2802509994065,178.15900000000002,2.7837343750000003,81820.06274985163,349328,348160,697560,sub-physical,0.03125,0.015625,Intel(R) Xeon(R) 6760P,AVX512,"avx2,avx512f,avx512bw,avx512vl,avx512_vnni,avx512_bf16,amx_bf16,amx_int8,amx_tile,fma",True,True,,,,,,256,128,sh14l07002s1404,3.11.9,2.1.2+cu121
20260427_080229,2026-04-27T12:13:30.828731,cpu,pytorch,full_mlp_capacity_search_hd512_depth4,/home/liangyi/SRS_AI/Model_AIIC_refactor/experiments_refactored/20260425_135159_full_mlp_capacity_search_v2/full_mlp_capacity_search_hd512_depth4,full_mlp_capacity_search_v2,full_mlp_capacity_search_hd512_depth4,supervised_nmse_plateau,full_mlp,12,6,compile,bf16,bfloat16,64,8,ok,,510.480646,20,50,0.18894956,0.0207786275188329,0.160565,0.18313400000000002,0.2170906,0.2194455,0.22164557,0.223462,338714.73423912714,338.71473423912715,183.13400000000001,2.8614687500000002,42339.34177989089,349328,348160,697560,sub-physical,0.0625,0.03125,Intel(R) Xeon(R) 6760P,AVX512,"avx2,avx512f,avx512bw,avx512vl,avx512_vnni,avx512_bf16,amx_bf16,amx_int8,amx_tile,fma",True,True,,,,,,256,128,sh14l07002s1404,3.11.9,2.1.2+cu121
20260427_080229,2026-04-27T12:13:30.828731,cpu,pytorch,full_mlp_capacity_search_hd512_depth4,/home/liangyi/SRS_AI/Model_AIIC_refactor/experiments_refactored/20260425_135159_full_mlp_capacity_search_v2/full_mlp_capacity_search_hd512_depth4,full_mlp_capacity_search_v2,full_mlp_capacity_search_hd512_depth4,supervised_nmse_plateau,full_mlp,12,6,compile,bf16,bfloat16,128,1,ok,,494.112925,20,50,0.21217874,0.008034219102837562,0.202529,0.2094605,0.221603,0.2277023,0.23416202,0.234898,603264.9642466535,603.2649642466534,209.4605,1.63641015625,603264.9642466535,349328,348160,697560,single-thread,0.0078125,0.00390625,Intel(R) Xeon(R) 6760P,AVX512,"avx2,avx512f,avx512bw,avx512vl,avx512_vnni,avx512_bf16,amx_bf16,amx_int8,amx_tile,fma",True,True,,,,,,256,128,sh14l07002s1404,3.11.9,2.1.2+cu121
20260427_080229,2026-04-27T12:13:30.828731,cpu,pytorch,full_mlp_capacity_search_hd512_depth4,/home/liangyi/SRS_AI/Model_AIIC_refactor/experiments_refactored/20260425_135159_full_mlp_capacity_search_v2/full_mlp_capacity_search_hd512_depth4,full_mlp_capacity_search_v2,full_mlp_capacity_search_hd512_depth4,supervised_nmse_plateau,full_mlp,12,6,compile,bf16,bfloat16,128,2,ok,,509.726789,20,50,0.2698482,0.008451141002255259,0.250265,0.27010999999999996,0.27983410000000003,0.2816498,0.29113762,0.293177,474340.7589896838,474.3407589896838,270.10999999999996,2.1102343749999997,237170.3794948419,349328,348160,697560,sub-physical,0.015625,0.0078125,Intel(R) Xeon(R) 6760P,AVX512,"avx2,avx512f,avx512bw,avx512vl,avx512_vnni,avx512_bf16,amx_bf16,amx_int8,amx_tile,fma",True,True,,,,,,256,128,sh14l07002s1404,3.11.9,2.1.2+cu121
20260427_080229,2026-04-27T12:13:30.828731,cpu,pytorch,full_mlp_capacity_search_hd512_depth4,/home/liangyi/SRS_AI/Model_AIIC_refactor/experiments_refactored/20260425_135159_full_mlp_capacity_search_v2/full_mlp_capacity_search_hd512_depth4,full_mlp_capacity_search_v2,full_mlp_capacity_search_hd512_depth4,supervised_nmse_plateau,full_mlp,12,6,compile,bf16,bfloat16,128,4,ok,,512.315374,20,50,0.21986048,0.014475026383727252,0.203371,0.214273,0.2366608,0.24907444999999998,0.2601408,0.26116,582187.3944785347,582.1873944785347,214.273,1.6740078125,145546.84861963367,349328,348160,697560,sub-physical,0.03125,0.015625,Intel(R) Xeon(R) 6760P,AVX512,"avx2,avx512f,avx512bw,avx512vl,avx512_vnni,avx512_bf16,amx_bf16,amx_int8,amx_tile,fma",True,True,,,,,,256,128,sh14l07002s1404,3.11.9,2.1.2+cu121
20260427_080229,2026-04-27T12:13:30.828731,cpu,pytorch,full_mlp_capacity_search_hd512_depth4,/home/liangyi/SRS_AI/Model_AIIC_refactor/experiments_refactored/20260425_135159_full_mlp_capacity_search_v2/full_mlp_capacity_search_hd512_depth4,full_mlp_capacity_search_v2,full_mlp_capacity_search_hd512_depth4,supervised_nmse_plateau,full_mlp,12,6,compile,bf16,bfloat16,128,8,ok,,510.443131,20,50,0.2269831,0.01843280528866944,0.209752,0.22350799999999998,0.2512239,0.26842789999999994,0.28799052999999997,0.292255,563918.6353521474,563.9186353521474,223.50799999999998,1.7461562499999999,70489.82941901842,349328,348160,697560,sub-physical,0.0625,0.03125,Intel(R) Xeon(R) 6760P,AVX512,"avx2,avx512f,avx512bw,avx512vl,avx512_vnni,avx512_bf16,amx_bf16,amx_int8,amx_tile,fma",True,True,,,,,,256,128,sh14l07002s1404,3.11.9,2.1.2+cu121
20260427_080229,2026-04-27T12:13:30.828731,cpu,onnxruntime,full_mlp_capacity_search_hd512_depth4,/home/liangyi/SRS_AI/Model_AIIC_refactor/experiments_refactored/20260425_135159_full_mlp_capacity_search_v2/full_mlp_capacity_search_hd512_depth4,full_mlp_capacity_search_v2,full_mlp_capacity_search_hd512_depth4,supervised_nmse_plateau,full_mlp,12,6,onnxruntime,fp32,float32,1,1,ok,,7.358071,20,50,0.06397792,0.05229551296195114,0.039212,0.0441985,0.12286640000000008,0.20178194999999996,0.24449187999999994,0.256932,15630.392485407467,15.630392485407466,44.1985,44.1985,15630.392485407467,349328,348160,697560,single-thread,0.0078125,0.00390625,Intel(R) Xeon(R) 6760P,AVX512,"avx2,avx512f,avx512bw,avx512vl,avx512_vnni,avx512_bf16,amx_bf16,amx_int8,amx_tile,fma",True,True,,1.23.2,CPUExecutionProvider,,,256,128,sh14l07002s1404,3.11.9,2.1.2+cu121
20260427_080229,2026-04-27T12:13:30.828731,cpu,onnxruntime,full_mlp_capacity_search_hd512_depth4,/home/liangyi/SRS_AI/Model_AIIC_refactor/experiments_refactored/20260425_135159_full_mlp_capacity_search_v2/full_mlp_capacity_search_hd512_depth4,full_mlp_capacity_search_v2,full_mlp_capacity_search_hd512_depth4,supervised_nmse_plateau,full_mlp,12,6,onnxruntime,fp32,float32,1,2,ok,,7.147969,20,50,0.03820576,0.0017777840651777709,0.035159,0.0382375,0.039675800000000004,0.040867099999999996,0.04410795,0.044522,26174.063806085785,26.174063806085787,38.2375,38.2375,13087.031903042893,349328,348160,697560,sub-physical,0.015625,0.0078125,Intel(R) Xeon(R) 6760P,AVX512,"avx2,avx512f,avx512bw,avx512vl,avx512_vnni,avx512_bf16,amx_bf16,amx_int8,amx_tile,fma",True,True,,1.23.2,CPUExecutionProvider,,,256,128,sh14l07002s1404,3.11.9,2.1.2+cu121
20260427_080229,2026-04-27T12:13:30.828731,cpu,onnxruntime,full_mlp_capacity_search_hd512_depth4,/home/liangyi/SRS_AI/Model_AIIC_refactor/experiments_refactored/20260425_135159_full_mlp_capacity_search_v2/full_mlp_capacity_search_hd512_depth4,full_mlp_capacity_search_v2,full_mlp_capacity_search_hd512_depth4,supervised_nmse_plateau,full_mlp,12,6,onnxruntime,fp32,float32,1,4,ok,,7.422433,20,50,0.03710034,0.002216331469884412,0.032038,0.036696,0.038988999999999996,0.04167675,0.04489687,0.044964,26953.930880417804,26.953930880417804,36.696,36.696,6738.482720104451,349328,348160,697560,sub-physical,0.03125,0.015625,Intel(R) Xeon(R) 6760P,AVX512,"avx2,avx512f,avx512bw,avx512vl,avx512_vnni,avx512_bf16,amx_bf16,amx_int8,amx_tile,fma",True,True,,1.23.2,CPUExecutionProvider,,,256,128,sh14l07002s1404,3.11.9,2.1.2+cu121
20260427_080229,2026-04-27T12:13:30.828731,cpu,onnxruntime,full_mlp_capacity_search_hd512_depth4,/home/liangyi/SRS_AI/Model_AIIC_refactor/experiments_refactored/20260425_135159_full_mlp_capacity_search_v2/full_mlp_capacity_search_hd512_depth4,full_mlp_capacity_search_v2,full_mlp_capacity_search_hd512_depth4,supervised_nmse_plateau,full_mlp,12,6,onnxruntime,fp32,float32,1,8,ok,,8.215791,20,50,0.03142732,0.004188802680671412,0.027116,0.028842,0.0369433,0.038008,0.04152524999999999,0.043816,31819.448810779915,31.819448810779914,28.842,28.842,3977.4311013474894,349328,348160,697560,sub-physical,0.0625,0.03125,Intel(R) Xeon(R) 6760P,AVX512,"avx2,avx512f,avx512bw,avx512vl,avx512_vnni,avx512_bf16,amx_bf16,amx_int8,amx_tile,fma",True,True,,1.23.2,CPUExecutionProvider,,,256,128,sh14l07002s1404,3.11.9,2.1.2+cu121
20260427_080229,2026-04-27T12:13:30.828731,cpu,onnxruntime,full_mlp_capacity_search_hd512_depth4,/home/liangyi/SRS_AI/Model_AIIC_refactor/experiments_refactored/20260425_135159_full_mlp_capacity_search_v2/full_mlp_capacity_search_hd512_depth4,full_mlp_capacity_search_v2,full_mlp_capacity_search_hd512_depth4,supervised_nmse_plateau,full_mlp,12,6,onnxruntime,fp32,float32,2,1,ok,,6.478732,20,50,0.03932202,0.0018979800261330465,0.037069,0.039043999999999995,0.040321,0.0432013,0.04631777999999999,0.049198,50862.086942634174,50.86208694263417,39.044,19.522,50862.086942634174,349328,348160,697560,single-thread,0.0078125,0.00390625,Intel(R) Xeon(R) 6760P,AVX512,"avx2,avx512f,avx512bw,avx512vl,avx512_vnni,avx512_bf16,amx_bf16,amx_int8,amx_tile,fma",True,True,,1.23.2,CPUExecutionProvider,,,256,128,sh14l07002s1404,3.11.9,2.1.2+cu121
20260427_080229,2026-04-27T12:13:30.828731,cpu,onnxruntime,full_mlp_capacity_search_hd512_depth4,/home/liangyi/SRS_AI/Model_AIIC_refactor/experiments_refactored/20260425_135159_full_mlp_capacity_search_v2/full_mlp_capacity_search_hd512_depth4,full_mlp_capacity_search_v2,full_mlp_capacity_search_hd512_depth4,supervised_nmse_plateau,full_mlp,12,6,onnxruntime,fp32,float32,2,2,ok,,6.789061,20,50,0.04106962,0.004584778188266036,0.03651,0.039985,0.049929100000000004,0.0501395,0.05500378999999998,0.059085,48697.796570798564,48.697796570798566,39.985,19.9925,24348.898285399282,349328,348160,697560,sub-physical,0.015625,0.0078125,Intel(R) Xeon(R) 6760P,AVX512,"avx2,avx512f,avx512bw,avx512vl,avx512_vnni,avx512_bf16,amx_bf16,amx_int8,amx_tile,fma",True,True,,1.23.2,CPUExecutionProvider,,,256,128,sh14l07002s1404,3.11.9,2.1.2+cu121
20260427_080229,2026-04-27T12:13:30.828731,cpu,onnxruntime,full_mlp_capacity_search_hd512_depth4,/home/liangyi/SRS_AI/Model_AIIC_refactor/experiments_refactored/20260425_135159_full_mlp_capacity_search_v2/full_mlp_capacity_search_hd512_depth4,full_mlp_capacity_search_v2,full_mlp_capacity_search_hd512_depth4,supervised_nmse_plateau,full_mlp,12,6,onnxruntime,fp32,float32,2,4,ok,,7.472459,20,50,0.03748146,0.00647871350874539,0.028677,0.040400500000000006,0.0440522,0.04782629999999999,0.05326213,0.053979,53359.714376120886,53.359714376120884,40.40050000000001,20.200250000000004,13339.928594030222,349328,348160,697560,sub-physical,0.03125,0.015625,Intel(R) Xeon(R) 6760P,AVX512,"avx2,avx512f,avx512bw,avx512vl,avx512_vnni,avx512_bf16,amx_bf16,amx_int8,amx_tile,fma",True,True,,1.23.2,CPUExecutionProvider,,,256,128,sh14l07002s1404,3.11.9,2.1.2+cu121
20260427_080229,2026-04-27T12:13:30.828731,cpu,onnxruntime,full_mlp_capacity_search_hd512_depth4,/home/liangyi/SRS_AI/Model_AIIC_refactor/experiments_refactored/20260425_135159_full_mlp_capacity_search_v2/full_mlp_capacity_search_hd512_depth4,full_mlp_capacity_search_v2,full_mlp_capacity_search_hd512_depth4,supervised_nmse_plateau,full_mlp,12,6,onnxruntime,fp32,float32,2,8,ok,,7.724826,20,50,0.03794504,0.00324259375167473,0.033332,0.0377715,0.0413059,0.04188015,0.04786665999999999,0.049712,52707.81108677181,52.70781108677181,37.771499999999996,18.885749999999998,6588.476385846477,349328,348160,697560,sub-physical,0.0625,0.03125,Intel(R) Xeon(R) 6760P,AVX512,"avx2,avx512f,avx512bw,avx512vl,avx512_vnni,avx512_bf16,amx_bf16,amx_int8,amx_tile,fma",True,True,,1.23.2,CPUExecutionProvider,,,256,128,sh14l07002s1404,3.11.9,2.1.2+cu121
20260427_080229,2026-04-27T12:13:30.828731,cpu,onnxruntime,full_mlp_capacity_search_hd512_depth4,/home/liangyi/SRS_AI/Model_AIIC_refactor/experiments_refactored/20260425_135159_full_mlp_capacity_search_v2/full_mlp_capacity_search_hd512_depth4,full_mlp_capacity_search_v2,full_mlp_capacity_search_hd512_depth4,supervised_nmse_plateau,full_mlp,12,6,onnxruntime,fp32,float32,4,1,ok,,6.739829,20,50,0.04343292,0.0018959625190388125,0.040766,0.0435525,0.0447637,0.0456098,0.04988580999999999,0.052939,92096.04143585097,92.09604143585098,43.5525,10.888125,92096.04143585097,349328,348160,697560,single-thread,0.0078125,0.00390625,Intel(R) Xeon(R) 6760P,AVX512,"avx2,avx512f,avx512bw,avx512vl,avx512_vnni,avx512_bf16,amx_bf16,amx_int8,amx_tile,fma",True,True,,1.23.2,CPUExecutionProvider,,,256,128,sh14l07002s1404,3.11.9,2.1.2+cu121
20260427_080229,2026-04-27T12:13:30.828731,cpu,onnxruntime,full_mlp_capacity_search_hd512_depth4,/home/liangyi/SRS_AI/Model_AIIC_refactor/experiments_refactored/20260425_135159_full_mlp_capacity_search_v2/full_mlp_capacity_search_hd512_depth4,full_mlp_capacity_search_v2,full_mlp_capacity_search_hd512_depth4,supervised_nmse_plateau,full_mlp,12,6,onnxruntime,fp32,float32,4,2,ok,,6.968889,20,50,0.06114112,0.003012559719839592,0.05024,0.0604445,0.0638635,0.06549265,0.07093522999999999,0.072539,65422.41947808611,65.42241947808611,60.4445,15.111125,32711.209739043054,349328,348160,697560,sub-physical,0.015625,0.0078125,Intel(R) Xeon(R) 6760P,AVX512,"avx2,avx512f,avx512bw,avx512vl,avx512_vnni,avx512_bf16,amx_bf16,amx_int8,amx_tile,fma",True,True,,1.23.2,CPUExecutionProvider,,,256,128,sh14l07002s1404,3.11.9,2.1.2+cu121
20260427_080229,2026-04-27T12:13:30.828731,cpu,onnxruntime,full_mlp_capacity_search_hd512_depth4,/home/liangyi/SRS_AI/Model_AIIC_refactor/experiments_refactored/20260425_135159_full_mlp_capacity_search_v2/full_mlp_capacity_search_hd512_depth4,full_mlp_capacity_search_v2,full_mlp_capacity_search_hd512_depth4,supervised_nmse_plateau,full_mlp,12,6,onnxruntime,fp32,float32,4,4,ok,,7.338064,20,50,0.0477339,0.0024235949847282653,0.042591,0.047492,0.0500576,0.05161979999999999,0.054759039999999995,0.055643,83797.88787423613,83.79788787423612,47.492,11.873,20949.47196855903,349328,348160,697560,sub-physical,0.03125,0.015625,Intel(R) Xeon(R) 6760P,AVX512,"avx2,avx512f,avx512bw,avx512vl,avx512_vnni,avx512_bf16,amx_bf16,amx_int8,amx_tile,fma",True,True,,1.23.2,CPUExecutionProvider,,,256,128,sh14l07002s1404,3.11.9,2.1.2+cu121
20260427_080229,2026-04-27T12:13:30.828731,cpu,onnxruntime,full_mlp_capacity_search_hd512_depth4,/home/liangyi/SRS_AI/Model_AIIC_refactor/experiments_refactored/20260425_135159_full_mlp_capacity_search_v2/full_mlp_capacity_search_hd512_depth4,full_mlp_capacity_search_v2,full_mlp_capacity_search_hd512_depth4,supervised_nmse_plateau,full_mlp,12,6,onnxruntime,fp32,float32,4,8,ok,,8.285978,20,50,0.042350979999999996,0.003503744051668158,0.035809,0.042325,0.0460847,0.0484213,0.05183595999999999,0.054186,94448.81794943118,94.44881794943117,42.325,10.58125,11806.102243678897,349328,348160,697560,sub-physical,0.0625,0.03125,Intel(R) Xeon(R) 6760P,AVX512,"avx2,avx512f,avx512bw,avx512vl,avx512_vnni,avx512_bf16,amx_bf16,amx_int8,amx_tile,fma",True,True,,1.23.2,CPUExecutionProvider,,,256,128,sh14l07002s1404,3.11.9,2.1.2+cu121
20260427_080229,2026-04-27T12:13:30.828731,cpu,onnxruntime,full_mlp_capacity_search_hd512_depth4,/home/liangyi/SRS_AI/Model_AIIC_refactor/experiments_refactored/20260425_135159_full_mlp_capacity_search_v2/full_mlp_capacity_search_hd512_depth4,full_mlp_capacity_search_v2,full_mlp_capacity_search_hd512_depth4,supervised_nmse_plateau,full_mlp,12,6,onnxruntime,fp32,float32,8,1,ok,,6.437868,20,50,0.06504512,0.0037394629006850706,0.062285,0.06454750000000001,0.0658677,0.0691309,0.08053215999999998,0.087645,122991.54802082002,122.99154802082002,64.54750000000001,8.068437500000002,122991.54802082002,349328,348160,697560,single-thread,0.0078125,0.00390625,Intel(R) Xeon(R) 6760P,AVX512,"avx2,avx512f,avx512bw,avx512vl,avx512_vnni,avx512_bf16,amx_bf16,amx_int8,amx_tile,fma",True,True,,1.23.2,CPUExecutionProvider,,,256,128,sh14l07002s1404,3.11.9,2.1.2+cu121
20260427_080229,2026-04-27T12:13:30.828731,cpu,onnxruntime,full_mlp_capacity_search_hd512_depth4,/home/liangyi/SRS_AI/Model_AIIC_refactor/experiments_refactored/20260425_135159_full_mlp_capacity_search_v2/full_mlp_capacity_search_hd512_depth4,full_mlp_capacity_search_v2,full_mlp_capacity_search_hd512_depth4,supervised_nmse_plateau,full_mlp,12,6,onnxruntime,fp32,float32,8,2,ok,,6.836543,20,50,0.08256778000000001,0.023431172743411714,0.063112,0.070577,0.1203316,0.12108529999999999,0.12596171,0.12656,96890.09441697474,96.89009441697473,70.577,8.822125,48445.04720848737,349328,348160,697560,sub-physical,0.015625,0.0078125,Intel(R) Xeon(R) 6760P,AVX512,"avx2,avx512f,avx512bw,avx512vl,avx512_vnni,avx512_bf16,amx_bf16,amx_int8,amx_tile,fma",True,True,,1.23.2,CPUExecutionProvider,,,256,128,sh14l07002s1404,3.11.9,2.1.2+cu121
20260427_080229,2026-04-27T12:13:30.828731,cpu,onnxruntime,full_mlp_capacity_search_hd512_depth4,/home/liangyi/SRS_AI/Model_AIIC_refactor/experiments_refactored/20260425_135159_full_mlp_capacity_search_v2/full_mlp_capacity_search_hd512_depth4,full_mlp_capacity_search_v2,full_mlp_capacity_search_hd512_depth4,supervised_nmse_plateau,full_mlp,12,6,onnxruntime,fp32,float32,8,4,ok,,7.188702,20,50,0.07400248,0.015125666147631316,0.05085,0.078623,0.0890738,0.0907316,0.09480522999999999,0.097291,108104.48514698427,108.10448514698427,78.623,9.827875,27026.121286746067,349328,348160,697560,sub-physical,0.03125,0.015625,Intel(R) Xeon(R) 6760P,AVX512,"avx2,avx512f,avx512bw,avx512vl,avx512_vnni,avx512_bf16,amx_bf16,amx_int8,amx_tile,fma",True,True,,1.23.2,CPUExecutionProvider,,,256,128,sh14l07002s1404,3.11.9,2.1.2+cu121
20260427_080229,2026-04-27T12:13:30.828731,cpu,onnxruntime,full_mlp_capacity_search_hd512_depth4,/home/liangyi/SRS_AI/Model_AIIC_refactor/experiments_refactored/20260425_135159_full_mlp_capacity_search_v2/full_mlp_capacity_search_hd512_depth4,full_mlp_capacity_search_v2,full_mlp_capacity_search_hd512_depth4,supervised_nmse_plateau,full_mlp,12,6,onnxruntime,fp32,float32,8,8,ok,,7.72878,20,50,0.06899588,0.010260043517724474,0.04805,0.0737235,0.0797583,0.0803364,0.08290157999999999,0.085233,115948.95231425414,115.94895231425414,73.7235,9.2154375,14493.619039281768,349328,348160,697560,sub-physical,0.0625,0.03125,Intel(R) Xeon(R) 6760P,AVX512,"avx2,avx512f,avx512bw,avx512vl,avx512_vnni,avx512_bf16,amx_bf16,amx_int8,amx_tile,fma",True,True,,1.23.2,CPUExecutionProvider,,,256,128,sh14l07002s1404,3.11.9,2.1.2+cu121
20260427_080229,2026-04-27T12:13:30.828731,cpu,onnxruntime,full_mlp_capacity_search_hd512_depth4,/home/liangyi/SRS_AI/Model_AIIC_refactor/experiments_refactored/20260425_135159_full_mlp_capacity_search_v2/full_mlp_capacity_search_hd512_depth4,full_mlp_capacity_search_v2,full_mlp_capacity_search_hd512_depth4,supervised_nmse_plateau,full_mlp,12,6,onnxruntime,fp32,float32,16,1,ok,,6.633912,20,50,0.0894843,0.002329955915891972,0.086569,0.0893105,0.09191049999999999,0.09424144999999999,0.09654413999999999,0.098658,178802.31504297402,178.80231504297402,89.3105,5.58190625,178802.31504297402,349328,348160,697560,single-thread,0.0078125,0.00390625,Intel(R) Xeon(R) 6760P,AVX512,"avx2,avx512f,avx512bw,avx512vl,avx512_vnni,avx512_bf16,amx_bf16,amx_int8,amx_tile,fma",True,True,,1.23.2,CPUExecutionProvider,,,256,128,sh14l07002s1404,3.11.9,2.1.2+cu121
20260427_080229,2026-04-27T12:13:30.828731,cpu,onnxruntime,full_mlp_capacity_search_hd512_depth4,/home/liangyi/SRS_AI/Model_AIIC_refactor/experiments_refactored/20260425_135159_full_mlp_capacity_search_v2/full_mlp_capacity_search_hd512_depth4,full_mlp_capacity_search_v2,full_mlp_capacity_search_hd512_depth4,supervised_nmse_plateau,full_mlp,12,6,onnxruntime,fp32,float32,16,2,ok,,7.120098,20,50,0.10555708,0.004597193586700478,0.100438,0.104624,0.1079665,0.10907575,0.12518415999999996,0.131807,151576.7582809225,151.57675828092252,104.624,6.539,75788.37914046126,349328,348160,697560,sub-physical,0.015625,0.0078125,Intel(R) Xeon(R) 6760P,AVX512,"avx2,avx512f,avx512bw,avx512vl,avx512_vnni,avx512_bf16,amx_bf16,amx_int8,amx_tile,fma",True,True,,1.23.2,CPUExecutionProvider,,,256,128,sh14l07002s1404,3.11.9,2.1.2+cu121
20260427_080229,2026-04-27T12:13:30.828731,cpu,onnxruntime,full_mlp_capacity_search_hd512_depth4,/home/liangyi/SRS_AI/Model_AIIC_refactor/experiments_refactored/20260425_135159_full_mlp_capacity_search_v2/full_mlp_capacity_search_hd512_depth4,full_mlp_capacity_search_v2,full_mlp_capacity_search_hd512_depth4,supervised_nmse_plateau,full_mlp,12,6,onnxruntime,fp32,float32,16,4,ok,,7.208951,20,50,0.0991086,0.015906324676681287,0.074639,0.105115,0.1152876,0.11601305,0.12168462,0.125978,161439.06785082223,161.43906785082223,105.115,6.5696875,40359.76696270556,349328,348160,697560,sub-physical,0.03125,0.015625,Intel(R) Xeon(R) 6760P,AVX512,"avx2,avx512f,avx512bw,avx512vl,avx512_vnni,avx512_bf16,amx_bf16,amx_int8,amx_tile,fma",True,True,,1.23.2,CPUExecutionProvider,,,256,128,sh14l07002s1404,3.11.9,2.1.2+cu121
20260427_080229,2026-04-27T12:13:30.828731,cpu,onnxruntime,full_mlp_capacity_search_hd512_depth4,/home/liangyi/SRS_AI/Model_AIIC_refactor/experiments_refactored/20260425_135159_full_mlp_capacity_search_v2/full_mlp_capacity_search_hd512_depth4,full_mlp_capacity_search_v2,full_mlp_capacity_search_hd512_depth4,supervised_nmse_plateau,full_mlp,12,6,onnxruntime,fp32,float32,16,8,ok,,7.723731,20,50,0.08619042,0.007503307726836213,0.067421,0.08755450000000001,0.09375750000000001,0.0948227,0.10001369,0.100709,185635.48013804783,185.63548013804782,87.5545,5.47215625,23204.43501725598,349328,348160,697560,sub-physical,0.0625,0.03125,Intel(R) Xeon(R) 6760P,AVX512,"avx2,avx512f,avx512bw,avx512vl,avx512_vnni,avx512_bf16,amx_bf16,amx_int8,amx_tile,fma",True,True,,1.23.2,CPUExecutionProvider,,,256,128,sh14l07002s1404,3.11.9,2.1.2+cu121
20260427_080229,2026-04-27T12:13:30.828731,cpu,onnxruntime,full_mlp_capacity_search_hd512_depth4,/home/liangyi/SRS_AI/Model_AIIC_refactor/experiments_refactored/20260425_135159_full_mlp_capacity_search_v2/full_mlp_capacity_search_hd512_depth4,full_mlp_capacity_search_v2,full_mlp_capacity_search_hd512_depth4,supervised_nmse_plateau,full_mlp,12,6,onnxruntime,fp32,float32,32,1,ok,,6.744786,20,50,0.15055382,0.003964799362842967,0.146464,0.149457,0.1566725,0.15857655,0.15957789,0.159842,212548.57565221528,212.54857565221528,149.457,4.67053125,212548.57565221528,349328,348160,697560,single-thread,0.0078125,0.00390625,Intel(R) Xeon(R) 6760P,AVX512,"avx2,avx512f,avx512bw,avx512vl,avx512_vnni,avx512_bf16,amx_bf16,amx_int8,amx_tile,fma",True,True,,1.23.2,CPUExecutionProvider,,,256,128,sh14l07002s1404,3.11.9,2.1.2+cu121
20260427_080229,2026-04-27T12:13:30.828731,cpu,onnxruntime,full_mlp_capacity_search_hd512_depth4,/home/liangyi/SRS_AI/Model_AIIC_refactor/experiments_refactored/20260425_135159_full_mlp_capacity_search_v2/full_mlp_capacity_search_hd512_depth4,full_mlp_capacity_search_v2,full_mlp_capacity_search_hd512_depth4,supervised_nmse_plateau,full_mlp,12,6,onnxruntime,fp32,float32,32,2,ok,,6.831511,20,50,0.16862014,0.02255690213128567,0.146236,0.158302,0.210064,0.21097075,0.21239217999999999,0.213479,189775.66973909523,189.77566973909524,158.302,4.9469375,94887.83486954762,349328,348160,697560,sub-physical,0.015625,0.0078125,Intel(R) Xeon(R) 6760P,AVX512,"avx2,avx512f,avx512bw,avx512vl,avx512_vnni,avx512_bf16,amx_bf16,amx_int8,amx_tile,fma",True,True,,1.23.2,CPUExecutionProvider,,,256,128,sh14l07002s1404,3.11.9,2.1.2+cu121
20260427_080229,2026-04-27T12:13:30.828731,cpu,onnxruntime,full_mlp_capacity_search_hd512_depth4,/home/liangyi/SRS_AI/Model_AIIC_refactor/experiments_refactored/20260425_135159_full_mlp_capacity_search_v2/full_mlp_capacity_search_hd512_depth4,full_mlp_capacity_search_v2,full_mlp_capacity_search_hd512_depth4,supervised_nmse_plateau,full_mlp,12,6,onnxruntime,fp32,float32,32,4,ok,,7.622118,20,50,0.1270288,0.005601871515841827,0.112275,0.128158,0.133142,0.1342225,0.13753385,0.139805,251911.37757736826,251.91137757736826,128.158,4.0049375,62977.844394342064,349328,348160,697560,sub-physical,0.03125,0.015625,Intel(R) Xeon(R) 6760P,AVX512,"avx2,avx512f,avx512bw,avx512vl,avx512_vnni,avx512_bf16,amx_bf16,amx_int8,amx_tile,fma",True,True,,1.23.2,CPUExecutionProvider,,,256,128,sh14l07002s1404,3.11.9,2.1.2+cu121
20260427_080229,2026-04-27T12:13:30.828731,cpu,onnxruntime,full_mlp_capacity_search_hd512_depth4,/home/liangyi/SRS_AI/Model_AIIC_refactor/experiments_refactored/20260425_135159_full_mlp_capacity_search_v2/full_mlp_capacity_search_hd512_depth4,full_mlp_capacity_search_v2,full_mlp_capacity_search_hd512_depth4,supervised_nmse_plateau,full_mlp,12,6,onnxruntime,fp32,float32,32,8,ok,,8.20091,20,50,0.1092742,0.005897430172541257,0.095068,0.1089335,0.1175811,0.11892074999999999,0.12189525,0.124284,292841.31112376024,292.84131112376025,108.93350000000001,3.4041718750000003,36605.16389047003,349328,348160,697560,sub-physical,0.0625,0.03125,Intel(R) Xeon(R) 6760P,AVX512,"avx2,avx512f,avx512bw,avx512vl,avx512_vnni,avx512_bf16,amx_bf16,amx_int8,amx_tile,fma",True,True,,1.23.2,CPUExecutionProvider,,,256,128,sh14l07002s1404,3.11.9,2.1.2+cu121
20260427_080229,2026-04-27T12:13:30.828731,cpu,onnxruntime,full_mlp_capacity_search_hd512_depth4,/home/liangyi/SRS_AI/Model_AIIC_refactor/experiments_refactored/20260425_135159_full_mlp_capacity_search_v2/full_mlp_capacity_search_hd512_depth4,full_mlp_capacity_search_v2,full_mlp_capacity_search_hd512_depth4,supervised_nmse_plateau,full_mlp,12,6,onnxruntime,fp32,float32,64,1,ok,,7.065215,20,50,0.2655434,0.004510592918896581,0.260174,0.2644665,0.2712529,0.2730181,0.27715056,0.279383,241015.21634504944,241.01521634504945,264.4665,4.1322890625,241015.21634504944,349328,348160,697560,single-thread,0.0078125,0.00390625,Intel(R) Xeon(R) 6760P,AVX512,"avx2,avx512f,avx512bw,avx512vl,avx512_vnni,avx512_bf16,amx_bf16,amx_int8,amx_tile,fma",True,True,,1.23.2,CPUExecutionProvider,,,256,128,sh14l07002s1404,3.11.9,2.1.2+cu121
20260427_080229,2026-04-27T12:13:30.828731,cpu,onnxruntime,full_mlp_capacity_search_hd512_depth4,/home/liangyi/SRS_AI/Model_AIIC_refactor/experiments_refactored/20260425_135159_full_mlp_capacity_search_v2/full_mlp_capacity_search_hd512_depth4,full_mlp_capacity_search_v2,full_mlp_capacity_search_hd512_depth4,supervised_nmse_plateau,full_mlp,12,6,onnxruntime,fp32,float32,64,2,ok,,6.820888,20,50,0.25712936,0.010626127636651089,0.245276,0.253355,0.278256,0.280507,0.2829272,0.285093,248901.95347586914,248.90195347586913,253.355,3.958671875,124450.97673793457,349328,348160,697560,sub-physical,0.015625,0.0078125,Intel(R) Xeon(R) 6760P,AVX512,"avx2,avx512f,avx512bw,avx512vl,avx512_vnni,avx512_bf16,amx_bf16,amx_int8,amx_tile,fma",True,True,,1.23.2,CPUExecutionProvider,,,256,128,sh14l07002s1404,3.11.9,2.1.2+cu121
20260427_080229,2026-04-27T12:13:30.828731,cpu,onnxruntime,full_mlp_capacity_search_hd512_depth4,/home/liangyi/SRS_AI/Model_AIIC_refactor/experiments_refactored/20260425_135159_full_mlp_capacity_search_v2/full_mlp_capacity_search_hd512_depth4,full_mlp_capacity_search_v2,full_mlp_capacity_search_hd512_depth4,supervised_nmse_plateau,full_mlp,12,6,onnxruntime,fp32,float32,64,4,ok,,7.091778,20,50,0.20127892,0.013590729097204463,0.184918,0.196515,0.2227504,0.22675085,0.22989956,0.230956,317966.72994867025,317.96672994867026,196.515,3.070546875,79491.68248716756,349328,348160,697560,sub-physical,0.03125,0.015625,Intel(R) Xeon(R) 6760P,AVX512,"avx2,avx512f,avx512bw,avx512vl,avx512_vnni,avx512_bf16,amx_bf16,amx_int8,amx_tile,fma",True,True,,1.23.2,CPUExecutionProvider,,,256,128,sh14l07002s1404,3.11.9,2.1.2+cu121
20260427_080229,2026-04-27T12:13:30.828731,cpu,onnxruntime,full_mlp_capacity_search_hd512_depth4,/home/liangyi/SRS_AI/Model_AIIC_refactor/experiments_refactored/20260425_135159_full_mlp_capacity_search_v2/full_mlp_capacity_search_hd512_depth4,full_mlp_capacity_search_v2,full_mlp_capacity_search_hd512_depth4,supervised_nmse_plateau,full_mlp,12,6,onnxruntime,fp32,float32,64,8,ok,,7.470939,20,50,0.16996296,0.0062237996463896566,0.160233,0.1705565,0.1786021,0.1800392,0.184292,0.185174,376552.63240884955,376.55263240884955,170.5565,2.6649453125,47069.07905110619,349328,348160,697560,sub-physical,0.0625,0.03125,Intel(R) Xeon(R) 6760P,AVX512,"avx2,avx512f,avx512bw,avx512vl,avx512_vnni,avx512_bf16,amx_bf16,amx_int8,amx_tile,fma",True,True,,1.23.2,CPUExecutionProvider,,,256,128,sh14l07002s1404,3.11.9,2.1.2+cu121
20260427_080229,2026-04-27T12:13:30.828731,cpu,onnxruntime,full_mlp_capacity_search_hd512_depth4,/home/liangyi/SRS_AI/Model_AIIC_refactor/experiments_refactored/20260425_135159_full_mlp_capacity_search_v2/full_mlp_capacity_search_hd512_depth4,full_mlp_capacity_search_v2,full_mlp_capacity_search_hd512_depth4,supervised_nmse_plateau,full_mlp,12,6,onnxruntime,fp32,float32,128,1,ok,,6.84592,20,50,0.50991066,0.038674048979960705,0.496703,0.5031995,0.5144086,0.5175681,0.6532665599999995,0.777362,251024.3657192811,251.02436571928112,503.1995,3.93124609375,251024.3657192811,349328,348160,697560,single-thread,0.0078125,0.00390625,Intel(R) Xeon(R) 6760P,AVX512,"avx2,avx512f,avx512bw,avx512vl,avx512_vnni,avx512_bf16,amx_bf16,amx_int8,amx_tile,fma",True,True,,1.23.2,CPUExecutionProvider,,,256,128,sh14l07002s1404,3.11.9,2.1.2+cu121
20260427_080229,2026-04-27T12:13:30.828731,cpu,onnxruntime,full_mlp_capacity_search_hd512_depth4,/home/liangyi/SRS_AI/Model_AIIC_refactor/experiments_refactored/20260425_135159_full_mlp_capacity_search_v2/full_mlp_capacity_search_hd512_depth4,full_mlp_capacity_search_v2,full_mlp_capacity_search_hd512_depth4,supervised_nmse_plateau,full_mlp,12,6,onnxruntime,fp32,float32,128,2,ok,,6.634903,20,50,0.45039138,0.004846011914512796,0.440095,0.4505935,0.4560609,0.4577671,0.45938006,0.460216,284197.2686066949,284.1972686066949,450.5935,3.52026171875,142098.63430334744,349328,348160,697560,sub-physical,0.015625,0.0078125,Intel(R) Xeon(R) 6760P,AVX512,"avx2,avx512f,avx512bw,avx512vl,avx512_vnni,avx512_bf16,amx_bf16,amx_int8,amx_tile,fma",True,True,,1.23.2,CPUExecutionProvider,,,256,128,sh14l07002s1404,3.11.9,2.1.2+cu121
20260427_080229,2026-04-27T12:13:30.828731,cpu,onnxruntime,full_mlp_capacity_search_hd512_depth4,/home/liangyi/SRS_AI/Model_AIIC_refactor/experiments_refactored/20260425_135159_full_mlp_capacity_search_v2/full_mlp_capacity_search_hd512_depth4,full_mlp_capacity_search_v2,full_mlp_capacity_search_hd512_depth4,supervised_nmse_plateau,full_mlp,12,6,onnxruntime,fp32,float32,128,4,ok,,6.990544,20,50,0.346909,0.008145108559129215,0.336097,0.3455435,0.3544861,0.36510845,0.37403288,0.376379,368972.8430222335,368.9728430222335,345.5435,2.69955859375,92243.21075555838,349328,348160,697560,sub-physical,0.03125,0.015625,Intel(R) Xeon(R) 6760P,AVX512,"avx2,avx512f,avx512bw,avx512vl,avx512_vnni,avx512_bf16,amx_bf16,amx_int8,amx_tile,fma",True,True,,1.23.2,CPUExecutionProvider,,,256,128,sh14l07002s1404,3.11.9,2.1.2+cu121
20260427_080229,2026-04-27T12:13:30.828731,cpu,onnxruntime,full_mlp_capacity_search_hd512_depth4,/home/liangyi/SRS_AI/Model_AIIC_refactor/experiments_refactored/20260425_135159_full_mlp_capacity_search_v2/full_mlp_capacity_search_hd512_depth4,full_mlp_capacity_search_v2,full_mlp_capacity_search_hd512_depth4,supervised_nmse_plateau,full_mlp,12,6,onnxruntime,fp32,float32,128,8,ok,,7.904401,20,50,0.29082238,0.011227836165334794,0.27117,0.2914365,0.3036284,0.30989455,0.31674877999999995,0.317816,440131.1893534466,440.1311893534466,291.43649999999997,2.2768476562499997,55016.398669180824,349328,348160,697560,sub-physical,0.0625,0.03125,Intel(R) Xeon(R) 6760P,AVX512,"avx2,avx512f,avx512bw,avx512vl,avx512_vnni,avx512_bf16,amx_bf16,amx_int8,amx_tile,fma",True,True,,1.23.2,CPUExecutionProvider,,,256,128,sh14l07002s1404,3.11.9,2.1.2+cu121
20260427_080229,2026-04-27T12:13:30.828731,cpu,onnxruntime,full_mlp_capacity_search_hd512_depth4,/home/liangyi/SRS_AI/Model_AIIC_refactor/experiments_refactored/20260425_135159_full_mlp_capacity_search_v2/full_mlp_capacity_search_hd512_depth4,,,,,,,onnxruntime,bf16,,1,1,skipped,ONNX Runtime benchmark currently supports precision profile fp32 only,0.0,,,,,,,,,,,,,,,,349328,348160,697560,single-thread,0.0078125,0.00390625,Intel(R) Xeon(R) 6760P,AVX512,"avx2,avx512f,avx512bw,avx512vl,avx512_vnni,avx512_bf16,amx_bf16,amx_int8,amx_tile,fma",True,True,,1.23.2,,,,256,128,sh14l07002s1404,3.11.9,2.1.2+cu121
20260427_080229,2026-04-27T12:13:30.828731,cpu,onnxruntime,full_mlp_capacity_search_hd512_depth4,/home/liangyi/SRS_AI/Model_AIIC_refactor/experiments_refactored/20260425_135159_full_mlp_capacity_search_v2/full_mlp_capacity_search_hd512_depth4,,,,,,,onnxruntime,bf16,,1,2,skipped,ONNX Runtime benchmark currently supports precision profile fp32 only,0.0,,,,,,,,,,,,,,,,349328,348160,697560,sub-physical,0.015625,0.0078125,Intel(R) Xeon(R) 6760P,AVX512,"avx2,avx512f,avx512bw,avx512vl,avx512_vnni,avx512_bf16,amx_bf16,amx_int8,amx_tile,fma",True,True,,1.23.2,,,,256,128,sh14l07002s1404,3.11.9,2.1.2+cu121
20260427_080229,2026-04-27T12:13:30.828731,cpu,onnxruntime,full_mlp_capacity_search_hd512_depth4,/home/liangyi/SRS_AI/Model_AIIC_refactor/experiments_refactored/20260425_135159_full_mlp_capacity_search_v2/full_mlp_capacity_search_hd512_depth4,,,,,,,onnxruntime,bf16,,1,4,skipped,ONNX Runtime benchmark currently supports precision profile fp32 only,0.0,,,,,,,,,,,,,,,,349328,348160,697560,sub-physical,0.03125,0.015625,Intel(R) Xeon(R) 6760P,AVX512,"avx2,avx512f,avx512bw,avx512vl,avx512_vnni,avx512_bf16,amx_bf16,amx_int8,amx_tile,fma",True,True,,1.23.2,,,,256,128,sh14l07002s1404,3.11.9,2.1.2+cu121
20260427_080229,2026-04-27T12:13:30.828731,cpu,onnxruntime,full_mlp_capacity_search_hd512_depth4,/home/liangyi/SRS_AI/Model_AIIC_refactor/experiments_refactored/20260425_135159_full_mlp_capacity_search_v2/full_mlp_capacity_search_hd512_depth4,,,,,,,onnxruntime,bf16,,1,8,skipped,ONNX Runtime benchmark currently supports precision profile fp32 only,0.0,,,,,,,,,,,,,,,,349328,348160,697560,sub-physical,0.0625,0.03125,Intel(R) Xeon(R) 6760P,AVX512,"avx2,avx512f,avx512bw,avx512vl,avx512_vnni,avx512_bf16,amx_bf16,amx_int8,amx_tile,fma",True,True,,1.23.2,,,,256,128,sh14l07002s1404,3.11.9,2.1.2+cu121
20260427_080229,2026-04-27T12:13:30.828731,cpu,onnxruntime,full_mlp_capacity_search_hd512_depth4,/home/liangyi/SRS_AI/Model_AIIC_refactor/experiments_refactored/20260425_135159_full_mlp_capacity_search_v2/full_mlp_capacity_search_hd512_depth4,,,,,,,onnxruntime,bf16,,2,1,skipped,ONNX Runtime benchmark currently supports precision profile fp32 only,0.0,,,,,,,,,,,,,,,,349328,348160,697560,single-thread,0.0078125,0.00390625,Intel(R) Xeon(R) 6760P,AVX512,"avx2,avx512f,avx512bw,avx512vl,avx512_vnni,avx512_bf16,amx_bf16,amx_int8,amx_tile,fma",True,True,,1.23.2,,,,256,128,sh14l07002s1404,3.11.9,2.1.2+cu121
20260427_080229,2026-04-27T12:13:30.828731,cpu,onnxruntime,full_mlp_capacity_search_hd512_depth4,/home/liangyi/SRS_AI/Model_AIIC_refactor/experiments_refactored/20260425_135159_full_mlp_capacity_search_v2/full_mlp_capacity_search_hd512_depth4,,,,,,,onnxruntime,bf16,,2,2,skipped,ONNX Runtime benchmark currently supports precision profile fp32 only,0.0,,,,,,,,,,,,,,,,349328,348160,697560,sub-physical,0.015625,0.0078125,Intel(R) Xeon(R) 6760P,AVX512,"avx2,avx512f,avx512bw,avx512vl,avx512_vnni,avx512_bf16,amx_bf16,amx_int8,amx_tile,fma",True,True,,1.23.2,,,,256,128,sh14l07002s1404,3.11.9,2.1.2+cu121
20260427_080229,2026-04-27T12:13:30.828731,cpu,onnxruntime,full_mlp_capacity_search_hd512_depth4,/home/liangyi/SRS_AI/Model_AIIC_refactor/experiments_refactored/20260425_135159_full_mlp_capacity_search_v2/full_mlp_capacity_search_hd512_depth4,,,,,,,onnxruntime,bf16,,2,4,skipped,ONNX Runtime benchmark currently supports precision profile fp32 only,0.0,,,,,,,,,,,,,,,,349328,348160,697560,sub-physical,0.03125,0.015625,Intel(R) Xeon(R) 6760P,AVX512,"avx2,avx512f,avx512bw,avx512vl,avx512_vnni,avx512_bf16,amx_bf16,amx_int8,amx_tile,fma",True,True,,1.23.2,,,,256,128,sh14l07002s1404,3.11.9,2.1.2+cu121
20260427_080229,2026-04-27T12:13:30.828731,cpu,onnxruntime,full_mlp_capacity_search_hd512_depth4,/home/liangyi/SRS_AI/Model_AIIC_refactor/experiments_refactored/20260425_135159_full_mlp_capacity_search_v2/full_mlp_capacity_search_hd512_depth4,,,,,,,onnxruntime,bf16,,2,8,skipped,ONNX Runtime benchmark currently supports precision profile fp32 only,0.0,,,,,,,,,,,,,,,,349328,348160,697560,sub-physical,0.0625,0.03125,Intel(R) Xeon(R) 6760P,AVX512,"avx2,avx512f,avx512bw,avx512vl,avx512_vnni,avx512_bf16,amx_bf16,amx_int8,amx_tile,fma",True,True,,1.23.2,,,,256,128,sh14l07002s1404,3.11.9,2.1.2+cu121
20260427_080229,2026-04-27T12:13:30.828731,cpu,onnxruntime,full_mlp_capacity_search_hd512_depth4,/home/liangyi/SRS_AI/Model_AIIC_refactor/experiments_refactored/20260425_135159_full_mlp_capacity_search_v2/full_mlp_capacity_search_hd512_depth4,,,,,,,onnxruntime,bf16,,4,1,skipped,ONNX Runtime benchmark currently supports precision profile fp32 only,0.0,,,,,,,,,,,,,,,,349328,348160,697560,single-thread,0.0078125,0.00390625,Intel(R) Xeon(R) 6760P,AVX512,"avx2,avx512f,avx512bw,avx512vl,avx512_vnni,avx512_bf16,amx_bf16,amx_int8,amx_tile,fma",True,True,,1.23.2,,,,256,128,sh14l07002s1404,3.11.9,2.1.2+cu121
20260427_080229,2026-04-27T12:13:30.828731,cpu,onnxruntime,full_mlp_capacity_search_hd512_depth4,/home/liangyi/SRS_AI/Model_AIIC_refactor/experiments_refactored/20260425_135159_full_mlp_capacity_search_v2/full_mlp_capacity_search_hd512_depth4,,,,,,,onnxruntime,bf16,,4,2,skipped,ONNX Runtime benchmark currently supports precision profile fp32 only,0.0,,,,,,,,,,,,,,,,349328,348160,697560,sub-physical,0.015625,0.0078125,Intel(R) Xeon(R) 6760P,AVX512,"avx2,avx512f,avx512bw,avx512vl,avx512_vnni,avx512_bf16,amx_bf16,amx_int8,amx_tile,fma",True,True,,1.23.2,,,,256,128,sh14l07002s1404,3.11.9,2.1.2+cu121
20260427_080229,2026-04-27T12:13:30.828731,cpu,onnxruntime,full_mlp_capacity_search_hd512_depth4,/home/liangyi/SRS_AI/Model_AIIC_refactor/experiments_refactored/20260425_135159_full_mlp_capacity_search_v2/full_mlp_capacity_search_hd512_depth4,,,,,,,onnxruntime,bf16,,4,4,skipped,ONNX Runtime benchmark currently supports precision profile fp32 only,0.0,,,,,,,,,,,,,,,,349328,348160,697560,sub-physical,0.03125,0.015625,Intel(R) Xeon(R) 6760P,AVX512,"avx2,avx512f,avx512bw,avx512vl,avx512_vnni,avx512_bf16,amx_bf16,amx_int8,amx_tile,fma",True,True,,1.23.2,,,,256,128,sh14l07002s1404,3.11.9,2.1.2+cu121
20260427_080229,2026-04-27T12:13:30.828731,cpu,onnxruntime,full_mlp_capacity_search_hd512_depth4,/home/liangyi/SRS_AI/Model_AIIC_refactor/experiments_refactored/20260425_135159_full_mlp_capacity_search_v2/full_mlp_capacity_search_hd512_depth4,,,,,,,onnxruntime,bf16,,4,8,skipped,ONNX Runtime benchmark currently supports precision profile fp32 only,0.0,,,,,,,,,,,,,,,,349328,348160,697560,sub-physical,0.0625,0.03125,Intel(R) Xeon(R) 6760P,AVX512,"avx2,avx512f,avx512bw,avx512vl,avx512_vnni,avx512_bf16,amx_bf16,amx_int8,amx_tile,fma",True,True,,1.23.2,,,,256,128,sh14l07002s1404,3.11.9,2.1.2+cu121
20260427_080229,2026-04-27T12:13:30.828731,cpu,onnxruntime,full_mlp_capacity_search_hd512_depth4,/home/liangyi/SRS_AI/Model_AIIC_refactor/experiments_refactored/20260425_135159_full_mlp_capacity_search_v2/full_mlp_capacity_search_hd512_depth4,,,,,,,onnxruntime,bf16,,8,1,skipped,ONNX Runtime benchmark currently supports precision profile fp32 only,0.0,,,,,,,,,,,,,,,,349328,348160,697560,single-thread,0.0078125,0.00390625,Intel(R) Xeon(R) 6760P,AVX512,"avx2,avx512f,avx512bw,avx512vl,avx512_vnni,avx512_bf16,amx_bf16,amx_int8,amx_tile,fma",True,True,,1.23.2,,,,256,128,sh14l07002s1404,3.11.9,2.1.2+cu121
20260427_080229,2026-04-27T12:13:30.828731,cpu,onnxruntime,full_mlp_capacity_search_hd512_depth4,/home/liangyi/SRS_AI/Model_AIIC_refactor/experiments_refactored/20260425_135159_full_mlp_capacity_search_v2/full_mlp_capacity_search_hd512_depth4,,,,,,,onnxruntime,bf16,,8,2,skipped,ONNX Runtime benchmark currently supports precision profile fp32 only,0.0,,,,,,,,,,,,,,,,349328,348160,697560,sub-physical,0.015625,0.0078125,Intel(R) Xeon(R) 6760P,AVX512,"avx2,avx512f,avx512bw,avx512vl,avx512_vnni,avx512_bf16,amx_bf16,amx_int8,amx_tile,fma",True,True,,1.23.2,,,,256,128,sh14l07002s1404,3.11.9,2.1.2+cu121
20260427_080229,2026-04-27T12:13:30.828731,cpu,onnxruntime,full_mlp_capacity_search_hd512_depth4,/home/liangyi/SRS_AI/Model_AIIC_refactor/experiments_refactored/20260425_135159_full_mlp_capacity_search_v2/full_mlp_capacity_search_hd512_depth4,,,,,,,onnxruntime,bf16,,8,4,skipped,ONNX Runtime benchmark currently supports precision profile fp32 only,0.0,,,,,,,,,,,,,,,,349328,348160,697560,sub-physical,0.03125,0.015625,Intel(R) Xeon(R) 6760P,AVX512,"avx2,avx512f,avx512bw,avx512vl,avx512_vnni,avx512_bf16,amx_bf16,amx_int8,amx_tile,fma",True,True,,1.23.2,,,,256,128,sh14l07002s1404,3.11.9,2.1.2+cu121
20260427_080229,2026-04-27T12:13:30.828731,cpu,onnxruntime,full_mlp_capacity_search_hd512_depth4,/home/liangyi/SRS_AI/Model_AIIC_refactor/experiments_refactored/20260425_135159_full_mlp_capacity_search_v2/full_mlp_capacity_search_hd512_depth4,,,,,,,onnxruntime,bf16,,8,8,skipped,ONNX Runtime benchmark currently supports precision profile fp32 only,0.0,,,,,,,,,,,,,,,,349328,348160,697560,sub-physical,0.0625,0.03125,Intel(R) Xeon(R) 6760P,AVX512,"avx2,avx512f,avx512bw,avx512vl,avx512_vnni,avx512_bf16,amx_bf16,amx_int8,amx_tile,fma",True,True,,1.23.2,,,,256,128,sh14l07002s1404,3.11.9,2.1.2+cu121
20260427_080229,2026-04-27T12:13:30.828731,cpu,onnxruntime,full_mlp_capacity_search_hd512_depth4,/home/liangyi/SRS_AI/Model_AIIC_refactor/experiments_refactored/20260425_135159_full_mlp_capacity_search_v2/full_mlp_capacity_search_hd512_depth4,,,,,,,onnxruntime,bf16,,16,1,skipped,ONNX Runtime benchmark currently supports precision profile fp32 only,0.0,,,,,,,,,,,,,,,,349328,348160,697560,single-thread,0.0078125,0.00390625,Intel(R) Xeon(R) 6760P,AVX512,"avx2,avx512f,avx512bw,avx512vl,avx512_vnni,avx512_bf16,amx_bf16,amx_int8,amx_tile,fma",True,True,,1.23.2,,,,256,128,sh14l07002s1404,3.11.9,2.1.2+cu121
20260427_080229,2026-04-27T12:13:30.828731,cpu,onnxruntime,full_mlp_capacity_search_hd512_depth4,/home/liangyi/SRS_AI/Model_AIIC_refactor/experiments_refactored/20260425_135159_full_mlp_capacity_search_v2/full_mlp_capacity_search_hd512_depth4,,,,,,,onnxruntime,bf16,,16,2,skipped,ONNX Runtime benchmark currently supports precision profile fp32 only,0.0,,,,,,,,,,,,,,,,349328,348160,697560,sub-physical,0.015625,0.0078125,Intel(R) Xeon(R) 6760P,AVX512,"avx2,avx512f,avx512bw,avx512vl,avx512_vnni,avx512_bf16,amx_bf16,amx_int8,amx_tile,fma",True,True,,1.23.2,,,,256,128,sh14l07002s1404,3.11.9,2.1.2+cu121
20260427_080229,2026-04-27T12:13:30.828731,cpu,onnxruntime,full_mlp_capacity_search_hd512_depth4,/home/liangyi/SRS_AI/Model_AIIC_refactor/experiments_refactored/20260425_135159_full_mlp_capacity_search_v2/full_mlp_capacity_search_hd512_depth4,,,,,,,onnxruntime,bf16,,16,4,skipped,ONNX Runtime benchmark currently supports precision profile fp32 only,0.0,,,,,,,,,,,,,,,,349328,348160,697560,sub-physical,0.03125,0.015625,Intel(R) Xeon(R) 6760P,AVX512,"avx2,avx512f,avx512bw,avx512vl,avx512_vnni,avx512_bf16,amx_bf16,amx_int8,amx_tile,fma",True,True,,1.23.2,,,,256,128,sh14l07002s1404,3.11.9,2.1.2+cu121
20260427_080229,2026-04-27T12:13:30.828731,cpu,onnxruntime,full_mlp_capacity_search_hd512_depth4,/home/liangyi/SRS_AI/Model_AIIC_refactor/experiments_refactored/20260425_135159_full_mlp_capacity_search_v2/full_mlp_capacity_search_hd512_depth4,,,,,,,onnxruntime,bf16,,16,8,skipped,ONNX Runtime benchmark currently supports precision profile fp32 only,0.0,,,,,,,,,,,,,,,,349328,348160,697560,sub-physical,0.0625,0.03125,Intel(R) Xeon(R) 6760P,AVX512,"avx2,avx512f,avx512bw,avx512vl,avx512_vnni,avx512_bf16,amx_bf16,amx_int8,amx_tile,fma",True,True,,1.23.2,,,,256,128,sh14l07002s1404,3.11.9,2.1.2+cu121
20260427_080229,2026-04-27T12:13:30.828731,cpu,onnxruntime,full_mlp_capacity_search_hd512_depth4,/home/liangyi/SRS_AI/Model_AIIC_refactor/experiments_refactored/20260425_135159_full_mlp_capacity_search_v2/full_mlp_capacity_search_hd512_depth4,,,,,,,onnxruntime,bf16,,32,1,skipped,ONNX Runtime benchmark currently supports precision profile fp32 only,0.0,,,,,,,,,,,,,,,,349328,348160,697560,single-thread,0.0078125,0.00390625,Intel(R) Xeon(R) 6760P,AVX512,"avx2,avx512f,avx512bw,avx512vl,avx512_vnni,avx512_bf16,amx_bf16,amx_int8,amx_tile,fma",True,True,,1.23.2,,,,256,128,sh14l07002s1404,3.11.9,2.1.2+cu121
20260427_080229,2026-04-27T12:13:30.828731,cpu,onnxruntime,full_mlp_capacity_search_hd512_depth4,/home/liangyi/SRS_AI/Model_AIIC_refactor/experiments_refactored/20260425_135159_full_mlp_capacity_search_v2/full_mlp_capacity_search_hd512_depth4,,,,,,,onnxruntime,bf16,,32,2,skipped,ONNX Runtime benchmark currently supports precision profile fp32 only,0.0,,,,,,,,,,,,,,,,349328,348160,697560,sub-physical,0.015625,0.0078125,Intel(R) Xeon(R) 6760P,AVX512,"avx2,avx512f,avx512bw,avx512vl,avx512_vnni,avx512_bf16,amx_bf16,amx_int8,amx_tile,fma",True,True,,1.23.2,,,,256,128,sh14l07002s1404,3.11.9,2.1.2+cu121
20260427_080229,2026-04-27T12:13:30.828731,cpu,onnxruntime,full_mlp_capacity_search_hd512_depth4,/home/liangyi/SRS_AI/Model_AIIC_refactor/experiments_refactored/20260425_135159_full_mlp_capacity_search_v2/full_mlp_capacity_search_hd512_depth4,,,,,,,onnxruntime,bf16,,32,4,skipped,ONNX Runtime benchmark currently supports precision profile fp32 only,0.0,,,,,,,,,,,,,,,,349328,348160,697560,sub-physical,0.03125,0.015625,Intel(R) Xeon(R) 6760P,AVX512,"avx2,avx512f,avx512bw,avx512vl,avx512_vnni,avx512_bf16,amx_bf16,amx_int8,amx_tile,fma",True,True,,1.23.2,,,,256,128,sh14l07002s1404,3.11.9,2.1.2+cu121
20260427_080229,2026-04-27T12:13:30.828731,cpu,onnxruntime,full_mlp_capacity_search_hd512_depth4,/home/liangyi/SRS_AI/Model_AIIC_refactor/experiments_refactored/20260425_135159_full_mlp_capacity_search_v2/full_mlp_capacity_search_hd512_depth4,,,,,,,onnxruntime,bf16,,32,8,skipped,ONNX Runtime benchmark currently supports precision profile fp32 only,0.0,,,,,,,,,,,,,,,,349328,348160,697560,sub-physical,0.0625,0.03125,Intel(R) Xeon(R) 6760P,AVX512,"avx2,avx512f,avx512bw,avx512vl,avx512_vnni,avx512_bf16,amx_bf16,amx_int8,amx_tile,fma",True,True,,1.23.2,,,,256,128,sh14l07002s1404,3.11.9,2.1.2+cu121
20260427_080229,2026-04-27T12:13:30.828731,cpu,onnxruntime,full_mlp_capacity_search_hd512_depth4,/home/liangyi/SRS_AI/Model_AIIC_refactor/experiments_refactored/20260425_135159_full_mlp_capacity_search_v2/full_mlp_capacity_search_hd512_depth4,,,,,,,onnxruntime,bf16,,64,1,skipped,ONNX Runtime benchmark currently supports precision profile fp32 only,0.0,,,,,,,,,,,,,,,,349328,348160,697560,single-thread,0.0078125,0.00390625,Intel(R) Xeon(R) 6760P,AVX512,"avx2,avx512f,avx512bw,avx512vl,avx512_vnni,avx512_bf16,amx_bf16,amx_int8,amx_tile,fma",True,True,,1.23.2,,,,256,128,sh14l07002s1404,3.11.9,2.1.2+cu121
20260427_080229,2026-04-27T12:13:30.828731,cpu,onnxruntime,full_mlp_capacity_search_hd512_depth4,/home/liangyi/SRS_AI/Model_AIIC_refactor/experiments_refactored/20260425_135159_full_mlp_capacity_search_v2/full_mlp_capacity_search_hd512_depth4,,,,,,,onnxruntime,bf16,,64,2,skipped,ONNX Runtime benchmark currently supports precision profile fp32 only,0.0,,,,,,,,,,,,,,,,349328,348160,697560,sub-physical,0.015625,0.0078125,Intel(R) Xeon(R) 6760P,AVX512,"avx2,avx512f,avx512bw,avx512vl,avx512_vnni,avx512_bf16,amx_bf16,amx_int8,amx_tile,fma",True,True,,1.23.2,,,,256,128,sh14l07002s1404,3.11.9,2.1.2+cu121
20260427_080229,2026-04-27T12:13:30.828731,cpu,onnxruntime,full_mlp_capacity_search_hd512_depth4,/home/liangyi/SRS_AI/Model_AIIC_refactor/experiments_refactored/20260425_135159_full_mlp_capacity_search_v2/full_mlp_capacity_search_hd512_depth4,,,,,,,onnxruntime,bf16,,64,4,skipped,ONNX Runtime benchmark currently supports precision profile fp32 only,0.0,,,,,,,,,,,,,,,,349328,348160,697560,sub-physical,0.03125,0.015625,Intel(R) Xeon(R) 6760P,AVX512,"avx2,avx512f,avx512bw,avx512vl,avx512_vnni,avx512_bf16,amx_bf16,amx_int8,amx_tile,fma",True,True,,1.23.2,,,,256,128,sh14l07002s1404,3.11.9,2.1.2+cu121
20260427_080229,2026-04-27T12:13:30.828731,cpu,onnxruntime,full_mlp_capacity_search_hd512_depth4,/home/liangyi/SRS_AI/Model_AIIC_refactor/experiments_refactored/20260425_135159_full_mlp_capacity_search_v2/full_mlp_capacity_search_hd512_depth4,,,,,,,onnxruntime,bf16,,64,8,skipped,ONNX Runtime benchmark currently supports precision profile fp32 only,0.0,,,,,,,,,,,,,,,,349328,348160,697560,sub-physical,0.0625,0.03125,Intel(R) Xeon(R) 6760P,AVX512,"avx2,avx512f,avx512bw,avx512vl,avx512_vnni,avx512_bf16,amx_bf16,amx_int8,amx_tile,fma",True,True,,1.23.2,,,,256,128,sh14l07002s1404,3.11.9,2.1.2+cu121
20260427_080229,2026-04-27T12:13:30.828731,cpu,onnxruntime,full_mlp_capacity_search_hd512_depth4,/home/liangyi/SRS_AI/Model_AIIC_refactor/experiments_refactored/20260425_135159_full_mlp_capacity_search_v2/full_mlp_capacity_search_hd512_depth4,,,,,,,onnxruntime,bf16,,128,1,skipped,ONNX Runtime benchmark currently supports precision profile fp32 only,0.0,,,,,,,,,,,,,,,,349328,348160,697560,single-thread,0.0078125,0.00390625,Intel(R) Xeon(R) 6760P,AVX512,"avx2,avx512f,avx512bw,avx512vl,avx512_vnni,avx512_bf16,amx_bf16,amx_int8,amx_tile,fma",True,True,,1.23.2,,,,256,128,sh14l07002s1404,3.11.9,2.1.2+cu121
20260427_080229,2026-04-27T12:13:30.828731,cpu,onnxruntime,full_mlp_capacity_search_hd512_depth4,/home/liangyi/SRS_AI/Model_AIIC_refactor/experiments_refactored/20260425_135159_full_mlp_capacity_search_v2/full_mlp_capacity_search_hd512_depth4,,,,,,,onnxruntime,bf16,,128,2,skipped,ONNX Runtime benchmark currently supports precision profile fp32 only,0.0,,,,,,,,,,,,,,,,349328,348160,697560,sub-physical,0.015625,0.0078125,Intel(R) Xeon(R) 6760P,AVX512,"avx2,avx512f,avx512bw,avx512vl,avx512_vnni,avx512_bf16,amx_bf16,amx_int8,amx_tile,fma",True,True,,1.23.2,,,,256,128,sh14l07002s1404,3.11.9,2.1.2+cu121
20260427_080229,2026-04-27T12:13:30.828731,cpu,onnxruntime,full_mlp_capacity_search_hd512_depth4,/home/liangyi/SRS_AI/Model_AIIC_refactor/experiments_refactored/20260425_135159_full_mlp_capacity_search_v2/full_mlp_capacity_search_hd512_depth4,,,,,,,onnxruntime,bf16,,128,4,skipped,ONNX Runtime benchmark currently supports precision profile fp32 only,0.0,,,,,,,,,,,,,,,,349328,348160,697560,sub-physical,0.03125,0.015625,Intel(R) Xeon(R) 6760P,AVX512,"avx2,avx512f,avx512bw,avx512vl,avx512_vnni,avx512_bf16,amx_bf16,amx_int8,amx_tile,fma",True,True,,1.23.2,,,,256,128,sh14l07002s1404,3.11.9,2.1.2+cu121
20260427_080229,2026-04-27T12:13:30.828731,cpu,onnxruntime,full_mlp_capacity_search_hd512_depth4,/home/liangyi/SRS_AI/Model_AIIC_refactor/experiments_refactored/20260425_135159_full_mlp_capacity_search_v2/full_mlp_capacity_search_hd512_depth4,,,,,,,onnxruntime,bf16,,128,8,skipped,ONNX Runtime benchmark currently supports precision profile fp32 only,0.0,,,,,,,,,,,,,,,,349328,348160,697560,sub-physical,0.0625,0.03125,Intel(R) Xeon(R) 6760P,AVX512,"avx2,avx512f,avx512bw,avx512vl,avx512_vnni,avx512_bf16,amx_bf16,amx_int8,amx_tile,fma",True,True,,1.23.2,,,,256,128,sh14l07002s1404,3.11.9,2.1.2+cu121
20260427_080229,2026-04-27T12:13:30.828731,cpu,openvino,full_mlp_capacity_search_hd512_depth4,/home/liangyi/SRS_AI/Model_AIIC_refactor/experiments_refactored/20260425_135159_full_mlp_capacity_search_v2/full_mlp_capacity_search_hd512_depth4,full_mlp_capacity_search_v2,full_mlp_capacity_search_hd512_depth4,supervised_nmse_plateau,full_mlp,12,6,openvino,fp32,float32,1,1,ok,,224.61693,20,50,0.22258648,0.03984872421156793,0.148413,0.2207835,0.2670115,0.28845109999999996,0.31576313,0.318979,4492.635851018445,4.492635851018445,220.7835,220.7835,4492.635851018445,349328,348160,697560,single-thread,0.0078125,0.00390625,Intel(R) Xeon(R) 6760P,AVX512,"avx2,avx512f,avx512bw,avx512vl,avx512_vnni,avx512_bf16,amx_bf16,amx_int8,amx_tile,fma",True,True,,,,2026.1.0,CPU,256,128,sh14l07002s1404,3.11.9,2.1.2+cu121
20260427_080229,2026-04-27T12:13:30.828731,cpu,openvino,full_mlp_capacity_search_hd512_depth4,/home/liangyi/SRS_AI/Model_AIIC_refactor/experiments_refactored/20260425_135159_full_mlp_capacity_search_v2/full_mlp_capacity_search_hd512_depth4,full_mlp_capacity_search_v2,full_mlp_capacity_search_hd512_depth4,supervised_nmse_plateau,full_mlp,12,6,openvino,fp32,float32,1,2,ok,,221.609741,20,50,0.23177626,0.0424111656514225,0.162058,0.228543,0.281268,0.28757315,0.3347418299999999,0.363423,4314.505722026924,4.314505722026924,228.543,228.543,2157.252861013462,349328,348160,697560,sub-physical,0.015625,0.0078125,Intel(R) Xeon(R) 6760P,AVX512,"avx2,avx512f,avx512bw,avx512vl,avx512_vnni,avx512_bf16,amx_bf16,amx_int8,amx_tile,fma",True,True,,,,2026.1.0,CPU,256,128,sh14l07002s1404,3.11.9,2.1.2+cu121
20260427_080229,2026-04-27T12:13:30.828731,cpu,openvino,full_mlp_capacity_search_hd512_depth4,/home/liangyi/SRS_AI/Model_AIIC_refactor/experiments_refactored/20260425_135159_full_mlp_capacity_search_v2/full_mlp_capacity_search_hd512_depth4,full_mlp_capacity_search_v2,full_mlp_capacity_search_hd512_depth4,supervised_nmse_plateau,full_mlp,12,6,openvino,fp32,float32,1,4,ok,,222.625263,20,50,0.21489976,0.036732894608271754,0.146886,0.2117035,0.25819990000000004,0.28408999999999995,0.30155824999999997,0.307328,4653.332325731773,4.653332325731774,211.7035,211.7035,1163.3330814329433,349328,348160,697560,sub-physical,0.03125,0.015625,Intel(R) Xeon(R) 6760P,AVX512,"avx2,avx512f,avx512bw,avx512vl,avx512_vnni,avx512_bf16,amx_bf16,amx_int8,amx_tile,fma",True,True,,,,2026.1.0,CPU,256,128,sh14l07002s1404,3.11.9,2.1.2+cu121
20260427_080229,2026-04-27T12:13:30.828731,cpu,openvino,full_mlp_capacity_search_hd512_depth4,/home/liangyi/SRS_AI/Model_AIIC_refactor/experiments_refactored/20260425_135159_full_mlp_capacity_search_v2/full_mlp_capacity_search_hd512_depth4,full_mlp_capacity_search_v2,full_mlp_capacity_search_hd512_depth4,supervised_nmse_plateau,full_mlp,12,6,openvino,fp32,float32,1,8,ok,,222.942254,20,50,0.23509586,0.03987390796398567,0.153461,0.23587550000000002,0.2827496,0.2987477499999999,0.33315874999999995,0.353702,4253.5840486514735,4.253584048651473,235.87550000000002,235.87550000000002,531.6980060814342,349328,348160,697560,sub-physical,0.0625,0.03125,Intel(R) Xeon(R) 6760P,AVX512,"avx2,avx512f,avx512bw,avx512vl,avx512_vnni,avx512_bf16,amx_bf16,amx_int8,amx_tile,fma",True,True,,,,2026.1.0,CPU,256,128,sh14l07002s1404,3.11.9,2.1.2+cu121
20260427_080229,2026-04-27T12:13:30.828731,cpu,openvino,full_mlp_capacity_search_hd512_depth4,/home/liangyi/SRS_AI/Model_AIIC_refactor/experiments_refactored/20260425_135159_full_mlp_capacity_search_v2/full_mlp_capacity_search_hd512_depth4,full_mlp_capacity_search_v2,full_mlp_capacity_search_hd512_depth4,supervised_nmse_plateau,full_mlp,12,6,openvino,fp32,float32,2,1,ok,,219.745,20,50,0.32830306,0.31073829203324205,0.18104,0.263075,0.35839770000000004,0.6406020499999999,1.6418382299999974,2.317486,6091.932253083478,6.091932253083478,263.075,131.5375,6091.932253083478,349328,348160,697560,single-thread,0.0078125,0.00390625,Intel(R) Xeon(R) 6760P,AVX512,"avx2,avx512f,avx512bw,avx512vl,avx512_vnni,avx512_bf16,amx_bf16,amx_int8,amx_tile,fma",True,True,,,,2026.1.0,CPU,256,128,sh14l07002s1404,3.11.9,2.1.2+cu121
20260427_080229,2026-04-27T12:13:30.828731,cpu,openvino,full_mlp_capacity_search_hd512_depth4,/home/liangyi/SRS_AI/Model_AIIC_refactor/experiments_refactored/20260425_135159_full_mlp_capacity_search_v2/full_mlp_capacity_search_hd512_depth4,full_mlp_capacity_search_v2,full_mlp_capacity_search_hd512_depth4,supervised_nmse_plateau,full_mlp,12,6,openvino,fp32,float32,2,2,ok,,220.727249,20,50,0.28543294,0.04167630244463153,0.223011,0.27723949999999997,0.3352238,0.35992715,0.4087500199999999,0.444031,7006.899764266871,7.006899764266871,277.23949999999996,138.61974999999998,3503.4498821334355,349328,348160,697560,sub-physical,0.015625,0.0078125,Intel(R) Xeon(R) 6760P,AVX512,"avx2,avx512f,avx512bw,avx512vl,avx512_vnni,avx512_bf16,amx_bf16,amx_int8,amx_tile,fma",True,True,,,,2026.1.0,CPU,256,128,sh14l07002s1404,3.11.9,2.1.2+cu121
20260427_080229,2026-04-27T12:13:30.828731,cpu,openvino,full_mlp_capacity_search_hd512_depth4,/home/liangyi/SRS_AI/Model_AIIC_refactor/experiments_refactored/20260425_135159_full_mlp_capacity_search_v2/full_mlp_capacity_search_hd512_depth4,full_mlp_capacity_search_v2,full_mlp_capacity_search_hd512_depth4,supervised_nmse_plateau,full_mlp,12,6,openvino,fp32,float32,2,4,ok,,219.735203,20,50,0.39535198,0.18260680871988208,0.230239,0.302863,0.7180577,0.77042135,0.8514445799999999,0.872445,5058.783315060165,5.058783315060165,302.863,151.4315,1264.6958287650411,349328,348160,697560,sub-physical,0.03125,0.015625,Intel(R) Xeon(R) 6760P,AVX512,"avx2,avx512f,avx512bw,avx512vl,avx512_vnni,avx512_bf16,amx_bf16,amx_int8,amx_tile,fma",True,True,,,,2026.1.0,CPU,256,128,sh14l07002s1404,3.11.9,2.1.2+cu121
20260427_080229,2026-04-27T12:13:30.828731,cpu,openvino,full_mlp_capacity_search_hd512_depth4,/home/liangyi/SRS_AI/Model_AIIC_refactor/experiments_refactored/20260425_135159_full_mlp_capacity_search_v2/full_mlp_capacity_search_hd512_depth4,full_mlp_capacity_search_v2,full_mlp_capacity_search_hd512_depth4,supervised_nmse_plateau,full_mlp,12,6,openvino,fp32,float32,2,8,ok,,219.510532,20,50,1.5578888199999998,8.031478741781477,0.170978,0.2340545,0.49803490000000017,0.9661689999999996,32.54803011999989,57.418623,1283.788659578416,1.283788659578416,234.0545,117.02725,160.473582447302,349328,348160,697560,sub-physical,0.0625,0.03125,Intel(R) Xeon(R) 6760P,AVX512,"avx2,avx512f,avx512bw,avx512vl,avx512_vnni,avx512_bf16,amx_bf16,amx_int8,amx_tile,fma",True,True,,,,2026.1.0,CPU,256,128,sh14l07002s1404,3.11.9,2.1.2+cu121
20260427_080229,2026-04-27T12:13:30.828731,cpu,openvino,full_mlp_capacity_search_hd512_depth4,/home/liangyi/SRS_AI/Model_AIIC_refactor/experiments_refactored/20260425_135159_full_mlp_capacity_search_v2/full_mlp_capacity_search_hd512_depth4,full_mlp_capacity_search_v2,full_mlp_capacity_search_hd512_depth4,supervised_nmse_plateau,full_mlp,12,6,openvino,fp32,float32,4,1,ok,,222.003391,20,50,0.23911856,0.06344587141182947,0.171172,0.236517,0.27289620000000003,0.29205619999999993,0.4708325199999994,0.609283,16728.103414473557,16.72810341447356,236.517,59.12925,16728.103414473557,349328,348160,697560,single-thread,0.0078125,0.00390625,Intel(R) Xeon(R) 6760P,AVX512,"avx2,avx512f,avx512bw,avx512vl,avx512_vnni,avx512_bf16,amx_bf16,amx_int8,amx_tile,fma",True,True,,,,2026.1.0,CPU,256,128,sh14l07002s1404,3.11.9,2.1.2+cu121
20260427_080229,2026-04-27T12:13:30.828731,cpu,openvino,full_mlp_capacity_search_hd512_depth4,/home/liangyi/SRS_AI/Model_AIIC_refactor/experiments_refactored/20260425_135159_full_mlp_capacity_search_v2/full_mlp_capacity_search_hd512_depth4,full_mlp_capacity_search_v2,full_mlp_capacity_search_hd512_depth4,supervised_nmse_plateau,full_mlp,12,6,openvino,fp32,float32,4,2,ok,,221.796911,20,50,0.23973612,0.05289519658027182,0.166744,0.230552,0.3143033,0.3195537,0.3990063499999998,0.452262,16685.011837181646,16.685011837181648,230.55200000000002,57.638000000000005,8342.505918590823,349328,348160,697560,sub-physical,0.015625,0.0078125,Intel(R) Xeon(R) 6760P,AVX512,"avx2,avx512f,avx512bw,avx512vl,avx512_vnni,avx512_bf16,amx_bf16,amx_int8,amx_tile,fma",True,True,,,,2026.1.0,CPU,256,128,sh14l07002s1404,3.11.9,2.1.2+cu121
20260427_080229,2026-04-27T12:13:30.828731,cpu,openvino,full_mlp_capacity_search_hd512_depth4,/home/liangyi/SRS_AI/Model_AIIC_refactor/experiments_refactored/20260425_135159_full_mlp_capacity_search_v2/full_mlp_capacity_search_hd512_depth4,full_mlp_capacity_search_v2,full_mlp_capacity_search_hd512_depth4,supervised_nmse_plateau,full_mlp,12,6,openvino,fp32,float32,4,4,ok,,223.816464,20,50,0.28375106,0.03520302641160842,0.207609,0.28657699999999997,0.3274495,0.33226825,0.3549287,0.368879,14096.863638148172,14.096863638148172,286.577,71.64425,3524.215909537043,349328,348160,697560,sub-physical,0.03125,0.015625,Intel(R) Xeon(R) 6760P,AVX512,"avx2,avx512f,avx512bw,avx512vl,avx512_vnni,avx512_bf16,amx_bf16,amx_int8,amx_tile,fma",True,True,,,,2026.1.0,CPU,256,128,sh14l07002s1404,3.11.9,2.1.2+cu121
20260427_080229,2026-04-27T12:13:30.828731,cpu,openvino,full_mlp_capacity_search_hd512_depth4,/home/liangyi/SRS_AI/Model_AIIC_refactor/experiments_refactored/20260425_135159_full_mlp_capacity_search_v2/full_mlp_capacity_search_hd512_depth4,full_mlp_capacity_search_v2,full_mlp_capacity_search_hd512_depth4,supervised_nmse_plateau,full_mlp,12,6,openvino,fp32,float32,4,8,ok,,225.243793,20,50,0.8129962000000001,0.7455479660210736,0.234464,0.5548150000000001,1.9582018000000003,2.5231018499999984,3.09177965,3.128782,4920.0721971394205,4.920072197139421,554.815,138.70375,615.0090246424276,349328,348160,697560,sub-physical,0.0625,0.03125,Intel(R) Xeon(R) 6760P,AVX512,"avx2,avx512f,avx512bw,avx512vl,avx512_vnni,avx512_bf16,amx_bf16,amx_int8,amx_tile,fma",True,True,,,,2026.1.0,CPU,256,128,sh14l07002s1404,3.11.9,2.1.2+cu121
20260427_080229,2026-04-27T12:13:30.828731,cpu,openvino,full_mlp_capacity_search_hd512_depth4,/home/liangyi/SRS_AI/Model_AIIC_refactor/experiments_refactored/20260425_135159_full_mlp_capacity_search_v2/full_mlp_capacity_search_hd512_depth4,full_mlp_capacity_search_v2,full_mlp_capacity_search_hd512_depth4,supervised_nmse_plateau,full_mlp,12,6,openvino,fp32,float32,8,1,ok,,222.095281,20,50,0.33186402,0.1003744687630256,0.23552,0.310174,0.41714480000000004,0.48521604999999995,0.7004710899999993,0.891355,24106.258943045406,24.106258943045408,310.174,38.77175,24106.258943045406,349328,348160,697560,single-thread,0.0078125,0.00390625,Intel(R) Xeon(R) 6760P,AVX512,"avx2,avx512f,avx512bw,avx512vl,avx512_vnni,avx512_bf16,amx_bf16,amx_int8,amx_tile,fma",True,True,,,,2026.1.0,CPU,256,128,sh14l07002s1404,3.11.9,2.1.2+cu121
20260427_080229,2026-04-27T12:13:30.828731,cpu,openvino,full_mlp_capacity_search_hd512_depth4,/home/liangyi/SRS_AI/Model_AIIC_refactor/experiments_refactored/20260425_135159_full_mlp_capacity_search_v2/full_mlp_capacity_search_hd512_depth4,full_mlp_capacity_search_v2,full_mlp_capacity_search_hd512_depth4,supervised_nmse_plateau,full_mlp,12,6,openvino,fp32,float32,8,2,ok,,220.756897,20,50,0.3063986,0.05558839064445021,0.21864,0.29574449999999997,0.3885471,0.40962719999999997,0.44483391,0.448921,26109.779874973316,26.109779874973317,295.74449999999996,36.968062499999995,13054.889937486658,349328,348160,697560,sub-physical,0.015625,0.0078125,Intel(R) Xeon(R) 6760P,AVX512,"avx2,avx512f,avx512bw,avx512vl,avx512_vnni,avx512_bf16,amx_bf16,amx_int8,amx_tile,fma",True,True,,,,2026.1.0,CPU,256,128,sh14l07002s1404,3.11.9,2.1.2+cu121
20260427_080229,2026-04-27T12:13:30.828731,cpu,openvino,full_mlp_capacity_search_hd512_depth4,/home/liangyi/SRS_AI/Model_AIIC_refactor/experiments_refactored/20260425_135159_full_mlp_capacity_search_v2/full_mlp_capacity_search_hd512_depth4,full_mlp_capacity_search_v2,full_mlp_capacity_search_hd512_depth4,supervised_nmse_plateau,full_mlp,12,6,openvino,fp32,float32,8,4,ok,,221.164188,20,50,0.29894844,0.043190998077914336,0.213388,0.29971749999999997,0.3575129,0.35905204999999996,0.3949245399999999,0.427781,26760.46745719764,26.760467457197638,299.7175,37.4646875,6690.11686429941,349328,348160,697560,sub-physical,0.03125,0.015625,Intel(R) Xeon(R) 6760P,AVX512,"avx2,avx512f,avx512bw,avx512vl,avx512_vnni,avx512_bf16,amx_bf16,amx_int8,amx_tile,fma",True,True,,,,2026.1.0,CPU,256,128,sh14l07002s1404,3.11.9,2.1.2+cu121
20260427_080229,2026-04-27T12:13:30.828731,cpu,openvino,full_mlp_capacity_search_hd512_depth4,/home/liangyi/SRS_AI/Model_AIIC_refactor/experiments_refactored/20260425_135159_full_mlp_capacity_search_v2/full_mlp_capacity_search_hd512_depth4,full_mlp_capacity_search_v2,full_mlp_capacity_search_hd512_depth4,supervised_nmse_plateau,full_mlp,12,6,openvino,fp32,float32,8,8,ok,,219.672265,20,50,0.34102652,0.12715582140196963,0.228708,0.305021,0.439871,0.5504259999999996,0.8548194099999995,0.993583,23458.586153358396,23.458586153358397,305.02099999999996,38.127624999999995,2932.3232691697995,349328,348160,697560,sub-physical,0.0625,0.03125,Intel(R) Xeon(R) 6760P,AVX512,"avx2,avx512f,avx512bw,avx512vl,avx512_vnni,avx512_bf16,amx_bf16,amx_int8,amx_tile,fma",True,True,,,,2026.1.0,CPU,256,128,sh14l07002s1404,3.11.9,2.1.2+cu121
20260427_080229,2026-04-27T12:13:30.828731,cpu,openvino,full_mlp_capacity_search_hd512_depth4,/home/liangyi/SRS_AI/Model_AIIC_refactor/experiments_refactored/20260425_135159_full_mlp_capacity_search_v2/full_mlp_capacity_search_hd512_depth4,full_mlp_capacity_search_v2,full_mlp_capacity_search_hd512_depth4,supervised_nmse_plateau,full_mlp,12,6,openvino,fp32,float32,16,1,ok,,219.519415,20,50,0.30595628,0.04684922274661128,0.240345,0.3039595,0.35774100000000003,0.3797102,0.4476935799999998,0.494762,52295.05339782533,52.29505339782533,303.9595,18.99746875,52295.05339782533,349328,348160,697560,single-thread,0.0078125,0.00390625,Intel(R) Xeon(R) 6760P,AVX512,"avx2,avx512f,avx512bw,avx512vl,avx512_vnni,avx512_bf16,amx_bf16,amx_int8,amx_tile,fma",True,True,,,,2026.1.0,CPU,256,128,sh14l07002s1404,3.11.9,2.1.2+cu121
20260427_080229,2026-04-27T12:13:30.828731,cpu,openvino,full_mlp_capacity_search_hd512_depth4,/home/liangyi/SRS_AI/Model_AIIC_refactor/experiments_refactored/20260425_135159_full_mlp_capacity_search_v2/full_mlp_capacity_search_hd512_depth4,full_mlp_capacity_search_v2,full_mlp_capacity_search_hd512_depth4,supervised_nmse_plateau,full_mlp,12,6,openvino,fp32,float32,16,2,ok,,221.156578,20,50,0.29128658,0.05235749632825848,0.207359,0.286018,0.3408024,0.37364605,0.4654969399999998,0.509447,54928.72345852664,54.92872345852664,286.018,17.876125,27464.36172926332,349328,348160,697560,sub-physical,0.015625,0.0078125,Intel(R) Xeon(R) 6760P,AVX512,"avx2,avx512f,avx512bw,avx512vl,avx512_vnni,avx512_bf16,amx_bf16,amx_int8,amx_tile,fma",True,True,,,,2026.1.0,CPU,256,128,sh14l07002s1404,3.11.9,2.1.2+cu121
20260427_080229,2026-04-27T12:13:30.828731,cpu,openvino,full_mlp_capacity_search_hd512_depth4,/home/liangyi/SRS_AI/Model_AIIC_refactor/experiments_refactored/20260425_135159_full_mlp_capacity_search_v2/full_mlp_capacity_search_hd512_depth4,full_mlp_capacity_search_v2,full_mlp_capacity_search_hd512_depth4,supervised_nmse_plateau,full_mlp,12,6,openvino,fp32,float32,16,4,ok,,218.971263,20,50,1.04179664,1.2802900253427856,0.263577,0.4430845,2.3712697,4.504278649999996,5.317727489999999,5.342325,15358.083704320643,15.358083704320643,443.0845,27.69278125,3839.5209260801607,349328,348160,697560,sub-physical,0.03125,0.015625,Intel(R) Xeon(R) 6760P,AVX512,"avx2,avx512f,avx512bw,avx512vl,avx512_vnni,avx512_bf16,amx_bf16,amx_int8,amx_tile,fma",True,True,,,,2026.1.0,CPU,256,128,sh14l07002s1404,3.11.9,2.1.2+cu121
20260427_080229,2026-04-27T12:13:30.828731,cpu,openvino,full_mlp_capacity_search_hd512_depth4,/home/liangyi/SRS_AI/Model_AIIC_refactor/experiments_refactored/20260425_135159_full_mlp_capacity_search_v2/full_mlp_capacity_search_hd512_depth4,full_mlp_capacity_search_v2,full_mlp_capacity_search_hd512_depth4,supervised_nmse_plateau,full_mlp,12,6,openvino,fp32,float32,16,8,ok,,220.27869,20,50,0.26788204,0.048712887714837845,0.172966,0.2582135,0.3305272,0.34913914999999995,0.39929489999999995,0.411785,59727.781675845086,59.72778167584509,258.2135,16.13834375,7465.972709480636,349328,348160,697560,sub-physical,0.0625,0.03125,Intel(R) Xeon(R) 6760P,AVX512,"avx2,avx512f,avx512bw,avx512vl,avx512_vnni,avx512_bf16,amx_bf16,amx_int8,amx_tile,fma",True,True,,,,2026.1.0,CPU,256,128,sh14l07002s1404,3.11.9,2.1.2+cu121
20260427_080229,2026-04-27T12:13:30.828731,cpu,openvino,full_mlp_capacity_search_hd512_depth4,/home/liangyi/SRS_AI/Model_AIIC_refactor/experiments_refactored/20260425_135159_full_mlp_capacity_search_v2/full_mlp_capacity_search_hd512_depth4,full_mlp_capacity_search_v2,full_mlp_capacity_search_hd512_depth4,supervised_nmse_plateau,full_mlp,12,6,openvino,fp32,float32,32,1,ok,,220.089359,20,50,0.69443074,0.3525045877255393,0.306918,0.6796525,1.0724982,1.2677925999999997,1.6852892399999997,1.753803,46080.90937909805,46.080909379098046,679.6525,21.239140625,46080.90937909805,349328,348160,697560,single-thread,0.0078125,0.00390625,Intel(R) Xeon(R) 6760P,AVX512,"avx2,avx512f,avx512bw,avx512vl,avx512_vnni,avx512_bf16,amx_bf16,amx_int8,amx_tile,fma",True,True,,,,2026.1.0,CPU,256,128,sh14l07002s1404,3.11.9,2.1.2+cu121
20260427_080229,2026-04-27T12:13:30.828731,cpu,openvino,full_mlp_capacity_search_hd512_depth4,/home/liangyi/SRS_AI/Model_AIIC_refactor/experiments_refactored/20260425_135159_full_mlp_capacity_search_v2/full_mlp_capacity_search_hd512_depth4,full_mlp_capacity_search_v2,full_mlp_capacity_search_hd512_depth4,supervised_nmse_plateau,full_mlp,12,6,openvino,fp32,float32,32,2,ok,,223.181833,20,50,0.28162476,0.07356636119655777,0.202977,0.25439199999999995,0.3572769,0.45408664999999976,0.52269614,0.53167,113626.37290840481,113.6263729084048,254.39199999999994,7.949749999999998,56813.186454202405,349328,348160,697560,sub-physical,0.015625,0.0078125,Intel(R) Xeon(R) 6760P,AVX512,"avx2,avx512f,avx512bw,avx512vl,avx512_vnni,avx512_bf16,amx_bf16,amx_int8,amx_tile,fma",True,True,,,,2026.1.0,CPU,256,128,sh14l07002s1404,3.11.9,2.1.2+cu121
20260427_080229,2026-04-27T12:13:30.828731,cpu,openvino,full_mlp_capacity_search_hd512_depth4,/home/liangyi/SRS_AI/Model_AIIC_refactor/experiments_refactored/20260425_135159_full_mlp_capacity_search_v2/full_mlp_capacity_search_hd512_depth4,full_mlp_capacity_search_v2,full_mlp_capacity_search_hd512_depth4,supervised_nmse_plateau,full_mlp,12,6,openvino,fp32,float32,32,4,ok,,222.220925,20,50,0.29647416,0.06851629729673371,0.204881,0.29693650000000005,0.3538041,0.41955404999999985,0.5056821799999998,0.566157,107935.20757424526,107.93520757424525,296.9365,9.279265625,26983.801893561315,349328,348160,697560,sub-physical,0.03125,0.015625,Intel(R) Xeon(R) 6760P,AVX512,"avx2,avx512f,avx512bw,avx512vl,avx512_vnni,avx512_bf16,amx_bf16,amx_int8,amx_tile,fma",True,True,,,,2026.1.0,CPU,256,128,sh14l07002s1404,3.11.9,2.1.2+cu121
20260427_080229,2026-04-27T12:13:30.828731,cpu,openvino,full_mlp_capacity_search_hd512_depth4,/home/liangyi/SRS_AI/Model_AIIC_refactor/experiments_refactored/20260425_135159_full_mlp_capacity_search_v2/full_mlp_capacity_search_hd512_depth4,full_mlp_capacity_search_v2,full_mlp_capacity_search_hd512_depth4,supervised_nmse_plateau,full_mlp,12,6,openvino,fp32,float32,32,8,ok,,220.540458,20,50,0.34307598,0.052598121434701446,0.271767,0.3356875,0.3928756,0.41879569999999994,0.5299176199999998,0.576596,93273.79899927706,93.27379899927706,335.6875,10.490234375,11659.224874909632,349328,348160,697560,sub-physical,0.0625,0.03125,Intel(R) Xeon(R) 6760P,AVX512,"avx2,avx512f,avx512bw,avx512vl,avx512_vnni,avx512_bf16,amx_bf16,amx_int8,amx_tile,fma",True,True,,,,2026.1.0,CPU,256,128,sh14l07002s1404,3.11.9,2.1.2+cu121
20260427_080229,2026-04-27T12:13:30.828731,cpu,openvino,full_mlp_capacity_search_hd512_depth4,/home/liangyi/SRS_AI/Model_AIIC_refactor/experiments_refactored/20260425_135159_full_mlp_capacity_search_v2/full_mlp_capacity_search_hd512_depth4,full_mlp_capacity_search_v2,full_mlp_capacity_search_hd512_depth4,supervised_nmse_plateau,full_mlp,12,6,openvino,fp32,float32,64,1,ok,,222.486141,20,50,0.27478672,0.06939083182324304,0.200354,0.2534655,0.3688142,0.40582894999999997,0.44460291999999996,0.458515,232907.90763105292,232.90790763105292,253.46550000000002,3.9603984375000003,232907.90763105292,349328,348160,697560,single-thread,0.0078125,0.00390625,Intel(R) Xeon(R) 6760P,AVX512,"avx2,avx512f,avx512bw,avx512vl,avx512_vnni,avx512_bf16,amx_bf16,amx_int8,amx_tile,fma",True,True,,,,2026.1.0,CPU,256,128,sh14l07002s1404,3.11.9,2.1.2+cu121
20260427_080229,2026-04-27T12:13:30.828731,cpu,openvino,full_mlp_capacity_search_hd512_depth4,/home/liangyi/SRS_AI/Model_AIIC_refactor/experiments_refactored/20260425_135159_full_mlp_capacity_search_v2/full_mlp_capacity_search_hd512_depth4,full_mlp_capacity_search_v2,full_mlp_capacity_search_hd512_depth4,supervised_nmse_plateau,full_mlp,12,6,openvino,fp32,float32,64,2,ok,,220.277587,20,50,0.36780946,0.0431818441779459,0.295557,0.3613095,0.4329415,0.44065855,0.45189656,0.459274,174003.13738531902,174.003137385319,361.3095,5.6454609375,87001.56869265951,349328,348160,697560,sub-physical,0.015625,0.0078125,Intel(R) Xeon(R) 6760P,AVX512,"avx2,avx512f,avx512bw,avx512vl,avx512_vnni,avx512_bf16,amx_bf16,amx_int8,amx_tile,fma",True,True,,,,2026.1.0,CPU,256,128,sh14l07002s1404,3.11.9,2.1.2+cu121
20260427_080229,2026-04-27T12:13:30.828731,cpu,openvino,full_mlp_capacity_search_hd512_depth4,/home/liangyi/SRS_AI/Model_AIIC_refactor/experiments_refactored/20260425_135159_full_mlp_capacity_search_v2/full_mlp_capacity_search_hd512_depth4,full_mlp_capacity_search_v2,full_mlp_capacity_search_hd512_depth4,supervised_nmse_plateau,full_mlp,12,6,openvino,fp32,float32,64,4,ok,,224.70945,20,50,0.34501886,0.12293097916652418,0.20573,0.311668,0.5200426,0.5911162499999999,0.7412880399999999,0.757607,185497.10586835747,185.49710586835747,311.668,4.8698125,46374.27646708937,349328,348160,697560,sub-physical,0.03125,0.015625,Intel(R) Xeon(R) 6760P,AVX512,"avx2,avx512f,avx512bw,avx512vl,avx512_vnni,avx512_bf16,amx_bf16,amx_int8,amx_tile,fma",True,True,,,,2026.1.0,CPU,256,128,sh14l07002s1404,3.11.9,2.1.2+cu121
20260427_080229,2026-04-27T12:13:30.828731,cpu,openvino,full_mlp_capacity_search_hd512_depth4,/home/liangyi/SRS_AI/Model_AIIC_refactor/experiments_refactored/20260425_135159_full_mlp_capacity_search_v2/full_mlp_capacity_search_hd512_depth4,full_mlp_capacity_search_v2,full_mlp_capacity_search_hd512_depth4,supervised_nmse_plateau,full_mlp,12,6,openvino,fp32,float32,64,8,ok,,223.059043,20,50,0.3413083,0.03461224936998461,0.236914,0.338234,0.38132740000000004,0.3902083,0.40456838999999994,0.41598,187513.75222928947,187.51375222928948,338.234,5.28490625,23439.219028661184,349328,348160,697560,sub-physical,0.0625,0.03125,Intel(R) Xeon(R) 6760P,AVX512,"avx2,avx512f,avx512bw,avx512vl,avx512_vnni,avx512_bf16,amx_bf16,amx_int8,amx_tile,fma",True,True,,,,2026.1.0,CPU,256,128,sh14l07002s1404,3.11.9,2.1.2+cu121
20260427_080229,2026-04-27T12:13:30.828731,cpu,openvino,full_mlp_capacity_search_hd512_depth4,/home/liangyi/SRS_AI/Model_AIIC_refactor/experiments_refactored/20260425_135159_full_mlp_capacity_search_v2/full_mlp_capacity_search_hd512_depth4,full_mlp_capacity_search_v2,full_mlp_capacity_search_hd512_depth4,supervised_nmse_plateau,full_mlp,12,6,openvino,fp32,float32,128,1,ok,,218.335667,20,50,0.43436844,0.04200949978333948,0.371797,0.42877200000000004,0.48639330000000003,0.51247365,0.5500740499999999,0.568819,294680.70930751786,294.6807093075179,428.77200000000005,3.3497812500000004,294680.70930751786,349328,348160,697560,single-thread,0.0078125,0.00390625,Intel(R) Xeon(R) 6760P,AVX512,"avx2,avx512f,avx512bw,avx512vl,avx512_vnni,avx512_bf16,amx_bf16,amx_int8,amx_tile,fma",True,True,,,,2026.1.0,CPU,256,128,sh14l07002s1404,3.11.9,2.1.2+cu121
20260427_080229,2026-04-27T12:13:30.828731,cpu,openvino,full_mlp_capacity_search_hd512_depth4,/home/liangyi/SRS_AI/Model_AIIC_refactor/experiments_refactored/20260425_135159_full_mlp_capacity_search_v2/full_mlp_capacity_search_hd512_depth4,full_mlp_capacity_search_v2,full_mlp_capacity_search_hd512_depth4,supervised_nmse_plateau,full_mlp,12,6,openvino,fp32,float32,128,2,ok,,219.512194,20,50,0.42056024,0.052043304471011444,0.353461,0.41743600000000003,0.4684574,0.5019889,0.5950087199999997,0.65894,304355.9229469719,304.3559229469719,417.43600000000004,3.2612187500000003,152177.96147348595,349328,348160,697560,sub-physical,0.015625,0.0078125,Intel(R) Xeon(R) 6760P,AVX512,"avx2,avx512f,avx512bw,avx512vl,avx512_vnni,avx512_bf16,amx_bf16,amx_int8,amx_tile,fma",True,True,,,,2026.1.0,CPU,256,128,sh14l07002s1404,3.11.9,2.1.2+cu121
20260427_080229,2026-04-27T12:13:30.828731,cpu,openvino,full_mlp_capacity_search_hd512_depth4,/home/liangyi/SRS_AI/Model_AIIC_refactor/experiments_refactored/20260425_135159_full_mlp_capacity_search_v2/full_mlp_capacity_search_hd512_depth4,full_mlp_capacity_search_v2,full_mlp_capacity_search_hd512_depth4,supervised_nmse_plateau,full_mlp,12,6,openvino,fp32,float32,128,4,ok,,220.069851,20,50,0.52119792,0.22157371447640986,0.341659,0.43904,0.9873585000000001,1.10785905,1.1843082399999998,1.192062,245588.08676749901,245.58808676749902,439.03999999999996,3.4299999999999997,61397.021691874754,349328,348160,697560,sub-physical,0.03125,0.015625,Intel(R) Xeon(R) 6760P,AVX512,"avx2,avx512f,avx512bw,avx512vl,avx512_vnni,avx512_bf16,amx_bf16,amx_int8,amx_tile,fma",True,True,,,,2026.1.0,CPU,256,128,sh14l07002s1404,3.11.9,2.1.2+cu121
20260427_080229,2026-04-27T12:13:30.828731,cpu,openvino,full_mlp_capacity_search_hd512_depth4,/home/liangyi/SRS_AI/Model_AIIC_refactor/experiments_refactored/20260425_135159_full_mlp_capacity_search_v2/full_mlp_capacity_search_hd512_depth4,full_mlp_capacity_search_v2,full_mlp_capacity_search_hd512_depth4,supervised_nmse_plateau,full_mlp,12,6,openvino,fp32,float32,128,8,ok,,221.93812,20,50,0.33046306,0.06238129710334981,0.251112,0.3098695,0.42630490000000004,0.47637909999999994,0.50811821,0.517316,387335.27432687936,387.33527432687936,309.8695,2.42085546875,48416.90929085992,349328,348160,697560,sub-physical,0.0625,0.03125,Intel(R) Xeon(R) 6760P,AVX512,"avx2,avx512f,avx512bw,avx512vl,avx512_vnni,avx512_bf16,amx_bf16,amx_int8,amx_tile,fma",True,True,,,,2026.1.0,CPU,256,128,sh14l07002s1404,3.11.9,2.1.2+cu121
20260427_080229,2026-04-27T12:13:30.828731,cpu,openvino,full_mlp_capacity_search_hd512_depth4,/home/liangyi/SRS_AI/Model_AIIC_refactor/experiments_refactored/20260425_135159_full_mlp_capacity_search_v2/full_mlp_capacity_search_hd512_depth4,,,,,,,openvino,bf16,,1,1,skipped,OpenVINO benchmark currently supports precision profile fp32 only,0.0,,,,,,,,,,,,,,,,349328,348160,697560,single-thread,0.0078125,0.00390625,Intel(R) Xeon(R) 6760P,AVX512,"avx2,avx512f,avx512bw,avx512vl,avx512_vnni,avx512_bf16,amx_bf16,amx_int8,amx_tile,fma",True,True,,,,2026.1.0,,256,128,sh14l07002s1404,3.11.9,2.1.2+cu121
20260427_080229,2026-04-27T12:13:30.828731,cpu,openvino,full_mlp_capacity_search_hd512_depth4,/home/liangyi/SRS_AI/Model_AIIC_refactor/experiments_refactored/20260425_135159_full_mlp_capacity_search_v2/full_mlp_capacity_search_hd512_depth4,,,,,,,openvino,bf16,,1,2,skipped,OpenVINO benchmark currently supports precision profile fp32 only,0.0,,,,,,,,,,,,,,,,349328,348160,697560,sub-physical,0.015625,0.0078125,Intel(R) Xeon(R) 6760P,AVX512,"avx2,avx512f,avx512bw,avx512vl,avx512_vnni,avx512_bf16,amx_bf16,amx_int8,amx_tile,fma",True,True,,,,2026.1.0,,256,128,sh14l07002s1404,3.11.9,2.1.2+cu121
20260427_080229,2026-04-27T12:13:30.828731,cpu,openvino,full_mlp_capacity_search_hd512_depth4,/home/liangyi/SRS_AI/Model_AIIC_refactor/experiments_refactored/20260425_135159_full_mlp_capacity_search_v2/full_mlp_capacity_search_hd512_depth4,,,,,,,openvino,bf16,,1,4,skipped,OpenVINO benchmark currently supports precision profile fp32 only,0.0,,,,,,,,,,,,,,,,349328,348160,697560,sub-physical,0.03125,0.015625,Intel(R) Xeon(R) 6760P,AVX512,"avx2,avx512f,avx512bw,avx512vl,avx512_vnni,avx512_bf16,amx_bf16,amx_int8,amx_tile,fma",True,True,,,,2026.1.0,,256,128,sh14l07002s1404,3.11.9,2.1.2+cu121
20260427_080229,2026-04-27T12:13:30.828731,cpu,openvino,full_mlp_capacity_search_hd512_depth4,/home/liangyi/SRS_AI/Model_AIIC_refactor/experiments_refactored/20260425_135159_full_mlp_capacity_search_v2/full_mlp_capacity_search_hd512_depth4,,,,,,,openvino,bf16,,1,8,skipped,OpenVINO benchmark currently supports precision profile fp32 only,0.0,,,,,,,,,,,,,,,,349328,348160,697560,sub-physical,0.0625,0.03125,Intel(R) Xeon(R) 6760P,AVX512,"avx2,avx512f,avx512bw,avx512vl,avx512_vnni,avx512_bf16,amx_bf16,amx_int8,amx_tile,fma",True,True,,,,2026.1.0,,256,128,sh14l07002s1404,3.11.9,2.1.2+cu121
20260427_080229,2026-04-27T12:13:30.828731,cpu,openvino,full_mlp_capacity_search_hd512_depth4,/home/liangyi/SRS_AI/Model_AIIC_refactor/experiments_refactored/20260425_135159_full_mlp_capacity_search_v2/full_mlp_capacity_search_hd512_depth4,,,,,,,openvino,bf16,,2,1,skipped,OpenVINO benchmark currently supports precision profile fp32 only,0.0,,,,,,,,,,,,,,,,349328,348160,697560,single-thread,0.0078125,0.00390625,Intel(R) Xeon(R) 6760P,AVX512,"avx2,avx512f,avx512bw,avx512vl,avx512_vnni,avx512_bf16,amx_bf16,amx_int8,amx_tile,fma",True,True,,,,2026.1.0,,256,128,sh14l07002s1404,3.11.9,2.1.2+cu121
20260427_080229,2026-04-27T12:13:30.828731,cpu,openvino,full_mlp_capacity_search_hd512_depth4,/home/liangyi/SRS_AI/Model_AIIC_refactor/experiments_refactored/20260425_135159_full_mlp_capacity_search_v2/full_mlp_capacity_search_hd512_depth4,,,,,,,openvino,bf16,,2,2,skipped,OpenVINO benchmark currently supports precision profile fp32 only,0.0,,,,,,,,,,,,,,,,349328,348160,697560,sub-physical,0.015625,0.0078125,Intel(R) Xeon(R) 6760P,AVX512,"avx2,avx512f,avx512bw,avx512vl,avx512_vnni,avx512_bf16,amx_bf16,amx_int8,amx_tile,fma",True,True,,,,2026.1.0,,256,128,sh14l07002s1404,3.11.9,2.1.2+cu121
20260427_080229,2026-04-27T12:13:30.828731,cpu,openvino,full_mlp_capacity_search_hd512_depth4,/home/liangyi/SRS_AI/Model_AIIC_refactor/experiments_refactored/20260425_135159_full_mlp_capacity_search_v2/full_mlp_capacity_search_hd512_depth4,,,,,,,openvino,bf16,,2,4,skipped,OpenVINO benchmark currently supports precision profile fp32 only,0.0,,,,,,,,,,,,,,,,349328,348160,697560,sub-physical,0.03125,0.015625,Intel(R) Xeon(R) 6760P,AVX512,"avx2,avx512f,avx512bw,avx512vl,avx512_vnni,avx512_bf16,amx_bf16,amx_int8,amx_tile,fma",True,True,,,,2026.1.0,,256,128,sh14l07002s1404,3.11.9,2.1.2+cu121
20260427_080229,2026-04-27T12:13:30.828731,cpu,openvino,full_mlp_capacity_search_hd512_depth4,/home/liangyi/SRS_AI/Model_AIIC_refactor/experiments_refactored/20260425_135159_full_mlp_capacity_search_v2/full_mlp_capacity_search_hd512_depth4,,,,,,,openvino,bf16,,2,8,skipped,OpenVINO benchmark currently supports precision profile fp32 only,0.0,,,,,,,,,,,,,,,,349328,348160,697560,sub-physical,0.0625,0.03125,Intel(R) Xeon(R) 6760P,AVX512,"avx2,avx512f,avx512bw,avx512vl,avx512_vnni,avx512_bf16,amx_bf16,amx_int8,amx_tile,fma",True,True,,,,2026.1.0,,256,128,sh14l07002s1404,3.11.9,2.1.2+cu121
20260427_080229,2026-04-27T12:13:30.828731,cpu,openvino,full_mlp_capacity_search_hd512_depth4,/home/liangyi/SRS_AI/Model_AIIC_refactor/experiments_refactored/20260425_135159_full_mlp_capacity_search_v2/full_mlp_capacity_search_hd512_depth4,,,,,,,openvino,bf16,,4,1,skipped,OpenVINO benchmark currently supports precision profile fp32 only,0.0,,,,,,,,,,,,,,,,349328,348160,697560,single-thread,0.0078125,0.00390625,Intel(R) Xeon(R) 6760P,AVX512,"avx2,avx512f,avx512bw,avx512vl,avx512_vnni,avx512_bf16,amx_bf16,amx_int8,amx_tile,fma",True,True,,,,2026.1.0,,256,128,sh14l07002s1404,3.11.9,2.1.2+cu121
20260427_080229,2026-04-27T12:13:30.828731,cpu,openvino,full_mlp_capacity_search_hd512_depth4,/home/liangyi/SRS_AI/Model_AIIC_refactor/experiments_refactored/20260425_135159_full_mlp_capacity_search_v2/full_mlp_capacity_search_hd512_depth4,,,,,,,openvino,bf16,,4,2,skipped,OpenVINO benchmark currently supports precision profile fp32 only,0.0,,,,,,,,,,,,,,,,349328,348160,697560,sub-physical,0.015625,0.0078125,Intel(R) Xeon(R) 6760P,AVX512,"avx2,avx512f,avx512bw,avx512vl,avx512_vnni,avx512_bf16,amx_bf16,amx_int8,amx_tile,fma",True,True,,,,2026.1.0,,256,128,sh14l07002s1404,3.11.9,2.1.2+cu121
20260427_080229,2026-04-27T12:13:30.828731,cpu,openvino,full_mlp_capacity_search_hd512_depth4,/home/liangyi/SRS_AI/Model_AIIC_refactor/experiments_refactored/20260425_135159_full_mlp_capacity_search_v2/full_mlp_capacity_search_hd512_depth4,,,,,,,openvino,bf16,,4,4,skipped,OpenVINO benchmark currently supports precision profile fp32 only,0.0,,,,,,,,,,,,,,,,349328,348160,697560,sub-physical,0.03125,0.015625,Intel(R) Xeon(R) 6760P,AVX512,"avx2,avx512f,avx512bw,avx512vl,avx512_vnni,avx512_bf16,amx_bf16,amx_int8,amx_tile,fma",True,True,,,,2026.1.0,,256,128,sh14l07002s1404,3.11.9,2.1.2+cu121
20260427_080229,2026-04-27T12:13:30.828731,cpu,openvino,full_mlp_capacity_search_hd512_depth4,/home/liangyi/SRS_AI/Model_AIIC_refactor/experiments_refactored/20260425_135159_full_mlp_capacity_search_v2/full_mlp_capacity_search_hd512_depth4,,,,,,,openvino,bf16,,4,8,skipped,OpenVINO benchmark currently supports precision profile fp32 only,0.0,,,,,,,,,,,,,,,,349328,348160,697560,sub-physical,0.0625,0.03125,Intel(R) Xeon(R) 6760P,AVX512,"avx2,avx512f,avx512bw,avx512vl,avx512_vnni,avx512_bf16,amx_bf16,amx_int8,amx_tile,fma",True,True,,,,2026.1.0,,256,128,sh14l07002s1404,3.11.9,2.1.2+cu121
20260427_080229,2026-04-27T12:13:30.828731,cpu,openvino,full_mlp_capacity_search_hd512_depth4,/home/liangyi/SRS_AI/Model_AIIC_refactor/experiments_refactored/20260425_135159_full_mlp_capacity_search_v2/full_mlp_capacity_search_hd512_depth4,,,,,,,openvino,bf16,,8,1,skipped,OpenVINO benchmark currently supports precision profile fp32 only,0.0,,,,,,,,,,,,,,,,349328,348160,697560,single-thread,0.0078125,0.00390625,Intel(R) Xeon(R) 6760P,AVX512,"avx2,avx512f,avx512bw,avx512vl,avx512_vnni,avx512_bf16,amx_bf16,amx_int8,amx_tile,fma",True,True,,,,2026.1.0,,256,128,sh14l07002s1404,3.11.9,2.1.2+cu121
20260427_080229,2026-04-27T12:13:30.828731,cpu,openvino,full_mlp_capacity_search_hd512_depth4,/home/liangyi/SRS_AI/Model_AIIC_refactor/experiments_refactored/20260425_135159_full_mlp_capacity_search_v2/full_mlp_capacity_search_hd512_depth4,,,,,,,openvino,bf16,,8,2,skipped,OpenVINO benchmark currently supports precision profile fp32 only,0.0,,,,,,,,,,,,,,,,349328,348160,697560,sub-physical,0.015625,0.0078125,Intel(R) Xeon(R) 6760P,AVX512,"avx2,avx512f,avx512bw,avx512vl,avx512_vnni,avx512_bf16,amx_bf16,amx_int8,amx_tile,fma",True,True,,,,2026.1.0,,256,128,sh14l07002s1404,3.11.9,2.1.2+cu121
20260427_080229,2026-04-27T12:13:30.828731,cpu,openvino,full_mlp_capacity_search_hd512_depth4,/home/liangyi/SRS_AI/Model_AIIC_refactor/experiments_refactored/20260425_135159_full_mlp_capacity_search_v2/full_mlp_capacity_search_hd512_depth4,,,,,,,openvino,bf16,,8,4,skipped,OpenVINO benchmark currently supports precision profile fp32 only,0.0,,,,,,,,,,,,,,,,349328,348160,697560,sub-physical,0.03125,0.015625,Intel(R) Xeon(R) 6760P,AVX512,"avx2,avx512f,avx512bw,avx512vl,avx512_vnni,avx512_bf16,amx_bf16,amx_int8,amx_tile,fma",True,True,,,,2026.1.0,,256,128,sh14l07002s1404,3.11.9,2.1.2+cu121
20260427_080229,2026-04-27T12:13:30.828731,cpu,openvino,full_mlp_capacity_search_hd512_depth4,/home/liangyi/SRS_AI/Model_AIIC_refactor/experiments_refactored/20260425_135159_full_mlp_capacity_search_v2/full_mlp_capacity_search_hd512_depth4,,,,,,,openvino,bf16,,8,8,skipped,OpenVINO benchmark currently supports precision profile fp32 only,0.0,,,,,,,,,,,,,,,,349328,348160,697560,sub-physical,0.0625,0.03125,Intel(R) Xeon(R) 6760P,AVX512,"avx2,avx512f,avx512bw,avx512vl,avx512_vnni,avx512_bf16,amx_bf16,amx_int8,amx_tile,fma",True,True,,,,2026.1.0,,256,128,sh14l07002s1404,3.11.9,2.1.2+cu121
20260427_080229,2026-04-27T12:13:30.828731,cpu,openvino,full_mlp_capacity_search_hd512_depth4,/home/liangyi/SRS_AI/Model_AIIC_refactor/experiments_refactored/20260425_135159_full_mlp_capacity_search_v2/full_mlp_capacity_search_hd512_depth4,,,,,,,openvino,bf16,,16,1,skipped,OpenVINO benchmark currently supports precision profile fp32 only,0.0,,,,,,,,,,,,,,,,349328,348160,697560,single-thread,0.0078125,0.00390625,Intel(R) Xeon(R) 6760P,AVX512,"avx2,avx512f,avx512bw,avx512vl,avx512_vnni,avx512_bf16,amx_bf16,amx_int8,amx_tile,fma",True,True,,,,2026.1.0,,256,128,sh14l07002s1404,3.11.9,2.1.2+cu121
20260427_080229,2026-04-27T12:13:30.828731,cpu,openvino,full_mlp_capacity_search_hd512_depth4,/home/liangyi/SRS_AI/Model_AIIC_refactor/experiments_refactored/20260425_135159_full_mlp_capacity_search_v2/full_mlp_capacity_search_hd512_depth4,,,,,,,openvino,bf16,,16,2,skipped,OpenVINO benchmark currently supports precision profile fp32 only,0.0,,,,,,,,,,,,,,,,349328,348160,697560,sub-physical,0.015625,0.0078125,Intel(R) Xeon(R) 6760P,AVX512,"avx2,avx512f,avx512bw,avx512vl,avx512_vnni,avx512_bf16,amx_bf16,amx_int8,amx_tile,fma",True,True,,,,2026.1.0,,256,128,sh14l07002s1404,3.11.9,2.1.2+cu121
20260427_080229,2026-04-27T12:13:30.828731,cpu,openvino,full_mlp_capacity_search_hd512_depth4,/home/liangyi/SRS_AI/Model_AIIC_refactor/experiments_refactored/20260425_135159_full_mlp_capacity_search_v2/full_mlp_capacity_search_hd512_depth4,,,,,,,openvino,bf16,,16,4,skipped,OpenVINO benchmark currently supports precision profile fp32 only,0.0,,,,,,,,,,,,,,,,349328,348160,697560,sub-physical,0.03125,0.015625,Intel(R) Xeon(R) 6760P,AVX512,"avx2,avx512f,avx512bw,avx512vl,avx512_vnni,avx512_bf16,amx_bf16,amx_int8,amx_tile,fma",True,True,,,,2026.1.0,,256,128,sh14l07002s1404,3.11.9,2.1.2+cu121
20260427_080229,2026-04-27T12:13:30.828731,cpu,openvino,full_mlp_capacity_search_hd512_depth4,/home/liangyi/SRS_AI/Model_AIIC_refactor/experiments_refactored/20260425_135159_full_mlp_capacity_search_v2/full_mlp_capacity_search_hd512_depth4,,,,,,,openvino,bf16,,16,8,skipped,OpenVINO benchmark currently supports precision profile fp32 only,0.0,,,,,,,,,,,,,,,,349328,348160,697560,sub-physical,0.0625,0.03125,Intel(R) Xeon(R) 6760P,AVX512,"avx2,avx512f,avx512bw,avx512vl,avx512_vnni,avx512_bf16,amx_bf16,amx_int8,amx_tile,fma",True,True,,,,2026.1.0,,256,128,sh14l07002s1404,3.11.9,2.1.2+cu121
20260427_080229,2026-04-27T12:13:30.828731,cpu,openvino,full_mlp_capacity_search_hd512_depth4,/home/liangyi/SRS_AI/Model_AIIC_refactor/experiments_refactored/20260425_135159_full_mlp_capacity_search_v2/full_mlp_capacity_search_hd512_depth4,,,,,,,openvino,bf16,,32,1,skipped,OpenVINO benchmark currently supports precision profile fp32 only,0.0,,,,,,,,,,,,,,,,349328,348160,697560,single-thread,0.0078125,0.00390625,Intel(R) Xeon(R) 6760P,AVX512,"avx2,avx512f,avx512bw,avx512vl,avx512_vnni,avx512_bf16,amx_bf16,amx_int8,amx_tile,fma",True,True,,,,2026.1.0,,256,128,sh14l07002s1404,3.11.9,2.1.2+cu121
20260427_080229,2026-04-27T12:13:30.828731,cpu,openvino,full_mlp_capacity_search_hd512_depth4,/home/liangyi/SRS_AI/Model_AIIC_refactor/experiments_refactored/20260425_135159_full_mlp_capacity_search_v2/full_mlp_capacity_search_hd512_depth4,,,,,,,openvino,bf16,,32,2,skipped,OpenVINO benchmark currently supports precision profile fp32 only,0.0,,,,,,,,,,,,,,,,349328,348160,697560,sub-physical,0.015625,0.0078125,Intel(R) Xeon(R) 6760P,AVX512,"avx2,avx512f,avx512bw,avx512vl,avx512_vnni,avx512_bf16,amx_bf16,amx_int8,amx_tile,fma",True,True,,,,2026.1.0,,256,128,sh14l07002s1404,3.11.9,2.1.2+cu121
20260427_080229,2026-04-27T12:13:30.828731,cpu,openvino,full_mlp_capacity_search_hd512_depth4,/home/liangyi/SRS_AI/Model_AIIC_refactor/experiments_refactored/20260425_135159_full_mlp_capacity_search_v2/full_mlp_capacity_search_hd512_depth4,,,,,,,openvino,bf16,,32,4,skipped,OpenVINO benchmark currently supports precision profile fp32 only,0.0,,,,,,,,,,,,,,,,349328,348160,697560,sub-physical,0.03125,0.015625,Intel(R) Xeon(R) 6760P,AVX512,"avx2,avx512f,avx512bw,avx512vl,avx512_vnni,avx512_bf16,amx_bf16,amx_int8,amx_tile,fma",True,True,,,,2026.1.0,,256,128,sh14l07002s1404,3.11.9,2.1.2+cu121
20260427_080229,2026-04-27T12:13:30.828731,cpu,openvino,full_mlp_capacity_search_hd512_depth4,/home/liangyi/SRS_AI/Model_AIIC_refactor/experiments_refactored/20260425_135159_full_mlp_capacity_search_v2/full_mlp_capacity_search_hd512_depth4,,,,,,,openvino,bf16,,32,8,skipped,OpenVINO benchmark currently supports precision profile fp32 only,0.0,,,,,,,,,,,,,,,,349328,348160,697560,sub-physical,0.0625,0.03125,Intel(R) Xeon(R) 6760P,AVX512,"avx2,avx512f,avx512bw,avx512vl,avx512_vnni,avx512_bf16,amx_bf16,amx_int8,amx_tile,fma",True,True,,,,2026.1.0,,256,128,sh14l07002s1404,3.11.9,2.1.2+cu121
20260427_080229,2026-04-27T12:13:30.828731,cpu,openvino,full_mlp_capacity_search_hd512_depth4,/home/liangyi/SRS_AI/Model_AIIC_refactor/experiments_refactored/20260425_135159_full_mlp_capacity_search_v2/full_mlp_capacity_search_hd512_depth4,,,,,,,openvino,bf16,,64,1,skipped,OpenVINO benchmark currently supports precision profile fp32 only,0.0,,,,,,,,,,,,,,,,349328,348160,697560,single-thread,0.0078125,0.00390625,Intel(R) Xeon(R) 6760P,AVX512,"avx2,avx512f,avx512bw,avx512vl,avx512_vnni,avx512_bf16,amx_bf16,amx_int8,amx_tile,fma",True,True,,,,2026.1.0,,256,128,sh14l07002s1404,3.11.9,2.1.2+cu121
20260427_080229,2026-04-27T12:13:30.828731,cpu,openvino,full_mlp_capacity_search_hd512_depth4,/home/liangyi/SRS_AI/Model_AIIC_refactor/experiments_refactored/20260425_135159_full_mlp_capacity_search_v2/full_mlp_capacity_search_hd512_depth4,,,,,,,openvino,bf16,,64,2,skipped,OpenVINO benchmark currently supports precision profile fp32 only,0.0,,,,,,,,,,,,,,,,349328,348160,697560,sub-physical,0.015625,0.0078125,Intel(R) Xeon(R) 6760P,AVX512,"avx2,avx512f,avx512bw,avx512vl,avx512_vnni,avx512_bf16,amx_bf16,amx_int8,amx_tile,fma",True,True,,,,2026.1.0,,256,128,sh14l07002s1404,3.11.9,2.1.2+cu121
20260427_080229,2026-04-27T12:13:30.828731,cpu,openvino,full_mlp_capacity_search_hd512_depth4,/home/liangyi/SRS_AI/Model_AIIC_refactor/experiments_refactored/20260425_135159_full_mlp_capacity_search_v2/full_mlp_capacity_search_hd512_depth4,,,,,,,openvino,bf16,,64,4,skipped,OpenVINO benchmark currently supports precision profile fp32 only,0.0,,,,,,,,,,,,,,,,349328,348160,697560,sub-physical,0.03125,0.015625,Intel(R) Xeon(R) 6760P,AVX512,"avx2,avx512f,avx512bw,avx512vl,avx512_vnni,avx512_bf16,amx_bf16,amx_int8,amx_tile,fma",True,True,,,,2026.1.0,,256,128,sh14l07002s1404,3.11.9,2.1.2+cu121
20260427_080229,2026-04-27T12:13:30.828731,cpu,openvino,full_mlp_capacity_search_hd512_depth4,/home/liangyi/SRS_AI/Model_AIIC_refactor/experiments_refactored/20260425_135159_full_mlp_capacity_search_v2/full_mlp_capacity_search_hd512_depth4,,,,,,,openvino,bf16,,64,8,skipped,OpenVINO benchmark currently supports precision profile fp32 only,0.0,,,,,,,,,,,,,,,,349328,348160,697560,sub-physical,0.0625,0.03125,Intel(R) Xeon(R) 6760P,AVX512,"avx2,avx512f,avx512bw,avx512vl,avx512_vnni,avx512_bf16,amx_bf16,amx_int8,amx_tile,fma",True,True,,,,2026.1.0,,256,128,sh14l07002s1404,3.11.9,2.1.2+cu121
20260427_080229,2026-04-27T12:13:30.828731,cpu,openvino,full_mlp_capacity_search_hd512_depth4,/home/liangyi/SRS_AI/Model_AIIC_refactor/experiments_refactored/20260425_135159_full_mlp_capacity_search_v2/full_mlp_capacity_search_hd512_depth4,,,,,,,openvino,bf16,,128,1,skipped,OpenVINO benchmark currently supports precision profile fp32 only,0.0,,,,,,,,,,,,,,,,349328,348160,697560,single-thread,0.0078125,0.00390625,Intel(R) Xeon(R) 6760P,AVX512,"avx2,avx512f,avx512bw,avx512vl,avx512_vnni,avx512_bf16,amx_bf16,amx_int8,amx_tile,fma",True,True,,,,2026.1.0,,256,128,sh14l07002s1404,3.11.9,2.1.2+cu121
20260427_080229,2026-04-27T12:13:30.828731,cpu,openvino,full_mlp_capacity_search_hd512_depth4,/home/liangyi/SRS_AI/Model_AIIC_refactor/experiments_refactored/20260425_135159_full_mlp_capacity_search_v2/full_mlp_capacity_search_hd512_depth4,,,,,,,openvino,bf16,,128,2,skipped,OpenVINO benchmark currently supports precision profile fp32 only,0.0,,,,,,,,,,,,,,,,349328,348160,697560,sub-physical,0.015625,0.0078125,Intel(R) Xeon(R) 6760P,AVX512,"avx2,avx512f,avx512bw,avx512vl,avx512_vnni,avx512_bf16,amx_bf16,amx_int8,amx_tile,fma",True,True,,,,2026.1.0,,256,128,sh14l07002s1404,3.11.9,2.1.2+cu121
20260427_080229,2026-04-27T12:13:30.828731,cpu,openvino,full_mlp_capacity_search_hd512_depth4,/home/liangyi/SRS_AI/Model_AIIC_refactor/experiments_refactored/20260425_135159_full_mlp_capacity_search_v2/full_mlp_capacity_search_hd512_depth4,,,,,,,openvino,bf16,,128,4,skipped,OpenVINO benchmark currently supports precision profile fp32 only,0.0,,,,,,,,,,,,,,,,349328,348160,697560,sub-physical,0.03125,0.015625,Intel(R) Xeon(R) 6760P,AVX512,"avx2,avx512f,avx512bw,avx512vl,avx512_vnni,avx512_bf16,amx_bf16,amx_int8,amx_tile,fma",True,True,,,,2026.1.0,,256,128,sh14l07002s1404,3.11.9,2.1.2+cu121
20260427_080229,2026-04-27T12:13:30.828731,cpu,openvino,full_mlp_capacity_search_hd512_depth4,/home/liangyi/SRS_AI/Model_AIIC_refactor/experiments_refactored/20260425_135159_full_mlp_capacity_search_v2/full_mlp_capacity_search_hd512_depth4,,,,,,,openvino,bf16,,128,8,skipped,OpenVINO benchmark currently supports precision profile fp32 only,0.0,,,,,,,,,,,,,,,,349328,348160,697560,sub-physical,0.0625,0.03125,Intel(R) Xeon(R) 6760P,AVX512,"avx2,avx512f,avx512bw,avx512vl,avx512_vnni,avx512_bf16,amx_bf16,amx_int8,amx_tile,fma",True,True,,,,2026.1.0,,256,128,sh14l07002s1404,3.11.9,2.1.2+cu121
